[HANDS_ATTACH] mesh='hands_naked.mesh' owner='hands_naked.mesh' frame=3 nb=38 wext=81.0 rebound=0
  TIER1 rest-coherence: worst=3.1deg bone[2]='bone_R-pinky03.mesh' count(>5deg)=0 freshRecap=38  xcheck(invOff-vs-restW) worst=3.1deg bone[2]
  TIER2 joint-attach(PRIMARY): worst=2.44u bone[18]='bone_R-pinky02.mesh' parent[14] R=46.7 exactJoint=0.01u pairs=30  (palette-wide exactWorst=0.34u)
[HANDS_ATTACH] mesh='hands_naked.mesh' owner='hands_naked.mesh' frame=3 nb=40 wext=56.1 rebound=0
  TIER1 rest-coherence: worst=3.1deg bone[2]='bone_R-foreTwist2.mesh' count(>5deg)=0 freshRecap=40  xcheck(invOff-vs-restW) worst=3.1deg bone[2]
  TIER2 joint-attach(PRIMARY): worst=0.59u bone[2]='bone_R-foreTwist2.mesh' parent[3] R=46.9 exactJoint=0.01u pairs=36  (palette-wide exactWorst=0.03u)
[HANDS_ATTACH] mesh='hands_naked.mesh' owner='hands_naked.mesh' frame=3 nb=38 wext=80.3 rebound=0
  TIER1 rest-coherence: worst=3.1deg bone[2]='bone_R-pinky03.mesh' count(>5deg)=0 freshRecap=38  xcheck(invOff-vs-restW) worst=3.1deg bone[2]
  TIER2 joint-attach(PRIMARY): worst=2.44u bone[18]='bone_R-pinky02.mesh' parent[14] R=46.7 exactJoint=0.01u pairs=30  (palette-wide exactWorst=0.01u)
[HANDS_ATTACH] mesh='hands_naked.mesh' owner='hands_naked.mesh' frame=23 nb=38 wext=81.0 rebound=0
  TIER1 rest-coherence: worst=3.1deg bone[2]='bone_R-pinky03.mesh' count(>5deg)=0 freshRecap=0  xcheck(invOff-vs-restW) worst=3.1deg bone[2]
  TIER2 joint-attach(PRIMARY): worst=2.44u bone[18]='bone_R-pinky02.mesh' parent[14] R=46.7 exactJoint=0.01u pairs=30  (palette-wide exactWorst=0.34u)
[HANDS_ATTACH] mesh='hands_naked.mesh' owner='hands_naked.mesh' frame=23 nb=40 wext=56.1 rebound=0
  TIER1 rest-coherence: worst=3.1deg bone[2]='bone_R-foreTwist2.mesh' count(>5deg)=0 freshRecap=0  xcheck(invOff-vs-restW) worst=3.1deg bone[2]
  TIER2 joint-attach(PRIMARY): worst=0.59u bone[2]='bone_R-foreTwist2.mesh' parent[3] R=46.9 exactJoint=0.01u pairs=36  (palette-wide exactWorst=0.03u)
[HANDS_ATTACH] mesh='hands_naked.mesh' owner='hands_naked.mesh' frame=23 nb=38 wext=80.3 rebound=0
  TIER1 rest-coherence: worst=3.1deg bone[2]='bone_R-pinky03.mesh' count(>5deg)=0 freshRecap=0  xcheck(invOff-vs-restW) worst=3.1deg bone[2]
  TIER2 joint-attach(PRIMARY): worst=2.44u bone[18]='bone_R-pinky02.mesh' parent[14] R=46.7 exactJoint=0.01u pairs=30  (palette-wide exactWorst=0.01u)
[HANDS_ATTACH] mesh='hands_naked.mesh' owner='hands_naked.mesh' frame=43 nb=38 wext=81.0 rebound=0
  TIER1 rest-coherence: worst=3.1deg bone[2]='bone_R-pinky03.mesh' count(>5deg)=0 freshRecap=0  xcheck(invOff-vs-restW) worst=3.1deg bone[2]
  TIER2 joint-attach(PRIMARY): worst=2.44u bone[18]='bone_R-pinky02.mesh' parent[14] R=46.7 exactJoint=0.01u pairs=30  (palette-wide exactWorst=0.34u)
[HANDS_ATTACH] mesh='hands_naked.mesh' owner='hands_naked.mesh' frame=43 nb=40 wext=56.1 rebound=0
  TIER1 rest-coherence: worst=3.1deg bone[2]='bone_R-foreTwist2.mesh' count(>5deg)=0 freshRecap=0  xcheck(invOff-vs-restW) worst=3.1deg bone[2]
  TIER2 joint-attach(PRIMARY): worst=0.59u bone[2]='bone_R-foreTwist2.mesh' parent[3] R=46.9 exactJoint=0.01u pairs=36  (palette-wide exactWorst=0.03u)
[HANDS_ATTACH] mesh='hands_naked.mesh' owner='hands_naked.mesh' frame=43 nb=38 wext=80.3 rebound=0
  TIER1 rest-coherence: worst=3.1deg bone[2]='bone_R-pinky03.mesh' count(>5deg)=0 freshRecap=0  xcheck(invOff-vs-restW) worst=3.1deg bone[2]
  TIER2 joint-attach(PRIMARY): worst=2.44u bone[18]='bone_R-pinky02.mesh' parent[14] R=46.7 exactJoint=0.01u pairs=30  (palette-wide exactWorst=0.01u)
[HANDS_ATTACH] mesh='hands_naked.mesh' owner='hands_naked.mesh' frame=63 nb=38 wext=81.0 rebound=0
  TIER1 rest-coherence: worst=3.1deg bone[2]='bone_R-pinky03.mesh' count(>5deg)=0 freshRecap=0  xcheck(invOff-vs-restW) worst=3.1deg bone[2]
  TIER2 joint-attach(PRIMARY): worst=2.44u bone[18]='bone_R-pinky02.mesh' parent[14] R=46.7 exactJoint=0.01u pairs=30  (palette-wide exactWorst=0.34u)
[HANDS_ATTACH] mesh='hands_naked.mesh' owner='hands_naked.mesh' frame=63 nb=40 wext=56.1 rebound=0
  TIER1 rest-coherence: worst=3.1deg bone[2]='bone_R-foreTwist2.mesh' count(>5deg)=0 freshRecap=0  xcheck(invOff-vs-restW) worst=3.1deg bone[2]
  TIER2 joint-attach(PRIMARY): worst=0.59u bone[2]='bone_R-foreTwist2.mesh' parent[3] R=46.9 exactJoint=0.01u pairs=36  (palette-wide exactWorst=0.03u)
[HANDS_ATTACH] mesh='hands_naked.mesh' owner='hands_naked.mesh' frame=63 nb=38 wext=80.3 rebound=0
  TIER1 rest-coherence: worst=3.1deg bone[2]='bone_R-pinky03.mesh' count(>5deg)=0 freshRecap=0  xcheck(invOff-vs-restW) worst=3.1deg bone[2]
  TIER2 joint-attach(PRIMARY): worst=2.44u bone[18]='bone_R-pinky02.mesh' parent[14] R=46.7 exactJoint=0.01u pairs=30  (palette-wide exactWorst=0.01u)
[HANDS_ATTACH] mesh='hands_naked.mesh' owner='hands_naked.mesh' frame=74 nb=38 wext=80.3 rebound=0
  TIER1 rest-coherence: worst=171.9deg bone[13]='bone_R-hand.mesh' count(>5deg)=8 freshRecap=0  xcheck(invOff-vs-restW) worst=171.9deg bone[13]
  TIER2 joint-attach(PRIMARY): worst=3.10u bone[8]='bone_R-index01.mesh' parent[13] R=48.0 exactJoint=2.87u pairs=30  (palette-wide exactWorst=2.89u)
[HANDS_ATTACH] mesh='hands_naked.mesh' owner='hands_naked.mesh' frame=74 nb=40 wext=64.9 rebound=0
  TIER1 rest-coherence: worst=169.2deg bone[8]='bone_L-foreTwist1.mesh' count(>5deg)=6 freshRecap=0  xcheck(invOff-vs-restW) worst=169.2deg bone[26]
  TIER2 joint-attach(PRIMARY): worst=13.91u bone[37]='bone_L-ringfinger-base.mesh' parent[20] R=43.7 exactJoint=10.59u pairs=36  (palette-wide exactWorst=10.64u)
[HANDS_ATTACH] mesh='hands_naked.mesh' owner='hands_naked.mesh' frame=74 nb=38 wext=80.3 rebound=0
  TIER1 rest-coherence: worst=177.4deg bone[13]='bone_R-hand.mesh' count(>5deg)=8 freshRecap=0  xcheck(invOff-vs-restW) worst=177.4deg bone[13]
  TIER2 joint-attach(PRIMARY): worst=9.39u bone[9]='bone_R-thumb01.mesh' parent[13] R=48.5 exactJoint=6.44u pairs=30  (palette-wide exactWorst=6.51u)
[HANDS_ATTACH] mesh='hands_naked.mesh' owner='hands_naked.mesh' frame=84 nb=38 wext=80.3 rebound=0
  TIER1 rest-coherence: worst=171.9deg bone[13]='bone_R-hand.mesh' count(>5deg)=8 freshRecap=0  xcheck(invOff-vs-restW) worst=171.9deg bone[13]
  TIER2 joint-attach(PRIMARY): worst=9.52u bone[9]='bone_R-thumb01.mesh' parent[13] R=48.5 exactJoint=6.24u pairs=30  (palette-wide exactWorst=6.30u)
[HANDS_ATTACH] mesh='hands_naked.mesh' owner='hands_naked.mesh' frame=84 nb=40 wext=66.2 rebound=0
  TIER1 rest-coherence: worst=169.2deg bone[8]='bone_L-foreTwist1.mesh' count(>5deg)=6 freshRecap=0  xcheck(invOff-vs-restW) worst=169.2deg bone[26]
  TIER2 joint-attach(PRIMARY): worst=12.56u bone[37]='bone_L-ringfinger-base.mesh' parent[20] R=43.7 exactJoint=9.49u pairs=36  (palette-wide exactWorst=9.54u)
[HANDS_ATTACH] mesh='hands_naked.mesh' owner='hands_naked.mesh' frame=84 nb=38 wext=81.8 rebound=0
  TIER1 rest-coherence: worst=178.0deg bone[13]='bone_R-hand.mesh' count(>5deg)=8 freshRecap=0  xcheck(invOff-vs-restW) worst=177.9deg bone[13]
  TIER2 joint-attach(PRIMARY): worst=10.18u bone[30]='bone_L-index01.mesh' parent[29] R=48.0 exactJoint=7.34u pairs=30  (palette-wide exactWorst=7.38u)
[HANDS_ATTACH] mesh='hands_naked.mesh' owner='hands_naked.mesh' frame=94 nb=38 wext=80.9 rebound=0
  TIER1 rest-coherence: worst=169.0deg bone[13]='bone_R-hand.mesh' count(>5deg)=8 freshRecap=0  xcheck(invOff-vs-restW) worst=169.0deg bone[13]
  TIER2 joint-attach(PRIMARY): worst=11.60u bone[30]='bone_L-index01.mesh' parent[29] R=48.0 exactJoint=5.26u pairs=30  (palette-wide exactWorst=5.37u)
[HANDS_ATTACH] mesh='hands_naked.mesh' owner='hands_naked.mesh' frame=94 nb=40 wext=60.6 rebound=0
  TIER1 rest-coherence: worst=170.7deg bone[3]='bone_R-foreTwist1.mesh' count(>5deg)=6 freshRecap=0  xcheck(invOff-vs-restW) worst=170.7deg bone[2]
  TIER2 joint-attach(PRIMARY): worst=8.76u bone[37]='bone_L-ringfinger-base.mesh' parent[20] R=43.7 exactJoint=6.51u pairs=36  (palette-wide exactWorst=6.54u)
[HANDS_ATTACH] mesh='hands_naked.mesh' owner='hands_naked.mesh' frame=94 nb=38 wext=80.5 rebound=0
  TIER1 rest-coherence: worst=178.0deg bone[13]='bone_R-hand.mesh' count(>5deg)=8 freshRecap=0  xcheck(invOff-vs-restW) worst=177.9deg bone[13]
  TIER2 joint-attach(PRIMARY): worst=4.07u bone[29]='bone_L-hand.mesh' parent[22] R=144.1 exactJoint=0.91u pairs=30  (palette-wide exactWorst=2.58u)
[HANDS_ATTACH] mesh='hands_naked.mesh' owner='hands_naked.mesh' frame=104 nb=38 wext=80.3 rebound=0
  TIER1 rest-coherence: worst=169.0deg bone[13]='bone_R-hand.mesh' count(>5deg)=8 freshRecap=0  xcheck(invOff-vs-restW) worst=169.0deg bone[13]
  TIER2 joint-attach(PRIMARY): worst=9.25u bone[13]='bone_R-hand.mesh' parent[5] R=119.0 exactJoint=5.30u pairs=30  (palette-wide exactWorst=5.30u)
[HANDS_ATTACH] mesh='hands_naked.mesh' owner='hands_naked.mesh' frame=104 nb=40 wext=62.0 rebound=0
  TIER1 rest-coherence: worst=170.7deg bone[3]='bone_R-foreTwist1.mesh' count(>5deg)=6 freshRecap=0  xcheck(invOff-vs-restW) worst=170.7deg bone[2]
  TIER2 joint-attach(PRIMARY): worst=1.34u bone[11]='bone_R-pinky-base.mesh' parent[1] R=43.6 exactJoint=1.02u pairs=36  (palette-wide exactWorst=1.02u)
[HANDS_ATTACH] mesh='hands_naked.mesh' owner='hands_naked.mesh' frame=104 nb=38 wext=85.0 rebound=0
  TIER1 rest-coherence: worst=178.0deg bone[13]='bone_R-hand.mesh' count(>5deg)=8 freshRecap=0  xcheck(invOff-vs-restW) worst=177.9deg bone[13]
  TIER2 joint-attach(PRIMARY): worst=14.03u bone[30]='bone_L-index01.mesh' parent[29] R=48.0 exactJoint=9.58u pairs=30  (palette-wide exactWorst=9.66u)
[HANDS_ATTACH] mesh='hands_naked.mesh' owner='hands_naked.mesh' frame=114 nb=38 wext=80.3 rebound=0
  TIER1 rest-coherence: worst=169.0deg bone[13]='bone_R-hand.mesh' count(>5deg)=8 freshRecap=0  xcheck(invOff-vs-restW) worst=169.0deg bone[13]
  TIER2 joint-attach(PRIMARY): worst=12.82u bone[9]='bone_R-thumb01.mesh' parent[13] R=48.5 exactJoint=7.60u pairs=30  (palette-wide exactWorst=7.79u)
[HANDS_ATTACH] mesh='hands_naked.mesh' owner='hands_naked.mesh' frame=114 nb=40 wext=61.1 rebound=0
  TIER1 rest-coherence: worst=175.5deg bone[2]='bone_R-foreTwist2.mesh' count(>5deg)=6 freshRecap=0  xcheck(invOff-vs-restW) worst=175.5deg bone[2]
  TIER2 joint-attach(PRIMARY): worst=12.54u bone[11]='bone_R-pinky-base.mesh' parent[1] R=43.6 exactJoint=9.50u pairs=36  (palette-wide exactWorst=9.50u)
[HANDS_ATTACH] mesh='hands_naked.mesh' owner='hands_naked.mesh' frame=114 nb=38 wext=82.6 rebound=0
  TIER1 rest-coherence: worst=178.0deg bone[13]='bone_R-hand.mesh' count(>5deg)=8 freshRecap=0  xcheck(invOff-vs-restW) worst=177.9deg bone[13]
  TIER2 joint-attach(PRIMARY): worst=10.15u bone[1]='bone_R-middlefinger01.mesh' parent[13] R=48.1 exactJoint=5.49u pairs=30  (palette-wide exactWorst=6.30u)
[HANDS_ATTACH] mesh='hands_naked.mesh' owner='hands_naked.mesh' frame=124 nb=38 wext=80.3 rebound=0
  TIER1 rest-coherence: worst=167.1deg bone[0]='bone_R-foreTwist1.mesh' count(>5deg)=8 freshRecap=0  xcheck(invOff-vs-restW) worst=167.1deg bone[0]
  TIER2 joint-attach(PRIMARY): worst=4.23u bone[30]='bone_L-index01.mesh' parent[29] R=48.0 exactJoint=1.75u pairs=30  (palette-wide exactWorst=1.86u)
[HANDS_ATTACH] mesh='hands_naked.mesh' owner='hands_naked.mesh' frame=124 nb=40 wext=59.0 rebound=0
  TIER1 rest-coherence: worst=175.5deg bone[2]='bone_R-foreTwist2.mesh' count(>5deg)=6 freshRecap=0  xcheck(invOff-vs-restW) worst=175.5deg bone[2]
  TIER2 joint-attach(PRIMARY): worst=11.77u bone[37]='bone_L-ringfinger-base.mesh' parent[20] R=43.7 exactJoint=8.86u pairs=36  (palette-wide exactWorst=8.90u)
[HANDS_ATTACH] mesh='hands_naked.mesh' owner='hands_naked.mesh' frame=124 nb=38 wext=80.4 rebound=0
  TIER1 rest-coherence: worst=178.2deg bone[20]='bone_L-foreTwist2.mesh' count(>5deg)=8 freshRecap=0  xcheck(invOff-vs-restW) worst=178.2deg bone[20]
  TIER2 joint-attach(PRIMARY): worst=17.84u bone[1]='bone_R-middlefinger01.mesh' parent[13] R=48.1 exactJoint=9.28u pairs=30  (palette-wide exactWorst=9.63u)
[HANDS_ATTACH] mesh='hands_naked.mesh' owner='hands_naked.mesh' frame=134 nb=38 wext=80.3 rebound=0
  TIER1 rest-coherence: worst=167.1deg bone[0]='bone_R-foreTwist1.mesh' count(>5deg)=8 freshRecap=0  xcheck(invOff-vs-restW) worst=167.1deg bone[0]
  TIER2 joint-attach(PRIMARY): worst=10.81u bone[30]='bone_L-index01.mesh' parent[29] R=48.0 exactJoint=4.76u pairs=30  (palette-wide exactWorst=5.07u)
[HANDS_ATTACH] mesh='hands_naked.mesh' owner='hands_naked.mesh' frame=134 nb=40 wext=60.5 rebound=0
  TIER1 rest-coherence: worst=175.5deg bone[2]='bone_R-foreTwist2.mesh' count(>5deg)=6 freshRecap=0  xcheck(invOff-vs-restW) worst=175.5deg bone[2]
  TIER2 joint-attach(PRIMARY): worst=13.06u bone[11]='bone_R-pinky-base.mesh' parent[1] R=43.6 exactJoint=9.91u pairs=36  (palette-wide exactWorst=9.91u)
[HANDS_ATTACH] mesh='hands_naked.mesh' owner='hands_naked.mesh' frame=134 nb=38 wext=86.6 rebound=0
  TIER1 rest-coherence: worst=179.6deg bone[13]='bone_R-hand.mesh' count(>5deg)=8 freshRecap=0  xcheck(invOff-vs-restW) worst=179.4deg bone[13]
  TIER2 joint-attach(PRIMARY): worst=15.35u bone[30]='bone_L-index01.mesh' parent[29] R=48.0 exactJoint=11.08u pairs=30  (palette-wide exactWorst=11.17u)
[HANDS_ATTACH] mesh='hands_naked.mesh' owner='hands_naked.mesh' frame=144 nb=38 wext=81.0 rebound=0
  TIER1 rest-coherence: worst=167.1deg bone[0]='bone_R-foreTwist1.mesh' count(>5deg)=8 freshRecap=0  xcheck(invOff-vs-restW) worst=167.1deg bone[0]
  TIER2 joint-attach(PRIMARY): worst=6.44u bone[29]='bone_L-hand.mesh' parent[22] R=107.7 exactJoint=2.31u pairs=30  (palette-wide exactWorst=3.41u)
[HANDS_ATTACH] mesh='hands_naked.mesh' owner='hands_naked.mesh' frame=144 nb=40 wext=60.6 rebound=0
  TIER1 rest-coherence: worst=175.5deg bone[2]='bone_R-foreTwist2.mesh' count(>5deg)=6 freshRecap=0  xcheck(invOff-vs-restW) worst=175.5deg bone[2]
  TIER2 joint-attach(PRIMARY): worst=5.46u bone[11]='bone_R-pinky-base.mesh' parent[1] R=43.6 exactJoint=4.34u pairs=36  (palette-wide exactWorst=4.34u)
[HANDS_ATTACH] mesh='hands_naked.mesh' owner='hands_naked.mesh' frame=144 nb=38 wext=84.4 rebound=0
  TIER1 rest-coherence: worst=179.6deg bone[13]='bone_R-hand.mesh' count(>5deg)=8 freshRecap=0  xcheck(invOff-vs-restW) worst=179.4deg bone[13]
  TIER2 joint-attach(PRIMARY): worst=12.23u bone[30]='bone_L-index01.mesh' parent[29] R=48.0 exactJoint=8.69u pairs=30  (palette-wide exactWorst=8.76u)
[HANDS_ATTACH] mesh='hands_naked.mesh' owner='hands_naked.mesh' frame=154 nb=38 wext=83.7 rebound=0
  TIER1 rest-coherence: worst=167.3deg bone[0]='bone_R-foreTwist1.mesh' count(>5deg)=8 freshRecap=0  xcheck(invOff-vs-restW) worst=167.3deg bone[0]
  TIER2 joint-attach(PRIMARY): worst=13.10u bone[9]='bone_R-thumb01.mesh' parent[13] R=48.5 exactJoint=6.84u pairs=30  (palette-wide exactWorst=6.90u)
[HANDS_ATTACH] mesh='hands_naked.mesh' owner='hands_naked.mesh' frame=154 nb=40 wext=61.2 rebound=0
  TIER1 rest-coherence: worst=175.5deg bone[2]='bone_R-foreTwist2.mesh' count(>5deg)=6 freshRecap=0  xcheck(invOff-vs-restW) worst=175.5deg bone[2]
  TIER2 joint-attach(PRIMARY): worst=12.33u bone[11]='bone_R-pinky-base.mesh' parent[1] R=43.6 exactJoint=9.80u pairs=36  (palette-wide exactWorst=9.80u)
[HANDS_ATTACH] mesh='hands_naked.mesh' owner='hands_naked.mesh' frame=154 nb=38 wext=83.5 rebound=0
  TIER1 rest-coherence: worst=176.7deg bone[13]='bone_R-hand.mesh' count(>5deg)=8 freshRecap=0  xcheck(invOff-vs-restW) worst=176.7deg bone[13]
  TIER2 joint-attach(PRIMARY): worst=20.95u bone[13]='bone_R-hand.mesh' parent[5] R=119.6 exactJoint=2.39u pairs=30  (palette-wide exactWorst=8.87u)
[HANDS_ATTACH] mesh='hands_naked.mesh' owner='hands_naked.mesh' frame=164 nb=38 wext=80.9 rebound=0
  TIER1 rest-coherence: worst=170.0deg bone[5]='bone_R-foreArm.mesh' count(>5deg)=8 freshRecap=0  xcheck(invOff-vs-restW) worst=170.0deg bone[5]
  TIER2 joint-attach(PRIMARY): worst=15.75u bone[30]='bone_L-index01.mesh' parent[29] R=48.0 exactJoint=11.53u pairs=30  (palette-wide exactWorst=11.73u)
[HANDS_ATTACH] mesh='hands_naked.mesh' owner='hands_naked.mesh' frame=164 nb=40 wext=58.4 rebound=0
  TIER1 rest-coherence: worst=175.5deg bone[2]='bone_R-foreTwist2.mesh' count(>5deg)=6 freshRecap=0  xcheck(invOff-vs-restW) worst=175.5deg bone[2]
  TIER2 joint-attach(PRIMARY): worst=6.45u bone[37]='bone_L-ringfinger-base.mesh' parent[20] R=43.7 exactJoint=5.02u pairs=36  (palette-wide exactWorst=5.05u)
[HANDS_ATTACH] mesh='hands_naked.mesh' owner='hands_naked.mesh' frame=164 nb=38 wext=82.5 rebound=0
  TIER1 rest-coherence: worst=177.0deg bone[13]='bone_R-hand.mesh' count(>5deg)=8 freshRecap=0  xcheck(invOff-vs-restW) worst=177.0deg bone[13]
  TIER2 joint-attach(PRIMARY): worst=10.55u bone[13]='bone_R-hand.mesh' parent[5] R=118.9 exactJoint=0.85u pairs=30  (palette-wide exactWorst=6.50u)
[HANDS_ATTACH] mesh='hands_naked.mesh' owner='hands_naked.mesh' frame=174 nb=38 wext=83.0 rebound=0
  TIER1 rest-coherence: worst=170.0deg bone[5]='bone_R-foreArm.mesh' count(>5deg)=8 freshRecap=0  xcheck(invOff-vs-restW) worst=170.0deg bone[5]
  TIER2 joint-attach(PRIMARY): worst=10.17u bone[1]='bone_R-middlefinger01.mesh' parent[13] R=48.1 exactJoint=6.26u pairs=30  (palette-wide exactWorst=6.26u)
[HANDS_ATTACH] mesh='hands_naked.mesh' owner='hands_naked.mesh' frame=174 nb=40 wext=59.7 rebound=0
  TIER1 rest-coherence: worst=175.5deg bone[2]='bone_R-foreTwist2.mesh' count(>5deg)=6 freshRecap=0  xcheck(invOff-vs-restW) worst=175.5deg bone[2]
  TIER2 joint-attach(PRIMARY): worst=11.88u bone[11]='bone_R-pinky-base.mesh' parent[1] R=43.6 exactJoint=9.90u pairs=36  (palette-wide exactWorst=9.90u)
[HANDS_ATTACH] mesh='hands_naked.mesh' owner='hands_naked.mesh' frame=174 nb=38 wext=81.8 rebound=0
  TIER1 rest-coherence: worst=179.0deg bone[29]='bone_L-hand.mesh' count(>5deg)=8 freshRecap=0  xcheck(invOff-vs-restW) worst=179.0deg bone[29]
  TIER2 joint-attach(PRIMARY): worst=12.00u bone[8]='bone_R-index01.mesh' parent[13] R=48.0 exactJoint=8.14u pairs=30  (palette-wide exactWorst=8.24u)
[HANDS_ATTACH] mesh='hands_naked.mesh' owner='hands_naked.mesh' frame=184 nb=38 wext=80.3 rebound=0
  TIER1 rest-coherence: worst=174.0deg bone[13]='bone_R-hand.mesh' count(>5deg)=8 freshRecap=0  xcheck(invOff-vs-restW) worst=174.0deg bone[13]
  TIER2 joint-attach(PRIMARY): worst=3.48u bone[29]='bone_L-hand.mesh' parent[22] R=107.8 exactJoint=0.67u pairs=30  (palette-wide exactWorst=1.17u)
[HANDS_ATTACH] mesh='hands_naked.mesh' owner='hands_naked.mesh' frame=184 nb=40 wext=61.5 rebound=0
  TIER1 rest-coherence: worst=175.5deg bone[2]='bone_R-foreTwist2.mesh' count(>5deg)=6 freshRecap=0  xcheck(invOff-vs-restW) worst=175.5deg bone[2]
  TIER2 joint-attach(PRIMARY): worst=13.65u bone[37]='bone_L-ringfinger-base.mesh' parent[20] R=43.7 exactJoint=10.78u pairs=36  (palette-wide exactWorst=10.84u)
[HANDS_ATTACH] mesh='hands_naked.mesh' owner='hands_naked.mesh' frame=184 nb=38 wext=81.1 rebound=0
  TIER1 rest-coherence: worst=179.3deg bone[13]='bone_R-hand.mesh' count(>5deg)=8 freshRecap=0  xcheck(invOff-vs-restW) worst=179.3deg bone[13]
  TIER2 joint-attach(PRIMARY): worst=10.26u bone[13]='bone_R-hand.mesh' parent[5] R=117.6 exactJoint=0.44u pairs=30  (palette-wide exactWorst=5.36u)
[HANDS_ATTACH] mesh='hands_naked.mesh' owner='hands_naked.mesh' frame=194 nb=38 wext=82.8 rebound=0
  TIER1 rest-coherence: worst=174.0deg bone[13]='bone_R-hand.mesh' count(>5deg)=8 freshRecap=0  xcheck(invOff-vs-restW) worst=174.0deg bone[13]
  TIER2 joint-attach(PRIMARY): worst=12.34u bone[30]='bone_L-index01.mesh' parent[29] R=48.0 exactJoint=8.53u pairs=30  (palette-wide exactWorst=8.61u)
[HANDS_ATTACH] mesh='hands_naked.mesh' owner='hands_naked.mesh' frame=194 nb=40 wext=56.7 rebound=0
  TIER1 rest-coherence: worst=172.0deg bone[3]='bone_R-foreTwist1.mesh' count(>5deg)=6 freshRecap=0  xcheck(invOff-vs-restW) worst=172.0deg bone[2]
  TIER2 joint-attach(PRIMARY): worst=13.29u bone[21]='bone_R-ringfinger-base.mesh' parent[1] R=43.7 exactJoint=11.29u pairs=36  (palette-wide exactWorst=11.35u)
[HANDS_ATTACH] mesh='hands_naked.mesh' owner='hands_naked.mesh' frame=194 nb=38 wext=81.7 rebound=0
  TIER1 rest-coherence: worst=179.3deg bone[13]='bone_R-hand.mesh' count(>5deg)=8 freshRecap=0  xcheck(invOff-vs-restW) worst=179.3deg bone[13]
  TIER2 joint-attach(PRIMARY): worst=16.98u bone[13]='bone_R-hand.mesh' parent[5] R=117.6 exactJoint=0.44u pairs=30  (palette-wide exactWorst=8.90u)
[HANDS_ATTACH] mesh='hands_naked.mesh' owner='hands_naked.mesh' frame=204 nb=38 wext=81.8 rebound=0
  TIER1 rest-coherence: worst=178.7deg bone[13]='bone_R-hand.mesh' count(>5deg)=8 freshRecap=0  xcheck(invOff-vs-restW) worst=178.6deg bone[13]
  TIER2 joint-attach(PRIMARY): worst=6.67u bone[1]='bone_R-middlefinger01.mesh' parent[13] R=48.1 exactJoint=3.99u pairs=30  (palette-wide exactWorst=3.99u)
[HANDS_ATTACH] mesh='hands_naked.mesh' owner='hands_naked.mesh' frame=204 nb=40 wext=62.3 rebound=0
  TIER1 rest-coherence: worst=172.0deg bone[3]='bone_R-foreTwist1.mesh' count(>5deg)=6 freshRecap=0  xcheck(invOff-vs-restW) worst=172.0deg bone[2]
  TIER2 joint-attach(PRIMARY): worst=8.78u bone[35]='bone_L-pinky-base.mesh' parent[20] R=43.6 exactJoint=7.54u pairs=36  (palette-wide exactWorst=7.54u)
[HANDS_ATTACH] mesh='hands_naked.mesh' owner='hands_naked.mesh' frame=204 nb=38 wext=82.8 rebound=0
  TIER1 rest-coherence: worst=178.6deg bone[29]='bone_L-hand.mesh' count(>5deg)=8 freshRecap=0  xcheck(invOff-vs-restW) worst=178.5deg bone[29]
  TIER2 joint-attach(PRIMARY): worst=14.73u bone[13]='bone_R-hand.mesh' parent[5] R=116.6 exactJoint=2.10u pairs=30  (palette-wide exactWorst=2.10u)
[HANDS_ATTACH] mesh='hands_naked.mesh' owner='hands_naked.mesh' frame=214 nb=38 wext=80.5 rebound=0
  TIER1 rest-coherence: worst=177.4deg bone[5]='bone_R-foreArm.mesh' count(>5deg)=8 freshRecap=0  xcheck(invOff-vs-restW) worst=177.4deg bone[5]
  TIER2 joint-attach(PRIMARY): worst=10.60u bone[30]='bone_L-index01.mesh' parent[29] R=48.0 exactJoint=7.67u pairs=30  (palette-wide exactWorst=7.74u)
[HANDS_ATTACH] mesh='hands_naked.mesh' owner='hands_naked.mesh' frame=214 nb=40 wext=58.0 rebound=0
  TIER1 rest-coherence: worst=175.3deg bone[8]='bone_L-foreTwist1.mesh' count(>5deg)=6 freshRecap=0  xcheck(invOff-vs-restW) worst=175.3deg bone[26]
  TIER2 joint-attach(PRIMARY): worst=3.03u bone[11]='bone_R-pinky-base.mesh' parent[1] R=43.6 exactJoint=2.24u pairs=36  (palette-wide exactWorst=2.24u)
[HANDS_ATTACH] mesh='hands_naked.mesh' owner='hands_naked.mesh' frame=214 nb=38 wext=80.3 rebound=0
  TIER1 rest-coherence: worst=179.9deg bone[29]='bone_L-hand.mesh' count(>5deg)=8 freshRecap=0  xcheck(invOff-vs-restW) worst=179.5deg bone[29]
  TIER2 joint-attach(PRIMARY): worst=12.98u bone[13]='bone_R-hand.mesh' parent[5] R=116.6 exactJoint=2.10u pairs=30  (palette-wide exactWorst=4.90u)
[HANDS_ATTACH] mesh='hands_naked.mesh' owner='hands_naked.mesh' frame=224 nb=38 wext=83.1 rebound=0
  TIER1 rest-coherence: worst=177.4deg bone[5]='bone_R-foreArm.mesh' count(>5deg)=8 freshRecap=0  xcheck(invOff-vs-restW) worst=177.4deg bone[5]
  TIER2 joint-attach(PRIMARY): worst=14.29u bone[30]='bone_L-index01.mesh' parent[29] R=48.0 exactJoint=10.96u pairs=30  (palette-wide exactWorst=11.05u)
[HANDS_ATTACH] mesh='hands_naked.mesh' owner='hands_naked.mesh' frame=224 nb=40 wext=58.9 rebound=0
  TIER1 rest-coherence: worst=179.9deg bone[8]='bone_L-foreTwist1.mesh' count(>5deg)=6 freshRecap=0  xcheck(invOff-vs-restW) worst=179.9deg bone[26]
  TIER2 joint-attach(PRIMARY): worst=14.07u bone[11]='bone_R-pinky-base.mesh' parent[1] R=43.6 exactJoint=10.57u pairs=36  (palette-wide exactWorst=10.57u)
[HANDS_ATTACH] mesh='hands_naked.mesh' owner='hands_naked.mesh' frame=224 nb=38 wext=82.1 rebound=0
  TIER1 rest-coherence: worst=177.4deg bone[29]='bone_L-hand.mesh' count(>5deg)=8 freshRecap=0  xcheck(invOff-vs-restW) worst=177.3deg bone[29]
  TIER2 joint-attach(PRIMARY): worst=12.14u bone[8]='bone_R-index01.mesh' parent[13] R=48.0 exactJoint=8.93u pairs=30  (palette-wide exactWorst=9.18u)
[HANDS_ATTACH] mesh='hands_naked.mesh' owner='hands_naked.mesh' frame=234 nb=38 wext=80.5 rebound=0
  TIER1 rest-coherence: worst=177.9deg bone[5]='bone_R-foreArm.mesh' count(>5deg)=8 freshRecap=0  xcheck(invOff-vs-restW) worst=177.9deg bone[5]
  TIER2 joint-attach(PRIMARY): worst=6.23u bone[29]='bone_L-hand.mesh' parent[22] R=106.4 exactJoint=1.57u pairs=30  (palette-wide exactWorst=1.57u)
[HANDS_ATTACH] mesh='hands_naked.mesh' owner='hands_naked.mesh' frame=234 nb=40 wext=63.7 rebound=0
  TIER1 rest-coherence: worst=179.9deg bone[8]='bone_L-foreTwist1.mesh' count(>5deg)=6 freshRecap=0  xcheck(invOff-vs-restW) worst=179.9deg bone[26]
  TIER2 joint-attach(PRIMARY): worst=14.45u bone[35]='bone_L-pinky-base.mesh' parent[20] R=43.6 exactJoint=12.03u pairs=36  (palette-wide exactWorst=12.03u)
[HANDS_ATTACH] mesh='hands_naked.mesh' owner='hands_naked.mesh' frame=234 nb=38 wext=80.3 rebound=0
  TIER1 rest-coherence: worst=174.5deg bone[29]='bone_L-hand.mesh' count(>5deg)=8 freshRecap=0  xcheck(invOff-vs-restW) worst=174.5deg bone[29]
  TIER2 joint-attach(PRIMARY): worst=15.32u bone[8]='bone_R-index01.mesh' parent[13] R=48.0 exactJoint=11.60u pairs=30  (palette-wide exactWorst=11.88u)
[HANDS_ATTACH] mesh='hands_naked.mesh' owner='hands_naked.mesh' frame=244 nb=38 wext=82.6 rebound=0
  TIER1 rest-coherence: worst=177.9deg bone[5]='bone_R-foreArm.mesh' count(>5deg)=8 freshRecap=0  xcheck(invOff-vs-restW) worst=177.9deg bone[5]
  TIER2 joint-attach(PRIMARY): worst=10.62u bone[30]='bone_L-index01.mesh' parent[29] R=48.0 exactJoint=6.95u pairs=30  (palette-wide exactWorst=7.01u)
[HANDS_ATTACH] mesh='hands_naked.mesh' owner='hands_naked.mesh' frame=244 nb=40 wext=57.3 rebound=0
  TIER1 rest-coherence: worst=175.7deg bone[26]='bone_L-foreTwist2.mesh' count(>5deg)=6 freshRecap=0  xcheck(invOff-vs-restW) worst=175.7deg bone[26]
  TIER2 joint-attach(PRIMARY): worst=4.64u bone[11]='bone_R-pinky-base.mesh' parent[1] R=43.6 exactJoint=3.54u pairs=36  (palette-wide exactWorst=3.54u)
[HANDS_ATTACH] mesh='hands_naked.mesh' owner='hands_naked.mesh' frame=244 nb=38 wext=82.1 rebound=0
  TIER1 rest-coherence: worst=174.1deg bone[5]='bone_R-foreArm.mesh' count(>5deg)=8 freshRecap=0  xcheck(invOff-vs-restW) worst=174.0deg bone[5]
  TIER2 joint-attach(PRIMARY): worst=16.00u bone[23]='bone_L-middlefinger01.mesh' parent[29] R=48.1 exactJoint=13.09u pairs=30  (palette-wide exactWorst=13.09u)
[HANDS_ATTACH] mesh='hands_naked.mesh' owner='hands_naked.mesh' frame=254 nb=38 wext=83.7 rebound=0
  TIER1 rest-coherence: worst=178.0deg bone[29]='bone_L-hand.mesh' count(>5deg)=8 freshRecap=0  xcheck(invOff-vs-restW) worst=177.9deg bone[29]
  TIER2 joint-attach(PRIMARY): worst=15.16u bone[1]='bone_R-middlefinger01.mesh' parent[13] R=48.1 exactJoint=8.35u pairs=30  (palette-wide exactWorst=8.40u)
[HANDS_ATTACH] mesh='hands_naked.mesh' owner='hands_naked.mesh' frame=254 nb=40 wext=60.8 rebound=0
  TIER1 rest-coherence: worst=175.7deg bone[26]='bone_L-foreTwist2.mesh' count(>5deg)=6 freshRecap=0  xcheck(invOff-vs-restW) worst=175.7deg bone[26]
  TIER2 joint-attach(PRIMARY): worst=13.11u bone[11]='bone_R-pinky-base.mesh' parent[1] R=43.6 exactJoint=9.72u pairs=36  (palette-wide exactWorst=9.72u)
[HANDS_ATTACH] mesh='hands_naked.mesh' owner='hands_naked.mesh' frame=254 nb=38 wext=80.9 rebound=0
  TIER1 rest-coherence: worst=175.4deg bone[0]='bone_R-foreTwist1.mesh' count(>5deg)=8 freshRecap=0  xcheck(invOff-vs-restW) worst=175.4deg bone[6]
  TIER2 joint-attach(PRIMARY): worst=14.12u bone[23]='bone_L-middlefinger01.mesh' parent[29] R=48.1 exactJoint=11.91u pairs=30  (palette-wide exactWorst=11.91u)
[HANDS_ATTACH] mesh='hands_naked.mesh' owner='hands_naked.mesh' frame=264 nb=38 wext=80.3 rebound=0
  TIER1 rest-coherence: worst=178.7deg bone[22]='bone_L-foreArm.mesh' count(>5deg)=8 freshRecap=0  xcheck(invOff-vs-restW) worst=178.7deg bone[22]
  TIER2 joint-attach(PRIMARY): worst=15.20u bone[30]='bone_L-index01.mesh' parent[29] R=48.0 exactJoint=6.83u pairs=30  (palette-wide exactWorst=6.90u)
[HANDS_ATTACH] mesh='hands_naked.mesh' owner='hands_naked.mesh' frame=264 nb=40 wext=64.6 rebound=0
  TIER1 rest-coherence: worst=175.7deg bone[26]='bone_L-foreTwist2.mesh' count(>5deg)=6 freshRecap=0  xcheck(invOff-vs-restW) worst=175.7deg bone[26]
  TIER2 joint-attach(PRIMARY): worst=13.14u bone[35]='bone_L-pinky-base.mesh' parent[20] R=43.6 exactJoint=11.01u pairs=36  (palette-wide exactWorst=11.01u)
[HANDS_ATTACH] mesh='hands_naked.mesh' owner='hands_naked.mesh' frame=264 nb=38 wext=80.3 rebound=0
  TIER1 rest-coherence: worst=175.4deg bone[0]='bone_R-foreTwist1.mesh' count(>5deg)=8 freshRecap=0  xcheck(invOff-vs-restW) worst=175.4deg bone[6]
  TIER2 joint-attach(PRIMARY): worst=11.25u bone[8]='bone_R-index01.mesh' parent[13] R=48.0 exactJoint=9.41u pairs=30  (palette-wide exactWorst=9.52u)
[HANDS_ATTACH] mesh='hands_naked.mesh' owner='hands_naked.mesh' frame=274 nb=38 wext=80.6 rebound=0
  TIER1 rest-coherence: worst=178.7deg bone[22]='bone_L-foreArm.mesh' count(>5deg)=8 freshRecap=0  xcheck(invOff-vs-restW) worst=178.7deg bone[22]
  TIER2 joint-attach(PRIMARY): worst=8.00u bone[30]='bone_L-index01.mesh' parent[29] R=48.0 exactJoint=3.71u pairs=30  (palette-wide exactWorst=3.77u)
[HANDS_ATTACH] mesh='hands_naked.mesh' owner='hands_naked.mesh' frame=274 nb=40 wext=56.1 rebound=0
  TIER1 rest-coherence: worst=171.6deg bone[8]='bone_L-foreTwist1.mesh' count(>5deg)=6 freshRecap=0  xcheck(invOff-vs-restW) worst=171.6deg bone[26]
  TIER2 joint-attach(PRIMARY): worst=14.79u bone[11]='bone_R-pinky-base.mesh' parent[1] R=43.6 exactJoint=10.09u pairs=36  (palette-wide exactWorst=10.09u)
[HANDS_ATTACH] mesh='hands_naked.mesh' owner='hands_naked.mesh' frame=274 nb=38 wext=80.5 rebound=0
  TIER1 rest-coherence: worst=175.4deg bone[0]='bone_R-foreTwist1.mesh' count(>5deg)=8 freshRecap=0  xcheck(invOff-vs-restW) worst=175.4deg bone[6]
  TIER2 joint-attach(PRIMARY): worst=11.27u bone[13]='bone_R-hand.mesh' parent[5] R=116.6 exactJoint=2.96u pairs=30  (palette-wide exactWorst=9.31u)
[HANDS_ATTACH] mesh='hands_naked.mesh' owner='hands_naked.mesh' frame=284 nb=38 wext=82.5 rebound=0
  TIER1 rest-coherence: worst=178.7deg bone[22]='bone_L-foreArm.mesh' count(>5deg)=8 freshRecap=0  xcheck(invOff-vs-restW) worst=178.7deg bone[22]
  TIER2 joint-attach(PRIMARY): worst=15.68u bone[9]='bone_R-thumb01.mesh' parent[13] R=48.5 exactJoint=8.65u pairs=30  (palette-wide exactWorst=8.68u)
[HANDS_ATTACH] mesh='hands_naked.mesh' owner='hands_naked.mesh' frame=284 nb=40 wext=57.5 rebound=0
  TIER1 rest-coherence: worst=171.6deg bone[8]='bone_L-foreTwist1.mesh' count(>5deg)=6 freshRecap=0  xcheck(invOff-vs-restW) worst=171.6deg bone[26]
  TIER2 joint-attach(PRIMARY): worst=5.81u bone[11]='bone_R-pinky-base.mesh' parent[1] R=43.6 exactJoint=4.05u pairs=36  (palette-wide exactWorst=4.05u)
[HANDS_ATTACH] mesh='hands_naked.mesh' owner='hands_naked.mesh' frame=284 nb=38 wext=80.7 rebound=0
  TIER1 rest-coherence: worst=175.4deg bone[0]='bone_R-foreTwist1.mesh' count(>5deg)=8 freshRecap=0  xcheck(invOff-vs-restW) worst=175.4deg bone[6]
  TIER2 joint-attach(PRIMARY): worst=10.63u bone[8]='bone_R-index01.mesh' parent[13] R=48.0 exactJoint=9.49u pairs=30  (palette-wide exactWorst=9.59u)
[HANDS_ATTACH] mesh='hands_naked.mesh' owner='hands_naked.mesh' frame=294 nb=38 wext=82.0 rebound=0
  TIER1 rest-coherence: worst=178.7deg bone[22]='bone_L-foreArm.mesh' count(>5deg)=8 freshRecap=0  xcheck(invOff-vs-restW) worst=178.7deg bone[22]
  TIER2 joint-attach(PRIMARY): worst=9.80u bone[9]='bone_R-thumb01.mesh' parent[13] R=48.5 exactJoint=5.27u pairs=30  (palette-wide exactWorst=5.38u)
[HANDS_ATTACH] mesh='hands_naked.mesh' owner='hands_naked.mesh' frame=294 nb=40 wext=59.2 rebound=0
  TIER1 rest-coherence: worst=171.6deg bone[8]='bone_L-foreTwist1.mesh' count(>5deg)=6 freshRecap=0  xcheck(invOff-vs-restW) worst=171.6deg bone[26]
  TIER2 joint-attach(PRIMARY): worst=10.83u bone[11]='bone_R-pinky-base.mesh' parent[1] R=43.6 exactJoint=7.86u pairs=36  (palette-wide exactWorst=7.86u)
[HANDS_ATTACH] mesh='hands_naked.mesh' owner='hands_naked.mesh' frame=294 nb=38 wext=80.9 rebound=0
  TIER1 rest-coherence: worst=175.4deg bone[0]='bone_R-foreTwist1.mesh' count(>5deg)=8 freshRecap=0  xcheck(invOff-vs-restW) worst=175.4deg bone[6]
  TIER2 joint-attach(PRIMARY): worst=13.32u bone[8]='bone_R-index01.mesh' parent[13] R=48.0 exactJoint=10.46u pairs=30  (palette-wide exactWorst=10.56u)
[HANDS_ATTACH] mesh='hands_naked.mesh' owner='hands_naked.mesh' frame=304 nb=38 wext=80.3 rebound=0
  TIER1 rest-coherence: worst=178.7deg bone[22]='bone_L-foreArm.mesh' count(>5deg)=8 freshRecap=0  xcheck(invOff-vs-restW) worst=178.7deg bone[22]
  TIER2 joint-attach(PRIMARY): worst=6.09u bone[29]='bone_L-hand.mesh' parent[22] R=100.6 exactJoint=2.92u pairs=30  (palette-wide exactWorst=2.92u)
[HANDS_ATTACH] mesh='hands_naked.mesh' owner='hands_naked.mesh' frame=304 nb=40 wext=60.8 rebound=0
  TIER1 rest-coherence: worst=171.6deg bone[8]='bone_L-foreTwist1.mesh' count(>5deg)=6 freshRecap=0  xcheck(invOff-vs-restW) worst=171.6deg bone[26]
  TIER2 joint-attach(PRIMARY): worst=11.16u bone[37]='bone_L-ringfinger-base.mesh' parent[20] R=43.7 exactJoint=9.28u pairs=36  (palette-wide exactWorst=9.33u)
[HANDS_ATTACH] mesh='hands_naked.mesh' owner='hands_naked.mesh' frame=304 nb=38 wext=80.4 rebound=0
  TIER1 rest-coherence: worst=175.4deg bone[0]='bone_R-foreTwist1.mesh' count(>5deg)=8 freshRecap=0  xcheck(invOff-vs-restW) worst=175.4deg bone[6]
  TIER2 joint-attach(PRIMARY): worst=10.59u bone[13]='bone_R-hand.mesh' parent[5] R=109.3 exactJoint=5.79u pairs=30  (palette-wide exactWorst=5.79u)
[HANDS_ATTACH] mesh='hands_naked.mesh' owner='hands_naked.mesh' frame=314 nb=38 wext=82.0 rebound=0
  TIER1 rest-coherence: worst=178.7deg bone[22]='bone_L-foreArm.mesh' count(>5deg)=8 freshRecap=0  xcheck(invOff-vs-restW) worst=178.7deg bone[22]
  TIER2 joint-attach(PRIMARY): worst=8.55u bone[9]='bone_R-thumb01.mesh' parent[13] R=48.5 exactJoint=2.57u pairs=30  (palette-wide exactWorst=2.93u)
[HANDS_ATTACH] mesh='hands_naked.mesh' owner='hands_naked.mesh' frame=314 nb=40 wext=60.4 rebound=0
  TIER1 rest-coherence: worst=171.6deg bone[8]='bone_L-foreTwist1.mesh' count(>5deg)=6 freshRecap=0  xcheck(invOff-vs-restW) worst=171.6deg bone[26]
  TIER2 joint-attach(PRIMARY): worst=3.45u bone[21]='bone_R-ringfinger-base.mesh' parent[1] R=43.7 exactJoint=3.48u pairs=36  (palette-wide exactWorst=3.50u)
[HANDS_ATTACH] mesh='hands_naked.mesh' owner='hands_naked.mesh' frame=314 nb=38 wext=80.8 rebound=0
  TIER1 rest-coherence: worst=177.5deg bone[29]='bone_L-hand.mesh' count(>5deg)=8 freshRecap=0  xcheck(invOff-vs-restW) worst=177.4deg bone[29]
  TIER2 joint-attach(PRIMARY): worst=16.34u bone[13]='bone_R-hand.mesh' parent[5] R=109.3 exactJoint=3.04u pairs=30  (palette-wide exactWorst=8.56u)
[HANDS_ATTACH] mesh='hands_naked.mesh' owner='hands_naked.mesh' frame=324 nb=38 wext=85.4 rebound=0
  TIER1 rest-coherence: worst=178.7deg bone[22]='bone_L-foreArm.mesh' count(>5deg)=8 freshRecap=0  xcheck(invOff-vs-restW) worst=178.7deg bone[22]
  TIER2 joint-attach(PRIMARY): worst=16.07u bone[9]='bone_R-thumb01.mesh' parent[13] R=48.5 exactJoint=5.29u pairs=30  (palette-wide exactWorst=6.42u)
[HANDS_ATTACH] mesh='hands_naked.mesh' owner='hands_naked.mesh' frame=324 nb=40 wext=61.5 rebound=0
  TIER1 rest-coherence: worst=171.6deg bone[8]='bone_L-foreTwist1.mesh' count(>5deg)=6 freshRecap=0  xcheck(invOff-vs-restW) worst=171.6deg bone[26]
  TIER2 joint-attach(PRIMARY): worst=7.49u bone[21]='bone_R-ringfinger-base.mesh' parent[1] R=43.7 exactJoint=7.68u pairs=36  (palette-wide exactWorst=7.70u)
[HANDS_ATTACH] mesh='hands_naked.mesh' owner='hands_naked.mesh' frame=324 nb=38 wext=84.3 rebound=0
  TIER1 rest-coherence: worst=177.4deg bone[29]='bone_L-hand.mesh' count(>5deg)=8 freshRecap=0  xcheck(invOff-vs-restW) worst=177.3deg bone[29]
  TIER2 joint-attach(PRIMARY): worst=14.08u bone[13]='bone_R-hand.mesh' parent[5] R=105.2 exactJoint=1.15u pairs=30  (palette-wide exactWorst=5.99u)
[HANDS_ATTACH] mesh='hands_naked.mesh' owner='hands_naked.mesh' frame=334 nb=38 wext=82.4 rebound=0
  TIER1 rest-coherence: worst=178.9deg bone[29]='bone_L-hand.mesh' count(>5deg)=8 freshRecap=0  xcheck(invOff-vs-restW) worst=178.9deg bone[29]
  TIER2 joint-attach(PRIMARY): worst=19.32u bone[1]='bone_R-middlefinger01.mesh' parent[13] R=48.1 exactJoint=8.15u pairs=30  (palette-wide exactWorst=8.53u)
[HANDS_ATTACH] mesh='hands_naked.mesh' owner='hands_naked.mesh' frame=334 nb=40 wext=56.4 rebound=0
  TIER1 rest-coherence: worst=168.2deg bone[8]='bone_L-foreTwist1.mesh' count(>5deg)=6 freshRecap=0  xcheck(invOff-vs-restW) worst=168.2deg bone[26]
  TIER2 joint-attach(PRIMARY): worst=12.61u bone[21]='bone_R-ringfinger-base.mesh' parent[1] R=43.7 exactJoint=11.58u pairs=36  (palette-wide exactWorst=11.62u)
[HANDS_ATTACH] mesh='hands_naked.mesh' owner='hands_naked.mesh' frame=334 nb=38 wext=81.0 rebound=0
  TIER1 rest-coherence: worst=177.3deg bone[5]='bone_R-foreArm.mesh' count(>5deg)=8 freshRecap=0  xcheck(invOff-vs-restW) worst=177.2deg bone[5]
  TIER2 joint-attach(PRIMARY): worst=10.33u bone[13]='bone_R-hand.mesh' parent[5] R=105.2 exactJoint=3.14u pairs=30  (palette-wide exactWorst=7.22u)
[HANDS_ATTACH] mesh='hands_naked.mesh' owner='hands_naked.mesh' frame=346 nb=38 wext=80.3 rebound=0
  TIER1 rest-coherence: worst=67.1deg bone[13]='bone_R-hand.mesh' count(>5deg)=8 freshRecap=0  xcheck(invOff-vs-restW) worst=67.1deg bone[13]
  TIER2 joint-attach(PRIMARY): worst=2.39u bone[9]='bone_R-thumb01.mesh' parent[13] R=48.5 exactJoint=1.21u pairs=30  (palette-wide exactWorst=1.24u)
[HANDS_ATTACH] mesh='hands_naked.mesh' owner='hands_naked.mesh' frame=346 nb=40 wext=56.5 rebound=0
  TIER1 rest-coherence: worst=127.3deg bone[1]='bone_R-hand.mesh' count(>5deg)=6 freshRecap=0  xcheck(invOff-vs-restW) worst=127.3deg bone[1]
  TIER2 joint-attach(PRIMARY): worst=3.87u bone[16]='bone_R-thumb01.mesh' parent[1] R=42.9 exactJoint=1.52u pairs=36  (palette-wide exactWorst=1.65u)
[HANDS_ATTACH] mesh='hands_naked.mesh' owner='hands_naked.mesh' frame=346 nb=38 wext=80.3 rebound=0
  TIER1 rest-coherence: worst=145.5deg bone[13]='bone_R-hand.mesh' count(>5deg)=8 freshRecap=0  xcheck(invOff-vs-restW) worst=145.5deg bone[13]
  TIER2 joint-attach(PRIMARY): worst=4.23u bone[9]='bone_R-thumb01.mesh' parent[13] R=48.5 exactJoint=0.82u pairs=30  (palette-wide exactWorst=1.02u)
[HANDS_ATTACH] mesh='hands_naked.mesh' owner='hands_naked.mesh' frame=356 nb=38 wext=80.7 rebound=0
  TIER1 rest-coherence: worst=67.1deg bone[13]='bone_R-hand.mesh' count(>5deg)=8 freshRecap=0  xcheck(invOff-vs-restW) worst=67.1deg bone[13]
  TIER2 joint-attach(PRIMARY): worst=5.27u bone[9]='bone_R-thumb01.mesh' parent[13] R=48.5 exactJoint=2.71u pairs=30  (palette-wide exactWorst=2.78u)
[HANDS_ATTACH] mesh='hands_naked.mesh' owner='hands_naked.mesh' frame=356 nb=40 wext=57.2 rebound=0
  TIER1 rest-coherence: worst=127.3deg bone[1]='bone_R-hand.mesh' count(>5deg)=6 freshRecap=0  xcheck(invOff-vs-restW) worst=127.3deg bone[1]
  TIER2 joint-attach(PRIMARY): worst=6.36u bone[16]='bone_R-thumb01.mesh' parent[1] R=42.9 exactJoint=2.06u pairs=36  (palette-wide exactWorst=2.26u)
[HANDS_ATTACH] mesh='hands_naked.mesh' owner='hands_naked.mesh' frame=356 nb=38 wext=80.5 rebound=0
  TIER1 rest-coherence: worst=145.5deg bone[13]='bone_R-hand.mesh' count(>5deg)=8 freshRecap=0  xcheck(invOff-vs-restW) worst=145.5deg bone[13]
  TIER2 joint-attach(PRIMARY): worst=6.26u bone[9]='bone_R-thumb01.mesh' parent[13] R=48.5 exactJoint=2.44u pairs=30  (palette-wide exactWorst=2.57u)
[HANDS_ATTACH] mesh='hands_naked.mesh' owner='hands_naked.mesh' frame=366 nb=38 wext=81.1 rebound=0
  TIER1 rest-coherence: worst=67.1deg bone[13]='bone_R-hand.mesh' count(>5deg)=8 freshRecap=0  xcheck(invOff-vs-restW) worst=67.1deg bone[13]
  TIER2 joint-attach(PRIMARY): worst=7.38u bone[9]='bone_R-thumb01.mesh' parent[13] R=48.5 exactJoint=3.77u pairs=30  (palette-wide exactWorst=3.87u)
[HANDS_ATTACH] mesh='hands_naked.mesh' owner='hands_naked.mesh' frame=366 nb=40 wext=57.7 rebound=0
  TIER1 rest-coherence: worst=127.3deg bone[1]='bone_R-hand.mesh' count(>5deg)=6 freshRecap=0  xcheck(invOff-vs-restW) worst=127.3deg bone[1]
  TIER2 joint-attach(PRIMARY): worst=8.17u bone[16]='bone_R-thumb01.mesh' parent[1] R=42.9 exactJoint=2.61u pairs=36  (palette-wide exactWorst=2.86u)
[HANDS_ATTACH] mesh='hands_naked.mesh' owner='hands_naked.mesh' frame=366 nb=38 wext=81.0 rebound=0
  TIER1 rest-coherence: worst=145.5deg bone[13]='bone_R-hand.mesh' count(>5deg)=8 freshRecap=0  xcheck(invOff-vs-restW) worst=145.5deg bone[13]
  TIER2 joint-attach(PRIMARY): worst=13.62u bone[9]='bone_R-thumb01.mesh' parent[13] R=48.5 exactJoint=3.69u pairs=30  (palette-wide exactWorst=4.14u)
[HANDS_ATTACH] mesh='hands_naked.mesh' owner='hands_naked.mesh' frame=376 nb=38 wext=81.4 rebound=0
  TIER1 rest-coherence: worst=67.1deg bone[13]='bone_R-hand.mesh' count(>5deg)=8 freshRecap=0  xcheck(invOff-vs-restW) worst=67.1deg bone[13]
  TIER2 joint-attach(PRIMARY): worst=8.73u bone[9]='bone_R-thumb01.mesh' parent[13] R=48.5 exactJoint=4.36u pairs=30  (palette-wide exactWorst=4.49u)
[HANDS_ATTACH] mesh='hands_naked.mesh' owner='hands_naked.mesh' frame=376 nb=40 wext=58.2 rebound=0
  TIER1 rest-coherence: worst=127.3deg bone[1]='bone_R-hand.mesh' count(>5deg)=6 freshRecap=0  xcheck(invOff-vs-restW) worst=127.3deg bone[1]
  TIER2 joint-attach(PRIMARY): worst=10.53u bone[16]='bone_R-thumb01.mesh' parent[1] R=42.9 exactJoint=3.66u pairs=36  (palette-wide exactWorst=3.95u)
[HANDS_ATTACH] mesh='hands_naked.mesh' owner='hands_naked.mesh' frame=376 nb=38 wext=81.5 rebound=0
  TIER1 rest-coherence: worst=147.7deg bone[13]='bone_R-hand.mesh' count(>5deg)=8 freshRecap=0  xcheck(invOff-vs-restW) worst=147.7deg bone[13]
  TIER2 joint-attach(PRIMARY): worst=6.45u bone[23]='bone_L-middlefinger01.mesh' parent[29] R=48.1 exactJoint=3.91u pairs=30  (palette-wide exactWorst=3.91u)
[HANDS_ATTACH] mesh='hands_naked.mesh' owner='hands_naked.mesh' frame=386 nb=38 wext=81.5 rebound=0
  TIER1 rest-coherence: worst=67.1deg bone[13]='bone_R-hand.mesh' count(>5deg)=8 freshRecap=0  xcheck(invOff-vs-restW) worst=67.1deg bone[13]
  TIER2 joint-attach(PRIMARY): worst=9.14u bone[9]='bone_R-thumb01.mesh' parent[13] R=48.5 exactJoint=4.53u pairs=30  (palette-wide exactWorst=4.68u)
[HANDS_ATTACH] mesh='hands_naked.mesh' owner='hands_naked.mesh' frame=386 nb=40 wext=58.6 rebound=0
  TIER1 rest-coherence: worst=127.3deg bone[1]='bone_R-hand.mesh' count(>5deg)=6 freshRecap=0  xcheck(invOff-vs-restW) worst=127.3deg bone[1]
  TIER2 joint-attach(PRIMARY): worst=11.74u bone[16]='bone_R-thumb01.mesh' parent[1] R=42.9 exactJoint=5.17u pairs=36  (palette-wide exactWorst=5.49u)
[HANDS_ATTACH] mesh='hands_naked.mesh' owner='hands_naked.mesh' frame=386 nb=38 wext=83.7 rebound=0
  TIER1 rest-coherence: worst=147.7deg bone[13]='bone_R-hand.mesh' count(>5deg)=8 freshRecap=0  xcheck(invOff-vs-restW) worst=147.7deg bone[13]
  TIER2 joint-attach(PRIMARY): worst=14.99u bone[9]='bone_R-thumb01.mesh' parent[13] R=48.5 exactJoint=2.87u pairs=30  (palette-wide exactWorst=4.70u)
[HANDS_ATTACH] mesh='hands_naked.mesh' owner='hands_naked.mesh' frame=396 nb=38 wext=81.7 rebound=0
  TIER1 rest-coherence: worst=67.1deg bone[13]='bone_R-hand.mesh' count(>5deg)=8 freshRecap=0  xcheck(invOff-vs-restW) worst=67.1deg bone[13]
  TIER2 joint-attach(PRIMARY): worst=10.67u bone[9]='bone_R-thumb01.mesh' parent[13] R=48.5 exactJoint=5.20u pairs=30  (palette-wide exactWorst=5.39u)
[HANDS_ATTACH] mesh='hands_naked.mesh' owner='hands_naked.mesh' frame=396 nb=40 wext=58.6 rebound=0
  TIER1 rest-coherence: worst=127.3deg bone[1]='bone_R-hand.mesh' count(>5deg)=6 freshRecap=0  xcheck(invOff-vs-restW) worst=127.3deg bone[1]
  TIER2 joint-attach(PRIMARY): worst=12.43u bone[11]='bone_R-pinky-base.mesh' parent[1] R=43.6 exactJoint=7.10u pairs=36  (palette-wide exactWorst=7.10u)
[HANDS_ATTACH] mesh='hands_naked.mesh' owner='hands_naked.mesh' frame=396 nb=38 wext=82.9 rebound=0
  TIER1 rest-coherence: worst=143.6deg bone[13]='bone_R-hand.mesh' count(>5deg)=8 freshRecap=0  xcheck(invOff-vs-restW) worst=143.6deg bone[13]
  TIER2 joint-attach(PRIMARY): worst=7.95u bone[23]='bone_L-middlefinger01.mesh' parent[29] R=48.1 exactJoint=5.05u pairs=30  (palette-wide exactWorst=5.05u)
[HANDS_ATTACH] mesh='hands_naked.mesh' owner='hands_naked.mesh' frame=406 nb=38 wext=81.4 rebound=0
  TIER1 rest-coherence: worst=67.1deg bone[13]='bone_R-hand.mesh' count(>5deg)=8 freshRecap=0  xcheck(invOff-vs-restW) worst=67.1deg bone[13]
  TIER2 joint-attach(PRIMARY): worst=10.65u bone[13]='bone_R-hand.mesh' parent[5] R=85.0 exactJoint=0.00u pairs=30  (palette-wide exactWorst=5.42u)
[HANDS_ATTACH] mesh='hands_naked.mesh' owner='hands_naked.mesh' frame=406 nb=40 wext=58.2 rebound=0
  TIER1 rest-coherence: worst=127.3deg bone[1]='bone_R-hand.mesh' count(>5deg)=6 freshRecap=0  xcheck(invOff-vs-restW) worst=127.3deg bone[1]
  TIER2 joint-attach(PRIMARY): worst=12.55u bone[11]='bone_R-pinky-base.mesh' parent[1] R=43.6 exactJoint=7.60u pairs=36  (palette-wide exactWorst=7.60u)
[HANDS_ATTACH] mesh='hands_naked.mesh' owner='hands_naked.mesh' frame=406 nb=38 wext=85.4 rebound=0
  TIER1 rest-coherence: worst=143.6deg bone[13]='bone_R-hand.mesh' count(>5deg)=8 freshRecap=0  xcheck(invOff-vs-restW) worst=143.6deg bone[13]
  TIER2 joint-attach(PRIMARY): worst=19.45u bone[9]='bone_R-thumb01.mesh' parent[13] R=48.5 exactJoint=3.45u pairs=30  (palette-wide exactWorst=4.98u)
[HANDS_ATTACH] mesh='hands_naked.mesh' owner='hands_naked.mesh' frame=416 nb=38 wext=80.5 rebound=0
  TIER1 rest-coherence: worst=67.1deg bone[13]='bone_R-hand.mesh' count(>5deg)=8 freshRecap=0  xcheck(invOff-vs-restW) worst=67.1deg bone[13]
  TIER2 joint-attach(PRIMARY): worst=9.39u bone[13]='bone_R-hand.mesh' parent[5] R=85.0 exactJoint=0.00u pairs=30  (palette-wide exactWorst=4.95u)
[HANDS_ATTACH] mesh='hands_naked.mesh' owner='hands_naked.mesh' frame=416 nb=40 wext=57.8 rebound=0
  TIER1 rest-coherence: worst=127.3deg bone[1]='bone_R-hand.mesh' count(>5deg)=6 freshRecap=0  xcheck(invOff-vs-restW) worst=127.3deg bone[1]
  TIER2 joint-attach(PRIMARY): worst=13.79u bone[27]='bone_L-index01.mesh' parent[20] R=42.0 exactJoint=4.18u pairs=36  (palette-wide exactWorst=7.24u)
[HANDS_ATTACH] mesh='hands_naked.mesh' owner='hands_naked.mesh' frame=416 nb=38 wext=85.9 rebound=0
  TIER1 rest-coherence: worst=140.8deg bone[13]='bone_R-hand.mesh' count(>5deg)=8 freshRecap=0  xcheck(invOff-vs-restW) worst=140.8deg bone[13]
  TIER2 joint-attach(PRIMARY): worst=17.74u bone[9]='bone_R-thumb01.mesh' parent[13] R=48.5 exactJoint=3.77u pairs=30  (palette-wide exactWorst=5.45u)
[HANDS_ATTACH] mesh='hands_naked.mesh' owner='hands_naked.mesh' frame=426 nb=38 wext=80.3 rebound=0
  TIER1 rest-coherence: worst=67.1deg bone[13]='bone_R-hand.mesh' count(>5deg)=8 freshRecap=0  xcheck(invOff-vs-restW) worst=67.1deg bone[13]
  TIER2 joint-attach(PRIMARY): worst=9.01u bone[13]='bone_R-hand.mesh' parent[5] R=85.0 exactJoint=0.00u pairs=30  (palette-wide exactWorst=5.02u)
[HANDS_ATTACH] mesh='hands_naked.mesh' owner='hands_naked.mesh' frame=426 nb=40 wext=56.9 rebound=0
  TIER1 rest-coherence: worst=127.3deg bone[1]='bone_R-hand.mesh' count(>5deg)=6 freshRecap=0  xcheck(invOff-vs-restW) worst=127.3deg bone[1]
  TIER2 joint-attach(PRIMARY): worst=12.99u bone[16]='bone_R-thumb01.mesh' parent[1] R=42.9 exactJoint=6.86u pairs=36  (palette-wide exactWorst=7.27u)
[HANDS_ATTACH] mesh='hands_naked.mesh' owner='hands_naked.mesh' frame=426 nb=38 wext=85.7 rebound=0
  TIER1 rest-coherence: worst=135.8deg bone[13]='bone_R-hand.mesh' count(>5deg)=8 freshRecap=0  xcheck(invOff-vs-restW) worst=135.8deg bone[13]
  TIER2 joint-attach(PRIMARY): worst=15.55u bone[9]='bone_R-thumb01.mesh' parent[13] R=48.5 exactJoint=3.72u pairs=30  (palette-wide exactWorst=5.71u)
[HANDS_ATTACH] mesh='hands_naked.mesh' owner='hands_naked.mesh' frame=436 nb=38 wext=80.3 rebound=0
  TIER1 rest-coherence: worst=67.1deg bone[13]='bone_R-hand.mesh' count(>5deg)=8 freshRecap=0  xcheck(invOff-vs-restW) worst=67.1deg bone[13]
  TIER2 joint-attach(PRIMARY): worst=8.81u bone[13]='bone_R-hand.mesh' parent[5] R=85.0 exactJoint=0.00u pairs=30  (palette-wide exactWorst=5.12u)
[HANDS_ATTACH] mesh='hands_naked.mesh' owner='hands_naked.mesh' frame=436 nb=40 wext=57.1 rebound=0
  TIER1 rest-coherence: worst=127.3deg bone[1]='bone_R-hand.mesh' count(>5deg)=6 freshRecap=0  xcheck(invOff-vs-restW) worst=127.3deg bone[1]
  TIER2 joint-attach(PRIMARY): worst=13.43u bone[16]='bone_R-thumb01.mesh' parent[1] R=42.9 exactJoint=6.88u pairs=36  (palette-wide exactWorst=7.29u)
[HANDS_ATTACH] mesh='hands_naked.mesh' owner='hands_naked.mesh' frame=436 nb=38 wext=84.5 rebound=0
  TIER1 rest-coherence: worst=130.0deg bone[13]='bone_R-hand.mesh' count(>5deg)=8 freshRecap=0  xcheck(invOff-vs-restW) worst=130.0deg bone[13]
  TIER2 joint-attach(PRIMARY): worst=9.07u bone[9]='bone_R-thumb01.mesh' parent[13] R=48.5 exactJoint=2.08u pairs=30  (palette-wide exactWorst=5.55u)
[HANDS_ATTACH] mesh='hands_naked.mesh' owner='hands_naked.mesh' frame=446 nb=38 wext=80.4 rebound=0
  TIER1 rest-coherence: worst=67.1deg bone[13]='bone_R-hand.mesh' count(>5deg)=8 freshRecap=0  xcheck(invOff-vs-restW) worst=67.1deg bone[13]
  TIER2 joint-attach(PRIMARY): worst=9.30u bone[13]='bone_R-hand.mesh' parent[5] R=85.0 exactJoint=0.00u pairs=30  (palette-wide exactWorst=5.20u)
[HANDS_ATTACH] mesh='hands_naked.mesh' owner='hands_naked.mesh' frame=446 nb=40 wext=58.7 rebound=0
  TIER1 rest-coherence: worst=127.3deg bone[1]='bone_R-hand.mesh' count(>5deg)=6 freshRecap=0  xcheck(invOff-vs-restW) worst=127.3deg bone[1]
  TIER2 joint-attach(PRIMARY): worst=13.49u bone[16]='bone_R-thumb01.mesh' parent[1] R=42.9 exactJoint=7.02u pairs=36  (palette-wide exactWorst=7.43u)
[HANDS_ATTACH] mesh='hands_naked.mesh' owner='hands_naked.mesh' frame=446 nb=38 wext=85.7 rebound=0
  TIER1 rest-coherence: worst=130.0deg bone[13]='bone_R-hand.mesh' count(>5deg)=8 freshRecap=0  xcheck(invOff-vs-restW) worst=130.0deg bone[13]
  TIER2 joint-attach(PRIMARY): worst=17.75u bone[9]='bone_R-thumb01.mesh' parent[13] R=48.5 exactJoint=4.24u pairs=30  (palette-wide exactWorst=5.32u)
[HANDS_ATTACH] mesh='hands_naked.mesh' owner='hands_naked.mesh' frame=456 nb=38 wext=80.3 rebound=0
  TIER1 rest-coherence: worst=67.1deg bone[13]='bone_R-hand.mesh' count(>5deg)=8 freshRecap=0  xcheck(invOff-vs-restW) worst=67.1deg bone[13]
  TIER2 joint-attach(PRIMARY): worst=9.28u bone[13]='bone_R-hand.mesh' parent[5] R=85.0 exactJoint=0.00u pairs=30  (palette-wide exactWorst=5.24u)
[HANDS_ATTACH] mesh='hands_naked.mesh' owner='hands_naked.mesh' frame=456 nb=40 wext=60.7 rebound=0
  TIER1 rest-coherence: worst=127.3deg bone[1]='bone_R-hand.mesh' count(>5deg)=6 freshRecap=0  xcheck(invOff-vs-restW) worst=127.3deg bone[1]
  TIER2 joint-attach(PRIMARY): worst=12.04u bone[37]='bone_L-ringfinger-base.mesh' parent[20] R=43.7 exactJoint=7.16u pairs=36  (palette-wide exactWorst=7.27u)
[HANDS_ATTACH] mesh='hands_naked.mesh' owner='hands_naked.mesh' frame=456 nb=38 wext=84.8 rebound=0
  TIER1 rest-coherence: worst=130.0deg bone[13]='bone_R-hand.mesh' count(>5deg)=8 freshRecap=0  xcheck(invOff-vs-restW) worst=130.0deg bone[13]
  TIER2 joint-attach(PRIMARY): worst=18.71u bone[9]='bone_R-thumb01.mesh' parent[13] R=48.5 exactJoint=4.34u pairs=30  (palette-wide exactWorst=6.14u)
[HANDS_ATTACH] mesh='hands_naked.mesh' owner='hands_naked.mesh' frame=466 nb=38 wext=80.3 rebound=0
  TIER1 rest-coherence: worst=67.1deg bone[13]='bone_R-hand.mesh' count(>5deg)=8 freshRecap=0  xcheck(invOff-vs-restW) worst=67.1deg bone[13]
  TIER2 joint-attach(PRIMARY): worst=10.62u bone[13]='bone_R-hand.mesh' parent[5] R=85.0 exactJoint=0.00u pairs=30  (palette-wide exactWorst=5.41u)
[HANDS_ATTACH] mesh='hands_naked.mesh' owner='hands_naked.mesh' frame=466 nb=40 wext=62.1 rebound=0
  TIER1 rest-coherence: worst=127.3deg bone[1]='bone_R-hand.mesh' count(>5deg)=6 freshRecap=0  xcheck(invOff-vs-restW) worst=127.3deg bone[1]
  TIER2 joint-attach(PRIMARY): worst=13.03u bone[35]='bone_L-pinky-base.mesh' parent[20] R=43.6 exactJoint=8.90u pairs=36  (palette-wide exactWorst=8.90u)
[HANDS_ATTACH] mesh='hands_naked.mesh' owner='hands_naked.mesh' frame=466 nb=38 wext=84.2 rebound=0
  TIER1 rest-coherence: worst=130.0deg bone[13]='bone_R-hand.mesh' count(>5deg)=8 freshRecap=0  xcheck(invOff-vs-restW) worst=130.0deg bone[13]
  TIER2 joint-attach(PRIMARY): worst=14.81u bone[9]='bone_R-thumb01.mesh' parent[13] R=48.5 exactJoint=3.07u pairs=30  (palette-wide exactWorst=6.56u)
[HANDS_ATTACH] mesh='hands_naked.mesh' owner='hands_naked.mesh' frame=476 nb=38 wext=80.4 rebound=0
  TIER1 rest-coherence: worst=67.1deg bone[13]='bone_R-hand.mesh' count(>5deg)=8 freshRecap=0  xcheck(invOff-vs-restW) worst=67.1deg bone[13]
  TIER2 joint-attach(PRIMARY): worst=10.71u bone[13]='bone_R-hand.mesh' parent[5] R=85.0 exactJoint=0.00u pairs=30  (palette-wide exactWorst=5.37u)
[HANDS_ATTACH] mesh='hands_naked.mesh' owner='hands_naked.mesh' frame=476 nb=40 wext=63.8 rebound=0
  TIER1 rest-coherence: worst=127.3deg bone[1]='bone_R-hand.mesh' count(>5deg)=6 freshRecap=0  xcheck(invOff-vs-restW) worst=127.3deg bone[1]
  TIER2 joint-attach(PRIMARY): worst=14.31u bone[35]='bone_L-pinky-base.mesh' parent[20] R=43.6 exactJoint=10.84u pairs=36  (palette-wide exactWorst=10.84u)
[HANDS_ATTACH] mesh='hands_naked.mesh' owner='hands_naked.mesh' frame=476 nb=38 wext=83.6 rebound=0
  TIER1 rest-coherence: worst=130.0deg bone[13]='bone_R-hand.mesh' count(>5deg)=8 freshRecap=0  xcheck(invOff-vs-restW) worst=130.0deg bone[13]
  TIER2 joint-attach(PRIMARY): worst=8.77u bone[23]='bone_L-middlefinger01.mesh' parent[29] R=48.1 exactJoint=6.34u pairs=30  (palette-wide exactWorst=6.34u)
[HANDS_ATTACH] mesh='hands_naked.mesh' owner='hands_naked.mesh' frame=486 nb=38 wext=80.5 rebound=0
  TIER1 rest-coherence: worst=67.1deg bone[13]='bone_R-hand.mesh' count(>5deg)=8 freshRecap=0  xcheck(invOff-vs-restW) worst=67.1deg bone[13]
  TIER2 joint-attach(PRIMARY): worst=8.96u bone[13]='bone_R-hand.mesh' parent[5] R=85.0 exactJoint=0.00u pairs=30  (palette-wide exactWorst=5.12u)
[HANDS_ATTACH] mesh='hands_naked.mesh' owner='hands_naked.mesh' frame=486 nb=40 wext=64.9 rebound=0
  TIER1 rest-coherence: worst=127.3deg bone[1]='bone_R-hand.mesh' count(>5deg)=6 freshRecap=0  xcheck(invOff-vs-restW) worst=127.3deg bone[1]
  TIER2 joint-attach(PRIMARY): worst=15.86u bone[35]='bone_L-pinky-base.mesh' parent[20] R=43.6 exactJoint=12.42u pairs=36  (palette-wide exactWorst=12.42u)
[HANDS_ATTACH] mesh='hands_naked.mesh' owner='hands_naked.mesh' frame=486 nb=38 wext=83.2 rebound=0
  TIER1 rest-coherence: worst=130.0deg bone[13]='bone_R-hand.mesh' count(>5deg)=8 freshRecap=0  xcheck(invOff-vs-restW) worst=130.0deg bone[13]
  TIER2 joint-attach(PRIMARY): worst=12.63u bone[1]='bone_R-middlefinger01.mesh' parent[13] R=48.1 exactJoint=3.22u pairs=30  (palette-wide exactWorst=5.68u)
[HANDS_ATTACH] mesh='hands_naked.mesh' owner='hands_naked.mesh' frame=496 nb=38 wext=80.5 rebound=0
  TIER1 rest-coherence: worst=67.1deg bone[13]='bone_R-hand.mesh' count(>5deg)=8 freshRecap=0  xcheck(invOff-vs-restW) worst=67.1deg bone[13]
  TIER2 joint-attach(PRIMARY): worst=7.65u bone[13]='bone_R-hand.mesh' parent[5] R=85.0 exactJoint=0.00u pairs=30  (palette-wide exactWorst=4.93u)
[HANDS_ATTACH] mesh='hands_naked.mesh' owner='hands_naked.mesh' frame=496 nb=40 wext=60.2 rebound=0
  TIER1 rest-coherence: worst=127.3deg bone[1]='bone_R-hand.mesh' count(>5deg)=6 freshRecap=0  xcheck(invOff-vs-restW) worst=127.3deg bone[1]
  TIER2 joint-attach(PRIMARY): worst=10.66u bone[16]='bone_R-thumb01.mesh' parent[1] R=42.9 exactJoint=7.09u pairs=36  (palette-wide exactWorst=7.42u)
[HANDS_ATTACH] mesh='hands_naked.mesh' owner='hands_naked.mesh' frame=496 nb=38 wext=82.6 rebound=0
  TIER1 rest-coherence: worst=142.1deg bone[13]='bone_R-hand.mesh' count(>5deg)=8 freshRecap=0  xcheck(invOff-vs-restW) worst=142.1deg bone[13]
  TIER2 joint-attach(PRIMARY): worst=6.84u bone[30]='bone_L-index01.mesh' parent[29] R=48.0 exactJoint=4.67u pairs=30  (palette-wide exactWorst=4.67u)
[HANDS_ATTACH] mesh='hands_naked.mesh' owner='hands_naked.mesh' frame=506 nb=38 wext=80.4 rebound=0
  TIER1 rest-coherence: worst=67.1deg bone[13]='bone_R-hand.mesh' count(>5deg)=8 freshRecap=0  xcheck(invOff-vs-restW) worst=67.1deg bone[13]
  TIER2 joint-attach(PRIMARY): worst=7.69u bone[13]='bone_R-hand.mesh' parent[5] R=85.0 exactJoint=0.00u pairs=30  (palette-wide exactWorst=4.76u)
[HANDS_ATTACH] mesh='hands_naked.mesh' owner='hands_naked.mesh' frame=506 nb=40 wext=59.8 rebound=0
  TIER1 rest-coherence: worst=127.3deg bone[1]='bone_R-hand.mesh' count(>5deg)=6 freshRecap=0  xcheck(invOff-vs-restW) worst=127.3deg bone[1]
  TIER2 joint-attach(PRIMARY): worst=10.91u bone[16]='bone_R-thumb01.mesh' parent[1] R=42.9 exactJoint=7.02u pairs=36  (palette-wide exactWorst=7.37u)
[HANDS_ATTACH] mesh='hands_naked.mesh' owner='hands_naked.mesh' frame=506 nb=38 wext=81.5 rebound=0
  TIER1 rest-coherence: worst=142.1deg bone[13]='bone_R-hand.mesh' count(>5deg)=8 freshRecap=0  xcheck(invOff-vs-restW) worst=142.1deg bone[13]
  TIER2 joint-attach(PRIMARY): worst=10.18u bone[1]='bone_R-middlefinger01.mesh' parent[13] R=48.1 exactJoint=2.38u pairs=30  (palette-wide exactWorst=4.22u)
[HANDS_ATTACH] mesh='hands_naked.mesh' owner='hands_naked.mesh' frame=516 nb=38 wext=80.3 rebound=0
  TIER1 rest-coherence: worst=67.1deg bone[13]='bone_R-hand.mesh' count(>5deg)=8 freshRecap=0  xcheck(invOff-vs-restW) worst=67.1deg bone[13]
  TIER2 joint-attach(PRIMARY): worst=8.72u bone[13]='bone_R-hand.mesh' parent[5] R=85.0 exactJoint=0.00u pairs=30  (palette-wide exactWorst=4.78u)
[HANDS_ATTACH] mesh='hands_naked.mesh' owner='hands_naked.mesh' frame=516 nb=40 wext=59.0 rebound=0
  TIER1 rest-coherence: worst=127.3deg bone[1]='bone_R-hand.mesh' count(>5deg)=6 freshRecap=0  xcheck(invOff-vs-restW) worst=127.3deg bone[1]
  TIER2 joint-attach(PRIMARY): worst=11.56u bone[16]='bone_R-thumb01.mesh' parent[1] R=42.9 exactJoint=7.26u pairs=36  (palette-wide exactWorst=7.62u)
[HANDS_ATTACH] mesh='hands_naked.mesh' owner='hands_naked.mesh' frame=516 nb=38 wext=81.8 rebound=0
  TIER1 rest-coherence: worst=142.1deg bone[13]='bone_R-hand.mesh' count(>5deg)=8 freshRecap=0  xcheck(invOff-vs-restW) worst=142.1deg bone[13]
  TIER2 joint-attach(PRIMARY): worst=17.82u bone[1]='bone_R-middlefinger01.mesh' parent[13] R=48.1 exactJoint=4.08u pairs=30  (palette-wide exactWorst=4.31u)
[HANDS_ATTACH] mesh='hands_naked.mesh' owner='hands_naked.mesh' frame=526 nb=38 wext=80.3 rebound=0
  TIER1 rest-coherence: worst=67.1deg bone[13]='bone_R-hand.mesh' count(>5deg)=8 freshRecap=0  xcheck(invOff-vs-restW) worst=67.1deg bone[13]
  TIER2 joint-attach(PRIMARY): worst=9.66u bone[13]='bone_R-hand.mesh' parent[5] R=85.0 exactJoint=0.00u pairs=30  (palette-wide exactWorst=4.80u)
[HANDS_ATTACH] mesh='hands_naked.mesh' owner='hands_naked.mesh' frame=526 nb=40 wext=58.8 rebound=0
  TIER1 rest-coherence: worst=127.3deg bone[1]='bone_R-hand.mesh' count(>5deg)=6 freshRecap=0  xcheck(invOff-vs-restW) worst=127.3deg bone[1]
  TIER2 joint-attach(PRIMARY): worst=11.80u bone[16]='bone_R-thumb01.mesh' parent[1] R=42.9 exactJoint=7.15u pairs=36  (palette-wide exactWorst=7.50u)
[HANDS_ATTACH] mesh='hands_naked.mesh' owner='hands_naked.mesh' frame=526 nb=38 wext=81.9 rebound=0
  TIER1 rest-coherence: worst=154.4deg bone[13]='bone_R-hand.mesh' count(>5deg)=8 freshRecap=0  xcheck(invOff-vs-restW) worst=154.4deg bone[13]
  TIER2 joint-attach(PRIMARY): worst=11.24u bone[13]='bone_R-hand.mesh' parent[5] R=73.0 exactJoint=2.34u pairs=30  (palette-wide exactWorst=3.32u)
[HANDS_ATTACH] mesh='hands_naked.mesh' owner='hands_naked.mesh' frame=536 nb=38 wext=80.3 rebound=0
  TIER1 rest-coherence: worst=67.1deg bone[13]='bone_R-hand.mesh' count(>5deg)=8 freshRecap=0  xcheck(invOff-vs-restW) worst=67.1deg bone[13]
  TIER2 joint-attach(PRIMARY): worst=9.52u bone[13]='bone_R-hand.mesh' parent[5] R=85.0 exactJoint=0.00u pairs=30  (palette-wide exactWorst=4.70u)
[HANDS_ATTACH] mesh='hands_naked.mesh' owner='hands_naked.mesh' frame=536 nb=40 wext=59.0 rebound=0
  TIER1 rest-coherence: worst=127.3deg bone[1]='bone_R-hand.mesh' count(>5deg)=6 freshRecap=0  xcheck(invOff-vs-restW) worst=127.3deg bone[1]
  TIER2 joint-attach(PRIMARY): worst=12.63u bone[16]='bone_R-thumb01.mesh' parent[1] R=42.9 exactJoint=6.96u pairs=36  (palette-wide exactWorst=7.29u)
[HANDS_ATTACH] mesh='hands_naked.mesh' owner='hands_naked.mesh' frame=536 nb=38 wext=82.0 rebound=0
  TIER1 rest-coherence: worst=154.4deg bone[13]='bone_R-hand.mesh' count(>5deg)=8 freshRecap=0  xcheck(invOff-vs-restW) worst=154.4deg bone[13]
  TIER2 joint-attach(PRIMARY): worst=10.44u bone[1]='bone_R-middlefinger01.mesh' parent[13] R=48.1 exactJoint=2.28u pairs=30  (palette-wide exactWorst=3.78u)
[HANDS_ATTACH] mesh='hands_naked.mesh' owner='hands_naked.mesh' frame=546 nb=38 wext=80.3 rebound=0
  TIER1 rest-coherence: worst=67.1deg bone[13]='bone_R-hand.mesh' count(>5deg)=8 freshRecap=0  xcheck(invOff-vs-restW) worst=67.1deg bone[13]
  TIER2 joint-attach(PRIMARY): worst=8.93u bone[13]='bone_R-hand.mesh' parent[5] R=85.0 exactJoint=0.00u pairs=30  (palette-wide exactWorst=4.55u)
[HANDS_ATTACH] mesh='hands_naked.mesh' owner='hands_naked.mesh' frame=546 nb=40 wext=58.7 rebound=0
  TIER1 rest-coherence: worst=127.3deg bone[1]='bone_R-hand.mesh' count(>5deg)=6 freshRecap=0  xcheck(invOff-vs-restW) worst=127.3deg bone[1]
  TIER2 joint-attach(PRIMARY): worst=12.86u bone[16]='bone_R-thumb01.mesh' parent[1] R=42.9 exactJoint=6.24u pairs=36  (palette-wide exactWorst=6.53u)
[HANDS_ATTACH] mesh='hands_naked.mesh' owner='hands_naked.mesh' frame=546 nb=38 wext=81.9 rebound=0
  TIER1 rest-coherence: worst=154.4deg bone[13]='bone_R-hand.mesh' count(>5deg)=8 freshRecap=0  xcheck(invOff-vs-restW) worst=154.4deg bone[13]
  TIER2 joint-attach(PRIMARY): worst=13.52u bone[1]='bone_R-middlefinger01.mesh' parent[13] R=48.1 exactJoint=2.95u pairs=30  (palette-wide exactWorst=4.31u)
[HANDS_ATTACH] mesh='hands_naked.mesh' owner='hands_naked.mesh' frame=556 nb=38 wext=80.7 rebound=0
  TIER1 rest-coherence: worst=67.1deg bone[13]='bone_R-hand.mesh' count(>5deg)=8 freshRecap=0  xcheck(invOff-vs-restW) worst=67.1deg bone[13]
  TIER2 joint-attach(PRIMARY): worst=9.74u bone[13]='bone_R-hand.mesh' parent[5] R=85.0 exactJoint=0.00u pairs=30  (palette-wide exactWorst=4.82u)
[HANDS_ATTACH] mesh='hands_naked.mesh' owner='hands_naked.mesh' frame=556 nb=40 wext=58.6 rebound=0
  TIER1 rest-coherence: worst=127.3deg bone[1]='bone_R-hand.mesh' count(>5deg)=6 freshRecap=0  xcheck(invOff-vs-restW) worst=127.3deg bone[1]
  TIER2 joint-attach(PRIMARY): worst=11.54u bone[16]='bone_R-thumb01.mesh' parent[1] R=42.9 exactJoint=5.49u pairs=36  (palette-wide exactWorst=5.72u)
[HANDS_ATTACH] mesh='hands_naked.mesh' owner='hands_naked.mesh' frame=556 nb=38 wext=82.1 rebound=0
  TIER1 rest-coherence: worst=154.4deg bone[13]='bone_R-hand.mesh' count(>5deg)=8 freshRecap=0  xcheck(invOff-vs-restW) worst=154.4deg bone[13]
  TIER2 joint-attach(PRIMARY): worst=15.26u bone[1]='bone_R-middlefinger01.mesh' parent[13] R=48.1 exactJoint=3.45u pairs=30  (palette-wide exactWorst=5.08u)
[HANDS_ATTACH] mesh='hands_naked.mesh' owner='hands_naked.mesh' frame=566 nb=38 wext=81.3 rebound=0
  TIER1 rest-coherence: worst=67.1deg bone[13]='bone_R-hand.mesh' count(>5deg)=8 freshRecap=0  xcheck(invOff-vs-restW) worst=67.1deg bone[13]
  TIER2 joint-attach(PRIMARY): worst=11.17u bone[13]='bone_R-hand.mesh' parent[5] R=85.0 exactJoint=0.00u pairs=30  (palette-wide exactWorst=5.12u)
[HANDS_ATTACH] mesh='hands_naked.mesh' owner='hands_naked.mesh' frame=566 nb=40 wext=58.6 rebound=0
  TIER1 rest-coherence: worst=127.3deg bone[1]='bone_R-hand.mesh' count(>5deg)=6 freshRecap=0  xcheck(invOff-vs-restW) worst=127.3deg bone[1]
  TIER2 joint-attach(PRIMARY): worst=10.84u bone[16]='bone_R-thumb01.mesh' parent[1] R=42.9 exactJoint=5.19u pairs=36  (palette-wide exactWorst=5.40u)
[HANDS_ATTACH] mesh='hands_naked.mesh' owner='hands_naked.mesh' frame=566 nb=38 wext=81.9 rebound=0
  TIER1 rest-coherence: worst=154.4deg bone[13]='bone_R-hand.mesh' count(>5deg)=8 freshRecap=0  xcheck(invOff-vs-restW) worst=154.4deg bone[13]
  TIER2 joint-attach(PRIMARY): worst=16.81u bone[1]='bone_R-middlefinger01.mesh' parent[13] R=48.1 exactJoint=3.82u pairs=30  (palette-wide exactWorst=5.75u)
[HANDS_ATTACH] mesh='hands_naked.mesh' owner='hands_naked.mesh' frame=576 nb=38 wext=81.4 rebound=0
  TIER1 rest-coherence: worst=67.1deg bone[13]='bone_R-hand.mesh' count(>5deg)=8 freshRecap=0  xcheck(invOff-vs-restW) worst=67.1deg bone[13]
  TIER2 joint-attach(PRIMARY): worst=11.08u bone[13]='bone_R-hand.mesh' parent[5] R=85.0 exactJoint=0.00u pairs=30  (palette-wide exactWorst=4.66u)
[HANDS_ATTACH] mesh='hands_naked.mesh' owner='hands_naked.mesh' frame=576 nb=40 wext=59.5 rebound=0
  TIER1 rest-coherence: worst=127.3deg bone[1]='bone_R-hand.mesh' count(>5deg)=6 freshRecap=0  xcheck(invOff-vs-restW) worst=127.3deg bone[1]
  TIER2 joint-attach(PRIMARY): worst=11.32u bone[16]='bone_R-thumb01.mesh' parent[1] R=42.9 exactJoint=5.15u pairs=36  (palette-wide exactWorst=5.36u)
[HANDS_ATTACH] mesh='hands_naked.mesh' owner='hands_naked.mesh' frame=576 nb=38 wext=81.7 rebound=0
  TIER1 rest-coherence: worst=154.4deg bone[13]='bone_R-hand.mesh' count(>5deg)=8 freshRecap=0  xcheck(invOff-vs-restW) worst=154.4deg bone[13]
  TIER2 joint-attach(PRIMARY): worst=16.94u bone[1]='bone_R-middlefinger01.mesh' parent[13] R=48.1 exactJoint=3.82u pairs=30  (palette-wide exactWorst=5.83u)
[HANDS_ATTACH] mesh='hands_naked.mesh' owner='hands_naked.mesh' frame=586 nb=38 wext=82.0 rebound=0
  TIER1 rest-coherence: worst=67.1deg bone[13]='bone_R-hand.mesh' count(>5deg)=8 freshRecap=0  xcheck(invOff-vs-restW) worst=67.1deg bone[13]
  TIER2 joint-attach(PRIMARY): worst=12.08u bone[13]='bone_R-hand.mesh' parent[5] R=85.0 exactJoint=0.00u pairs=30  (palette-wide exactWorst=5.00u)
[HANDS_ATTACH] mesh='hands_naked.mesh' owner='hands_naked.mesh' frame=586 nb=40 wext=59.6 rebound=0
  TIER1 rest-coherence: worst=127.3deg bone[1]='bone_R-hand.mesh' count(>5deg)=6 freshRecap=0  xcheck(invOff-vs-restW) worst=127.3deg bone[1]
  TIER2 joint-attach(PRIMARY): worst=11.00u bone[16]='bone_R-thumb01.mesh' parent[1] R=42.9 exactJoint=4.94u pairs=36  (palette-wide exactWorst=5.15u)
[HANDS_ATTACH] mesh='hands_naked.mesh' owner='hands_naked.mesh' frame=586 nb=38 wext=81.7 rebound=0
  TIER1 rest-coherence: worst=154.4deg bone[13]='bone_R-hand.mesh' count(>5deg)=8 freshRecap=0  xcheck(invOff-vs-restW) worst=154.4deg bone[13]
  TIER2 joint-attach(PRIMARY): worst=16.16u bone[1]='bone_R-middlefinger01.mesh' parent[13] R=48.1 exactJoint=3.50u pairs=30  (palette-wide exactWorst=5.98u)
[HANDS_ATTACH] mesh='hands_naked.mesh' owner='hands_naked.mesh' frame=596 nb=38 wext=82.3 rebound=0
  TIER1 rest-coherence: worst=67.1deg bone[13]='bone_R-hand.mesh' count(>5deg)=8 freshRecap=0  xcheck(invOff-vs-restW) worst=67.1deg bone[13]
  TIER2 joint-attach(PRIMARY): worst=12.56u bone[9]='bone_R-thumb01.mesh' parent[13] R=48.5 exactJoint=4.91u pairs=30  (palette-wide exactWorst=5.20u)
[HANDS_ATTACH] mesh='hands_naked.mesh' owner='hands_naked.mesh' frame=596 nb=40 wext=60.1 rebound=0
  TIER1 rest-coherence: worst=127.3deg bone[1]='bone_R-hand.mesh' count(>5deg)=6 freshRecap=0  xcheck(invOff-vs-restW) worst=127.3deg bone[1]
  TIER2 joint-attach(PRIMARY): worst=11.40u bone[16]='bone_R-thumb01.mesh' parent[1] R=42.9 exactJoint=4.94u pairs=36  (palette-wide exactWorst=5.14u)
[HANDS_ATTACH] mesh='hands_naked.mesh' owner='hands_naked.mesh' frame=596 nb=38 wext=81.9 rebound=0
  TIER1 rest-coherence: worst=154.4deg bone[13]='bone_R-hand.mesh' count(>5deg)=8 freshRecap=0  xcheck(invOff-vs-restW) worst=154.4deg bone[13]
  TIER2 joint-attach(PRIMARY): worst=15.86u bone[1]='bone_R-middlefinger01.mesh' parent[13] R=48.1 exactJoint=3.54u pairs=30  (palette-wide exactWorst=6.26u)
[HANDS_ATTACH] mesh='hands_naked.mesh' owner='hands_naked.mesh' frame=606 nb=38 wext=82.2 rebound=0
  TIER1 rest-coherence: worst=67.1deg bone[13]='bone_R-hand.mesh' count(>5deg)=8 freshRecap=0  xcheck(invOff-vs-restW) worst=67.1deg bone[13]
  TIER2 joint-attach(PRIMARY): worst=11.33u bone[9]='bone_R-thumb01.mesh' parent[13] R=48.5 exactJoint=4.67u pairs=30  (palette-wide exactWorst=4.91u)
[HANDS_ATTACH] mesh='hands_naked.mesh' owner='hands_naked.mesh' frame=606 nb=40 wext=60.4 rebound=0
  TIER1 rest-coherence: worst=127.3deg bone[1]='bone_R-hand.mesh' count(>5deg)=6 freshRecap=0  xcheck(invOff-vs-restW) worst=127.3deg bone[1]
  TIER2 joint-attach(PRIMARY): worst=12.56u bone[16]='bone_R-thumb01.mesh' parent[1] R=42.9 exactJoint=4.37u pairs=36  (palette-wide exactWorst=4.53u)
[HANDS_ATTACH] mesh='hands_naked.mesh' owner='hands_naked.mesh' frame=606 nb=38 wext=81.5 rebound=0
  TIER1 rest-coherence: worst=154.4deg bone[13]='bone_R-hand.mesh' count(>5deg)=8 freshRecap=0  xcheck(invOff-vs-restW) worst=154.4deg bone[13]
  TIER2 joint-attach(PRIMARY): worst=14.53u bone[1]='bone_R-middlefinger01.mesh' parent[13] R=48.1 exactJoint=3.51u pairs=30  (palette-wide exactWorst=6.53u)
[HANDS_ATTACH] mesh='hands_naked.mesh' owner='hands_naked.mesh' frame=616 nb=38 wext=81.7 rebound=0
  TIER1 rest-coherence: worst=67.1deg bone[13]='bone_R-hand.mesh' count(>5deg)=8 freshRecap=0  xcheck(invOff-vs-restW) worst=67.1deg bone[13]
  TIER2 joint-attach(PRIMARY): worst=9.07u bone[9]='bone_R-thumb01.mesh' parent[13] R=48.5 exactJoint=4.08u pairs=30  (palette-wide exactWorst=4.25u)
[HANDS_ATTACH] mesh='hands_naked.mesh' owner='hands_naked.mesh' frame=616 nb=40 wext=60.5 rebound=0
  TIER1 rest-coherence: worst=127.3deg bone[1]='bone_R-hand.mesh' count(>5deg)=6 freshRecap=0  xcheck(invOff-vs-restW) worst=127.3deg bone[1]
  TIER2 joint-attach(PRIMARY): worst=12.20u bone[16]='bone_R-thumb01.mesh' parent[1] R=42.9 exactJoint=3.79u pairs=36  (palette-wide exactWorst=4.13u)
[HANDS_ATTACH] mesh='hands_naked.mesh' owner='hands_naked.mesh' frame=616 nb=38 wext=81.0 rebound=0
  TIER1 rest-coherence: worst=154.4deg bone[13]='bone_R-hand.mesh' count(>5deg)=8 freshRecap=0  xcheck(invOff-vs-restW) worst=154.4deg bone[13]
  TIER2 joint-attach(PRIMARY): worst=15.16u bone[30]='bone_L-index01.mesh' parent[29] R=48.0 exactJoint=6.78u pairs=30  (palette-wide exactWorst=6.88u)
[HANDS_ATTACH] mesh='hands_naked.mesh' owner='hands_naked.mesh' frame=626 nb=38 wext=81.8 rebound=0
  TIER1 rest-coherence: worst=67.1deg bone[13]='bone_R-hand.mesh' count(>5deg)=8 freshRecap=0  xcheck(invOff-vs-restW) worst=67.1deg bone[13]
  TIER2 joint-attach(PRIMARY): worst=9.36u bone[9]='bone_R-thumb01.mesh' parent[13] R=48.5 exactJoint=4.25u pairs=30  (palette-wide exactWorst=4.43u)
[HANDS_ATTACH] mesh='hands_naked.mesh' owner='hands_naked.mesh' frame=626 nb=40 wext=60.1 rebound=0
  TIER1 rest-coherence: worst=127.3deg bone[1]='bone_R-hand.mesh' count(>5deg)=6 freshRecap=0  xcheck(invOff-vs-restW) worst=127.3deg bone[1]
  TIER2 joint-attach(PRIMARY): worst=11.33u bone[16]='bone_R-thumb01.mesh' parent[1] R=42.9 exactJoint=3.92u pairs=36  (palette-wide exactWorst=4.81u)
[HANDS_ATTACH] mesh='hands_naked.mesh' owner='hands_naked.mesh' frame=626 nb=38 wext=80.6 rebound=0
  TIER1 rest-coherence: worst=154.4deg bone[13]='bone_R-hand.mesh' count(>5deg)=8 freshRecap=0  xcheck(invOff-vs-restW) worst=154.4deg bone[13]
  TIER2 joint-attach(PRIMARY): worst=16.01u bone[30]='bone_L-index01.mesh' parent[29] R=48.0 exactJoint=7.19u pairs=30  (palette-wide exactWorst=7.29u)
[HANDS_ATTACH] mesh='hands_naked.mesh' owner='hands_naked.mesh' frame=636 nb=38 wext=81.6 rebound=0
  TIER1 rest-coherence: worst=67.1deg bone[13]='bone_R-hand.mesh' count(>5deg)=8 freshRecap=0  xcheck(invOff-vs-restW) worst=67.1deg bone[13]
  TIER2 joint-attach(PRIMARY): worst=9.29u bone[13]='bone_R-hand.mesh' parent[5] R=85.0 exactJoint=0.00u pairs=30  (palette-wide exactWorst=4.31u)
[HANDS_ATTACH] mesh='hands_naked.mesh' owner='hands_naked.mesh' frame=636 nb=40 wext=59.8 rebound=0
  TIER1 rest-coherence: worst=127.3deg bone[1]='bone_R-hand.mesh' count(>5deg)=6 freshRecap=0  xcheck(invOff-vs-restW) worst=127.3deg bone[1]
  TIER2 joint-attach(PRIMARY): worst=12.45u bone[37]='bone_L-ringfinger-base.mesh' parent[20] R=43.7 exactJoint=6.34u pairs=36  (palette-wide exactWorst=6.44u)
[HANDS_ATTACH] mesh='hands_naked.mesh' owner='hands_naked.mesh' frame=636 nb=38 wext=80.3 rebound=0
  TIER1 rest-coherence: worst=154.4deg bone[13]='bone_R-hand.mesh' count(>5deg)=8 freshRecap=0  xcheck(invOff-vs-restW) worst=154.4deg bone[13]
  TIER2 joint-attach(PRIMARY): worst=18.35u bone[9]='bone_R-thumb01.mesh' parent[13] R=48.5 exactJoint=2.44u pairs=30  (palette-wide exactWorst=7.93u)
[HANDS_ATTACH] mesh='hands_naked.mesh' owner='hands_naked.mesh' frame=646 nb=38 wext=81.5 rebound=0
  TIER1 rest-coherence: worst=67.1deg bone[13]='bone_R-hand.mesh' count(>5deg)=8 freshRecap=0  xcheck(invOff-vs-restW) worst=67.1deg bone[13]
  TIER2 joint-attach(PRIMARY): worst=10.23u bone[13]='bone_R-hand.mesh' parent[5] R=85.0 exactJoint=0.00u pairs=30  (palette-wide exactWorst=4.79u)
[HANDS_ATTACH] mesh='hands_naked.mesh' owner='hands_naked.mesh' frame=646 nb=40 wext=59.7 rebound=0
  TIER1 rest-coherence: worst=127.3deg bone[1]='bone_R-hand.mesh' count(>5deg)=6 freshRecap=0  xcheck(invOff-vs-restW) worst=127.3deg bone[1]
  TIER2 joint-attach(PRIMARY): worst=15.92u bone[37]='bone_L-ringfinger-base.mesh' parent[20] R=43.7 exactJoint=8.55u pairs=36  (palette-wide exactWorst=8.69u)
[HANDS_ATTACH] mesh='hands_naked.mesh' owner='hands_naked.mesh' frame=646 nb=38 wext=80.3 rebound=0
  TIER1 rest-coherence: worst=148.5deg bone[13]='bone_R-hand.mesh' count(>5deg)=8 freshRecap=0  xcheck(invOff-vs-restW) worst=148.4deg bone[13]
  TIER2 joint-attach(PRIMARY): worst=19.61u bone[30]='bone_L-index01.mesh' parent[29] R=48.0 exactJoint=9.09u pairs=30  (palette-wide exactWorst=9.21u)
[HANDS_ATTACH] mesh='hands_naked.mesh' owner='hands_naked.mesh' frame=656 nb=38 wext=80.9 rebound=0
  TIER1 rest-coherence: worst=67.1deg bone[13]='bone_R-hand.mesh' count(>5deg)=8 freshRecap=0  xcheck(invOff-vs-restW) worst=67.1deg bone[13]
  TIER2 joint-attach(PRIMARY): worst=10.97u bone[13]='bone_R-hand.mesh' parent[5] R=85.0 exactJoint=0.00u pairs=30  (palette-wide exactWorst=4.81u)
[HANDS_ATTACH] mesh='hands_naked.mesh' owner='hands_naked.mesh' frame=656 nb=40 wext=60.7 rebound=0
  TIER1 rest-coherence: worst=127.3deg bone[1]='bone_R-hand.mesh' count(>5deg)=6 freshRecap=0  xcheck(invOff-vs-restW) worst=127.3deg bone[1]
  TIER2 joint-attach(PRIMARY): worst=19.00u bone[37]='bone_L-ringfinger-base.mesh' parent[20] R=43.7 exactJoint=10.64u pairs=36  (palette-wide exactWorst=10.80u)
[HANDS_ATTACH] mesh='hands_naked.mesh' owner='hands_naked.mesh' frame=656 nb=38 wext=80.3 rebound=0
  TIER1 rest-coherence: worst=148.5deg bone[13]='bone_R-hand.mesh' count(>5deg)=8 freshRecap=0  xcheck(invOff-vs-restW) worst=148.4deg bone[13]
  TIER2 joint-attach(PRIMARY): worst=21.45u bone[30]='bone_L-index01.mesh' parent[29] R=48.0 exactJoint=10.27u pairs=30  (palette-wide exactWorst=10.39u)
[HANDS_ATTACH] mesh='hands_naked.mesh' owner='hands_naked.mesh' frame=666 nb=38 wext=80.3 rebound=0
  TIER1 rest-coherence: worst=67.1deg bone[13]='bone_R-hand.mesh' count(>5deg)=8 freshRecap=0  xcheck(invOff-vs-restW) worst=67.1deg bone[13]
  TIER2 joint-attach(PRIMARY): worst=10.29u bone[13]='bone_R-hand.mesh' parent[5] R=85.0 exactJoint=0.00u pairs=30  (palette-wide exactWorst=4.88u)
[HANDS_ATTACH] mesh='hands_naked.mesh' owner='hands_naked.mesh' frame=666 nb=40 wext=61.3 rebound=0
  TIER1 rest-coherence: worst=127.3deg bone[1]='bone_R-hand.mesh' count(>5deg)=6 freshRecap=0  xcheck(invOff-vs-restW) worst=127.3deg bone[1]
  TIER2 joint-attach(PRIMARY): worst=20.26u bone[37]='bone_L-ringfinger-base.mesh' parent[20] R=43.7 exactJoint=11.53u pairs=36  (palette-wide exactWorst=11.71u)
[HANDS_ATTACH] mesh='hands_naked.mesh' owner='hands_naked.mesh' frame=666 nb=38 wext=80.9 rebound=0
  TIER1 rest-coherence: worst=148.5deg bone[13]='bone_R-hand.mesh' count(>5deg)=8 freshRecap=0  xcheck(invOff-vs-restW) worst=148.4deg bone[13]
  TIER2 joint-attach(PRIMARY): worst=21.46u bone[30]='bone_L-index01.mesh' parent[29] R=48.0 exactJoint=10.86u pairs=30  (palette-wide exactWorst=10.99u)
[HANDS_ATTACH] mesh='hands_naked.mesh' owner='hands_naked.mesh' frame=676 nb=38 wext=80.3 rebound=0
  TIER1 rest-coherence: worst=67.1deg bone[13]='bone_R-hand.mesh' count(>5deg)=8 freshRecap=0  xcheck(invOff-vs-restW) worst=67.1deg bone[13]
  TIER2 joint-attach(PRIMARY): worst=7.88u bone[13]='bone_R-hand.mesh' parent[5] R=85.0 exactJoint=0.00u pairs=30  (palette-wide exactWorst=4.42u)
[HANDS_ATTACH] mesh='hands_naked.mesh' owner='hands_naked.mesh' frame=676 nb=40 wext=61.6 rebound=0
  TIER1 rest-coherence: worst=127.3deg bone[1]='bone_R-hand.mesh' count(>5deg)=6 freshRecap=0  xcheck(invOff-vs-restW) worst=127.3deg bone[1]
  TIER2 joint-attach(PRIMARY): worst=21.28u bone[37]='bone_L-ringfinger-base.mesh' parent[20] R=43.7 exactJoint=11.63u pairs=36  (palette-wide exactWorst=11.82u)
[HANDS_ATTACH] mesh='hands_naked.mesh' owner='hands_naked.mesh' frame=676 nb=38 wext=81.2 rebound=0
  TIER1 rest-coherence: worst=148.5deg bone[13]='bone_R-hand.mesh' count(>5deg)=8 freshRecap=0  xcheck(invOff-vs-restW) worst=148.4deg bone[13]
  TIER2 joint-attach(PRIMARY): worst=23.02u bone[30]='bone_L-index01.mesh' parent[29] R=48.0 exactJoint=12.03u pairs=30  (palette-wide exactWorst=12.19u)
[HANDS_ATTACH] mesh='hands_naked.mesh' owner='hands_naked.mesh' frame=686 nb=38 wext=80.3 rebound=0
  TIER1 rest-coherence: worst=67.1deg bone[13]='bone_R-hand.mesh' count(>5deg)=8 freshRecap=0  xcheck(invOff-vs-restW) worst=67.1deg bone[13]
  TIER2 joint-attach(PRIMARY): worst=8.38u bone[13]='bone_R-hand.mesh' parent[5] R=85.0 exactJoint=0.00u pairs=30  (palette-wide exactWorst=4.60u)
[HANDS_ATTACH] mesh='hands_naked.mesh' owner='hands_naked.mesh' frame=686 nb=40 wext=61.5 rebound=0
  TIER1 rest-coherence: worst=127.3deg bone[1]='bone_R-hand.mesh' count(>5deg)=6 freshRecap=0  xcheck(invOff-vs-restW) worst=127.3deg bone[1]
  TIER2 joint-attach(PRIMARY): worst=21.26u bone[37]='bone_L-ringfinger-base.mesh' parent[20] R=43.7 exactJoint=11.63u pairs=36  (palette-wide exactWorst=11.82u)
[HANDS_ATTACH] mesh='hands_naked.mesh' owner='hands_naked.mesh' frame=686 nb=38 wext=81.3 rebound=0
  TIER1 rest-coherence: worst=148.5deg bone[13]='bone_R-hand.mesh' count(>5deg)=8 freshRecap=0  xcheck(invOff-vs-restW) worst=148.4deg bone[13]
  TIER2 joint-attach(PRIMARY): worst=25.58u bone[30]='bone_L-index01.mesh' parent[29] R=48.0 exactJoint=13.57u pairs=30  (palette-wide exactWorst=13.75u)
[HANDS_ATTACH] mesh='hands_naked.mesh' owner='hands_naked.mesh' frame=696 nb=38 wext=80.4 rebound=0
  TIER1 rest-coherence: worst=67.1deg bone[13]='bone_R-hand.mesh' count(>5deg)=8 freshRecap=0  xcheck(invOff-vs-restW) worst=67.1deg bone[13]
  TIER2 joint-attach(PRIMARY): worst=9.43u bone[13]='bone_R-hand.mesh' parent[5] R=85.0 exactJoint=0.00u pairs=30  (palette-wide exactWorst=5.08u)
[HANDS_ATTACH] mesh='hands_naked.mesh' owner='hands_naked.mesh' frame=696 nb=40 wext=61.3 rebound=0
  TIER1 rest-coherence: worst=127.3deg bone[1]='bone_R-hand.mesh' count(>5deg)=6 freshRecap=0  xcheck(invOff-vs-restW) worst=127.3deg bone[1]
  TIER2 joint-attach(PRIMARY): worst=21.29u bone[37]='bone_L-ringfinger-base.mesh' parent[20] R=43.7 exactJoint=11.53u pairs=36  (palette-wide exactWorst=11.72u)
[HANDS_ATTACH] mesh='hands_naked.mesh' owner='hands_naked.mesh' frame=696 nb=38 wext=82.1 rebound=0
  TIER1 rest-coherence: worst=148.5deg bone[13]='bone_R-hand.mesh' count(>5deg)=8 freshRecap=0  xcheck(invOff-vs-restW) worst=148.4deg bone[13]
  TIER2 joint-attach(PRIMARY): worst=27.85u bone[30]='bone_L-index01.mesh' parent[29] R=48.0 exactJoint=15.02u pairs=30  (palette-wide exactWorst=15.22u)
[HANDS_ATTACH] mesh='hands_naked.mesh' owner='hands_naked.mesh' frame=706 nb=38 wext=80.6 rebound=0
  TIER1 rest-coherence: worst=67.1deg bone[13]='bone_R-hand.mesh' count(>5deg)=8 freshRecap=0  xcheck(invOff-vs-restW) worst=67.1deg bone[13]
  TIER2 joint-attach(PRIMARY): worst=9.95u bone[13]='bone_R-hand.mesh' parent[5] R=85.0 exactJoint=0.00u pairs=30  (palette-wide exactWorst=5.37u)
[HANDS_ATTACH] mesh='hands_naked.mesh' owner='hands_naked.mesh' frame=706 nb=40 wext=61.4 rebound=0
  TIER1 rest-coherence: worst=127.3deg bone[1]='bone_R-hand.mesh' count(>5deg)=6 freshRecap=0  xcheck(invOff-vs-restW) worst=127.3deg bone[1]
  TIER2 joint-attach(PRIMARY): worst=21.99u bone[37]='bone_L-ringfinger-base.mesh' parent[20] R=43.7 exactJoint=11.53u pairs=36  (palette-wide exactWorst=11.72u)
[HANDS_ATTACH] mesh='hands_naked.mesh' owner='hands_naked.mesh' frame=706 nb=38 wext=80.3 rebound=0
  TIER1 rest-coherence: worst=133.9deg bone[13]='bone_R-hand.mesh' count(>5deg)=8 freshRecap=0  xcheck(invOff-vs-restW) worst=133.9deg bone[13]
  TIER2 joint-attach(PRIMARY): worst=19.06u bone[13]='bone_R-hand.mesh' parent[5] R=73.6 exactJoint=4.33u pairs=30  (palette-wide exactWorst=4.48u)
[HANDS_ATTACH] mesh='hands_naked.mesh' owner='hands_naked.mesh' frame=716 nb=38 wext=80.7 rebound=0
  TIER1 rest-coherence: worst=67.1deg bone[13]='bone_R-hand.mesh' count(>5deg)=8 freshRecap=0  xcheck(invOff-vs-restW) worst=67.1deg bone[13]
  TIER2 joint-attach(PRIMARY): worst=9.09u bone[13]='bone_R-hand.mesh' parent[5] R=85.0 exactJoint=0.00u pairs=30  (palette-wide exactWorst=5.52u)
[HANDS_ATTACH] mesh='hands_naked.mesh' owner='hands_naked.mesh' frame=716 nb=40 wext=61.3 rebound=0
  TIER1 rest-coherence: worst=127.3deg bone[1]='bone_R-hand.mesh' count(>5deg)=6 freshRecap=0  xcheck(invOff-vs-restW) worst=127.3deg bone[1]
  TIER2 joint-attach(PRIMARY): worst=16.71u bone[11]='bone_R-pinky-base.mesh' parent[1] R=43.6 exactJoint=9.11u pairs=36  (palette-wide exactWorst=9.11u)
[HANDS_ATTACH] mesh='hands_naked.mesh' owner='hands_naked.mesh' frame=716 nb=38 wext=80.3 rebound=0
  TIER1 rest-coherence: worst=133.9deg bone[13]='bone_R-hand.mesh' count(>5deg)=8 freshRecap=0  xcheck(invOff-vs-restW) worst=133.9deg bone[13]
  TIER2 joint-attach(PRIMARY): worst=19.73u bone[13]='bone_R-hand.mesh' parent[5] R=73.6 exactJoint=4.33u pairs=30  (palette-wide exactWorst=4.48u)
[HANDS_ATTACH] mesh='hands_naked.mesh' owner='hands_naked.mesh' frame=726 nb=38 wext=80.8 rebound=0
  TIER1 rest-coherence: worst=67.1deg bone[13]='bone_R-hand.mesh' count(>5deg)=8 freshRecap=0  xcheck(invOff-vs-restW) worst=67.1deg bone[13]
  TIER2 joint-attach(PRIMARY): worst=7.94u bone[13]='bone_R-hand.mesh' parent[5] R=85.0 exactJoint=0.00u pairs=30  (palette-wide exactWorst=5.41u)
[HANDS_ATTACH] mesh='hands_naked.mesh' owner='hands_naked.mesh' frame=726 nb=40 wext=61.4 rebound=0
  TIER1 rest-coherence: worst=127.3deg bone[1]='bone_R-hand.mesh' count(>5deg)=6 freshRecap=0  xcheck(invOff-vs-restW) worst=127.3deg bone[1]
  TIER2 joint-attach(PRIMARY): worst=16.91u bone[11]='bone_R-pinky-base.mesh' parent[1] R=43.6 exactJoint=9.58u pairs=36  (palette-wide exactWorst=9.58u)
[HANDS_ATTACH] mesh='hands_naked.mesh' owner='hands_naked.mesh' frame=726 nb=38 wext=80.3 rebound=0
  TIER1 rest-coherence: worst=133.9deg bone[13]='bone_R-hand.mesh' count(>5deg)=8 freshRecap=0  xcheck(invOff-vs-restW) worst=133.9deg bone[13]
  TIER2 joint-attach(PRIMARY): worst=20.52u bone[13]='bone_R-hand.mesh' parent[5] R=73.6 exactJoint=4.33u pairs=30  (palette-wide exactWorst=4.48u)
[HANDS_ATTACH] mesh='hands_naked.mesh' owner='hands_naked.mesh' frame=736 nb=38 wext=80.7 rebound=0
  TIER1 rest-coherence: worst=67.1deg bone[13]='bone_R-hand.mesh' count(>5deg)=8 freshRecap=0  xcheck(invOff-vs-restW) worst=67.1deg bone[13]
  TIER2 joint-attach(PRIMARY): worst=8.08u bone[13]='bone_R-hand.mesh' parent[5] R=85.0 exactJoint=0.00u pairs=30  (palette-wide exactWorst=5.25u)
[HANDS_ATTACH] mesh='hands_naked.mesh' owner='hands_naked.mesh' frame=736 nb=40 wext=62.0 rebound=0
  TIER1 rest-coherence: worst=127.3deg bone[1]='bone_R-hand.mesh' count(>5deg)=6 freshRecap=0  xcheck(invOff-vs-restW) worst=127.3deg bone[1]
  TIER2 joint-attach(PRIMARY): worst=18.75u bone[21]='bone_R-ringfinger-base.mesh' parent[1] R=43.7 exactJoint=10.87u pairs=36  (palette-wide exactWorst=11.02u)
[HANDS_ATTACH] mesh='hands_naked.mesh' owner='hands_naked.mesh' frame=736 nb=38 wext=80.3 rebound=0
  TIER1 rest-coherence: worst=133.9deg bone[13]='bone_R-hand.mesh' count(>5deg)=8 freshRecap=0  xcheck(invOff-vs-restW) worst=133.9deg bone[13]
  TIER2 joint-attach(PRIMARY): worst=15.96u bone[29]='bone_L-hand.mesh' parent[22] R=39.6 exactJoint=4.48u pairs=30  (palette-wide exactWorst=4.48u)
[HANDS_ATTACH] mesh='hands_naked.mesh' owner='hands_naked.mesh' frame=746 nb=38 wext=80.7 rebound=0
  TIER1 rest-coherence: worst=67.1deg bone[13]='bone_R-hand.mesh' count(>5deg)=8 freshRecap=0  xcheck(invOff-vs-restW) worst=67.1deg bone[13]
  TIER2 joint-attach(PRIMARY): worst=8.46u bone[13]='bone_R-hand.mesh' parent[5] R=85.0 exactJoint=0.00u pairs=30  (palette-wide exactWorst=5.06u)
[HANDS_ATTACH] mesh='hands_naked.mesh' owner='hands_naked.mesh' frame=746 nb=40 wext=61.1 rebound=0
  TIER1 rest-coherence: worst=127.3deg bone[1]='bone_R-hand.mesh' count(>5deg)=6 freshRecap=0  xcheck(invOff-vs-restW) worst=127.3deg bone[1]
  TIER2 joint-attach(PRIMARY): worst=20.94u bone[11]='bone_R-pinky-base.mesh' parent[1] R=43.6 exactJoint=12.29u pairs=36  (palette-wide exactWorst=12.29u)
[HANDS_ATTACH] mesh='hands_naked.mesh' owner='hands_naked.mesh' frame=746 nb=38 wext=81.0 rebound=0
  TIER1 rest-coherence: worst=133.9deg bone[13]='bone_R-hand.mesh' count(>5deg)=8 freshRecap=0  xcheck(invOff-vs-restW) worst=133.9deg bone[13]
  TIER2 joint-attach(PRIMARY): worst=15.45u bone[29]='bone_L-hand.mesh' parent[22] R=39.6 exactJoint=4.48u pairs=30  (palette-wide exactWorst=4.48u)
[HANDS_ATTACH] mesh='hands_naked.mesh' owner='hands_naked.mesh' frame=756 nb=38 wext=80.6 rebound=0
  TIER1 rest-coherence: worst=67.1deg bone[13]='bone_R-hand.mesh' count(>5deg)=8 freshRecap=0  xcheck(invOff-vs-restW) worst=67.1deg bone[13]
  TIER2 joint-attach(PRIMARY): worst=8.60u bone[13]='bone_R-hand.mesh' parent[5] R=85.0 exactJoint=0.00u pairs=30  (palette-wide exactWorst=4.85u)
[HANDS_ATTACH] mesh='hands_naked.mesh' owner='hands_naked.mesh' frame=756 nb=40 wext=60.6 rebound=0
  TIER1 rest-coherence: worst=127.3deg bone[1]='bone_R-hand.mesh' count(>5deg)=6 freshRecap=0  xcheck(invOff-vs-restW) worst=127.3deg bone[1]
  TIER2 joint-attach(PRIMARY): worst=20.57u bone[11]='bone_R-pinky-base.mesh' parent[1] R=43.6 exactJoint=11.82u pairs=36  (palette-wide exactWorst=11.82u)
[HANDS_ATTACH] mesh='hands_naked.mesh' owner='hands_naked.mesh' frame=756 nb=38 wext=81.8 rebound=0
  TIER1 rest-coherence: worst=133.9deg bone[13]='bone_R-hand.mesh' count(>5deg)=8 freshRecap=0  xcheck(invOff-vs-restW) worst=133.9deg bone[13]
  TIER2 joint-attach(PRIMARY): worst=15.34u bone[29]='bone_L-hand.mesh' parent[22] R=39.6 exactJoint=4.48u pairs=30  (palette-wide exactWorst=4.48u)
[HANDS_ATTACH] mesh='hands_naked.mesh' owner='hands_naked.mesh' frame=766 nb=38 wext=80.5 rebound=0
  TIER1 rest-coherence: worst=67.1deg bone[13]='bone_R-hand.mesh' count(>5deg)=8 freshRecap=0  xcheck(invOff-vs-restW) worst=67.1deg bone[13]
  TIER2 joint-attach(PRIMARY): worst=8.15u bone[13]='bone_R-hand.mesh' parent[5] R=85.0 exactJoint=0.00u pairs=30  (palette-wide exactWorst=4.68u)
[HANDS_ATTACH] mesh='hands_naked.mesh' owner='hands_naked.mesh' frame=766 nb=40 wext=59.9 rebound=0
  TIER1 rest-coherence: worst=127.3deg bone[1]='bone_R-hand.mesh' count(>5deg)=6 freshRecap=0  xcheck(invOff-vs-restW) worst=127.3deg bone[1]
  TIER2 joint-attach(PRIMARY): worst=18.49u bone[21]='bone_R-ringfinger-base.mesh' parent[1] R=43.7 exactJoint=10.23u pairs=36  (palette-wide exactWorst=10.37u)
[HANDS_ATTACH] mesh='hands_naked.mesh' owner='hands_naked.mesh' frame=766 nb=38 wext=81.8 rebound=0
  TIER1 rest-coherence: worst=133.9deg bone[13]='bone_R-hand.mesh' count(>5deg)=8 freshRecap=0  xcheck(invOff-vs-restW) worst=133.9deg bone[13]
  TIER2 joint-attach(PRIMARY): worst=15.27u bone[29]='bone_L-hand.mesh' parent[22] R=39.6 exactJoint=4.48u pairs=30  (palette-wide exactWorst=4.48u)
[HANDS_ATTACH] mesh='hands_naked.mesh' owner='hands_naked.mesh' frame=776 nb=38 wext=80.3 rebound=0
  TIER1 rest-coherence: worst=67.1deg bone[13]='bone_R-hand.mesh' count(>5deg)=8 freshRecap=0  xcheck(invOff-vs-restW) worst=67.1deg bone[13]
  TIER2 joint-attach(PRIMARY): worst=8.29u bone[13]='bone_R-hand.mesh' parent[5] R=85.0 exactJoint=0.00u pairs=30  (palette-wide exactWorst=4.55u)
[HANDS_ATTACH] mesh='hands_naked.mesh' owner='hands_naked.mesh' frame=776 nb=40 wext=60.1 rebound=0
  TIER1 rest-coherence: worst=127.3deg bone[1]='bone_R-hand.mesh' count(>5deg)=6 freshRecap=0  xcheck(invOff-vs-restW) worst=127.3deg bone[1]
  TIER2 joint-attach(PRIMARY): worst=18.34u bone[21]='bone_R-ringfinger-base.mesh' parent[1] R=43.7 exactJoint=10.67u pairs=36  (palette-wide exactWorst=10.81u)
[HANDS_ATTACH] mesh='hands_naked.mesh' owner='hands_naked.mesh' frame=776 nb=38 wext=82.0 rebound=0
  TIER1 rest-coherence: worst=133.9deg bone[13]='bone_R-hand.mesh' count(>5deg)=8 freshRecap=0  xcheck(invOff-vs-restW) worst=133.9deg bone[13]
  TIER2 joint-attach(PRIMARY): worst=15.33u bone[29]='bone_L-hand.mesh' parent[22] R=39.6 exactJoint=4.48u pairs=30  (palette-wide exactWorst=4.48u)
[HANDS_ATTACH] mesh='hands_naked.mesh' owner='hands_naked.mesh' frame=786 nb=38 wext=80.3 rebound=0
  TIER1 rest-coherence: worst=67.1deg bone[13]='bone_R-hand.mesh' count(>5deg)=8 freshRecap=0  xcheck(invOff-vs-restW) worst=67.1deg bone[13]
  TIER2 joint-attach(PRIMARY): worst=8.95u bone[13]='bone_R-hand.mesh' parent[5] R=85.0 exactJoint=0.00u pairs=30  (palette-wide exactWorst=4.53u)
[HANDS_ATTACH] mesh='hands_naked.mesh' owner='hands_naked.mesh' frame=786 nb=40 wext=60.8 rebound=0
  TIER1 rest-coherence: worst=127.3deg bone[1]='bone_R-hand.mesh' count(>5deg)=6 freshRecap=0  xcheck(invOff-vs-restW) worst=127.3deg bone[1]
  TIER2 joint-attach(PRIMARY): worst=19.84u bone[21]='bone_R-ringfinger-base.mesh' parent[1] R=43.7 exactJoint=11.81u pairs=36  (palette-wide exactWorst=11.97u)
[HANDS_ATTACH] mesh='hands_naked.mesh' owner='hands_naked.mesh' frame=786 nb=38 wext=82.3 rebound=0
  TIER1 rest-coherence: worst=133.9deg bone[13]='bone_R-hand.mesh' count(>5deg)=8 freshRecap=0  xcheck(invOff-vs-restW) worst=133.9deg bone[13]
  TIER2 joint-attach(PRIMARY): worst=15.40u bone[1]='bone_R-middlefinger01.mesh' parent[13] R=48.1 exactJoint=4.56u pairs=30  (palette-wide exactWorst=4.75u)
[HANDS_ATTACH] mesh='hands_naked.mesh' owner='hands_naked.mesh' frame=796 nb=38 wext=80.8 rebound=0
  TIER1 rest-coherence: worst=67.1deg bone[13]='bone_R-hand.mesh' count(>5deg)=8 freshRecap=0  xcheck(invOff-vs-restW) worst=67.1deg bone[13]
  TIER2 joint-attach(PRIMARY): worst=9.32u bone[13]='bone_R-hand.mesh' parent[5] R=85.0 exactJoint=0.00u pairs=30  (palette-wide exactWorst=5.06u)
[HANDS_ATTACH] mesh='hands_naked.mesh' owner='hands_naked.mesh' frame=796 nb=40 wext=61.0 rebound=0
  TIER1 rest-coherence: worst=127.3deg bone[1]='bone_R-hand.mesh' count(>5deg)=6 freshRecap=0  xcheck(invOff-vs-restW) worst=127.3deg bone[1]
  TIER2 joint-attach(PRIMARY): worst=20.26u bone[21]='bone_R-ringfinger-base.mesh' parent[1] R=43.7 exactJoint=11.82u pairs=36  (palette-wide exactWorst=11.97u)
[HANDS_ATTACH] mesh='hands_naked.mesh' owner='hands_naked.mesh' frame=796 nb=38 wext=82.3 rebound=0
  TIER1 rest-coherence: worst=133.9deg bone[13]='bone_R-hand.mesh' count(>5deg)=8 freshRecap=0  xcheck(invOff-vs-restW) worst=133.9deg bone[13]
  TIER2 joint-attach(PRIMARY): worst=16.97u bone[1]='bone_R-middlefinger01.mesh' parent[13] R=48.1 exactJoint=4.99u pairs=30  (palette-wide exactWorst=5.17u)
[HANDS_ATTACH] mesh='hands_naked.mesh' owner='hands_naked.mesh' frame=806 nb=38 wext=80.3 rebound=0
  TIER1 rest-coherence: worst=67.1deg bone[13]='bone_R-hand.mesh' count(>5deg)=8 freshRecap=0  xcheck(invOff-vs-restW) worst=67.1deg bone[13]
  TIER2 joint-attach(PRIMARY): worst=9.42u bone[9]='bone_R-thumb01.mesh' parent[13] R=48.5 exactJoint=5.84u pairs=30  (palette-wide exactWorst=5.93u)
[HANDS_ATTACH] mesh='hands_naked.mesh' owner='hands_naked.mesh' frame=806 nb=40 wext=59.9 rebound=0
  TIER1 rest-coherence: worst=127.3deg bone[1]='bone_R-hand.mesh' count(>5deg)=6 freshRecap=0  xcheck(invOff-vs-restW) worst=127.3deg bone[1]
  TIER2 joint-attach(PRIMARY): worst=17.46u bone[21]='bone_R-ringfinger-base.mesh' parent[1] R=43.7 exactJoint=10.14u pairs=36  (palette-wide exactWorst=10.27u)
[HANDS_ATTACH] mesh='hands_naked.mesh' owner='hands_naked.mesh' frame=806 nb=38 wext=80.4 rebound=0
  TIER1 rest-coherence: worst=133.9deg bone[13]='bone_R-hand.mesh' count(>5deg)=8 freshRecap=0  xcheck(invOff-vs-restW) worst=133.9deg bone[13]
  TIER2 joint-attach(PRIMARY): worst=15.52u bone[29]='bone_L-hand.mesh' parent[22] R=39.6 exactJoint=4.48u pairs=30  (palette-wide exactWorst=4.48u)
[HANDS_ATTACH] mesh='hands_naked.mesh' owner='hands_naked.mesh' frame=816 nb=38 wext=80.8 rebound=0
  TIER1 rest-coherence: worst=67.1deg bone[13]='bone_R-hand.mesh' count(>5deg)=8 freshRecap=0  xcheck(invOff-vs-restW) worst=67.1deg bone[13]
  TIER2 joint-attach(PRIMARY): worst=11.49u bone[13]='bone_R-hand.mesh' parent[5] R=85.0 exactJoint=0.00u pairs=30  (palette-wide exactWorst=6.62u)
[HANDS_ATTACH] mesh='hands_naked.mesh' owner='hands_naked.mesh' frame=816 nb=40 wext=60.1 rebound=0
  TIER1 rest-coherence: worst=127.3deg bone[1]='bone_R-hand.mesh' count(>5deg)=6 freshRecap=0  xcheck(invOff-vs-restW) worst=127.3deg bone[1]
  TIER2 joint-attach(PRIMARY): worst=17.89u bone[21]='bone_R-ringfinger-base.mesh' parent[1] R=43.7 exactJoint=10.41u pairs=36  (palette-wide exactWorst=10.55u)
[HANDS_ATTACH] mesh='hands_naked.mesh' owner='hands_naked.mesh' frame=816 nb=38 wext=80.3 rebound=0
  TIER1 rest-coherence: worst=133.9deg bone[13]='bone_R-hand.mesh' count(>5deg)=8 freshRecap=0  xcheck(invOff-vs-restW) worst=133.9deg bone[13]
  TIER2 joint-attach(PRIMARY): worst=15.58u bone[29]='bone_L-hand.mesh' parent[22] R=39.6 exactJoint=4.48u pairs=30  (palette-wide exactWorst=4.48u)
[HANDS_ATTACH] mesh='hands_naked.mesh' owner='hands_naked.mesh' frame=826 nb=38 wext=81.4 rebound=0
  TIER1 rest-coherence: worst=67.1deg bone[13]='bone_R-hand.mesh' count(>5deg)=8 freshRecap=0  xcheck(invOff-vs-restW) worst=67.1deg bone[13]
  TIER2 joint-attach(PRIMARY): worst=13.77u bone[13]='bone_R-hand.mesh' parent[5] R=85.0 exactJoint=0.00u pairs=30  (palette-wide exactWorst=7.21u)
[HANDS_ATTACH] mesh='hands_naked.mesh' owner='hands_naked.mesh' frame=826 nb=40 wext=60.0 rebound=0
  TIER1 rest-coherence: worst=127.3deg bone[1]='bone_R-hand.mesh' count(>5deg)=6 freshRecap=0  xcheck(invOff-vs-restW) worst=127.3deg bone[1]
  TIER2 joint-attach(PRIMARY): worst=18.33u bone[21]='bone_R-ringfinger-base.mesh' parent[1] R=43.7 exactJoint=10.38u pairs=36  (palette-wide exactWorst=10.52u)
[HANDS_ATTACH] mesh='hands_naked.mesh' owner='hands_naked.mesh' frame=826 nb=38 wext=80.3 rebound=0
  TIER1 rest-coherence: worst=133.9deg bone[13]='bone_R-hand.mesh' count(>5deg)=8 freshRecap=0  xcheck(invOff-vs-restW) worst=133.9deg bone[13]
  TIER2 joint-attach(PRIMARY): worst=15.67u bone[29]='bone_L-hand.mesh' parent[22] R=39.6 exactJoint=4.48u pairs=30  (palette-wide exactWorst=4.48u)
[HANDS_ATTACH] mesh='hands_naked.mesh' owner='hands_naked.mesh' frame=836 nb=38 wext=82.2 rebound=0
  TIER1 rest-coherence: worst=67.1deg bone[13]='bone_R-hand.mesh' count(>5deg)=8 freshRecap=0  xcheck(invOff-vs-restW) worst=67.1deg bone[13]
  TIER2 joint-attach(PRIMARY): worst=11.27u bone[9]='bone_R-thumb01.mesh' parent[13] R=48.5 exactJoint=5.16u pairs=30  (palette-wide exactWorst=5.38u)
[HANDS_ATTACH] mesh='hands_naked.mesh' owner='hands_naked.mesh' frame=836 nb=40 wext=59.8 rebound=0
  TIER1 rest-coherence: worst=127.3deg bone[1]='bone_R-hand.mesh' count(>5deg)=6 freshRecap=0  xcheck(invOff-vs-restW) worst=127.3deg bone[1]
  TIER2 joint-attach(PRIMARY): worst=18.21u bone[21]='bone_R-ringfinger-base.mesh' parent[1] R=43.7 exactJoint=10.06u pairs=36  (palette-wide exactWorst=10.19u)
[HANDS_ATTACH] mesh='hands_naked.mesh' owner='hands_naked.mesh' frame=836 nb=38 wext=81.4 rebound=0
  TIER1 rest-coherence: worst=140.0deg bone[13]='bone_R-hand.mesh' count(>5deg)=8 freshRecap=0  xcheck(invOff-vs-restW) worst=140.0deg bone[13]
  TIER2 joint-attach(PRIMARY): worst=16.08u bone[29]='bone_L-hand.mesh' parent[22] R=39.6 exactJoint=4.48u pairs=30  (palette-wide exactWorst=6.70u)
[HANDS_ATTACH] mesh='hands_naked.mesh' owner='hands_naked.mesh' frame=846 nb=38 wext=82.0 rebound=0
  TIER1 rest-coherence: worst=67.1deg bone[13]='bone_R-hand.mesh' count(>5deg)=8 freshRecap=0  xcheck(invOff-vs-restW) worst=67.1deg bone[13]
  TIER2 joint-attach(PRIMARY): worst=10.15u bone[9]='bone_R-thumb01.mesh' parent[13] R=48.5 exactJoint=4.75u pairs=30  (palette-wide exactWorst=4.93u)
[HANDS_ATTACH] mesh='hands_naked.mesh' owner='hands_naked.mesh' frame=846 nb=40 wext=59.6 rebound=0
  TIER1 rest-coherence: worst=127.3deg bone[1]='bone_R-hand.mesh' count(>5deg)=6 freshRecap=0  xcheck(invOff-vs-restW) worst=127.3deg bone[1]
  TIER2 joint-attach(PRIMARY): worst=17.50u bone[21]='bone_R-ringfinger-base.mesh' parent[1] R=43.7 exactJoint=9.74u pairs=36  (palette-wide exactWorst=9.87u)
[HANDS_ATTACH] mesh='hands_naked.mesh' owner='hands_naked.mesh' frame=846 nb=38 wext=81.4 rebound=0
  TIER1 rest-coherence: worst=140.0deg bone[13]='bone_R-hand.mesh' count(>5deg)=8 freshRecap=0  xcheck(invOff-vs-restW) worst=140.0deg bone[13]
  TIER2 joint-attach(PRIMARY): worst=16.01u bone[29]='bone_L-hand.mesh' parent[22] R=39.6 exactJoint=4.48u pairs=30  (palette-wide exactWorst=7.45u)
[HANDS_ATTACH] mesh='hands_naked.mesh' owner='hands_naked.mesh' frame=856 nb=38 wext=81.8 rebound=0
  TIER1 rest-coherence: worst=67.1deg bone[13]='bone_R-hand.mesh' count(>5deg)=8 freshRecap=0  xcheck(invOff-vs-restW) worst=67.1deg bone[13]
  TIER2 joint-attach(PRIMARY): worst=9.50u bone[9]='bone_R-thumb01.mesh' parent[13] R=48.5 exactJoint=4.41u pairs=30  (palette-wide exactWorst=4.59u)
[HANDS_ATTACH] mesh='hands_naked.mesh' owner='hands_naked.mesh' frame=856 nb=40 wext=59.8 rebound=0
  TIER1 rest-coherence: worst=127.3deg bone[1]='bone_R-hand.mesh' count(>5deg)=6 freshRecap=0  xcheck(invOff-vs-restW) worst=127.3deg bone[1]
  TIER2 joint-attach(PRIMARY): worst=17.28u bone[21]='bone_R-ringfinger-base.mesh' parent[1] R=43.7 exactJoint=10.06u pairs=36  (palette-wide exactWorst=10.19u)
[HANDS_ATTACH] mesh='hands_naked.mesh' owner='hands_naked.mesh' frame=856 nb=38 wext=81.6 rebound=0
  TIER1 rest-coherence: worst=140.0deg bone[13]='bone_R-hand.mesh' count(>5deg)=8 freshRecap=0  xcheck(invOff-vs-restW) worst=140.0deg bone[13]
  TIER2 joint-attach(PRIMARY): worst=17.43u bone[30]='bone_L-index01.mesh' parent[29] R=48.0 exactJoint=8.60u pairs=30  (palette-wide exactWorst=8.72u)
[HANDS_ATTACH] mesh='hands_naked.mesh' owner='hands_naked.mesh' frame=866 nb=38 wext=81.5 rebound=0
  TIER1 rest-coherence: worst=67.1deg bone[13]='bone_R-hand.mesh' count(>5deg)=8 freshRecap=0  xcheck(invOff-vs-restW) worst=67.1deg bone[13]
  TIER2 joint-attach(PRIMARY): worst=9.01u bone[13]='bone_R-hand.mesh' parent[5] R=85.0 exactJoint=0.00u pairs=30  (palette-wide exactWorst=4.16u)
[HANDS_ATTACH] mesh='hands_naked.mesh' owner='hands_naked.mesh' frame=866 nb=40 wext=60.0 rebound=0
  TIER1 rest-coherence: worst=127.3deg bone[1]='bone_R-hand.mesh' count(>5deg)=6 freshRecap=0  xcheck(invOff-vs-restW) worst=127.3deg bone[1]
  TIER2 joint-attach(PRIMARY): worst=17.61u bone[21]='bone_R-ringfinger-base.mesh' parent[1] R=43.7 exactJoint=10.39u pairs=36  (palette-wide exactWorst=10.52u)
[HANDS_ATTACH] mesh='hands_naked.mesh' owner='hands_naked.mesh' frame=866 nb=38 wext=81.8 rebound=0
  TIER1 rest-coherence: worst=140.0deg bone[13]='bone_R-hand.mesh' count(>5deg)=8 freshRecap=0  xcheck(invOff-vs-restW) worst=140.0deg bone[13]
  TIER2 joint-attach(PRIMARY): worst=18.18u bone[30]='bone_L-index01.mesh' parent[29] R=48.0 exactJoint=9.53u pairs=30  (palette-wide exactWorst=9.65u)
[HANDS_ATTACH] mesh='hands_naked.mesh' owner='hands_naked.mesh' frame=876 nb=38 wext=80.6 rebound=0
  TIER1 rest-coherence: worst=67.1deg bone[13]='bone_R-hand.mesh' count(>5deg)=8 freshRecap=0  xcheck(invOff-vs-restW) worst=67.1deg bone[13]
  TIER2 joint-attach(PRIMARY): worst=10.57u bone[13]='bone_R-hand.mesh' parent[5] R=85.0 exactJoint=0.00u pairs=30  (palette-wide exactWorst=5.19u)
[HANDS_ATTACH] mesh='hands_naked.mesh' owner='hands_naked.mesh' frame=876 nb=40 wext=60.5 rebound=0
  TIER1 rest-coherence: worst=127.3deg bone[1]='bone_R-hand.mesh' count(>5deg)=6 freshRecap=0  xcheck(invOff-vs-restW) worst=127.3deg bone[1]
  TIER2 joint-attach(PRIMARY): worst=18.76u bone[21]='bone_R-ringfinger-base.mesh' parent[1] R=43.7 exactJoint=10.98u pairs=36  (palette-wide exactWorst=11.12u)
[HANDS_ATTACH] mesh='hands_naked.mesh' owner='hands_naked.mesh' frame=876 nb=38 wext=80.3 rebound=0
  TIER1 rest-coherence: worst=140.0deg bone[13]='bone_R-hand.mesh' count(>5deg)=8 freshRecap=0  xcheck(invOff-vs-restW) worst=140.0deg bone[13]
  TIER2 joint-attach(PRIMARY): worst=17.03u bone[9]='bone_R-thumb01.mesh' parent[13] R=48.5 exactJoint=5.41u pairs=30  (palette-wide exactWorst=5.41u)
[HANDS_ATTACH] mesh='hands_naked.mesh' owner='hands_naked.mesh' frame=886 nb=38 wext=80.6 rebound=0
  TIER1 rest-coherence: worst=67.1deg bone[13]='bone_R-hand.mesh' count(>5deg)=8 freshRecap=0  xcheck(invOff-vs-restW) worst=67.1deg bone[13]
  TIER2 joint-attach(PRIMARY): worst=10.59u bone[13]='bone_R-hand.mesh' parent[5] R=85.0 exactJoint=0.00u pairs=30  (palette-wide exactWorst=5.25u)
[HANDS_ATTACH] mesh='hands_naked.mesh' owner='hands_naked.mesh' frame=886 nb=40 wext=60.0 rebound=0
  TIER1 rest-coherence: worst=127.3deg bone[1]='bone_R-hand.mesh' count(>5deg)=6 freshRecap=0  xcheck(invOff-vs-restW) worst=127.3deg bone[1]
  TIER2 joint-attach(PRIMARY): worst=18.25u bone[21]='bone_R-ringfinger-base.mesh' parent[1] R=43.7 exactJoint=10.18u pairs=36  (palette-wide exactWorst=10.31u)
[HANDS_ATTACH] mesh='hands_naked.mesh' owner='hands_naked.mesh' frame=886 nb=38 wext=84.2 rebound=0
  TIER1 rest-coherence: worst=140.0deg bone[13]='bone_R-hand.mesh' count(>5deg)=8 freshRecap=0  xcheck(invOff-vs-restW) worst=140.0deg bone[13]
  TIER2 joint-attach(PRIMARY): worst=23.71u bone[35]='bone_L-pinky03.mesh' parent[34] R=46.1 exactJoint=25.62u pairs=30  (palette-wide exactWorst=25.62u)
[HANDS_ATTACH] mesh='hands_naked.mesh' owner='hands_naked.mesh' frame=896 nb=38 wext=80.6 rebound=0
  TIER1 rest-coherence: worst=67.1deg bone[13]='bone_R-hand.mesh' count(>5deg)=8 freshRecap=0  xcheck(invOff-vs-restW) worst=67.1deg bone[13]
  TIER2 joint-attach(PRIMARY): worst=9.73u bone[13]='bone_R-hand.mesh' parent[5] R=85.0 exactJoint=0.00u pairs=30  (palette-wide exactWorst=5.06u)
[HANDS_ATTACH] mesh='hands_naked.mesh' owner='hands_naked.mesh' frame=896 nb=40 wext=59.8 rebound=0
  TIER1 rest-coherence: worst=127.3deg bone[1]='bone_R-hand.mesh' count(>5deg)=6 freshRecap=0  xcheck(invOff-vs-restW) worst=127.3deg bone[1]
  TIER2 joint-attach(PRIMARY): worst=17.34u bone[21]='bone_R-ringfinger-base.mesh' parent[1] R=43.7 exactJoint=9.96u pairs=36  (palette-wide exactWorst=10.08u)
[HANDS_ATTACH] mesh='hands_naked.mesh' owner='hands_naked.mesh' frame=896 nb=38 wext=84.3 rebound=0
  TIER1 rest-coherence: worst=140.0deg bone[13]='bone_R-hand.mesh' count(>5deg)=8 freshRecap=0  xcheck(invOff-vs-restW) worst=140.0deg bone[13]
  TIER2 joint-attach(PRIMARY): worst=23.41u bone[35]='bone_L-pinky03.mesh' parent[34] R=46.1 exactJoint=25.77u pairs=30  (palette-wide exactWorst=25.77u)
[HANDS_ATTACH] mesh='hands_naked.mesh' owner='hands_naked.mesh' frame=906 nb=38 wext=80.6 rebound=0
  TIER1 rest-coherence: worst=67.1deg bone[13]='bone_R-hand.mesh' count(>5deg)=8 freshRecap=0  xcheck(invOff-vs-restW) worst=67.1deg bone[13]
  TIER2 joint-attach(PRIMARY): worst=8.49u bone[13]='bone_R-hand.mesh' parent[5] R=85.0 exactJoint=0.00u pairs=30  (palette-wide exactWorst=4.65u)
[HANDS_ATTACH] mesh='hands_naked.mesh' owner='hands_naked.mesh' frame=906 nb=40 wext=60.1 rebound=0
  TIER1 rest-coherence: worst=127.3deg bone[1]='bone_R-hand.mesh' count(>5deg)=6 freshRecap=0  xcheck(invOff-vs-restW) worst=127.3deg bone[1]
  TIER2 joint-attach(PRIMARY): worst=17.49u bone[21]='bone_R-ringfinger-base.mesh' parent[1] R=43.7 exactJoint=10.54u pairs=36  (palette-wide exactWorst=10.67u)
[HANDS_ATTACH] mesh='hands_naked.mesh' owner='hands_naked.mesh' frame=906 nb=38 wext=84.4 rebound=0
  TIER1 rest-coherence: worst=149.0deg bone[13]='bone_R-hand.mesh' count(>5deg)=8 freshRecap=0  xcheck(invOff-vs-restW) worst=149.0deg bone[13]
  TIER2 joint-attach(PRIMARY): worst=23.35u bone[35]='bone_L-pinky03.mesh' parent[34] R=46.1 exactJoint=25.75u pairs=30  (palette-wide exactWorst=25.75u)
[HANDS_ATTACH] mesh='hands_naked.mesh' owner='hands_naked.mesh' frame=916 nb=38 wext=80.6 rebound=0
  TIER1 rest-coherence: worst=67.1deg bone[13]='bone_R-hand.mesh' count(>5deg)=8 freshRecap=0  xcheck(invOff-vs-restW) worst=67.1deg bone[13]
  TIER2 joint-attach(PRIMARY): worst=7.87u bone[13]='bone_R-hand.mesh' parent[5] R=85.0 exactJoint=0.00u pairs=30  (palette-wide exactWorst=4.23u)
[HANDS_ATTACH] mesh='hands_naked.mesh' owner='hands_naked.mesh' frame=916 nb=40 wext=60.3 rebound=0
  TIER1 rest-coherence: worst=127.3deg bone[1]='bone_R-hand.mesh' count(>5deg)=6 freshRecap=0  xcheck(invOff-vs-restW) worst=127.3deg bone[1]
  TIER2 joint-attach(PRIMARY): worst=17.95u bone[21]='bone_R-ringfinger-base.mesh' parent[1] R=43.7 exactJoint=10.73u pairs=36  (palette-wide exactWorst=10.86u)
[HANDS_ATTACH] mesh='hands_naked.mesh' owner='hands_naked.mesh' frame=916 nb=38 wext=85.5 rebound=0
  TIER1 rest-coherence: worst=149.0deg bone[13]='bone_R-hand.mesh' count(>5deg)=8 freshRecap=0  xcheck(invOff-vs-restW) worst=149.0deg bone[13]
  TIER2 joint-attach(PRIMARY): worst=23.52u bone[35]='bone_L-pinky03.mesh' parent[34] R=46.1 exactJoint=25.73u pairs=30  (palette-wide exactWorst=25.73u)
[HANDS_ATTACH] mesh='hands_naked.mesh' owner='hands_naked.mesh' frame=926 nb=38 wext=80.4 rebound=0
  TIER1 rest-coherence: worst=67.1deg bone[13]='bone_R-hand.mesh' count(>5deg)=8 freshRecap=0  xcheck(invOff-vs-restW) worst=67.1deg bone[13]
  TIER2 joint-attach(PRIMARY): worst=7.83u bone[13]='bone_R-hand.mesh' parent[5] R=85.0 exactJoint=0.00u pairs=30  (palette-wide exactWorst=3.78u)
[HANDS_ATTACH] mesh='hands_naked.mesh' owner='hands_naked.mesh' frame=926 nb=40 wext=59.9 rebound=0
  TIER1 rest-coherence: worst=127.3deg bone[1]='bone_R-hand.mesh' count(>5deg)=6 freshRecap=0  xcheck(invOff-vs-restW) worst=127.3deg bone[1]
  TIER2 joint-attach(PRIMARY): worst=17.99u bone[21]='bone_R-ringfinger-base.mesh' parent[1] R=43.7 exactJoint=10.18u pairs=36  (palette-wide exactWorst=10.32u)
[HANDS_ATTACH] mesh='hands_naked.mesh' owner='hands_naked.mesh' frame=926 nb=38 wext=87.2 rebound=0
  TIER1 rest-coherence: worst=149.0deg bone[13]='bone_R-hand.mesh' count(>5deg)=8 freshRecap=0  xcheck(invOff-vs-restW) worst=149.0deg bone[13]
  TIER2 joint-attach(PRIMARY): worst=24.08u bone[35]='bone_L-pinky03.mesh' parent[34] R=46.1 exactJoint=25.74u pairs=30  (palette-wide exactWorst=25.74u)
[HANDS_ATTACH] mesh='hands_naked.mesh' owner='hands_naked.mesh' frame=936 nb=38 wext=80.3 rebound=0
  TIER1 rest-coherence: worst=67.1deg bone[13]='bone_R-hand.mesh' count(>5deg)=8 freshRecap=0  xcheck(invOff-vs-restW) worst=67.1deg bone[13]
  TIER2 joint-attach(PRIMARY): worst=8.47u bone[13]='bone_R-hand.mesh' parent[5] R=85.0 exactJoint=0.00u pairs=30  (palette-wide exactWorst=3.58u)
[HANDS_ATTACH] mesh='hands_naked.mesh' owner='hands_naked.mesh' frame=936 nb=40 wext=59.6 rebound=0
  TIER1 rest-coherence: worst=127.3deg bone[1]='bone_R-hand.mesh' count(>5deg)=6 freshRecap=0  xcheck(invOff-vs-restW) worst=127.3deg bone[1]
  TIER2 joint-attach(PRIMARY): worst=17.23u bone[21]='bone_R-ringfinger-base.mesh' parent[1] R=43.7 exactJoint=9.49u pairs=36  (palette-wide exactWorst=9.61u)
[HANDS_ATTACH] mesh='hands_naked.mesh' owner='hands_naked.mesh' frame=936 nb=38 wext=81.0 rebound=0
  TIER1 rest-coherence: worst=140.7deg bone[13]='bone_R-hand.mesh' count(>5deg)=8 freshRecap=0  xcheck(invOff-vs-restW) worst=140.7deg bone[13]
  TIER2 joint-attach(PRIMARY): worst=6.75u bone[29]='bone_L-hand.mesh' parent[22] R=42.4 exactJoint=3.23u pairs=30  (palette-wide exactWorst=3.23u)
[HANDS_ATTACH] mesh='hands_naked.mesh' owner='hands_naked.mesh' frame=946 nb=38 wext=80.3 rebound=0
  TIER1 rest-coherence: worst=67.1deg bone[13]='bone_R-hand.mesh' count(>5deg)=8 freshRecap=0  xcheck(invOff-vs-restW) worst=67.1deg bone[13]
  TIER2 joint-attach(PRIMARY): worst=9.05u bone[13]='bone_R-hand.mesh' parent[5] R=85.0 exactJoint=0.00u pairs=30  (palette-wide exactWorst=3.50u)
[HANDS_ATTACH] mesh='hands_naked.mesh' owner='hands_naked.mesh' frame=946 nb=40 wext=59.6 rebound=0
  TIER1 rest-coherence: worst=127.3deg bone[1]='bone_R-hand.mesh' count(>5deg)=6 freshRecap=0  xcheck(invOff-vs-restW) worst=127.3deg bone[1]
  TIER2 joint-attach(PRIMARY): worst=16.32u bone[21]='bone_R-ringfinger-base.mesh' parent[1] R=43.7 exactJoint=9.65u pairs=36  (palette-wide exactWorst=9.77u)
[HANDS_ATTACH] mesh='hands_naked.mesh' owner='hands_naked.mesh' frame=946 nb=38 wext=82.0 rebound=0
  TIER1 rest-coherence: worst=140.7deg bone[13]='bone_R-hand.mesh' count(>5deg)=8 freshRecap=0  xcheck(invOff-vs-restW) worst=140.7deg bone[13]
  TIER2 joint-attach(PRIMARY): worst=10.36u bone[9]='bone_R-thumb01.mesh' parent[13] R=48.5 exactJoint=2.83u pairs=30  (palette-wide exactWorst=3.23u)
[HANDS_ATTACH] mesh='hands_naked.mesh' owner='hands_naked.mesh' frame=956 nb=38 wext=80.5 rebound=0
  TIER1 rest-coherence: worst=67.1deg bone[13]='bone_R-hand.mesh' count(>5deg)=8 freshRecap=0  xcheck(invOff-vs-restW) worst=67.1deg bone[13]
  TIER2 joint-attach(PRIMARY): worst=8.64u bone[13]='bone_R-hand.mesh' parent[5] R=85.0 exactJoint=0.00u pairs=30  (palette-wide exactWorst=3.36u)
[HANDS_ATTACH] mesh='hands_naked.mesh' owner='hands_naked.mesh' frame=956 nb=40 wext=59.9 rebound=0
  TIER1 rest-coherence: worst=127.3deg bone[1]='bone_R-hand.mesh' count(>5deg)=6 freshRecap=0  xcheck(invOff-vs-restW) worst=127.3deg bone[1]
  TIER2 joint-attach(PRIMARY): worst=16.41u bone[21]='bone_R-ringfinger-base.mesh' parent[1] R=43.7 exactJoint=9.98u pairs=36  (palette-wide exactWorst=10.10u)
[HANDS_ATTACH] mesh='hands_naked.mesh' owner='hands_naked.mesh' frame=956 nb=38 wext=83.3 rebound=0
  TIER1 rest-coherence: worst=140.7deg bone[13]='bone_R-hand.mesh' count(>5deg)=8 freshRecap=0  xcheck(invOff-vs-restW) worst=140.7deg bone[13]
  TIER2 joint-attach(PRIMARY): worst=16.94u bone[9]='bone_R-thumb01.mesh' parent[13] R=48.5 exactJoint=4.63u pairs=30  (palette-wide exactWorst=4.63u)
[HANDS_ATTACH] mesh='hands_naked.mesh' owner='hands_naked.mesh' frame=966 nb=38 wext=80.4 rebound=0
  TIER1 rest-coherence: worst=67.1deg bone[13]='bone_R-hand.mesh' count(>5deg)=8 freshRecap=0  xcheck(invOff-vs-restW) worst=67.1deg bone[13]
  TIER2 joint-attach(PRIMARY): worst=7.67u bone[13]='bone_R-hand.mesh' parent[5] R=85.0 exactJoint=0.00u pairs=30  (palette-wide exactWorst=3.29u)
[HANDS_ATTACH] mesh='hands_naked.mesh' owner='hands_naked.mesh' frame=966 nb=40 wext=59.6 rebound=0
  TIER1 rest-coherence: worst=127.3deg bone[1]='bone_R-hand.mesh' count(>5deg)=6 freshRecap=0  xcheck(invOff-vs-restW) worst=127.3deg bone[1]
  TIER2 joint-attach(PRIMARY): worst=16.55u bone[21]='bone_R-ringfinger-base.mesh' parent[1] R=43.7 exactJoint=9.38u pairs=36  (palette-wide exactWorst=9.50u)
[HANDS_ATTACH] mesh='hands_naked.mesh' owner='hands_naked.mesh' frame=966 nb=38 wext=83.3 rebound=0
  TIER1 rest-coherence: worst=140.7deg bone[13]='bone_R-hand.mesh' count(>5deg)=8 freshRecap=0  xcheck(invOff-vs-restW) worst=140.7deg bone[13]
  TIER2 joint-attach(PRIMARY): worst=18.36u bone[9]='bone_R-thumb01.mesh' parent[13] R=48.5 exactJoint=5.01u pairs=30  (palette-wide exactWorst=5.01u)
[HANDS_ATTACH] mesh='hands_naked.mesh' owner='hands_naked.mesh' frame=976 nb=38 wext=80.5 rebound=0
  TIER1 rest-coherence: worst=67.1deg bone[13]='bone_R-hand.mesh' count(>5deg)=8 freshRecap=0  xcheck(invOff-vs-restW) worst=67.1deg bone[13]
  TIER2 joint-attach(PRIMARY): worst=7.70u bone[13]='bone_R-hand.mesh' parent[5] R=85.0 exactJoint=0.00u pairs=30  (palette-wide exactWorst=3.41u)
[HANDS_ATTACH] mesh='hands_naked.mesh' owner='hands_naked.mesh' frame=976 nb=40 wext=59.4 rebound=0
  TIER1 rest-coherence: worst=127.3deg bone[1]='bone_R-hand.mesh' count(>5deg)=6 freshRecap=0  xcheck(invOff-vs-restW) worst=127.3deg bone[1]
  TIER2 joint-attach(PRIMARY): worst=16.29u bone[21]='bone_R-ringfinger-base.mesh' parent[1] R=43.7 exactJoint=8.93u pairs=36  (palette-wide exactWorst=9.04u)
[HANDS_ATTACH] mesh='hands_naked.mesh' owner='hands_naked.mesh' frame=976 nb=38 wext=82.3 rebound=0
  TIER1 rest-coherence: worst=140.7deg bone[13]='bone_R-hand.mesh' count(>5deg)=8 freshRecap=0  xcheck(invOff-vs-restW) worst=140.7deg bone[13]
  TIER2 joint-attach(PRIMARY): worst=16.04u bone[9]='bone_R-thumb01.mesh' parent[13] R=48.5 exactJoint=4.50u pairs=30  (palette-wide exactWorst=4.50u)
[HANDS_ATTACH] mesh='hands_naked.mesh' owner='hands_naked.mesh' frame=986 nb=38 wext=80.8 rebound=0
  TIER1 rest-coherence: worst=67.1deg bone[13]='bone_R-hand.mesh' count(>5deg)=8 freshRecap=0  xcheck(invOff-vs-restW) worst=67.1deg bone[13]
  TIER2 joint-attach(PRIMARY): worst=8.67u bone[13]='bone_R-hand.mesh' parent[5] R=85.0 exactJoint=0.00u pairs=30  (palette-wide exactWorst=3.80u)
[HANDS_ATTACH] mesh='hands_naked.mesh' owner='hands_naked.mesh' frame=986 nb=40 wext=59.5 rebound=0
  TIER1 rest-coherence: worst=127.3deg bone[1]='bone_R-hand.mesh' count(>5deg)=6 freshRecap=0  xcheck(invOff-vs-restW) worst=127.3deg bone[1]
  TIER2 joint-attach(PRIMARY): worst=16.04u bone[21]='bone_R-ringfinger-base.mesh' parent[1] R=43.7 exactJoint=9.34u pairs=36  (palette-wide exactWorst=9.45u)
[HANDS_ATTACH] mesh='hands_naked.mesh' owner='hands_naked.mesh' frame=986 nb=38 wext=81.3 rebound=0
  TIER1 rest-coherence: worst=140.7deg bone[13]='bone_R-hand.mesh' count(>5deg)=8 freshRecap=0  xcheck(invOff-vs-restW) worst=140.7deg bone[13]
  TIER2 joint-attach(PRIMARY): worst=11.97u bone[9]='bone_R-thumb01.mesh' parent[13] R=48.5 exactJoint=3.61u pairs=30  (palette-wide exactWorst=3.61u)
[HANDS_ATTACH] mesh='hands_naked.mesh' owner='hands_naked.mesh' frame=996 nb=38 wext=81.2 rebound=0
  TIER1 rest-coherence: worst=67.1deg bone[13]='bone_R-hand.mesh' count(>5deg)=8 freshRecap=0  xcheck(invOff-vs-restW) worst=67.1deg bone[13]
  TIER2 joint-attach(PRIMARY): worst=9.79u bone[13]='bone_R-hand.mesh' parent[5] R=85.0 exactJoint=0.00u pairs=30  (palette-wide exactWorst=4.22u)
[HANDS_ATTACH] mesh='hands_naked.mesh' owner='hands_naked.mesh' frame=996 nb=40 wext=59.9 rebound=0
  TIER1 rest-coherence: worst=127.3deg bone[1]='bone_R-hand.mesh' count(>5deg)=6 freshRecap=0  xcheck(invOff-vs-restW) worst=127.3deg bone[1]
  TIER2 joint-attach(PRIMARY): worst=16.43u bone[21]='bone_R-ringfinger-base.mesh' parent[1] R=43.7 exactJoint=10.13u pairs=36  (palette-wide exactWorst=10.25u)
[HANDS_ATTACH] mesh='hands_naked.mesh' owner='hands_naked.mesh' frame=996 nb=38 wext=80.6 rebound=0
  TIER1 rest-coherence: worst=140.7deg bone[13]='bone_R-hand.mesh' count(>5deg)=8 freshRecap=0  xcheck(invOff-vs-restW) worst=140.7deg bone[13]
  TIER2 joint-attach(PRIMARY): worst=11.30u bone[9]='bone_R-thumb01.mesh' parent[13] R=48.5 exactJoint=3.37u pairs=30  (palette-wide exactWorst=3.92u)
[HANDS_ATTACH] mesh='hands_naked.mesh' owner='hands_naked.mesh' frame=1006 nb=38 wext=81.4 rebound=0
  TIER1 rest-coherence: worst=67.1deg bone[13]='bone_R-hand.mesh' count(>5deg)=8 freshRecap=0  xcheck(invOff-vs-restW) worst=67.1deg bone[13]
  TIER2 joint-attach(PRIMARY): worst=10.52u bone[13]='bone_R-hand.mesh' parent[5] R=85.0 exactJoint=0.00u pairs=30  (palette-wide exactWorst=4.58u)
[HANDS_ATTACH] mesh='hands_naked.mesh' owner='hands_naked.mesh' frame=1006 nb=40 wext=60.2 rebound=0
  TIER1 rest-coherence: worst=127.3deg bone[1]='bone_R-hand.mesh' count(>5deg)=6 freshRecap=0  xcheck(invOff-vs-restW) worst=127.3deg bone[1]
  TIER2 joint-attach(PRIMARY): worst=17.89u bone[21]='bone_R-ringfinger-base.mesh' parent[1] R=43.7 exactJoint=10.65u pairs=36  (palette-wide exactWorst=10.79u)
[HANDS_ATTACH] mesh='hands_naked.mesh' owner='hands_naked.mesh' frame=1006 nb=38 wext=80.5 rebound=0
  TIER1 rest-coherence: worst=140.7deg bone[13]='bone_R-hand.mesh' count(>5deg)=8 freshRecap=0  xcheck(invOff-vs-restW) worst=140.7deg bone[13]
  TIER2 joint-attach(PRIMARY): worst=13.27u bone[9]='bone_R-thumb01.mesh' parent[13] R=48.5 exactJoint=3.89u pairs=30  (palette-wide exactWorst=5.17u)
[HANDS_ATTACH] mesh='hands_naked.mesh' owner='hands_naked.mesh' frame=1016 nb=38 wext=80.6 rebound=0
  TIER1 rest-coherence: worst=67.1deg bone[13]='bone_R-hand.mesh' count(>5deg)=8 freshRecap=0  xcheck(invOff-vs-restW) worst=67.1deg bone[13]
  TIER2 joint-attach(PRIMARY): worst=9.08u bone[13]='bone_R-hand.mesh' parent[5] R=85.0 exactJoint=0.00u pairs=30  (palette-wide exactWorst=4.13u)
[HANDS_ATTACH] mesh='hands_naked.mesh' owner='hands_naked.mesh' frame=1016 nb=40 wext=60.0 rebound=0
  TIER1 rest-coherence: worst=127.3deg bone[1]='bone_R-hand.mesh' count(>5deg)=6 freshRecap=0  xcheck(invOff-vs-restW) worst=127.3deg bone[1]
  TIER2 joint-attach(PRIMARY): worst=17.22u bone[21]='bone_R-ringfinger-base.mesh' parent[1] R=43.7 exactJoint=9.97u pairs=36  (palette-wide exactWorst=10.10u)
[HANDS_ATTACH] mesh='hands_naked.mesh' owner='hands_naked.mesh' frame=1016 nb=38 wext=81.4 rebound=0
  TIER1 rest-coherence: worst=126.0deg bone[13]='bone_R-hand.mesh' count(>5deg)=8 freshRecap=0  xcheck(invOff-vs-restW) worst=126.0deg bone[13]
  TIER2 joint-attach(PRIMARY): worst=10.06u bone[29]='bone_L-hand.mesh' parent[22] R=40.3 exactJoint=4.34u pairs=30  (palette-wide exactWorst=4.34u)
[HANDS_ATTACH] mesh='hands_naked.mesh' owner='hands_naked.mesh' frame=1026 nb=38 wext=80.3 rebound=0
  TIER1 rest-coherence: worst=146.5deg bone[20]='bone_L-foreTwist2.mesh' count(>5deg)=8 freshRecap=0  xcheck(invOff-vs-restW) worst=146.5deg bone[20]
  TIER2 joint-attach(PRIMARY): worst=13.17u bone[9]='bone_R-thumb01.mesh' parent[13] R=48.5 exactJoint=8.72u pairs=30  (palette-wide exactWorst=8.90u)
[HANDS_ATTACH] mesh='hands_naked.mesh' owner='hands_naked.mesh' frame=1035 nb=40 wext=84.8 rebound=0
  TIER1 rest-coherence: worst=127.3deg bone[1]='bone_R-hand.mesh' count(>5deg)=6 freshRecap=0  xcheck(invOff-vs-restW) worst=127.3deg bone[1]
  TIER2 joint-attach(PRIMARY): worst=39.20u bone[21]='bone_R-ringfinger-base.mesh' parent[1] R=43.7 exactJoint=43.53u pairs=36  (palette-wide exactWorst=43.63u)
[HANDS_ATTACH] mesh='hands_naked.mesh' owner='hands_naked.mesh' frame=1035 nb=38 wext=98.5 rebound=0
  TIER1 rest-coherence: worst=67.1deg bone[13]='bone_R-hand.mesh' count(>5deg)=8 freshRecap=0  xcheck(invOff-vs-restW) worst=67.1deg bone[13]
  TIER2 joint-attach(PRIMARY): worst=38.54u bone[9]='bone_R-thumb01.mesh' parent[13] R=48.5 exactJoint=34.15u pairs=30  (palette-wide exactWorst=34.21u)
[HANDS_ATTACH] mesh='hands_naked.mesh' owner='hands_naked.mesh' frame=1036 nb=38 wext=80.3 rebound=0
  TIER1 rest-coherence: worst=146.5deg bone[20]='bone_L-foreTwist2.mesh' count(>5deg)=8 freshRecap=0  xcheck(invOff-vs-restW) worst=146.5deg bone[20]
  TIER2 joint-attach(PRIMARY): worst=7.12u bone[23]='bone_L-middlefinger01.mesh' parent[29] R=48.1 exactJoint=7.41u pairs=30  (palette-wide exactWorst=7.44u)
[HANDS_ATTACH] mesh='hands_naked.mesh' owner='hands_naked.mesh' frame=1046 nb=38 wext=80.3 rebound=0
  TIER1 rest-coherence: worst=146.5deg bone[20]='bone_L-foreTwist2.mesh' count(>5deg)=8 freshRecap=0  xcheck(invOff-vs-restW) worst=146.5deg bone[20]
  TIER2 joint-attach(PRIMARY): worst=10.07u bone[9]='bone_R-thumb01.mesh' parent[13] R=48.5 exactJoint=6.45u pairs=30  (palette-wide exactWorst=6.53u)
[HANDS_ATTACH] mesh='hands_naked.mesh' owner='hands_naked.mesh' frame=1055 nb=40 wext=84.8 rebound=0
  TIER1 rest-coherence: worst=127.3deg bone[1]='bone_R-hand.mesh' count(>5deg)=6 freshRecap=0  xcheck(invOff-vs-restW) worst=127.3deg bone[1]
  TIER2 joint-attach(PRIMARY): worst=39.20u bone[21]='bone_R-ringfinger-base.mesh' parent[1] R=43.7 exactJoint=43.53u pairs=36  (palette-wide exactWorst=43.63u)
[HANDS_ATTACH] mesh='hands_naked.mesh' owner='hands_naked.mesh' frame=1055 nb=38 wext=98.5 rebound=0
  TIER1 rest-coherence: worst=67.1deg bone[13]='bone_R-hand.mesh' count(>5deg)=8 freshRecap=0  xcheck(invOff-vs-restW) worst=67.1deg bone[13]
  TIER2 joint-attach(PRIMARY): worst=38.54u bone[9]='bone_R-thumb01.mesh' parent[13] R=48.5 exactJoint=34.15u pairs=30  (palette-wide exactWorst=34.21u)
[HANDS_ATTACH] mesh='hands_naked.mesh' owner='hands_naked.mesh' frame=1056 nb=38 wext=80.3 rebound=0
  TIER1 rest-coherence: worst=146.5deg bone[20]='bone_L-foreTwist2.mesh' count(>5deg)=8 freshRecap=0  xcheck(invOff-vs-restW) worst=146.5deg bone[20]
  TIER2 joint-attach(PRIMARY): worst=13.70u bone[9]='bone_R-thumb01.mesh' parent[13] R=48.5 exactJoint=8.82u pairs=30  (palette-wide exactWorst=9.58u)
[HANDS_ATTACH] mesh='hands_naked.mesh' owner='hands_naked.mesh' frame=1066 nb=38 wext=80.3 rebound=0
  TIER1 rest-coherence: worst=146.5deg bone[20]='bone_L-foreTwist2.mesh' count(>5deg)=8 freshRecap=0  xcheck(invOff-vs-restW) worst=146.5deg bone[20]
  TIER2 joint-attach(PRIMARY): worst=13.33u bone[29]='bone_L-hand.mesh' parent[22] R=102.2 exactJoint=1.14u pairs=30  (palette-wide exactWorst=1.14u)
[HANDS_ATTACH] mesh='hands_naked.mesh' owner='hands_naked.mesh' frame=1075 nb=40 wext=84.8 rebound=0
  TIER1 rest-coherence: worst=127.3deg bone[1]='bone_R-hand.mesh' count(>5deg)=6 freshRecap=0  xcheck(invOff-vs-restW) worst=127.3deg bone[1]
  TIER2 joint-attach(PRIMARY): worst=39.20u bone[21]='bone_R-ringfinger-base.mesh' parent[1] R=43.7 exactJoint=43.53u pairs=36  (palette-wide exactWorst=43.63u)
[HANDS_ATTACH] mesh='hands_naked.mesh' owner='hands_naked.mesh' frame=1075 nb=38 wext=98.5 rebound=0
  TIER1 rest-coherence: worst=67.1deg bone[13]='bone_R-hand.mesh' count(>5deg)=8 freshRecap=0  xcheck(invOff-vs-restW) worst=67.1deg bone[13]
  TIER2 joint-attach(PRIMARY): worst=38.54u bone[9]='bone_R-thumb01.mesh' parent[13] R=48.5 exactJoint=34.15u pairs=30  (palette-wide exactWorst=34.21u)
[HANDS_ATTACH] mesh='hands_naked.mesh' owner='hands_naked.mesh' frame=1076 nb=38 wext=80.3 rebound=0
  TIER1 rest-coherence: worst=146.5deg bone[20]='bone_L-foreTwist2.mesh' count(>5deg)=8 freshRecap=0  xcheck(invOff-vs-restW) worst=146.5deg bone[20]
  TIER2 joint-attach(PRIMARY): worst=12.58u bone[29]='bone_L-hand.mesh' parent[22] R=102.2 exactJoint=1.14u pairs=30  (palette-wide exactWorst=2.47u)
[HANDS_ATTACH] mesh='hands_naked.mesh' owner='hands_naked.mesh' frame=1086 nb=38 wext=81.3 rebound=0
  TIER1 rest-coherence: worst=146.5deg bone[20]='bone_L-foreTwist2.mesh' count(>5deg)=8 freshRecap=0  xcheck(invOff-vs-restW) worst=146.5deg bone[20]
  TIER2 joint-attach(PRIMARY): worst=13.31u bone[29]='bone_L-hand.mesh' parent[22] R=102.2 exactJoint=1.14u pairs=30  (palette-wide exactWorst=3.50u)
[HANDS_ATTACH] mesh='hands_naked.mesh' owner='hands_naked.mesh' frame=1095 nb=40 wext=84.8 rebound=0
  TIER1 rest-coherence: worst=127.3deg bone[1]='bone_R-hand.mesh' count(>5deg)=6 freshRecap=0  xcheck(invOff-vs-restW) worst=127.3deg bone[1]
  TIER2 joint-attach(PRIMARY): worst=39.20u bone[21]='bone_R-ringfinger-base.mesh' parent[1] R=43.7 exactJoint=43.53u pairs=36  (palette-wide exactWorst=43.63u)
[HANDS_ATTACH] mesh='hands_naked.mesh' owner='hands_naked.mesh' frame=1095 nb=38 wext=98.5 rebound=0
  TIER1 rest-coherence: worst=67.1deg bone[13]='bone_R-hand.mesh' count(>5deg)=8 freshRecap=0  xcheck(invOff-vs-restW) worst=67.1deg bone[13]
  TIER2 joint-attach(PRIMARY): worst=38.54u bone[9]='bone_R-thumb01.mesh' parent[13] R=48.5 exactJoint=34.15u pairs=30  (palette-wide exactWorst=34.21u)
[HANDS_ATTACH] mesh='hands_naked.mesh' owner='hands_naked.mesh' frame=1096 nb=38 wext=82.7 rebound=0
  TIER1 rest-coherence: worst=146.5deg bone[20]='bone_L-foreTwist2.mesh' count(>5deg)=8 freshRecap=0  xcheck(invOff-vs-restW) worst=146.5deg bone[20]
  TIER2 joint-attach(PRIMARY): worst=14.05u bone[29]='bone_L-hand.mesh' parent[22] R=102.2 exactJoint=1.14u pairs=30  (palette-wide exactWorst=4.97u)
[HANDS_ATTACH] mesh='hands_naked.mesh' owner='hands_naked.mesh' frame=1106 nb=38 wext=88.2 rebound=0
  TIER1 rest-coherence: worst=146.5deg bone[20]='bone_L-foreTwist2.mesh' count(>5deg)=8 freshRecap=0  xcheck(invOff-vs-restW) worst=146.5deg bone[20]
  TIER2 joint-attach(PRIMARY): worst=14.89u bone[29]='bone_L-hand.mesh' parent[22] R=102.2 exactJoint=1.14u pairs=30  (palette-wide exactWorst=9.23u)
[HANDS_ATTACH] mesh='hands_naked.mesh' owner='hands_naked.mesh' frame=1115 nb=40 wext=84.8 rebound=0
  TIER1 rest-coherence: worst=127.3deg bone[1]='bone_R-hand.mesh' count(>5deg)=6 freshRecap=0  xcheck(invOff-vs-restW) worst=127.3deg bone[1]
  TIER2 joint-attach(PRIMARY): worst=39.20u bone[21]='bone_R-ringfinger-base.mesh' parent[1] R=43.7 exactJoint=43.53u pairs=36  (palette-wide exactWorst=43.63u)
[HANDS_ATTACH] mesh='hands_naked.mesh' owner='hands_naked.mesh' frame=1115 nb=38 wext=98.5 rebound=0
  TIER1 rest-coherence: worst=67.1deg bone[13]='bone_R-hand.mesh' count(>5deg)=8 freshRecap=0  xcheck(invOff-vs-restW) worst=67.1deg bone[13]
  TIER2 joint-attach(PRIMARY): worst=38.54u bone[9]='bone_R-thumb01.mesh' parent[13] R=48.5 exactJoint=34.15u pairs=30  (palette-wide exactWorst=34.21u)
[HANDS_ATTACH] mesh='hands_naked.mesh' owner='hands_naked.mesh' frame=1116 nb=38 wext=82.7 rebound=0
  TIER1 rest-coherence: worst=146.5deg bone[20]='bone_L-foreTwist2.mesh' count(>5deg)=8 freshRecap=0  xcheck(invOff-vs-restW) worst=146.5deg bone[20]
  TIER2 joint-attach(PRIMARY): worst=5.55u bone[29]='bone_L-hand.mesh' parent[22] R=101.3 exactJoint=0.43u pairs=30  (palette-wide exactWorst=4.47u)
[HANDS_ATTACH] mesh='hands_naked.mesh' owner='hands_naked.mesh' frame=1126 nb=38 wext=87.9 rebound=0
  TIER1 rest-coherence: worst=146.5deg bone[20]='bone_L-foreTwist2.mesh' count(>5deg)=8 freshRecap=0  xcheck(invOff-vs-restW) worst=146.5deg bone[20]
  TIER2 joint-attach(PRIMARY): worst=10.10u bone[9]='bone_R-thumb01.mesh' parent[13] R=48.5 exactJoint=7.07u pairs=30  (palette-wide exactWorst=10.01u)
[HANDS_ATTACH] mesh='hands_naked.mesh' owner='hands_naked.mesh' frame=1135 nb=40 wext=84.8 rebound=0
  TIER1 rest-coherence: worst=127.3deg bone[1]='bone_R-hand.mesh' count(>5deg)=6 freshRecap=0  xcheck(invOff-vs-restW) worst=127.3deg bone[1]
  TIER2 joint-attach(PRIMARY): worst=39.20u bone[21]='bone_R-ringfinger-base.mesh' parent[1] R=43.7 exactJoint=43.53u pairs=36  (palette-wide exactWorst=43.63u)
[HANDS_ATTACH] mesh='hands_naked.mesh' owner='hands_naked.mesh' frame=1135 nb=38 wext=98.5 rebound=0
  TIER1 rest-coherence: worst=67.1deg bone[13]='bone_R-hand.mesh' count(>5deg)=8 freshRecap=0  xcheck(invOff-vs-restW) worst=67.1deg bone[13]
  TIER2 joint-attach(PRIMARY): worst=38.54u bone[9]='bone_R-thumb01.mesh' parent[13] R=48.5 exactJoint=34.15u pairs=30  (palette-wide exactWorst=34.21u)
[HANDS_ATTACH] mesh='hands_naked.mesh' owner='hands_naked.mesh' frame=1136 nb=38 wext=81.8 rebound=0
  TIER1 rest-coherence: worst=146.5deg bone[20]='bone_L-foreTwist2.mesh' count(>5deg)=8 freshRecap=0  xcheck(invOff-vs-restW) worst=146.5deg bone[20]
  TIER2 joint-attach(PRIMARY): worst=14.28u bone[29]='bone_L-hand.mesh' parent[22] R=100.6 exactJoint=1.12u pairs=30  (palette-wide exactWorst=2.81u)
[HANDS_ATTACH] mesh='hands_naked.mesh' owner='hands_naked.mesh' frame=1146 nb=38 wext=87.0 rebound=0
  TIER1 rest-coherence: worst=146.5deg bone[20]='bone_L-foreTwist2.mesh' count(>5deg)=8 freshRecap=0  xcheck(invOff-vs-restW) worst=146.5deg bone[20]
  TIER2 joint-attach(PRIMARY): worst=15.92u bone[29]='bone_L-hand.mesh' parent[22] R=100.6 exactJoint=1.12u pairs=30  (palette-wide exactWorst=7.72u)
[HANDS_ATTACH] mesh='hands_naked.mesh' owner='hands_naked.mesh' frame=1155 nb=40 wext=84.8 rebound=0
  TIER1 rest-coherence: worst=127.3deg bone[1]='bone_R-hand.mesh' count(>5deg)=6 freshRecap=0  xcheck(invOff-vs-restW) worst=127.3deg bone[1]
  TIER2 joint-attach(PRIMARY): worst=39.20u bone[21]='bone_R-ringfinger-base.mesh' parent[1] R=43.7 exactJoint=43.53u pairs=36  (palette-wide exactWorst=43.63u)
[HANDS_ATTACH] mesh='hands_naked.mesh' owner='hands_naked.mesh' frame=1155 nb=38 wext=98.5 rebound=0
  TIER1 rest-coherence: worst=67.1deg bone[13]='bone_R-hand.mesh' count(>5deg)=8 freshRecap=0  xcheck(invOff-vs-restW) worst=67.1deg bone[13]
  TIER2 joint-attach(PRIMARY): worst=38.54u bone[9]='bone_R-thumb01.mesh' parent[13] R=48.5 exactJoint=34.15u pairs=30  (palette-wide exactWorst=34.21u)
[HANDS_ATTACH] mesh='hands_naked.mesh' owner='hands_naked.mesh' frame=1156 nb=38 wext=87.4 rebound=0
  TIER1 rest-coherence: worst=146.5deg bone[20]='bone_L-foreTwist2.mesh' count(>5deg)=8 freshRecap=0  xcheck(invOff-vs-restW) worst=146.5deg bone[20]
  TIER2 joint-attach(PRIMARY): worst=10.85u bone[25]='bone_L-thumb01.mesh' parent[29] R=48.5 exactJoint=11.59u pairs=30  (palette-wide exactWorst=11.81u)
[HANDS_ATTACH] mesh='hands_naked.mesh' owner='hands_naked.mesh' frame=1166 nb=38 wext=85.2 rebound=0
  TIER1 rest-coherence: worst=146.5deg bone[20]='bone_L-foreTwist2.mesh' count(>5deg)=8 freshRecap=0  xcheck(invOff-vs-restW) worst=146.5deg bone[20]
  TIER2 joint-attach(PRIMARY): worst=12.15u bone[9]='bone_R-thumb01.mesh' parent[13] R=48.5 exactJoint=8.86u pairs=30  (palette-wide exactWorst=8.95u)
[HANDS_ATTACH] mesh='hands_naked.mesh' owner='hands_naked.mesh' frame=1175 nb=40 wext=84.8 rebound=0
  TIER1 rest-coherence: worst=127.3deg bone[1]='bone_R-hand.mesh' count(>5deg)=6 freshRecap=0  xcheck(invOff-vs-restW) worst=127.3deg bone[1]
  TIER2 joint-attach(PRIMARY): worst=39.20u bone[21]='bone_R-ringfinger-base.mesh' parent[1] R=43.7 exactJoint=43.53u pairs=36  (palette-wide exactWorst=43.63u)
[HANDS_ATTACH] mesh='hands_naked.mesh' owner='hands_naked.mesh' frame=1175 nb=38 wext=98.5 rebound=0
  TIER1 rest-coherence: worst=67.1deg bone[13]='bone_R-hand.mesh' count(>5deg)=8 freshRecap=0  xcheck(invOff-vs-restW) worst=67.1deg bone[13]
  TIER2 joint-attach(PRIMARY): worst=38.54u bone[9]='bone_R-thumb01.mesh' parent[13] R=48.5 exactJoint=34.15u pairs=30  (palette-wide exactWorst=34.21u)
[HANDS_ATTACH] mesh='hands_naked.mesh' owner='hands_naked.mesh' frame=1176 nb=38 wext=86.2 rebound=0
  TIER1 rest-coherence: worst=146.5deg bone[20]='bone_L-foreTwist2.mesh' count(>5deg)=8 freshRecap=0  xcheck(invOff-vs-restW) worst=146.5deg bone[20]
  TIER2 joint-attach(PRIMARY): worst=6.48u bone[29]='bone_L-hand.mesh' parent[22] R=99.6 exactJoint=0.48u pairs=30  (palette-wide exactWorst=6.31u)
[HANDS_ATTACH] mesh='hands_naked.mesh' owner='hands_naked.mesh' frame=1186 nb=38 wext=89.9 rebound=0
  TIER1 rest-coherence: worst=146.5deg bone[20]='bone_L-foreTwist2.mesh' count(>5deg)=8 freshRecap=0  xcheck(invOff-vs-restW) worst=146.5deg bone[20]
  TIER2 joint-attach(PRIMARY): worst=12.71u bone[9]='bone_R-thumb01.mesh' parent[13] R=48.5 exactJoint=9.25u pairs=30  (palette-wide exactWorst=11.38u)
[HANDS_ATTACH] mesh='hands_naked.mesh' owner='hands_naked.mesh' frame=1195 nb=40 wext=84.8 rebound=0
  TIER1 rest-coherence: worst=127.3deg bone[1]='bone_R-hand.mesh' count(>5deg)=6 freshRecap=0  xcheck(invOff-vs-restW) worst=127.3deg bone[1]
  TIER2 joint-attach(PRIMARY): worst=39.20u bone[21]='bone_R-ringfinger-base.mesh' parent[1] R=43.7 exactJoint=43.53u pairs=36  (palette-wide exactWorst=43.63u)
[HANDS_ATTACH] mesh='hands_naked.mesh' owner='hands_naked.mesh' frame=1195 nb=38 wext=98.5 rebound=0
  TIER1 rest-coherence: worst=67.1deg bone[13]='bone_R-hand.mesh' count(>5deg)=8 freshRecap=0  xcheck(invOff-vs-restW) worst=67.1deg bone[13]
  TIER2 joint-attach(PRIMARY): worst=38.54u bone[9]='bone_R-thumb01.mesh' parent[13] R=48.5 exactJoint=34.15u pairs=30  (palette-wide exactWorst=34.21u)
[HANDS_ATTACH] mesh='hands_naked.mesh' owner='hands_naked.mesh' frame=1196 nb=38 wext=85.2 rebound=0
  TIER1 rest-coherence: worst=140.1deg bone[20]='bone_L-foreTwist2.mesh' count(>5deg)=8 freshRecap=0  xcheck(invOff-vs-restW) worst=140.1deg bone[20]
  TIER2 joint-attach(PRIMARY): worst=4.76u bone[9]='bone_R-thumb01.mesh' parent[13] R=48.5 exactJoint=3.42u pairs=30  (palette-wide exactWorst=3.45u)
[HANDS_ATTACH] mesh='hands_naked.mesh' owner='hands_naked.mesh' frame=1206 nb=38 wext=87.2 rebound=0
  TIER1 rest-coherence: worst=140.1deg bone[20]='bone_L-foreTwist2.mesh' count(>5deg)=8 freshRecap=0  xcheck(invOff-vs-restW) worst=140.1deg bone[20]
  TIER2 joint-attach(PRIMARY): worst=11.55u bone[9]='bone_R-thumb01.mesh' parent[13] R=48.5 exactJoint=8.30u pairs=30  (palette-wide exactWorst=8.38u)
[HANDS_ATTACH] mesh='hands_naked.mesh' owner='hands_naked.mesh' frame=1215 nb=40 wext=84.8 rebound=0
  TIER1 rest-coherence: worst=127.3deg bone[1]='bone_R-hand.mesh' count(>5deg)=6 freshRecap=0  xcheck(invOff-vs-restW) worst=127.3deg bone[1]
  TIER2 joint-attach(PRIMARY): worst=39.20u bone[21]='bone_R-ringfinger-base.mesh' parent[1] R=43.7 exactJoint=43.53u pairs=36  (palette-wide exactWorst=43.63u)
[HANDS_ATTACH] mesh='hands_naked.mesh' owner='hands_naked.mesh' frame=1215 nb=38 wext=98.5 rebound=0
  TIER1 rest-coherence: worst=67.1deg bone[13]='bone_R-hand.mesh' count(>5deg)=8 freshRecap=0  xcheck(invOff-vs-restW) worst=67.1deg bone[13]
  TIER2 joint-attach(PRIMARY): worst=38.54u bone[9]='bone_R-thumb01.mesh' parent[13] R=48.5 exactJoint=34.15u pairs=30  (palette-wide exactWorst=34.21u)
[HANDS_ATTACH] mesh='hands_naked.mesh' owner='hands_naked.mesh' frame=1216 nb=38 wext=86.4 rebound=0
  TIER1 rest-coherence: worst=140.1deg bone[20]='bone_L-foreTwist2.mesh' count(>5deg)=8 freshRecap=0  xcheck(invOff-vs-restW) worst=140.1deg bone[20]
  TIER2 joint-attach(PRIMARY): worst=11.92u bone[25]='bone_L-thumb01.mesh' parent[29] R=48.5 exactJoint=12.60u pairs=30  (palette-wide exactWorst=12.87u)
[HANDS_ATTACH] mesh='hands_naked.mesh' owner='hands_naked.mesh' frame=1226 nb=38 wext=85.2 rebound=0
  TIER1 rest-coherence: worst=140.1deg bone[20]='bone_L-foreTwist2.mesh' count(>5deg)=8 freshRecap=0  xcheck(invOff-vs-restW) worst=140.1deg bone[20]
  TIER2 joint-attach(PRIMARY): worst=11.26u bone[29]='bone_L-hand.mesh' parent[22] R=98.2 exactJoint=1.12u pairs=30  (palette-wide exactWorst=7.85u)
[HANDS_ATTACH] mesh='hands_naked.mesh' owner='hands_naked.mesh' frame=1235 nb=40 wext=84.8 rebound=0
  TIER1 rest-coherence: worst=127.3deg bone[1]='bone_R-hand.mesh' count(>5deg)=6 freshRecap=0  xcheck(invOff-vs-restW) worst=127.3deg bone[1]
  TIER2 joint-attach(PRIMARY): worst=39.20u bone[21]='bone_R-ringfinger-base.mesh' parent[1] R=43.7 exactJoint=43.53u pairs=36  (palette-wide exactWorst=43.63u)
[HANDS_ATTACH] mesh='hands_naked.mesh' owner='hands_naked.mesh' frame=1235 nb=38 wext=98.5 rebound=0
  TIER1 rest-coherence: worst=67.1deg bone[13]='bone_R-hand.mesh' count(>5deg)=8 freshRecap=0  xcheck(invOff-vs-restW) worst=67.1deg bone[13]
  TIER2 joint-attach(PRIMARY): worst=38.54u bone[9]='bone_R-thumb01.mesh' parent[13] R=48.5 exactJoint=34.15u pairs=30  (palette-wide exactWorst=34.21u)
[HANDS_ATTACH] mesh='hands_naked.mesh' owner='hands_naked.mesh' frame=1236 nb=38 wext=80.3 rebound=0
  TIER1 rest-coherence: worst=140.1deg bone[20]='bone_L-foreTwist2.mesh' count(>5deg)=8 freshRecap=0  xcheck(invOff-vs-restW) worst=140.1deg bone[20]
  TIER2 joint-attach(PRIMARY): worst=2.41u bone[29]='bone_L-hand.mesh' parent[22] R=97.8 exactJoint=0.20u pairs=30  (palette-wide exactWorst=0.47u)
[HANDS_ATTACH] mesh='hands_naked.mesh' owner='hands_naked.mesh' frame=1246 nb=38 wext=84.5 rebound=0
  TIER1 rest-coherence: worst=140.1deg bone[20]='bone_L-foreTwist2.mesh' count(>5deg)=8 freshRecap=0  xcheck(invOff-vs-restW) worst=140.1deg bone[20]
  TIER2 joint-attach(PRIMARY): worst=9.47u bone[29]='bone_L-hand.mesh' parent[22] R=97.8 exactJoint=0.20u pairs=30  (palette-wide exactWorst=9.51u)
[HANDS_ATTACH] mesh='hands_naked.mesh' owner='hands_naked.mesh' frame=1255 nb=40 wext=84.8 rebound=0
  TIER1 rest-coherence: worst=127.3deg bone[1]='bone_R-hand.mesh' count(>5deg)=6 freshRecap=0  xcheck(invOff-vs-restW) worst=127.3deg bone[1]
  TIER2 joint-attach(PRIMARY): worst=39.20u bone[21]='bone_R-ringfinger-base.mesh' parent[1] R=43.7 exactJoint=43.53u pairs=36  (palette-wide exactWorst=43.63u)
[HANDS_ATTACH] mesh='hands_naked.mesh' owner='hands_naked.mesh' frame=1255 nb=38 wext=98.5 rebound=0
  TIER1 rest-coherence: worst=67.1deg bone[13]='bone_R-hand.mesh' count(>5deg)=8 freshRecap=0  xcheck(invOff-vs-restW) worst=67.1deg bone[13]
  TIER2 joint-attach(PRIMARY): worst=38.54u bone[9]='bone_R-thumb01.mesh' parent[13] R=48.5 exactJoint=34.15u pairs=30  (palette-wide exactWorst=34.21u)
[HANDS_ATTACH] mesh='hands_naked.mesh' owner='hands_naked.mesh' frame=1256 nb=38 wext=81.1 rebound=0
  TIER1 rest-coherence: worst=133.9deg bone[20]='bone_L-foreTwist2.mesh' count(>5deg)=8 freshRecap=0  xcheck(invOff-vs-restW) worst=133.9deg bone[20]
  TIER2 joint-attach(PRIMARY): worst=14.13u bone[29]='bone_L-hand.mesh' parent[22] R=97.5 exactJoint=1.14u pairs=30  (palette-wide exactWorst=2.87u)
[HANDS_ATTACH] mesh='hands_naked.mesh' owner='hands_naked.mesh' frame=1268 nb=38 wext=80.3 rebound=0
  TIER1 rest-coherence: worst=127.2deg bone[28]='bone_L-foreTwist1.mesh' count(>5deg)=8 freshRecap=0  xcheck(invOff-vs-restW) worst=127.2deg bone[20]
  TIER2 joint-attach(PRIMARY): worst=11.97u bone[9]='bone_R-thumb01.mesh' parent[13] R=48.5 exactJoint=3.04u pairs=30  (palette-wide exactWorst=3.10u)
[HANDS_ATTACH] mesh='hands_naked.mesh' owner='hands_naked.mesh' frame=1270 nb=38 wext=99.8 rebound=0
  TIER1 rest-coherence: worst=133.9deg bone[20]='bone_L-foreTwist2.mesh' count(>5deg)=8 freshRecap=0  xcheck(invOff-vs-restW) worst=133.9deg bone[20]
  TIER2 joint-attach(PRIMARY): worst=35.38u bone[9]='bone_R-thumb01.mesh' parent[13] R=48.5 exactJoint=34.34u pairs=30  (palette-wide exactWorst=34.34u)
[HANDS_ATTACH] mesh='hands_naked.mesh' owner='hands_naked.mesh' frame=1275 nb=40 wext=84.8 rebound=0
  TIER1 rest-coherence: worst=127.3deg bone[1]='bone_R-hand.mesh' count(>5deg)=6 freshRecap=0  xcheck(invOff-vs-restW) worst=127.3deg bone[1]
  TIER2 joint-attach(PRIMARY): worst=39.20u bone[21]='bone_R-ringfinger-base.mesh' parent[1] R=43.7 exactJoint=43.53u pairs=36  (palette-wide exactWorst=43.63u)
[HANDS_ATTACH] mesh='hands_naked.mesh' owner='hands_naked.mesh' frame=1278 nb=38 wext=80.3 rebound=0
  TIER1 rest-coherence: worst=127.2deg bone[28]='bone_L-foreTwist1.mesh' count(>5deg)=8 freshRecap=0  xcheck(invOff-vs-restW) worst=127.2deg bone[20]
  TIER2 joint-attach(PRIMARY): worst=11.32u bone[9]='bone_R-thumb01.mesh' parent[13] R=48.5 exactJoint=2.86u pairs=30  (palette-wide exactWorst=2.93u)
[HANDS_ATTACH] mesh='hands_naked.mesh' owner='hands_naked.mesh' frame=1288 nb=38 wext=80.3 rebound=0
  TIER1 rest-coherence: worst=127.2deg bone[28]='bone_L-foreTwist1.mesh' count(>5deg)=8 freshRecap=0  xcheck(invOff-vs-restW) worst=127.2deg bone[20]
  TIER2 joint-attach(PRIMARY): worst=9.12u bone[9]='bone_R-thumb01.mesh' parent[13] R=48.5 exactJoint=2.30u pairs=30  (palette-wide exactWorst=2.36u)
[HANDS_ATTACH] mesh='hands_naked.mesh' owner='hands_naked.mesh' frame=1290 nb=38 wext=101.9 rebound=0
  TIER1 rest-coherence: worst=133.9deg bone[20]='bone_L-foreTwist2.mesh' count(>5deg)=8 freshRecap=0  xcheck(invOff-vs-restW) worst=133.9deg bone[20]
  TIER2 joint-attach(PRIMARY): worst=35.23u bone[9]='bone_R-thumb01.mesh' parent[13] R=48.5 exactJoint=34.42u pairs=30  (palette-wide exactWorst=34.42u)
[HANDS_ATTACH] mesh='hands_naked.mesh' owner='hands_naked.mesh' frame=1295 nb=40 wext=84.8 rebound=0
  TIER1 rest-coherence: worst=127.3deg bone[1]='bone_R-hand.mesh' count(>5deg)=6 freshRecap=0  xcheck(invOff-vs-restW) worst=127.3deg bone[1]
  TIER2 joint-attach(PRIMARY): worst=39.20u bone[21]='bone_R-ringfinger-base.mesh' parent[1] R=43.7 exactJoint=43.53u pairs=36  (palette-wide exactWorst=43.63u)
[HANDS_ATTACH] mesh='hands_naked.mesh' owner='hands_naked.mesh' frame=1298 nb=38 wext=80.3 rebound=0
  TIER1 rest-coherence: worst=127.2deg bone[28]='bone_L-foreTwist1.mesh' count(>5deg)=8 freshRecap=0  xcheck(invOff-vs-restW) worst=127.2deg bone[20]
  TIER2 joint-attach(PRIMARY): worst=7.12u bone[9]='bone_R-thumb01.mesh' parent[13] R=48.5 exactJoint=1.80u pairs=30  (palette-wide exactWorst=1.85u)
[HANDS_ATTACH] mesh='hands_naked.mesh' owner='hands_naked.mesh' frame=1308 nb=38 wext=80.3 rebound=0
  TIER1 rest-coherence: worst=127.2deg bone[28]='bone_L-foreTwist1.mesh' count(>5deg)=8 freshRecap=0  xcheck(invOff-vs-restW) worst=127.2deg bone[20]
  TIER2 joint-attach(PRIMARY): worst=0.32u bone[13]='bone_R-hand.mesh' parent[5] R=84.4 exactJoint=0.17u pairs=30  (palette-wide exactWorst=0.17u)
[HANDS_ATTACH] mesh='hands_naked.mesh' owner='hands_naked.mesh' frame=1310 nb=38 wext=101.9 rebound=0
  TIER1 rest-coherence: worst=133.9deg bone[20]='bone_L-foreTwist2.mesh' count(>5deg)=8 freshRecap=0  xcheck(invOff-vs-restW) worst=133.9deg bone[20]
  TIER2 joint-attach(PRIMARY): worst=35.23u bone[9]='bone_R-thumb01.mesh' parent[13] R=48.5 exactJoint=34.42u pairs=30  (palette-wide exactWorst=34.42u)
[HANDS_ATTACH] mesh='hands_naked.mesh' owner='hands_naked.mesh' frame=1315 nb=40 wext=84.8 rebound=0
  TIER1 rest-coherence: worst=127.3deg bone[1]='bone_R-hand.mesh' count(>5deg)=6 freshRecap=0  xcheck(invOff-vs-restW) worst=127.3deg bone[1]
  TIER2 joint-attach(PRIMARY): worst=39.20u bone[21]='bone_R-ringfinger-base.mesh' parent[1] R=43.7 exactJoint=43.53u pairs=36  (palette-wide exactWorst=43.63u)
[HANDS_ATTACH] mesh='hands_naked.mesh' owner='hands_naked.mesh' frame=1318 nb=38 wext=80.3 rebound=0
  TIER1 rest-coherence: worst=127.2deg bone[28]='bone_L-foreTwist1.mesh' count(>5deg)=8 freshRecap=0  xcheck(invOff-vs-restW) worst=127.2deg bone[20]
  TIER2 joint-attach(PRIMARY): worst=12.43u bone[9]='bone_R-thumb01.mesh' parent[13] R=48.5 exactJoint=2.76u pairs=30  (palette-wide exactWorst=2.98u)
[HANDS_ATTACH] mesh='hands_naked.mesh' owner='hands_naked.mesh' frame=1328 nb=38 wext=80.3 rebound=0
  TIER1 rest-coherence: worst=127.2deg bone[28]='bone_L-foreTwist1.mesh' count(>5deg)=8 freshRecap=0  xcheck(invOff-vs-restW) worst=127.2deg bone[20]
  TIER2 joint-attach(PRIMARY): worst=4.82u bone[9]='bone_R-thumb01.mesh' parent[13] R=48.5 exactJoint=1.08u pairs=30  (palette-wide exactWorst=1.17u)
[HANDS_ATTACH] mesh='hands_naked.mesh' owner='hands_naked.mesh' frame=1330 nb=38 wext=101.9 rebound=0
  TIER1 rest-coherence: worst=133.9deg bone[20]='bone_L-foreTwist2.mesh' count(>5deg)=8 freshRecap=0  xcheck(invOff-vs-restW) worst=133.9deg bone[20]
  TIER2 joint-attach(PRIMARY): worst=35.23u bone[9]='bone_R-thumb01.mesh' parent[13] R=48.5 exactJoint=34.42u pairs=30  (palette-wide exactWorst=34.42u)
[HANDS_ATTACH] mesh='hands_naked.mesh' owner='hands_naked.mesh' frame=1335 nb=40 wext=84.8 rebound=0
  TIER1 rest-coherence: worst=127.3deg bone[1]='bone_R-hand.mesh' count(>5deg)=6 freshRecap=0  xcheck(invOff-vs-restW) worst=127.3deg bone[1]
  TIER2 joint-attach(PRIMARY): worst=39.20u bone[21]='bone_R-ringfinger-base.mesh' parent[1] R=43.7 exactJoint=43.53u pairs=36  (palette-wide exactWorst=43.63u)
[HANDS_ATTACH] mesh='hands_naked.mesh' owner='hands_naked.mesh' frame=1338 nb=38 wext=80.3 rebound=0
  TIER1 rest-coherence: worst=127.2deg bone[28]='bone_L-foreTwist1.mesh' count(>5deg)=8 freshRecap=0  xcheck(invOff-vs-restW) worst=127.2deg bone[20]
  TIER2 joint-attach(PRIMARY): worst=16.58u bone[9]='bone_R-thumb01.mesh' parent[13] R=48.5 exactJoint=3.74u pairs=30  (palette-wide exactWorst=4.07u)
[HANDS_ATTACH] mesh='hands_naked.mesh' owner='hands_naked.mesh' frame=1348 nb=38 wext=80.3 rebound=0
  TIER1 rest-coherence: worst=127.2deg bone[28]='bone_L-foreTwist1.mesh' count(>5deg)=8 freshRecap=0  xcheck(invOff-vs-restW) worst=127.2deg bone[20]
  TIER2 joint-attach(PRIMARY): worst=7.95u bone[9]='bone_R-thumb01.mesh' parent[13] R=48.5 exactJoint=1.83u pairs=30  (palette-wide exactWorst=2.00u)
[HANDS_ATTACH] mesh='hands_naked.mesh' owner='hands_naked.mesh' frame=1350 nb=38 wext=101.9 rebound=0
  TIER1 rest-coherence: worst=133.9deg bone[20]='bone_L-foreTwist2.mesh' count(>5deg)=8 freshRecap=0  xcheck(invOff-vs-restW) worst=133.9deg bone[20]
  TIER2 joint-attach(PRIMARY): worst=35.23u bone[9]='bone_R-thumb01.mesh' parent[13] R=48.5 exactJoint=34.42u pairs=30  (palette-wide exactWorst=34.42u)
[HANDS_ATTACH] mesh='hands_naked.mesh' owner='hands_naked.mesh' frame=1355 nb=40 wext=84.8 rebound=0
  TIER1 rest-coherence: worst=127.3deg bone[1]='bone_R-hand.mesh' count(>5deg)=6 freshRecap=0  xcheck(invOff-vs-restW) worst=127.3deg bone[1]
  TIER2 joint-attach(PRIMARY): worst=39.20u bone[21]='bone_R-ringfinger-base.mesh' parent[1] R=43.7 exactJoint=43.53u pairs=36  (palette-wide exactWorst=43.63u)
[HANDS_ATTACH] mesh='hands_naked.mesh' owner='hands_naked.mesh' frame=1358 nb=38 wext=80.3 rebound=0
  TIER1 rest-coherence: worst=127.2deg bone[28]='bone_L-foreTwist1.mesh' count(>5deg)=8 freshRecap=0  xcheck(invOff-vs-restW) worst=127.2deg bone[20]
  TIER2 joint-attach(PRIMARY): worst=10.17u bone[8]='bone_R-index01.mesh' parent[13] R=48.0 exactJoint=0.23u pairs=30  (palette-wide exactWorst=0.41u)
[HANDS_ATTACH] mesh='hands_naked.mesh' owner='hands_naked.mesh' frame=1368 nb=38 wext=80.3 rebound=0
  TIER1 rest-coherence: worst=127.2deg bone[28]='bone_L-foreTwist1.mesh' count(>5deg)=8 freshRecap=0  xcheck(invOff-vs-restW) worst=127.2deg bone[20]
  TIER2 joint-attach(PRIMARY): worst=21.75u bone[1]='bone_R-middlefinger01.mesh' parent[13] R=48.1 exactJoint=2.42u pairs=30  (palette-wide exactWorst=3.23u)
[HANDS_ATTACH] mesh='hands_naked.mesh' owner='hands_naked.mesh' frame=1370 nb=38 wext=101.9 rebound=0
  TIER1 rest-coherence: worst=133.9deg bone[20]='bone_L-foreTwist2.mesh' count(>5deg)=8 freshRecap=0  xcheck(invOff-vs-restW) worst=133.9deg bone[20]
  TIER2 joint-attach(PRIMARY): worst=35.23u bone[9]='bone_R-thumb01.mesh' parent[13] R=48.5 exactJoint=34.42u pairs=30  (palette-wide exactWorst=34.42u)
[HANDS_ATTACH] mesh='hands_naked.mesh' owner='hands_naked.mesh' frame=1375 nb=40 wext=84.8 rebound=0
  TIER1 rest-coherence: worst=127.3deg bone[1]='bone_R-hand.mesh' count(>5deg)=6 freshRecap=0  xcheck(invOff-vs-restW) worst=127.3deg bone[1]
  TIER2 joint-attach(PRIMARY): worst=39.20u bone[21]='bone_R-ringfinger-base.mesh' parent[1] R=43.7 exactJoint=43.53u pairs=36  (palette-wide exactWorst=43.63u)
[HANDS_ATTACH] mesh='hands_naked.mesh' owner='hands_naked.mesh' frame=1378 nb=38 wext=80.3 rebound=0
  TIER1 rest-coherence: worst=127.2deg bone[28]='bone_L-foreTwist1.mesh' count(>5deg)=8 freshRecap=0  xcheck(invOff-vs-restW) worst=127.2deg bone[20]
  TIER2 joint-attach(PRIMARY): worst=2.88u bone[13]='bone_R-hand.mesh' parent[5] R=85.6 exactJoint=0.31u pairs=30  (palette-wide exactWorst=0.58u)
[HANDS_ATTACH] mesh='hands_naked.mesh' owner='hands_naked.mesh' frame=1388 nb=38 wext=80.3 rebound=0
  TIER1 rest-coherence: worst=127.2deg bone[28]='bone_L-foreTwist1.mesh' count(>5deg)=8 freshRecap=0  xcheck(invOff-vs-restW) worst=127.2deg bone[20]
  TIER2 joint-attach(PRIMARY): worst=14.95u bone[1]='bone_R-middlefinger01.mesh' parent[13] R=48.1 exactJoint=3.07u pairs=30  (palette-wide exactWorst=3.50u)
[HANDS_ATTACH] mesh='hands_naked.mesh' owner='hands_naked.mesh' frame=1390 nb=38 wext=101.9 rebound=0
  TIER1 rest-coherence: worst=133.9deg bone[20]='bone_L-foreTwist2.mesh' count(>5deg)=8 freshRecap=0  xcheck(invOff-vs-restW) worst=133.9deg bone[20]
  TIER2 joint-attach(PRIMARY): worst=35.23u bone[9]='bone_R-thumb01.mesh' parent[13] R=48.5 exactJoint=34.42u pairs=30  (palette-wide exactWorst=34.42u)
[HANDS_ATTACH] mesh='hands_naked.mesh' owner='hands_naked.mesh' frame=1395 nb=40 wext=84.8 rebound=0
  TIER1 rest-coherence: worst=127.3deg bone[1]='bone_R-hand.mesh' count(>5deg)=6 freshRecap=0  xcheck(invOff-vs-restW) worst=127.3deg bone[1]
  TIER2 joint-attach(PRIMARY): worst=39.20u bone[21]='bone_R-ringfinger-base.mesh' parent[1] R=43.7 exactJoint=43.53u pairs=36  (palette-wide exactWorst=43.63u)
[HANDS_ATTACH] mesh='hands_naked.mesh' owner='hands_naked.mesh' frame=1398 nb=38 wext=80.3 rebound=0
  TIER1 rest-coherence: worst=127.2deg bone[28]='bone_L-foreTwist1.mesh' count(>5deg)=8 freshRecap=0  xcheck(invOff-vs-restW) worst=127.2deg bone[20]
  TIER2 joint-attach(PRIMARY): worst=3.72u bone[9]='bone_R-thumb01.mesh' parent[13] R=48.5 exactJoint=1.01u pairs=30  (palette-wide exactWorst=1.06u)
[HANDS_ATTACH] mesh='hands_naked.mesh' owner='hands_naked.mesh' frame=1408 nb=38 wext=80.3 rebound=0
  TIER1 rest-coherence: worst=127.2deg bone[28]='bone_L-foreTwist1.mesh' count(>5deg)=8 freshRecap=0  xcheck(invOff-vs-restW) worst=127.2deg bone[20]
  TIER2 joint-attach(PRIMARY): worst=16.10u bone[9]='bone_R-thumb01.mesh' parent[13] R=48.5 exactJoint=4.37u pairs=30  (palette-wide exactWorst=4.37u)
[HANDS_ATTACH] mesh='hands_naked.mesh' owner='hands_naked.mesh' frame=1410 nb=38 wext=101.9 rebound=0
  TIER1 rest-coherence: worst=133.9deg bone[20]='bone_L-foreTwist2.mesh' count(>5deg)=8 freshRecap=0  xcheck(invOff-vs-restW) worst=133.9deg bone[20]
  TIER2 joint-attach(PRIMARY): worst=35.23u bone[9]='bone_R-thumb01.mesh' parent[13] R=48.5 exactJoint=34.42u pairs=30  (palette-wide exactWorst=34.42u)
[HANDS_ATTACH] mesh='hands_naked.mesh' owner='hands_naked.mesh' frame=1415 nb=40 wext=84.8 rebound=0
  TIER1 rest-coherence: worst=127.3deg bone[1]='bone_R-hand.mesh' count(>5deg)=6 freshRecap=0  xcheck(invOff-vs-restW) worst=127.3deg bone[1]
  TIER2 joint-attach(PRIMARY): worst=39.20u bone[21]='bone_R-ringfinger-base.mesh' parent[1] R=43.7 exactJoint=43.53u pairs=36  (palette-wide exactWorst=43.63u)
[HANDS_ATTACH] mesh='hands_naked.mesh' owner='hands_naked.mesh' frame=1418 nb=38 wext=80.3 rebound=0
  TIER1 rest-coherence: worst=127.2deg bone[28]='bone_L-foreTwist1.mesh' count(>5deg)=8 freshRecap=0  xcheck(invOff-vs-restW) worst=127.2deg bone[20]
  TIER2 joint-attach(PRIMARY): worst=6.96u bone[9]='bone_R-thumb01.mesh' parent[13] R=48.5 exactJoint=1.61u pairs=30  (palette-wide exactWorst=1.72u)
[HANDS_ATTACH] mesh='hands_naked.mesh' owner='hands_naked.mesh' frame=1428 nb=38 wext=80.4 rebound=0
  TIER1 rest-coherence: worst=127.2deg bone[28]='bone_L-foreTwist1.mesh' count(>5deg)=8 freshRecap=0  xcheck(invOff-vs-restW) worst=127.2deg bone[20]
  TIER2 joint-attach(PRIMARY): worst=18.17u bone[9]='bone_R-thumb01.mesh' parent[13] R=48.5 exactJoint=3.56u pairs=30  (palette-wide exactWorst=3.96u)
[HANDS_ATTACH] mesh='hands_naked.mesh' owner='hands_naked.mesh' frame=1430 nb=38 wext=101.9 rebound=0
  TIER1 rest-coherence: worst=133.9deg bone[20]='bone_L-foreTwist2.mesh' count(>5deg)=8 freshRecap=0  xcheck(invOff-vs-restW) worst=133.9deg bone[20]
  TIER2 joint-attach(PRIMARY): worst=35.23u bone[9]='bone_R-thumb01.mesh' parent[13] R=48.5 exactJoint=34.42u pairs=30  (palette-wide exactWorst=34.42u)
[HANDS_ATTACH] mesh='hands_naked.mesh' owner='hands_naked.mesh' frame=1435 nb=40 wext=84.8 rebound=0
  TIER1 rest-coherence: worst=127.3deg bone[1]='bone_R-hand.mesh' count(>5deg)=6 freshRecap=0  xcheck(invOff-vs-restW) worst=127.3deg bone[1]
  TIER2 joint-attach(PRIMARY): worst=39.20u bone[21]='bone_R-ringfinger-base.mesh' parent[1] R=43.7 exactJoint=43.53u pairs=36  (palette-wide exactWorst=43.63u)
[HANDS_ATTACH] mesh='hands_naked.mesh' owner='hands_naked.mesh' frame=1438 nb=38 wext=80.4 rebound=0
  TIER1 rest-coherence: worst=127.2deg bone[28]='bone_L-foreTwist1.mesh' count(>5deg)=8 freshRecap=0  xcheck(invOff-vs-restW) worst=127.2deg bone[20]
  TIER2 joint-attach(PRIMARY): worst=9.84u bone[9]='bone_R-thumb01.mesh' parent[13] R=48.5 exactJoint=1.74u pairs=30  (palette-wide exactWorst=1.94u)
[HANDS_ATTACH] mesh='hands_naked.mesh' owner='hands_naked.mesh' frame=1448 nb=38 wext=80.3 rebound=0
  TIER1 rest-coherence: worst=127.2deg bone[28]='bone_L-foreTwist1.mesh' count(>5deg)=8 freshRecap=0  xcheck(invOff-vs-restW) worst=127.2deg bone[20]
  TIER2 joint-attach(PRIMARY): worst=6.95u bone[13]='bone_R-hand.mesh' parent[5] R=82.9 exactJoint=1.49u pairs=30  (palette-wide exactWorst=1.49u)
[HANDS_ATTACH] mesh='hands_naked.mesh' owner='hands_naked.mesh' frame=1450 nb=38 wext=101.9 rebound=0
  TIER1 rest-coherence: worst=133.9deg bone[20]='bone_L-foreTwist2.mesh' count(>5deg)=8 freshRecap=0  xcheck(invOff-vs-restW) worst=133.9deg bone[20]
  TIER2 joint-attach(PRIMARY): worst=35.23u bone[9]='bone_R-thumb01.mesh' parent[13] R=48.5 exactJoint=34.42u pairs=30  (palette-wide exactWorst=34.42u)
[HANDS_ATTACH] mesh='hands_naked.mesh' owner='hands_naked.mesh' frame=1455 nb=40 wext=84.8 rebound=0
  TIER1 rest-coherence: worst=127.3deg bone[1]='bone_R-hand.mesh' count(>5deg)=6 freshRecap=0  xcheck(invOff-vs-restW) worst=127.3deg bone[1]
  TIER2 joint-attach(PRIMARY): worst=39.20u bone[21]='bone_R-ringfinger-base.mesh' parent[1] R=43.7 exactJoint=43.53u pairs=36  (palette-wide exactWorst=43.63u)
[HANDS_ATTACH] mesh='hands_naked.mesh' owner='hands_naked.mesh' frame=1458 nb=38 wext=82.1 rebound=0
  TIER1 rest-coherence: worst=127.2deg bone[28]='bone_L-foreTwist1.mesh' count(>5deg)=8 freshRecap=0  xcheck(invOff-vs-restW) worst=127.2deg bone[20]
  TIER2 joint-attach(PRIMARY): worst=18.19u bone[9]='bone_R-thumb01.mesh' parent[13] R=48.5 exactJoint=3.52u pairs=30  (palette-wide exactWorst=3.72u)
[HANDS_ATTACH] mesh='hands_naked.mesh' owner='hands_naked.mesh' frame=1468 nb=38 wext=82.6 rebound=0
  TIER1 rest-coherence: worst=127.2deg bone[28]='bone_L-foreTwist1.mesh' count(>5deg)=8 freshRecap=0  xcheck(invOff-vs-restW) worst=127.2deg bone[20]
  TIER2 joint-attach(PRIMARY): worst=18.26u bone[9]='bone_R-thumb01.mesh' parent[13] R=48.5 exactJoint=3.80u pairs=30  (palette-wide exactWorst=3.92u)
[HANDS_ATTACH] mesh='hands_naked.mesh' owner='hands_naked.mesh' frame=1470 nb=38 wext=101.9 rebound=0
  TIER1 rest-coherence: worst=133.9deg bone[20]='bone_L-foreTwist2.mesh' count(>5deg)=8 freshRecap=0  xcheck(invOff-vs-restW) worst=133.9deg bone[20]
  TIER2 joint-attach(PRIMARY): worst=35.23u bone[9]='bone_R-thumb01.mesh' parent[13] R=48.5 exactJoint=34.42u pairs=30  (palette-wide exactWorst=34.42u)
[HANDS_ATTACH] mesh='hands_naked.mesh' owner='hands_naked.mesh' frame=1475 nb=40 wext=84.8 rebound=0
  TIER1 rest-coherence: worst=127.3deg bone[1]='bone_R-hand.mesh' count(>5deg)=6 freshRecap=0  xcheck(invOff-vs-restW) worst=127.3deg bone[1]
  TIER2 joint-attach(PRIMARY): worst=39.20u bone[21]='bone_R-ringfinger-base.mesh' parent[1] R=43.7 exactJoint=43.53u pairs=36  (palette-wide exactWorst=43.63u)
[HANDS_ATTACH] mesh='hands_naked.mesh' owner='hands_naked.mesh' frame=1478 nb=38 wext=82.8 rebound=0
  TIER1 rest-coherence: worst=127.2deg bone[28]='bone_L-foreTwist1.mesh' count(>5deg)=8 freshRecap=0  xcheck(invOff-vs-restW) worst=127.2deg bone[20]
  TIER2 joint-attach(PRIMARY): worst=18.60u bone[9]='bone_R-thumb01.mesh' parent[13] R=48.5 exactJoint=3.95u pairs=30  (palette-wide exactWorst=4.06u)
[HANDS_ATTACH] mesh='hands_naked.mesh' owner='hands_naked.mesh' frame=1488 nb=38 wext=82.8 rebound=0
  TIER1 rest-coherence: worst=127.2deg bone[28]='bone_L-foreTwist1.mesh' count(>5deg)=8 freshRecap=0  xcheck(invOff-vs-restW) worst=127.2deg bone[20]
  TIER2 joint-attach(PRIMARY): worst=18.52u bone[9]='bone_R-thumb01.mesh' parent[13] R=48.5 exactJoint=4.01u pairs=30  (palette-wide exactWorst=4.10u)
[HANDS_ATTACH] mesh='hands_naked.mesh' owner='hands_naked.mesh' frame=1490 nb=38 wext=101.9 rebound=0
  TIER1 rest-coherence: worst=133.9deg bone[20]='bone_L-foreTwist2.mesh' count(>5deg)=8 freshRecap=0  xcheck(invOff-vs-restW) worst=133.9deg bone[20]
  TIER2 joint-attach(PRIMARY): worst=35.23u bone[9]='bone_R-thumb01.mesh' parent[13] R=48.5 exactJoint=34.42u pairs=30  (palette-wide exactWorst=34.42u)
[HANDS_ATTACH] mesh='hands_naked.mesh' owner='hands_naked.mesh' frame=1495 nb=40 wext=84.8 rebound=0
  TIER1 rest-coherence: worst=127.3deg bone[1]='bone_R-hand.mesh' count(>5deg)=6 freshRecap=0  xcheck(invOff-vs-restW) worst=127.3deg bone[1]
  TIER2 joint-attach(PRIMARY): worst=39.20u bone[21]='bone_R-ringfinger-base.mesh' parent[1] R=43.7 exactJoint=43.53u pairs=36  (palette-wide exactWorst=43.63u)
[HANDS_ATTACH] mesh='hands_naked.mesh' owner='hands_naked.mesh' frame=1498 nb=38 wext=81.8 rebound=0
  TIER1 rest-coherence: worst=127.2deg bone[28]='bone_L-foreTwist1.mesh' count(>5deg)=8 freshRecap=0  xcheck(invOff-vs-restW) worst=127.2deg bone[20]
  TIER2 joint-attach(PRIMARY): worst=10.48u bone[9]='bone_R-thumb01.mesh' parent[13] R=48.5 exactJoint=2.53u pairs=30  (palette-wide exactWorst=2.53u)
[HANDS_ATTACH] mesh='hands_naked.mesh' owner='hands_naked.mesh' frame=1508 nb=38 wext=80.3 rebound=0
  TIER1 rest-coherence: worst=127.2deg bone[28]='bone_L-foreTwist1.mesh' count(>5deg)=8 freshRecap=0  xcheck(invOff-vs-restW) worst=127.2deg bone[20]
  TIER2 joint-attach(PRIMARY): worst=1.11u bone[9]='bone_R-thumb01.mesh' parent[13] R=48.5 exactJoint=0.27u pairs=30  (palette-wide exactWorst=0.27u)
[HANDS_ATTACH] mesh='hands_naked.mesh' owner='hands_naked.mesh' frame=1510 nb=38 wext=101.9 rebound=0
  TIER1 rest-coherence: worst=133.9deg bone[20]='bone_L-foreTwist2.mesh' count(>5deg)=8 freshRecap=0  xcheck(invOff-vs-restW) worst=133.9deg bone[20]
  TIER2 joint-attach(PRIMARY): worst=35.23u bone[9]='bone_R-thumb01.mesh' parent[13] R=48.5 exactJoint=34.42u pairs=30  (palette-wide exactWorst=34.42u)
[HANDS_ATTACH] mesh='hands_naked.mesh' owner='hands_naked.mesh' frame=1515 nb=40 wext=84.8 rebound=0
  TIER1 rest-coherence: worst=127.3deg bone[1]='bone_R-hand.mesh' count(>5deg)=6 freshRecap=0  xcheck(invOff-vs-restW) worst=127.3deg bone[1]
  TIER2 joint-attach(PRIMARY): worst=39.20u bone[21]='bone_R-ringfinger-base.mesh' parent[1] R=43.7 exactJoint=43.53u pairs=36  (palette-wide exactWorst=43.63u)
[HANDS_ATTACH] mesh='hands_naked.mesh' owner='hands_naked.mesh' frame=1518 nb=38 wext=81.6 rebound=0
  TIER1 rest-coherence: worst=127.2deg bone[28]='bone_L-foreTwist1.mesh' count(>5deg)=8 freshRecap=0  xcheck(invOff-vs-restW) worst=127.2deg bone[20]
  TIER2 joint-attach(PRIMARY): worst=8.99u bone[9]='bone_R-thumb01.mesh' parent[13] R=48.5 exactJoint=2.24u pairs=30  (palette-wide exactWorst=2.24u)
[HANDS_ATTACH] mesh='hands_naked.mesh' owner='hands_naked.mesh' frame=1528 nb=38 wext=81.8 rebound=0
  TIER1 rest-coherence: worst=127.2deg bone[28]='bone_L-foreTwist1.mesh' count(>5deg)=8 freshRecap=0  xcheck(invOff-vs-restW) worst=127.2deg bone[20]
  TIER2 joint-attach(PRIMARY): worst=16.06u bone[9]='bone_R-thumb01.mesh' parent[13] R=48.5 exactJoint=4.24u pairs=30  (palette-wide exactWorst=4.24u)
[HANDS_ATTACH] mesh='hands_naked.mesh' owner='hands_naked.mesh' frame=1530 nb=38 wext=101.9 rebound=0
  TIER1 rest-coherence: worst=133.9deg bone[20]='bone_L-foreTwist2.mesh' count(>5deg)=8 freshRecap=0  xcheck(invOff-vs-restW) worst=133.9deg bone[20]
  TIER2 joint-attach(PRIMARY): worst=35.23u bone[9]='bone_R-thumb01.mesh' parent[13] R=48.5 exactJoint=34.42u pairs=30  (palette-wide exactWorst=34.42u)
[HANDS_ATTACH] mesh='hands_naked.mesh' owner='hands_naked.mesh' frame=1535 nb=40 wext=84.8 rebound=0
  TIER1 rest-coherence: worst=127.3deg bone[1]='bone_R-hand.mesh' count(>5deg)=6 freshRecap=0  xcheck(invOff-vs-restW) worst=127.3deg bone[1]
  TIER2 joint-attach(PRIMARY): worst=39.20u bone[21]='bone_R-ringfinger-base.mesh' parent[1] R=43.7 exactJoint=43.53u pairs=36  (palette-wide exactWorst=43.63u)
[HANDS_ATTACH] mesh='hands_naked.mesh' owner='hands_naked.mesh' frame=1538 nb=38 wext=80.3 rebound=0
  TIER1 rest-coherence: worst=127.2deg bone[28]='bone_L-foreTwist1.mesh' count(>5deg)=8 freshRecap=0  xcheck(invOff-vs-restW) worst=127.2deg bone[20]
  TIER2 joint-attach(PRIMARY): worst=7.11u bone[9]='bone_R-thumb01.mesh' parent[13] R=48.5 exactJoint=1.87u pairs=30  (palette-wide exactWorst=1.89u)
[HANDS_ATTACH] mesh='hands_naked.mesh' owner='hands_naked.mesh' frame=1548 nb=38 wext=80.3 rebound=0
  TIER1 rest-coherence: worst=127.2deg bone[28]='bone_L-foreTwist1.mesh' count(>5deg)=8 freshRecap=0  xcheck(invOff-vs-restW) worst=127.2deg bone[20]
  TIER2 joint-attach(PRIMARY): worst=6.30u bone[9]='bone_R-thumb01.mesh' parent[13] R=48.5 exactJoint=1.56u pairs=30  (palette-wide exactWorst=1.61u)
[HANDS_ATTACH] mesh='hands_naked.mesh' owner='hands_naked.mesh' frame=1550 nb=38 wext=101.9 rebound=0
  TIER1 rest-coherence: worst=133.9deg bone[20]='bone_L-foreTwist2.mesh' count(>5deg)=8 freshRecap=0  xcheck(invOff-vs-restW) worst=133.9deg bone[20]
  TIER2 joint-attach(PRIMARY): worst=35.23u bone[9]='bone_R-thumb01.mesh' parent[13] R=48.5 exactJoint=34.42u pairs=30  (palette-wide exactWorst=34.42u)
[HANDS_ATTACH] mesh='hands_naked.mesh' owner='hands_naked.mesh' frame=1555 nb=40 wext=84.8 rebound=0
  TIER1 rest-coherence: worst=127.3deg bone[1]='bone_R-hand.mesh' count(>5deg)=6 freshRecap=0  xcheck(invOff-vs-restW) worst=127.3deg bone[1]
  TIER2 joint-attach(PRIMARY): worst=39.20u bone[21]='bone_R-ringfinger-base.mesh' parent[1] R=43.7 exactJoint=43.53u pairs=36  (palette-wide exactWorst=43.63u)
[HANDS_ATTACH] mesh='hands_naked.mesh' owner='hands_naked.mesh' frame=1558 nb=38 wext=80.3 rebound=0
  TIER1 rest-coherence: worst=127.2deg bone[28]='bone_L-foreTwist1.mesh' count(>5deg)=8 freshRecap=0  xcheck(invOff-vs-restW) worst=127.2deg bone[20]
  TIER2 joint-attach(PRIMARY): worst=6.23u bone[9]='bone_R-thumb01.mesh' parent[13] R=48.5 exactJoint=1.54u pairs=30  (palette-wide exactWorst=1.60u)
[HANDS_ATTACH] mesh='hands_naked.mesh' owner='hands_naked.mesh' frame=1568 nb=38 wext=80.3 rebound=0
  TIER1 rest-coherence: worst=127.2deg bone[28]='bone_L-foreTwist1.mesh' count(>5deg)=8 freshRecap=0  xcheck(invOff-vs-restW) worst=127.2deg bone[20]
  TIER2 joint-attach(PRIMARY): worst=5.23u bone[9]='bone_R-thumb01.mesh' parent[13] R=48.5 exactJoint=1.15u pairs=30  (palette-wide exactWorst=1.24u)
[HANDS_ATTACH] mesh='hands_naked.mesh' owner='hands_naked.mesh' frame=1570 nb=38 wext=101.9 rebound=0
  TIER1 rest-coherence: worst=133.9deg bone[20]='bone_L-foreTwist2.mesh' count(>5deg)=8 freshRecap=0  xcheck(invOff-vs-restW) worst=133.9deg bone[20]
  TIER2 joint-attach(PRIMARY): worst=35.23u bone[9]='bone_R-thumb01.mesh' parent[13] R=48.5 exactJoint=34.42u pairs=30  (palette-wide exactWorst=34.42u)
[HANDS_ATTACH] mesh='hands_naked.mesh' owner='hands_naked.mesh' frame=1575 nb=40 wext=84.8 rebound=0
  TIER1 rest-coherence: worst=127.3deg bone[1]='bone_R-hand.mesh' count(>5deg)=6 freshRecap=0  xcheck(invOff-vs-restW) worst=127.3deg bone[1]
  TIER2 joint-attach(PRIMARY): worst=39.20u bone[21]='bone_R-ringfinger-base.mesh' parent[1] R=43.7 exactJoint=43.53u pairs=36  (palette-wide exactWorst=43.63u)
[HANDS_ATTACH] mesh='hands_naked.mesh' owner='hands_naked.mesh' frame=1578 nb=38 wext=80.3 rebound=0
  TIER1 rest-coherence: worst=127.2deg bone[28]='bone_L-foreTwist1.mesh' count(>5deg)=8 freshRecap=0  xcheck(invOff-vs-restW) worst=127.2deg bone[20]
  TIER2 joint-attach(PRIMARY): worst=2.51u bone[13]='bone_R-hand.mesh' parent[5] R=85.2 exactJoint=0.88u pairs=30  (palette-wide exactWorst=0.88u)
[HANDS_ATTACH] mesh='hands_naked.mesh' owner='hands_naked.mesh' frame=1588 nb=38 wext=80.3 rebound=0
  TIER1 rest-coherence: worst=127.2deg bone[28]='bone_L-foreTwist1.mesh' count(>5deg)=8 freshRecap=0  xcheck(invOff-vs-restW) worst=127.2deg bone[20]
  TIER2 joint-attach(PRIMARY): worst=18.69u bone[9]='bone_R-thumb01.mesh' parent[13] R=48.5 exactJoint=4.18u pairs=30  (palette-wide exactWorst=4.56u)
[HANDS_ATTACH] mesh='hands_naked.mesh' owner='hands_naked.mesh' frame=1590 nb=38 wext=101.9 rebound=0
  TIER1 rest-coherence: worst=133.9deg bone[20]='bone_L-foreTwist2.mesh' count(>5deg)=8 freshRecap=0  xcheck(invOff-vs-restW) worst=133.9deg bone[20]
  TIER2 joint-attach(PRIMARY): worst=35.23u bone[9]='bone_R-thumb01.mesh' parent[13] R=48.5 exactJoint=34.42u pairs=30  (palette-wide exactWorst=34.42u)
[HANDS_ATTACH] mesh='hands_naked.mesh' owner='hands_naked.mesh' frame=1595 nb=40 wext=84.8 rebound=0
  TIER1 rest-coherence: worst=127.3deg bone[1]='bone_R-hand.mesh' count(>5deg)=6 freshRecap=0  xcheck(invOff-vs-restW) worst=127.3deg bone[1]
  TIER2 joint-attach(PRIMARY): worst=39.20u bone[21]='bone_R-ringfinger-base.mesh' parent[1] R=43.7 exactJoint=43.53u pairs=36  (palette-wide exactWorst=43.63u)
[HANDS_ATTACH] mesh='hands_naked.mesh' owner='hands_naked.mesh' frame=1598 nb=38 wext=80.3 rebound=0
  TIER1 rest-coherence: worst=127.2deg bone[28]='bone_L-foreTwist1.mesh' count(>5deg)=8 freshRecap=0  xcheck(invOff-vs-restW) worst=127.2deg bone[20]
  TIER2 joint-attach(PRIMARY): worst=5.31u bone[8]='bone_R-index01.mesh' parent[13] R=48.0 exactJoint=0.28u pairs=30  (palette-wide exactWorst=0.28u)
[HANDS_ATTACH] mesh='hands_naked.mesh' owner='hands_naked.mesh' frame=1608 nb=38 wext=80.3 rebound=0
  TIER1 rest-coherence: worst=127.2deg bone[28]='bone_L-foreTwist1.mesh' count(>5deg)=8 freshRecap=0  xcheck(invOff-vs-restW) worst=127.2deg bone[20]
  TIER2 joint-attach(PRIMARY): worst=11.08u bone[8]='bone_R-index01.mesh' parent[13] R=48.0 exactJoint=0.58u pairs=30  (palette-wide exactWorst=0.58u)
[HANDS_ATTACH] mesh='hands_naked.mesh' owner='hands_naked.mesh' frame=1610 nb=38 wext=101.9 rebound=0
  TIER1 rest-coherence: worst=133.9deg bone[20]='bone_L-foreTwist2.mesh' count(>5deg)=8 freshRecap=0  xcheck(invOff-vs-restW) worst=133.9deg bone[20]
  TIER2 joint-attach(PRIMARY): worst=35.23u bone[9]='bone_R-thumb01.mesh' parent[13] R=48.5 exactJoint=34.42u pairs=30  (palette-wide exactWorst=34.42u)
[HANDS_ATTACH] mesh='hands_naked.mesh' owner='hands_naked.mesh' frame=1615 nb=40 wext=84.8 rebound=0
  TIER1 rest-coherence: worst=127.3deg bone[1]='bone_R-hand.mesh' count(>5deg)=6 freshRecap=0  xcheck(invOff-vs-restW) worst=127.3deg bone[1]
  TIER2 joint-attach(PRIMARY): worst=39.20u bone[21]='bone_R-ringfinger-base.mesh' parent[1] R=43.7 exactJoint=43.53u pairs=36  (palette-wide exactWorst=43.63u)
[HANDS_ATTACH] mesh='hands_naked.mesh' owner='hands_naked.mesh' frame=1618 nb=38 wext=80.3 rebound=0
  TIER1 rest-coherence: worst=127.2deg bone[28]='bone_L-foreTwist1.mesh' count(>5deg)=8 freshRecap=0  xcheck(invOff-vs-restW) worst=127.2deg bone[20]
  TIER2 joint-attach(PRIMARY): worst=19.77u bone[1]='bone_R-middlefinger01.mesh' parent[13] R=48.1 exactJoint=1.29u pairs=30  (palette-wide exactWorst=2.15u)
[HANDS_ATTACH] mesh='hands_naked.mesh' owner='hands_naked.mesh' frame=1630 nb=38 wext=98.3 rebound=0
  TIER1 rest-coherence: worst=133.9deg bone[20]='bone_L-foreTwist2.mesh' count(>5deg)=8 freshRecap=0  xcheck(invOff-vs-restW) worst=133.9deg bone[20]
  TIER2 joint-attach(PRIMARY): worst=36.13u bone[9]='bone_R-thumb01.mesh' parent[13] R=48.5 exactJoint=34.57u pairs=30  (palette-wide exactWorst=34.60u)
[HANDS_ATTACH] mesh='hands_naked.mesh' owner='hands_naked.mesh' frame=1630 nb=38 wext=98.4 rebound=0
  TIER1 rest-coherence: worst=127.2deg bone[28]='bone_L-foreTwist1.mesh' count(>5deg)=8 freshRecap=0  xcheck(invOff-vs-restW) worst=127.2deg bone[20]
  TIER2 joint-attach(PRIMARY): worst=36.66u bone[1]='bone_R-middlefinger01.mesh' parent[13] R=48.1 exactJoint=34.83u pairs=30  (palette-wide exactWorst=34.86u)
[HANDS_ATTACH] mesh='hands_naked.mesh' owner='hands_naked.mesh' frame=1631 nb=40 wext=56.1 rebound=0
  TIER1 rest-coherence: worst=78.3deg bone[20]='bone_L-hand.mesh' count(>5deg)=6 freshRecap=0  xcheck(invOff-vs-restW) worst=78.3deg bone[20]
  TIER2 joint-attach(PRIMARY): worst=7.58u bone[37]='bone_L-ringfinger-base.mesh' parent[20] R=43.7 exactJoint=5.75u pairs=36  (palette-wide exactWorst=5.77u)
[HANDS_ATTACH] mesh='hands_naked.mesh' owner='hands_naked.mesh' frame=1641 nb=40 wext=56.1 rebound=0
  TIER1 rest-coherence: worst=80.1deg bone[20]='bone_L-hand.mesh' count(>5deg)=6 freshRecap=0  xcheck(invOff-vs-restW) worst=80.1deg bone[20]
  TIER2 joint-attach(PRIMARY): worst=11.29u bone[37]='bone_L-ringfinger-base.mesh' parent[20] R=43.7 exactJoint=8.40u pairs=36  (palette-wide exactWorst=8.44u)
[HANDS_ATTACH] mesh='hands_naked.mesh' owner='hands_naked.mesh' frame=1650 nb=38 wext=98.3 rebound=0
  TIER1 rest-coherence: worst=133.9deg bone[20]='bone_L-foreTwist2.mesh' count(>5deg)=8 freshRecap=0  xcheck(invOff-vs-restW) worst=133.9deg bone[20]
  TIER2 joint-attach(PRIMARY): worst=36.13u bone[9]='bone_R-thumb01.mesh' parent[13] R=48.5 exactJoint=34.57u pairs=30  (palette-wide exactWorst=34.60u)
[HANDS_ATTACH] mesh='hands_naked.mesh' owner='hands_naked.mesh' frame=1650 nb=38 wext=98.9 rebound=0
  TIER1 rest-coherence: worst=127.2deg bone[28]='bone_L-foreTwist1.mesh' count(>5deg)=8 freshRecap=0  xcheck(invOff-vs-restW) worst=127.2deg bone[20]
  TIER2 joint-attach(PRIMARY): worst=44.78u bone[1]='bone_R-middlefinger01.mesh' parent[13] R=48.1 exactJoint=36.53u pairs=30  (palette-wide exactWorst=36.67u)
[HANDS_ATTACH] mesh='hands_naked.mesh' owner='hands_naked.mesh' frame=1651 nb=40 wext=57.7 rebound=0
  TIER1 rest-coherence: worst=81.9deg bone[20]='bone_L-hand.mesh' count(>5deg)=6 freshRecap=0  xcheck(invOff-vs-restW) worst=82.0deg bone[20]
  TIER2 joint-attach(PRIMARY): worst=13.60u bone[37]='bone_L-ringfinger-base.mesh' parent[20] R=43.7 exactJoint=9.73u pairs=36  (palette-wide exactWorst=9.78u)
[HANDS_ATTACH] mesh='hands_naked.mesh' owner='hands_naked.mesh' frame=1661 nb=40 wext=58.1 rebound=0
  TIER1 rest-coherence: worst=83.4deg bone[20]='bone_L-hand.mesh' count(>5deg)=6 freshRecap=0  xcheck(invOff-vs-restW) worst=83.4deg bone[20]
  TIER2 joint-attach(PRIMARY): worst=10.27u bone[37]='bone_L-ringfinger-base.mesh' parent[20] R=43.7 exactJoint=7.74u pairs=36  (palette-wide exactWorst=7.78u)
[HANDS_ATTACH] mesh='hands_naked.mesh' owner='hands_naked.mesh' frame=1670 nb=38 wext=98.3 rebound=0
  TIER1 rest-coherence: worst=133.9deg bone[20]='bone_L-foreTwist2.mesh' count(>5deg)=8 freshRecap=0  xcheck(invOff-vs-restW) worst=133.9deg bone[20]
  TIER2 joint-attach(PRIMARY): worst=36.13u bone[9]='bone_R-thumb01.mesh' parent[13] R=48.5 exactJoint=34.57u pairs=30  (palette-wide exactWorst=34.60u)
[HANDS_ATTACH] mesh='hands_naked.mesh' owner='hands_naked.mesh' frame=1670 nb=38 wext=98.9 rebound=0
  TIER1 rest-coherence: worst=127.2deg bone[28]='bone_L-foreTwist1.mesh' count(>5deg)=8 freshRecap=0  xcheck(invOff-vs-restW) worst=127.2deg bone[20]
  TIER2 joint-attach(PRIMARY): worst=44.78u bone[1]='bone_R-middlefinger01.mesh' parent[13] R=48.1 exactJoint=36.53u pairs=30  (palette-wide exactWorst=36.67u)
[HANDS_ATTACH] mesh='hands_naked.mesh' owner='hands_naked.mesh' frame=1671 nb=40 wext=57.7 rebound=0
  TIER1 rest-coherence: worst=83.1deg bone[8]='bone_L-foreTwist1.mesh' count(>5deg)=6 freshRecap=0  xcheck(invOff-vs-restW) worst=83.1deg bone[8]
  TIER2 joint-attach(PRIMARY): worst=2.04u bone[37]='bone_L-ringfinger-base.mesh' parent[20] R=43.7 exactJoint=1.58u pairs=36  (palette-wide exactWorst=1.59u)
[HANDS_ATTACH] mesh='hands_naked.mesh' owner='hands_naked.mesh' frame=1681 nb=40 wext=58.1 rebound=0
  TIER1 rest-coherence: worst=87.8deg bone[8]='bone_L-foreTwist1.mesh' count(>5deg)=6 freshRecap=0  xcheck(invOff-vs-restW) worst=87.8deg bone[8]
  TIER2 joint-attach(PRIMARY): worst=11.84u bone[37]='bone_L-ringfinger-base.mesh' parent[20] R=43.7 exactJoint=9.27u pairs=36  (palette-wide exactWorst=9.32u)
[HANDS_ATTACH] mesh='hands_naked.mesh' owner='hands_naked.mesh' frame=1690 nb=38 wext=98.3 rebound=0
  TIER1 rest-coherence: worst=133.9deg bone[20]='bone_L-foreTwist2.mesh' count(>5deg)=8 freshRecap=0  xcheck(invOff-vs-restW) worst=133.9deg bone[20]
  TIER2 joint-attach(PRIMARY): worst=36.13u bone[9]='bone_R-thumb01.mesh' parent[13] R=48.5 exactJoint=34.57u pairs=30  (palette-wide exactWorst=34.60u)
[HANDS_ATTACH] mesh='hands_naked.mesh' owner='hands_naked.mesh' frame=1690 nb=38 wext=98.9 rebound=0
  TIER1 rest-coherence: worst=127.2deg bone[28]='bone_L-foreTwist1.mesh' count(>5deg)=8 freshRecap=0  xcheck(invOff-vs-restW) worst=127.2deg bone[20]
  TIER2 joint-attach(PRIMARY): worst=44.78u bone[1]='bone_R-middlefinger01.mesh' parent[13] R=48.1 exactJoint=36.53u pairs=30  (palette-wide exactWorst=36.67u)
[HANDS_ATTACH] mesh='hands_naked.mesh' owner='hands_naked.mesh' frame=1691 nb=40 wext=57.2 rebound=0
  TIER1 rest-coherence: worst=92.4deg bone[8]='bone_L-foreTwist1.mesh' count(>5deg)=6 freshRecap=0  xcheck(invOff-vs-restW) worst=92.4deg bone[8]
  TIER2 joint-attach(PRIMARY): worst=3.92u bone[35]='bone_L-pinky-base.mesh' parent[20] R=43.6 exactJoint=3.61u pairs=36  (palette-wide exactWorst=3.61u)
[HANDS_ATTACH] mesh='hands_naked.mesh' owner='hands_naked.mesh' frame=1701 nb=40 wext=59.2 rebound=0
  TIER1 rest-coherence: worst=96.2deg bone[26]='bone_L-foreTwist2.mesh' count(>5deg)=6 freshRecap=0  xcheck(invOff-vs-restW) worst=96.2deg bone[8]
  TIER2 joint-attach(PRIMARY): worst=7.97u bone[35]='bone_L-pinky-base.mesh' parent[20] R=43.6 exactJoint=7.34u pairs=36  (palette-wide exactWorst=7.34u)
[HANDS_ATTACH] mesh='hands_naked.mesh' owner='hands_naked.mesh' frame=1710 nb=38 wext=98.3 rebound=0
  TIER1 rest-coherence: worst=133.9deg bone[20]='bone_L-foreTwist2.mesh' count(>5deg)=8 freshRecap=0  xcheck(invOff-vs-restW) worst=133.9deg bone[20]
  TIER2 joint-attach(PRIMARY): worst=36.13u bone[9]='bone_R-thumb01.mesh' parent[13] R=48.5 exactJoint=34.57u pairs=30  (palette-wide exactWorst=34.60u)
[HANDS_ATTACH] mesh='hands_naked.mesh' owner='hands_naked.mesh' frame=1710 nb=38 wext=98.9 rebound=0
  TIER1 rest-coherence: worst=127.2deg bone[28]='bone_L-foreTwist1.mesh' count(>5deg)=8 freshRecap=0  xcheck(invOff-vs-restW) worst=127.2deg bone[20]
  TIER2 joint-attach(PRIMARY): worst=44.78u bone[1]='bone_R-middlefinger01.mesh' parent[13] R=48.1 exactJoint=36.53u pairs=30  (palette-wide exactWorst=36.67u)
[HANDS_ATTACH] mesh='hands_naked.mesh' owner='hands_naked.mesh' frame=1711 nb=40 wext=61.4 rebound=0
  TIER1 rest-coherence: worst=100.1deg bone[8]='bone_L-foreTwist1.mesh' count(>5deg)=6 freshRecap=0  xcheck(invOff-vs-restW) worst=100.1deg bone[8]
  TIER2 joint-attach(PRIMARY): worst=12.20u bone[35]='bone_L-pinky-base.mesh' parent[20] R=43.6 exactJoint=11.19u pairs=36  (palette-wide exactWorst=11.19u)
[HANDS_ATTACH] mesh='hands_naked.mesh' owner='hands_naked.mesh' frame=1721 nb=40 wext=61.6 rebound=0
  TIER1 rest-coherence: worst=103.7deg bone[8]='bone_L-foreTwist1.mesh' count(>5deg)=6 freshRecap=0  xcheck(invOff-vs-restW) worst=103.7deg bone[26]
  TIER2 joint-attach(PRIMARY): worst=13.11u bone[37]='bone_L-ringfinger-base.mesh' parent[20] R=43.7 exactJoint=11.51u pairs=36  (palette-wide exactWorst=11.55u)
[HANDS_ATTACH] mesh='hands_naked.mesh' owner='hands_naked.mesh' frame=1730 nb=38 wext=98.3 rebound=0
  TIER1 rest-coherence: worst=133.9deg bone[20]='bone_L-foreTwist2.mesh' count(>5deg)=8 freshRecap=0  xcheck(invOff-vs-restW) worst=133.9deg bone[20]
  TIER2 joint-attach(PRIMARY): worst=36.13u bone[9]='bone_R-thumb01.mesh' parent[13] R=48.5 exactJoint=34.57u pairs=30  (palette-wide exactWorst=34.60u)
[HANDS_ATTACH] mesh='hands_naked.mesh' owner='hands_naked.mesh' frame=1730 nb=38 wext=98.9 rebound=0
  TIER1 rest-coherence: worst=127.2deg bone[28]='bone_L-foreTwist1.mesh' count(>5deg)=8 freshRecap=0  xcheck(invOff-vs-restW) worst=127.2deg bone[20]
  TIER2 joint-attach(PRIMARY): worst=44.78u bone[1]='bone_R-middlefinger01.mesh' parent[13] R=48.1 exactJoint=36.53u pairs=30  (palette-wide exactWorst=36.67u)
[HANDS_ATTACH] mesh='hands_naked.mesh' owner='hands_naked.mesh' frame=1731 nb=40 wext=61.9 rebound=0
  TIER1 rest-coherence: worst=107.1deg bone[8]='bone_L-foreTwist1.mesh' count(>5deg)=6 freshRecap=0  xcheck(invOff-vs-restW) worst=107.1deg bone[8]
  TIER2 joint-attach(PRIMARY): worst=13.23u bone[37]='bone_L-ringfinger-base.mesh' parent[20] R=43.7 exactJoint=11.52u pairs=36  (palette-wide exactWorst=11.56u)
[HANDS_ATTACH] mesh='hands_naked.mesh' owner='hands_naked.mesh' frame=1741 nb=40 wext=60.2 rebound=0
  TIER1 rest-coherence: worst=110.6deg bone[8]='bone_L-foreTwist1.mesh' count(>5deg)=6 freshRecap=0  xcheck(invOff-vs-restW) worst=110.6deg bone[26]
  TIER2 joint-attach(PRIMARY): worst=8.61u bone[37]='bone_L-ringfinger-base.mesh' parent[20] R=43.7 exactJoint=7.50u pairs=36  (palette-wide exactWorst=7.52u)
[HANDS_ATTACH] mesh='hands_naked.mesh' owner='hands_naked.mesh' frame=1750 nb=38 wext=98.3 rebound=0
  TIER1 rest-coherence: worst=133.9deg bone[20]='bone_L-foreTwist2.mesh' count(>5deg)=8 freshRecap=0  xcheck(invOff-vs-restW) worst=133.9deg bone[20]
  TIER2 joint-attach(PRIMARY): worst=36.13u bone[9]='bone_R-thumb01.mesh' parent[13] R=48.5 exactJoint=34.57u pairs=30  (palette-wide exactWorst=34.60u)
[HANDS_ATTACH] mesh='hands_naked.mesh' owner='hands_naked.mesh' frame=1750 nb=38 wext=98.9 rebound=0
  TIER1 rest-coherence: worst=127.2deg bone[28]='bone_L-foreTwist1.mesh' count(>5deg)=8 freshRecap=0  xcheck(invOff-vs-restW) worst=127.2deg bone[20]
  TIER2 joint-attach(PRIMARY): worst=44.78u bone[1]='bone_R-middlefinger01.mesh' parent[13] R=48.1 exactJoint=36.53u pairs=30  (palette-wide exactWorst=36.67u)
[HANDS_ATTACH] mesh='hands_naked.mesh' owner='hands_naked.mesh' frame=1751 nb=40 wext=60.6 rebound=0
  TIER1 rest-coherence: worst=113.9deg bone[8]='bone_L-foreTwist1.mesh' count(>5deg)=6 freshRecap=0  xcheck(invOff-vs-restW) worst=113.9deg bone[26]
  TIER2 joint-attach(PRIMARY): worst=9.27u bone[37]='bone_L-ringfinger-base.mesh' parent[20] R=43.7 exactJoint=8.12u pairs=36  (palette-wide exactWorst=8.14u)
[HANDS_ATTACH] mesh='hands_naked.mesh' owner='hands_naked.mesh' frame=1761 nb=40 wext=58.9 rebound=0
  TIER1 rest-coherence: worst=113.9deg bone[8]='bone_L-foreTwist1.mesh' count(>5deg)=6 freshRecap=0  xcheck(invOff-vs-restW) worst=113.9deg bone[26]
  TIER2 joint-attach(PRIMARY): worst=4.81u bone[21]='bone_R-ringfinger-base.mesh' parent[1] R=43.7 exactJoint=4.20u pairs=36  (palette-wide exactWorst=4.22u)
[HANDS_ATTACH] mesh='hands_naked.mesh' owner='hands_naked.mesh' frame=1770 nb=38 wext=98.3 rebound=0
  TIER1 rest-coherence: worst=133.9deg bone[20]='bone_L-foreTwist2.mesh' count(>5deg)=8 freshRecap=0  xcheck(invOff-vs-restW) worst=133.9deg bone[20]
  TIER2 joint-attach(PRIMARY): worst=36.13u bone[9]='bone_R-thumb01.mesh' parent[13] R=48.5 exactJoint=34.57u pairs=30  (palette-wide exactWorst=34.60u)
[HANDS_ATTACH] mesh='hands_naked.mesh' owner='hands_naked.mesh' frame=1770 nb=38 wext=98.9 rebound=0
  TIER1 rest-coherence: worst=127.2deg bone[28]='bone_L-foreTwist1.mesh' count(>5deg)=8 freshRecap=0  xcheck(invOff-vs-restW) worst=127.2deg bone[20]
  TIER2 joint-attach(PRIMARY): worst=44.78u bone[1]='bone_R-middlefinger01.mesh' parent[13] R=48.1 exactJoint=36.53u pairs=30  (palette-wide exactWorst=36.67u)
[HANDS_ATTACH] mesh='hands_naked.mesh' owner='hands_naked.mesh' frame=1771 nb=40 wext=60.3 rebound=0
  TIER1 rest-coherence: worst=113.9deg bone[8]='bone_L-foreTwist1.mesh' count(>5deg)=6 freshRecap=0  xcheck(invOff-vs-restW) worst=113.9deg bone[26]
  TIER2 joint-attach(PRIMARY): worst=12.28u bone[37]='bone_L-ringfinger-base.mesh' parent[20] R=43.7 exactJoint=10.68u pairs=36  (palette-wide exactWorst=10.71u)
[HANDS_ATTACH] mesh='hands_naked.mesh' owner='hands_naked.mesh' frame=1781 nb=40 wext=59.9 rebound=0
  TIER1 rest-coherence: worst=113.9deg bone[8]='bone_L-foreTwist1.mesh' count(>5deg)=6 freshRecap=0  xcheck(invOff-vs-restW) worst=113.9deg bone[26]
  TIER2 joint-attach(PRIMARY): worst=7.02u bone[37]='bone_L-ringfinger-base.mesh' parent[20] R=43.7 exactJoint=6.10u pairs=36  (palette-wide exactWorst=6.12u)
[HANDS_ATTACH] mesh='hands_naked.mesh' owner='hands_naked.mesh' frame=1790 nb=38 wext=98.3 rebound=0
  TIER1 rest-coherence: worst=133.9deg bone[20]='bone_L-foreTwist2.mesh' count(>5deg)=8 freshRecap=0  xcheck(invOff-vs-restW) worst=133.9deg bone[20]
  TIER2 joint-attach(PRIMARY): worst=36.13u bone[9]='bone_R-thumb01.mesh' parent[13] R=48.5 exactJoint=34.57u pairs=30  (palette-wide exactWorst=34.60u)
[HANDS_ATTACH] mesh='hands_naked.mesh' owner='hands_naked.mesh' frame=1790 nb=38 wext=98.9 rebound=0
  TIER1 rest-coherence: worst=127.2deg bone[28]='bone_L-foreTwist1.mesh' count(>5deg)=8 freshRecap=0  xcheck(invOff-vs-restW) worst=127.2deg bone[20]
  TIER2 joint-attach(PRIMARY): worst=44.78u bone[1]='bone_R-middlefinger01.mesh' parent[13] R=48.1 exactJoint=36.53u pairs=30  (palette-wide exactWorst=36.67u)
[HANDS_ATTACH] mesh='hands_naked.mesh' owner='hands_naked.mesh' frame=1791 nb=40 wext=56.9 rebound=0
  TIER1 rest-coherence: worst=117.0deg bone[8]='bone_L-foreTwist1.mesh' count(>5deg)=6 freshRecap=0  xcheck(invOff-vs-restW) worst=117.0deg bone[8]
  TIER2 joint-attach(PRIMARY): worst=4.83u bone[21]='bone_R-ringfinger-base.mesh' parent[1] R=43.7 exactJoint=4.22u pairs=36  (palette-wide exactWorst=4.23u)
[HANDS_ATTACH] mesh='hands_naked.mesh' owner='hands_naked.mesh' frame=1801 nb=40 wext=59.7 rebound=0
  TIER1 rest-coherence: worst=117.0deg bone[8]='bone_L-foreTwist1.mesh' count(>5deg)=6 freshRecap=0  xcheck(invOff-vs-restW) worst=117.0deg bone[8]
  TIER2 joint-attach(PRIMARY): worst=10.50u bone[37]='bone_L-ringfinger-base.mesh' parent[20] R=43.7 exactJoint=9.13u pairs=36  (palette-wide exactWorst=9.16u)
[HANDS_ATTACH] mesh='hands_naked.mesh' owner='hands_naked.mesh' frame=1810 nb=38 wext=98.3 rebound=0
  TIER1 rest-coherence: worst=133.9deg bone[20]='bone_L-foreTwist2.mesh' count(>5deg)=8 freshRecap=0  xcheck(invOff-vs-restW) worst=133.9deg bone[20]
  TIER2 joint-attach(PRIMARY): worst=36.13u bone[9]='bone_R-thumb01.mesh' parent[13] R=48.5 exactJoint=34.57u pairs=30  (palette-wide exactWorst=34.60u)
[HANDS_ATTACH] mesh='hands_naked.mesh' owner='hands_naked.mesh' frame=1810 nb=38 wext=98.9 rebound=0
  TIER1 rest-coherence: worst=127.2deg bone[28]='bone_L-foreTwist1.mesh' count(>5deg)=8 freshRecap=0  xcheck(invOff-vs-restW) worst=127.2deg bone[20]
  TIER2 joint-attach(PRIMARY): worst=44.78u bone[1]='bone_R-middlefinger01.mesh' parent[13] R=48.1 exactJoint=36.53u pairs=30  (palette-wide exactWorst=36.67u)
[HANDS_ATTACH] mesh='hands_naked.mesh' owner='hands_naked.mesh' frame=1811 nb=40 wext=58.9 rebound=0
  TIER1 rest-coherence: worst=117.0deg bone[8]='bone_L-foreTwist1.mesh' count(>5deg)=6 freshRecap=0  xcheck(invOff-vs-restW) worst=117.0deg bone[8]
  TIER2 joint-attach(PRIMARY): worst=8.18u bone[37]='bone_L-ringfinger-base.mesh' parent[20] R=43.7 exactJoint=7.22u pairs=36  (palette-wide exactWorst=7.25u)
[HANDS_ATTACH] mesh='hands_naked.mesh' owner='hands_naked.mesh' frame=1821 nb=40 wext=57.9 rebound=0
  TIER1 rest-coherence: worst=117.0deg bone[8]='bone_L-foreTwist1.mesh' count(>5deg)=6 freshRecap=0  xcheck(invOff-vs-restW) worst=117.0deg bone[8]
  TIER2 joint-attach(PRIMARY): worst=4.70u bone[35]='bone_L-pinky-base.mesh' parent[20] R=43.6 exactJoint=4.27u pairs=36  (palette-wide exactWorst=4.27u)
[HANDS_ATTACH] mesh='hands_naked.mesh' owner='hands_naked.mesh' frame=1830 nb=38 wext=98.3 rebound=0
  TIER1 rest-coherence: worst=133.9deg bone[20]='bone_L-foreTwist2.mesh' count(>5deg)=8 freshRecap=0  xcheck(invOff-vs-restW) worst=133.9deg bone[20]
  TIER2 joint-attach(PRIMARY): worst=36.13u bone[9]='bone_R-thumb01.mesh' parent[13] R=48.5 exactJoint=34.57u pairs=30  (palette-wide exactWorst=34.60u)
[HANDS_ATTACH] mesh='hands_naked.mesh' owner='hands_naked.mesh' frame=1830 nb=38 wext=98.9 rebound=0
  TIER1 rest-coherence: worst=127.2deg bone[28]='bone_L-foreTwist1.mesh' count(>5deg)=8 freshRecap=0  xcheck(invOff-vs-restW) worst=127.2deg bone[20]
  TIER2 joint-attach(PRIMARY): worst=44.78u bone[1]='bone_R-middlefinger01.mesh' parent[13] R=48.1 exactJoint=36.53u pairs=30  (palette-wide exactWorst=36.67u)
[HANDS_ATTACH] mesh='hands_naked.mesh' owner='hands_naked.mesh' frame=1831 nb=40 wext=58.2 rebound=0
  TIER1 rest-coherence: worst=117.0deg bone[8]='bone_L-foreTwist1.mesh' count(>5deg)=6 freshRecap=0  xcheck(invOff-vs-restW) worst=117.0deg bone[8]
  TIER2 joint-attach(PRIMARY): worst=4.41u bone[21]='bone_R-ringfinger-base.mesh' parent[1] R=43.7 exactJoint=3.90u pairs=36  (palette-wide exactWorst=3.91u)
[HANDS_ATTACH] mesh='hands_naked.mesh' owner='hands_naked.mesh' frame=1841 nb=40 wext=56.9 rebound=0
  TIER1 rest-coherence: worst=113.7deg bone[8]='bone_L-foreTwist1.mesh' count(>5deg)=6 freshRecap=0  xcheck(invOff-vs-restW) worst=113.7deg bone[8]
  TIER2 joint-attach(PRIMARY): worst=9.02u bone[37]='bone_L-ringfinger-base.mesh' parent[20] R=43.7 exactJoint=6.61u pairs=36  (palette-wide exactWorst=6.64u)
[HANDS_ATTACH] mesh='hands_naked.mesh' owner='hands_naked.mesh' frame=1850 nb=38 wext=98.3 rebound=0
  TIER1 rest-coherence: worst=133.9deg bone[20]='bone_L-foreTwist2.mesh' count(>5deg)=8 freshRecap=0  xcheck(invOff-vs-restW) worst=133.9deg bone[20]
  TIER2 joint-attach(PRIMARY): worst=36.13u bone[9]='bone_R-thumb01.mesh' parent[13] R=48.5 exactJoint=34.57u pairs=30  (palette-wide exactWorst=34.60u)
[HANDS_ATTACH] mesh='hands_naked.mesh' owner='hands_naked.mesh' frame=1850 nb=38 wext=98.9 rebound=0
  TIER1 rest-coherence: worst=127.2deg bone[28]='bone_L-foreTwist1.mesh' count(>5deg)=8 freshRecap=0  xcheck(invOff-vs-restW) worst=127.2deg bone[20]
  TIER2 joint-attach(PRIMARY): worst=44.78u bone[1]='bone_R-middlefinger01.mesh' parent[13] R=48.1 exactJoint=36.53u pairs=30  (palette-wide exactWorst=36.67u)
[HANDS_ATTACH] mesh='hands_naked.mesh' owner='hands_naked.mesh' frame=1851 nb=40 wext=60.9 rebound=0
  TIER1 rest-coherence: worst=113.7deg bone[8]='bone_L-foreTwist1.mesh' count(>5deg)=6 freshRecap=0  xcheck(invOff-vs-restW) worst=113.7deg bone[8]
  TIER2 joint-attach(PRIMARY): worst=3.18u bone[21]='bone_R-ringfinger-base.mesh' parent[1] R=43.7 exactJoint=2.88u pairs=36  (palette-wide exactWorst=2.89u)
[HANDS_ATTACH] mesh='hands_naked.mesh' owner='hands_naked.mesh' frame=1861 nb=40 wext=59.0 rebound=0
  TIER1 rest-coherence: worst=110.3deg bone[8]='bone_L-foreTwist1.mesh' count(>5deg)=6 freshRecap=0  xcheck(invOff-vs-restW) worst=110.3deg bone[8]
  TIER2 joint-attach(PRIMARY): worst=10.81u bone[37]='bone_L-ringfinger-base.mesh' parent[20] R=43.7 exactJoint=9.16u pairs=36  (palette-wide exactWorst=9.19u)
[HANDS_ATTACH] mesh='hands_naked.mesh' owner='hands_naked.mesh' frame=1870 nb=38 wext=98.3 rebound=0
  TIER1 rest-coherence: worst=133.9deg bone[20]='bone_L-foreTwist2.mesh' count(>5deg)=8 freshRecap=0  xcheck(invOff-vs-restW) worst=133.9deg bone[20]
  TIER2 joint-attach(PRIMARY): worst=36.13u bone[9]='bone_R-thumb01.mesh' parent[13] R=48.5 exactJoint=34.57u pairs=30  (palette-wide exactWorst=34.60u)
[HANDS_ATTACH] mesh='hands_naked.mesh' owner='hands_naked.mesh' frame=1870 nb=38 wext=98.9 rebound=0
  TIER1 rest-coherence: worst=127.2deg bone[28]='bone_L-foreTwist1.mesh' count(>5deg)=8 freshRecap=0  xcheck(invOff-vs-restW) worst=127.2deg bone[20]
  TIER2 joint-attach(PRIMARY): worst=44.78u bone[1]='bone_R-middlefinger01.mesh' parent[13] R=48.1 exactJoint=36.53u pairs=30  (palette-wide exactWorst=36.67u)
[HANDS_ATTACH] mesh='hands_naked.mesh' owner='hands_naked.mesh' frame=1871 nb=40 wext=58.2 rebound=0
  TIER1 rest-coherence: worst=106.8deg bone[8]='bone_L-foreTwist1.mesh' count(>5deg)=6 freshRecap=0  xcheck(invOff-vs-restW) worst=106.8deg bone[8]
  TIER2 joint-attach(PRIMARY): worst=5.17u bone[35]='bone_L-pinky-base.mesh' parent[20] R=43.6 exactJoint=4.92u pairs=36  (palette-wide exactWorst=4.92u)
[HANDS_ATTACH] mesh='hands_naked.mesh' owner='hands_naked.mesh' frame=1881 nb=40 wext=58.0 rebound=0
  TIER1 rest-coherence: worst=103.2deg bone[26]='bone_L-foreTwist2.mesh' count(>5deg)=6 freshRecap=0  xcheck(invOff-vs-restW) worst=103.2deg bone[8]
  TIER2 joint-attach(PRIMARY): worst=13.69u bone[35]='bone_L-pinky-base.mesh' parent[20] R=43.6 exactJoint=13.31u pairs=36  (palette-wide exactWorst=13.31u)
[HANDS_ATTACH] mesh='hands_naked.mesh' owner='hands_naked.mesh' frame=1890 nb=38 wext=98.3 rebound=0
  TIER1 rest-coherence: worst=133.9deg bone[20]='bone_L-foreTwist2.mesh' count(>5deg)=8 freshRecap=0  xcheck(invOff-vs-restW) worst=133.9deg bone[20]
  TIER2 joint-attach(PRIMARY): worst=36.13u bone[9]='bone_R-thumb01.mesh' parent[13] R=48.5 exactJoint=34.57u pairs=30  (palette-wide exactWorst=34.60u)
[HANDS_ATTACH] mesh='hands_naked.mesh' owner='hands_naked.mesh' frame=1890 nb=38 wext=98.9 rebound=0
  TIER1 rest-coherence: worst=127.2deg bone[28]='bone_L-foreTwist1.mesh' count(>5deg)=8 freshRecap=0  xcheck(invOff-vs-restW) worst=127.2deg bone[20]
  TIER2 joint-attach(PRIMARY): worst=44.78u bone[1]='bone_R-middlefinger01.mesh' parent[13] R=48.1 exactJoint=36.53u pairs=30  (palette-wide exactWorst=36.67u)
[HANDS_ATTACH] mesh='hands_naked.mesh' owner='hands_naked.mesh' frame=1891 nb=40 wext=58.0 rebound=0
  TIER1 rest-coherence: worst=99.5deg bone[8]='bone_L-foreTwist1.mesh' count(>5deg)=6 freshRecap=0  xcheck(invOff-vs-restW) worst=99.5deg bone[26]
  TIER2 joint-attach(PRIMARY): worst=7.38u bone[35]='bone_L-pinky-base.mesh' parent[20] R=43.6 exactJoint=7.27u pairs=36  (palette-wide exactWorst=7.27u)
[HANDS_ATTACH] mesh='hands_naked.mesh' owner='hands_naked.mesh' frame=1901 nb=40 wext=58.1 rebound=0
  TIER1 rest-coherence: worst=95.8deg bone[8]='bone_L-foreTwist1.mesh' count(>5deg)=6 freshRecap=0  xcheck(invOff-vs-restW) worst=95.8deg bone[8]
  TIER2 joint-attach(PRIMARY): worst=1.51u bone[11]='bone_R-pinky-base.mesh' parent[1] R=43.6 exactJoint=1.25u pairs=36  (palette-wide exactWorst=1.25u)
[HANDS_ATTACH] mesh='hands_naked.mesh' owner='hands_naked.mesh' frame=1910 nb=38 wext=98.3 rebound=0
  TIER1 rest-coherence: worst=133.9deg bone[20]='bone_L-foreTwist2.mesh' count(>5deg)=8 freshRecap=0  xcheck(invOff-vs-restW) worst=133.9deg bone[20]
  TIER2 joint-attach(PRIMARY): worst=36.13u bone[9]='bone_R-thumb01.mesh' parent[13] R=48.5 exactJoint=34.57u pairs=30  (palette-wide exactWorst=34.60u)
[HANDS_ATTACH] mesh='hands_naked.mesh' owner='hands_naked.mesh' frame=1910 nb=38 wext=98.9 rebound=0
  TIER1 rest-coherence: worst=127.2deg bone[28]='bone_L-foreTwist1.mesh' count(>5deg)=8 freshRecap=0  xcheck(invOff-vs-restW) worst=127.2deg bone[20]
  TIER2 joint-attach(PRIMARY): worst=44.78u bone[1]='bone_R-middlefinger01.mesh' parent[13] R=48.1 exactJoint=36.53u pairs=30  (palette-wide exactWorst=36.67u)
[HANDS_ATTACH] mesh='hands_naked.mesh' owner='hands_naked.mesh' frame=1911 nb=40 wext=58.8 rebound=0
  TIER1 rest-coherence: worst=91.9deg bone[8]='bone_L-foreTwist1.mesh' count(>5deg)=6 freshRecap=0  xcheck(invOff-vs-restW) worst=91.9deg bone[8]
  TIER2 joint-attach(PRIMARY): worst=2.43u bone[11]='bone_R-pinky-base.mesh' parent[1] R=43.6 exactJoint=2.10u pairs=36  (palette-wide exactWorst=2.10u)
[HANDS_ATTACH] mesh='hands_naked.mesh' owner='hands_naked.mesh' frame=1921 nb=40 wext=59.7 rebound=0
  TIER1 rest-coherence: worst=87.9deg bone[26]='bone_L-foreTwist2.mesh' count(>5deg)=6 freshRecap=0  xcheck(invOff-vs-restW) worst=87.9deg bone[8]
  TIER2 joint-attach(PRIMARY): worst=8.64u bone[35]='bone_L-pinky-base.mesh' parent[20] R=43.6 exactJoint=7.71u pairs=36  (palette-wide exactWorst=7.71u)
[HANDS_ATTACH] mesh='hands_naked.mesh' owner='hands_naked.mesh' frame=1930 nb=38 wext=98.3 rebound=0
  TIER1 rest-coherence: worst=133.9deg bone[20]='bone_L-foreTwist2.mesh' count(>5deg)=8 freshRecap=0  xcheck(invOff-vs-restW) worst=133.9deg bone[20]
  TIER2 joint-attach(PRIMARY): worst=36.13u bone[9]='bone_R-thumb01.mesh' parent[13] R=48.5 exactJoint=34.57u pairs=30  (palette-wide exactWorst=34.60u)
[HANDS_ATTACH] mesh='hands_naked.mesh' owner='hands_naked.mesh' frame=1930 nb=38 wext=98.9 rebound=0
  TIER1 rest-coherence: worst=127.2deg bone[28]='bone_L-foreTwist1.mesh' count(>5deg)=8 freshRecap=0  xcheck(invOff-vs-restW) worst=127.2deg bone[20]
  TIER2 joint-attach(PRIMARY): worst=44.78u bone[1]='bone_R-middlefinger01.mesh' parent[13] R=48.1 exactJoint=36.53u pairs=30  (palette-wide exactWorst=36.67u)
[HANDS_ATTACH] mesh='hands_naked.mesh' owner='hands_naked.mesh' frame=1931 nb=40 wext=61.3 rebound=0
  TIER1 rest-coherence: worst=83.9deg bone[8]='bone_L-foreTwist1.mesh' count(>5deg)=6 freshRecap=0  xcheck(invOff-vs-restW) worst=83.9deg bone[8]
  TIER2 joint-attach(PRIMARY): worst=4.68u bone[37]='bone_L-ringfinger-base.mesh' parent[20] R=43.7 exactJoint=4.12u pairs=36  (palette-wide exactWorst=4.13u)
[HANDS_ATTACH] mesh='hands_naked.mesh' owner='hands_naked.mesh' frame=1941 nb=40 wext=59.1 rebound=0
  TIER1 rest-coherence: worst=75.4deg bone[8]='bone_L-foreTwist1.mesh' count(>5deg)=6 freshRecap=0  xcheck(invOff-vs-restW) worst=75.4deg bone[8]
  TIER2 joint-attach(PRIMARY): worst=9.27u bone[37]='bone_L-ringfinger-base.mesh' parent[20] R=43.7 exactJoint=8.19u pairs=36  (palette-wide exactWorst=8.22u)
[HANDS_ATTACH] mesh='hands_naked.mesh' owner='hands_naked.mesh' frame=1950 nb=38 wext=98.3 rebound=0
  TIER1 rest-coherence: worst=133.9deg bone[20]='bone_L-foreTwist2.mesh' count(>5deg)=8 freshRecap=0  xcheck(invOff-vs-restW) worst=133.9deg bone[20]
  TIER2 joint-attach(PRIMARY): worst=36.13u bone[9]='bone_R-thumb01.mesh' parent[13] R=48.5 exactJoint=34.57u pairs=30  (palette-wide exactWorst=34.60u)
[HANDS_ATTACH] mesh='hands_naked.mesh' owner='hands_naked.mesh' frame=1950 nb=38 wext=98.9 rebound=0
  TIER1 rest-coherence: worst=127.2deg bone[28]='bone_L-foreTwist1.mesh' count(>5deg)=8 freshRecap=0  xcheck(invOff-vs-restW) worst=127.2deg bone[20]
  TIER2 joint-attach(PRIMARY): worst=44.78u bone[1]='bone_R-middlefinger01.mesh' parent[13] R=48.1 exactJoint=36.53u pairs=30  (palette-wide exactWorst=36.67u)
[HANDS_ATTACH] mesh='hands_naked.mesh' owner='hands_naked.mesh' frame=1951 nb=40 wext=60.4 rebound=0
  TIER1 rest-coherence: worst=79.9deg bone[20]='bone_L-hand.mesh' count(>5deg)=6 freshRecap=0  xcheck(invOff-vs-restW) worst=79.9deg bone[20]
  TIER2 joint-attach(PRIMARY): worst=5.99u bone[21]='bone_R-ringfinger-base.mesh' parent[1] R=43.7 exactJoint=5.56u pairs=36  (palette-wide exactWorst=5.58u)
[HANDS_ATTACH] mesh='hands_naked.mesh' owner='hands_naked.mesh' frame=1961 nb=40 wext=59.6 rebound=0
  TIER1 rest-coherence: worst=91.0deg bone[20]='bone_L-hand.mesh' count(>5deg)=6 freshRecap=0  xcheck(invOff-vs-restW) worst=91.0deg bone[20]
  TIER2 joint-attach(PRIMARY): worst=6.94u bone[21]='bone_R-ringfinger-base.mesh' parent[1] R=43.7 exactJoint=6.51u pairs=36  (palette-wide exactWorst=6.53u)
[HANDS_ATTACH] mesh='hands_naked.mesh' owner='hands_naked.mesh' frame=1970 nb=38 wext=98.3 rebound=0
  TIER1 rest-coherence: worst=133.9deg bone[20]='bone_L-foreTwist2.mesh' count(>5deg)=8 freshRecap=0  xcheck(invOff-vs-restW) worst=133.9deg bone[20]
  TIER2 joint-attach(PRIMARY): worst=36.13u bone[9]='bone_R-thumb01.mesh' parent[13] R=48.5 exactJoint=34.57u pairs=30  (palette-wide exactWorst=34.60u)
[HANDS_ATTACH] mesh='hands_naked.mesh' owner='hands_naked.mesh' frame=1970 nb=38 wext=98.9 rebound=0
  TIER1 rest-coherence: worst=127.2deg bone[28]='bone_L-foreTwist1.mesh' count(>5deg)=8 freshRecap=0  xcheck(invOff-vs-restW) worst=127.2deg bone[20]
  TIER2 joint-attach(PRIMARY): worst=44.78u bone[1]='bone_R-middlefinger01.mesh' parent[13] R=48.1 exactJoint=36.53u pairs=30  (palette-wide exactWorst=36.67u)
[HANDS_ATTACH] mesh='hands_naked.mesh' owner='hands_naked.mesh' frame=1971 nb=40 wext=60.6 rebound=0
  TIER1 rest-coherence: worst=103.4deg bone[20]='bone_L-hand.mesh' count(>5deg)=6 freshRecap=0  xcheck(invOff-vs-restW) worst=103.4deg bone[20]
  TIER2 joint-attach(PRIMARY): worst=11.22u bone[37]='bone_L-ringfinger-base.mesh' parent[20] R=43.7 exactJoint=9.88u pairs=36  (palette-wide exactWorst=9.92u)
[HANDS_ATTACH] mesh='hands_naked.mesh' owner='hands_naked.mesh' frame=1981 nb=40 wext=62.9 rebound=0
  TIER1 rest-coherence: worst=116.3deg bone[20]='bone_L-hand.mesh' count(>5deg)=6 freshRecap=0  xcheck(invOff-vs-restW) worst=116.3deg bone[20]
  TIER2 joint-attach(PRIMARY): worst=14.35u bone[37]='bone_L-ringfinger-base.mesh' parent[20] R=43.7 exactJoint=11.24u pairs=36  (palette-wide exactWorst=11.30u)
[HANDS_ATTACH] mesh='hands_naked.mesh' owner='hands_naked.mesh' frame=1990 nb=38 wext=98.3 rebound=0
  TIER1 rest-coherence: worst=133.9deg bone[20]='bone_L-foreTwist2.mesh' count(>5deg)=8 freshRecap=0  xcheck(invOff-vs-restW) worst=133.9deg bone[20]
  TIER2 joint-attach(PRIMARY): worst=36.13u bone[9]='bone_R-thumb01.mesh' parent[13] R=48.5 exactJoint=34.57u pairs=30  (palette-wide exactWorst=34.60u)
[HANDS_ATTACH] mesh='hands_naked.mesh' owner='hands_naked.mesh' frame=1990 nb=38 wext=98.9 rebound=0
  TIER1 rest-coherence: worst=127.2deg bone[28]='bone_L-foreTwist1.mesh' count(>5deg)=8 freshRecap=0  xcheck(invOff-vs-restW) worst=127.2deg bone[20]
  TIER2 joint-attach(PRIMARY): worst=44.78u bone[1]='bone_R-middlefinger01.mesh' parent[13] R=48.1 exactJoint=36.53u pairs=30  (palette-wide exactWorst=36.67u)
[HANDS_ATTACH] mesh='hands_naked.mesh' owner='hands_naked.mesh' frame=1991 nb=40 wext=57.7 rebound=0
  TIER1 rest-coherence: worst=124.6deg bone[20]='bone_L-hand.mesh' count(>5deg)=6 freshRecap=0  xcheck(invOff-vs-restW) worst=124.6deg bone[20]
  TIER2 joint-attach(PRIMARY): worst=8.89u bone[21]='bone_R-ringfinger-base.mesh' parent[1] R=43.7 exactJoint=8.51u pairs=36  (palette-wide exactWorst=8.54u)
[HANDS_ATTACH] mesh='hands_naked.mesh' owner='hands_naked.mesh' frame=2004 nb=38 wext=151.2 rebound=0
  TIER1 rest-coherence: worst=142.1deg bone[29]='bone_L-hand.mesh' count(>5deg)=8 freshRecap=0  xcheck(invOff-vs-restW) worst=142.1deg bone[29]
  TIER2 joint-attach(PRIMARY): worst=179.40u bone[1]='bone_R-middlefinger01.mesh' parent[13] R=48.1 exactJoint=54.45u pairs=30  (palette-wide exactWorst=127.09u)
[HANDS_ATTACH] mesh='hands_naked.mesh' owner='hands_naked.mesh' frame=2004 nb=40 wext=151.2 rebound=0
  TIER1 rest-coherence: worst=154.3deg bone[1]='bone_R-hand.mesh' count(>5deg)=6 freshRecap=0  xcheck(invOff-vs-restW) worst=154.3deg bone[1]
  TIER2 joint-attach(PRIMARY): worst=151.97u bone[37]='bone_L-ringfinger-base.mesh' parent[20] R=43.7 exactJoint=92.49u pairs=36  (palette-wide exactWorst=132.25u)
[HANDS_ATTACH] mesh='hands_naked.mesh' owner='hands_naked.mesh' frame=2004 nb=38 wext=102.9 rebound=0
  TIER1 rest-coherence: worst=154.6deg bone[5]='bone_R-foreArm.mesh' count(>5deg)=8 freshRecap=0  xcheck(invOff-vs-restW) worst=154.6deg bone[5]
  TIER2 joint-attach(PRIMARY): worst=128.30u bone[30]='bone_L-index01.mesh' parent[29] R=48.0 exactJoint=47.47u pairs=30  (palette-wide exactWorst=68.64u)
[HANDS_ATTACH] mesh='hands_naked.mesh' owner='hands_naked.mesh' frame=2014 nb=38 wext=151.7 rebound=0
  TIER1 rest-coherence: worst=157.3deg bone[29]='bone_L-hand.mesh' count(>5deg)=8 freshRecap=0  xcheck(invOff-vs-restW) worst=157.3deg bone[29]
  TIER2 joint-attach(PRIMARY): worst=182.61u bone[1]='bone_R-middlefinger01.mesh' parent[13] R=48.1 exactJoint=52.35u pairs=30  (palette-wide exactWorst=128.80u)
[HANDS_ATTACH] mesh='hands_naked.mesh' owner='hands_naked.mesh' frame=2014 nb=40 wext=148.3 rebound=0
  TIER1 rest-coherence: worst=148.6deg bone[2]='bone_R-foreTwist2.mesh' count(>5deg)=6 freshRecap=0  xcheck(invOff-vs-restW) worst=148.6deg bone[3]
  TIER2 joint-attach(PRIMARY): worst=143.67u bone[37]='bone_L-ringfinger-base.mesh' parent[20] R=43.7 exactJoint=90.81u pairs=36  (palette-wide exactWorst=131.86u)
[HANDS_ATTACH] mesh='hands_naked.mesh' owner='hands_naked.mesh' frame=2014 nb=38 wext=99.4 rebound=0
  TIER1 rest-coherence: worst=178.0deg bone[5]='bone_R-foreArm.mesh' count(>5deg)=8 freshRecap=0  xcheck(invOff-vs-restW) worst=178.0deg bone[5]
  TIER2 joint-attach(PRIMARY): worst=125.21u bone[30]='bone_L-index01.mesh' parent[29] R=48.0 exactJoint=47.39u pairs=30  (palette-wide exactWorst=64.41u)
[HANDS_ATTACH] mesh='hands_naked.mesh' owner='hands_naked.mesh' frame=2024 nb=38 wext=150.3 rebound=0
  TIER1 rest-coherence: worst=157.3deg bone[29]='bone_L-hand.mesh' count(>5deg)=8 freshRecap=0  xcheck(invOff-vs-restW) worst=157.3deg bone[29]
  TIER2 joint-attach(PRIMARY): worst=179.47u bone[1]='bone_R-middlefinger01.mesh' parent[13] R=48.1 exactJoint=53.09u pairs=30  (palette-wide exactWorst=127.28u)
[HANDS_ATTACH] mesh='hands_naked.mesh' owner='hands_naked.mesh' frame=2024 nb=40 wext=152.5 rebound=0
  TIER1 rest-coherence: worst=168.5deg bone[1]='bone_R-hand.mesh' count(>5deg)=6 freshRecap=0  xcheck(invOff-vs-restW) worst=168.5deg bone[1]
  TIER2 joint-attach(PRIMARY): worst=140.38u bone[37]='bone_L-ringfinger-base.mesh' parent[20] R=43.7 exactJoint=87.91u pairs=36  (palette-wide exactWorst=133.82u)
[HANDS_ATTACH] mesh='hands_naked.mesh' owner='hands_naked.mesh' frame=2024 nb=38 wext=106.4 rebound=0
  TIER1 rest-coherence: worst=178.6deg bone[13]='bone_R-hand.mesh' count(>5deg)=8 freshRecap=0  xcheck(invOff-vs-restW) worst=178.6deg bone[13]
  TIER2 joint-attach(PRIMARY): worst=132.68u bone[30]='bone_L-index01.mesh' parent[29] R=48.0 exactJoint=50.01u pairs=30  (palette-wide exactWorst=71.29u)
[HANDS_ATTACH] mesh='hands_naked.mesh' owner='hands_naked.mesh' frame=2034 nb=38 wext=154.6 rebound=0
  TIER1 rest-coherence: worst=147.4deg bone[29]='bone_L-hand.mesh' count(>5deg)=8 freshRecap=0  xcheck(invOff-vs-restW) worst=147.4deg bone[29]
  TIER2 joint-attach(PRIMARY): worst=184.48u bone[1]='bone_R-middlefinger01.mesh' parent[13] R=48.1 exactJoint=52.81u pairs=30  (palette-wide exactWorst=129.94u)
[HANDS_ATTACH] mesh='hands_naked.mesh' owner='hands_naked.mesh' frame=2034 nb=40 wext=151.6 rebound=0
  TIER1 rest-coherence: worst=168.5deg bone[1]='bone_R-hand.mesh' count(>5deg)=6 freshRecap=0  xcheck(invOff-vs-restW) worst=168.5deg bone[1]
  TIER2 joint-attach(PRIMARY): worst=172.69u bone[21]='bone_R-ringfinger-base.mesh' parent[1] R=43.7 exactJoint=124.77u pairs=36  (palette-wide exactWorst=125.99u)
[HANDS_ATTACH] mesh='hands_naked.mesh' owner='hands_naked.mesh' frame=2034 nb=38 wext=99.3 rebound=0
  TIER1 rest-coherence: worst=176.5deg bone[0]='bone_R-foreTwist1.mesh' count(>5deg)=8 freshRecap=0  xcheck(invOff-vs-restW) worst=176.5deg bone[0]
  TIER2 joint-attach(PRIMARY): worst=118.60u bone[30]='bone_L-index01.mesh' parent[29] R=48.0 exactJoint=42.95u pairs=30  (palette-wide exactWorst=69.70u)
[HANDS_ATTACH] mesh='hands_naked.mesh' owner='hands_naked.mesh' frame=2044 nb=38 wext=153.7 rebound=0
  TIER1 rest-coherence: worst=147.4deg bone[29]='bone_L-hand.mesh' count(>5deg)=8 freshRecap=0  xcheck(invOff-vs-restW) worst=147.4deg bone[29]
  TIER2 joint-attach(PRIMARY): worst=186.08u bone[1]='bone_R-middlefinger01.mesh' parent[13] R=48.1 exactJoint=53.42u pairs=30  (palette-wide exactWorst=131.54u)
[HANDS_ATTACH] mesh='hands_naked.mesh' owner='hands_naked.mesh' frame=2044 nb=40 wext=149.5 rebound=0
  TIER1 rest-coherence: worst=138.1deg bone[2]='bone_R-foreTwist2.mesh' count(>5deg)=6 freshRecap=0  xcheck(invOff-vs-restW) worst=138.1deg bone[3]
  TIER2 joint-attach(PRIMARY): worst=162.71u bone[21]='bone_R-ringfinger-base.mesh' parent[1] R=43.7 exactJoint=119.68u pairs=36  (palette-wide exactWorst=120.69u)
[HANDS_ATTACH] mesh='hands_naked.mesh' owner='hands_naked.mesh' frame=2044 nb=38 wext=105.8 rebound=0
  TIER1 rest-coherence: worst=176.5deg bone[5]='bone_R-foreArm.mesh' count(>5deg)=8 freshRecap=0  xcheck(invOff-vs-restW) worst=176.5deg bone[5]
  TIER2 joint-attach(PRIMARY): worst=123.67u bone[8]='bone_R-index01.mesh' parent[13] R=48.0 exactJoint=68.76u pairs=30  (palette-wide exactWorst=70.02u)
[HANDS_ATTACH] mesh='hands_naked.mesh' owner='hands_naked.mesh' frame=2054 nb=38 wext=153.5 rebound=0
  TIER1 rest-coherence: worst=144.4deg bone[29]='bone_L-hand.mesh' count(>5deg)=8 freshRecap=0  xcheck(invOff-vs-restW) worst=144.4deg bone[29]
  TIER2 joint-attach(PRIMARY): worst=185.29u bone[1]='bone_R-middlefinger01.mesh' parent[13] R=48.1 exactJoint=51.45u pairs=30  (palette-wide exactWorst=130.30u)
[HANDS_ATTACH] mesh='hands_naked.mesh' owner='hands_naked.mesh' frame=2054 nb=40 wext=154.8 rebound=0
  TIER1 rest-coherence: worst=133.7deg bone[1]='bone_R-hand.mesh' count(>5deg)=6 freshRecap=0  xcheck(invOff-vs-restW) worst=133.7deg bone[1]
  TIER2 joint-attach(PRIMARY): worst=157.53u bone[21]='bone_R-ringfinger-base.mesh' parent[1] R=43.7 exactJoint=136.47u pairs=36  (palette-wide exactWorst=137.47u)
[HANDS_ATTACH] mesh='hands_naked.mesh' owner='hands_naked.mesh' frame=2054 nb=38 wext=100.6 rebound=0
  TIER1 rest-coherence: worst=175.0deg bone[6]='bone_R-foreTwist2.mesh' count(>5deg)=8 freshRecap=0  xcheck(invOff-vs-restW) worst=175.0deg bone[0]
  TIER2 joint-attach(PRIMARY): worst=115.91u bone[8]='bone_R-index01.mesh' parent[13] R=48.0 exactJoint=69.13u pairs=30  (palette-wide exactWorst=70.36u)
[HANDS_ATTACH] mesh='hands_naked.mesh' owner='hands_naked.mesh' frame=2064 nb=38 wext=153.9 rebound=0
  TIER1 rest-coherence: worst=145.9deg bone[29]='bone_L-hand.mesh' count(>5deg)=8 freshRecap=0  xcheck(invOff-vs-restW) worst=145.9deg bone[29]
  TIER2 joint-attach(PRIMARY): worst=181.68u bone[1]='bone_R-middlefinger01.mesh' parent[13] R=48.1 exactJoint=48.19u pairs=30  (palette-wide exactWorst=130.18u)
[HANDS_ATTACH] mesh='hands_naked.mesh' owner='hands_naked.mesh' frame=2064 nb=40 wext=150.6 rebound=0
  TIER1 rest-coherence: worst=140.8deg bone[2]='bone_R-foreTwist2.mesh' count(>5deg)=6 freshRecap=0  xcheck(invOff-vs-restW) worst=140.8deg bone[3]
  TIER2 joint-attach(PRIMARY): worst=161.78u bone[21]='bone_R-ringfinger-base.mesh' parent[1] R=43.7 exactJoint=131.00u pairs=36  (palette-wide exactWorst=132.10u)
[HANDS_ATTACH] mesh='hands_naked.mesh' owner='hands_naked.mesh' frame=2064 nb=38 wext=99.5 rebound=0
  TIER1 rest-coherence: worst=177.7deg bone[0]='bone_R-foreTwist1.mesh' count(>5deg)=8 freshRecap=0  xcheck(invOff-vs-restW) worst=177.7deg bone[0]
  TIER2 joint-attach(PRIMARY): worst=117.57u bone[8]='bone_R-index01.mesh' parent[13] R=48.0 exactJoint=68.64u pairs=30  (palette-wide exactWorst=69.89u)
[HANDS_ATTACH] mesh='hands_naked.mesh' owner='hands_naked.mesh' frame=2074 nb=38 wext=152.8 rebound=0
  TIER1 rest-coherence: worst=146.6deg bone[29]='bone_L-hand.mesh' count(>5deg)=8 freshRecap=0  xcheck(invOff-vs-restW) worst=146.6deg bone[29]
  TIER2 joint-attach(PRIMARY): worst=176.07u bone[1]='bone_R-middlefinger01.mesh' parent[13] R=48.1 exactJoint=46.16u pairs=30  (palette-wide exactWorst=129.98u)
[HANDS_ATTACH] mesh='hands_naked.mesh' owner='hands_naked.mesh' frame=2074 nb=40 wext=153.3 rebound=0
  TIER1 rest-coherence: worst=136.8deg bone[2]='bone_R-foreTwist2.mesh' count(>5deg)=6 freshRecap=0  xcheck(invOff-vs-restW) worst=136.8deg bone[3]
  TIER2 joint-attach(PRIMARY): worst=154.90u bone[21]='bone_R-ringfinger-base.mesh' parent[1] R=43.7 exactJoint=134.11u pairs=36  (palette-wide exactWorst=135.14u)
[HANDS_ATTACH] mesh='hands_naked.mesh' owner='hands_naked.mesh' frame=2074 nb=38 wext=102.2 rebound=0
  TIER1 rest-coherence: worst=179.5deg bone[5]='bone_R-foreArm.mesh' count(>5deg)=8 freshRecap=0  xcheck(invOff-vs-restW) worst=179.5deg bone[5]
  TIER2 joint-attach(PRIMARY): worst=118.42u bone[30]='bone_L-index01.mesh' parent[29] R=48.0 exactJoint=45.55u pairs=30  (palette-wide exactWorst=69.90u)
[HANDS_ATTACH] mesh='hands_naked.mesh' owner='hands_naked.mesh' frame=2084 nb=38 wext=152.2 rebound=0
  TIER1 rest-coherence: worst=146.6deg bone[29]='bone_L-hand.mesh' count(>5deg)=8 freshRecap=0  xcheck(invOff-vs-restW) worst=146.6deg bone[29]
  TIER2 joint-attach(PRIMARY): worst=176.79u bone[1]='bone_R-middlefinger01.mesh' parent[13] R=48.1 exactJoint=45.14u pairs=30  (palette-wide exactWorst=128.99u)
[HANDS_ATTACH] mesh='hands_naked.mesh' owner='hands_naked.mesh' frame=2084 nb=40 wext=155.2 rebound=0
  TIER1 rest-coherence: worst=147.1deg bone[3]='bone_R-foreTwist1.mesh' count(>5deg)=6 freshRecap=0  xcheck(invOff-vs-restW) worst=147.1deg bone[3]
  TIER2 joint-attach(PRIMARY): worst=154.74u bone[21]='bone_R-ringfinger-base.mesh' parent[1] R=43.7 exactJoint=134.43u pairs=36  (palette-wide exactWorst=135.45u)
[HANDS_ATTACH] mesh='hands_naked.mesh' owner='hands_naked.mesh' frame=2084 nb=38 wext=107.1 rebound=0
  TIER1 rest-coherence: worst=179.5deg bone[5]='bone_R-foreArm.mesh' count(>5deg)=8 freshRecap=0  xcheck(invOff-vs-restW) worst=179.5deg bone[5]
  TIER2 joint-attach(PRIMARY): worst=124.25u bone[8]='bone_R-index01.mesh' parent[13] R=48.0 exactJoint=69.32u pairs=30  (palette-wide exactWorst=70.61u)
[HANDS_ATTACH] mesh='hands_naked.mesh' owner='hands_naked.mesh' frame=2094 nb=38 wext=151.3 rebound=0
  TIER1 rest-coherence: worst=146.6deg bone[29]='bone_L-hand.mesh' count(>5deg)=8 freshRecap=0  xcheck(invOff-vs-restW) worst=146.6deg bone[29]
  TIER2 joint-attach(PRIMARY): worst=177.25u bone[1]='bone_R-middlefinger01.mesh' parent[13] R=48.1 exactJoint=44.49u pairs=30  (palette-wide exactWorst=126.92u)
[HANDS_ATTACH] mesh='hands_naked.mesh' owner='hands_naked.mesh' frame=2094 nb=40 wext=152.1 rebound=0
  TIER1 rest-coherence: worst=168.8deg bone[2]='bone_R-foreTwist2.mesh' count(>5deg)=6 freshRecap=0  xcheck(invOff-vs-restW) worst=168.8deg bone[3]
  TIER2 joint-attach(PRIMARY): worst=161.21u bone[21]='bone_R-ringfinger-base.mesh' parent[1] R=43.7 exactJoint=128.71u pairs=36  (palette-wide exactWorst=129.86u)
[HANDS_ATTACH] mesh='hands_naked.mesh' owner='hands_naked.mesh' frame=2094 nb=38 wext=101.1 rebound=0
  TIER1 rest-coherence: worst=178.9deg bone[5]='bone_R-foreArm.mesh' count(>5deg)=8 freshRecap=0  xcheck(invOff-vs-restW) worst=178.9deg bone[5]
  TIER2 joint-attach(PRIMARY): worst=131.39u bone[8]='bone_R-index01.mesh' parent[13] R=48.0 exactJoint=67.57u pairs=30  (palette-wide exactWorst=68.98u)
[HANDS_ATTACH] mesh='hands_naked.mesh' owner='hands_naked.mesh' frame=2104 nb=38 wext=149.8 rebound=0
  TIER1 rest-coherence: worst=146.6deg bone[29]='bone_L-hand.mesh' count(>5deg)=8 freshRecap=0  xcheck(invOff-vs-restW) worst=146.6deg bone[29]
  TIER2 joint-attach(PRIMARY): worst=180.43u bone[1]='bone_R-middlefinger01.mesh' parent[13] R=48.1 exactJoint=45.53u pairs=30  (palette-wide exactWorst=125.70u)
[HANDS_ATTACH] mesh='hands_naked.mesh' owner='hands_naked.mesh' frame=2104 nb=40 wext=153.5 rebound=0
  TIER1 rest-coherence: worst=168.0deg bone[1]='bone_R-hand.mesh' count(>5deg)=6 freshRecap=0  xcheck(invOff-vs-restW) worst=168.0deg bone[1]
  TIER2 joint-attach(PRIMARY): worst=149.55u bone[21]='bone_R-ringfinger-base.mesh' parent[1] R=43.7 exactJoint=135.84u pairs=36  (palette-wide exactWorst=136.79u)
[HANDS_ATTACH] mesh='hands_naked.mesh' owner='hands_naked.mesh' frame=2104 nb=38 wext=98.7 rebound=0
  TIER1 rest-coherence: worst=177.5deg bone[13]='bone_R-hand.mesh' count(>5deg)=8 freshRecap=0  xcheck(invOff-vs-restW) worst=177.5deg bone[13]
  TIER2 joint-attach(PRIMARY): worst=124.88u bone[30]='bone_L-index01.mesh' parent[29] R=48.0 exactJoint=49.88u pairs=30  (palette-wide exactWorst=68.19u)
[HANDS_ATTACH] mesh='hands_naked.mesh' owner='hands_naked.mesh' frame=2114 nb=38 wext=151.8 rebound=0
  TIER1 rest-coherence: worst=145.2deg bone[29]='bone_L-hand.mesh' count(>5deg)=8 freshRecap=0  xcheck(invOff-vs-restW) worst=145.2deg bone[29]
  TIER2 joint-attach(PRIMARY): worst=185.96u bone[23]='bone_L-middlefinger01.mesh' parent[29] R=48.1 exactJoint=130.48u pairs=30  (palette-wide exactWorst=130.48u)
[HANDS_ATTACH] mesh='hands_naked.mesh' owner='hands_naked.mesh' frame=2114 nb=40 wext=152.4 rebound=0
  TIER1 rest-coherence: worst=172.9deg bone[1]='bone_R-hand.mesh' count(>5deg)=6 freshRecap=0  xcheck(invOff-vs-restW) worst=172.9deg bone[1]
  TIER2 joint-attach(PRIMARY): worst=178.34u bone[21]='bone_R-ringfinger-base.mesh' parent[1] R=43.7 exactJoint=129.90u pairs=36  (palette-wide exactWorst=131.11u)
[HANDS_ATTACH] mesh='hands_naked.mesh' owner='hands_naked.mesh' frame=2114 nb=38 wext=105.7 rebound=0
  TIER1 rest-coherence: worst=173.2deg bone[13]='bone_R-hand.mesh' count(>5deg)=8 freshRecap=0  xcheck(invOff-vs-restW) worst=173.2deg bone[13]
  TIER2 joint-attach(PRIMARY): worst=127.78u bone[30]='bone_L-index01.mesh' parent[29] R=48.0 exactJoint=52.43u pairs=30  (palette-wide exactWorst=71.84u)
[HANDS_ATTACH] mesh='hands_naked.mesh' owner='hands_naked.mesh' frame=2124 nb=38 wext=152.6 rebound=0
  TIER1 rest-coherence: worst=141.6deg bone[29]='bone_L-hand.mesh' count(>5deg)=8 freshRecap=0  xcheck(invOff-vs-restW) worst=141.6deg bone[29]
  TIER2 joint-attach(PRIMARY): worst=188.20u bone[1]='bone_R-middlefinger01.mesh' parent[13] R=48.1 exactJoint=55.13u pairs=30  (palette-wide exactWorst=131.83u)
[HANDS_ATTACH] mesh='hands_naked.mesh' owner='hands_naked.mesh' frame=2124 nb=40 wext=154.1 rebound=0
  TIER1 rest-coherence: worst=177.3deg bone[2]='bone_R-foreTwist2.mesh' count(>5deg)=6 freshRecap=0  xcheck(invOff-vs-restW) worst=177.3deg bone[2]
  TIER2 joint-attach(PRIMARY): worst=158.80u bone[37]='bone_L-ringfinger-base.mesh' parent[20] R=43.7 exactJoint=101.05u pairs=36  (palette-wide exactWorst=136.45u)
[HANDS_ATTACH] mesh='hands_naked.mesh' owner='hands_naked.mesh' frame=2124 nb=38 wext=101.2 rebound=0
  TIER1 rest-coherence: worst=174.3deg bone[13]='bone_R-hand.mesh' count(>5deg)=8 freshRecap=0  xcheck(invOff-vs-restW) worst=174.3deg bone[13]
  TIER2 joint-attach(PRIMARY): worst=124.21u bone[30]='bone_L-index01.mesh' parent[29] R=48.0 exactJoint=49.09u pairs=30  (palette-wide exactWorst=68.06u)
[HANDS_ATTACH] mesh='hands_naked.mesh' owner='hands_naked.mesh' frame=2134 nb=38 wext=152.2 rebound=0
  TIER1 rest-coherence: worst=136.7deg bone[29]='bone_L-hand.mesh' count(>5deg)=8 freshRecap=0  xcheck(invOff-vs-restW) worst=136.7deg bone[29]
  TIER2 joint-attach(PRIMARY): worst=190.00u bone[1]='bone_R-middlefinger01.mesh' parent[13] R=48.1 exactJoint=55.48u pairs=30  (palette-wide exactWorst=130.06u)
[HANDS_ATTACH] mesh='hands_naked.mesh' owner='hands_naked.mesh' frame=2134 nb=40 wext=153.7 rebound=0
  TIER1 rest-coherence: worst=178.0deg bone[1]='bone_R-hand.mesh' count(>5deg)=6 freshRecap=0  xcheck(invOff-vs-restW) worst=178.0deg bone[1]
  TIER2 joint-attach(PRIMARY): worst=158.61u bone[37]='bone_L-ringfinger-base.mesh' parent[20] R=43.7 exactJoint=96.51u pairs=36  (palette-wide exactWorst=136.43u)
[HANDS_ATTACH] mesh='hands_naked.mesh' owner='hands_naked.mesh' frame=2134 nb=38 wext=103.1 rebound=0
  TIER1 rest-coherence: worst=171.4deg bone[5]='bone_R-foreArm.mesh' count(>5deg)=8 freshRecap=0  xcheck(invOff-vs-restW) worst=171.4deg bone[5]
  TIER2 joint-attach(PRIMARY): worst=122.71u bone[30]='bone_L-index01.mesh' parent[29] R=48.0 exactJoint=49.50u pairs=30  (palette-wide exactWorst=66.95u)
[HANDS_ATTACH] mesh='hands_naked.mesh' owner='hands_naked.mesh' frame=2144 nb=38 wext=154.0 rebound=0
  TIER1 rest-coherence: worst=136.7deg bone[29]='bone_L-hand.mesh' count(>5deg)=8 freshRecap=0  xcheck(invOff-vs-restW) worst=136.7deg bone[29]
  TIER2 joint-attach(PRIMARY): worst=182.56u bone[1]='bone_R-middlefinger01.mesh' parent[13] R=48.1 exactJoint=53.67u pairs=30  (palette-wide exactWorst=129.67u)
[HANDS_ATTACH] mesh='hands_naked.mesh' owner='hands_naked.mesh' frame=2144 nb=40 wext=152.4 rebound=0
  TIER1 rest-coherence: worst=156.5deg bone[2]='bone_R-foreTwist2.mesh' count(>5deg)=6 freshRecap=0  xcheck(invOff-vs-restW) worst=156.5deg bone[3]
  TIER2 joint-attach(PRIMARY): worst=156.28u bone[37]='bone_L-ringfinger-base.mesh' parent[20] R=43.7 exactJoint=96.36u pairs=36  (palette-wide exactWorst=136.15u)
[HANDS_ATTACH] mesh='hands_naked.mesh' owner='hands_naked.mesh' frame=2144 nb=38 wext=105.9 rebound=0
  TIER1 rest-coherence: worst=179.4deg bone[13]='bone_R-hand.mesh' count(>5deg)=8 freshRecap=0  xcheck(invOff-vs-restW) worst=179.4deg bone[13]
  TIER2 joint-attach(PRIMARY): worst=125.13u bone[8]='bone_R-index01.mesh' parent[13] R=48.0 exactJoint=69.39u pairs=30  (palette-wide exactWorst=70.68u)
[HANDS_ATTACH] mesh='hands_naked.mesh' owner='hands_naked.mesh' frame=2154 nb=38 wext=154.1 rebound=0
  TIER1 rest-coherence: worst=136.7deg bone[29]='bone_L-hand.mesh' count(>5deg)=8 freshRecap=0  xcheck(invOff-vs-restW) worst=136.7deg bone[29]
  TIER2 joint-attach(PRIMARY): worst=176.91u bone[23]='bone_L-middlefinger01.mesh' parent[29] R=48.1 exactJoint=128.42u pairs=30  (palette-wide exactWorst=128.42u)
[HANDS_ATTACH] mesh='hands_naked.mesh' owner='hands_naked.mesh' frame=2154 nb=40 wext=152.5 rebound=0
  TIER1 rest-coherence: worst=161.3deg bone[2]='bone_R-foreTwist2.mesh' count(>5deg)=6 freshRecap=0  xcheck(invOff-vs-restW) worst=161.3deg bone[2]
  TIER2 joint-attach(PRIMARY): worst=146.04u bone[37]='bone_L-ringfinger-base.mesh' parent[20] R=43.7 exactJoint=91.41u pairs=36  (palette-wide exactWorst=137.53u)
[HANDS_ATTACH] mesh='hands_naked.mesh' owner='hands_naked.mesh' frame=2154 nb=38 wext=102.0 rebound=0
  TIER1 rest-coherence: worst=177.7deg bone[5]='bone_R-foreArm.mesh' count(>5deg)=8 freshRecap=0  xcheck(invOff-vs-restW) worst=177.7deg bone[5]
  TIER2 joint-attach(PRIMARY): worst=116.88u bone[30]='bone_L-index01.mesh' parent[29] R=48.0 exactJoint=49.15u pairs=30  (palette-wide exactWorst=66.02u)
[HANDS_ATTACH] mesh='hands_naked.mesh' owner='hands_naked.mesh' frame=2164 nb=38 wext=153.8 rebound=0
  TIER1 rest-coherence: worst=136.7deg bone[29]='bone_L-hand.mesh' count(>5deg)=8 freshRecap=0  xcheck(invOff-vs-restW) worst=136.7deg bone[29]
  TIER2 joint-attach(PRIMARY): worst=175.64u bone[23]='bone_L-middlefinger01.mesh' parent[29] R=48.1 exactJoint=126.74u pairs=30  (palette-wide exactWorst=126.74u)
[HANDS_ATTACH] mesh='hands_naked.mesh' owner='hands_naked.mesh' frame=2164 nb=40 wext=153.1 rebound=0
  TIER1 rest-coherence: worst=168.7deg bone[1]='bone_R-hand.mesh' count(>5deg)=6 freshRecap=0  xcheck(invOff-vs-restW) worst=168.7deg bone[1]
  TIER2 joint-attach(PRIMARY): worst=150.35u bone[37]='bone_L-ringfinger-base.mesh' parent[20] R=43.7 exactJoint=94.86u pairs=36  (palette-wide exactWorst=137.60u)
[HANDS_ATTACH] mesh='hands_naked.mesh' owner='hands_naked.mesh' frame=2164 nb=38 wext=98.2 rebound=0
  TIER1 rest-coherence: worst=151.1deg bone[5]='bone_R-foreArm.mesh' count(>5deg)=8 freshRecap=0  xcheck(invOff-vs-restW) worst=151.1deg bone[5]
  TIER2 joint-attach(PRIMARY): worst=121.46u bone[8]='bone_R-index01.mesh' parent[13] R=48.0 exactJoint=67.21u pairs=30  (palette-wide exactWorst=68.53u)
[HANDS_ATTACH] mesh='hands_naked.mesh' owner='hands_naked.mesh' frame=2174 nb=38 wext=152.6 rebound=0
  TIER1 rest-coherence: worst=136.7deg bone[29]='bone_L-hand.mesh' count(>5deg)=8 freshRecap=0  xcheck(invOff-vs-restW) worst=136.7deg bone[29]
  TIER2 joint-attach(PRIMARY): worst=174.04u bone[1]='bone_R-middlefinger01.mesh' parent[13] R=48.1 exactJoint=51.20u pairs=30  (palette-wide exactWorst=125.16u)
[HANDS_ATTACH] mesh='hands_naked.mesh' owner='hands_naked.mesh' frame=2174 nb=40 wext=151.1 rebound=0
  TIER1 rest-coherence: worst=173.4deg bone[1]='bone_R-hand.mesh' count(>5deg)=6 freshRecap=0  xcheck(invOff-vs-restW) worst=173.4deg bone[1]
  TIER2 joint-attach(PRIMARY): worst=145.44u bone[21]='bone_R-ringfinger-base.mesh' parent[1] R=43.7 exactJoint=136.53u pairs=36  (palette-wide exactWorst=137.42u)
[HANDS_ATTACH] mesh='hands_naked.mesh' owner='hands_naked.mesh' frame=2174 nb=38 wext=97.2 rebound=0
  TIER1 rest-coherence: worst=160.1deg bone[5]='bone_R-foreArm.mesh' count(>5deg)=8 freshRecap=0  xcheck(invOff-vs-restW) worst=160.1deg bone[5]
  TIER2 joint-attach(PRIMARY): worst=122.16u bone[8]='bone_R-index01.mesh' parent[13] R=48.0 exactJoint=66.17u pairs=30  (palette-wide exactWorst=67.49u)
[HANDS_ATTACH] mesh='hands_naked.mesh' owner='hands_naked.mesh' frame=2184 nb=38 wext=152.3 rebound=0
  TIER1 rest-coherence: worst=151.3deg bone[29]='bone_L-hand.mesh' count(>5deg)=8 freshRecap=0  xcheck(invOff-vs-restW) worst=151.3deg bone[29]
  TIER2 joint-attach(PRIMARY): worst=177.58u bone[23]='bone_L-middlefinger01.mesh' parent[29] R=48.1 exactJoint=129.60u pairs=30  (palette-wide exactWorst=129.60u)
[HANDS_ATTACH] mesh='hands_naked.mesh' owner='hands_naked.mesh' frame=2184 nb=40 wext=152.5 rebound=0
  TIER1 rest-coherence: worst=162.9deg bone[2]='bone_R-foreTwist2.mesh' count(>5deg)=6 freshRecap=0  xcheck(invOff-vs-restW) worst=162.9deg bone[3]
  TIER2 joint-attach(PRIMARY): worst=146.37u bone[21]='bone_R-ringfinger-base.mesh' parent[1] R=43.7 exactJoint=136.80u pairs=36  (palette-wide exactWorst=137.70u)
[HANDS_ATTACH] mesh='hands_naked.mesh' owner='hands_naked.mesh' frame=2184 nb=38 wext=102.1 rebound=0
  TIER1 rest-coherence: worst=158.7deg bone[5]='bone_R-foreArm.mesh' count(>5deg)=8 freshRecap=0  xcheck(invOff-vs-restW) worst=158.7deg bone[5]
  TIER2 joint-attach(PRIMARY): worst=126.86u bone[8]='bone_R-index01.mesh' parent[13] R=48.0 exactJoint=68.78u pairs=30  (palette-wide exactWorst=70.17u)
[HANDS_ATTACH] mesh='hands_naked.mesh' owner='hands_naked.mesh' frame=2194 nb=38 wext=153.1 rebound=0
  TIER1 rest-coherence: worst=151.3deg bone[29]='bone_L-hand.mesh' count(>5deg)=8 freshRecap=0  xcheck(invOff-vs-restW) worst=151.3deg bone[29]
  TIER2 joint-attach(PRIMARY): worst=169.85u bone[1]='bone_R-middlefinger01.mesh' parent[13] R=48.1 exactJoint=49.26u pairs=30  (palette-wide exactWorst=129.40u)
[HANDS_ATTACH] mesh='hands_naked.mesh' owner='hands_naked.mesh' frame=2194 nb=40 wext=160.1 rebound=0
  TIER1 rest-coherence: worst=138.4deg bone[2]='bone_R-foreTwist2.mesh' count(>5deg)=6 freshRecap=0  xcheck(invOff-vs-restW) worst=138.4deg bone[3]
  TIER2 joint-attach(PRIMARY): worst=176.76u bone[21]='bone_R-ringfinger-base.mesh' parent[1] R=43.7 exactJoint=133.78u pairs=36  (palette-wide exactWorst=135.00u)
[HANDS_ATTACH] mesh='hands_naked.mesh' owner='hands_naked.mesh' frame=2194 nb=38 wext=101.0 rebound=0
  TIER1 rest-coherence: worst=158.4deg bone[5]='bone_R-foreArm.mesh' count(>5deg)=8 freshRecap=0  xcheck(invOff-vs-restW) worst=158.4deg bone[5]
  TIER2 joint-attach(PRIMARY): worst=120.85u bone[8]='bone_R-index01.mesh' parent[13] R=48.0 exactJoint=68.30u pairs=30  (palette-wide exactWorst=69.62u)
[HANDS_ATTACH] mesh='hands_naked.mesh' owner='hands_naked.mesh' frame=2204 nb=38 wext=153.9 rebound=0
  TIER1 rest-coherence: worst=151.3deg bone[29]='bone_L-hand.mesh' count(>5deg)=8 freshRecap=0  xcheck(invOff-vs-restW) worst=151.3deg bone[29]
  TIER2 joint-attach(PRIMARY): worst=169.73u bone[23]='bone_L-middlefinger01.mesh' parent[29] R=48.1 exactJoint=130.64u pairs=30  (palette-wide exactWorst=130.64u)
[HANDS_ATTACH] mesh='hands_naked.mesh' owner='hands_naked.mesh' frame=2204 nb=40 wext=157.5 rebound=0
  TIER1 rest-coherence: worst=143.2deg bone[20]='bone_L-hand.mesh' count(>5deg)=6 freshRecap=0  xcheck(invOff-vs-restW) worst=143.2deg bone[20]
  TIER2 joint-attach(PRIMARY): worst=172.24u bone[37]='bone_L-ringfinger-base.mesh' parent[20] R=43.7 exactJoint=104.39u pairs=36  (palette-wide exactWorst=134.05u)
[HANDS_ATTACH] mesh='hands_naked.mesh' owner='hands_naked.mesh' frame=2204 nb=38 wext=105.0 rebound=0
  TIER1 rest-coherence: worst=153.5deg bone[5]='bone_R-foreArm.mesh' count(>5deg)=8 freshRecap=0  xcheck(invOff-vs-restW) worst=153.5deg bone[5]
  TIER2 joint-attach(PRIMARY): worst=120.66u bone[30]='bone_L-index01.mesh' parent[29] R=48.0 exactJoint=45.60u pairs=30  (palette-wide exactWorst=74.11u)
[HANDS_ATTACH] mesh='hands_naked.mesh' owner='hands_naked.mesh' frame=2214 nb=38 wext=154.3 rebound=0
  TIER1 rest-coherence: worst=151.3deg bone[29]='bone_L-hand.mesh' count(>5deg)=8 freshRecap=0  xcheck(invOff-vs-restW) worst=151.3deg bone[29]
  TIER2 joint-attach(PRIMARY): worst=173.37u bone[23]='bone_L-middlefinger01.mesh' parent[29] R=48.1 exactJoint=131.68u pairs=30  (palette-wide exactWorst=131.68u)
[HANDS_ATTACH] mesh='hands_naked.mesh' owner='hands_naked.mesh' frame=2214 nb=40 wext=157.1 rebound=0
  TIER1 rest-coherence: worst=158.9deg bone[3]='bone_R-foreTwist1.mesh' count(>5deg)=6 freshRecap=0  xcheck(invOff-vs-restW) worst=158.9deg bone[3]
  TIER2 joint-attach(PRIMARY): worst=161.85u bone[21]='bone_R-ringfinger-base.mesh' parent[1] R=43.7 exactJoint=135.10u pairs=36  (palette-wide exactWorst=136.19u)
[HANDS_ATTACH] mesh='hands_naked.mesh' owner='hands_naked.mesh' frame=2214 nb=38 wext=105.0 rebound=0
  TIER1 rest-coherence: worst=144.8deg bone[5]='bone_R-foreArm.mesh' count(>5deg)=8 freshRecap=0  xcheck(invOff-vs-restW) worst=144.8deg bone[5]
  TIER2 joint-attach(PRIMARY): worst=121.04u bone[30]='bone_L-index01.mesh' parent[29] R=48.0 exactJoint=44.62u pairs=30  (palette-wide exactWorst=71.78u)
[HANDS_ATTACH] mesh='hands_naked.mesh' owner='hands_naked.mesh' frame=2224 nb=38 wext=154.3 rebound=0
  TIER1 rest-coherence: worst=151.3deg bone[29]='bone_L-hand.mesh' count(>5deg)=8 freshRecap=0  xcheck(invOff-vs-restW) worst=151.3deg bone[29]
  TIER2 joint-attach(PRIMARY): worst=175.55u bone[23]='bone_L-middlefinger01.mesh' parent[29] R=48.1 exactJoint=131.91u pairs=30  (palette-wide exactWorst=131.91u)
[HANDS_ATTACH] mesh='hands_naked.mesh' owner='hands_naked.mesh' frame=2224 nb=40 wext=156.0 rebound=0
  TIER1 rest-coherence: worst=157.8deg bone[3]='bone_R-foreTwist1.mesh' count(>5deg)=6 freshRecap=0  xcheck(invOff-vs-restW) worst=157.8deg bone[3]
  TIER2 joint-attach(PRIMARY): worst=159.05u bone[37]='bone_L-ringfinger-base.mesh' parent[20] R=43.7 exactJoint=100.04u pairs=36  (palette-wide exactWorst=134.99u)
[HANDS_ATTACH] mesh='hands_naked.mesh' owner='hands_naked.mesh' frame=2224 nb=38 wext=100.9 rebound=0
  TIER1 rest-coherence: worst=150.9deg bone[5]='bone_R-foreArm.mesh' count(>5deg)=8 freshRecap=0  xcheck(invOff-vs-restW) worst=150.9deg bone[5]
  TIER2 joint-attach(PRIMARY): worst=116.35u bone[8]='bone_R-index01.mesh' parent[13] R=48.0 exactJoint=67.96u pairs=30  (palette-wide exactWorst=69.21u)
[HANDS_ATTACH] mesh='hands_naked.mesh' owner='hands_naked.mesh' frame=2234 nb=38 wext=153.8 rebound=0
  TIER1 rest-coherence: worst=151.3deg bone[29]='bone_L-hand.mesh' count(>5deg)=8 freshRecap=0  xcheck(invOff-vs-restW) worst=151.3deg bone[29]
  TIER2 joint-attach(PRIMARY): worst=177.71u bone[23]='bone_L-middlefinger01.mesh' parent[29] R=48.1 exactJoint=131.79u pairs=30  (palette-wide exactWorst=131.79u)
[HANDS_ATTACH] mesh='hands_naked.mesh' owner='hands_naked.mesh' frame=2234 nb=40 wext=158.4 rebound=0
  TIER1 rest-coherence: worst=157.8deg bone[3]='bone_R-foreTwist1.mesh' count(>5deg)=6 freshRecap=0  xcheck(invOff-vs-restW) worst=157.8deg bone[3]
  TIER2 joint-attach(PRIMARY): worst=158.18u bone[37]='bone_L-ringfinger-base.mesh' parent[20] R=43.7 exactJoint=99.46u pairs=36  (palette-wide exactWorst=140.77u)
[HANDS_ATTACH] mesh='hands_naked.mesh' owner='hands_naked.mesh' frame=2234 nb=38 wext=97.4 rebound=0
  TIER1 rest-coherence: worst=159.6deg bone[5]='bone_R-foreArm.mesh' count(>5deg)=8 freshRecap=0  xcheck(invOff-vs-restW) worst=159.6deg bone[5]
  TIER2 joint-attach(PRIMARY): worst=121.05u bone[8]='bone_R-index01.mesh' parent[13] R=48.0 exactJoint=64.82u pairs=30  (palette-wide exactWorst=66.13u)
[HANDS_ATTACH] mesh='hands_naked.mesh' owner='hands_naked.mesh' frame=2244 nb=38 wext=152.9 rebound=0
  TIER1 rest-coherence: worst=151.3deg bone[29]='bone_L-hand.mesh' count(>5deg)=8 freshRecap=0  xcheck(invOff-vs-restW) worst=151.3deg bone[29]
  TIER2 joint-attach(PRIMARY): worst=181.14u bone[1]='bone_R-middlefinger01.mesh' parent[13] R=48.1 exactJoint=52.94u pairs=30  (palette-wide exactWorst=131.28u)
[HANDS_ATTACH] mesh='hands_naked.mesh' owner='hands_naked.mesh' frame=2244 nb=40 wext=155.8 rebound=0
  TIER1 rest-coherence: worst=151.4deg bone[3]='bone_R-foreTwist1.mesh' count(>5deg)=6 freshRecap=0  xcheck(invOff-vs-restW) worst=151.4deg bone[3]
  TIER2 joint-attach(PRIMARY): worst=157.53u bone[37]='bone_L-ringfinger-base.mesh' parent[20] R=43.7 exactJoint=99.18u pairs=36  (palette-wide exactWorst=139.71u)
[HANDS_ATTACH] mesh='hands_naked.mesh' owner='hands_naked.mesh' frame=2244 nb=38 wext=103.5 rebound=0
  TIER1 rest-coherence: worst=152.5deg bone[5]='bone_R-foreArm.mesh' count(>5deg)=8 freshRecap=0  xcheck(invOff-vs-restW) worst=152.5deg bone[5]
  TIER2 joint-attach(PRIMARY): worst=123.11u bone[8]='bone_R-index01.mesh' parent[13] R=48.0 exactJoint=68.78u pairs=30  (palette-wide exactWorst=70.10u)
[HANDS_ATTACH] mesh='hands_naked.mesh' owner='hands_naked.mesh' frame=2254 nb=38 wext=152.4 rebound=0
  TIER1 rest-coherence: worst=151.3deg bone[29]='bone_L-hand.mesh' count(>5deg)=8 freshRecap=0  xcheck(invOff-vs-restW) worst=151.3deg bone[29]
  TIER2 joint-attach(PRIMARY): worst=180.21u bone[23]='bone_L-middlefinger01.mesh' parent[29] R=48.1 exactJoint=130.36u pairs=30  (palette-wide exactWorst=130.36u)
[HANDS_ATTACH] mesh='hands_naked.mesh' owner='hands_naked.mesh' frame=2254 nb=40 wext=155.4 rebound=0
  TIER1 rest-coherence: worst=151.4deg bone[3]='bone_R-foreTwist1.mesh' count(>5deg)=6 freshRecap=0  xcheck(invOff-vs-restW) worst=151.4deg bone[3]
  TIER2 joint-attach(PRIMARY): worst=156.03u bone[21]='bone_R-ringfinger-base.mesh' parent[1] R=43.7 exactJoint=138.30u pairs=36  (palette-wide exactWorst=139.30u)
[HANDS_ATTACH] mesh='hands_naked.mesh' owner='hands_naked.mesh' frame=2254 nb=38 wext=98.8 rebound=0
  TIER1 rest-coherence: worst=152.5deg bone[5]='bone_R-foreArm.mesh' count(>5deg)=8 freshRecap=0  xcheck(invOff-vs-restW) worst=152.5deg bone[5]
  TIER2 joint-attach(PRIMARY): worst=125.44u bone[30]='bone_L-index01.mesh' parent[29] R=48.0 exactJoint=46.53u pairs=30  (palette-wide exactWorst=68.06u)
[HANDS_ATTACH] mesh='hands_naked.mesh' owner='hands_naked.mesh' frame=2264 nb=38 wext=153.0 rebound=0
  TIER1 rest-coherence: worst=151.3deg bone[29]='bone_L-hand.mesh' count(>5deg)=8 freshRecap=0  xcheck(invOff-vs-restW) worst=151.3deg bone[29]
  TIER2 joint-attach(PRIMARY): worst=177.91u bone[1]='bone_R-middlefinger01.mesh' parent[13] R=48.1 exactJoint=58.64u pairs=30  (palette-wide exactWorst=130.31u)
[HANDS_ATTACH] mesh='hands_naked.mesh' owner='hands_naked.mesh' frame=2264 nb=40 wext=154.5 rebound=0
  TIER1 rest-coherence: worst=136.5deg bone[2]='bone_R-foreTwist2.mesh' count(>5deg)=6 freshRecap=0  xcheck(invOff-vs-restW) worst=136.5deg bone[3]
  TIER2 joint-attach(PRIMARY): worst=155.84u bone[37]='bone_L-ringfinger-base.mesh' parent[20] R=43.7 exactJoint=98.60u pairs=36  (palette-wide exactWorst=141.30u)
[HANDS_ATTACH] mesh='hands_naked.mesh' owner='hands_naked.mesh' frame=2264 nb=38 wext=101.1 rebound=0
  TIER1 rest-coherence: worst=177.2deg bone[5]='bone_R-foreArm.mesh' count(>5deg)=8 freshRecap=0  xcheck(invOff-vs-restW) worst=177.2deg bone[5]
  TIER2 joint-attach(PRIMARY): worst=119.86u bone[30]='bone_L-index01.mesh' parent[29] R=48.0 exactJoint=42.52u pairs=30  (palette-wide exactWorst=72.20u)
[HANDS_ATTACH] mesh='hands_naked.mesh' owner='hands_naked.mesh' frame=2274 nb=38 wext=153.9 rebound=0
  TIER1 rest-coherence: worst=151.3deg bone[29]='bone_L-hand.mesh' count(>5deg)=8 freshRecap=0  xcheck(invOff-vs-restW) worst=151.3deg bone[29]
  TIER2 joint-attach(PRIMARY): worst=182.62u bone[1]='bone_R-middlefinger01.mesh' parent[13] R=48.1 exactJoint=57.94u pairs=30  (palette-wide exactWorst=131.35u)
[HANDS_ATTACH] mesh='hands_naked.mesh' owner='hands_naked.mesh' frame=2274 nb=40 wext=156.4 rebound=0
  TIER1 rest-coherence: worst=117.7deg bone[2]='bone_R-foreTwist2.mesh' count(>5deg)=6 freshRecap=0  xcheck(invOff-vs-restW) worst=117.7deg bone[3]
  TIER2 joint-attach(PRIMARY): worst=163.37u bone[37]='bone_L-ringfinger-base.mesh' parent[20] R=43.7 exactJoint=102.23u pairs=36  (palette-wide exactWorst=138.70u)
[HANDS_ATTACH] mesh='hands_naked.mesh' owner='hands_naked.mesh' frame=2274 nb=38 wext=98.5 rebound=0
  TIER1 rest-coherence: worst=177.2deg bone[5]='bone_R-foreArm.mesh' count(>5deg)=8 freshRecap=0  xcheck(invOff-vs-restW) worst=177.2deg bone[5]
  TIER2 joint-attach(PRIMARY): worst=126.70u bone[30]='bone_L-index01.mesh' parent[29] R=48.0 exactJoint=45.89u pairs=30  (palette-wide exactWorst=69.58u)
[HANDS_ATTACH] mesh='hands_naked.mesh' owner='hands_naked.mesh' frame=2284 nb=38 wext=153.7 rebound=0
  TIER1 rest-coherence: worst=151.3deg bone[29]='bone_L-hand.mesh' count(>5deg)=8 freshRecap=0  xcheck(invOff-vs-restW) worst=151.3deg bone[29]
  TIER2 joint-attach(PRIMARY): worst=180.37u bone[23]='bone_L-middlefinger01.mesh' parent[29] R=48.1 exactJoint=131.76u pairs=30  (palette-wide exactWorst=131.76u)
[HANDS_ATTACH] mesh='hands_naked.mesh' owner='hands_naked.mesh' frame=2284 nb=40 wext=158.8 rebound=0
  TIER1 rest-coherence: worst=132.2deg bone[20]='bone_L-hand.mesh' count(>5deg)=6 freshRecap=0  xcheck(invOff-vs-restW) worst=132.2deg bone[20]
  TIER2 joint-attach(PRIMARY): worst=151.91u bone[37]='bone_L-ringfinger-base.mesh' parent[20] R=43.7 exactJoint=96.81u pairs=36  (palette-wide exactWorst=141.84u)
[HANDS_ATTACH] mesh='hands_naked.mesh' owner='hands_naked.mesh' frame=2284 nb=38 wext=105.5 rebound=0
  TIER1 rest-coherence: worst=178.5deg bone[6]='bone_R-foreTwist2.mesh' count(>5deg)=8 freshRecap=0  xcheck(invOff-vs-restW) worst=178.5deg bone[0]
  TIER2 joint-attach(PRIMARY): worst=115.05u bone[30]='bone_L-index01.mesh' parent[29] R=48.0 exactJoint=42.71u pairs=30  (palette-wide exactWorst=69.40u)
[HANDS_ATTACH] mesh='hands_naked.mesh' owner='hands_naked.mesh' frame=2294 nb=38 wext=152.4 rebound=0
  TIER1 rest-coherence: worst=151.3deg bone[29]='bone_L-hand.mesh' count(>5deg)=8 freshRecap=0  xcheck(invOff-vs-restW) worst=151.3deg bone[29]
  TIER2 joint-attach(PRIMARY): worst=182.29u bone[23]='bone_L-middlefinger01.mesh' parent[29] R=48.1 exactJoint=130.76u pairs=30  (palette-wide exactWorst=130.76u)
[HANDS_ATTACH] mesh='hands_naked.mesh' owner='hands_naked.mesh' frame=2294 nb=40 wext=157.1 rebound=0
  TIER1 rest-coherence: worst=148.3deg bone[2]='bone_R-foreTwist2.mesh' count(>5deg)=6 freshRecap=0  xcheck(invOff-vs-restW) worst=148.3deg bone[3]
  TIER2 joint-attach(PRIMARY): worst=165.95u bone[21]='bone_R-ringfinger-base.mesh' parent[1] R=43.7 exactJoint=133.18u pairs=36  (palette-wide exactWorst=134.33u)
[HANDS_ATTACH] mesh='hands_naked.mesh' owner='hands_naked.mesh' frame=2294 nb=38 wext=101.5 rebound=0
  TIER1 rest-coherence: worst=170.1deg bone[6]='bone_R-foreTwist2.mesh' count(>5deg)=8 freshRecap=0  xcheck(invOff-vs-restW) worst=170.1deg bone[0]
  TIER2 joint-attach(PRIMARY): worst=109.45u bone[30]='bone_L-index01.mesh' parent[29] R=48.0 exactJoint=40.68u pairs=30  (palette-wide exactWorst=68.93u)
[HANDS_ATTACH] mesh='hands_naked.mesh' owner='hands_naked.mesh' frame=2304 nb=38 wext=151.5 rebound=0
  TIER1 rest-coherence: worst=151.3deg bone[29]='bone_L-hand.mesh' count(>5deg)=8 freshRecap=0  xcheck(invOff-vs-restW) worst=151.3deg bone[29]
  TIER2 joint-attach(PRIMARY): worst=179.58u bone[23]='bone_L-middlefinger01.mesh' parent[29] R=48.1 exactJoint=129.54u pairs=30  (palette-wide exactWorst=129.54u)
[HANDS_ATTACH] mesh='hands_naked.mesh' owner='hands_naked.mesh' frame=2304 nb=40 wext=155.7 rebound=0
  TIER1 rest-coherence: worst=134.7deg bone[2]='bone_R-foreTwist2.mesh' count(>5deg)=6 freshRecap=0  xcheck(invOff-vs-restW) worst=134.7deg bone[3]
  TIER2 joint-attach(PRIMARY): worst=172.08u bone[21]='bone_R-ringfinger-base.mesh' parent[1] R=43.7 exactJoint=133.62u pairs=36  (palette-wide exactWorst=134.78u)
[HANDS_ATTACH] mesh='hands_naked.mesh' owner='hands_naked.mesh' frame=2304 nb=38 wext=104.9 rebound=0
  TIER1 rest-coherence: worst=174.7deg bone[13]='bone_R-hand.mesh' count(>5deg)=8 freshRecap=0  xcheck(invOff-vs-restW) worst=174.7deg bone[13]
  TIER2 joint-attach(PRIMARY): worst=121.14u bone[30]='bone_L-index01.mesh' parent[29] R=48.0 exactJoint=44.14u pairs=30  (palette-wide exactWorst=70.69u)
[HANDS_ATTACH] mesh='hands_naked.mesh' owner='hands_naked.mesh' frame=2314 nb=38 wext=152.0 rebound=0
  TIER1 rest-coherence: worst=151.3deg bone[29]='bone_L-hand.mesh' count(>5deg)=8 freshRecap=0  xcheck(invOff-vs-restW) worst=151.3deg bone[29]
  TIER2 joint-attach(PRIMARY): worst=174.56u bone[1]='bone_R-middlefinger01.mesh' parent[13] R=48.1 exactJoint=47.84u pairs=30  (palette-wide exactWorst=129.08u)
[HANDS_ATTACH] mesh='hands_naked.mesh' owner='hands_naked.mesh' frame=2314 nb=40 wext=147.0 rebound=0
  TIER1 rest-coherence: worst=134.7deg bone[2]='bone_R-foreTwist2.mesh' count(>5deg)=6 freshRecap=0  xcheck(invOff-vs-restW) worst=134.7deg bone[3]
  TIER2 joint-attach(PRIMARY): worst=158.92u bone[21]='bone_R-ringfinger-base.mesh' parent[1] R=43.7 exactJoint=119.65u pairs=36  (palette-wide exactWorst=120.79u)
[HANDS_ATTACH] mesh='hands_naked.mesh' owner='hands_naked.mesh' frame=2314 nb=38 wext=101.6 rebound=0
  TIER1 rest-coherence: worst=179.1deg bone[0]='bone_R-foreTwist1.mesh' count(>5deg)=8 freshRecap=0  xcheck(invOff-vs-restW) worst=179.1deg bone[0]
  TIER2 joint-attach(PRIMARY): worst=105.22u bone[8]='bone_R-index01.mesh' parent[13] R=48.0 exactJoint=65.92u pairs=30  (palette-wide exactWorst=67.11u)
[HANDS_ATTACH] mesh='hands_naked.mesh' owner='hands_naked.mesh' frame=2324 nb=38 wext=152.6 rebound=0
  TIER1 rest-coherence: worst=151.3deg bone[29]='bone_L-hand.mesh' count(>5deg)=8 freshRecap=0  xcheck(invOff-vs-restW) worst=151.3deg bone[29]
  TIER2 joint-attach(PRIMARY): worst=169.54u bone[23]='bone_L-middlefinger01.mesh' parent[29] R=48.1 exactJoint=129.72u pairs=30  (palette-wide exactWorst=129.72u)
[HANDS_ATTACH] mesh='hands_naked.mesh' owner='hands_naked.mesh' frame=2324 nb=40 wext=143.8 rebound=0
  TIER1 rest-coherence: worst=140.1deg bone[2]='bone_R-foreTwist2.mesh' count(>5deg)=6 freshRecap=0  xcheck(invOff-vs-restW) worst=140.1deg bone[2]
  TIER2 joint-attach(PRIMARY): worst=155.45u bone[21]='bone_R-ringfinger-base.mesh' parent[1] R=43.7 exactJoint=120.87u pairs=36  (palette-wide exactWorst=122.03u)
[HANDS_ATTACH] mesh='hands_naked.mesh' owner='hands_naked.mesh' frame=2324 nb=38 wext=106.9 rebound=0
  TIER1 rest-coherence: worst=174.7deg bone[5]='bone_R-foreArm.mesh' count(>5deg)=8 freshRecap=0  xcheck(invOff-vs-restW) worst=174.7deg bone[5]
  TIER2 joint-attach(PRIMARY): worst=118.71u bone[30]='bone_L-index01.mesh' parent[29] R=48.0 exactJoint=44.84u pairs=30  (palette-wide exactWorst=70.06u)
[HANDS_ATTACH] mesh='hands_naked.mesh' owner='hands_naked.mesh' frame=2334 nb=38 wext=153.6 rebound=0
  TIER1 rest-coherence: worst=151.3deg bone[29]='bone_L-hand.mesh' count(>5deg)=8 freshRecap=0  xcheck(invOff-vs-restW) worst=151.3deg bone[29]
  TIER2 joint-attach(PRIMARY): worst=172.34u bone[23]='bone_L-middlefinger01.mesh' parent[29] R=48.1 exactJoint=131.14u pairs=30  (palette-wide exactWorst=131.14u)
[HANDS_ATTACH] mesh='hands_naked.mesh' owner='hands_naked.mesh' frame=2334 nb=40 wext=137.4 rebound=0
  TIER1 rest-coherence: worst=177.9deg bone[2]='bone_R-foreTwist2.mesh' count(>5deg)=6 freshRecap=0  xcheck(invOff-vs-restW) worst=177.9deg bone[3]
  TIER2 joint-attach(PRIMARY): worst=139.99u bone[21]='bone_R-ringfinger-base.mesh' parent[1] R=43.7 exactJoint=112.27u pairs=36  (palette-wide exactWorst=113.30u)
[HANDS_ATTACH] mesh='hands_naked.mesh' owner='hands_naked.mesh' frame=2334 nb=38 wext=104.3 rebound=0
  TIER1 rest-coherence: worst=174.7deg bone[5]='bone_R-foreArm.mesh' count(>5deg)=8 freshRecap=0  xcheck(invOff-vs-restW) worst=174.7deg bone[5]
  TIER2 joint-attach(PRIMARY): worst=124.21u bone[8]='bone_R-index01.mesh' parent[13] R=48.0 exactJoint=68.11u pairs=30  (palette-wide exactWorst=69.42u)
[HANDS_ATTACH] mesh='hands_naked.mesh' owner='hands_naked.mesh' frame=2344 nb=38 wext=154.3 rebound=0
  TIER1 rest-coherence: worst=151.3deg bone[29]='bone_L-hand.mesh' count(>5deg)=8 freshRecap=0  xcheck(invOff-vs-restW) worst=151.3deg bone[29]
  TIER2 joint-attach(PRIMARY): worst=179.95u bone[1]='bone_R-middlefinger01.mesh' parent[13] R=48.1 exactJoint=52.42u pairs=30  (palette-wide exactWorst=132.01u)
[HANDS_ATTACH] mesh='hands_naked.mesh' owner='hands_naked.mesh' frame=2344 nb=40 wext=131.0 rebound=0
  TIER1 rest-coherence: worst=179.3deg bone[3]='bone_R-foreTwist1.mesh' count(>5deg)=6 freshRecap=0  xcheck(invOff-vs-restW) worst=179.3deg bone[3]
  TIER2 joint-attach(PRIMARY): worst=129.45u bone[21]='bone_R-ringfinger-base.mesh' parent[1] R=43.7 exactJoint=108.59u pairs=36  (palette-wide exactWorst=109.54u)
[HANDS_ATTACH] mesh='hands_naked.mesh' owner='hands_naked.mesh' frame=2344 nb=38 wext=103.3 rebound=0
  TIER1 rest-coherence: worst=176.2deg bone[5]='bone_R-foreArm.mesh' count(>5deg)=8 freshRecap=0  xcheck(invOff-vs-restW) worst=176.2deg bone[5]
  TIER2 joint-attach(PRIMARY): worst=132.22u bone[30]='bone_L-index01.mesh' parent[29] R=48.0 exactJoint=49.60u pairs=30  (palette-wide exactWorst=70.16u)
[HANDS_ATTACH] mesh='hands_naked.mesh' owner='hands_naked.mesh' frame=2354 nb=38 wext=154.5 rebound=0
  TIER1 rest-coherence: worst=151.3deg bone[29]='bone_L-hand.mesh' count(>5deg)=8 freshRecap=0  xcheck(invOff-vs-restW) worst=151.3deg bone[29]
  TIER2 joint-attach(PRIMARY): worst=184.85u bone[1]='bone_R-middlefinger01.mesh' parent[13] R=48.1 exactJoint=53.87u pairs=30  (palette-wide exactWorst=132.13u)
[HANDS_ATTACH] mesh='hands_naked.mesh' owner='hands_naked.mesh' frame=2354 nb=40 wext=127.0 rebound=0
  TIER1 rest-coherence: worst=179.1deg bone[3]='bone_R-foreTwist1.mesh' count(>5deg)=6 freshRecap=0  xcheck(invOff-vs-restW) worst=179.1deg bone[3]
  TIER2 joint-attach(PRIMARY): worst=131.44u bone[21]='bone_R-ringfinger-base.mesh' parent[1] R=43.7 exactJoint=100.52u pairs=36  (palette-wide exactWorst=101.54u)
[HANDS_ATTACH] mesh='hands_naked.mesh' owner='hands_naked.mesh' frame=2354 nb=38 wext=100.6 rebound=0
  TIER1 rest-coherence: worst=173.5deg bone[13]='bone_R-hand.mesh' count(>5deg)=8 freshRecap=0  xcheck(invOff-vs-restW) worst=173.5deg bone[13]
  TIER2 joint-attach(PRIMARY): worst=124.49u bone[8]='bone_R-index01.mesh' parent[13] R=48.0 exactJoint=68.06u pairs=30  (palette-wide exactWorst=69.38u)
[HANDS_ATTACH] mesh='hands_naked.mesh' owner='hands_naked.mesh' frame=2364 nb=38 wext=154.2 rebound=0
  TIER1 rest-coherence: worst=151.3deg bone[29]='bone_L-hand.mesh' count(>5deg)=8 freshRecap=0  xcheck(invOff-vs-restW) worst=151.3deg bone[29]
  TIER2 joint-attach(PRIMARY): worst=179.09u bone[1]='bone_R-middlefinger01.mesh' parent[13] R=48.1 exactJoint=51.23u pairs=30  (palette-wide exactWorst=131.45u)
[HANDS_ATTACH] mesh='hands_naked.mesh' owner='hands_naked.mesh' frame=2364 nb=40 wext=121.3 rebound=0
  TIER1 rest-coherence: worst=178.3deg bone[2]='bone_R-foreTwist2.mesh' count(>5deg)=6 freshRecap=0  xcheck(invOff-vs-restW) worst=178.3deg bone[3]
  TIER2 joint-attach(PRIMARY): worst=133.93u bone[21]='bone_R-ringfinger-base.mesh' parent[1] R=43.7 exactJoint=93.98u pairs=36  (palette-wide exactWorst=95.06u)
[HANDS_ATTACH] mesh='hands_naked.mesh' owner='hands_naked.mesh' frame=2364 nb=38 wext=100.7 rebound=0
  TIER1 rest-coherence: worst=173.7deg bone[5]='bone_R-foreArm.mesh' count(>5deg)=8 freshRecap=0  xcheck(invOff-vs-restW) worst=173.7deg bone[5]
  TIER2 joint-attach(PRIMARY): worst=120.48u bone[8]='bone_R-index01.mesh' parent[13] R=48.0 exactJoint=67.84u pairs=30  (palette-wide exactWorst=69.15u)
[HANDS_ATTACH] mesh='hands_naked.mesh' owner='hands_naked.mesh' frame=2374 nb=38 wext=153.4 rebound=0
  TIER1 rest-coherence: worst=151.3deg bone[29]='bone_L-hand.mesh' count(>5deg)=8 freshRecap=0  xcheck(invOff-vs-restW) worst=151.3deg bone[29]
  TIER2 joint-attach(PRIMARY): worst=179.88u bone[1]='bone_R-middlefinger01.mesh' parent[13] R=48.1 exactJoint=52.21u pairs=30  (palette-wide exactWorst=130.14u)
[HANDS_ATTACH] mesh='hands_naked.mesh' owner='hands_naked.mesh' frame=2374 nb=40 wext=117.3 rebound=0
  TIER1 rest-coherence: worst=180.0deg bone[2]='bone_R-foreTwist2.mesh' count(>5deg)=6 freshRecap=0  xcheck(invOff-vs-restW) worst=180.0deg bone[2]
  TIER2 joint-attach(PRIMARY): worst=130.73u bone[37]='bone_L-ringfinger-base.mesh' parent[20] R=43.7 exactJoint=67.39u pairs=36  (palette-wide exactWorst=87.59u)
[HANDS_ATTACH] mesh='hands_naked.mesh' owner='hands_naked.mesh' frame=2374 nb=38 wext=101.8 rebound=0
  TIER1 rest-coherence: worst=179.0deg bone[6]='bone_R-foreTwist2.mesh' count(>5deg)=8 freshRecap=0  xcheck(invOff-vs-restW) worst=179.0deg bone[0]
  TIER2 joint-attach(PRIMARY): worst=121.75u bone[30]='bone_L-index01.mesh' parent[29] R=48.0 exactJoint=47.15u pairs=30  (palette-wide exactWorst=66.22u)
[HANDS_ATTACH] mesh='hands_naked.mesh' owner='hands_naked.mesh' frame=2384 nb=38 wext=152.4 rebound=0
  TIER1 rest-coherence: worst=151.3deg bone[29]='bone_L-hand.mesh' count(>5deg)=8 freshRecap=0  xcheck(invOff-vs-restW) worst=151.3deg bone[29]
  TIER2 joint-attach(PRIMARY): worst=180.61u bone[1]='bone_R-middlefinger01.mesh' parent[13] R=48.1 exactJoint=52.99u pairs=30  (palette-wide exactWorst=129.49u)
[HANDS_ATTACH] mesh='hands_naked.mesh' owner='hands_naked.mesh' frame=2384 nb=40 wext=115.6 rebound=0
  TIER1 rest-coherence: worst=180.0deg bone[2]='bone_R-foreTwist2.mesh' count(>5deg)=6 freshRecap=0  xcheck(invOff-vs-restW) worst=180.0deg bone[2]
  TIER2 joint-attach(PRIMARY): worst=117.86u bone[37]='bone_L-ringfinger-base.mesh' parent[20] R=43.7 exactJoint=59.98u pairs=36  (palette-wide exactWorst=89.98u)
[HANDS_ATTACH] mesh='hands_naked.mesh' owner='hands_naked.mesh' frame=2384 nb=38 wext=106.4 rebound=0
  TIER1 rest-coherence: worst=174.0deg bone[5]='bone_R-foreArm.mesh' count(>5deg)=8 freshRecap=0  xcheck(invOff-vs-restW) worst=174.0deg bone[5]
  TIER2 joint-attach(PRIMARY): worst=122.31u bone[8]='bone_R-index01.mesh' parent[13] R=48.0 exactJoint=69.89u pairs=30  (palette-wide exactWorst=71.18u)
[HANDS_ATTACH] mesh='hands_naked.mesh' owner='hands_naked.mesh' frame=2394 nb=38 wext=151.8 rebound=0
  TIER1 rest-coherence: worst=151.3deg bone[29]='bone_L-hand.mesh' count(>5deg)=8 freshRecap=0  xcheck(invOff-vs-restW) worst=151.3deg bone[29]
  TIER2 joint-attach(PRIMARY): worst=178.35u bone[1]='bone_R-middlefinger01.mesh' parent[13] R=48.1 exactJoint=53.39u pairs=30  (palette-wide exactWorst=128.92u)
[HANDS_ATTACH] mesh='hands_naked.mesh' owner='hands_naked.mesh' frame=2394 nb=40 wext=108.9 rebound=0
  TIER1 rest-coherence: worst=180.0deg bone[2]='bone_R-foreTwist2.mesh' count(>5deg)=6 freshRecap=0  xcheck(invOff-vs-restW) worst=180.0deg bone[2]
  TIER2 joint-attach(PRIMARY): worst=115.97u bone[25]='bone_L-middlefinger01.mesh' parent[20] R=42.2 exactJoint=52.20u pairs=36  (palette-wide exactWorst=76.65u)
[HANDS_ATTACH] mesh='hands_naked.mesh' owner='hands_naked.mesh' frame=2394 nb=38 wext=103.7 rebound=0
  TIER1 rest-coherence: worst=178.2deg bone[0]='bone_R-foreTwist1.mesh' count(>5deg)=8 freshRecap=0  xcheck(invOff-vs-restW) worst=178.2deg bone[0]
  TIER2 joint-attach(PRIMARY): worst=118.38u bone[30]='bone_L-index01.mesh' parent[29] R=48.0 exactJoint=47.14u pairs=30  (palette-wide exactWorst=66.11u)
[HANDS_ATTACH] mesh='hands_naked.mesh' owner='hands_naked.mesh' frame=2404 nb=38 wext=151.9 rebound=0
  TIER1 rest-coherence: worst=151.3deg bone[29]='bone_L-hand.mesh' count(>5deg)=8 freshRecap=0  xcheck(invOff-vs-restW) worst=151.3deg bone[29]
  TIER2 joint-attach(PRIMARY): worst=177.10u bone[1]='bone_R-middlefinger01.mesh' parent[13] R=48.1 exactJoint=52.09u pairs=30  (palette-wide exactWorst=129.17u)
[HANDS_ATTACH] mesh='hands_naked.mesh' owner='hands_naked.mesh' frame=2404 nb=40 wext=98.0 rebound=0
  TIER1 rest-coherence: worst=161.2deg bone[2]='bone_R-foreTwist2.mesh' count(>5deg)=6 freshRecap=0  xcheck(invOff-vs-restW) worst=161.2deg bone[3]
  TIER2 joint-attach(PRIMARY): worst=112.22u bone[37]='bone_L-ringfinger-base.mesh' parent[20] R=43.7 exactJoint=47.92u pairs=36  (palette-wide exactWorst=69.65u)
[HANDS_ATTACH] mesh='hands_naked.mesh' owner='hands_naked.mesh' frame=2404 nb=38 wext=103.3 rebound=0
  TIER1 rest-coherence: worst=173.2deg bone[5]='bone_R-foreArm.mesh' count(>5deg)=8 freshRecap=0  xcheck(invOff-vs-restW) worst=173.2deg bone[5]
  TIER2 joint-attach(PRIMARY): worst=121.07u bone[8]='bone_R-index01.mesh' parent[13] R=48.0 exactJoint=68.26u pairs=30  (palette-wide exactWorst=69.56u)
[HANDS_ATTACH] mesh='hands_naked.mesh' owner='hands_naked.mesh' frame=2414 nb=38 wext=152.5 rebound=0
  TIER1 rest-coherence: worst=151.3deg bone[29]='bone_L-hand.mesh' count(>5deg)=8 freshRecap=0  xcheck(invOff-vs-restW) worst=151.3deg bone[29]
  TIER2 joint-attach(PRIMARY): worst=178.04u bone[1]='bone_R-middlefinger01.mesh' parent[13] R=48.1 exactJoint=50.09u pairs=30  (palette-wide exactWorst=130.02u)
[HANDS_ATTACH] mesh='hands_naked.mesh' owner='hands_naked.mesh' frame=2414 nb=40 wext=100.1 rebound=0
  TIER1 rest-coherence: worst=141.2deg bone[2]='bone_R-foreTwist2.mesh' count(>5deg)=6 freshRecap=0  xcheck(invOff-vs-restW) worst=141.2deg bone[3]
  TIER2 joint-attach(PRIMARY): worst=111.92u bone[21]='bone_R-ringfinger-base.mesh' parent[1] R=43.7 exactJoint=72.11u pairs=36  (palette-wide exactWorst=73.02u)
[HANDS_ATTACH] mesh='hands_naked.mesh' owner='hands_naked.mesh' frame=2414 nb=38 wext=100.8 rebound=0
  TIER1 rest-coherence: worst=173.2deg bone[5]='bone_R-foreArm.mesh' count(>5deg)=8 freshRecap=0  xcheck(invOff-vs-restW) worst=173.2deg bone[5]
  TIER2 joint-attach(PRIMARY): worst=114.37u bone[30]='bone_L-index01.mesh' parent[29] R=48.0 exactJoint=47.05u pairs=30  (palette-wide exactWorst=66.85u)
[HANDS_ATTACH] mesh='hands_naked.mesh' owner='hands_naked.mesh' frame=2424 nb=38 wext=153.5 rebound=0
  TIER1 rest-coherence: worst=151.3deg bone[29]='bone_L-hand.mesh' count(>5deg)=8 freshRecap=0  xcheck(invOff-vs-restW) worst=151.3deg bone[29]
  TIER2 joint-attach(PRIMARY): worst=176.27u bone[1]='bone_R-middlefinger01.mesh' parent[13] R=48.1 exactJoint=48.31u pairs=30  (palette-wide exactWorst=130.51u)
[HANDS_ATTACH] mesh='hands_naked.mesh' owner='hands_naked.mesh' frame=2424 nb=40 wext=100.3 rebound=0
  TIER1 rest-coherence: worst=141.0deg bone[2]='bone_R-foreTwist2.mesh' count(>5deg)=6 freshRecap=0  xcheck(invOff-vs-restW) worst=141.0deg bone[2]
  TIER2 joint-attach(PRIMARY): worst=115.59u bone[37]='bone_L-ringfinger-base.mesh' parent[20] R=43.7 exactJoint=42.05u pairs=36  (palette-wide exactWorst=80.41u)
[HANDS_ATTACH] mesh='hands_naked.mesh' owner='hands_naked.mesh' frame=2424 nb=38 wext=106.7 rebound=0
  TIER1 rest-coherence: worst=169.0deg bone[5]='bone_R-foreArm.mesh' count(>5deg)=8 freshRecap=0  xcheck(invOff-vs-restW) worst=169.0deg bone[5]
  TIER2 joint-attach(PRIMARY): worst=119.45u bone[30]='bone_L-index01.mesh' parent[29] R=48.0 exactJoint=46.28u pairs=30  (palette-wide exactWorst=70.33u)
[HANDS_ATTACH] mesh='hands_naked.mesh' owner='hands_naked.mesh' frame=2434 nb=38 wext=154.2 rebound=0
  TIER1 rest-coherence: worst=151.3deg bone[29]='bone_L-hand.mesh' count(>5deg)=8 freshRecap=0  xcheck(invOff-vs-restW) worst=151.3deg bone[29]
  TIER2 joint-attach(PRIMARY): worst=173.09u bone[1]='bone_R-middlefinger01.mesh' parent[13] R=48.1 exactJoint=47.23u pairs=30  (palette-wide exactWorst=130.26u)
[HANDS_ATTACH] mesh='hands_naked.mesh' owner='hands_naked.mesh' frame=2434 nb=40 wext=97.6 rebound=0
  TIER1 rest-coherence: worst=126.7deg bone[2]='bone_R-foreTwist2.mesh' count(>5deg)=6 freshRecap=0  xcheck(invOff-vs-restW) worst=126.7deg bone[3]
  TIER2 joint-attach(PRIMARY): worst=112.34u bone[37]='bone_L-ringfinger-base.mesh' parent[20] R=43.7 exactJoint=39.49u pairs=36  (palette-wide exactWorst=73.95u)
[HANDS_ATTACH] mesh='hands_naked.mesh' owner='hands_naked.mesh' frame=2434 nb=38 wext=100.1 rebound=0
  TIER1 rest-coherence: worst=160.7deg bone[5]='bone_R-foreArm.mesh' count(>5deg)=8 freshRecap=0  xcheck(invOff-vs-restW) worst=160.7deg bone[5]
  TIER2 joint-attach(PRIMARY): worst=119.42u bone[8]='bone_R-index01.mesh' parent[13] R=48.0 exactJoint=67.81u pairs=30  (palette-wide exactWorst=69.10u)
[HANDS_ATTACH] mesh='hands_naked.mesh' owner='hands_naked.mesh' frame=2444 nb=38 wext=154.7 rebound=0
  TIER1 rest-coherence: worst=151.3deg bone[29]='bone_L-hand.mesh' count(>5deg)=8 freshRecap=0  xcheck(invOff-vs-restW) worst=151.3deg bone[29]
  TIER2 joint-attach(PRIMARY): worst=172.67u bone[1]='bone_R-middlefinger01.mesh' parent[13] R=48.1 exactJoint=47.59u pairs=30  (palette-wide exactWorst=130.48u)
[HANDS_ATTACH] mesh='hands_naked.mesh' owner='hands_naked.mesh' frame=2444 nb=40 wext=99.1 rebound=0
  TIER1 rest-coherence: worst=126.0deg bone[2]='bone_R-foreTwist2.mesh' count(>5deg)=6 freshRecap=0  xcheck(invOff-vs-restW) worst=126.0deg bone[3]
  TIER2 joint-attach(PRIMARY): worst=106.84u bone[21]='bone_R-ringfinger-base.mesh' parent[1] R=43.7 exactJoint=72.72u pairs=36  (palette-wide exactWorst=73.54u)
[HANDS_ATTACH] mesh='hands_naked.mesh' owner='hands_naked.mesh' frame=2444 nb=38 wext=103.2 rebound=0
  TIER1 rest-coherence: worst=158.4deg bone[5]='bone_R-foreArm.mesh' count(>5deg)=8 freshRecap=0  xcheck(invOff-vs-restW) worst=158.4deg bone[5]
  TIER2 joint-attach(PRIMARY): worst=128.55u bone[8]='bone_R-index01.mesh' parent[13] R=48.0 exactJoint=68.79u pairs=30  (palette-wide exactWorst=70.17u)
[HANDS_ATTACH] mesh='hands_naked.mesh' owner='hands_naked.mesh' frame=2454 nb=38 wext=156.7 rebound=0
  TIER1 rest-coherence: worst=151.3deg bone[29]='bone_L-hand.mesh' count(>5deg)=8 freshRecap=0  xcheck(invOff-vs-restW) worst=151.3deg bone[29]
  TIER2 joint-attach(PRIMARY): worst=177.16u bone[1]='bone_R-middlefinger01.mesh' parent[13] R=48.1 exactJoint=50.28u pairs=30  (palette-wide exactWorst=131.96u)
[HANDS_ATTACH] mesh='hands_naked.mesh' owner='hands_naked.mesh' frame=2454 nb=40 wext=98.8 rebound=0
  TIER1 rest-coherence: worst=131.9deg bone[2]='bone_R-foreTwist2.mesh' count(>5deg)=6 freshRecap=0  xcheck(invOff-vs-restW) worst=131.9deg bone[2]
  TIER2 joint-attach(PRIMARY): worst=106.54u bone[21]='bone_R-ringfinger-base.mesh' parent[1] R=43.7 exactJoint=72.93u pairs=36  (palette-wide exactWorst=73.74u)
[HANDS_ATTACH] mesh='hands_naked.mesh' owner='hands_naked.mesh' frame=2454 nb=38 wext=99.9 rebound=0
  TIER1 rest-coherence: worst=156.8deg bone[5]='bone_R-foreArm.mesh' count(>5deg)=8 freshRecap=0  xcheck(invOff-vs-restW) worst=156.8deg bone[5]
  TIER2 joint-attach(PRIMARY): worst=122.99u bone[8]='bone_R-index01.mesh' parent[13] R=48.0 exactJoint=67.67u pairs=30  (palette-wide exactWorst=68.95u)
[HANDS_ATTACH] mesh='hands_naked.mesh' owner='hands_naked.mesh' frame=2464 nb=38 wext=156.8 rebound=0
  TIER1 rest-coherence: worst=137.2deg bone[29]='bone_L-hand.mesh' count(>5deg)=8 freshRecap=0  xcheck(invOff-vs-restW) worst=137.2deg bone[29]
  TIER2 joint-attach(PRIMARY): worst=180.04u bone[23]='bone_L-middlefinger01.mesh' parent[29] R=48.1 exactJoint=133.80u pairs=30  (palette-wide exactWorst=133.80u)
[HANDS_ATTACH] mesh='hands_naked.mesh' owner='hands_naked.mesh' frame=2464 nb=40 wext=98.0 rebound=0
  TIER1 rest-coherence: worst=105.5deg bone[3]='bone_R-foreTwist1.mesh' count(>5deg)=6 freshRecap=0  xcheck(invOff-vs-restW) worst=105.5deg bone[2]
  TIER2 joint-attach(PRIMARY): worst=105.57u bone[21]='bone_R-ringfinger-base.mesh' parent[1] R=43.7 exactJoint=73.54u pairs=36  (palette-wide exactWorst=74.33u)
[HANDS_ATTACH] mesh='hands_naked.mesh' owner='hands_naked.mesh' frame=2464 nb=38 wext=103.0 rebound=0
  TIER1 rest-coherence: worst=156.8deg bone[5]='bone_R-foreArm.mesh' count(>5deg)=8 freshRecap=0  xcheck(invOff-vs-restW) worst=156.8deg bone[5]
  TIER2 joint-attach(PRIMARY): worst=118.29u bone[30]='bone_L-index01.mesh' parent[29] R=48.0 exactJoint=44.97u pairs=30  (palette-wide exactWorst=70.56u)
[HANDS_ATTACH] mesh='hands_naked.mesh' owner='hands_naked.mesh' frame=2474 nb=38 wext=153.3 rebound=0
  TIER1 rest-coherence: worst=130.1deg bone[22]='bone_L-foreArm.mesh' count(>5deg)=8 freshRecap=0  xcheck(invOff-vs-restW) worst=130.1deg bone[22]
  TIER2 joint-attach(PRIMARY): worst=181.91u bone[23]='bone_L-middlefinger01.mesh' parent[29] R=48.1 exactJoint=131.32u pairs=30  (palette-wide exactWorst=131.32u)
[HANDS_ATTACH] mesh='hands_naked.mesh' owner='hands_naked.mesh' frame=2474 nb=40 wext=97.4 rebound=0
  TIER1 rest-coherence: worst=113.3deg bone[1]='bone_R-hand.mesh' count(>5deg)=6 freshRecap=0  xcheck(invOff-vs-restW) worst=113.3deg bone[1]
  TIER2 joint-attach(PRIMARY): worst=106.85u bone[37]='bone_L-ringfinger-base.mesh' parent[20] R=43.7 exactJoint=39.51u pairs=36  (palette-wide exactWorst=72.57u)
[HANDS_ATTACH] mesh='hands_naked.mesh' owner='hands_naked.mesh' frame=2474 nb=38 wext=102.4 rebound=0
  TIER1 rest-coherence: worst=144.0deg bone[5]='bone_R-foreArm.mesh' count(>5deg)=8 freshRecap=0  xcheck(invOff-vs-restW) worst=144.0deg bone[5]
  TIER2 joint-attach(PRIMARY): worst=120.63u bone[8]='bone_R-index01.mesh' parent[13] R=48.0 exactJoint=69.47u pairs=30  (palette-wide exactWorst=70.76u)
[HANDS_ATTACH] mesh='hands_naked.mesh' owner='hands_naked.mesh' frame=2484 nb=38 wext=151.3 rebound=0
  TIER1 rest-coherence: worst=130.1deg bone[22]='bone_L-foreArm.mesh' count(>5deg)=8 freshRecap=0  xcheck(invOff-vs-restW) worst=130.1deg bone[22]
  TIER2 joint-attach(PRIMARY): worst=182.29u bone[1]='bone_R-middlefinger01.mesh' parent[13] R=48.1 exactJoint=53.34u pairs=30  (palette-wide exactWorst=129.10u)
[HANDS_ATTACH] mesh='hands_naked.mesh' owner='hands_naked.mesh' frame=2484 nb=40 wext=150.5 rebound=0
  TIER1 rest-coherence: worst=102.2deg bone[1]='bone_R-hand.mesh' count(>5deg)=6 freshRecap=0  xcheck(invOff-vs-restW) worst=102.2deg bone[1]
  TIER2 joint-attach(PRIMARY): worst=159.50u bone[21]='bone_R-ringfinger-base.mesh' parent[1] R=43.7 exactJoint=126.64u pairs=36  (palette-wide exactWorst=127.80u)
[HANDS_ATTACH] mesh='hands_naked.mesh' owner='hands_naked.mesh' frame=2484 nb=38 wext=99.0 rebound=0
  TIER1 rest-coherence: worst=144.0deg bone[5]='bone_R-foreArm.mesh' count(>5deg)=8 freshRecap=0  xcheck(invOff-vs-restW) worst=144.0deg bone[5]
  TIER2 joint-attach(PRIMARY): worst=121.69u bone[30]='bone_L-index01.mesh' parent[29] R=48.0 exactJoint=48.60u pairs=30  (palette-wide exactWorst=65.00u)
[HANDS_ATTACH] mesh='hands_naked.mesh' owner='hands_naked.mesh' frame=2494 nb=38 wext=151.3 rebound=0
  TIER1 rest-coherence: worst=130.1deg bone[22]='bone_L-foreArm.mesh' count(>5deg)=8 freshRecap=0  xcheck(invOff-vs-restW) worst=130.1deg bone[22]
  TIER2 joint-attach(PRIMARY): worst=182.29u bone[1]='bone_R-middlefinger01.mesh' parent[13] R=48.1 exactJoint=53.34u pairs=30  (palette-wide exactWorst=129.10u)
[HANDS_ATTACH] mesh='hands_naked.mesh' owner='hands_naked.mesh' frame=2494 nb=40 wext=150.5 rebound=0
  TIER1 rest-coherence: worst=102.2deg bone[1]='bone_R-hand.mesh' count(>5deg)=6 freshRecap=0  xcheck(invOff-vs-restW) worst=102.2deg bone[1]
  TIER2 joint-attach(PRIMARY): worst=159.50u bone[21]='bone_R-ringfinger-base.mesh' parent[1] R=43.7 exactJoint=126.64u pairs=36  (palette-wide exactWorst=127.80u)
[HANDS_ATTACH] mesh='hands_naked.mesh' owner='hands_naked.mesh' frame=2494 nb=38 wext=99.0 rebound=0
  TIER1 rest-coherence: worst=144.0deg bone[5]='bone_R-foreArm.mesh' count(>5deg)=8 freshRecap=0  xcheck(invOff-vs-restW) worst=144.0deg bone[5]
  TIER2 joint-attach(PRIMARY): worst=121.69u bone[30]='bone_L-index01.mesh' parent[29] R=48.0 exactJoint=48.60u pairs=30  (palette-wide exactWorst=65.00u)
[HANDS_ATTACH] mesh='hands_naked.mesh' owner='hands_naked.mesh' frame=2504 nb=38 wext=151.3 rebound=0
  TIER1 rest-coherence: worst=130.1deg bone[22]='bone_L-foreArm.mesh' count(>5deg)=8 freshRecap=0  xcheck(invOff-vs-restW) worst=130.1deg bone[22]
  TIER2 joint-attach(PRIMARY): worst=182.29u bone[1]='bone_R-middlefinger01.mesh' parent[13] R=48.1 exactJoint=53.34u pairs=30  (palette-wide exactWorst=129.10u)
[HANDS_ATTACH] mesh='hands_naked.mesh' owner='hands_naked.mesh' frame=2504 nb=40 wext=150.5 rebound=0
  TIER1 rest-coherence: worst=102.2deg bone[1]='bone_R-hand.mesh' count(>5deg)=6 freshRecap=0  xcheck(invOff-vs-restW) worst=102.2deg bone[1]
  TIER2 joint-attach(PRIMARY): worst=159.50u bone[21]='bone_R-ringfinger-base.mesh' parent[1] R=43.7 exactJoint=126.64u pairs=36  (palette-wide exactWorst=127.80u)
[HANDS_ATTACH] mesh='hands_naked.mesh' owner='hands_naked.mesh' frame=2504 nb=38 wext=99.0 rebound=0
  TIER1 rest-coherence: worst=144.0deg bone[5]='bone_R-foreArm.mesh' count(>5deg)=8 freshRecap=0  xcheck(invOff-vs-restW) worst=144.0deg bone[5]
  TIER2 joint-attach(PRIMARY): worst=121.69u bone[30]='bone_L-index01.mesh' parent[29] R=48.0 exactJoint=48.60u pairs=30  (palette-wide exactWorst=65.00u)
[HANDS_ATTACH] mesh='hands_naked.mesh' owner='hands_naked.mesh' frame=2514 nb=38 wext=151.3 rebound=0
  TIER1 rest-coherence: worst=130.1deg bone[22]='bone_L-foreArm.mesh' count(>5deg)=8 freshRecap=0  xcheck(invOff-vs-restW) worst=130.1deg bone[22]
  TIER2 joint-attach(PRIMARY): worst=182.29u bone[1]='bone_R-middlefinger01.mesh' parent[13] R=48.1 exactJoint=53.34u pairs=30  (palette-wide exactWorst=129.10u)
[HANDS_ATTACH] mesh='hands_naked.mesh' owner='hands_naked.mesh' frame=2514 nb=40 wext=150.5 rebound=0
  TIER1 rest-coherence: worst=102.2deg bone[1]='bone_R-hand.mesh' count(>5deg)=6 freshRecap=0  xcheck(invOff-vs-restW) worst=102.2deg bone[1]
  TIER2 joint-attach(PRIMARY): worst=159.50u bone[21]='bone_R-ringfinger-base.mesh' parent[1] R=43.7 exactJoint=126.64u pairs=36  (palette-wide exactWorst=127.80u)
[HANDS_ATTACH] mesh='hands_naked.mesh' owner='hands_naked.mesh' frame=2514 nb=38 wext=99.0 rebound=0
  TIER1 rest-coherence: worst=144.0deg bone[5]='bone_R-foreArm.mesh' count(>5deg)=8 freshRecap=0  xcheck(invOff-vs-restW) worst=144.0deg bone[5]
  TIER2 joint-attach(PRIMARY): worst=121.69u bone[30]='bone_L-index01.mesh' parent[29] R=48.0 exactJoint=48.60u pairs=30  (palette-wide exactWorst=65.00u)
[HANDS_ATTACH] mesh='hands_naked.mesh' owner='hands_naked.mesh' frame=2524 nb=38 wext=151.3 rebound=0
  TIER1 rest-coherence: worst=130.1deg bone[22]='bone_L-foreArm.mesh' count(>5deg)=8 freshRecap=0  xcheck(invOff-vs-restW) worst=130.1deg bone[22]
  TIER2 joint-attach(PRIMARY): worst=182.29u bone[1]='bone_R-middlefinger01.mesh' parent[13] R=48.1 exactJoint=53.34u pairs=30  (palette-wide exactWorst=129.10u)
[HANDS_ATTACH] mesh='hands_naked.mesh' owner='hands_naked.mesh' frame=2524 nb=40 wext=150.5 rebound=0
  TIER1 rest-coherence: worst=102.2deg bone[1]='bone_R-hand.mesh' count(>5deg)=6 freshRecap=0  xcheck(invOff-vs-restW) worst=102.2deg bone[1]
  TIER2 joint-attach(PRIMARY): worst=159.50u bone[21]='bone_R-ringfinger-base.mesh' parent[1] R=43.7 exactJoint=126.64u pairs=36  (palette-wide exactWorst=127.80u)
[HANDS_ATTACH] mesh='hands_naked.mesh' owner='hands_naked.mesh' frame=2524 nb=38 wext=99.0 rebound=0
  TIER1 rest-coherence: worst=144.0deg bone[5]='bone_R-foreArm.mesh' count(>5deg)=8 freshRecap=0  xcheck(invOff-vs-restW) worst=144.0deg bone[5]
  TIER2 joint-attach(PRIMARY): worst=121.69u bone[30]='bone_L-index01.mesh' parent[29] R=48.0 exactJoint=48.60u pairs=30  (palette-wide exactWorst=65.00u)
[HANDS_ATTACH] mesh='hands_naked.mesh' owner='hands_naked.mesh' frame=2534 nb=38 wext=150.1 rebound=0
  TIER1 rest-coherence: worst=165.8deg bone[22]='bone_L-foreArm.mesh' count(>5deg)=8 freshRecap=0  xcheck(invOff-vs-restW) worst=165.8deg bone[22]
  TIER2 joint-attach(PRIMARY): worst=182.73u bone[23]='bone_L-middlefinger01.mesh' parent[29] R=48.1 exactJoint=126.87u pairs=30  (palette-wide exactWorst=126.87u)
[HANDS_ATTACH] mesh='hands_naked.mesh' owner='hands_naked.mesh' frame=2534 nb=40 wext=165.9 rebound=0
  TIER1 rest-coherence: worst=159.3deg bone[3]='bone_R-foreTwist1.mesh' count(>5deg)=6 freshRecap=0  xcheck(invOff-vs-restW) worst=159.3deg bone[3]
  TIER2 joint-attach(PRIMARY): worst=187.76u bone[21]='bone_R-ringfinger-base.mesh' parent[1] R=43.7 exactJoint=135.51u pairs=36  (palette-wide exactWorst=136.79u)
[HANDS_ATTACH] mesh='hands_naked.mesh' owner='hands_naked.mesh' frame=2534 nb=38 wext=98.5 rebound=0
  TIER1 rest-coherence: worst=170.8deg bone[5]='bone_R-foreArm.mesh' count(>5deg)=8 freshRecap=0  xcheck(invOff-vs-restW) worst=170.8deg bone[5]
  TIER2 joint-attach(PRIMARY): worst=126.88u bone[30]='bone_L-index01.mesh' parent[29] R=48.0 exactJoint=49.31u pairs=30  (palette-wide exactWorst=64.10u)
[HANDS_ATTACH] mesh='hands_naked.mesh' owner='hands_naked.mesh' frame=2544 nb=38 wext=150.9 rebound=0
  TIER1 rest-coherence: worst=164.9deg bone[22]='bone_L-foreArm.mesh' count(>5deg)=8 freshRecap=0  xcheck(invOff-vs-restW) worst=164.9deg bone[22]
  TIER2 joint-attach(PRIMARY): worst=180.93u bone[23]='bone_L-middlefinger01.mesh' parent[29] R=48.1 exactJoint=128.10u pairs=30  (palette-wide exactWorst=128.10u)
[HANDS_ATTACH] mesh='hands_naked.mesh' owner='hands_naked.mesh' frame=2544 nb=40 wext=170.0 rebound=0
  TIER1 rest-coherence: worst=159.3deg bone[3]='bone_R-foreTwist1.mesh' count(>5deg)=6 freshRecap=0  xcheck(invOff-vs-restW) worst=159.3deg bone[3]
  TIER2 joint-attach(PRIMARY): worst=187.59u bone[21]='bone_R-ringfinger-base.mesh' parent[1] R=43.7 exactJoint=138.65u pairs=36  (palette-wide exactWorst=139.93u)
[HANDS_ATTACH] mesh='hands_naked.mesh' owner='hands_naked.mesh' frame=2544 nb=38 wext=101.3 rebound=0
  TIER1 rest-coherence: worst=178.9deg bone[5]='bone_R-foreArm.mesh' count(>5deg)=8 freshRecap=0  xcheck(invOff-vs-restW) worst=178.9deg bone[5]
  TIER2 joint-attach(PRIMARY): worst=131.72u bone[30]='bone_L-index01.mesh' parent[29] R=48.0 exactJoint=50.89u pairs=30  (palette-wide exactWorst=70.59u)
[HANDS_ATTACH] mesh='hands_naked.mesh' owner='hands_naked.mesh' frame=2554 nb=38 wext=150.8 rebound=0
  TIER1 rest-coherence: worst=163.1deg bone[22]='bone_L-foreArm.mesh' count(>5deg)=8 freshRecap=0  xcheck(invOff-vs-restW) worst=163.1deg bone[22]
  TIER2 joint-attach(PRIMARY): worst=186.74u bone[23]='bone_L-middlefinger01.mesh' parent[29] R=48.1 exactJoint=128.35u pairs=30  (palette-wide exactWorst=128.35u)
[HANDS_ATTACH] mesh='hands_naked.mesh' owner='hands_naked.mesh' frame=2554 nb=40 wext=170.8 rebound=0
  TIER1 rest-coherence: worst=159.3deg bone[3]='bone_R-foreTwist1.mesh' count(>5deg)=6 freshRecap=0  xcheck(invOff-vs-restW) worst=159.3deg bone[3]
  TIER2 joint-attach(PRIMARY): worst=182.90u bone[21]='bone_R-ringfinger-base.mesh' parent[1] R=43.7 exactJoint=148.50u pairs=36  (palette-wide exactWorst=149.71u)
[HANDS_ATTACH] mesh='hands_naked.mesh' owner='hands_naked.mesh' frame=2554 nb=38 wext=97.1 rebound=0
  TIER1 rest-coherence: worst=173.3deg bone[5]='bone_R-foreArm.mesh' count(>5deg)=8 freshRecap=0  xcheck(invOff-vs-restW) worst=173.3deg bone[5]
  TIER2 joint-attach(PRIMARY): worst=117.58u bone[30]='bone_L-index01.mesh' parent[29] R=48.0 exactJoint=46.63u pairs=30  (palette-wide exactWorst=66.60u)
[HANDS_ATTACH] mesh='hands_naked.mesh' owner='hands_naked.mesh' frame=2564 nb=38 wext=151.6 rebound=0
  TIER1 rest-coherence: worst=150.9deg bone[20]='bone_L-foreTwist2.mesh' count(>5deg)=8 freshRecap=0  xcheck(invOff-vs-restW) worst=150.9deg bone[28]
  TIER2 joint-attach(PRIMARY): worst=179.40u bone[23]='bone_L-middlefinger01.mesh' parent[29] R=48.1 exactJoint=128.45u pairs=30  (palette-wide exactWorst=128.45u)
[HANDS_ATTACH] mesh='hands_naked.mesh' owner='hands_naked.mesh' frame=2564 nb=40 wext=167.1 rebound=0
  TIER1 rest-coherence: worst=159.3deg bone[3]='bone_R-foreTwist1.mesh' count(>5deg)=6 freshRecap=0  xcheck(invOff-vs-restW) worst=159.3deg bone[3]
  TIER2 joint-attach(PRIMARY): worst=176.01u bone[21]='bone_R-ringfinger-base.mesh' parent[1] R=43.7 exactJoint=145.90u pairs=36  (palette-wide exactWorst=147.07u)
[HANDS_ATTACH] mesh='hands_naked.mesh' owner='hands_naked.mesh' frame=2564 nb=38 wext=96.8 rebound=0
  TIER1 rest-coherence: worst=178.4deg bone[0]='bone_R-foreTwist1.mesh' count(>5deg)=8 freshRecap=0  xcheck(invOff-vs-restW) worst=178.4deg bone[0]
  TIER2 joint-attach(PRIMARY): worst=120.16u bone[30]='bone_L-index01.mesh' parent[29] R=48.0 exactJoint=45.06u pairs=30  (palette-wide exactWorst=67.56u)
[HANDS_ATTACH] mesh='hands_naked.mesh' owner='hands_naked.mesh' frame=2574 nb=38 wext=151.5 rebound=0
  TIER1 rest-coherence: worst=152.3deg bone[20]='bone_L-foreTwist2.mesh' count(>5deg)=8 freshRecap=0  xcheck(invOff-vs-restW) worst=152.3deg bone[20]
  TIER2 joint-attach(PRIMARY): worst=189.78u bone[23]='bone_L-middlefinger01.mesh' parent[29] R=48.1 exactJoint=129.59u pairs=30  (palette-wide exactWorst=129.59u)
[HANDS_ATTACH] mesh='hands_naked.mesh' owner='hands_naked.mesh' frame=2574 nb=40 wext=160.4 rebound=0
  TIER1 rest-coherence: worst=159.3deg bone[3]='bone_R-foreTwist1.mesh' count(>5deg)=6 freshRecap=0  xcheck(invOff-vs-restW) worst=159.3deg bone[3]
  TIER2 joint-attach(PRIMARY): worst=163.68u bone[37]='bone_L-ringfinger-base.mesh' parent[20] R=43.7 exactJoint=107.48u pairs=36  (palette-wide exactWorst=141.90u)
[HANDS_ATTACH] mesh='hands_naked.mesh' owner='hands_naked.mesh' frame=2574 nb=38 wext=100.8 rebound=0
  TIER1 rest-coherence: worst=176.8deg bone[13]='bone_R-hand.mesh' count(>5deg)=8 freshRecap=0  xcheck(invOff-vs-restW) worst=176.8deg bone[13]
  TIER2 joint-attach(PRIMARY): worst=122.47u bone[30]='bone_L-index01.mesh' parent[29] R=48.0 exactJoint=45.53u pairs=30  (palette-wide exactWorst=67.81u)
[HANDS_ATTACH] mesh='hands_naked.mesh' owner='hands_naked.mesh' frame=2584 nb=38 wext=151.5 rebound=0
  TIER1 rest-coherence: worst=151.0deg bone[22]='bone_L-foreArm.mesh' count(>5deg)=8 freshRecap=0  xcheck(invOff-vs-restW) worst=151.0deg bone[22]
  TIER2 joint-attach(PRIMARY): worst=179.54u bone[23]='bone_L-middlefinger01.mesh' parent[29] R=48.1 exactJoint=128.35u pairs=30  (palette-wide exactWorst=128.35u)
[HANDS_ATTACH] mesh='hands_naked.mesh' owner='hands_naked.mesh' frame=2584 nb=40 wext=153.8 rebound=0
  TIER1 rest-coherence: worst=159.3deg bone[3]='bone_R-foreTwist1.mesh' count(>5deg)=6 freshRecap=0  xcheck(invOff-vs-restW) worst=159.3deg bone[3]
  TIER2 joint-attach(PRIMARY): worst=166.78u bone[21]='bone_R-ringfinger-base.mesh' parent[1] R=43.7 exactJoint=136.59u pairs=36  (palette-wide exactWorst=137.70u)
[HANDS_ATTACH] mesh='hands_naked.mesh' owner='hands_naked.mesh' frame=2584 nb=38 wext=98.3 rebound=0
  TIER1 rest-coherence: worst=178.5deg bone[0]='bone_R-foreTwist1.mesh' count(>5deg)=8 freshRecap=0  xcheck(invOff-vs-restW) worst=178.5deg bone[0]
  TIER2 joint-attach(PRIMARY): worst=115.57u bone[30]='bone_L-index01.mesh' parent[29] R=48.0 exactJoint=43.77u pairs=30  (palette-wide exactWorst=67.26u)
[HANDS_ATTACH] mesh='hands_naked.mesh' owner='hands_naked.mesh' frame=2594 nb=38 wext=153.3 rebound=0
  TIER1 rest-coherence: worst=158.1deg bone[22]='bone_L-foreArm.mesh' count(>5deg)=8 freshRecap=0  xcheck(invOff-vs-restW) worst=158.1deg bone[22]
  TIER2 joint-attach(PRIMARY): worst=179.53u bone[23]='bone_L-middlefinger01.mesh' parent[29] R=48.1 exactJoint=128.31u pairs=30  (palette-wide exactWorst=128.31u)
[HANDS_ATTACH] mesh='hands_naked.mesh' owner='hands_naked.mesh' frame=2594 nb=40 wext=150.3 rebound=0
  TIER1 rest-coherence: worst=134.5deg bone[3]='bone_R-foreTwist1.mesh' count(>5deg)=6 freshRecap=0  xcheck(invOff-vs-restW) worst=134.5deg bone[3]
  TIER2 joint-attach(PRIMARY): worst=161.54u bone[21]='bone_R-ringfinger-base.mesh' parent[1] R=43.7 exactJoint=130.51u pairs=36  (palette-wide exactWorst=131.59u)
[HANDS_ATTACH] mesh='hands_naked.mesh' owner='hands_naked.mesh' frame=2594 nb=38 wext=99.0 rebound=0
  TIER1 rest-coherence: worst=174.4deg bone[13]='bone_R-hand.mesh' count(>5deg)=8 freshRecap=0  xcheck(invOff-vs-restW) worst=174.4deg bone[13]
  TIER2 joint-attach(PRIMARY): worst=125.78u bone[8]='bone_R-index01.mesh' parent[13] R=48.0 exactJoint=66.89u pairs=30  (palette-wide exactWorst=68.23u)
[HANDS_ATTACH] mesh='hands_naked.mesh' owner='hands_naked.mesh' frame=2604 nb=38 wext=152.0 rebound=0
  TIER1 rest-coherence: worst=158.1deg bone[22]='bone_L-foreArm.mesh' count(>5deg)=8 freshRecap=0  xcheck(invOff-vs-restW) worst=158.1deg bone[22]
  TIER2 joint-attach(PRIMARY): worst=177.59u bone[1]='bone_R-middlefinger01.mesh' parent[13] R=48.1 exactJoint=52.85u pairs=30  (palette-wide exactWorst=128.80u)
[HANDS_ATTACH] mesh='hands_naked.mesh' owner='hands_naked.mesh' frame=2604 nb=40 wext=150.8 rebound=0
  TIER1 rest-coherence: worst=152.0deg bone[3]='bone_R-foreTwist1.mesh' count(>5deg)=6 freshRecap=0  xcheck(invOff-vs-restW) worst=152.0deg bone[3]
  TIER2 joint-attach(PRIMARY): worst=158.59u bone[37]='bone_L-ringfinger-base.mesh' parent[20] R=43.7 exactJoint=96.40u pairs=36  (palette-wide exactWorst=134.29u)
[HANDS_ATTACH] mesh='hands_naked.mesh' owner='hands_naked.mesh' frame=2604 nb=38 wext=95.9 rebound=0
  TIER1 rest-coherence: worst=173.7deg bone[0]='bone_R-foreTwist1.mesh' count(>5deg)=8 freshRecap=0  xcheck(invOff-vs-restW) worst=173.7deg bone[0]
  TIER2 joint-attach(PRIMARY): worst=121.07u bone[8]='bone_R-index01.mesh' parent[13] R=48.0 exactJoint=66.75u pairs=30  (palette-wide exactWorst=68.07u)
[HANDS_ATTACH] mesh='hands_naked.mesh' owner='hands_naked.mesh' frame=2614 nb=38 wext=151.2 rebound=0
  TIER1 rest-coherence: worst=158.1deg bone[22]='bone_L-foreArm.mesh' count(>5deg)=8 freshRecap=0  xcheck(invOff-vs-restW) worst=158.1deg bone[22]
  TIER2 joint-attach(PRIMARY): worst=181.85u bone[23]='bone_L-middlefinger01.mesh' parent[29] R=48.1 exactJoint=127.78u pairs=30  (palette-wide exactWorst=127.78u)
[HANDS_ATTACH] mesh='hands_naked.mesh' owner='hands_naked.mesh' frame=2614 nb=40 wext=152.0 rebound=0
  TIER1 rest-coherence: worst=161.2deg bone[20]='bone_L-hand.mesh' count(>5deg)=6 freshRecap=0  xcheck(invOff-vs-restW) worst=161.2deg bone[20]
  TIER2 joint-attach(PRIMARY): worst=159.97u bone[37]='bone_L-ringfinger-base.mesh' parent[20] R=43.7 exactJoint=96.66u pairs=36  (palette-wide exactWorst=134.85u)
[HANDS_ATTACH] mesh='hands_naked.mesh' owner='hands_naked.mesh' frame=2614 nb=38 wext=99.9 rebound=0
  TIER1 rest-coherence: worst=174.5deg bone[5]='bone_R-foreArm.mesh' count(>5deg)=8 freshRecap=0  xcheck(invOff-vs-restW) worst=174.5deg bone[5]
  TIER2 joint-attach(PRIMARY): worst=121.94u bone[30]='bone_L-index01.mesh' parent[29] R=48.0 exactJoint=49.43u pairs=30  (palette-wide exactWorst=67.71u)
[HANDS_ATTACH] mesh='hands_naked.mesh' owner='hands_naked.mesh' frame=2624 nb=38 wext=151.7 rebound=0
  TIER1 rest-coherence: worst=158.1deg bone[22]='bone_L-foreArm.mesh' count(>5deg)=8 freshRecap=0  xcheck(invOff-vs-restW) worst=158.1deg bone[22]
  TIER2 joint-attach(PRIMARY): worst=180.93u bone[23]='bone_L-middlefinger01.mesh' parent[29] R=48.1 exactJoint=128.28u pairs=30  (palette-wide exactWorst=128.28u)
[HANDS_ATTACH] mesh='hands_naked.mesh' owner='hands_naked.mesh' frame=2624 nb=40 wext=150.8 rebound=0
  TIER1 rest-coherence: worst=172.6deg bone[20]='bone_L-hand.mesh' count(>5deg)=6 freshRecap=0  xcheck(invOff-vs-restW) worst=172.6deg bone[20]
  TIER2 joint-attach(PRIMARY): worst=153.74u bone[21]='bone_R-ringfinger-base.mesh' parent[1] R=43.7 exactJoint=130.01u pairs=36  (palette-wide exactWorst=131.06u)
[HANDS_ATTACH] mesh='hands_naked.mesh' owner='hands_naked.mesh' frame=2624 nb=38 wext=107.6 rebound=0
  TIER1 rest-coherence: worst=168.6deg bone[13]='bone_R-hand.mesh' count(>5deg)=8 freshRecap=0  xcheck(invOff-vs-restW) worst=168.6deg bone[13]
  TIER2 joint-attach(PRIMARY): worst=126.90u bone[30]='bone_L-index01.mesh' parent[29] R=48.0 exactJoint=52.25u pairs=30  (palette-wide exactWorst=67.49u)
[HANDS_ATTACH] mesh='hands_naked.mesh' owner='hands_naked.mesh' frame=2634 nb=38 wext=151.6 rebound=0
  TIER1 rest-coherence: worst=153.7deg bone[22]='bone_L-foreArm.mesh' count(>5deg)=8 freshRecap=0  xcheck(invOff-vs-restW) worst=153.7deg bone[22]
  TIER2 joint-attach(PRIMARY): worst=187.32u bone[23]='bone_L-middlefinger01.mesh' parent[29] R=48.1 exactJoint=128.82u pairs=30  (palette-wide exactWorst=128.82u)
[HANDS_ATTACH] mesh='hands_naked.mesh' owner='hands_naked.mesh' frame=2634 nb=40 wext=150.8 rebound=0
  TIER1 rest-coherence: worst=172.6deg bone[20]='bone_L-hand.mesh' count(>5deg)=6 freshRecap=0  xcheck(invOff-vs-restW) worst=172.6deg bone[20]
  TIER2 joint-attach(PRIMARY): worst=152.21u bone[37]='bone_L-ringfinger-base.mesh' parent[20] R=43.7 exactJoint=93.25u pairs=36  (palette-wide exactWorst=133.15u)
[HANDS_ATTACH] mesh='hands_naked.mesh' owner='hands_naked.mesh' frame=2634 nb=38 wext=101.7 rebound=0
  TIER1 rest-coherence: worst=168.6deg bone[13]='bone_R-hand.mesh' count(>5deg)=8 freshRecap=0  xcheck(invOff-vs-restW) worst=168.6deg bone[13]
  TIER2 joint-attach(PRIMARY): worst=130.02u bone[8]='bone_R-index01.mesh' parent[13] R=48.0 exactJoint=65.33u pairs=30  (palette-wide exactWorst=66.74u)
[HANDS_ATTACH] mesh='hands_naked.mesh' owner='hands_naked.mesh' frame=2644 nb=38 wext=151.5 rebound=0
  TIER1 rest-coherence: worst=147.8deg bone[20]='bone_L-foreTwist2.mesh' count(>5deg)=8 freshRecap=0  xcheck(invOff-vs-restW) worst=147.8deg bone[28]
  TIER2 joint-attach(PRIMARY): worst=187.34u bone[23]='bone_L-middlefinger01.mesh' parent[29] R=48.1 exactJoint=129.17u pairs=30  (palette-wide exactWorst=129.17u)
[HANDS_ATTACH] mesh='hands_naked.mesh' owner='hands_naked.mesh' frame=2644 nb=40 wext=155.0 rebound=0
  TIER1 rest-coherence: worst=177.8deg bone[1]='bone_R-hand.mesh' count(>5deg)=6 freshRecap=0  xcheck(invOff-vs-restW) worst=177.8deg bone[1]
  TIER2 joint-attach(PRIMARY): worst=148.19u bone[37]='bone_L-ringfinger-base.mesh' parent[20] R=43.7 exactJoint=92.41u pairs=36  (palette-wide exactWorst=134.08u)
[HANDS_ATTACH] mesh='hands_naked.mesh' owner='hands_naked.mesh' frame=2644 nb=38 wext=96.9 rebound=0
  TIER1 rest-coherence: worst=176.0deg bone[5]='bone_R-foreArm.mesh' count(>5deg)=8 freshRecap=0  xcheck(invOff-vs-restW) worst=176.0deg bone[5]
  TIER2 joint-attach(PRIMARY): worst=134.44u bone[8]='bone_R-index01.mesh' parent[13] R=48.0 exactJoint=62.31u pairs=30  (palette-wide exactWorst=63.78u)
[HANDS_ATTACH] mesh='hands_naked.mesh' owner='hands_naked.mesh' frame=2654 nb=38 wext=150.9 rebound=0
  TIER1 rest-coherence: worst=147.8deg bone[20]='bone_L-foreTwist2.mesh' count(>5deg)=8 freshRecap=0  xcheck(invOff-vs-restW) worst=147.8deg bone[28]
  TIER2 joint-attach(PRIMARY): worst=181.67u bone[23]='bone_L-middlefinger01.mesh' parent[29] R=48.1 exactJoint=128.63u pairs=30  (palette-wide exactWorst=128.63u)
[HANDS_ATTACH] mesh='hands_naked.mesh' owner='hands_naked.mesh' frame=2654 nb=40 wext=151.7 rebound=0
  TIER1 rest-coherence: worst=174.2deg bone[2]='bone_R-foreTwist2.mesh' count(>5deg)=6 freshRecap=0  xcheck(invOff-vs-restW) worst=174.2deg bone[2]
  TIER2 joint-attach(PRIMARY): worst=148.67u bone[21]='bone_R-ringfinger-base.mesh' parent[1] R=43.7 exactJoint=136.44u pairs=36  (palette-wide exactWorst=137.35u)
[HANDS_ATTACH] mesh='hands_naked.mesh' owner='hands_naked.mesh' frame=2654 nb=38 wext=99.3 rebound=0
  TIER1 rest-coherence: worst=175.6deg bone[5]='bone_R-foreArm.mesh' count(>5deg)=8 freshRecap=0  xcheck(invOff-vs-restW) worst=175.6deg bone[5]
  TIER2 joint-attach(PRIMARY): worst=130.99u bone[30]='bone_L-index01.mesh' parent[29] R=48.0 exactJoint=55.47u pairs=30  (palette-wide exactWorst=67.01u)
[HANDS_ATTACH] mesh='hands_naked.mesh' owner='hands_naked.mesh' frame=2664 nb=38 wext=151.8 rebound=0
  TIER1 rest-coherence: worst=147.2deg bone[28]='bone_L-foreTwist1.mesh' count(>5deg)=8 freshRecap=0  xcheck(invOff-vs-restW) worst=147.2deg bone[20]
  TIER2 joint-attach(PRIMARY): worst=179.52u bone[23]='bone_L-middlefinger01.mesh' parent[29] R=48.1 exactJoint=128.32u pairs=30  (palette-wide exactWorst=128.32u)
[HANDS_ATTACH] mesh='hands_naked.mesh' owner='hands_naked.mesh' frame=2664 nb=40 wext=148.0 rebound=0
  TIER1 rest-coherence: worst=172.6deg bone[20]='bone_L-hand.mesh' count(>5deg)=6 freshRecap=0  xcheck(invOff-vs-restW) worst=172.6deg bone[20]
  TIER2 joint-attach(PRIMARY): worst=150.12u bone[21]='bone_R-ringfinger-base.mesh' parent[1] R=43.7 exactJoint=134.28u pairs=36  (palette-wide exactWorst=135.20u)
[HANDS_ATTACH] mesh='hands_naked.mesh' owner='hands_naked.mesh' frame=2664 nb=38 wext=100.4 rebound=0
  TIER1 rest-coherence: worst=176.8deg bone[0]='bone_R-foreTwist1.mesh' count(>5deg)=8 freshRecap=0  xcheck(invOff-vs-restW) worst=176.8deg bone[0]
  TIER2 joint-attach(PRIMARY): worst=128.46u bone[30]='bone_L-index01.mesh' parent[29] R=48.0 exactJoint=54.41u pairs=30  (palette-wide exactWorst=64.93u)
[HANDS_ATTACH] mesh='hands_naked.mesh' owner='hands_naked.mesh' frame=2674 nb=38 wext=152.0 rebound=0
  TIER1 rest-coherence: worst=159.3deg bone[22]='bone_L-foreArm.mesh' count(>5deg)=8 freshRecap=0  xcheck(invOff-vs-restW) worst=159.3deg bone[22]
  TIER2 joint-attach(PRIMARY): worst=179.53u bone[1]='bone_R-middlefinger01.mesh' parent[13] R=48.1 exactJoint=54.01u pairs=30  (palette-wide exactWorst=128.36u)
[HANDS_ATTACH] mesh='hands_naked.mesh' owner='hands_naked.mesh' frame=2674 nb=40 wext=154.4 rebound=0
  TIER1 rest-coherence: worst=172.6deg bone[20]='bone_L-hand.mesh' count(>5deg)=6 freshRecap=0  xcheck(invOff-vs-restW) worst=172.6deg bone[20]
  TIER2 joint-attach(PRIMARY): worst=145.05u bone[37]='bone_L-ringfinger-base.mesh' parent[20] R=43.7 exactJoint=94.72u pairs=36  (palette-wide exactWorst=136.04u)
[HANDS_ATTACH] mesh='hands_naked.mesh' owner='hands_naked.mesh' frame=2674 nb=38 wext=103.2 rebound=0
  TIER1 rest-coherence: worst=175.1deg bone[5]='bone_R-foreArm.mesh' count(>5deg)=8 freshRecap=0  xcheck(invOff-vs-restW) worst=175.1deg bone[5]
  TIER2 joint-attach(PRIMARY): worst=133.17u bone[8]='bone_R-index01.mesh' parent[13] R=48.0 exactJoint=66.11u pairs=30  (palette-wide exactWorst=67.53u)
[HANDS_ATTACH] mesh='hands_naked.mesh' owner='hands_naked.mesh' frame=2684 nb=38 wext=151.3 rebound=0
  TIER1 rest-coherence: worst=159.3deg bone[22]='bone_L-foreArm.mesh' count(>5deg)=8 freshRecap=0  xcheck(invOff-vs-restW) worst=159.3deg bone[22]
  TIER2 joint-attach(PRIMARY): worst=183.23u bone[23]='bone_L-middlefinger01.mesh' parent[29] R=48.1 exactJoint=128.92u pairs=30  (palette-wide exactWorst=128.92u)
[HANDS_ATTACH] mesh='hands_naked.mesh' owner='hands_naked.mesh' frame=2684 nb=40 wext=152.3 rebound=0
  TIER1 rest-coherence: worst=175.8deg bone[1]='bone_R-hand.mesh' count(>5deg)=6 freshRecap=0  xcheck(invOff-vs-restW) worst=175.8deg bone[1]
  TIER2 joint-attach(PRIMARY): worst=139.63u bone[37]='bone_L-ringfinger-base.mesh' parent[20] R=43.7 exactJoint=95.31u pairs=36  (palette-wide exactWorst=134.56u)
[HANDS_ATTACH] mesh='hands_naked.mesh' owner='hands_naked.mesh' frame=2684 nb=38 wext=103.8 rebound=0
  TIER1 rest-coherence: worst=175.1deg bone[5]='bone_R-foreArm.mesh' count(>5deg)=8 freshRecap=0  xcheck(invOff-vs-restW) worst=175.1deg bone[5]
  TIER2 joint-attach(PRIMARY): worst=127.48u bone[30]='bone_L-index01.mesh' parent[29] R=48.0 exactJoint=53.57u pairs=30  (palette-wide exactWorst=64.33u)
[HANDS_ATTACH] mesh='hands_naked.mesh' owner='hands_naked.mesh' frame=2694 nb=38 wext=151.1 rebound=0
  TIER1 rest-coherence: worst=151.8deg bone[22]='bone_L-foreArm.mesh' count(>5deg)=8 freshRecap=0  xcheck(invOff-vs-restW) worst=151.8deg bone[22]
  TIER2 joint-attach(PRIMARY): worst=186.02u bone[23]='bone_L-middlefinger01.mesh' parent[29] R=48.1 exactJoint=128.88u pairs=30  (palette-wide exactWorst=128.88u)
[HANDS_ATTACH] mesh='hands_naked.mesh' owner='hands_naked.mesh' frame=2694 nb=40 wext=148.2 rebound=0
  TIER1 rest-coherence: worst=164.3deg bone[20]='bone_L-hand.mesh' count(>5deg)=6 freshRecap=0  xcheck(invOff-vs-restW) worst=164.3deg bone[20]
  TIER2 joint-attach(PRIMARY): worst=147.15u bone[37]='bone_L-ringfinger-base.mesh' parent[20] R=43.7 exactJoint=91.40u pairs=36  (palette-wide exactWorst=135.91u)
[HANDS_ATTACH] mesh='hands_naked.mesh' owner='hands_naked.mesh' frame=2694 nb=38 wext=103.9 rebound=0
  TIER1 rest-coherence: worst=174.9deg bone[5]='bone_R-foreArm.mesh' count(>5deg)=8 freshRecap=0  xcheck(invOff-vs-restW) worst=174.9deg bone[5]
  TIER2 joint-attach(PRIMARY): worst=127.05u bone[30]='bone_L-index01.mesh' parent[29] R=48.0 exactJoint=53.94u pairs=30  (palette-wide exactWorst=64.71u)
[HANDS_ATTACH] mesh='hands_naked.mesh' owner='hands_naked.mesh' frame=2704 nb=38 wext=151.5 rebound=0
  TIER1 rest-coherence: worst=156.6deg bone[20]='bone_L-foreTwist2.mesh' count(>5deg)=8 freshRecap=0  xcheck(invOff-vs-restW) worst=156.6deg bone[20]
  TIER2 joint-attach(PRIMARY): worst=181.13u bone[1]='bone_R-middlefinger01.mesh' parent[13] R=48.1 exactJoint=54.08u pairs=30  (palette-wide exactWorst=128.31u)
[HANDS_ATTACH] mesh='hands_naked.mesh' owner='hands_naked.mesh' frame=2704 nb=40 wext=150.2 rebound=0
  TIER1 rest-coherence: worst=160.5deg bone[20]='bone_L-hand.mesh' count(>5deg)=6 freshRecap=0  xcheck(invOff-vs-restW) worst=160.5deg bone[20]
  TIER2 joint-attach(PRIMARY): worst=141.43u bone[21]='bone_R-ringfinger-base.mesh' parent[1] R=43.7 exactJoint=134.98u pairs=36  (palette-wide exactWorst=135.84u)
[HANDS_ATTACH] mesh='hands_naked.mesh' owner='hands_naked.mesh' frame=2704 nb=38 wext=104.8 rebound=0
  TIER1 rest-coherence: worst=177.8deg bone[13]='bone_R-hand.mesh' count(>5deg)=8 freshRecap=0  xcheck(invOff-vs-restW) worst=177.8deg bone[13]
  TIER2 joint-attach(PRIMARY): worst=126.87u bone[30]='bone_L-index01.mesh' parent[29] R=48.0 exactJoint=54.22u pairs=30  (palette-wide exactWorst=63.03u)
[HANDS_ATTACH] mesh='hands_naked.mesh' owner='hands_naked.mesh' frame=2714 nb=38 wext=153.0 rebound=0
  TIER1 rest-coherence: worst=157.1deg bone[28]='bone_L-foreTwist1.mesh' count(>5deg)=8 freshRecap=0  xcheck(invOff-vs-restW) worst=157.1deg bone[20]
  TIER2 joint-attach(PRIMARY): worst=188.69u bone[23]='bone_L-middlefinger01.mesh' parent[29] R=48.1 exactJoint=131.61u pairs=30  (palette-wide exactWorst=131.61u)
[HANDS_ATTACH] mesh='hands_naked.mesh' owner='hands_naked.mesh' frame=2714 nb=40 wext=155.5 rebound=0
  TIER1 rest-coherence: worst=160.5deg bone[20]='bone_L-hand.mesh' count(>5deg)=6 freshRecap=0  xcheck(invOff-vs-restW) worst=160.5deg bone[20]
  TIER2 joint-attach(PRIMARY): worst=146.73u bone[37]='bone_L-ringfinger-base.mesh' parent[20] R=43.7 exactJoint=91.32u pairs=36  (palette-wide exactWorst=138.78u)
[HANDS_ATTACH] mesh='hands_naked.mesh' owner='hands_naked.mesh' frame=2714 nb=38 wext=106.7 rebound=0
  TIER1 rest-coherence: worst=177.8deg bone[13]='bone_R-hand.mesh' count(>5deg)=8 freshRecap=0  xcheck(invOff-vs-restW) worst=177.8deg bone[13]
  TIER2 joint-attach(PRIMARY): worst=128.68u bone[8]='bone_R-index01.mesh' parent[13] R=48.0 exactJoint=65.11u pairs=30  (palette-wide exactWorst=66.50u)
[HANDS_ATTACH] mesh='hands_naked.mesh' owner='hands_naked.mesh' frame=2724 nb=38 wext=151.4 rebound=0
  TIER1 rest-coherence: worst=138.3deg bone[20]='bone_L-foreTwist2.mesh' count(>5deg)=8 freshRecap=0  xcheck(invOff-vs-restW) worst=138.3deg bone[28]
  TIER2 joint-attach(PRIMARY): worst=179.83u bone[1]='bone_R-middlefinger01.mesh' parent[13] R=48.1 exactJoint=54.55u pairs=30  (palette-wide exactWorst=128.18u)
[HANDS_ATTACH] mesh='hands_naked.mesh' owner='hands_naked.mesh' frame=2724 nb=40 wext=152.2 rebound=0
  TIER1 rest-coherence: worst=172.1deg bone[20]='bone_L-hand.mesh' count(>5deg)=6 freshRecap=0  xcheck(invOff-vs-restW) worst=172.1deg bone[20]
  TIER2 joint-attach(PRIMARY): worst=161.69u bone[21]='bone_R-ringfinger-base.mesh' parent[1] R=43.7 exactJoint=132.41u pairs=36  (palette-wide exactWorst=133.52u)
[HANDS_ATTACH] mesh='hands_naked.mesh' owner='hands_naked.mesh' frame=2724 nb=38 wext=105.4 rebound=0
  TIER1 rest-coherence: worst=170.3deg bone[5]='bone_R-foreArm.mesh' count(>5deg)=8 freshRecap=0  xcheck(invOff-vs-restW) worst=170.3deg bone[5]
  TIER2 joint-attach(PRIMARY): worst=120.70u bone[30]='bone_L-index01.mesh' parent[29] R=48.0 exactJoint=54.03u pairs=30  (palette-wide exactWorst=62.14u)
[HANDS_ATTACH] mesh='hands_naked.mesh' owner='hands_naked.mesh' frame=2734 nb=38 wext=154.3 rebound=0
  TIER1 rest-coherence: worst=135.7deg bone[20]='bone_L-foreTwist2.mesh' count(>5deg)=8 freshRecap=0  xcheck(invOff-vs-restW) worst=135.7deg bone[28]
  TIER2 joint-attach(PRIMARY): worst=186.35u bone[1]='bone_R-middlefinger01.mesh' parent[13] R=48.1 exactJoint=62.53u pairs=30  (palette-wide exactWorst=128.66u)
[HANDS_ATTACH] mesh='hands_naked.mesh' owner='hands_naked.mesh' frame=2734 nb=40 wext=152.8 rebound=0
  TIER1 rest-coherence: worst=174.5deg bone[20]='bone_L-hand.mesh' count(>5deg)=6 freshRecap=0  xcheck(invOff-vs-restW) worst=174.5deg bone[20]
  TIER2 joint-attach(PRIMARY): worst=148.24u bone[21]='bone_R-ringfinger-base.mesh' parent[1] R=43.7 exactJoint=137.18u pairs=36  (palette-wide exactWorst=138.07u)
[HANDS_ATTACH] mesh='hands_naked.mesh' owner='hands_naked.mesh' frame=2734 nb=38 wext=104.3 rebound=0
  TIER1 rest-coherence: worst=170.3deg bone[5]='bone_R-foreArm.mesh' count(>5deg)=8 freshRecap=0  xcheck(invOff-vs-restW) worst=170.3deg bone[5]
  TIER2 joint-attach(PRIMARY): worst=118.34u bone[8]='bone_R-index01.mesh' parent[13] R=48.0 exactJoint=61.72u pairs=30  (palette-wide exactWorst=63.09u)
[HANDS_ATTACH] mesh='hands_naked.mesh' owner='hands_naked.mesh' frame=2744 nb=38 wext=153.7 rebound=0
  TIER1 rest-coherence: worst=134.9deg bone[20]='bone_L-foreTwist2.mesh' count(>5deg)=8 freshRecap=0  xcheck(invOff-vs-restW) worst=134.9deg bone[28]
  TIER2 joint-attach(PRIMARY): worst=178.74u bone[23]='bone_L-middlefinger01.mesh' parent[29] R=48.1 exactJoint=130.55u pairs=30  (palette-wide exactWorst=130.55u)
[HANDS_ATTACH] mesh='hands_naked.mesh' owner='hands_naked.mesh' frame=2744 nb=40 wext=153.3 rebound=0
  TIER1 rest-coherence: worst=165.2deg bone[20]='bone_L-hand.mesh' count(>5deg)=6 freshRecap=0  xcheck(invOff-vs-restW) worst=165.2deg bone[20]
  TIER2 joint-attach(PRIMARY): worst=132.62u bone[21]='bone_R-ringfinger-base.mesh' parent[1] R=43.7 exactJoint=137.00u pairs=36  (palette-wide exactWorst=137.72u)
[HANDS_ATTACH] mesh='hands_naked.mesh' owner='hands_naked.mesh' frame=2744 nb=38 wext=101.1 rebound=0
  TIER1 rest-coherence: worst=129.8deg bone[13]='bone_R-hand.mesh' count(>5deg)=8 freshRecap=0  xcheck(invOff-vs-restW) worst=129.8deg bone[13]
  TIER2 joint-attach(PRIMARY): worst=124.18u bone[8]='bone_R-index01.mesh' parent[13] R=48.0 exactJoint=62.80u pairs=30  (palette-wide exactWorst=64.19u)
[HANDS_ATTACH] mesh='hands_naked.mesh' owner='hands_naked.mesh' frame=2754 nb=38 wext=152.1 rebound=0
  TIER1 rest-coherence: worst=134.9deg bone[20]='bone_L-foreTwist2.mesh' count(>5deg)=8 freshRecap=0  xcheck(invOff-vs-restW) worst=134.9deg bone[28]
  TIER2 joint-attach(PRIMARY): worst=179.01u bone[23]='bone_L-middlefinger01.mesh' parent[29] R=48.1 exactJoint=128.82u pairs=30  (palette-wide exactWorst=128.82u)
[HANDS_ATTACH] mesh='hands_naked.mesh' owner='hands_naked.mesh' frame=2754 nb=40 wext=149.1 rebound=0
  TIER1 rest-coherence: worst=156.8deg bone[2]='bone_R-foreTwist2.mesh' count(>5deg)=6 freshRecap=0  xcheck(invOff-vs-restW) worst=156.8deg bone[3]
  TIER2 joint-attach(PRIMARY): worst=133.04u bone[21]='bone_R-ringfinger-base.mesh' parent[1] R=43.7 exactJoint=133.99u pairs=36  (palette-wide exactWorst=134.75u)
[HANDS_ATTACH] mesh='hands_naked.mesh' owner='hands_naked.mesh' frame=2754 nb=38 wext=102.2 rebound=0
  TIER1 rest-coherence: worst=154.6deg bone[5]='bone_R-foreArm.mesh' count(>5deg)=8 freshRecap=0  xcheck(invOff-vs-restW) worst=154.6deg bone[5]
  TIER2 joint-attach(PRIMARY): worst=125.04u bone[8]='bone_R-index01.mesh' parent[13] R=48.0 exactJoint=62.86u pairs=30  (palette-wide exactWorst=64.26u)
[HANDS_ATTACH] mesh='hands_naked.mesh' owner='hands_naked.mesh' frame=2764 nb=38 wext=155.2 rebound=0
  TIER1 rest-coherence: worst=134.3deg bone[20]='bone_L-foreTwist2.mesh' count(>5deg)=8 freshRecap=0  xcheck(invOff-vs-restW) worst=134.3deg bone[28]
  TIER2 joint-attach(PRIMARY): worst=178.14u bone[1]='bone_R-middlefinger01.mesh' parent[13] R=48.1 exactJoint=53.53u pairs=30  (palette-wide exactWorst=128.50u)
[HANDS_ATTACH] mesh='hands_naked.mesh' owner='hands_naked.mesh' frame=2764 nb=40 wext=156.7 rebound=0
  TIER1 rest-coherence: worst=156.8deg bone[2]='bone_R-foreTwist2.mesh' count(>5deg)=6 freshRecap=0  xcheck(invOff-vs-restW) worst=156.8deg bone[3]
  TIER2 joint-attach(PRIMARY): worst=135.85u bone[21]='bone_R-ringfinger-base.mesh' parent[1] R=43.7 exactJoint=138.50u pairs=36  (palette-wide exactWorst=139.19u)
[HANDS_ATTACH] mesh='hands_naked.mesh' owner='hands_naked.mesh' frame=2764 nb=38 wext=101.9 rebound=0
  TIER1 rest-coherence: worst=156.3deg bone[5]='bone_R-foreArm.mesh' count(>5deg)=8 freshRecap=0  xcheck(invOff-vs-restW) worst=156.3deg bone[5]
  TIER2 joint-attach(PRIMARY): worst=129.20u bone[8]='bone_R-index01.mesh' parent[13] R=48.0 exactJoint=63.01u pairs=30  (palette-wide exactWorst=64.47u)
[HANDS_ATTACH] mesh='hands_naked.mesh' owner='hands_naked.mesh' frame=2774 nb=38 wext=152.6 rebound=0
  TIER1 rest-coherence: worst=132.7deg bone[20]='bone_L-foreTwist2.mesh' count(>5deg)=8 freshRecap=0  xcheck(invOff-vs-restW) worst=132.7deg bone[28]
  TIER2 joint-attach(PRIMARY): worst=177.41u bone[1]='bone_R-middlefinger01.mesh' parent[13] R=48.1 exactJoint=54.90u pairs=30  (palette-wide exactWorst=129.26u)
[HANDS_ATTACH] mesh='hands_naked.mesh' owner='hands_naked.mesh' frame=2774 nb=40 wext=151.3 rebound=0
  TIER1 rest-coherence: worst=156.8deg bone[2]='bone_R-foreTwist2.mesh' count(>5deg)=6 freshRecap=0  xcheck(invOff-vs-restW) worst=156.8deg bone[3]
  TIER2 joint-attach(PRIMARY): worst=125.27u bone[21]='bone_R-ringfinger-base.mesh' parent[1] R=43.7 exactJoint=134.14u pairs=36  (palette-wide exactWorst=134.79u)
[HANDS_ATTACH] mesh='hands_naked.mesh' owner='hands_naked.mesh' frame=2774 nb=38 wext=100.4 rebound=0
  TIER1 rest-coherence: worst=157.5deg bone[5]='bone_R-foreArm.mesh' count(>5deg)=8 freshRecap=0  xcheck(invOff-vs-restW) worst=157.5deg bone[5]
  TIER2 joint-attach(PRIMARY): worst=125.89u bone[8]='bone_R-index01.mesh' parent[13] R=48.0 exactJoint=62.08u pairs=30  (palette-wide exactWorst=63.47u)
[HANDS_ATTACH] mesh='hands_naked.mesh' owner='hands_naked.mesh' frame=2784 nb=38 wext=151.8 rebound=0
  TIER1 rest-coherence: worst=131.2deg bone[22]='bone_L-foreArm.mesh' count(>5deg)=8 freshRecap=0  xcheck(invOff-vs-restW) worst=131.2deg bone[22]
  TIER2 joint-attach(PRIMARY): worst=181.18u bone[23]='bone_L-middlefinger01.mesh' parent[29] R=48.1 exactJoint=128.13u pairs=30  (palette-wide exactWorst=128.13u)
[HANDS_ATTACH] mesh='hands_naked.mesh' owner='hands_naked.mesh' frame=2784 nb=40 wext=153.9 rebound=0
  TIER1 rest-coherence: worst=156.8deg bone[2]='bone_R-foreTwist2.mesh' count(>5deg)=6 freshRecap=0  xcheck(invOff-vs-restW) worst=156.8deg bone[3]
  TIER2 joint-attach(PRIMARY): worst=118.80u bone[37]='bone_L-ringfinger-base.mesh' parent[20] R=43.7 exactJoint=86.31u pairs=36  (palette-wide exactWorst=137.14u)
[HANDS_ATTACH] mesh='hands_naked.mesh' owner='hands_naked.mesh' frame=2784 nb=38 wext=101.6 rebound=0
  TIER1 rest-coherence: worst=157.5deg bone[5]='bone_R-foreArm.mesh' count(>5deg)=8 freshRecap=0  xcheck(invOff-vs-restW) worst=157.5deg bone[5]
  TIER2 joint-attach(PRIMARY): worst=124.69u bone[8]='bone_R-index01.mesh' parent[13] R=48.0 exactJoint=65.14u pairs=30  (palette-wide exactWorst=66.53u)
[HANDS_ATTACH] mesh='hands_naked.mesh' owner='hands_naked.mesh' frame=2794 nb=38 wext=152.0 rebound=0
  TIER1 rest-coherence: worst=131.2deg bone[22]='bone_L-foreArm.mesh' count(>5deg)=8 freshRecap=0  xcheck(invOff-vs-restW) worst=131.2deg bone[22]
  TIER2 joint-attach(PRIMARY): worst=184.99u bone[23]='bone_L-middlefinger01.mesh' parent[29] R=48.1 exactJoint=128.17u pairs=30  (palette-wide exactWorst=128.17u)
[HANDS_ATTACH] mesh='hands_naked.mesh' owner='hands_naked.mesh' frame=2794 nb=40 wext=154.8 rebound=0
  TIER1 rest-coherence: worst=156.8deg bone[2]='bone_R-foreTwist2.mesh' count(>5deg)=6 freshRecap=0  xcheck(invOff-vs-restW) worst=156.8deg bone[3]
  TIER2 joint-attach(PRIMARY): worst=122.92u bone[21]='bone_R-ringfinger-base.mesh' parent[1] R=43.7 exactJoint=137.93u pairs=36  (palette-wide exactWorst=138.61u)
[HANDS_ATTACH] mesh='hands_naked.mesh' owner='hands_naked.mesh' frame=2794 nb=38 wext=105.2 rebound=0
  TIER1 rest-coherence: worst=153.4deg bone[5]='bone_R-foreArm.mesh' count(>5deg)=8 freshRecap=0  xcheck(invOff-vs-restW) worst=153.4deg bone[5]
  TIER2 joint-attach(PRIMARY): worst=123.76u bone[30]='bone_L-index01.mesh' parent[29] R=48.0 exactJoint=51.82u pairs=30  (palette-wide exactWorst=72.29u)
[HANDS_ATTACH] mesh='hands_naked.mesh' owner='hands_naked.mesh' frame=2804 nb=38 wext=152.5 rebound=0
  TIER1 rest-coherence: worst=131.2deg bone[22]='bone_L-foreArm.mesh' count(>5deg)=8 freshRecap=0  xcheck(invOff-vs-restW) worst=131.2deg bone[22]
  TIER2 joint-attach(PRIMARY): worst=181.53u bone[23]='bone_L-middlefinger01.mesh' parent[29] R=48.1 exactJoint=128.50u pairs=30  (palette-wide exactWorst=128.50u)
[HANDS_ATTACH] mesh='hands_naked.mesh' owner='hands_naked.mesh' frame=2804 nb=40 wext=156.1 rebound=0
  TIER1 rest-coherence: worst=156.8deg bone[2]='bone_R-foreTwist2.mesh' count(>5deg)=6 freshRecap=0  xcheck(invOff-vs-restW) worst=156.8deg bone[3]
  TIER2 joint-attach(PRIMARY): worst=119.52u bone[37]='bone_L-ringfinger-base.mesh' parent[20] R=43.7 exactJoint=86.64u pairs=36  (palette-wide exactWorst=139.89u)
[HANDS_ATTACH] mesh='hands_naked.mesh' owner='hands_naked.mesh' frame=2804 nb=38 wext=102.9 rebound=0
  TIER1 rest-coherence: worst=143.5deg bone[5]='bone_R-foreArm.mesh' count(>5deg)=8 freshRecap=0  xcheck(invOff-vs-restW) worst=143.5deg bone[5]
  TIER2 joint-attach(PRIMARY): worst=128.27u bone[30]='bone_L-index01.mesh' parent[29] R=48.0 exactJoint=51.05u pairs=30  (palette-wide exactWorst=67.55u)
[HANDS_ATTACH] mesh='hands_naked.mesh' owner='hands_naked.mesh' frame=2814 nb=38 wext=158.7 rebound=0
  TIER1 rest-coherence: worst=126.1deg bone[29]='bone_L-hand.mesh' count(>5deg)=8 freshRecap=0  xcheck(invOff-vs-restW) worst=126.1deg bone[29]
  TIER2 joint-attach(PRIMARY): worst=184.34u bone[1]='bone_R-middlefinger01.mesh' parent[13] R=48.1 exactJoint=77.72u pairs=30  (palette-wide exactWorst=121.18u)
[HANDS_ATTACH] mesh='hands_naked.mesh' owner='hands_naked.mesh' frame=2814 nb=40 wext=136.7 rebound=0
  TIER1 rest-coherence: worst=156.8deg bone[2]='bone_R-foreTwist2.mesh' count(>5deg)=6 freshRecap=0  xcheck(invOff-vs-restW) worst=156.8deg bone[3]
  TIER2 joint-attach(PRIMARY): worst=130.19u bone[37]='bone_L-ringfinger-base.mesh' parent[20] R=43.7 exactJoint=69.79u pairs=36  (palette-wide exactWorst=111.37u)
[HANDS_ATTACH] mesh='hands_naked.mesh' owner='hands_naked.mesh' frame=2814 nb=38 wext=102.7 rebound=0
  TIER1 rest-coherence: worst=143.5deg bone[5]='bone_R-foreArm.mesh' count(>5deg)=8 freshRecap=0  xcheck(invOff-vs-restW) worst=143.5deg bone[5]
  TIER2 joint-attach(PRIMARY): worst=123.11u bone[30]='bone_L-index01.mesh' parent[29] R=48.0 exactJoint=50.73u pairs=30  (palette-wide exactWorst=67.04u)
[HANDS_ATTACH] mesh='hands_naked.mesh' owner='hands_naked.mesh' frame=2824 nb=38 wext=158.8 rebound=0
  TIER1 rest-coherence: worst=126.1deg bone[29]='bone_L-hand.mesh' count(>5deg)=8 freshRecap=0  xcheck(invOff-vs-restW) worst=126.1deg bone[29]
  TIER2 joint-attach(PRIMARY): worst=185.60u bone[1]='bone_R-middlefinger01.mesh' parent[13] R=48.1 exactJoint=76.73u pairs=30  (palette-wide exactWorst=122.01u)
[HANDS_ATTACH] mesh='hands_naked.mesh' owner='hands_naked.mesh' frame=2824 nb=40 wext=131.7 rebound=0
  TIER1 rest-coherence: worst=156.8deg bone[2]='bone_R-foreTwist2.mesh' count(>5deg)=6 freshRecap=0  xcheck(invOff-vs-restW) worst=156.8deg bone[3]
  TIER2 joint-attach(PRIMARY): worst=120.66u bone[37]='bone_L-ringfinger-base.mesh' parent[20] R=43.7 exactJoint=65.33u pairs=36  (palette-wide exactWorst=111.19u)
[HANDS_ATTACH] mesh='hands_naked.mesh' owner='hands_naked.mesh' frame=2824 nb=38 wext=100.0 rebound=0
  TIER1 rest-coherence: worst=143.5deg bone[5]='bone_R-foreArm.mesh' count(>5deg)=8 freshRecap=0  xcheck(invOff-vs-restW) worst=143.5deg bone[5]
  TIER2 joint-attach(PRIMARY): worst=120.40u bone[8]='bone_R-index01.mesh' parent[13] R=48.0 exactJoint=63.08u pairs=30  (palette-wide exactWorst=64.39u)
[HANDS_ATTACH] mesh='hands_naked.mesh' owner='hands_naked.mesh' frame=2834 nb=38 wext=157.0 rebound=0
  TIER1 rest-coherence: worst=126.1deg bone[29]='bone_L-hand.mesh' count(>5deg)=8 freshRecap=0  xcheck(invOff-vs-restW) worst=126.1deg bone[29]
  TIER2 joint-attach(PRIMARY): worst=184.14u bone[1]='bone_R-middlefinger01.mesh' parent[13] R=48.1 exactJoint=75.62u pairs=30  (palette-wide exactWorst=122.26u)
[HANDS_ATTACH] mesh='hands_naked.mesh' owner='hands_naked.mesh' frame=2834 nb=40 wext=129.4 rebound=0
  TIER1 rest-coherence: worst=156.8deg bone[2]='bone_R-foreTwist2.mesh' count(>5deg)=6 freshRecap=0  xcheck(invOff-vs-restW) worst=156.8deg bone[3]
  TIER2 joint-attach(PRIMARY): worst=120.53u bone[21]='bone_R-ringfinger-base.mesh' parent[1] R=43.7 exactJoint=103.28u pairs=36  (palette-wide exactWorst=104.17u)
[HANDS_ATTACH] mesh='hands_naked.mesh' owner='hands_naked.mesh' frame=2834 nb=38 wext=99.5 rebound=0
  TIER1 rest-coherence: worst=151.6deg bone[5]='bone_R-foreArm.mesh' count(>5deg)=8 freshRecap=0  xcheck(invOff-vs-restW) worst=151.6deg bone[5]
  TIER2 joint-attach(PRIMARY): worst=115.24u bone[8]='bone_R-index01.mesh' parent[13] R=48.0 exactJoint=60.33u pairs=30  (palette-wide exactWorst=61.65u)
[HANDS_ATTACH] mesh='hands_naked.mesh' owner='hands_naked.mesh' frame=2844 nb=38 wext=157.1 rebound=0
  TIER1 rest-coherence: worst=126.1deg bone[29]='bone_L-hand.mesh' count(>5deg)=8 freshRecap=0  xcheck(invOff-vs-restW) worst=126.1deg bone[29]
  TIER2 joint-attach(PRIMARY): worst=186.20u bone[1]='bone_R-middlefinger01.mesh' parent[13] R=48.1 exactJoint=76.07u pairs=30  (palette-wide exactWorst=122.05u)
[HANDS_ATTACH] mesh='hands_naked.mesh' owner='hands_naked.mesh' frame=2844 nb=40 wext=123.2 rebound=0
  TIER1 rest-coherence: worst=144.3deg bone[20]='bone_L-hand.mesh' count(>5deg)=6 freshRecap=0  xcheck(invOff-vs-restW) worst=144.3deg bone[20]
  TIER2 joint-attach(PRIMARY): worst=110.37u bone[37]='bone_L-ringfinger-base.mesh' parent[20] R=43.7 exactJoint=56.77u pairs=36  (palette-wide exactWorst=104.99u)
[HANDS_ATTACH] mesh='hands_naked.mesh' owner='hands_naked.mesh' frame=2844 nb=38 wext=98.4 rebound=0
  TIER1 rest-coherence: worst=154.6deg bone[5]='bone_R-foreArm.mesh' count(>5deg)=8 freshRecap=0  xcheck(invOff-vs-restW) worst=154.6deg bone[5]
  TIER2 joint-attach(PRIMARY): worst=115.91u bone[8]='bone_R-index01.mesh' parent[13] R=48.0 exactJoint=55.29u pairs=30  (palette-wide exactWorst=56.61u)
[HANDS_ATTACH] mesh='hands_naked.mesh' owner='hands_naked.mesh' frame=2854 nb=38 wext=157.5 rebound=0
  TIER1 rest-coherence: worst=126.1deg bone[29]='bone_L-hand.mesh' count(>5deg)=8 freshRecap=0  xcheck(invOff-vs-restW) worst=126.1deg bone[29]
  TIER2 joint-attach(PRIMARY): worst=187.26u bone[1]='bone_R-middlefinger01.mesh' parent[13] R=48.1 exactJoint=76.87u pairs=30  (palette-wide exactWorst=121.77u)
[HANDS_ATTACH] mesh='hands_naked.mesh' owner='hands_naked.mesh' frame=2854 nb=40 wext=127.7 rebound=0
  TIER1 rest-coherence: worst=134.5deg bone[20]='bone_L-hand.mesh' count(>5deg)=6 freshRecap=0  xcheck(invOff-vs-restW) worst=134.5deg bone[20]
  TIER2 joint-attach(PRIMARY): worst=107.25u bone[21]='bone_R-ringfinger-base.mesh' parent[1] R=43.7 exactJoint=107.94u pairs=36  (palette-wide exactWorst=108.77u)
[HANDS_ATTACH] mesh='hands_naked.mesh' owner='hands_naked.mesh' frame=2854 nb=38 wext=100.5 rebound=0
  TIER1 rest-coherence: worst=149.4deg bone[5]='bone_R-foreArm.mesh' count(>5deg)=8 freshRecap=0  xcheck(invOff-vs-restW) worst=149.4deg bone[5]
  TIER2 joint-attach(PRIMARY): worst=120.74u bone[8]='bone_R-index01.mesh' parent[13] R=48.0 exactJoint=61.84u pairs=30  (palette-wide exactWorst=63.18u)
[HANDS_ATTACH] mesh='hands_naked.mesh' owner='hands_naked.mesh' frame=2864 nb=38 wext=157.3 rebound=0
  TIER1 rest-coherence: worst=126.1deg bone[29]='bone_L-hand.mesh' count(>5deg)=8 freshRecap=0  xcheck(invOff-vs-restW) worst=126.1deg bone[29]
  TIER2 joint-attach(PRIMARY): worst=185.58u bone[1]='bone_R-middlefinger01.mesh' parent[13] R=48.1 exactJoint=77.28u pairs=30  (palette-wide exactWorst=121.27u)
[HANDS_ATTACH] mesh='hands_naked.mesh' owner='hands_naked.mesh' frame=2864 nb=40 wext=129.0 rebound=0
  TIER1 rest-coherence: worst=126.1deg bone[20]='bone_L-hand.mesh' count(>5deg)=6 freshRecap=0  xcheck(invOff-vs-restW) worst=126.1deg bone[20]
  TIER2 joint-attach(PRIMARY): worst=110.13u bone[21]='bone_R-ringfinger-base.mesh' parent[1] R=43.7 exactJoint=107.37u pairs=36  (palette-wide exactWorst=108.45u)
[HANDS_ATTACH] mesh='hands_naked.mesh' owner='hands_naked.mesh' frame=2864 nb=38 wext=101.7 rebound=0
  TIER1 rest-coherence: worst=149.4deg bone[5]='bone_R-foreArm.mesh' count(>5deg)=8 freshRecap=0  xcheck(invOff-vs-restW) worst=149.4deg bone[5]
  TIER2 joint-attach(PRIMARY): worst=128.80u bone[30]='bone_L-index01.mesh' parent[29] R=48.0 exactJoint=52.37u pairs=30  (palette-wide exactWorst=64.84u)
[HANDS_ATTACH] mesh='hands_naked.mesh' owner='hands_naked.mesh' frame=2874 nb=38 wext=159.2 rebound=0
  TIER1 rest-coherence: worst=126.1deg bone[29]='bone_L-hand.mesh' count(>5deg)=8 freshRecap=0  xcheck(invOff-vs-restW) worst=126.1deg bone[29]
  TIER2 joint-attach(PRIMARY): worst=183.00u bone[1]='bone_R-middlefinger01.mesh' parent[13] R=48.1 exactJoint=79.50u pairs=30  (palette-wide exactWorst=120.56u)
[HANDS_ATTACH] mesh='hands_naked.mesh' owner='hands_naked.mesh' frame=2874 nb=40 wext=132.8 rebound=0
  TIER1 rest-coherence: worst=154.2deg bone[2]='bone_R-foreTwist2.mesh' count(>5deg)=6 freshRecap=0  xcheck(invOff-vs-restW) worst=154.2deg bone[3]
  TIER2 joint-attach(PRIMARY): worst=111.87u bone[21]='bone_R-ringfinger-base.mesh' parent[1] R=43.7 exactJoint=114.85u pairs=36  (palette-wide exactWorst=115.96u)
[HANDS_ATTACH] mesh='hands_naked.mesh' owner='hands_naked.mesh' frame=2874 nb=38 wext=100.1 rebound=0
  TIER1 rest-coherence: worst=149.4deg bone[5]='bone_R-foreArm.mesh' count(>5deg)=8 freshRecap=0  xcheck(invOff-vs-restW) worst=149.4deg bone[5]
  TIER2 joint-attach(PRIMARY): worst=134.21u bone[30]='bone_L-index01.mesh' parent[29] R=48.0 exactJoint=52.41u pairs=30  (palette-wide exactWorst=64.44u)
[HANDS_ATTACH] mesh='hands_naked.mesh' owner='hands_naked.mesh' frame=2884 nb=38 wext=159.7 rebound=0
  TIER1 rest-coherence: worst=126.1deg bone[29]='bone_L-hand.mesh' count(>5deg)=8 freshRecap=0  xcheck(invOff-vs-restW) worst=126.1deg bone[29]
  TIER2 joint-attach(PRIMARY): worst=181.84u bone[1]='bone_R-middlefinger01.mesh' parent[13] R=48.1 exactJoint=80.58u pairs=30  (palette-wide exactWorst=119.69u)
[HANDS_ATTACH] mesh='hands_naked.mesh' owner='hands_naked.mesh' frame=2884 nb=40 wext=132.6 rebound=0
  TIER1 rest-coherence: worst=163.6deg bone[2]='bone_R-foreTwist2.mesh' count(>5deg)=6 freshRecap=0  xcheck(invOff-vs-restW) worst=163.6deg bone[3]
  TIER2 joint-attach(PRIMARY): worst=102.39u bone[21]='bone_R-ringfinger-base.mesh' parent[1] R=43.7 exactJoint=114.49u pairs=36  (palette-wide exactWorst=115.37u)
[HANDS_ATTACH] mesh='hands_naked.mesh' owner='hands_naked.mesh' frame=2884 nb=38 wext=103.4 rebound=0
  TIER1 rest-coherence: worst=149.4deg bone[5]='bone_R-foreArm.mesh' count(>5deg)=8 freshRecap=0  xcheck(invOff-vs-restW) worst=149.4deg bone[5]
  TIER2 joint-attach(PRIMARY): worst=124.94u bone[8]='bone_R-index01.mesh' parent[13] R=48.0 exactJoint=62.13u pairs=30  (palette-wide exactWorst=63.44u)
[HANDS_ATTACH] mesh='hands_naked.mesh' owner='hands_naked.mesh' frame=2894 nb=38 wext=159.3 rebound=0
  TIER1 rest-coherence: worst=126.1deg bone[29]='bone_L-hand.mesh' count(>5deg)=8 freshRecap=0  xcheck(invOff-vs-restW) worst=126.1deg bone[29]
  TIER2 joint-attach(PRIMARY): worst=183.17u bone[1]='bone_R-middlefinger01.mesh' parent[13] R=48.1 exactJoint=80.01u pairs=30  (palette-wide exactWorst=119.84u)
[HANDS_ATTACH] mesh='hands_naked.mesh' owner='hands_naked.mesh' frame=2894 nb=40 wext=132.2 rebound=0
  TIER1 rest-coherence: worst=172.4deg bone[1]='bone_R-hand.mesh' count(>5deg)=6 freshRecap=0  xcheck(invOff-vs-restW) worst=172.4deg bone[1]
  TIER2 joint-attach(PRIMARY): worst=116.32u bone[21]='bone_R-ringfinger-base.mesh' parent[1] R=43.7 exactJoint=114.92u pairs=36  (palette-wide exactWorst=115.79u)
[HANDS_ATTACH] mesh='hands_naked.mesh' owner='hands_naked.mesh' frame=2894 nb=38 wext=100.3 rebound=0
  TIER1 rest-coherence: worst=166.9deg bone[5]='bone_R-foreArm.mesh' count(>5deg)=8 freshRecap=0  xcheck(invOff-vs-restW) worst=166.9deg bone[5]
  TIER2 joint-attach(PRIMARY): worst=120.91u bone[30]='bone_L-index01.mesh' parent[29] R=48.0 exactJoint=49.25u pairs=30  (palette-wide exactWorst=65.40u)
[HANDS_ATTACH] mesh='hands_naked.mesh' owner='hands_naked.mesh' frame=2904 nb=38 wext=158.9 rebound=0
  TIER1 rest-coherence: worst=126.1deg bone[29]='bone_L-hand.mesh' count(>5deg)=8 freshRecap=0  xcheck(invOff-vs-restW) worst=126.1deg bone[29]
  TIER2 joint-attach(PRIMARY): worst=184.02u bone[1]='bone_R-middlefinger01.mesh' parent[13] R=48.1 exactJoint=79.67u pairs=30  (palette-wide exactWorst=119.92u)
[HANDS_ATTACH] mesh='hands_naked.mesh' owner='hands_naked.mesh' frame=2904 nb=40 wext=129.6 rebound=0
  TIER1 rest-coherence: worst=167.9deg bone[1]='bone_R-hand.mesh' count(>5deg)=6 freshRecap=0  xcheck(invOff-vs-restW) worst=167.9deg bone[1]
  TIER2 joint-attach(PRIMARY): worst=107.12u bone[21]='bone_R-ringfinger-base.mesh' parent[1] R=43.7 exactJoint=113.34u pairs=36  (palette-wide exactWorst=114.00u)
[HANDS_ATTACH] mesh='hands_naked.mesh' owner='hands_naked.mesh' frame=2904 nb=38 wext=97.3 rebound=0
  TIER1 rest-coherence: worst=166.9deg bone[5]='bone_R-foreArm.mesh' count(>5deg)=8 freshRecap=0  xcheck(invOff-vs-restW) worst=166.9deg bone[5]
  TIER2 joint-attach(PRIMARY): worst=123.85u bone[30]='bone_L-index01.mesh' parent[29] R=48.0 exactJoint=48.98u pairs=30  (palette-wide exactWorst=64.60u)
[HANDS_ATTACH] mesh='hands_naked.mesh' owner='hands_naked.mesh' frame=2914 nb=38 wext=160.7 rebound=0
  TIER1 rest-coherence: worst=126.1deg bone[29]='bone_L-hand.mesh' count(>5deg)=8 freshRecap=0  xcheck(invOff-vs-restW) worst=126.1deg bone[29]
  TIER2 joint-attach(PRIMARY): worst=185.95u bone[1]='bone_R-middlefinger01.mesh' parent[13] R=48.1 exactJoint=79.45u pairs=30  (palette-wide exactWorst=119.42u)
[HANDS_ATTACH] mesh='hands_naked.mesh' owner='hands_naked.mesh' frame=2914 nb=40 wext=130.7 rebound=0
  TIER1 rest-coherence: worst=179.3deg bone[1]='bone_R-hand.mesh' count(>5deg)=6 freshRecap=0  xcheck(invOff-vs-restW) worst=179.3deg bone[1]
  TIER2 joint-attach(PRIMARY): worst=110.13u bone[21]='bone_R-ringfinger-base.mesh' parent[1] R=43.7 exactJoint=113.44u pairs=36  (palette-wide exactWorst=114.09u)
[HANDS_ATTACH] mesh='hands_naked.mesh' owner='hands_naked.mesh' frame=2914 nb=38 wext=96.6 rebound=0
  TIER1 rest-coherence: worst=176.1deg bone[5]='bone_R-foreArm.mesh' count(>5deg)=8 freshRecap=0  xcheck(invOff-vs-restW) worst=176.1deg bone[5]
  TIER2 joint-attach(PRIMARY): worst=126.31u bone[30]='bone_L-index01.mesh' parent[29] R=48.0 exactJoint=51.03u pairs=30  (palette-wide exactWorst=67.83u)
[HANDS_ATTACH] mesh='hands_naked.mesh' owner='hands_naked.mesh' frame=2924 nb=38 wext=160.9 rebound=0
  TIER1 rest-coherence: worst=126.1deg bone[29]='bone_L-hand.mesh' count(>5deg)=8 freshRecap=0  xcheck(invOff-vs-restW) worst=126.1deg bone[29]
  TIER2 joint-attach(PRIMARY): worst=187.96u bone[1]='bone_R-middlefinger01.mesh' parent[13] R=48.1 exactJoint=79.27u pairs=30  (palette-wide exactWorst=118.81u)
[HANDS_ATTACH] mesh='hands_naked.mesh' owner='hands_naked.mesh' frame=2924 nb=40 wext=131.3 rebound=0
  TIER1 rest-coherence: worst=177.7deg bone[1]='bone_R-hand.mesh' count(>5deg)=6 freshRecap=0  xcheck(invOff-vs-restW) worst=177.7deg bone[1]
  TIER2 joint-attach(PRIMARY): worst=109.98u bone[37]='bone_L-ringfinger-base.mesh' parent[20] R=43.7 exactJoint=59.11u pairs=36  (palette-wide exactWorst=115.31u)
[HANDS_ATTACH] mesh='hands_naked.mesh' owner='hands_naked.mesh' frame=2924 nb=38 wext=99.5 rebound=0
  TIER1 rest-coherence: worst=176.1deg bone[5]='bone_R-foreArm.mesh' count(>5deg)=8 freshRecap=0  xcheck(invOff-vs-restW) worst=176.1deg bone[5]
  TIER2 joint-attach(PRIMARY): worst=130.47u bone[30]='bone_L-index01.mesh' parent[29] R=48.0 exactJoint=52.97u pairs=30  (palette-wide exactWorst=64.99u)
[HANDS_ATTACH] mesh='hands_naked.mesh' owner='hands_naked.mesh' frame=2934 nb=38 wext=159.5 rebound=0
  TIER1 rest-coherence: worst=126.1deg bone[29]='bone_L-hand.mesh' count(>5deg)=8 freshRecap=0  xcheck(invOff-vs-restW) worst=126.1deg bone[29]
  TIER2 joint-attach(PRIMARY): worst=188.98u bone[1]='bone_R-middlefinger01.mesh' parent[13] R=48.1 exactJoint=77.38u pairs=30  (palette-wide exactWorst=117.53u)
[HANDS_ATTACH] mesh='hands_naked.mesh' owner='hands_naked.mesh' frame=2934 nb=40 wext=131.8 rebound=0
  TIER1 rest-coherence: worst=177.7deg bone[1]='bone_R-hand.mesh' count(>5deg)=6 freshRecap=0  xcheck(invOff-vs-restW) worst=177.7deg bone[1]
  TIER2 joint-attach(PRIMARY): worst=107.85u bone[37]='bone_L-ringfinger-base.mesh' parent[20] R=43.7 exactJoint=57.05u pairs=36  (palette-wide exactWorst=115.42u)
[HANDS_ATTACH] mesh='hands_naked.mesh' owner='hands_naked.mesh' frame=2934 nb=38 wext=98.4 rebound=0
  TIER1 rest-coherence: worst=176.1deg bone[0]='bone_R-foreTwist1.mesh' count(>5deg)=8 freshRecap=0  xcheck(invOff-vs-restW) worst=176.1deg bone[0]
  TIER2 joint-attach(PRIMARY): worst=129.85u bone[30]='bone_L-index01.mesh' parent[29] R=48.0 exactJoint=51.49u pairs=30  (palette-wide exactWorst=64.37u)
[HANDS_ATTACH] mesh='hands_naked.mesh' owner='hands_naked.mesh' frame=2944 nb=38 wext=158.2 rebound=0
  TIER1 rest-coherence: worst=134.9deg bone[29]='bone_L-hand.mesh' count(>5deg)=8 freshRecap=0  xcheck(invOff-vs-restW) worst=134.9deg bone[29]
  TIER2 joint-attach(PRIMARY): worst=189.91u bone[1]='bone_R-middlefinger01.mesh' parent[13] R=48.1 exactJoint=75.38u pairs=30  (palette-wide exactWorst=124.56u)
[HANDS_ATTACH] mesh='hands_naked.mesh' owner='hands_naked.mesh' frame=2944 nb=40 wext=130.9 rebound=0
  TIER1 rest-coherence: worst=177.7deg bone[1]='bone_R-hand.mesh' count(>5deg)=6 freshRecap=0  xcheck(invOff-vs-restW) worst=177.7deg bone[1]
  TIER2 joint-attach(PRIMARY): worst=101.22u bone[37]='bone_L-ringfinger-base.mesh' parent[20] R=43.7 exactJoint=56.88u pairs=36  (palette-wide exactWorst=115.46u)
[HANDS_ATTACH] mesh='hands_naked.mesh' owner='hands_naked.mesh' frame=2944 nb=38 wext=97.3 rebound=0
  TIER1 rest-coherence: worst=173.7deg bone[0]='bone_R-foreTwist1.mesh' count(>5deg)=8 freshRecap=0  xcheck(invOff-vs-restW) worst=173.7deg bone[0]
  TIER2 joint-attach(PRIMARY): worst=131.35u bone[30]='bone_L-index01.mesh' parent[29] R=48.0 exactJoint=51.04u pairs=30  (palette-wide exactWorst=65.44u)
[HANDS_ATTACH] mesh='hands_naked.mesh' owner='hands_naked.mesh' frame=2954 nb=38 wext=157.5 rebound=0
  TIER1 rest-coherence: worst=134.9deg bone[29]='bone_L-hand.mesh' count(>5deg)=8 freshRecap=0  xcheck(invOff-vs-restW) worst=134.9deg bone[29]
  TIER2 joint-attach(PRIMARY): worst=184.53u bone[1]='bone_R-middlefinger01.mesh' parent[13] R=48.1 exactJoint=72.28u pairs=30  (palette-wide exactWorst=123.55u)
[HANDS_ATTACH] mesh='hands_naked.mesh' owner='hands_naked.mesh' frame=2954 nb=40 wext=134.8 rebound=0
  TIER1 rest-coherence: worst=177.7deg bone[1]='bone_R-hand.mesh' count(>5deg)=6 freshRecap=0  xcheck(invOff-vs-restW) worst=177.7deg bone[1]
  TIER2 joint-attach(PRIMARY): worst=106.62u bone[37]='bone_L-ringfinger-base.mesh' parent[20] R=43.7 exactJoint=56.10u pairs=36  (palette-wide exactWorst=116.69u)
[HANDS_ATTACH] mesh='hands_naked.mesh' owner='hands_naked.mesh' frame=2954 nb=38 wext=98.4 rebound=0
  TIER1 rest-coherence: worst=176.5deg bone[13]='bone_R-hand.mesh' count(>5deg)=8 freshRecap=0  xcheck(invOff-vs-restW) worst=176.5deg bone[13]
  TIER2 joint-attach(PRIMARY): worst=126.36u bone[8]='bone_R-index01.mesh' parent[13] R=48.0 exactJoint=64.40u pairs=30  (palette-wide exactWorst=65.74u)
[HANDS_ATTACH] mesh='hands_naked.mesh' owner='hands_naked.mesh' frame=2964 nb=38 wext=155.3 rebound=0
  TIER1 rest-coherence: worst=134.9deg bone[29]='bone_L-hand.mesh' count(>5deg)=8 freshRecap=0  xcheck(invOff-vs-restW) worst=134.9deg bone[29]
  TIER2 joint-attach(PRIMARY): worst=184.17u bone[1]='bone_R-middlefinger01.mesh' parent[13] R=48.1 exactJoint=69.60u pairs=30  (palette-wide exactWorst=122.54u)
[HANDS_ATTACH] mesh='hands_naked.mesh' owner='hands_naked.mesh' frame=2964 nb=40 wext=130.8 rebound=0
  TIER1 rest-coherence: worst=177.9deg bone[2]='bone_R-foreTwist2.mesh' count(>5deg)=6 freshRecap=0  xcheck(invOff-vs-restW) worst=177.9deg bone[3]
  TIER2 joint-attach(PRIMARY): worst=103.27u bone[37]='bone_L-ringfinger-base.mesh' parent[20] R=43.7 exactJoint=57.13u pairs=36  (palette-wide exactWorst=114.78u)
[HANDS_ATTACH] mesh='hands_naked.mesh' owner='hands_naked.mesh' frame=2964 nb=38 wext=97.5 rebound=0
  TIER1 rest-coherence: worst=176.5deg bone[13]='bone_R-hand.mesh' count(>5deg)=8 freshRecap=0  xcheck(invOff-vs-restW) worst=176.5deg bone[13]
  TIER2 joint-attach(PRIMARY): worst=117.26u bone[30]='bone_L-index01.mesh' parent[29] R=48.0 exactJoint=48.85u pairs=30  (palette-wide exactWorst=63.02u)
[HANDS_ATTACH] mesh='hands_naked.mesh' owner='hands_naked.mesh' frame=2974 nb=38 wext=153.9 rebound=0
  TIER1 rest-coherence: worst=134.9deg bone[29]='bone_L-hand.mesh' count(>5deg)=8 freshRecap=0  xcheck(invOff-vs-restW) worst=134.9deg bone[29]
  TIER2 joint-attach(PRIMARY): worst=184.68u bone[1]='bone_R-middlefinger01.mesh' parent[13] R=48.1 exactJoint=67.41u pairs=30  (palette-wide exactWorst=121.87u)
[HANDS_ATTACH] mesh='hands_naked.mesh' owner='hands_naked.mesh' frame=2974 nb=40 wext=128.8 rebound=0
  TIER1 rest-coherence: worst=177.9deg bone[2]='bone_R-foreTwist2.mesh' count(>5deg)=6 freshRecap=0  xcheck(invOff-vs-restW) worst=177.9deg bone[3]
  TIER2 joint-attach(PRIMARY): worst=101.36u bone[37]='bone_L-ringfinger-base.mesh' parent[20] R=43.7 exactJoint=58.38u pairs=36  (palette-wide exactWorst=112.79u)
[HANDS_ATTACH] mesh='hands_naked.mesh' owner='hands_naked.mesh' frame=2974 nb=38 wext=96.8 rebound=0
  TIER1 rest-coherence: worst=179.9deg bone[0]='bone_R-foreTwist1.mesh' count(>5deg)=8 freshRecap=0  xcheck(invOff-vs-restW) worst=180.0deg bone[0]
  TIER2 joint-attach(PRIMARY): worst=117.82u bone[8]='bone_R-index01.mesh' parent[13] R=48.0 exactJoint=64.31u pairs=30  (palette-wide exactWorst=65.62u)
[HANDS_ATTACH] mesh='hands_naked.mesh' owner='hands_naked.mesh' frame=2984 nb=38 wext=151.7 rebound=0
  TIER1 rest-coherence: worst=128.8deg bone[0]='bone_R-foreTwist1.mesh' count(>5deg)=8 freshRecap=0  xcheck(invOff-vs-restW) worst=128.8deg bone[0]
  TIER2 joint-attach(PRIMARY): worst=181.73u bone[1]='bone_R-middlefinger01.mesh' parent[13] R=48.1 exactJoint=53.81u pairs=30  (palette-wide exactWorst=128.66u)
[HANDS_ATTACH] mesh='hands_naked.mesh' owner='hands_naked.mesh' frame=2984 nb=40 wext=149.7 rebound=0
  TIER1 rest-coherence: worst=179.4deg bone[1]='bone_R-hand.mesh' count(>5deg)=6 freshRecap=0  xcheck(invOff-vs-restW) worst=179.4deg bone[1]
  TIER2 joint-attach(PRIMARY): worst=150.41u bone[37]='bone_L-ringfinger-base.mesh' parent[20] R=43.7 exactJoint=90.87u pairs=36  (palette-wide exactWorst=132.35u)
[HANDS_ATTACH] mesh='hands_naked.mesh' owner='hands_naked.mesh' frame=2984 nb=38 wext=100.2 rebound=0
  TIER1 rest-coherence: worst=173.8deg bone[13]='bone_R-hand.mesh' count(>5deg)=8 freshRecap=0  xcheck(invOff-vs-restW) worst=173.8deg bone[13]
  TIER2 joint-attach(PRIMARY): worst=127.76u bone[30]='bone_L-index01.mesh' parent[29] R=48.0 exactJoint=50.25u pairs=30  (palette-wide exactWorst=66.45u)
[HANDS_ATTACH] mesh='hands_naked.mesh' owner='hands_naked.mesh' frame=2994 nb=38 wext=152.8 rebound=0
  TIER1 rest-coherence: worst=128.8deg bone[0]='bone_R-foreTwist1.mesh' count(>5deg)=8 freshRecap=0  xcheck(invOff-vs-restW) worst=128.8deg bone[0]
  TIER2 joint-attach(PRIMARY): worst=185.47u bone[1]='bone_R-middlefinger01.mesh' parent[13] R=48.1 exactJoint=53.75u pairs=30  (palette-wide exactWorst=129.42u)
[HANDS_ATTACH] mesh='hands_naked.mesh' owner='hands_naked.mesh' frame=2994 nb=40 wext=153.4 rebound=0
  TIER1 rest-coherence: worst=179.4deg bone[1]='bone_R-hand.mesh' count(>5deg)=6 freshRecap=0  xcheck(invOff-vs-restW) worst=179.4deg bone[1]
  TIER2 joint-attach(PRIMARY): worst=150.15u bone[37]='bone_L-ringfinger-base.mesh' parent[20] R=43.7 exactJoint=91.28u pairs=36  (palette-wide exactWorst=133.61u)
[HANDS_ATTACH] mesh='hands_naked.mesh' owner='hands_naked.mesh' frame=2994 nb=38 wext=100.1 rebound=0
  TIER1 rest-coherence: worst=175.3deg bone[13]='bone_R-hand.mesh' count(>5deg)=8 freshRecap=0  xcheck(invOff-vs-restW) worst=175.3deg bone[13]
  TIER2 joint-attach(PRIMARY): worst=126.51u bone[30]='bone_L-index01.mesh' parent[29] R=48.0 exactJoint=49.44u pairs=30  (palette-wide exactWorst=66.43u)
[HANDS_ATTACH] mesh='hands_naked.mesh' owner='hands_naked.mesh' frame=3004 nb=38 wext=152.5 rebound=0
  TIER1 rest-coherence: worst=128.8deg bone[0]='bone_R-foreTwist1.mesh' count(>5deg)=8 freshRecap=0  xcheck(invOff-vs-restW) worst=128.8deg bone[0]
  TIER2 joint-attach(PRIMARY): worst=178.91u bone[23]='bone_L-middlefinger01.mesh' parent[29] R=48.1 exactJoint=130.17u pairs=30  (palette-wide exactWorst=130.17u)
[HANDS_ATTACH] mesh='hands_naked.mesh' owner='hands_naked.mesh' frame=3004 nb=40 wext=153.5 rebound=0
  TIER1 rest-coherence: worst=179.4deg bone[1]='bone_R-hand.mesh' count(>5deg)=6 freshRecap=0  xcheck(invOff-vs-restW) worst=179.4deg bone[1]
  TIER2 joint-attach(PRIMARY): worst=153.36u bone[21]='bone_R-ringfinger-base.mesh' parent[1] R=43.7 exactJoint=133.87u pairs=36  (palette-wide exactWorst=134.83u)
[HANDS_ATTACH] mesh='hands_naked.mesh' owner='hands_naked.mesh' frame=3004 nb=38 wext=101.3 rebound=0
  TIER1 rest-coherence: worst=173.8deg bone[6]='bone_R-foreTwist2.mesh' count(>5deg)=8 freshRecap=0  xcheck(invOff-vs-restW) worst=173.8deg bone[0]
  TIER2 joint-attach(PRIMARY): worst=120.66u bone[30]='bone_L-index01.mesh' parent[29] R=48.0 exactJoint=48.98u pairs=30  (palette-wide exactWorst=64.12u)
[HANDS_ATTACH] mesh='hands_naked.mesh' owner='hands_naked.mesh' frame=3014 nb=38 wext=153.5 rebound=0
  TIER1 rest-coherence: worst=128.8deg bone[0]='bone_R-foreTwist1.mesh' count(>5deg)=8 freshRecap=0  xcheck(invOff-vs-restW) worst=128.8deg bone[0]
  TIER2 joint-attach(PRIMARY): worst=179.19u bone[23]='bone_L-middlefinger01.mesh' parent[29] R=48.1 exactJoint=132.44u pairs=30  (palette-wide exactWorst=132.44u)
[HANDS_ATTACH] mesh='hands_naked.mesh' owner='hands_naked.mesh' frame=3014 nb=40 wext=149.9 rebound=0
  TIER1 rest-coherence: worst=178.8deg bone[2]='bone_R-foreTwist2.mesh' count(>5deg)=6 freshRecap=0  xcheck(invOff-vs-restW) worst=178.8deg bone[3]
  TIER2 joint-attach(PRIMARY): worst=155.14u bone[37]='bone_L-ringfinger-base.mesh' parent[20] R=43.7 exactJoint=93.93u pairs=36  (palette-wide exactWorst=129.72u)
[HANDS_ATTACH] mesh='hands_naked.mesh' owner='hands_naked.mesh' frame=3014 nb=38 wext=101.3 rebound=0
  TIER1 rest-coherence: worst=170.0deg bone[13]='bone_R-hand.mesh' count(>5deg)=8 freshRecap=0  xcheck(invOff-vs-restW) worst=170.0deg bone[13]
  TIER2 joint-attach(PRIMARY): worst=121.81u bone[8]='bone_R-index01.mesh' parent[13] R=48.0 exactJoint=65.12u pairs=30  (palette-wide exactWorst=66.44u)
[HANDS_ATTACH] mesh='hands_naked.mesh' owner='hands_naked.mesh' frame=3024 nb=38 wext=154.2 rebound=0
  TIER1 rest-coherence: worst=128.8deg bone[0]='bone_R-foreTwist1.mesh' count(>5deg)=8 freshRecap=0  xcheck(invOff-vs-restW) worst=128.8deg bone[0]
  TIER2 joint-attach(PRIMARY): worst=178.85u bone[23]='bone_L-middlefinger01.mesh' parent[29] R=48.1 exactJoint=133.64u pairs=30  (palette-wide exactWorst=133.64u)
[HANDS_ATTACH] mesh='hands_naked.mesh' owner='hands_naked.mesh' frame=3024 nb=40 wext=147.8 rebound=0
  TIER1 rest-coherence: worst=168.4deg bone[1]='bone_R-hand.mesh' count(>5deg)=6 freshRecap=0  xcheck(invOff-vs-restW) worst=168.4deg bone[1]
  TIER2 joint-attach(PRIMARY): worst=156.29u bone[21]='bone_R-ringfinger-base.mesh' parent[1] R=43.7 exactJoint=128.22u pairs=36  (palette-wide exactWorst=129.28u)
[HANDS_ATTACH] mesh='hands_naked.mesh' owner='hands_naked.mesh' frame=3024 nb=38 wext=100.2 rebound=0
  TIER1 rest-coherence: worst=170.0deg bone[13]='bone_R-hand.mesh' count(>5deg)=8 freshRecap=0  xcheck(invOff-vs-restW) worst=170.0deg bone[13]
  TIER2 joint-attach(PRIMARY): worst=128.99u bone[8]='bone_R-index01.mesh' parent[13] R=48.0 exactJoint=65.05u pairs=30  (palette-wide exactWorst=66.44u)
[HANDS_ATTACH] mesh='hands_naked.mesh' owner='hands_naked.mesh' frame=3034 nb=38 wext=153.9 rebound=0
  TIER1 rest-coherence: worst=128.8deg bone[0]='bone_R-foreTwist1.mesh' count(>5deg)=8 freshRecap=0  xcheck(invOff-vs-restW) worst=128.8deg bone[0]
  TIER2 joint-attach(PRIMARY): worst=177.07u bone[23]='bone_L-middlefinger01.mesh' parent[29] R=48.1 exactJoint=132.76u pairs=30  (palette-wide exactWorst=132.76u)
[HANDS_ATTACH] mesh='hands_naked.mesh' owner='hands_naked.mesh' frame=3034 nb=40 wext=152.3 rebound=0
  TIER1 rest-coherence: worst=157.3deg bone[1]='bone_R-hand.mesh' count(>5deg)=6 freshRecap=0  xcheck(invOff-vs-restW) worst=157.3deg bone[1]
  TIER2 joint-attach(PRIMARY): worst=155.33u bone[37]='bone_L-ringfinger-base.mesh' parent[20] R=43.7 exactJoint=94.39u pairs=36  (palette-wide exactWorst=131.17u)
[HANDS_ATTACH] mesh='hands_naked.mesh' owner='hands_naked.mesh' frame=3034 nb=38 wext=98.9 rebound=0
  TIER1 rest-coherence: worst=170.0deg bone[13]='bone_R-hand.mesh' count(>5deg)=8 freshRecap=0  xcheck(invOff-vs-restW) worst=170.0deg bone[13]
  TIER2 joint-attach(PRIMARY): worst=128.40u bone[8]='bone_R-index01.mesh' parent[13] R=48.0 exactJoint=62.62u pairs=30  (palette-wide exactWorst=64.02u)
[HANDS_ATTACH] mesh='hands_naked.mesh' owner='hands_naked.mesh' frame=3044 nb=38 wext=154.9 rebound=0
  TIER1 rest-coherence: worst=128.8deg bone[0]='bone_R-foreTwist1.mesh' count(>5deg)=8 freshRecap=0  xcheck(invOff-vs-restW) worst=128.8deg bone[0]
  TIER2 joint-attach(PRIMARY): worst=180.79u bone[1]='bone_R-middlefinger01.mesh' parent[13] R=48.1 exactJoint=54.24u pairs=30  (palette-wide exactWorst=132.63u)
[HANDS_ATTACH] mesh='hands_naked.mesh' owner='hands_naked.mesh' frame=3044 nb=40 wext=149.3 rebound=0
  TIER1 rest-coherence: worst=161.3deg bone[1]='bone_R-hand.mesh' count(>5deg)=6 freshRecap=0  xcheck(invOff-vs-restW) worst=161.3deg bone[1]
  TIER2 joint-attach(PRIMARY): worst=155.27u bone[37]='bone_L-ringfinger-base.mesh' parent[20] R=43.7 exactJoint=94.29u pairs=36  (palette-wide exactWorst=127.24u)
[HANDS_ATTACH] mesh='hands_naked.mesh' owner='hands_naked.mesh' frame=3044 nb=38 wext=101.2 rebound=0
  TIER1 rest-coherence: worst=174.6deg bone[5]='bone_R-foreArm.mesh' count(>5deg)=8 freshRecap=0  xcheck(invOff-vs-restW) worst=174.6deg bone[5]
  TIER2 joint-attach(PRIMARY): worst=132.72u bone[30]='bone_L-index01.mesh' parent[29] R=48.0 exactJoint=54.70u pairs=30  (palette-wide exactWorst=65.98u)
[HANDS_ATTACH] mesh='hands_naked.mesh' owner='hands_naked.mesh' frame=3054 nb=38 wext=156.0 rebound=0
  TIER1 rest-coherence: worst=128.8deg bone[0]='bone_R-foreTwist1.mesh' count(>5deg)=8 freshRecap=0  xcheck(invOff-vs-restW) worst=128.8deg bone[0]
  TIER2 joint-attach(PRIMARY): worst=182.66u bone[1]='bone_R-middlefinger01.mesh' parent[13] R=48.1 exactJoint=53.92u pairs=30  (palette-wide exactWorst=133.28u)
[HANDS_ATTACH] mesh='hands_naked.mesh' owner='hands_naked.mesh' frame=3054 nb=40 wext=148.7 rebound=0
  TIER1 rest-coherence: worst=153.0deg bone[3]='bone_R-foreTwist1.mesh' count(>5deg)=6 freshRecap=0  xcheck(invOff-vs-restW) worst=153.0deg bone[3]
  TIER2 joint-attach(PRIMARY): worst=160.77u bone[37]='bone_L-ringfinger-base.mesh' parent[20] R=43.7 exactJoint=94.80u pairs=36  (palette-wide exactWorst=131.08u)
[HANDS_ATTACH] mesh='hands_naked.mesh' owner='hands_naked.mesh' frame=3054 nb=38 wext=97.0 rebound=0
  TIER1 rest-coherence: worst=174.6deg bone[5]='bone_R-foreArm.mesh' count(>5deg)=8 freshRecap=0  xcheck(invOff-vs-restW) worst=174.6deg bone[5]
  TIER2 joint-attach(PRIMARY): worst=129.23u bone[8]='bone_R-index01.mesh' parent[13] R=48.0 exactJoint=61.99u pairs=30  (palette-wide exactWorst=63.39u)
[HANDS_ATTACH] mesh='hands_naked.mesh' owner='hands_naked.mesh' frame=3064 nb=38 wext=152.4 rebound=0
  TIER1 rest-coherence: worst=128.8deg bone[0]='bone_R-foreTwist1.mesh' count(>5deg)=8 freshRecap=0  xcheck(invOff-vs-restW) worst=128.8deg bone[0]
  TIER2 joint-attach(PRIMARY): worst=185.47u bone[1]='bone_R-middlefinger01.mesh' parent[13] R=48.1 exactJoint=53.46u pairs=30  (palette-wide exactWorst=129.38u)
[HANDS_ATTACH] mesh='hands_naked.mesh' owner='hands_naked.mesh' frame=3064 nb=40 wext=151.1 rebound=0
  TIER1 rest-coherence: worst=168.9deg bone[2]='bone_R-foreTwist2.mesh' count(>5deg)=6 freshRecap=0  xcheck(invOff-vs-restW) worst=168.9deg bone[3]
  TIER2 joint-attach(PRIMARY): worst=147.93u bone[37]='bone_L-ringfinger-base.mesh' parent[20] R=43.7 exactJoint=90.67u pairs=36  (palette-wide exactWorst=133.91u)
[HANDS_ATTACH] mesh='hands_naked.mesh' owner='hands_naked.mesh' frame=3064 nb=38 wext=99.7 rebound=0
  TIER1 rest-coherence: worst=179.3deg bone[13]='bone_R-hand.mesh' count(>5deg)=8 freshRecap=0  xcheck(invOff-vs-restW) worst=179.3deg bone[13]
  TIER2 joint-attach(PRIMARY): worst=121.67u bone[8]='bone_R-index01.mesh' parent[13] R=48.0 exactJoint=61.72u pairs=30  (palette-wide exactWorst=63.07u)
[HANDS_ATTACH] mesh='hands_naked.mesh' owner='hands_naked.mesh' frame=3074 nb=38 wext=152.6 rebound=0
  TIER1 rest-coherence: worst=128.8deg bone[0]='bone_R-foreTwist1.mesh' count(>5deg)=8 freshRecap=0  xcheck(invOff-vs-restW) worst=128.8deg bone[0]
  TIER2 joint-attach(PRIMARY): worst=185.47u bone[23]='bone_L-middlefinger01.mesh' parent[29] R=48.1 exactJoint=130.15u pairs=30  (palette-wide exactWorst=130.15u)
[HANDS_ATTACH] mesh='hands_naked.mesh' owner='hands_naked.mesh' frame=3074 nb=40 wext=151.0 rebound=0
  TIER1 rest-coherence: worst=174.5deg bone[2]='bone_R-foreTwist2.mesh' count(>5deg)=6 freshRecap=0  xcheck(invOff-vs-restW) worst=174.5deg bone[3]
  TIER2 joint-attach(PRIMARY): worst=151.79u bone[21]='bone_R-ringfinger-base.mesh' parent[1] R=43.7 exactJoint=130.35u pairs=36  (palette-wide exactWorst=131.38u)
[HANDS_ATTACH] mesh='hands_naked.mesh' owner='hands_naked.mesh' frame=3074 nb=38 wext=101.4 rebound=0
  TIER1 rest-coherence: worst=179.3deg bone[13]='bone_R-hand.mesh' count(>5deg)=8 freshRecap=0  xcheck(invOff-vs-restW) worst=179.3deg bone[13]
  TIER2 joint-attach(PRIMARY): worst=123.02u bone[30]='bone_L-index01.mesh' parent[29] R=48.0 exactJoint=51.43u pairs=30  (palette-wide exactWorst=61.28u)
[HANDS_ATTACH] mesh='hands_naked.mesh' owner='hands_naked.mesh' frame=3084 nb=38 wext=153.8 rebound=0
  TIER1 rest-coherence: worst=128.8deg bone[0]='bone_R-foreTwist1.mesh' count(>5deg)=8 freshRecap=0  xcheck(invOff-vs-restW) worst=128.8deg bone[0]
  TIER2 joint-attach(PRIMARY): worst=185.64u bone[23]='bone_L-middlefinger01.mesh' parent[29] R=48.1 exactJoint=131.87u pairs=30  (palette-wide exactWorst=131.87u)
[HANDS_ATTACH] mesh='hands_naked.mesh' owner='hands_naked.mesh' frame=3084 nb=40 wext=152.2 rebound=0
  TIER1 rest-coherence: worst=168.8deg bone[2]='bone_R-foreTwist2.mesh' count(>5deg)=6 freshRecap=0  xcheck(invOff-vs-restW) worst=168.8deg bone[3]
  TIER2 joint-attach(PRIMARY): worst=158.80u bone[21]='bone_R-ringfinger-base.mesh' parent[1] R=43.7 exactJoint=130.68u pairs=36  (palette-wide exactWorst=131.75u)
[HANDS_ATTACH] mesh='hands_naked.mesh' owner='hands_naked.mesh' frame=3084 nb=38 wext=103.9 rebound=0
  TIER1 rest-coherence: worst=179.6deg bone[0]='bone_R-foreTwist1.mesh' count(>5deg)=8 freshRecap=0  xcheck(invOff-vs-restW) worst=179.6deg bone[0]
  TIER2 joint-attach(PRIMARY): worst=127.21u bone[8]='bone_R-index01.mesh' parent[13] R=48.0 exactJoint=64.76u pairs=30  (palette-wide exactWorst=66.12u)
[HANDS_ATTACH] mesh='hands_naked.mesh' owner='hands_naked.mesh' frame=3094 nb=38 wext=156.3 rebound=0
  TIER1 rest-coherence: worst=128.3deg bone[0]='bone_R-foreTwist1.mesh' count(>5deg)=8 freshRecap=0  xcheck(invOff-vs-restW) worst=128.3deg bone[0]
  TIER2 joint-attach(PRIMARY): worst=176.96u bone[23]='bone_L-middlefinger01.mesh' parent[29] R=48.1 exactJoint=134.15u pairs=30  (palette-wide exactWorst=134.15u)
[HANDS_ATTACH] mesh='hands_naked.mesh' owner='hands_naked.mesh' frame=3094 nb=40 wext=152.6 rebound=0
  TIER1 rest-coherence: worst=159.6deg bone[1]='bone_R-hand.mesh' count(>5deg)=6 freshRecap=0  xcheck(invOff-vs-restW) worst=159.6deg bone[1]
  TIER2 joint-attach(PRIMARY): worst=160.75u bone[37]='bone_L-ringfinger-base.mesh' parent[20] R=43.7 exactJoint=99.05u pairs=36  (palette-wide exactWorst=113.26u)
[HANDS_ATTACH] mesh='hands_naked.mesh' owner='hands_naked.mesh' frame=3094 nb=38 wext=104.4 rebound=0
  TIER1 rest-coherence: worst=174.9deg bone[13]='bone_R-hand.mesh' count(>5deg)=8 freshRecap=0  xcheck(invOff-vs-restW) worst=174.9deg bone[13]
  TIER2 joint-attach(PRIMARY): worst=124.94u bone[8]='bone_R-index01.mesh' parent[13] R=48.0 exactJoint=62.96u pairs=30  (palette-wide exactWorst=64.30u)
[HANDS_ATTACH] mesh='hands_naked.mesh' owner='hands_naked.mesh' frame=3104 nb=38 wext=158.6 rebound=0
  TIER1 rest-coherence: worst=128.3deg bone[0]='bone_R-foreTwist1.mesh' count(>5deg)=8 freshRecap=0  xcheck(invOff-vs-restW) worst=128.3deg bone[0]
  TIER2 joint-attach(PRIMARY): worst=165.60u bone[23]='bone_L-middlefinger01.mesh' parent[29] R=48.1 exactJoint=134.49u pairs=30  (palette-wide exactWorst=134.49u)
[HANDS_ATTACH] mesh='hands_naked.mesh' owner='hands_naked.mesh' frame=3104 nb=40 wext=153.5 rebound=0
  TIER1 rest-coherence: worst=129.9deg bone[1]='bone_R-hand.mesh' count(>5deg)=6 freshRecap=0  xcheck(invOff-vs-restW) worst=129.9deg bone[1]
  TIER2 joint-attach(PRIMARY): worst=161.50u bone[21]='bone_R-ringfinger-base.mesh' parent[1] R=43.7 exactJoint=129.13u pairs=36  (palette-wide exactWorst=130.26u)
[HANDS_ATTACH] mesh='hands_naked.mesh' owner='hands_naked.mesh' frame=3104 nb=38 wext=103.5 rebound=0
  TIER1 rest-coherence: worst=179.2deg bone[13]='bone_R-hand.mesh' count(>5deg)=8 freshRecap=0  xcheck(invOff-vs-restW) worst=179.2deg bone[13]
  TIER2 joint-attach(PRIMARY): worst=123.41u bone[30]='bone_L-index01.mesh' parent[29] R=48.0 exactJoint=51.82u pairs=30  (palette-wide exactWorst=60.33u)
[HANDS_ATTACH] mesh='hands_naked.mesh' owner='hands_naked.mesh' frame=3114 nb=38 wext=151.6 rebound=0
  TIER1 rest-coherence: worst=128.8deg bone[29]='bone_L-hand.mesh' count(>5deg)=8 freshRecap=0  xcheck(invOff-vs-restW) worst=128.8deg bone[29]
  TIER2 joint-attach(PRIMARY): worst=176.08u bone[23]='bone_L-middlefinger01.mesh' parent[29] R=48.1 exactJoint=126.37u pairs=30  (palette-wide exactWorst=126.37u)
[HANDS_ATTACH] mesh='hands_naked.mesh' owner='hands_naked.mesh' frame=3114 nb=40 wext=155.4 rebound=0
  TIER1 rest-coherence: worst=115.6deg bone[2]='bone_R-foreTwist2.mesh' count(>5deg)=6 freshRecap=0  xcheck(invOff-vs-restW) worst=115.6deg bone[2]
  TIER2 joint-attach(PRIMARY): worst=166.91u bone[37]='bone_L-ringfinger-base.mesh' parent[20] R=43.7 exactJoint=98.83u pairs=36  (palette-wide exactWorst=134.49u)
[HANDS_ATTACH] mesh='hands_naked.mesh' owner='hands_naked.mesh' frame=3114 nb=38 wext=105.2 rebound=0
  TIER1 rest-coherence: worst=170.0deg bone[5]='bone_R-foreArm.mesh' count(>5deg)=8 freshRecap=0  xcheck(invOff-vs-restW) worst=170.0deg bone[5]
  TIER2 joint-attach(PRIMARY): worst=128.98u bone[8]='bone_R-index01.mesh' parent[13] R=48.0 exactJoint=63.63u pairs=30  (palette-wide exactWorst=65.02u)
[HANDS_ATTACH] mesh='hands_naked.mesh' owner='hands_naked.mesh' frame=3124 nb=38 wext=151.1 rebound=0
  TIER1 rest-coherence: worst=128.8deg bone[29]='bone_L-hand.mesh' count(>5deg)=8 freshRecap=0  xcheck(invOff-vs-restW) worst=128.8deg bone[29]
  TIER2 joint-attach(PRIMARY): worst=176.06u bone[23]='bone_L-middlefinger01.mesh' parent[29] R=48.1 exactJoint=123.39u pairs=30  (palette-wide exactWorst=123.39u)
[HANDS_ATTACH] mesh='hands_naked.mesh' owner='hands_naked.mesh' frame=3124 nb=40 wext=153.8 rebound=0
  TIER1 rest-coherence: worst=137.4deg bone[2]='bone_R-foreTwist2.mesh' count(>5deg)=6 freshRecap=0  xcheck(invOff-vs-restW) worst=137.4deg bone[3]
  TIER2 joint-attach(PRIMARY): worst=173.21u bone[21]='bone_R-ringfinger-base.mesh' parent[1] R=43.7 exactJoint=128.99u pairs=36  (palette-wide exactWorst=130.21u)
[HANDS_ATTACH] mesh='hands_naked.mesh' owner='hands_naked.mesh' frame=3124 nb=38 wext=104.2 rebound=0
  TIER1 rest-coherence: worst=170.0deg bone[5]='bone_R-foreArm.mesh' count(>5deg)=8 freshRecap=0  xcheck(invOff-vs-restW) worst=170.0deg bone[5]
  TIER2 joint-attach(PRIMARY): worst=117.37u bone[30]='bone_L-index01.mesh' parent[29] R=48.0 exactJoint=51.52u pairs=30  (palette-wide exactWorst=61.15u)
[HANDS_ATTACH] mesh='hands_naked.mesh' owner='hands_naked.mesh' frame=3134 nb=38 wext=150.8 rebound=0
  TIER1 rest-coherence: worst=128.8deg bone[29]='bone_L-hand.mesh' count(>5deg)=8 freshRecap=0  xcheck(invOff-vs-restW) worst=128.8deg bone[29]
  TIER2 joint-attach(PRIMARY): worst=177.50u bone[23]='bone_L-middlefinger01.mesh' parent[29] R=48.1 exactJoint=120.71u pairs=30  (palette-wide exactWorst=120.71u)
[HANDS_ATTACH] mesh='hands_naked.mesh' owner='hands_naked.mesh' frame=3134 nb=40 wext=152.9 rebound=0
  TIER1 rest-coherence: worst=126.1deg bone[1]='bone_R-hand.mesh' count(>5deg)=6 freshRecap=0  xcheck(invOff-vs-restW) worst=126.1deg bone[1]
  TIER2 joint-attach(PRIMARY): worst=156.25u bone[21]='bone_R-ringfinger-base.mesh' parent[1] R=43.7 exactJoint=131.60u pairs=36  (palette-wide exactWorst=132.67u)
[HANDS_ATTACH] mesh='hands_naked.mesh' owner='hands_naked.mesh' frame=3134 nb=38 wext=103.1 rebound=0
  TIER1 rest-coherence: worst=170.0deg bone[5]='bone_R-foreArm.mesh' count(>5deg)=8 freshRecap=0  xcheck(invOff-vs-restW) worst=170.0deg bone[5]
  TIER2 joint-attach(PRIMARY): worst=121.49u bone[30]='bone_L-index01.mesh' parent[29] R=48.0 exactJoint=50.91u pairs=30  (palette-wide exactWorst=63.27u)
[HANDS_ATTACH] mesh='hands_naked.mesh' owner='hands_naked.mesh' frame=3144 nb=38 wext=150.9 rebound=0
  TIER1 rest-coherence: worst=128.8deg bone[29]='bone_L-hand.mesh' count(>5deg)=8 freshRecap=0  xcheck(invOff-vs-restW) worst=128.8deg bone[29]
  TIER2 joint-attach(PRIMARY): worst=182.84u bone[1]='bone_R-middlefinger01.mesh' parent[13] R=48.1 exactJoint=49.98u pairs=30  (palette-wide exactWorst=119.02u)
[HANDS_ATTACH] mesh='hands_naked.mesh' owner='hands_naked.mesh' frame=3144 nb=40 wext=156.2 rebound=0
  TIER1 rest-coherence: worst=155.3deg bone[2]='bone_R-foreTwist2.mesh' count(>5deg)=6 freshRecap=0  xcheck(invOff-vs-restW) worst=155.3deg bone[3]
  TIER2 joint-attach(PRIMARY): worst=160.88u bone[21]='bone_R-ringfinger-base.mesh' parent[1] R=43.7 exactJoint=133.58u pairs=36  (palette-wide exactWorst=134.67u)
[HANDS_ATTACH] mesh='hands_naked.mesh' owner='hands_naked.mesh' frame=3144 nb=38 wext=104.0 rebound=0
  TIER1 rest-coherence: worst=137.2deg bone[5]='bone_R-foreArm.mesh' count(>5deg)=8 freshRecap=0  xcheck(invOff-vs-restW) worst=137.2deg bone[5]
  TIER2 joint-attach(PRIMARY): worst=113.68u bone[8]='bone_R-index01.mesh' parent[13] R=48.0 exactJoint=63.95u pairs=30  (palette-wide exactWorst=65.24u)
[HANDS_ATTACH] mesh='hands_naked.mesh' owner='hands_naked.mesh' frame=3154 nb=38 wext=151.6 rebound=0
  TIER1 rest-coherence: worst=128.8deg bone[29]='bone_L-hand.mesh' count(>5deg)=8 freshRecap=0  xcheck(invOff-vs-restW) worst=128.8deg bone[29]
  TIER2 joint-attach(PRIMARY): worst=183.19u bone[23]='bone_L-middlefinger01.mesh' parent[29] R=48.1 exactJoint=117.27u pairs=30  (palette-wide exactWorst=117.27u)
[HANDS_ATTACH] mesh='hands_naked.mesh' owner='hands_naked.mesh' frame=3154 nb=40 wext=155.2 rebound=0
  TIER1 rest-coherence: worst=139.5deg bone[3]='bone_R-foreTwist1.mesh' count(>5deg)=6 freshRecap=0  xcheck(invOff-vs-restW) worst=139.5deg bone[3]
  TIER2 joint-attach(PRIMARY): worst=161.50u bone[37]='bone_L-ringfinger-base.mesh' parent[20] R=43.7 exactJoint=100.17u pairs=36  (palette-wide exactWorst=134.21u)
[HANDS_ATTACH] mesh='hands_naked.mesh' owner='hands_naked.mesh' frame=3154 nb=38 wext=100.7 rebound=0
  TIER1 rest-coherence: worst=153.5deg bone[5]='bone_R-foreArm.mesh' count(>5deg)=8 freshRecap=0  xcheck(invOff-vs-restW) worst=153.5deg bone[5]
  TIER2 joint-attach(PRIMARY): worst=123.30u bone[8]='bone_R-index01.mesh' parent[13] R=48.0 exactJoint=62.82u pairs=30  (palette-wide exactWorst=64.16u)
[HANDS_ATTACH] mesh='hands_naked.mesh' owner='hands_naked.mesh' frame=3164 nb=38 wext=151.2 rebound=0
  TIER1 rest-coherence: worst=119.9deg bone[29]='bone_L-hand.mesh' count(>5deg)=8 freshRecap=0  xcheck(invOff-vs-restW) worst=119.9deg bone[29]
  TIER2 joint-attach(PRIMARY): worst=178.69u bone[1]='bone_R-middlefinger01.mesh' parent[13] R=48.1 exactJoint=51.96u pairs=30  (palette-wide exactWorst=128.02u)
[HANDS_ATTACH] mesh='hands_naked.mesh' owner='hands_naked.mesh' frame=3164 nb=40 wext=154.8 rebound=0
  TIER1 rest-coherence: worst=171.5deg bone[2]='bone_R-foreTwist2.mesh' count(>5deg)=6 freshRecap=0  xcheck(invOff-vs-restW) worst=171.5deg bone[3]
  TIER2 joint-attach(PRIMARY): worst=158.98u bone[37]='bone_L-ringfinger-base.mesh' parent[20] R=43.7 exactJoint=98.56u pairs=36  (palette-wide exactWorst=132.91u)
[HANDS_ATTACH] mesh='hands_naked.mesh' owner='hands_naked.mesh' frame=3164 nb=38 wext=101.9 rebound=0
  TIER1 rest-coherence: worst=157.2deg bone[5]='bone_R-foreArm.mesh' count(>5deg)=8 freshRecap=0  xcheck(invOff-vs-restW) worst=157.2deg bone[5]
  TIER2 joint-attach(PRIMARY): worst=126.95u bone[8]='bone_R-index01.mesh' parent[13] R=48.0 exactJoint=62.90u pairs=30  (palette-wide exactWorst=64.30u)
[HANDS_ATTACH] mesh='hands_naked.mesh' owner='hands_naked.mesh' frame=3174 nb=38 wext=164.7 rebound=0
  TIER1 rest-coherence: worst=128.3deg bone[29]='bone_L-hand.mesh' count(>5deg)=8 freshRecap=0  xcheck(invOff-vs-restW) worst=128.3deg bone[29]
  TIER2 joint-attach(PRIMARY): worst=174.54u bone[30]='bone_L-index01.mesh' parent[29] R=48.0 exactJoint=116.16u pairs=30  (palette-wide exactWorst=117.61u)
[HANDS_ATTACH] mesh='hands_naked.mesh' owner='hands_naked.mesh' frame=3174 nb=40 wext=150.2 rebound=0
  TIER1 rest-coherence: worst=176.7deg bone[1]='bone_R-hand.mesh' count(>5deg)=6 freshRecap=0  xcheck(invOff-vs-restW) worst=176.7deg bone[1]
  TIER2 joint-attach(PRIMARY): worst=164.91u bone[21]='bone_R-ringfinger-base.mesh' parent[1] R=43.7 exactJoint=114.16u pairs=36  (palette-wide exactWorst=115.33u)
[HANDS_ATTACH] mesh='hands_naked.mesh' owner='hands_naked.mesh' frame=3174 nb=38 wext=107.7 rebound=0
  TIER1 rest-coherence: worst=131.2deg bone[22]='bone_L-foreArm.mesh' count(>5deg)=8 freshRecap=0  xcheck(invOff-vs-restW) worst=131.2deg bone[22]
  TIER2 joint-attach(PRIMARY): worst=80.52u bone[23]='bone_L-middlefinger01.mesh' parent[29] R=48.1 exactJoint=61.11u pairs=30  (palette-wide exactWorst=61.11u)
[HANDS_ATTACH] mesh='hands_naked.mesh' owner='hands_naked.mesh' frame=3184 nb=38 wext=168.4 rebound=0
  TIER1 rest-coherence: worst=128.3deg bone[29]='bone_L-hand.mesh' count(>5deg)=8 freshRecap=0  xcheck(invOff-vs-restW) worst=128.3deg bone[29]
  TIER2 joint-attach(PRIMARY): worst=174.84u bone[8]='bone_R-index01.mesh' parent[13] R=48.0 exactJoint=99.37u pairs=30  (palette-wide exactWorst=117.50u)
[HANDS_ATTACH] mesh='hands_naked.mesh' owner='hands_naked.mesh' frame=3184 nb=40 wext=149.2 rebound=0
  TIER1 rest-coherence: worst=177.0deg bone[1]='bone_R-hand.mesh' count(>5deg)=6 freshRecap=0  xcheck(invOff-vs-restW) worst=177.0deg bone[1]
  TIER2 joint-attach(PRIMARY): worst=164.23u bone[37]='bone_L-ringfinger-base.mesh' parent[20] R=43.7 exactJoint=107.26u pairs=36  (palette-wide exactWorst=115.82u)
[HANDS_ATTACH] mesh='hands_naked.mesh' owner='hands_naked.mesh' frame=3184 nb=38 wext=107.0 rebound=0
  TIER1 rest-coherence: worst=137.3deg bone[22]='bone_L-foreArm.mesh' count(>5deg)=8 freshRecap=0  xcheck(invOff-vs-restW) worst=137.3deg bone[22]
  TIER2 joint-attach(PRIMARY): worst=76.28u bone[23]='bone_L-middlefinger01.mesh' parent[29] R=48.1 exactJoint=60.76u pairs=30  (palette-wide exactWorst=60.76u)
[HANDS_ATTACH] mesh='hands_naked.mesh' owner='hands_naked.mesh' frame=3194 nb=38 wext=166.1 rebound=0
  TIER1 rest-coherence: worst=128.3deg bone[29]='bone_L-hand.mesh' count(>5deg)=8 freshRecap=0  xcheck(invOff-vs-restW) worst=128.3deg bone[29]
  TIER2 joint-attach(PRIMARY): worst=173.17u bone[8]='bone_R-index01.mesh' parent[13] R=48.0 exactJoint=95.09u pairs=30  (palette-wide exactWorst=117.17u)
[HANDS_ATTACH] mesh='hands_naked.mesh' owner='hands_naked.mesh' frame=3194 nb=40 wext=146.3 rebound=0
  TIER1 rest-coherence: worst=177.0deg bone[1]='bone_R-hand.mesh' count(>5deg)=6 freshRecap=0  xcheck(invOff-vs-restW) worst=177.0deg bone[1]
  TIER2 joint-attach(PRIMARY): worst=166.86u bone[37]='bone_L-ringfinger-base.mesh' parent[20] R=43.7 exactJoint=106.77u pairs=36  (palette-wide exactWorst=112.38u)
[HANDS_ATTACH] mesh='hands_naked.mesh' owner='hands_naked.mesh' frame=3194 nb=38 wext=106.6 rebound=0
  TIER1 rest-coherence: worst=137.3deg bone[22]='bone_L-foreArm.mesh' count(>5deg)=8 freshRecap=0  xcheck(invOff-vs-restW) worst=137.3deg bone[22]
  TIER2 joint-attach(PRIMARY): worst=70.83u bone[1]='bone_R-middlefinger01.mesh' parent[13] R=48.1 exactJoint=18.45u pairs=30  (palette-wide exactWorst=58.19u)
[HANDS_ATTACH] mesh='hands_naked.mesh' owner='hands_naked.mesh' frame=3204 nb=38 wext=165.7 rebound=0
  TIER1 rest-coherence: worst=128.3deg bone[29]='bone_L-hand.mesh' count(>5deg)=8 freshRecap=0  xcheck(invOff-vs-restW) worst=128.3deg bone[29]
  TIER2 joint-attach(PRIMARY): worst=171.35u bone[8]='bone_R-index01.mesh' parent[13] R=48.0 exactJoint=94.45u pairs=30  (palette-wide exactWorst=117.44u)
[HANDS_ATTACH] mesh='hands_naked.mesh' owner='hands_naked.mesh' frame=3204 nb=40 wext=146.5 rebound=0
  TIER1 rest-coherence: worst=164.1deg bone[1]='bone_R-hand.mesh' count(>5deg)=6 freshRecap=0  xcheck(invOff-vs-restW) worst=164.1deg bone[1]
  TIER2 joint-attach(PRIMARY): worst=169.75u bone[37]='bone_L-ringfinger-base.mesh' parent[20] R=43.7 exactJoint=110.16u pairs=36  (palette-wide exactWorst=111.26u)
[HANDS_ATTACH] mesh='hands_naked.mesh' owner='hands_naked.mesh' frame=3204 nb=38 wext=106.4 rebound=0
  TIER1 rest-coherence: worst=137.3deg bone[22]='bone_L-foreArm.mesh' count(>5deg)=8 freshRecap=0  xcheck(invOff-vs-restW) worst=137.3deg bone[22]
  TIER2 joint-attach(PRIMARY): worst=69.92u bone[1]='bone_R-middlefinger01.mesh' parent[13] R=48.1 exactJoint=18.54u pairs=30  (palette-wide exactWorst=56.39u)
[HANDS_ATTACH] mesh='hands_naked.mesh' owner='hands_naked.mesh' frame=3214 nb=38 wext=164.4 rebound=0
  TIER1 rest-coherence: worst=128.3deg bone[29]='bone_L-hand.mesh' count(>5deg)=8 freshRecap=0  xcheck(invOff-vs-restW) worst=128.3deg bone[29]
  TIER2 joint-attach(PRIMARY): worst=169.92u bone[8]='bone_R-index01.mesh' parent[13] R=48.0 exactJoint=93.63u pairs=30  (palette-wide exactWorst=116.86u)
[HANDS_ATTACH] mesh='hands_naked.mesh' owner='hands_naked.mesh' frame=3214 nb=40 wext=149.7 rebound=0
  TIER1 rest-coherence: worst=164.1deg bone[1]='bone_R-hand.mesh' count(>5deg)=6 freshRecap=0  xcheck(invOff-vs-restW) worst=164.1deg bone[1]
  TIER2 joint-attach(PRIMARY): worst=168.11u bone[37]='bone_L-ringfinger-base.mesh' parent[20] R=43.7 exactJoint=110.68u pairs=36  (palette-wide exactWorst=112.42u)
[HANDS_ATTACH] mesh='hands_naked.mesh' owner='hands_naked.mesh' frame=3214 nb=38 wext=106.9 rebound=0
  TIER1 rest-coherence: worst=137.3deg bone[22]='bone_L-foreArm.mesh' count(>5deg)=8 freshRecap=0  xcheck(invOff-vs-restW) worst=137.3deg bone[22]
  TIER2 joint-attach(PRIMARY): worst=69.40u bone[1]='bone_R-middlefinger01.mesh' parent[13] R=48.1 exactJoint=19.02u pairs=30  (palette-wide exactWorst=58.87u)
[HANDS_ATTACH] mesh='hands_naked.mesh' owner='hands_naked.mesh' frame=3224 nb=38 wext=163.3 rebound=0
  TIER1 rest-coherence: worst=128.3deg bone[29]='bone_L-hand.mesh' count(>5deg)=8 freshRecap=0  xcheck(invOff-vs-restW) worst=128.3deg bone[29]
  TIER2 joint-attach(PRIMARY): worst=173.04u bone[8]='bone_R-index01.mesh' parent[13] R=48.0 exactJoint=93.11u pairs=30  (palette-wide exactWorst=115.79u)
[HANDS_ATTACH] mesh='hands_naked.mesh' owner='hands_naked.mesh' frame=3224 nb=40 wext=147.9 rebound=0
  TIER1 rest-coherence: worst=179.1deg bone[1]='bone_R-hand.mesh' count(>5deg)=6 freshRecap=0  xcheck(invOff-vs-restW) worst=179.1deg bone[1]
  TIER2 joint-attach(PRIMARY): worst=164.52u bone[37]='bone_L-ringfinger-base.mesh' parent[20] R=43.7 exactJoint=111.60u pairs=36  (palette-wide exactWorst=112.59u)
[HANDS_ATTACH] mesh='hands_naked.mesh' owner='hands_naked.mesh' frame=3224 nb=38 wext=107.1 rebound=0
  TIER1 rest-coherence: worst=137.3deg bone[22]='bone_L-foreArm.mesh' count(>5deg)=8 freshRecap=0  xcheck(invOff-vs-restW) worst=137.3deg bone[22]
  TIER2 joint-attach(PRIMARY): worst=69.74u bone[1]='bone_R-middlefinger01.mesh' parent[13] R=48.1 exactJoint=18.38u pairs=30  (palette-wide exactWorst=57.79u)
[HANDS_ATTACH] mesh='hands_naked.mesh' owner='hands_naked.mesh' frame=3234 nb=38 wext=162.0 rebound=0
  TIER1 rest-coherence: worst=128.3deg bone[29]='bone_L-hand.mesh' count(>5deg)=8 freshRecap=0  xcheck(invOff-vs-restW) worst=128.3deg bone[29]
  TIER2 joint-attach(PRIMARY): worst=176.20u bone[8]='bone_R-index01.mesh' parent[13] R=48.0 exactJoint=92.58u pairs=30  (palette-wide exactWorst=114.68u)
[HANDS_ATTACH] mesh='hands_naked.mesh' owner='hands_naked.mesh' frame=3234 nb=40 wext=146.7 rebound=0
  TIER1 rest-coherence: worst=173.7deg bone[3]='bone_R-foreTwist1.mesh' count(>5deg)=6 freshRecap=0  xcheck(invOff-vs-restW) worst=173.7deg bone[3]
  TIER2 joint-attach(PRIMARY): worst=167.52u bone[37]='bone_L-ringfinger-base.mesh' parent[20] R=43.7 exactJoint=112.40u pairs=36  (palette-wide exactWorst=113.44u)
[HANDS_ATTACH] mesh='hands_naked.mesh' owner='hands_naked.mesh' frame=3234 nb=38 wext=106.7 rebound=0
  TIER1 rest-coherence: worst=137.3deg bone[22]='bone_L-foreArm.mesh' count(>5deg)=8 freshRecap=0  xcheck(invOff-vs-restW) worst=137.3deg bone[22]
  TIER2 joint-attach(PRIMARY): worst=91.99u bone[1]='bone_R-middlefinger01.mesh' parent[13] R=48.1 exactJoint=13.47u pairs=30  (palette-wide exactWorst=63.69u)
[HANDS_ATTACH] mesh='hands_naked.mesh' owner='hands_naked.mesh' frame=3244 nb=38 wext=161.8 rebound=0
  TIER1 rest-coherence: worst=128.3deg bone[29]='bone_L-hand.mesh' count(>5deg)=8 freshRecap=0  xcheck(invOff-vs-restW) worst=128.3deg bone[29]
  TIER2 joint-attach(PRIMARY): worst=172.12u bone[8]='bone_R-index01.mesh' parent[13] R=48.0 exactJoint=95.45u pairs=30  (palette-wide exactWorst=113.38u)
[HANDS_ATTACH] mesh='hands_naked.mesh' owner='hands_naked.mesh' frame=3244 nb=40 wext=146.6 rebound=0
  TIER1 rest-coherence: worst=175.9deg bone[2]='bone_R-foreTwist2.mesh' count(>5deg)=6 freshRecap=0  xcheck(invOff-vs-restW) worst=175.9deg bone[3]
  TIER2 joint-attach(PRIMARY): worst=164.47u bone[21]='bone_R-ringfinger-base.mesh' parent[1] R=43.7 exactJoint=108.50u pairs=36  (palette-wide exactWorst=109.46u)
[HANDS_ATTACH] mesh='hands_naked.mesh' owner='hands_naked.mesh' frame=3244 nb=38 wext=108.5 rebound=0
  TIER1 rest-coherence: worst=137.3deg bone[22]='bone_L-foreArm.mesh' count(>5deg)=8 freshRecap=0  xcheck(invOff-vs-restW) worst=137.3deg bone[22]
  TIER2 joint-attach(PRIMARY): worst=92.56u bone[23]='bone_L-middlefinger01.mesh' parent[29] R=48.1 exactJoint=64.97u pairs=30  (palette-wide exactWorst=64.97u)
[HANDS_ATTACH] mesh='hands_naked.mesh' owner='hands_naked.mesh' frame=3254 nb=38 wext=159.5 rebound=0
  TIER1 rest-coherence: worst=128.3deg bone[29]='bone_L-hand.mesh' count(>5deg)=8 freshRecap=0  xcheck(invOff-vs-restW) worst=128.3deg bone[29]
  TIER2 joint-attach(PRIMARY): worst=171.47u bone[8]='bone_R-index01.mesh' parent[13] R=48.0 exactJoint=93.46u pairs=30  (palette-wide exactWorst=112.24u)
[HANDS_ATTACH] mesh='hands_naked.mesh' owner='hands_naked.mesh' frame=3254 nb=40 wext=146.8 rebound=0
  TIER1 rest-coherence: worst=179.2deg bone[3]='bone_R-foreTwist1.mesh' count(>5deg)=6 freshRecap=0  xcheck(invOff-vs-restW) worst=179.2deg bone[3]
  TIER2 joint-attach(PRIMARY): worst=158.04u bone[21]='bone_R-ringfinger-base.mesh' parent[1] R=43.7 exactJoint=107.72u pairs=36  (palette-wide exactWorst=108.81u)
[HANDS_ATTACH] mesh='hands_naked.mesh' owner='hands_naked.mesh' frame=3254 nb=38 wext=105.9 rebound=0
  TIER1 rest-coherence: worst=128.3deg bone[22]='bone_L-foreArm.mesh' count(>5deg)=8 freshRecap=0  xcheck(invOff-vs-restW) worst=128.3deg bone[22]
  TIER2 joint-attach(PRIMARY): worst=78.25u bone[23]='bone_L-middlefinger01.mesh' parent[29] R=48.1 exactJoint=63.98u pairs=30  (palette-wide exactWorst=63.98u)
[HANDS_ATTACH] mesh='hands_naked.mesh' owner='hands_naked.mesh' frame=3264 nb=38 wext=160.6 rebound=0
  TIER1 rest-coherence: worst=140.5deg bone[29]='bone_L-hand.mesh' count(>5deg)=8 freshRecap=0  xcheck(invOff-vs-restW) worst=140.5deg bone[29]
  TIER2 joint-attach(PRIMARY): worst=171.19u bone[30]='bone_L-index01.mesh' parent[29] R=48.0 exactJoint=112.75u pairs=30  (palette-wide exactWorst=114.17u)
[HANDS_ATTACH] mesh='hands_naked.mesh' owner='hands_naked.mesh' frame=3264 nb=40 wext=147.9 rebound=0
  TIER1 rest-coherence: worst=171.6deg bone[3]='bone_R-foreTwist1.mesh' count(>5deg)=6 freshRecap=0  xcheck(invOff-vs-restW) worst=171.6deg bone[3]
  TIER2 joint-attach(PRIMARY): worst=159.73u bone[21]='bone_R-ringfinger-base.mesh' parent[1] R=43.7 exactJoint=107.88u pairs=36  (palette-wide exactWorst=109.60u)
[HANDS_ATTACH] mesh='hands_naked.mesh' owner='hands_naked.mesh' frame=3264 nb=38 wext=107.6 rebound=0
  TIER1 rest-coherence: worst=128.3deg bone[22]='bone_L-foreArm.mesh' count(>5deg)=8 freshRecap=0  xcheck(invOff-vs-restW) worst=128.3deg bone[22]
  TIER2 joint-attach(PRIMARY): worst=69.96u bone[1]='bone_R-middlefinger01.mesh' parent[13] R=48.1 exactJoint=14.28u pairs=30  (palette-wide exactWorst=59.31u)
[HANDS_ATTACH] mesh='hands_naked.mesh' owner='hands_naked.mesh' frame=3274 nb=38 wext=161.0 rebound=0
  TIER1 rest-coherence: worst=140.5deg bone[29]='bone_L-hand.mesh' count(>5deg)=8 freshRecap=0  xcheck(invOff-vs-restW) worst=140.5deg bone[29]
  TIER2 joint-attach(PRIMARY): worst=171.37u bone[8]='bone_R-index01.mesh' parent[13] R=48.0 exactJoint=94.42u pairs=30  (palette-wide exactWorst=113.23u)
[HANDS_ATTACH] mesh='hands_naked.mesh' owner='hands_naked.mesh' frame=3274 nb=40 wext=147.6 rebound=0
  TIER1 rest-coherence: worst=167.9deg bone[2]='bone_R-foreTwist2.mesh' count(>5deg)=6 freshRecap=0  xcheck(invOff-vs-restW) worst=167.9deg bone[3]
  TIER2 joint-attach(PRIMARY): worst=163.01u bone[37]='bone_L-ringfinger-base.mesh' parent[20] R=43.7 exactJoint=110.41u pairs=36  (palette-wide exactWorst=111.48u)
[HANDS_ATTACH] mesh='hands_naked.mesh' owner='hands_naked.mesh' frame=3274 nb=38 wext=107.0 rebound=0
  TIER1 rest-coherence: worst=128.3deg bone[22]='bone_L-foreArm.mesh' count(>5deg)=8 freshRecap=0  xcheck(invOff-vs-restW) worst=128.3deg bone[22]
  TIER2 joint-attach(PRIMARY): worst=67.71u bone[23]='bone_L-middlefinger01.mesh' parent[29] R=48.1 exactJoint=57.41u pairs=30  (palette-wide exactWorst=57.41u)
[HANDS_ATTACH] mesh='hands_naked.mesh' owner='hands_naked.mesh' frame=3284 nb=38 wext=159.8 rebound=0
  TIER1 rest-coherence: worst=140.5deg bone[29]='bone_L-hand.mesh' count(>5deg)=8 freshRecap=0  xcheck(invOff-vs-restW) worst=140.5deg bone[29]
  TIER2 joint-attach(PRIMARY): worst=172.25u bone[8]='bone_R-index01.mesh' parent[13] R=48.0 exactJoint=92.71u pairs=30  (palette-wide exactWorst=112.65u)
[HANDS_ATTACH] mesh='hands_naked.mesh' owner='hands_naked.mesh' frame=3284 nb=40 wext=147.4 rebound=0
  TIER1 rest-coherence: worst=167.9deg bone[2]='bone_R-foreTwist2.mesh' count(>5deg)=6 freshRecap=0  xcheck(invOff-vs-restW) worst=167.9deg bone[3]
  TIER2 joint-attach(PRIMARY): worst=160.86u bone[37]='bone_L-ringfinger-base.mesh' parent[20] R=43.7 exactJoint=109.97u pairs=36  (palette-wide exactWorst=114.73u)
[HANDS_ATTACH] mesh='hands_naked.mesh' owner='hands_naked.mesh' frame=3284 nb=38 wext=108.7 rebound=0
  TIER1 rest-coherence: worst=128.3deg bone[22]='bone_L-foreArm.mesh' count(>5deg)=8 freshRecap=0  xcheck(invOff-vs-restW) worst=128.3deg bone[22]
  TIER2 joint-attach(PRIMARY): worst=81.09u bone[23]='bone_L-middlefinger01.mesh' parent[29] R=48.1 exactJoint=63.23u pairs=30  (palette-wide exactWorst=63.23u)
[HANDS_ATTACH] mesh='hands_naked.mesh' owner='hands_naked.mesh' frame=3294 nb=38 wext=159.9 rebound=0
  TIER1 rest-coherence: worst=140.5deg bone[29]='bone_L-hand.mesh' count(>5deg)=8 freshRecap=0  xcheck(invOff-vs-restW) worst=140.5deg bone[29]
  TIER2 joint-attach(PRIMARY): worst=173.75u bone[8]='bone_R-index01.mesh' parent[13] R=48.0 exactJoint=92.75u pairs=30  (palette-wide exactWorst=112.26u)
[HANDS_ATTACH] mesh='hands_naked.mesh' owner='hands_naked.mesh' frame=3294 nb=40 wext=150.4 rebound=0
  TIER1 rest-coherence: worst=167.9deg bone[2]='bone_R-foreTwist2.mesh' count(>5deg)=6 freshRecap=0  xcheck(invOff-vs-restW) worst=167.9deg bone[3]
  TIER2 joint-attach(PRIMARY): worst=162.50u bone[37]='bone_L-ringfinger-base.mesh' parent[20] R=43.7 exactJoint=108.59u pairs=36  (palette-wide exactWorst=121.36u)
[HANDS_ATTACH] mesh='hands_naked.mesh' owner='hands_naked.mesh' frame=3294 nb=38 wext=106.6 rebound=0
  TIER1 rest-coherence: worst=128.8deg bone[22]='bone_L-foreArm.mesh' count(>5deg)=8 freshRecap=0  xcheck(invOff-vs-restW) worst=128.8deg bone[22]
  TIER2 joint-attach(PRIMARY): worst=99.20u bone[1]='bone_R-middlefinger01.mesh' parent[13] R=48.1 exactJoint=11.27u pairs=30  (palette-wide exactWorst=62.45u)
[HANDS_ATTACH] mesh='hands_naked.mesh' owner='hands_naked.mesh' frame=3304 nb=38 wext=162.2 rebound=0
  TIER1 rest-coherence: worst=146.9deg bone[29]='bone_L-hand.mesh' count(>5deg)=8 freshRecap=0  xcheck(invOff-vs-restW) worst=146.9deg bone[29]
  TIER2 joint-attach(PRIMARY): worst=174.87u bone[8]='bone_R-index01.mesh' parent[13] R=48.0 exactJoint=93.73u pairs=30  (palette-wide exactWorst=114.76u)
[HANDS_ATTACH] mesh='hands_naked.mesh' owner='hands_naked.mesh' frame=3304 nb=40 wext=148.6 rebound=0
  TIER1 rest-coherence: worst=154.8deg bone[2]='bone_R-foreTwist2.mesh' count(>5deg)=6 freshRecap=0  xcheck(invOff-vs-restW) worst=154.8deg bone[3]
  TIER2 joint-attach(PRIMARY): worst=159.40u bone[21]='bone_R-ringfinger-base.mesh' parent[1] R=43.7 exactJoint=109.62u pairs=36  (palette-wide exactWorst=111.56u)
[HANDS_ATTACH] mesh='hands_naked.mesh' owner='hands_naked.mesh' frame=3304 nb=38 wext=107.4 rebound=0
  TIER1 rest-coherence: worst=128.8deg bone[22]='bone_L-foreArm.mesh' count(>5deg)=8 freshRecap=0  xcheck(invOff-vs-restW) worst=128.8deg bone[22]
  TIER2 joint-attach(PRIMARY): worst=93.82u bone[1]='bone_R-middlefinger01.mesh' parent[13] R=48.1 exactJoint=13.12u pairs=30  (palette-wide exactWorst=63.15u)
[HANDS_ATTACH] mesh='hands_naked.mesh' owner='hands_naked.mesh' frame=3314 nb=38 wext=163.3 rebound=0
  TIER1 rest-coherence: worst=146.9deg bone[29]='bone_L-hand.mesh' count(>5deg)=8 freshRecap=0  xcheck(invOff-vs-restW) worst=146.9deg bone[29]
  TIER2 joint-attach(PRIMARY): worst=174.52u bone[8]='bone_R-index01.mesh' parent[13] R=48.0 exactJoint=94.72u pairs=30  (palette-wide exactWorst=115.26u)
[HANDS_ATTACH] mesh='hands_naked.mesh' owner='hands_naked.mesh' frame=3314 nb=40 wext=148.3 rebound=0
  TIER1 rest-coherence: worst=153.3deg bone[2]='bone_R-foreTwist2.mesh' count(>5deg)=6 freshRecap=0  xcheck(invOff-vs-restW) worst=153.3deg bone[3]
  TIER2 joint-attach(PRIMARY): worst=164.14u bone[21]='bone_R-ringfinger-base.mesh' parent[1] R=43.7 exactJoint=114.00u pairs=36  (palette-wide exactWorst=115.16u)
[HANDS_ATTACH] mesh='hands_naked.mesh' owner='hands_naked.mesh' frame=3314 nb=38 wext=103.5 rebound=0
  TIER1 rest-coherence: worst=133.5deg bone[5]='bone_R-foreArm.mesh' count(>5deg)=8 freshRecap=0  xcheck(invOff-vs-restW) worst=133.5deg bone[5]
  TIER2 joint-attach(PRIMARY): worst=88.79u bone[1]='bone_R-middlefinger01.mesh' parent[13] R=48.1 exactJoint=13.86u pairs=30  (palette-wide exactWorst=60.13u)
[HANDS_ATTACH] mesh='hands_naked.mesh' owner='hands_naked.mesh' frame=3324 nb=38 wext=164.2 rebound=0
  TIER1 rest-coherence: worst=146.9deg bone[29]='bone_L-hand.mesh' count(>5deg)=8 freshRecap=0  xcheck(invOff-vs-restW) worst=146.9deg bone[29]
  TIER2 joint-attach(PRIMARY): worst=174.08u bone[8]='bone_R-index01.mesh' parent[13] R=48.0 exactJoint=95.69u pairs=30  (palette-wide exactWorst=115.73u)
[HANDS_ATTACH] mesh='hands_naked.mesh' owner='hands_naked.mesh' frame=3324 nb=40 wext=149.0 rebound=0
  TIER1 rest-coherence: worst=155.5deg bone[3]='bone_R-foreTwist1.mesh' count(>5deg)=6 freshRecap=0  xcheck(invOff-vs-restW) worst=155.5deg bone[3]
  TIER2 joint-attach(PRIMARY): worst=171.84u bone[37]='bone_L-ringfinger-base.mesh' parent[20] R=43.7 exactJoint=108.24u pairs=36  (palette-wide exactWorst=114.55u)
[HANDS_ATTACH] mesh='hands_naked.mesh' owner='hands_naked.mesh' frame=3324 nb=38 wext=104.4 rebound=0
  TIER1 rest-coherence: worst=151.3deg bone[5]='bone_R-foreArm.mesh' count(>5deg)=8 freshRecap=0  xcheck(invOff-vs-restW) worst=151.3deg bone[5]
  TIER2 joint-attach(PRIMARY): worst=88.50u bone[1]='bone_R-middlefinger01.mesh' parent[13] R=48.1 exactJoint=13.91u pairs=30  (palette-wide exactWorst=59.55u)
[HANDS_ATTACH] mesh='hands_naked.mesh' owner='hands_naked.mesh' frame=3334 nb=38 wext=165.7 rebound=0
  TIER1 rest-coherence: worst=146.9deg bone[29]='bone_L-hand.mesh' count(>5deg)=8 freshRecap=0  xcheck(invOff-vs-restW) worst=146.9deg bone[29]
  TIER2 joint-attach(PRIMARY): worst=175.56u bone[30]='bone_L-index01.mesh' parent[29] R=48.0 exactJoint=115.15u pairs=30  (palette-wide exactWorst=116.60u)
[HANDS_ATTACH] mesh='hands_naked.mesh' owner='hands_naked.mesh' frame=3334 nb=40 wext=149.2 rebound=0
  TIER1 rest-coherence: worst=169.5deg bone[1]='bone_R-hand.mesh' count(>5deg)=6 freshRecap=0  xcheck(invOff-vs-restW) worst=169.5deg bone[1]
  TIER2 joint-attach(PRIMARY): worst=162.51u bone[37]='bone_L-ringfinger-base.mesh' parent[20] R=43.7 exactJoint=112.57u pairs=36  (palette-wide exactWorst=113.55u)
[HANDS_ATTACH] mesh='hands_naked.mesh' owner='hands_naked.mesh' frame=3334 nb=38 wext=103.7 rebound=0
  TIER1 rest-coherence: worst=136.9deg bone[5]='bone_R-foreArm.mesh' count(>5deg)=8 freshRecap=0  xcheck(invOff-vs-restW) worst=136.9deg bone[5]
  TIER2 joint-attach(PRIMARY): worst=111.81u bone[1]='bone_R-middlefinger01.mesh' parent[13] R=48.1 exactJoint=16.07u pairs=30  (palette-wide exactWorst=57.23u)
[HANDS_ATTACH] mesh='hands_naked.mesh' owner='hands_naked.mesh' frame=3344 nb=38 wext=167.1 rebound=0
  TIER1 rest-coherence: worst=146.9deg bone[29]='bone_L-hand.mesh' count(>5deg)=8 freshRecap=0  xcheck(invOff-vs-restW) worst=146.9deg bone[29]
  TIER2 joint-attach(PRIMARY): worst=177.72u bone[30]='bone_L-index01.mesh' parent[29] R=48.0 exactJoint=116.21u pairs=30  (palette-wide exactWorst=117.68u)
[HANDS_ATTACH] mesh='hands_naked.mesh' owner='hands_naked.mesh' frame=3344 nb=40 wext=149.6 rebound=0
  TIER1 rest-coherence: worst=150.8deg bone[2]='bone_R-foreTwist2.mesh' count(>5deg)=6 freshRecap=0  xcheck(invOff-vs-restW) worst=150.8deg bone[2]
  TIER2 joint-attach(PRIMARY): worst=155.51u bone[37]='bone_L-ringfinger-base.mesh' parent[20] R=43.7 exactJoint=111.15u pairs=36  (palette-wide exactWorst=112.11u)
[HANDS_ATTACH] mesh='hands_naked.mesh' owner='hands_naked.mesh' frame=3344 nb=38 wext=110.6 rebound=0
  TIER1 rest-coherence: worst=136.9deg bone[5]='bone_R-foreArm.mesh' count(>5deg)=8 freshRecap=0  xcheck(invOff-vs-restW) worst=136.9deg bone[5]
  TIER2 joint-attach(PRIMARY): worst=88.00u bone[1]='bone_R-middlefinger01.mesh' parent[13] R=48.1 exactJoint=12.51u pairs=30  (palette-wide exactWorst=65.80u)
[HANDS_ATTACH] mesh='hands_naked.mesh' owner='hands_naked.mesh' frame=3354 nb=38 wext=168.1 rebound=0
  TIER1 rest-coherence: worst=146.9deg bone[29]='bone_L-hand.mesh' count(>5deg)=8 freshRecap=0  xcheck(invOff-vs-restW) worst=146.9deg bone[29]
  TIER2 joint-attach(PRIMARY): worst=181.28u bone[30]='bone_L-index01.mesh' parent[29] R=48.0 exactJoint=117.77u pairs=30  (palette-wide exactWorst=119.25u)
[HANDS_ATTACH] mesh='hands_naked.mesh' owner='hands_naked.mesh' frame=3354 nb=40 wext=152.1 rebound=0
  TIER1 rest-coherence: worst=151.7deg bone[20]='bone_L-hand.mesh' count(>5deg)=6 freshRecap=0  xcheck(invOff-vs-restW) worst=151.7deg bone[20]
  TIER2 joint-attach(PRIMARY): worst=158.74u bone[37]='bone_L-ringfinger-base.mesh' parent[20] R=43.7 exactJoint=113.09u pairs=36  (palette-wide exactWorst=114.04u)
[HANDS_ATTACH] mesh='hands_naked.mesh' owner='hands_naked.mesh' frame=3354 nb=38 wext=110.7 rebound=0
  TIER1 rest-coherence: worst=174.4deg bone[5]='bone_R-foreArm.mesh' count(>5deg)=8 freshRecap=0  xcheck(invOff-vs-restW) worst=174.4deg bone[5]
  TIER2 joint-attach(PRIMARY): worst=88.02u bone[23]='bone_L-middlefinger01.mesh' parent[29] R=48.1 exactJoint=68.56u pairs=30  (palette-wide exactWorst=68.56u)
[HANDS_ATTACH] mesh='hands_naked.mesh' owner='hands_naked.mesh' frame=3364 nb=38 wext=166.0 rebound=0
  TIER1 rest-coherence: worst=134.1deg bone[29]='bone_L-hand.mesh' count(>5deg)=8 freshRecap=0  xcheck(invOff-vs-restW) worst=134.1deg bone[29]
  TIER2 joint-attach(PRIMARY): worst=174.00u bone[30]='bone_L-index01.mesh' parent[29] R=48.0 exactJoint=114.50u pairs=30  (palette-wide exactWorst=115.93u)
[HANDS_ATTACH] mesh='hands_naked.mesh' owner='hands_naked.mesh' frame=3364 nb=40 wext=149.3 rebound=0
  TIER1 rest-coherence: worst=135.3deg bone[20]='bone_L-hand.mesh' count(>5deg)=6 freshRecap=0  xcheck(invOff-vs-restW) worst=135.3deg bone[20]
  TIER2 joint-attach(PRIMARY): worst=168.29u bone[21]='bone_R-ringfinger-base.mesh' parent[1] R=43.7 exactJoint=112.92u pairs=36  (palette-wide exactWorst=114.05u)
[HANDS_ATTACH] mesh='hands_naked.mesh' owner='hands_naked.mesh' frame=3364 nb=38 wext=111.0 rebound=0
  TIER1 rest-coherence: worst=164.1deg bone[5]='bone_R-foreArm.mesh' count(>5deg)=8 freshRecap=0  xcheck(invOff-vs-restW) worst=164.1deg bone[5]
  TIER2 joint-attach(PRIMARY): worst=103.69u bone[1]='bone_R-middlefinger01.mesh' parent[13] R=48.1 exactJoint=13.07u pairs=30  (palette-wide exactWorst=70.47u)
[HANDS_ATTACH] mesh='hands_naked.mesh' owner='hands_naked.mesh' frame=3374 nb=38 wext=164.7 rebound=0
  TIER1 rest-coherence: worst=125.6deg bone[29]='bone_L-hand.mesh' count(>5deg)=8 freshRecap=0  xcheck(invOff-vs-restW) worst=125.6deg bone[29]
  TIER2 joint-attach(PRIMARY): worst=172.02u bone[30]='bone_L-index01.mesh' parent[29] R=48.0 exactJoint=113.55u pairs=30  (palette-wide exactWorst=114.97u)
[HANDS_ATTACH] mesh='hands_naked.mesh' owner='hands_naked.mesh' frame=3374 nb=40 wext=149.9 rebound=0
  TIER1 rest-coherence: worst=135.3deg bone[20]='bone_L-hand.mesh' count(>5deg)=6 freshRecap=0  xcheck(invOff-vs-restW) worst=135.3deg bone[20]
  TIER2 joint-attach(PRIMARY): worst=163.09u bone[21]='bone_R-ringfinger-base.mesh' parent[1] R=43.7 exactJoint=112.05u pairs=36  (palette-wide exactWorst=113.14u)
[HANDS_ATTACH] mesh='hands_naked.mesh' owner='hands_naked.mesh' frame=3374 nb=38 wext=109.8 rebound=0
  TIER1 rest-coherence: worst=146.3deg bone[5]='bone_R-foreArm.mesh' count(>5deg)=8 freshRecap=0  xcheck(invOff-vs-restW) worst=146.3deg bone[5]
  TIER2 joint-attach(PRIMARY): worst=102.02u bone[1]='bone_R-middlefinger01.mesh' parent[13] R=48.1 exactJoint=14.24u pairs=30  (palette-wide exactWorst=71.82u)
[HANDS_ATTACH] mesh='hands_naked.mesh' owner='hands_naked.mesh' frame=3384 nb=38 wext=164.2 rebound=0
  TIER1 rest-coherence: worst=125.6deg bone[29]='bone_L-hand.mesh' count(>5deg)=8 freshRecap=0  xcheck(invOff-vs-restW) worst=125.6deg bone[29]
  TIER2 joint-attach(PRIMARY): worst=173.40u bone[8]='bone_R-index01.mesh' parent[13] R=48.0 exactJoint=96.61u pairs=30  (palette-wide exactWorst=115.21u)
[HANDS_ATTACH] mesh='hands_naked.mesh' owner='hands_naked.mesh' frame=3384 nb=40 wext=151.9 rebound=0
  TIER1 rest-coherence: worst=118.6deg bone[20]='bone_L-hand.mesh' count(>5deg)=6 freshRecap=0  xcheck(invOff-vs-restW) worst=118.6deg bone[20]
  TIER2 joint-attach(PRIMARY): worst=163.68u bone[21]='bone_R-ringfinger-base.mesh' parent[1] R=43.7 exactJoint=111.67u pairs=36  (palette-wide exactWorst=112.71u)
[HANDS_ATTACH] mesh='hands_naked.mesh' owner='hands_naked.mesh' frame=3384 nb=38 wext=109.3 rebound=0
  TIER1 rest-coherence: worst=170.6deg bone[5]='bone_R-foreArm.mesh' count(>5deg)=8 freshRecap=0  xcheck(invOff-vs-restW) worst=170.6deg bone[5]
  TIER2 joint-attach(PRIMARY): worst=98.58u bone[23]='bone_L-middlefinger01.mesh' parent[29] R=48.1 exactJoint=71.44u pairs=30  (palette-wide exactWorst=71.44u)
[HANDS_ATTACH] mesh='hands_naked.mesh' owner='hands_naked.mesh' frame=3394 nb=38 wext=162.8 rebound=0
  TIER1 rest-coherence: worst=125.6deg bone[29]='bone_L-hand.mesh' count(>5deg)=8 freshRecap=0  xcheck(invOff-vs-restW) worst=125.6deg bone[29]
  TIER2 joint-attach(PRIMARY): worst=171.45u bone[8]='bone_R-index01.mesh' parent[13] R=48.0 exactJoint=96.01u pairs=30  (palette-wide exactWorst=114.88u)
[HANDS_ATTACH] mesh='hands_naked.mesh' owner='hands_naked.mesh' frame=3394 nb=40 wext=151.9 rebound=0
  TIER1 rest-coherence: worst=129.1deg bone[1]='bone_R-hand.mesh' count(>5deg)=6 freshRecap=0  xcheck(invOff-vs-restW) worst=129.1deg bone[1]
  TIER2 joint-attach(PRIMARY): worst=168.39u bone[37]='bone_L-ringfinger-base.mesh' parent[20] R=43.7 exactJoint=111.30u pairs=36  (palette-wide exactWorst=112.40u)
[HANDS_ATTACH] mesh='hands_naked.mesh' owner='hands_naked.mesh' frame=3394 nb=38 wext=108.6 rebound=0
  TIER1 rest-coherence: worst=166.7deg bone[5]='bone_R-foreArm.mesh' count(>5deg)=8 freshRecap=0  xcheck(invOff-vs-restW) worst=166.7deg bone[5]
  TIER2 joint-attach(PRIMARY): worst=100.74u bone[1]='bone_R-middlefinger01.mesh' parent[13] R=48.1 exactJoint=12.94u pairs=30  (palette-wide exactWorst=70.79u)
[HANDS_ATTACH] mesh='hands_naked.mesh' owner='hands_naked.mesh' frame=3404 nb=38 wext=161.2 rebound=0
  TIER1 rest-coherence: worst=125.6deg bone[29]='bone_L-hand.mesh' count(>5deg)=8 freshRecap=0  xcheck(invOff-vs-restW) worst=125.6deg bone[29]
  TIER2 joint-attach(PRIMARY): worst=172.11u bone[30]='bone_L-index01.mesh' parent[29] R=48.0 exactJoint=113.10u pairs=30  (palette-wide exactWorst=114.52u)
[HANDS_ATTACH] mesh='hands_naked.mesh' owner='hands_naked.mesh' frame=3404 nb=40 wext=150.3 rebound=0
  TIER1 rest-coherence: worst=119.5deg bone[2]='bone_R-foreTwist2.mesh' count(>5deg)=6 freshRecap=0  xcheck(invOff-vs-restW) worst=119.5deg bone[3]
  TIER2 joint-attach(PRIMARY): worst=168.72u bone[37]='bone_L-ringfinger-base.mesh' parent[20] R=43.7 exactJoint=112.34u pairs=36  (palette-wide exactWorst=113.44u)
[HANDS_ATTACH] mesh='hands_naked.mesh' owner='hands_naked.mesh' frame=3404 nb=38 wext=106.4 rebound=0
  TIER1 rest-coherence: worst=152.1deg bone[13]='bone_R-hand.mesh' count(>5deg)=8 freshRecap=0  xcheck(invOff-vs-restW) worst=152.1deg bone[13]
  TIER2 joint-attach(PRIMARY): worst=110.47u bone[1]='bone_R-middlefinger01.mesh' parent[13] R=48.1 exactJoint=14.42u pairs=30  (palette-wide exactWorst=71.26u)
[HANDS_ATTACH] mesh='hands_naked.mesh' owner='hands_naked.mesh' frame=3414 nb=38 wext=159.3 rebound=0
  TIER1 rest-coherence: worst=125.6deg bone[29]='bone_L-hand.mesh' count(>5deg)=8 freshRecap=0  xcheck(invOff-vs-restW) worst=125.6deg bone[29]
  TIER2 joint-attach(PRIMARY): worst=174.40u bone[30]='bone_L-index01.mesh' parent[29] R=48.0 exactJoint=112.74u pairs=30  (palette-wide exactWorst=114.16u)
[HANDS_ATTACH] mesh='hands_naked.mesh' owner='hands_naked.mesh' frame=3414 nb=40 wext=150.1 rebound=0
  TIER1 rest-coherence: worst=135.5deg bone[8]='bone_L-foreTwist1.mesh' count(>5deg)=6 freshRecap=0  xcheck(invOff-vs-restW) worst=135.5deg bone[8]
  TIER2 joint-attach(PRIMARY): worst=161.65u bone[37]='bone_L-ringfinger-base.mesh' parent[20] R=43.7 exactJoint=109.67u pairs=36  (palette-wide exactWorst=111.95u)
[HANDS_ATTACH] mesh='hands_naked.mesh' owner='hands_naked.mesh' frame=3414 nb=38 wext=108.7 rebound=0
  TIER1 rest-coherence: worst=158.0deg bone[5]='bone_R-foreArm.mesh' count(>5deg)=8 freshRecap=0  xcheck(invOff-vs-restW) worst=158.0deg bone[5]
  TIER2 joint-attach(PRIMARY): worst=96.63u bone[23]='bone_L-middlefinger01.mesh' parent[29] R=48.1 exactJoint=72.01u pairs=30  (palette-wide exactWorst=72.01u)
[HANDS_ATTACH] mesh='hands_naked.mesh' owner='hands_naked.mesh' frame=3424 nb=38 wext=159.9 rebound=0
  TIER1 rest-coherence: worst=125.6deg bone[29]='bone_L-hand.mesh' count(>5deg)=8 freshRecap=0  xcheck(invOff-vs-restW) worst=125.6deg bone[29]
  TIER2 joint-attach(PRIMARY): worst=176.54u bone[30]='bone_L-index01.mesh' parent[29] R=48.0 exactJoint=112.48u pairs=30  (palette-wide exactWorst=113.91u)
[HANDS_ATTACH] mesh='hands_naked.mesh' owner='hands_naked.mesh' frame=3424 nb=40 wext=150.6 rebound=0
  TIER1 rest-coherence: worst=143.0deg bone[8]='bone_L-foreTwist1.mesh' count(>5deg)=6 freshRecap=0  xcheck(invOff-vs-restW) worst=143.0deg bone[8]
  TIER2 joint-attach(PRIMARY): worst=167.38u bone[37]='bone_L-ringfinger-base.mesh' parent[20] R=43.7 exactJoint=113.60u pairs=36  (palette-wide exactWorst=114.61u)
[HANDS_ATTACH] mesh='hands_naked.mesh' owner='hands_naked.mesh' frame=3424 nb=38 wext=106.9 rebound=0
  TIER1 rest-coherence: worst=159.5deg bone[5]='bone_R-foreArm.mesh' count(>5deg)=8 freshRecap=0  xcheck(invOff-vs-restW) worst=159.5deg bone[5]
  TIER2 joint-attach(PRIMARY): worst=90.88u bone[23]='bone_L-middlefinger01.mesh' parent[29] R=48.1 exactJoint=67.16u pairs=30  (palette-wide exactWorst=67.16u)
[HANDS_ATTACH] mesh='hands_naked.mesh' owner='hands_naked.mesh' frame=3434 nb=38 wext=159.2 rebound=0
  TIER1 rest-coherence: worst=125.6deg bone[29]='bone_L-hand.mesh' count(>5deg)=8 freshRecap=0  xcheck(invOff-vs-restW) worst=125.6deg bone[29]
  TIER2 joint-attach(PRIMARY): worst=178.38u bone[30]='bone_L-index01.mesh' parent[29] R=48.0 exactJoint=112.44u pairs=30  (palette-wide exactWorst=113.87u)
[HANDS_ATTACH] mesh='hands_naked.mesh' owner='hands_naked.mesh' frame=3434 nb=40 wext=148.4 rebound=0
  TIER1 rest-coherence: worst=157.5deg bone[20]='bone_L-hand.mesh' count(>5deg)=6 freshRecap=0  xcheck(invOff-vs-restW) worst=157.5deg bone[20]
  TIER2 joint-attach(PRIMARY): worst=162.68u bone[21]='bone_R-ringfinger-base.mesh' parent[1] R=43.7 exactJoint=112.38u pairs=36  (palette-wide exactWorst=113.46u)
[HANDS_ATTACH] mesh='hands_naked.mesh' owner='hands_naked.mesh' frame=3434 nb=38 wext=109.0 rebound=0
  TIER1 rest-coherence: worst=135.3deg bone[5]='bone_R-foreArm.mesh' count(>5deg)=8 freshRecap=0  xcheck(invOff-vs-restW) worst=135.3deg bone[5]
  TIER2 joint-attach(PRIMARY): worst=101.44u bone[23]='bone_L-middlefinger01.mesh' parent[29] R=48.1 exactJoint=71.55u pairs=30  (palette-wide exactWorst=71.55u)
[HANDS_ATTACH] mesh='hands_naked.mesh' owner='hands_naked.mesh' frame=3444 nb=38 wext=158.5 rebound=0
  TIER1 rest-coherence: worst=125.6deg bone[29]='bone_L-hand.mesh' count(>5deg)=8 freshRecap=0  xcheck(invOff-vs-restW) worst=125.6deg bone[29]
  TIER2 joint-attach(PRIMARY): worst=181.13u bone[30]='bone_L-index01.mesh' parent[29] R=48.0 exactJoint=113.03u pairs=30  (palette-wide exactWorst=114.48u)
[HANDS_ATTACH] mesh='hands_naked.mesh' owner='hands_naked.mesh' frame=3444 nb=40 wext=148.8 rebound=0
  TIER1 rest-coherence: worst=150.0deg bone[20]='bone_L-hand.mesh' count(>5deg)=6 freshRecap=0  xcheck(invOff-vs-restW) worst=150.0deg bone[20]
  TIER2 joint-attach(PRIMARY): worst=162.98u bone[21]='bone_R-ringfinger-base.mesh' parent[1] R=43.7 exactJoint=112.69u pairs=36  (palette-wide exactWorst=113.78u)
[HANDS_ATTACH] mesh='hands_naked.mesh' owner='hands_naked.mesh' frame=3444 nb=38 wext=106.5 rebound=0
  TIER1 rest-coherence: worst=122.0deg bone[22]='bone_L-foreArm.mesh' count(>5deg)=8 freshRecap=0  xcheck(invOff-vs-restW) worst=122.0deg bone[22]
  TIER2 joint-attach(PRIMARY): worst=89.95u bone[23]='bone_L-middlefinger01.mesh' parent[29] R=48.1 exactJoint=66.75u pairs=30  (palette-wide exactWorst=66.75u)
[HANDS_ATTACH] mesh='hands_naked.mesh' owner='hands_naked.mesh' frame=3454 nb=38 wext=158.3 rebound=0
  TIER1 rest-coherence: worst=125.6deg bone[29]='bone_L-hand.mesh' count(>5deg)=8 freshRecap=0  xcheck(invOff-vs-restW) worst=125.6deg bone[29]
  TIER2 joint-attach(PRIMARY): worst=182.13u bone[30]='bone_L-index01.mesh' parent[29] R=48.0 exactJoint=112.98u pairs=30  (palette-wide exactWorst=114.42u)
[HANDS_ATTACH] mesh='hands_naked.mesh' owner='hands_naked.mesh' frame=3454 nb=40 wext=148.9 rebound=0
  TIER1 rest-coherence: worst=140.5deg bone[20]='bone_L-hand.mesh' count(>5deg)=6 freshRecap=0  xcheck(invOff-vs-restW) worst=140.5deg bone[20]
  TIER2 joint-attach(PRIMARY): worst=169.64u bone[37]='bone_L-ringfinger-base.mesh' parent[20] R=43.7 exactJoint=111.95u pairs=36  (palette-wide exactWorst=113.09u)
[HANDS_ATTACH] mesh='hands_naked.mesh' owner='hands_naked.mesh' frame=3454 nb=38 wext=107.1 rebound=0
  TIER1 rest-coherence: worst=122.0deg bone[22]='bone_L-foreArm.mesh' count(>5deg)=8 freshRecap=0  xcheck(invOff-vs-restW) worst=122.0deg bone[22]
  TIER2 joint-attach(PRIMARY): worst=100.87u bone[33]='bone_L-middlefinger03.mesh' parent[26] R=45.9 exactJoint=48.48u pairs=30  (palette-wide exactWorst=68.56u)
[HANDS_ATTACH] mesh='hands_naked.mesh' owner='hands_naked.mesh' frame=3464 nb=38 wext=158.4 rebound=0
  TIER1 rest-coherence: worst=125.6deg bone[29]='bone_L-hand.mesh' count(>5deg)=8 freshRecap=0  xcheck(invOff-vs-restW) worst=125.6deg bone[29]
  TIER2 joint-attach(PRIMARY): worst=182.13u bone[30]='bone_L-index01.mesh' parent[29] R=48.0 exactJoint=112.48u pairs=30  (palette-wide exactWorst=113.93u)
[HANDS_ATTACH] mesh='hands_naked.mesh' owner='hands_naked.mesh' frame=3464 nb=40 wext=147.0 rebound=0
  TIER1 rest-coherence: worst=143.6deg bone[2]='bone_R-foreTwist2.mesh' count(>5deg)=6 freshRecap=0  xcheck(invOff-vs-restW) worst=143.6deg bone[2]
  TIER2 joint-attach(PRIMARY): worst=162.33u bone[21]='bone_R-ringfinger-base.mesh' parent[1] R=43.7 exactJoint=111.99u pairs=36  (palette-wide exactWorst=113.06u)
[HANDS_ATTACH] mesh='hands_naked.mesh' owner='hands_naked.mesh' frame=3464 nb=38 wext=107.2 rebound=0
  TIER1 rest-coherence: worst=122.0deg bone[22]='bone_L-foreArm.mesh' count(>5deg)=8 freshRecap=0  xcheck(invOff-vs-restW) worst=122.0deg bone[22]
  TIER2 joint-attach(PRIMARY): worst=98.50u bone[33]='bone_L-middlefinger03.mesh' parent[26] R=45.9 exactJoint=48.91u pairs=30  (palette-wide exactWorst=67.50u)
[HANDS_ATTACH] mesh='hands_naked.mesh' owner='hands_naked.mesh' frame=3474 nb=38 wext=158.9 rebound=0
  TIER1 rest-coherence: worst=125.6deg bone[29]='bone_L-hand.mesh' count(>5deg)=8 freshRecap=0  xcheck(invOff-vs-restW) worst=125.6deg bone[29]
  TIER2 joint-attach(PRIMARY): worst=181.63u bone[30]='bone_L-index01.mesh' parent[29] R=48.0 exactJoint=112.31u pairs=30  (palette-wide exactWorst=113.76u)
[HANDS_ATTACH] mesh='hands_naked.mesh' owner='hands_naked.mesh' frame=3474 nb=40 wext=149.3 rebound=0
  TIER1 rest-coherence: worst=160.2deg bone[3]='bone_R-foreTwist1.mesh' count(>5deg)=6 freshRecap=0  xcheck(invOff-vs-restW) worst=160.2deg bone[2]
  TIER2 joint-attach(PRIMARY): worst=162.24u bone[21]='bone_R-ringfinger-base.mesh' parent[1] R=43.7 exactJoint=111.89u pairs=36  (palette-wide exactWorst=112.95u)
[HANDS_ATTACH] mesh='hands_naked.mesh' owner='hands_naked.mesh' frame=3474 nb=38 wext=106.1 rebound=0
  TIER1 rest-coherence: worst=153.6deg bone[5]='bone_R-foreArm.mesh' count(>5deg)=8 freshRecap=0  xcheck(invOff-vs-restW) worst=153.6deg bone[5]
  TIER2 joint-attach(PRIMARY): worst=91.53u bone[33]='bone_L-middlefinger03.mesh' parent[26] R=45.9 exactJoint=50.67u pairs=30  (palette-wide exactWorst=64.25u)
[HANDS_ATTACH] mesh='hands_naked.mesh' owner='hands_naked.mesh' frame=3484 nb=38 wext=159.4 rebound=0
  TIER1 rest-coherence: worst=125.6deg bone[29]='bone_L-hand.mesh' count(>5deg)=8 freshRecap=0  xcheck(invOff-vs-restW) worst=125.6deg bone[29]
  TIER2 joint-attach(PRIMARY): worst=181.16u bone[30]='bone_L-index01.mesh' parent[29] R=48.0 exactJoint=112.15u pairs=30  (palette-wide exactWorst=113.59u)
[HANDS_ATTACH] mesh='hands_naked.mesh' owner='hands_naked.mesh' frame=3484 nb=40 wext=151.0 rebound=0
  TIER1 rest-coherence: worst=149.8deg bone[2]='bone_R-foreTwist2.mesh' count(>5deg)=6 freshRecap=0  xcheck(invOff-vs-restW) worst=149.8deg bone[2]
  TIER2 joint-attach(PRIMARY): worst=163.00u bone[37]='bone_L-ringfinger-base.mesh' parent[20] R=43.7 exactJoint=112.38u pairs=36  (palette-wide exactWorst=113.44u)
[HANDS_ATTACH] mesh='hands_naked.mesh' owner='hands_naked.mesh' frame=3484 nb=38 wext=106.6 rebound=0
  TIER1 rest-coherence: worst=132.9deg bone[5]='bone_R-foreArm.mesh' count(>5deg)=8 freshRecap=0  xcheck(invOff-vs-restW) worst=132.9deg bone[5]
  TIER2 joint-attach(PRIMARY): worst=93.83u bone[1]='bone_R-middlefinger01.mesh' parent[13] R=48.1 exactJoint=13.23u pairs=30  (palette-wide exactWorst=64.94u)
[HANDS_ATTACH] mesh='hands_naked.mesh' owner='hands_naked.mesh' frame=3494 nb=38 wext=159.8 rebound=0
  TIER1 rest-coherence: worst=125.6deg bone[29]='bone_L-hand.mesh' count(>5deg)=8 freshRecap=0  xcheck(invOff-vs-restW) worst=125.6deg bone[29]
  TIER2 joint-attach(PRIMARY): worst=180.32u bone[30]='bone_L-index01.mesh' parent[29] R=48.0 exactJoint=112.29u pairs=30  (palette-wide exactWorst=113.72u)
[HANDS_ATTACH] mesh='hands_naked.mesh' owner='hands_naked.mesh' frame=3494 nb=40 wext=149.6 rebound=0
  TIER1 rest-coherence: worst=138.5deg bone[2]='bone_R-foreTwist2.mesh' count(>5deg)=6 freshRecap=0  xcheck(invOff-vs-restW) worst=138.5deg bone[3]
  TIER2 joint-attach(PRIMARY): worst=160.97u bone[37]='bone_L-ringfinger-base.mesh' parent[20] R=43.7 exactJoint=111.35u pairs=36  (palette-wide exactWorst=112.40u)
[HANDS_ATTACH] mesh='hands_naked.mesh' owner='hands_naked.mesh' frame=3494 nb=38 wext=106.3 rebound=0
  TIER1 rest-coherence: worst=166.8deg bone[5]='bone_R-foreArm.mesh' count(>5deg)=8 freshRecap=0  xcheck(invOff-vs-restW) worst=166.8deg bone[5]
  TIER2 joint-attach(PRIMARY): worst=83.53u bone[33]='bone_L-middlefinger03.mesh' parent[26] R=45.9 exactJoint=52.80u pairs=30  (palette-wide exactWorst=64.02u)
[HANDS_ATTACH] mesh='hands_naked.mesh' owner='hands_naked.mesh' frame=3504 nb=38 wext=161.1 rebound=0
  TIER1 rest-coherence: worst=125.6deg bone[29]='bone_L-hand.mesh' count(>5deg)=8 freshRecap=0  xcheck(invOff-vs-restW) worst=125.6deg bone[29]
  TIER2 joint-attach(PRIMARY): worst=179.59u bone[30]='bone_L-index01.mesh' parent[29] R=48.0 exactJoint=112.59u pairs=30  (palette-wide exactWorst=114.02u)
[HANDS_ATTACH] mesh='hands_naked.mesh' owner='hands_naked.mesh' frame=3504 nb=40 wext=150.8 rebound=0
  TIER1 rest-coherence: worst=156.7deg bone[8]='bone_L-foreTwist1.mesh' count(>5deg)=6 freshRecap=0  xcheck(invOff-vs-restW) worst=156.7deg bone[26]
  TIER2 joint-attach(PRIMARY): worst=161.83u bone[21]='bone_R-ringfinger-base.mesh' parent[1] R=43.7 exactJoint=112.36u pairs=36  (palette-wide exactWorst=113.39u)
[HANDS_ATTACH] mesh='hands_naked.mesh' owner='hands_naked.mesh' frame=3504 nb=38 wext=108.2 rebound=0
  TIER1 rest-coherence: worst=166.1deg bone[0]='bone_R-foreTwist1.mesh' count(>5deg)=8 freshRecap=0  xcheck(invOff-vs-restW) worst=166.1deg bone[6]
  TIER2 joint-attach(PRIMARY): worst=83.44u bone[33]='bone_L-middlefinger03.mesh' parent[26] R=45.9 exactJoint=52.48u pairs=30  (palette-wide exactWorst=63.46u)
[HANDS_ATTACH] mesh='hands_naked.mesh' owner='hands_naked.mesh' frame=3514 nb=38 wext=164.1 rebound=0
  TIER1 rest-coherence: worst=138.2deg bone[29]='bone_L-hand.mesh' count(>5deg)=8 freshRecap=0  xcheck(invOff-vs-restW) worst=138.2deg bone[29]
  TIER2 joint-attach(PRIMARY): worst=171.44u bone[30]='bone_L-index01.mesh' parent[29] R=48.0 exactJoint=113.01u pairs=30  (palette-wide exactWorst=114.43u)
[HANDS_ATTACH] mesh='hands_naked.mesh' owner='hands_naked.mesh' frame=3514 nb=40 wext=150.2 rebound=0
  TIER1 rest-coherence: worst=142.6deg bone[2]='bone_R-foreTwist2.mesh' count(>5deg)=6 freshRecap=0  xcheck(invOff-vs-restW) worst=142.6deg bone[2]
  TIER2 joint-attach(PRIMARY): worst=165.81u bone[37]='bone_L-ringfinger-base.mesh' parent[20] R=43.7 exactJoint=112.81u pairs=36  (palette-wide exactWorst=113.86u)
[HANDS_ATTACH] mesh='hands_naked.mesh' owner='hands_naked.mesh' frame=3514 nb=38 wext=107.1 rebound=0
  TIER1 rest-coherence: worst=158.1deg bone[5]='bone_R-foreArm.mesh' count(>5deg)=8 freshRecap=0  xcheck(invOff-vs-restW) worst=158.1deg bone[5]
  TIER2 joint-attach(PRIMARY): worst=84.47u bone[1]='bone_R-middlefinger01.mesh' parent[13] R=48.1 exactJoint=14.68u pairs=30  (palette-wide exactWorst=62.68u)
[HANDS_ATTACH] mesh='hands_naked.mesh' owner='hands_naked.mesh' frame=3524 nb=38 wext=162.2 rebound=0
  TIER1 rest-coherence: worst=138.2deg bone[29]='bone_L-hand.mesh' count(>5deg)=8 freshRecap=0  xcheck(invOff-vs-restW) worst=138.2deg bone[29]
  TIER2 joint-attach(PRIMARY): worst=171.63u bone[30]='bone_L-index01.mesh' parent[29] R=48.0 exactJoint=114.33u pairs=30  (palette-wide exactWorst=115.77u)
[HANDS_ATTACH] mesh='hands_naked.mesh' owner='hands_naked.mesh' frame=3524 nb=40 wext=150.9 rebound=0
  TIER1 rest-coherence: worst=117.5deg bone[2]='bone_R-foreTwist2.mesh' count(>5deg)=6 freshRecap=0  xcheck(invOff-vs-restW) worst=117.5deg bone[2]
  TIER2 joint-attach(PRIMARY): worst=170.82u bone[37]='bone_L-ringfinger-base.mesh' parent[20] R=43.7 exactJoint=116.40u pairs=36  (palette-wide exactWorst=117.37u)
[HANDS_ATTACH] mesh='hands_naked.mesh' owner='hands_naked.mesh' frame=3524 nb=38 wext=108.7 rebound=0
  TIER1 rest-coherence: worst=173.5deg bone[5]='bone_R-foreArm.mesh' count(>5deg)=8 freshRecap=0  xcheck(invOff-vs-restW) worst=173.5deg bone[5]
  TIER2 joint-attach(PRIMARY): worst=90.78u bone[4]='bone_R-middlefinger03.mesh' parent[11] R=45.9 exactJoint=39.31u pairs=30  (palette-wide exactWorst=64.65u)
[HANDS_ATTACH] mesh='hands_naked.mesh' owner='hands_naked.mesh' frame=3534 nb=38 wext=163.3 rebound=0
  TIER1 rest-coherence: worst=138.2deg bone[29]='bone_L-hand.mesh' count(>5deg)=8 freshRecap=0  xcheck(invOff-vs-restW) worst=138.2deg bone[29]
  TIER2 joint-attach(PRIMARY): worst=172.79u bone[30]='bone_L-index01.mesh' parent[29] R=48.0 exactJoint=115.78u pairs=30  (palette-wide exactWorst=117.23u)
[HANDS_ATTACH] mesh='hands_naked.mesh' owner='hands_naked.mesh' frame=3534 nb=40 wext=151.2 rebound=0
  TIER1 rest-coherence: worst=133.3deg bone[1]='bone_R-hand.mesh' count(>5deg)=6 freshRecap=0  xcheck(invOff-vs-restW) worst=133.3deg bone[1]
  TIER2 joint-attach(PRIMARY): worst=162.68u bone[21]='bone_R-ringfinger-base.mesh' parent[1] R=43.7 exactJoint=115.20u pairs=36  (palette-wide exactWorst=116.30u)
[HANDS_ATTACH] mesh='hands_naked.mesh' owner='hands_naked.mesh' frame=3534 nb=38 wext=109.6 rebound=0
  TIER1 rest-coherence: worst=164.3deg bone[5]='bone_R-foreArm.mesh' count(>5deg)=8 freshRecap=0  xcheck(invOff-vs-restW) worst=164.3deg bone[5]
  TIER2 joint-attach(PRIMARY): worst=90.94u bone[1]='bone_R-middlefinger01.mesh' parent[13] R=48.1 exactJoint=14.88u pairs=30  (palette-wide exactWorst=65.13u)
[HANDS_ATTACH] mesh='hands_naked.mesh' owner='hands_naked.mesh' frame=3544 nb=38 wext=162.4 rebound=0
  TIER1 rest-coherence: worst=138.2deg bone[29]='bone_L-hand.mesh' count(>5deg)=8 freshRecap=0  xcheck(invOff-vs-restW) worst=138.2deg bone[29]
  TIER2 joint-attach(PRIMARY): worst=174.26u bone[30]='bone_L-index01.mesh' parent[29] R=48.0 exactJoint=117.13u pairs=30  (palette-wide exactWorst=118.58u)
[HANDS_ATTACH] mesh='hands_naked.mesh' owner='hands_naked.mesh' frame=3544 nb=40 wext=154.2 rebound=0
  TIER1 rest-coherence: worst=125.3deg bone[1]='bone_R-hand.mesh' count(>5deg)=6 freshRecap=0  xcheck(invOff-vs-restW) worst=125.3deg bone[1]
  TIER2 joint-attach(PRIMARY): worst=165.44u bone[21]='bone_R-ringfinger-base.mesh' parent[1] R=43.7 exactJoint=115.50u pairs=36  (palette-wide exactWorst=116.62u)
[HANDS_ATTACH] mesh='hands_naked.mesh' owner='hands_naked.mesh' frame=3544 nb=38 wext=107.9 rebound=0
  TIER1 rest-coherence: worst=153.0deg bone[5]='bone_R-foreArm.mesh' count(>5deg)=8 freshRecap=0  xcheck(invOff-vs-restW) worst=153.0deg bone[5]
  TIER2 joint-attach(PRIMARY): worst=105.54u bone[1]='bone_R-middlefinger01.mesh' parent[13] R=48.1 exactJoint=13.52u pairs=30  (palette-wide exactWorst=63.65u)
[HANDS_ATTACH] mesh='hands_naked.mesh' owner='hands_naked.mesh' frame=3554 nb=38 wext=163.8 rebound=0
  TIER1 rest-coherence: worst=138.2deg bone[29]='bone_L-hand.mesh' count(>5deg)=8 freshRecap=0  xcheck(invOff-vs-restW) worst=138.2deg bone[29]
  TIER2 joint-attach(PRIMARY): worst=176.30u bone[23]='bone_L-middlefinger01.mesh' parent[29] R=48.1 exactJoint=119.65u pairs=30  (palette-wide exactWorst=119.65u)
[HANDS_ATTACH] mesh='hands_naked.mesh' owner='hands_naked.mesh' frame=3554 nb=40 wext=155.9 rebound=0
  TIER1 rest-coherence: worst=133.8deg bone[2]='bone_R-foreTwist2.mesh' count(>5deg)=6 freshRecap=0  xcheck(invOff-vs-restW) worst=133.8deg bone[2]
  TIER2 joint-attach(PRIMARY): worst=165.68u bone[21]='bone_R-ringfinger-base.mesh' parent[1] R=43.7 exactJoint=115.99u pairs=36  (palette-wide exactWorst=117.12u)
[HANDS_ATTACH] mesh='hands_naked.mesh' owner='hands_naked.mesh' frame=3554 nb=38 wext=108.2 rebound=0
  TIER1 rest-coherence: worst=153.3deg bone[5]='bone_R-foreArm.mesh' count(>5deg)=8 freshRecap=0  xcheck(invOff-vs-restW) worst=153.3deg bone[5]
  TIER2 joint-attach(PRIMARY): worst=88.49u bone[23]='bone_L-middlefinger01.mesh' parent[29] R=48.1 exactJoint=62.97u pairs=30  (palette-wide exactWorst=62.97u)
[HANDS_ATTACH] mesh='hands_naked.mesh' owner='hands_naked.mesh' frame=3564 nb=38 wext=165.5 rebound=0
  TIER1 rest-coherence: worst=138.2deg bone[29]='bone_L-hand.mesh' count(>5deg)=8 freshRecap=0  xcheck(invOff-vs-restW) worst=138.2deg bone[29]
  TIER2 joint-attach(PRIMARY): worst=178.29u bone[23]='bone_L-middlefinger01.mesh' parent[29] R=48.1 exactJoint=120.49u pairs=30  (palette-wide exactWorst=120.49u)
[HANDS_ATTACH] mesh='hands_naked.mesh' owner='hands_naked.mesh' frame=3564 nb=40 wext=151.9 rebound=0
  TIER1 rest-coherence: worst=110.0deg bone[2]='bone_R-foreTwist2.mesh' count(>5deg)=6 freshRecap=0  xcheck(invOff-vs-restW) worst=110.0deg bone[2]
  TIER2 joint-attach(PRIMARY): worst=172.40u bone[37]='bone_L-ringfinger-base.mesh' parent[20] R=43.7 exactJoint=110.04u pairs=36  (palette-wide exactWorst=115.19u)
[HANDS_ATTACH] mesh='hands_naked.mesh' owner='hands_naked.mesh' frame=3564 nb=38 wext=107.0 rebound=0
  TIER1 rest-coherence: worst=159.3deg bone[5]='bone_R-foreArm.mesh' count(>5deg)=8 freshRecap=0  xcheck(invOff-vs-restW) worst=159.3deg bone[5]
  TIER2 joint-attach(PRIMARY): worst=86.01u bone[33]='bone_L-middlefinger03.mesh' parent[26] R=45.9 exactJoint=53.65u pairs=30  (palette-wide exactWorst=61.77u)
[HANDS_ATTACH] mesh='hands_naked.mesh' owner='hands_naked.mesh' frame=3574 nb=38 wext=164.4 rebound=0
  TIER1 rest-coherence: worst=138.2deg bone[29]='bone_L-hand.mesh' count(>5deg)=8 freshRecap=0  xcheck(invOff-vs-restW) worst=138.2deg bone[29]
  TIER2 joint-attach(PRIMARY): worst=180.18u bone[23]='bone_L-middlefinger01.mesh' parent[29] R=48.1 exactJoint=121.21u pairs=30  (palette-wide exactWorst=121.21u)
[HANDS_ATTACH] mesh='hands_naked.mesh' owner='hands_naked.mesh' frame=3574 nb=40 wext=152.5 rebound=0
  TIER1 rest-coherence: worst=113.6deg bone[2]='bone_R-foreTwist2.mesh' count(>5deg)=6 freshRecap=0  xcheck(invOff-vs-restW) worst=113.6deg bone[2]
  TIER2 joint-attach(PRIMARY): worst=166.67u bone[21]='bone_R-ringfinger-base.mesh' parent[1] R=43.7 exactJoint=114.26u pairs=36  (palette-wide exactWorst=115.33u)
[HANDS_ATTACH] mesh='hands_naked.mesh' owner='hands_naked.mesh' frame=3574 nb=38 wext=106.6 rebound=0
  TIER1 rest-coherence: worst=137.7deg bone[5]='bone_R-foreArm.mesh' count(>5deg)=8 freshRecap=0  xcheck(invOff-vs-restW) worst=137.7deg bone[5]
  TIER2 joint-attach(PRIMARY): worst=81.30u bone[33]='bone_L-middlefinger03.mesh' parent[26] R=45.9 exactJoint=53.71u pairs=30  (palette-wide exactWorst=59.22u)
[HANDS_ATTACH] mesh='hands_naked.mesh' owner='hands_naked.mesh' frame=3584 nb=38 wext=163.0 rebound=0
  TIER1 rest-coherence: worst=138.2deg bone[29]='bone_L-hand.mesh' count(>5deg)=8 freshRecap=0  xcheck(invOff-vs-restW) worst=138.2deg bone[29]
  TIER2 joint-attach(PRIMARY): worst=181.72u bone[23]='bone_L-middlefinger01.mesh' parent[29] R=48.1 exactJoint=121.56u pairs=30  (palette-wide exactWorst=121.56u)
[HANDS_ATTACH] mesh='hands_naked.mesh' owner='hands_naked.mesh' frame=3584 nb=40 wext=153.7 rebound=0
  TIER1 rest-coherence: worst=123.9deg bone[1]='bone_R-hand.mesh' count(>5deg)=6 freshRecap=0  xcheck(invOff-vs-restW) worst=123.9deg bone[1]
  TIER2 joint-attach(PRIMARY): worst=164.05u bone[21]='bone_R-ringfinger-base.mesh' parent[1] R=43.7 exactJoint=114.07u pairs=36  (palette-wide exactWorst=115.12u)
[HANDS_ATTACH] mesh='hands_naked.mesh' owner='hands_naked.mesh' frame=3584 nb=38 wext=106.2 rebound=0
  TIER1 rest-coherence: worst=148.4deg bone[5]='bone_R-foreArm.mesh' count(>5deg)=8 freshRecap=0  xcheck(invOff-vs-restW) worst=148.4deg bone[5]
  TIER2 joint-attach(PRIMARY): worst=80.37u bone[33]='bone_L-middlefinger03.mesh' parent[26] R=45.9 exactJoint=53.85u pairs=30  (palette-wide exactWorst=58.99u)
[HANDS_ATTACH] mesh='hands_naked.mesh' owner='hands_naked.mesh' frame=3594 nb=38 wext=161.1 rebound=0
  TIER1 rest-coherence: worst=125.4deg bone[29]='bone_L-hand.mesh' count(>5deg)=8 freshRecap=0  xcheck(invOff-vs-restW) worst=125.4deg bone[29]
  TIER2 joint-attach(PRIMARY): worst=173.07u bone[30]='bone_L-index01.mesh' parent[29] R=48.0 exactJoint=113.56u pairs=30  (palette-wide exactWorst=115.00u)
[HANDS_ATTACH] mesh='hands_naked.mesh' owner='hands_naked.mesh' frame=3594 nb=40 wext=152.2 rebound=0
  TIER1 rest-coherence: worst=122.2deg bone[1]='bone_R-hand.mesh' count(>5deg)=6 freshRecap=0  xcheck(invOff-vs-restW) worst=122.2deg bone[1]
  TIER2 joint-attach(PRIMARY): worst=164.78u bone[21]='bone_R-ringfinger-base.mesh' parent[1] R=43.7 exactJoint=114.67u pairs=36  (palette-wide exactWorst=115.75u)
[HANDS_ATTACH] mesh='hands_naked.mesh' owner='hands_naked.mesh' frame=3594 nb=38 wext=106.1 rebound=0
  TIER1 rest-coherence: worst=162.7deg bone[5]='bone_R-foreArm.mesh' count(>5deg)=8 freshRecap=0  xcheck(invOff-vs-restW) worst=162.7deg bone[5]
  TIER2 joint-attach(PRIMARY): worst=79.49u bone[33]='bone_L-middlefinger03.mesh' parent[26] R=45.9 exactJoint=53.77u pairs=30  (palette-wide exactWorst=58.53u)
[HANDS_ATTACH] mesh='hands_naked.mesh' owner='hands_naked.mesh' frame=3604 nb=38 wext=161.6 rebound=0
  TIER1 rest-coherence: worst=125.4deg bone[29]='bone_L-hand.mesh' count(>5deg)=8 freshRecap=0  xcheck(invOff-vs-restW) worst=125.4deg bone[29]
  TIER2 joint-attach(PRIMARY): worst=172.45u bone[8]='bone_R-index01.mesh' parent[13] R=48.0 exactJoint=93.94u pairs=30  (palette-wide exactWorst=114.21u)
[HANDS_ATTACH] mesh='hands_naked.mesh' owner='hands_naked.mesh' frame=3604 nb=40 wext=151.3 rebound=0
  TIER1 rest-coherence: worst=167.1deg bone[1]='bone_R-hand.mesh' count(>5deg)=6 freshRecap=0  xcheck(invOff-vs-restW) worst=167.1deg bone[1]
  TIER2 joint-attach(PRIMARY): worst=168.29u bone[21]='bone_R-ringfinger-base.mesh' parent[1] R=43.7 exactJoint=113.57u pairs=36  (palette-wide exactWorst=114.69u)
[HANDS_ATTACH] mesh='hands_naked.mesh' owner='hands_naked.mesh' frame=3604 nb=38 wext=110.2 rebound=0
  TIER1 rest-coherence: worst=159.0deg bone[5]='bone_R-foreArm.mesh' count(>5deg)=8 freshRecap=0  xcheck(invOff-vs-restW) worst=159.0deg bone[5]
  TIER2 joint-attach(PRIMARY): worst=81.45u bone[33]='bone_L-middlefinger03.mesh' parent[26] R=45.9 exactJoint=53.98u pairs=30  (palette-wide exactWorst=61.06u)
[HANDS_ATTACH] mesh='hands_naked.mesh' owner='hands_naked.mesh' frame=3614 nb=38 wext=162.4 rebound=0
  TIER1 rest-coherence: worst=125.4deg bone[29]='bone_L-hand.mesh' count(>5deg)=8 freshRecap=0  xcheck(invOff-vs-restW) worst=125.4deg bone[29]
  TIER2 joint-attach(PRIMARY): worst=172.62u bone[8]='bone_R-index01.mesh' parent[13] R=48.0 exactJoint=96.23u pairs=30  (palette-wide exactWorst=112.99u)
[HANDS_ATTACH] mesh='hands_naked.mesh' owner='hands_naked.mesh' frame=3614 nb=40 wext=152.9 rebound=0
  TIER1 rest-coherence: worst=154.6deg bone[20]='bone_L-hand.mesh' count(>5deg)=6 freshRecap=0  xcheck(invOff-vs-restW) worst=154.6deg bone[20]
  TIER2 joint-attach(PRIMARY): worst=167.66u bone[21]='bone_R-ringfinger-base.mesh' parent[1] R=43.7 exactJoint=115.02u pairs=36  (palette-wide exactWorst=116.10u)
[HANDS_ATTACH] mesh='hands_naked.mesh' owner='hands_naked.mesh' frame=3614 nb=38 wext=107.1 rebound=0
  TIER1 rest-coherence: worst=124.2deg bone[5]='bone_R-foreArm.mesh' count(>5deg)=8 freshRecap=0  xcheck(invOff-vs-restW) worst=124.2deg bone[5]
  TIER2 joint-attach(PRIMARY): worst=89.68u bone[33]='bone_L-middlefinger03.mesh' parent[26] R=45.9 exactJoint=51.00u pairs=30  (palette-wide exactWorst=65.31u)
[HANDS_ATTACH] mesh='hands_naked.mesh' owner='hands_naked.mesh' frame=3624 nb=38 wext=163.3 rebound=0
  TIER1 rest-coherence: worst=125.4deg bone[29]='bone_L-hand.mesh' count(>5deg)=8 freshRecap=0  xcheck(invOff-vs-restW) worst=125.4deg bone[29]
  TIER2 joint-attach(PRIMARY): worst=172.73u bone[8]='bone_R-index01.mesh' parent[13] R=48.0 exactJoint=98.93u pairs=30  (palette-wide exactWorst=111.60u)
[HANDS_ATTACH] mesh='hands_naked.mesh' owner='hands_naked.mesh' frame=3624 nb=40 wext=152.8 rebound=0
  TIER1 rest-coherence: worst=141.8deg bone[20]='bone_L-hand.mesh' count(>5deg)=6 freshRecap=0  xcheck(invOff-vs-restW) worst=141.8deg bone[20]
  TIER2 joint-attach(PRIMARY): worst=173.63u bone[37]='bone_L-ringfinger-base.mesh' parent[20] R=43.7 exactJoint=116.30u pairs=36  (palette-wide exactWorst=117.34u)
[HANDS_ATTACH] mesh='hands_naked.mesh' owner='hands_naked.mesh' frame=3624 nb=38 wext=107.6 rebound=0
  TIER1 rest-coherence: worst=129.8deg bone[22]='bone_L-foreArm.mesh' count(>5deg)=8 freshRecap=0  xcheck(invOff-vs-restW) worst=129.8deg bone[22]
  TIER2 joint-attach(PRIMARY): worst=86.56u bone[1]='bone_R-middlefinger01.mesh' parent[13] R=48.1 exactJoint=15.99u pairs=30  (palette-wide exactWorst=64.10u)
[HANDS_ATTACH] mesh='hands_naked.mesh' owner='hands_naked.mesh' frame=3634 nb=38 wext=165.3 rebound=0
  TIER1 rest-coherence: worst=125.4deg bone[29]='bone_L-hand.mesh' count(>5deg)=8 freshRecap=0  xcheck(invOff-vs-restW) worst=125.4deg bone[29]
  TIER2 joint-attach(PRIMARY): worst=173.15u bone[8]='bone_R-index01.mesh' parent[13] R=48.0 exactJoint=102.22u pairs=30  (palette-wide exactWorst=110.34u)
[HANDS_ATTACH] mesh='hands_naked.mesh' owner='hands_naked.mesh' frame=3634 nb=40 wext=152.6 rebound=0
  TIER1 rest-coherence: worst=150.0deg bone[20]='bone_L-hand.mesh' count(>5deg)=6 freshRecap=0  xcheck(invOff-vs-restW) worst=150.0deg bone[20]
  TIER2 joint-attach(PRIMARY): worst=163.45u bone[37]='bone_L-ringfinger-base.mesh' parent[20] R=43.7 exactJoint=115.04u pairs=36  (palette-wide exactWorst=115.88u)
[HANDS_ATTACH] mesh='hands_naked.mesh' owner='hands_naked.mesh' frame=3634 nb=38 wext=107.4 rebound=0
  TIER1 rest-coherence: worst=140.3deg bone[22]='bone_L-foreArm.mesh' count(>5deg)=8 freshRecap=0  xcheck(invOff-vs-restW) worst=140.3deg bone[22]
  TIER2 joint-attach(PRIMARY): worst=92.86u bone[23]='bone_L-middlefinger01.mesh' parent[29] R=48.1 exactJoint=66.88u pairs=30  (palette-wide exactWorst=66.88u)
[HANDS_ATTACH] mesh='hands_naked.mesh' owner='hands_naked.mesh' frame=3644 nb=38 wext=163.7 rebound=0
  TIER1 rest-coherence: worst=125.4deg bone[29]='bone_L-hand.mesh' count(>5deg)=8 freshRecap=0  xcheck(invOff-vs-restW) worst=125.4deg bone[29]
  TIER2 joint-attach(PRIMARY): worst=174.09u bone[8]='bone_R-index01.mesh' parent[13] R=48.0 exactJoint=97.89u pairs=30  (palette-wide exactWorst=109.57u)
[HANDS_ATTACH] mesh='hands_naked.mesh' owner='hands_naked.mesh' frame=3644 nb=40 wext=153.2 rebound=0
  TIER1 rest-coherence: worst=153.6deg bone[20]='bone_L-hand.mesh' count(>5deg)=6 freshRecap=0  xcheck(invOff-vs-restW) worst=153.6deg bone[20]
  TIER2 joint-attach(PRIMARY): worst=159.65u bone[21]='bone_R-ringfinger-base.mesh' parent[1] R=43.7 exactJoint=107.43u pairs=36  (palette-wide exactWorst=111.24u)
[HANDS_ATTACH] mesh='hands_naked.mesh' owner='hands_naked.mesh' frame=3644 nb=38 wext=106.1 rebound=0
  TIER1 rest-coherence: worst=140.3deg bone[22]='bone_L-foreArm.mesh' count(>5deg)=8 freshRecap=0  xcheck(invOff-vs-restW) worst=140.3deg bone[22]
  TIER2 joint-attach(PRIMARY): worst=81.94u bone[23]='bone_L-middlefinger01.mesh' parent[29] R=48.1 exactJoint=63.48u pairs=30  (palette-wide exactWorst=63.48u)
[HANDS_ATTACH] mesh='hands_naked.mesh' owner='hands_naked.mesh' frame=3654 nb=38 wext=165.8 rebound=0
  TIER1 rest-coherence: worst=125.4deg bone[29]='bone_L-hand.mesh' count(>5deg)=8 freshRecap=0  xcheck(invOff-vs-restW) worst=125.4deg bone[29]
  TIER2 joint-attach(PRIMARY): worst=177.13u bone[8]='bone_R-index01.mesh' parent[13] R=48.0 exactJoint=100.16u pairs=30  (palette-wide exactWorst=109.29u)
[HANDS_ATTACH] mesh='hands_naked.mesh' owner='hands_naked.mesh' frame=3654 nb=40 wext=152.5 rebound=0
  TIER1 rest-coherence: worst=151.4deg bone[20]='bone_L-hand.mesh' count(>5deg)=6 freshRecap=0  xcheck(invOff-vs-restW) worst=151.4deg bone[20]
  TIER2 joint-attach(PRIMARY): worst=155.86u bone[11]='bone_R-pinky-base.mesh' parent[1] R=43.6 exactJoint=109.36u pairs=36  (palette-wide exactWorst=114.72u)
[HANDS_ATTACH] mesh='hands_naked.mesh' owner='hands_naked.mesh' frame=3654 nb=38 wext=105.2 rebound=0
  TIER1 rest-coherence: worst=140.3deg bone[22]='bone_L-foreArm.mesh' count(>5deg)=8 freshRecap=0  xcheck(invOff-vs-restW) worst=140.3deg bone[22]
  TIER2 joint-attach(PRIMARY): worst=79.92u bone[23]='bone_L-middlefinger01.mesh' parent[29] R=48.1 exactJoint=63.24u pairs=30  (palette-wide exactWorst=63.24u)
[HANDS_ATTACH] mesh='hands_naked.mesh' owner='hands_naked.mesh' frame=3664 nb=38 wext=162.9 rebound=0
  TIER1 rest-coherence: worst=125.4deg bone[29]='bone_L-hand.mesh' count(>5deg)=8 freshRecap=0  xcheck(invOff-vs-restW) worst=125.4deg bone[29]
  TIER2 joint-attach(PRIMARY): worst=171.48u bone[8]='bone_R-index01.mesh' parent[13] R=48.0 exactJoint=96.70u pairs=30  (palette-wide exactWorst=109.53u)
[HANDS_ATTACH] mesh='hands_naked.mesh' owner='hands_naked.mesh' frame=3664 nb=40 wext=154.8 rebound=0
  TIER1 rest-coherence: worst=161.6deg bone[20]='bone_L-hand.mesh' count(>5deg)=6 freshRecap=0  xcheck(invOff-vs-restW) worst=161.6deg bone[20]
  TIER2 joint-attach(PRIMARY): worst=154.45u bone[21]='bone_R-ringfinger-base.mesh' parent[1] R=43.7 exactJoint=106.93u pairs=36  (palette-wide exactWorst=119.73u)
[HANDS_ATTACH] mesh='hands_naked.mesh' owner='hands_naked.mesh' frame=3664 nb=38 wext=106.0 rebound=0
  TIER1 rest-coherence: worst=140.3deg bone[22]='bone_L-foreArm.mesh' count(>5deg)=8 freshRecap=0  xcheck(invOff-vs-restW) worst=140.3deg bone[22]
  TIER2 joint-attach(PRIMARY): worst=81.86u bone[1]='bone_R-middlefinger01.mesh' parent[13] R=48.1 exactJoint=14.99u pairs=30  (palette-wide exactWorst=62.72u)
[HANDS_ATTACH] mesh='hands_naked.mesh' owner='hands_naked.mesh' frame=3674 nb=38 wext=163.1 rebound=0
  TIER1 rest-coherence: worst=125.4deg bone[29]='bone_L-hand.mesh' count(>5deg)=8 freshRecap=0  xcheck(invOff-vs-restW) worst=125.4deg bone[29]
  TIER2 joint-attach(PRIMARY): worst=170.07u bone[8]='bone_R-index01.mesh' parent[13] R=48.0 exactJoint=96.12u pairs=30  (palette-wide exactWorst=109.76u)
[HANDS_ATTACH] mesh='hands_naked.mesh' owner='hands_naked.mesh' frame=3674 nb=40 wext=152.7 rebound=0
  TIER1 rest-coherence: worst=157.8deg bone[20]='bone_L-hand.mesh' count(>5deg)=6 freshRecap=0  xcheck(invOff-vs-restW) worst=157.8deg bone[20]
  TIER2 joint-attach(PRIMARY): worst=154.96u bone[21]='bone_R-ringfinger-base.mesh' parent[1] R=43.7 exactJoint=111.17u pairs=36  (palette-wide exactWorst=114.36u)
[HANDS_ATTACH] mesh='hands_naked.mesh' owner='hands_naked.mesh' frame=3674 nb=38 wext=106.8 rebound=0
  TIER1 rest-coherence: worst=140.3deg bone[22]='bone_L-foreArm.mesh' count(>5deg)=8 freshRecap=0  xcheck(invOff-vs-restW) worst=140.3deg bone[22]
  TIER2 joint-attach(PRIMARY): worst=71.03u bone[23]='bone_L-middlefinger01.mesh' parent[29] R=48.1 exactJoint=62.11u pairs=30  (palette-wide exactWorst=62.11u)
[HANDS_ATTACH] mesh='hands_naked.mesh' owner='hands_naked.mesh' frame=3686 nb=38 wext=152.6 rebound=0
  TIER1 rest-coherence: worst=138.5deg bone[20]='bone_L-foreTwist2.mesh' count(>5deg)=8 freshRecap=0  xcheck(invOff-vs-restW) worst=138.5deg bone[28]
  TIER2 joint-attach(PRIMARY): worst=180.79u bone[23]='bone_L-middlefinger01.mesh' parent[29] R=48.1 exactJoint=128.83u pairs=30  (palette-wide exactWorst=128.83u)
[HANDS_ATTACH] mesh='hands_naked.mesh' owner='hands_naked.mesh' frame=3686 nb=40 wext=147.0 rebound=0
  TIER1 rest-coherence: worst=121.8deg bone[2]='bone_R-foreTwist2.mesh' count(>5deg)=6 freshRecap=0  xcheck(invOff-vs-restW) worst=121.8deg bone[2]
  TIER2 joint-attach(PRIMARY): worst=145.51u bone[21]='bone_R-ringfinger-base.mesh' parent[1] R=43.7 exactJoint=128.96u pairs=36  (palette-wide exactWorst=129.91u)
[HANDS_ATTACH] mesh='hands_naked.mesh' owner='hands_naked.mesh' frame=3686 nb=38 wext=99.4 rebound=0
  TIER1 rest-coherence: worst=150.8deg bone[5]='bone_R-foreArm.mesh' count(>5deg)=8 freshRecap=0  xcheck(invOff-vs-restW) worst=150.8deg bone[5]
  TIER2 joint-attach(PRIMARY): worst=120.01u bone[30]='bone_L-index01.mesh' parent[29] R=48.0 exactJoint=47.86u pairs=30  (palette-wide exactWorst=67.57u)
[HANDS_ATTACH] mesh='hands_naked.mesh' owner='hands_naked.mesh' frame=3706 nb=38 wext=155.7 rebound=0
  TIER1 rest-coherence: worst=153.0deg bone[28]='bone_L-foreTwist1.mesh' count(>5deg)=8 freshRecap=0  xcheck(invOff-vs-restW) worst=153.0deg bone[28]
  TIER2 joint-attach(PRIMARY): worst=179.02u bone[23]='bone_L-middlefinger01.mesh' parent[29] R=48.1 exactJoint=133.48u pairs=30  (palette-wide exactWorst=133.48u)
[HANDS_ATTACH] mesh='hands_naked.mesh' owner='hands_naked.mesh' frame=3706 nb=40 wext=147.7 rebound=0
  TIER1 rest-coherence: worst=162.7deg bone[2]='bone_R-foreTwist2.mesh' count(>5deg)=6 freshRecap=0  xcheck(invOff-vs-restW) worst=162.7deg bone[3]
  TIER2 joint-attach(PRIMARY): worst=146.45u bone[21]='bone_R-ringfinger-base.mesh' parent[1] R=43.7 exactJoint=128.66u pairs=36  (palette-wide exactWorst=129.63u)
[HANDS_ATTACH] mesh='hands_naked.mesh' owner='hands_naked.mesh' frame=3706 nb=38 wext=105.1 rebound=0
  TIER1 rest-coherence: worst=150.8deg bone[5]='bone_R-foreArm.mesh' count(>5deg)=8 freshRecap=0  xcheck(invOff-vs-restW) worst=150.8deg bone[5]
  TIER2 joint-attach(PRIMARY): worst=120.31u bone[30]='bone_L-index01.mesh' parent[29] R=48.0 exactJoint=46.55u pairs=30  (palette-wide exactWorst=72.81u)
[HANDS_ATTACH] mesh='hands_naked.mesh' owner='hands_naked.mesh' frame=3726 nb=38 wext=157.0 rebound=0
  TIER1 rest-coherence: worst=155.1deg bone[28]='bone_L-foreTwist1.mesh' count(>5deg)=8 freshRecap=0  xcheck(invOff-vs-restW) worst=155.1deg bone[20]
  TIER2 joint-attach(PRIMARY): worst=158.55u bone[23]='bone_L-middlefinger01.mesh' parent[29] R=48.1 exactJoint=135.46u pairs=30  (palette-wide exactWorst=135.46u)
[HANDS_ATTACH] mesh='hands_naked.mesh' owner='hands_naked.mesh' frame=3726 nb=40 wext=147.2 rebound=0
  TIER1 rest-coherence: worst=174.5deg bone[3]='bone_R-foreTwist1.mesh' count(>5deg)=6 freshRecap=0  xcheck(invOff-vs-restW) worst=174.5deg bone[3]
  TIER2 joint-attach(PRIMARY): worst=131.78u bone[21]='bone_R-ringfinger-base.mesh' parent[1] R=43.7 exactJoint=126.71u pairs=36  (palette-wide exactWorst=127.56u)
[HANDS_ATTACH] mesh='hands_naked.mesh' owner='hands_naked.mesh' frame=3726 nb=38 wext=102.2 rebound=0
  TIER1 rest-coherence: worst=145.8deg bone[5]='bone_R-foreArm.mesh' count(>5deg)=8 freshRecap=0  xcheck(invOff-vs-restW) worst=145.8deg bone[5]
  TIER2 joint-attach(PRIMARY): worst=118.51u bone[30]='bone_L-index01.mesh' parent[29] R=48.0 exactJoint=46.08u pairs=30  (palette-wide exactWorst=70.25u)
[HANDS_ATTACH] mesh='hands_naked.mesh' owner='hands_naked.mesh' frame=3746 nb=38 wext=157.7 rebound=0
  TIER1 rest-coherence: worst=151.6deg bone[20]='bone_L-foreTwist2.mesh' count(>5deg)=8 freshRecap=0  xcheck(invOff-vs-restW) worst=151.6deg bone[20]
  TIER2 joint-attach(PRIMARY): worst=143.19u bone[23]='bone_L-middlefinger01.mesh' parent[29] R=48.1 exactJoint=132.83u pairs=30  (palette-wide exactWorst=132.83u)
[HANDS_ATTACH] mesh='hands_naked.mesh' owner='hands_naked.mesh' frame=3746 nb=40 wext=139.7 rebound=0
  TIER1 rest-coherence: worst=176.8deg bone[1]='bone_R-hand.mesh' count(>5deg)=6 freshRecap=0  xcheck(invOff-vs-restW) worst=176.8deg bone[1]
  TIER2 joint-attach(PRIMARY): worst=134.38u bone[21]='bone_R-ringfinger-base.mesh' parent[1] R=43.7 exactJoint=120.81u pairs=36  (palette-wide exactWorst=121.71u)
[HANDS_ATTACH] mesh='hands_naked.mesh' owner='hands_naked.mesh' frame=3746 nb=38 wext=96.1 rebound=0
  TIER1 rest-coherence: worst=150.3deg bone[5]='bone_R-foreArm.mesh' count(>5deg)=8 freshRecap=0  xcheck(invOff-vs-restW) worst=150.3deg bone[5]
  TIER2 joint-attach(PRIMARY): worst=118.94u bone[8]='bone_R-index01.mesh' parent[13] R=48.0 exactJoint=62.46u pairs=30  (palette-wide exactWorst=63.74u)
[HANDS_ATTACH] mesh='hands_naked.mesh' owner='hands_naked.mesh' frame=3766 nb=38 wext=163.8 rebound=0
  TIER1 rest-coherence: worst=143.9deg bone[22]='bone_L-foreArm.mesh' count(>5deg)=8 freshRecap=0  xcheck(invOff-vs-restW) worst=143.9deg bone[22]
  TIER2 joint-attach(PRIMARY): worst=142.55u bone[23]='bone_L-middlefinger01.mesh' parent[29] R=48.1 exactJoint=136.94u pairs=30  (palette-wide exactWorst=136.94u)
[HANDS_ATTACH] mesh='hands_naked.mesh' owner='hands_naked.mesh' frame=3766 nb=40 wext=136.4 rebound=0
  TIER1 rest-coherence: worst=177.5deg bone[1]='bone_R-hand.mesh' count(>5deg)=6 freshRecap=0  xcheck(invOff-vs-restW) worst=177.5deg bone[1]
  TIER2 joint-attach(PRIMARY): worst=143.70u bone[37]='bone_L-ringfinger-base.mesh' parent[20] R=43.7 exactJoint=78.04u pairs=36  (palette-wide exactWorst=115.33u)
[HANDS_ATTACH] mesh='hands_naked.mesh' owner='hands_naked.mesh' frame=3766 nb=38 wext=99.3 rebound=0
  TIER1 rest-coherence: worst=155.5deg bone[5]='bone_R-foreArm.mesh' count(>5deg)=8 freshRecap=0  xcheck(invOff-vs-restW) worst=155.5deg bone[5]
  TIER2 joint-attach(PRIMARY): worst=121.79u bone[8]='bone_R-index01.mesh' parent[13] R=48.0 exactJoint=64.13u pairs=30  (palette-wide exactWorst=65.46u)
[HANDS_ATTACH] mesh='hands_naked.mesh' owner='hands_naked.mesh' frame=3786 nb=38 wext=163.8 rebound=0
  TIER1 rest-coherence: worst=142.5deg bone[20]='bone_L-foreTwist2.mesh' count(>5deg)=8 freshRecap=0  xcheck(invOff-vs-restW) worst=142.5deg bone[20]
  TIER2 joint-attach(PRIMARY): worst=127.24u bone[25]='bone_L-thumb01.mesh' parent[29] R=48.5 exactJoint=127.06u pairs=30  (palette-wide exactWorst=129.67u)
[HANDS_ATTACH] mesh='hands_naked.mesh' owner='hands_naked.mesh' frame=3786 nb=40 wext=131.7 rebound=0
  TIER1 rest-coherence: worst=171.5deg bone[3]='bone_R-foreTwist1.mesh' count(>5deg)=6 freshRecap=0  xcheck(invOff-vs-restW) worst=171.5deg bone[3]
  TIER2 joint-attach(PRIMARY): worst=135.20u bone[37]='bone_L-ringfinger-base.mesh' parent[20] R=43.7 exactJoint=73.30u pairs=36  (palette-wide exactWorst=107.28u)
[HANDS_ATTACH] mesh='hands_naked.mesh' owner='hands_naked.mesh' frame=3786 nb=38 wext=99.9 rebound=0
  TIER1 rest-coherence: worst=163.6deg bone[5]='bone_R-foreArm.mesh' count(>5deg)=8 freshRecap=0  xcheck(invOff-vs-restW) worst=163.6deg bone[5]
  TIER2 joint-attach(PRIMARY): worst=125.67u bone[30]='bone_L-index01.mesh' parent[29] R=48.0 exactJoint=48.02u pairs=30  (palette-wide exactWorst=65.35u)
[HANDS_ATTACH] mesh='hands_naked.mesh' owner='hands_naked.mesh' frame=3806 nb=38 wext=171.8 rebound=0
  TIER1 rest-coherence: worst=126.7deg bone[20]='bone_L-foreTwist2.mesh' count(>5deg)=8 freshRecap=0  xcheck(invOff-vs-restW) worst=126.7deg bone[28]
  TIER2 joint-attach(PRIMARY): worst=129.61u bone[25]='bone_L-thumb01.mesh' parent[29] R=48.5 exactJoint=130.96u pairs=30  (palette-wide exactWorst=133.17u)
[HANDS_ATTACH] mesh='hands_naked.mesh' owner='hands_naked.mesh' frame=3806 nb=40 wext=131.8 rebound=0
  TIER1 rest-coherence: worst=176.8deg bone[3]='bone_R-foreTwist1.mesh' count(>5deg)=6 freshRecap=0  xcheck(invOff-vs-restW) worst=176.8deg bone[3]
  TIER2 joint-attach(PRIMARY): worst=139.39u bone[21]='bone_R-ringfinger-base.mesh' parent[1] R=43.7 exactJoint=107.22u pairs=36  (palette-wide exactWorst=108.25u)
[HANDS_ATTACH] mesh='hands_naked.mesh' owner='hands_naked.mesh' frame=3806 nb=38 wext=98.4 rebound=0
  TIER1 rest-coherence: worst=150.5deg bone[5]='bone_R-foreArm.mesh' count(>5deg)=8 freshRecap=0  xcheck(invOff-vs-restW) worst=150.5deg bone[5]
  TIER2 joint-attach(PRIMARY): worst=130.95u bone[30]='bone_L-index01.mesh' parent[29] R=48.0 exactJoint=48.82u pairs=30  (palette-wide exactWorst=66.34u)
[HANDS_ATTACH] mesh='hands_naked.mesh' owner='hands_naked.mesh' frame=3826 nb=38 wext=174.9 rebound=0
  TIER1 rest-coherence: worst=126.7deg bone[20]='bone_L-foreTwist2.mesh' count(>5deg)=8 freshRecap=0  xcheck(invOff-vs-restW) worst=126.7deg bone[28]
  TIER2 joint-attach(PRIMARY): worst=133.74u bone[25]='bone_L-thumb01.mesh' parent[29] R=48.5 exactJoint=134.99u pairs=30  (palette-wide exactWorst=137.29u)
[HANDS_ATTACH] mesh='hands_naked.mesh' owner='hands_naked.mesh' frame=3826 nb=40 wext=125.9 rebound=0
  TIER1 rest-coherence: worst=176.8deg bone[3]='bone_R-foreTwist1.mesh' count(>5deg)=6 freshRecap=0  xcheck(invOff-vs-restW) worst=176.8deg bone[3]
  TIER2 joint-attach(PRIMARY): worst=125.08u bone[37]='bone_L-ringfinger-base.mesh' parent[20] R=43.7 exactJoint=64.87u pairs=36  (palette-wide exactWorst=105.51u)
[HANDS_ATTACH] mesh='hands_naked.mesh' owner='hands_naked.mesh' frame=3826 nb=38 wext=105.2 rebound=0
  TIER1 rest-coherence: worst=150.5deg bone[5]='bone_R-foreArm.mesh' count(>5deg)=8 freshRecap=0  xcheck(invOff-vs-restW) worst=150.5deg bone[5]
  TIER2 joint-attach(PRIMARY): worst=121.64u bone[8]='bone_R-index01.mesh' parent[13] R=48.0 exactJoint=64.90u pairs=30  (palette-wide exactWorst=66.15u)
[HANDS_ATTACH] mesh='hands_naked.mesh' owner='hands_naked.mesh' frame=3846 nb=38 wext=180.0 rebound=0
  TIER1 rest-coherence: worst=121.2deg bone[20]='bone_L-foreTwist2.mesh' count(>5deg)=8 freshRecap=0  xcheck(invOff-vs-restW) worst=121.2deg bone[28]
  TIER2 joint-attach(PRIMARY): worst=138.81u bone[9]='bone_R-thumb01.mesh' parent[13] R=48.5 exactJoint=104.69u pairs=30  (palette-wide exactWorst=140.71u)
[HANDS_ATTACH] mesh='hands_naked.mesh' owner='hands_naked.mesh' frame=3846 nb=40 wext=124.8 rebound=0
  TIER1 rest-coherence: worst=176.8deg bone[3]='bone_R-foreTwist1.mesh' count(>5deg)=6 freshRecap=0  xcheck(invOff-vs-restW) worst=176.8deg bone[3]
  TIER2 joint-attach(PRIMARY): worst=124.50u bone[37]='bone_L-ringfinger-base.mesh' parent[20] R=43.7 exactJoint=62.30u pairs=36  (palette-wide exactWorst=103.95u)
[HANDS_ATTACH] mesh='hands_naked.mesh' owner='hands_naked.mesh' frame=3846 nb=38 wext=98.0 rebound=0
  TIER1 rest-coherence: worst=173.2deg bone[13]='bone_R-hand.mesh' count(>5deg)=8 freshRecap=0  xcheck(invOff-vs-restW) worst=173.2deg bone[13]
  TIER2 joint-attach(PRIMARY): worst=122.76u bone[30]='bone_L-index01.mesh' parent[29] R=48.0 exactJoint=47.00u pairs=30  (palette-wide exactWorst=67.82u)
[HANDS_ATTACH] mesh='hands_naked.mesh' owner='hands_naked.mesh' frame=3866 nb=38 wext=175.8 rebound=0
  TIER1 rest-coherence: worst=103.8deg bone[20]='bone_L-foreTwist2.mesh' count(>5deg)=8 freshRecap=0  xcheck(invOff-vs-restW) worst=103.8deg bone[28]
  TIER2 joint-attach(PRIMARY): worst=124.90u bone[25]='bone_L-thumb01.mesh' parent[29] R=48.5 exactJoint=127.36u pairs=30  (palette-wide exactWorst=128.27u)
[HANDS_ATTACH] mesh='hands_naked.mesh' owner='hands_naked.mesh' frame=3866 nb=40 wext=116.0 rebound=0
  TIER1 rest-coherence: worst=176.8deg bone[3]='bone_R-foreTwist1.mesh' count(>5deg)=6 freshRecap=0  xcheck(invOff-vs-restW) worst=176.8deg bone[3]
  TIER2 joint-attach(PRIMARY): worst=126.76u bone[37]='bone_L-ringfinger-base.mesh' parent[20] R=43.7 exactJoint=56.36u pairs=36  (palette-wide exactWorst=88.76u)
[HANDS_ATTACH] mesh='hands_naked.mesh' owner='hands_naked.mesh' frame=3866 nb=38 wext=99.3 rebound=0
  TIER1 rest-coherence: worst=177.5deg bone[5]='bone_R-foreArm.mesh' count(>5deg)=8 freshRecap=0  xcheck(invOff-vs-restW) worst=177.5deg bone[5]
  TIER2 joint-attach(PRIMARY): worst=125.74u bone[30]='bone_L-index01.mesh' parent[29] R=48.0 exactJoint=48.59u pairs=30  (palette-wide exactWorst=69.76u)
[HANDS_ATTACH] mesh='hands_naked.mesh' owner='hands_naked.mesh' frame=3886 nb=38 wext=179.9 rebound=0
  TIER1 rest-coherence: worst=115.0deg bone[0]='bone_R-foreTwist1.mesh' count(>5deg)=8 freshRecap=0  xcheck(invOff-vs-restW) worst=115.0deg bone[0]
  TIER2 joint-attach(PRIMARY): worst=119.76u bone[25]='bone_L-thumb01.mesh' parent[29] R=48.5 exactJoint=120.58u pairs=30  (palette-wide exactWorst=120.87u)
[HANDS_ATTACH] mesh='hands_naked.mesh' owner='hands_naked.mesh' frame=3886 nb=40 wext=107.6 rebound=0
  TIER1 rest-coherence: worst=160.6deg bone[2]='bone_R-foreTwist2.mesh' count(>5deg)=6 freshRecap=0  xcheck(invOff-vs-restW) worst=160.6deg bone[3]
  TIER2 joint-attach(PRIMARY): worst=117.23u bone[21]='bone_R-ringfinger-base.mesh' parent[1] R=43.7 exactJoint=84.89u pairs=36  (palette-wide exactWorst=85.84u)
[HANDS_ATTACH] mesh='hands_naked.mesh' owner='hands_naked.mesh' frame=3886 nb=38 wext=97.6 rebound=0
  TIER1 rest-coherence: worst=178.2deg bone[13]='bone_R-hand.mesh' count(>5deg)=8 freshRecap=0  xcheck(invOff-vs-restW) worst=178.2deg bone[13]
  TIER2 joint-attach(PRIMARY): worst=129.21u bone[30]='bone_L-index01.mesh' parent[29] R=48.0 exactJoint=50.65u pairs=30  (palette-wide exactWorst=67.32u)
[HANDS_ATTACH] mesh='hands_naked.mesh' owner='hands_naked.mesh' frame=3906 nb=38 wext=176.8 rebound=0
  TIER1 rest-coherence: worst=115.0deg bone[0]='bone_R-foreTwist1.mesh' count(>5deg)=8 freshRecap=0  xcheck(invOff-vs-restW) worst=115.0deg bone[0]
  TIER2 joint-attach(PRIMARY): worst=147.55u bone[30]='bone_L-index01.mesh' parent[29] R=48.0 exactJoint=113.90u pairs=30  (palette-wide exactWorst=114.55u)
[HANDS_ATTACH] mesh='hands_naked.mesh' owner='hands_naked.mesh' frame=3906 nb=40 wext=110.4 rebound=0
  TIER1 rest-coherence: worst=137.7deg bone[2]='bone_R-foreTwist2.mesh' count(>5deg)=6 freshRecap=0  xcheck(invOff-vs-restW) worst=137.7deg bone[2]
  TIER2 joint-attach(PRIMARY): worst=107.77u bone[21]='bone_R-ringfinger-base.mesh' parent[1] R=43.7 exactJoint=86.04u pairs=36  (palette-wide exactWorst=86.80u)
[HANDS_ATTACH] mesh='hands_naked.mesh' owner='hands_naked.mesh' frame=3906 nb=38 wext=97.5 rebound=0
  TIER1 rest-coherence: worst=175.9deg bone[6]='bone_R-foreTwist2.mesh' count(>5deg)=8 freshRecap=0  xcheck(invOff-vs-restW) worst=175.9deg bone[0]
  TIER2 joint-attach(PRIMARY): worst=132.15u bone[30]='bone_L-index01.mesh' parent[29] R=48.0 exactJoint=49.53u pairs=30  (palette-wide exactWorst=65.25u)
[HANDS_ATTACH] mesh='hands_naked.mesh' owner='hands_naked.mesh' frame=3926 nb=38 wext=180.2 rebound=0
  TIER1 rest-coherence: worst=120.1deg bone[0]='bone_R-foreTwist1.mesh' count(>5deg)=8 freshRecap=0  xcheck(invOff-vs-restW) worst=120.1deg bone[0]
  TIER2 joint-attach(PRIMARY): worst=150.55u bone[30]='bone_L-index01.mesh' parent[29] R=48.0 exactJoint=113.77u pairs=30  (palette-wide exactWorst=115.74u)
[HANDS_ATTACH] mesh='hands_naked.mesh' owner='hands_naked.mesh' frame=3926 nb=40 wext=111.5 rebound=0
  TIER1 rest-coherence: worst=145.9deg bone[2]='bone_R-foreTwist2.mesh' count(>5deg)=6 freshRecap=0  xcheck(invOff-vs-restW) worst=145.9deg bone[3]
  TIER2 joint-attach(PRIMARY): worst=111.04u bone[37]='bone_L-ringfinger-base.mesh' parent[20] R=43.7 exactJoint=41.93u pairs=36  (palette-wide exactWorst=91.59u)
[HANDS_ATTACH] mesh='hands_naked.mesh' owner='hands_naked.mesh' frame=3926 nb=38 wext=99.9 rebound=0
  TIER1 rest-coherence: worst=174.9deg bone[13]='bone_R-hand.mesh' count(>5deg)=8 freshRecap=0  xcheck(invOff-vs-restW) worst=174.9deg bone[13]
  TIER2 joint-attach(PRIMARY): worst=124.46u bone[8]='bone_R-index01.mesh' parent[13] R=48.0 exactJoint=65.68u pairs=30  (palette-wide exactWorst=66.99u)
[HANDS_ATTACH] mesh='hands_naked.mesh' owner='hands_naked.mesh' frame=3946 nb=38 wext=177.5 rebound=0
  TIER1 rest-coherence: worst=125.5deg bone[22]='bone_L-foreArm.mesh' count(>5deg)=8 freshRecap=0  xcheck(invOff-vs-restW) worst=125.5deg bone[22]
  TIER2 joint-attach(PRIMARY): worst=131.31u bone[30]='bone_L-index01.mesh' parent[29] R=48.0 exactJoint=108.30u pairs=30  (palette-wide exactWorst=112.12u)
[HANDS_ATTACH] mesh='hands_naked.mesh' owner='hands_naked.mesh' frame=3946 nb=40 wext=108.5 rebound=0
  TIER1 rest-coherence: worst=151.0deg bone[3]='bone_R-foreTwist1.mesh' count(>5deg)=6 freshRecap=0  xcheck(invOff-vs-restW) worst=151.0deg bone[3]
  TIER2 joint-attach(PRIMARY): worst=103.19u bone[21]='bone_R-ringfinger-base.mesh' parent[1] R=43.7 exactJoint=87.07u pairs=36  (palette-wide exactWorst=87.75u)
[HANDS_ATTACH] mesh='hands_naked.mesh' owner='hands_naked.mesh' frame=3946 nb=38 wext=96.0 rebound=0
  TIER1 rest-coherence: worst=174.9deg bone[0]='bone_R-foreTwist1.mesh' count(>5deg)=8 freshRecap=0  xcheck(invOff-vs-restW) worst=174.9deg bone[0]
  TIER2 joint-attach(PRIMARY): worst=115.65u bone[8]='bone_R-index01.mesh' parent[13] R=48.0 exactJoint=65.26u pairs=30  (palette-wide exactWorst=66.53u)
[HANDS_ATTACH] mesh='hands_naked.mesh' owner='hands_naked.mesh' frame=3966 nb=38 wext=170.2 rebound=0
  TIER1 rest-coherence: worst=116.4deg bone[29]='bone_L-hand.mesh' count(>5deg)=8 freshRecap=0  xcheck(invOff-vs-restW) worst=116.4deg bone[29]
  TIER2 joint-attach(PRIMARY): worst=135.72u bone[30]='bone_L-index01.mesh' parent[29] R=48.0 exactJoint=104.37u pairs=30  (palette-wide exactWorst=109.63u)
[HANDS_ATTACH] mesh='hands_naked.mesh' owner='hands_naked.mesh' frame=3966 nb=40 wext=109.4 rebound=0
  TIER1 rest-coherence: worst=139.1deg bone[2]='bone_R-foreTwist2.mesh' count(>5deg)=6 freshRecap=0  xcheck(invOff-vs-restW) worst=139.1deg bone[3]
  TIER2 joint-attach(PRIMARY): worst=103.02u bone[21]='bone_R-ringfinger-base.mesh' parent[1] R=43.7 exactJoint=87.09u pairs=36  (palette-wide exactWorst=87.77u)
[HANDS_ATTACH] mesh='hands_naked.mesh' owner='hands_naked.mesh' frame=3966 nb=38 wext=100.7 rebound=0
  TIER1 rest-coherence: worst=176.2deg bone[13]='bone_R-hand.mesh' count(>5deg)=8 freshRecap=0  xcheck(invOff-vs-restW) worst=176.2deg bone[13]
  TIER2 joint-attach(PRIMARY): worst=126.38u bone[30]='bone_L-index01.mesh' parent[29] R=48.0 exactJoint=49.15u pairs=30  (palette-wide exactWorst=66.65u)
[HANDS_ATTACH] mesh='hands_naked.mesh' owner='hands_naked.mesh' frame=3986 nb=38 wext=165.0 rebound=0
  TIER1 rest-coherence: worst=116.4deg bone[29]='bone_L-hand.mesh' count(>5deg)=8 freshRecap=0  xcheck(invOff-vs-restW) worst=116.4deg bone[29]
  TIER2 joint-attach(PRIMARY): worst=156.01u bone[30]='bone_L-index01.mesh' parent[29] R=48.0 exactJoint=102.98u pairs=30  (palette-wide exactWorst=104.16u)
[HANDS_ATTACH] mesh='hands_naked.mesh' owner='hands_naked.mesh' frame=3986 nb=40 wext=106.4 rebound=0
  TIER1 rest-coherence: worst=141.3deg bone[3]='bone_R-foreTwist1.mesh' count(>5deg)=6 freshRecap=0  xcheck(invOff-vs-restW) worst=141.3deg bone[3]
  TIER2 joint-attach(PRIMARY): worst=114.11u bone[21]='bone_R-ringfinger-base.mesh' parent[1] R=43.7 exactJoint=86.74u pairs=36  (palette-wide exactWorst=87.57u)
[HANDS_ATTACH] mesh='hands_naked.mesh' owner='hands_naked.mesh' frame=3986 nb=38 wext=100.1 rebound=0
  TIER1 rest-coherence: worst=175.9deg bone[0]='bone_R-foreTwist1.mesh' count(>5deg)=8 freshRecap=0  xcheck(invOff-vs-restW) worst=175.9deg bone[0]
  TIER2 joint-attach(PRIMARY): worst=116.54u bone[8]='bone_R-index01.mesh' parent[13] R=48.0 exactJoint=64.48u pairs=30  (palette-wide exactWorst=65.77u)
[HANDS_ATTACH] mesh='hands_naked.mesh' owner='hands_naked.mesh' frame=4006 nb=38 wext=161.1 rebound=0
  TIER1 rest-coherence: worst=120.1deg bone[29]='bone_L-hand.mesh' count(>5deg)=8 freshRecap=0  xcheck(invOff-vs-restW) worst=120.1deg bone[29]
  TIER2 joint-attach(PRIMARY): worst=139.73u bone[8]='bone_R-index01.mesh' parent[13] R=48.0 exactJoint=96.27u pairs=30  (palette-wide exactWorst=104.76u)
[HANDS_ATTACH] mesh='hands_naked.mesh' owner='hands_naked.mesh' frame=4006 nb=40 wext=107.3 rebound=0
  TIER1 rest-coherence: worst=120.5deg bone[20]='bone_L-hand.mesh' count(>5deg)=6 freshRecap=0  xcheck(invOff-vs-restW) worst=120.5deg bone[20]
  TIER2 joint-attach(PRIMARY): worst=105.01u bone[21]='bone_R-ringfinger-base.mesh' parent[1] R=43.7 exactJoint=85.27u pairs=36  (palette-wide exactWorst=85.93u)
[HANDS_ATTACH] mesh='hands_naked.mesh' owner='hands_naked.mesh' frame=4006 nb=38 wext=101.5 rebound=0
  TIER1 rest-coherence: worst=176.9deg bone[5]='bone_R-foreArm.mesh' count(>5deg)=8 freshRecap=0  xcheck(invOff-vs-restW) worst=176.9deg bone[5]
  TIER2 joint-attach(PRIMARY): worst=119.93u bone[30]='bone_L-index01.mesh' parent[29] R=48.0 exactJoint=47.95u pairs=30  (palette-wide exactWorst=67.66u)
[HANDS_ATTACH] mesh='hands_naked.mesh' owner='hands_naked.mesh' frame=4020 nb=40 wext=145.3 rebound=0
  TIER1 rest-coherence: worst=178.3deg bone[20]='bone_L-hand.mesh' count(>5deg)=6 freshRecap=0  xcheck(invOff-vs-restW) worst=178.3deg bone[20]
  TIER2 joint-attach(PRIMARY): worst=148.64u bone[37]='bone_L-ringfinger-base.mesh' parent[20] R=43.7 exactJoint=90.69u pairs=36  (palette-wide exactWorst=130.71u)
[HANDS_ATTACH] mesh='hands_naked.mesh' owner='hands_naked.mesh' frame=4026 nb=38 wext=152.1 rebound=0
  TIER1 rest-coherence: worst=128.6deg bone[0]='bone_R-foreTwist1.mesh' count(>5deg)=8 freshRecap=0  xcheck(invOff-vs-restW) worst=128.6deg bone[0]
  TIER2 joint-attach(PRIMARY): worst=184.07u bone[1]='bone_R-middlefinger01.mesh' parent[13] R=48.1 exactJoint=54.13u pairs=30  (palette-wide exactWorst=128.82u)
[HANDS_ATTACH] mesh='hands_naked.mesh' owner='hands_naked.mesh' frame=4026 nb=38 wext=101.7 rebound=0
  TIER1 rest-coherence: worst=176.9deg bone[5]='bone_R-foreArm.mesh' count(>5deg)=8 freshRecap=0  xcheck(invOff-vs-restW) worst=176.9deg bone[5]
  TIER2 joint-attach(PRIMARY): worst=124.71u bone[8]='bone_R-index01.mesh' parent[13] R=48.0 exactJoint=66.02u pairs=30  (palette-wide exactWorst=67.35u)
[HANDS_ATTACH] mesh='hands_naked.mesh' owner='hands_naked.mesh' frame=4030 nb=40 wext=147.0 rebound=0
  TIER1 rest-coherence: worst=170.6deg bone[8]='bone_L-foreTwist1.mesh' count(>5deg)=6 freshRecap=0  xcheck(invOff-vs-restW) worst=170.6deg bone[8]
  TIER2 joint-attach(PRIMARY): worst=151.39u bone[37]='bone_L-ringfinger-base.mesh' parent[20] R=43.7 exactJoint=91.59u pairs=36  (palette-wide exactWorst=131.15u)
[HANDS_ATTACH] mesh='hands_naked.mesh' owner='hands_naked.mesh' frame=4040 nb=40 wext=149.2 rebound=0
  TIER1 rest-coherence: worst=167.2deg bone[26]='bone_L-foreTwist2.mesh' count(>5deg)=6 freshRecap=0  xcheck(invOff-vs-restW) worst=167.2deg bone[8]
  TIER2 joint-attach(PRIMARY): worst=155.42u bone[37]='bone_L-ringfinger-base.mesh' parent[20] R=43.7 exactJoint=95.24u pairs=36  (palette-wide exactWorst=130.61u)
[HANDS_ATTACH] mesh='hands_naked.mesh' owner='hands_naked.mesh' frame=4046 nb=38 wext=152.7 rebound=0
  TIER1 rest-coherence: worst=128.6deg bone[0]='bone_R-foreTwist1.mesh' count(>5deg)=8 freshRecap=0  xcheck(invOff-vs-restW) worst=128.6deg bone[0]
  TIER2 joint-attach(PRIMARY): worst=178.29u bone[1]='bone_R-middlefinger01.mesh' parent[13] R=48.1 exactJoint=52.55u pairs=30  (palette-wide exactWorst=129.99u)
[HANDS_ATTACH] mesh='hands_naked.mesh' owner='hands_naked.mesh' frame=4046 nb=38 wext=101.1 rebound=0
  TIER1 rest-coherence: worst=176.9deg bone[5]='bone_R-foreArm.mesh' count(>5deg)=8 freshRecap=0  xcheck(invOff-vs-restW) worst=176.9deg bone[5]
  TIER2 joint-attach(PRIMARY): worst=125.25u bone[30]='bone_L-index01.mesh' parent[29] R=48.0 exactJoint=50.36u pairs=30  (palette-wide exactWorst=65.92u)
[HANDS_ATTACH] mesh='hands_naked.mesh' owner='hands_naked.mesh' frame=4050 nb=40 wext=152.1 rebound=0
  TIER1 rest-coherence: worst=179.3deg bone[8]='bone_L-foreTwist1.mesh' count(>5deg)=6 freshRecap=0  xcheck(invOff-vs-restW) worst=179.3deg bone[8]
  TIER2 joint-attach(PRIMARY): worst=161.15u bone[37]='bone_L-ringfinger-base.mesh' parent[20] R=43.7 exactJoint=99.38u pairs=36  (palette-wide exactWorst=129.49u)
[HANDS_ATTACH] mesh='hands_naked.mesh' owner='hands_naked.mesh' frame=4060 nb=40 wext=150.4 rebound=0
  TIER1 rest-coherence: worst=162.8deg bone[8]='bone_L-foreTwist1.mesh' count(>5deg)=6 freshRecap=0  xcheck(invOff-vs-restW) worst=162.8deg bone[8]
  TIER2 joint-attach(PRIMARY): worst=156.48u bone[37]='bone_L-ringfinger-base.mesh' parent[20] R=43.7 exactJoint=93.98u pairs=36  (palette-wide exactWorst=130.05u)
[HANDS_ATTACH] mesh='hands_naked.mesh' owner='hands_naked.mesh' frame=4066 nb=38 wext=153.0 rebound=0
  TIER1 rest-coherence: worst=128.6deg bone[0]='bone_R-foreTwist1.mesh' count(>5deg)=8 freshRecap=0  xcheck(invOff-vs-restW) worst=128.6deg bone[0]
  TIER2 joint-attach(PRIMARY): worst=179.88u bone[23]='bone_L-middlefinger01.mesh' parent[29] R=48.1 exactJoint=131.84u pairs=30  (palette-wide exactWorst=131.84u)
[HANDS_ATTACH] mesh='hands_naked.mesh' owner='hands_naked.mesh' frame=4066 nb=38 wext=98.2 rebound=0
  TIER1 rest-coherence: worst=175.8deg bone[13]='bone_R-hand.mesh' count(>5deg)=8 freshRecap=0  xcheck(invOff-vs-restW) worst=175.8deg bone[13]
  TIER2 joint-attach(PRIMARY): worst=129.81u bone[30]='bone_L-index01.mesh' parent[29] R=48.0 exactJoint=52.81u pairs=30  (palette-wide exactWorst=65.94u)
[HANDS_ATTACH] mesh='hands_naked.mesh' owner='hands_naked.mesh' frame=4070 nb=40 wext=150.9 rebound=0
  TIER1 rest-coherence: worst=157.5deg bone[2]='bone_R-foreTwist2.mesh' count(>5deg)=6 freshRecap=0  xcheck(invOff-vs-restW) worst=157.5deg bone[3]
  TIER2 joint-attach(PRIMARY): worst=160.07u bone[21]='bone_R-ringfinger-base.mesh' parent[1] R=43.7 exactJoint=131.28u pairs=36  (palette-wide exactWorst=132.38u)
[HANDS_ATTACH] mesh='hands_naked.mesh' owner='hands_naked.mesh' frame=4080 nb=40 wext=152.7 rebound=0
  TIER1 rest-coherence: worst=167.0deg bone[3]='bone_R-foreTwist1.mesh' count(>5deg)=6 freshRecap=0  xcheck(invOff-vs-restW) worst=167.0deg bone[3]
  TIER2 joint-attach(PRIMARY): worst=163.05u bone[21]='bone_R-ringfinger-base.mesh' parent[1] R=43.7 exactJoint=132.24u pairs=36  (palette-wide exactWorst=133.35u)
[HANDS_ATTACH] mesh='hands_naked.mesh' owner='hands_naked.mesh' frame=4086 nb=38 wext=154.2 rebound=0
  TIER1 rest-coherence: worst=128.6deg bone[0]='bone_R-foreTwist1.mesh' count(>5deg)=8 freshRecap=0  xcheck(invOff-vs-restW) worst=128.6deg bone[0]
  TIER2 joint-attach(PRIMARY): worst=178.80u bone[23]='bone_L-middlefinger01.mesh' parent[29] R=48.1 exactJoint=133.63u pairs=30  (palette-wide exactWorst=133.63u)
[HANDS_ATTACH] mesh='hands_naked.mesh' owner='hands_naked.mesh' frame=4086 nb=38 wext=96.7 rebound=0
  TIER1 rest-coherence: worst=173.5deg bone[13]='bone_R-hand.mesh' count(>5deg)=8 freshRecap=0  xcheck(invOff-vs-restW) worst=173.5deg bone[13]
  TIER2 joint-attach(PRIMARY): worst=127.37u bone[8]='bone_R-index01.mesh' parent[13] R=48.0 exactJoint=62.19u pairs=30  (palette-wide exactWorst=63.58u)
[HANDS_ATTACH] mesh='hands_naked.mesh' owner='hands_naked.mesh' frame=4090 nb=40 wext=146.5 rebound=0
  TIER1 rest-coherence: worst=173.3deg bone[8]='bone_L-foreTwist1.mesh' count(>5deg)=6 freshRecap=0  xcheck(invOff-vs-restW) worst=173.3deg bone[8]
  TIER2 joint-attach(PRIMARY): worst=169.78u bone[21]='bone_R-ringfinger-base.mesh' parent[1] R=43.7 exactJoint=129.29u pairs=36  (palette-wide exactWorst=130.49u)
[HANDS_ATTACH] mesh='hands_naked.mesh' owner='hands_naked.mesh' frame=4100 nb=40 wext=149.1 rebound=0
  TIER1 rest-coherence: worst=171.4deg bone[2]='bone_R-foreTwist2.mesh' count(>5deg)=6 freshRecap=0  xcheck(invOff-vs-restW) worst=171.4deg bone[3]
  TIER2 joint-attach(PRIMARY): worst=148.20u bone[21]='bone_R-ringfinger-base.mesh' parent[1] R=43.7 exactJoint=130.99u pairs=36  (palette-wide exactWorst=131.96u)
[HANDS_ATTACH] mesh='hands_naked.mesh' owner='hands_naked.mesh' frame=4106 nb=38 wext=154.1 rebound=0
  TIER1 rest-coherence: worst=128.6deg bone[0]='bone_R-foreTwist1.mesh' count(>5deg)=8 freshRecap=0  xcheck(invOff-vs-restW) worst=128.6deg bone[0]
  TIER2 joint-attach(PRIMARY): worst=180.81u bone[1]='bone_R-middlefinger01.mesh' parent[13] R=48.1 exactJoint=55.30u pairs=30  (palette-wide exactWorst=132.68u)
[HANDS_ATTACH] mesh='hands_naked.mesh' owner='hands_naked.mesh' frame=4106 nb=38 wext=101.2 rebound=0
  TIER1 rest-coherence: worst=175.5deg bone[13]='bone_R-hand.mesh' count(>5deg)=8 freshRecap=0  xcheck(invOff-vs-restW) worst=175.5deg bone[13]
  TIER2 joint-attach(PRIMARY): worst=127.32u bone[8]='bone_R-index01.mesh' parent[13] R=48.0 exactJoint=64.99u pairs=30  (palette-wide exactWorst=66.36u)
[HANDS_ATTACH] mesh='hands_naked.mesh' owner='hands_naked.mesh' frame=4110 nb=40 wext=142.8 rebound=0
  TIER1 rest-coherence: worst=171.4deg bone[2]='bone_R-foreTwist2.mesh' count(>5deg)=6 freshRecap=0  xcheck(invOff-vs-restW) worst=171.4deg bone[3]
  TIER2 joint-attach(PRIMARY): worst=154.25u bone[21]='bone_R-ringfinger-base.mesh' parent[1] R=43.7 exactJoint=125.88u pairs=36  (palette-wide exactWorst=126.96u)
[HANDS_ATTACH] mesh='hands_naked.mesh' owner='hands_naked.mesh' frame=4120 nb=40 wext=145.2 rebound=0
  TIER1 rest-coherence: worst=150.1deg bone[1]='bone_R-hand.mesh' count(>5deg)=6 freshRecap=0  xcheck(invOff-vs-restW) worst=150.1deg bone[1]
  TIER2 joint-attach(PRIMARY): worst=145.08u bone[21]='bone_R-ringfinger-base.mesh' parent[1] R=43.7 exactJoint=127.52u pairs=36  (palette-wide exactWorst=128.49u)
[HANDS_ATTACH] mesh='hands_naked.mesh' owner='hands_naked.mesh' frame=4126 nb=38 wext=155.4 rebound=0
  TIER1 rest-coherence: worst=128.6deg bone[0]='bone_R-foreTwist1.mesh' count(>5deg)=8 freshRecap=0  xcheck(invOff-vs-restW) worst=128.6deg bone[0]
  TIER2 joint-attach(PRIMARY): worst=182.23u bone[1]='bone_R-middlefinger01.mesh' parent[13] R=48.1 exactJoint=54.57u pairs=30  (palette-wide exactWorst=132.83u)
[HANDS_ATTACH] mesh='hands_naked.mesh' owner='hands_naked.mesh' frame=4126 nb=38 wext=102.9 rebound=0
  TIER1 rest-coherence: worst=177.2deg bone[0]='bone_R-foreTwist1.mesh' count(>5deg)=8 freshRecap=0  xcheck(invOff-vs-restW) worst=177.2deg bone[0]
  TIER2 joint-attach(PRIMARY): worst=124.19u bone[30]='bone_L-index01.mesh' parent[29] R=48.0 exactJoint=51.02u pairs=30  (palette-wide exactWorst=63.17u)
[HANDS_ATTACH] mesh='hands_naked.mesh' owner='hands_naked.mesh' frame=4130 nb=40 wext=150.1 rebound=0
  TIER1 rest-coherence: worst=150.1deg bone[1]='bone_R-hand.mesh' count(>5deg)=6 freshRecap=0  xcheck(invOff-vs-restW) worst=150.1deg bone[1]
  TIER2 joint-attach(PRIMARY): worst=137.23u bone[37]='bone_L-ringfinger-base.mesh' parent[20] R=43.7 exactJoint=84.19u pairs=36  (palette-wide exactWorst=133.26u)
[HANDS_ATTACH] mesh='hands_naked.mesh' owner='hands_naked.mesh' frame=4140 nb=40 wext=139.5 rebound=0
  TIER1 rest-coherence: worst=150.1deg bone[1]='bone_R-hand.mesh' count(>5deg)=6 freshRecap=0  xcheck(invOff-vs-restW) worst=150.1deg bone[1]
  TIER2 joint-attach(PRIMARY): worst=137.56u bone[37]='bone_L-ringfinger-base.mesh' parent[20] R=43.7 exactJoint=83.60u pairs=36  (palette-wide exactWorst=115.98u)
[HANDS_ATTACH] mesh='hands_naked.mesh' owner='hands_naked.mesh' frame=4146 nb=38 wext=156.4 rebound=0
  TIER1 rest-coherence: worst=128.6deg bone[0]='bone_R-foreTwist1.mesh' count(>5deg)=8 freshRecap=0  xcheck(invOff-vs-restW) worst=128.6deg bone[0]
  TIER2 joint-attach(PRIMARY): worst=183.20u bone[1]='bone_R-middlefinger01.mesh' parent[13] R=48.1 exactJoint=53.38u pairs=30  (palette-wide exactWorst=133.80u)
[HANDS_ATTACH] mesh='hands_naked.mesh' owner='hands_naked.mesh' frame=4146 nb=38 wext=103.0 rebound=0
  TIER1 rest-coherence: worst=175.3deg bone[5]='bone_R-foreArm.mesh' count(>5deg)=8 freshRecap=0  xcheck(invOff-vs-restW) worst=175.3deg bone[5]
  TIER2 joint-attach(PRIMARY): worst=124.34u bone[8]='bone_R-index01.mesh' parent[13] R=48.0 exactJoint=63.09u pairs=30  (palette-wide exactWorst=64.43u)
[HANDS_ATTACH] mesh='hands_naked.mesh' owner='hands_naked.mesh' frame=4150 nb=40 wext=140.0 rebound=0
  TIER1 rest-coherence: worst=150.1deg bone[1]='bone_R-hand.mesh' count(>5deg)=6 freshRecap=0  xcheck(invOff-vs-restW) worst=150.1deg bone[1]
  TIER2 joint-attach(PRIMARY): worst=141.97u bone[37]='bone_L-ringfinger-base.mesh' parent[20] R=43.7 exactJoint=87.71u pairs=36  (palette-wide exactWorst=112.27u)
[HANDS_ATTACH] mesh='hands_naked.mesh' owner='hands_naked.mesh' frame=4160 nb=40 wext=156.2 rebound=0
  TIER1 rest-coherence: worst=157.4deg bone[1]='bone_R-hand.mesh' count(>5deg)=6 freshRecap=0  xcheck(invOff-vs-restW) worst=157.4deg bone[1]
  TIER2 joint-attach(PRIMARY): worst=150.05u bone[21]='bone_R-ringfinger-base.mesh' parent[1] R=43.7 exactJoint=130.71u pairs=36  (palette-wide exactWorst=131.68u)
[HANDS_ATTACH] mesh='hands_naked.mesh' owner='hands_naked.mesh' frame=4166 nb=38 wext=152.8 rebound=0
  TIER1 rest-coherence: worst=128.6deg bone[0]='bone_R-foreTwist1.mesh' count(>5deg)=8 freshRecap=0  xcheck(invOff-vs-restW) worst=128.6deg bone[0]
  TIER2 joint-attach(PRIMARY): worst=183.59u bone[23]='bone_L-middlefinger01.mesh' parent[29] R=48.1 exactJoint=130.09u pairs=30  (palette-wide exactWorst=130.09u)
[HANDS_ATTACH] mesh='hands_naked.mesh' owner='hands_naked.mesh' frame=4166 nb=38 wext=102.7 rebound=0
  TIER1 rest-coherence: worst=177.7deg bone[13]='bone_R-hand.mesh' count(>5deg)=8 freshRecap=0  xcheck(invOff-vs-restW) worst=177.7deg bone[13]
  TIER2 joint-attach(PRIMARY): worst=123.77u bone[30]='bone_L-index01.mesh' parent[29] R=48.0 exactJoint=51.33u pairs=30  (palette-wide exactWorst=60.24u)
[HANDS_ATTACH] mesh='hands_naked.mesh' owner='hands_naked.mesh' frame=4170 nb=40 wext=148.0 rebound=0
  TIER1 rest-coherence: worst=178.2deg bone[1]='bone_R-hand.mesh' count(>5deg)=6 freshRecap=0  xcheck(invOff-vs-restW) worst=178.2deg bone[1]
  TIER2 joint-attach(PRIMARY): worst=153.99u bone[21]='bone_R-ringfinger-base.mesh' parent[1] R=43.7 exactJoint=131.10u pairs=36  (palette-wide exactWorst=132.13u)
[HANDS_ATTACH] mesh='hands_naked.mesh' owner='hands_naked.mesh' frame=4180 nb=40 wext=148.3 rebound=0
  TIER1 rest-coherence: worst=175.9deg bone[3]='bone_R-foreTwist1.mesh' count(>5deg)=6 freshRecap=0  xcheck(invOff-vs-restW) worst=175.9deg bone[3]
  TIER2 joint-attach(PRIMARY): worst=173.07u bone[21]='bone_R-ringfinger-base.mesh' parent[1] R=43.7 exactJoint=126.89u pairs=36  (palette-wide exactWorst=128.11u)
[HANDS_ATTACH] mesh='hands_naked.mesh' owner='hands_naked.mesh' frame=4186 nb=38 wext=153.7 rebound=0
  TIER1 rest-coherence: worst=128.6deg bone[0]='bone_R-foreTwist1.mesh' count(>5deg)=8 freshRecap=0  xcheck(invOff-vs-restW) worst=128.6deg bone[0]
  TIER2 joint-attach(PRIMARY): worst=185.81u bone[23]='bone_L-middlefinger01.mesh' parent[29] R=48.1 exactJoint=131.78u pairs=30  (palette-wide exactWorst=131.78u)
[HANDS_ATTACH] mesh='hands_naked.mesh' owner='hands_naked.mesh' frame=4186 nb=38 wext=105.1 rebound=0
  TIER1 rest-coherence: worst=176.3deg bone[5]='bone_R-foreArm.mesh' count(>5deg)=8 freshRecap=0  xcheck(invOff-vs-restW) worst=176.3deg bone[5]
  TIER2 joint-attach(PRIMARY): worst=126.14u bone[8]='bone_R-index01.mesh' parent[13] R=48.0 exactJoint=63.76u pairs=30  (palette-wide exactWorst=65.12u)
[HANDS_ATTACH] mesh='hands_naked.mesh' owner='hands_naked.mesh' frame=4190 nb=40 wext=147.3 rebound=0
  TIER1 rest-coherence: worst=179.9deg bone[3]='bone_R-foreTwist1.mesh' count(>5deg)=6 freshRecap=0  xcheck(invOff-vs-restW) worst=179.9deg bone[2]
  TIER2 joint-attach(PRIMARY): worst=161.37u bone[21]='bone_R-ringfinger-base.mesh' parent[1] R=43.7 exactJoint=126.32u pairs=36  (palette-wide exactWorst=127.47u)
[HANDS_ATTACH] mesh='hands_naked.mesh' owner='hands_naked.mesh' frame=4200 nb=40 wext=147.3 rebound=0
  TIER1 rest-coherence: worst=179.9deg bone[3]='bone_R-foreTwist1.mesh' count(>5deg)=6 freshRecap=0  xcheck(invOff-vs-restW) worst=179.9deg bone[2]
  TIER2 joint-attach(PRIMARY): worst=165.07u bone[21]='bone_R-ringfinger-base.mesh' parent[1] R=43.7 exactJoint=120.50u pairs=36  (palette-wide exactWorst=121.70u)
[HANDS_ATTACH] mesh='hands_naked.mesh' owner='hands_naked.mesh' frame=4206 nb=38 wext=156.6 rebound=0
  TIER1 rest-coherence: worst=128.1deg bone[6]='bone_R-foreTwist2.mesh' count(>5deg)=8 freshRecap=0  xcheck(invOff-vs-restW) worst=128.1deg bone[0]
  TIER2 joint-attach(PRIMARY): worst=175.03u bone[23]='bone_L-middlefinger01.mesh' parent[29] R=48.1 exactJoint=134.40u pairs=30  (palette-wide exactWorst=134.40u)
[HANDS_ATTACH] mesh='hands_naked.mesh' owner='hands_naked.mesh' frame=4206 nb=38 wext=103.6 rebound=0
  TIER1 rest-coherence: worst=176.3deg bone[5]='bone_R-foreArm.mesh' count(>5deg)=8 freshRecap=0  xcheck(invOff-vs-restW) worst=176.3deg bone[5]
  TIER2 joint-attach(PRIMARY): worst=117.00u bone[30]='bone_L-index01.mesh' parent[29] R=48.0 exactJoint=51.10u pairs=30  (palette-wide exactWorst=60.98u)
[HANDS_ATTACH] mesh='hands_naked.mesh' owner='hands_naked.mesh' frame=4210 nb=40 wext=147.7 rebound=0
  TIER1 rest-coherence: worst=170.7deg bone[1]='bone_R-hand.mesh' count(>5deg)=6 freshRecap=0  xcheck(invOff-vs-restW) worst=170.7deg bone[1]
  TIER2 joint-attach(PRIMARY): worst=164.09u bone[21]='bone_R-ringfinger-base.mesh' parent[1] R=43.7 exactJoint=116.30u pairs=36  (palette-wide exactWorst=117.45u)
[HANDS_ATTACH] mesh='hands_naked.mesh' owner='hands_naked.mesh' frame=4220 nb=40 wext=147.6 rebound=0
  TIER1 rest-coherence: worst=177.4deg bone[8]='bone_L-foreTwist1.mesh' count(>5deg)=6 freshRecap=0  xcheck(invOff-vs-restW) worst=177.4deg bone[8]
  TIER2 joint-attach(PRIMARY): worst=162.33u bone[21]='bone_R-ringfinger-base.mesh' parent[1] R=43.7 exactJoint=114.93u pairs=36  (palette-wide exactWorst=115.95u)
[HANDS_ATTACH] mesh='hands_naked.mesh' owner='hands_naked.mesh' frame=4226 nb=38 wext=158.9 rebound=0
  TIER1 rest-coherence: worst=128.1deg bone[6]='bone_R-foreTwist2.mesh' count(>5deg)=8 freshRecap=0  xcheck(invOff-vs-restW) worst=128.1deg bone[0]
  TIER2 joint-attach(PRIMARY): worst=163.90u bone[1]='bone_R-middlefinger01.mesh' parent[13] R=48.1 exactJoint=46.31u pairs=30  (palette-wide exactWorst=133.91u)
[HANDS_ATTACH] mesh='hands_naked.mesh' owner='hands_naked.mesh' frame=4226 nb=38 wext=101.2 rebound=0
  TIER1 rest-coherence: worst=174.4deg bone[5]='bone_R-foreArm.mesh' count(>5deg)=8 freshRecap=0  xcheck(invOff-vs-restW) worst=174.4deg bone[5]
  TIER2 joint-attach(PRIMARY): worst=120.45u bone[8]='bone_R-index01.mesh' parent[13] R=48.0 exactJoint=64.52u pairs=30  (palette-wide exactWorst=65.81u)
[HANDS_ATTACH] mesh='hands_naked.mesh' owner='hands_naked.mesh' frame=4230 nb=40 wext=146.5 rebound=0
  TIER1 rest-coherence: worst=177.4deg bone[8]='bone_L-foreTwist1.mesh' count(>5deg)=6 freshRecap=0  xcheck(invOff-vs-restW) worst=177.4deg bone[8]
  TIER2 joint-attach(PRIMARY): worst=161.37u bone[21]='bone_R-ringfinger-base.mesh' parent[1] R=43.7 exactJoint=115.98u pairs=36  (palette-wide exactWorst=116.94u)
[HANDS_ATTACH] mesh='hands_naked.mesh' owner='hands_naked.mesh' frame=4239 nb=38 wext=162.9 rebound=0
  TIER1 rest-coherence: worst=126.8deg bone[29]='bone_L-hand.mesh' count(>5deg)=8 freshRecap=0  xcheck(invOff-vs-restW) worst=126.8deg bone[29]
  TIER2 joint-attach(PRIMARY): worst=174.26u bone[30]='bone_L-index01.mesh' parent[29] R=48.0 exactJoint=115.23u pairs=30  (palette-wide exactWorst=116.68u)
[HANDS_ATTACH] mesh='hands_naked.mesh' owner='hands_naked.mesh' frame=4239 nb=38 wext=108.0 rebound=0
  TIER1 rest-coherence: worst=133.5deg bone[5]='bone_R-foreArm.mesh' count(>5deg)=8 freshRecap=0  xcheck(invOff-vs-restW) worst=133.5deg bone[5]
  TIER2 joint-attach(PRIMARY): worst=79.81u bone[23]='bone_L-middlefinger01.mesh' parent[29] R=48.1 exactJoint=62.80u pairs=30  (palette-wide exactWorst=62.80u)
[HANDS_ATTACH] mesh='hands_naked.mesh' owner='hands_naked.mesh' frame=4240 nb=40 wext=147.1 rebound=0
  TIER1 rest-coherence: worst=146.1deg bone[8]='bone_L-foreTwist1.mesh' count(>5deg)=6 freshRecap=0  xcheck(invOff-vs-restW) worst=146.1deg bone[8]
  TIER2 joint-attach(PRIMARY): worst=163.67u bone[37]='bone_L-ringfinger-base.mesh' parent[20] R=43.7 exactJoint=107.88u pairs=36  (palette-wide exactWorst=112.34u)
[HANDS_ATTACH] mesh='hands_naked.mesh' owner='hands_naked.mesh' frame=4249 nb=38 wext=161.9 rebound=0
  TIER1 rest-coherence: worst=126.8deg bone[29]='bone_L-hand.mesh' count(>5deg)=8 freshRecap=0  xcheck(invOff-vs-restW) worst=126.8deg bone[29]
  TIER2 joint-attach(PRIMARY): worst=173.55u bone[30]='bone_L-index01.mesh' parent[29] R=48.0 exactJoint=115.54u pairs=30  (palette-wide exactWorst=116.99u)
[HANDS_ATTACH] mesh='hands_naked.mesh' owner='hands_naked.mesh' frame=4249 nb=38 wext=107.7 rebound=0
  TIER1 rest-coherence: worst=136.7deg bone[22]='bone_L-foreArm.mesh' count(>5deg)=8 freshRecap=0  xcheck(invOff-vs-restW) worst=136.7deg bone[22]
  TIER2 joint-attach(PRIMARY): worst=80.15u bone[1]='bone_R-middlefinger01.mesh' parent[13] R=48.1 exactJoint=18.11u pairs=30  (palette-wide exactWorst=60.36u)
[HANDS_ATTACH] mesh='hands_naked.mesh' owner='hands_naked.mesh' frame=4250 nb=40 wext=148.2 rebound=0
  TIER1 rest-coherence: worst=146.1deg bone[8]='bone_L-foreTwist1.mesh' count(>5deg)=6 freshRecap=0  xcheck(invOff-vs-restW) worst=146.1deg bone[8]
  TIER2 joint-attach(PRIMARY): worst=165.26u bone[37]='bone_L-ringfinger-base.mesh' parent[20] R=43.7 exactJoint=107.13u pairs=36  (palette-wide exactWorst=113.35u)
[HANDS_ATTACH] mesh='hands_naked.mesh' owner='hands_naked.mesh' frame=4259 nb=38 wext=160.5 rebound=0
  TIER1 rest-coherence: worst=126.8deg bone[29]='bone_L-hand.mesh' count(>5deg)=8 freshRecap=0  xcheck(invOff-vs-restW) worst=126.8deg bone[29]
  TIER2 joint-attach(PRIMARY): worst=171.90u bone[30]='bone_L-index01.mesh' parent[29] R=48.0 exactJoint=114.75u pairs=30  (palette-wide exactWorst=116.18u)
[HANDS_ATTACH] mesh='hands_naked.mesh' owner='hands_naked.mesh' frame=4259 nb=38 wext=107.3 rebound=0
  TIER1 rest-coherence: worst=136.7deg bone[22]='bone_L-foreArm.mesh' count(>5deg)=8 freshRecap=0  xcheck(invOff-vs-restW) worst=136.7deg bone[22]
  TIER2 joint-attach(PRIMARY): worst=81.47u bone[23]='bone_L-middlefinger01.mesh' parent[29] R=48.1 exactJoint=62.29u pairs=30  (palette-wide exactWorst=62.29u)
[HANDS_ATTACH] mesh='hands_naked.mesh' owner='hands_naked.mesh' frame=4260 nb=40 wext=149.1 rebound=0
  TIER1 rest-coherence: worst=146.1deg bone[8]='bone_L-foreTwist1.mesh' count(>5deg)=6 freshRecap=0  xcheck(invOff-vs-restW) worst=146.1deg bone[8]
  TIER2 joint-attach(PRIMARY): worst=171.95u bone[37]='bone_L-ringfinger-base.mesh' parent[20] R=43.7 exactJoint=106.90u pairs=36  (palette-wide exactWorst=112.10u)
[HANDS_ATTACH] mesh='hands_naked.mesh' owner='hands_naked.mesh' frame=4269 nb=38 wext=159.4 rebound=0
  TIER1 rest-coherence: worst=126.8deg bone[29]='bone_L-hand.mesh' count(>5deg)=8 freshRecap=0  xcheck(invOff-vs-restW) worst=126.8deg bone[29]
  TIER2 joint-attach(PRIMARY): worst=174.38u bone[8]='bone_R-index01.mesh' parent[13] R=48.0 exactJoint=93.14u pairs=30  (palette-wide exactWorst=114.89u)
[HANDS_ATTACH] mesh='hands_naked.mesh' owner='hands_naked.mesh' frame=4269 nb=38 wext=106.2 rebound=0
  TIER1 rest-coherence: worst=136.7deg bone[22]='bone_L-foreArm.mesh' count(>5deg)=8 freshRecap=0  xcheck(invOff-vs-restW) worst=136.7deg bone[22]
  TIER2 joint-attach(PRIMARY): worst=81.21u bone[23]='bone_L-middlefinger01.mesh' parent[29] R=48.1 exactJoint=62.57u pairs=30  (palette-wide exactWorst=62.57u)
[HANDS_ATTACH] mesh='hands_naked.mesh' owner='hands_naked.mesh' frame=4270 nb=40 wext=143.9 rebound=0
  TIER1 rest-coherence: worst=158.3deg bone[1]='bone_R-hand.mesh' count(>5deg)=6 freshRecap=0  xcheck(invOff-vs-restW) worst=158.3deg bone[1]
  TIER2 joint-attach(PRIMARY): worst=171.72u bone[37]='bone_L-ringfinger-base.mesh' parent[20] R=43.7 exactJoint=105.87u pairs=36  (palette-wide exactWorst=111.78u)
[HANDS_ATTACH] mesh='hands_naked.mesh' owner='hands_naked.mesh' frame=4279 nb=38 wext=158.0 rebound=0
  TIER1 rest-coherence: worst=126.8deg bone[29]='bone_L-hand.mesh' count(>5deg)=8 freshRecap=0  xcheck(invOff-vs-restW) worst=126.8deg bone[29]
  TIER2 joint-attach(PRIMARY): worst=177.24u bone[8]='bone_R-index01.mesh' parent[13] R=48.0 exactJoint=92.54u pairs=30  (palette-wide exactWorst=113.61u)
[HANDS_ATTACH] mesh='hands_naked.mesh' owner='hands_naked.mesh' frame=4279 nb=38 wext=105.0 rebound=0
  TIER1 rest-coherence: worst=136.7deg bone[22]='bone_L-foreArm.mesh' count(>5deg)=8 freshRecap=0  xcheck(invOff-vs-restW) worst=136.7deg bone[22]
  TIER2 joint-attach(PRIMARY): worst=76.65u bone[23]='bone_L-middlefinger01.mesh' parent[29] R=48.1 exactJoint=62.19u pairs=30  (palette-wide exactWorst=62.19u)
[HANDS_ATTACH] mesh='hands_naked.mesh' owner='hands_naked.mesh' frame=4280 nb=40 wext=142.0 rebound=0
  TIER1 rest-coherence: worst=152.8deg bone[3]='bone_R-foreTwist1.mesh' count(>5deg)=6 freshRecap=0  xcheck(invOff-vs-restW) worst=152.8deg bone[2]
  TIER2 joint-attach(PRIMARY): worst=163.59u bone[37]='bone_L-ringfinger-base.mesh' parent[20] R=43.7 exactJoint=102.96u pairs=36  (palette-wide exactWorst=112.56u)
[HANDS_ATTACH] mesh='hands_naked.mesh' owner='hands_naked.mesh' frame=4289 nb=38 wext=159.7 rebound=0
  TIER1 rest-coherence: worst=126.8deg bone[29]='bone_L-hand.mesh' count(>5deg)=8 freshRecap=0  xcheck(invOff-vs-restW) worst=126.8deg bone[29]
  TIER2 joint-attach(PRIMARY): worst=173.05u bone[8]='bone_R-index01.mesh' parent[13] R=48.0 exactJoint=95.25u pairs=30  (palette-wide exactWorst=112.12u)
[HANDS_ATTACH] mesh='hands_naked.mesh' owner='hands_naked.mesh' frame=4289 nb=38 wext=105.4 rebound=0
  TIER1 rest-coherence: worst=136.7deg bone[22]='bone_L-foreArm.mesh' count(>5deg)=8 freshRecap=0  xcheck(invOff-vs-restW) worst=136.7deg bone[22]
  TIER2 joint-attach(PRIMARY): worst=72.70u bone[23]='bone_L-middlefinger01.mesh' parent[29] R=48.1 exactJoint=61.86u pairs=30  (palette-wide exactWorst=61.86u)
[HANDS_ATTACH] mesh='hands_naked.mesh' owner='hands_naked.mesh' frame=4290 nb=40 wext=139.4 rebound=0
  TIER1 rest-coherence: worst=154.0deg bone[1]='bone_R-hand.mesh' count(>5deg)=6 freshRecap=0  xcheck(invOff-vs-restW) worst=154.0deg bone[1]
  TIER2 joint-attach(PRIMARY): worst=162.70u bone[21]='bone_R-ringfinger-base.mesh' parent[1] R=43.7 exactJoint=110.51u pairs=36  (palette-wide exactWorst=111.65u)
[HANDS_ATTACH] mesh='hands_naked.mesh' owner='hands_naked.mesh' frame=4299 nb=38 wext=157.5 rebound=0
  TIER1 rest-coherence: worst=126.8deg bone[29]='bone_L-hand.mesh' count(>5deg)=8 freshRecap=0  xcheck(invOff-vs-restW) worst=126.8deg bone[29]
  TIER2 joint-attach(PRIMARY): worst=172.41u bone[8]='bone_R-index01.mesh' parent[13] R=48.0 exactJoint=93.27u pairs=30  (palette-wide exactWorst=110.85u)
[HANDS_ATTACH] mesh='hands_naked.mesh' owner='hands_naked.mesh' frame=4299 nb=38 wext=105.9 rebound=0
  TIER1 rest-coherence: worst=136.7deg bone[22]='bone_L-foreArm.mesh' count(>5deg)=8 freshRecap=0  xcheck(invOff-vs-restW) worst=136.7deg bone[22]
  TIER2 joint-attach(PRIMARY): worst=65.45u bone[23]='bone_L-middlefinger01.mesh' parent[29] R=48.1 exactJoint=60.73u pairs=30  (palette-wide exactWorst=60.73u)
[HANDS_ATTACH] mesh='hands_naked.mesh' owner='hands_naked.mesh' frame=4300 nb=40 wext=139.0 rebound=0
  TIER1 rest-coherence: worst=162.0deg bone[1]='bone_R-hand.mesh' count(>5deg)=6 freshRecap=0  xcheck(invOff-vs-restW) worst=162.0deg bone[1]
  TIER2 joint-attach(PRIMARY): worst=163.52u bone[37]='bone_L-ringfinger-base.mesh' parent[20] R=43.7 exactJoint=100.84u pairs=36  (palette-wide exactWorst=110.59u)
[HANDS_ATTACH] mesh='hands_naked.mesh' owner='hands_naked.mesh' frame=4309 nb=38 wext=155.5 rebound=0
  TIER1 rest-coherence: worst=126.8deg bone[29]='bone_L-hand.mesh' count(>5deg)=8 freshRecap=0  xcheck(invOff-vs-restW) worst=126.8deg bone[29]
  TIER2 joint-attach(PRIMARY): worst=171.52u bone[8]='bone_R-index01.mesh' parent[13] R=48.0 exactJoint=90.89u pairs=30  (palette-wide exactWorst=109.94u)
[HANDS_ATTACH] mesh='hands_naked.mesh' owner='hands_naked.mesh' frame=4309 nb=38 wext=106.8 rebound=0
  TIER1 rest-coherence: worst=136.7deg bone[22]='bone_L-foreArm.mesh' count(>5deg)=8 freshRecap=0  xcheck(invOff-vs-restW) worst=136.7deg bone[22]
  TIER2 joint-attach(PRIMARY): worst=70.94u bone[1]='bone_R-middlefinger01.mesh' parent[13] R=48.1 exactJoint=18.40u pairs=30  (palette-wide exactWorst=58.79u)
[HANDS_ATTACH] mesh='hands_naked.mesh' owner='hands_naked.mesh' frame=4310 nb=40 wext=141.0 rebound=0
  TIER1 rest-coherence: worst=173.8deg bone[1]='bone_R-hand.mesh' count(>5deg)=6 freshRecap=0  xcheck(invOff-vs-restW) worst=173.8deg bone[1]
  TIER2 joint-attach(PRIMARY): worst=164.78u bone[37]='bone_L-ringfinger-base.mesh' parent[20] R=43.7 exactJoint=100.41u pairs=36  (palette-wide exactWorst=111.26u)
[HANDS_ATTACH] mesh='hands_naked.mesh' owner='hands_naked.mesh' frame=4319 nb=38 wext=160.7 rebound=0
  TIER1 rest-coherence: worst=143.3deg bone[29]='bone_L-hand.mesh' count(>5deg)=8 freshRecap=0  xcheck(invOff-vs-restW) worst=143.3deg bone[29]
  TIER2 joint-attach(PRIMARY): worst=172.32u bone[8]='bone_R-index01.mesh' parent[13] R=48.0 exactJoint=94.20u pairs=30  (palette-wide exactWorst=114.53u)
[HANDS_ATTACH] mesh='hands_naked.mesh' owner='hands_naked.mesh' frame=4319 nb=38 wext=105.3 rebound=0
  TIER1 rest-coherence: worst=136.7deg bone[22]='bone_L-foreArm.mesh' count(>5deg)=8 freshRecap=0  xcheck(invOff-vs-restW) worst=136.7deg bone[22]
  TIER2 joint-attach(PRIMARY): worst=71.05u bone[1]='bone_R-middlefinger01.mesh' parent[13] R=48.1 exactJoint=18.66u pairs=30  (palette-wide exactWorst=55.92u)
[HANDS_ATTACH] mesh='hands_naked.mesh' owner='hands_naked.mesh' frame=4320 nb=40 wext=151.2 rebound=0
  TIER1 rest-coherence: worst=158.1deg bone[1]='bone_R-hand.mesh' count(>5deg)=6 freshRecap=0  xcheck(invOff-vs-restW) worst=158.1deg bone[1]
  TIER2 joint-attach(PRIMARY): worst=167.37u bone[21]='bone_R-ringfinger-base.mesh' parent[1] R=43.7 exactJoint=110.90u pairs=36  (palette-wide exactWorst=112.08u)
[HANDS_ATTACH] mesh='hands_naked.mesh' owner='hands_naked.mesh' frame=4329 nb=38 wext=159.8 rebound=0
  TIER1 rest-coherence: worst=143.3deg bone[29]='bone_L-hand.mesh' count(>5deg)=8 freshRecap=0  xcheck(invOff-vs-restW) worst=143.3deg bone[29]
  TIER2 joint-attach(PRIMARY): worst=173.30u bone[8]='bone_R-index01.mesh' parent[13] R=48.0 exactJoint=92.51u pairs=30  (palette-wide exactWorst=114.04u)
[HANDS_ATTACH] mesh='hands_naked.mesh' owner='hands_naked.mesh' frame=4329 nb=38 wext=104.8 rebound=0
  TIER1 rest-coherence: worst=136.7deg bone[22]='bone_L-foreArm.mesh' count(>5deg)=8 freshRecap=0  xcheck(invOff-vs-restW) worst=136.7deg bone[22]
  TIER2 joint-attach(PRIMARY): worst=82.91u bone[1]='bone_R-middlefinger01.mesh' parent[13] R=48.1 exactJoint=14.98u pairs=30  (palette-wide exactWorst=55.38u)
[HANDS_ATTACH] mesh='hands_naked.mesh' owner='hands_naked.mesh' frame=4330 nb=40 wext=145.3 rebound=0
  TIER1 rest-coherence: worst=143.6deg bone[8]='bone_L-foreTwist1.mesh' count(>5deg)=6 freshRecap=0  xcheck(invOff-vs-restW) worst=143.6deg bone[8]
  TIER2 joint-attach(PRIMARY): worst=171.69u bone[37]='bone_L-ringfinger-base.mesh' parent[20] R=43.7 exactJoint=108.67u pairs=36  (palette-wide exactWorst=110.44u)
[HANDS_ATTACH] mesh='hands_naked.mesh' owner='hands_naked.mesh' frame=4339 nb=38 wext=160.1 rebound=0
  TIER1 rest-coherence: worst=143.3deg bone[29]='bone_L-hand.mesh' count(>5deg)=8 freshRecap=0  xcheck(invOff-vs-restW) worst=143.3deg bone[29]
  TIER2 joint-attach(PRIMARY): worst=174.82u bone[8]='bone_R-index01.mesh' parent[13] R=48.0 exactJoint=92.64u pairs=30  (palette-wide exactWorst=113.69u)
[HANDS_ATTACH] mesh='hands_naked.mesh' owner='hands_naked.mesh' frame=4339 nb=38 wext=107.3 rebound=0
  TIER1 rest-coherence: worst=136.7deg bone[22]='bone_L-foreArm.mesh' count(>5deg)=8 freshRecap=0  xcheck(invOff-vs-restW) worst=136.7deg bone[22]
  TIER2 joint-attach(PRIMARY): worst=97.41u bone[1]='bone_R-middlefinger01.mesh' parent[13] R=48.1 exactJoint=12.32u pairs=30  (palette-wide exactWorst=64.81u)
[HANDS_ATTACH] mesh='hands_naked.mesh' owner='hands_naked.mesh' frame=4340 nb=40 wext=144.2 rebound=0
  TIER1 rest-coherence: worst=143.6deg bone[8]='bone_L-foreTwist1.mesh' count(>5deg)=6 freshRecap=0  xcheck(invOff-vs-restW) worst=143.6deg bone[8]
  TIER2 joint-attach(PRIMARY): worst=165.40u bone[37]='bone_L-ringfinger-base.mesh' parent[20] R=43.7 exactJoint=107.71u pairs=36  (palette-wide exactWorst=109.07u)
[HANDS_ATTACH] mesh='hands_naked.mesh' owner='hands_naked.mesh' frame=4349 nb=38 wext=160.9 rebound=0
  TIER1 rest-coherence: worst=143.3deg bone[29]='bone_L-hand.mesh' count(>5deg)=8 freshRecap=0  xcheck(invOff-vs-restW) worst=143.3deg bone[29]
  TIER2 joint-attach(PRIMARY): worst=175.91u bone[8]='bone_R-index01.mesh' parent[13] R=48.0 exactJoint=93.60u pairs=30  (palette-wide exactWorst=113.59u)
[HANDS_ATTACH] mesh='hands_naked.mesh' owner='hands_naked.mesh' frame=4349 nb=38 wext=108.8 rebound=0
  TIER1 rest-coherence: worst=136.7deg bone[22]='bone_L-foreArm.mesh' count(>5deg)=8 freshRecap=0  xcheck(invOff-vs-restW) worst=136.7deg bone[22]
  TIER2 joint-attach(PRIMARY): worst=96.96u bone[23]='bone_L-middlefinger01.mesh' parent[29] R=48.1 exactJoint=65.40u pairs=30  (palette-wide exactWorst=65.40u)
[HANDS_ATTACH] mesh='hands_naked.mesh' owner='hands_naked.mesh' frame=4350 nb=40 wext=144.9 rebound=0
  TIER1 rest-coherence: worst=143.6deg bone[8]='bone_L-foreTwist1.mesh' count(>5deg)=6 freshRecap=0  xcheck(invOff-vs-restW) worst=143.6deg bone[8]
  TIER2 joint-attach(PRIMARY): worst=167.53u bone[11]='bone_R-pinky-base.mesh' parent[1] R=43.6 exactJoint=109.67u pairs=36  (palette-wide exactWorst=109.67u)
[HANDS_ATTACH] mesh='hands_naked.mesh' owner='hands_naked.mesh' frame=4359 nb=38 wext=162.2 rebound=0
  TIER1 rest-coherence: worst=143.3deg bone[29]='bone_L-hand.mesh' count(>5deg)=8 freshRecap=0  xcheck(invOff-vs-restW) worst=143.3deg bone[29]
  TIER2 joint-attach(PRIMARY): worst=175.59u bone[8]='bone_R-index01.mesh' parent[13] R=48.0 exactJoint=94.57u pairs=30  (palette-wide exactWorst=114.06u)
[HANDS_ATTACH] mesh='hands_naked.mesh' owner='hands_naked.mesh' frame=4359 nb=38 wext=105.5 rebound=0
  TIER1 rest-coherence: worst=131.5deg bone[22]='bone_L-foreArm.mesh' count(>5deg)=8 freshRecap=0  xcheck(invOff-vs-restW) worst=131.5deg bone[22]
  TIER2 joint-attach(PRIMARY): worst=79.33u bone[23]='bone_L-middlefinger01.mesh' parent[29] R=48.1 exactJoint=64.51u pairs=30  (palette-wide exactWorst=64.51u)
[HANDS_ATTACH] mesh='hands_naked.mesh' owner='hands_naked.mesh' frame=4360 nb=40 wext=144.5 rebound=0
  TIER1 rest-coherence: worst=143.6deg bone[8]='bone_L-foreTwist1.mesh' count(>5deg)=6 freshRecap=0  xcheck(invOff-vs-restW) worst=143.6deg bone[8]
  TIER2 joint-attach(PRIMARY): worst=165.66u bone[37]='bone_L-ringfinger-base.mesh' parent[20] R=43.7 exactJoint=108.38u pairs=36  (palette-wide exactWorst=109.51u)
[HANDS_ATTACH] mesh='hands_naked.mesh' owner='hands_naked.mesh' frame=4369 nb=38 wext=163.5 rebound=0
  TIER1 rest-coherence: worst=143.3deg bone[29]='bone_L-hand.mesh' count(>5deg)=8 freshRecap=0  xcheck(invOff-vs-restW) worst=143.3deg bone[29]
  TIER2 joint-attach(PRIMARY): worst=175.18u bone[8]='bone_R-index01.mesh' parent[13] R=48.0 exactJoint=95.52u pairs=30  (palette-wide exactWorst=114.51u)
[HANDS_ATTACH] mesh='hands_naked.mesh' owner='hands_naked.mesh' frame=4369 nb=38 wext=106.2 rebound=0
  TIER1 rest-coherence: worst=131.5deg bone[22]='bone_L-foreArm.mesh' count(>5deg)=8 freshRecap=0  xcheck(invOff-vs-restW) worst=131.5deg bone[22]
  TIER2 joint-attach(PRIMARY): worst=72.73u bone[1]='bone_R-middlefinger01.mesh' parent[13] R=48.1 exactJoint=17.03u pairs=30  (palette-wide exactWorst=59.96u)
[HANDS_ATTACH] mesh='hands_naked.mesh' owner='hands_naked.mesh' frame=4370 nb=40 wext=145.0 rebound=0
  TIER1 rest-coherence: worst=143.6deg bone[8]='bone_L-foreTwist1.mesh' count(>5deg)=6 freshRecap=0  xcheck(invOff-vs-restW) worst=143.6deg bone[8]
  TIER2 joint-attach(PRIMARY): worst=161.86u bone[37]='bone_L-ringfinger-base.mesh' parent[20] R=43.7 exactJoint=108.17u pairs=36  (palette-wide exactWorst=109.27u)
[HANDS_ATTACH] mesh='hands_naked.mesh' owner='hands_naked.mesh' frame=4379 nb=38 wext=164.8 rebound=0
  TIER1 rest-coherence: worst=143.3deg bone[29]='bone_L-hand.mesh' count(>5deg)=8 freshRecap=0  xcheck(invOff-vs-restW) worst=143.3deg bone[29]
  TIER2 joint-attach(PRIMARY): worst=174.05u bone[8]='bone_R-index01.mesh' parent[13] R=48.0 exactJoint=96.92u pairs=30  (palette-wide exactWorst=115.35u)
[HANDS_ATTACH] mesh='hands_naked.mesh' owner='hands_naked.mesh' frame=4379 nb=38 wext=107.2 rebound=0
  TIER1 rest-coherence: worst=131.5deg bone[22]='bone_L-foreArm.mesh' count(>5deg)=8 freshRecap=0  xcheck(invOff-vs-restW) worst=131.5deg bone[22]
  TIER2 joint-attach(PRIMARY): worst=71.15u bone[23]='bone_L-middlefinger01.mesh' parent[29] R=48.1 exactJoint=58.26u pairs=30  (palette-wide exactWorst=58.26u)
[HANDS_ATTACH] mesh='hands_naked.mesh' owner='hands_naked.mesh' frame=4380 nb=40 wext=144.6 rebound=0
  TIER1 rest-coherence: worst=143.6deg bone[8]='bone_L-foreTwist1.mesh' count(>5deg)=6 freshRecap=0  xcheck(invOff-vs-restW) worst=143.6deg bone[8]
  TIER2 joint-attach(PRIMARY): worst=159.67u bone[37]='bone_L-ringfinger-base.mesh' parent[20] R=43.7 exactJoint=107.93u pairs=36  (palette-wide exactWorst=109.02u)
[HANDS_ATTACH] mesh='hands_naked.mesh' owner='hands_naked.mesh' frame=4389 nb=38 wext=166.0 rebound=0
  TIER1 rest-coherence: worst=143.3deg bone[29]='bone_L-hand.mesh' count(>5deg)=8 freshRecap=0  xcheck(invOff-vs-restW) worst=143.3deg bone[29]
  TIER2 joint-attach(PRIMARY): worst=172.92u bone[8]='bone_R-index01.mesh' parent[13] R=48.0 exactJoint=98.50u pairs=30  (palette-wide exactWorst=116.37u)
[HANDS_ATTACH] mesh='hands_naked.mesh' owner='hands_naked.mesh' frame=4389 nb=38 wext=107.4 rebound=0
  TIER1 rest-coherence: worst=131.5deg bone[22]='bone_L-foreArm.mesh' count(>5deg)=8 freshRecap=0  xcheck(invOff-vs-restW) worst=131.5deg bone[22]
  TIER2 joint-attach(PRIMARY): worst=83.60u bone[23]='bone_L-middlefinger01.mesh' parent[29] R=48.1 exactJoint=64.03u pairs=30  (palette-wide exactWorst=64.03u)
[HANDS_ATTACH] mesh='hands_naked.mesh' owner='hands_naked.mesh' frame=4390 nb=40 wext=145.1 rebound=0
  TIER1 rest-coherence: worst=143.6deg bone[8]='bone_L-foreTwist1.mesh' count(>5deg)=6 freshRecap=0  xcheck(invOff-vs-restW) worst=143.6deg bone[8]
  TIER2 joint-attach(PRIMARY): worst=165.53u bone[21]='bone_R-ringfinger-base.mesh' parent[1] R=43.7 exactJoint=111.68u pairs=36  (palette-wide exactWorst=112.84u)
[HANDS_ATTACH] mesh='hands_naked.mesh' owner='hands_naked.mesh' frame=4399 nb=38 wext=167.0 rebound=0
  TIER1 rest-coherence: worst=143.3deg bone[29]='bone_L-hand.mesh' count(>5deg)=8 freshRecap=0  xcheck(invOff-vs-restW) worst=143.3deg bone[29]
  TIER2 joint-attach(PRIMARY): worst=175.96u bone[30]='bone_L-index01.mesh' parent[29] R=48.0 exactJoint=116.49u pairs=30  (palette-wide exactWorst=117.97u)
[HANDS_ATTACH] mesh='hands_naked.mesh' owner='hands_naked.mesh' frame=4399 nb=38 wext=106.7 rebound=0
  TIER1 rest-coherence: worst=128.8deg bone[22]='bone_L-foreArm.mesh' count(>5deg)=8 freshRecap=0  xcheck(invOff-vs-restW) worst=128.8deg bone[22]
  TIER2 joint-attach(PRIMARY): worst=94.31u bone[1]='bone_R-middlefinger01.mesh' parent[13] R=48.1 exactJoint=12.39u pairs=30  (palette-wide exactWorst=63.19u)
[HANDS_ATTACH] mesh='hands_naked.mesh' owner='hands_naked.mesh' frame=4400 nb=40 wext=144.8 rebound=0
  TIER1 rest-coherence: worst=143.6deg bone[8]='bone_L-foreTwist1.mesh' count(>5deg)=6 freshRecap=0  xcheck(invOff-vs-restW) worst=143.6deg bone[8]
  TIER2 joint-attach(PRIMARY): worst=162.42u bone[21]='bone_R-ringfinger-base.mesh' parent[1] R=43.7 exactJoint=107.92u pairs=36  (palette-wide exactWorst=109.01u)
[HANDS_ATTACH] mesh='hands_naked.mesh' owner='hands_naked.mesh' frame=4409 nb=38 wext=168.0 rebound=0
  TIER1 rest-coherence: worst=143.3deg bone[29]='bone_L-hand.mesh' count(>5deg)=8 freshRecap=0  xcheck(invOff-vs-restW) worst=143.3deg bone[29]
  TIER2 joint-attach(PRIMARY): worst=178.38u bone[30]='bone_L-index01.mesh' parent[29] R=48.0 exactJoint=117.60u pairs=30  (palette-wide exactWorst=119.08u)
[HANDS_ATTACH] mesh='hands_naked.mesh' owner='hands_naked.mesh' frame=4409 nb=38 wext=107.1 rebound=0
  TIER1 rest-coherence: worst=128.8deg bone[22]='bone_L-foreArm.mesh' count(>5deg)=8 freshRecap=0  xcheck(invOff-vs-restW) worst=128.8deg bone[22]
  TIER2 joint-attach(PRIMARY): worst=87.73u bone[1]='bone_R-middlefinger01.mesh' parent[13] R=48.1 exactJoint=13.98u pairs=30  (palette-wide exactWorst=63.63u)
[HANDS_ATTACH] mesh='hands_naked.mesh' owner='hands_naked.mesh' frame=4410 nb=40 wext=147.5 rebound=0
  TIER1 rest-coherence: worst=143.6deg bone[8]='bone_L-foreTwist1.mesh' count(>5deg)=6 freshRecap=0  xcheck(invOff-vs-restW) worst=143.6deg bone[8]
  TIER2 joint-attach(PRIMARY): worst=160.71u bone[21]='bone_R-ringfinger-base.mesh' parent[1] R=43.7 exactJoint=108.25u pairs=36  (palette-wide exactWorst=109.37u)
[HANDS_ATTACH] mesh='hands_naked.mesh' owner='hands_naked.mesh' frame=4419 nb=38 wext=165.6 rebound=0
  TIER1 rest-coherence: worst=128.1deg bone[29]='bone_L-hand.mesh' count(>5deg)=8 freshRecap=0  xcheck(invOff-vs-restW) worst=128.1deg bone[29]
  TIER2 joint-attach(PRIMARY): worst=173.52u bone[30]='bone_L-index01.mesh' parent[29] R=48.0 exactJoint=114.41u pairs=30  (palette-wide exactWorst=115.84u)
[HANDS_ATTACH] mesh='hands_naked.mesh' owner='hands_naked.mesh' frame=4419 nb=38 wext=103.5 rebound=0
  TIER1 rest-coherence: worst=128.8deg bone[22]='bone_L-foreArm.mesh' count(>5deg)=8 freshRecap=0  xcheck(invOff-vs-restW) worst=128.8deg bone[22]
  TIER2 joint-attach(PRIMARY): worst=90.66u bone[1]='bone_R-middlefinger01.mesh' parent[13] R=48.1 exactJoint=13.63u pairs=30  (palette-wide exactWorst=60.78u)
[HANDS_ATTACH] mesh='hands_naked.mesh' owner='hands_naked.mesh' frame=4420 nb=40 wext=142.8 rebound=0
  TIER1 rest-coherence: worst=145.2deg bone[8]='bone_L-foreTwist1.mesh' count(>5deg)=6 freshRecap=0  xcheck(invOff-vs-restW) worst=145.2deg bone[8]
  TIER2 joint-attach(PRIMARY): worst=159.74u bone[37]='bone_L-ringfinger-base.mesh' parent[20] R=43.7 exactJoint=105.50u pairs=36  (palette-wide exactWorst=108.64u)
[HANDS_ATTACH] mesh='hands_naked.mesh' owner='hands_naked.mesh' frame=4429 nb=38 wext=163.8 rebound=0
  TIER1 rest-coherence: worst=128.1deg bone[29]='bone_L-hand.mesh' count(>5deg)=8 freshRecap=0  xcheck(invOff-vs-restW) worst=128.1deg bone[29]
  TIER2 joint-attach(PRIMARY): worst=173.94u bone[8]='bone_R-index01.mesh' parent[13] R=48.0 exactJoint=96.38u pairs=30  (palette-wide exactWorst=116.19u)
[HANDS_ATTACH] mesh='hands_naked.mesh' owner='hands_naked.mesh' frame=4429 nb=38 wext=104.2 rebound=0
  TIER1 rest-coherence: worst=151.7deg bone[5]='bone_R-foreArm.mesh' count(>5deg)=8 freshRecap=0  xcheck(invOff-vs-restW) worst=151.7deg bone[5]
  TIER2 joint-attach(PRIMARY): worst=90.29u bone[1]='bone_R-middlefinger01.mesh' parent[13] R=48.1 exactJoint=13.78u pairs=30  (palette-wide exactWorst=60.09u)
[HANDS_ATTACH] mesh='hands_naked.mesh' owner='hands_naked.mesh' frame=4430 nb=40 wext=146.3 rebound=0
  TIER1 rest-coherence: worst=145.2deg bone[8]='bone_L-foreTwist1.mesh' count(>5deg)=6 freshRecap=0  xcheck(invOff-vs-restW) worst=145.2deg bone[8]
  TIER2 joint-attach(PRIMARY): worst=162.23u bone[21]='bone_R-ringfinger-base.mesh' parent[1] R=43.7 exactJoint=114.15u pairs=36  (palette-wide exactWorst=115.29u)
[HANDS_ATTACH] mesh='hands_naked.mesh' owner='hands_naked.mesh' frame=4439 nb=38 wext=162.6 rebound=0
  TIER1 rest-coherence: worst=128.1deg bone[29]='bone_L-hand.mesh' count(>5deg)=8 freshRecap=0  xcheck(invOff-vs-restW) worst=128.1deg bone[29]
  TIER2 joint-attach(PRIMARY): worst=172.91u bone[30]='bone_L-index01.mesh' parent[29] R=48.0 exactJoint=114.49u pairs=30  (palette-wide exactWorst=115.92u)
[HANDS_ATTACH] mesh='hands_naked.mesh' owner='hands_naked.mesh' frame=4439 nb=38 wext=103.5 rebound=0
  TIER1 rest-coherence: worst=142.7deg bone[5]='bone_R-foreArm.mesh' count(>5deg)=8 freshRecap=0  xcheck(invOff-vs-restW) worst=142.7deg bone[5]
  TIER2 joint-attach(PRIMARY): worst=112.54u bone[1]='bone_R-middlefinger01.mesh' parent[13] R=48.1 exactJoint=16.38u pairs=30  (palette-wide exactWorst=57.85u)
[HANDS_ATTACH] mesh='hands_naked.mesh' owner='hands_naked.mesh' frame=4440 nb=40 wext=146.5 rebound=0
  TIER1 rest-coherence: worst=145.2deg bone[8]='bone_L-foreTwist1.mesh' count(>5deg)=6 freshRecap=0  xcheck(invOff-vs-restW) worst=145.2deg bone[8]
  TIER2 joint-attach(PRIMARY): worst=157.56u bone[21]='bone_R-ringfinger-base.mesh' parent[1] R=43.7 exactJoint=114.95u pairs=36  (palette-wide exactWorst=116.11u)
[HANDS_ATTACH] mesh='hands_naked.mesh' owner='hands_naked.mesh' frame=4449 nb=38 wext=159.6 rebound=0
  TIER1 rest-coherence: worst=120.7deg bone[29]='bone_L-hand.mesh' count(>5deg)=8 freshRecap=0  xcheck(invOff-vs-restW) worst=120.7deg bone[29]
  TIER2 joint-attach(PRIMARY): worst=173.59u bone[30]='bone_L-index01.mesh' parent[29] R=48.0 exactJoint=113.66u pairs=30  (palette-wide exactWorst=115.10u)
[HANDS_ATTACH] mesh='hands_naked.mesh' owner='hands_naked.mesh' frame=4449 nb=38 wext=109.4 rebound=0
  TIER1 rest-coherence: worst=142.7deg bone[5]='bone_R-foreArm.mesh' count(>5deg)=8 freshRecap=0  xcheck(invOff-vs-restW) worst=142.7deg bone[5]
  TIER2 joint-attach(PRIMARY): worst=85.96u bone[1]='bone_R-middlefinger01.mesh' parent[13] R=48.1 exactJoint=12.31u pairs=30  (palette-wide exactWorst=66.52u)
[HANDS_ATTACH] mesh='hands_naked.mesh' owner='hands_naked.mesh' frame=4450 nb=40 wext=147.0 rebound=0
  TIER1 rest-coherence: worst=145.2deg bone[8]='bone_L-foreTwist1.mesh' count(>5deg)=6 freshRecap=0  xcheck(invOff-vs-restW) worst=145.2deg bone[8]
  TIER2 joint-attach(PRIMARY): worst=163.75u bone[21]='bone_R-ringfinger-base.mesh' parent[1] R=43.7 exactJoint=115.02u pairs=36  (palette-wide exactWorst=116.15u)
[HANDS_ATTACH] mesh='hands_naked.mesh' owner='hands_naked.mesh' frame=4459 nb=38 wext=156.8 rebound=0
  TIER1 rest-coherence: worst=120.7deg bone[29]='bone_L-hand.mesh' count(>5deg)=8 freshRecap=0  xcheck(invOff-vs-restW) worst=120.7deg bone[29]
  TIER2 joint-attach(PRIMARY): worst=176.07u bone[30]='bone_L-index01.mesh' parent[29] R=48.0 exactJoint=113.40u pairs=30  (palette-wide exactWorst=114.85u)
[HANDS_ATTACH] mesh='hands_naked.mesh' owner='hands_naked.mesh' frame=4459 nb=38 wext=110.5 rebound=0
  TIER1 rest-coherence: worst=172.5deg bone[5]='bone_R-foreArm.mesh' count(>5deg)=8 freshRecap=0  xcheck(invOff-vs-restW) worst=172.5deg bone[5]
  TIER2 joint-attach(PRIMARY): worst=89.68u bone[23]='bone_L-middlefinger01.mesh' parent[29] R=48.1 exactJoint=69.22u pairs=30  (palette-wide exactWorst=69.22u)
[HANDS_ATTACH] mesh='hands_naked.mesh' owner='hands_naked.mesh' frame=4460 nb=40 wext=145.6 rebound=0
  TIER1 rest-coherence: worst=145.2deg bone[8]='bone_L-foreTwist1.mesh' count(>5deg)=6 freshRecap=0  xcheck(invOff-vs-restW) worst=145.2deg bone[8]
  TIER2 joint-attach(PRIMARY): worst=159.58u bone[37]='bone_L-ringfinger-base.mesh' parent[20] R=43.7 exactJoint=106.81u pairs=36  (palette-wide exactWorst=113.32u)
[HANDS_ATTACH] mesh='hands_naked.mesh' owner='hands_naked.mesh' frame=4469 nb=38 wext=160.0 rebound=0
  TIER1 rest-coherence: worst=120.7deg bone[29]='bone_L-hand.mesh' count(>5deg)=8 freshRecap=0  xcheck(invOff-vs-restW) worst=120.7deg bone[29]
  TIER2 joint-attach(PRIMARY): worst=178.39u bone[30]='bone_L-index01.mesh' parent[29] R=48.0 exactJoint=113.22u pairs=30  (palette-wide exactWorst=114.68u)
[HANDS_ATTACH] mesh='hands_naked.mesh' owner='hands_naked.mesh' frame=4469 nb=38 wext=110.9 rebound=0
  TIER1 rest-coherence: worst=166.8deg bone[5]='bone_R-foreArm.mesh' count(>5deg)=8 freshRecap=0  xcheck(invOff-vs-restW) worst=166.8deg bone[5]
  TIER2 joint-attach(PRIMARY): worst=105.52u bone[1]='bone_R-middlefinger01.mesh' parent[13] R=48.1 exactJoint=13.00u pairs=30  (palette-wide exactWorst=71.10u)
[HANDS_ATTACH] mesh='hands_naked.mesh' owner='hands_naked.mesh' frame=4470 nb=40 wext=144.5 rebound=0
  TIER1 rest-coherence: worst=145.2deg bone[8]='bone_L-foreTwist1.mesh' count(>5deg)=6 freshRecap=0  xcheck(invOff-vs-restW) worst=145.2deg bone[8]
  TIER2 joint-attach(PRIMARY): worst=160.59u bone[21]='bone_R-ringfinger-base.mesh' parent[1] R=43.7 exactJoint=109.52u pairs=36  (palette-wide exactWorst=110.66u)
[HANDS_ATTACH] mesh='hands_naked.mesh' owner='hands_naked.mesh' frame=4479 nb=38 wext=158.7 rebound=0
  TIER1 rest-coherence: worst=120.7deg bone[29]='bone_L-hand.mesh' count(>5deg)=8 freshRecap=0  xcheck(invOff-vs-restW) worst=120.7deg bone[29]
  TIER2 joint-attach(PRIMARY): worst=180.24u bone[30]='bone_L-index01.mesh' parent[29] R=48.0 exactJoint=113.21u pairs=30  (palette-wide exactWorst=114.68u)
[HANDS_ATTACH] mesh='hands_naked.mesh' owner='hands_naked.mesh' frame=4479 nb=38 wext=109.1 rebound=0
  TIER1 rest-coherence: worst=146.3deg bone[13]='bone_R-hand.mesh' count(>5deg)=8 freshRecap=0  xcheck(invOff-vs-restW) worst=146.3deg bone[13]
  TIER2 joint-attach(PRIMARY): worst=110.28u bone[1]='bone_R-middlefinger01.mesh' parent[13] R=48.1 exactJoint=15.81u pairs=30  (palette-wide exactWorst=72.57u)
[HANDS_ATTACH] mesh='hands_naked.mesh' owner='hands_naked.mesh' frame=4480 nb=40 wext=145.3 rebound=0
  TIER1 rest-coherence: worst=145.2deg bone[8]='bone_L-foreTwist1.mesh' count(>5deg)=6 freshRecap=0  xcheck(invOff-vs-restW) worst=145.2deg bone[8]
  TIER2 joint-attach(PRIMARY): worst=162.40u bone[21]='bone_R-ringfinger-base.mesh' parent[1] R=43.7 exactJoint=109.64u pairs=36  (palette-wide exactWorst=110.79u)
[HANDS_ATTACH] mesh='hands_naked.mesh' owner='hands_naked.mesh' frame=4489 nb=38 wext=157.3 rebound=0
  TIER1 rest-coherence: worst=120.7deg bone[29]='bone_L-hand.mesh' count(>5deg)=8 freshRecap=0  xcheck(invOff-vs-restW) worst=120.7deg bone[29]
  TIER2 joint-attach(PRIMARY): worst=182.76u bone[30]='bone_L-index01.mesh' parent[29] R=48.0 exactJoint=113.77u pairs=30  (palette-wide exactWorst=115.25u)
[HANDS_ATTACH] mesh='hands_naked.mesh' owner='hands_naked.mesh' frame=4489 nb=38 wext=110.1 rebound=0
  TIER1 rest-coherence: worst=170.1deg bone[5]='bone_R-foreArm.mesh' count(>5deg)=8 freshRecap=0  xcheck(invOff-vs-restW) worst=170.1deg bone[5]
  TIER2 joint-attach(PRIMARY): worst=100.24u bone[23]='bone_L-middlefinger01.mesh' parent[29] R=48.1 exactJoint=72.12u pairs=30  (palette-wide exactWorst=72.12u)
[HANDS_ATTACH] mesh='hands_naked.mesh' owner='hands_naked.mesh' frame=4490 nb=40 wext=145.9 rebound=0
  TIER1 rest-coherence: worst=145.2deg bone[8]='bone_L-foreTwist1.mesh' count(>5deg)=6 freshRecap=0  xcheck(invOff-vs-restW) worst=145.2deg bone[8]
  TIER2 joint-attach(PRIMARY): worst=154.88u bone[37]='bone_L-ringfinger-base.mesh' parent[20] R=43.7 exactJoint=108.15u pairs=36  (palette-wide exactWorst=109.16u)
[HANDS_ATTACH] mesh='hands_naked.mesh' owner='hands_naked.mesh' frame=4499 nb=38 wext=156.4 rebound=0
  TIER1 rest-coherence: worst=120.7deg bone[29]='bone_L-hand.mesh' count(>5deg)=8 freshRecap=0  xcheck(invOff-vs-restW) worst=120.7deg bone[29]
  TIER2 joint-attach(PRIMARY): worst=183.83u bone[30]='bone_L-index01.mesh' parent[29] R=48.0 exactJoint=113.75u pairs=30  (palette-wide exactWorst=115.23u)
[HANDS_ATTACH] mesh='hands_naked.mesh' owner='hands_naked.mesh' frame=4499 nb=38 wext=108.5 rebound=0
  TIER1 rest-coherence: worst=166.8deg bone[5]='bone_R-foreArm.mesh' count(>5deg)=8 freshRecap=0  xcheck(invOff-vs-restW) worst=166.8deg bone[5]
  TIER2 joint-attach(PRIMARY): worst=102.65u bone[1]='bone_R-middlefinger01.mesh' parent[13] R=48.1 exactJoint=12.88u pairs=30  (palette-wide exactWorst=71.55u)
[HANDS_ATTACH] mesh='hands_naked.mesh' owner='hands_naked.mesh' frame=4500 nb=40 wext=145.8 rebound=0
  TIER1 rest-coherence: worst=145.2deg bone[8]='bone_L-foreTwist1.mesh' count(>5deg)=6 freshRecap=0  xcheck(invOff-vs-restW) worst=145.2deg bone[8]
  TIER2 joint-attach(PRIMARY): worst=156.92u bone[21]='bone_R-ringfinger-base.mesh' parent[1] R=43.7 exactJoint=106.42u pairs=36  (palette-wide exactWorst=109.29u)
[HANDS_ATTACH] mesh='hands_naked.mesh' owner='hands_naked.mesh' frame=4509 nb=38 wext=156.4 rebound=0
  TIER1 rest-coherence: worst=120.7deg bone[29]='bone_L-hand.mesh' count(>5deg)=8 freshRecap=0  xcheck(invOff-vs-restW) worst=120.7deg bone[29]
  TIER2 joint-attach(PRIMARY): worst=184.03u bone[30]='bone_L-index01.mesh' parent[29] R=48.0 exactJoint=113.32u pairs=30  (palette-wide exactWorst=114.80u)
[HANDS_ATTACH] mesh='hands_naked.mesh' owner='hands_naked.mesh' frame=4509 nb=38 wext=107.3 rebound=0
  TIER1 rest-coherence: worst=154.9deg bone[5]='bone_R-foreArm.mesh' count(>5deg)=8 freshRecap=0  xcheck(invOff-vs-restW) worst=154.9deg bone[5]
  TIER2 joint-attach(PRIMARY): worst=99.12u bone[23]='bone_L-middlefinger01.mesh' parent[29] R=48.1 exactJoint=71.98u pairs=30  (palette-wide exactWorst=71.98u)
[HANDS_ATTACH] mesh='hands_naked.mesh' owner='hands_naked.mesh' frame=4510 nb=40 wext=145.3 rebound=0
  TIER1 rest-coherence: worst=145.2deg bone[8]='bone_L-foreTwist1.mesh' count(>5deg)=6 freshRecap=0  xcheck(invOff-vs-restW) worst=145.2deg bone[8]
  TIER2 joint-attach(PRIMARY): worst=152.07u bone[37]='bone_L-ringfinger-base.mesh' parent[20] R=43.7 exactJoint=107.77u pairs=36  (palette-wide exactWorst=108.68u)
[HANDS_ATTACH] mesh='hands_naked.mesh' owner='hands_naked.mesh' frame=4519 nb=38 wext=156.8 rebound=0
  TIER1 rest-coherence: worst=120.7deg bone[29]='bone_L-hand.mesh' count(>5deg)=8 freshRecap=0  xcheck(invOff-vs-restW) worst=120.7deg bone[29]
  TIER2 joint-attach(PRIMARY): worst=183.81u bone[30]='bone_L-index01.mesh' parent[29] R=48.0 exactJoint=113.22u pairs=30  (palette-wide exactWorst=114.69u)
[HANDS_ATTACH] mesh='hands_naked.mesh' owner='hands_naked.mesh' frame=4519 nb=38 wext=106.9 rebound=0
  TIER1 rest-coherence: worst=156.3deg bone[13]='bone_R-hand.mesh' count(>5deg)=8 freshRecap=0  xcheck(invOff-vs-restW) worst=156.3deg bone[13]
  TIER2 joint-attach(PRIMARY): worst=97.96u bone[23]='bone_L-middlefinger01.mesh' parent[29] R=48.1 exactJoint=72.57u pairs=30  (palette-wide exactWorst=72.57u)
[HANDS_ATTACH] mesh='hands_naked.mesh' owner='hands_naked.mesh' frame=4520 nb=40 wext=144.9 rebound=0
  TIER1 rest-coherence: worst=145.2deg bone[8]='bone_L-foreTwist1.mesh' count(>5deg)=6 freshRecap=0  xcheck(invOff-vs-restW) worst=145.2deg bone[8]
  TIER2 joint-attach(PRIMARY): worst=157.31u bone[21]='bone_R-ringfinger-base.mesh' parent[1] R=43.7 exactJoint=106.02u pairs=36  (palette-wide exactWorst=108.70u)
[HANDS_ATTACH] mesh='hands_naked.mesh' owner='hands_naked.mesh' frame=4530 nb=38 wext=152.6 rebound=0
  TIER1 rest-coherence: worst=138.5deg bone[20]='bone_L-foreTwist2.mesh' count(>5deg)=8 freshRecap=0  xcheck(invOff-vs-restW) worst=138.5deg bone[28]
  TIER2 joint-attach(PRIMARY): worst=183.34u bone[23]='bone_L-middlefinger01.mesh' parent[29] R=48.1 exactJoint=128.86u pairs=30  (palette-wide exactWorst=128.86u)
[HANDS_ATTACH] mesh='hands_naked.mesh' owner='hands_naked.mesh' frame=4530 nb=38 wext=99.7 rebound=0
  TIER1 rest-coherence: worst=172.3deg bone[0]='bone_R-foreTwist1.mesh' count(>5deg)=8 freshRecap=0  xcheck(invOff-vs-restW) worst=172.3deg bone[0]
  TIER2 joint-attach(PRIMARY): worst=117.94u bone[8]='bone_R-index01.mesh' parent[13] R=48.0 exactJoint=65.52u pairs=30  (palette-wide exactWorst=66.80u)
[HANDS_ATTACH] mesh='hands_naked.mesh' owner='hands_naked.mesh' frame=4533 nb=40 wext=149.0 rebound=0
  TIER1 rest-coherence: worst=171.9deg bone[8]='bone_L-foreTwist1.mesh' count(>5deg)=6 freshRecap=0  xcheck(invOff-vs-restW) worst=171.9deg bone[26]
  TIER2 joint-attach(PRIMARY): worst=152.20u bone[21]='bone_R-ringfinger-base.mesh' parent[1] R=43.7 exactJoint=127.32u pairs=36  (palette-wide exactWorst=128.38u)
[HANDS_ATTACH] mesh='hands_naked.mesh' owner='hands_naked.mesh' frame=4550 nb=38 wext=156.1 rebound=0
  TIER1 rest-coherence: worst=155.1deg bone[20]='bone_L-foreTwist2.mesh' count(>5deg)=8 freshRecap=0  xcheck(invOff-vs-restW) worst=155.1deg bone[28]
  TIER2 joint-attach(PRIMARY): worst=172.62u bone[23]='bone_L-middlefinger01.mesh' parent[29] R=48.1 exactJoint=134.13u pairs=30  (palette-wide exactWorst=134.13u)
[HANDS_ATTACH] mesh='hands_naked.mesh' owner='hands_naked.mesh' frame=4550 nb=38 wext=102.8 rebound=0
  TIER1 rest-coherence: worst=176.9deg bone[13]='bone_R-hand.mesh' count(>5deg)=8 freshRecap=0  xcheck(invOff-vs-restW) worst=176.9deg bone[13]
  TIER2 joint-attach(PRIMARY): worst=122.91u bone[8]='bone_R-index01.mesh' parent[13] R=48.0 exactJoint=67.34u pairs=30  (palette-wide exactWorst=68.65u)
[HANDS_ATTACH] mesh='hands_naked.mesh' owner='hands_naked.mesh' frame=4553 nb=40 wext=151.0 rebound=0
  TIER1 rest-coherence: worst=167.3deg bone[8]='bone_L-foreTwist1.mesh' count(>5deg)=6 freshRecap=0  xcheck(invOff-vs-restW) worst=167.3deg bone[26]
  TIER2 joint-attach(PRIMARY): worst=174.36u bone[21]='bone_R-ringfinger-base.mesh' parent[1] R=43.7 exactJoint=119.54u pairs=36  (palette-wide exactWorst=120.75u)
[HANDS_ATTACH] mesh='hands_naked.mesh' owner='hands_naked.mesh' frame=4570 nb=38 wext=157.3 rebound=0
  TIER1 rest-coherence: worst=155.1deg bone[20]='bone_L-foreTwist2.mesh' count(>5deg)=8 freshRecap=0  xcheck(invOff-vs-restW) worst=155.1deg bone[28]
  TIER2 joint-attach(PRIMARY): worst=161.31u bone[23]='bone_L-middlefinger01.mesh' parent[29] R=48.1 exactJoint=135.80u pairs=30  (palette-wide exactWorst=135.80u)
[HANDS_ATTACH] mesh='hands_naked.mesh' owner='hands_naked.mesh' frame=4570 nb=38 wext=100.4 rebound=0
  TIER1 rest-coherence: worst=171.1deg bone[5]='bone_R-foreArm.mesh' count(>5deg)=8 freshRecap=0  xcheck(invOff-vs-restW) worst=171.1deg bone[5]
  TIER2 joint-attach(PRIMARY): worst=122.86u bone[30]='bone_L-index01.mesh' parent[29] R=48.0 exactJoint=49.52u pairs=30  (palette-wide exactWorst=65.37u)
[HANDS_ATTACH] mesh='hands_naked.mesh' owner='hands_naked.mesh' frame=4573 nb=40 wext=152.4 rebound=0
  TIER1 rest-coherence: worst=175.7deg bone[8]='bone_L-foreTwist1.mesh' count(>5deg)=6 freshRecap=0  xcheck(invOff-vs-restW) worst=175.7deg bone[26]
  TIER2 joint-attach(PRIMARY): worst=160.74u bone[21]='bone_R-ringfinger-base.mesh' parent[1] R=43.7 exactJoint=131.73u pairs=36  (palette-wide exactWorst=132.81u)
[HANDS_ATTACH] mesh='hands_naked.mesh' owner='hands_naked.mesh' frame=4590 nb=38 wext=156.7 rebound=0
  TIER1 rest-coherence: worst=151.9deg bone[20]='bone_L-foreTwist2.mesh' count(>5deg)=8 freshRecap=0  xcheck(invOff-vs-restW) worst=151.9deg bone[28]
  TIER2 joint-attach(PRIMARY): worst=148.80u bone[1]='bone_R-middlefinger01.mesh' parent[13] R=48.1 exactJoint=66.93u pairs=30  (palette-wide exactWorst=132.32u)
[HANDS_ATTACH] mesh='hands_naked.mesh' owner='hands_naked.mesh' frame=4590 nb=38 wext=97.3 rebound=0
  TIER1 rest-coherence: worst=177.2deg bone[5]='bone_R-foreArm.mesh' count(>5deg)=8 freshRecap=0  xcheck(invOff-vs-restW) worst=177.2deg bone[5]
  TIER2 joint-attach(PRIMARY): worst=128.45u bone[1]='bone_R-middlefinger01.mesh' parent[13] R=48.1 exactJoint=61.50u pairs=30  (palette-wide exactWorst=61.50u)
[HANDS_ATTACH] mesh='hands_naked.mesh' owner='hands_naked.mesh' frame=4593 nb=40 wext=149.4 rebound=0
  TIER1 rest-coherence: worst=176.2deg bone[8]='bone_L-foreTwist1.mesh' count(>5deg)=6 freshRecap=0  xcheck(invOff-vs-restW) worst=176.2deg bone[26]
  TIER2 joint-attach(PRIMARY): worst=159.73u bone[21]='bone_R-ringfinger-base.mesh' parent[1] R=43.7 exactJoint=123.82u pairs=36  (palette-wide exactWorst=124.99u)
[HANDS_ATTACH] mesh='hands_naked.mesh' owner='hands_naked.mesh' frame=4610 nb=38 wext=165.6 rebound=0
  TIER1 rest-coherence: worst=143.9deg bone[22]='bone_L-foreArm.mesh' count(>5deg)=8 freshRecap=0  xcheck(invOff-vs-restW) worst=143.9deg bone[22]
  TIER2 joint-attach(PRIMARY): worst=141.43u bone[23]='bone_L-middlefinger01.mesh' parent[29] R=48.1 exactJoint=136.56u pairs=30  (palette-wide exactWorst=136.56u)
[HANDS_ATTACH] mesh='hands_naked.mesh' owner='hands_naked.mesh' frame=4610 nb=38 wext=101.6 rebound=0
  TIER1 rest-coherence: worst=175.8deg bone[13]='bone_R-hand.mesh' count(>5deg)=8 freshRecap=0  xcheck(invOff-vs-restW) worst=175.8deg bone[13]
  TIER2 joint-attach(PRIMARY): worst=131.15u bone[30]='bone_L-index01.mesh' parent[29] R=48.0 exactJoint=55.13u pairs=30  (palette-wide exactWorst=65.46u)
[HANDS_ATTACH] mesh='hands_naked.mesh' owner='hands_naked.mesh' frame=4613 nb=40 wext=145.7 rebound=0
  TIER1 rest-coherence: worst=173.1deg bone[8]='bone_L-foreTwist1.mesh' count(>5deg)=6 freshRecap=0  xcheck(invOff-vs-restW) worst=173.1deg bone[8]
  TIER2 joint-attach(PRIMARY): worst=173.96u bone[21]='bone_R-ringfinger-base.mesh' parent[1] R=43.7 exactJoint=125.77u pairs=36  (palette-wide exactWorst=127.00u)
[HANDS_ATTACH] mesh='hands_naked.mesh' owner='hands_naked.mesh' frame=4630 nb=38 wext=165.5 rebound=0
  TIER1 rest-coherence: worst=142.6deg bone[20]='bone_L-foreTwist2.mesh' count(>5deg)=8 freshRecap=0  xcheck(invOff-vs-restW) worst=142.6deg bone[20]
  TIER2 joint-attach(PRIMARY): worst=132.77u bone[23]='bone_L-middlefinger01.mesh' parent[29] R=48.1 exactJoint=132.92u pairs=30  (palette-wide exactWorst=132.97u)
[HANDS_ATTACH] mesh='hands_naked.mesh' owner='hands_naked.mesh' frame=4630 nb=38 wext=103.7 rebound=0
  TIER1 rest-coherence: worst=174.5deg bone[6]='bone_R-foreTwist2.mesh' count(>5deg)=8 freshRecap=0  xcheck(invOff-vs-restW) worst=174.5deg bone[0]
  TIER2 joint-attach(PRIMARY): worst=129.84u bone[30]='bone_L-index01.mesh' parent[29] R=48.0 exactJoint=54.75u pairs=30  (palette-wide exactWorst=66.57u)
[HANDS_ATTACH] mesh='hands_naked.mesh' owner='hands_naked.mesh' frame=4633 nb=40 wext=149.5 rebound=0
  TIER1 rest-coherence: worst=175.7deg bone[8]='bone_L-foreTwist1.mesh' count(>5deg)=6 freshRecap=0  xcheck(invOff-vs-restW) worst=175.7deg bone[26]
  TIER2 joint-attach(PRIMARY): worst=149.30u bone[37]='bone_L-ringfinger-base.mesh' parent[20] R=43.7 exactJoint=90.42u pairs=36  (palette-wide exactWorst=127.71u)
[HANDS_ATTACH] mesh='hands_naked.mesh' owner='hands_naked.mesh' frame=4650 nb=38 wext=172.0 rebound=0
  TIER1 rest-coherence: worst=126.9deg bone[20]='bone_L-foreTwist2.mesh' count(>5deg)=8 freshRecap=0  xcheck(invOff-vs-restW) worst=126.9deg bone[28]
  TIER2 joint-attach(PRIMARY): worst=130.19u bone[25]='bone_L-thumb01.mesh' parent[29] R=48.5 exactJoint=131.60u pairs=30  (palette-wide exactWorst=133.81u)
[HANDS_ATTACH] mesh='hands_naked.mesh' owner='hands_naked.mesh' frame=4650 nb=38 wext=103.1 rebound=0
  TIER1 rest-coherence: worst=175.5deg bone[13]='bone_R-hand.mesh' count(>5deg)=8 freshRecap=0  xcheck(invOff-vs-restW) worst=175.5deg bone[13]
  TIER2 joint-attach(PRIMARY): worst=125.46u bone[30]='bone_L-index01.mesh' parent[29] R=48.0 exactJoint=52.91u pairs=30  (palette-wide exactWorst=62.91u)
[HANDS_ATTACH] mesh='hands_naked.mesh' owner='hands_naked.mesh' frame=4653 nb=40 wext=148.1 rebound=0
  TIER1 rest-coherence: worst=176.5deg bone[20]='bone_L-hand.mesh' count(>5deg)=6 freshRecap=0  xcheck(invOff-vs-restW) worst=176.5deg bone[20]
  TIER2 joint-attach(PRIMARY): worst=145.63u bone[21]='bone_R-ringfinger-base.mesh' parent[1] R=43.7 exactJoint=130.10u pairs=36  (palette-wide exactWorst=131.06u)
[HANDS_ATTACH] mesh='hands_naked.mesh' owner='hands_naked.mesh' frame=4670 nb=38 wext=175.5 rebound=0
  TIER1 rest-coherence: worst=126.9deg bone[20]='bone_L-foreTwist2.mesh' count(>5deg)=8 freshRecap=0  xcheck(invOff-vs-restW) worst=126.9deg bone[28]
  TIER2 joint-attach(PRIMARY): worst=134.67u bone[25]='bone_L-thumb01.mesh' parent[29] R=48.5 exactJoint=136.01u pairs=30  (palette-wide exactWorst=138.36u)
[HANDS_ATTACH] mesh='hands_naked.mesh' owner='hands_naked.mesh' frame=4670 nb=38 wext=102.7 rebound=0
  TIER1 rest-coherence: worst=172.2deg bone[5]='bone_R-foreArm.mesh' count(>5deg)=8 freshRecap=0  xcheck(invOff-vs-restW) worst=172.2deg bone[5]
  TIER2 joint-attach(PRIMARY): worst=123.02u bone[30]='bone_L-index01.mesh' parent[29] R=48.0 exactJoint=51.26u pairs=30  (palette-wide exactWorst=63.76u)
[HANDS_ATTACH] mesh='hands_naked.mesh' owner='hands_naked.mesh' frame=4673 nb=40 wext=145.0 rebound=0
  TIER1 rest-coherence: worst=177.2deg bone[20]='bone_L-hand.mesh' count(>5deg)=6 freshRecap=0  xcheck(invOff-vs-restW) worst=177.2deg bone[20]
  TIER2 joint-attach(PRIMARY): worst=149.27u bone[21]='bone_R-ringfinger-base.mesh' parent[1] R=43.7 exactJoint=129.67u pairs=36  (palette-wide exactWorst=130.63u)
[HANDS_ATTACH] mesh='hands_naked.mesh' owner='hands_naked.mesh' frame=4690 nb=38 wext=180.6 rebound=0
  TIER1 rest-coherence: worst=121.1deg bone[20]='bone_L-foreTwist2.mesh' count(>5deg)=8 freshRecap=0  xcheck(invOff-vs-restW) worst=121.1deg bone[20]
  TIER2 joint-attach(PRIMARY): worst=138.23u bone[9]='bone_R-thumb01.mesh' parent[13] R=48.5 exactJoint=105.45u pairs=30  (palette-wide exactWorst=141.43u)
[HANDS_ATTACH] mesh='hands_naked.mesh' owner='hands_naked.mesh' frame=4690 nb=38 wext=102.9 rebound=0
  TIER1 rest-coherence: worst=172.2deg bone[5]='bone_R-foreArm.mesh' count(>5deg)=8 freshRecap=0  xcheck(invOff-vs-restW) worst=172.2deg bone[5]
  TIER2 joint-attach(PRIMARY): worst=126.73u bone[8]='bone_R-index01.mesh' parent[13] R=48.0 exactJoint=63.02u pairs=30  (palette-wide exactWorst=64.37u)
[HANDS_ATTACH] mesh='hands_naked.mesh' owner='hands_naked.mesh' frame=4693 nb=40 wext=150.9 rebound=0
  TIER1 rest-coherence: worst=178.6deg bone[20]='bone_L-hand.mesh' count(>5deg)=6 freshRecap=0  xcheck(invOff-vs-restW) worst=178.7deg bone[20]
  TIER2 joint-attach(PRIMARY): worst=149.57u bone[21]='bone_R-ringfinger-base.mesh' parent[1] R=43.7 exactJoint=129.41u pairs=36  (palette-wide exactWorst=130.41u)
[HANDS_ATTACH] mesh='hands_naked.mesh' owner='hands_naked.mesh' frame=4710 nb=38 wext=176.9 rebound=0
  TIER1 rest-coherence: worst=104.5deg bone[20]='bone_L-foreTwist2.mesh' count(>5deg)=8 freshRecap=0  xcheck(invOff-vs-restW) worst=104.5deg bone[28]
  TIER2 joint-attach(PRIMARY): worst=125.02u bone[25]='bone_L-thumb01.mesh' parent[29] R=48.5 exactJoint=127.54u pairs=30  (palette-wide exactWorst=128.54u)
[HANDS_ATTACH] mesh='hands_naked.mesh' owner='hands_naked.mesh' frame=4710 nb=38 wext=103.1 rebound=0
  TIER1 rest-coherence: worst=178.7deg bone[13]='bone_R-hand.mesh' count(>5deg)=8 freshRecap=0  xcheck(invOff-vs-restW) worst=178.7deg bone[13]
  TIER2 joint-attach(PRIMARY): worst=122.10u bone[30]='bone_L-index01.mesh' parent[29] R=48.0 exactJoint=51.60u pairs=30  (palette-wide exactWorst=60.22u)
[HANDS_ATTACH] mesh='hands_naked.mesh' owner='hands_naked.mesh' frame=4713 nb=40 wext=154.8 rebound=0
  TIER1 rest-coherence: worst=170.8deg bone[8]='bone_L-foreTwist1.mesh' count(>5deg)=6 freshRecap=0  xcheck(invOff-vs-restW) worst=170.8deg bone[26]
  TIER2 joint-attach(PRIMARY): worst=149.56u bone[37]='bone_L-ringfinger-base.mesh' parent[20] R=43.7 exactJoint=90.47u pairs=36  (palette-wide exactWorst=136.27u)
[HANDS_ATTACH] mesh='hands_naked.mesh' owner='hands_naked.mesh' frame=4730 nb=38 wext=179.4 rebound=0
  TIER1 rest-coherence: worst=114.7deg bone[0]='bone_R-foreTwist1.mesh' count(>5deg)=8 freshRecap=0  xcheck(invOff-vs-restW) worst=114.7deg bone[0]
  TIER2 joint-attach(PRIMARY): worst=122.01u bone[30]='bone_L-index01.mesh' parent[29] R=48.0 exactJoint=120.62u pairs=30  (palette-wide exactWorst=120.62u)
[HANDS_ATTACH] mesh='hands_naked.mesh' owner='hands_naked.mesh' frame=4730 nb=38 wext=105.3 rebound=0
  TIER1 rest-coherence: worst=171.6deg bone[0]='bone_R-foreTwist1.mesh' count(>5deg)=8 freshRecap=0  xcheck(invOff-vs-restW) worst=171.6deg bone[0]
  TIER2 joint-attach(PRIMARY): worst=125.63u bone[8]='bone_R-index01.mesh' parent[13] R=48.0 exactJoint=63.41u pairs=30  (palette-wide exactWorst=64.77u)
[HANDS_ATTACH] mesh='hands_naked.mesh' owner='hands_naked.mesh' frame=4733 nb=40 wext=155.2 rebound=0
  TIER1 rest-coherence: worst=178.0deg bone[8]='bone_L-foreTwist1.mesh' count(>5deg)=6 freshRecap=0  xcheck(invOff-vs-restW) worst=178.1deg bone[26]
  TIER2 joint-attach(PRIMARY): worst=150.35u bone[37]='bone_L-ringfinger-base.mesh' parent[20] R=43.7 exactJoint=90.91u pairs=36  (palette-wide exactWorst=137.61u)
[HANDS_ATTACH] mesh='hands_naked.mesh' owner='hands_naked.mesh' frame=4750 nb=38 wext=176.3 rebound=0
  TIER1 rest-coherence: worst=114.7deg bone[0]='bone_R-foreTwist1.mesh' count(>5deg)=8 freshRecap=0  xcheck(invOff-vs-restW) worst=114.7deg bone[0]
  TIER2 joint-attach(PRIMARY): worst=154.91u bone[30]='bone_L-index01.mesh' parent[29] R=48.0 exactJoint=114.46u pairs=30  (palette-wide exactWorst=115.24u)
[HANDS_ATTACH] mesh='hands_naked.mesh' owner='hands_naked.mesh' frame=4750 nb=38 wext=104.1 rebound=0
  TIER1 rest-coherence: worst=170.4deg bone[5]='bone_R-foreArm.mesh' count(>5deg)=8 freshRecap=0  xcheck(invOff-vs-restW) worst=170.4deg bone[5]
  TIER2 joint-attach(PRIMARY): worst=115.49u bone[8]='bone_R-index01.mesh' parent[13] R=48.0 exactJoint=59.89u pairs=30  (palette-wide exactWorst=61.22u)
[HANDS_ATTACH] mesh='hands_naked.mesh' owner='hands_naked.mesh' frame=4753 nb=40 wext=157.3 rebound=0
  TIER1 rest-coherence: worst=173.1deg bone[8]='bone_L-foreTwist1.mesh' count(>5deg)=6 freshRecap=0  xcheck(invOff-vs-restW) worst=173.1deg bone[26]
  TIER2 joint-attach(PRIMARY): worst=153.03u bone[37]='bone_L-ringfinger-base.mesh' parent[20] R=43.7 exactJoint=91.14u pairs=36  (palette-wide exactWorst=140.24u)
[HANDS_ATTACH] mesh='hands_naked.mesh' owner='hands_naked.mesh' frame=4770 nb=38 wext=180.4 rebound=0
  TIER1 rest-coherence: worst=120.1deg bone[0]='bone_R-foreTwist1.mesh' count(>5deg)=8 freshRecap=0  xcheck(invOff-vs-restW) worst=120.1deg bone[0]
  TIER2 joint-attach(PRIMARY): worst=152.36u bone[30]='bone_L-index01.mesh' parent[29] R=48.0 exactJoint=113.94u pairs=30  (palette-wide exactWorst=115.95u)
[HANDS_ATTACH] mesh='hands_naked.mesh' owner='hands_naked.mesh' frame=4770 nb=38 wext=101.7 rebound=0
  TIER1 rest-coherence: worst=166.6deg bone[5]='bone_R-foreArm.mesh' count(>5deg)=8 freshRecap=0  xcheck(invOff-vs-restW) worst=166.6deg bone[5]
  TIER2 joint-attach(PRIMARY): worst=117.55u bone[30]='bone_L-index01.mesh' parent[29] R=48.0 exactJoint=47.86u pairs=30  (palette-wide exactWorst=63.90u)
[HANDS_ATTACH] mesh='hands_naked.mesh' owner='hands_naked.mesh' frame=4773 nb=40 wext=150.4 rebound=0
  TIER1 rest-coherence: worst=175.7deg bone[20]='bone_L-hand.mesh' count(>5deg)=6 freshRecap=0  xcheck(invOff-vs-restW) worst=175.7deg bone[20]
  TIER2 joint-attach(PRIMARY): worst=141.71u bone[37]='bone_L-ringfinger-base.mesh' parent[20] R=43.7 exactJoint=88.85u pairs=36  (palette-wide exactWorst=130.57u)
[HANDS_ATTACH] mesh='hands_naked.mesh' owner='hands_naked.mesh' frame=4790 nb=38 wext=176.2 rebound=0
  TIER1 rest-coherence: worst=120.1deg bone[0]='bone_R-foreTwist1.mesh' count(>5deg)=8 freshRecap=0  xcheck(invOff-vs-restW) worst=120.1deg bone[0]
  TIER2 joint-attach(PRIMARY): worst=137.80u bone[30]='bone_L-index01.mesh' parent[29] R=48.0 exactJoint=106.44u pairs=30  (palette-wide exactWorst=111.55u)
[HANDS_ATTACH] mesh='hands_naked.mesh' owner='hands_naked.mesh' frame=4790 nb=38 wext=102.3 rebound=0
  TIER1 rest-coherence: worst=138.2deg bone[5]='bone_R-foreArm.mesh' count(>5deg)=8 freshRecap=0  xcheck(invOff-vs-restW) worst=138.2deg bone[5]
  TIER2 joint-attach(PRIMARY): worst=121.48u bone[30]='bone_L-index01.mesh' parent[29] R=48.0 exactJoint=50.82u pairs=30  (palette-wide exactWorst=63.50u)
[HANDS_ATTACH] mesh='hands_naked.mesh' owner='hands_naked.mesh' frame=4793 nb=40 wext=150.7 rebound=0
  TIER1 rest-coherence: worst=160.4deg bone[2]='bone_R-foreTwist2.mesh' count(>5deg)=6 freshRecap=0  xcheck(invOff-vs-restW) worst=160.4deg bone[3]
  TIER2 joint-attach(PRIMARY): worst=150.81u bone[21]='bone_R-ringfinger-base.mesh' parent[1] R=43.7 exactJoint=129.53u pairs=36  (palette-wide exactWorst=130.57u)
[HANDS_ATTACH] mesh='hands_naked.mesh' owner='hands_naked.mesh' frame=4810 nb=38 wext=168.8 rebound=0
  TIER1 rest-coherence: worst=111.3deg bone[0]='bone_R-foreTwist1.mesh' count(>5deg)=8 freshRecap=0  xcheck(invOff-vs-restW) worst=111.3deg bone[0]
  TIER2 joint-attach(PRIMARY): worst=140.74u bone[30]='bone_L-index01.mesh' parent[29] R=48.0 exactJoint=99.13u pairs=30  (palette-wide exactWorst=108.68u)
[HANDS_ATTACH] mesh='hands_naked.mesh' owner='hands_naked.mesh' frame=4810 nb=38 wext=100.5 rebound=0
  TIER1 rest-coherence: worst=157.2deg bone[5]='bone_R-foreArm.mesh' count(>5deg)=8 freshRecap=0  xcheck(invOff-vs-restW) worst=157.2deg bone[5]
  TIER2 joint-attach(PRIMARY): worst=126.77u bone[8]='bone_R-index01.mesh' parent[13] R=48.0 exactJoint=62.66u pairs=30  (palette-wide exactWorst=64.04u)
[HANDS_ATTACH] mesh='hands_naked.mesh' owner='hands_naked.mesh' frame=4813 nb=40 wext=153.3 rebound=0
  TIER1 rest-coherence: worst=149.7deg bone[3]='bone_R-foreTwist1.mesh' count(>5deg)=6 freshRecap=0  xcheck(invOff-vs-restW) worst=149.7deg bone[3]
  TIER2 joint-attach(PRIMARY): worst=139.55u bone[37]='bone_L-ringfinger-base.mesh' parent[20] R=43.7 exactJoint=87.20u pairs=36  (palette-wide exactWorst=135.84u)
[HANDS_ATTACH] mesh='hands_naked.mesh' owner='hands_naked.mesh' frame=4830 nb=38 wext=163.2 rebound=0
  TIER1 rest-coherence: worst=124.3deg bone[29]='bone_L-hand.mesh' count(>5deg)=8 freshRecap=0  xcheck(invOff-vs-restW) worst=124.3deg bone[29]
  TIER2 joint-attach(PRIMARY): worst=150.44u bone[30]='bone_L-index01.mesh' parent[29] R=48.0 exactJoint=109.66u pairs=30  (palette-wide exactWorst=110.62u)
[HANDS_ATTACH] mesh='hands_naked.mesh' owner='hands_naked.mesh' frame=4830 nb=38 wext=101.4 rebound=0
  TIER1 rest-coherence: worst=158.3deg bone[5]='bone_R-foreArm.mesh' count(>5deg)=8 freshRecap=0  xcheck(invOff-vs-restW) worst=158.3deg bone[5]
  TIER2 joint-attach(PRIMARY): worst=129.59u bone[8]='bone_R-index01.mesh' parent[13] R=48.0 exactJoint=63.79u pairs=30  (palette-wide exactWorst=65.22u)
[HANDS_ATTACH] mesh='hands_naked.mesh' owner='hands_naked.mesh' frame=4833 nb=40 wext=152.3 rebound=0
  TIER1 rest-coherence: worst=146.8deg bone[2]='bone_R-foreTwist2.mesh' count(>5deg)=6 freshRecap=0  xcheck(invOff-vs-restW) worst=146.8deg bone[3]
  TIER2 joint-attach(PRIMARY): worst=138.36u bone[37]='bone_L-ringfinger-base.mesh' parent[20] R=43.7 exactJoint=87.24u pairs=36  (palette-wide exactWorst=138.29u)
[HANDS_ATTACH] mesh='hands_naked.mesh' owner='hands_naked.mesh' frame=4844 nb=38 wext=150.4 rebound=0
  TIER1 rest-coherence: worst=140.2deg bone[29]='bone_L-hand.mesh' count(>5deg)=8 freshRecap=0  xcheck(invOff-vs-restW) worst=140.2deg bone[29]
  TIER2 joint-attach(PRIMARY): worst=177.59u bone[23]='bone_L-middlefinger01.mesh' parent[29] R=48.1 exactJoint=126.37u pairs=30  (palette-wide exactWorst=126.37u)
[HANDS_ATTACH] mesh='hands_naked.mesh' owner='hands_naked.mesh' frame=4844 nb=38 wext=99.1 rebound=0
  TIER1 rest-coherence: worst=158.1deg bone[5]='bone_R-foreArm.mesh' count(>5deg)=8 freshRecap=0  xcheck(invOff-vs-restW) worst=158.1deg bone[5]
  TIER2 joint-attach(PRIMARY): worst=127.21u bone[8]='bone_R-index01.mesh' parent[13] R=48.0 exactJoint=63.80u pairs=30  (palette-wide exactWorst=65.17u)
[HANDS_ATTACH] mesh='hands_naked.mesh' owner='hands_naked.mesh' frame=4845 nb=40 wext=154.7 rebound=0
  TIER1 rest-coherence: worst=146.8deg bone[2]='bone_R-foreTwist2.mesh' count(>5deg)=6 freshRecap=0  xcheck(invOff-vs-restW) worst=146.8deg bone[3]
  TIER2 joint-attach(PRIMARY): worst=143.54u bone[37]='bone_L-ringfinger-base.mesh' parent[20] R=43.7 exactJoint=89.18u pairs=36  (palette-wide exactWorst=139.71u)
[HANDS_ATTACH] mesh='hands_naked.mesh' owner='hands_naked.mesh' frame=4854 nb=38 wext=146.1 rebound=0
  TIER1 rest-coherence: worst=140.2deg bone[29]='bone_L-hand.mesh' count(>5deg)=8 freshRecap=0  xcheck(invOff-vs-restW) worst=140.2deg bone[29]
  TIER2 joint-attach(PRIMARY): worst=179.10u bone[23]='bone_L-middlefinger01.mesh' parent[29] R=48.1 exactJoint=121.04u pairs=30  (palette-wide exactWorst=121.04u)
[HANDS_ATTACH] mesh='hands_naked.mesh' owner='hands_naked.mesh' frame=4854 nb=38 wext=99.2 rebound=0
  TIER1 rest-coherence: worst=158.1deg bone[5]='bone_R-foreArm.mesh' count(>5deg)=8 freshRecap=0  xcheck(invOff-vs-restW) worst=158.1deg bone[5]
  TIER2 joint-attach(PRIMARY): worst=128.37u bone[8]='bone_R-index01.mesh' parent[13] R=48.0 exactJoint=65.18u pairs=30  (palette-wide exactWorst=66.56u)
[HANDS_ATTACH] mesh='hands_naked.mesh' owner='hands_naked.mesh' frame=4855 nb=40 wext=148.2 rebound=0
  TIER1 rest-coherence: worst=144.9deg bone[2]='bone_R-foreTwist2.mesh' count(>5deg)=6 freshRecap=0  xcheck(invOff-vs-restW) worst=144.9deg bone[3]
  TIER2 joint-attach(PRIMARY): worst=141.84u bone[21]='bone_R-ringfinger-base.mesh' parent[1] R=43.7 exactJoint=129.93u pairs=36  (palette-wide exactWorst=130.87u)
[HANDS_ATTACH] mesh='hands_naked.mesh' owner='hands_naked.mesh' frame=4864 nb=38 wext=141.5 rebound=0
  TIER1 rest-coherence: worst=140.2deg bone[29]='bone_L-hand.mesh' count(>5deg)=8 freshRecap=0  xcheck(invOff-vs-restW) worst=140.2deg bone[29]
  TIER2 joint-attach(PRIMARY): worst=176.79u bone[23]='bone_L-middlefinger01.mesh' parent[29] R=48.1 exactJoint=116.49u pairs=30  (palette-wide exactWorst=118.70u)
[HANDS_ATTACH] mesh='hands_naked.mesh' owner='hands_naked.mesh' frame=4864 nb=38 wext=105.1 rebound=0
  TIER1 rest-coherence: worst=158.1deg bone[5]='bone_R-foreArm.mesh' count(>5deg)=8 freshRecap=0  xcheck(invOff-vs-restW) worst=158.1deg bone[5]
  TIER2 joint-attach(PRIMARY): worst=121.13u bone[8]='bone_R-index01.mesh' parent[13] R=48.0 exactJoint=69.83u pairs=30  (palette-wide exactWorst=71.14u)
[HANDS_ATTACH] mesh='hands_naked.mesh' owner='hands_naked.mesh' frame=4865 nb=40 wext=148.9 rebound=0
  TIER1 rest-coherence: worst=138.8deg bone[2]='bone_R-foreTwist2.mesh' count(>5deg)=6 freshRecap=0  xcheck(invOff-vs-restW) worst=138.8deg bone[3]
  TIER2 joint-attach(PRIMARY): worst=141.75u bone[37]='bone_L-ringfinger-base.mesh' parent[20] R=43.7 exactJoint=88.93u pairs=36  (palette-wide exactWorst=129.60u)
[HANDS_ATTACH] mesh='hands_naked.mesh' owner='hands_naked.mesh' frame=4874 nb=38 wext=149.0 rebound=0
  TIER1 rest-coherence: worst=104.7deg bone[29]='bone_L-hand.mesh' count(>5deg)=8 freshRecap=0  xcheck(invOff-vs-restW) worst=104.7deg bone[29]
  TIER2 joint-attach(PRIMARY): worst=172.91u bone[32]='bone_L-ringfinger02.mesh' parent[27] R=46.7 exactJoint=128.34u pairs=30  (palette-wide exactWorst=128.34u)
[HANDS_ATTACH] mesh='hands_naked.mesh' owner='hands_naked.mesh' frame=4874 nb=38 wext=102.0 rebound=0
  TIER1 rest-coherence: worst=146.1deg bone[5]='bone_R-foreArm.mesh' count(>5deg)=8 freshRecap=0  xcheck(invOff-vs-restW) worst=146.1deg bone[5]
  TIER2 joint-attach(PRIMARY): worst=122.64u bone[30]='bone_L-index01.mesh' parent[29] R=48.0 exactJoint=47.87u pairs=30  (palette-wide exactWorst=68.90u)
[HANDS_ATTACH] mesh='hands_naked.mesh' owner='hands_naked.mesh' frame=4875 nb=40 wext=149.4 rebound=0
  TIER1 rest-coherence: worst=138.8deg bone[2]='bone_R-foreTwist2.mesh' count(>5deg)=6 freshRecap=0  xcheck(invOff-vs-restW) worst=138.8deg bone[3]
  TIER2 joint-attach(PRIMARY): worst=154.29u bone[21]='bone_R-ringfinger-base.mesh' parent[1] R=43.7 exactJoint=126.84u pairs=36  (palette-wide exactWorst=127.90u)
[HANDS_ATTACH] mesh='hands_naked.mesh' owner='hands_naked.mesh' frame=4884 nb=38 wext=147.9 rebound=0
  TIER1 rest-coherence: worst=104.7deg bone[29]='bone_L-hand.mesh' count(>5deg)=8 freshRecap=0  xcheck(invOff-vs-restW) worst=104.7deg bone[29]
  TIER2 joint-attach(PRIMARY): worst=170.76u bone[1]='bone_R-middlefinger01.mesh' parent[13] R=48.1 exactJoint=37.29u pairs=30  (palette-wide exactWorst=127.92u)
[HANDS_ATTACH] mesh='hands_naked.mesh' owner='hands_naked.mesh' frame=4884 nb=38 wext=103.0 rebound=0
  TIER1 rest-coherence: worst=146.1deg bone[5]='bone_R-foreArm.mesh' count(>5deg)=8 freshRecap=0  xcheck(invOff-vs-restW) worst=146.1deg bone[5]
  TIER2 joint-attach(PRIMARY): worst=130.97u bone[30]='bone_L-index01.mesh' parent[29] R=48.0 exactJoint=48.27u pairs=30  (palette-wide exactWorst=69.21u)
[HANDS_ATTACH] mesh='hands_naked.mesh' owner='hands_naked.mesh' frame=4885 nb=40 wext=148.9 rebound=0
  TIER1 rest-coherence: worst=152.5deg bone[2]='bone_R-foreTwist2.mesh' count(>5deg)=6 freshRecap=0  xcheck(invOff-vs-restW) worst=152.5deg bone[3]
  TIER2 joint-attach(PRIMARY): worst=150.09u bone[37]='bone_L-ringfinger-base.mesh' parent[20] R=43.7 exactJoint=90.93u pairs=36  (palette-wide exactWorst=131.70u)
[HANDS_ATTACH] mesh='hands_naked.mesh' owner='hands_naked.mesh' frame=4894 nb=38 wext=146.9 rebound=0
  TIER1 rest-coherence: worst=104.7deg bone[29]='bone_L-hand.mesh' count(>5deg)=8 freshRecap=0  xcheck(invOff-vs-restW) worst=104.7deg bone[29]
  TIER2 joint-attach(PRIMARY): worst=175.33u bone[1]='bone_R-middlefinger01.mesh' parent[13] R=48.1 exactJoint=42.65u pairs=30  (palette-wide exactWorst=124.86u)
[HANDS_ATTACH] mesh='hands_naked.mesh' owner='hands_naked.mesh' frame=4894 nb=38 wext=102.5 rebound=0
  TIER1 rest-coherence: worst=144.3deg bone[5]='bone_R-foreArm.mesh' count(>5deg)=8 freshRecap=0  xcheck(invOff-vs-restW) worst=144.3deg bone[5]
  TIER2 joint-attach(PRIMARY): worst=120.71u bone[30]='bone_L-index01.mesh' parent[29] R=48.0 exactJoint=47.73u pairs=30  (palette-wide exactWorst=69.20u)
[HANDS_ATTACH] mesh='hands_naked.mesh' owner='hands_naked.mesh' frame=4895 nb=40 wext=148.5 rebound=0
  TIER1 rest-coherence: worst=156.2deg bone[3]='bone_R-foreTwist1.mesh' count(>5deg)=6 freshRecap=0  xcheck(invOff-vs-restW) worst=156.2deg bone[3]
  TIER2 joint-attach(PRIMARY): worst=159.33u bone[21]='bone_R-ringfinger-base.mesh' parent[1] R=43.7 exactJoint=129.14u pairs=36  (palette-wide exactWorst=130.24u)
[HANDS_ATTACH] mesh='hands_naked.mesh' owner='hands_naked.mesh' frame=4904 nb=38 wext=149.5 rebound=0
  TIER1 rest-coherence: worst=119.4deg bone[29]='bone_L-hand.mesh' count(>5deg)=8 freshRecap=0  xcheck(invOff-vs-restW) worst=119.4deg bone[29]
  TIER2 joint-attach(PRIMARY): worst=178.06u bone[1]='bone_R-middlefinger01.mesh' parent[13] R=48.1 exactJoint=54.35u pairs=30  (palette-wide exactWorst=119.87u)
[HANDS_ATTACH] mesh='hands_naked.mesh' owner='hands_naked.mesh' frame=4904 nb=38 wext=97.5 rebound=0
  TIER1 rest-coherence: worst=148.3deg bone[5]='bone_R-foreArm.mesh' count(>5deg)=8 freshRecap=0  xcheck(invOff-vs-restW) worst=148.3deg bone[5]
  TIER2 joint-attach(PRIMARY): worst=119.08u bone[8]='bone_R-index01.mesh' parent[13] R=48.0 exactJoint=59.46u pairs=30  (palette-wide exactWorst=60.73u)
[HANDS_ATTACH] mesh='hands_naked.mesh' owner='hands_naked.mesh' frame=4905 nb=40 wext=147.8 rebound=0
  TIER1 rest-coherence: worst=156.2deg bone[3]='bone_R-foreTwist1.mesh' count(>5deg)=6 freshRecap=0  xcheck(invOff-vs-restW) worst=156.2deg bone[3]
  TIER2 joint-attach(PRIMARY): worst=162.43u bone[21]='bone_R-ringfinger-base.mesh' parent[1] R=43.7 exactJoint=128.08u pairs=36  (palette-wide exactWorst=129.23u)
[HANDS_ATTACH] mesh='hands_naked.mesh' owner='hands_naked.mesh' frame=4914 nb=38 wext=149.2 rebound=0
  TIER1 rest-coherence: worst=119.4deg bone[29]='bone_L-hand.mesh' count(>5deg)=8 freshRecap=0  xcheck(invOff-vs-restW) worst=119.4deg bone[29]
  TIER2 joint-attach(PRIMARY): worst=176.03u bone[1]='bone_R-middlefinger01.mesh' parent[13] R=48.1 exactJoint=59.97u pairs=30  (palette-wide exactWorst=117.62u)
[HANDS_ATTACH] mesh='hands_naked.mesh' owner='hands_naked.mesh' frame=4914 nb=38 wext=98.5 rebound=0
  TIER1 rest-coherence: worst=154.8deg bone[5]='bone_R-foreArm.mesh' count(>5deg)=8 freshRecap=0  xcheck(invOff-vs-restW) worst=154.8deg bone[5]
  TIER2 joint-attach(PRIMARY): worst=122.01u bone[8]='bone_R-index01.mesh' parent[13] R=48.0 exactJoint=62.57u pairs=30  (palette-wide exactWorst=63.90u)
[HANDS_ATTACH] mesh='hands_naked.mesh' owner='hands_naked.mesh' frame=4915 nb=40 wext=147.3 rebound=0
  TIER1 rest-coherence: worst=150.0deg bone[3]='bone_R-foreTwist1.mesh' count(>5deg)=6 freshRecap=0  xcheck(invOff-vs-restW) worst=150.0deg bone[3]
  TIER2 joint-attach(PRIMARY): worst=166.28u bone[21]='bone_R-ringfinger-base.mesh' parent[1] R=43.7 exactJoint=124.66u pairs=36  (palette-wide exactWorst=125.89u)
[HANDS_ATTACH] mesh='hands_naked.mesh' owner='hands_naked.mesh' frame=4924 nb=38 wext=154.7 rebound=0
  TIER1 rest-coherence: worst=104.9deg bone[29]='bone_L-hand.mesh' count(>5deg)=8 freshRecap=0  xcheck(invOff-vs-restW) worst=104.9deg bone[29]
  TIER2 joint-attach(PRIMARY): worst=177.61u bone[1]='bone_R-middlefinger01.mesh' parent[13] R=48.1 exactJoint=64.65u pairs=30  (palette-wide exactWorst=124.84u)
[HANDS_ATTACH] mesh='hands_naked.mesh' owner='hands_naked.mesh' frame=4924 nb=38 wext=100.4 rebound=0
  TIER1 rest-coherence: worst=162.2deg bone[5]='bone_R-foreArm.mesh' count(>5deg)=8 freshRecap=0  xcheck(invOff-vs-restW) worst=162.2deg bone[5]
  TIER2 joint-attach(PRIMARY): worst=129.17u bone[30]='bone_L-index01.mesh' parent[29] R=48.0 exactJoint=49.58u pairs=30  (palette-wide exactWorst=66.18u)
[HANDS_ATTACH] mesh='hands_naked.mesh' owner='hands_naked.mesh' frame=4925 nb=40 wext=147.1 rebound=0
  TIER1 rest-coherence: worst=150.0deg bone[3]='bone_R-foreTwist1.mesh' count(>5deg)=6 freshRecap=0  xcheck(invOff-vs-restW) worst=150.0deg bone[3]
  TIER2 joint-attach(PRIMARY): worst=167.07u bone[21]='bone_R-ringfinger-base.mesh' parent[1] R=43.7 exactJoint=126.15u pairs=36  (palette-wide exactWorst=127.37u)
[HANDS_ATTACH] mesh='hands_naked.mesh' owner='hands_naked.mesh' frame=4934 nb=38 wext=155.3 rebound=0
  TIER1 rest-coherence: worst=104.9deg bone[29]='bone_L-hand.mesh' count(>5deg)=8 freshRecap=0  xcheck(invOff-vs-restW) worst=104.9deg bone[29]
  TIER2 joint-attach(PRIMARY): worst=171.03u bone[1]='bone_R-middlefinger01.mesh' parent[13] R=48.1 exactJoint=66.52u pairs=30  (palette-wide exactWorst=123.28u)
[HANDS_ATTACH] mesh='hands_naked.mesh' owner='hands_naked.mesh' frame=4934 nb=38 wext=100.7 rebound=0
  TIER1 rest-coherence: worst=151.3deg bone[13]='bone_R-hand.mesh' count(>5deg)=8 freshRecap=0  xcheck(invOff-vs-restW) worst=151.3deg bone[13]
  TIER2 joint-attach(PRIMARY): worst=129.32u bone[30]='bone_L-index01.mesh' parent[29] R=48.0 exactJoint=49.51u pairs=30  (palette-wide exactWorst=67.67u)
[HANDS_ATTACH] mesh='hands_naked.mesh' owner='hands_naked.mesh' frame=4935 nb=40 wext=149.7 rebound=0
  TIER1 rest-coherence: worst=150.0deg bone[3]='bone_R-foreTwist1.mesh' count(>5deg)=6 freshRecap=0  xcheck(invOff-vs-restW) worst=150.0deg bone[3]
  TIER2 joint-attach(PRIMARY): worst=164.56u bone[21]='bone_R-ringfinger-base.mesh' parent[1] R=43.7 exactJoint=129.81u pairs=36  (palette-wide exactWorst=130.96u)
[HANDS_ATTACH] mesh='hands_naked.mesh' owner='hands_naked.mesh' frame=4944 nb=38 wext=155.2 rebound=0
  TIER1 rest-coherence: worst=104.9deg bone[29]='bone_L-hand.mesh' count(>5deg)=8 freshRecap=0  xcheck(invOff-vs-restW) worst=104.9deg bone[29]
  TIER2 joint-attach(PRIMARY): worst=182.90u bone[23]='bone_L-middlefinger01.mesh' parent[29] R=48.1 exactJoint=129.30u pairs=30  (palette-wide exactWorst=129.30u)
[HANDS_ATTACH] mesh='hands_naked.mesh' owner='hands_naked.mesh' frame=4944 nb=38 wext=97.8 rebound=0
  TIER1 rest-coherence: worst=149.6deg bone[5]='bone_R-foreArm.mesh' count(>5deg)=8 freshRecap=0  xcheck(invOff-vs-restW) worst=149.6deg bone[5]
  TIER2 joint-attach(PRIMARY): worst=132.42u bone[30]='bone_L-index01.mesh' parent[29] R=48.0 exactJoint=50.68u pairs=30  (palette-wide exactWorst=65.26u)
[HANDS_ATTACH] mesh='hands_naked.mesh' owner='hands_naked.mesh' frame=4945 nb=40 wext=151.0 rebound=0
  TIER1 rest-coherence: worst=150.0deg bone[3]='bone_R-foreTwist1.mesh' count(>5deg)=6 freshRecap=0  xcheck(invOff-vs-restW) worst=150.0deg bone[3]
  TIER2 joint-attach(PRIMARY): worst=151.87u bone[21]='bone_R-ringfinger-base.mesh' parent[1] R=43.7 exactJoint=135.27u pairs=36  (palette-wide exactWorst=136.22u)
[HANDS_ATTACH] mesh='hands_naked.mesh' owner='hands_naked.mesh' frame=4954 nb=38 wext=160.1 rebound=0
  TIER1 rest-coherence: worst=119.5deg bone[0]='bone_R-foreTwist1.mesh' count(>5deg)=8 freshRecap=0  xcheck(invOff-vs-restW) worst=119.5deg bone[0]
  TIER2 joint-attach(PRIMARY): worst=190.39u bone[1]='bone_R-middlefinger01.mesh' parent[13] R=48.1 exactJoint=69.77u pairs=30  (palette-wide exactWorst=134.41u)
[HANDS_ATTACH] mesh='hands_naked.mesh' owner='hands_naked.mesh' frame=4954 nb=38 wext=98.1 rebound=0
  TIER1 rest-coherence: worst=167.4deg bone[5]='bone_R-foreArm.mesh' count(>5deg)=8 freshRecap=0  xcheck(invOff-vs-restW) worst=167.4deg bone[5]
  TIER2 joint-attach(PRIMARY): worst=132.40u bone[30]='bone_L-index01.mesh' parent[29] R=48.0 exactJoint=51.65u pairs=30  (palette-wide exactWorst=62.58u)
[HANDS_ATTACH] mesh='hands_naked.mesh' owner='hands_naked.mesh' frame=4955 nb=40 wext=151.9 rebound=0
  TIER1 rest-coherence: worst=150.0deg bone[3]='bone_R-foreTwist1.mesh' count(>5deg)=6 freshRecap=0  xcheck(invOff-vs-restW) worst=150.0deg bone[3]
  TIER2 joint-attach(PRIMARY): worst=153.00u bone[37]='bone_L-ringfinger-base.mesh' parent[20] R=43.7 exactJoint=92.47u pairs=36  (palette-wide exactWorst=138.08u)
[HANDS_ATTACH] mesh='hands_naked.mesh' owner='hands_naked.mesh' frame=4964 nb=38 wext=165.6 rebound=0
  TIER1 rest-coherence: worst=118.7deg bone[0]='bone_R-foreTwist1.mesh' count(>5deg)=8 freshRecap=0  xcheck(invOff-vs-restW) worst=118.7deg bone[0]
  TIER2 joint-attach(PRIMARY): worst=190.17u bone[1]='bone_R-middlefinger01.mesh' parent[13] R=48.1 exactJoint=74.93u pairs=30  (palette-wide exactWorst=135.57u)
[HANDS_ATTACH] mesh='hands_naked.mesh' owner='hands_naked.mesh' frame=4964 nb=38 wext=99.0 rebound=0
  TIER1 rest-coherence: worst=174.4deg bone[5]='bone_R-foreArm.mesh' count(>5deg)=8 freshRecap=0  xcheck(invOff-vs-restW) worst=174.4deg bone[5]
  TIER2 joint-attach(PRIMARY): worst=122.14u bone[30]='bone_L-index01.mesh' parent[29] R=48.0 exactJoint=46.32u pairs=30  (palette-wide exactWorst=67.26u)
[HANDS_ATTACH] mesh='hands_naked.mesh' owner='hands_naked.mesh' frame=4965 nb=40 wext=150.1 rebound=0
  TIER1 rest-coherence: worst=152.8deg bone[1]='bone_R-hand.mesh' count(>5deg)=6 freshRecap=0  xcheck(invOff-vs-restW) worst=152.8deg bone[1]
  TIER2 joint-attach(PRIMARY): worst=151.97u bone[37]='bone_L-ringfinger-base.mesh' parent[20] R=43.7 exactJoint=92.51u pairs=36  (palette-wide exactWorst=131.79u)
[HANDS_ATTACH] mesh='hands_naked.mesh' owner='hands_naked.mesh' frame=4974 nb=38 wext=171.2 rebound=0
  TIER1 rest-coherence: worst=107.9deg bone[29]='bone_L-hand.mesh' count(>5deg)=8 freshRecap=0  xcheck(invOff-vs-restW) worst=107.9deg bone[29]
  TIER2 joint-attach(PRIMARY): worst=189.48u bone[1]='bone_R-middlefinger01.mesh' parent[13] R=48.1 exactJoint=84.70u pairs=30  (palette-wide exactWorst=136.58u)
[HANDS_ATTACH] mesh='hands_naked.mesh' owner='hands_naked.mesh' frame=4974 nb=38 wext=102.4 rebound=0
  TIER1 rest-coherence: worst=179.2deg bone[5]='bone_R-foreArm.mesh' count(>5deg)=8 freshRecap=0  xcheck(invOff-vs-restW) worst=179.2deg bone[5]
  TIER2 joint-attach(PRIMARY): worst=126.62u bone[30]='bone_L-index01.mesh' parent[29] R=48.0 exactJoint=49.61u pairs=30  (palette-wide exactWorst=69.78u)
[HANDS_ATTACH] mesh='hands_naked.mesh' owner='hands_naked.mesh' frame=4975 nb=40 wext=149.7 rebound=0
  TIER1 rest-coherence: worst=152.8deg bone[1]='bone_R-hand.mesh' count(>5deg)=6 freshRecap=0  xcheck(invOff-vs-restW) worst=152.8deg bone[1]
  TIER2 joint-attach(PRIMARY): worst=148.03u bone[37]='bone_L-ringfinger-base.mesh' parent[20] R=43.7 exactJoint=92.39u pairs=36  (palette-wide exactWorst=130.17u)
[HANDS_ATTACH] mesh='hands_naked.mesh' owner='hands_naked.mesh' frame=4984 nb=38 wext=176.1 rebound=0
  TIER1 rest-coherence: worst=107.9deg bone[29]='bone_L-hand.mesh' count(>5deg)=8 freshRecap=0  xcheck(invOff-vs-restW) worst=107.9deg bone[29]
  TIER2 joint-attach(PRIMARY): worst=188.05u bone[23]='bone_L-middlefinger01.mesh' parent[29] R=48.1 exactJoint=142.71u pairs=30  (palette-wide exactWorst=142.71u)
[HANDS_ATTACH] mesh='hands_naked.mesh' owner='hands_naked.mesh' frame=4984 nb=38 wext=97.4 rebound=0
  TIER1 rest-coherence: worst=175.0deg bone[13]='bone_R-hand.mesh' count(>5deg)=8 freshRecap=0  xcheck(invOff-vs-restW) worst=175.0deg bone[13]
  TIER2 joint-attach(PRIMARY): worst=126.93u bone[30]='bone_L-index01.mesh' parent[29] R=48.0 exactJoint=49.91u pairs=30  (palette-wide exactWorst=65.85u)
[HANDS_ATTACH] mesh='hands_naked.mesh' owner='hands_naked.mesh' frame=4985 nb=40 wext=151.8 rebound=0
  TIER1 rest-coherence: worst=151.8deg bone[3]='bone_R-foreTwist1.mesh' count(>5deg)=6 freshRecap=0  xcheck(invOff-vs-restW) worst=151.8deg bone[3]
  TIER2 joint-attach(PRIMARY): worst=154.06u bone[37]='bone_L-ringfinger-base.mesh' parent[20] R=43.7 exactJoint=94.81u pairs=36  (palette-wide exactWorst=131.50u)
[HANDS_ATTACH] mesh='hands_naked.mesh' owner='hands_naked.mesh' frame=4994 nb=38 wext=185.3 rebound=0
  TIER1 rest-coherence: worst=107.9deg bone[29]='bone_L-hand.mesh' count(>5deg)=8 freshRecap=0  xcheck(invOff-vs-restW) worst=107.9deg bone[29]
  TIER2 joint-attach(PRIMARY): worst=189.91u bone[23]='bone_L-middlefinger01.mesh' parent[29] R=48.1 exactJoint=150.48u pairs=30  (palette-wide exactWorst=150.48u)
[HANDS_ATTACH] mesh='hands_naked.mesh' owner='hands_naked.mesh' frame=4994 nb=38 wext=97.7 rebound=0
  TIER1 rest-coherence: worst=176.0deg bone[6]='bone_R-foreTwist2.mesh' count(>5deg)=8 freshRecap=0  xcheck(invOff-vs-restW) worst=176.0deg bone[0]
  TIER2 joint-attach(PRIMARY): worst=129.89u bone[30]='bone_L-index01.mesh' parent[29] R=48.0 exactJoint=48.94u pairs=30  (palette-wide exactWorst=67.02u)
[HANDS_ATTACH] mesh='hands_naked.mesh' owner='hands_naked.mesh' frame=4995 nb=40 wext=152.7 rebound=0
  TIER1 rest-coherence: worst=151.8deg bone[3]='bone_R-foreTwist1.mesh' count(>5deg)=6 freshRecap=0  xcheck(invOff-vs-restW) worst=151.8deg bone[3]
  TIER2 joint-attach(PRIMARY): worst=156.87u bone[37]='bone_L-ringfinger-base.mesh' parent[20] R=43.7 exactJoint=96.04u pairs=36  (palette-wide exactWorst=131.46u)
[HANDS_ATTACH] mesh='hands_naked.mesh' owner='hands_naked.mesh' frame=5004 nb=38 wext=180.2 rebound=0
  TIER1 rest-coherence: worst=126.8deg bone[29]='bone_L-hand.mesh' count(>5deg)=8 freshRecap=0  xcheck(invOff-vs-restW) worst=126.8deg bone[29]
  TIER2 joint-attach(PRIMARY): worst=199.74u bone[1]='bone_R-middlefinger01.mesh' parent[13] R=48.1 exactJoint=101.86u pairs=30  (palette-wide exactWorst=143.97u)
[HANDS_ATTACH] mesh='hands_naked.mesh' owner='hands_naked.mesh' frame=5004 nb=38 wext=99.3 rebound=0
  TIER1 rest-coherence: worst=179.1deg bone[13]='bone_R-hand.mesh' count(>5deg)=8 freshRecap=0  xcheck(invOff-vs-restW) worst=179.1deg bone[13]
  TIER2 joint-attach(PRIMARY): worst=122.55u bone[8]='bone_R-index01.mesh' parent[13] R=48.0 exactJoint=65.72u pairs=30  (palette-wide exactWorst=67.02u)
[HANDS_ATTACH] mesh='hands_naked.mesh' owner='hands_naked.mesh' frame=5005 nb=40 wext=153.4 rebound=0
  TIER1 rest-coherence: worst=151.8deg bone[3]='bone_R-foreTwist1.mesh' count(>5deg)=6 freshRecap=0  xcheck(invOff-vs-restW) worst=151.8deg bone[3]
  TIER2 joint-attach(PRIMARY): worst=164.68u bone[37]='bone_L-ringfinger-base.mesh' parent[20] R=43.7 exactJoint=98.56u pairs=36  (palette-wide exactWorst=129.16u)
[HANDS_ATTACH] mesh='hands_naked.mesh' owner='hands_naked.mesh' frame=5014 nb=38 wext=184.8 rebound=0
  TIER1 rest-coherence: worst=126.8deg bone[29]='bone_L-hand.mesh' count(>5deg)=8 freshRecap=0  xcheck(invOff-vs-restW) worst=126.8deg bone[29]
  TIER2 joint-attach(PRIMARY): worst=206.65u bone[1]='bone_R-middlefinger01.mesh' parent[13] R=48.1 exactJoint=104.33u pairs=30  (palette-wide exactWorst=140.36u)
[HANDS_ATTACH] mesh='hands_naked.mesh' owner='hands_naked.mesh' frame=5014 nb=38 wext=96.9 rebound=0
  TIER1 rest-coherence: worst=177.8deg bone[0]='bone_R-foreTwist1.mesh' count(>5deg)=8 freshRecap=0  xcheck(invOff-vs-restW) worst=177.8deg bone[0]
  TIER2 joint-attach(PRIMARY): worst=114.75u bone[30]='bone_L-index01.mesh' parent[29] R=48.0 exactJoint=46.41u pairs=30  (palette-wide exactWorst=66.20u)
[HANDS_ATTACH] mesh='hands_naked.mesh' owner='hands_naked.mesh' frame=5015 nb=40 wext=150.2 rebound=0
  TIER1 rest-coherence: worst=151.8deg bone[3]='bone_R-foreTwist1.mesh' count(>5deg)=6 freshRecap=0  xcheck(invOff-vs-restW) worst=151.8deg bone[3]
  TIER2 joint-attach(PRIMARY): worst=150.24u bone[21]='bone_R-ringfinger-base.mesh' parent[1] R=43.7 exactJoint=131.63u pairs=36  (palette-wide exactWorst=132.63u)
[HANDS_ATTACH] mesh='hands_naked.mesh' owner='hands_naked.mesh' frame=5024 nb=38 wext=185.0 rebound=0
  TIER1 rest-coherence: worst=126.8deg bone[29]='bone_L-hand.mesh' count(>5deg)=8 freshRecap=0  xcheck(invOff-vs-restW) worst=126.8deg bone[29]
  TIER2 joint-attach(PRIMARY): worst=202.68u bone[8]='bone_R-index01.mesh' parent[13] R=48.0 exactJoint=117.94u pairs=30  (palette-wide exactWorst=141.99u)
[HANDS_ATTACH] mesh='hands_naked.mesh' owner='hands_naked.mesh' frame=5024 nb=38 wext=101.2 rebound=0
  TIER1 rest-coherence: worst=177.5deg bone[0]='bone_R-foreTwist1.mesh' count(>5deg)=8 freshRecap=0  xcheck(invOff-vs-restW) worst=177.5deg bone[0]
  TIER2 joint-attach(PRIMARY): worst=127.13u bone[8]='bone_R-index01.mesh' parent[13] R=48.0 exactJoint=67.38u pairs=30  (palette-wide exactWorst=68.67u)
[HANDS_ATTACH] mesh='hands_naked.mesh' owner='hands_naked.mesh' frame=5025 nb=40 wext=149.2 rebound=0
  TIER1 rest-coherence: worst=151.8deg bone[3]='bone_R-foreTwist1.mesh' count(>5deg)=6 freshRecap=0  xcheck(invOff-vs-restW) worst=151.8deg bone[3]
  TIER2 joint-attach(PRIMARY): worst=149.38u bone[21]='bone_R-ringfinger-base.mesh' parent[1] R=43.7 exactJoint=131.35u pairs=36  (palette-wide exactWorst=132.33u)
[HANDS_ATTACH] mesh='hands_naked.mesh' owner='hands_naked.mesh' frame=5034 nb=38 wext=188.5 rebound=0
  TIER1 rest-coherence: worst=126.8deg bone[29]='bone_L-hand.mesh' count(>5deg)=8 freshRecap=0  xcheck(invOff-vs-restW) worst=126.8deg bone[29]
  TIER2 joint-attach(PRIMARY): worst=216.77u bone[1]='bone_R-middlefinger01.mesh' parent[13] R=48.1 exactJoint=125.01u pairs=30  (palette-wide exactWorst=142.42u)
[HANDS_ATTACH] mesh='hands_naked.mesh' owner='hands_naked.mesh' frame=5034 nb=38 wext=99.1 rebound=0
  TIER1 rest-coherence: worst=179.4deg bone[13]='bone_R-hand.mesh' count(>5deg)=8 freshRecap=0  xcheck(invOff-vs-restW) worst=179.4deg bone[13]
  TIER2 joint-attach(PRIMARY): worst=123.86u bone[30]='bone_L-index01.mesh' parent[29] R=48.0 exactJoint=48.66u pairs=30  (palette-wide exactWorst=67.35u)
[HANDS_ATTACH] mesh='hands_naked.mesh' owner='hands_naked.mesh' frame=5035 nb=40 wext=150.2 rebound=0
  TIER1 rest-coherence: worst=151.8deg bone[3]='bone_R-foreTwist1.mesh' count(>5deg)=6 freshRecap=0  xcheck(invOff-vs-restW) worst=151.8deg bone[3]
  TIER2 joint-attach(PRIMARY): worst=150.86u bone[21]='bone_R-ringfinger-base.mesh' parent[1] R=43.7 exactJoint=132.42u pairs=36  (palette-wide exactWorst=133.40u)
[HANDS_ATTACH] mesh='hands_naked.mesh' owner='hands_naked.mesh' frame=5044 nb=38 wext=188.1 rebound=0
  TIER1 rest-coherence: worst=126.8deg bone[29]='bone_L-hand.mesh' count(>5deg)=8 freshRecap=0  xcheck(invOff-vs-restW) worst=126.8deg bone[29]
  TIER2 joint-attach(PRIMARY): worst=204.31u bone[8]='bone_R-index01.mesh' parent[13] R=48.0 exactJoint=125.54u pairs=30  (palette-wide exactWorst=140.63u)
[HANDS_ATTACH] mesh='hands_naked.mesh' owner='hands_naked.mesh' frame=5044 nb=38 wext=105.4 rebound=0
  TIER1 rest-coherence: worst=174.8deg bone[0]='bone_R-foreTwist1.mesh' count(>5deg)=8 freshRecap=0  xcheck(invOff-vs-restW) worst=174.8deg bone[0]
  TIER2 joint-attach(PRIMARY): worst=120.42u bone[30]='bone_L-index01.mesh' parent[29] R=48.0 exactJoint=48.56u pairs=30  (palette-wide exactWorst=63.08u)
[HANDS_ATTACH] mesh='hands_naked.mesh' owner='hands_naked.mesh' frame=5045 nb=40 wext=148.7 rebound=0
  TIER1 rest-coherence: worst=151.8deg bone[3]='bone_R-foreTwist1.mesh' count(>5deg)=6 freshRecap=0  xcheck(invOff-vs-restW) worst=151.8deg bone[3]
  TIER2 joint-attach(PRIMARY): worst=151.64u bone[37]='bone_L-ringfinger-base.mesh' parent[20] R=43.7 exactJoint=91.17u pairs=36  (palette-wide exactWorst=132.66u)
[HANDS_ATTACH] mesh='hands_naked.mesh' owner='hands_naked.mesh' frame=5054 nb=38 wext=188.1 rebound=0
  TIER1 rest-coherence: worst=126.8deg bone[29]='bone_L-hand.mesh' count(>5deg)=8 freshRecap=0  xcheck(invOff-vs-restW) worst=126.8deg bone[29]
  TIER2 joint-attach(PRIMARY): worst=193.87u bone[8]='bone_R-index01.mesh' parent[13] R=48.0 exactJoint=126.89u pairs=30  (palette-wide exactWorst=138.92u)
[HANDS_ATTACH] mesh='hands_naked.mesh' owner='hands_naked.mesh' frame=5054 nb=38 wext=105.8 rebound=0
  TIER1 rest-coherence: worst=179.0deg bone[13]='bone_R-hand.mesh' count(>5deg)=8 freshRecap=0  xcheck(invOff-vs-restW) worst=179.0deg bone[13]
  TIER2 joint-attach(PRIMARY): worst=120.53u bone[30]='bone_L-index01.mesh' parent[29] R=48.0 exactJoint=48.81u pairs=30  (palette-wide exactWorst=67.36u)
[HANDS_ATTACH] mesh='hands_naked.mesh' owner='hands_naked.mesh' frame=5055 nb=40 wext=145.3 rebound=0
  TIER1 rest-coherence: worst=151.8deg bone[3]='bone_R-foreTwist1.mesh' count(>5deg)=6 freshRecap=0  xcheck(invOff-vs-restW) worst=151.8deg bone[3]
  TIER2 joint-attach(PRIMARY): worst=148.46u bone[37]='bone_L-ringfinger-base.mesh' parent[20] R=43.7 exactJoint=90.46u pairs=36  (palette-wide exactWorst=131.38u)
[HANDS_ATTACH] mesh='hands_naked.mesh' owner='hands_naked.mesh' frame=5064 nb=38 wext=185.2 rebound=0
  TIER1 rest-coherence: worst=126.8deg bone[29]='bone_L-hand.mesh' count(>5deg)=8 freshRecap=0  xcheck(invOff-vs-restW) worst=126.8deg bone[29]
  TIER2 joint-attach(PRIMARY): worst=192.97u bone[8]='bone_R-index01.mesh' parent[13] R=48.0 exactJoint=123.30u pairs=30  (palette-wide exactWorst=135.24u)
[HANDS_ATTACH] mesh='hands_naked.mesh' owner='hands_naked.mesh' frame=5064 nb=38 wext=106.2 rebound=0
  TIER1 rest-coherence: worst=179.0deg bone[13]='bone_R-hand.mesh' count(>5deg)=8 freshRecap=0  xcheck(invOff-vs-restW) worst=179.0deg bone[13]
  TIER2 joint-attach(PRIMARY): worst=125.31u bone[8]='bone_R-index01.mesh' parent[13] R=48.0 exactJoint=66.56u pairs=30  (palette-wide exactWorst=67.90u)
[HANDS_ATTACH] mesh='hands_naked.mesh' owner='hands_naked.mesh' frame=5065 nb=40 wext=149.4 rebound=0
  TIER1 rest-coherence: worst=161.2deg bone[20]='bone_L-hand.mesh' count(>5deg)=6 freshRecap=0  xcheck(invOff-vs-restW) worst=161.2deg bone[20]
  TIER2 joint-attach(PRIMARY): worst=147.34u bone[37]='bone_L-ringfinger-base.mesh' parent[20] R=43.7 exactJoint=90.07u pairs=36  (palette-wide exactWorst=133.58u)
[HANDS_ATTACH] mesh='hands_naked.mesh' owner='hands_naked.mesh' frame=5074 nb=38 wext=181.4 rebound=0
  TIER1 rest-coherence: worst=126.8deg bone[29]='bone_L-hand.mesh' count(>5deg)=8 freshRecap=0  xcheck(invOff-vs-restW) worst=126.8deg bone[29]
  TIER2 joint-attach(PRIMARY): worst=185.69u bone[8]='bone_R-index01.mesh' parent[13] R=48.0 exactJoint=117.50u pairs=30  (palette-wide exactWorst=128.62u)
[HANDS_ATTACH] mesh='hands_naked.mesh' owner='hands_naked.mesh' frame=5074 nb=38 wext=100.7 rebound=0
  TIER1 rest-coherence: worst=179.0deg bone[13]='bone_R-hand.mesh' count(>5deg)=8 freshRecap=0  xcheck(invOff-vs-restW) worst=179.0deg bone[13]
  TIER2 joint-attach(PRIMARY): worst=125.69u bone[8]='bone_R-index01.mesh' parent[13] R=48.0 exactJoint=65.48u pairs=30  (palette-wide exactWorst=66.84u)
[HANDS_ATTACH] mesh='hands_naked.mesh' owner='hands_naked.mesh' frame=5075 nb=40 wext=146.4 rebound=0
  TIER1 rest-coherence: worst=150.4deg bone[20]='bone_L-hand.mesh' count(>5deg)=6 freshRecap=0  xcheck(invOff-vs-restW) worst=150.4deg bone[20]
  TIER2 joint-attach(PRIMARY): worst=154.84u bone[21]='bone_R-ringfinger-base.mesh' parent[1] R=43.7 exactJoint=126.77u pairs=36  (palette-wide exactWorst=127.86u)
[HANDS_ATTACH] mesh='hands_naked.mesh' owner='hands_naked.mesh' frame=5084 nb=38 wext=176.4 rebound=0
  TIER1 rest-coherence: worst=106.7deg bone[29]='bone_L-hand.mesh' count(>5deg)=8 freshRecap=0  xcheck(invOff-vs-restW) worst=106.7deg bone[29]
  TIER2 joint-attach(PRIMARY): worst=183.07u bone[30]='bone_L-index01.mesh' parent[29] R=48.0 exactJoint=133.19u pairs=30  (palette-wide exactWorst=134.43u)
[HANDS_ATTACH] mesh='hands_naked.mesh' owner='hands_naked.mesh' frame=5084 nb=38 wext=99.2 rebound=0
  TIER1 rest-coherence: worst=175.6deg bone[13]='bone_R-hand.mesh' count(>5deg)=8 freshRecap=0  xcheck(invOff-vs-restW) worst=175.6deg bone[13]
  TIER2 joint-attach(PRIMARY): worst=126.26u bone[30]='bone_L-index01.mesh' parent[29] R=48.0 exactJoint=51.36u pairs=30  (palette-wide exactWorst=65.85u)
[HANDS_ATTACH] mesh='hands_naked.mesh' owner='hands_naked.mesh' frame=5085 nb=40 wext=136.8 rebound=0
  TIER1 rest-coherence: worst=150.2deg bone[2]='bone_R-foreTwist2.mesh' count(>5deg)=6 freshRecap=0  xcheck(invOff-vs-restW) worst=150.2deg bone[3]
  TIER2 joint-attach(PRIMARY): worst=163.37u bone[21]='bone_R-ringfinger-base.mesh' parent[1] R=43.7 exactJoint=116.79u pairs=36  (palette-wide exactWorst=117.97u)
[HANDS_ATTACH] mesh='hands_naked.mesh' owner='hands_naked.mesh' frame=5094 nb=38 wext=143.7 rebound=0
  TIER1 rest-coherence: worst=120.6deg bone[20]='bone_L-foreTwist2.mesh' count(>5deg)=8 freshRecap=0  xcheck(invOff-vs-restW) worst=120.6deg bone[20]
  TIER2 joint-attach(PRIMARY): worst=155.68u bone[8]='bone_R-index01.mesh' parent[13] R=48.0 exactJoint=91.15u pairs=30  (palette-wide exactWorst=92.73u)
[HANDS_ATTACH] mesh='hands_naked.mesh' owner='hands_naked.mesh' frame=5094 nb=38 wext=126.3 rebound=0
  TIER1 rest-coherence: worst=177.5deg bone[13]='bone_R-hand.mesh' count(>5deg)=8 freshRecap=0  xcheck(invOff-vs-restW) worst=177.5deg bone[13]
  TIER2 joint-attach(PRIMARY): worst=101.12u bone[8]='bone_R-index01.mesh' parent[13] R=48.0 exactJoint=102.60u pairs=30  (palette-wide exactWorst=103.41u)
[HANDS_ATTACH] mesh='hands_naked.mesh' owner='hands_naked.mesh' frame=5095 nb=40 wext=119.4 rebound=0
  TIER1 rest-coherence: worst=90.5deg bone[8]='bone_L-foreTwist1.mesh' count(>5deg)=6 freshRecap=0  xcheck(invOff-vs-restW) worst=90.5deg bone[8]
  TIER2 joint-attach(PRIMARY): worst=146.25u bone[37]='bone_L-ringfinger-base.mesh' parent[20] R=43.7 exactJoint=83.62u pairs=36  (palette-wide exactWorst=84.71u)
[HANDS_ATTACH] mesh='hands_naked.mesh' owner='hands_naked.mesh' frame=5104 nb=38 wext=134.3 rebound=0
  TIER1 rest-coherence: worst=108.4deg bone[20]='bone_L-foreTwist2.mesh' count(>5deg)=8 freshRecap=0  xcheck(invOff-vs-restW) worst=108.4deg bone[28]
  TIER2 joint-attach(PRIMARY): worst=143.51u bone[8]='bone_R-index01.mesh' parent[13] R=48.0 exactJoint=81.16u pairs=30  (palette-wide exactWorst=82.75u)
[HANDS_ATTACH] mesh='hands_naked.mesh' owner='hands_naked.mesh' frame=5104 nb=38 wext=124.8 rebound=0
  TIER1 rest-coherence: worst=160.1deg bone[13]='bone_R-hand.mesh' count(>5deg)=8 freshRecap=0  xcheck(invOff-vs-restW) worst=160.1deg bone[13]
  TIER2 joint-attach(PRIMARY): worst=102.39u bone[8]='bone_R-index01.mesh' parent[13] R=48.0 exactJoint=102.19u pairs=30  (palette-wide exactWorst=103.04u)
[HANDS_ATTACH] mesh='hands_naked.mesh' owner='hands_naked.mesh' frame=5105 nb=40 wext=112.0 rebound=0
  TIER1 rest-coherence: worst=112.7deg bone[20]='bone_L-hand.mesh' count(>5deg)=6 freshRecap=0  xcheck(invOff-vs-restW) worst=112.7deg bone[20]
  TIER2 joint-attach(PRIMARY): worst=137.49u bone[21]='bone_R-ringfinger-base.mesh' parent[1] R=43.7 exactJoint=69.06u pairs=36  (palette-wide exactWorst=74.45u)
[HANDS_ATTACH] mesh='hands_naked.mesh' owner='hands_naked.mesh' frame=5114 nb=38 wext=133.4 rebound=0
  TIER1 rest-coherence: worst=108.4deg bone[20]='bone_L-foreTwist2.mesh' count(>5deg)=8 freshRecap=0  xcheck(invOff-vs-restW) worst=108.4deg bone[28]
  TIER2 joint-attach(PRIMARY): worst=137.72u bone[8]='bone_R-index01.mesh' parent[13] R=48.0 exactJoint=80.10u pairs=30  (palette-wide exactWorst=81.72u)
[HANDS_ATTACH] mesh='hands_naked.mesh' owner='hands_naked.mesh' frame=5114 nb=38 wext=126.8 rebound=0
  TIER1 rest-coherence: worst=179.6deg bone[0]='bone_R-foreTwist1.mesh' count(>5deg)=8 freshRecap=0  xcheck(invOff-vs-restW) worst=179.6deg bone[0]
  TIER2 joint-attach(PRIMARY): worst=104.77u bone[8]='bone_R-index01.mesh' parent[13] R=48.0 exactJoint=102.81u pairs=30  (palette-wide exactWorst=103.71u)
[HANDS_ATTACH] mesh='hands_naked.mesh' owner='hands_naked.mesh' frame=5115 nb=40 wext=108.8 rebound=0
  TIER1 rest-coherence: worst=109.9deg bone[20]='bone_L-hand.mesh' count(>5deg)=6 freshRecap=0  xcheck(invOff-vs-restW) worst=109.9deg bone[20]
  TIER2 joint-attach(PRIMARY): worst=127.41u bone[21]='bone_R-ringfinger-base.mesh' parent[1] R=43.7 exactJoint=64.60u pairs=36  (palette-wide exactWorst=70.32u)
[HANDS_ATTACH] mesh='hands_naked.mesh' owner='hands_naked.mesh' frame=5124 nb=38 wext=126.3 rebound=0
  TIER1 rest-coherence: worst=144.8deg bone[29]='bone_L-hand.mesh' count(>5deg)=8 freshRecap=0  xcheck(invOff-vs-restW) worst=144.8deg bone[29]
  TIER2 joint-attach(PRIMARY): worst=145.70u bone[30]='bone_L-index01.mesh' parent[29] R=48.0 exactJoint=71.55u pairs=30  (palette-wide exactWorst=75.05u)
[HANDS_ATTACH] mesh='hands_naked.mesh' owner='hands_naked.mesh' frame=5124 nb=38 wext=126.6 rebound=0
  TIER1 rest-coherence: worst=179.6deg bone[0]='bone_R-foreTwist1.mesh' count(>5deg)=8 freshRecap=0  xcheck(invOff-vs-restW) worst=179.6deg bone[0]
  TIER2 joint-attach(PRIMARY): worst=107.57u bone[8]='bone_R-index01.mesh' parent[13] R=48.0 exactJoint=102.79u pairs=30  (palette-wide exactWorst=103.72u)
[HANDS_ATTACH] mesh='hands_naked.mesh' owner='hands_naked.mesh' frame=5125 nb=40 wext=110.6 rebound=0
  TIER1 rest-coherence: worst=89.0deg bone[20]='bone_L-hand.mesh' count(>5deg)=6 freshRecap=0  xcheck(invOff-vs-restW) worst=89.0deg bone[20]
  TIER2 joint-attach(PRIMARY): worst=123.28u bone[11]='bone_R-pinky-base.mesh' parent[1] R=43.6 exactJoint=67.42u pairs=36  (palette-wide exactWorst=67.42u)
[HANDS_ATTACH] mesh='hands_naked.mesh' owner='hands_naked.mesh' frame=5134 nb=38 wext=121.1 rebound=0
  TIER1 rest-coherence: worst=144.8deg bone[29]='bone_L-hand.mesh' count(>5deg)=8 freshRecap=0  xcheck(invOff-vs-restW) worst=144.8deg bone[29]
  TIER2 joint-attach(PRIMARY): worst=141.10u bone[30]='bone_L-index01.mesh' parent[29] R=48.0 exactJoint=70.49u pairs=30  (palette-wide exactWorst=72.16u)
[HANDS_ATTACH] mesh='hands_naked.mesh' owner='hands_naked.mesh' frame=5134 nb=38 wext=121.3 rebound=0
  TIER1 rest-coherence: worst=168.1deg bone[0]='bone_R-foreTwist1.mesh' count(>5deg)=8 freshRecap=0  xcheck(invOff-vs-restW) worst=168.1deg bone[0]
  TIER2 joint-attach(PRIMARY): worst=105.38u bone[8]='bone_R-index01.mesh' parent[13] R=48.0 exactJoint=99.18u pairs=30  (palette-wide exactWorst=100.17u)
[HANDS_ATTACH] mesh='hands_naked.mesh' owner='hands_naked.mesh' frame=5135 nb=40 wext=101.8 rebound=0
  TIER1 rest-coherence: worst=101.5deg bone[2]='bone_R-foreTwist2.mesh' count(>5deg)=6 freshRecap=0  xcheck(invOff-vs-restW) worst=101.5deg bone[2]
  TIER2 joint-attach(PRIMARY): worst=129.11u bone[21]='bone_R-ringfinger-base.mesh' parent[1] R=43.7 exactJoint=60.00u pairs=36  (palette-wide exactWorst=61.88u)
[HANDS_ATTACH] mesh='hands_naked.mesh' owner='hands_naked.mesh' frame=5144 nb=38 wext=118.8 rebound=0
  TIER1 rest-coherence: worst=110.3deg bone[28]='bone_L-foreTwist1.mesh' count(>5deg)=8 freshRecap=0  xcheck(invOff-vs-restW) worst=110.3deg bone[20]
  TIER2 joint-attach(PRIMARY): worst=117.84u bone[23]='bone_L-middlefinger01.mesh' parent[29] R=48.1 exactJoint=72.81u pairs=30  (palette-wide exactWorst=72.81u)
[HANDS_ATTACH] mesh='hands_naked.mesh' owner='hands_naked.mesh' frame=5144 nb=38 wext=128.4 rebound=0
  TIER1 rest-coherence: worst=168.1deg bone[0]='bone_R-foreTwist1.mesh' count(>5deg)=8 freshRecap=0  xcheck(invOff-vs-restW) worst=168.1deg bone[0]
  TIER2 joint-attach(PRIMARY): worst=101.04u bone[8]='bone_R-index01.mesh' parent[13] R=48.0 exactJoint=104.05u pairs=30  (palette-wide exactWorst=104.92u)
[HANDS_ATTACH] mesh='hands_naked.mesh' owner='hands_naked.mesh' frame=5145 nb=40 wext=100.1 rebound=0
  TIER1 rest-coherence: worst=101.5deg bone[2]='bone_R-foreTwist2.mesh' count(>5deg)=6 freshRecap=0  xcheck(invOff-vs-restW) worst=101.5deg bone[2]
  TIER2 joint-attach(PRIMARY): worst=130.08u bone[21]='bone_R-ringfinger-base.mesh' parent[1] R=43.7 exactJoint=56.12u pairs=36  (palette-wide exactWorst=69.08u)
[HANDS_ATTACH] mesh='hands_naked.mesh' owner='hands_naked.mesh' frame=5154 nb=38 wext=117.4 rebound=0
  TIER1 rest-coherence: worst=110.3deg bone[28]='bone_L-foreTwist1.mesh' count(>5deg)=8 freshRecap=0  xcheck(invOff-vs-restW) worst=110.3deg bone[20]
  TIER2 joint-attach(PRIMARY): worst=119.76u bone[23]='bone_L-middlefinger01.mesh' parent[29] R=48.1 exactJoint=73.46u pairs=30  (palette-wide exactWorst=73.46u)
[HANDS_ATTACH] mesh='hands_naked.mesh' owner='hands_naked.mesh' frame=5154 nb=38 wext=126.8 rebound=0
  TIER1 rest-coherence: worst=178.0deg bone[0]='bone_R-foreTwist1.mesh' count(>5deg)=8 freshRecap=0  xcheck(invOff-vs-restW) worst=178.0deg bone[6]
  TIER2 joint-attach(PRIMARY): worst=98.88u bone[30]='bone_L-index01.mesh' parent[29] R=48.0 exactJoint=20.61u pairs=30  (palette-wide exactWorst=104.31u)
[HANDS_ATTACH] mesh='hands_naked.mesh' owner='hands_naked.mesh' frame=5155 nb=40 wext=100.2 rebound=0
  TIER1 rest-coherence: worst=84.4deg bone[26]='bone_L-foreTwist2.mesh' count(>5deg)=6 freshRecap=0  xcheck(invOff-vs-restW) worst=84.4deg bone[8]
  TIER2 joint-attach(PRIMARY): worst=142.98u bone[37]='bone_L-ringfinger-base.mesh' parent[20] R=43.7 exactJoint=73.74u pairs=36  (palette-wide exactWorst=74.82u)
[HANDS_ATTACH] mesh='hands_naked.mesh' owner='hands_naked.mesh' frame=5164 nb=38 wext=117.1 rebound=0
  TIER1 rest-coherence: worst=110.9deg bone[0]='bone_R-foreTwist1.mesh' count(>5deg)=8 freshRecap=0  xcheck(invOff-vs-restW) worst=110.9deg bone[0]
  TIER2 joint-attach(PRIMARY): worst=105.54u bone[23]='bone_L-middlefinger01.mesh' parent[29] R=48.1 exactJoint=72.01u pairs=30  (palette-wide exactWorst=72.01u)
[HANDS_ATTACH] mesh='hands_naked.mesh' owner='hands_naked.mesh' frame=5164 nb=38 wext=122.5 rebound=0
  TIER1 rest-coherence: worst=171.7deg bone[13]='bone_R-hand.mesh' count(>5deg)=8 freshRecap=0  xcheck(invOff-vs-restW) worst=171.7deg bone[13]
  TIER2 joint-attach(PRIMARY): worst=100.03u bone[8]='bone_R-index01.mesh' parent[13] R=48.0 exactJoint=100.65u pairs=30  (palette-wide exactWorst=101.49u)
[HANDS_ATTACH] mesh='hands_naked.mesh' owner='hands_naked.mesh' frame=5165 nb=40 wext=101.0 rebound=0
  TIER1 rest-coherence: worst=84.4deg bone[26]='bone_L-foreTwist2.mesh' count(>5deg)=6 freshRecap=0  xcheck(invOff-vs-restW) worst=84.4deg bone[8]
  TIER2 joint-attach(PRIMARY): worst=150.98u bone[37]='bone_L-ringfinger-base.mesh' parent[20] R=43.7 exactJoint=79.90u pairs=36  (palette-wide exactWorst=80.86u)
[HANDS_ATTACH] mesh='hands_naked.mesh' owner='hands_naked.mesh' frame=5174 nb=38 wext=114.8 rebound=0
  TIER1 rest-coherence: worst=134.7deg bone[0]='bone_R-foreTwist1.mesh' count(>5deg)=8 freshRecap=0  xcheck(invOff-vs-restW) worst=134.7deg bone[0]
  TIER2 joint-attach(PRIMARY): worst=86.00u bone[23]='bone_L-middlefinger01.mesh' parent[29] R=48.1 exactJoint=67.92u pairs=30  (palette-wide exactWorst=67.92u)
[HANDS_ATTACH] mesh='hands_naked.mesh' owner='hands_naked.mesh' frame=5174 nb=38 wext=129.5 rebound=0
  TIER1 rest-coherence: worst=176.0deg bone[0]='bone_R-foreTwist1.mesh' count(>5deg)=8 freshRecap=0  xcheck(invOff-vs-restW) worst=176.0deg bone[0]
  TIER2 joint-attach(PRIMARY): worst=102.83u bone[8]='bone_R-index01.mesh' parent[13] R=48.0 exactJoint=104.33u pairs=30  (palette-wide exactWorst=105.14u)
[HANDS_ATTACH] mesh='hands_naked.mesh' owner='hands_naked.mesh' frame=5175 nb=40 wext=102.0 rebound=0
  TIER1 rest-coherence: worst=84.4deg bone[26]='bone_L-foreTwist2.mesh' count(>5deg)=6 freshRecap=0  xcheck(invOff-vs-restW) worst=84.4deg bone[8]
  TIER2 joint-attach(PRIMARY): worst=152.49u bone[37]='bone_L-ringfinger-base.mesh' parent[20] R=43.7 exactJoint=82.03u pairs=36  (palette-wide exactWorst=82.93u)
[HANDS_ATTACH] mesh='hands_naked.mesh' owner='hands_naked.mesh' frame=5184 nb=38 wext=106.4 rebound=0
  TIER1 rest-coherence: worst=143.6deg bone[20]='bone_L-foreTwist2.mesh' count(>5deg)=8 freshRecap=0  xcheck(invOff-vs-restW) worst=143.6deg bone[20]
  TIER2 joint-attach(PRIMARY): worst=59.93u bone[1]='bone_R-middlefinger01.mesh' parent[13] R=48.1 exactJoint=43.02u pairs=30  (palette-wide exactWorst=54.08u)
[HANDS_ATTACH] mesh='hands_naked.mesh' owner='hands_naked.mesh' frame=5184 nb=38 wext=123.9 rebound=0
  TIER1 rest-coherence: worst=176.0deg bone[0]='bone_R-foreTwist1.mesh' count(>5deg)=8 freshRecap=0  xcheck(invOff-vs-restW) worst=176.0deg bone[0]
  TIER2 joint-attach(PRIMARY): worst=101.63u bone[8]='bone_R-index01.mesh' parent[13] R=48.0 exactJoint=101.21u pairs=30  (palette-wide exactWorst=102.09u)
[HANDS_ATTACH] mesh='hands_naked.mesh' owner='hands_naked.mesh' frame=5185 nb=40 wext=100.7 rebound=0
  TIER1 rest-coherence: worst=84.4deg bone[26]='bone_L-foreTwist2.mesh' count(>5deg)=6 freshRecap=0  xcheck(invOff-vs-restW) worst=84.4deg bone[8]
  TIER2 joint-attach(PRIMARY): worst=151.19u bone[37]='bone_L-ringfinger-base.mesh' parent[20] R=43.7 exactJoint=79.50u pairs=36  (palette-wide exactWorst=80.49u)
[HANDS_ATTACH] mesh='hands_naked.mesh' owner='hands_naked.mesh' frame=5194 nb=38 wext=108.7 rebound=0
  TIER1 rest-coherence: worst=134.7deg bone[0]='bone_R-foreTwist1.mesh' count(>5deg)=8 freshRecap=0  xcheck(invOff-vs-restW) worst=134.7deg bone[0]
  TIER2 joint-attach(PRIMARY): worst=66.60u bone[23]='bone_L-middlefinger01.mesh' parent[29] R=48.1 exactJoint=58.25u pairs=30  (palette-wide exactWorst=58.25u)
[HANDS_ATTACH] mesh='hands_naked.mesh' owner='hands_naked.mesh' frame=5194 nb=38 wext=123.9 rebound=0
  TIER1 rest-coherence: worst=176.0deg bone[0]='bone_R-foreTwist1.mesh' count(>5deg)=8 freshRecap=0  xcheck(invOff-vs-restW) worst=176.0deg bone[0]
  TIER2 joint-attach(PRIMARY): worst=101.29u bone[8]='bone_R-index01.mesh' parent[13] R=48.0 exactJoint=101.33u pairs=30  (palette-wide exactWorst=102.20u)
[HANDS_ATTACH] mesh='hands_naked.mesh' owner='hands_naked.mesh' frame=5195 nb=40 wext=102.1 rebound=0
  TIER1 rest-coherence: worst=84.4deg bone[26]='bone_L-foreTwist2.mesh' count(>5deg)=6 freshRecap=0  xcheck(invOff-vs-restW) worst=84.4deg bone[8]
  TIER2 joint-attach(PRIMARY): worst=146.35u bone[37]='bone_L-ringfinger-base.mesh' parent[20] R=43.7 exactJoint=73.59u pairs=36  (palette-wide exactWorst=74.71u)
[HANDS_ATTACH] mesh='hands_naked.mesh' owner='hands_naked.mesh' frame=5204 nb=38 wext=108.4 rebound=0
  TIER1 rest-coherence: worst=134.7deg bone[0]='bone_R-foreTwist1.mesh' count(>5deg)=8 freshRecap=0  xcheck(invOff-vs-restW) worst=134.7deg bone[0]
  TIER2 joint-attach(PRIMARY): worst=74.96u bone[1]='bone_R-middlefinger01.mesh' parent[13] R=48.1 exactJoint=36.79u pairs=30  (palette-wide exactWorst=57.06u)
[HANDS_ATTACH] mesh='hands_naked.mesh' owner='hands_naked.mesh' frame=5204 nb=38 wext=124.5 rebound=0
  TIER1 rest-coherence: worst=176.0deg bone[0]='bone_R-foreTwist1.mesh' count(>5deg)=8 freshRecap=0  xcheck(invOff-vs-restW) worst=176.0deg bone[0]
  TIER2 joint-attach(PRIMARY): worst=98.79u bone[8]='bone_R-index01.mesh' parent[13] R=48.0 exactJoint=101.79u pairs=30  (palette-wide exactWorst=102.61u)
[HANDS_ATTACH] mesh='hands_naked.mesh' owner='hands_naked.mesh' frame=5205 nb=40 wext=98.0 rebound=0
  TIER1 rest-coherence: worst=84.4deg bone[26]='bone_L-foreTwist2.mesh' count(>5deg)=6 freshRecap=0  xcheck(invOff-vs-restW) worst=84.4deg bone[8]
  TIER2 joint-attach(PRIMARY): worst=148.18u bone[21]='bone_R-ringfinger-base.mesh' parent[1] R=43.7 exactJoint=53.71u pairs=36  (palette-wide exactWorst=68.53u)
[HANDS_ATTACH] mesh='hands_naked.mesh' owner='hands_naked.mesh' frame=5214 nb=38 wext=108.2 rebound=0
  TIER1 rest-coherence: worst=147.3deg bone[28]='bone_L-foreTwist1.mesh' count(>5deg)=8 freshRecap=0  xcheck(invOff-vs-restW) worst=147.3deg bone[20]
  TIER2 joint-attach(PRIMARY): worst=74.78u bone[9]='bone_R-thumb01.mesh' parent[13] R=48.5 exactJoint=37.94u pairs=30  (palette-wide exactWorst=57.98u)
[HANDS_ATTACH] mesh='hands_naked.mesh' owner='hands_naked.mesh' frame=5214 nb=38 wext=125.7 rebound=0
  TIER1 rest-coherence: worst=177.2deg bone[5]='bone_R-foreArm.mesh' count(>5deg)=8 freshRecap=0  xcheck(invOff-vs-restW) worst=177.2deg bone[5]
  TIER2 joint-attach(PRIMARY): worst=97.58u bone[8]='bone_R-index01.mesh' parent[13] R=48.0 exactJoint=101.18u pairs=30  (palette-wide exactWorst=101.92u)
[HANDS_ATTACH] mesh='hands_naked.mesh' owner='hands_naked.mesh' frame=5215 nb=40 wext=94.5 rebound=0
  TIER1 rest-coherence: worst=103.1deg bone[2]='bone_R-foreTwist2.mesh' count(>5deg)=6 freshRecap=0  xcheck(invOff-vs-restW) worst=103.1deg bone[3]
  TIER2 joint-attach(PRIMARY): worst=148.76u bone[21]='bone_R-ringfinger-base.mesh' parent[1] R=43.7 exactJoint=54.63u pairs=36  (palette-wide exactWorst=63.85u)
[HANDS_ATTACH] mesh='hands_naked.mesh' owner='hands_naked.mesh' frame=5224 nb=38 wext=103.8 rebound=0
  TIER1 rest-coherence: worst=133.0deg bone[20]='bone_L-foreTwist2.mesh' count(>5deg)=8 freshRecap=0  xcheck(invOff-vs-restW) worst=133.0deg bone[20]
  TIER2 joint-attach(PRIMARY): worst=78.83u bone[23]='bone_L-middlefinger01.mesh' parent[29] R=48.1 exactJoint=58.56u pairs=30  (palette-wide exactWorst=58.56u)
[HANDS_ATTACH] mesh='hands_naked.mesh' owner='hands_naked.mesh' frame=5224 nb=38 wext=124.0 rebound=0
  TIER1 rest-coherence: worst=177.2deg bone[5]='bone_R-foreArm.mesh' count(>5deg)=8 freshRecap=0  xcheck(invOff-vs-restW) worst=177.2deg bone[5]
  TIER2 joint-attach(PRIMARY): worst=103.96u bone[30]='bone_L-index01.mesh' parent[29] R=48.0 exactJoint=23.57u pairs=30  (palette-wide exactWorst=102.20u)
[HANDS_ATTACH] mesh='hands_naked.mesh' owner='hands_naked.mesh' frame=5225 nb=40 wext=94.6 rebound=0
  TIER1 rest-coherence: worst=103.1deg bone[2]='bone_R-foreTwist2.mesh' count(>5deg)=6 freshRecap=0  xcheck(invOff-vs-restW) worst=103.1deg bone[3]
  TIER2 joint-attach(PRIMARY): worst=144.37u bone[21]='bone_R-ringfinger-base.mesh' parent[1] R=43.7 exactJoint=54.23u pairs=36  (palette-wide exactWorst=62.81u)
[HANDS_ATTACH] mesh='hands_naked.mesh' owner='hands_naked.mesh' frame=5234 nb=38 wext=106.7 rebound=0
  TIER1 rest-coherence: worst=131.7deg bone[0]='bone_R-foreTwist1.mesh' count(>5deg)=8 freshRecap=0  xcheck(invOff-vs-restW) worst=131.7deg bone[0]
  TIER2 joint-attach(PRIMARY): worst=71.63u bone[23]='bone_L-middlefinger01.mesh' parent[29] R=48.1 exactJoint=58.14u pairs=30  (palette-wide exactWorst=58.14u)
[HANDS_ATTACH] mesh='hands_naked.mesh' owner='hands_naked.mesh' frame=5234 nb=38 wext=121.5 rebound=0
  TIER1 rest-coherence: worst=179.1deg bone[5]='bone_R-foreArm.mesh' count(>5deg)=8 freshRecap=0  xcheck(invOff-vs-restW) worst=179.1deg bone[5]
  TIER2 joint-attach(PRIMARY): worst=112.92u bone[8]='bone_R-index01.mesh' parent[13] R=48.0 exactJoint=101.98u pairs=30  (palette-wide exactWorst=102.96u)
[HANDS_ATTACH] mesh='hands_naked.mesh' owner='hands_naked.mesh' frame=5235 nb=40 wext=96.8 rebound=0
  TIER1 rest-coherence: worst=103.1deg bone[2]='bone_R-foreTwist2.mesh' count(>5deg)=6 freshRecap=0  xcheck(invOff-vs-restW) worst=103.1deg bone[3]
  TIER2 joint-attach(PRIMARY): worst=139.90u bone[21]='bone_R-ringfinger-base.mesh' parent[1] R=43.7 exactJoint=53.63u pairs=36  (palette-wide exactWorst=67.41u)
[HANDS_ATTACH] mesh='hands_naked.mesh' owner='hands_naked.mesh' frame=5244 nb=38 wext=107.1 rebound=0
  TIER1 rest-coherence: worst=131.7deg bone[0]='bone_R-foreTwist1.mesh' count(>5deg)=8 freshRecap=0  xcheck(invOff-vs-restW) worst=131.7deg bone[0]
  TIER2 joint-attach(PRIMARY): worst=75.99u bone[23]='bone_L-middlefinger01.mesh' parent[29] R=48.1 exactJoint=59.84u pairs=30  (palette-wide exactWorst=59.84u)
[HANDS_ATTACH] mesh='hands_naked.mesh' owner='hands_naked.mesh' frame=5244 nb=38 wext=126.7 rebound=0
  TIER1 rest-coherence: worst=176.5deg bone[5]='bone_R-foreArm.mesh' count(>5deg)=8 freshRecap=0  xcheck(invOff-vs-restW) worst=176.5deg bone[5]
  TIER2 joint-attach(PRIMARY): worst=112.21u bone[8]='bone_R-index01.mesh' parent[13] R=48.0 exactJoint=102.71u pairs=30  (palette-wide exactWorst=103.66u)
[HANDS_ATTACH] mesh='hands_naked.mesh' owner='hands_naked.mesh' frame=5245 nb=40 wext=99.5 rebound=0
  TIER1 rest-coherence: worst=96.8deg bone[2]='bone_R-foreTwist2.mesh' count(>5deg)=6 freshRecap=0  xcheck(invOff-vs-restW) worst=96.8deg bone[2]
  TIER2 joint-attach(PRIMARY): worst=146.80u bone[37]='bone_L-ringfinger-base.mesh' parent[20] R=43.7 exactJoint=73.14u pairs=36  (palette-wide exactWorst=74.26u)
[HANDS_ATTACH] mesh='hands_naked.mesh' owner='hands_naked.mesh' frame=5254 nb=38 wext=108.5 rebound=0
  TIER1 rest-coherence: worst=131.7deg bone[0]='bone_R-foreTwist1.mesh' count(>5deg)=8 freshRecap=0  xcheck(invOff-vs-restW) worst=131.7deg bone[0]
  TIER2 joint-attach(PRIMARY): worst=80.35u bone[1]='bone_R-middlefinger01.mesh' parent[13] R=48.1 exactJoint=38.52u pairs=30  (palette-wide exactWorst=61.13u)
[HANDS_ATTACH] mesh='hands_naked.mesh' owner='hands_naked.mesh' frame=5254 nb=38 wext=126.2 rebound=0
  TIER1 rest-coherence: worst=173.8deg bone[5]='bone_R-foreArm.mesh' count(>5deg)=8 freshRecap=0  xcheck(invOff-vs-restW) worst=173.8deg bone[5]
  TIER2 joint-attach(PRIMARY): worst=103.19u bone[8]='bone_R-index01.mesh' parent[13] R=48.0 exactJoint=102.94u pairs=30  (palette-wide exactWorst=103.80u)
[HANDS_ATTACH] mesh='hands_naked.mesh' owner='hands_naked.mesh' frame=5255 nb=40 wext=97.5 rebound=0
  TIER1 rest-coherence: worst=96.8deg bone[2]='bone_R-foreTwist2.mesh' count(>5deg)=6 freshRecap=0  xcheck(invOff-vs-restW) worst=96.8deg bone[2]
  TIER2 joint-attach(PRIMARY): worst=142.75u bone[21]='bone_R-ringfinger-base.mesh' parent[1] R=43.7 exactJoint=53.02u pairs=36  (palette-wide exactWorst=67.33u)
[HANDS_ATTACH] mesh='hands_naked.mesh' owner='hands_naked.mesh' frame=5264 nb=38 wext=110.5 rebound=0
  TIER1 rest-coherence: worst=158.4deg bone[0]='bone_R-foreTwist1.mesh' count(>5deg)=8 freshRecap=0  xcheck(invOff-vs-restW) worst=158.4deg bone[0]
  TIER2 joint-attach(PRIMARY): worst=73.05u bone[1]='bone_R-middlefinger01.mesh' parent[13] R=48.1 exactJoint=39.26u pairs=30  (palette-wide exactWorst=63.09u)
[HANDS_ATTACH] mesh='hands_naked.mesh' owner='hands_naked.mesh' frame=5264 nb=38 wext=124.2 rebound=0
  TIER1 rest-coherence: worst=174.7deg bone[5]='bone_R-foreArm.mesh' count(>5deg)=8 freshRecap=0  xcheck(invOff-vs-restW) worst=174.7deg bone[5]
  TIER2 joint-attach(PRIMARY): worst=107.13u bone[8]='bone_R-index01.mesh' parent[13] R=48.0 exactJoint=100.90u pairs=30  (palette-wide exactWorst=101.77u)
[HANDS_ATTACH] mesh='hands_naked.mesh' owner='hands_naked.mesh' frame=5265 nb=40 wext=91.6 rebound=0
  TIER1 rest-coherence: worst=117.0deg bone[2]='bone_R-foreTwist2.mesh' count(>5deg)=6 freshRecap=0  xcheck(invOff-vs-restW) worst=117.0deg bone[2]
  TIER2 joint-attach(PRIMARY): worst=145.19u bone[11]='bone_R-pinky-base.mesh' parent[1] R=43.6 exactJoint=55.74u pairs=36  (palette-wide exactWorst=56.98u)
[HANDS_ATTACH] mesh='hands_naked.mesh' owner='hands_naked.mesh' frame=5274 nb=38 wext=112.1 rebound=0
  TIER1 rest-coherence: worst=158.4deg bone[0]='bone_R-foreTwist1.mesh' count(>5deg)=8 freshRecap=0  xcheck(invOff-vs-restW) worst=158.4deg bone[0]
  TIER2 joint-attach(PRIMARY): worst=83.90u bone[1]='bone_R-middlefinger01.mesh' parent[13] R=48.1 exactJoint=35.48u pairs=30  (palette-wide exactWorst=65.22u)
[HANDS_ATTACH] mesh='hands_naked.mesh' owner='hands_naked.mesh' frame=5274 nb=38 wext=130.6 rebound=0
  TIER1 rest-coherence: worst=174.7deg bone[5]='bone_R-foreArm.mesh' count(>5deg)=8 freshRecap=0  xcheck(invOff-vs-restW) worst=174.7deg bone[5]
  TIER2 joint-attach(PRIMARY): worst=104.02u bone[8]='bone_R-index01.mesh' parent[13] R=48.0 exactJoint=104.82u pairs=30  (palette-wide exactWorst=105.66u)
[HANDS_ATTACH] mesh='hands_naked.mesh' owner='hands_naked.mesh' frame=5275 nb=40 wext=87.1 rebound=0
  TIER1 rest-coherence: worst=117.0deg bone[2]='bone_R-foreTwist2.mesh' count(>5deg)=6 freshRecap=0  xcheck(invOff-vs-restW) worst=117.0deg bone[2]
  TIER2 joint-attach(PRIMARY): worst=143.88u bone[21]='bone_R-ringfinger-base.mesh' parent[1] R=43.7 exactJoint=52.40u pairs=36  (palette-wide exactWorst=54.59u)
[HANDS_ATTACH] mesh='hands_naked.mesh' owner='hands_naked.mesh' frame=5284 nb=38 wext=113.2 rebound=0
  TIER1 rest-coherence: worst=138.6deg bone[0]='bone_R-foreTwist1.mesh' count(>5deg)=8 freshRecap=0  xcheck(invOff-vs-restW) worst=138.6deg bone[0]
  TIER2 joint-attach(PRIMARY): worst=87.87u bone[1]='bone_R-middlefinger01.mesh' parent[13] R=48.1 exactJoint=37.74u pairs=30  (palette-wide exactWorst=65.82u)
[HANDS_ATTACH] mesh='hands_naked.mesh' owner='hands_naked.mesh' frame=5284 nb=38 wext=129.4 rebound=0
  TIER1 rest-coherence: worst=174.7deg bone[5]='bone_R-foreArm.mesh' count(>5deg)=8 freshRecap=0  xcheck(invOff-vs-restW) worst=174.7deg bone[5]
  TIER2 joint-attach(PRIMARY): worst=102.28u bone[8]='bone_R-index01.mesh' parent[13] R=48.0 exactJoint=103.84u pairs=30  (palette-wide exactWorst=104.70u)
[HANDS_ATTACH] mesh='hands_naked.mesh' owner='hands_naked.mesh' frame=5285 nb=40 wext=87.5 rebound=0
  TIER1 rest-coherence: worst=122.5deg bone[2]='bone_R-foreTwist2.mesh' count(>5deg)=6 freshRecap=0  xcheck(invOff-vs-restW) worst=122.5deg bone[2]
  TIER2 joint-attach(PRIMARY): worst=141.80u bone[21]='bone_R-ringfinger-base.mesh' parent[1] R=43.7 exactJoint=53.10u pairs=36  (palette-wide exactWorst=54.51u)
[HANDS_ATTACH] mesh='hands_naked.mesh' owner='hands_naked.mesh' frame=5294 nb=38 wext=112.1 rebound=0
  TIER1 rest-coherence: worst=116.0deg bone[28]='bone_L-foreTwist1.mesh' count(>5deg)=8 freshRecap=0  xcheck(invOff-vs-restW) worst=116.0deg bone[20]
  TIER2 joint-attach(PRIMARY): worst=81.38u bone[1]='bone_R-middlefinger01.mesh' parent[13] R=48.1 exactJoint=36.68u pairs=30  (palette-wide exactWorst=65.16u)
[HANDS_ATTACH] mesh='hands_naked.mesh' owner='hands_naked.mesh' frame=5294 nb=38 wext=130.1 rebound=0
  TIER1 rest-coherence: worst=161.9deg bone[5]='bone_R-foreArm.mesh' count(>5deg)=8 freshRecap=0  xcheck(invOff-vs-restW) worst=161.9deg bone[5]
  TIER2 joint-attach(PRIMARY): worst=99.39u bone[8]='bone_R-index01.mesh' parent[13] R=48.0 exactJoint=104.55u pairs=30  (palette-wide exactWorst=105.38u)
[HANDS_ATTACH] mesh='hands_naked.mesh' owner='hands_naked.mesh' frame=5295 nb=40 wext=105.2 rebound=0
  TIER1 rest-coherence: worst=122.5deg bone[2]='bone_R-foreTwist2.mesh' count(>5deg)=6 freshRecap=0  xcheck(invOff-vs-restW) worst=122.5deg bone[2]
  TIER2 joint-attach(PRIMARY): worst=147.37u bone[37]='bone_L-ringfinger-base.mesh' parent[20] R=43.7 exactJoint=83.54u pairs=36  (palette-wide exactWorst=84.46u)
[HANDS_ATTACH] mesh='hands_naked.mesh' owner='hands_naked.mesh' frame=5304 nb=38 wext=113.3 rebound=0
  TIER1 rest-coherence: worst=116.0deg bone[28]='bone_L-foreTwist1.mesh' count(>5deg)=8 freshRecap=0  xcheck(invOff-vs-restW) worst=116.0deg bone[20]
  TIER2 joint-attach(PRIMARY): worst=87.25u bone[1]='bone_R-middlefinger01.mesh' parent[13] R=48.1 exactJoint=34.70u pairs=30  (palette-wide exactWorst=65.86u)
[HANDS_ATTACH] mesh='hands_naked.mesh' owner='hands_naked.mesh' frame=5304 nb=38 wext=131.5 rebound=0
  TIER1 rest-coherence: worst=161.9deg bone[5]='bone_R-foreArm.mesh' count(>5deg)=8 freshRecap=0  xcheck(invOff-vs-restW) worst=161.9deg bone[5]
  TIER2 joint-attach(PRIMARY): worst=102.63u bone[30]='bone_L-index01.mesh' parent[29] R=48.0 exactJoint=20.99u pairs=30  (palette-wide exactWorst=106.77u)
[HANDS_ATTACH] mesh='hands_naked.mesh' owner='hands_naked.mesh' frame=5305 nb=40 wext=105.1 rebound=0
  TIER1 rest-coherence: worst=94.7deg bone[8]='bone_L-foreTwist1.mesh' count(>5deg)=6 freshRecap=0  xcheck(invOff-vs-restW) worst=94.7deg bone[8]
  TIER2 joint-attach(PRIMARY): worst=153.50u bone[37]='bone_L-ringfinger-base.mesh' parent[20] R=43.7 exactJoint=85.00u pairs=36  (palette-wide exactWorst=85.91u)
[HANDS_ATTACH] mesh='hands_naked.mesh' owner='hands_naked.mesh' frame=5314 nb=38 wext=114.0 rebound=0
  TIER1 rest-coherence: worst=116.0deg bone[28]='bone_L-foreTwist1.mesh' count(>5deg)=8 freshRecap=0  xcheck(invOff-vs-restW) worst=116.0deg bone[20]
  TIER2 joint-attach(PRIMARY): worst=76.22u bone[23]='bone_L-middlefinger01.mesh' parent[29] R=48.1 exactJoint=66.34u pairs=30  (palette-wide exactWorst=66.34u)
[HANDS_ATTACH] mesh='hands_naked.mesh' owner='hands_naked.mesh' frame=5314 nb=38 wext=128.3 rebound=0
  TIER1 rest-coherence: worst=154.9deg bone[5]='bone_R-foreArm.mesh' count(>5deg)=8 freshRecap=0  xcheck(invOff-vs-restW) worst=154.9deg bone[5]
  TIER2 joint-attach(PRIMARY): worst=106.74u bone[30]='bone_L-index01.mesh' parent[29] R=48.0 exactJoint=21.31u pairs=30  (palette-wide exactWorst=104.88u)
[HANDS_ATTACH] mesh='hands_naked.mesh' owner='hands_naked.mesh' frame=5315 nb=40 wext=104.5 rebound=0
  TIER1 rest-coherence: worst=94.7deg bone[8]='bone_L-foreTwist1.mesh' count(>5deg)=6 freshRecap=0  xcheck(invOff-vs-restW) worst=94.7deg bone[8]
  TIER2 joint-attach(PRIMARY): worst=153.59u bone[37]='bone_L-ringfinger-base.mesh' parent[20] R=43.7 exactJoint=83.76u pairs=36  (palette-wide exactWorst=84.71u)
[HANDS_ATTACH] mesh='hands_naked.mesh' owner='hands_naked.mesh' frame=5324 nb=38 wext=109.0 rebound=0
  TIER1 rest-coherence: worst=116.0deg bone[28]='bone_L-foreTwist1.mesh' count(>5deg)=8 freshRecap=0  xcheck(invOff-vs-restW) worst=116.0deg bone[20]
  TIER2 joint-attach(PRIMARY): worst=88.06u bone[23]='bone_L-middlefinger01.mesh' parent[29] R=48.1 exactJoint=64.84u pairs=30  (palette-wide exactWorst=64.84u)
[HANDS_ATTACH] mesh='hands_naked.mesh' owner='hands_naked.mesh' frame=5324 nb=38 wext=126.4 rebound=0
  TIER1 rest-coherence: worst=154.9deg bone[5]='bone_R-foreArm.mesh' count(>5deg)=8 freshRecap=0  xcheck(invOff-vs-restW) worst=154.9deg bone[5]
  TIER2 joint-attach(PRIMARY): worst=103.51u bone[30]='bone_L-index01.mesh' parent[29] R=48.0 exactJoint=19.91u pairs=30  (palette-wide exactWorst=104.24u)
[HANDS_ATTACH] mesh='hands_naked.mesh' owner='hands_naked.mesh' frame=5325 nb=40 wext=103.6 rebound=0
  TIER1 rest-coherence: worst=94.7deg bone[8]='bone_L-foreTwist1.mesh' count(>5deg)=6 freshRecap=0  xcheck(invOff-vs-restW) worst=94.7deg bone[8]
  TIER2 joint-attach(PRIMARY): worst=150.84u bone[37]='bone_L-ringfinger-base.mesh' parent[20] R=43.7 exactJoint=78.75u pairs=36  (palette-wide exactWorst=79.84u)
[HANDS_ATTACH] mesh='hands_naked.mesh' owner='hands_naked.mesh' frame=5334 nb=38 wext=111.1 rebound=0
  TIER1 rest-coherence: worst=116.0deg bone[28]='bone_L-foreTwist1.mesh' count(>5deg)=8 freshRecap=0  xcheck(invOff-vs-restW) worst=116.0deg bone[20]
  TIER2 joint-attach(PRIMARY): worst=80.18u bone[23]='bone_L-middlefinger01.mesh' parent[29] R=48.1 exactJoint=65.09u pairs=30  (palette-wide exactWorst=65.09u)
[HANDS_ATTACH] mesh='hands_naked.mesh' owner='hands_naked.mesh' frame=5334 nb=38 wext=125.5 rebound=0
  TIER1 rest-coherence: worst=164.6deg bone[5]='bone_R-foreArm.mesh' count(>5deg)=8 freshRecap=0  xcheck(invOff-vs-restW) worst=164.6deg bone[5]
  TIER2 joint-attach(PRIMARY): worst=95.31u bone[8]='bone_R-index01.mesh' parent[13] R=48.0 exactJoint=102.61u pairs=30  (palette-wide exactWorst=103.38u)
[HANDS_ATTACH] mesh='hands_naked.mesh' owner='hands_naked.mesh' frame=5335 nb=40 wext=100.0 rebound=0
  TIER1 rest-coherence: worst=106.0deg bone[2]='bone_R-foreTwist2.mesh' count(>5deg)=6 freshRecap=0  xcheck(invOff-vs-restW) worst=106.0deg bone[2]
  TIER2 joint-attach(PRIMARY): worst=145.65u bone[37]='bone_L-ringfinger-base.mesh' parent[20] R=43.7 exactJoint=74.03u pairs=36  (palette-wide exactWorst=75.17u)
[HANDS_ATTACH] mesh='hands_naked.mesh' owner='hands_naked.mesh' frame=5344 nb=38 wext=113.0 rebound=0
  TIER1 rest-coherence: worst=116.0deg bone[28]='bone_L-foreTwist1.mesh' count(>5deg)=8 freshRecap=0  xcheck(invOff-vs-restW) worst=116.0deg bone[20]
  TIER2 joint-attach(PRIMARY): worst=77.27u bone[1]='bone_R-middlefinger01.mesh' parent[13] R=48.1 exactJoint=37.53u pairs=30  (palette-wide exactWorst=64.52u)
[HANDS_ATTACH] mesh='hands_naked.mesh' owner='hands_naked.mesh' frame=5344 nb=38 wext=127.1 rebound=0
  TIER1 rest-coherence: worst=171.0deg bone[5]='bone_R-foreArm.mesh' count(>5deg)=8 freshRecap=0  xcheck(invOff-vs-restW) worst=171.0deg bone[5]
  TIER2 joint-attach(PRIMARY): worst=103.15u bone[8]='bone_R-index01.mesh' parent[13] R=48.0 exactJoint=102.46u pairs=30  (palette-wide exactWorst=103.33u)
[HANDS_ATTACH] mesh='hands_naked.mesh' owner='hands_naked.mesh' frame=5345 nb=40 wext=99.5 rebound=0
  TIER1 rest-coherence: worst=106.0deg bone[2]='bone_R-foreTwist2.mesh' count(>5deg)=6 freshRecap=0  xcheck(invOff-vs-restW) worst=106.0deg bone[2]
  TIER2 joint-attach(PRIMARY): worst=146.55u bone[21]='bone_R-ringfinger-base.mesh' parent[1] R=43.7 exactJoint=54.63u pairs=36  (palette-wide exactWorst=73.16u)
[HANDS_ATTACH] mesh='hands_naked.mesh' owner='hands_naked.mesh' frame=5354 nb=38 wext=110.9 rebound=0
  TIER1 rest-coherence: worst=122.5deg bone[20]='bone_L-foreTwist2.mesh' count(>5deg)=8 freshRecap=0  xcheck(invOff-vs-restW) worst=122.5deg bone[20]
  TIER2 joint-attach(PRIMARY): worst=77.49u bone[23]='bone_L-middlefinger01.mesh' parent[29] R=48.1 exactJoint=63.56u pairs=30  (palette-wide exactWorst=63.56u)
[HANDS_ATTACH] mesh='hands_naked.mesh' owner='hands_naked.mesh' frame=5354 nb=38 wext=126.5 rebound=0
  TIER1 rest-coherence: worst=177.9deg bone[5]='bone_R-foreArm.mesh' count(>5deg)=8 freshRecap=0  xcheck(invOff-vs-restW) worst=177.9deg bone[5]
  TIER2 joint-attach(PRIMARY): worst=98.87u bone[8]='bone_R-index01.mesh' parent[13] R=48.0 exactJoint=100.27u pairs=30  (palette-wide exactWorst=101.09u)
[HANDS_ATTACH] mesh='hands_naked.mesh' owner='hands_naked.mesh' frame=5355 nb=40 wext=100.0 rebound=0
  TIER1 rest-coherence: worst=106.0deg bone[2]='bone_R-foreTwist2.mesh' count(>5deg)=6 freshRecap=0  xcheck(invOff-vs-restW) worst=106.0deg bone[2]
  TIER2 joint-attach(PRIMARY): worst=144.59u bone[21]='bone_R-ringfinger-base.mesh' parent[1] R=43.7 exactJoint=54.60u pairs=36  (palette-wide exactWorst=72.65u)
[HANDS_ATTACH] mesh='hands_naked.mesh' owner='hands_naked.mesh' frame=5364 nb=38 wext=111.2 rebound=0
  TIER1 rest-coherence: worst=122.5deg bone[20]='bone_L-foreTwist2.mesh' count(>5deg)=8 freshRecap=0  xcheck(invOff-vs-restW) worst=122.5deg bone[20]
  TIER2 joint-attach(PRIMARY): worst=83.07u bone[1]='bone_R-middlefinger01.mesh' parent[13] R=48.1 exactJoint=36.13u pairs=30  (palette-wide exactWorst=64.05u)
[HANDS_ATTACH] mesh='hands_naked.mesh' owner='hands_naked.mesh' frame=5364 nb=38 wext=131.2 rebound=0
  TIER1 rest-coherence: worst=175.2deg bone[5]='bone_R-foreArm.mesh' count(>5deg)=8 freshRecap=0  xcheck(invOff-vs-restW) worst=175.2deg bone[5]
  TIER2 joint-attach(PRIMARY): worst=99.60u bone[8]='bone_R-index01.mesh' parent[13] R=48.0 exactJoint=103.97u pairs=30  (palette-wide exactWorst=104.79u)
[HANDS_ATTACH] mesh='hands_naked.mesh' owner='hands_naked.mesh' frame=5365 nb=40 wext=101.0 rebound=0
  TIER1 rest-coherence: worst=95.0deg bone[3]='bone_R-foreTwist1.mesh' count(>5deg)=6 freshRecap=0  xcheck(invOff-vs-restW) worst=95.0deg bone[2]
  TIER2 joint-attach(PRIMARY): worst=141.12u bone[37]='bone_L-ringfinger-base.mesh' parent[20] R=43.7 exactJoint=78.08u pairs=36  (palette-wide exactWorst=79.11u)
[HANDS_ATTACH] mesh='hands_naked.mesh' owner='hands_naked.mesh' frame=5374 nb=38 wext=113.4 rebound=0
  TIER1 rest-coherence: worst=122.5deg bone[20]='bone_L-foreTwist2.mesh' count(>5deg)=8 freshRecap=0  xcheck(invOff-vs-restW) worst=122.5deg bone[20]
  TIER2 joint-attach(PRIMARY): worst=87.89u bone[23]='bone_L-middlefinger01.mesh' parent[29] R=48.1 exactJoint=66.18u pairs=30  (palette-wide exactWorst=66.18u)
[HANDS_ATTACH] mesh='hands_naked.mesh' owner='hands_naked.mesh' frame=5374 nb=38 wext=133.3 rebound=0
  TIER1 rest-coherence: worst=175.2deg bone[5]='bone_R-foreArm.mesh' count(>5deg)=8 freshRecap=0  xcheck(invOff-vs-restW) worst=175.2deg bone[5]
  TIER2 joint-attach(PRIMARY): worst=106.14u bone[8]='bone_R-index01.mesh' parent[13] R=48.0 exactJoint=104.66u pairs=30  (palette-wide exactWorst=105.50u)
[HANDS_ATTACH] mesh='hands_naked.mesh' owner='hands_naked.mesh' frame=5375 nb=40 wext=104.2 rebound=0
  TIER1 rest-coherence: worst=94.7deg bone[8]='bone_L-foreTwist1.mesh' count(>5deg)=6 freshRecap=0  xcheck(invOff-vs-restW) worst=94.7deg bone[8]
  TIER2 joint-attach(PRIMARY): worst=150.55u bone[37]='bone_L-ringfinger-base.mesh' parent[20] R=43.7 exactJoint=83.62u pairs=36  (palette-wide exactWorst=84.53u)
[HANDS_ATTACH] mesh='hands_naked.mesh' owner='hands_naked.mesh' frame=5384 nb=38 wext=113.8 rebound=0
  TIER1 rest-coherence: worst=122.5deg bone[20]='bone_L-foreTwist2.mesh' count(>5deg)=8 freshRecap=0  xcheck(invOff-vs-restW) worst=122.5deg bone[20]
  TIER2 joint-attach(PRIMARY): worst=85.13u bone[23]='bone_L-middlefinger01.mesh' parent[29] R=48.1 exactJoint=66.31u pairs=30  (palette-wide exactWorst=66.31u)
[HANDS_ATTACH] mesh='hands_naked.mesh' owner='hands_naked.mesh' frame=5384 nb=38 wext=130.2 rebound=0
  TIER1 rest-coherence: worst=172.1deg bone[5]='bone_R-foreArm.mesh' count(>5deg)=8 freshRecap=0  xcheck(invOff-vs-restW) worst=172.1deg bone[5]
  TIER2 joint-attach(PRIMARY): worst=113.21u bone[30]='bone_L-index01.mesh' parent[29] R=48.0 exactJoint=24.95u pairs=30  (palette-wide exactWorst=103.05u)
[HANDS_ATTACH] mesh='hands_naked.mesh' owner='hands_naked.mesh' frame=5385 nb=40 wext=103.0 rebound=0
  TIER1 rest-coherence: worst=94.7deg bone[8]='bone_L-foreTwist1.mesh' count(>5deg)=6 freshRecap=0  xcheck(invOff-vs-restW) worst=94.7deg bone[8]
  TIER2 joint-attach(PRIMARY): worst=147.76u bone[37]='bone_L-ringfinger-base.mesh' parent[20] R=43.7 exactJoint=81.03u pairs=36  (palette-wide exactWorst=82.03u)
[HANDS_ATTACH] mesh='hands_naked.mesh' owner='hands_naked.mesh' frame=5394 nb=38 wext=113.8 rebound=0
  TIER1 rest-coherence: worst=155.2deg bone[0]='bone_R-foreTwist1.mesh' count(>5deg)=8 freshRecap=0  xcheck(invOff-vs-restW) worst=155.2deg bone[0]
  TIER2 joint-attach(PRIMARY): worst=78.11u bone[23]='bone_L-middlefinger01.mesh' parent[29] R=48.1 exactJoint=65.47u pairs=30  (palette-wide exactWorst=65.47u)
[HANDS_ATTACH] mesh='hands_naked.mesh' owner='hands_naked.mesh' frame=5394 nb=38 wext=128.5 rebound=0
  TIER1 rest-coherence: worst=172.1deg bone[5]='bone_R-foreArm.mesh' count(>5deg)=8 freshRecap=0  xcheck(invOff-vs-restW) worst=172.1deg bone[5]
  TIER2 joint-attach(PRIMARY): worst=116.91u bone[30]='bone_L-index01.mesh' parent[29] R=48.0 exactJoint=28.15u pairs=30  (palette-wide exactWorst=101.60u)
[HANDS_ATTACH] mesh='hands_naked.mesh' owner='hands_naked.mesh' frame=5395 nb=40 wext=101.9 rebound=0
  TIER1 rest-coherence: worst=98.3deg bone[2]='bone_R-foreTwist2.mesh' count(>5deg)=6 freshRecap=0  xcheck(invOff-vs-restW) worst=98.3deg bone[2]
  TIER2 joint-attach(PRIMARY): worst=147.82u bone[21]='bone_R-ringfinger-base.mesh' parent[1] R=43.7 exactJoint=56.87u pairs=36  (palette-wide exactWorst=76.46u)
[HANDS_ATTACH] mesh='hands_naked.mesh' owner='hands_naked.mesh' frame=5404 nb=38 wext=111.1 rebound=0
  TIER1 rest-coherence: worst=122.5deg bone[20]='bone_L-foreTwist2.mesh' count(>5deg)=8 freshRecap=0  xcheck(invOff-vs-restW) worst=122.5deg bone[20]
  TIER2 joint-attach(PRIMARY): worst=94.89u bone[23]='bone_L-middlefinger01.mesh' parent[29] R=48.1 exactJoint=66.39u pairs=30  (palette-wide exactWorst=66.39u)
[HANDS_ATTACH] mesh='hands_naked.mesh' owner='hands_naked.mesh' frame=5404 nb=38 wext=127.9 rebound=0
  TIER1 rest-coherence: worst=168.4deg bone[13]='bone_R-hand.mesh' count(>5deg)=8 freshRecap=0  xcheck(invOff-vs-restW) worst=168.4deg bone[13]
  TIER2 joint-attach(PRIMARY): worst=115.74u bone[30]='bone_L-index01.mesh' parent[29] R=48.0 exactJoint=29.44u pairs=30  (palette-wide exactWorst=102.49u)
[HANDS_ATTACH] mesh='hands_naked.mesh' owner='hands_naked.mesh' frame=5405 nb=40 wext=104.1 rebound=0
  TIER1 rest-coherence: worst=98.3deg bone[2]='bone_R-foreTwist2.mesh' count(>5deg)=6 freshRecap=0  xcheck(invOff-vs-restW) worst=98.3deg bone[2]
  TIER2 joint-attach(PRIMARY): worst=149.25u bone[37]='bone_L-ringfinger-base.mesh' parent[20] R=43.7 exactJoint=82.25u pairs=36  (palette-wide exactWorst=83.23u)
[HANDS_ATTACH] mesh='hands_naked.mesh' owner='hands_naked.mesh' frame=5414 nb=38 wext=112.3 rebound=0
  TIER1 rest-coherence: worst=122.5deg bone[20]='bone_L-foreTwist2.mesh' count(>5deg)=8 freshRecap=0  xcheck(invOff-vs-restW) worst=122.5deg bone[20]
  TIER2 joint-attach(PRIMARY): worst=92.83u bone[23]='bone_L-middlefinger01.mesh' parent[29] R=48.1 exactJoint=67.26u pairs=30  (palette-wide exactWorst=67.26u)
[HANDS_ATTACH] mesh='hands_naked.mesh' owner='hands_naked.mesh' frame=5414 nb=38 wext=130.3 rebound=0
  TIER1 rest-coherence: worst=177.0deg bone[6]='bone_R-foreTwist2.mesh' count(>5deg)=8 freshRecap=0  xcheck(invOff-vs-restW) worst=177.0deg bone[0]
  TIER2 joint-attach(PRIMARY): worst=116.75u bone[30]='bone_L-index01.mesh' parent[29] R=48.0 exactJoint=29.17u pairs=30  (palette-wide exactWorst=101.60u)
[HANDS_ATTACH] mesh='hands_naked.mesh' owner='hands_naked.mesh' frame=5415 nb=40 wext=102.2 rebound=0
  TIER1 rest-coherence: worst=98.3deg bone[2]='bone_R-foreTwist2.mesh' count(>5deg)=6 freshRecap=0  xcheck(invOff-vs-restW) worst=98.3deg bone[2]
  TIER2 joint-attach(PRIMARY): worst=147.66u bone[37]='bone_L-ringfinger-base.mesh' parent[20] R=43.7 exactJoint=80.05u pairs=36  (palette-wide exactWorst=81.10u)
[HANDS_ATTACH] mesh='hands_naked.mesh' owner='hands_naked.mesh' frame=5424 nb=38 wext=113.8 rebound=0
  TIER1 rest-coherence: worst=122.5deg bone[20]='bone_L-foreTwist2.mesh' count(>5deg)=8 freshRecap=0  xcheck(invOff-vs-restW) worst=122.5deg bone[20]
  TIER2 joint-attach(PRIMARY): worst=88.71u bone[23]='bone_L-middlefinger01.mesh' parent[29] R=48.1 exactJoint=67.70u pairs=30  (palette-wide exactWorst=67.70u)
[HANDS_ATTACH] mesh='hands_naked.mesh' owner='hands_naked.mesh' frame=5424 nb=38 wext=126.7 rebound=0
  TIER1 rest-coherence: worst=159.2deg bone[0]='bone_R-foreTwist1.mesh' count(>5deg)=8 freshRecap=0  xcheck(invOff-vs-restW) worst=159.2deg bone[0]
  TIER2 joint-attach(PRIMARY): worst=115.05u bone[30]='bone_L-index01.mesh' parent[29] R=48.0 exactJoint=28.93u pairs=30  (palette-wide exactWorst=102.60u)
[HANDS_ATTACH] mesh='hands_naked.mesh' owner='hands_naked.mesh' frame=5425 nb=40 wext=102.9 rebound=0
  TIER1 rest-coherence: worst=98.3deg bone[2]='bone_R-foreTwist2.mesh' count(>5deg)=6 freshRecap=0  xcheck(invOff-vs-restW) worst=98.3deg bone[2]
  TIER2 joint-attach(PRIMARY): worst=149.93u bone[37]='bone_L-ringfinger-base.mesh' parent[20] R=43.7 exactJoint=81.04u pairs=36  (palette-wide exactWorst=82.06u)
[HANDS_ATTACH] mesh='hands_naked.mesh' owner='hands_naked.mesh' frame=5434 nb=38 wext=113.8 rebound=0
  TIER1 rest-coherence: worst=122.5deg bone[20]='bone_L-foreTwist2.mesh' count(>5deg)=8 freshRecap=0  xcheck(invOff-vs-restW) worst=122.5deg bone[20]
  TIER2 joint-attach(PRIMARY): worst=87.33u bone[23]='bone_L-middlefinger01.mesh' parent[29] R=48.1 exactJoint=67.73u pairs=30  (palette-wide exactWorst=67.73u)
[HANDS_ATTACH] mesh='hands_naked.mesh' owner='hands_naked.mesh' frame=5434 nb=38 wext=126.1 rebound=0
  TIER1 rest-coherence: worst=179.5deg bone[0]='bone_R-foreTwist1.mesh' count(>5deg)=8 freshRecap=0  xcheck(invOff-vs-restW) worst=179.5deg bone[6]
  TIER2 joint-attach(PRIMARY): worst=115.00u bone[30]='bone_L-index01.mesh' parent[29] R=48.0 exactJoint=28.80u pairs=30  (palette-wide exactWorst=102.24u)
[HANDS_ATTACH] mesh='hands_naked.mesh' owner='hands_naked.mesh' frame=5435 nb=40 wext=104.4 rebound=0
  TIER1 rest-coherence: worst=98.3deg bone[2]='bone_R-foreTwist2.mesh' count(>5deg)=6 freshRecap=0  xcheck(invOff-vs-restW) worst=98.3deg bone[2]
  TIER2 joint-attach(PRIMARY): worst=152.52u bone[37]='bone_L-ringfinger-base.mesh' parent[20] R=43.7 exactJoint=82.58u pairs=36  (palette-wide exactWorst=83.56u)
[HANDS_ATTACH] mesh='hands_naked.mesh' owner='hands_naked.mesh' frame=5444 nb=38 wext=112.8 rebound=0
  TIER1 rest-coherence: worst=129.9deg bone[6]='bone_R-foreTwist2.mesh' count(>5deg)=8 freshRecap=0  xcheck(invOff-vs-restW) worst=129.9deg bone[0]
  TIER2 joint-attach(PRIMARY): worst=87.40u bone[23]='bone_L-middlefinger01.mesh' parent[29] R=48.1 exactJoint=67.29u pairs=30  (palette-wide exactWorst=67.29u)
[HANDS_ATTACH] mesh='hands_naked.mesh' owner='hands_naked.mesh' frame=5444 nb=38 wext=127.6 rebound=0
  TIER1 rest-coherence: worst=179.5deg bone[0]='bone_R-foreTwist1.mesh' count(>5deg)=8 freshRecap=0  xcheck(invOff-vs-restW) worst=179.5deg bone[6]
  TIER2 joint-attach(PRIMARY): worst=113.61u bone[30]='bone_L-index01.mesh' parent[29] R=48.0 exactJoint=28.73u pairs=30  (palette-wide exactWorst=103.01u)
[HANDS_ATTACH] mesh='hands_naked.mesh' owner='hands_naked.mesh' frame=5445 nb=40 wext=98.6 rebound=0
  TIER1 rest-coherence: worst=98.3deg bone[2]='bone_R-foreTwist2.mesh' count(>5deg)=6 freshRecap=0  xcheck(invOff-vs-restW) worst=98.3deg bone[2]
  TIER2 joint-attach(PRIMARY): worst=144.49u bone[37]='bone_L-ringfinger-base.mesh' parent[20] R=43.7 exactJoint=76.30u pairs=36  (palette-wide exactWorst=77.38u)
[HANDS_ATTACH] mesh='hands_naked.mesh' owner='hands_naked.mesh' frame=5454 nb=38 wext=108.9 rebound=0
  TIER1 rest-coherence: worst=129.9deg bone[6]='bone_R-foreTwist2.mesh' count(>5deg)=8 freshRecap=0  xcheck(invOff-vs-restW) worst=129.9deg bone[0]
  TIER2 joint-attach(PRIMARY): worst=94.08u bone[23]='bone_L-middlefinger01.mesh' parent[29] R=48.1 exactJoint=64.85u pairs=30  (palette-wide exactWorst=64.85u)
[HANDS_ATTACH] mesh='hands_naked.mesh' owner='hands_naked.mesh' frame=5454 nb=38 wext=128.1 rebound=0
  TIER1 rest-coherence: worst=170.4deg bone[13]='bone_R-hand.mesh' count(>5deg)=8 freshRecap=0  xcheck(invOff-vs-restW) worst=170.4deg bone[13]
  TIER2 joint-attach(PRIMARY): worst=98.88u bone[21]='bone_L-index02.mesh' parent[30] R=47.0 exactJoint=30.75u pairs=30  (palette-wide exactWorst=99.80u)
[HANDS_ATTACH] mesh='hands_naked.mesh' owner='hands_naked.mesh' frame=5455 nb=40 wext=100.4 rebound=0
  TIER1 rest-coherence: worst=98.3deg bone[2]='bone_R-foreTwist2.mesh' count(>5deg)=6 freshRecap=0  xcheck(invOff-vs-restW) worst=98.3deg bone[2]
  TIER2 joint-attach(PRIMARY): worst=146.40u bone[21]='bone_R-ringfinger-base.mesh' parent[1] R=43.7 exactJoint=52.05u pairs=36  (palette-wide exactWorst=75.45u)
[HANDS_ATTACH] mesh='hands_naked.mesh' owner='hands_naked.mesh' frame=5464 nb=38 wext=107.0 rebound=0
  TIER1 rest-coherence: worst=129.9deg bone[6]='bone_R-foreTwist2.mesh' count(>5deg)=8 freshRecap=0  xcheck(invOff-vs-restW) worst=129.9deg bone[0]
  TIER2 joint-attach(PRIMARY): worst=78.01u bone[23]='bone_L-middlefinger01.mesh' parent[29] R=48.1 exactJoint=60.69u pairs=30  (palette-wide exactWorst=60.69u)
[HANDS_ATTACH] mesh='hands_naked.mesh' owner='hands_naked.mesh' frame=5464 nb=38 wext=126.1 rebound=0
  TIER1 rest-coherence: worst=177.8deg bone[6]='bone_R-foreTwist2.mesh' count(>5deg)=8 freshRecap=0  xcheck(invOff-vs-restW) worst=177.8deg bone[0]
  TIER2 joint-attach(PRIMARY): worst=86.32u bone[21]='bone_L-index02.mesh' parent[30] R=47.0 exactJoint=24.72u pairs=30  (palette-wide exactWorst=99.77u)
[HANDS_ATTACH] mesh='hands_naked.mesh' owner='hands_naked.mesh' frame=5465 nb=40 wext=101.6 rebound=0
  TIER1 rest-coherence: worst=98.3deg bone[2]='bone_R-foreTwist2.mesh' count(>5deg)=6 freshRecap=0  xcheck(invOff-vs-restW) worst=98.3deg bone[2]
  TIER2 joint-attach(PRIMARY): worst=133.48u bone[21]='bone_R-ringfinger-base.mesh' parent[1] R=43.7 exactJoint=58.98u pairs=36  (palette-wide exactWorst=68.31u)
[HANDS_ATTACH] mesh='hands_naked.mesh' owner='hands_naked.mesh' frame=5474 nb=38 wext=103.9 rebound=0
  TIER1 rest-coherence: worst=123.6deg bone[0]='bone_R-foreTwist1.mesh' count(>5deg)=8 freshRecap=0  xcheck(invOff-vs-restW) worst=123.6deg bone[0]
  TIER2 joint-attach(PRIMARY): worst=76.89u bone[1]='bone_R-middlefinger01.mesh' parent[13] R=48.1 exactJoint=37.23u pairs=30  (palette-wide exactWorst=58.76u)
[HANDS_ATTACH] mesh='hands_naked.mesh' owner='hands_naked.mesh' frame=5474 nb=38 wext=128.7 rebound=0
  TIER1 rest-coherence: worst=177.8deg bone[6]='bone_R-foreTwist2.mesh' count(>5deg)=8 freshRecap=0  xcheck(invOff-vs-restW) worst=177.8deg bone[0]
  TIER2 joint-attach(PRIMARY): worst=103.74u bone[21]='bone_L-index02.mesh' parent[30] R=47.0 exactJoint=29.04u pairs=30  (palette-wide exactWorst=102.61u)
[HANDS_ATTACH] mesh='hands_naked.mesh' owner='hands_naked.mesh' frame=5475 nb=40 wext=99.7 rebound=0
  TIER1 rest-coherence: worst=98.3deg bone[2]='bone_R-foreTwist2.mesh' count(>5deg)=6 freshRecap=0  xcheck(invOff-vs-restW) worst=98.3deg bone[2]
  TIER2 joint-attach(PRIMARY): worst=107.91u bone[21]='bone_R-ringfinger-base.mesh' parent[1] R=43.7 exactJoint=63.73u pairs=36  (palette-wide exactWorst=64.62u)
[HANDS_ATTACH] mesh='hands_naked.mesh' owner='hands_naked.mesh' frame=5484 nb=38 wext=112.6 rebound=0
  TIER1 rest-coherence: worst=86.6deg bone[0]='bone_R-foreTwist1.mesh' count(>5deg)=8 freshRecap=0  xcheck(invOff-vs-restW) worst=86.6deg bone[0]
  TIER2 joint-attach(PRIMARY): worst=89.58u bone[1]='bone_R-middlefinger01.mesh' parent[13] R=48.1 exactJoint=31.26u pairs=30  (palette-wide exactWorst=66.69u)
[HANDS_ATTACH] mesh='hands_naked.mesh' owner='hands_naked.mesh' frame=5484 nb=38 wext=126.3 rebound=0
  TIER1 rest-coherence: worst=175.7deg bone[0]='bone_R-foreTwist1.mesh' count(>5deg)=8 freshRecap=0  xcheck(invOff-vs-restW) worst=175.7deg bone[6]
  TIER2 joint-attach(PRIMARY): worst=99.67u bone[8]='bone_R-index01.mesh' parent[13] R=48.0 exactJoint=102.33u pairs=30  (palette-wide exactWorst=103.14u)
[HANDS_ATTACH] mesh='hands_naked.mesh' owner='hands_naked.mesh' frame=5485 nb=40 wext=104.4 rebound=0
  TIER1 rest-coherence: worst=99.9deg bone[20]='bone_L-hand.mesh' count(>5deg)=6 freshRecap=0  xcheck(invOff-vs-restW) worst=99.9deg bone[20]
  TIER2 joint-attach(PRIMARY): worst=94.43u bone[37]='bone_L-ringfinger-base.mesh' parent[20] R=43.7 exactJoint=55.25u pairs=36  (palette-wide exactWorst=68.52u)
[HANDS_ATTACH] mesh='hands_naked.mesh' owner='hands_naked.mesh' frame=5494 nb=38 wext=111.4 rebound=0
  TIER1 rest-coherence: worst=103.5deg bone[0]='bone_R-foreTwist1.mesh' count(>5deg)=8 freshRecap=0  xcheck(invOff-vs-restW) worst=103.5deg bone[0]
  TIER2 joint-attach(PRIMARY): worst=85.12u bone[23]='bone_L-middlefinger01.mesh' parent[29] R=48.1 exactJoint=64.79u pairs=30  (palette-wide exactWorst=64.79u)
[HANDS_ATTACH] mesh='hands_naked.mesh' owner='hands_naked.mesh' frame=5494 nb=38 wext=125.1 rebound=0
  TIER1 rest-coherence: worst=179.4deg bone[13]='bone_R-hand.mesh' count(>5deg)=8 freshRecap=0  xcheck(invOff-vs-restW) worst=179.4deg bone[13]
  TIER2 joint-attach(PRIMARY): worst=98.19u bone[30]='bone_L-index01.mesh' parent[29] R=48.0 exactJoint=22.14u pairs=30  (palette-wide exactWorst=102.27u)
[HANDS_ATTACH] mesh='hands_naked.mesh' owner='hands_naked.mesh' frame=5495 nb=40 wext=98.2 rebound=0
  TIER1 rest-coherence: worst=99.9deg bone[20]='bone_L-hand.mesh' count(>5deg)=6 freshRecap=0  xcheck(invOff-vs-restW) worst=99.9deg bone[20]
  TIER2 joint-attach(PRIMARY): worst=106.02u bone[37]='bone_L-ringfinger-base.mesh' parent[20] R=43.7 exactJoint=56.92u pairs=36  (palette-wide exactWorst=65.14u)
[HANDS_ATTACH] mesh='hands_naked.mesh' owner='hands_naked.mesh' frame=5504 nb=38 wext=111.4 rebound=0
  TIER1 rest-coherence: worst=103.2deg bone[13]='bone_R-hand.mesh' count(>5deg)=8 freshRecap=0  xcheck(invOff-vs-restW) worst=103.2deg bone[13]
  TIER2 joint-attach(PRIMARY): worst=102.64u bone[1]='bone_R-middlefinger01.mesh' parent[13] R=48.1 exactJoint=24.22u pairs=30  (palette-wide exactWorst=64.85u)
[HANDS_ATTACH] mesh='hands_naked.mesh' owner='hands_naked.mesh' frame=5504 nb=38 wext=130.7 rebound=0
  TIER1 rest-coherence: worst=167.7deg bone[13]='bone_R-hand.mesh' count(>5deg)=8 freshRecap=0  xcheck(invOff-vs-restW) worst=167.7deg bone[13]
  TIER2 joint-attach(PRIMARY): worst=99.40u bone[8]='bone_R-index01.mesh' parent[13] R=48.0 exactJoint=104.12u pairs=30  (palette-wide exactWorst=104.89u)
[HANDS_ATTACH] mesh='hands_naked.mesh' owner='hands_naked.mesh' frame=5505 nb=40 wext=103.0 rebound=0
  TIER1 rest-coherence: worst=99.9deg bone[20]='bone_L-hand.mesh' count(>5deg)=6 freshRecap=0  xcheck(invOff-vs-restW) worst=99.9deg bone[20]
  TIER2 joint-attach(PRIMARY): worst=110.36u bone[37]='bone_L-ringfinger-base.mesh' parent[20] R=43.7 exactJoint=59.15u pairs=36  (palette-wide exactWorst=67.40u)
[HANDS_ATTACH] mesh='hands_naked.mesh' owner='hands_naked.mesh' frame=5514 nb=38 wext=110.6 rebound=0
  TIER1 rest-coherence: worst=104.3deg bone[0]='bone_R-foreTwist1.mesh' count(>5deg)=8 freshRecap=0  xcheck(invOff-vs-restW) worst=104.3deg bone[0]
  TIER2 joint-attach(PRIMARY): worst=97.59u bone[23]='bone_L-middlefinger01.mesh' parent[29] R=48.1 exactJoint=66.61u pairs=30  (palette-wide exactWorst=66.61u)
[HANDS_ATTACH] mesh='hands_naked.mesh' owner='hands_naked.mesh' frame=5514 nb=38 wext=129.8 rebound=0
  TIER1 rest-coherence: worst=171.5deg bone[0]='bone_R-foreTwist1.mesh' count(>5deg)=8 freshRecap=0  xcheck(invOff-vs-restW) worst=171.5deg bone[0]
  TIER2 joint-attach(PRIMARY): worst=105.37u bone[8]='bone_R-index01.mesh' parent[13] R=48.0 exactJoint=103.47u pairs=30  (palette-wide exactWorst=104.28u)
[HANDS_ATTACH] mesh='hands_naked.mesh' owner='hands_naked.mesh' frame=5515 nb=40 wext=105.9 rebound=0
  TIER1 rest-coherence: worst=102.6deg bone[20]='bone_L-hand.mesh' count(>5deg)=6 freshRecap=0  xcheck(invOff-vs-restW) worst=102.6deg bone[20]
  TIER2 joint-attach(PRIMARY): worst=111.61u bone[21]='bone_R-ringfinger-base.mesh' parent[1] R=43.7 exactJoint=69.83u pairs=36  (palette-wide exactWorst=70.77u)
[HANDS_ATTACH] mesh='hands_naked.mesh' owner='hands_naked.mesh' frame=5524 nb=38 wext=112.9 rebound=0
  TIER1 rest-coherence: worst=104.3deg bone[0]='bone_R-foreTwist1.mesh' count(>5deg)=8 freshRecap=0  xcheck(invOff-vs-restW) worst=104.3deg bone[0]
  TIER2 joint-attach(PRIMARY): worst=98.00u bone[23]='bone_L-middlefinger01.mesh' parent[29] R=48.1 exactJoint=68.74u pairs=30  (palette-wide exactWorst=68.74u)
[HANDS_ATTACH] mesh='hands_naked.mesh' owner='hands_naked.mesh' frame=5524 nb=38 wext=123.5 rebound=0
  TIER1 rest-coherence: worst=171.5deg bone[0]='bone_R-foreTwist1.mesh' count(>5deg)=8 freshRecap=0  xcheck(invOff-vs-restW) worst=171.5deg bone[0]
  TIER2 joint-attach(PRIMARY): worst=98.56u bone[8]='bone_R-index01.mesh' parent[13] R=48.0 exactJoint=100.63u pairs=30  (palette-wide exactWorst=101.44u)
[HANDS_ATTACH] mesh='hands_naked.mesh' owner='hands_naked.mesh' frame=5525 nb=40 wext=109.0 rebound=0
  TIER1 rest-coherence: worst=102.6deg bone[20]='bone_L-hand.mesh' count(>5deg)=6 freshRecap=0  xcheck(invOff-vs-restW) worst=102.6deg bone[20]
  TIER2 joint-attach(PRIMARY): worst=121.12u bone[37]='bone_L-ringfinger-base.mesh' parent[20] R=43.7 exactJoint=63.73u pairs=36  (palette-wide exactWorst=72.63u)
[HANDS_ATTACH] mesh='hands_naked.mesh' owner='hands_naked.mesh' frame=5538 nb=38 wext=150.5 rebound=0
  TIER1 rest-coherence: worst=137.0deg bone[29]='bone_L-hand.mesh' count(>5deg)=8 freshRecap=0  xcheck(invOff-vs-restW) worst=137.0deg bone[29]
  TIER2 joint-attach(PRIMARY): worst=177.45u bone[23]='bone_L-middlefinger01.mesh' parent[29] R=48.1 exactJoint=126.55u pairs=30  (palette-wide exactWorst=126.55u)
[HANDS_ATTACH] mesh='hands_naked.mesh' owner='hands_naked.mesh' frame=5538 nb=38 wext=100.6 rebound=0
  TIER1 rest-coherence: worst=158.4deg bone[5]='bone_R-foreArm.mesh' count(>5deg)=8 freshRecap=0  xcheck(invOff-vs-restW) worst=158.4deg bone[5]
  TIER2 joint-attach(PRIMARY): worst=129.06u bone[8]='bone_R-index01.mesh' parent[13] R=48.0 exactJoint=64.26u pairs=30  (palette-wide exactWorst=65.68u)
[HANDS_ATTACH] mesh='hands_naked.mesh' owner='hands_naked.mesh' frame=5541 nb=40 wext=137.9 rebound=0
  TIER1 rest-coherence: worst=174.5deg bone[2]='bone_R-foreTwist2.mesh' count(>5deg)=6 freshRecap=0  xcheck(invOff-vs-restW) worst=174.5deg bone[3]
  TIER2 joint-attach(PRIMARY): worst=131.17u bone[37]='bone_L-ringfinger-base.mesh' parent[20] R=43.7 exactJoint=71.77u pairs=36  (palette-wide exactWorst=116.50u)
[HANDS_ATTACH] mesh='hands_naked.mesh' owner='hands_naked.mesh' frame=5558 nb=38 wext=151.2 rebound=0
  TIER1 rest-coherence: worst=137.0deg bone[29]='bone_L-hand.mesh' count(>5deg)=8 freshRecap=0  xcheck(invOff-vs-restW) worst=137.0deg bone[29]
  TIER2 joint-attach(PRIMARY): worst=180.91u bone[1]='bone_R-middlefinger01.mesh' parent[13] R=48.1 exactJoint=55.82u pairs=30  (palette-wide exactWorst=127.14u)
[HANDS_ATTACH] mesh='hands_naked.mesh' owner='hands_naked.mesh' frame=5558 nb=38 wext=97.3 rebound=0
  TIER1 rest-coherence: worst=157.7deg bone[5]='bone_R-foreArm.mesh' count(>5deg)=8 freshRecap=0  xcheck(invOff-vs-restW) worst=157.7deg bone[5]
  TIER2 joint-attach(PRIMARY): worst=124.13u bone[8]='bone_R-index01.mesh' parent[13] R=48.0 exactJoint=61.09u pairs=30  (palette-wide exactWorst=62.41u)
[HANDS_ATTACH] mesh='hands_naked.mesh' owner='hands_naked.mesh' frame=5561 nb=40 wext=130.1 rebound=0
  TIER1 rest-coherence: worst=175.4deg bone[2]='bone_R-foreTwist2.mesh' count(>5deg)=6 freshRecap=0  xcheck(invOff-vs-restW) worst=175.4deg bone[3]
  TIER2 joint-attach(PRIMARY): worst=127.28u bone[37]='bone_L-ringfinger-base.mesh' parent[20] R=43.7 exactJoint=67.66u pairs=36  (palette-wide exactWorst=112.93u)
[HANDS_ATTACH] mesh='hands_naked.mesh' owner='hands_naked.mesh' frame=5578 nb=38 wext=153.0 rebound=0
  TIER1 rest-coherence: worst=137.0deg bone[29]='bone_L-hand.mesh' count(>5deg)=8 freshRecap=0  xcheck(invOff-vs-restW) worst=137.0deg bone[29]
  TIER2 joint-attach(PRIMARY): worst=183.46u bone[1]='bone_R-middlefinger01.mesh' parent[13] R=48.1 exactJoint=54.29u pairs=30  (palette-wide exactWorst=125.98u)
[HANDS_ATTACH] mesh='hands_naked.mesh' owner='hands_naked.mesh' frame=5578 nb=38 wext=104.1 rebound=0
  TIER1 rest-coherence: worst=157.7deg bone[5]='bone_R-foreArm.mesh' count(>5deg)=8 freshRecap=0  xcheck(invOff-vs-restW) worst=157.7deg bone[5]
  TIER2 joint-attach(PRIMARY): worst=119.02u bone[30]='bone_L-index01.mesh' parent[29] R=48.0 exactJoint=50.15u pairs=30  (palette-wide exactWorst=68.58u)
[HANDS_ATTACH] mesh='hands_naked.mesh' owner='hands_naked.mesh' frame=5581 nb=40 wext=127.5 rebound=0
  TIER1 rest-coherence: worst=175.4deg bone[2]='bone_R-foreTwist2.mesh' count(>5deg)=6 freshRecap=0  xcheck(invOff-vs-restW) worst=175.4deg bone[3]
  TIER2 joint-attach(PRIMARY): worst=131.14u bone[37]='bone_L-ringfinger-base.mesh' parent[20] R=43.7 exactJoint=67.30u pairs=36  (palette-wide exactWorst=106.53u)
[HANDS_ATTACH] mesh='hands_naked.mesh' owner='hands_naked.mesh' frame=5598 nb=38 wext=154.1 rebound=0
  TIER1 rest-coherence: worst=142.7deg bone[29]='bone_L-hand.mesh' count(>5deg)=8 freshRecap=0  xcheck(invOff-vs-restW) worst=142.7deg bone[29]
  TIER2 joint-attach(PRIMARY): worst=187.46u bone[1]='bone_R-middlefinger01.mesh' parent[13] R=48.1 exactJoint=55.37u pairs=30  (palette-wide exactWorst=128.62u)
[HANDS_ATTACH] mesh='hands_naked.mesh' owner='hands_naked.mesh' frame=5598 nb=38 wext=102.0 rebound=0
  TIER1 rest-coherence: worst=164.7deg bone[5]='bone_R-foreArm.mesh' count(>5deg)=8 freshRecap=0  xcheck(invOff-vs-restW) worst=164.7deg bone[5]
  TIER2 joint-attach(PRIMARY): worst=118.17u bone[8]='bone_R-index01.mesh' parent[13] R=48.0 exactJoint=67.13u pairs=30  (palette-wide exactWorst=68.43u)
[HANDS_ATTACH] mesh='hands_naked.mesh' owner='hands_naked.mesh' frame=5601 nb=40 wext=108.1 rebound=0
  TIER1 rest-coherence: worst=173.1deg bone[2]='bone_R-foreTwist2.mesh' count(>5deg)=6 freshRecap=0  xcheck(invOff-vs-restW) worst=173.1deg bone[3]
  TIER2 joint-attach(PRIMARY): worst=105.40u bone[21]='bone_R-ringfinger-base.mesh' parent[1] R=43.7 exactJoint=85.61u pairs=36  (palette-wide exactWorst=86.34u)
[HANDS_ATTACH] mesh='hands_naked.mesh' owner='hands_naked.mesh' frame=5618 nb=38 wext=152.4 rebound=0
  TIER1 rest-coherence: worst=142.7deg bone[29]='bone_L-hand.mesh' count(>5deg)=8 freshRecap=0  xcheck(invOff-vs-restW) worst=142.7deg bone[29]
  TIER2 joint-attach(PRIMARY): worst=188.12u bone[1]='bone_R-middlefinger01.mesh' parent[13] R=48.1 exactJoint=55.70u pairs=30  (palette-wide exactWorst=129.27u)
[HANDS_ATTACH] mesh='hands_naked.mesh' owner='hands_naked.mesh' frame=5618 nb=38 wext=102.1 rebound=0
  TIER1 rest-coherence: worst=152.1deg bone[13]='bone_R-hand.mesh' count(>5deg)=8 freshRecap=0  xcheck(invOff-vs-restW) worst=152.1deg bone[13]
  TIER2 joint-attach(PRIMARY): worst=127.20u bone[30]='bone_L-index01.mesh' parent[29] R=48.0 exactJoint=48.07u pairs=30  (palette-wide exactWorst=69.71u)
[HANDS_ATTACH] mesh='hands_naked.mesh' owner='hands_naked.mesh' frame=5621 nb=40 wext=99.6 rebound=0
  TIER1 rest-coherence: worst=158.4deg bone[2]='bone_R-foreTwist2.mesh' count(>5deg)=6 freshRecap=0  xcheck(invOff-vs-restW) worst=158.4deg bone[3]
  TIER2 joint-attach(PRIMARY): worst=96.30u bone[21]='bone_R-ringfinger-base.mesh' parent[1] R=43.7 exactJoint=76.98u pairs=36  (palette-wide exactWorst=77.78u)
[HANDS_ATTACH] mesh='hands_naked.mesh' owner='hands_naked.mesh' frame=5638 nb=38 wext=151.6 rebound=0
  TIER1 rest-coherence: worst=141.3deg bone[29]='bone_L-hand.mesh' count(>5deg)=8 freshRecap=0  xcheck(invOff-vs-restW) worst=141.3deg bone[29]
  TIER2 joint-attach(PRIMARY): worst=178.91u bone[1]='bone_R-middlefinger01.mesh' parent[13] R=48.1 exactJoint=53.10u pairs=30  (palette-wide exactWorst=128.04u)
[HANDS_ATTACH] mesh='hands_naked.mesh' owner='hands_naked.mesh' frame=5638 nb=38 wext=98.7 rebound=0
  TIER1 rest-coherence: worst=152.0deg bone[5]='bone_R-foreArm.mesh' count(>5deg)=8 freshRecap=0  xcheck(invOff-vs-restW) worst=152.0deg bone[5]
  TIER2 joint-attach(PRIMARY): worst=123.89u bone[30]='bone_L-index01.mesh' parent[29] R=48.0 exactJoint=47.86u pairs=30  (palette-wide exactWorst=67.44u)
[HANDS_ATTACH] mesh='hands_naked.mesh' owner='hands_naked.mesh' frame=5641 nb=40 wext=106.1 rebound=0
  TIER1 rest-coherence: worst=137.4deg bone[1]='bone_R-hand.mesh' count(>5deg)=6 freshRecap=0  xcheck(invOff-vs-restW) worst=137.4deg bone[1]
  TIER2 joint-attach(PRIMARY): worst=102.92u bone[21]='bone_R-ringfinger-base.mesh' parent[1] R=43.7 exactJoint=66.60u pairs=36  (palette-wide exactWorst=67.32u)
[HANDS_ATTACH] mesh='hands_naked.mesh' owner='hands_naked.mesh' frame=5658 nb=38 wext=150.9 rebound=0
  TIER1 rest-coherence: worst=142.4deg bone[29]='bone_L-hand.mesh' count(>5deg)=8 freshRecap=0  xcheck(invOff-vs-restW) worst=142.4deg bone[29]
  TIER2 joint-attach(PRIMARY): worst=178.20u bone[23]='bone_L-middlefinger01.mesh' parent[29] R=48.1 exactJoint=127.42u pairs=30  (palette-wide exactWorst=127.42u)
[HANDS_ATTACH] mesh='hands_naked.mesh' owner='hands_naked.mesh' frame=5658 nb=38 wext=100.7 rebound=0
  TIER1 rest-coherence: worst=176.6deg bone[0]='bone_R-foreTwist1.mesh' count(>5deg)=8 freshRecap=0  xcheck(invOff-vs-restW) worst=176.6deg bone[0]
  TIER2 joint-attach(PRIMARY): worst=120.06u bone[30]='bone_L-index01.mesh' parent[29] R=48.0 exactJoint=46.32u pairs=30  (palette-wide exactWorst=67.91u)
[HANDS_ATTACH] mesh='hands_naked.mesh' owner='hands_naked.mesh' frame=5661 nb=40 wext=100.0 rebound=0
  TIER1 rest-coherence: worst=141.3deg bone[2]='bone_R-foreTwist2.mesh' count(>5deg)=6 freshRecap=0  xcheck(invOff-vs-restW) worst=141.3deg bone[3]
  TIER2 joint-attach(PRIMARY): worst=96.54u bone[21]='bone_R-ringfinger-base.mesh' parent[1] R=43.7 exactJoint=79.39u pairs=36  (palette-wide exactWorst=79.94u)
[HANDS_ATTACH] mesh='hands_naked.mesh' owner='hands_naked.mesh' frame=5678 nb=38 wext=150.3 rebound=0
  TIER1 rest-coherence: worst=142.4deg bone[29]='bone_L-hand.mesh' count(>5deg)=8 freshRecap=0  xcheck(invOff-vs-restW) worst=142.4deg bone[29]
  TIER2 joint-attach(PRIMARY): worst=176.16u bone[23]='bone_L-middlefinger01.mesh' parent[29] R=48.1 exactJoint=125.91u pairs=30  (palette-wide exactWorst=125.91u)
[HANDS_ATTACH] mesh='hands_naked.mesh' owner='hands_naked.mesh' frame=5678 nb=38 wext=97.5 rebound=0
  TIER1 rest-coherence: worst=172.9deg bone[0]='bone_R-foreTwist1.mesh' count(>5deg)=8 freshRecap=0  xcheck(invOff-vs-restW) worst=172.9deg bone[0]
  TIER2 joint-attach(PRIMARY): worst=120.28u bone[8]='bone_R-index01.mesh' parent[13] R=48.0 exactJoint=65.11u pairs=30  (palette-wide exactWorst=66.41u)
[HANDS_ATTACH] mesh='hands_naked.mesh' owner='hands_naked.mesh' frame=5679 nb=40 wext=153.8 rebound=0
  TIER1 rest-coherence: worst=102.5deg bone[2]='bone_R-foreTwist2.mesh' count(>5deg)=6 freshRecap=0  xcheck(invOff-vs-restW) worst=102.5deg bone[2]
  TIER2 joint-attach(PRIMARY): worst=152.18u bone[21]='bone_R-ringfinger-base.mesh' parent[1] R=43.7 exactJoint=136.72u pairs=36  (palette-wide exactWorst=137.66u)
[HANDS_ATTACH] mesh='hands_naked.mesh' owner='hands_naked.mesh' frame=5688 nb=38 wext=150.9 rebound=0
  TIER1 rest-coherence: worst=144.0deg bone[29]='bone_L-hand.mesh' count(>5deg)=8 freshRecap=0  xcheck(invOff-vs-restW) worst=144.0deg bone[29]
  TIER2 joint-attach(PRIMARY): worst=180.75u bone[23]='bone_L-middlefinger01.mesh' parent[29] R=48.1 exactJoint=128.20u pairs=30  (palette-wide exactWorst=128.20u)
[HANDS_ATTACH] mesh='hands_naked.mesh' owner='hands_naked.mesh' frame=5688 nb=38 wext=98.2 rebound=0
  TIER1 rest-coherence: worst=178.2deg bone[6]='bone_R-foreTwist2.mesh' count(>5deg)=8 freshRecap=0  xcheck(invOff-vs-restW) worst=178.2deg bone[0]
  TIER2 joint-attach(PRIMARY): worst=126.96u bone[8]='bone_R-index01.mesh' parent[13] R=48.0 exactJoint=66.78u pairs=30  (palette-wide exactWorst=68.08u)
[HANDS_ATTACH] mesh='hands_naked.mesh' owner='hands_naked.mesh' frame=5689 nb=40 wext=149.6 rebound=0
  TIER1 rest-coherence: worst=142.7deg bone[1]='bone_R-hand.mesh' count(>5deg)=6 freshRecap=0  xcheck(invOff-vs-restW) worst=142.7deg bone[1]
  TIER2 joint-attach(PRIMARY): worst=144.89u bone[21]='bone_R-ringfinger-base.mesh' parent[1] R=43.7 exactJoint=131.41u pairs=36  (palette-wide exactWorst=132.34u)
[HANDS_ATTACH] mesh='hands_naked.mesh' owner='hands_naked.mesh' frame=5698 nb=38 wext=150.4 rebound=0
  TIER1 rest-coherence: worst=134.2deg bone[29]='bone_L-hand.mesh' count(>5deg)=8 freshRecap=0  xcheck(invOff-vs-restW) worst=134.2deg bone[29]
  TIER2 joint-attach(PRIMARY): worst=178.74u bone[23]='bone_L-middlefinger01.mesh' parent[29] R=48.1 exactJoint=127.67u pairs=30  (palette-wide exactWorst=127.67u)
[HANDS_ATTACH] mesh='hands_naked.mesh' owner='hands_naked.mesh' frame=5698 nb=38 wext=100.2 rebound=0
  TIER1 rest-coherence: worst=166.4deg bone[13]='bone_R-hand.mesh' count(>5deg)=8 freshRecap=0  xcheck(invOff-vs-restW) worst=166.4deg bone[13]
  TIER2 joint-attach(PRIMARY): worst=117.54u bone[8]='bone_R-index01.mesh' parent[13] R=48.0 exactJoint=63.24u pairs=30  (palette-wide exactWorst=64.53u)
[HANDS_ATTACH] mesh='hands_naked.mesh' owner='hands_naked.mesh' frame=5699 nb=40 wext=164.1 rebound=0
  TIER1 rest-coherence: worst=179.5deg bone[1]='bone_R-hand.mesh' count(>5deg)=6 freshRecap=0  xcheck(invOff-vs-restW) worst=179.5deg bone[1]
  TIER2 joint-attach(PRIMARY): worst=180.25u bone[21]='bone_R-ringfinger-base.mesh' parent[1] R=43.7 exactJoint=130.73u pairs=36  (palette-wide exactWorst=132.00u)
[HANDS_ATTACH] mesh='hands_naked.mesh' owner='hands_naked.mesh' frame=5708 nb=38 wext=152.6 rebound=0
  TIER1 rest-coherence: worst=134.2deg bone[29]='bone_L-hand.mesh' count(>5deg)=8 freshRecap=0  xcheck(invOff-vs-restW) worst=134.2deg bone[29]
  TIER2 joint-attach(PRIMARY): worst=176.41u bone[23]='bone_L-middlefinger01.mesh' parent[29] R=48.1 exactJoint=126.50u pairs=30  (palette-wide exactWorst=126.50u)
[HANDS_ATTACH] mesh='hands_naked.mesh' owner='hands_naked.mesh' frame=5708 nb=38 wext=100.3 rebound=0
  TIER1 rest-coherence: worst=177.1deg bone[5]='bone_R-foreArm.mesh' count(>5deg)=8 freshRecap=0  xcheck(invOff-vs-restW) worst=177.1deg bone[5]
  TIER2 joint-attach(PRIMARY): worst=122.33u bone[30]='bone_L-index01.mesh' parent[29] R=48.0 exactJoint=50.16u pairs=30  (palette-wide exactWorst=65.89u)
[HANDS_ATTACH] mesh='hands_naked.mesh' owner='hands_naked.mesh' frame=5709 nb=40 wext=165.8 rebound=0
  TIER1 rest-coherence: worst=159.2deg bone[3]='bone_R-foreTwist1.mesh' count(>5deg)=6 freshRecap=0  xcheck(invOff-vs-restW) worst=159.2deg bone[3]
  TIER2 joint-attach(PRIMARY): worst=188.44u bone[21]='bone_R-ringfinger-base.mesh' parent[1] R=43.7 exactJoint=134.49u pairs=36  (palette-wide exactWorst=135.77u)
[HANDS_ATTACH] mesh='hands_naked.mesh' owner='hands_naked.mesh' frame=5718 nb=38 wext=152.2 rebound=0
  TIER1 rest-coherence: worst=134.2deg bone[29]='bone_L-hand.mesh' count(>5deg)=8 freshRecap=0  xcheck(invOff-vs-restW) worst=134.2deg bone[29]
  TIER2 joint-attach(PRIMARY): worst=177.10u bone[23]='bone_L-middlefinger01.mesh' parent[29] R=48.1 exactJoint=125.36u pairs=30  (palette-wide exactWorst=125.36u)
[HANDS_ATTACH] mesh='hands_naked.mesh' owner='hands_naked.mesh' frame=5718 nb=38 wext=100.7 rebound=0
  TIER1 rest-coherence: worst=175.0deg bone[0]='bone_R-foreTwist1.mesh' count(>5deg)=8 freshRecap=0  xcheck(invOff-vs-restW) worst=175.0deg bone[0]
  TIER2 joint-attach(PRIMARY): worst=122.18u bone[8]='bone_R-index01.mesh' parent[13] R=48.0 exactJoint=64.18u pairs=30  (palette-wide exactWorst=65.51u)
[HANDS_ATTACH] mesh='hands_naked.mesh' owner='hands_naked.mesh' frame=5719 nb=40 wext=167.3 rebound=0
  TIER1 rest-coherence: worst=159.2deg bone[3]='bone_R-foreTwist1.mesh' count(>5deg)=6 freshRecap=0  xcheck(invOff-vs-restW) worst=159.2deg bone[3]
  TIER2 joint-attach(PRIMARY): worst=180.88u bone[21]='bone_R-ringfinger-base.mesh' parent[1] R=43.7 exactJoint=133.61u pairs=36  (palette-wide exactWorst=134.88u)
[HANDS_ATTACH] mesh='hands_naked.mesh' owner='hands_naked.mesh' frame=5728 nb=38 wext=152.2 rebound=0
  TIER1 rest-coherence: worst=148.0deg bone[29]='bone_L-hand.mesh' count(>5deg)=8 freshRecap=0  xcheck(invOff-vs-restW) worst=148.0deg bone[29]
  TIER2 joint-attach(PRIMARY): worst=170.64u bone[23]='bone_L-middlefinger01.mesh' parent[29] R=48.1 exactJoint=127.99u pairs=30  (palette-wide exactWorst=127.99u)
[HANDS_ATTACH] mesh='hands_naked.mesh' owner='hands_naked.mesh' frame=5728 nb=38 wext=101.9 rebound=0
  TIER1 rest-coherence: worst=178.4deg bone[5]='bone_R-foreArm.mesh' count(>5deg)=8 freshRecap=0  xcheck(invOff-vs-restW) worst=178.4deg bone[5]
  TIER2 joint-attach(PRIMARY): worst=126.89u bone[8]='bone_R-index01.mesh' parent[13] R=48.0 exactJoint=63.49u pairs=30  (palette-wide exactWorst=64.86u)
[HANDS_ATTACH] mesh='hands_naked.mesh' owner='hands_naked.mesh' frame=5729 nb=40 wext=151.9 rebound=0
  TIER1 rest-coherence: worst=159.2deg bone[3]='bone_R-foreTwist1.mesh' count(>5deg)=6 freshRecap=0  xcheck(invOff-vs-restW) worst=159.2deg bone[3]
  TIER2 joint-attach(PRIMARY): worst=156.85u bone[37]='bone_L-ringfinger-base.mesh' parent[20] R=43.7 exactJoint=95.62u pairs=36  (palette-wide exactWorst=134.09u)
[HANDS_ATTACH] mesh='hands_naked.mesh' owner='hands_naked.mesh' frame=5738 nb=38 wext=153.3 rebound=0
  TIER1 rest-coherence: worst=148.0deg bone[29]='bone_L-hand.mesh' count(>5deg)=8 freshRecap=0  xcheck(invOff-vs-restW) worst=148.0deg bone[29]
  TIER2 joint-attach(PRIMARY): worst=171.09u bone[23]='bone_L-middlefinger01.mesh' parent[29] R=48.1 exactJoint=129.38u pairs=30  (palette-wide exactWorst=129.38u)
[HANDS_ATTACH] mesh='hands_naked.mesh' owner='hands_naked.mesh' frame=5738 nb=38 wext=101.3 rebound=0
  TIER1 rest-coherence: worst=178.4deg bone[5]='bone_R-foreArm.mesh' count(>5deg)=8 freshRecap=0  xcheck(invOff-vs-restW) worst=178.4deg bone[5]
  TIER2 joint-attach(PRIMARY): worst=120.63u bone[8]='bone_R-index01.mesh' parent[13] R=48.0 exactJoint=62.59u pairs=30  (palette-wide exactWorst=63.91u)
[HANDS_ATTACH] mesh='hands_naked.mesh' owner='hands_naked.mesh' frame=5739 nb=40 wext=150.0 rebound=0
  TIER1 rest-coherence: worst=157.9deg bone[3]='bone_R-foreTwist1.mesh' count(>5deg)=6 freshRecap=0  xcheck(invOff-vs-restW) worst=157.9deg bone[3]
  TIER2 joint-attach(PRIMARY): worst=159.70u bone[37]='bone_L-ringfinger-base.mesh' parent[20] R=43.7 exactJoint=96.68u pairs=36  (palette-wide exactWorst=131.74u)
