[HANDS_ATTACH] mesh='hands_naked.mesh' owner='hands_naked.mesh' frame=3 nb=38 wext=100.6 rebound=1
  TIER1 rest-coherence: worst=87.3deg bone[33]='bone_L-middlefinger03.mesh' count(>5deg)=34 freshRecap=38  xcheck(invOff-vs-restW) worst=87.3deg bone[33]
  TIER2 joint-attach(PRIMARY): worst=46.71u bone[17]='bone_R-ringfinger02.mesh' parent[15] R=47.3 exactJoint=2.91u pairs=30  (palette-wide exactWorst=7.74u)
[HANDS_ATTACH] mesh='hands_naked.mesh' owner='hands_naked.mesh' frame=3 nb=40 wext=63.2 rebound=1
  TIER1 rest-coherence: worst=42.6deg bone[30]='bone_L-middlefinger03.mesh' count(>5deg)=36 freshRecap=40  xcheck(invOff-vs-restW) worst=42.6deg bone[30]
  TIER2 joint-attach(PRIMARY): worst=23.31u bone[5]='bone_R-ringfinger02.mesh' parent[24] R=37.9 exactJoint=0.00u pairs=36  (palette-wide exactWorst=0.04u)
[HANDS_ATTACH] mesh='hands_naked.mesh' owner='hands_naked.mesh' frame=3 nb=38 wext=99.8 rebound=1
  TIER1 rest-coherence: worst=87.3deg bone[33]='bone_L-middlefinger03.mesh' count(>5deg)=34 freshRecap=38  xcheck(invOff-vs-restW) worst=87.3deg bone[33]
  TIER2 joint-attach(PRIMARY): worst=46.71u bone[17]='bone_R-ringfinger02.mesh' parent[15] R=47.3 exactJoint=2.91u pairs=30  (palette-wide exactWorst=7.74u)
[HANDS_ATTACH] mesh='hands_naked.mesh' owner='hands_naked.mesh' frame=23 nb=38 wext=100.6 rebound=1
  TIER1 rest-coherence: worst=87.3deg bone[33]='bone_L-middlefinger03.mesh' count(>5deg)=34 freshRecap=0  xcheck(invOff-vs-restW) worst=87.3deg bone[33]
  TIER2 joint-attach(PRIMARY): worst=46.71u bone[17]='bone_R-ringfinger02.mesh' parent[15] R=47.3 exactJoint=2.91u pairs=30  (palette-wide exactWorst=7.74u)
[HANDS_ATTACH] mesh='hands_naked.mesh' owner='hands_naked.mesh' frame=23 nb=40 wext=63.2 rebound=1
  TIER1 rest-coherence: worst=42.6deg bone[30]='bone_L-middlefinger03.mesh' count(>5deg)=36 freshRecap=0  xcheck(invOff-vs-restW) worst=42.6deg bone[30]
  TIER2 joint-attach(PRIMARY): worst=23.31u bone[5]='bone_R-ringfinger02.mesh' parent[24] R=37.9 exactJoint=0.00u pairs=36  (palette-wide exactWorst=0.04u)
[HANDS_ATTACH] mesh='hands_naked.mesh' owner='hands_naked.mesh' frame=23 nb=38 wext=99.8 rebound=1
  TIER1 rest-coherence: worst=87.3deg bone[33]='bone_L-middlefinger03.mesh' count(>5deg)=34 freshRecap=0  xcheck(invOff-vs-restW) worst=87.3deg bone[33]
  TIER2 joint-attach(PRIMARY): worst=46.71u bone[17]='bone_R-ringfinger02.mesh' parent[15] R=47.3 exactJoint=2.91u pairs=30  (palette-wide exactWorst=7.74u)
[HANDS_ATTACH] mesh='hands_naked.mesh' owner='hands_naked.mesh' frame=43 nb=38 wext=100.6 rebound=1
  TIER1 rest-coherence: worst=87.3deg bone[33]='bone_L-middlefinger03.mesh' count(>5deg)=34 freshRecap=0  xcheck(invOff-vs-restW) worst=87.3deg bone[33]
  TIER2 joint-attach(PRIMARY): worst=46.71u bone[17]='bone_R-ringfinger02.mesh' parent[15] R=47.3 exactJoint=2.91u pairs=30  (palette-wide exactWorst=7.74u)
[HANDS_ATTACH] mesh='hands_naked.mesh' owner='hands_naked.mesh' frame=43 nb=40 wext=63.2 rebound=1
  TIER1 rest-coherence: worst=42.6deg bone[30]='bone_L-middlefinger03.mesh' count(>5deg)=36 freshRecap=0  xcheck(invOff-vs-restW) worst=42.6deg bone[30]
  TIER2 joint-attach(PRIMARY): worst=23.31u bone[5]='bone_R-ringfinger02.mesh' parent[24] R=37.9 exactJoint=0.00u pairs=36  (palette-wide exactWorst=0.04u)
[HANDS_ATTACH] mesh='hands_naked.mesh' owner='hands_naked.mesh' frame=43 nb=38 wext=99.8 rebound=1
  TIER1 rest-coherence: worst=87.3deg bone[33]='bone_L-middlefinger03.mesh' count(>5deg)=34 freshRecap=0  xcheck(invOff-vs-restW) worst=87.3deg bone[33]
  TIER2 joint-attach(PRIMARY): worst=46.71u bone[17]='bone_R-ringfinger02.mesh' parent[15] R=47.3 exactJoint=2.91u pairs=30  (palette-wide exactWorst=7.74u)
[HANDS_ATTACH] mesh='hands_naked.mesh' owner='hands_naked.mesh' frame=63 nb=38 wext=100.6 rebound=1
  TIER1 rest-coherence: worst=87.3deg bone[33]='bone_L-middlefinger03.mesh' count(>5deg)=34 freshRecap=0  xcheck(invOff-vs-restW) worst=87.3deg bone[33]
  TIER2 joint-attach(PRIMARY): worst=46.71u bone[17]='bone_R-ringfinger02.mesh' parent[15] R=47.3 exactJoint=2.91u pairs=30  (palette-wide exactWorst=7.74u)
[HANDS_ATTACH] mesh='hands_naked.mesh' owner='hands_naked.mesh' frame=63 nb=40 wext=63.2 rebound=1
  TIER1 rest-coherence: worst=42.6deg bone[30]='bone_L-middlefinger03.mesh' count(>5deg)=36 freshRecap=0  xcheck(invOff-vs-restW) worst=42.6deg bone[30]
  TIER2 joint-attach(PRIMARY): worst=23.31u bone[5]='bone_R-ringfinger02.mesh' parent[24] R=37.9 exactJoint=0.00u pairs=36  (palette-wide exactWorst=0.04u)
[HANDS_ATTACH] mesh='hands_naked.mesh' owner='hands_naked.mesh' frame=63 nb=38 wext=99.8 rebound=1
  TIER1 rest-coherence: worst=87.3deg bone[33]='bone_L-middlefinger03.mesh' count(>5deg)=34 freshRecap=0  xcheck(invOff-vs-restW) worst=87.3deg bone[33]
  TIER2 joint-attach(PRIMARY): worst=46.71u bone[17]='bone_R-ringfinger02.mesh' parent[15] R=47.3 exactJoint=2.91u pairs=30  (palette-wide exactWorst=7.74u)
[HANDS_ATTACH] mesh='hands_naked.mesh' owner='hands_naked.mesh' frame=74 nb=38 wext=82.8 rebound=1
  TIER1 rest-coherence: worst=87.3deg bone[33]='bone_L-middlefinger03.mesh' count(>5deg)=34 freshRecap=0  xcheck(invOff-vs-restW) worst=87.3deg bone[33]
  TIER2 joint-attach(PRIMARY): worst=31.10u bone[34]='bone_L-pinky02.mesh' parent[37] R=47.4 exactJoint=0.00u pairs=30  (palette-wide exactWorst=8.91u)
[HANDS_ATTACH] mesh='hands_naked.mesh' owner='hands_naked.mesh' frame=74 nb=40 wext=55.7 rebound=1
  TIER1 rest-coherence: worst=42.6deg bone[30]='bone_L-middlefinger03.mesh' count(>5deg)=36 freshRecap=0  xcheck(invOff-vs-restW) worst=42.6deg bone[30]
  TIER2 joint-attach(PRIMARY): worst=49.59u bone[9]='bone_R-pinky02.mesh' parent[14] R=38.4 exactJoint=0.51u pairs=36  (palette-wide exactWorst=6.19u)
[HANDS_ATTACH] mesh='hands_naked.mesh' owner='hands_naked.mesh' frame=74 nb=38 wext=88.6 rebound=1
  TIER1 rest-coherence: worst=87.3deg bone[33]='bone_L-middlefinger03.mesh' count(>5deg)=34 freshRecap=0  xcheck(invOff-vs-restW) worst=87.3deg bone[33]
  TIER2 joint-attach(PRIMARY): worst=64.86u bone[18]='bone_R-pinky02.mesh' parent[14] R=47.4 exactJoint=0.00u pairs=30  (palette-wide exactWorst=9.58u)
[HANDS_ATTACH] mesh='hands_naked.mesh' owner='hands_naked.mesh' frame=84 nb=38 wext=83.5 rebound=1
  TIER1 rest-coherence: worst=87.3deg bone[33]='bone_L-middlefinger03.mesh' count(>5deg)=34 freshRecap=0  xcheck(invOff-vs-restW) worst=87.3deg bone[33]
  TIER2 joint-attach(PRIMARY): worst=27.85u bone[34]='bone_L-pinky02.mesh' parent[37] R=47.4 exactJoint=0.00u pairs=30  (palette-wide exactWorst=8.92u)
[HANDS_ATTACH] mesh='hands_naked.mesh' owner='hands_naked.mesh' frame=84 nb=40 wext=56.1 rebound=1
  TIER1 rest-coherence: worst=42.6deg bone[30]='bone_L-middlefinger03.mesh' count(>5deg)=36 freshRecap=0  xcheck(invOff-vs-restW) worst=42.6deg bone[30]
  TIER2 joint-attach(PRIMARY): worst=48.20u bone[9]='bone_R-pinky02.mesh' parent[14] R=38.4 exactJoint=0.00u pairs=36  (palette-wide exactWorst=6.42u)
[HANDS_ATTACH] mesh='hands_naked.mesh' owner='hands_naked.mesh' frame=84 nb=38 wext=88.9 rebound=1
  TIER1 rest-coherence: worst=87.3deg bone[33]='bone_L-middlefinger03.mesh' count(>5deg)=34 freshRecap=0  xcheck(invOff-vs-restW) worst=87.3deg bone[33]
  TIER2 joint-attach(PRIMARY): worst=65.03u bone[18]='bone_R-pinky02.mesh' parent[14] R=47.4 exactJoint=0.00u pairs=30  (palette-wide exactWorst=9.59u)
[HANDS_ATTACH] mesh='hands_naked.mesh' owner='hands_naked.mesh' frame=94 nb=38 wext=83.1 rebound=1
  TIER1 rest-coherence: worst=87.3deg bone[33]='bone_L-middlefinger03.mesh' count(>5deg)=34 freshRecap=0  xcheck(invOff-vs-restW) worst=87.3deg bone[33]
  TIER2 joint-attach(PRIMARY): worst=24.48u bone[34]='bone_L-pinky02.mesh' parent[37] R=47.4 exactJoint=0.00u pairs=30  (palette-wide exactWorst=9.30u)
[HANDS_ATTACH] mesh='hands_naked.mesh' owner='hands_naked.mesh' frame=94 nb=40 wext=56.4 rebound=1
  TIER1 rest-coherence: worst=42.6deg bone[30]='bone_L-middlefinger03.mesh' count(>5deg)=36 freshRecap=0  xcheck(invOff-vs-restW) worst=42.6deg bone[30]
  TIER2 joint-attach(PRIMARY): worst=44.82u bone[9]='bone_R-pinky02.mesh' parent[14] R=38.4 exactJoint=0.00u pairs=36  (palette-wide exactWorst=7.50u)
[HANDS_ATTACH] mesh='hands_naked.mesh' owner='hands_naked.mesh' frame=94 nb=38 wext=88.0 rebound=1
  TIER1 rest-coherence: worst=87.3deg bone[33]='bone_L-middlefinger03.mesh' count(>5deg)=34 freshRecap=0  xcheck(invOff-vs-restW) worst=87.3deg bone[33]
  TIER2 joint-attach(PRIMARY): worst=65.20u bone[18]='bone_R-pinky02.mesh' parent[14] R=47.4 exactJoint=0.00u pairs=30  (palette-wide exactWorst=9.56u)
[HANDS_ATTACH] mesh='hands_naked.mesh' owner='hands_naked.mesh' frame=104 nb=38 wext=83.7 rebound=1
  TIER1 rest-coherence: worst=87.3deg bone[33]='bone_L-middlefinger03.mesh' count(>5deg)=34 freshRecap=0  xcheck(invOff-vs-restW) worst=87.3deg bone[33]
  TIER2 joint-attach(PRIMARY): worst=21.68u bone[9]='bone_R-thumb01.mesh' parent[13] R=48.5 exactJoint=0.00u pairs=30  (palette-wide exactWorst=7.12u)
[HANDS_ATTACH] mesh='hands_naked.mesh' owner='hands_naked.mesh' frame=104 nb=40 wext=56.5 rebound=1
  TIER1 rest-coherence: worst=42.6deg bone[30]='bone_L-middlefinger03.mesh' count(>5deg)=36 freshRecap=0  xcheck(invOff-vs-restW) worst=42.6deg bone[30]
  TIER2 joint-attach(PRIMARY): worst=41.29u bone[9]='bone_R-pinky02.mesh' parent[14] R=38.4 exactJoint=0.00u pairs=36  (palette-wide exactWorst=7.60u)
[HANDS_ATTACH] mesh='hands_naked.mesh' owner='hands_naked.mesh' frame=104 nb=38 wext=86.7 rebound=1
  TIER1 rest-coherence: worst=87.3deg bone[33]='bone_L-middlefinger03.mesh' count(>5deg)=34 freshRecap=0  xcheck(invOff-vs-restW) worst=87.3deg bone[33]
  TIER2 joint-attach(PRIMARY): worst=65.36u bone[18]='bone_R-pinky02.mesh' parent[14] R=47.4 exactJoint=0.00u pairs=30  (palette-wide exactWorst=9.52u)
[HANDS_ATTACH] mesh='hands_naked.mesh' owner='hands_naked.mesh' frame=114 nb=38 wext=83.8 rebound=1
  TIER1 rest-coherence: worst=87.3deg bone[33]='bone_L-middlefinger03.mesh' count(>5deg)=34 freshRecap=0  xcheck(invOff-vs-restW) worst=87.3deg bone[33]
  TIER2 joint-attach(PRIMARY): worst=21.68u bone[9]='bone_R-thumb01.mesh' parent[13] R=48.5 exactJoint=0.00u pairs=30  (palette-wide exactWorst=4.58u)
[HANDS_ATTACH] mesh='hands_naked.mesh' owner='hands_naked.mesh' frame=114 nb=40 wext=56.3 rebound=1
  TIER1 rest-coherence: worst=42.6deg bone[30]='bone_L-middlefinger03.mesh' count(>5deg)=36 freshRecap=0  xcheck(invOff-vs-restW) worst=42.6deg bone[30]
  TIER2 joint-attach(PRIMARY): worst=38.32u bone[9]='bone_R-pinky02.mesh' parent[14] R=38.4 exactJoint=0.00u pairs=36  (palette-wide exactWorst=7.06u)
[HANDS_ATTACH] mesh='hands_naked.mesh' owner='hands_naked.mesh' frame=114 nb=38 wext=86.0 rebound=1
  TIER1 rest-coherence: worst=87.3deg bone[33]='bone_L-middlefinger03.mesh' count(>5deg)=34 freshRecap=0  xcheck(invOff-vs-restW) worst=87.3deg bone[33]
  TIER2 joint-attach(PRIMARY): worst=65.50u bone[18]='bone_R-pinky02.mesh' parent[14] R=47.4 exactJoint=0.00u pairs=30  (palette-wide exactWorst=9.46u)
[HANDS_ATTACH] mesh='hands_naked.mesh' owner='hands_naked.mesh' frame=124 nb=38 wext=83.6 rebound=1
  TIER1 rest-coherence: worst=87.3deg bone[33]='bone_L-middlefinger03.mesh' count(>5deg)=34 freshRecap=0  xcheck(invOff-vs-restW) worst=87.3deg bone[33]
  TIER2 joint-attach(PRIMARY): worst=21.68u bone[9]='bone_R-thumb01.mesh' parent[13] R=48.5 exactJoint=0.00u pairs=30  (palette-wide exactWorst=2.24u)
[HANDS_ATTACH] mesh='hands_naked.mesh' owner='hands_naked.mesh' frame=124 nb=40 wext=56.2 rebound=1
  TIER1 rest-coherence: worst=42.6deg bone[30]='bone_L-middlefinger03.mesh' count(>5deg)=36 freshRecap=0  xcheck(invOff-vs-restW) worst=42.6deg bone[30]
  TIER2 joint-attach(PRIMARY): worst=35.45u bone[9]='bone_R-pinky02.mesh' parent[14] R=38.4 exactJoint=0.00u pairs=36  (palette-wide exactWorst=6.18u)
[HANDS_ATTACH] mesh='hands_naked.mesh' owner='hands_naked.mesh' frame=124 nb=38 wext=86.3 rebound=1
  TIER1 rest-coherence: worst=87.3deg bone[33]='bone_L-middlefinger03.mesh' count(>5deg)=34 freshRecap=0  xcheck(invOff-vs-restW) worst=87.3deg bone[33]
  TIER2 joint-attach(PRIMARY): worst=65.65u bone[18]='bone_R-pinky02.mesh' parent[14] R=47.4 exactJoint=0.00u pairs=30  (palette-wide exactWorst=9.40u)
[HANDS_ATTACH] mesh='hands_naked.mesh' owner='hands_naked.mesh' frame=134 nb=38 wext=83.4 rebound=1
  TIER1 rest-coherence: worst=87.3deg bone[33]='bone_L-middlefinger03.mesh' count(>5deg)=34 freshRecap=0  xcheck(invOff-vs-restW) worst=87.3deg bone[33]
  TIER2 joint-attach(PRIMARY): worst=21.68u bone[9]='bone_R-thumb01.mesh' parent[13] R=48.5 exactJoint=0.00u pairs=30  (palette-wide exactWorst=0.33u)
[HANDS_ATTACH] mesh='hands_naked.mesh' owner='hands_naked.mesh' frame=134 nb=40 wext=56.0 rebound=1
  TIER1 rest-coherence: worst=42.6deg bone[30]='bone_L-middlefinger03.mesh' count(>5deg)=36 freshRecap=0  xcheck(invOff-vs-restW) worst=42.6deg bone[30]
  TIER2 joint-attach(PRIMARY): worst=32.37u bone[9]='bone_R-pinky02.mesh' parent[14] R=38.4 exactJoint=0.00u pairs=36  (palette-wide exactWorst=4.98u)
[HANDS_ATTACH] mesh='hands_naked.mesh' owner='hands_naked.mesh' frame=134 nb=38 wext=86.6 rebound=1
  TIER1 rest-coherence: worst=87.3deg bone[33]='bone_L-middlefinger03.mesh' count(>5deg)=34 freshRecap=0  xcheck(invOff-vs-restW) worst=87.3deg bone[33]
  TIER2 joint-attach(PRIMARY): worst=65.78u bone[18]='bone_R-pinky02.mesh' parent[14] R=47.4 exactJoint=0.00u pairs=30  (palette-wide exactWorst=9.33u)
[HANDS_ATTACH] mesh='hands_naked.mesh' owner='hands_naked.mesh' frame=144 nb=38 wext=83.0 rebound=1
  TIER1 rest-coherence: worst=87.3deg bone[33]='bone_L-middlefinger03.mesh' count(>5deg)=34 freshRecap=0  xcheck(invOff-vs-restW) worst=87.3deg bone[33]
  TIER2 joint-attach(PRIMARY): worst=21.68u bone[9]='bone_R-thumb01.mesh' parent[13] R=48.5 exactJoint=0.00u pairs=30  (palette-wide exactWorst=0.33u)
[HANDS_ATTACH] mesh='hands_naked.mesh' owner='hands_naked.mesh' frame=144 nb=40 wext=55.7 rebound=1
  TIER1 rest-coherence: worst=42.6deg bone[30]='bone_L-middlefinger03.mesh' count(>5deg)=36 freshRecap=0  xcheck(invOff-vs-restW) worst=42.6deg bone[30]
  TIER2 joint-attach(PRIMARY): worst=29.29u bone[9]='bone_R-pinky02.mesh' parent[14] R=38.4 exactJoint=0.00u pairs=36  (palette-wide exactWorst=3.69u)
[HANDS_ATTACH] mesh='hands_naked.mesh' owner='hands_naked.mesh' frame=144 nb=38 wext=87.1 rebound=1
  TIER1 rest-coherence: worst=87.3deg bone[33]='bone_L-middlefinger03.mesh' count(>5deg)=34 freshRecap=0  xcheck(invOff-vs-restW) worst=87.3deg bone[33]
  TIER2 joint-attach(PRIMARY): worst=65.91u bone[18]='bone_R-pinky02.mesh' parent[14] R=47.4 exactJoint=0.00u pairs=30  (palette-wide exactWorst=9.41u)
[HANDS_ATTACH] mesh='hands_naked.mesh' owner='hands_naked.mesh' frame=154 nb=38 wext=82.4 rebound=1
  TIER1 rest-coherence: worst=87.3deg bone[33]='bone_L-middlefinger03.mesh' count(>5deg)=34 freshRecap=0  xcheck(invOff-vs-restW) worst=87.3deg bone[33]
  TIER2 joint-attach(PRIMARY): worst=21.68u bone[9]='bone_R-thumb01.mesh' parent[13] R=48.5 exactJoint=0.00u pairs=30  (palette-wide exactWorst=0.33u)
[HANDS_ATTACH] mesh='hands_naked.mesh' owner='hands_naked.mesh' frame=154 nb=40 wext=55.4 rebound=1
  TIER1 rest-coherence: worst=42.6deg bone[30]='bone_L-middlefinger03.mesh' count(>5deg)=36 freshRecap=0  xcheck(invOff-vs-restW) worst=42.6deg bone[30]
  TIER2 joint-attach(PRIMARY): worst=26.18u bone[9]='bone_R-pinky02.mesh' parent[14] R=38.4 exactJoint=0.00u pairs=36  (palette-wide exactWorst=2.39u)
[HANDS_ATTACH] mesh='hands_naked.mesh' owner='hands_naked.mesh' frame=154 nb=38 wext=87.9 rebound=1
  TIER1 rest-coherence: worst=87.3deg bone[33]='bone_L-middlefinger03.mesh' count(>5deg)=34 freshRecap=0  xcheck(invOff-vs-restW) worst=87.3deg bone[33]
  TIER2 joint-attach(PRIMARY): worst=66.04u bone[18]='bone_R-pinky02.mesh' parent[14] R=47.4 exactJoint=0.00u pairs=30  (palette-wide exactWorst=9.48u)
[HANDS_ATTACH] mesh='hands_naked.mesh' owner='hands_naked.mesh' frame=164 nb=38 wext=81.8 rebound=1
  TIER1 rest-coherence: worst=87.3deg bone[33]='bone_L-middlefinger03.mesh' count(>5deg)=34 freshRecap=0  xcheck(invOff-vs-restW) worst=87.3deg bone[33]
  TIER2 joint-attach(PRIMARY): worst=21.68u bone[9]='bone_R-thumb01.mesh' parent[13] R=48.5 exactJoint=0.00u pairs=30  (palette-wide exactWorst=0.33u)
[HANDS_ATTACH] mesh='hands_naked.mesh' owner='hands_naked.mesh' frame=164 nb=40 wext=55.2 rebound=1
  TIER1 rest-coherence: worst=42.6deg bone[30]='bone_L-middlefinger03.mesh' count(>5deg)=36 freshRecap=0  xcheck(invOff-vs-restW) worst=42.6deg bone[30]
  TIER2 joint-attach(PRIMARY): worst=22.94u bone[9]='bone_R-pinky02.mesh' parent[14] R=38.4 exactJoint=0.00u pairs=36  (palette-wide exactWorst=1.14u)
[HANDS_ATTACH] mesh='hands_naked.mesh' owner='hands_naked.mesh' frame=164 nb=38 wext=88.2 rebound=1
  TIER1 rest-coherence: worst=87.3deg bone[33]='bone_L-middlefinger03.mesh' count(>5deg)=34 freshRecap=0  xcheck(invOff-vs-restW) worst=87.3deg bone[33]
  TIER2 joint-attach(PRIMARY): worst=66.18u bone[18]='bone_R-pinky02.mesh' parent[14] R=47.4 exactJoint=0.00u pairs=30  (palette-wide exactWorst=9.53u)
[HANDS_ATTACH] mesh='hands_naked.mesh' owner='hands_naked.mesh' frame=174 nb=38 wext=81.7 rebound=1
  TIER1 rest-coherence: worst=87.3deg bone[33]='bone_L-middlefinger03.mesh' count(>5deg)=34 freshRecap=0  xcheck(invOff-vs-restW) worst=87.3deg bone[33]
  TIER2 joint-attach(PRIMARY): worst=21.68u bone[9]='bone_R-thumb01.mesh' parent[13] R=48.5 exactJoint=0.00u pairs=30  (palette-wide exactWorst=0.33u)
[HANDS_ATTACH] mesh='hands_naked.mesh' owner='hands_naked.mesh' frame=174 nb=40 wext=55.6 rebound=1
  TIER1 rest-coherence: worst=42.6deg bone[30]='bone_L-middlefinger03.mesh' count(>5deg)=36 freshRecap=0  xcheck(invOff-vs-restW) worst=42.6deg bone[30]
  TIER2 joint-attach(PRIMARY): worst=20.98u bone[13]='bone_R-pinky03.mesh' parent[9] R=37.9 exactJoint=0.06u pairs=36  (palette-wide exactWorst=1.18u)
[HANDS_ATTACH] mesh='hands_naked.mesh' owner='hands_naked.mesh' frame=174 nb=38 wext=87.8 rebound=1
  TIER1 rest-coherence: worst=87.3deg bone[33]='bone_L-middlefinger03.mesh' count(>5deg)=34 freshRecap=0  xcheck(invOff-vs-restW) worst=87.3deg bone[33]
  TIER2 joint-attach(PRIMARY): worst=66.31u bone[18]='bone_R-pinky02.mesh' parent[14] R=47.4 exactJoint=0.00u pairs=30  (palette-wide exactWorst=9.64u)
[HANDS_ATTACH] mesh='hands_naked.mesh' owner='hands_naked.mesh' frame=184 nb=38 wext=82.1 rebound=1
  TIER1 rest-coherence: worst=87.3deg bone[33]='bone_L-middlefinger03.mesh' count(>5deg)=34 freshRecap=0  xcheck(invOff-vs-restW) worst=87.3deg bone[33]
  TIER2 joint-attach(PRIMARY): worst=23.51u bone[2]='bone_R-pinky03.mesh' parent[18] R=47.1 exactJoint=0.00u pairs=30  (palette-wide exactWorst=0.33u)
[HANDS_ATTACH] mesh='hands_naked.mesh' owner='hands_naked.mesh' frame=184 nb=40 wext=55.8 rebound=1
  TIER1 rest-coherence: worst=42.6deg bone[30]='bone_L-middlefinger03.mesh' count(>5deg)=36 freshRecap=0  xcheck(invOff-vs-restW) worst=42.6deg bone[30]
  TIER2 joint-attach(PRIMARY): worst=21.07u bone[14]='bone_R-pinky01.mesh' parent[11] R=39.0 exactJoint=0.00u pairs=36  (palette-wide exactWorst=2.60u)
[HANDS_ATTACH] mesh='hands_naked.mesh' owner='hands_naked.mesh' frame=184 nb=38 wext=87.8 rebound=1
  TIER1 rest-coherence: worst=87.3deg bone[33]='bone_L-middlefinger03.mesh' count(>5deg)=34 freshRecap=0  xcheck(invOff-vs-restW) worst=87.3deg bone[33]
  TIER2 joint-attach(PRIMARY): worst=66.44u bone[18]='bone_R-pinky02.mesh' parent[14] R=47.4 exactJoint=0.00u pairs=30  (palette-wide exactWorst=9.58u)
[HANDS_ATTACH] mesh='hands_naked.mesh' owner='hands_naked.mesh' frame=194 nb=38 wext=82.1 rebound=1
  TIER1 rest-coherence: worst=87.3deg bone[33]='bone_L-middlefinger03.mesh' count(>5deg)=34 freshRecap=0  xcheck(invOff-vs-restW) worst=87.3deg bone[33]
  TIER2 joint-attach(PRIMARY): worst=28.68u bone[18]='bone_R-pinky02.mesh' parent[14] R=47.4 exactJoint=0.00u pairs=30  (palette-wide exactWorst=1.42u)
[HANDS_ATTACH] mesh='hands_naked.mesh' owner='hands_naked.mesh' frame=194 nb=40 wext=56.0 rebound=1
  TIER1 rest-coherence: worst=42.6deg bone[30]='bone_L-middlefinger03.mesh' count(>5deg)=36 freshRecap=0  xcheck(invOff-vs-restW) worst=42.6deg bone[30]
  TIER2 joint-attach(PRIMARY): worst=21.27u bone[14]='bone_R-pinky01.mesh' parent[11] R=39.0 exactJoint=0.00u pairs=36  (palette-wide exactWorst=4.05u)
[HANDS_ATTACH] mesh='hands_naked.mesh' owner='hands_naked.mesh' frame=194 nb=38 wext=88.0 rebound=1
  TIER1 rest-coherence: worst=87.3deg bone[33]='bone_L-middlefinger03.mesh' count(>5deg)=34 freshRecap=0  xcheck(invOff-vs-restW) worst=87.3deg bone[33]
  TIER2 joint-attach(PRIMARY): worst=65.45u bone[18]='bone_R-pinky02.mesh' parent[14] R=47.4 exactJoint=0.34u pairs=30  (palette-wide exactWorst=9.58u)
[HANDS_ATTACH] mesh='hands_naked.mesh' owner='hands_naked.mesh' frame=204 nb=38 wext=81.2 rebound=1
  TIER1 rest-coherence: worst=87.3deg bone[33]='bone_L-middlefinger03.mesh' count(>5deg)=34 freshRecap=0  xcheck(invOff-vs-restW) worst=87.3deg bone[33]
  TIER2 joint-attach(PRIMARY): worst=34.96u bone[18]='bone_R-pinky02.mesh' parent[14] R=47.4 exactJoint=0.00u pairs=30  (palette-wide exactWorst=4.32u)
[HANDS_ATTACH] mesh='hands_naked.mesh' owner='hands_naked.mesh' frame=204 nb=40 wext=56.3 rebound=1
  TIER1 rest-coherence: worst=42.6deg bone[30]='bone_L-middlefinger03.mesh' count(>5deg)=36 freshRecap=0  xcheck(invOff-vs-restW) worst=42.6deg bone[30]
  TIER2 joint-attach(PRIMARY): worst=21.48u bone[14]='bone_R-pinky01.mesh' parent[11] R=39.0 exactJoint=0.00u pairs=36  (palette-wide exactWorst=5.43u)
[HANDS_ATTACH] mesh='hands_naked.mesh' owner='hands_naked.mesh' frame=204 nb=38 wext=88.6 rebound=1
  TIER1 rest-coherence: worst=87.3deg bone[33]='bone_L-middlefinger03.mesh' count(>5deg)=34 freshRecap=0  xcheck(invOff-vs-restW) worst=87.3deg bone[33]
  TIER2 joint-attach(PRIMARY): worst=64.49u bone[18]='bone_R-pinky02.mesh' parent[14] R=47.4 exactJoint=0.67u pairs=30  (palette-wide exactWorst=9.58u)
[HANDS_ATTACH] mesh='hands_naked.mesh' owner='hands_naked.mesh' frame=214 nb=38 wext=80.2 rebound=1
  TIER1 rest-coherence: worst=87.3deg bone[33]='bone_L-middlefinger03.mesh' count(>5deg)=34 freshRecap=0  xcheck(invOff-vs-restW) worst=87.3deg bone[33]
  TIER2 joint-attach(PRIMARY): worst=41.36u bone[18]='bone_R-pinky02.mesh' parent[14] R=47.4 exactJoint=0.00u pairs=30  (palette-wide exactWorst=7.31u)
[HANDS_ATTACH] mesh='hands_naked.mesh' owner='hands_naked.mesh' frame=214 nb=40 wext=56.7 rebound=1
  TIER1 rest-coherence: worst=42.6deg bone[30]='bone_L-middlefinger03.mesh' count(>5deg)=36 freshRecap=0  xcheck(invOff-vs-restW) worst=42.6deg bone[30]
  TIER2 joint-attach(PRIMARY): worst=21.68u bone[14]='bone_R-pinky01.mesh' parent[11] R=39.0 exactJoint=0.00u pairs=36  (palette-wide exactWorst=6.61u)
[HANDS_ATTACH] mesh='hands_naked.mesh' owner='hands_naked.mesh' frame=214 nb=38 wext=89.0 rebound=1
  TIER1 rest-coherence: worst=87.3deg bone[33]='bone_L-middlefinger03.mesh' count(>5deg)=34 freshRecap=0  xcheck(invOff-vs-restW) worst=87.3deg bone[33]
  TIER2 joint-attach(PRIMARY): worst=63.70u bone[18]='bone_R-pinky02.mesh' parent[14] R=47.4 exactJoint=0.94u pairs=30  (palette-wide exactWorst=9.57u)
[HANDS_ATTACH] mesh='hands_naked.mesh' owner='hands_naked.mesh' frame=224 nb=38 wext=79.6 rebound=1
  TIER1 rest-coherence: worst=87.3deg bone[33]='bone_L-middlefinger03.mesh' count(>5deg)=34 freshRecap=0  xcheck(invOff-vs-restW) worst=87.3deg bone[33]
  TIER2 joint-attach(PRIMARY): worst=47.75u bone[18]='bone_R-pinky02.mesh' parent[14] R=47.4 exactJoint=0.00u pairs=30  (palette-wide exactWorst=9.32u)
[HANDS_ATTACH] mesh='hands_naked.mesh' owner='hands_naked.mesh' frame=224 nb=40 wext=57.0 rebound=1
  TIER1 rest-coherence: worst=42.6deg bone[30]='bone_L-middlefinger03.mesh' count(>5deg)=36 freshRecap=0  xcheck(invOff-vs-restW) worst=42.6deg bone[30]
  TIER2 joint-attach(PRIMARY): worst=21.88u bone[14]='bone_R-pinky01.mesh' parent[11] R=39.0 exactJoint=0.00u pairs=36  (palette-wide exactWorst=7.44u)
[HANDS_ATTACH] mesh='hands_naked.mesh' owner='hands_naked.mesh' frame=224 nb=38 wext=89.2 rebound=1
  TIER1 rest-coherence: worst=87.3deg bone[33]='bone_L-middlefinger03.mesh' count(>5deg)=34 freshRecap=0  xcheck(invOff-vs-restW) worst=87.3deg bone[33]
  TIER2 joint-attach(PRIMARY): worst=63.11u bone[18]='bone_R-pinky02.mesh' parent[14] R=47.4 exactJoint=1.14u pairs=30  (palette-wide exactWorst=9.56u)
[HANDS_ATTACH] mesh='hands_naked.mesh' owner='hands_naked.mesh' frame=234 nb=38 wext=80.3 rebound=1
  TIER1 rest-coherence: worst=87.3deg bone[33]='bone_L-middlefinger03.mesh' count(>5deg)=34 freshRecap=0  xcheck(invOff-vs-restW) worst=87.3deg bone[33]
  TIER2 joint-attach(PRIMARY): worst=53.82u bone[18]='bone_R-pinky02.mesh' parent[14] R=47.4 exactJoint=0.00u pairs=30  (palette-wide exactWorst=9.02u)
[HANDS_ATTACH] mesh='hands_naked.mesh' owner='hands_naked.mesh' frame=234 nb=40 wext=57.0 rebound=1
  TIER1 rest-coherence: worst=42.6deg bone[30]='bone_L-middlefinger03.mesh' count(>5deg)=36 freshRecap=0  xcheck(invOff-vs-restW) worst=42.6deg bone[30]
  TIER2 joint-attach(PRIMARY): worst=22.06u bone[14]='bone_R-pinky01.mesh' parent[11] R=39.0 exactJoint=0.00u pairs=36  (palette-wide exactWorst=7.68u)
[HANDS_ATTACH] mesh='hands_naked.mesh' owner='hands_naked.mesh' frame=234 nb=38 wext=89.2 rebound=1
  TIER1 rest-coherence: worst=87.3deg bone[33]='bone_L-middlefinger03.mesh' count(>5deg)=34 freshRecap=0  xcheck(invOff-vs-restW) worst=87.3deg bone[33]
  TIER2 joint-attach(PRIMARY): worst=62.74u bone[18]='bone_R-pinky02.mesh' parent[14] R=47.4 exactJoint=1.26u pairs=30  (palette-wide exactWorst=9.55u)
[HANDS_ATTACH] mesh='hands_naked.mesh' owner='hands_naked.mesh' frame=244 nb=38 wext=80.9 rebound=1
  TIER1 rest-coherence: worst=87.3deg bone[33]='bone_L-middlefinger03.mesh' count(>5deg)=34 freshRecap=0  xcheck(invOff-vs-restW) worst=87.3deg bone[33]
  TIER2 joint-attach(PRIMARY): worst=59.09u bone[18]='bone_R-pinky02.mesh' parent[14] R=47.4 exactJoint=0.00u pairs=30  (palette-wide exactWorst=8.56u)
[HANDS_ATTACH] mesh='hands_naked.mesh' owner='hands_naked.mesh' frame=244 nb=40 wext=56.7 rebound=1
  TIER1 rest-coherence: worst=42.6deg bone[30]='bone_L-middlefinger03.mesh' count(>5deg)=36 freshRecap=0  xcheck(invOff-vs-restW) worst=42.6deg bone[30]
  TIER2 joint-attach(PRIMARY): worst=22.21u bone[14]='bone_R-pinky01.mesh' parent[11] R=39.0 exactJoint=0.00u pairs=36  (palette-wide exactWorst=7.20u)
[HANDS_ATTACH] mesh='hands_naked.mesh' owner='hands_naked.mesh' frame=244 nb=38 wext=89.2 rebound=1
  TIER1 rest-coherence: worst=87.3deg bone[33]='bone_L-middlefinger03.mesh' count(>5deg)=34 freshRecap=0  xcheck(invOff-vs-restW) worst=87.3deg bone[33]
  TIER2 joint-attach(PRIMARY): worst=62.57u bone[18]='bone_R-pinky02.mesh' parent[14] R=47.4 exactJoint=1.32u pairs=30  (palette-wide exactWorst=9.55u)
[HANDS_ATTACH] mesh='hands_naked.mesh' owner='hands_naked.mesh' frame=254 nb=38 wext=81.5 rebound=1
  TIER1 rest-coherence: worst=87.3deg bone[33]='bone_L-middlefinger03.mesh' count(>5deg)=34 freshRecap=0  xcheck(invOff-vs-restW) worst=87.3deg bone[33]
  TIER2 joint-attach(PRIMARY): worst=61.83u bone[18]='bone_R-pinky02.mesh' parent[14] R=47.4 exactJoint=0.44u pairs=30  (palette-wide exactWorst=9.40u)
[HANDS_ATTACH] mesh='hands_naked.mesh' owner='hands_naked.mesh' frame=254 nb=40 wext=56.2 rebound=1
  TIER1 rest-coherence: worst=42.6deg bone[30]='bone_L-middlefinger03.mesh' count(>5deg)=36 freshRecap=0  xcheck(invOff-vs-restW) worst=42.6deg bone[30]
  TIER2 joint-attach(PRIMARY): worst=22.32u bone[14]='bone_R-pinky01.mesh' parent[11] R=39.0 exactJoint=0.00u pairs=36  (palette-wide exactWorst=6.12u)
[HANDS_ATTACH] mesh='hands_naked.mesh' owner='hands_naked.mesh' frame=254 nb=38 wext=89.3 rebound=1
  TIER1 rest-coherence: worst=87.3deg bone[33]='bone_L-middlefinger03.mesh' count(>5deg)=34 freshRecap=0  xcheck(invOff-vs-restW) worst=87.3deg bone[33]
  TIER2 joint-attach(PRIMARY): worst=62.56u bone[18]='bone_R-pinky02.mesh' parent[14] R=47.4 exactJoint=1.32u pairs=30  (palette-wide exactWorst=9.55u)
[HANDS_ATTACH] mesh='hands_naked.mesh' owner='hands_naked.mesh' frame=264 nb=38 wext=81.9 rebound=1
  TIER1 rest-coherence: worst=87.3deg bone[33]='bone_L-middlefinger03.mesh' count(>5deg)=34 freshRecap=0  xcheck(invOff-vs-restW) worst=87.3deg bone[33]
  TIER2 joint-attach(PRIMARY): worst=62.65u bone[18]='bone_R-pinky02.mesh' parent[14] R=47.4 exactJoint=1.01u pairs=30  (palette-wide exactWorst=9.58u)
[HANDS_ATTACH] mesh='hands_naked.mesh' owner='hands_naked.mesh' frame=264 nb=40 wext=55.9 rebound=1
  TIER1 rest-coherence: worst=42.6deg bone[30]='bone_L-middlefinger03.mesh' count(>5deg)=36 freshRecap=0  xcheck(invOff-vs-restW) worst=42.6deg bone[30]
  TIER2 joint-attach(PRIMARY): worst=22.39u bone[14]='bone_R-pinky01.mesh' parent[11] R=39.0 exactJoint=0.00u pairs=36  (palette-wide exactWorst=6.73u)
[HANDS_ATTACH] mesh='hands_naked.mesh' owner='hands_naked.mesh' frame=264 nb=38 wext=89.4 rebound=1
  TIER1 rest-coherence: worst=87.3deg bone[33]='bone_L-middlefinger03.mesh' count(>5deg)=34 freshRecap=0  xcheck(invOff-vs-restW) worst=87.3deg bone[33]
  TIER2 joint-attach(PRIMARY): worst=62.69u bone[18]='bone_R-pinky02.mesh' parent[14] R=47.4 exactJoint=1.28u pairs=30  (palette-wide exactWorst=9.55u)
[HANDS_ATTACH] mesh='hands_naked.mesh' owner='hands_naked.mesh' frame=274 nb=38 wext=81.7 rebound=1
  TIER1 rest-coherence: worst=87.3deg bone[33]='bone_L-middlefinger03.mesh' count(>5deg)=34 freshRecap=0  xcheck(invOff-vs-restW) worst=87.3deg bone[33]
  TIER2 joint-attach(PRIMARY): worst=63.01u bone[18]='bone_R-pinky02.mesh' parent[14] R=47.4 exactJoint=1.31u pairs=30  (palette-wide exactWorst=9.54u)
[HANDS_ATTACH] mesh='hands_naked.mesh' owner='hands_naked.mesh' frame=274 nb=40 wext=56.5 rebound=1
  TIER1 rest-coherence: worst=42.6deg bone[30]='bone_L-middlefinger03.mesh' count(>5deg)=36 freshRecap=0  xcheck(invOff-vs-restW) worst=42.6deg bone[30]
  TIER2 joint-attach(PRIMARY): worst=22.40u bone[14]='bone_R-pinky01.mesh' parent[11] R=39.0 exactJoint=0.00u pairs=36  (palette-wide exactWorst=7.11u)
[HANDS_ATTACH] mesh='hands_naked.mesh' owner='hands_naked.mesh' frame=274 nb=38 wext=89.5 rebound=1
  TIER1 rest-coherence: worst=87.3deg bone[33]='bone_L-middlefinger03.mesh' count(>5deg)=34 freshRecap=0  xcheck(invOff-vs-restW) worst=87.3deg bone[33]
  TIER2 joint-attach(PRIMARY): worst=62.94u bone[18]='bone_R-pinky02.mesh' parent[14] R=47.4 exactJoint=1.20u pairs=30  (palette-wide exactWorst=9.56u)
[HANDS_ATTACH] mesh='hands_naked.mesh' owner='hands_naked.mesh' frame=284 nb=38 wext=81.4 rebound=1
  TIER1 rest-coherence: worst=87.3deg bone[33]='bone_L-middlefinger03.mesh' count(>5deg)=34 freshRecap=0  xcheck(invOff-vs-restW) worst=87.3deg bone[33]
  TIER2 joint-attach(PRIMARY): worst=63.11u bone[18]='bone_R-pinky02.mesh' parent[14] R=47.4 exactJoint=1.40u pairs=30  (palette-wide exactWorst=9.50u)
[HANDS_ATTACH] mesh='hands_naked.mesh' owner='hands_naked.mesh' frame=284 nb=40 wext=56.9 rebound=1
  TIER1 rest-coherence: worst=42.6deg bone[30]='bone_L-middlefinger03.mesh' count(>5deg)=36 freshRecap=0  xcheck(invOff-vs-restW) worst=42.6deg bone[30]
  TIER2 joint-attach(PRIMARY): worst=22.35u bone[14]='bone_R-pinky01.mesh' parent[11] R=39.0 exactJoint=0.00u pairs=36  (palette-wide exactWorst=7.32u)
[HANDS_ATTACH] mesh='hands_naked.mesh' owner='hands_naked.mesh' frame=284 nb=38 wext=89.3 rebound=1
  TIER1 rest-coherence: worst=87.3deg bone[33]='bone_L-middlefinger03.mesh' count(>5deg)=34 freshRecap=0  xcheck(invOff-vs-restW) worst=87.3deg bone[33]
  TIER2 joint-attach(PRIMARY): worst=63.30u bone[18]='bone_R-pinky02.mesh' parent[14] R=47.4 exactJoint=1.07u pairs=30  (palette-wide exactWorst=9.56u)
[HANDS_ATTACH] mesh='hands_naked.mesh' owner='hands_naked.mesh' frame=294 nb=38 wext=81.3 rebound=1
  TIER1 rest-coherence: worst=87.3deg bone[33]='bone_L-middlefinger03.mesh' count(>5deg)=34 freshRecap=0  xcheck(invOff-vs-restW) worst=87.3deg bone[33]
  TIER2 joint-attach(PRIMARY): worst=63.09u bone[18]='bone_R-pinky02.mesh' parent[14] R=47.4 exactJoint=1.39u pairs=30  (palette-wide exactWorst=9.51u)
[HANDS_ATTACH] mesh='hands_naked.mesh' owner='hands_naked.mesh' frame=294 nb=40 wext=57.2 rebound=1
  TIER1 rest-coherence: worst=42.6deg bone[30]='bone_L-middlefinger03.mesh' count(>5deg)=36 freshRecap=0  xcheck(invOff-vs-restW) worst=42.6deg bone[30]
  TIER2 joint-attach(PRIMARY): worst=22.24u bone[14]='bone_R-pinky01.mesh' parent[11] R=39.0 exactJoint=0.00u pairs=36  (palette-wide exactWorst=7.41u)
[HANDS_ATTACH] mesh='hands_naked.mesh' owner='hands_naked.mesh' frame=294 nb=38 wext=89.3 rebound=1
  TIER1 rest-coherence: worst=87.3deg bone[33]='bone_L-middlefinger03.mesh' count(>5deg)=34 freshRecap=0  xcheck(invOff-vs-restW) worst=87.3deg bone[33]
  TIER2 joint-attach(PRIMARY): worst=63.75u bone[18]='bone_R-pinky02.mesh' parent[14] R=47.4 exactJoint=0.92u pairs=30  (palette-wide exactWorst=9.57u)
[HANDS_ATTACH] mesh='hands_naked.mesh' owner='hands_naked.mesh' frame=304 nb=38 wext=80.6 rebound=1
  TIER1 rest-coherence: worst=87.3deg bone[33]='bone_L-middlefinger03.mesh' count(>5deg)=34 freshRecap=0  xcheck(invOff-vs-restW) worst=87.3deg bone[33]
  TIER2 joint-attach(PRIMARY): worst=62.95u bone[18]='bone_R-pinky02.mesh' parent[14] R=47.4 exactJoint=1.25u pairs=30  (palette-wide exactWorst=9.55u)
[HANDS_ATTACH] mesh='hands_naked.mesh' owner='hands_naked.mesh' frame=304 nb=40 wext=57.4 rebound=1
  TIER1 rest-coherence: worst=42.6deg bone[30]='bone_L-middlefinger03.mesh' count(>5deg)=36 freshRecap=0  xcheck(invOff-vs-restW) worst=42.6deg bone[30]
  TIER2 joint-attach(PRIMARY): worst=22.08u bone[14]='bone_R-pinky01.mesh' parent[11] R=39.0 exactJoint=0.00u pairs=36  (palette-wide exactWorst=7.41u)
[HANDS_ATTACH] mesh='hands_naked.mesh' owner='hands_naked.mesh' frame=304 nb=38 wext=89.8 rebound=1
  TIER1 rest-coherence: worst=87.3deg bone[33]='bone_L-middlefinger03.mesh' count(>5deg)=34 freshRecap=0  xcheck(invOff-vs-restW) worst=87.3deg bone[33]
  TIER2 joint-attach(PRIMARY): worst=64.28u bone[18]='bone_R-pinky02.mesh' parent[14] R=47.4 exactJoint=0.74u pairs=30  (palette-wide exactWorst=9.58u)
[HANDS_ATTACH] mesh='hands_naked.mesh' owner='hands_naked.mesh' frame=314 nb=38 wext=79.5 rebound=1
  TIER1 rest-coherence: worst=87.3deg bone[33]='bone_L-middlefinger03.mesh' count(>5deg)=34 freshRecap=0  xcheck(invOff-vs-restW) worst=87.3deg bone[33]
  TIER2 joint-attach(PRIMARY): worst=62.67u bone[18]='bone_R-pinky02.mesh' parent[14] R=47.4 exactJoint=1.03u pairs=30  (palette-wide exactWorst=9.58u)
[HANDS_ATTACH] mesh='hands_naked.mesh' owner='hands_naked.mesh' frame=314 nb=40 wext=57.7 rebound=1
  TIER1 rest-coherence: worst=42.6deg bone[30]='bone_L-middlefinger03.mesh' count(>5deg)=36 freshRecap=0  xcheck(invOff-vs-restW) worst=42.6deg bone[30]
  TIER2 joint-attach(PRIMARY): worst=21.89u bone[14]='bone_R-pinky01.mesh' parent[11] R=39.0 exactJoint=0.00u pairs=36  (palette-wide exactWorst=7.39u)
[HANDS_ATTACH] mesh='hands_naked.mesh' owner='hands_naked.mesh' frame=314 nb=38 wext=90.3 rebound=1
  TIER1 rest-coherence: worst=87.3deg bone[33]='bone_L-middlefinger03.mesh' count(>5deg)=34 freshRecap=0  xcheck(invOff-vs-restW) worst=87.3deg bone[33]
  TIER2 joint-attach(PRIMARY): worst=64.88u bone[18]='bone_R-pinky02.mesh' parent[14] R=47.4 exactJoint=0.54u pairs=30  (palette-wide exactWorst=9.58u)
[HANDS_ATTACH] mesh='hands_naked.mesh' owner='hands_naked.mesh' frame=324 nb=38 wext=78.4 rebound=1
  TIER1 rest-coherence: worst=87.3deg bone[33]='bone_L-middlefinger03.mesh' count(>5deg)=34 freshRecap=0  xcheck(invOff-vs-restW) worst=87.3deg bone[33]
  TIER2 joint-attach(PRIMARY): worst=62.26u bone[18]='bone_R-pinky02.mesh' parent[14] R=47.4 exactJoint=0.73u pairs=30  (palette-wide exactWorst=9.53u)
[HANDS_ATTACH] mesh='hands_naked.mesh' owner='hands_naked.mesh' frame=324 nb=40 wext=57.9 rebound=1
  TIER1 rest-coherence: worst=42.6deg bone[30]='bone_L-middlefinger03.mesh' count(>5deg)=36 freshRecap=0  xcheck(invOff-vs-restW) worst=42.6deg bone[30]
  TIER2 joint-attach(PRIMARY): worst=21.68u bone[14]='bone_R-pinky01.mesh' parent[11] R=39.0 exactJoint=0.00u pairs=36  (palette-wide exactWorst=7.37u)
[HANDS_ATTACH] mesh='hands_naked.mesh' owner='hands_naked.mesh' frame=324 nb=38 wext=90.4 rebound=1
  TIER1 rest-coherence: worst=87.3deg bone[33]='bone_L-middlefinger03.mesh' count(>5deg)=34 freshRecap=0  xcheck(invOff-vs-restW) worst=87.3deg bone[33]
  TIER2 joint-attach(PRIMARY): worst=65.54u bone[18]='bone_R-pinky02.mesh' parent[14] R=47.4 exactJoint=0.32u pairs=30  (palette-wide exactWorst=9.58u)
[HANDS_ATTACH] mesh='hands_naked.mesh' owner='hands_naked.mesh' frame=334 nb=38 wext=76.7 rebound=1
  TIER1 rest-coherence: worst=87.3deg bone[33]='bone_L-middlefinger03.mesh' count(>5deg)=34 freshRecap=0  xcheck(invOff-vs-restW) worst=87.3deg bone[33]
  TIER2 joint-attach(PRIMARY): worst=61.68u bone[18]='bone_R-pinky02.mesh' parent[14] R=47.4 exactJoint=0.35u pairs=30  (palette-wide exactWorst=9.35u)
[HANDS_ATTACH] mesh='hands_naked.mesh' owner='hands_naked.mesh' frame=334 nb=40 wext=58.1 rebound=1
  TIER1 rest-coherence: worst=42.6deg bone[30]='bone_L-middlefinger03.mesh' count(>5deg)=36 freshRecap=0  xcheck(invOff-vs-restW) worst=42.6deg bone[30]
  TIER2 joint-attach(PRIMARY): worst=21.45u bone[14]='bone_R-pinky01.mesh' parent[11] R=39.0 exactJoint=0.00u pairs=36  (palette-wide exactWorst=7.38u)
[HANDS_ATTACH] mesh='hands_naked.mesh' owner='hands_naked.mesh' frame=334 nb=38 wext=89.7 rebound=1
  TIER1 rest-coherence: worst=87.3deg bone[33]='bone_L-middlefinger03.mesh' count(>5deg)=34 freshRecap=0  xcheck(invOff-vs-restW) worst=87.3deg bone[33]
  TIER2 joint-attach(PRIMARY): worst=66.23u bone[18]='bone_R-pinky02.mesh' parent[14] R=47.4 exactJoint=0.08u pairs=30  (palette-wide exactWorst=9.58u)
[HANDS_ATTACH] mesh='hands_naked.mesh' owner='hands_naked.mesh' frame=344 nb=38 wext=75.4 rebound=1
  TIER1 rest-coherence: worst=87.3deg bone[33]='bone_L-middlefinger03.mesh' count(>5deg)=34 freshRecap=0  xcheck(invOff-vs-restW) worst=87.3deg bone[33]
  TIER2 joint-attach(PRIMARY): worst=60.70u bone[18]='bone_R-pinky02.mesh' parent[14] R=47.4 exactJoint=0.00u pairs=30  (palette-wide exactWorst=8.96u)
[HANDS_ATTACH] mesh='hands_naked.mesh' owner='hands_naked.mesh' frame=344 nb=40 wext=58.3 rebound=1
  TIER1 rest-coherence: worst=42.6deg bone[30]='bone_L-middlefinger03.mesh' count(>5deg)=36 freshRecap=0  xcheck(invOff-vs-restW) worst=42.6deg bone[30]
  TIER2 joint-attach(PRIMARY): worst=21.22u bone[14]='bone_R-pinky01.mesh' parent[11] R=39.0 exactJoint=0.00u pairs=36  (palette-wide exactWorst=7.41u)
[HANDS_ATTACH] mesh='hands_naked.mesh' owner='hands_naked.mesh' frame=344 nb=38 wext=88.2 rebound=1
  TIER1 rest-coherence: worst=87.3deg bone[33]='bone_L-middlefinger03.mesh' count(>5deg)=34 freshRecap=0  xcheck(invOff-vs-restW) worst=87.3deg bone[33]
  TIER2 joint-attach(PRIMARY): worst=66.41u bone[18]='bone_R-pinky02.mesh' parent[14] R=47.4 exactJoint=0.00u pairs=30  (palette-wide exactWorst=9.63u)
[HANDS_ATTACH] mesh='hands_naked.mesh' owner='hands_naked.mesh' frame=354 nb=38 wext=74.9 rebound=1
  TIER1 rest-coherence: worst=87.3deg bone[33]='bone_L-middlefinger03.mesh' count(>5deg)=34 freshRecap=0  xcheck(invOff-vs-restW) worst=87.3deg bone[33]
  TIER2 joint-attach(PRIMARY): worst=58.28u bone[18]='bone_R-pinky02.mesh' parent[14] R=47.4 exactJoint=0.00u pairs=30  (palette-wide exactWorst=9.28u)
[HANDS_ATTACH] mesh='hands_naked.mesh' owner='hands_naked.mesh' frame=354 nb=40 wext=58.4 rebound=1
  TIER1 rest-coherence: worst=42.6deg bone[30]='bone_L-middlefinger03.mesh' count(>5deg)=36 freshRecap=0  xcheck(invOff-vs-restW) worst=42.6deg bone[30]
  TIER2 joint-attach(PRIMARY): worst=21.00u bone[14]='bone_R-pinky01.mesh' parent[11] R=39.0 exactJoint=0.00u pairs=36  (palette-wide exactWorst=7.40u)
[HANDS_ATTACH] mesh='hands_naked.mesh' owner='hands_naked.mesh' frame=354 nb=38 wext=86.6 rebound=1
  TIER1 rest-coherence: worst=87.3deg bone[33]='bone_L-middlefinger03.mesh' count(>5deg)=34 freshRecap=0  xcheck(invOff-vs-restW) worst=87.3deg bone[33]
  TIER2 joint-attach(PRIMARY): worst=66.34u bone[18]='bone_R-pinky02.mesh' parent[14] R=47.4 exactJoint=0.00u pairs=30  (palette-wide exactWorst=9.57u)
[HANDS_ATTACH] mesh='hands_naked.mesh' owner='hands_naked.mesh' frame=364 nb=38 wext=75.2 rebound=1
  TIER1 rest-coherence: worst=87.3deg bone[33]='bone_L-middlefinger03.mesh' count(>5deg)=34 freshRecap=0  xcheck(invOff-vs-restW) worst=87.3deg bone[33]
  TIER2 joint-attach(PRIMARY): worst=53.79u bone[18]='bone_R-pinky02.mesh' parent[14] R=47.4 exactJoint=0.00u pairs=30  (palette-wide exactWorst=9.37u)
[HANDS_ATTACH] mesh='hands_naked.mesh' owner='hands_naked.mesh' frame=364 nb=40 wext=57.9 rebound=1
  TIER1 rest-coherence: worst=42.6deg bone[30]='bone_L-middlefinger03.mesh' count(>5deg)=36 freshRecap=0  xcheck(invOff-vs-restW) worst=42.6deg bone[30]
  TIER2 joint-attach(PRIMARY): worst=22.97u bone[9]='bone_R-pinky02.mesh' parent[14] R=38.4 exactJoint=0.00u pairs=36  (palette-wide exactWorst=6.98u)
[HANDS_ATTACH] mesh='hands_naked.mesh' owner='hands_naked.mesh' frame=364 nb=38 wext=85.4 rebound=1
  TIER1 rest-coherence: worst=87.3deg bone[33]='bone_L-middlefinger03.mesh' count(>5deg)=34 freshRecap=0  xcheck(invOff-vs-restW) worst=87.3deg bone[33]
  TIER2 joint-attach(PRIMARY): worst=66.21u bone[18]='bone_R-pinky02.mesh' parent[14] R=47.4 exactJoint=0.00u pairs=30  (palette-wide exactWorst=9.54u)
[HANDS_ATTACH] mesh='hands_naked.mesh' owner='hands_naked.mesh' frame=374 nb=38 wext=75.3 rebound=1
  TIER1 rest-coherence: worst=87.3deg bone[33]='bone_L-middlefinger03.mesh' count(>5deg)=34 freshRecap=0  xcheck(invOff-vs-restW) worst=87.3deg bone[33]
  TIER2 joint-attach(PRIMARY): worst=49.85u bone[18]='bone_R-pinky02.mesh' parent[14] R=47.4 exactJoint=0.00u pairs=30  (palette-wide exactWorst=9.53u)
[HANDS_ATTACH] mesh='hands_naked.mesh' owner='hands_naked.mesh' frame=374 nb=40 wext=58.9 rebound=1
  TIER1 rest-coherence: worst=42.6deg bone[30]='bone_L-middlefinger03.mesh' count(>5deg)=36 freshRecap=0  xcheck(invOff-vs-restW) worst=42.6deg bone[30]
  TIER2 joint-attach(PRIMARY): worst=27.13u bone[9]='bone_R-pinky02.mesh' parent[14] R=38.4 exactJoint=0.00u pairs=36  (palette-wide exactWorst=6.13u)
[HANDS_ATTACH] mesh='hands_naked.mesh' owner='hands_naked.mesh' frame=374 nb=38 wext=85.3 rebound=1
  TIER1 rest-coherence: worst=87.3deg bone[33]='bone_L-middlefinger03.mesh' count(>5deg)=34 freshRecap=0  xcheck(invOff-vs-restW) worst=87.3deg bone[33]
  TIER2 joint-attach(PRIMARY): worst=66.10u bone[18]='bone_R-pinky02.mesh' parent[14] R=47.4 exactJoint=0.00u pairs=30  (palette-wide exactWorst=9.50u)
[HANDS_ATTACH] mesh='hands_naked.mesh' owner='hands_naked.mesh' frame=386 nb=38 wext=80.0 rebound=1
  TIER1 rest-coherence: worst=87.3deg bone[33]='bone_L-middlefinger03.mesh' count(>5deg)=34 freshRecap=0  xcheck(invOff-vs-restW) worst=87.3deg bone[33]
  TIER2 joint-attach(PRIMARY): worst=11.02u bone[9]='bone_R-thumb01.mesh' parent[13] R=48.5 exactJoint=0.00u pairs=30  (palette-wide exactWorst=0.00u)
[HANDS_ATTACH] mesh='hands_naked.mesh' owner='hands_naked.mesh' frame=386 nb=40 wext=60.7 rebound=1
  TIER1 rest-coherence: worst=42.6deg bone[30]='bone_L-middlefinger03.mesh' count(>5deg)=36 freshRecap=0  xcheck(invOff-vs-restW) worst=42.6deg bone[30]
  TIER2 joint-attach(PRIMARY): worst=27.27u bone[16]='bone_R-thumb01.mesh' parent[1] R=38.3 exactJoint=0.00u pairs=36  (palette-wide exactWorst=0.04u)
[HANDS_ATTACH] mesh='hands_naked.mesh' owner='hands_naked.mesh' frame=386 nb=38 wext=90.0 rebound=1
  TIER1 rest-coherence: worst=87.3deg bone[33]='bone_L-middlefinger03.mesh' count(>5deg)=34 freshRecap=0  xcheck(invOff-vs-restW) worst=87.3deg bone[33]
  TIER2 joint-attach(PRIMARY): worst=59.17u bone[13]='bone_R-hand.mesh' parent[5] R=49.4 exactJoint=0.33u pairs=30  (palette-wide exactWorst=1.94u)
[HANDS_ATTACH] mesh='hands_naked.mesh' owner='hands_naked.mesh' frame=396 nb=38 wext=79.9 rebound=1
  TIER1 rest-coherence: worst=87.3deg bone[33]='bone_L-middlefinger03.mesh' count(>5deg)=34 freshRecap=0  xcheck(invOff-vs-restW) worst=87.3deg bone[33]
  TIER2 joint-attach(PRIMARY): worst=11.02u bone[9]='bone_R-thumb01.mesh' parent[13] R=48.5 exactJoint=0.00u pairs=30  (palette-wide exactWorst=0.00u)
[HANDS_ATTACH] mesh='hands_naked.mesh' owner='hands_naked.mesh' frame=396 nb=40 wext=60.4 rebound=1
  TIER1 rest-coherence: worst=42.6deg bone[30]='bone_L-middlefinger03.mesh' count(>5deg)=36 freshRecap=0  xcheck(invOff-vs-restW) worst=42.6deg bone[30]
  TIER2 joint-attach(PRIMARY): worst=27.27u bone[16]='bone_R-thumb01.mesh' parent[1] R=38.3 exactJoint=0.00u pairs=36  (palette-wide exactWorst=0.04u)
[HANDS_ATTACH] mesh='hands_naked.mesh' owner='hands_naked.mesh' frame=396 nb=38 wext=90.4 rebound=1
  TIER1 rest-coherence: worst=87.3deg bone[33]='bone_L-middlefinger03.mesh' count(>5deg)=34 freshRecap=0  xcheck(invOff-vs-restW) worst=87.3deg bone[33]
  TIER2 joint-attach(PRIMARY): worst=62.09u bone[13]='bone_R-hand.mesh' parent[5] R=49.4 exactJoint=0.33u pairs=30  (palette-wide exactWorst=1.95u)
[HANDS_ATTACH] mesh='hands_naked.mesh' owner='hands_naked.mesh' frame=406 nb=38 wext=79.7 rebound=1
  TIER1 rest-coherence: worst=87.3deg bone[33]='bone_L-middlefinger03.mesh' count(>5deg)=34 freshRecap=0  xcheck(invOff-vs-restW) worst=87.3deg bone[33]
  TIER2 joint-attach(PRIMARY): worst=11.02u bone[9]='bone_R-thumb01.mesh' parent[13] R=48.5 exactJoint=0.00u pairs=30  (palette-wide exactWorst=0.00u)
[HANDS_ATTACH] mesh='hands_naked.mesh' owner='hands_naked.mesh' frame=406 nb=40 wext=60.1 rebound=1
  TIER1 rest-coherence: worst=42.6deg bone[30]='bone_L-middlefinger03.mesh' count(>5deg)=36 freshRecap=0  xcheck(invOff-vs-restW) worst=42.6deg bone[30]
  TIER2 joint-attach(PRIMARY): worst=27.27u bone[16]='bone_R-thumb01.mesh' parent[1] R=38.3 exactJoint=0.00u pairs=36  (palette-wide exactWorst=0.04u)
[HANDS_ATTACH] mesh='hands_naked.mesh' owner='hands_naked.mesh' frame=406 nb=38 wext=90.9 rebound=1
  TIER1 rest-coherence: worst=87.3deg bone[33]='bone_L-middlefinger03.mesh' count(>5deg)=34 freshRecap=0  xcheck(invOff-vs-restW) worst=87.3deg bone[33]
  TIER2 joint-attach(PRIMARY): worst=65.30u bone[13]='bone_R-hand.mesh' parent[5] R=49.4 exactJoint=0.33u pairs=30  (palette-wide exactWorst=1.95u)
[HANDS_ATTACH] mesh='hands_naked.mesh' owner='hands_naked.mesh' frame=416 nb=38 wext=79.6 rebound=1
  TIER1 rest-coherence: worst=87.3deg bone[33]='bone_L-middlefinger03.mesh' count(>5deg)=34 freshRecap=0  xcheck(invOff-vs-restW) worst=87.3deg bone[33]
  TIER2 joint-attach(PRIMARY): worst=11.02u bone[9]='bone_R-thumb01.mesh' parent[13] R=48.5 exactJoint=0.00u pairs=30  (palette-wide exactWorst=0.00u)
[HANDS_ATTACH] mesh='hands_naked.mesh' owner='hands_naked.mesh' frame=416 nb=40 wext=59.9 rebound=1
  TIER1 rest-coherence: worst=42.6deg bone[30]='bone_L-middlefinger03.mesh' count(>5deg)=36 freshRecap=0  xcheck(invOff-vs-restW) worst=42.6deg bone[30]
  TIER2 joint-attach(PRIMARY): worst=27.27u bone[16]='bone_R-thumb01.mesh' parent[1] R=38.3 exactJoint=0.00u pairs=36  (palette-wide exactWorst=0.04u)
[HANDS_ATTACH] mesh='hands_naked.mesh' owner='hands_naked.mesh' frame=416 nb=38 wext=91.7 rebound=1
  TIER1 rest-coherence: worst=87.3deg bone[33]='bone_L-middlefinger03.mesh' count(>5deg)=34 freshRecap=0  xcheck(invOff-vs-restW) worst=87.3deg bone[33]
  TIER2 joint-attach(PRIMARY): worst=64.52u bone[13]='bone_R-hand.mesh' parent[5] R=49.4 exactJoint=0.33u pairs=30  (palette-wide exactWorst=1.95u)
[HANDS_ATTACH] mesh='hands_naked.mesh' owner='hands_naked.mesh' frame=426 nb=38 wext=79.6 rebound=1
  TIER1 rest-coherence: worst=87.3deg bone[33]='bone_L-middlefinger03.mesh' count(>5deg)=34 freshRecap=0  xcheck(invOff-vs-restW) worst=87.3deg bone[33]
  TIER2 joint-attach(PRIMARY): worst=11.02u bone[9]='bone_R-thumb01.mesh' parent[13] R=48.5 exactJoint=0.00u pairs=30  (palette-wide exactWorst=0.00u)
[HANDS_ATTACH] mesh='hands_naked.mesh' owner='hands_naked.mesh' frame=426 nb=40 wext=59.9 rebound=1
  TIER1 rest-coherence: worst=42.6deg bone[30]='bone_L-middlefinger03.mesh' count(>5deg)=36 freshRecap=0  xcheck(invOff-vs-restW) worst=42.6deg bone[30]
  TIER2 joint-attach(PRIMARY): worst=27.27u bone[16]='bone_R-thumb01.mesh' parent[1] R=38.3 exactJoint=0.00u pairs=36  (palette-wide exactWorst=0.04u)
[HANDS_ATTACH] mesh='hands_naked.mesh' owner='hands_naked.mesh' frame=426 nb=38 wext=92.1 rebound=1
  TIER1 rest-coherence: worst=87.3deg bone[33]='bone_L-middlefinger03.mesh' count(>5deg)=34 freshRecap=0  xcheck(invOff-vs-restW) worst=87.3deg bone[33]
  TIER2 joint-attach(PRIMARY): worst=64.56u bone[13]='bone_R-hand.mesh' parent[5] R=49.4 exactJoint=0.33u pairs=30  (palette-wide exactWorst=1.95u)
[HANDS_ATTACH] mesh='hands_naked.mesh' owner='hands_naked.mesh' frame=436 nb=38 wext=79.6 rebound=1
  TIER1 rest-coherence: worst=87.3deg bone[33]='bone_L-middlefinger03.mesh' count(>5deg)=34 freshRecap=0  xcheck(invOff-vs-restW) worst=87.3deg bone[33]
  TIER2 joint-attach(PRIMARY): worst=11.02u bone[9]='bone_R-thumb01.mesh' parent[13] R=48.5 exactJoint=0.00u pairs=30  (palette-wide exactWorst=0.00u)
[HANDS_ATTACH] mesh='hands_naked.mesh' owner='hands_naked.mesh' frame=436 nb=40 wext=60.0 rebound=1
  TIER1 rest-coherence: worst=42.6deg bone[30]='bone_L-middlefinger03.mesh' count(>5deg)=36 freshRecap=0  xcheck(invOff-vs-restW) worst=42.6deg bone[30]
  TIER2 joint-attach(PRIMARY): worst=27.27u bone[16]='bone_R-thumb01.mesh' parent[1] R=38.3 exactJoint=0.00u pairs=36  (palette-wide exactWorst=0.04u)
[HANDS_ATTACH] mesh='hands_naked.mesh' owner='hands_naked.mesh' frame=436 nb=38 wext=93.8 rebound=1
  TIER1 rest-coherence: worst=87.3deg bone[33]='bone_L-middlefinger03.mesh' count(>5deg)=34 freshRecap=0  xcheck(invOff-vs-restW) worst=87.3deg bone[33]
  TIER2 joint-attach(PRIMARY): worst=66.28u bone[13]='bone_R-hand.mesh' parent[5] R=49.4 exactJoint=0.33u pairs=30  (palette-wide exactWorst=1.95u)
[HANDS_ATTACH] mesh='hands_naked.mesh' owner='hands_naked.mesh' frame=446 nb=38 wext=79.5 rebound=1
  TIER1 rest-coherence: worst=87.3deg bone[33]='bone_L-middlefinger03.mesh' count(>5deg)=34 freshRecap=0  xcheck(invOff-vs-restW) worst=87.3deg bone[33]
  TIER2 joint-attach(PRIMARY): worst=11.02u bone[9]='bone_R-thumb01.mesh' parent[13] R=48.5 exactJoint=0.00u pairs=30  (palette-wide exactWorst=0.00u)
[HANDS_ATTACH] mesh='hands_naked.mesh' owner='hands_naked.mesh' frame=446 nb=40 wext=60.0 rebound=1
  TIER1 rest-coherence: worst=42.6deg bone[30]='bone_L-middlefinger03.mesh' count(>5deg)=36 freshRecap=0  xcheck(invOff-vs-restW) worst=42.6deg bone[30]
  TIER2 joint-attach(PRIMARY): worst=27.27u bone[16]='bone_R-thumb01.mesh' parent[1] R=38.3 exactJoint=0.00u pairs=36  (palette-wide exactWorst=0.04u)
[HANDS_ATTACH] mesh='hands_naked.mesh' owner='hands_naked.mesh' frame=446 nb=38 wext=95.3 rebound=1
  TIER1 rest-coherence: worst=87.3deg bone[33]='bone_L-middlefinger03.mesh' count(>5deg)=34 freshRecap=0  xcheck(invOff-vs-restW) worst=87.3deg bone[33]
  TIER2 joint-attach(PRIMARY): worst=68.24u bone[13]='bone_R-hand.mesh' parent[5] R=49.4 exactJoint=0.33u pairs=30  (palette-wide exactWorst=1.94u)
[HANDS_ATTACH] mesh='hands_naked.mesh' owner='hands_naked.mesh' frame=456 nb=38 wext=79.4 rebound=1
  TIER1 rest-coherence: worst=87.3deg bone[33]='bone_L-middlefinger03.mesh' count(>5deg)=34 freshRecap=0  xcheck(invOff-vs-restW) worst=87.3deg bone[33]
  TIER2 joint-attach(PRIMARY): worst=11.02u bone[9]='bone_R-thumb01.mesh' parent[13] R=48.5 exactJoint=0.00u pairs=30  (palette-wide exactWorst=0.00u)
[HANDS_ATTACH] mesh='hands_naked.mesh' owner='hands_naked.mesh' frame=456 nb=40 wext=60.2 rebound=1
  TIER1 rest-coherence: worst=42.6deg bone[30]='bone_L-middlefinger03.mesh' count(>5deg)=36 freshRecap=0  xcheck(invOff-vs-restW) worst=42.6deg bone[30]
  TIER2 joint-attach(PRIMARY): worst=27.27u bone[16]='bone_R-thumb01.mesh' parent[1] R=38.3 exactJoint=0.00u pairs=36  (palette-wide exactWorst=0.04u)
[HANDS_ATTACH] mesh='hands_naked.mesh' owner='hands_naked.mesh' frame=456 nb=38 wext=96.6 rebound=1
  TIER1 rest-coherence: worst=87.3deg bone[33]='bone_L-middlefinger03.mesh' count(>5deg)=34 freshRecap=0  xcheck(invOff-vs-restW) worst=87.3deg bone[33]
  TIER2 joint-attach(PRIMARY): worst=70.84u bone[13]='bone_R-hand.mesh' parent[5] R=49.4 exactJoint=0.33u pairs=30  (palette-wide exactWorst=1.95u)
[HANDS_ATTACH] mesh='hands_naked.mesh' owner='hands_naked.mesh' frame=466 nb=38 wext=79.4 rebound=1
  TIER1 rest-coherence: worst=87.3deg bone[33]='bone_L-middlefinger03.mesh' count(>5deg)=34 freshRecap=0  xcheck(invOff-vs-restW) worst=87.3deg bone[33]
  TIER2 joint-attach(PRIMARY): worst=11.02u bone[9]='bone_R-thumb01.mesh' parent[13] R=48.5 exactJoint=0.00u pairs=30  (palette-wide exactWorst=0.00u)
[HANDS_ATTACH] mesh='hands_naked.mesh' owner='hands_naked.mesh' frame=466 nb=40 wext=60.8 rebound=1
  TIER1 rest-coherence: worst=42.6deg bone[30]='bone_L-middlefinger03.mesh' count(>5deg)=36 freshRecap=0  xcheck(invOff-vs-restW) worst=42.6deg bone[30]
  TIER2 joint-attach(PRIMARY): worst=27.27u bone[16]='bone_R-thumb01.mesh' parent[1] R=38.3 exactJoint=0.00u pairs=36  (palette-wide exactWorst=0.04u)
[HANDS_ATTACH] mesh='hands_naked.mesh' owner='hands_naked.mesh' frame=466 nb=38 wext=97.7 rebound=1
  TIER1 rest-coherence: worst=87.3deg bone[33]='bone_L-middlefinger03.mesh' count(>5deg)=34 freshRecap=0  xcheck(invOff-vs-restW) worst=87.3deg bone[33]
  TIER2 joint-attach(PRIMARY): worst=73.22u bone[13]='bone_R-hand.mesh' parent[5] R=49.4 exactJoint=0.33u pairs=30  (palette-wide exactWorst=1.95u)
[HANDS_ATTACH] mesh='hands_naked.mesh' owner='hands_naked.mesh' frame=476 nb=38 wext=79.3 rebound=1
  TIER1 rest-coherence: worst=87.3deg bone[33]='bone_L-middlefinger03.mesh' count(>5deg)=34 freshRecap=0  xcheck(invOff-vs-restW) worst=87.3deg bone[33]
  TIER2 joint-attach(PRIMARY): worst=11.02u bone[9]='bone_R-thumb01.mesh' parent[13] R=48.5 exactJoint=0.00u pairs=30  (palette-wide exactWorst=0.00u)
[HANDS_ATTACH] mesh='hands_naked.mesh' owner='hands_naked.mesh' frame=476 nb=40 wext=61.3 rebound=1
  TIER1 rest-coherence: worst=42.6deg bone[30]='bone_L-middlefinger03.mesh' count(>5deg)=36 freshRecap=0  xcheck(invOff-vs-restW) worst=42.6deg bone[30]
  TIER2 joint-attach(PRIMARY): worst=27.27u bone[16]='bone_R-thumb01.mesh' parent[1] R=38.3 exactJoint=0.00u pairs=36  (palette-wide exactWorst=0.04u)
[HANDS_ATTACH] mesh='hands_naked.mesh' owner='hands_naked.mesh' frame=476 nb=38 wext=98.7 rebound=1
  TIER1 rest-coherence: worst=87.3deg bone[33]='bone_L-middlefinger03.mesh' count(>5deg)=34 freshRecap=0  xcheck(invOff-vs-restW) worst=87.3deg bone[33]
  TIER2 joint-attach(PRIMARY): worst=74.69u bone[13]='bone_R-hand.mesh' parent[5] R=49.4 exactJoint=0.33u pairs=30  (palette-wide exactWorst=1.94u)
[HANDS_ATTACH] mesh='hands_naked.mesh' owner='hands_naked.mesh' frame=486 nb=38 wext=79.2 rebound=1
  TIER1 rest-coherence: worst=87.3deg bone[33]='bone_L-middlefinger03.mesh' count(>5deg)=34 freshRecap=0  xcheck(invOff-vs-restW) worst=87.3deg bone[33]
  TIER2 joint-attach(PRIMARY): worst=11.02u bone[9]='bone_R-thumb01.mesh' parent[13] R=48.5 exactJoint=0.00u pairs=30  (palette-wide exactWorst=0.00u)
[HANDS_ATTACH] mesh='hands_naked.mesh' owner='hands_naked.mesh' frame=486 nb=40 wext=61.6 rebound=1
  TIER1 rest-coherence: worst=42.6deg bone[30]='bone_L-middlefinger03.mesh' count(>5deg)=36 freshRecap=0  xcheck(invOff-vs-restW) worst=42.6deg bone[30]
  TIER2 joint-attach(PRIMARY): worst=27.27u bone[16]='bone_R-thumb01.mesh' parent[1] R=38.3 exactJoint=0.00u pairs=36  (palette-wide exactWorst=0.04u)
[HANDS_ATTACH] mesh='hands_naked.mesh' owner='hands_naked.mesh' frame=486 nb=38 wext=99.2 rebound=1
  TIER1 rest-coherence: worst=87.3deg bone[33]='bone_L-middlefinger03.mesh' count(>5deg)=34 freshRecap=0  xcheck(invOff-vs-restW) worst=87.3deg bone[33]
  TIER2 joint-attach(PRIMARY): worst=77.13u bone[13]='bone_R-hand.mesh' parent[5] R=49.4 exactJoint=0.33u pairs=30  (palette-wide exactWorst=1.94u)
[HANDS_ATTACH] mesh='hands_naked.mesh' owner='hands_naked.mesh' frame=496 nb=38 wext=79.3 rebound=1
  TIER1 rest-coherence: worst=87.3deg bone[33]='bone_L-middlefinger03.mesh' count(>5deg)=34 freshRecap=0  xcheck(invOff-vs-restW) worst=87.3deg bone[33]
  TIER2 joint-attach(PRIMARY): worst=11.02u bone[9]='bone_R-thumb01.mesh' parent[13] R=48.5 exactJoint=0.00u pairs=30  (palette-wide exactWorst=0.00u)
[HANDS_ATTACH] mesh='hands_naked.mesh' owner='hands_naked.mesh' frame=496 nb=40 wext=61.8 rebound=1
  TIER1 rest-coherence: worst=42.6deg bone[30]='bone_L-middlefinger03.mesh' count(>5deg)=36 freshRecap=0  xcheck(invOff-vs-restW) worst=42.6deg bone[30]
  TIER2 joint-attach(PRIMARY): worst=27.27u bone[16]='bone_R-thumb01.mesh' parent[1] R=38.3 exactJoint=0.00u pairs=36  (palette-wide exactWorst=0.04u)
[HANDS_ATTACH] mesh='hands_naked.mesh' owner='hands_naked.mesh' frame=496 nb=38 wext=99.3 rebound=1
  TIER1 rest-coherence: worst=87.3deg bone[33]='bone_L-middlefinger03.mesh' count(>5deg)=34 freshRecap=0  xcheck(invOff-vs-restW) worst=87.3deg bone[33]
  TIER2 joint-attach(PRIMARY): worst=77.98u bone[13]='bone_R-hand.mesh' parent[5] R=49.4 exactJoint=0.33u pairs=30  (palette-wide exactWorst=1.94u)
[HANDS_ATTACH] mesh='hands_naked.mesh' owner='hands_naked.mesh' frame=506 nb=38 wext=79.3 rebound=1
  TIER1 rest-coherence: worst=87.3deg bone[33]='bone_L-middlefinger03.mesh' count(>5deg)=34 freshRecap=0  xcheck(invOff-vs-restW) worst=87.3deg bone[33]
  TIER2 joint-attach(PRIMARY): worst=11.02u bone[9]='bone_R-thumb01.mesh' parent[13] R=48.5 exactJoint=0.00u pairs=30  (palette-wide exactWorst=0.00u)
[HANDS_ATTACH] mesh='hands_naked.mesh' owner='hands_naked.mesh' frame=506 nb=40 wext=61.6 rebound=1
  TIER1 rest-coherence: worst=42.6deg bone[30]='bone_L-middlefinger03.mesh' count(>5deg)=36 freshRecap=0  xcheck(invOff-vs-restW) worst=42.6deg bone[30]
  TIER2 joint-attach(PRIMARY): worst=27.27u bone[16]='bone_R-thumb01.mesh' parent[1] R=38.3 exactJoint=0.00u pairs=36  (palette-wide exactWorst=0.04u)
[HANDS_ATTACH] mesh='hands_naked.mesh' owner='hands_naked.mesh' frame=506 nb=38 wext=99.2 rebound=1
  TIER1 rest-coherence: worst=87.3deg bone[33]='bone_L-middlefinger03.mesh' count(>5deg)=34 freshRecap=0  xcheck(invOff-vs-restW) worst=87.3deg bone[33]
  TIER2 joint-attach(PRIMARY): worst=78.57u bone[13]='bone_R-hand.mesh' parent[5] R=49.4 exactJoint=0.33u pairs=30  (palette-wide exactWorst=1.95u)
[HANDS_ATTACH] mesh='hands_naked.mesh' owner='hands_naked.mesh' frame=516 nb=38 wext=79.4 rebound=1
  TIER1 rest-coherence: worst=87.3deg bone[33]='bone_L-middlefinger03.mesh' count(>5deg)=34 freshRecap=0  xcheck(invOff-vs-restW) worst=87.3deg bone[33]
  TIER2 joint-attach(PRIMARY): worst=11.02u bone[9]='bone_R-thumb01.mesh' parent[13] R=48.5 exactJoint=0.00u pairs=30  (palette-wide exactWorst=0.00u)
[HANDS_ATTACH] mesh='hands_naked.mesh' owner='hands_naked.mesh' frame=516 nb=40 wext=60.7 rebound=1
  TIER1 rest-coherence: worst=42.6deg bone[30]='bone_L-middlefinger03.mesh' count(>5deg)=36 freshRecap=0  xcheck(invOff-vs-restW) worst=42.6deg bone[30]
  TIER2 joint-attach(PRIMARY): worst=27.27u bone[16]='bone_R-thumb01.mesh' parent[1] R=38.3 exactJoint=0.00u pairs=36  (palette-wide exactWorst=0.04u)
[HANDS_ATTACH] mesh='hands_naked.mesh' owner='hands_naked.mesh' frame=516 nb=38 wext=99.5 rebound=1
  TIER1 rest-coherence: worst=87.3deg bone[33]='bone_L-middlefinger03.mesh' count(>5deg)=34 freshRecap=0  xcheck(invOff-vs-restW) worst=87.3deg bone[33]
  TIER2 joint-attach(PRIMARY): worst=79.28u bone[13]='bone_R-hand.mesh' parent[5] R=49.4 exactJoint=0.33u pairs=30  (palette-wide exactWorst=1.94u)
[HANDS_ATTACH] mesh='hands_naked.mesh' owner='hands_naked.mesh' frame=526 nb=38 wext=79.5 rebound=1
  TIER1 rest-coherence: worst=87.3deg bone[33]='bone_L-middlefinger03.mesh' count(>5deg)=34 freshRecap=0  xcheck(invOff-vs-restW) worst=87.3deg bone[33]
  TIER2 joint-attach(PRIMARY): worst=11.02u bone[9]='bone_R-thumb01.mesh' parent[13] R=48.5 exactJoint=0.00u pairs=30  (palette-wide exactWorst=0.00u)
[HANDS_ATTACH] mesh='hands_naked.mesh' owner='hands_naked.mesh' frame=526 nb=40 wext=59.8 rebound=1
  TIER1 rest-coherence: worst=42.6deg bone[30]='bone_L-middlefinger03.mesh' count(>5deg)=36 freshRecap=0  xcheck(invOff-vs-restW) worst=42.6deg bone[30]
  TIER2 joint-attach(PRIMARY): worst=27.27u bone[16]='bone_R-thumb01.mesh' parent[1] R=38.3 exactJoint=0.00u pairs=36  (palette-wide exactWorst=0.04u)
[HANDS_ATTACH] mesh='hands_naked.mesh' owner='hands_naked.mesh' frame=526 nb=38 wext=99.2 rebound=1
  TIER1 rest-coherence: worst=87.3deg bone[33]='bone_L-middlefinger03.mesh' count(>5deg)=34 freshRecap=0  xcheck(invOff-vs-restW) worst=87.3deg bone[33]
  TIER2 joint-attach(PRIMARY): worst=80.16u bone[13]='bone_R-hand.mesh' parent[5] R=49.4 exactJoint=0.33u pairs=30  (palette-wide exactWorst=1.94u)
[HANDS_ATTACH] mesh='hands_naked.mesh' owner='hands_naked.mesh' frame=536 nb=38 wext=79.5 rebound=1
  TIER1 rest-coherence: worst=87.3deg bone[33]='bone_L-middlefinger03.mesh' count(>5deg)=34 freshRecap=0  xcheck(invOff-vs-restW) worst=87.3deg bone[33]
  TIER2 joint-attach(PRIMARY): worst=11.02u bone[9]='bone_R-thumb01.mesh' parent[13] R=48.5 exactJoint=0.00u pairs=30  (palette-wide exactWorst=0.00u)
[HANDS_ATTACH] mesh='hands_naked.mesh' owner='hands_naked.mesh' frame=536 nb=40 wext=59.7 rebound=1
  TIER1 rest-coherence: worst=42.6deg bone[30]='bone_L-middlefinger03.mesh' count(>5deg)=36 freshRecap=0  xcheck(invOff-vs-restW) worst=42.6deg bone[30]
  TIER2 joint-attach(PRIMARY): worst=27.27u bone[16]='bone_R-thumb01.mesh' parent[1] R=38.3 exactJoint=0.00u pairs=36  (palette-wide exactWorst=0.04u)
[HANDS_ATTACH] mesh='hands_naked.mesh' owner='hands_naked.mesh' frame=536 nb=38 wext=98.9 rebound=1
  TIER1 rest-coherence: worst=87.3deg bone[33]='bone_L-middlefinger03.mesh' count(>5deg)=34 freshRecap=0  xcheck(invOff-vs-restW) worst=87.3deg bone[33]
  TIER2 joint-attach(PRIMARY): worst=80.87u bone[13]='bone_R-hand.mesh' parent[5] R=49.4 exactJoint=0.33u pairs=30  (palette-wide exactWorst=1.94u)
[HANDS_ATTACH] mesh='hands_naked.mesh' owner='hands_naked.mesh' frame=546 nb=38 wext=79.3 rebound=1
  TIER1 rest-coherence: worst=87.3deg bone[33]='bone_L-middlefinger03.mesh' count(>5deg)=34 freshRecap=0  xcheck(invOff-vs-restW) worst=87.3deg bone[33]
  TIER2 joint-attach(PRIMARY): worst=11.02u bone[9]='bone_R-thumb01.mesh' parent[13] R=48.5 exactJoint=0.00u pairs=30  (palette-wide exactWorst=0.00u)
[HANDS_ATTACH] mesh='hands_naked.mesh' owner='hands_naked.mesh' frame=546 nb=40 wext=60.0 rebound=1
  TIER1 rest-coherence: worst=42.6deg bone[30]='bone_L-middlefinger03.mesh' count(>5deg)=36 freshRecap=0  xcheck(invOff-vs-restW) worst=42.6deg bone[30]
  TIER2 joint-attach(PRIMARY): worst=27.27u bone[16]='bone_R-thumb01.mesh' parent[1] R=38.3 exactJoint=0.00u pairs=36  (palette-wide exactWorst=0.04u)
[HANDS_ATTACH] mesh='hands_naked.mesh' owner='hands_naked.mesh' frame=546 nb=38 wext=98.8 rebound=1
  TIER1 rest-coherence: worst=87.3deg bone[33]='bone_L-middlefinger03.mesh' count(>5deg)=34 freshRecap=0  xcheck(invOff-vs-restW) worst=87.3deg bone[33]
  TIER2 joint-attach(PRIMARY): worst=81.04u bone[13]='bone_R-hand.mesh' parent[5] R=49.4 exactJoint=0.33u pairs=30  (palette-wide exactWorst=1.94u)
[HANDS_ATTACH] mesh='hands_naked.mesh' owner='hands_naked.mesh' frame=556 nb=38 wext=79.1 rebound=1
  TIER1 rest-coherence: worst=87.3deg bone[33]='bone_L-middlefinger03.mesh' count(>5deg)=34 freshRecap=0  xcheck(invOff-vs-restW) worst=87.3deg bone[33]
  TIER2 joint-attach(PRIMARY): worst=11.02u bone[9]='bone_R-thumb01.mesh' parent[13] R=48.5 exactJoint=0.00u pairs=30  (palette-wide exactWorst=0.00u)
[HANDS_ATTACH] mesh='hands_naked.mesh' owner='hands_naked.mesh' frame=556 nb=40 wext=60.4 rebound=1
  TIER1 rest-coherence: worst=42.6deg bone[30]='bone_L-middlefinger03.mesh' count(>5deg)=36 freshRecap=0  xcheck(invOff-vs-restW) worst=42.6deg bone[30]
  TIER2 joint-attach(PRIMARY): worst=27.27u bone[16]='bone_R-thumb01.mesh' parent[1] R=38.3 exactJoint=0.00u pairs=36  (palette-wide exactWorst=0.04u)
[HANDS_ATTACH] mesh='hands_naked.mesh' owner='hands_naked.mesh' frame=556 nb=38 wext=98.5 rebound=1
  TIER1 rest-coherence: worst=87.3deg bone[33]='bone_L-middlefinger03.mesh' count(>5deg)=34 freshRecap=0  xcheck(invOff-vs-restW) worst=87.3deg bone[33]
  TIER2 joint-attach(PRIMARY): worst=81.05u bone[13]='bone_R-hand.mesh' parent[5] R=49.4 exactJoint=0.33u pairs=30  (palette-wide exactWorst=1.95u)
[HANDS_ATTACH] mesh='hands_naked.mesh' owner='hands_naked.mesh' frame=566 nb=38 wext=79.1 rebound=1
  TIER1 rest-coherence: worst=87.3deg bone[33]='bone_L-middlefinger03.mesh' count(>5deg)=34 freshRecap=0  xcheck(invOff-vs-restW) worst=87.3deg bone[33]
  TIER2 joint-attach(PRIMARY): worst=11.02u bone[9]='bone_R-thumb01.mesh' parent[13] R=48.5 exactJoint=0.00u pairs=30  (palette-wide exactWorst=0.00u)
[HANDS_ATTACH] mesh='hands_naked.mesh' owner='hands_naked.mesh' frame=566 nb=40 wext=60.8 rebound=1
  TIER1 rest-coherence: worst=42.6deg bone[30]='bone_L-middlefinger03.mesh' count(>5deg)=36 freshRecap=0  xcheck(invOff-vs-restW) worst=42.6deg bone[30]
  TIER2 joint-attach(PRIMARY): worst=27.27u bone[16]='bone_R-thumb01.mesh' parent[1] R=38.3 exactJoint=0.00u pairs=36  (palette-wide exactWorst=0.04u)
[HANDS_ATTACH] mesh='hands_naked.mesh' owner='hands_naked.mesh' frame=566 nb=38 wext=98.7 rebound=1
  TIER1 rest-coherence: worst=87.3deg bone[33]='bone_L-middlefinger03.mesh' count(>5deg)=34 freshRecap=0  xcheck(invOff-vs-restW) worst=87.3deg bone[33]
  TIER2 joint-attach(PRIMARY): worst=81.65u bone[13]='bone_R-hand.mesh' parent[5] R=49.4 exactJoint=0.33u pairs=30  (palette-wide exactWorst=1.95u)
[HANDS_ATTACH] mesh='hands_naked.mesh' owner='hands_naked.mesh' frame=576 nb=38 wext=79.2 rebound=1
  TIER1 rest-coherence: worst=87.3deg bone[33]='bone_L-middlefinger03.mesh' count(>5deg)=34 freshRecap=0  xcheck(invOff-vs-restW) worst=87.3deg bone[33]
  TIER2 joint-attach(PRIMARY): worst=11.02u bone[9]='bone_R-thumb01.mesh' parent[13] R=48.5 exactJoint=0.00u pairs=30  (palette-wide exactWorst=0.00u)
[HANDS_ATTACH] mesh='hands_naked.mesh' owner='hands_naked.mesh' frame=576 nb=40 wext=61.1 rebound=1
  TIER1 rest-coherence: worst=42.6deg bone[30]='bone_L-middlefinger03.mesh' count(>5deg)=36 freshRecap=0  xcheck(invOff-vs-restW) worst=42.6deg bone[30]
  TIER2 joint-attach(PRIMARY): worst=27.27u bone[16]='bone_R-thumb01.mesh' parent[1] R=38.3 exactJoint=0.00u pairs=36  (palette-wide exactWorst=0.04u)
[HANDS_ATTACH] mesh='hands_naked.mesh' owner='hands_naked.mesh' frame=576 nb=38 wext=99.0 rebound=1
  TIER1 rest-coherence: worst=87.3deg bone[33]='bone_L-middlefinger03.mesh' count(>5deg)=34 freshRecap=0  xcheck(invOff-vs-restW) worst=87.3deg bone[33]
  TIER2 joint-attach(PRIMARY): worst=82.60u bone[13]='bone_R-hand.mesh' parent[5] R=49.4 exactJoint=0.33u pairs=30  (palette-wide exactWorst=1.95u)
[HANDS_ATTACH] mesh='hands_naked.mesh' owner='hands_naked.mesh' frame=586 nb=38 wext=79.4 rebound=1
  TIER1 rest-coherence: worst=87.3deg bone[33]='bone_L-middlefinger03.mesh' count(>5deg)=34 freshRecap=0  xcheck(invOff-vs-restW) worst=87.3deg bone[33]
  TIER2 joint-attach(PRIMARY): worst=11.02u bone[9]='bone_R-thumb01.mesh' parent[13] R=48.5 exactJoint=0.00u pairs=30  (palette-wide exactWorst=0.00u)
[HANDS_ATTACH] mesh='hands_naked.mesh' owner='hands_naked.mesh' frame=586 nb=40 wext=61.5 rebound=1
  TIER1 rest-coherence: worst=42.6deg bone[30]='bone_L-middlefinger03.mesh' count(>5deg)=36 freshRecap=0  xcheck(invOff-vs-restW) worst=42.6deg bone[30]
  TIER2 joint-attach(PRIMARY): worst=27.27u bone[16]='bone_R-thumb01.mesh' parent[1] R=38.3 exactJoint=0.00u pairs=36  (palette-wide exactWorst=0.04u)
[HANDS_ATTACH] mesh='hands_naked.mesh' owner='hands_naked.mesh' frame=586 nb=38 wext=98.9 rebound=1
  TIER1 rest-coherence: worst=87.3deg bone[33]='bone_L-middlefinger03.mesh' count(>5deg)=34 freshRecap=0  xcheck(invOff-vs-restW) worst=87.3deg bone[33]
  TIER2 joint-attach(PRIMARY): worst=83.43u bone[13]='bone_R-hand.mesh' parent[5] R=49.4 exactJoint=0.33u pairs=30  (palette-wide exactWorst=1.95u)
[HANDS_ATTACH] mesh='hands_naked.mesh' owner='hands_naked.mesh' frame=596 nb=38 wext=79.5 rebound=1
  TIER1 rest-coherence: worst=87.3deg bone[33]='bone_L-middlefinger03.mesh' count(>5deg)=34 freshRecap=0  xcheck(invOff-vs-restW) worst=87.3deg bone[33]
  TIER2 joint-attach(PRIMARY): worst=11.02u bone[9]='bone_R-thumb01.mesh' parent[13] R=48.5 exactJoint=0.00u pairs=30  (palette-wide exactWorst=0.00u)
[HANDS_ATTACH] mesh='hands_naked.mesh' owner='hands_naked.mesh' frame=596 nb=40 wext=61.9 rebound=1
  TIER1 rest-coherence: worst=42.6deg bone[30]='bone_L-middlefinger03.mesh' count(>5deg)=36 freshRecap=0  xcheck(invOff-vs-restW) worst=42.6deg bone[30]
  TIER2 joint-attach(PRIMARY): worst=27.27u bone[16]='bone_R-thumb01.mesh' parent[1] R=38.3 exactJoint=0.00u pairs=36  (palette-wide exactWorst=0.04u)
[HANDS_ATTACH] mesh='hands_naked.mesh' owner='hands_naked.mesh' frame=596 nb=38 wext=98.6 rebound=1
  TIER1 rest-coherence: worst=87.3deg bone[33]='bone_L-middlefinger03.mesh' count(>5deg)=34 freshRecap=0  xcheck(invOff-vs-restW) worst=87.3deg bone[33]
  TIER2 joint-attach(PRIMARY): worst=84.16u bone[13]='bone_R-hand.mesh' parent[5] R=49.4 exactJoint=0.33u pairs=30  (palette-wide exactWorst=1.94u)
[HANDS_ATTACH] mesh='hands_naked.mesh' owner='hands_naked.mesh' frame=606 nb=38 wext=79.5 rebound=1
  TIER1 rest-coherence: worst=87.3deg bone[33]='bone_L-middlefinger03.mesh' count(>5deg)=34 freshRecap=0  xcheck(invOff-vs-restW) worst=87.3deg bone[33]
  TIER2 joint-attach(PRIMARY): worst=11.02u bone[9]='bone_R-thumb01.mesh' parent[13] R=48.5 exactJoint=0.00u pairs=30  (palette-wide exactWorst=0.00u)
[HANDS_ATTACH] mesh='hands_naked.mesh' owner='hands_naked.mesh' frame=606 nb=40 wext=62.1 rebound=1
  TIER1 rest-coherence: worst=42.6deg bone[30]='bone_L-middlefinger03.mesh' count(>5deg)=36 freshRecap=0  xcheck(invOff-vs-restW) worst=42.6deg bone[30]
  TIER2 joint-attach(PRIMARY): worst=27.27u bone[16]='bone_R-thumb01.mesh' parent[1] R=38.3 exactJoint=0.00u pairs=36  (palette-wide exactWorst=0.04u)
[HANDS_ATTACH] mesh='hands_naked.mesh' owner='hands_naked.mesh' frame=606 nb=38 wext=98.3 rebound=1
  TIER1 rest-coherence: worst=87.3deg bone[33]='bone_L-middlefinger03.mesh' count(>5deg)=34 freshRecap=0  xcheck(invOff-vs-restW) worst=87.3deg bone[33]
  TIER2 joint-attach(PRIMARY): worst=84.88u bone[13]='bone_R-hand.mesh' parent[5] R=49.4 exactJoint=0.33u pairs=30  (palette-wide exactWorst=1.94u)
[HANDS_ATTACH] mesh='hands_naked.mesh' owner='hands_naked.mesh' frame=616 nb=38 wext=79.5 rebound=1
  TIER1 rest-coherence: worst=87.3deg bone[33]='bone_L-middlefinger03.mesh' count(>5deg)=34 freshRecap=0  xcheck(invOff-vs-restW) worst=87.3deg bone[33]
  TIER2 joint-attach(PRIMARY): worst=11.02u bone[9]='bone_R-thumb01.mesh' parent[13] R=48.5 exactJoint=0.00u pairs=30  (palette-wide exactWorst=0.00u)
[HANDS_ATTACH] mesh='hands_naked.mesh' owner='hands_naked.mesh' frame=616 nb=40 wext=62.0 rebound=1
  TIER1 rest-coherence: worst=42.6deg bone[30]='bone_L-middlefinger03.mesh' count(>5deg)=36 freshRecap=0  xcheck(invOff-vs-restW) worst=42.6deg bone[30]
  TIER2 joint-attach(PRIMARY): worst=27.27u bone[16]='bone_R-thumb01.mesh' parent[1] R=38.3 exactJoint=0.00u pairs=36  (palette-wide exactWorst=0.04u)
[HANDS_ATTACH] mesh='hands_naked.mesh' owner='hands_naked.mesh' frame=616 nb=38 wext=98.2 rebound=1
  TIER1 rest-coherence: worst=87.3deg bone[33]='bone_L-middlefinger03.mesh' count(>5deg)=34 freshRecap=0  xcheck(invOff-vs-restW) worst=87.3deg bone[33]
  TIER2 joint-attach(PRIMARY): worst=84.88u bone[13]='bone_R-hand.mesh' parent[5] R=49.4 exactJoint=0.33u pairs=30  (palette-wide exactWorst=1.95u)
[HANDS_ATTACH] mesh='hands_naked.mesh' owner='hands_naked.mesh' frame=626 nb=38 wext=79.6 rebound=1
  TIER1 rest-coherence: worst=87.3deg bone[33]='bone_L-middlefinger03.mesh' count(>5deg)=34 freshRecap=0  xcheck(invOff-vs-restW) worst=87.3deg bone[33]
  TIER2 joint-attach(PRIMARY): worst=11.02u bone[9]='bone_R-thumb01.mesh' parent[13] R=48.5 exactJoint=0.00u pairs=30  (palette-wide exactWorst=0.00u)
[HANDS_ATTACH] mesh='hands_naked.mesh' owner='hands_naked.mesh' frame=626 nb=40 wext=61.8 rebound=1
  TIER1 rest-coherence: worst=42.6deg bone[30]='bone_L-middlefinger03.mesh' count(>5deg)=36 freshRecap=0  xcheck(invOff-vs-restW) worst=42.6deg bone[30]
  TIER2 joint-attach(PRIMARY): worst=27.27u bone[16]='bone_R-thumb01.mesh' parent[1] R=38.3 exactJoint=0.00u pairs=36  (palette-wide exactWorst=0.04u)
[HANDS_ATTACH] mesh='hands_naked.mesh' owner='hands_naked.mesh' frame=626 nb=38 wext=98.0 rebound=1
  TIER1 rest-coherence: worst=87.3deg bone[33]='bone_L-middlefinger03.mesh' count(>5deg)=34 freshRecap=0  xcheck(invOff-vs-restW) worst=87.3deg bone[33]
  TIER2 joint-attach(PRIMARY): worst=84.76u bone[13]='bone_R-hand.mesh' parent[5] R=49.4 exactJoint=0.33u pairs=30  (palette-wide exactWorst=1.95u)
[HANDS_ATTACH] mesh='hands_naked.mesh' owner='hands_naked.mesh' frame=636 nb=38 wext=79.8 rebound=1
  TIER1 rest-coherence: worst=87.3deg bone[33]='bone_L-middlefinger03.mesh' count(>5deg)=34 freshRecap=0  xcheck(invOff-vs-restW) worst=87.3deg bone[33]
  TIER2 joint-attach(PRIMARY): worst=11.02u bone[9]='bone_R-thumb01.mesh' parent[13] R=48.5 exactJoint=0.00u pairs=30  (palette-wide exactWorst=0.00u)
[HANDS_ATTACH] mesh='hands_naked.mesh' owner='hands_naked.mesh' frame=636 nb=40 wext=61.7 rebound=1
  TIER1 rest-coherence: worst=42.6deg bone[30]='bone_L-middlefinger03.mesh' count(>5deg)=36 freshRecap=0  xcheck(invOff-vs-restW) worst=42.6deg bone[30]
  TIER2 joint-attach(PRIMARY): worst=27.27u bone[16]='bone_R-thumb01.mesh' parent[1] R=38.3 exactJoint=0.00u pairs=36  (palette-wide exactWorst=0.04u)
[HANDS_ATTACH] mesh='hands_naked.mesh' owner='hands_naked.mesh' frame=636 nb=38 wext=97.8 rebound=1
  TIER1 rest-coherence: worst=87.3deg bone[33]='bone_L-middlefinger03.mesh' count(>5deg)=34 freshRecap=0  xcheck(invOff-vs-restW) worst=87.3deg bone[33]
  TIER2 joint-attach(PRIMARY): worst=84.91u bone[13]='bone_R-hand.mesh' parent[5] R=49.4 exactJoint=0.33u pairs=30  (palette-wide exactWorst=1.94u)
[HANDS_ATTACH] mesh='hands_naked.mesh' owner='hands_naked.mesh' frame=646 nb=38 wext=80.0 rebound=1
  TIER1 rest-coherence: worst=87.3deg bone[33]='bone_L-middlefinger03.mesh' count(>5deg)=34 freshRecap=0  xcheck(invOff-vs-restW) worst=87.3deg bone[33]
  TIER2 joint-attach(PRIMARY): worst=11.02u bone[9]='bone_R-thumb01.mesh' parent[13] R=48.5 exactJoint=0.00u pairs=30  (palette-wide exactWorst=0.00u)
[HANDS_ATTACH] mesh='hands_naked.mesh' owner='hands_naked.mesh' frame=646 nb=40 wext=61.7 rebound=1
  TIER1 rest-coherence: worst=42.6deg bone[30]='bone_L-middlefinger03.mesh' count(>5deg)=36 freshRecap=0  xcheck(invOff-vs-restW) worst=42.6deg bone[30]
  TIER2 joint-attach(PRIMARY): worst=27.27u bone[16]='bone_R-thumb01.mesh' parent[1] R=38.3 exactJoint=0.00u pairs=36  (palette-wide exactWorst=0.04u)
[HANDS_ATTACH] mesh='hands_naked.mesh' owner='hands_naked.mesh' frame=646 nb=38 wext=97.7 rebound=1
  TIER1 rest-coherence: worst=87.3deg bone[33]='bone_L-middlefinger03.mesh' count(>5deg)=34 freshRecap=0  xcheck(invOff-vs-restW) worst=87.3deg bone[33]
  TIER2 joint-attach(PRIMARY): worst=85.15u bone[13]='bone_R-hand.mesh' parent[5] R=49.4 exactJoint=0.33u pairs=30  (palette-wide exactWorst=1.94u)
[HANDS_ATTACH] mesh='hands_naked.mesh' owner='hands_naked.mesh' frame=656 nb=38 wext=80.2 rebound=1
  TIER1 rest-coherence: worst=87.3deg bone[33]='bone_L-middlefinger03.mesh' count(>5deg)=34 freshRecap=0  xcheck(invOff-vs-restW) worst=87.3deg bone[33]
  TIER2 joint-attach(PRIMARY): worst=11.02u bone[9]='bone_R-thumb01.mesh' parent[13] R=48.5 exactJoint=0.00u pairs=30  (palette-wide exactWorst=0.00u)
[HANDS_ATTACH] mesh='hands_naked.mesh' owner='hands_naked.mesh' frame=656 nb=40 wext=61.5 rebound=1
  TIER1 rest-coherence: worst=42.6deg bone[30]='bone_L-middlefinger03.mesh' count(>5deg)=36 freshRecap=0  xcheck(invOff-vs-restW) worst=42.6deg bone[30]
  TIER2 joint-attach(PRIMARY): worst=27.27u bone[16]='bone_R-thumb01.mesh' parent[1] R=38.3 exactJoint=0.00u pairs=36  (palette-wide exactWorst=0.04u)
[HANDS_ATTACH] mesh='hands_naked.mesh' owner='hands_naked.mesh' frame=656 nb=38 wext=97.8 rebound=1
  TIER1 rest-coherence: worst=87.3deg bone[33]='bone_L-middlefinger03.mesh' count(>5deg)=34 freshRecap=0  xcheck(invOff-vs-restW) worst=87.3deg bone[33]
  TIER2 joint-attach(PRIMARY): worst=85.56u bone[13]='bone_R-hand.mesh' parent[5] R=49.4 exactJoint=0.33u pairs=30  (palette-wide exactWorst=1.94u)
[HANDS_ATTACH] mesh='hands_naked.mesh' owner='hands_naked.mesh' frame=666 nb=38 wext=80.2 rebound=1
  TIER1 rest-coherence: worst=87.3deg bone[33]='bone_L-middlefinger03.mesh' count(>5deg)=34 freshRecap=0  xcheck(invOff-vs-restW) worst=87.3deg bone[33]
  TIER2 joint-attach(PRIMARY): worst=11.02u bone[9]='bone_R-thumb01.mesh' parent[13] R=48.5 exactJoint=0.00u pairs=30  (palette-wide exactWorst=0.00u)
[HANDS_ATTACH] mesh='hands_naked.mesh' owner='hands_naked.mesh' frame=666 nb=40 wext=61.3 rebound=1
  TIER1 rest-coherence: worst=42.6deg bone[30]='bone_L-middlefinger03.mesh' count(>5deg)=36 freshRecap=0  xcheck(invOff-vs-restW) worst=42.6deg bone[30]
  TIER2 joint-attach(PRIMARY): worst=27.27u bone[16]='bone_R-thumb01.mesh' parent[1] R=38.3 exactJoint=0.00u pairs=36  (palette-wide exactWorst=0.04u)
[HANDS_ATTACH] mesh='hands_naked.mesh' owner='hands_naked.mesh' frame=666 nb=38 wext=97.8 rebound=1
  TIER1 rest-coherence: worst=87.3deg bone[33]='bone_L-middlefinger03.mesh' count(>5deg)=34 freshRecap=0  xcheck(invOff-vs-restW) worst=87.3deg bone[33]
  TIER2 joint-attach(PRIMARY): worst=85.63u bone[13]='bone_R-hand.mesh' parent[5] R=49.4 exactJoint=0.33u pairs=30  (palette-wide exactWorst=1.94u)
[HANDS_ATTACH] mesh='hands_naked.mesh' owner='hands_naked.mesh' frame=676 nb=38 wext=80.2 rebound=1
  TIER1 rest-coherence: worst=87.3deg bone[33]='bone_L-middlefinger03.mesh' count(>5deg)=34 freshRecap=0  xcheck(invOff-vs-restW) worst=87.3deg bone[33]
  TIER2 joint-attach(PRIMARY): worst=11.02u bone[9]='bone_R-thumb01.mesh' parent[13] R=48.5 exactJoint=0.00u pairs=30  (palette-wide exactWorst=0.00u)
[HANDS_ATTACH] mesh='hands_naked.mesh' owner='hands_naked.mesh' frame=676 nb=40 wext=61.3 rebound=1
  TIER1 rest-coherence: worst=42.6deg bone[30]='bone_L-middlefinger03.mesh' count(>5deg)=36 freshRecap=0  xcheck(invOff-vs-restW) worst=42.6deg bone[30]
  TIER2 joint-attach(PRIMARY): worst=27.27u bone[16]='bone_R-thumb01.mesh' parent[1] R=38.3 exactJoint=0.00u pairs=36  (palette-wide exactWorst=0.04u)
[HANDS_ATTACH] mesh='hands_naked.mesh' owner='hands_naked.mesh' frame=676 nb=38 wext=97.7 rebound=1
  TIER1 rest-coherence: worst=87.3deg bone[33]='bone_L-middlefinger03.mesh' count(>5deg)=34 freshRecap=0  xcheck(invOff-vs-restW) worst=87.3deg bone[33]
  TIER2 joint-attach(PRIMARY): worst=84.71u bone[13]='bone_R-hand.mesh' parent[5] R=49.4 exactJoint=0.33u pairs=30  (palette-wide exactWorst=1.95u)
[HANDS_ATTACH] mesh='hands_naked.mesh' owner='hands_naked.mesh' frame=686 nb=38 wext=80.1 rebound=1
  TIER1 rest-coherence: worst=87.3deg bone[33]='bone_L-middlefinger03.mesh' count(>5deg)=34 freshRecap=0  xcheck(invOff-vs-restW) worst=87.3deg bone[33]
  TIER2 joint-attach(PRIMARY): worst=11.02u bone[9]='bone_R-thumb01.mesh' parent[13] R=48.5 exactJoint=0.00u pairs=30  (palette-wide exactWorst=0.00u)
[HANDS_ATTACH] mesh='hands_naked.mesh' owner='hands_naked.mesh' frame=686 nb=40 wext=61.3 rebound=1
  TIER1 rest-coherence: worst=42.6deg bone[30]='bone_L-middlefinger03.mesh' count(>5deg)=36 freshRecap=0  xcheck(invOff-vs-restW) worst=42.6deg bone[30]
  TIER2 joint-attach(PRIMARY): worst=27.27u bone[16]='bone_R-thumb01.mesh' parent[1] R=38.3 exactJoint=0.00u pairs=36  (palette-wide exactWorst=0.04u)
[HANDS_ATTACH] mesh='hands_naked.mesh' owner='hands_naked.mesh' frame=686 nb=38 wext=97.5 rebound=1
  TIER1 rest-coherence: worst=87.3deg bone[33]='bone_L-middlefinger03.mesh' count(>5deg)=34 freshRecap=0  xcheck(invOff-vs-restW) worst=87.3deg bone[33]
  TIER2 joint-attach(PRIMARY): worst=83.04u bone[13]='bone_R-hand.mesh' parent[5] R=49.4 exactJoint=0.33u pairs=30  (palette-wide exactWorst=1.95u)
[HANDS_ATTACH] mesh='hands_naked.mesh' owner='hands_naked.mesh' frame=696 nb=38 wext=79.9 rebound=1
  TIER1 rest-coherence: worst=87.3deg bone[33]='bone_L-middlefinger03.mesh' count(>5deg)=34 freshRecap=0  xcheck(invOff-vs-restW) worst=87.3deg bone[33]
  TIER2 joint-attach(PRIMARY): worst=11.02u bone[9]='bone_R-thumb01.mesh' parent[13] R=48.5 exactJoint=0.00u pairs=30  (palette-wide exactWorst=0.00u)
[HANDS_ATTACH] mesh='hands_naked.mesh' owner='hands_naked.mesh' frame=696 nb=40 wext=61.1 rebound=1
  TIER1 rest-coherence: worst=42.6deg bone[30]='bone_L-middlefinger03.mesh' count(>5deg)=36 freshRecap=0  xcheck(invOff-vs-restW) worst=42.6deg bone[30]
  TIER2 joint-attach(PRIMARY): worst=27.27u bone[16]='bone_R-thumb01.mesh' parent[1] R=38.3 exactJoint=0.00u pairs=36  (palette-wide exactWorst=0.04u)
[HANDS_ATTACH] mesh='hands_naked.mesh' owner='hands_naked.mesh' frame=696 nb=38 wext=97.5 rebound=1
  TIER1 rest-coherence: worst=87.3deg bone[33]='bone_L-middlefinger03.mesh' count(>5deg)=34 freshRecap=0  xcheck(invOff-vs-restW) worst=87.3deg bone[33]
  TIER2 joint-attach(PRIMARY): worst=80.80u bone[13]='bone_R-hand.mesh' parent[5] R=49.4 exactJoint=0.33u pairs=30  (palette-wide exactWorst=1.94u)
[HANDS_ATTACH] mesh='hands_naked.mesh' owner='hands_naked.mesh' frame=706 nb=38 wext=79.9 rebound=1
  TIER1 rest-coherence: worst=87.3deg bone[33]='bone_L-middlefinger03.mesh' count(>5deg)=34 freshRecap=0  xcheck(invOff-vs-restW) worst=87.3deg bone[33]
  TIER2 joint-attach(PRIMARY): worst=11.02u bone[9]='bone_R-thumb01.mesh' parent[13] R=48.5 exactJoint=0.00u pairs=30  (palette-wide exactWorst=0.00u)
[HANDS_ATTACH] mesh='hands_naked.mesh' owner='hands_naked.mesh' frame=706 nb=40 wext=60.9 rebound=1
  TIER1 rest-coherence: worst=42.6deg bone[30]='bone_L-middlefinger03.mesh' count(>5deg)=36 freshRecap=0  xcheck(invOff-vs-restW) worst=42.6deg bone[30]
  TIER2 joint-attach(PRIMARY): worst=27.27u bone[16]='bone_R-thumb01.mesh' parent[1] R=38.3 exactJoint=0.00u pairs=36  (palette-wide exactWorst=0.04u)
[HANDS_ATTACH] mesh='hands_naked.mesh' owner='hands_naked.mesh' frame=706 nb=38 wext=97.2 rebound=1
  TIER1 rest-coherence: worst=87.3deg bone[33]='bone_L-middlefinger03.mesh' count(>5deg)=34 freshRecap=0  xcheck(invOff-vs-restW) worst=87.3deg bone[33]
  TIER2 joint-attach(PRIMARY): worst=78.42u bone[13]='bone_R-hand.mesh' parent[5] R=49.4 exactJoint=0.33u pairs=30  (palette-wide exactWorst=1.94u)
[HANDS_ATTACH] mesh='hands_naked.mesh' owner='hands_naked.mesh' frame=716 nb=38 wext=79.9 rebound=1
  TIER1 rest-coherence: worst=87.3deg bone[33]='bone_L-middlefinger03.mesh' count(>5deg)=34 freshRecap=0  xcheck(invOff-vs-restW) worst=87.3deg bone[33]
  TIER2 joint-attach(PRIMARY): worst=11.02u bone[9]='bone_R-thumb01.mesh' parent[13] R=48.5 exactJoint=0.00u pairs=30  (palette-wide exactWorst=0.00u)
[HANDS_ATTACH] mesh='hands_naked.mesh' owner='hands_naked.mesh' frame=716 nb=40 wext=60.8 rebound=1
  TIER1 rest-coherence: worst=42.6deg bone[30]='bone_L-middlefinger03.mesh' count(>5deg)=36 freshRecap=0  xcheck(invOff-vs-restW) worst=42.6deg bone[30]
  TIER2 joint-attach(PRIMARY): worst=27.27u bone[16]='bone_R-thumb01.mesh' parent[1] R=38.3 exactJoint=0.00u pairs=36  (palette-wide exactWorst=0.04u)
[HANDS_ATTACH] mesh='hands_naked.mesh' owner='hands_naked.mesh' frame=716 nb=38 wext=96.5 rebound=1
  TIER1 rest-coherence: worst=87.3deg bone[33]='bone_L-middlefinger03.mesh' count(>5deg)=34 freshRecap=0  xcheck(invOff-vs-restW) worst=87.3deg bone[33]
  TIER2 joint-attach(PRIMARY): worst=75.86u bone[13]='bone_R-hand.mesh' parent[5] R=49.4 exactJoint=0.33u pairs=30  (palette-wide exactWorst=1.94u)
[HANDS_ATTACH] mesh='hands_naked.mesh' owner='hands_naked.mesh' frame=726 nb=38 wext=79.9 rebound=1
  TIER1 rest-coherence: worst=87.3deg bone[33]='bone_L-middlefinger03.mesh' count(>5deg)=34 freshRecap=0  xcheck(invOff-vs-restW) worst=87.3deg bone[33]
  TIER2 joint-attach(PRIMARY): worst=11.02u bone[9]='bone_R-thumb01.mesh' parent[13] R=48.5 exactJoint=0.00u pairs=30  (palette-wide exactWorst=0.00u)
[HANDS_ATTACH] mesh='hands_naked.mesh' owner='hands_naked.mesh' frame=726 nb=40 wext=60.8 rebound=1
  TIER1 rest-coherence: worst=42.6deg bone[30]='bone_L-middlefinger03.mesh' count(>5deg)=36 freshRecap=0  xcheck(invOff-vs-restW) worst=42.6deg bone[30]
  TIER2 joint-attach(PRIMARY): worst=27.27u bone[16]='bone_R-thumb01.mesh' parent[1] R=38.3 exactJoint=0.00u pairs=36  (palette-wide exactWorst=0.04u)
[HANDS_ATTACH] mesh='hands_naked.mesh' owner='hands_naked.mesh' frame=726 nb=38 wext=96.1 rebound=1
  TIER1 rest-coherence: worst=87.3deg bone[33]='bone_L-middlefinger03.mesh' count(>5deg)=34 freshRecap=0  xcheck(invOff-vs-restW) worst=87.3deg bone[33]
  TIER2 joint-attach(PRIMARY): worst=73.59u bone[13]='bone_R-hand.mesh' parent[5] R=49.4 exactJoint=0.33u pairs=30  (palette-wide exactWorst=1.95u)
[HANDS_ATTACH] mesh='hands_naked.mesh' owner='hands_naked.mesh' frame=736 nb=38 wext=79.8 rebound=1
  TIER1 rest-coherence: worst=87.3deg bone[33]='bone_L-middlefinger03.mesh' count(>5deg)=34 freshRecap=0  xcheck(invOff-vs-restW) worst=87.3deg bone[33]
  TIER2 joint-attach(PRIMARY): worst=11.02u bone[9]='bone_R-thumb01.mesh' parent[13] R=48.5 exactJoint=0.00u pairs=30  (palette-wide exactWorst=0.00u)
[HANDS_ATTACH] mesh='hands_naked.mesh' owner='hands_naked.mesh' frame=736 nb=40 wext=60.7 rebound=1
  TIER1 rest-coherence: worst=42.6deg bone[30]='bone_L-middlefinger03.mesh' count(>5deg)=36 freshRecap=0  xcheck(invOff-vs-restW) worst=42.6deg bone[30]
  TIER2 joint-attach(PRIMARY): worst=27.27u bone[16]='bone_R-thumb01.mesh' parent[1] R=38.3 exactJoint=0.00u pairs=36  (palette-wide exactWorst=0.04u)
[HANDS_ATTACH] mesh='hands_naked.mesh' owner='hands_naked.mesh' frame=736 nb=38 wext=96.0 rebound=1
  TIER1 rest-coherence: worst=87.3deg bone[33]='bone_L-middlefinger03.mesh' count(>5deg)=34 freshRecap=0  xcheck(invOff-vs-restW) worst=87.3deg bone[33]
  TIER2 joint-attach(PRIMARY): worst=72.08u bone[13]='bone_R-hand.mesh' parent[5] R=49.4 exactJoint=0.33u pairs=30  (palette-wide exactWorst=1.94u)
[HANDS_ATTACH] mesh='hands_naked.mesh' owner='hands_naked.mesh' frame=746 nb=38 wext=79.7 rebound=1
  TIER1 rest-coherence: worst=87.3deg bone[33]='bone_L-middlefinger03.mesh' count(>5deg)=34 freshRecap=0  xcheck(invOff-vs-restW) worst=87.3deg bone[33]
  TIER2 joint-attach(PRIMARY): worst=11.02u bone[9]='bone_R-thumb01.mesh' parent[13] R=48.5 exactJoint=0.00u pairs=30  (palette-wide exactWorst=0.00u)
[HANDS_ATTACH] mesh='hands_naked.mesh' owner='hands_naked.mesh' frame=746 nb=40 wext=60.7 rebound=1
  TIER1 rest-coherence: worst=42.6deg bone[30]='bone_L-middlefinger03.mesh' count(>5deg)=36 freshRecap=0  xcheck(invOff-vs-restW) worst=42.6deg bone[30]
  TIER2 joint-attach(PRIMARY): worst=27.27u bone[16]='bone_R-thumb01.mesh' parent[1] R=38.3 exactJoint=0.00u pairs=36  (palette-wide exactWorst=0.04u)
[HANDS_ATTACH] mesh='hands_naked.mesh' owner='hands_naked.mesh' frame=746 nb=38 wext=96.0 rebound=1
  TIER1 rest-coherence: worst=87.3deg bone[33]='bone_L-middlefinger03.mesh' count(>5deg)=34 freshRecap=0  xcheck(invOff-vs-restW) worst=87.3deg bone[33]
  TIER2 joint-attach(PRIMARY): worst=70.80u bone[13]='bone_R-hand.mesh' parent[5] R=49.4 exactJoint=0.33u pairs=30  (palette-wide exactWorst=1.94u)
[HANDS_ATTACH] mesh='hands_naked.mesh' owner='hands_naked.mesh' frame=756 nb=38 wext=79.6 rebound=1
  TIER1 rest-coherence: worst=87.3deg bone[33]='bone_L-middlefinger03.mesh' count(>5deg)=34 freshRecap=0  xcheck(invOff-vs-restW) worst=87.3deg bone[33]
  TIER2 joint-attach(PRIMARY): worst=11.02u bone[9]='bone_R-thumb01.mesh' parent[13] R=48.5 exactJoint=0.00u pairs=30  (palette-wide exactWorst=0.00u)
[HANDS_ATTACH] mesh='hands_naked.mesh' owner='hands_naked.mesh' frame=756 nb=40 wext=60.8 rebound=1
  TIER1 rest-coherence: worst=42.6deg bone[30]='bone_L-middlefinger03.mesh' count(>5deg)=36 freshRecap=0  xcheck(invOff-vs-restW) worst=42.6deg bone[30]
  TIER2 joint-attach(PRIMARY): worst=27.27u bone[16]='bone_R-thumb01.mesh' parent[1] R=38.3 exactJoint=0.00u pairs=36  (palette-wide exactWorst=0.04u)
[HANDS_ATTACH] mesh='hands_naked.mesh' owner='hands_naked.mesh' frame=756 nb=38 wext=96.0 rebound=1
  TIER1 rest-coherence: worst=87.3deg bone[33]='bone_L-middlefinger03.mesh' count(>5deg)=34 freshRecap=0  xcheck(invOff-vs-restW) worst=87.3deg bone[33]
  TIER2 joint-attach(PRIMARY): worst=69.68u bone[13]='bone_R-hand.mesh' parent[5] R=49.4 exactJoint=0.33u pairs=30  (palette-wide exactWorst=1.94u)
[HANDS_ATTACH] mesh='hands_naked.mesh' owner='hands_naked.mesh' frame=766 nb=38 wext=79.6 rebound=1
  TIER1 rest-coherence: worst=87.3deg bone[33]='bone_L-middlefinger03.mesh' count(>5deg)=34 freshRecap=0  xcheck(invOff-vs-restW) worst=87.3deg bone[33]
  TIER2 joint-attach(PRIMARY): worst=11.02u bone[9]='bone_R-thumb01.mesh' parent[13] R=48.5 exactJoint=0.00u pairs=30  (palette-wide exactWorst=0.00u)
[HANDS_ATTACH] mesh='hands_naked.mesh' owner='hands_naked.mesh' frame=766 nb=40 wext=61.0 rebound=1
  TIER1 rest-coherence: worst=42.6deg bone[30]='bone_L-middlefinger03.mesh' count(>5deg)=36 freshRecap=0  xcheck(invOff-vs-restW) worst=42.6deg bone[30]
  TIER2 joint-attach(PRIMARY): worst=27.27u bone[16]='bone_R-thumb01.mesh' parent[1] R=38.3 exactJoint=0.00u pairs=36  (palette-wide exactWorst=0.04u)
[HANDS_ATTACH] mesh='hands_naked.mesh' owner='hands_naked.mesh' frame=766 nb=38 wext=95.7 rebound=1
  TIER1 rest-coherence: worst=87.3deg bone[33]='bone_L-middlefinger03.mesh' count(>5deg)=34 freshRecap=0  xcheck(invOff-vs-restW) worst=87.3deg bone[33]
  TIER2 joint-attach(PRIMARY): worst=68.68u bone[13]='bone_R-hand.mesh' parent[5] R=49.4 exactJoint=0.33u pairs=30  (palette-wide exactWorst=1.94u)
[HANDS_ATTACH] mesh='hands_naked.mesh' owner='hands_naked.mesh' frame=776 nb=38 wext=79.6 rebound=1
  TIER1 rest-coherence: worst=87.3deg bone[33]='bone_L-middlefinger03.mesh' count(>5deg)=34 freshRecap=0  xcheck(invOff-vs-restW) worst=87.3deg bone[33]
  TIER2 joint-attach(PRIMARY): worst=11.02u bone[9]='bone_R-thumb01.mesh' parent[13] R=48.5 exactJoint=0.00u pairs=30  (palette-wide exactWorst=0.00u)
[HANDS_ATTACH] mesh='hands_naked.mesh' owner='hands_naked.mesh' frame=776 nb=40 wext=61.0 rebound=1
  TIER1 rest-coherence: worst=42.6deg bone[30]='bone_L-middlefinger03.mesh' count(>5deg)=36 freshRecap=0  xcheck(invOff-vs-restW) worst=42.6deg bone[30]
  TIER2 joint-attach(PRIMARY): worst=27.27u bone[16]='bone_R-thumb01.mesh' parent[1] R=38.3 exactJoint=0.00u pairs=36  (palette-wide exactWorst=0.04u)
[HANDS_ATTACH] mesh='hands_naked.mesh' owner='hands_naked.mesh' frame=776 nb=38 wext=95.4 rebound=1
  TIER1 rest-coherence: worst=87.3deg bone[33]='bone_L-middlefinger03.mesh' count(>5deg)=34 freshRecap=0  xcheck(invOff-vs-restW) worst=87.3deg bone[33]
  TIER2 joint-attach(PRIMARY): worst=67.32u bone[13]='bone_R-hand.mesh' parent[5] R=49.4 exactJoint=0.33u pairs=30  (palette-wide exactWorst=1.95u)
[HANDS_ATTACH] mesh='hands_naked.mesh' owner='hands_naked.mesh' frame=786 nb=38 wext=79.6 rebound=1
  TIER1 rest-coherence: worst=87.3deg bone[33]='bone_L-middlefinger03.mesh' count(>5deg)=34 freshRecap=0  xcheck(invOff-vs-restW) worst=87.3deg bone[33]
  TIER2 joint-attach(PRIMARY): worst=11.02u bone[9]='bone_R-thumb01.mesh' parent[13] R=48.5 exactJoint=0.00u pairs=30  (palette-wide exactWorst=0.00u)
[HANDS_ATTACH] mesh='hands_naked.mesh' owner='hands_naked.mesh' frame=786 nb=40 wext=60.9 rebound=1
  TIER1 rest-coherence: worst=42.6deg bone[30]='bone_L-middlefinger03.mesh' count(>5deg)=36 freshRecap=0  xcheck(invOff-vs-restW) worst=42.6deg bone[30]
  TIER2 joint-attach(PRIMARY): worst=27.27u bone[16]='bone_R-thumb01.mesh' parent[1] R=38.3 exactJoint=0.00u pairs=36  (palette-wide exactWorst=0.04u)
[HANDS_ATTACH] mesh='hands_naked.mesh' owner='hands_naked.mesh' frame=786 nb=38 wext=95.3 rebound=1
  TIER1 rest-coherence: worst=87.3deg bone[33]='bone_L-middlefinger03.mesh' count(>5deg)=34 freshRecap=0  xcheck(invOff-vs-restW) worst=87.3deg bone[33]
  TIER2 joint-attach(PRIMARY): worst=66.13u bone[13]='bone_R-hand.mesh' parent[5] R=49.4 exactJoint=0.33u pairs=30  (palette-wide exactWorst=1.94u)
[HANDS_ATTACH] mesh='hands_naked.mesh' owner='hands_naked.mesh' frame=796 nb=38 wext=79.6 rebound=1
  TIER1 rest-coherence: worst=87.3deg bone[33]='bone_L-middlefinger03.mesh' count(>5deg)=34 freshRecap=0  xcheck(invOff-vs-restW) worst=87.3deg bone[33]
  TIER2 joint-attach(PRIMARY): worst=11.02u bone[9]='bone_R-thumb01.mesh' parent[13] R=48.5 exactJoint=0.00u pairs=30  (palette-wide exactWorst=0.00u)
[HANDS_ATTACH] mesh='hands_naked.mesh' owner='hands_naked.mesh' frame=796 nb=40 wext=60.6 rebound=1
  TIER1 rest-coherence: worst=42.6deg bone[30]='bone_L-middlefinger03.mesh' count(>5deg)=36 freshRecap=0  xcheck(invOff-vs-restW) worst=42.6deg bone[30]
  TIER2 joint-attach(PRIMARY): worst=27.27u bone[16]='bone_R-thumb01.mesh' parent[1] R=38.3 exactJoint=0.00u pairs=36  (palette-wide exactWorst=0.04u)
[HANDS_ATTACH] mesh='hands_naked.mesh' owner='hands_naked.mesh' frame=796 nb=38 wext=95.2 rebound=1
  TIER1 rest-coherence: worst=87.3deg bone[33]='bone_L-middlefinger03.mesh' count(>5deg)=34 freshRecap=0  xcheck(invOff-vs-restW) worst=87.3deg bone[33]
  TIER2 joint-attach(PRIMARY): worst=65.13u bone[13]='bone_R-hand.mesh' parent[5] R=49.4 exactJoint=0.33u pairs=30  (palette-wide exactWorst=1.95u)
[HANDS_ATTACH] mesh='hands_naked.mesh' owner='hands_naked.mesh' frame=806 nb=38 wext=79.4 rebound=1
  TIER1 rest-coherence: worst=87.3deg bone[33]='bone_L-middlefinger03.mesh' count(>5deg)=34 freshRecap=0  xcheck(invOff-vs-restW) worst=87.3deg bone[33]
  TIER2 joint-attach(PRIMARY): worst=11.02u bone[9]='bone_R-thumb01.mesh' parent[13] R=48.5 exactJoint=0.00u pairs=30  (palette-wide exactWorst=0.00u)
[HANDS_ATTACH] mesh='hands_naked.mesh' owner='hands_naked.mesh' frame=806 nb=40 wext=60.5 rebound=1
  TIER1 rest-coherence: worst=42.6deg bone[30]='bone_L-middlefinger03.mesh' count(>5deg)=36 freshRecap=0  xcheck(invOff-vs-restW) worst=42.6deg bone[30]
  TIER2 joint-attach(PRIMARY): worst=27.27u bone[16]='bone_R-thumb01.mesh' parent[1] R=38.3 exactJoint=0.00u pairs=36  (palette-wide exactWorst=0.04u)
[HANDS_ATTACH] mesh='hands_naked.mesh' owner='hands_naked.mesh' frame=806 nb=38 wext=95.4 rebound=1
  TIER1 rest-coherence: worst=87.3deg bone[33]='bone_L-middlefinger03.mesh' count(>5deg)=34 freshRecap=0  xcheck(invOff-vs-restW) worst=87.3deg bone[33]
  TIER2 joint-attach(PRIMARY): worst=64.26u bone[13]='bone_R-hand.mesh' parent[5] R=49.4 exactJoint=0.33u pairs=30  (palette-wide exactWorst=1.94u)
[HANDS_ATTACH] mesh='hands_naked.mesh' owner='hands_naked.mesh' frame=816 nb=38 wext=79.2 rebound=1
  TIER1 rest-coherence: worst=87.3deg bone[33]='bone_L-middlefinger03.mesh' count(>5deg)=34 freshRecap=0  xcheck(invOff-vs-restW) worst=87.3deg bone[33]
  TIER2 joint-attach(PRIMARY): worst=11.02u bone[9]='bone_R-thumb01.mesh' parent[13] R=48.5 exactJoint=0.00u pairs=30  (palette-wide exactWorst=0.00u)
[HANDS_ATTACH] mesh='hands_naked.mesh' owner='hands_naked.mesh' frame=816 nb=40 wext=60.4 rebound=1
  TIER1 rest-coherence: worst=42.6deg bone[30]='bone_L-middlefinger03.mesh' count(>5deg)=36 freshRecap=0  xcheck(invOff-vs-restW) worst=42.6deg bone[30]
  TIER2 joint-attach(PRIMARY): worst=27.27u bone[16]='bone_R-thumb01.mesh' parent[1] R=38.3 exactJoint=0.00u pairs=36  (palette-wide exactWorst=0.04u)
[HANDS_ATTACH] mesh='hands_naked.mesh' owner='hands_naked.mesh' frame=816 nb=38 wext=95.5 rebound=1
  TIER1 rest-coherence: worst=87.3deg bone[33]='bone_L-middlefinger03.mesh' count(>5deg)=34 freshRecap=0  xcheck(invOff-vs-restW) worst=87.3deg bone[33]
  TIER2 joint-attach(PRIMARY): worst=63.54u bone[13]='bone_R-hand.mesh' parent[5] R=49.4 exactJoint=0.33u pairs=30  (palette-wide exactWorst=1.94u)
[HANDS_ATTACH] mesh='hands_naked.mesh' owner='hands_naked.mesh' frame=826 nb=38 wext=79.1 rebound=1
  TIER1 rest-coherence: worst=87.3deg bone[33]='bone_L-middlefinger03.mesh' count(>5deg)=34 freshRecap=0  xcheck(invOff-vs-restW) worst=87.3deg bone[33]
  TIER2 joint-attach(PRIMARY): worst=11.02u bone[9]='bone_R-thumb01.mesh' parent[13] R=48.5 exactJoint=0.00u pairs=30  (palette-wide exactWorst=0.00u)
[HANDS_ATTACH] mesh='hands_naked.mesh' owner='hands_naked.mesh' frame=826 nb=40 wext=60.2 rebound=1
  TIER1 rest-coherence: worst=42.6deg bone[30]='bone_L-middlefinger03.mesh' count(>5deg)=36 freshRecap=0  xcheck(invOff-vs-restW) worst=42.6deg bone[30]
  TIER2 joint-attach(PRIMARY): worst=27.27u bone[16]='bone_R-thumb01.mesh' parent[1] R=38.3 exactJoint=0.00u pairs=36  (palette-wide exactWorst=0.04u)
[HANDS_ATTACH] mesh='hands_naked.mesh' owner='hands_naked.mesh' frame=826 nb=38 wext=95.4 rebound=1
  TIER1 rest-coherence: worst=87.3deg bone[33]='bone_L-middlefinger03.mesh' count(>5deg)=34 freshRecap=0  xcheck(invOff-vs-restW) worst=87.3deg bone[33]
  TIER2 joint-attach(PRIMARY): worst=62.42u bone[13]='bone_R-hand.mesh' parent[5] R=49.4 exactJoint=0.33u pairs=30  (palette-wide exactWorst=1.94u)
[HANDS_ATTACH] mesh='hands_naked.mesh' owner='hands_naked.mesh' frame=836 nb=38 wext=79.2 rebound=1
  TIER1 rest-coherence: worst=87.3deg bone[33]='bone_L-middlefinger03.mesh' count(>5deg)=34 freshRecap=0  xcheck(invOff-vs-restW) worst=87.3deg bone[33]
  TIER2 joint-attach(PRIMARY): worst=11.02u bone[9]='bone_R-thumb01.mesh' parent[13] R=48.5 exactJoint=0.00u pairs=30  (palette-wide exactWorst=0.00u)
[HANDS_ATTACH] mesh='hands_naked.mesh' owner='hands_naked.mesh' frame=836 nb=40 wext=60.1 rebound=1
  TIER1 rest-coherence: worst=42.6deg bone[30]='bone_L-middlefinger03.mesh' count(>5deg)=36 freshRecap=0  xcheck(invOff-vs-restW) worst=42.6deg bone[30]
  TIER2 joint-attach(PRIMARY): worst=27.27u bone[16]='bone_R-thumb01.mesh' parent[1] R=38.3 exactJoint=0.00u pairs=36  (palette-wide exactWorst=0.04u)
[HANDS_ATTACH] mesh='hands_naked.mesh' owner='hands_naked.mesh' frame=836 nb=38 wext=95.6 rebound=1
  TIER1 rest-coherence: worst=87.3deg bone[33]='bone_L-middlefinger03.mesh' count(>5deg)=34 freshRecap=0  xcheck(invOff-vs-restW) worst=87.3deg bone[33]
  TIER2 joint-attach(PRIMARY): worst=61.62u bone[13]='bone_R-hand.mesh' parent[5] R=49.4 exactJoint=0.33u pairs=30  (palette-wide exactWorst=1.95u)
[HANDS_ATTACH] mesh='hands_naked.mesh' owner='hands_naked.mesh' frame=846 nb=38 wext=79.3 rebound=1
  TIER1 rest-coherence: worst=87.3deg bone[33]='bone_L-middlefinger03.mesh' count(>5deg)=34 freshRecap=0  xcheck(invOff-vs-restW) worst=87.3deg bone[33]
  TIER2 joint-attach(PRIMARY): worst=11.02u bone[9]='bone_R-thumb01.mesh' parent[13] R=48.5 exactJoint=0.00u pairs=30  (palette-wide exactWorst=0.00u)
[HANDS_ATTACH] mesh='hands_naked.mesh' owner='hands_naked.mesh' frame=846 nb=40 wext=60.1 rebound=1
  TIER1 rest-coherence: worst=42.6deg bone[30]='bone_L-middlefinger03.mesh' count(>5deg)=36 freshRecap=0  xcheck(invOff-vs-restW) worst=42.6deg bone[30]
  TIER2 joint-attach(PRIMARY): worst=27.27u bone[16]='bone_R-thumb01.mesh' parent[1] R=38.3 exactJoint=0.00u pairs=36  (palette-wide exactWorst=0.04u)
[HANDS_ATTACH] mesh='hands_naked.mesh' owner='hands_naked.mesh' frame=846 nb=38 wext=95.4 rebound=1
  TIER1 rest-coherence: worst=87.3deg bone[33]='bone_L-middlefinger03.mesh' count(>5deg)=34 freshRecap=0  xcheck(invOff-vs-restW) worst=87.3deg bone[33]
  TIER2 joint-attach(PRIMARY): worst=60.42u bone[13]='bone_R-hand.mesh' parent[5] R=49.4 exactJoint=0.33u pairs=30  (palette-wide exactWorst=1.94u)
[HANDS_ATTACH] mesh='hands_naked.mesh' owner='hands_naked.mesh' frame=856 nb=38 wext=79.4 rebound=1
  TIER1 rest-coherence: worst=87.3deg bone[33]='bone_L-middlefinger03.mesh' count(>5deg)=34 freshRecap=0  xcheck(invOff-vs-restW) worst=87.3deg bone[33]
  TIER2 joint-attach(PRIMARY): worst=11.02u bone[9]='bone_R-thumb01.mesh' parent[13] R=48.5 exactJoint=0.00u pairs=30  (palette-wide exactWorst=0.00u)
[HANDS_ATTACH] mesh='hands_naked.mesh' owner='hands_naked.mesh' frame=856 nb=40 wext=60.3 rebound=1
  TIER1 rest-coherence: worst=42.6deg bone[30]='bone_L-middlefinger03.mesh' count(>5deg)=36 freshRecap=0  xcheck(invOff-vs-restW) worst=42.6deg bone[30]
  TIER2 joint-attach(PRIMARY): worst=27.27u bone[16]='bone_R-thumb01.mesh' parent[1] R=38.3 exactJoint=0.00u pairs=36  (palette-wide exactWorst=0.04u)
[HANDS_ATTACH] mesh='hands_naked.mesh' owner='hands_naked.mesh' frame=856 nb=38 wext=95.6 rebound=1
  TIER1 rest-coherence: worst=87.3deg bone[33]='bone_L-middlefinger03.mesh' count(>5deg)=34 freshRecap=0  xcheck(invOff-vs-restW) worst=87.3deg bone[33]
  TIER2 joint-attach(PRIMARY): worst=60.24u bone[13]='bone_R-hand.mesh' parent[5] R=49.4 exactJoint=0.33u pairs=30  (palette-wide exactWorst=1.95u)
[HANDS_ATTACH] mesh='hands_naked.mesh' owner='hands_naked.mesh' frame=866 nb=38 wext=79.4 rebound=1
  TIER1 rest-coherence: worst=87.3deg bone[33]='bone_L-middlefinger03.mesh' count(>5deg)=34 freshRecap=0  xcheck(invOff-vs-restW) worst=87.3deg bone[33]
  TIER2 joint-attach(PRIMARY): worst=11.02u bone[9]='bone_R-thumb01.mesh' parent[13] R=48.5 exactJoint=0.00u pairs=30  (palette-wide exactWorst=0.00u)
[HANDS_ATTACH] mesh='hands_naked.mesh' owner='hands_naked.mesh' frame=866 nb=40 wext=60.5 rebound=1
  TIER1 rest-coherence: worst=42.6deg bone[30]='bone_L-middlefinger03.mesh' count(>5deg)=36 freshRecap=0  xcheck(invOff-vs-restW) worst=42.6deg bone[30]
  TIER2 joint-attach(PRIMARY): worst=27.27u bone[16]='bone_R-thumb01.mesh' parent[1] R=38.3 exactJoint=0.00u pairs=36  (palette-wide exactWorst=0.04u)
[HANDS_ATTACH] mesh='hands_naked.mesh' owner='hands_naked.mesh' frame=866 nb=38 wext=95.7 rebound=1
  TIER1 rest-coherence: worst=87.3deg bone[33]='bone_L-middlefinger03.mesh' count(>5deg)=34 freshRecap=0  xcheck(invOff-vs-restW) worst=87.3deg bone[33]
  TIER2 joint-attach(PRIMARY): worst=59.74u bone[13]='bone_R-hand.mesh' parent[5] R=49.4 exactJoint=0.33u pairs=30  (palette-wide exactWorst=1.95u)
[HANDS_ATTACH] mesh='hands_naked.mesh' owner='hands_naked.mesh' frame=876 nb=38 wext=79.4 rebound=1
  TIER1 rest-coherence: worst=87.3deg bone[33]='bone_L-middlefinger03.mesh' count(>5deg)=34 freshRecap=0  xcheck(invOff-vs-restW) worst=87.3deg bone[33]
  TIER2 joint-attach(PRIMARY): worst=11.02u bone[9]='bone_R-thumb01.mesh' parent[13] R=48.5 exactJoint=0.00u pairs=30  (palette-wide exactWorst=0.00u)
[HANDS_ATTACH] mesh='hands_naked.mesh' owner='hands_naked.mesh' frame=876 nb=40 wext=60.4 rebound=1
  TIER1 rest-coherence: worst=42.6deg bone[30]='bone_L-middlefinger03.mesh' count(>5deg)=36 freshRecap=0  xcheck(invOff-vs-restW) worst=42.6deg bone[30]
  TIER2 joint-attach(PRIMARY): worst=27.27u bone[16]='bone_R-thumb01.mesh' parent[1] R=38.3 exactJoint=0.00u pairs=36  (palette-wide exactWorst=0.04u)
[HANDS_ATTACH] mesh='hands_naked.mesh' owner='hands_naked.mesh' frame=876 nb=38 wext=95.7 rebound=1
  TIER1 rest-coherence: worst=87.3deg bone[33]='bone_L-middlefinger03.mesh' count(>5deg)=34 freshRecap=0  xcheck(invOff-vs-restW) worst=87.3deg bone[33]
  TIER2 joint-attach(PRIMARY): worst=59.23u bone[13]='bone_R-hand.mesh' parent[5] R=49.4 exactJoint=0.33u pairs=30  (palette-wide exactWorst=1.95u)
[HANDS_ATTACH] mesh='hands_naked.mesh' owner='hands_naked.mesh' frame=886 nb=38 wext=79.5 rebound=1
  TIER1 rest-coherence: worst=87.3deg bone[33]='bone_L-middlefinger03.mesh' count(>5deg)=34 freshRecap=0  xcheck(invOff-vs-restW) worst=87.3deg bone[33]
  TIER2 joint-attach(PRIMARY): worst=11.02u bone[9]='bone_R-thumb01.mesh' parent[13] R=48.5 exactJoint=0.00u pairs=30  (palette-wide exactWorst=0.00u)
[HANDS_ATTACH] mesh='hands_naked.mesh' owner='hands_naked.mesh' frame=886 nb=40 wext=60.2 rebound=1
  TIER1 rest-coherence: worst=42.6deg bone[30]='bone_L-middlefinger03.mesh' count(>5deg)=36 freshRecap=0  xcheck(invOff-vs-restW) worst=42.6deg bone[30]
  TIER2 joint-attach(PRIMARY): worst=27.27u bone[16]='bone_R-thumb01.mesh' parent[1] R=38.3 exactJoint=0.00u pairs=36  (palette-wide exactWorst=0.04u)
[HANDS_ATTACH] mesh='hands_naked.mesh' owner='hands_naked.mesh' frame=886 nb=38 wext=95.8 rebound=1
  TIER1 rest-coherence: worst=87.3deg bone[33]='bone_L-middlefinger03.mesh' count(>5deg)=34 freshRecap=0  xcheck(invOff-vs-restW) worst=87.3deg bone[33]
  TIER2 joint-attach(PRIMARY): worst=58.94u bone[13]='bone_R-hand.mesh' parent[5] R=49.4 exactJoint=0.33u pairs=30  (palette-wide exactWorst=1.94u)
[HANDS_ATTACH] mesh='hands_naked.mesh' owner='hands_naked.mesh' frame=896 nb=38 wext=79.6 rebound=1
  TIER1 rest-coherence: worst=87.3deg bone[33]='bone_L-middlefinger03.mesh' count(>5deg)=34 freshRecap=0  xcheck(invOff-vs-restW) worst=87.3deg bone[33]
  TIER2 joint-attach(PRIMARY): worst=11.02u bone[9]='bone_R-thumb01.mesh' parent[13] R=48.5 exactJoint=0.00u pairs=30  (palette-wide exactWorst=0.00u)
[HANDS_ATTACH] mesh='hands_naked.mesh' owner='hands_naked.mesh' frame=896 nb=40 wext=60.1 rebound=1
  TIER1 rest-coherence: worst=42.6deg bone[30]='bone_L-middlefinger03.mesh' count(>5deg)=36 freshRecap=0  xcheck(invOff-vs-restW) worst=42.6deg bone[30]
  TIER2 joint-attach(PRIMARY): worst=27.27u bone[16]='bone_R-thumb01.mesh' parent[1] R=38.3 exactJoint=0.00u pairs=36  (palette-wide exactWorst=0.04u)
[HANDS_ATTACH] mesh='hands_naked.mesh' owner='hands_naked.mesh' frame=896 nb=38 wext=96.0 rebound=1
  TIER1 rest-coherence: worst=87.3deg bone[33]='bone_L-middlefinger03.mesh' count(>5deg)=34 freshRecap=0  xcheck(invOff-vs-restW) worst=87.3deg bone[33]
  TIER2 joint-attach(PRIMARY): worst=59.04u bone[13]='bone_R-hand.mesh' parent[5] R=49.4 exactJoint=0.33u pairs=30  (palette-wide exactWorst=1.94u)
[HANDS_ATTACH] mesh='hands_naked.mesh' owner='hands_naked.mesh' frame=906 nb=38 wext=79.9 rebound=1
  TIER1 rest-coherence: worst=87.3deg bone[33]='bone_L-middlefinger03.mesh' count(>5deg)=34 freshRecap=0  xcheck(invOff-vs-restW) worst=87.3deg bone[33]
  TIER2 joint-attach(PRIMARY): worst=11.02u bone[9]='bone_R-thumb01.mesh' parent[13] R=48.5 exactJoint=0.00u pairs=30  (palette-wide exactWorst=0.00u)
[HANDS_ATTACH] mesh='hands_naked.mesh' owner='hands_naked.mesh' frame=906 nb=40 wext=60.2 rebound=1
  TIER1 rest-coherence: worst=42.6deg bone[30]='bone_L-middlefinger03.mesh' count(>5deg)=36 freshRecap=0  xcheck(invOff-vs-restW) worst=42.6deg bone[30]
  TIER2 joint-attach(PRIMARY): worst=27.27u bone[16]='bone_R-thumb01.mesh' parent[1] R=38.3 exactJoint=0.00u pairs=36  (palette-wide exactWorst=0.04u)
[HANDS_ATTACH] mesh='hands_naked.mesh' owner='hands_naked.mesh' frame=906 nb=38 wext=95.9 rebound=1
  TIER1 rest-coherence: worst=87.3deg bone[33]='bone_L-middlefinger03.mesh' count(>5deg)=34 freshRecap=0  xcheck(invOff-vs-restW) worst=87.3deg bone[33]
  TIER2 joint-attach(PRIMARY): worst=58.64u bone[13]='bone_R-hand.mesh' parent[5] R=49.4 exactJoint=0.33u pairs=30  (palette-wide exactWorst=1.94u)
[HANDS_ATTACH] mesh='hands_naked.mesh' owner='hands_naked.mesh' frame=916 nb=38 wext=79.3 rebound=1
  TIER1 rest-coherence: worst=87.3deg bone[33]='bone_L-middlefinger03.mesh' count(>5deg)=34 freshRecap=0  xcheck(invOff-vs-restW) worst=87.3deg bone[33]
  TIER2 joint-attach(PRIMARY): worst=11.02u bone[9]='bone_R-thumb01.mesh' parent[13] R=48.5 exactJoint=0.00u pairs=30  (palette-wide exactWorst=0.00u)
[HANDS_ATTACH] mesh='hands_naked.mesh' owner='hands_naked.mesh' frame=916 nb=40 wext=60.2 rebound=1
  TIER1 rest-coherence: worst=42.6deg bone[30]='bone_L-middlefinger03.mesh' count(>5deg)=36 freshRecap=0  xcheck(invOff-vs-restW) worst=42.6deg bone[30]
  TIER2 joint-attach(PRIMARY): worst=27.27u bone[16]='bone_R-thumb01.mesh' parent[1] R=38.3 exactJoint=0.00u pairs=36  (palette-wide exactWorst=0.04u)
[HANDS_ATTACH] mesh='hands_naked.mesh' owner='hands_naked.mesh' frame=916 nb=38 wext=94.9 rebound=1
  TIER1 rest-coherence: worst=87.3deg bone[33]='bone_L-middlefinger03.mesh' count(>5deg)=34 freshRecap=0  xcheck(invOff-vs-restW) worst=87.3deg bone[33]
  TIER2 joint-attach(PRIMARY): worst=59.10u bone[13]='bone_R-hand.mesh' parent[5] R=49.4 exactJoint=0.33u pairs=30  (palette-wide exactWorst=1.95u)
[HANDS_ATTACH] mesh='hands_naked.mesh' owner='hands_naked.mesh' frame=926 nb=38 wext=79.6 rebound=1
  TIER1 rest-coherence: worst=87.3deg bone[33]='bone_L-middlefinger03.mesh' count(>5deg)=34 freshRecap=0  xcheck(invOff-vs-restW) worst=87.3deg bone[33]
  TIER2 joint-attach(PRIMARY): worst=11.02u bone[9]='bone_R-thumb01.mesh' parent[13] R=48.5 exactJoint=0.00u pairs=30  (palette-wide exactWorst=0.00u)
[HANDS_ATTACH] mesh='hands_naked.mesh' owner='hands_naked.mesh' frame=926 nb=40 wext=60.3 rebound=1
  TIER1 rest-coherence: worst=42.6deg bone[30]='bone_L-middlefinger03.mesh' count(>5deg)=36 freshRecap=0  xcheck(invOff-vs-restW) worst=42.6deg bone[30]
  TIER2 joint-attach(PRIMARY): worst=27.27u bone[16]='bone_R-thumb01.mesh' parent[1] R=38.3 exactJoint=0.00u pairs=36  (palette-wide exactWorst=0.04u)
[HANDS_ATTACH] mesh='hands_naked.mesh' owner='hands_naked.mesh' frame=926 nb=38 wext=94.5 rebound=1
  TIER1 rest-coherence: worst=87.3deg bone[33]='bone_L-middlefinger03.mesh' count(>5deg)=34 freshRecap=0  xcheck(invOff-vs-restW) worst=87.3deg bone[33]
  TIER2 joint-attach(PRIMARY): worst=59.31u bone[13]='bone_R-hand.mesh' parent[5] R=49.4 exactJoint=0.33u pairs=30  (palette-wide exactWorst=1.94u)
[HANDS_ATTACH] mesh='hands_naked.mesh' owner='hands_naked.mesh' frame=936 nb=38 wext=79.7 rebound=1
  TIER1 rest-coherence: worst=87.3deg bone[33]='bone_L-middlefinger03.mesh' count(>5deg)=34 freshRecap=0  xcheck(invOff-vs-restW) worst=87.3deg bone[33]
  TIER2 joint-attach(PRIMARY): worst=11.02u bone[9]='bone_R-thumb01.mesh' parent[13] R=48.5 exactJoint=0.00u pairs=30  (palette-wide exactWorst=0.00u)
[HANDS_ATTACH] mesh='hands_naked.mesh' owner='hands_naked.mesh' frame=936 nb=40 wext=60.5 rebound=1
  TIER1 rest-coherence: worst=42.6deg bone[30]='bone_L-middlefinger03.mesh' count(>5deg)=36 freshRecap=0  xcheck(invOff-vs-restW) worst=42.6deg bone[30]
  TIER2 joint-attach(PRIMARY): worst=27.27u bone[16]='bone_R-thumb01.mesh' parent[1] R=38.3 exactJoint=0.00u pairs=36  (palette-wide exactWorst=0.04u)
[HANDS_ATTACH] mesh='hands_naked.mesh' owner='hands_naked.mesh' frame=936 nb=38 wext=94.1 rebound=1
  TIER1 rest-coherence: worst=87.3deg bone[33]='bone_L-middlefinger03.mesh' count(>5deg)=34 freshRecap=0  xcheck(invOff-vs-restW) worst=87.3deg bone[33]
  TIER2 joint-attach(PRIMARY): worst=59.77u bone[13]='bone_R-hand.mesh' parent[5] R=49.4 exactJoint=0.33u pairs=30  (palette-wide exactWorst=1.94u)
[HANDS_ATTACH] mesh='hands_naked.mesh' owner='hands_naked.mesh' frame=946 nb=38 wext=79.8 rebound=1
  TIER1 rest-coherence: worst=87.3deg bone[33]='bone_L-middlefinger03.mesh' count(>5deg)=34 freshRecap=0  xcheck(invOff-vs-restW) worst=87.3deg bone[33]
  TIER2 joint-attach(PRIMARY): worst=11.02u bone[9]='bone_R-thumb01.mesh' parent[13] R=48.5 exactJoint=0.00u pairs=30  (palette-wide exactWorst=0.00u)
[HANDS_ATTACH] mesh='hands_naked.mesh' owner='hands_naked.mesh' frame=946 nb=40 wext=60.4 rebound=1
  TIER1 rest-coherence: worst=42.6deg bone[30]='bone_L-middlefinger03.mesh' count(>5deg)=36 freshRecap=0  xcheck(invOff-vs-restW) worst=42.6deg bone[30]
  TIER2 joint-attach(PRIMARY): worst=27.27u bone[16]='bone_R-thumb01.mesh' parent[1] R=38.3 exactJoint=0.00u pairs=36  (palette-wide exactWorst=0.04u)
[HANDS_ATTACH] mesh='hands_naked.mesh' owner='hands_naked.mesh' frame=946 nb=38 wext=93.6 rebound=1
  TIER1 rest-coherence: worst=87.3deg bone[33]='bone_L-middlefinger03.mesh' count(>5deg)=34 freshRecap=0  xcheck(invOff-vs-restW) worst=87.3deg bone[33]
  TIER2 joint-attach(PRIMARY): worst=63.75u bone[13]='bone_R-hand.mesh' parent[5] R=49.4 exactJoint=0.33u pairs=30  (palette-wide exactWorst=1.94u)
[HANDS_ATTACH] mesh='hands_naked.mesh' owner='hands_naked.mesh' frame=956 nb=38 wext=79.7 rebound=1
  TIER1 rest-coherence: worst=87.3deg bone[33]='bone_L-middlefinger03.mesh' count(>5deg)=34 freshRecap=0  xcheck(invOff-vs-restW) worst=87.3deg bone[33]
  TIER2 joint-attach(PRIMARY): worst=11.02u bone[9]='bone_R-thumb01.mesh' parent[13] R=48.5 exactJoint=0.00u pairs=30  (palette-wide exactWorst=0.00u)
[HANDS_ATTACH] mesh='hands_naked.mesh' owner='hands_naked.mesh' frame=956 nb=40 wext=60.5 rebound=1
  TIER1 rest-coherence: worst=42.6deg bone[30]='bone_L-middlefinger03.mesh' count(>5deg)=36 freshRecap=0  xcheck(invOff-vs-restW) worst=42.6deg bone[30]
  TIER2 joint-attach(PRIMARY): worst=27.27u bone[16]='bone_R-thumb01.mesh' parent[1] R=38.3 exactJoint=0.00u pairs=36  (palette-wide exactWorst=0.04u)
[HANDS_ATTACH] mesh='hands_naked.mesh' owner='hands_naked.mesh' frame=956 nb=38 wext=93.6 rebound=1
  TIER1 rest-coherence: worst=87.3deg bone[33]='bone_L-middlefinger03.mesh' count(>5deg)=34 freshRecap=0  xcheck(invOff-vs-restW) worst=87.3deg bone[33]
  TIER2 joint-attach(PRIMARY): worst=64.63u bone[13]='bone_R-hand.mesh' parent[5] R=49.4 exactJoint=0.33u pairs=30  (palette-wide exactWorst=1.94u)
[HANDS_ATTACH] mesh='hands_naked.mesh' owner='hands_naked.mesh' frame=966 nb=38 wext=79.7 rebound=1
  TIER1 rest-coherence: worst=87.3deg bone[33]='bone_L-middlefinger03.mesh' count(>5deg)=34 freshRecap=0  xcheck(invOff-vs-restW) worst=87.3deg bone[33]
  TIER2 joint-attach(PRIMARY): worst=11.02u bone[9]='bone_R-thumb01.mesh' parent[13] R=48.5 exactJoint=0.00u pairs=30  (palette-wide exactWorst=0.00u)
[HANDS_ATTACH] mesh='hands_naked.mesh' owner='hands_naked.mesh' frame=966 nb=40 wext=60.3 rebound=1
  TIER1 rest-coherence: worst=42.6deg bone[30]='bone_L-middlefinger03.mesh' count(>5deg)=36 freshRecap=0  xcheck(invOff-vs-restW) worst=42.6deg bone[30]
  TIER2 joint-attach(PRIMARY): worst=27.27u bone[16]='bone_R-thumb01.mesh' parent[1] R=38.3 exactJoint=0.00u pairs=36  (palette-wide exactWorst=0.04u)
[HANDS_ATTACH] mesh='hands_naked.mesh' owner='hands_naked.mesh' frame=966 nb=38 wext=93.4 rebound=1
  TIER1 rest-coherence: worst=87.3deg bone[33]='bone_L-middlefinger03.mesh' count(>5deg)=34 freshRecap=0  xcheck(invOff-vs-restW) worst=87.3deg bone[33]
  TIER2 joint-attach(PRIMARY): worst=64.46u bone[13]='bone_R-hand.mesh' parent[5] R=49.4 exactJoint=0.33u pairs=30  (palette-wide exactWorst=1.94u)
[HANDS_ATTACH] mesh='hands_naked.mesh' owner='hands_naked.mesh' frame=976 nb=38 wext=79.8 rebound=1
  TIER1 rest-coherence: worst=87.3deg bone[33]='bone_L-middlefinger03.mesh' count(>5deg)=34 freshRecap=0  xcheck(invOff-vs-restW) worst=87.3deg bone[33]
  TIER2 joint-attach(PRIMARY): worst=11.02u bone[9]='bone_R-thumb01.mesh' parent[13] R=48.5 exactJoint=0.00u pairs=30  (palette-wide exactWorst=0.00u)
[HANDS_ATTACH] mesh='hands_naked.mesh' owner='hands_naked.mesh' frame=976 nb=40 wext=60.2 rebound=1
  TIER1 rest-coherence: worst=42.6deg bone[30]='bone_L-middlefinger03.mesh' count(>5deg)=36 freshRecap=0  xcheck(invOff-vs-restW) worst=42.6deg bone[30]
  TIER2 joint-attach(PRIMARY): worst=27.27u bone[16]='bone_R-thumb01.mesh' parent[1] R=38.3 exactJoint=0.00u pairs=36  (palette-wide exactWorst=0.04u)
[HANDS_ATTACH] mesh='hands_naked.mesh' owner='hands_naked.mesh' frame=976 nb=38 wext=93.4 rebound=1
  TIER1 rest-coherence: worst=87.3deg bone[33]='bone_L-middlefinger03.mesh' count(>5deg)=34 freshRecap=0  xcheck(invOff-vs-restW) worst=87.3deg bone[33]
  TIER2 joint-attach(PRIMARY): worst=64.25u bone[13]='bone_R-hand.mesh' parent[5] R=49.4 exactJoint=0.33u pairs=30  (palette-wide exactWorst=1.94u)
[HANDS_ATTACH] mesh='hands_naked.mesh' owner='hands_naked.mesh' frame=986 nb=38 wext=79.4 rebound=1
  TIER1 rest-coherence: worst=87.3deg bone[33]='bone_L-middlefinger03.mesh' count(>5deg)=34 freshRecap=0  xcheck(invOff-vs-restW) worst=87.3deg bone[33]
  TIER2 joint-attach(PRIMARY): worst=11.02u bone[9]='bone_R-thumb01.mesh' parent[13] R=48.5 exactJoint=0.00u pairs=30  (palette-wide exactWorst=0.00u)
[HANDS_ATTACH] mesh='hands_naked.mesh' owner='hands_naked.mesh' frame=986 nb=40 wext=60.0 rebound=1
  TIER1 rest-coherence: worst=42.6deg bone[30]='bone_L-middlefinger03.mesh' count(>5deg)=36 freshRecap=0  xcheck(invOff-vs-restW) worst=42.6deg bone[30]
  TIER2 joint-attach(PRIMARY): worst=27.27u bone[16]='bone_R-thumb01.mesh' parent[1] R=38.3 exactJoint=0.00u pairs=36  (palette-wide exactWorst=0.04u)
[HANDS_ATTACH] mesh='hands_naked.mesh' owner='hands_naked.mesh' frame=986 nb=38 wext=92.7 rebound=1
  TIER1 rest-coherence: worst=87.3deg bone[33]='bone_L-middlefinger03.mesh' count(>5deg)=34 freshRecap=0  xcheck(invOff-vs-restW) worst=87.3deg bone[33]
  TIER2 joint-attach(PRIMARY): worst=66.42u bone[13]='bone_R-hand.mesh' parent[5] R=49.4 exactJoint=0.33u pairs=30  (palette-wide exactWorst=1.94u)
[HANDS_ATTACH] mesh='hands_naked.mesh' owner='hands_naked.mesh' frame=996 nb=38 wext=79.4 rebound=1
  TIER1 rest-coherence: worst=87.3deg bone[33]='bone_L-middlefinger03.mesh' count(>5deg)=34 freshRecap=0  xcheck(invOff-vs-restW) worst=87.3deg bone[33]
  TIER2 joint-attach(PRIMARY): worst=11.02u bone[9]='bone_R-thumb01.mesh' parent[13] R=48.5 exactJoint=0.00u pairs=30  (palette-wide exactWorst=0.00u)
[HANDS_ATTACH] mesh='hands_naked.mesh' owner='hands_naked.mesh' frame=996 nb=40 wext=60.3 rebound=1
  TIER1 rest-coherence: worst=42.6deg bone[30]='bone_L-middlefinger03.mesh' count(>5deg)=36 freshRecap=0  xcheck(invOff-vs-restW) worst=42.6deg bone[30]
  TIER2 joint-attach(PRIMARY): worst=27.27u bone[16]='bone_R-thumb01.mesh' parent[1] R=38.3 exactJoint=0.00u pairs=36  (palette-wide exactWorst=0.04u)
[HANDS_ATTACH] mesh='hands_naked.mesh' owner='hands_naked.mesh' frame=996 nb=38 wext=93.1 rebound=1
  TIER1 rest-coherence: worst=87.3deg bone[33]='bone_L-middlefinger03.mesh' count(>5deg)=34 freshRecap=0  xcheck(invOff-vs-restW) worst=87.3deg bone[33]
  TIER2 joint-attach(PRIMARY): worst=68.53u bone[13]='bone_R-hand.mesh' parent[5] R=49.4 exactJoint=0.33u pairs=30  (palette-wide exactWorst=1.94u)
[HANDS_ATTACH] mesh='hands_naked.mesh' owner='hands_naked.mesh' frame=1006 nb=38 wext=79.2 rebound=1
  TIER1 rest-coherence: worst=87.3deg bone[33]='bone_L-middlefinger03.mesh' count(>5deg)=34 freshRecap=0  xcheck(invOff-vs-restW) worst=87.3deg bone[33]
  TIER2 joint-attach(PRIMARY): worst=11.02u bone[9]='bone_R-thumb01.mesh' parent[13] R=48.5 exactJoint=0.00u pairs=30  (palette-wide exactWorst=0.00u)
[HANDS_ATTACH] mesh='hands_naked.mesh' owner='hands_naked.mesh' frame=1006 nb=40 wext=60.3 rebound=1
  TIER1 rest-coherence: worst=42.6deg bone[30]='bone_L-middlefinger03.mesh' count(>5deg)=36 freshRecap=0  xcheck(invOff-vs-restW) worst=42.6deg bone[30]
  TIER2 joint-attach(PRIMARY): worst=27.27u bone[16]='bone_R-thumb01.mesh' parent[1] R=38.3 exactJoint=0.00u pairs=36  (palette-wide exactWorst=0.04u)
[HANDS_ATTACH] mesh='hands_naked.mesh' owner='hands_naked.mesh' frame=1006 nb=38 wext=93.2 rebound=1
  TIER1 rest-coherence: worst=87.3deg bone[33]='bone_L-middlefinger03.mesh' count(>5deg)=34 freshRecap=0  xcheck(invOff-vs-restW) worst=87.3deg bone[33]
  TIER2 joint-attach(PRIMARY): worst=70.47u bone[13]='bone_R-hand.mesh' parent[5] R=49.4 exactJoint=0.33u pairs=30  (palette-wide exactWorst=1.94u)
[HANDS_ATTACH] mesh='hands_naked.mesh' owner='hands_naked.mesh' frame=1016 nb=38 wext=79.2 rebound=1
  TIER1 rest-coherence: worst=87.3deg bone[33]='bone_L-middlefinger03.mesh' count(>5deg)=34 freshRecap=0  xcheck(invOff-vs-restW) worst=87.3deg bone[33]
  TIER2 joint-attach(PRIMARY): worst=11.02u bone[9]='bone_R-thumb01.mesh' parent[13] R=48.5 exactJoint=0.00u pairs=30  (palette-wide exactWorst=0.00u)
[HANDS_ATTACH] mesh='hands_naked.mesh' owner='hands_naked.mesh' frame=1016 nb=40 wext=60.1 rebound=1
  TIER1 rest-coherence: worst=42.6deg bone[30]='bone_L-middlefinger03.mesh' count(>5deg)=36 freshRecap=0  xcheck(invOff-vs-restW) worst=42.6deg bone[30]
  TIER2 joint-attach(PRIMARY): worst=27.27u bone[16]='bone_R-thumb01.mesh' parent[1] R=38.3 exactJoint=0.00u pairs=36  (palette-wide exactWorst=0.04u)
[HANDS_ATTACH] mesh='hands_naked.mesh' owner='hands_naked.mesh' frame=1016 nb=38 wext=93.4 rebound=1
  TIER1 rest-coherence: worst=87.3deg bone[33]='bone_L-middlefinger03.mesh' count(>5deg)=34 freshRecap=0  xcheck(invOff-vs-restW) worst=87.3deg bone[33]
  TIER2 joint-attach(PRIMARY): worst=70.71u bone[13]='bone_R-hand.mesh' parent[5] R=49.4 exactJoint=0.33u pairs=30  (palette-wide exactWorst=1.94u)
[HANDS_ATTACH] mesh='hands_naked.mesh' owner='hands_naked.mesh' frame=1026 nb=38 wext=79.3 rebound=1
  TIER1 rest-coherence: worst=87.3deg bone[33]='bone_L-middlefinger03.mesh' count(>5deg)=34 freshRecap=0  xcheck(invOff-vs-restW) worst=87.3deg bone[33]
  TIER2 joint-attach(PRIMARY): worst=11.02u bone[9]='bone_R-thumb01.mesh' parent[13] R=48.5 exactJoint=0.00u pairs=30  (palette-wide exactWorst=0.00u)
[HANDS_ATTACH] mesh='hands_naked.mesh' owner='hands_naked.mesh' frame=1026 nb=40 wext=60.1 rebound=1
  TIER1 rest-coherence: worst=42.6deg bone[30]='bone_L-middlefinger03.mesh' count(>5deg)=36 freshRecap=0  xcheck(invOff-vs-restW) worst=42.6deg bone[30]
  TIER2 joint-attach(PRIMARY): worst=27.27u bone[16]='bone_R-thumb01.mesh' parent[1] R=38.3 exactJoint=0.00u pairs=36  (palette-wide exactWorst=0.04u)
[HANDS_ATTACH] mesh='hands_naked.mesh' owner='hands_naked.mesh' frame=1026 nb=38 wext=94.0 rebound=1
  TIER1 rest-coherence: worst=87.3deg bone[33]='bone_L-middlefinger03.mesh' count(>5deg)=34 freshRecap=0  xcheck(invOff-vs-restW) worst=87.3deg bone[33]
  TIER2 joint-attach(PRIMARY): worst=70.41u bone[13]='bone_R-hand.mesh' parent[5] R=49.4 exactJoint=0.33u pairs=30  (palette-wide exactWorst=1.95u)
[HANDS_ATTACH] mesh='hands_naked.mesh' owner='hands_naked.mesh' frame=1036 nb=38 wext=79.4 rebound=1
  TIER1 rest-coherence: worst=87.3deg bone[33]='bone_L-middlefinger03.mesh' count(>5deg)=34 freshRecap=0  xcheck(invOff-vs-restW) worst=87.3deg bone[33]
  TIER2 joint-attach(PRIMARY): worst=11.02u bone[9]='bone_R-thumb01.mesh' parent[13] R=48.5 exactJoint=0.00u pairs=30  (palette-wide exactWorst=0.00u)
[HANDS_ATTACH] mesh='hands_naked.mesh' owner='hands_naked.mesh' frame=1036 nb=40 wext=60.3 rebound=1
  TIER1 rest-coherence: worst=42.6deg bone[30]='bone_L-middlefinger03.mesh' count(>5deg)=36 freshRecap=0  xcheck(invOff-vs-restW) worst=42.6deg bone[30]
  TIER2 joint-attach(PRIMARY): worst=27.27u bone[16]='bone_R-thumb01.mesh' parent[1] R=38.3 exactJoint=0.00u pairs=36  (palette-wide exactWorst=0.04u)
[HANDS_ATTACH] mesh='hands_naked.mesh' owner='hands_naked.mesh' frame=1036 nb=38 wext=94.8 rebound=1
  TIER1 rest-coherence: worst=87.3deg bone[33]='bone_L-middlefinger03.mesh' count(>5deg)=34 freshRecap=0  xcheck(invOff-vs-restW) worst=87.3deg bone[33]
  TIER2 joint-attach(PRIMARY): worst=71.02u bone[13]='bone_R-hand.mesh' parent[5] R=49.4 exactJoint=0.33u pairs=30  (palette-wide exactWorst=1.95u)
[HANDS_ATTACH] mesh='hands_naked.mesh' owner='hands_naked.mesh' frame=1046 nb=38 wext=79.6 rebound=1
  TIER1 rest-coherence: worst=87.3deg bone[33]='bone_L-middlefinger03.mesh' count(>5deg)=34 freshRecap=0  xcheck(invOff-vs-restW) worst=87.3deg bone[33]
  TIER2 joint-attach(PRIMARY): worst=11.02u bone[9]='bone_R-thumb01.mesh' parent[13] R=48.5 exactJoint=0.00u pairs=30  (palette-wide exactWorst=0.00u)
[HANDS_ATTACH] mesh='hands_naked.mesh' owner='hands_naked.mesh' frame=1046 nb=40 wext=60.5 rebound=1
  TIER1 rest-coherence: worst=42.6deg bone[30]='bone_L-middlefinger03.mesh' count(>5deg)=36 freshRecap=0  xcheck(invOff-vs-restW) worst=42.6deg bone[30]
  TIER2 joint-attach(PRIMARY): worst=27.27u bone[16]='bone_R-thumb01.mesh' parent[1] R=38.3 exactJoint=0.00u pairs=36  (palette-wide exactWorst=0.04u)
[HANDS_ATTACH] mesh='hands_naked.mesh' owner='hands_naked.mesh' frame=1046 nb=38 wext=95.2 rebound=1
  TIER1 rest-coherence: worst=87.3deg bone[33]='bone_L-middlefinger03.mesh' count(>5deg)=34 freshRecap=0  xcheck(invOff-vs-restW) worst=87.3deg bone[33]
  TIER2 joint-attach(PRIMARY): worst=70.59u bone[13]='bone_R-hand.mesh' parent[5] R=49.4 exactJoint=0.33u pairs=30  (palette-wide exactWorst=1.94u)
[HANDS_ATTACH] mesh='hands_naked.mesh' owner='hands_naked.mesh' frame=1056 nb=38 wext=79.8 rebound=1
  TIER1 rest-coherence: worst=87.3deg bone[33]='bone_L-middlefinger03.mesh' count(>5deg)=34 freshRecap=0  xcheck(invOff-vs-restW) worst=87.3deg bone[33]
  TIER2 joint-attach(PRIMARY): worst=11.02u bone[9]='bone_R-thumb01.mesh' parent[13] R=48.5 exactJoint=0.00u pairs=30  (palette-wide exactWorst=0.00u)
[HANDS_ATTACH] mesh='hands_naked.mesh' owner='hands_naked.mesh' frame=1056 nb=40 wext=60.4 rebound=1
  TIER1 rest-coherence: worst=42.6deg bone[30]='bone_L-middlefinger03.mesh' count(>5deg)=36 freshRecap=0  xcheck(invOff-vs-restW) worst=42.6deg bone[30]
  TIER2 joint-attach(PRIMARY): worst=27.27u bone[16]='bone_R-thumb01.mesh' parent[1] R=38.3 exactJoint=0.00u pairs=36  (palette-wide exactWorst=0.04u)
[HANDS_ATTACH] mesh='hands_naked.mesh' owner='hands_naked.mesh' frame=1056 nb=38 wext=95.4 rebound=1
  TIER1 rest-coherence: worst=87.3deg bone[33]='bone_L-middlefinger03.mesh' count(>5deg)=34 freshRecap=0  xcheck(invOff-vs-restW) worst=87.3deg bone[33]
  TIER2 joint-attach(PRIMARY): worst=69.89u bone[13]='bone_R-hand.mesh' parent[5] R=49.4 exactJoint=0.33u pairs=30  (palette-wide exactWorst=1.94u)
[HANDS_ATTACH] mesh='hands_naked.mesh' owner='hands_naked.mesh' frame=1066 nb=38 wext=79.8 rebound=1
  TIER1 rest-coherence: worst=87.3deg bone[33]='bone_L-middlefinger03.mesh' count(>5deg)=34 freshRecap=0  xcheck(invOff-vs-restW) worst=87.3deg bone[33]
  TIER2 joint-attach(PRIMARY): worst=11.02u bone[9]='bone_R-thumb01.mesh' parent[13] R=48.5 exactJoint=0.00u pairs=30  (palette-wide exactWorst=0.00u)
[HANDS_ATTACH] mesh='hands_naked.mesh' owner='hands_naked.mesh' frame=1066 nb=40 wext=60.2 rebound=1
  TIER1 rest-coherence: worst=42.6deg bone[30]='bone_L-middlefinger03.mesh' count(>5deg)=36 freshRecap=0  xcheck(invOff-vs-restW) worst=42.6deg bone[30]
  TIER2 joint-attach(PRIMARY): worst=27.27u bone[16]='bone_R-thumb01.mesh' parent[1] R=38.3 exactJoint=0.00u pairs=36  (palette-wide exactWorst=0.04u)
[HANDS_ATTACH] mesh='hands_naked.mesh' owner='hands_naked.mesh' frame=1066 nb=38 wext=95.4 rebound=1
  TIER1 rest-coherence: worst=87.3deg bone[33]='bone_L-middlefinger03.mesh' count(>5deg)=34 freshRecap=0  xcheck(invOff-vs-restW) worst=87.3deg bone[33]
  TIER2 joint-attach(PRIMARY): worst=69.04u bone[13]='bone_R-hand.mesh' parent[5] R=49.4 exactJoint=0.33u pairs=30  (palette-wide exactWorst=1.94u)
[HANDS_ATTACH] mesh='hands_naked.mesh' owner='hands_naked.mesh' frame=1076 nb=38 wext=79.8 rebound=1
  TIER1 rest-coherence: worst=87.3deg bone[33]='bone_L-middlefinger03.mesh' count(>5deg)=34 freshRecap=0  xcheck(invOff-vs-restW) worst=87.3deg bone[33]
  TIER2 joint-attach(PRIMARY): worst=11.02u bone[9]='bone_R-thumb01.mesh' parent[13] R=48.5 exactJoint=0.00u pairs=30  (palette-wide exactWorst=0.00u)
[HANDS_ATTACH] mesh='hands_naked.mesh' owner='hands_naked.mesh' frame=1076 nb=40 wext=60.2 rebound=1
  TIER1 rest-coherence: worst=42.6deg bone[30]='bone_L-middlefinger03.mesh' count(>5deg)=36 freshRecap=0  xcheck(invOff-vs-restW) worst=42.6deg bone[30]
  TIER2 joint-attach(PRIMARY): worst=27.27u bone[16]='bone_R-thumb01.mesh' parent[1] R=38.3 exactJoint=0.00u pairs=36  (palette-wide exactWorst=0.04u)
[HANDS_ATTACH] mesh='hands_naked.mesh' owner='hands_naked.mesh' frame=1076 nb=38 wext=95.5 rebound=1
  TIER1 rest-coherence: worst=87.3deg bone[33]='bone_L-middlefinger03.mesh' count(>5deg)=34 freshRecap=0  xcheck(invOff-vs-restW) worst=87.3deg bone[33]
  TIER2 joint-attach(PRIMARY): worst=68.95u bone[13]='bone_R-hand.mesh' parent[5] R=49.4 exactJoint=0.33u pairs=30  (palette-wide exactWorst=1.94u)
[HANDS_ATTACH] mesh='hands_naked.mesh' owner='hands_naked.mesh' frame=1086 nb=38 wext=79.8 rebound=1
  TIER1 rest-coherence: worst=87.3deg bone[33]='bone_L-middlefinger03.mesh' count(>5deg)=34 freshRecap=0  xcheck(invOff-vs-restW) worst=87.3deg bone[33]
  TIER2 joint-attach(PRIMARY): worst=11.02u bone[9]='bone_R-thumb01.mesh' parent[13] R=48.5 exactJoint=0.00u pairs=30  (palette-wide exactWorst=0.00u)
[HANDS_ATTACH] mesh='hands_naked.mesh' owner='hands_naked.mesh' frame=1086 nb=40 wext=60.4 rebound=1
  TIER1 rest-coherence: worst=42.6deg bone[30]='bone_L-middlefinger03.mesh' count(>5deg)=36 freshRecap=0  xcheck(invOff-vs-restW) worst=42.6deg bone[30]
  TIER2 joint-attach(PRIMARY): worst=27.27u bone[16]='bone_R-thumb01.mesh' parent[1] R=38.3 exactJoint=0.00u pairs=36  (palette-wide exactWorst=0.04u)
[HANDS_ATTACH] mesh='hands_naked.mesh' owner='hands_naked.mesh' frame=1086 nb=38 wext=95.8 rebound=1
  TIER1 rest-coherence: worst=87.3deg bone[33]='bone_L-middlefinger03.mesh' count(>5deg)=34 freshRecap=0  xcheck(invOff-vs-restW) worst=87.3deg bone[33]
  TIER2 joint-attach(PRIMARY): worst=69.35u bone[13]='bone_R-hand.mesh' parent[5] R=49.4 exactJoint=0.33u pairs=30  (palette-wide exactWorst=1.94u)
[HANDS_ATTACH] mesh='hands_naked.mesh' owner='hands_naked.mesh' frame=1096 nb=38 wext=79.7 rebound=1
  TIER1 rest-coherence: worst=87.3deg bone[33]='bone_L-middlefinger03.mesh' count(>5deg)=34 freshRecap=0  xcheck(invOff-vs-restW) worst=87.3deg bone[33]
  TIER2 joint-attach(PRIMARY): worst=11.02u bone[9]='bone_R-thumb01.mesh' parent[13] R=48.5 exactJoint=0.00u pairs=30  (palette-wide exactWorst=0.00u)
[HANDS_ATTACH] mesh='hands_naked.mesh' owner='hands_naked.mesh' frame=1096 nb=40 wext=60.5 rebound=1
  TIER1 rest-coherence: worst=42.6deg bone[30]='bone_L-middlefinger03.mesh' count(>5deg)=36 freshRecap=0  xcheck(invOff-vs-restW) worst=42.6deg bone[30]
  TIER2 joint-attach(PRIMARY): worst=27.27u bone[16]='bone_R-thumb01.mesh' parent[1] R=38.3 exactJoint=0.00u pairs=36  (palette-wide exactWorst=0.04u)
[HANDS_ATTACH] mesh='hands_naked.mesh' owner='hands_naked.mesh' frame=1096 nb=38 wext=95.7 rebound=1
  TIER1 rest-coherence: worst=87.3deg bone[33]='bone_L-middlefinger03.mesh' count(>5deg)=34 freshRecap=0  xcheck(invOff-vs-restW) worst=87.3deg bone[33]
  TIER2 joint-attach(PRIMARY): worst=68.98u bone[13]='bone_R-hand.mesh' parent[5] R=49.4 exactJoint=0.33u pairs=30  (palette-wide exactWorst=1.95u)
[HANDS_ATTACH] mesh='hands_naked.mesh' owner='hands_naked.mesh' frame=1106 nb=38 wext=79.8 rebound=1
  TIER1 rest-coherence: worst=87.3deg bone[33]='bone_L-middlefinger03.mesh' count(>5deg)=34 freshRecap=0  xcheck(invOff-vs-restW) worst=87.3deg bone[33]
  TIER2 joint-attach(PRIMARY): worst=11.02u bone[9]='bone_R-thumb01.mesh' parent[13] R=48.5 exactJoint=0.00u pairs=30  (palette-wide exactWorst=0.00u)
[HANDS_ATTACH] mesh='hands_naked.mesh' owner='hands_naked.mesh' frame=1106 nb=40 wext=60.3 rebound=1
  TIER1 rest-coherence: worst=42.6deg bone[30]='bone_L-middlefinger03.mesh' count(>5deg)=36 freshRecap=0  xcheck(invOff-vs-restW) worst=42.6deg bone[30]
  TIER2 joint-attach(PRIMARY): worst=27.27u bone[16]='bone_R-thumb01.mesh' parent[1] R=38.3 exactJoint=0.00u pairs=36  (palette-wide exactWorst=0.04u)
[HANDS_ATTACH] mesh='hands_naked.mesh' owner='hands_naked.mesh' frame=1106 nb=38 wext=95.3 rebound=1
  TIER1 rest-coherence: worst=87.3deg bone[33]='bone_L-middlefinger03.mesh' count(>5deg)=34 freshRecap=0  xcheck(invOff-vs-restW) worst=87.3deg bone[33]
  TIER2 joint-attach(PRIMARY): worst=67.71u bone[13]='bone_R-hand.mesh' parent[5] R=49.4 exactJoint=0.33u pairs=30  (palette-wide exactWorst=1.95u)
[HANDS_ATTACH] mesh='hands_naked.mesh' owner='hands_naked.mesh' frame=1116 nb=38 wext=79.8 rebound=1
  TIER1 rest-coherence: worst=87.3deg bone[33]='bone_L-middlefinger03.mesh' count(>5deg)=34 freshRecap=0  xcheck(invOff-vs-restW) worst=87.3deg bone[33]
  TIER2 joint-attach(PRIMARY): worst=11.02u bone[9]='bone_R-thumb01.mesh' parent[13] R=48.5 exactJoint=0.00u pairs=30  (palette-wide exactWorst=0.00u)
[HANDS_ATTACH] mesh='hands_naked.mesh' owner='hands_naked.mesh' frame=1116 nb=40 wext=60.1 rebound=1
  TIER1 rest-coherence: worst=42.6deg bone[30]='bone_L-middlefinger03.mesh' count(>5deg)=36 freshRecap=0  xcheck(invOff-vs-restW) worst=42.6deg bone[30]
  TIER2 joint-attach(PRIMARY): worst=27.27u bone[16]='bone_R-thumb01.mesh' parent[1] R=38.3 exactJoint=0.00u pairs=36  (palette-wide exactWorst=0.04u)
[HANDS_ATTACH] mesh='hands_naked.mesh' owner='hands_naked.mesh' frame=1116 nb=38 wext=94.7 rebound=1
  TIER1 rest-coherence: worst=87.3deg bone[33]='bone_L-middlefinger03.mesh' count(>5deg)=34 freshRecap=0  xcheck(invOff-vs-restW) worst=87.3deg bone[33]
  TIER2 joint-attach(PRIMARY): worst=65.43u bone[13]='bone_R-hand.mesh' parent[5] R=49.4 exactJoint=0.33u pairs=30  (palette-wide exactWorst=1.94u)
[HANDS_ATTACH] mesh='hands_naked.mesh' owner='hands_naked.mesh' frame=1126 nb=38 wext=79.8 rebound=1
  TIER1 rest-coherence: worst=87.3deg bone[33]='bone_L-middlefinger03.mesh' count(>5deg)=34 freshRecap=0  xcheck(invOff-vs-restW) worst=87.3deg bone[33]
  TIER2 joint-attach(PRIMARY): worst=11.02u bone[9]='bone_R-thumb01.mesh' parent[13] R=48.5 exactJoint=0.00u pairs=30  (palette-wide exactWorst=0.00u)
[HANDS_ATTACH] mesh='hands_naked.mesh' owner='hands_naked.mesh' frame=1126 nb=40 wext=60.0 rebound=1
  TIER1 rest-coherence: worst=42.6deg bone[30]='bone_L-middlefinger03.mesh' count(>5deg)=36 freshRecap=0  xcheck(invOff-vs-restW) worst=42.6deg bone[30]
  TIER2 joint-attach(PRIMARY): worst=27.27u bone[16]='bone_R-thumb01.mesh' parent[1] R=38.3 exactJoint=0.00u pairs=36  (palette-wide exactWorst=0.04u)
[HANDS_ATTACH] mesh='hands_naked.mesh' owner='hands_naked.mesh' frame=1126 nb=38 wext=94.4 rebound=1
  TIER1 rest-coherence: worst=87.3deg bone[33]='bone_L-middlefinger03.mesh' count(>5deg)=34 freshRecap=0  xcheck(invOff-vs-restW) worst=87.3deg bone[33]
  TIER2 joint-attach(PRIMARY): worst=63.92u bone[13]='bone_R-hand.mesh' parent[5] R=49.4 exactJoint=0.33u pairs=30  (palette-wide exactWorst=1.94u)
[HANDS_ATTACH] mesh='hands_naked.mesh' owner='hands_naked.mesh' frame=1136 nb=38 wext=79.8 rebound=1
  TIER1 rest-coherence: worst=87.3deg bone[33]='bone_L-middlefinger03.mesh' count(>5deg)=34 freshRecap=0  xcheck(invOff-vs-restW) worst=87.3deg bone[33]
  TIER2 joint-attach(PRIMARY): worst=11.02u bone[9]='bone_R-thumb01.mesh' parent[13] R=48.5 exactJoint=0.00u pairs=30  (palette-wide exactWorst=0.00u)
[HANDS_ATTACH] mesh='hands_naked.mesh' owner='hands_naked.mesh' frame=1136 nb=40 wext=60.2 rebound=1
  TIER1 rest-coherence: worst=42.6deg bone[30]='bone_L-middlefinger03.mesh' count(>5deg)=36 freshRecap=0  xcheck(invOff-vs-restW) worst=42.6deg bone[30]
  TIER2 joint-attach(PRIMARY): worst=27.27u bone[16]='bone_R-thumb01.mesh' parent[1] R=38.3 exactJoint=0.00u pairs=36  (palette-wide exactWorst=0.04u)
[HANDS_ATTACH] mesh='hands_naked.mesh' owner='hands_naked.mesh' frame=1136 nb=38 wext=94.3 rebound=1
  TIER1 rest-coherence: worst=87.3deg bone[33]='bone_L-middlefinger03.mesh' count(>5deg)=34 freshRecap=0  xcheck(invOff-vs-restW) worst=87.3deg bone[33]
  TIER2 joint-attach(PRIMARY): worst=63.30u bone[13]='bone_R-hand.mesh' parent[5] R=49.4 exactJoint=0.33u pairs=30  (palette-wide exactWorst=1.95u)
[HANDS_ATTACH] mesh='hands_naked.mesh' owner='hands_naked.mesh' frame=1146 nb=38 wext=79.7 rebound=1
  TIER1 rest-coherence: worst=87.3deg bone[33]='bone_L-middlefinger03.mesh' count(>5deg)=34 freshRecap=0  xcheck(invOff-vs-restW) worst=87.3deg bone[33]
  TIER2 joint-attach(PRIMARY): worst=11.02u bone[9]='bone_R-thumb01.mesh' parent[13] R=48.5 exactJoint=0.00u pairs=30  (palette-wide exactWorst=0.00u)
[HANDS_ATTACH] mesh='hands_naked.mesh' owner='hands_naked.mesh' frame=1146 nb=40 wext=60.3 rebound=1
  TIER1 rest-coherence: worst=42.6deg bone[30]='bone_L-middlefinger03.mesh' count(>5deg)=36 freshRecap=0  xcheck(invOff-vs-restW) worst=42.6deg bone[30]
  TIER2 joint-attach(PRIMARY): worst=27.27u bone[16]='bone_R-thumb01.mesh' parent[1] R=38.3 exactJoint=0.00u pairs=36  (palette-wide exactWorst=0.04u)
[HANDS_ATTACH] mesh='hands_naked.mesh' owner='hands_naked.mesh' frame=1146 nb=38 wext=94.3 rebound=1
  TIER1 rest-coherence: worst=87.3deg bone[33]='bone_L-middlefinger03.mesh' count(>5deg)=34 freshRecap=0  xcheck(invOff-vs-restW) worst=87.3deg bone[33]
  TIER2 joint-attach(PRIMARY): worst=62.92u bone[13]='bone_R-hand.mesh' parent[5] R=49.4 exactJoint=0.33u pairs=30  (palette-wide exactWorst=1.95u)
[HANDS_ATTACH] mesh='hands_naked.mesh' owner='hands_naked.mesh' frame=1156 nb=38 wext=86.2 rebound=1
  TIER1 rest-coherence: worst=87.3deg bone[33]='bone_L-middlefinger03.mesh' count(>5deg)=34 freshRecap=0  xcheck(invOff-vs-restW) worst=87.3deg bone[33]
  TIER2 joint-attach(PRIMARY): worst=84.35u bone[13]='bone_R-hand.mesh' parent[5] R=49.4 exactJoint=0.33u pairs=30  (palette-wide exactWorst=6.73u)
[HANDS_ATTACH] mesh='hands_naked.mesh' owner='hands_naked.mesh' frame=1158 nb=40 wext=60.4 rebound=1
  TIER1 rest-coherence: worst=42.6deg bone[30]='bone_L-middlefinger03.mesh' count(>5deg)=36 freshRecap=0  xcheck(invOff-vs-restW) worst=42.6deg bone[30]
  TIER2 joint-attach(PRIMARY): worst=27.27u bone[16]='bone_R-thumb01.mesh' parent[1] R=38.3 exactJoint=0.00u pairs=36  (palette-wide exactWorst=0.04u)
[HANDS_ATTACH] mesh='hands_naked.mesh' owner='hands_naked.mesh' frame=1158 nb=38 wext=79.5 rebound=1
  TIER1 rest-coherence: worst=87.3deg bone[33]='bone_L-middlefinger03.mesh' count(>5deg)=34 freshRecap=0  xcheck(invOff-vs-restW) worst=87.3deg bone[33]
  TIER2 joint-attach(PRIMARY): worst=11.02u bone[9]='bone_R-thumb01.mesh' parent[13] R=48.5 exactJoint=0.00u pairs=30  (palette-wide exactWorst=0.00u)
[HANDS_ATTACH] mesh='hands_naked.mesh' owner='hands_naked.mesh' frame=1166 nb=38 wext=86.0 rebound=1
  TIER1 rest-coherence: worst=87.3deg bone[33]='bone_L-middlefinger03.mesh' count(>5deg)=34 freshRecap=0  xcheck(invOff-vs-restW) worst=87.3deg bone[33]
  TIER2 joint-attach(PRIMARY): worst=86.30u bone[13]='bone_R-hand.mesh' parent[5] R=49.4 exactJoint=0.33u pairs=30  (palette-wide exactWorst=4.71u)
[HANDS_ATTACH] mesh='hands_naked.mesh' owner='hands_naked.mesh' frame=1176 nb=38 wext=86.6 rebound=1
  TIER1 rest-coherence: worst=87.3deg bone[33]='bone_L-middlefinger03.mesh' count(>5deg)=34 freshRecap=0  xcheck(invOff-vs-restW) worst=87.3deg bone[33]
  TIER2 joint-attach(PRIMARY): worst=86.16u bone[13]='bone_R-hand.mesh' parent[5] R=49.4 exactJoint=0.33u pairs=30  (palette-wide exactWorst=7.51u)
[HANDS_ATTACH] mesh='hands_naked.mesh' owner='hands_naked.mesh' frame=1178 nb=40 wext=60.4 rebound=1
  TIER1 rest-coherence: worst=42.6deg bone[30]='bone_L-middlefinger03.mesh' count(>5deg)=36 freshRecap=0  xcheck(invOff-vs-restW) worst=42.6deg bone[30]
  TIER2 joint-attach(PRIMARY): worst=27.27u bone[16]='bone_R-thumb01.mesh' parent[1] R=38.3 exactJoint=0.00u pairs=36  (palette-wide exactWorst=0.04u)
[HANDS_ATTACH] mesh='hands_naked.mesh' owner='hands_naked.mesh' frame=1178 nb=38 wext=79.5 rebound=1
  TIER1 rest-coherence: worst=87.3deg bone[33]='bone_L-middlefinger03.mesh' count(>5deg)=34 freshRecap=0  xcheck(invOff-vs-restW) worst=87.3deg bone[33]
  TIER2 joint-attach(PRIMARY): worst=11.02u bone[9]='bone_R-thumb01.mesh' parent[13] R=48.5 exactJoint=0.00u pairs=30  (palette-wide exactWorst=0.00u)
[HANDS_ATTACH] mesh='hands_naked.mesh' owner='hands_naked.mesh' frame=1186 nb=38 wext=88.7 rebound=1
  TIER1 rest-coherence: worst=87.3deg bone[33]='bone_L-middlefinger03.mesh' count(>5deg)=34 freshRecap=0  xcheck(invOff-vs-restW) worst=87.3deg bone[33]
  TIER2 joint-attach(PRIMARY): worst=85.76u bone[13]='bone_R-hand.mesh' parent[5] R=49.4 exactJoint=0.33u pairs=30  (palette-wide exactWorst=7.45u)
[HANDS_ATTACH] mesh='hands_naked.mesh' owner='hands_naked.mesh' frame=1196 nb=38 wext=90.3 rebound=1
  TIER1 rest-coherence: worst=87.3deg bone[33]='bone_L-middlefinger03.mesh' count(>5deg)=34 freshRecap=0  xcheck(invOff-vs-restW) worst=87.3deg bone[33]
  TIER2 joint-attach(PRIMARY): worst=85.31u bone[13]='bone_R-hand.mesh' parent[5] R=49.4 exactJoint=0.33u pairs=30  (palette-wide exactWorst=6.85u)
[HANDS_ATTACH] mesh='hands_naked.mesh' owner='hands_naked.mesh' frame=1198 nb=40 wext=60.4 rebound=1
  TIER1 rest-coherence: worst=42.6deg bone[30]='bone_L-middlefinger03.mesh' count(>5deg)=36 freshRecap=0  xcheck(invOff-vs-restW) worst=42.6deg bone[30]
  TIER2 joint-attach(PRIMARY): worst=27.27u bone[16]='bone_R-thumb01.mesh' parent[1] R=38.3 exactJoint=0.00u pairs=36  (palette-wide exactWorst=0.04u)
[HANDS_ATTACH] mesh='hands_naked.mesh' owner='hands_naked.mesh' frame=1198 nb=38 wext=79.5 rebound=1
  TIER1 rest-coherence: worst=87.3deg bone[33]='bone_L-middlefinger03.mesh' count(>5deg)=34 freshRecap=0  xcheck(invOff-vs-restW) worst=87.3deg bone[33]
  TIER2 joint-attach(PRIMARY): worst=11.02u bone[9]='bone_R-thumb01.mesh' parent[13] R=48.5 exactJoint=0.00u pairs=30  (palette-wide exactWorst=0.00u)
[HANDS_ATTACH] mesh='hands_naked.mesh' owner='hands_naked.mesh' frame=1206 nb=38 wext=90.9 rebound=1
  TIER1 rest-coherence: worst=87.3deg bone[33]='bone_L-middlefinger03.mesh' count(>5deg)=34 freshRecap=0  xcheck(invOff-vs-restW) worst=87.3deg bone[33]
  TIER2 joint-attach(PRIMARY): worst=84.66u bone[13]='bone_R-hand.mesh' parent[5] R=49.4 exactJoint=0.33u pairs=30  (palette-wide exactWorst=5.99u)
[HANDS_ATTACH] mesh='hands_naked.mesh' owner='hands_naked.mesh' frame=1216 nb=38 wext=90.8 rebound=1
  TIER1 rest-coherence: worst=87.3deg bone[33]='bone_L-middlefinger03.mesh' count(>5deg)=34 freshRecap=0  xcheck(invOff-vs-restW) worst=87.3deg bone[33]
  TIER2 joint-attach(PRIMARY): worst=83.90u bone[13]='bone_R-hand.mesh' parent[5] R=49.4 exactJoint=0.33u pairs=30  (palette-wide exactWorst=5.01u)
[HANDS_ATTACH] mesh='hands_naked.mesh' owner='hands_naked.mesh' frame=1218 nb=40 wext=60.4 rebound=1
  TIER1 rest-coherence: worst=42.6deg bone[30]='bone_L-middlefinger03.mesh' count(>5deg)=36 freshRecap=0  xcheck(invOff-vs-restW) worst=42.6deg bone[30]
  TIER2 joint-attach(PRIMARY): worst=27.27u bone[16]='bone_R-thumb01.mesh' parent[1] R=38.3 exactJoint=0.00u pairs=36  (palette-wide exactWorst=0.04u)
[HANDS_ATTACH] mesh='hands_naked.mesh' owner='hands_naked.mesh' frame=1218 nb=38 wext=79.5 rebound=1
  TIER1 rest-coherence: worst=87.3deg bone[33]='bone_L-middlefinger03.mesh' count(>5deg)=34 freshRecap=0  xcheck(invOff-vs-restW) worst=87.3deg bone[33]
  TIER2 joint-attach(PRIMARY): worst=11.02u bone[9]='bone_R-thumb01.mesh' parent[13] R=48.5 exactJoint=0.00u pairs=30  (palette-wide exactWorst=0.00u)
[HANDS_ATTACH] mesh='hands_naked.mesh' owner='hands_naked.mesh' frame=1226 nb=38 wext=90.5 rebound=1
  TIER1 rest-coherence: worst=87.3deg bone[33]='bone_L-middlefinger03.mesh' count(>5deg)=34 freshRecap=0  xcheck(invOff-vs-restW) worst=87.3deg bone[33]
  TIER2 joint-attach(PRIMARY): worst=82.99u bone[13]='bone_R-hand.mesh' parent[5] R=49.4 exactJoint=0.33u pairs=30  (palette-wide exactWorst=4.42u)
[HANDS_ATTACH] mesh='hands_naked.mesh' owner='hands_naked.mesh' frame=1236 nb=38 wext=90.0 rebound=1
  TIER1 rest-coherence: worst=87.3deg bone[33]='bone_L-middlefinger03.mesh' count(>5deg)=34 freshRecap=0  xcheck(invOff-vs-restW) worst=87.3deg bone[33]
  TIER2 joint-attach(PRIMARY): worst=81.81u bone[13]='bone_R-hand.mesh' parent[5] R=49.4 exactJoint=0.33u pairs=30  (palette-wide exactWorst=4.38u)
[HANDS_ATTACH] mesh='hands_naked.mesh' owner='hands_naked.mesh' frame=1238 nb=40 wext=60.4 rebound=1
  TIER1 rest-coherence: worst=42.6deg bone[30]='bone_L-middlefinger03.mesh' count(>5deg)=36 freshRecap=0  xcheck(invOff-vs-restW) worst=42.6deg bone[30]
  TIER2 joint-attach(PRIMARY): worst=27.27u bone[16]='bone_R-thumb01.mesh' parent[1] R=38.3 exactJoint=0.00u pairs=36  (palette-wide exactWorst=0.04u)
[HANDS_ATTACH] mesh='hands_naked.mesh' owner='hands_naked.mesh' frame=1238 nb=38 wext=79.5 rebound=1
  TIER1 rest-coherence: worst=87.3deg bone[33]='bone_L-middlefinger03.mesh' count(>5deg)=34 freshRecap=0  xcheck(invOff-vs-restW) worst=87.3deg bone[33]
  TIER2 joint-attach(PRIMARY): worst=11.02u bone[9]='bone_R-thumb01.mesh' parent[13] R=48.5 exactJoint=0.00u pairs=30  (palette-wide exactWorst=0.00u)
[HANDS_ATTACH] mesh='hands_naked.mesh' owner='hands_naked.mesh' frame=1246 nb=38 wext=89.5 rebound=1
  TIER1 rest-coherence: worst=87.3deg bone[33]='bone_L-middlefinger03.mesh' count(>5deg)=34 freshRecap=0  xcheck(invOff-vs-restW) worst=87.3deg bone[33]
  TIER2 joint-attach(PRIMARY): worst=80.58u bone[13]='bone_R-hand.mesh' parent[5] R=49.4 exactJoint=0.33u pairs=30  (palette-wide exactWorst=4.35u)
[HANDS_ATTACH] mesh='hands_naked.mesh' owner='hands_naked.mesh' frame=1256 nb=38 wext=88.9 rebound=1
  TIER1 rest-coherence: worst=87.3deg bone[33]='bone_L-middlefinger03.mesh' count(>5deg)=34 freshRecap=0  xcheck(invOff-vs-restW) worst=87.3deg bone[33]
  TIER2 joint-attach(PRIMARY): worst=79.33u bone[13]='bone_R-hand.mesh' parent[5] R=49.4 exactJoint=0.33u pairs=30  (palette-wide exactWorst=4.32u)
[HANDS_ATTACH] mesh='hands_naked.mesh' owner='hands_naked.mesh' frame=1258 nb=40 wext=60.4 rebound=1
  TIER1 rest-coherence: worst=42.6deg bone[30]='bone_L-middlefinger03.mesh' count(>5deg)=36 freshRecap=0  xcheck(invOff-vs-restW) worst=42.6deg bone[30]
  TIER2 joint-attach(PRIMARY): worst=27.27u bone[16]='bone_R-thumb01.mesh' parent[1] R=38.3 exactJoint=0.00u pairs=36  (palette-wide exactWorst=0.04u)
[HANDS_ATTACH] mesh='hands_naked.mesh' owner='hands_naked.mesh' frame=1258 nb=38 wext=79.5 rebound=1
  TIER1 rest-coherence: worst=87.3deg bone[33]='bone_L-middlefinger03.mesh' count(>5deg)=34 freshRecap=0  xcheck(invOff-vs-restW) worst=87.3deg bone[33]
  TIER2 joint-attach(PRIMARY): worst=11.02u bone[9]='bone_R-thumb01.mesh' parent[13] R=48.5 exactJoint=0.00u pairs=30  (palette-wide exactWorst=0.00u)
[HANDS_ATTACH] mesh='hands_naked.mesh' owner='hands_naked.mesh' frame=1266 nb=38 wext=88.9 rebound=1
  TIER1 rest-coherence: worst=87.3deg bone[33]='bone_L-middlefinger03.mesh' count(>5deg)=34 freshRecap=0  xcheck(invOff-vs-restW) worst=87.3deg bone[33]
  TIER2 joint-attach(PRIMARY): worst=77.88u bone[13]='bone_R-hand.mesh' parent[5] R=49.4 exactJoint=0.33u pairs=30  (palette-wide exactWorst=4.32u)
[HANDS_ATTACH] mesh='hands_naked.mesh' owner='hands_naked.mesh' frame=1276 nb=38 wext=88.7 rebound=1
  TIER1 rest-coherence: worst=87.3deg bone[33]='bone_L-middlefinger03.mesh' count(>5deg)=34 freshRecap=0  xcheck(invOff-vs-restW) worst=87.3deg bone[33]
  TIER2 joint-attach(PRIMARY): worst=76.41u bone[13]='bone_R-hand.mesh' parent[5] R=49.4 exactJoint=0.33u pairs=30  (palette-wide exactWorst=4.31u)
[HANDS_ATTACH] mesh='hands_naked.mesh' owner='hands_naked.mesh' frame=1278 nb=40 wext=60.4 rebound=1
  TIER1 rest-coherence: worst=42.6deg bone[30]='bone_L-middlefinger03.mesh' count(>5deg)=36 freshRecap=0  xcheck(invOff-vs-restW) worst=42.6deg bone[30]
  TIER2 joint-attach(PRIMARY): worst=27.27u bone[16]='bone_R-thumb01.mesh' parent[1] R=38.3 exactJoint=0.00u pairs=36  (palette-wide exactWorst=0.04u)
[HANDS_ATTACH] mesh='hands_naked.mesh' owner='hands_naked.mesh' frame=1278 nb=38 wext=79.5 rebound=1
  TIER1 rest-coherence: worst=87.3deg bone[33]='bone_L-middlefinger03.mesh' count(>5deg)=34 freshRecap=0  xcheck(invOff-vs-restW) worst=87.3deg bone[33]
  TIER2 joint-attach(PRIMARY): worst=11.02u bone[9]='bone_R-thumb01.mesh' parent[13] R=48.5 exactJoint=0.00u pairs=30  (palette-wide exactWorst=0.00u)
[HANDS_ATTACH] mesh='hands_naked.mesh' owner='hands_naked.mesh' frame=1286 nb=38 wext=88.3 rebound=1
  TIER1 rest-coherence: worst=87.3deg bone[33]='bone_L-middlefinger03.mesh' count(>5deg)=34 freshRecap=0  xcheck(invOff-vs-restW) worst=87.3deg bone[33]
  TIER2 joint-attach(PRIMARY): worst=74.92u bone[13]='bone_R-hand.mesh' parent[5] R=49.4 exactJoint=0.33u pairs=30  (palette-wide exactWorst=4.31u)
[HANDS_ATTACH] mesh='hands_naked.mesh' owner='hands_naked.mesh' frame=1296 nb=38 wext=87.7 rebound=1
  TIER1 rest-coherence: worst=87.3deg bone[33]='bone_L-middlefinger03.mesh' count(>5deg)=34 freshRecap=0  xcheck(invOff-vs-restW) worst=87.3deg bone[33]
  TIER2 joint-attach(PRIMARY): worst=73.43u bone[13]='bone_R-hand.mesh' parent[5] R=49.4 exactJoint=0.33u pairs=30  (palette-wide exactWorst=4.32u)
[HANDS_ATTACH] mesh='hands_naked.mesh' owner='hands_naked.mesh' frame=1298 nb=40 wext=60.4 rebound=1
  TIER1 rest-coherence: worst=42.6deg bone[30]='bone_L-middlefinger03.mesh' count(>5deg)=36 freshRecap=0  xcheck(invOff-vs-restW) worst=42.6deg bone[30]
  TIER2 joint-attach(PRIMARY): worst=27.27u bone[16]='bone_R-thumb01.mesh' parent[1] R=38.3 exactJoint=0.00u pairs=36  (palette-wide exactWorst=0.04u)
[HANDS_ATTACH] mesh='hands_naked.mesh' owner='hands_naked.mesh' frame=1298 nb=38 wext=79.5 rebound=1
  TIER1 rest-coherence: worst=87.3deg bone[33]='bone_L-middlefinger03.mesh' count(>5deg)=34 freshRecap=0  xcheck(invOff-vs-restW) worst=87.3deg bone[33]
  TIER2 joint-attach(PRIMARY): worst=11.02u bone[9]='bone_R-thumb01.mesh' parent[13] R=48.5 exactJoint=0.00u pairs=30  (palette-wide exactWorst=0.00u)
[HANDS_ATTACH] mesh='hands_naked.mesh' owner='hands_naked.mesh' frame=1306 nb=38 wext=87.0 rebound=1
  TIER1 rest-coherence: worst=87.3deg bone[33]='bone_L-middlefinger03.mesh' count(>5deg)=34 freshRecap=0  xcheck(invOff-vs-restW) worst=87.3deg bone[33]
  TIER2 joint-attach(PRIMARY): worst=72.12u bone[13]='bone_R-hand.mesh' parent[5] R=49.4 exactJoint=0.33u pairs=30  (palette-wide exactWorst=4.37u)
[HANDS_ATTACH] mesh='hands_naked.mesh' owner='hands_naked.mesh' frame=1316 nb=38 wext=86.1 rebound=1
  TIER1 rest-coherence: worst=87.3deg bone[33]='bone_L-middlefinger03.mesh' count(>5deg)=34 freshRecap=0  xcheck(invOff-vs-restW) worst=87.3deg bone[33]
  TIER2 joint-attach(PRIMARY): worst=70.91u bone[13]='bone_R-hand.mesh' parent[5] R=49.4 exactJoint=0.33u pairs=30  (palette-wide exactWorst=4.45u)
[HANDS_ATTACH] mesh='hands_naked.mesh' owner='hands_naked.mesh' frame=1318 nb=40 wext=60.4 rebound=1
  TIER1 rest-coherence: worst=42.6deg bone[30]='bone_L-middlefinger03.mesh' count(>5deg)=36 freshRecap=0  xcheck(invOff-vs-restW) worst=42.6deg bone[30]
  TIER2 joint-attach(PRIMARY): worst=27.27u bone[16]='bone_R-thumb01.mesh' parent[1] R=38.3 exactJoint=0.00u pairs=36  (palette-wide exactWorst=0.04u)
[HANDS_ATTACH] mesh='hands_naked.mesh' owner='hands_naked.mesh' frame=1318 nb=38 wext=79.5 rebound=1
  TIER1 rest-coherence: worst=87.3deg bone[33]='bone_L-middlefinger03.mesh' count(>5deg)=34 freshRecap=0  xcheck(invOff-vs-restW) worst=87.3deg bone[33]
  TIER2 joint-attach(PRIMARY): worst=11.02u bone[9]='bone_R-thumb01.mesh' parent[13] R=48.5 exactJoint=0.00u pairs=30  (palette-wide exactWorst=0.00u)
[HANDS_ATTACH] mesh='hands_naked.mesh' owner='hands_naked.mesh' frame=1326 nb=38 wext=85.4 rebound=1
  TIER1 rest-coherence: worst=87.3deg bone[33]='bone_L-middlefinger03.mesh' count(>5deg)=34 freshRecap=0  xcheck(invOff-vs-restW) worst=87.3deg bone[33]
  TIER2 joint-attach(PRIMARY): worst=69.70u bone[13]='bone_R-hand.mesh' parent[5] R=49.4 exactJoint=0.33u pairs=30  (palette-wide exactWorst=4.54u)
[HANDS_ATTACH] mesh='hands_naked.mesh' owner='hands_naked.mesh' frame=1336 nb=38 wext=84.6 rebound=1
  TIER1 rest-coherence: worst=87.3deg bone[33]='bone_L-middlefinger03.mesh' count(>5deg)=34 freshRecap=0  xcheck(invOff-vs-restW) worst=87.3deg bone[33]
  TIER2 joint-attach(PRIMARY): worst=68.52u bone[13]='bone_R-hand.mesh' parent[5] R=49.4 exactJoint=0.33u pairs=30  (palette-wide exactWorst=4.63u)
[HANDS_ATTACH] mesh='hands_naked.mesh' owner='hands_naked.mesh' frame=1338 nb=40 wext=60.4 rebound=1
  TIER1 rest-coherence: worst=42.6deg bone[30]='bone_L-middlefinger03.mesh' count(>5deg)=36 freshRecap=0  xcheck(invOff-vs-restW) worst=42.6deg bone[30]
  TIER2 joint-attach(PRIMARY): worst=27.27u bone[16]='bone_R-thumb01.mesh' parent[1] R=38.3 exactJoint=0.00u pairs=36  (palette-wide exactWorst=0.04u)
[HANDS_ATTACH] mesh='hands_naked.mesh' owner='hands_naked.mesh' frame=1338 nb=38 wext=79.5 rebound=1
  TIER1 rest-coherence: worst=87.3deg bone[33]='bone_L-middlefinger03.mesh' count(>5deg)=34 freshRecap=0  xcheck(invOff-vs-restW) worst=87.3deg bone[33]
  TIER2 joint-attach(PRIMARY): worst=11.02u bone[9]='bone_R-thumb01.mesh' parent[13] R=48.5 exactJoint=0.00u pairs=30  (palette-wide exactWorst=0.00u)
[HANDS_ATTACH] mesh='hands_naked.mesh' owner='hands_naked.mesh' frame=1346 nb=38 wext=83.8 rebound=1
  TIER1 rest-coherence: worst=87.3deg bone[33]='bone_L-middlefinger03.mesh' count(>5deg)=34 freshRecap=0  xcheck(invOff-vs-restW) worst=87.3deg bone[33]
  TIER2 joint-attach(PRIMARY): worst=67.45u bone[13]='bone_R-hand.mesh' parent[5] R=49.4 exactJoint=0.33u pairs=30  (palette-wide exactWorst=4.73u)
[HANDS_ATTACH] mesh='hands_naked.mesh' owner='hands_naked.mesh' frame=1356 nb=38 wext=83.6 rebound=1
  TIER1 rest-coherence: worst=87.3deg bone[33]='bone_L-middlefinger03.mesh' count(>5deg)=34 freshRecap=0  xcheck(invOff-vs-restW) worst=87.3deg bone[33]
  TIER2 joint-attach(PRIMARY): worst=66.80u bone[13]='bone_R-hand.mesh' parent[5] R=49.4 exactJoint=0.33u pairs=30  (palette-wide exactWorst=4.86u)
[HANDS_ATTACH] mesh='hands_naked.mesh' owner='hands_naked.mesh' frame=1358 nb=40 wext=60.4 rebound=1
  TIER1 rest-coherence: worst=42.6deg bone[30]='bone_L-middlefinger03.mesh' count(>5deg)=36 freshRecap=0  xcheck(invOff-vs-restW) worst=42.6deg bone[30]
  TIER2 joint-attach(PRIMARY): worst=27.27u bone[16]='bone_R-thumb01.mesh' parent[1] R=38.3 exactJoint=0.00u pairs=36  (palette-wide exactWorst=0.04u)
[HANDS_ATTACH] mesh='hands_naked.mesh' owner='hands_naked.mesh' frame=1358 nb=38 wext=79.5 rebound=1
  TIER1 rest-coherence: worst=87.3deg bone[33]='bone_L-middlefinger03.mesh' count(>5deg)=34 freshRecap=0  xcheck(invOff-vs-restW) worst=87.3deg bone[33]
  TIER2 joint-attach(PRIMARY): worst=11.02u bone[9]='bone_R-thumb01.mesh' parent[13] R=48.5 exactJoint=0.00u pairs=30  (palette-wide exactWorst=0.00u)
[HANDS_ATTACH] mesh='hands_naked.mesh' owner='hands_naked.mesh' frame=1366 nb=38 wext=83.4 rebound=1
  TIER1 rest-coherence: worst=87.3deg bone[33]='bone_L-middlefinger03.mesh' count(>5deg)=34 freshRecap=0  xcheck(invOff-vs-restW) worst=87.3deg bone[33]
  TIER2 joint-attach(PRIMARY): worst=66.16u bone[13]='bone_R-hand.mesh' parent[5] R=49.4 exactJoint=0.33u pairs=30  (palette-wide exactWorst=4.99u)
[HANDS_ATTACH] mesh='hands_naked.mesh' owner='hands_naked.mesh' frame=1376 nb=38 wext=83.1 rebound=1
  TIER1 rest-coherence: worst=87.3deg bone[33]='bone_L-middlefinger03.mesh' count(>5deg)=34 freshRecap=0  xcheck(invOff-vs-restW) worst=87.3deg bone[33]
  TIER2 joint-attach(PRIMARY): worst=66.17u bone[13]='bone_R-hand.mesh' parent[5] R=49.4 exactJoint=0.33u pairs=30  (palette-wide exactWorst=5.07u)
[HANDS_ATTACH] mesh='hands_naked.mesh' owner='hands_naked.mesh' frame=1378 nb=40 wext=60.4 rebound=1
  TIER1 rest-coherence: worst=42.6deg bone[30]='bone_L-middlefinger03.mesh' count(>5deg)=36 freshRecap=0  xcheck(invOff-vs-restW) worst=42.6deg bone[30]
  TIER2 joint-attach(PRIMARY): worst=27.27u bone[16]='bone_R-thumb01.mesh' parent[1] R=38.3 exactJoint=0.00u pairs=36  (palette-wide exactWorst=0.04u)
[HANDS_ATTACH] mesh='hands_naked.mesh' owner='hands_naked.mesh' frame=1378 nb=38 wext=79.5 rebound=1
  TIER1 rest-coherence: worst=87.3deg bone[33]='bone_L-middlefinger03.mesh' count(>5deg)=34 freshRecap=0  xcheck(invOff-vs-restW) worst=87.3deg bone[33]
  TIER2 joint-attach(PRIMARY): worst=11.02u bone[9]='bone_R-thumb01.mesh' parent[13] R=48.5 exactJoint=0.00u pairs=30  (palette-wide exactWorst=0.00u)
[HANDS_ATTACH] mesh='hands_naked.mesh' owner='hands_naked.mesh' frame=1389 nb=38 wext=80.0 rebound=1
  TIER1 rest-coherence: worst=87.3deg bone[33]='bone_L-middlefinger03.mesh' count(>5deg)=34 freshRecap=0  xcheck(invOff-vs-restW) worst=87.3deg bone[33]
  TIER2 joint-attach(PRIMARY): worst=35.30u bone[29]='bone_L-hand.mesh' parent[22] R=49.4 exactJoint=0.00u pairs=30  (palette-wide exactWorst=0.00u)
[HANDS_ATTACH] mesh='hands_naked.mesh' owner='hands_naked.mesh' frame=1392 nb=38 wext=82.3 rebound=1
  TIER1 rest-coherence: worst=87.3deg bone[33]='bone_L-middlefinger03.mesh' count(>5deg)=34 freshRecap=0  xcheck(invOff-vs-restW) worst=87.3deg bone[33]
  TIER2 joint-attach(PRIMARY): worst=66.34u bone[13]='bone_R-hand.mesh' parent[5] R=49.4 exactJoint=0.33u pairs=30  (palette-wide exactWorst=5.42u)
[HANDS_ATTACH] mesh='hands_naked.mesh' owner='hands_naked.mesh' frame=1398 nb=40 wext=60.4 rebound=1
  TIER1 rest-coherence: worst=42.6deg bone[30]='bone_L-middlefinger03.mesh' count(>5deg)=36 freshRecap=0  xcheck(invOff-vs-restW) worst=42.6deg bone[30]
  TIER2 joint-attach(PRIMARY): worst=27.27u bone[16]='bone_R-thumb01.mesh' parent[1] R=38.3 exactJoint=0.00u pairs=36  (palette-wide exactWorst=0.04u)
[HANDS_ATTACH] mesh='hands_naked.mesh' owner='hands_naked.mesh' frame=1399 nb=38 wext=79.2 rebound=1
  TIER1 rest-coherence: worst=87.3deg bone[33]='bone_L-middlefinger03.mesh' count(>5deg)=34 freshRecap=0  xcheck(invOff-vs-restW) worst=87.3deg bone[33]
  TIER2 joint-attach(PRIMARY): worst=39.05u bone[13]='bone_R-hand.mesh' parent[5] R=49.4 exactJoint=0.00u pairs=30  (palette-wide exactWorst=1.97u)
[HANDS_ATTACH] mesh='hands_naked.mesh' owner='hands_naked.mesh' frame=1409 nb=38 wext=75.9 rebound=1
  TIER1 rest-coherence: worst=87.3deg bone[33]='bone_L-middlefinger03.mesh' count(>5deg)=34 freshRecap=0  xcheck(invOff-vs-restW) worst=87.3deg bone[33]
  TIER2 joint-attach(PRIMARY): worst=47.27u bone[18]='bone_R-pinky02.mesh' parent[14] R=47.4 exactJoint=0.00u pairs=30  (palette-wide exactWorst=6.81u)
[HANDS_ATTACH] mesh='hands_naked.mesh' owner='hands_naked.mesh' frame=1412 nb=38 wext=82.3 rebound=1
  TIER1 rest-coherence: worst=87.3deg bone[33]='bone_L-middlefinger03.mesh' count(>5deg)=34 freshRecap=0  xcheck(invOff-vs-restW) worst=87.3deg bone[33]
  TIER2 joint-attach(PRIMARY): worst=66.34u bone[13]='bone_R-hand.mesh' parent[5] R=49.4 exactJoint=0.33u pairs=30  (palette-wide exactWorst=5.42u)
[HANDS_ATTACH] mesh='hands_naked.mesh' owner='hands_naked.mesh' frame=1418 nb=40 wext=60.4 rebound=1
  TIER1 rest-coherence: worst=42.6deg bone[30]='bone_L-middlefinger03.mesh' count(>5deg)=36 freshRecap=0  xcheck(invOff-vs-restW) worst=42.6deg bone[30]
  TIER2 joint-attach(PRIMARY): worst=27.27u bone[16]='bone_R-thumb01.mesh' parent[1] R=38.3 exactJoint=0.00u pairs=36  (palette-wide exactWorst=0.04u)
[HANDS_ATTACH] mesh='hands_naked.mesh' owner='hands_naked.mesh' frame=1419 nb=38 wext=72.7 rebound=1
  TIER1 rest-coherence: worst=87.3deg bone[33]='bone_L-middlefinger03.mesh' count(>5deg)=34 freshRecap=0  xcheck(invOff-vs-restW) worst=87.3deg bone[33]
  TIER2 joint-attach(PRIMARY): worst=51.50u bone[18]='bone_R-pinky02.mesh' parent[14] R=47.4 exactJoint=0.00u pairs=30  (palette-wide exactWorst=9.15u)
[HANDS_ATTACH] mesh='hands_naked.mesh' owner='hands_naked.mesh' frame=1429 nb=38 wext=72.0 rebound=1
  TIER1 rest-coherence: worst=87.3deg bone[33]='bone_L-middlefinger03.mesh' count(>5deg)=34 freshRecap=0  xcheck(invOff-vs-restW) worst=87.3deg bone[33]
  TIER2 joint-attach(PRIMARY): worst=55.05u bone[13]='bone_R-hand.mesh' parent[5] R=49.4 exactJoint=0.00u pairs=30  (palette-wide exactWorst=6.00u)
[HANDS_ATTACH] mesh='hands_naked.mesh' owner='hands_naked.mesh' frame=1432 nb=38 wext=82.3 rebound=1
  TIER1 rest-coherence: worst=87.3deg bone[33]='bone_L-middlefinger03.mesh' count(>5deg)=34 freshRecap=0  xcheck(invOff-vs-restW) worst=87.3deg bone[33]
  TIER2 joint-attach(PRIMARY): worst=66.34u bone[13]='bone_R-hand.mesh' parent[5] R=49.4 exactJoint=0.33u pairs=30  (palette-wide exactWorst=5.42u)
[HANDS_ATTACH] mesh='hands_naked.mesh' owner='hands_naked.mesh' frame=1438 nb=40 wext=60.4 rebound=1
  TIER1 rest-coherence: worst=42.6deg bone[30]='bone_L-middlefinger03.mesh' count(>5deg)=36 freshRecap=0  xcheck(invOff-vs-restW) worst=42.6deg bone[30]
  TIER2 joint-attach(PRIMARY): worst=27.27u bone[16]='bone_R-thumb01.mesh' parent[1] R=38.3 exactJoint=0.00u pairs=36  (palette-wide exactWorst=0.04u)
[HANDS_ATTACH] mesh='hands_naked.mesh' owner='hands_naked.mesh' frame=1439 nb=38 wext=70.8 rebound=1
  TIER1 rest-coherence: worst=87.3deg bone[33]='bone_L-middlefinger03.mesh' count(>5deg)=34 freshRecap=0  xcheck(invOff-vs-restW) worst=87.3deg bone[33]
  TIER2 joint-attach(PRIMARY): worst=60.95u bone[13]='bone_R-hand.mesh' parent[5] R=49.4 exactJoint=0.00u pairs=30  (palette-wide exactWorst=2.26u)
[HANDS_ATTACH] mesh='hands_naked.mesh' owner='hands_naked.mesh' frame=1449 nb=38 wext=69.0 rebound=1
  TIER1 rest-coherence: worst=87.3deg bone[33]='bone_L-middlefinger03.mesh' count(>5deg)=34 freshRecap=0  xcheck(invOff-vs-restW) worst=87.3deg bone[33]
  TIER2 joint-attach(PRIMARY): worst=66.86u bone[13]='bone_R-hand.mesh' parent[5] R=49.4 exactJoint=0.00u pairs=30  (palette-wide exactWorst=0.64u)
[HANDS_ATTACH] mesh='hands_naked.mesh' owner='hands_naked.mesh' frame=1452 nb=38 wext=82.3 rebound=1
  TIER1 rest-coherence: worst=87.3deg bone[33]='bone_L-middlefinger03.mesh' count(>5deg)=34 freshRecap=0  xcheck(invOff-vs-restW) worst=87.3deg bone[33]
  TIER2 joint-attach(PRIMARY): worst=66.34u bone[13]='bone_R-hand.mesh' parent[5] R=49.4 exactJoint=0.33u pairs=30  (palette-wide exactWorst=5.42u)
[HANDS_ATTACH] mesh='hands_naked.mesh' owner='hands_naked.mesh' frame=1458 nb=40 wext=60.4 rebound=1
  TIER1 rest-coherence: worst=42.6deg bone[30]='bone_L-middlefinger03.mesh' count(>5deg)=36 freshRecap=0  xcheck(invOff-vs-restW) worst=42.6deg bone[30]
  TIER2 joint-attach(PRIMARY): worst=27.27u bone[16]='bone_R-thumb01.mesh' parent[1] R=38.3 exactJoint=0.00u pairs=36  (palette-wide exactWorst=0.04u)
[HANDS_ATTACH] mesh='hands_naked.mesh' owner='hands_naked.mesh' frame=1459 nb=38 wext=67.7 rebound=1
  TIER1 rest-coherence: worst=87.3deg bone[33]='bone_L-middlefinger03.mesh' count(>5deg)=34 freshRecap=0  xcheck(invOff-vs-restW) worst=87.3deg bone[33]
  TIER2 joint-attach(PRIMARY): worst=72.75u bone[13]='bone_R-hand.mesh' parent[5] R=49.4 exactJoint=0.00u pairs=30  (palette-wide exactWorst=0.00u)
[HANDS_ATTACH] mesh='hands_naked.mesh' owner='hands_naked.mesh' frame=1469 nb=38 wext=67.4 rebound=1
  TIER1 rest-coherence: worst=87.3deg bone[33]='bone_L-middlefinger03.mesh' count(>5deg)=34 freshRecap=0  xcheck(invOff-vs-restW) worst=87.3deg bone[33]
  TIER2 joint-attach(PRIMARY): worst=78.66u bone[13]='bone_R-hand.mesh' parent[5] R=49.4 exactJoint=0.00u pairs=30  (palette-wide exactWorst=0.00u)
[HANDS_ATTACH] mesh='hands_naked.mesh' owner='hands_naked.mesh' frame=1472 nb=38 wext=82.3 rebound=1
  TIER1 rest-coherence: worst=87.3deg bone[33]='bone_L-middlefinger03.mesh' count(>5deg)=34 freshRecap=0  xcheck(invOff-vs-restW) worst=87.3deg bone[33]
  TIER2 joint-attach(PRIMARY): worst=66.34u bone[13]='bone_R-hand.mesh' parent[5] R=49.4 exactJoint=0.33u pairs=30  (palette-wide exactWorst=5.42u)
[HANDS_ATTACH] mesh='hands_naked.mesh' owner='hands_naked.mesh' frame=1478 nb=40 wext=60.4 rebound=1
  TIER1 rest-coherence: worst=42.6deg bone[30]='bone_L-middlefinger03.mesh' count(>5deg)=36 freshRecap=0  xcheck(invOff-vs-restW) worst=42.6deg bone[30]
  TIER2 joint-attach(PRIMARY): worst=27.27u bone[16]='bone_R-thumb01.mesh' parent[1] R=38.3 exactJoint=0.00u pairs=36  (palette-wide exactWorst=0.04u)
[HANDS_ATTACH] mesh='hands_naked.mesh' owner='hands_naked.mesh' frame=1479 nb=38 wext=69.9 rebound=1
  TIER1 rest-coherence: worst=87.3deg bone[33]='bone_L-middlefinger03.mesh' count(>5deg)=34 freshRecap=0  xcheck(invOff-vs-restW) worst=87.3deg bone[33]
  TIER2 joint-attach(PRIMARY): worst=85.14u bone[13]='bone_R-hand.mesh' parent[5] R=49.4 exactJoint=0.00u pairs=30  (palette-wide exactWorst=0.00u)
[HANDS_ATTACH] mesh='hands_naked.mesh' owner='hands_naked.mesh' frame=1489 nb=38 wext=72.7 rebound=1
  TIER1 rest-coherence: worst=87.3deg bone[33]='bone_L-middlefinger03.mesh' count(>5deg)=34 freshRecap=0  xcheck(invOff-vs-restW) worst=87.3deg bone[33]
  TIER2 joint-attach(PRIMARY): worst=91.82u bone[13]='bone_R-hand.mesh' parent[5] R=49.4 exactJoint=0.00u pairs=30  (palette-wide exactWorst=0.00u)
[HANDS_ATTACH] mesh='hands_naked.mesh' owner='hands_naked.mesh' frame=1492 nb=38 wext=82.3 rebound=1
  TIER1 rest-coherence: worst=87.3deg bone[33]='bone_L-middlefinger03.mesh' count(>5deg)=34 freshRecap=0  xcheck(invOff-vs-restW) worst=87.3deg bone[33]
  TIER2 joint-attach(PRIMARY): worst=66.34u bone[13]='bone_R-hand.mesh' parent[5] R=49.4 exactJoint=0.33u pairs=30  (palette-wide exactWorst=5.42u)
[HANDS_ATTACH] mesh='hands_naked.mesh' owner='hands_naked.mesh' frame=1498 nb=40 wext=60.4 rebound=1
  TIER1 rest-coherence: worst=42.6deg bone[30]='bone_L-middlefinger03.mesh' count(>5deg)=36 freshRecap=0  xcheck(invOff-vs-restW) worst=42.6deg bone[30]
  TIER2 joint-attach(PRIMARY): worst=27.27u bone[16]='bone_R-thumb01.mesh' parent[1] R=38.3 exactJoint=0.00u pairs=36  (palette-wide exactWorst=0.04u)
[HANDS_ATTACH] mesh='hands_naked.mesh' owner='hands_naked.mesh' frame=1499 nb=38 wext=75.3 rebound=1
  TIER1 rest-coherence: worst=87.3deg bone[33]='bone_L-middlefinger03.mesh' count(>5deg)=34 freshRecap=0  xcheck(invOff-vs-restW) worst=87.3deg bone[33]
  TIER2 joint-attach(PRIMARY): worst=98.54u bone[13]='bone_R-hand.mesh' parent[5] R=49.4 exactJoint=0.00u pairs=30  (palette-wide exactWorst=0.00u)
[HANDS_ATTACH] mesh='hands_naked.mesh' owner='hands_naked.mesh' frame=1509 nb=38 wext=77.6 rebound=1
  TIER1 rest-coherence: worst=87.3deg bone[33]='bone_L-middlefinger03.mesh' count(>5deg)=34 freshRecap=0  xcheck(invOff-vs-restW) worst=87.3deg bone[33]
  TIER2 joint-attach(PRIMARY): worst=102.61u bone[13]='bone_R-hand.mesh' parent[5] R=49.4 exactJoint=0.00u pairs=30  (palette-wide exactWorst=0.00u)
[HANDS_ATTACH] mesh='hands_naked.mesh' owner='hands_naked.mesh' frame=1512 nb=38 wext=82.3 rebound=1
  TIER1 rest-coherence: worst=87.3deg bone[33]='bone_L-middlefinger03.mesh' count(>5deg)=34 freshRecap=0  xcheck(invOff-vs-restW) worst=87.3deg bone[33]
  TIER2 joint-attach(PRIMARY): worst=66.34u bone[13]='bone_R-hand.mesh' parent[5] R=49.4 exactJoint=0.33u pairs=30  (palette-wide exactWorst=5.42u)
[HANDS_ATTACH] mesh='hands_naked.mesh' owner='hands_naked.mesh' frame=1518 nb=40 wext=60.4 rebound=1
  TIER1 rest-coherence: worst=42.6deg bone[30]='bone_L-middlefinger03.mesh' count(>5deg)=36 freshRecap=0  xcheck(invOff-vs-restW) worst=42.6deg bone[30]
  TIER2 joint-attach(PRIMARY): worst=27.27u bone[16]='bone_R-thumb01.mesh' parent[1] R=38.3 exactJoint=0.00u pairs=36  (palette-wide exactWorst=0.04u)
[HANDS_ATTACH] mesh='hands_naked.mesh' owner='hands_naked.mesh' frame=1519 nb=38 wext=79.8 rebound=1
  TIER1 rest-coherence: worst=87.3deg bone[33]='bone_L-middlefinger03.mesh' count(>5deg)=34 freshRecap=0  xcheck(invOff-vs-restW) worst=87.3deg bone[33]
  TIER2 joint-attach(PRIMARY): worst=104.96u bone[13]='bone_R-hand.mesh' parent[5] R=49.4 exactJoint=0.00u pairs=30  (palette-wide exactWorst=0.00u)
[HANDS_ATTACH] mesh='hands_naked.mesh' owner='hands_naked.mesh' frame=1529 nb=38 wext=81.0 rebound=1
  TIER1 rest-coherence: worst=87.3deg bone[33]='bone_L-middlefinger03.mesh' count(>5deg)=34 freshRecap=0  xcheck(invOff-vs-restW) worst=87.3deg bone[33]
  TIER2 joint-attach(PRIMARY): worst=106.55u bone[13]='bone_R-hand.mesh' parent[5] R=49.4 exactJoint=0.00u pairs=30  (palette-wide exactWorst=0.00u)
[HANDS_ATTACH] mesh='hands_naked.mesh' owner='hands_naked.mesh' frame=1532 nb=38 wext=82.3 rebound=1
  TIER1 rest-coherence: worst=87.3deg bone[33]='bone_L-middlefinger03.mesh' count(>5deg)=34 freshRecap=0  xcheck(invOff-vs-restW) worst=87.3deg bone[33]
  TIER2 joint-attach(PRIMARY): worst=66.34u bone[13]='bone_R-hand.mesh' parent[5] R=49.4 exactJoint=0.33u pairs=30  (palette-wide exactWorst=5.42u)
[HANDS_ATTACH] mesh='hands_naked.mesh' owner='hands_naked.mesh' frame=1538 nb=40 wext=60.4 rebound=1
  TIER1 rest-coherence: worst=42.6deg bone[30]='bone_L-middlefinger03.mesh' count(>5deg)=36 freshRecap=0  xcheck(invOff-vs-restW) worst=42.6deg bone[30]
  TIER2 joint-attach(PRIMARY): worst=27.27u bone[16]='bone_R-thumb01.mesh' parent[1] R=38.3 exactJoint=0.00u pairs=36  (palette-wide exactWorst=0.04u)
[HANDS_ATTACH] mesh='hands_naked.mesh' owner='hands_naked.mesh' frame=1539 nb=38 wext=78.6 rebound=1
  TIER1 rest-coherence: worst=87.3deg bone[33]='bone_L-middlefinger03.mesh' count(>5deg)=34 freshRecap=0  xcheck(invOff-vs-restW) worst=87.3deg bone[33]
  TIER2 joint-attach(PRIMARY): worst=98.97u bone[13]='bone_R-hand.mesh' parent[5] R=49.4 exactJoint=0.00u pairs=30  (palette-wide exactWorst=0.00u)
[HANDS_ATTACH] mesh='hands_naked.mesh' owner='hands_naked.mesh' frame=1549 nb=38 wext=76.8 rebound=1
  TIER1 rest-coherence: worst=87.3deg bone[33]='bone_L-middlefinger03.mesh' count(>5deg)=34 freshRecap=0  xcheck(invOff-vs-restW) worst=87.3deg bone[33]
  TIER2 joint-attach(PRIMARY): worst=90.89u bone[13]='bone_R-hand.mesh' parent[5] R=49.4 exactJoint=0.00u pairs=30  (palette-wide exactWorst=0.00u)
[HANDS_ATTACH] mesh='hands_naked.mesh' owner='hands_naked.mesh' frame=1552 nb=38 wext=82.3 rebound=1
  TIER1 rest-coherence: worst=87.3deg bone[33]='bone_L-middlefinger03.mesh' count(>5deg)=34 freshRecap=0  xcheck(invOff-vs-restW) worst=87.3deg bone[33]
  TIER2 joint-attach(PRIMARY): worst=66.34u bone[13]='bone_R-hand.mesh' parent[5] R=49.4 exactJoint=0.33u pairs=30  (palette-wide exactWorst=5.42u)
[HANDS_ATTACH] mesh='hands_naked.mesh' owner='hands_naked.mesh' frame=1558 nb=40 wext=60.4 rebound=1
  TIER1 rest-coherence: worst=42.6deg bone[30]='bone_L-middlefinger03.mesh' count(>5deg)=36 freshRecap=0  xcheck(invOff-vs-restW) worst=42.6deg bone[30]
  TIER2 joint-attach(PRIMARY): worst=27.27u bone[16]='bone_R-thumb01.mesh' parent[1] R=38.3 exactJoint=0.00u pairs=36  (palette-wide exactWorst=0.04u)
[HANDS_ATTACH] mesh='hands_naked.mesh' owner='hands_naked.mesh' frame=1559 nb=38 wext=76.9 rebound=1
  TIER1 rest-coherence: worst=87.3deg bone[33]='bone_L-middlefinger03.mesh' count(>5deg)=34 freshRecap=0  xcheck(invOff-vs-restW) worst=87.3deg bone[33]
  TIER2 joint-attach(PRIMARY): worst=82.40u bone[13]='bone_R-hand.mesh' parent[5] R=49.4 exactJoint=0.00u pairs=30  (palette-wide exactWorst=0.00u)
[HANDS_ATTACH] mesh='hands_naked.mesh' owner='hands_naked.mesh' frame=1569 nb=38 wext=78.2 rebound=1
  TIER1 rest-coherence: worst=87.3deg bone[33]='bone_L-middlefinger03.mesh' count(>5deg)=34 freshRecap=0  xcheck(invOff-vs-restW) worst=87.3deg bone[33]
  TIER2 joint-attach(PRIMARY): worst=72.67u bone[13]='bone_R-hand.mesh' parent[5] R=49.4 exactJoint=0.00u pairs=30  (palette-wide exactWorst=0.00u)
[HANDS_ATTACH] mesh='hands_naked.mesh' owner='hands_naked.mesh' frame=1572 nb=38 wext=82.3 rebound=1
  TIER1 rest-coherence: worst=87.3deg bone[33]='bone_L-middlefinger03.mesh' count(>5deg)=34 freshRecap=0  xcheck(invOff-vs-restW) worst=87.3deg bone[33]
  TIER2 joint-attach(PRIMARY): worst=66.34u bone[13]='bone_R-hand.mesh' parent[5] R=49.4 exactJoint=0.33u pairs=30  (palette-wide exactWorst=5.42u)
[HANDS_ATTACH] mesh='hands_naked.mesh' owner='hands_naked.mesh' frame=1578 nb=40 wext=60.4 rebound=1
  TIER1 rest-coherence: worst=42.6deg bone[30]='bone_L-middlefinger03.mesh' count(>5deg)=36 freshRecap=0  xcheck(invOff-vs-restW) worst=42.6deg bone[30]
  TIER2 joint-attach(PRIMARY): worst=27.27u bone[16]='bone_R-thumb01.mesh' parent[1] R=38.3 exactJoint=0.00u pairs=36  (palette-wide exactWorst=0.04u)
[HANDS_ATTACH] mesh='hands_naked.mesh' owner='hands_naked.mesh' frame=1579 nb=38 wext=78.7 rebound=1
  TIER1 rest-coherence: worst=87.3deg bone[33]='bone_L-middlefinger03.mesh' count(>5deg)=34 freshRecap=0  xcheck(invOff-vs-restW) worst=87.3deg bone[33]
  TIER2 joint-attach(PRIMARY): worst=60.79u bone[13]='bone_R-hand.mesh' parent[5] R=49.4 exactJoint=0.00u pairs=30  (palette-wide exactWorst=0.00u)
[HANDS_ATTACH] mesh='hands_naked.mesh' owner='hands_naked.mesh' frame=1589 nb=38 wext=79.3 rebound=1
  TIER1 rest-coherence: worst=87.3deg bone[33]='bone_L-middlefinger03.mesh' count(>5deg)=34 freshRecap=0  xcheck(invOff-vs-restW) worst=87.3deg bone[33]
  TIER2 joint-attach(PRIMARY): worst=48.94u bone[13]='bone_R-hand.mesh' parent[5] R=49.4 exactJoint=0.00u pairs=30  (palette-wide exactWorst=0.00u)
[HANDS_ATTACH] mesh='hands_naked.mesh' owner='hands_naked.mesh' frame=1592 nb=38 wext=82.3 rebound=1
  TIER1 rest-coherence: worst=87.3deg bone[33]='bone_L-middlefinger03.mesh' count(>5deg)=34 freshRecap=0  xcheck(invOff-vs-restW) worst=87.3deg bone[33]
  TIER2 joint-attach(PRIMARY): worst=66.34u bone[13]='bone_R-hand.mesh' parent[5] R=49.4 exactJoint=0.33u pairs=30  (palette-wide exactWorst=5.42u)
[HANDS_ATTACH] mesh='hands_naked.mesh' owner='hands_naked.mesh' frame=1598 nb=40 wext=60.4 rebound=1
  TIER1 rest-coherence: worst=42.6deg bone[30]='bone_L-middlefinger03.mesh' count(>5deg)=36 freshRecap=0  xcheck(invOff-vs-restW) worst=42.6deg bone[30]
  TIER2 joint-attach(PRIMARY): worst=27.27u bone[16]='bone_R-thumb01.mesh' parent[1] R=38.3 exactJoint=0.00u pairs=36  (palette-wide exactWorst=0.04u)
[HANDS_ATTACH] mesh='hands_naked.mesh' owner='hands_naked.mesh' frame=1599 nb=38 wext=79.6 rebound=1
  TIER1 rest-coherence: worst=87.3deg bone[33]='bone_L-middlefinger03.mesh' count(>5deg)=34 freshRecap=0  xcheck(invOff-vs-restW) worst=87.3deg bone[33]
  TIER2 joint-attach(PRIMARY): worst=38.05u bone[13]='bone_R-hand.mesh' parent[5] R=49.4 exactJoint=0.00u pairs=30  (palette-wide exactWorst=0.00u)
[HANDS_ATTACH] mesh='hands_naked.mesh' owner='hands_naked.mesh' frame=1609 nb=38 wext=79.6 rebound=1
  TIER1 rest-coherence: worst=87.3deg bone[33]='bone_L-middlefinger03.mesh' count(>5deg)=34 freshRecap=0  xcheck(invOff-vs-restW) worst=87.3deg bone[33]
  TIER2 joint-attach(PRIMARY): worst=35.30u bone[29]='bone_L-hand.mesh' parent[22] R=49.4 exactJoint=0.00u pairs=30  (palette-wide exactWorst=0.00u)
[HANDS_ATTACH] mesh='hands_naked.mesh' owner='hands_naked.mesh' frame=1612 nb=38 wext=82.3 rebound=1
  TIER1 rest-coherence: worst=87.3deg bone[33]='bone_L-middlefinger03.mesh' count(>5deg)=34 freshRecap=0  xcheck(invOff-vs-restW) worst=87.3deg bone[33]
  TIER2 joint-attach(PRIMARY): worst=66.34u bone[13]='bone_R-hand.mesh' parent[5] R=49.4 exactJoint=0.33u pairs=30  (palette-wide exactWorst=5.42u)
[HANDS_ATTACH] mesh='hands_naked.mesh' owner='hands_naked.mesh' frame=1618 nb=40 wext=60.4 rebound=1
  TIER1 rest-coherence: worst=42.6deg bone[30]='bone_L-middlefinger03.mesh' count(>5deg)=36 freshRecap=0  xcheck(invOff-vs-restW) worst=42.6deg bone[30]
  TIER2 joint-attach(PRIMARY): worst=27.27u bone[16]='bone_R-thumb01.mesh' parent[1] R=38.3 exactJoint=0.00u pairs=36  (palette-wide exactWorst=0.04u)
[HANDS_ATTACH] mesh='hands_naked.mesh' owner='hands_naked.mesh' frame=1619 nb=38 wext=79.4 rebound=1
  TIER1 rest-coherence: worst=87.3deg bone[33]='bone_L-middlefinger03.mesh' count(>5deg)=34 freshRecap=0  xcheck(invOff-vs-restW) worst=87.3deg bone[33]
  TIER2 joint-attach(PRIMARY): worst=35.30u bone[29]='bone_L-hand.mesh' parent[22] R=49.4 exactJoint=0.00u pairs=30  (palette-wide exactWorst=0.00u)
[HANDS_ATTACH] mesh='hands_naked.mesh' owner='hands_naked.mesh' frame=1629 nb=38 wext=79.4 rebound=1
  TIER1 rest-coherence: worst=87.3deg bone[33]='bone_L-middlefinger03.mesh' count(>5deg)=34 freshRecap=0  xcheck(invOff-vs-restW) worst=87.3deg bone[33]
  TIER2 joint-attach(PRIMARY): worst=35.30u bone[29]='bone_L-hand.mesh' parent[22] R=49.4 exactJoint=0.00u pairs=30  (palette-wide exactWorst=0.00u)
[HANDS_ATTACH] mesh='hands_naked.mesh' owner='hands_naked.mesh' frame=1632 nb=38 wext=82.3 rebound=1
  TIER1 rest-coherence: worst=87.3deg bone[33]='bone_L-middlefinger03.mesh' count(>5deg)=34 freshRecap=0  xcheck(invOff-vs-restW) worst=87.3deg bone[33]
  TIER2 joint-attach(PRIMARY): worst=66.34u bone[13]='bone_R-hand.mesh' parent[5] R=49.4 exactJoint=0.33u pairs=30  (palette-wide exactWorst=5.42u)
[HANDS_ATTACH] mesh='hands_naked.mesh' owner='hands_naked.mesh' frame=1638 nb=40 wext=60.4 rebound=1
  TIER1 rest-coherence: worst=42.6deg bone[30]='bone_L-middlefinger03.mesh' count(>5deg)=36 freshRecap=0  xcheck(invOff-vs-restW) worst=42.6deg bone[30]
  TIER2 joint-attach(PRIMARY): worst=27.27u bone[16]='bone_R-thumb01.mesh' parent[1] R=38.3 exactJoint=0.00u pairs=36  (palette-wide exactWorst=0.04u)
[HANDS_ATTACH] mesh='hands_naked.mesh' owner='hands_naked.mesh' frame=1639 nb=38 wext=80.2 rebound=1
  TIER1 rest-coherence: worst=87.3deg bone[33]='bone_L-middlefinger03.mesh' count(>5deg)=34 freshRecap=0  xcheck(invOff-vs-restW) worst=87.3deg bone[33]
  TIER2 joint-attach(PRIMARY): worst=35.30u bone[29]='bone_L-hand.mesh' parent[22] R=49.4 exactJoint=0.00u pairs=30  (palette-wide exactWorst=0.00u)
[HANDS_ATTACH] mesh='hands_naked.mesh' owner='hands_naked.mesh' frame=1649 nb=38 wext=79.5 rebound=1
  TIER1 rest-coherence: worst=87.3deg bone[33]='bone_L-middlefinger03.mesh' count(>5deg)=34 freshRecap=0  xcheck(invOff-vs-restW) worst=87.3deg bone[33]
  TIER2 joint-attach(PRIMARY): worst=37.87u bone[18]='bone_R-pinky02.mesh' parent[14] R=47.4 exactJoint=0.00u pairs=30  (palette-wide exactWorst=2.99u)
[HANDS_ATTACH] mesh='hands_naked.mesh' owner='hands_naked.mesh' frame=1652 nb=38 wext=82.3 rebound=1
  TIER1 rest-coherence: worst=87.3deg bone[33]='bone_L-middlefinger03.mesh' count(>5deg)=34 freshRecap=0  xcheck(invOff-vs-restW) worst=87.3deg bone[33]
  TIER2 joint-attach(PRIMARY): worst=66.34u bone[13]='bone_R-hand.mesh' parent[5] R=49.4 exactJoint=0.33u pairs=30  (palette-wide exactWorst=5.42u)
[HANDS_ATTACH] mesh='hands_naked.mesh' owner='hands_naked.mesh' frame=1658 nb=40 wext=60.4 rebound=1
  TIER1 rest-coherence: worst=42.6deg bone[30]='bone_L-middlefinger03.mesh' count(>5deg)=36 freshRecap=0  xcheck(invOff-vs-restW) worst=42.6deg bone[30]
  TIER2 joint-attach(PRIMARY): worst=27.27u bone[16]='bone_R-thumb01.mesh' parent[1] R=38.3 exactJoint=0.00u pairs=36  (palette-wide exactWorst=0.04u)
[HANDS_ATTACH] mesh='hands_naked.mesh' owner='hands_naked.mesh' frame=1659 nb=38 wext=77.1 rebound=1
  TIER1 rest-coherence: worst=87.3deg bone[33]='bone_L-middlefinger03.mesh' count(>5deg)=34 freshRecap=0  xcheck(invOff-vs-restW) worst=87.3deg bone[33]
  TIER2 joint-attach(PRIMARY): worst=44.46u bone[18]='bone_R-pinky02.mesh' parent[14] R=47.4 exactJoint=0.00u pairs=30  (palette-wide exactWorst=5.71u)
[HANDS_ATTACH] mesh='hands_naked.mesh' owner='hands_naked.mesh' frame=1669 nb=38 wext=74.0 rebound=1
  TIER1 rest-coherence: worst=87.3deg bone[33]='bone_L-middlefinger03.mesh' count(>5deg)=34 freshRecap=0  xcheck(invOff-vs-restW) worst=87.3deg bone[33]
  TIER2 joint-attach(PRIMARY): worst=47.15u bone[18]='bone_R-pinky02.mesh' parent[14] R=47.4 exactJoint=0.00u pairs=30  (palette-wide exactWorst=7.31u)
[HANDS_ATTACH] mesh='hands_naked.mesh' owner='hands_naked.mesh' frame=1672 nb=38 wext=82.3 rebound=1
  TIER1 rest-coherence: worst=87.3deg bone[33]='bone_L-middlefinger03.mesh' count(>5deg)=34 freshRecap=0  xcheck(invOff-vs-restW) worst=87.3deg bone[33]
  TIER2 joint-attach(PRIMARY): worst=66.34u bone[13]='bone_R-hand.mesh' parent[5] R=49.4 exactJoint=0.33u pairs=30  (palette-wide exactWorst=5.42u)
[HANDS_ATTACH] mesh='hands_naked.mesh' owner='hands_naked.mesh' frame=1678 nb=40 wext=60.4 rebound=1
  TIER1 rest-coherence: worst=42.6deg bone[30]='bone_L-middlefinger03.mesh' count(>5deg)=36 freshRecap=0  xcheck(invOff-vs-restW) worst=42.6deg bone[30]
  TIER2 joint-attach(PRIMARY): worst=27.27u bone[16]='bone_R-thumb01.mesh' parent[1] R=38.3 exactJoint=0.00u pairs=36  (palette-wide exactWorst=0.04u)
[HANDS_ATTACH] mesh='hands_naked.mesh' owner='hands_naked.mesh' frame=1679 nb=38 wext=70.6 rebound=1
  TIER1 rest-coherence: worst=87.3deg bone[33]='bone_L-middlefinger03.mesh' count(>5deg)=34 freshRecap=0  xcheck(invOff-vs-restW) worst=87.3deg bone[33]
  TIER2 joint-attach(PRIMARY): worst=50.18u bone[13]='bone_R-hand.mesh' parent[5] R=49.4 exactJoint=0.00u pairs=30  (palette-wide exactWorst=8.85u)
[HANDS_ATTACH] mesh='hands_naked.mesh' owner='hands_naked.mesh' frame=1689 nb=38 wext=69.2 rebound=1
  TIER1 rest-coherence: worst=87.3deg bone[33]='bone_L-middlefinger03.mesh' count(>5deg)=34 freshRecap=0  xcheck(invOff-vs-restW) worst=87.3deg bone[33]
  TIER2 joint-attach(PRIMARY): worst=57.54u bone[13]='bone_R-hand.mesh' parent[5] R=49.4 exactJoint=0.00u pairs=30  (palette-wide exactWorst=3.76u)
[HANDS_ATTACH] mesh='hands_naked.mesh' owner='hands_naked.mesh' frame=1692 nb=38 wext=82.3 rebound=1
  TIER1 rest-coherence: worst=87.3deg bone[33]='bone_L-middlefinger03.mesh' count(>5deg)=34 freshRecap=0  xcheck(invOff-vs-restW) worst=87.3deg bone[33]
  TIER2 joint-attach(PRIMARY): worst=66.34u bone[13]='bone_R-hand.mesh' parent[5] R=49.4 exactJoint=0.33u pairs=30  (palette-wide exactWorst=5.42u)
[HANDS_ATTACH] mesh='hands_naked.mesh' owner='hands_naked.mesh' frame=1698 nb=40 wext=60.4 rebound=1
  TIER1 rest-coherence: worst=42.6deg bone[30]='bone_L-middlefinger03.mesh' count(>5deg)=36 freshRecap=0  xcheck(invOff-vs-restW) worst=42.6deg bone[30]
  TIER2 joint-attach(PRIMARY): worst=27.27u bone[16]='bone_R-thumb01.mesh' parent[1] R=38.3 exactJoint=0.00u pairs=36  (palette-wide exactWorst=0.04u)
[HANDS_ATTACH] mesh='hands_naked.mesh' owner='hands_naked.mesh' frame=1699 nb=38 wext=67.3 rebound=1
  TIER1 rest-coherence: worst=87.3deg bone[33]='bone_L-middlefinger03.mesh' count(>5deg)=34 freshRecap=0  xcheck(invOff-vs-restW) worst=87.3deg bone[33]
  TIER2 joint-attach(PRIMARY): worst=65.24u bone[13]='bone_R-hand.mesh' parent[5] R=49.4 exactJoint=0.00u pairs=30  (palette-wide exactWorst=1.10u)
[HANDS_ATTACH] mesh='hands_naked.mesh' owner='hands_naked.mesh' frame=1709 nb=38 wext=67.3 rebound=1
  TIER1 rest-coherence: worst=87.3deg bone[33]='bone_L-middlefinger03.mesh' count(>5deg)=34 freshRecap=0  xcheck(invOff-vs-restW) worst=87.3deg bone[33]
  TIER2 joint-attach(PRIMARY): worst=71.76u bone[13]='bone_R-hand.mesh' parent[5] R=49.4 exactJoint=0.00u pairs=30  (palette-wide exactWorst=0.00u)
[HANDS_ATTACH] mesh='hands_naked.mesh' owner='hands_naked.mesh' frame=1712 nb=38 wext=82.3 rebound=1
  TIER1 rest-coherence: worst=87.3deg bone[33]='bone_L-middlefinger03.mesh' count(>5deg)=34 freshRecap=0  xcheck(invOff-vs-restW) worst=87.3deg bone[33]
  TIER2 joint-attach(PRIMARY): worst=66.34u bone[13]='bone_R-hand.mesh' parent[5] R=49.4 exactJoint=0.33u pairs=30  (palette-wide exactWorst=5.42u)
[HANDS_ATTACH] mesh='hands_naked.mesh' owner='hands_naked.mesh' frame=1718 nb=40 wext=60.4 rebound=1
  TIER1 rest-coherence: worst=42.6deg bone[30]='bone_L-middlefinger03.mesh' count(>5deg)=36 freshRecap=0  xcheck(invOff-vs-restW) worst=42.6deg bone[30]
  TIER2 joint-attach(PRIMARY): worst=27.27u bone[16]='bone_R-thumb01.mesh' parent[1] R=38.3 exactJoint=0.00u pairs=36  (palette-wide exactWorst=0.04u)
[HANDS_ATTACH] mesh='hands_naked.mesh' owner='hands_naked.mesh' frame=1719 nb=38 wext=68.2 rebound=1
  TIER1 rest-coherence: worst=87.3deg bone[33]='bone_L-middlefinger03.mesh' count(>5deg)=34 freshRecap=0  xcheck(invOff-vs-restW) worst=87.3deg bone[33]
  TIER2 joint-attach(PRIMARY): worst=77.64u bone[13]='bone_R-hand.mesh' parent[5] R=49.4 exactJoint=0.00u pairs=30  (palette-wide exactWorst=0.00u)
[HANDS_ATTACH] mesh='hands_naked.mesh' owner='hands_naked.mesh' frame=1729 nb=38 wext=69.4 rebound=1
  TIER1 rest-coherence: worst=87.3deg bone[33]='bone_L-middlefinger03.mesh' count(>5deg)=34 freshRecap=0  xcheck(invOff-vs-restW) worst=87.3deg bone[33]
  TIER2 joint-attach(PRIMARY): worst=83.43u bone[13]='bone_R-hand.mesh' parent[5] R=49.4 exactJoint=0.00u pairs=30  (palette-wide exactWorst=0.00u)
[HANDS_ATTACH] mesh='hands_naked.mesh' owner='hands_naked.mesh' frame=1732 nb=38 wext=82.3 rebound=1
  TIER1 rest-coherence: worst=87.3deg bone[33]='bone_L-middlefinger03.mesh' count(>5deg)=34 freshRecap=0  xcheck(invOff-vs-restW) worst=87.3deg bone[33]
  TIER2 joint-attach(PRIMARY): worst=66.34u bone[13]='bone_R-hand.mesh' parent[5] R=49.4 exactJoint=0.33u pairs=30  (palette-wide exactWorst=5.42u)
[HANDS_ATTACH] mesh='hands_naked.mesh' owner='hands_naked.mesh' frame=1738 nb=40 wext=60.4 rebound=1
  TIER1 rest-coherence: worst=42.6deg bone[30]='bone_L-middlefinger03.mesh' count(>5deg)=36 freshRecap=0  xcheck(invOff-vs-restW) worst=42.6deg bone[30]
  TIER2 joint-attach(PRIMARY): worst=27.27u bone[16]='bone_R-thumb01.mesh' parent[1] R=38.3 exactJoint=0.00u pairs=36  (palette-wide exactWorst=0.04u)
[HANDS_ATTACH] mesh='hands_naked.mesh' owner='hands_naked.mesh' frame=1739 nb=38 wext=72.8 rebound=1
  TIER1 rest-coherence: worst=87.3deg bone[33]='bone_L-middlefinger03.mesh' count(>5deg)=34 freshRecap=0  xcheck(invOff-vs-restW) worst=87.3deg bone[33]
  TIER2 joint-attach(PRIMARY): worst=88.18u bone[13]='bone_R-hand.mesh' parent[5] R=49.4 exactJoint=0.00u pairs=30  (palette-wide exactWorst=0.00u)
[HANDS_ATTACH] mesh='hands_naked.mesh' owner='hands_naked.mesh' frame=1750 nb=40 wext=62.8 rebound=1
  TIER1 rest-coherence: worst=42.6deg bone[30]='bone_L-middlefinger03.mesh' count(>5deg)=36 freshRecap=0  xcheck(invOff-vs-restW) worst=42.6deg bone[30]
  TIER2 joint-attach(PRIMARY): worst=30.06u bone[16]='bone_R-thumb01.mesh' parent[1] R=38.3 exactJoint=0.00u pairs=36  (palette-wide exactWorst=4.88u)
[HANDS_ATTACH] mesh='hands_naked.mesh' owner='hands_naked.mesh' frame=1752 nb=38 wext=82.3 rebound=1
  TIER1 rest-coherence: worst=87.3deg bone[33]='bone_L-middlefinger03.mesh' count(>5deg)=34 freshRecap=0  xcheck(invOff-vs-restW) worst=87.3deg bone[33]
  TIER2 joint-attach(PRIMARY): worst=66.34u bone[13]='bone_R-hand.mesh' parent[5] R=49.4 exactJoint=0.33u pairs=30  (palette-wide exactWorst=5.42u)
[HANDS_ATTACH] mesh='hands_naked.mesh' owner='hands_naked.mesh' frame=1755 nb=38 wext=75.8 rebound=1
  TIER1 rest-coherence: worst=87.3deg bone[33]='bone_L-middlefinger03.mesh' count(>5deg)=34 freshRecap=0  xcheck(invOff-vs-restW) worst=87.3deg bone[33]
  TIER2 joint-attach(PRIMARY): worst=95.00u bone[13]='bone_R-hand.mesh' parent[5] R=49.4 exactJoint=0.00u pairs=30  (palette-wide exactWorst=0.00u)
[HANDS_ATTACH] mesh='hands_naked.mesh' owner='hands_naked.mesh' frame=1760 nb=40 wext=62.9 rebound=1
  TIER1 rest-coherence: worst=42.6deg bone[30]='bone_L-middlefinger03.mesh' count(>5deg)=36 freshRecap=0  xcheck(invOff-vs-restW) worst=42.6deg bone[30]
  TIER2 joint-attach(PRIMARY): worst=30.06u bone[16]='bone_R-thumb01.mesh' parent[1] R=38.3 exactJoint=0.00u pairs=36  (palette-wide exactWorst=4.89u)
[HANDS_ATTACH] mesh='hands_naked.mesh' owner='hands_naked.mesh' frame=1770 nb=40 wext=62.9 rebound=1
  TIER1 rest-coherence: worst=42.6deg bone[30]='bone_L-middlefinger03.mesh' count(>5deg)=36 freshRecap=0  xcheck(invOff-vs-restW) worst=42.6deg bone[30]
  TIER2 joint-attach(PRIMARY): worst=30.06u bone[16]='bone_R-thumb01.mesh' parent[1] R=38.3 exactJoint=0.00u pairs=36  (palette-wide exactWorst=4.88u)
[HANDS_ATTACH] mesh='hands_naked.mesh' owner='hands_naked.mesh' frame=1772 nb=38 wext=82.3 rebound=1
  TIER1 rest-coherence: worst=87.3deg bone[33]='bone_L-middlefinger03.mesh' count(>5deg)=34 freshRecap=0  xcheck(invOff-vs-restW) worst=87.3deg bone[33]
  TIER2 joint-attach(PRIMARY): worst=66.34u bone[13]='bone_R-hand.mesh' parent[5] R=49.4 exactJoint=0.33u pairs=30  (palette-wide exactWorst=5.42u)
[HANDS_ATTACH] mesh='hands_naked.mesh' owner='hands_naked.mesh' frame=1775 nb=38 wext=75.8 rebound=1
  TIER1 rest-coherence: worst=87.3deg bone[33]='bone_L-middlefinger03.mesh' count(>5deg)=34 freshRecap=0  xcheck(invOff-vs-restW) worst=87.3deg bone[33]
  TIER2 joint-attach(PRIMARY): worst=95.00u bone[13]='bone_R-hand.mesh' parent[5] R=49.4 exactJoint=0.00u pairs=30  (palette-wide exactWorst=0.00u)
[HANDS_ATTACH] mesh='hands_naked.mesh' owner='hands_naked.mesh' frame=1780 nb=40 wext=62.9 rebound=1
  TIER1 rest-coherence: worst=42.6deg bone[30]='bone_L-middlefinger03.mesh' count(>5deg)=36 freshRecap=0  xcheck(invOff-vs-restW) worst=42.6deg bone[30]
  TIER2 joint-attach(PRIMARY): worst=30.06u bone[16]='bone_R-thumb01.mesh' parent[1] R=38.3 exactJoint=0.00u pairs=36  (palette-wide exactWorst=4.88u)
[HANDS_ATTACH] mesh='hands_naked.mesh' owner='hands_naked.mesh' frame=1790 nb=40 wext=63.5 rebound=1
  TIER1 rest-coherence: worst=42.6deg bone[30]='bone_L-middlefinger03.mesh' count(>5deg)=36 freshRecap=0  xcheck(invOff-vs-restW) worst=42.6deg bone[30]
  TIER2 joint-attach(PRIMARY): worst=30.06u bone[16]='bone_R-thumb01.mesh' parent[1] R=38.3 exactJoint=0.00u pairs=36  (palette-wide exactWorst=4.88u)
[HANDS_ATTACH] mesh='hands_naked.mesh' owner='hands_naked.mesh' frame=1792 nb=38 wext=82.3 rebound=1
  TIER1 rest-coherence: worst=87.3deg bone[33]='bone_L-middlefinger03.mesh' count(>5deg)=34 freshRecap=0  xcheck(invOff-vs-restW) worst=87.3deg bone[33]
  TIER2 joint-attach(PRIMARY): worst=66.34u bone[13]='bone_R-hand.mesh' parent[5] R=49.4 exactJoint=0.33u pairs=30  (palette-wide exactWorst=5.42u)
[HANDS_ATTACH] mesh='hands_naked.mesh' owner='hands_naked.mesh' frame=1795 nb=38 wext=75.8 rebound=1
  TIER1 rest-coherence: worst=87.3deg bone[33]='bone_L-middlefinger03.mesh' count(>5deg)=34 freshRecap=0  xcheck(invOff-vs-restW) worst=87.3deg bone[33]
  TIER2 joint-attach(PRIMARY): worst=95.00u bone[13]='bone_R-hand.mesh' parent[5] R=49.4 exactJoint=0.00u pairs=30  (palette-wide exactWorst=0.00u)
[HANDS_ATTACH] mesh='hands_naked.mesh' owner='hands_naked.mesh' frame=1800 nb=40 wext=64.2 rebound=1
  TIER1 rest-coherence: worst=42.6deg bone[30]='bone_L-middlefinger03.mesh' count(>5deg)=36 freshRecap=0  xcheck(invOff-vs-restW) worst=42.6deg bone[30]
  TIER2 joint-attach(PRIMARY): worst=30.06u bone[16]='bone_R-thumb01.mesh' parent[1] R=38.3 exactJoint=0.00u pairs=36  (palette-wide exactWorst=4.88u)
[HANDS_ATTACH] mesh='hands_naked.mesh' owner='hands_naked.mesh' frame=1810 nb=40 wext=64.9 rebound=1
  TIER1 rest-coherence: worst=42.6deg bone[30]='bone_L-middlefinger03.mesh' count(>5deg)=36 freshRecap=0  xcheck(invOff-vs-restW) worst=42.6deg bone[30]
  TIER2 joint-attach(PRIMARY): worst=30.06u bone[16]='bone_R-thumb01.mesh' parent[1] R=38.3 exactJoint=0.00u pairs=36  (palette-wide exactWorst=4.88u)
[HANDS_ATTACH] mesh='hands_naked.mesh' owner='hands_naked.mesh' frame=1812 nb=38 wext=82.3 rebound=1
  TIER1 rest-coherence: worst=87.3deg bone[33]='bone_L-middlefinger03.mesh' count(>5deg)=34 freshRecap=0  xcheck(invOff-vs-restW) worst=87.3deg bone[33]
  TIER2 joint-attach(PRIMARY): worst=66.34u bone[13]='bone_R-hand.mesh' parent[5] R=49.4 exactJoint=0.33u pairs=30  (palette-wide exactWorst=5.42u)
[HANDS_ATTACH] mesh='hands_naked.mesh' owner='hands_naked.mesh' frame=1815 nb=38 wext=75.8 rebound=1
  TIER1 rest-coherence: worst=87.3deg bone[33]='bone_L-middlefinger03.mesh' count(>5deg)=34 freshRecap=0  xcheck(invOff-vs-restW) worst=87.3deg bone[33]
  TIER2 joint-attach(PRIMARY): worst=95.00u bone[13]='bone_R-hand.mesh' parent[5] R=49.4 exactJoint=0.00u pairs=30  (palette-wide exactWorst=0.00u)
[HANDS_ATTACH] mesh='hands_naked.mesh' owner='hands_naked.mesh' frame=1820 nb=40 wext=65.5 rebound=1
  TIER1 rest-coherence: worst=42.6deg bone[30]='bone_L-middlefinger03.mesh' count(>5deg)=36 freshRecap=0  xcheck(invOff-vs-restW) worst=42.6deg bone[30]
  TIER2 joint-attach(PRIMARY): worst=30.06u bone[16]='bone_R-thumb01.mesh' parent[1] R=38.3 exactJoint=0.00u pairs=36  (palette-wide exactWorst=4.88u)
[HANDS_ATTACH] mesh='hands_naked.mesh' owner='hands_naked.mesh' frame=1830 nb=40 wext=65.9 rebound=1
  TIER1 rest-coherence: worst=42.6deg bone[30]='bone_L-middlefinger03.mesh' count(>5deg)=36 freshRecap=0  xcheck(invOff-vs-restW) worst=42.6deg bone[30]
  TIER2 joint-attach(PRIMARY): worst=30.06u bone[16]='bone_R-thumb01.mesh' parent[1] R=38.3 exactJoint=0.00u pairs=36  (palette-wide exactWorst=4.88u)
[HANDS_ATTACH] mesh='hands_naked.mesh' owner='hands_naked.mesh' frame=1832 nb=38 wext=82.3 rebound=1
  TIER1 rest-coherence: worst=87.3deg bone[33]='bone_L-middlefinger03.mesh' count(>5deg)=34 freshRecap=0  xcheck(invOff-vs-restW) worst=87.3deg bone[33]
  TIER2 joint-attach(PRIMARY): worst=66.34u bone[13]='bone_R-hand.mesh' parent[5] R=49.4 exactJoint=0.33u pairs=30  (palette-wide exactWorst=5.42u)
[HANDS_ATTACH] mesh='hands_naked.mesh' owner='hands_naked.mesh' frame=1835 nb=38 wext=75.8 rebound=1
  TIER1 rest-coherence: worst=87.3deg bone[33]='bone_L-middlefinger03.mesh' count(>5deg)=34 freshRecap=0  xcheck(invOff-vs-restW) worst=87.3deg bone[33]
  TIER2 joint-attach(PRIMARY): worst=95.00u bone[13]='bone_R-hand.mesh' parent[5] R=49.4 exactJoint=0.00u pairs=30  (palette-wide exactWorst=0.00u)
[HANDS_ATTACH] mesh='hands_naked.mesh' owner='hands_naked.mesh' frame=1840 nb=40 wext=66.1 rebound=1
  TIER1 rest-coherence: worst=42.6deg bone[30]='bone_L-middlefinger03.mesh' count(>5deg)=36 freshRecap=0  xcheck(invOff-vs-restW) worst=42.6deg bone[30]
  TIER2 joint-attach(PRIMARY): worst=30.06u bone[16]='bone_R-thumb01.mesh' parent[1] R=38.3 exactJoint=0.00u pairs=36  (palette-wide exactWorst=4.88u)
[HANDS_ATTACH] mesh='hands_naked.mesh' owner='hands_naked.mesh' frame=1850 nb=40 wext=66.7 rebound=1
  TIER1 rest-coherence: worst=42.6deg bone[30]='bone_L-middlefinger03.mesh' count(>5deg)=36 freshRecap=0  xcheck(invOff-vs-restW) worst=42.6deg bone[30]
  TIER2 joint-attach(PRIMARY): worst=30.06u bone[16]='bone_R-thumb01.mesh' parent[1] R=38.3 exactJoint=0.00u pairs=36  (palette-wide exactWorst=4.88u)
[HANDS_ATTACH] mesh='hands_naked.mesh' owner='hands_naked.mesh' frame=1852 nb=38 wext=82.3 rebound=1
  TIER1 rest-coherence: worst=87.3deg bone[33]='bone_L-middlefinger03.mesh' count(>5deg)=34 freshRecap=0  xcheck(invOff-vs-restW) worst=87.3deg bone[33]
  TIER2 joint-attach(PRIMARY): worst=66.34u bone[13]='bone_R-hand.mesh' parent[5] R=49.4 exactJoint=0.33u pairs=30  (palette-wide exactWorst=5.42u)
[HANDS_ATTACH] mesh='hands_naked.mesh' owner='hands_naked.mesh' frame=1855 nb=38 wext=75.8 rebound=1
  TIER1 rest-coherence: worst=87.3deg bone[33]='bone_L-middlefinger03.mesh' count(>5deg)=34 freshRecap=0  xcheck(invOff-vs-restW) worst=87.3deg bone[33]
  TIER2 joint-attach(PRIMARY): worst=95.00u bone[13]='bone_R-hand.mesh' parent[5] R=49.4 exactJoint=0.00u pairs=30  (palette-wide exactWorst=0.00u)
[HANDS_ATTACH] mesh='hands_naked.mesh' owner='hands_naked.mesh' frame=1860 nb=40 wext=67.1 rebound=1
  TIER1 rest-coherence: worst=42.6deg bone[30]='bone_L-middlefinger03.mesh' count(>5deg)=36 freshRecap=0  xcheck(invOff-vs-restW) worst=42.6deg bone[30]
  TIER2 joint-attach(PRIMARY): worst=30.06u bone[16]='bone_R-thumb01.mesh' parent[1] R=38.3 exactJoint=0.00u pairs=36  (palette-wide exactWorst=4.88u)
[HANDS_ATTACH] mesh='hands_naked.mesh' owner='hands_naked.mesh' frame=1870 nb=40 wext=67.0 rebound=1
  TIER1 rest-coherence: worst=42.6deg bone[30]='bone_L-middlefinger03.mesh' count(>5deg)=36 freshRecap=0  xcheck(invOff-vs-restW) worst=42.6deg bone[30]
  TIER2 joint-attach(PRIMARY): worst=30.06u bone[16]='bone_R-thumb01.mesh' parent[1] R=38.3 exactJoint=0.00u pairs=36  (palette-wide exactWorst=6.07u)
[HANDS_ATTACH] mesh='hands_naked.mesh' owner='hands_naked.mesh' frame=1872 nb=38 wext=82.3 rebound=1
  TIER1 rest-coherence: worst=87.3deg bone[33]='bone_L-middlefinger03.mesh' count(>5deg)=34 freshRecap=0  xcheck(invOff-vs-restW) worst=87.3deg bone[33]
  TIER2 joint-attach(PRIMARY): worst=66.34u bone[13]='bone_R-hand.mesh' parent[5] R=49.4 exactJoint=0.33u pairs=30  (palette-wide exactWorst=5.42u)
[HANDS_ATTACH] mesh='hands_naked.mesh' owner='hands_naked.mesh' frame=1875 nb=38 wext=75.8 rebound=1
  TIER1 rest-coherence: worst=87.3deg bone[33]='bone_L-middlefinger03.mesh' count(>5deg)=34 freshRecap=0  xcheck(invOff-vs-restW) worst=87.3deg bone[33]
  TIER2 joint-attach(PRIMARY): worst=95.00u bone[13]='bone_R-hand.mesh' parent[5] R=49.4 exactJoint=0.00u pairs=30  (palette-wide exactWorst=0.00u)
[HANDS_ATTACH] mesh='hands_naked.mesh' owner='hands_naked.mesh' frame=1880 nb=40 wext=70.5 rebound=1
  TIER1 rest-coherence: worst=42.6deg bone[30]='bone_L-middlefinger03.mesh' count(>5deg)=36 freshRecap=0  xcheck(invOff-vs-restW) worst=42.6deg bone[30]
  TIER2 joint-attach(PRIMARY): worst=30.06u bone[16]='bone_R-thumb01.mesh' parent[1] R=38.3 exactJoint=0.00u pairs=36  (palette-wide exactWorst=7.40u)
[HANDS_ATTACH] mesh='hands_naked.mesh' owner='hands_naked.mesh' frame=1890 nb=40 wext=67.5 rebound=1
  TIER1 rest-coherence: worst=42.6deg bone[30]='bone_L-middlefinger03.mesh' count(>5deg)=36 freshRecap=0  xcheck(invOff-vs-restW) worst=42.6deg bone[30]
  TIER2 joint-attach(PRIMARY): worst=30.06u bone[16]='bone_R-thumb01.mesh' parent[1] R=38.3 exactJoint=0.00u pairs=36  (palette-wide exactWorst=6.37u)
[HANDS_ATTACH] mesh='hands_naked.mesh' owner='hands_naked.mesh' frame=1892 nb=38 wext=82.3 rebound=1
  TIER1 rest-coherence: worst=87.3deg bone[33]='bone_L-middlefinger03.mesh' count(>5deg)=34 freshRecap=0  xcheck(invOff-vs-restW) worst=87.3deg bone[33]
  TIER2 joint-attach(PRIMARY): worst=66.34u bone[13]='bone_R-hand.mesh' parent[5] R=49.4 exactJoint=0.33u pairs=30  (palette-wide exactWorst=5.42u)
[HANDS_ATTACH] mesh='hands_naked.mesh' owner='hands_naked.mesh' frame=1895 nb=38 wext=75.8 rebound=1
  TIER1 rest-coherence: worst=87.3deg bone[33]='bone_L-middlefinger03.mesh' count(>5deg)=34 freshRecap=0  xcheck(invOff-vs-restW) worst=87.3deg bone[33]
  TIER2 joint-attach(PRIMARY): worst=95.00u bone[13]='bone_R-hand.mesh' parent[5] R=49.4 exactJoint=0.00u pairs=30  (palette-wide exactWorst=0.00u)
[HANDS_ATTACH] mesh='hands_naked.mesh' owner='hands_naked.mesh' frame=1900 nb=40 wext=67.6 rebound=1
  TIER1 rest-coherence: worst=42.6deg bone[30]='bone_L-middlefinger03.mesh' count(>5deg)=36 freshRecap=0  xcheck(invOff-vs-restW) worst=42.6deg bone[30]
  TIER2 joint-attach(PRIMARY): worst=30.06u bone[16]='bone_R-thumb01.mesh' parent[1] R=38.3 exactJoint=0.00u pairs=36  (palette-wide exactWorst=6.62u)
[HANDS_ATTACH] mesh='hands_naked.mesh' owner='hands_naked.mesh' frame=1910 nb=40 wext=69.0 rebound=1
  TIER1 rest-coherence: worst=42.6deg bone[30]='bone_L-middlefinger03.mesh' count(>5deg)=36 freshRecap=0  xcheck(invOff-vs-restW) worst=42.6deg bone[30]
  TIER2 joint-attach(PRIMARY): worst=30.06u bone[16]='bone_R-thumb01.mesh' parent[1] R=38.3 exactJoint=0.00u pairs=36  (palette-wide exactWorst=7.82u)
[HANDS_ATTACH] mesh='hands_naked.mesh' owner='hands_naked.mesh' frame=1912 nb=38 wext=82.3 rebound=1
  TIER1 rest-coherence: worst=87.3deg bone[33]='bone_L-middlefinger03.mesh' count(>5deg)=34 freshRecap=0  xcheck(invOff-vs-restW) worst=87.3deg bone[33]
  TIER2 joint-attach(PRIMARY): worst=66.34u bone[13]='bone_R-hand.mesh' parent[5] R=49.4 exactJoint=0.33u pairs=30  (palette-wide exactWorst=5.42u)
[HANDS_ATTACH] mesh='hands_naked.mesh' owner='hands_naked.mesh' frame=1915 nb=38 wext=75.8 rebound=1
  TIER1 rest-coherence: worst=87.3deg bone[33]='bone_L-middlefinger03.mesh' count(>5deg)=34 freshRecap=0  xcheck(invOff-vs-restW) worst=87.3deg bone[33]
  TIER2 joint-attach(PRIMARY): worst=95.00u bone[13]='bone_R-hand.mesh' parent[5] R=49.4 exactJoint=0.00u pairs=30  (palette-wide exactWorst=0.00u)
[HANDS_ATTACH] mesh='hands_naked.mesh' owner='hands_naked.mesh' frame=1920 nb=40 wext=67.9 rebound=1
  TIER1 rest-coherence: worst=42.6deg bone[30]='bone_L-middlefinger03.mesh' count(>5deg)=36 freshRecap=0  xcheck(invOff-vs-restW) worst=42.6deg bone[30]
  TIER2 joint-attach(PRIMARY): worst=30.06u bone[16]='bone_R-thumb01.mesh' parent[1] R=38.3 exactJoint=0.00u pairs=36  (palette-wide exactWorst=7.23u)
[HANDS_ATTACH] mesh='hands_naked.mesh' owner='hands_naked.mesh' frame=1930 nb=40 wext=67.8 rebound=1
  TIER1 rest-coherence: worst=42.6deg bone[30]='bone_L-middlefinger03.mesh' count(>5deg)=36 freshRecap=0  xcheck(invOff-vs-restW) worst=42.6deg bone[30]
  TIER2 joint-attach(PRIMARY): worst=30.06u bone[16]='bone_R-thumb01.mesh' parent[1] R=38.3 exactJoint=0.00u pairs=36  (palette-wide exactWorst=6.62u)
[HANDS_ATTACH] mesh='hands_naked.mesh' owner='hands_naked.mesh' frame=1932 nb=38 wext=82.3 rebound=1
  TIER1 rest-coherence: worst=87.3deg bone[33]='bone_L-middlefinger03.mesh' count(>5deg)=34 freshRecap=0  xcheck(invOff-vs-restW) worst=87.3deg bone[33]
  TIER2 joint-attach(PRIMARY): worst=66.34u bone[13]='bone_R-hand.mesh' parent[5] R=49.4 exactJoint=0.33u pairs=30  (palette-wide exactWorst=5.42u)
[HANDS_ATTACH] mesh='hands_naked.mesh' owner='hands_naked.mesh' frame=1935 nb=38 wext=75.8 rebound=1
  TIER1 rest-coherence: worst=87.3deg bone[33]='bone_L-middlefinger03.mesh' count(>5deg)=34 freshRecap=0  xcheck(invOff-vs-restW) worst=87.3deg bone[33]
  TIER2 joint-attach(PRIMARY): worst=95.00u bone[13]='bone_R-hand.mesh' parent[5] R=49.4 exactJoint=0.00u pairs=30  (palette-wide exactWorst=0.00u)
[HANDS_ATTACH] mesh='hands_naked.mesh' owner='hands_naked.mesh' frame=1940 nb=40 wext=68.2 rebound=1
  TIER1 rest-coherence: worst=42.6deg bone[30]='bone_L-middlefinger03.mesh' count(>5deg)=36 freshRecap=0  xcheck(invOff-vs-restW) worst=42.6deg bone[30]
  TIER2 joint-attach(PRIMARY): worst=30.06u bone[16]='bone_R-thumb01.mesh' parent[1] R=38.3 exactJoint=0.00u pairs=36  (palette-wide exactWorst=6.32u)
[HANDS_ATTACH] mesh='hands_naked.mesh' owner='hands_naked.mesh' frame=1950 nb=40 wext=70.5 rebound=1
  TIER1 rest-coherence: worst=42.6deg bone[30]='bone_L-middlefinger03.mesh' count(>5deg)=36 freshRecap=0  xcheck(invOff-vs-restW) worst=42.6deg bone[30]
  TIER2 joint-attach(PRIMARY): worst=30.06u bone[16]='bone_R-thumb01.mesh' parent[1] R=38.3 exactJoint=0.00u pairs=36  (palette-wide exactWorst=7.41u)
[HANDS_ATTACH] mesh='hands_naked.mesh' owner='hands_naked.mesh' frame=1952 nb=38 wext=82.3 rebound=1
  TIER1 rest-coherence: worst=87.3deg bone[33]='bone_L-middlefinger03.mesh' count(>5deg)=34 freshRecap=0  xcheck(invOff-vs-restW) worst=87.3deg bone[33]
  TIER2 joint-attach(PRIMARY): worst=66.34u bone[13]='bone_R-hand.mesh' parent[5] R=49.4 exactJoint=0.33u pairs=30  (palette-wide exactWorst=5.42u)
[HANDS_ATTACH] mesh='hands_naked.mesh' owner='hands_naked.mesh' frame=1955 nb=38 wext=75.8 rebound=1
  TIER1 rest-coherence: worst=87.3deg bone[33]='bone_L-middlefinger03.mesh' count(>5deg)=34 freshRecap=0  xcheck(invOff-vs-restW) worst=87.3deg bone[33]
  TIER2 joint-attach(PRIMARY): worst=95.00u bone[13]='bone_R-hand.mesh' parent[5] R=49.4 exactJoint=0.00u pairs=30  (palette-wide exactWorst=0.00u)
[HANDS_ATTACH] mesh='hands_naked.mesh' owner='hands_naked.mesh' frame=1960 nb=40 wext=66.6 rebound=1
  TIER1 rest-coherence: worst=42.6deg bone[30]='bone_L-middlefinger03.mesh' count(>5deg)=36 freshRecap=0  xcheck(invOff-vs-restW) worst=42.6deg bone[30]
  TIER2 joint-attach(PRIMARY): worst=30.06u bone[16]='bone_R-thumb01.mesh' parent[1] R=38.3 exactJoint=0.00u pairs=36  (palette-wide exactWorst=6.12u)
[HANDS_ATTACH] mesh='hands_naked.mesh' owner='hands_naked.mesh' frame=1970 nb=40 wext=66.5 rebound=1
  TIER1 rest-coherence: worst=42.6deg bone[30]='bone_L-middlefinger03.mesh' count(>5deg)=36 freshRecap=0  xcheck(invOff-vs-restW) worst=42.6deg bone[30]
  TIER2 joint-attach(PRIMARY): worst=30.06u bone[16]='bone_R-thumb01.mesh' parent[1] R=38.3 exactJoint=0.00u pairs=36  (palette-wide exactWorst=5.11u)
[HANDS_ATTACH] mesh='hands_naked.mesh' owner='hands_naked.mesh' frame=1972 nb=38 wext=82.3 rebound=1
  TIER1 rest-coherence: worst=87.3deg bone[33]='bone_L-middlefinger03.mesh' count(>5deg)=34 freshRecap=0  xcheck(invOff-vs-restW) worst=87.3deg bone[33]
  TIER2 joint-attach(PRIMARY): worst=66.34u bone[13]='bone_R-hand.mesh' parent[5] R=49.4 exactJoint=0.33u pairs=30  (palette-wide exactWorst=5.42u)
[HANDS_ATTACH] mesh='hands_naked.mesh' owner='hands_naked.mesh' frame=1975 nb=38 wext=75.8 rebound=1
  TIER1 rest-coherence: worst=87.3deg bone[33]='bone_L-middlefinger03.mesh' count(>5deg)=34 freshRecap=0  xcheck(invOff-vs-restW) worst=87.3deg bone[33]
  TIER2 joint-attach(PRIMARY): worst=95.00u bone[13]='bone_R-hand.mesh' parent[5] R=49.4 exactJoint=0.00u pairs=30  (palette-wide exactWorst=0.00u)
[HANDS_ATTACH] mesh='hands_naked.mesh' owner='hands_naked.mesh' frame=1980 nb=40 wext=66.1 rebound=1
  TIER1 rest-coherence: worst=42.6deg bone[30]='bone_L-middlefinger03.mesh' count(>5deg)=36 freshRecap=0  xcheck(invOff-vs-restW) worst=42.6deg bone[30]
  TIER2 joint-attach(PRIMARY): worst=30.06u bone[16]='bone_R-thumb01.mesh' parent[1] R=38.3 exactJoint=0.00u pairs=36  (palette-wide exactWorst=4.88u)
[HANDS_ATTACH] mesh='hands_naked.mesh' owner='hands_naked.mesh' frame=1990 nb=40 wext=65.7 rebound=1
  TIER1 rest-coherence: worst=42.6deg bone[30]='bone_L-middlefinger03.mesh' count(>5deg)=36 freshRecap=0  xcheck(invOff-vs-restW) worst=42.6deg bone[30]
  TIER2 joint-attach(PRIMARY): worst=30.06u bone[16]='bone_R-thumb01.mesh' parent[1] R=38.3 exactJoint=0.00u pairs=36  (palette-wide exactWorst=4.88u)
[HANDS_ATTACH] mesh='hands_naked.mesh' owner='hands_naked.mesh' frame=1992 nb=38 wext=82.3 rebound=1
  TIER1 rest-coherence: worst=87.3deg bone[33]='bone_L-middlefinger03.mesh' count(>5deg)=34 freshRecap=0  xcheck(invOff-vs-restW) worst=87.3deg bone[33]
  TIER2 joint-attach(PRIMARY): worst=66.34u bone[13]='bone_R-hand.mesh' parent[5] R=49.4 exactJoint=0.33u pairs=30  (palette-wide exactWorst=5.42u)
[HANDS_ATTACH] mesh='hands_naked.mesh' owner='hands_naked.mesh' frame=1995 nb=38 wext=75.8 rebound=1
  TIER1 rest-coherence: worst=87.3deg bone[33]='bone_L-middlefinger03.mesh' count(>5deg)=34 freshRecap=0  xcheck(invOff-vs-restW) worst=87.3deg bone[33]
  TIER2 joint-attach(PRIMARY): worst=95.00u bone[13]='bone_R-hand.mesh' parent[5] R=49.4 exactJoint=0.00u pairs=30  (palette-wide exactWorst=0.00u)
[HANDS_ATTACH] mesh='hands_naked.mesh' owner='hands_naked.mesh' frame=2000 nb=40 wext=65.3 rebound=1
  TIER1 rest-coherence: worst=42.6deg bone[30]='bone_L-middlefinger03.mesh' count(>5deg)=36 freshRecap=0  xcheck(invOff-vs-restW) worst=42.6deg bone[30]
  TIER2 joint-attach(PRIMARY): worst=30.06u bone[16]='bone_R-thumb01.mesh' parent[1] R=38.3 exactJoint=0.00u pairs=36  (palette-wide exactWorst=4.88u)
[HANDS_ATTACH] mesh='hands_naked.mesh' owner='hands_naked.mesh' frame=2010 nb=40 wext=64.9 rebound=1
  TIER1 rest-coherence: worst=42.6deg bone[30]='bone_L-middlefinger03.mesh' count(>5deg)=36 freshRecap=0  xcheck(invOff-vs-restW) worst=42.6deg bone[30]
  TIER2 joint-attach(PRIMARY): worst=30.06u bone[16]='bone_R-thumb01.mesh' parent[1] R=38.3 exactJoint=0.00u pairs=36  (palette-wide exactWorst=4.88u)
[HANDS_ATTACH] mesh='hands_naked.mesh' owner='hands_naked.mesh' frame=2012 nb=38 wext=82.3 rebound=1
  TIER1 rest-coherence: worst=87.3deg bone[33]='bone_L-middlefinger03.mesh' count(>5deg)=34 freshRecap=0  xcheck(invOff-vs-restW) worst=87.3deg bone[33]
  TIER2 joint-attach(PRIMARY): worst=66.34u bone[13]='bone_R-hand.mesh' parent[5] R=49.4 exactJoint=0.33u pairs=30  (palette-wide exactWorst=5.42u)
[HANDS_ATTACH] mesh='hands_naked.mesh' owner='hands_naked.mesh' frame=2015 nb=38 wext=75.8 rebound=1
  TIER1 rest-coherence: worst=87.3deg bone[33]='bone_L-middlefinger03.mesh' count(>5deg)=34 freshRecap=0  xcheck(invOff-vs-restW) worst=87.3deg bone[33]
  TIER2 joint-attach(PRIMARY): worst=95.00u bone[13]='bone_R-hand.mesh' parent[5] R=49.4 exactJoint=0.00u pairs=30  (palette-wide exactWorst=0.00u)
[HANDS_ATTACH] mesh='hands_naked.mesh' owner='hands_naked.mesh' frame=2020 nb=40 wext=64.6 rebound=1
  TIER1 rest-coherence: worst=42.6deg bone[30]='bone_L-middlefinger03.mesh' count(>5deg)=36 freshRecap=0  xcheck(invOff-vs-restW) worst=42.6deg bone[30]
  TIER2 joint-attach(PRIMARY): worst=30.06u bone[16]='bone_R-thumb01.mesh' parent[1] R=38.3 exactJoint=0.00u pairs=36  (palette-wide exactWorst=4.89u)
[HANDS_ATTACH] mesh='hands_naked.mesh' owner='hands_naked.mesh' frame=2030 nb=40 wext=64.3 rebound=1
  TIER1 rest-coherence: worst=42.6deg bone[30]='bone_L-middlefinger03.mesh' count(>5deg)=36 freshRecap=0  xcheck(invOff-vs-restW) worst=42.6deg bone[30]
  TIER2 joint-attach(PRIMARY): worst=30.06u bone[16]='bone_R-thumb01.mesh' parent[1] R=38.3 exactJoint=0.00u pairs=36  (palette-wide exactWorst=4.88u)
[HANDS_ATTACH] mesh='hands_naked.mesh' owner='hands_naked.mesh' frame=2032 nb=38 wext=82.3 rebound=1
  TIER1 rest-coherence: worst=87.3deg bone[33]='bone_L-middlefinger03.mesh' count(>5deg)=34 freshRecap=0  xcheck(invOff-vs-restW) worst=87.3deg bone[33]
  TIER2 joint-attach(PRIMARY): worst=66.34u bone[13]='bone_R-hand.mesh' parent[5] R=49.4 exactJoint=0.33u pairs=30  (palette-wide exactWorst=5.42u)
[HANDS_ATTACH] mesh='hands_naked.mesh' owner='hands_naked.mesh' frame=2035 nb=38 wext=75.8 rebound=1
  TIER1 rest-coherence: worst=87.3deg bone[33]='bone_L-middlefinger03.mesh' count(>5deg)=34 freshRecap=0  xcheck(invOff-vs-restW) worst=87.3deg bone[33]
  TIER2 joint-attach(PRIMARY): worst=95.00u bone[13]='bone_R-hand.mesh' parent[5] R=49.4 exactJoint=0.00u pairs=30  (palette-wide exactWorst=0.00u)
[HANDS_ATTACH] mesh='hands_naked.mesh' owner='hands_naked.mesh' frame=2040 nb=40 wext=63.7 rebound=1
  TIER1 rest-coherence: worst=42.6deg bone[30]='bone_L-middlefinger03.mesh' count(>5deg)=36 freshRecap=0  xcheck(invOff-vs-restW) worst=42.6deg bone[30]
  TIER2 joint-attach(PRIMARY): worst=30.06u bone[16]='bone_R-thumb01.mesh' parent[1] R=38.3 exactJoint=0.00u pairs=36  (palette-wide exactWorst=4.89u)
[HANDS_ATTACH] mesh='hands_naked.mesh' owner='hands_naked.mesh' frame=2050 nb=40 wext=63.1 rebound=1
  TIER1 rest-coherence: worst=42.6deg bone[30]='bone_L-middlefinger03.mesh' count(>5deg)=36 freshRecap=0  xcheck(invOff-vs-restW) worst=42.6deg bone[30]
  TIER2 joint-attach(PRIMARY): worst=30.06u bone[16]='bone_R-thumb01.mesh' parent[1] R=38.3 exactJoint=0.00u pairs=36  (palette-wide exactWorst=4.88u)
[HANDS_ATTACH] mesh='hands_naked.mesh' owner='hands_naked.mesh' frame=2052 nb=38 wext=82.3 rebound=1
  TIER1 rest-coherence: worst=87.3deg bone[33]='bone_L-middlefinger03.mesh' count(>5deg)=34 freshRecap=0  xcheck(invOff-vs-restW) worst=87.3deg bone[33]
  TIER2 joint-attach(PRIMARY): worst=66.34u bone[13]='bone_R-hand.mesh' parent[5] R=49.4 exactJoint=0.33u pairs=30  (palette-wide exactWorst=5.42u)
[HANDS_ATTACH] mesh='hands_naked.mesh' owner='hands_naked.mesh' frame=2055 nb=38 wext=75.8 rebound=1
  TIER1 rest-coherence: worst=87.3deg bone[33]='bone_L-middlefinger03.mesh' count(>5deg)=34 freshRecap=0  xcheck(invOff-vs-restW) worst=87.3deg bone[33]
  TIER2 joint-attach(PRIMARY): worst=95.00u bone[13]='bone_R-hand.mesh' parent[5] R=49.4 exactJoint=0.00u pairs=30  (palette-wide exactWorst=0.00u)
[HANDS_ATTACH] mesh='hands_naked.mesh' owner='hands_naked.mesh' frame=2060 nb=40 wext=62.7 rebound=1
  TIER1 rest-coherence: worst=42.6deg bone[30]='bone_L-middlefinger03.mesh' count(>5deg)=36 freshRecap=0  xcheck(invOff-vs-restW) worst=42.6deg bone[30]
  TIER2 joint-attach(PRIMARY): worst=30.06u bone[16]='bone_R-thumb01.mesh' parent[1] R=38.3 exactJoint=0.00u pairs=36  (palette-wide exactWorst=4.89u)
[HANDS_ATTACH] mesh='hands_naked.mesh' owner='hands_naked.mesh' frame=2070 nb=40 wext=61.0 rebound=1
  TIER1 rest-coherence: worst=42.6deg bone[30]='bone_L-middlefinger03.mesh' count(>5deg)=36 freshRecap=0  xcheck(invOff-vs-restW) worst=42.6deg bone[30]
  TIER2 joint-attach(PRIMARY): worst=30.06u bone[16]='bone_R-thumb01.mesh' parent[1] R=38.3 exactJoint=0.00u pairs=36  (palette-wide exactWorst=4.88u)
[HANDS_ATTACH] mesh='hands_naked.mesh' owner='hands_naked.mesh' frame=2072 nb=38 wext=82.3 rebound=1
  TIER1 rest-coherence: worst=87.3deg bone[33]='bone_L-middlefinger03.mesh' count(>5deg)=34 freshRecap=0  xcheck(invOff-vs-restW) worst=87.3deg bone[33]
  TIER2 joint-attach(PRIMARY): worst=66.34u bone[13]='bone_R-hand.mesh' parent[5] R=49.4 exactJoint=0.33u pairs=30  (palette-wide exactWorst=5.42u)
[HANDS_ATTACH] mesh='hands_naked.mesh' owner='hands_naked.mesh' frame=2075 nb=38 wext=75.8 rebound=1
  TIER1 rest-coherence: worst=87.3deg bone[33]='bone_L-middlefinger03.mesh' count(>5deg)=34 freshRecap=0  xcheck(invOff-vs-restW) worst=87.3deg bone[33]
  TIER2 joint-attach(PRIMARY): worst=95.00u bone[13]='bone_R-hand.mesh' parent[5] R=49.4 exactJoint=0.00u pairs=30  (palette-wide exactWorst=0.00u)
[HANDS_ATTACH] mesh='hands_naked.mesh' owner='hands_naked.mesh' frame=2080 nb=40 wext=58.4 rebound=1
  TIER1 rest-coherence: worst=42.6deg bone[30]='bone_L-middlefinger03.mesh' count(>5deg)=36 freshRecap=0  xcheck(invOff-vs-restW) worst=42.6deg bone[30]
  TIER2 joint-attach(PRIMARY): worst=30.06u bone[16]='bone_R-thumb01.mesh' parent[1] R=38.3 exactJoint=0.00u pairs=36  (palette-wide exactWorst=4.89u)
[HANDS_ATTACH] mesh='hands_naked.mesh' owner='hands_naked.mesh' frame=2090 nb=40 wext=56.1 rebound=1
  TIER1 rest-coherence: worst=42.6deg bone[30]='bone_L-middlefinger03.mesh' count(>5deg)=36 freshRecap=0  xcheck(invOff-vs-restW) worst=42.6deg bone[30]
  TIER2 joint-attach(PRIMARY): worst=30.06u bone[16]='bone_R-thumb01.mesh' parent[1] R=38.3 exactJoint=0.00u pairs=36  (palette-wide exactWorst=4.88u)
[HANDS_ATTACH] mesh='hands_naked.mesh' owner='hands_naked.mesh' frame=2092 nb=38 wext=82.3 rebound=1
  TIER1 rest-coherence: worst=87.3deg bone[33]='bone_L-middlefinger03.mesh' count(>5deg)=34 freshRecap=0  xcheck(invOff-vs-restW) worst=87.3deg bone[33]
  TIER2 joint-attach(PRIMARY): worst=66.34u bone[13]='bone_R-hand.mesh' parent[5] R=49.4 exactJoint=0.33u pairs=30  (palette-wide exactWorst=5.42u)
[HANDS_ATTACH] mesh='hands_naked.mesh' owner='hands_naked.mesh' frame=2095 nb=38 wext=75.8 rebound=1
  TIER1 rest-coherence: worst=87.3deg bone[33]='bone_L-middlefinger03.mesh' count(>5deg)=34 freshRecap=0  xcheck(invOff-vs-restW) worst=87.3deg bone[33]
  TIER2 joint-attach(PRIMARY): worst=95.00u bone[13]='bone_R-hand.mesh' parent[5] R=49.4 exactJoint=0.00u pairs=30  (palette-wide exactWorst=0.00u)
[HANDS_ATTACH] mesh='hands_naked.mesh' owner='hands_naked.mesh' frame=2103 nb=40 wext=61.5 rebound=1
  TIER1 rest-coherence: worst=42.6deg bone[30]='bone_L-middlefinger03.mesh' count(>5deg)=36 freshRecap=0  xcheck(invOff-vs-restW) worst=42.6deg bone[30]
  TIER2 joint-attach(PRIMARY): worst=23.89u bone[22]='bone_L-index02.mesh' parent[27] R=36.5 exactJoint=0.00u pairs=36  (palette-wide exactWorst=7.09u)
[HANDS_ATTACH] mesh='hands_naked.mesh' owner='hands_naked.mesh' frame=2107 nb=38 wext=68.2 rebound=1
  TIER1 rest-coherence: worst=87.3deg bone[33]='bone_L-middlefinger03.mesh' count(>5deg)=34 freshRecap=0  xcheck(invOff-vs-restW) worst=87.3deg bone[33]
  TIER2 joint-attach(PRIMARY): worst=24.85u bone[13]='bone_R-hand.mesh' parent[5] R=49.4 exactJoint=0.33u pairs=30  (palette-wide exactWorst=0.33u)
[HANDS_ATTACH] mesh='hands_naked.mesh' owner='hands_naked.mesh' frame=2109 nb=38 wext=81.6 rebound=1
  TIER1 rest-coherence: worst=87.3deg bone[33]='bone_L-middlefinger03.mesh' count(>5deg)=34 freshRecap=0  xcheck(invOff-vs-restW) worst=87.3deg bone[33]
  TIER2 joint-attach(PRIMARY): worst=71.02u bone[18]='bone_R-pinky02.mesh' parent[14] R=47.4 exactJoint=2.44u pairs=30  (palette-wide exactWorst=10.36u)
[HANDS_ATTACH] mesh='hands_naked.mesh' owner='hands_naked.mesh' frame=2113 nb=40 wext=67.8 rebound=1
  TIER1 rest-coherence: worst=42.6deg bone[30]='bone_L-middlefinger03.mesh' count(>5deg)=36 freshRecap=0  xcheck(invOff-vs-restW) worst=42.6deg bone[30]
  TIER2 joint-attach(PRIMARY): worst=23.79u bone[22]='bone_L-index02.mesh' parent[27] R=36.5 exactJoint=0.00u pairs=36  (palette-wide exactWorst=7.09u)
[HANDS_ATTACH] mesh='hands_naked.mesh' owner='hands_naked.mesh' frame=2117 nb=38 wext=75.9 rebound=1
  TIER1 rest-coherence: worst=87.3deg bone[33]='bone_L-middlefinger03.mesh' count(>5deg)=34 freshRecap=0  xcheck(invOff-vs-restW) worst=87.3deg bone[33]
  TIER2 joint-attach(PRIMARY): worst=26.60u bone[29]='bone_L-hand.mesh' parent[22] R=49.4 exactJoint=0.14u pairs=30  (palette-wide exactWorst=0.33u)
[HANDS_ATTACH] mesh='hands_naked.mesh' owner='hands_naked.mesh' frame=2119 nb=38 wext=83.6 rebound=1
  TIER1 rest-coherence: worst=87.3deg bone[33]='bone_L-middlefinger03.mesh' count(>5deg)=34 freshRecap=0  xcheck(invOff-vs-restW) worst=87.3deg bone[33]
  TIER2 joint-attach(PRIMARY): worst=71.02u bone[18]='bone_R-pinky02.mesh' parent[14] R=47.4 exactJoint=2.44u pairs=30  (palette-wide exactWorst=10.36u)
[HANDS_ATTACH] mesh='hands_naked.mesh' owner='hands_naked.mesh' frame=2123 nb=40 wext=67.9 rebound=1
  TIER1 rest-coherence: worst=42.6deg bone[30]='bone_L-middlefinger03.mesh' count(>5deg)=36 freshRecap=0  xcheck(invOff-vs-restW) worst=42.6deg bone[30]
  TIER2 joint-attach(PRIMARY): worst=23.69u bone[22]='bone_L-index02.mesh' parent[27] R=36.5 exactJoint=0.00u pairs=36  (palette-wide exactWorst=7.09u)
[HANDS_ATTACH] mesh='hands_naked.mesh' owner='hands_naked.mesh' frame=2127 nb=38 wext=78.6 rebound=1
  TIER1 rest-coherence: worst=87.3deg bone[33]='bone_L-middlefinger03.mesh' count(>5deg)=34 freshRecap=0  xcheck(invOff-vs-restW) worst=87.3deg bone[33]
  TIER2 joint-attach(PRIMARY): worst=23.70u bone[29]='bone_L-hand.mesh' parent[22] R=49.4 exactJoint=0.14u pairs=30  (palette-wide exactWorst=0.33u)
[HANDS_ATTACH] mesh='hands_naked.mesh' owner='hands_naked.mesh' frame=2129 nb=38 wext=74.9 rebound=1
  TIER1 rest-coherence: worst=87.3deg bone[33]='bone_L-middlefinger03.mesh' count(>5deg)=34 freshRecap=0  xcheck(invOff-vs-restW) worst=87.3deg bone[33]
  TIER2 joint-attach(PRIMARY): worst=68.54u bone[18]='bone_R-pinky02.mesh' parent[14] R=47.4 exactJoint=0.00u pairs=30  (palette-wide exactWorst=8.01u)
[HANDS_ATTACH] mesh='hands_naked.mesh' owner='hands_naked.mesh' frame=2133 nb=40 wext=67.5 rebound=1
  TIER1 rest-coherence: worst=42.6deg bone[30]='bone_L-middlefinger03.mesh' count(>5deg)=36 freshRecap=0  xcheck(invOff-vs-restW) worst=42.6deg bone[30]
  TIER2 joint-attach(PRIMARY): worst=23.36u bone[22]='bone_L-index02.mesh' parent[27] R=36.5 exactJoint=0.01u pairs=36  (palette-wide exactWorst=7.09u)
[HANDS_ATTACH] mesh='hands_naked.mesh' owner='hands_naked.mesh' frame=2137 nb=38 wext=80.2 rebound=1
  TIER1 rest-coherence: worst=87.3deg bone[33]='bone_L-middlefinger03.mesh' count(>5deg)=34 freshRecap=0  xcheck(invOff-vs-restW) worst=87.3deg bone[33]
  TIER2 joint-attach(PRIMARY): worst=22.73u bone[29]='bone_L-hand.mesh' parent[22] R=49.4 exactJoint=0.14u pairs=30  (palette-wide exactWorst=0.33u)
[HANDS_ATTACH] mesh='hands_naked.mesh' owner='hands_naked.mesh' frame=2139 nb=38 wext=78.3 rebound=1
  TIER1 rest-coherence: worst=87.3deg bone[33]='bone_L-middlefinger03.mesh' count(>5deg)=34 freshRecap=0  xcheck(invOff-vs-restW) worst=87.3deg bone[33]
  TIER2 joint-attach(PRIMARY): worst=69.84u bone[29]='bone_L-hand.mesh' parent[22] R=49.4 exactJoint=0.00u pairs=30  (palette-wide exactWorst=0.00u)
[HANDS_ATTACH] mesh='hands_naked.mesh' owner='hands_naked.mesh' frame=2143 nb=40 wext=63.7 rebound=1
  TIER1 rest-coherence: worst=42.6deg bone[30]='bone_L-middlefinger03.mesh' count(>5deg)=36 freshRecap=0  xcheck(invOff-vs-restW) worst=42.6deg bone[30]
  TIER2 joint-attach(PRIMARY): worst=67.63u bone[23]='bone_R-ringfinger03.mesh' parent[5] R=37.5 exactJoint=0.40u pairs=36  (palette-wide exactWorst=7.35u)
[HANDS_ATTACH] mesh='hands_naked.mesh' owner='hands_naked.mesh' frame=2147 nb=38 wext=79.9 rebound=1
  TIER1 rest-coherence: worst=87.3deg bone[33]='bone_L-middlefinger03.mesh' count(>5deg)=34 freshRecap=0  xcheck(invOff-vs-restW) worst=87.3deg bone[33]
  TIER2 joint-attach(PRIMARY): worst=22.01u bone[29]='bone_L-hand.mesh' parent[22] R=49.4 exactJoint=0.14u pairs=30  (palette-wide exactWorst=0.33u)
[HANDS_ATTACH] mesh='hands_naked.mesh' owner='hands_naked.mesh' frame=2149 nb=38 wext=56.0 rebound=1
  TIER1 rest-coherence: worst=87.3deg bone[33]='bone_L-middlefinger03.mesh' count(>5deg)=34 freshRecap=0  xcheck(invOff-vs-restW) worst=87.3deg bone[33]
  TIER2 joint-attach(PRIMARY): worst=58.48u bone[29]='bone_L-hand.mesh' parent[22] R=49.4 exactJoint=0.00u pairs=30  (palette-wide exactWorst=0.00u)
[HANDS_ATTACH] mesh='hands_naked.mesh' owner='hands_naked.mesh' frame=2153 nb=40 wext=54.2 rebound=1
  TIER1 rest-coherence: worst=42.6deg bone[30]='bone_L-middlefinger03.mesh' count(>5deg)=36 freshRecap=0  xcheck(invOff-vs-restW) worst=42.6deg bone[30]
  TIER2 joint-attach(PRIMARY): worst=68.01u bone[23]='bone_R-ringfinger03.mesh' parent[5] R=37.5 exactJoint=0.33u pairs=36  (palette-wide exactWorst=7.36u)
[HANDS_ATTACH] mesh='hands_naked.mesh' owner='hands_naked.mesh' frame=2157 nb=38 wext=83.4 rebound=1
  TIER1 rest-coherence: worst=87.3deg bone[33]='bone_L-middlefinger03.mesh' count(>5deg)=34 freshRecap=0  xcheck(invOff-vs-restW) worst=87.3deg bone[33]
  TIER2 joint-attach(PRIMARY): worst=32.78u bone[1]='bone_R-middlefinger01.mesh' parent[13] R=48.2 exactJoint=0.00u pairs=30  (palette-wide exactWorst=0.33u)
[HANDS_ATTACH] mesh='hands_naked.mesh' owner='hands_naked.mesh' frame=2159 nb=38 wext=64.0 rebound=1
  TIER1 rest-coherence: worst=87.3deg bone[33]='bone_L-middlefinger03.mesh' count(>5deg)=34 freshRecap=0  xcheck(invOff-vs-restW) worst=87.3deg bone[33]
  TIER2 joint-attach(PRIMARY): worst=59.41u bone[29]='bone_L-hand.mesh' parent[22] R=49.4 exactJoint=0.00u pairs=30  (palette-wide exactWorst=0.00u)
[HANDS_ATTACH] mesh='hands_naked.mesh' owner='hands_naked.mesh' frame=2163 nb=40 wext=68.0 rebound=1
  TIER1 rest-coherence: worst=42.6deg bone[30]='bone_L-middlefinger03.mesh' count(>5deg)=36 freshRecap=0  xcheck(invOff-vs-restW) worst=42.6deg bone[30]
  TIER2 joint-attach(PRIMARY): worst=68.00u bone[23]='bone_R-ringfinger03.mesh' parent[5] R=37.5 exactJoint=0.34u pairs=36  (palette-wide exactWorst=7.35u)
[HANDS_ATTACH] mesh='hands_naked.mesh' owner='hands_naked.mesh' frame=2167 nb=38 wext=82.6 rebound=1
  TIER1 rest-coherence: worst=87.3deg bone[33]='bone_L-middlefinger03.mesh' count(>5deg)=34 freshRecap=0  xcheck(invOff-vs-restW) worst=87.3deg bone[33]
  TIER2 joint-attach(PRIMARY): worst=33.50u bone[2]='bone_R-pinky03.mesh' parent[18] R=47.1 exactJoint=0.00u pairs=30  (palette-wide exactWorst=0.33u)
[HANDS_ATTACH] mesh='hands_naked.mesh' owner='hands_naked.mesh' frame=2169 nb=38 wext=73.4 rebound=1
  TIER1 rest-coherence: worst=87.3deg bone[33]='bone_L-middlefinger03.mesh' count(>5deg)=34 freshRecap=0  xcheck(invOff-vs-restW) worst=87.3deg bone[33]
  TIER2 joint-attach(PRIMARY): worst=58.91u bone[29]='bone_L-hand.mesh' parent[22] R=49.4 exactJoint=0.00u pairs=30  (palette-wide exactWorst=0.00u)
[HANDS_ATTACH] mesh='hands_naked.mesh' owner='hands_naked.mesh' frame=2173 nb=40 wext=65.5 rebound=1
  TIER1 rest-coherence: worst=42.6deg bone[30]='bone_L-middlefinger03.mesh' count(>5deg)=36 freshRecap=0  xcheck(invOff-vs-restW) worst=42.6deg bone[30]
  TIER2 joint-attach(PRIMARY): worst=68.36u bone[23]='bone_R-ringfinger03.mesh' parent[5] R=37.5 exactJoint=0.29u pairs=36  (palette-wide exactWorst=7.35u)
[HANDS_ATTACH] mesh='hands_naked.mesh' owner='hands_naked.mesh' frame=2177 nb=38 wext=81.8 rebound=1
  TIER1 rest-coherence: worst=87.3deg bone[33]='bone_L-middlefinger03.mesh' count(>5deg)=34 freshRecap=0  xcheck(invOff-vs-restW) worst=87.3deg bone[33]
  TIER2 joint-attach(PRIMARY): worst=33.50u bone[2]='bone_R-pinky03.mesh' parent[18] R=47.1 exactJoint=0.00u pairs=30  (palette-wide exactWorst=0.33u)
[HANDS_ATTACH] mesh='hands_naked.mesh' owner='hands_naked.mesh' frame=2179 nb=38 wext=71.0 rebound=1
  TIER1 rest-coherence: worst=87.3deg bone[33]='bone_L-middlefinger03.mesh' count(>5deg)=34 freshRecap=0  xcheck(invOff-vs-restW) worst=87.3deg bone[33]
  TIER2 joint-attach(PRIMARY): worst=54.63u bone[29]='bone_L-hand.mesh' parent[22] R=49.4 exactJoint=0.00u pairs=30  (palette-wide exactWorst=0.00u)
[HANDS_ATTACH] mesh='hands_naked.mesh' owner='hands_naked.mesh' frame=2183 nb=40 wext=65.1 rebound=1
  TIER1 rest-coherence: worst=42.6deg bone[30]='bone_L-middlefinger03.mesh' count(>5deg)=36 freshRecap=0  xcheck(invOff-vs-restW) worst=42.6deg bone[30]
  TIER2 joint-attach(PRIMARY): worst=68.34u bone[23]='bone_R-ringfinger03.mesh' parent[5] R=37.5 exactJoint=0.28u pairs=36  (palette-wide exactWorst=7.35u)
[HANDS_ATTACH] mesh='hands_naked.mesh' owner='hands_naked.mesh' frame=2187 nb=38 wext=82.6 rebound=1
  TIER1 rest-coherence: worst=87.3deg bone[33]='bone_L-middlefinger03.mesh' count(>5deg)=34 freshRecap=0  xcheck(invOff-vs-restW) worst=87.3deg bone[33]
  TIER2 joint-attach(PRIMARY): worst=33.50u bone[2]='bone_R-pinky03.mesh' parent[18] R=47.1 exactJoint=0.00u pairs=30  (palette-wide exactWorst=0.33u)
[HANDS_ATTACH] mesh='hands_naked.mesh' owner='hands_naked.mesh' frame=2189 nb=38 wext=67.1 rebound=1
  TIER1 rest-coherence: worst=87.3deg bone[33]='bone_L-middlefinger03.mesh' count(>5deg)=34 freshRecap=0  xcheck(invOff-vs-restW) worst=87.3deg bone[33]
  TIER2 joint-attach(PRIMARY): worst=51.40u bone[29]='bone_L-hand.mesh' parent[22] R=49.4 exactJoint=0.00u pairs=30  (palette-wide exactWorst=0.00u)
[HANDS_ATTACH] mesh='hands_naked.mesh' owner='hands_naked.mesh' frame=2193 nb=40 wext=60.2 rebound=1
  TIER1 rest-coherence: worst=42.6deg bone[30]='bone_L-middlefinger03.mesh' count(>5deg)=36 freshRecap=0  xcheck(invOff-vs-restW) worst=42.6deg bone[30]
  TIER2 joint-attach(PRIMARY): worst=68.37u bone[23]='bone_R-ringfinger03.mesh' parent[5] R=37.5 exactJoint=0.29u pairs=36  (palette-wide exactWorst=7.35u)
[HANDS_ATTACH] mesh='hands_naked.mesh' owner='hands_naked.mesh' frame=2197 nb=38 wext=78.4 rebound=1
  TIER1 rest-coherence: worst=87.3deg bone[33]='bone_L-middlefinger03.mesh' count(>5deg)=34 freshRecap=0  xcheck(invOff-vs-restW) worst=87.3deg bone[33]
  TIER2 joint-attach(PRIMARY): worst=34.66u bone[13]='bone_R-hand.mesh' parent[5] R=49.4 exactJoint=0.33u pairs=30  (palette-wide exactWorst=0.33u)
[HANDS_ATTACH] mesh='hands_naked.mesh' owner='hands_naked.mesh' frame=2199 nb=38 wext=66.1 rebound=1
  TIER1 rest-coherence: worst=87.3deg bone[33]='bone_L-middlefinger03.mesh' count(>5deg)=34 freshRecap=0  xcheck(invOff-vs-restW) worst=87.3deg bone[33]
  TIER2 joint-attach(PRIMARY): worst=47.66u bone[29]='bone_L-hand.mesh' parent[22] R=49.4 exactJoint=0.00u pairs=30  (palette-wide exactWorst=0.00u)
[HANDS_ATTACH] mesh='hands_naked.mesh' owner='hands_naked.mesh' frame=2203 nb=40 wext=53.1 rebound=1
  TIER1 rest-coherence: worst=42.6deg bone[30]='bone_L-middlefinger03.mesh' count(>5deg)=36 freshRecap=0  xcheck(invOff-vs-restW) worst=42.6deg bone[30]
  TIER2 joint-attach(PRIMARY): worst=68.21u bone[23]='bone_R-ringfinger03.mesh' parent[5] R=37.5 exactJoint=0.32u pairs=36  (palette-wide exactWorst=7.35u)
[HANDS_ATTACH] mesh='hands_naked.mesh' owner='hands_naked.mesh' frame=2207 nb=38 wext=77.8 rebound=1
  TIER1 rest-coherence: worst=87.3deg bone[33]='bone_L-middlefinger03.mesh' count(>5deg)=34 freshRecap=0  xcheck(invOff-vs-restW) worst=87.3deg bone[33]
  TIER2 joint-attach(PRIMARY): worst=33.53u bone[1]='bone_R-middlefinger01.mesh' parent[13] R=48.2 exactJoint=0.00u pairs=30  (palette-wide exactWorst=0.33u)
[HANDS_ATTACH] mesh='hands_naked.mesh' owner='hands_naked.mesh' frame=2209 nb=38 wext=64.2 rebound=1
  TIER1 rest-coherence: worst=87.3deg bone[33]='bone_L-middlefinger03.mesh' count(>5deg)=34 freshRecap=0  xcheck(invOff-vs-restW) worst=87.3deg bone[33]
  TIER2 joint-attach(PRIMARY): worst=32.27u bone[29]='bone_L-hand.mesh' parent[22] R=49.4 exactJoint=0.00u pairs=30  (palette-wide exactWorst=0.00u)
[HANDS_ATTACH] mesh='hands_naked.mesh' owner='hands_naked.mesh' frame=2213 nb=40 wext=50.9 rebound=1
  TIER1 rest-coherence: worst=42.6deg bone[30]='bone_L-middlefinger03.mesh' count(>5deg)=36 freshRecap=0  xcheck(invOff-vs-restW) worst=42.6deg bone[30]
  TIER2 joint-attach(PRIMARY): worst=68.30u bone[23]='bone_R-ringfinger03.mesh' parent[5] R=37.5 exactJoint=0.31u pairs=36  (palette-wide exactWorst=7.35u)
[HANDS_ATTACH] mesh='hands_naked.mesh' owner='hands_naked.mesh' frame=2217 nb=38 wext=79.0 rebound=1
  TIER1 rest-coherence: worst=87.3deg bone[33]='bone_L-middlefinger03.mesh' count(>5deg)=34 freshRecap=0  xcheck(invOff-vs-restW) worst=87.3deg bone[33]
  TIER2 joint-attach(PRIMARY): worst=33.55u bone[1]='bone_R-middlefinger01.mesh' parent[13] R=48.2 exactJoint=0.00u pairs=30  (palette-wide exactWorst=0.33u)
[HANDS_ATTACH] mesh='hands_naked.mesh' owner='hands_naked.mesh' frame=2219 nb=38 wext=57.6 rebound=1
  TIER1 rest-coherence: worst=87.3deg bone[33]='bone_L-middlefinger03.mesh' count(>5deg)=34 freshRecap=0  xcheck(invOff-vs-restW) worst=87.3deg bone[33]
  TIER2 joint-attach(PRIMARY): worst=31.27u bone[33]='bone_L-middlefinger03.mesh' parent[26] R=47.0 exactJoint=0.18u pairs=30  (palette-wide exactWorst=0.18u)
[HANDS_ATTACH] mesh='hands_naked.mesh' owner='hands_naked.mesh' frame=2223 nb=40 wext=58.1 rebound=1
  TIER1 rest-coherence: worst=42.6deg bone[30]='bone_L-middlefinger03.mesh' count(>5deg)=36 freshRecap=0  xcheck(invOff-vs-restW) worst=42.6deg bone[30]
  TIER2 joint-attach(PRIMARY): worst=68.10u bone[23]='bone_R-ringfinger03.mesh' parent[5] R=37.5 exactJoint=0.34u pairs=36  (palette-wide exactWorst=7.36u)
[HANDS_ATTACH] mesh='hands_naked.mesh' owner='hands_naked.mesh' frame=2227 nb=38 wext=80.3 rebound=1
  TIER1 rest-coherence: worst=87.3deg bone[33]='bone_L-middlefinger03.mesh' count(>5deg)=34 freshRecap=0  xcheck(invOff-vs-restW) worst=87.3deg bone[33]
  TIER2 joint-attach(PRIMARY): worst=33.56u bone[1]='bone_R-middlefinger01.mesh' parent[13] R=48.2 exactJoint=0.00u pairs=30  (palette-wide exactWorst=2.20u)
[HANDS_ATTACH] mesh='hands_naked.mesh' owner='hands_naked.mesh' frame=2229 nb=38 wext=58.9 rebound=1
  TIER1 rest-coherence: worst=87.3deg bone[33]='bone_L-middlefinger03.mesh' count(>5deg)=34 freshRecap=0  xcheck(invOff-vs-restW) worst=87.3deg bone[33]
  TIER2 joint-attach(PRIMARY): worst=71.02u bone[18]='bone_R-pinky02.mesh' parent[14] R=47.4 exactJoint=2.44u pairs=30  (palette-wide exactWorst=10.36u)
[HANDS_ATTACH] mesh='hands_naked.mesh' owner='hands_naked.mesh' frame=2233 nb=40 wext=65.4 rebound=1
  TIER1 rest-coherence: worst=42.6deg bone[30]='bone_L-middlefinger03.mesh' count(>5deg)=36 freshRecap=0  xcheck(invOff-vs-restW) worst=42.6deg bone[30]
  TIER2 joint-attach(PRIMARY): worst=68.20u bone[23]='bone_R-ringfinger03.mesh' parent[5] R=37.5 exactJoint=0.31u pairs=36  (palette-wide exactWorst=7.35u)
[HANDS_ATTACH] mesh='hands_naked.mesh' owner='hands_naked.mesh' frame=2237 nb=38 wext=68.8 rebound=1
  TIER1 rest-coherence: worst=87.3deg bone[33]='bone_L-middlefinger03.mesh' count(>5deg)=34 freshRecap=0  xcheck(invOff-vs-restW) worst=87.3deg bone[33]
  TIER2 joint-attach(PRIMARY): worst=33.54u bone[1]='bone_R-middlefinger01.mesh' parent[13] R=48.2 exactJoint=0.00u pairs=30  (palette-wide exactWorst=0.33u)
[HANDS_ATTACH] mesh='hands_naked.mesh' owner='hands_naked.mesh' frame=2239 nb=38 wext=60.4 rebound=1
  TIER1 rest-coherence: worst=87.3deg bone[33]='bone_L-middlefinger03.mesh' count(>5deg)=34 freshRecap=0  xcheck(invOff-vs-restW) worst=87.3deg bone[33]
  TIER2 joint-attach(PRIMARY): worst=71.02u bone[18]='bone_R-pinky02.mesh' parent[14] R=47.4 exactJoint=2.44u pairs=30  (palette-wide exactWorst=10.36u)
[HANDS_ATTACH] mesh='hands_naked.mesh' owner='hands_naked.mesh' frame=2243 nb=40 wext=46.0 rebound=1
  TIER1 rest-coherence: worst=42.6deg bone[30]='bone_L-middlefinger03.mesh' count(>5deg)=36 freshRecap=0  xcheck(invOff-vs-restW) worst=42.6deg bone[30]
  TIER2 joint-attach(PRIMARY): worst=67.90u bone[23]='bone_R-ringfinger03.mesh' parent[5] R=37.5 exactJoint=0.38u pairs=36  (palette-wide exactWorst=7.38u)
[HANDS_ATTACH] mesh='hands_naked.mesh' owner='hands_naked.mesh' frame=2247 nb=38 wext=63.1 rebound=1
  TIER1 rest-coherence: worst=87.3deg bone[33]='bone_L-middlefinger03.mesh' count(>5deg)=34 freshRecap=0  xcheck(invOff-vs-restW) worst=87.3deg bone[33]
  TIER2 joint-attach(PRIMARY): worst=33.52u bone[1]='bone_R-middlefinger01.mesh' parent[13] R=48.2 exactJoint=0.00u pairs=30  (palette-wide exactWorst=0.33u)
[HANDS_ATTACH] mesh='hands_naked.mesh' owner='hands_naked.mesh' frame=2249 nb=38 wext=71.4 rebound=1
  TIER1 rest-coherence: worst=87.3deg bone[33]='bone_L-middlefinger03.mesh' count(>5deg)=34 freshRecap=0  xcheck(invOff-vs-restW) worst=87.3deg bone[33]
  TIER2 joint-attach(PRIMARY): worst=71.02u bone[18]='bone_R-pinky02.mesh' parent[14] R=47.4 exactJoint=2.44u pairs=30  (palette-wide exactWorst=10.36u)
[HANDS_ATTACH] mesh='hands_naked.mesh' owner='hands_naked.mesh' frame=2253 nb=40 wext=60.1 rebound=1
  TIER1 rest-coherence: worst=42.6deg bone[30]='bone_L-middlefinger03.mesh' count(>5deg)=36 freshRecap=0  xcheck(invOff-vs-restW) worst=42.6deg bone[30]
  TIER2 joint-attach(PRIMARY): worst=68.23u bone[23]='bone_R-ringfinger03.mesh' parent[5] R=37.5 exactJoint=0.31u pairs=36  (palette-wide exactWorst=7.35u)
[HANDS_ATTACH] mesh='hands_naked.mesh' owner='hands_naked.mesh' frame=2257 nb=38 wext=78.8 rebound=1
  TIER1 rest-coherence: worst=87.3deg bone[33]='bone_L-middlefinger03.mesh' count(>5deg)=34 freshRecap=0  xcheck(invOff-vs-restW) worst=87.3deg bone[33]
  TIER2 joint-attach(PRIMARY): worst=35.46u bone[13]='bone_R-hand.mesh' parent[5] R=49.4 exactJoint=0.33u pairs=30  (palette-wide exactWorst=0.33u)
[HANDS_ATTACH] mesh='hands_naked.mesh' owner='hands_naked.mesh' frame=2259 nb=38 wext=73.7 rebound=1
  TIER1 rest-coherence: worst=87.3deg bone[33]='bone_L-middlefinger03.mesh' count(>5deg)=34 freshRecap=0  xcheck(invOff-vs-restW) worst=87.3deg bone[33]
  TIER2 joint-attach(PRIMARY): worst=71.02u bone[18]='bone_R-pinky02.mesh' parent[14] R=47.4 exactJoint=2.44u pairs=30  (palette-wide exactWorst=10.36u)
[HANDS_ATTACH] mesh='hands_naked.mesh' owner='hands_naked.mesh' frame=2263 nb=40 wext=47.8 rebound=1
  TIER1 rest-coherence: worst=42.6deg bone[30]='bone_L-middlefinger03.mesh' count(>5deg)=36 freshRecap=0  xcheck(invOff-vs-restW) worst=42.6deg bone[30]
  TIER2 joint-attach(PRIMARY): worst=67.73u bone[23]='bone_R-ringfinger03.mesh' parent[5] R=37.5 exactJoint=0.41u pairs=36  (palette-wide exactWorst=7.37u)
[HANDS_ATTACH] mesh='hands_naked.mesh' owner='hands_naked.mesh' frame=2267 nb=38 wext=69.8 rebound=1
  TIER1 rest-coherence: worst=87.3deg bone[33]='bone_L-middlefinger03.mesh' count(>5deg)=34 freshRecap=0  xcheck(invOff-vs-restW) worst=87.3deg bone[33]
  TIER2 joint-attach(PRIMARY): worst=32.45u bone[26]='bone_L-middlefinger02.mesh' parent[23] R=47.1 exactJoint=0.00u pairs=30  (palette-wide exactWorst=4.13u)
[HANDS_ATTACH] mesh='hands_naked.mesh' owner='hands_naked.mesh' frame=2269 nb=38 wext=71.3 rebound=1
  TIER1 rest-coherence: worst=87.3deg bone[33]='bone_L-middlefinger03.mesh' count(>5deg)=34 freshRecap=0  xcheck(invOff-vs-restW) worst=87.3deg bone[33]
  TIER2 joint-attach(PRIMARY): worst=52.18u bone[18]='bone_R-pinky02.mesh' parent[14] R=47.4 exactJoint=0.00u pairs=30  (palette-wide exactWorst=4.13u)
[HANDS_ATTACH] mesh='hands_naked.mesh' owner='hands_naked.mesh' frame=2273 nb=40 wext=65.2 rebound=1
  TIER1 rest-coherence: worst=42.6deg bone[30]='bone_L-middlefinger03.mesh' count(>5deg)=36 freshRecap=0  xcheck(invOff-vs-restW) worst=42.6deg bone[30]
  TIER2 joint-attach(PRIMARY): worst=67.82u bone[23]='bone_R-ringfinger03.mesh' parent[5] R=37.5 exactJoint=0.38u pairs=36  (palette-wide exactWorst=7.35u)
[HANDS_ATTACH] mesh='hands_naked.mesh' owner='hands_naked.mesh' frame=2277 nb=38 wext=70.7 rebound=1
  TIER1 rest-coherence: worst=87.3deg bone[33]='bone_L-middlefinger03.mesh' count(>5deg)=34 freshRecap=0  xcheck(invOff-vs-restW) worst=87.3deg bone[33]
  TIER2 joint-attach(PRIMARY): worst=31.64u bone[26]='bone_L-middlefinger02.mesh' parent[23] R=47.1 exactJoint=0.00u pairs=30  (palette-wide exactWorst=3.37u)
[HANDS_ATTACH] mesh='hands_naked.mesh' owner='hands_naked.mesh' frame=2279 nb=38 wext=85.8 rebound=1
  TIER1 rest-coherence: worst=87.3deg bone[33]='bone_L-middlefinger03.mesh' count(>5deg)=34 freshRecap=0  xcheck(invOff-vs-restW) worst=87.3deg bone[33]
  TIER2 joint-attach(PRIMARY): worst=44.36u bone[13]='bone_R-hand.mesh' parent[5] R=49.4 exactJoint=0.00u pairs=30  (palette-wide exactWorst=0.00u)
[HANDS_ATTACH] mesh='hands_naked.mesh' owner='hands_naked.mesh' frame=2283 nb=40 wext=52.3 rebound=1
  TIER1 rest-coherence: worst=42.6deg bone[30]='bone_L-middlefinger03.mesh' count(>5deg)=36 freshRecap=0  xcheck(invOff-vs-restW) worst=42.6deg bone[30]
  TIER2 joint-attach(PRIMARY): worst=67.90u bone[23]='bone_R-ringfinger03.mesh' parent[5] R=37.5 exactJoint=0.37u pairs=36  (palette-wide exactWorst=7.36u)
[HANDS_ATTACH] mesh='hands_naked.mesh' owner='hands_naked.mesh' frame=2287 nb=38 wext=76.3 rebound=1
  TIER1 rest-coherence: worst=87.3deg bone[33]='bone_L-middlefinger03.mesh' count(>5deg)=34 freshRecap=0  xcheck(invOff-vs-restW) worst=87.3deg bone[33]
  TIER2 joint-attach(PRIMARY): worst=35.92u bone[18]='bone_R-pinky02.mesh' parent[14] R=47.4 exactJoint=0.00u pairs=30  (palette-wide exactWorst=0.73u)
[HANDS_ATTACH] mesh='hands_naked.mesh' owner='hands_naked.mesh' frame=2289 nb=38 wext=86.0 rebound=1
  TIER1 rest-coherence: worst=87.3deg bone[33]='bone_L-middlefinger03.mesh' count(>5deg)=34 freshRecap=0  xcheck(invOff-vs-restW) worst=87.3deg bone[33]
  TIER2 joint-attach(PRIMARY): worst=49.31u bone[13]='bone_R-hand.mesh' parent[5] R=49.4 exactJoint=0.00u pairs=30  (palette-wide exactWorst=0.00u)
[HANDS_ATTACH] mesh='hands_naked.mesh' owner='hands_naked.mesh' frame=2293 nb=40 wext=56.9 rebound=1
  TIER1 rest-coherence: worst=42.6deg bone[30]='bone_L-middlefinger03.mesh' count(>5deg)=36 freshRecap=0  xcheck(invOff-vs-restW) worst=42.6deg bone[30]
  TIER2 joint-attach(PRIMARY): worst=67.65u bone[23]='bone_R-ringfinger03.mesh' parent[5] R=37.5 exactJoint=0.42u pairs=36  (palette-wide exactWorst=7.37u)
[HANDS_ATTACH] mesh='hands_naked.mesh' owner='hands_naked.mesh' frame=2297 nb=38 wext=73.4 rebound=1
  TIER1 rest-coherence: worst=87.3deg bone[33]='bone_L-middlefinger03.mesh' count(>5deg)=34 freshRecap=0  xcheck(invOff-vs-restW) worst=87.3deg bone[33]
  TIER2 joint-attach(PRIMARY): worst=35.83u bone[18]='bone_R-pinky02.mesh' parent[14] R=47.4 exactJoint=0.00u pairs=30  (palette-wide exactWorst=0.33u)
[HANDS_ATTACH] mesh='hands_naked.mesh' owner='hands_naked.mesh' frame=2299 nb=38 wext=73.4 rebound=1
  TIER1 rest-coherence: worst=87.3deg bone[33]='bone_L-middlefinger03.mesh' count(>5deg)=34 freshRecap=0  xcheck(invOff-vs-restW) worst=87.3deg bone[33]
  TIER2 joint-attach(PRIMARY): worst=66.29u bone[13]='bone_R-hand.mesh' parent[5] R=49.4 exactJoint=0.00u pairs=30  (palette-wide exactWorst=3.22u)
[HANDS_ATTACH] mesh='hands_naked.mesh' owner='hands_naked.mesh' frame=2303 nb=40 wext=53.9 rebound=1
  TIER1 rest-coherence: worst=42.6deg bone[30]='bone_L-middlefinger03.mesh' count(>5deg)=36 freshRecap=0  xcheck(invOff-vs-restW) worst=42.6deg bone[30]
  TIER2 joint-attach(PRIMARY): worst=67.90u bone[23]='bone_R-ringfinger03.mesh' parent[5] R=37.5 exactJoint=0.37u pairs=36  (palette-wide exactWorst=7.35u)
[HANDS_ATTACH] mesh='hands_naked.mesh' owner='hands_naked.mesh' frame=2307 nb=38 wext=66.6 rebound=1
  TIER1 rest-coherence: worst=87.3deg bone[33]='bone_L-middlefinger03.mesh' count(>5deg)=34 freshRecap=0  xcheck(invOff-vs-restW) worst=87.3deg bone[33]
  TIER2 joint-attach(PRIMARY): worst=44.05u bone[13]='bone_R-hand.mesh' parent[5] R=49.4 exactJoint=0.33u pairs=30  (palette-wide exactWorst=3.62u)
[HANDS_ATTACH] mesh='hands_naked.mesh' owner='hands_naked.mesh' frame=2309 nb=38 wext=81.6 rebound=1
  TIER1 rest-coherence: worst=87.3deg bone[33]='bone_L-middlefinger03.mesh' count(>5deg)=34 freshRecap=0  xcheck(invOff-vs-restW) worst=87.3deg bone[33]
  TIER2 joint-attach(PRIMARY): worst=61.08u bone[13]='bone_R-hand.mesh' parent[5] R=49.4 exactJoint=0.00u pairs=30  (palette-wide exactWorst=5.50u)
[HANDS_ATTACH] mesh='hands_naked.mesh' owner='hands_naked.mesh' frame=2313 nb=40 wext=57.6 rebound=1
  TIER1 rest-coherence: worst=42.6deg bone[30]='bone_L-middlefinger03.mesh' count(>5deg)=36 freshRecap=0  xcheck(invOff-vs-restW) worst=42.6deg bone[30]
  TIER2 joint-attach(PRIMARY): worst=68.23u bone[23]='bone_R-ringfinger03.mesh' parent[5] R=37.5 exactJoint=0.31u pairs=36  (palette-wide exactWorst=7.35u)
[HANDS_ATTACH] mesh='hands_naked.mesh' owner='hands_naked.mesh' frame=2317 nb=38 wext=77.6 rebound=1
  TIER1 rest-coherence: worst=87.3deg bone[33]='bone_L-middlefinger03.mesh' count(>5deg)=34 freshRecap=0  xcheck(invOff-vs-restW) worst=87.3deg bone[33]
  TIER2 joint-attach(PRIMARY): worst=51.49u bone[13]='bone_R-hand.mesh' parent[5] R=49.4 exactJoint=0.33u pairs=30  (palette-wide exactWorst=4.71u)
[HANDS_ATTACH] mesh='hands_naked.mesh' owner='hands_naked.mesh' frame=2319 nb=38 wext=86.3 rebound=1
  TIER1 rest-coherence: worst=87.3deg bone[33]='bone_L-middlefinger03.mesh' count(>5deg)=34 freshRecap=0  xcheck(invOff-vs-restW) worst=87.3deg bone[33]
  TIER2 joint-attach(PRIMARY): worst=54.89u bone[9]='bone_R-thumb01.mesh' parent[13] R=48.5 exactJoint=0.00u pairs=30  (palette-wide exactWorst=0.00u)
[HANDS_ATTACH] mesh='hands_naked.mesh' owner='hands_naked.mesh' frame=2323 nb=40 wext=49.1 rebound=1
  TIER1 rest-coherence: worst=42.6deg bone[30]='bone_L-middlefinger03.mesh' count(>5deg)=36 freshRecap=0  xcheck(invOff-vs-restW) worst=42.6deg bone[30]
  TIER2 joint-attach(PRIMARY): worst=67.96u bone[23]='bone_R-ringfinger03.mesh' parent[5] R=37.5 exactJoint=0.37u pairs=36  (palette-wide exactWorst=7.35u)
[HANDS_ATTACH] mesh='hands_naked.mesh' owner='hands_naked.mesh' frame=2327 nb=38 wext=79.8 rebound=1
  TIER1 rest-coherence: worst=87.3deg bone[33]='bone_L-middlefinger03.mesh' count(>5deg)=34 freshRecap=0  xcheck(invOff-vs-restW) worst=87.3deg bone[33]
  TIER2 joint-attach(PRIMARY): worst=35.80u bone[18]='bone_R-pinky02.mesh' parent[14] R=47.4 exactJoint=0.00u pairs=30  (palette-wide exactWorst=4.77u)
[HANDS_ATTACH] mesh='hands_naked.mesh' owner='hands_naked.mesh' frame=2329 nb=38 wext=60.7 rebound=1
  TIER1 rest-coherence: worst=87.3deg bone[33]='bone_L-middlefinger03.mesh' count(>5deg)=34 freshRecap=0  xcheck(invOff-vs-restW) worst=87.3deg bone[33]
  TIER2 joint-attach(PRIMARY): worst=44.46u bone[13]='bone_R-hand.mesh' parent[5] R=49.4 exactJoint=0.00u pairs=30  (palette-wide exactWorst=2.00u)
[HANDS_ATTACH] mesh='hands_naked.mesh' owner='hands_naked.mesh' frame=2333 nb=40 wext=46.3 rebound=1
  TIER1 rest-coherence: worst=42.6deg bone[30]='bone_L-middlefinger03.mesh' count(>5deg)=36 freshRecap=0  xcheck(invOff-vs-restW) worst=42.6deg bone[30]
  TIER2 joint-attach(PRIMARY): worst=68.01u bone[23]='bone_R-ringfinger03.mesh' parent[5] R=37.5 exactJoint=0.37u pairs=36  (palette-wide exactWorst=7.36u)
[HANDS_ATTACH] mesh='hands_naked.mesh' owner='hands_naked.mesh' frame=2337 nb=38 wext=90.9 rebound=1
  TIER1 rest-coherence: worst=87.3deg bone[33]='bone_L-middlefinger03.mesh' count(>5deg)=34 freshRecap=0  xcheck(invOff-vs-restW) worst=87.3deg bone[33]
  TIER2 joint-attach(PRIMARY): worst=50.69u bone[13]='bone_R-hand.mesh' parent[5] R=49.4 exactJoint=0.33u pairs=30  (palette-wide exactWorst=4.79u)
[HANDS_ATTACH] mesh='hands_naked.mesh' owner='hands_naked.mesh' frame=2339 nb=38 wext=85.5 rebound=1
  TIER1 rest-coherence: worst=87.3deg bone[33]='bone_L-middlefinger03.mesh' count(>5deg)=34 freshRecap=0  xcheck(invOff-vs-restW) worst=87.3deg bone[33]
  TIER2 joint-attach(PRIMARY): worst=71.02u bone[18]='bone_R-pinky02.mesh' parent[14] R=47.4 exactJoint=2.44u pairs=30  (palette-wide exactWorst=10.36u)
[HANDS_ATTACH] mesh='hands_naked.mesh' owner='hands_naked.mesh' frame=2343 nb=40 wext=57.0 rebound=1
  TIER1 rest-coherence: worst=42.6deg bone[30]='bone_L-middlefinger03.mesh' count(>5deg)=36 freshRecap=0  xcheck(invOff-vs-restW) worst=42.6deg bone[30]
  TIER2 joint-attach(PRIMARY): worst=67.84u bone[23]='bone_R-ringfinger03.mesh' parent[5] R=37.5 exactJoint=0.39u pairs=36  (palette-wide exactWorst=7.34u)
[HANDS_ATTACH] mesh='hands_naked.mesh' owner='hands_naked.mesh' frame=2347 nb=38 wext=92.4 rebound=1
  TIER1 rest-coherence: worst=87.3deg bone[33]='bone_L-middlefinger03.mesh' count(>5deg)=34 freshRecap=0  xcheck(invOff-vs-restW) worst=87.3deg bone[33]
  TIER2 joint-attach(PRIMARY): worst=52.18u bone[13]='bone_R-hand.mesh' parent[5] R=49.4 exactJoint=0.33u pairs=30  (palette-wide exactWorst=4.80u)
[HANDS_ATTACH] mesh='hands_naked.mesh' owner='hands_naked.mesh' frame=2349 nb=38 wext=86.3 rebound=1
  TIER1 rest-coherence: worst=87.3deg bone[33]='bone_L-middlefinger03.mesh' count(>5deg)=34 freshRecap=0  xcheck(invOff-vs-restW) worst=87.3deg bone[33]
  TIER2 joint-attach(PRIMARY): worst=71.02u bone[18]='bone_R-pinky02.mesh' parent[14] R=47.4 exactJoint=2.44u pairs=30  (palette-wide exactWorst=10.36u)
[HANDS_ATTACH] mesh='hands_naked.mesh' owner='hands_naked.mesh' frame=2353 nb=40 wext=60.6 rebound=1
  TIER1 rest-coherence: worst=42.6deg bone[30]='bone_L-middlefinger03.mesh' count(>5deg)=36 freshRecap=0  xcheck(invOff-vs-restW) worst=42.6deg bone[30]
  TIER2 joint-attach(PRIMARY): worst=67.84u bone[23]='bone_R-ringfinger03.mesh' parent[5] R=37.5 exactJoint=0.38u pairs=36  (palette-wide exactWorst=7.35u)
[HANDS_ATTACH] mesh='hands_naked.mesh' owner='hands_naked.mesh' frame=2357 nb=38 wext=89.9 rebound=1
  TIER1 rest-coherence: worst=87.3deg bone[33]='bone_L-middlefinger03.mesh' count(>5deg)=34 freshRecap=0  xcheck(invOff-vs-restW) worst=87.3deg bone[33]
  TIER2 joint-attach(PRIMARY): worst=35.92u bone[18]='bone_R-pinky02.mesh' parent[14] R=47.4 exactJoint=0.00u pairs=30  (palette-wide exactWorst=4.80u)
[HANDS_ATTACH] mesh='hands_naked.mesh' owner='hands_naked.mesh' frame=2359 nb=38 wext=93.7 rebound=1
  TIER1 rest-coherence: worst=87.3deg bone[33]='bone_L-middlefinger03.mesh' count(>5deg)=34 freshRecap=0  xcheck(invOff-vs-restW) worst=87.3deg bone[33]
  TIER2 joint-attach(PRIMARY): worst=71.02u bone[18]='bone_R-pinky02.mesh' parent[14] R=47.4 exactJoint=2.44u pairs=30  (palette-wide exactWorst=10.36u)
[HANDS_ATTACH] mesh='hands_naked.mesh' owner='hands_naked.mesh' frame=2363 nb=40 wext=46.9 rebound=1
  TIER1 rest-coherence: worst=42.6deg bone[30]='bone_L-middlefinger03.mesh' count(>5deg)=36 freshRecap=0  xcheck(invOff-vs-restW) worst=42.6deg bone[30]
  TIER2 joint-attach(PRIMARY): worst=68.27u bone[23]='bone_R-ringfinger03.mesh' parent[5] R=37.5 exactJoint=0.34u pairs=36  (palette-wide exactWorst=7.34u)
[HANDS_ATTACH] mesh='hands_naked.mesh' owner='hands_naked.mesh' frame=2367 nb=38 wext=89.5 rebound=1
  TIER1 rest-coherence: worst=87.3deg bone[33]='bone_L-middlefinger03.mesh' count(>5deg)=34 freshRecap=0  xcheck(invOff-vs-restW) worst=87.3deg bone[33]
  TIER2 joint-attach(PRIMARY): worst=39.10u bone[13]='bone_R-hand.mesh' parent[5] R=49.4 exactJoint=0.33u pairs=30  (palette-wide exactWorst=4.79u)
[HANDS_ATTACH] mesh='hands_naked.mesh' owner='hands_naked.mesh' frame=2369 nb=38 wext=72.1 rebound=1
  TIER1 rest-coherence: worst=87.3deg bone[33]='bone_L-middlefinger03.mesh' count(>5deg)=34 freshRecap=0  xcheck(invOff-vs-restW) worst=87.3deg bone[33]
  TIER2 joint-attach(PRIMARY): worst=59.70u bone[29]='bone_L-hand.mesh' parent[22] R=49.4 exactJoint=0.00u pairs=30  (palette-wide exactWorst=0.00u)
[HANDS_ATTACH] mesh='hands_naked.mesh' owner='hands_naked.mesh' frame=2373 nb=40 wext=45.8 rebound=1
  TIER1 rest-coherence: worst=42.6deg bone[30]='bone_L-middlefinger03.mesh' count(>5deg)=36 freshRecap=0  xcheck(invOff-vs-restW) worst=42.6deg bone[30]
  TIER2 joint-attach(PRIMARY): worst=68.24u bone[23]='bone_R-ringfinger03.mesh' parent[5] R=37.5 exactJoint=0.35u pairs=36  (palette-wide exactWorst=7.34u)
[HANDS_ATTACH] mesh='hands_naked.mesh' owner='hands_naked.mesh' frame=2377 nb=38 wext=90.2 rebound=1
  TIER1 rest-coherence: worst=87.3deg bone[33]='bone_L-middlefinger03.mesh' count(>5deg)=34 freshRecap=0  xcheck(invOff-vs-restW) worst=87.3deg bone[33]
  TIER2 joint-attach(PRIMARY): worst=40.00u bone[13]='bone_R-hand.mesh' parent[5] R=49.4 exactJoint=0.33u pairs=30  (palette-wide exactWorst=4.78u)
[HANDS_ATTACH] mesh='hands_naked.mesh' owner='hands_naked.mesh' frame=2379 nb=38 wext=68.5 rebound=1
  TIER1 rest-coherence: worst=87.3deg bone[33]='bone_L-middlefinger03.mesh' count(>5deg)=34 freshRecap=0  xcheck(invOff-vs-restW) worst=87.3deg bone[33]
  TIER2 joint-attach(PRIMARY): worst=66.53u bone[29]='bone_L-hand.mesh' parent[22] R=49.4 exactJoint=0.00u pairs=30  (palette-wide exactWorst=0.00u)
[HANDS_ATTACH] mesh='hands_naked.mesh' owner='hands_naked.mesh' frame=2383 nb=40 wext=42.8 rebound=1
  TIER1 rest-coherence: worst=42.6deg bone[30]='bone_L-middlefinger03.mesh' count(>5deg)=36 freshRecap=0  xcheck(invOff-vs-restW) worst=42.6deg bone[30]
  TIER2 joint-attach(PRIMARY): worst=68.32u bone[23]='bone_R-ringfinger03.mesh' parent[5] R=37.5 exactJoint=0.34u pairs=36  (palette-wide exactWorst=7.34u)
[HANDS_ATTACH] mesh='hands_naked.mesh' owner='hands_naked.mesh' frame=2387 nb=38 wext=89.4 rebound=1
  TIER1 rest-coherence: worst=87.3deg bone[33]='bone_L-middlefinger03.mesh' count(>5deg)=34 freshRecap=0  xcheck(invOff-vs-restW) worst=87.3deg bone[33]
  TIER2 joint-attach(PRIMARY): worst=38.48u bone[13]='bone_R-hand.mesh' parent[5] R=49.4 exactJoint=0.33u pairs=30  (palette-wide exactWorst=4.78u)
[HANDS_ATTACH] mesh='hands_naked.mesh' owner='hands_naked.mesh' frame=2389 nb=38 wext=54.8 rebound=1
  TIER1 rest-coherence: worst=87.3deg bone[33]='bone_L-middlefinger03.mesh' count(>5deg)=34 freshRecap=0  xcheck(invOff-vs-restW) worst=87.3deg bone[33]
  TIER2 joint-attach(PRIMARY): worst=56.27u bone[29]='bone_L-hand.mesh' parent[22] R=49.4 exactJoint=0.00u pairs=30  (palette-wide exactWorst=0.00u)
[HANDS_ATTACH] mesh='hands_naked.mesh' owner='hands_naked.mesh' frame=2393 nb=40 wext=44.6 rebound=1
  TIER1 rest-coherence: worst=42.6deg bone[30]='bone_L-middlefinger03.mesh' count(>5deg)=36 freshRecap=0  xcheck(invOff-vs-restW) worst=42.6deg bone[30]
  TIER2 joint-attach(PRIMARY): worst=64.25u bone[23]='bone_R-ringfinger03.mesh' parent[5] R=37.5 exactJoint=0.00u pairs=36  (palette-wide exactWorst=7.22u)
[HANDS_ATTACH] mesh='hands_naked.mesh' owner='hands_naked.mesh' frame=2397 nb=38 wext=90.4 rebound=1
  TIER1 rest-coherence: worst=87.3deg bone[33]='bone_L-middlefinger03.mesh' count(>5deg)=34 freshRecap=0  xcheck(invOff-vs-restW) worst=87.3deg bone[33]
  TIER2 joint-attach(PRIMARY): worst=42.02u bone[13]='bone_R-hand.mesh' parent[5] R=49.4 exactJoint=0.33u pairs=30  (palette-wide exactWorst=4.78u)
[HANDS_ATTACH] mesh='hands_naked.mesh' owner='hands_naked.mesh' frame=2399 nb=38 wext=68.0 rebound=1
  TIER1 rest-coherence: worst=87.3deg bone[33]='bone_L-middlefinger03.mesh' count(>5deg)=34 freshRecap=0  xcheck(invOff-vs-restW) worst=87.3deg bone[33]
  TIER2 joint-attach(PRIMARY): worst=62.06u bone[29]='bone_L-hand.mesh' parent[22] R=49.4 exactJoint=0.00u pairs=30  (palette-wide exactWorst=0.00u)
[HANDS_ATTACH] mesh='hands_naked.mesh' owner='hands_naked.mesh' frame=2403 nb=40 wext=53.8 rebound=1
  TIER1 rest-coherence: worst=42.6deg bone[30]='bone_L-middlefinger03.mesh' count(>5deg)=36 freshRecap=0  xcheck(invOff-vs-restW) worst=42.6deg bone[30]
  TIER2 joint-attach(PRIMARY): worst=47.18u bone[4]='bone_R-middlefinger01.mesh' parent[1] R=38.2 exactJoint=2.08u pairs=36  (palette-wide exactWorst=8.16u)
[HANDS_ATTACH] mesh='hands_naked.mesh' owner='hands_naked.mesh' frame=2407 nb=38 wext=88.6 rebound=1
  TIER1 rest-coherence: worst=87.3deg bone[33]='bone_L-middlefinger03.mesh' count(>5deg)=34 freshRecap=0  xcheck(invOff-vs-restW) worst=87.3deg bone[33]
  TIER2 joint-attach(PRIMARY): worst=51.79u bone[13]='bone_R-hand.mesh' parent[5] R=49.4 exactJoint=0.33u pairs=30  (palette-wide exactWorst=4.78u)
[HANDS_ATTACH] mesh='hands_naked.mesh' owner='hands_naked.mesh' frame=2409 nb=38 wext=67.0 rebound=1
  TIER1 rest-coherence: worst=87.3deg bone[33]='bone_L-middlefinger03.mesh' count(>5deg)=34 freshRecap=0  xcheck(invOff-vs-restW) worst=87.3deg bone[33]
  TIER2 joint-attach(PRIMARY): worst=54.74u bone[29]='bone_L-hand.mesh' parent[22] R=49.4 exactJoint=0.00u pairs=30  (palette-wide exactWorst=0.00u)
[HANDS_ATTACH] mesh='hands_naked.mesh' owner='hands_naked.mesh' frame=2413 nb=40 wext=62.0 rebound=1
  TIER1 rest-coherence: worst=42.6deg bone[30]='bone_L-middlefinger03.mesh' count(>5deg)=36 freshRecap=0  xcheck(invOff-vs-restW) worst=42.6deg bone[30]
  TIER2 joint-attach(PRIMARY): worst=44.12u bone[4]='bone_R-middlefinger01.mesh' parent[1] R=38.2 exactJoint=0.00u pairs=36  (palette-wide exactWorst=8.55u)
[HANDS_ATTACH] mesh='hands_naked.mesh' owner='hands_naked.mesh' frame=2417 nb=38 wext=87.6 rebound=1
  TIER1 rest-coherence: worst=87.3deg bone[33]='bone_L-middlefinger03.mesh' count(>5deg)=34 freshRecap=0  xcheck(invOff-vs-restW) worst=87.3deg bone[33]
  TIER2 joint-attach(PRIMARY): worst=53.44u bone[13]='bone_R-hand.mesh' parent[5] R=49.4 exactJoint=0.33u pairs=30  (palette-wide exactWorst=4.80u)
[HANDS_ATTACH] mesh='hands_naked.mesh' owner='hands_naked.mesh' frame=2419 nb=38 wext=67.6 rebound=1
  TIER1 rest-coherence: worst=87.3deg bone[33]='bone_L-middlefinger03.mesh' count(>5deg)=34 freshRecap=0  xcheck(invOff-vs-restW) worst=87.3deg bone[33]
  TIER2 joint-attach(PRIMARY): worst=54.07u bone[29]='bone_L-hand.mesh' parent[22] R=49.4 exactJoint=0.00u pairs=30  (palette-wide exactWorst=0.00u)
[HANDS_ATTACH] mesh='hands_naked.mesh' owner='hands_naked.mesh' frame=2423 nb=40 wext=59.8 rebound=1
  TIER1 rest-coherence: worst=42.6deg bone[30]='bone_L-middlefinger03.mesh' count(>5deg)=36 freshRecap=0  xcheck(invOff-vs-restW) worst=42.6deg bone[30]
  TIER2 joint-attach(PRIMARY): worst=43.92u bone[4]='bone_R-middlefinger01.mesh' parent[1] R=38.2 exactJoint=0.00u pairs=36  (palette-wide exactWorst=8.56u)
[HANDS_ATTACH] mesh='hands_naked.mesh' owner='hands_naked.mesh' frame=2427 nb=38 wext=89.9 rebound=1
  TIER1 rest-coherence: worst=87.3deg bone[33]='bone_L-middlefinger03.mesh' count(>5deg)=34 freshRecap=0  xcheck(invOff-vs-restW) worst=87.3deg bone[33]
  TIER2 joint-attach(PRIMARY): worst=57.09u bone[13]='bone_R-hand.mesh' parent[5] R=49.4 exactJoint=0.33u pairs=30  (palette-wide exactWorst=4.81u)
[HANDS_ATTACH] mesh='hands_naked.mesh' owner='hands_naked.mesh' frame=2429 nb=38 wext=60.8 rebound=1
  TIER1 rest-coherence: worst=87.3deg bone[33]='bone_L-middlefinger03.mesh' count(>5deg)=34 freshRecap=0  xcheck(invOff-vs-restW) worst=87.3deg bone[33]
  TIER2 joint-attach(PRIMARY): worst=47.73u bone[29]='bone_L-hand.mesh' parent[22] R=49.4 exactJoint=0.00u pairs=30  (palette-wide exactWorst=0.00u)
[HANDS_ATTACH] mesh='hands_naked.mesh' owner='hands_naked.mesh' frame=2433 nb=40 wext=63.8 rebound=1
  TIER1 rest-coherence: worst=42.6deg bone[30]='bone_L-middlefinger03.mesh' count(>5deg)=36 freshRecap=0  xcheck(invOff-vs-restW) worst=42.6deg bone[30]
  TIER2 joint-attach(PRIMARY): worst=49.21u bone[24]='bone_R-ringfinger01.mesh' parent[21] R=38.6 exactJoint=1.15u pairs=36  (palette-wide exactWorst=5.68u)
[HANDS_ATTACH] mesh='hands_naked.mesh' owner='hands_naked.mesh' frame=2437 nb=38 wext=91.2 rebound=1
  TIER1 rest-coherence: worst=87.3deg bone[33]='bone_L-middlefinger03.mesh' count(>5deg)=34 freshRecap=0  xcheck(invOff-vs-restW) worst=87.3deg bone[33]
  TIER2 joint-attach(PRIMARY): worst=57.29u bone[13]='bone_R-hand.mesh' parent[5] R=49.4 exactJoint=0.33u pairs=30  (palette-wide exactWorst=4.81u)
[HANDS_ATTACH] mesh='hands_naked.mesh' owner='hands_naked.mesh' frame=2439 nb=38 wext=62.7 rebound=1
  TIER1 rest-coherence: worst=87.3deg bone[33]='bone_L-middlefinger03.mesh' count(>5deg)=34 freshRecap=0  xcheck(invOff-vs-restW) worst=87.3deg bone[33]
  TIER2 joint-attach(PRIMARY): worst=42.09u bone[29]='bone_L-hand.mesh' parent[22] R=49.4 exactJoint=0.00u pairs=30  (palette-wide exactWorst=0.00u)
[HANDS_ATTACH] mesh='hands_naked.mesh' owner='hands_naked.mesh' frame=2443 nb=40 wext=45.2 rebound=1
  TIER1 rest-coherence: worst=42.6deg bone[30]='bone_L-middlefinger03.mesh' count(>5deg)=36 freshRecap=0  xcheck(invOff-vs-restW) worst=42.6deg bone[30]
  TIER2 joint-attach(PRIMARY): worst=53.81u bone[16]='bone_R-thumb01.mesh' parent[1] R=38.3 exactJoint=1.02u pairs=36  (palette-wide exactWorst=5.46u)
[HANDS_ATTACH] mesh='hands_naked.mesh' owner='hands_naked.mesh' frame=2447 nb=38 wext=89.1 rebound=1
  TIER1 rest-coherence: worst=87.3deg bone[33]='bone_L-middlefinger03.mesh' count(>5deg)=34 freshRecap=0  xcheck(invOff-vs-restW) worst=87.3deg bone[33]
  TIER2 joint-attach(PRIMARY): worst=55.98u bone[13]='bone_R-hand.mesh' parent[5] R=49.4 exactJoint=0.33u pairs=30  (palette-wide exactWorst=4.81u)
[HANDS_ATTACH] mesh='hands_naked.mesh' owner='hands_naked.mesh' frame=2449 nb=38 wext=52.8 rebound=1
  TIER1 rest-coherence: worst=87.3deg bone[33]='bone_L-middlefinger03.mesh' count(>5deg)=34 freshRecap=0  xcheck(invOff-vs-restW) worst=87.3deg bone[33]
  TIER2 joint-attach(PRIMARY): worst=31.66u bone[33]='bone_L-middlefinger03.mesh' parent[26] R=47.0 exactJoint=0.00u pairs=30  (palette-wide exactWorst=0.00u)
[HANDS_ATTACH] mesh='hands_naked.mesh' owner='hands_naked.mesh' frame=2453 nb=40 wext=43.4 rebound=1
  TIER1 rest-coherence: worst=42.6deg bone[30]='bone_L-middlefinger03.mesh' count(>5deg)=36 freshRecap=0  xcheck(invOff-vs-restW) worst=42.6deg bone[30]
  TIER2 joint-attach(PRIMARY): worst=52.63u bone[16]='bone_R-thumb01.mesh' parent[1] R=38.3 exactJoint=2.52u pairs=36  (palette-wide exactWorst=5.46u)
[HANDS_ATTACH] mesh='hands_naked.mesh' owner='hands_naked.mesh' frame=2457 nb=38 wext=87.7 rebound=1
  TIER1 rest-coherence: worst=87.3deg bone[33]='bone_L-middlefinger03.mesh' count(>5deg)=34 freshRecap=0  xcheck(invOff-vs-restW) worst=87.3deg bone[33]
  TIER2 joint-attach(PRIMARY): worst=59.05u bone[13]='bone_R-hand.mesh' parent[5] R=49.4 exactJoint=0.33u pairs=30  (palette-wide exactWorst=4.81u)
[HANDS_ATTACH] mesh='hands_naked.mesh' owner='hands_naked.mesh' frame=2459 nb=38 wext=61.2 rebound=1
  TIER1 rest-coherence: worst=87.3deg bone[33]='bone_L-middlefinger03.mesh' count(>5deg)=34 freshRecap=0  xcheck(invOff-vs-restW) worst=87.3deg bone[33]
  TIER2 joint-attach(PRIMARY): worst=67.75u bone[18]='bone_R-pinky02.mesh' parent[14] R=47.4 exactJoint=0.00u pairs=30  (palette-wide exactWorst=8.65u)
[HANDS_ATTACH] mesh='hands_naked.mesh' owner='hands_naked.mesh' frame=2463 nb=40 wext=42.9 rebound=1
  TIER1 rest-coherence: worst=42.6deg bone[30]='bone_L-middlefinger03.mesh' count(>5deg)=36 freshRecap=0  xcheck(invOff-vs-restW) worst=42.6deg bone[30]
  TIER2 joint-attach(PRIMARY): worst=53.62u bone[16]='bone_R-thumb01.mesh' parent[1] R=38.3 exactJoint=1.38u pairs=36  (palette-wide exactWorst=5.46u)
[HANDS_ATTACH] mesh='hands_naked.mesh' owner='hands_naked.mesh' frame=2467 nb=38 wext=89.2 rebound=1
  TIER1 rest-coherence: worst=87.3deg bone[33]='bone_L-middlefinger03.mesh' count(>5deg)=34 freshRecap=0  xcheck(invOff-vs-restW) worst=87.3deg bone[33]
  TIER2 joint-attach(PRIMARY): worst=63.84u bone[13]='bone_R-hand.mesh' parent[5] R=49.4 exactJoint=0.33u pairs=30  (palette-wide exactWorst=4.80u)
[HANDS_ATTACH] mesh='hands_naked.mesh' owner='hands_naked.mesh' frame=2469 nb=38 wext=64.5 rebound=1
  TIER1 rest-coherence: worst=87.3deg bone[33]='bone_L-middlefinger03.mesh' count(>5deg)=34 freshRecap=0  xcheck(invOff-vs-restW) worst=87.3deg bone[33]
  TIER2 joint-attach(PRIMARY): worst=71.02u bone[18]='bone_R-pinky02.mesh' parent[14] R=47.4 exactJoint=2.44u pairs=30  (palette-wide exactWorst=10.36u)
[HANDS_ATTACH] mesh='hands_naked.mesh' owner='hands_naked.mesh' frame=2473 nb=40 wext=57.2 rebound=1
  TIER1 rest-coherence: worst=42.6deg bone[30]='bone_L-middlefinger03.mesh' count(>5deg)=36 freshRecap=0  xcheck(invOff-vs-restW) worst=42.6deg bone[30]
  TIER2 joint-attach(PRIMARY): worst=35.03u bone[14]='bone_R-pinky01.mesh' parent[11] R=39.0 exactJoint=0.00u pairs=36  (palette-wide exactWorst=5.46u)
[HANDS_ATTACH] mesh='hands_naked.mesh' owner='hands_naked.mesh' frame=2477 nb=38 wext=89.9 rebound=1
  TIER1 rest-coherence: worst=87.3deg bone[33]='bone_L-middlefinger03.mesh' count(>5deg)=34 freshRecap=0  xcheck(invOff-vs-restW) worst=87.3deg bone[33]
  TIER2 joint-attach(PRIMARY): worst=66.52u bone[13]='bone_R-hand.mesh' parent[5] R=49.4 exactJoint=0.33u pairs=30  (palette-wide exactWorst=4.80u)
[HANDS_ATTACH] mesh='hands_naked.mesh' owner='hands_naked.mesh' frame=2479 nb=38 wext=81.4 rebound=1
  TIER1 rest-coherence: worst=87.3deg bone[33]='bone_L-middlefinger03.mesh' count(>5deg)=34 freshRecap=0  xcheck(invOff-vs-restW) worst=87.3deg bone[33]
  TIER2 joint-attach(PRIMARY): worst=71.02u bone[18]='bone_R-pinky02.mesh' parent[14] R=47.4 exactJoint=2.44u pairs=30  (palette-wide exactWorst=10.36u)
[HANDS_ATTACH] mesh='hands_naked.mesh' owner='hands_naked.mesh' frame=2483 nb=40 wext=57.2 rebound=1
  TIER1 rest-coherence: worst=42.6deg bone[30]='bone_L-middlefinger03.mesh' count(>5deg)=36 freshRecap=0  xcheck(invOff-vs-restW) worst=42.6deg bone[30]
  TIER2 joint-attach(PRIMARY): worst=34.59u bone[14]='bone_R-pinky01.mesh' parent[11] R=39.0 exactJoint=0.00u pairs=36  (palette-wide exactWorst=5.46u)
[HANDS_ATTACH] mesh='hands_naked.mesh' owner='hands_naked.mesh' frame=2487 nb=38 wext=89.1 rebound=1
  TIER1 rest-coherence: worst=87.3deg bone[33]='bone_L-middlefinger03.mesh' count(>5deg)=34 freshRecap=0  xcheck(invOff-vs-restW) worst=87.3deg bone[33]
  TIER2 joint-attach(PRIMARY): worst=63.82u bone[13]='bone_R-hand.mesh' parent[5] R=49.4 exactJoint=0.33u pairs=30  (palette-wide exactWorst=4.78u)
[HANDS_ATTACH] mesh='hands_naked.mesh' owner='hands_naked.mesh' frame=2489 nb=38 wext=85.7 rebound=1
  TIER1 rest-coherence: worst=87.3deg bone[33]='bone_L-middlefinger03.mesh' count(>5deg)=34 freshRecap=0  xcheck(invOff-vs-restW) worst=87.3deg bone[33]
  TIER2 joint-attach(PRIMARY): worst=71.02u bone[18]='bone_R-pinky02.mesh' parent[14] R=47.4 exactJoint=2.44u pairs=30  (palette-wide exactWorst=10.36u)
[HANDS_ATTACH] mesh='hands_naked.mesh' owner='hands_naked.mesh' frame=2493 nb=40 wext=55.4 rebound=1
  TIER1 rest-coherence: worst=42.6deg bone[30]='bone_L-middlefinger03.mesh' count(>5deg)=36 freshRecap=0  xcheck(invOff-vs-restW) worst=42.6deg bone[30]
  TIER2 joint-attach(PRIMARY): worst=32.96u bone[14]='bone_R-pinky01.mesh' parent[11] R=39.0 exactJoint=0.00u pairs=36  (palette-wide exactWorst=5.46u)
[HANDS_ATTACH] mesh='hands_naked.mesh' owner='hands_naked.mesh' frame=2497 nb=38 wext=87.0 rebound=1
  TIER1 rest-coherence: worst=87.3deg bone[33]='bone_L-middlefinger03.mesh' count(>5deg)=34 freshRecap=0  xcheck(invOff-vs-restW) worst=87.3deg bone[33]
  TIER2 joint-attach(PRIMARY): worst=60.46u bone[13]='bone_R-hand.mesh' parent[5] R=49.4 exactJoint=0.33u pairs=30  (palette-wide exactWorst=4.76u)
[HANDS_ATTACH] mesh='hands_naked.mesh' owner='hands_naked.mesh' frame=2499 nb=38 wext=84.2 rebound=1
  TIER1 rest-coherence: worst=87.3deg bone[33]='bone_L-middlefinger03.mesh' count(>5deg)=34 freshRecap=0  xcheck(invOff-vs-restW) worst=87.3deg bone[33]
  TIER2 joint-attach(PRIMARY): worst=71.77u bone[18]='bone_R-pinky02.mesh' parent[14] R=47.4 exactJoint=1.97u pairs=30  (palette-wide exactWorst=10.34u)
[HANDS_ATTACH] mesh='hands_naked.mesh' owner='hands_naked.mesh' frame=2503 nb=40 wext=52.0 rebound=1
  TIER1 rest-coherence: worst=42.6deg bone[30]='bone_L-middlefinger03.mesh' count(>5deg)=36 freshRecap=0  xcheck(invOff-vs-restW) worst=42.6deg bone[30]
  TIER2 joint-attach(PRIMARY): worst=60.84u bone[9]='bone_R-pinky02.mesh' parent[14] R=38.4 exactJoint=3.69u pairs=36  (palette-wide exactWorst=6.68u)
[HANDS_ATTACH] mesh='hands_naked.mesh' owner='hands_naked.mesh' frame=2507 nb=38 wext=83.7 rebound=1
  TIER1 rest-coherence: worst=87.3deg bone[33]='bone_L-middlefinger03.mesh' count(>5deg)=34 freshRecap=0  xcheck(invOff-vs-restW) worst=87.3deg bone[33]
  TIER2 joint-attach(PRIMARY): worst=34.74u bone[18]='bone_R-pinky02.mesh' parent[14] R=47.4 exactJoint=0.00u pairs=30  (palette-wide exactWorst=4.27u)
[HANDS_ATTACH] mesh='hands_naked.mesh' owner='hands_naked.mesh' frame=2509 nb=38 wext=75.5 rebound=1
  TIER1 rest-coherence: worst=87.3deg bone[33]='bone_L-middlefinger03.mesh' count(>5deg)=34 freshRecap=0  xcheck(invOff-vs-restW) worst=87.3deg bone[33]
  TIER2 joint-attach(PRIMARY): worst=35.98u bone[13]='bone_R-hand.mesh' parent[5] R=49.4 exactJoint=0.00u pairs=30  (palette-wide exactWorst=0.00u)
[HANDS_ATTACH] mesh='hands_naked.mesh' owner='hands_naked.mesh' frame=2513 nb=40 wext=64.1 rebound=1
  TIER1 rest-coherence: worst=42.6deg bone[30]='bone_L-middlefinger03.mesh' count(>5deg)=36 freshRecap=0  xcheck(invOff-vs-restW) worst=42.6deg bone[30]
  TIER2 joint-attach(PRIMARY): worst=34.98u bone[4]='bone_R-middlefinger01.mesh' parent[1] R=38.2 exactJoint=0.00u pairs=36  (palette-wide exactWorst=5.46u)
[HANDS_ATTACH] mesh='hands_naked.mesh' owner='hands_naked.mesh' frame=2517 nb=38 wext=78.8 rebound=1
  TIER1 rest-coherence: worst=87.3deg bone[33]='bone_L-middlefinger03.mesh' count(>5deg)=34 freshRecap=0  xcheck(invOff-vs-restW) worst=87.3deg bone[33]
  TIER2 joint-attach(PRIMARY): worst=33.30u bone[18]='bone_R-pinky02.mesh' parent[14] R=47.4 exactJoint=0.00u pairs=30  (palette-wide exactWorst=3.46u)
[HANDS_ATTACH] mesh='hands_naked.mesh' owner='hands_naked.mesh' frame=2519 nb=38 wext=90.4 rebound=1
  TIER1 rest-coherence: worst=87.3deg bone[33]='bone_L-middlefinger03.mesh' count(>5deg)=34 freshRecap=0  xcheck(invOff-vs-restW) worst=87.3deg bone[33]
  TIER2 joint-attach(PRIMARY): worst=47.58u bone[13]='bone_R-hand.mesh' parent[5] R=49.4 exactJoint=0.00u pairs=30  (palette-wide exactWorst=0.00u)
[HANDS_ATTACH] mesh='hands_naked.mesh' owner='hands_naked.mesh' frame=2523 nb=40 wext=66.6 rebound=1
  TIER1 rest-coherence: worst=42.6deg bone[30]='bone_L-middlefinger03.mesh' count(>5deg)=36 freshRecap=0  xcheck(invOff-vs-restW) worst=42.6deg bone[30]
  TIER2 joint-attach(PRIMARY): worst=26.99u bone[12]='bone_L-middlefinger02.mesh' parent[25] R=37.3 exactJoint=0.20u pairs=36  (palette-wide exactWorst=5.46u)
[HANDS_ATTACH] mesh='hands_naked.mesh' owner='hands_naked.mesh' frame=2527 nb=38 wext=77.9 rebound=1
  TIER1 rest-coherence: worst=87.3deg bone[33]='bone_L-middlefinger03.mesh' count(>5deg)=34 freshRecap=0  xcheck(invOff-vs-restW) worst=87.3deg bone[33]
  TIER2 joint-attach(PRIMARY): worst=33.01u bone[18]='bone_R-pinky02.mesh' parent[14] R=47.4 exactJoint=0.00u pairs=30  (palette-wide exactWorst=3.30u)
[HANDS_ATTACH] mesh='hands_naked.mesh' owner='hands_naked.mesh' frame=2529 nb=38 wext=82.5 rebound=1
  TIER1 rest-coherence: worst=87.3deg bone[33]='bone_L-middlefinger03.mesh' count(>5deg)=34 freshRecap=0  xcheck(invOff-vs-restW) worst=87.3deg bone[33]
  TIER2 joint-attach(PRIMARY): worst=60.09u bone[13]='bone_R-hand.mesh' parent[5] R=49.4 exactJoint=0.00u pairs=30  (palette-wide exactWorst=4.23u)
[HANDS_ATTACH] mesh='hands_naked.mesh' owner='hands_naked.mesh' frame=2533 nb=40 wext=53.1 rebound=1
  TIER1 rest-coherence: worst=42.6deg bone[30]='bone_L-middlefinger03.mesh' count(>5deg)=36 freshRecap=0  xcheck(invOff-vs-restW) worst=42.6deg bone[30]
  TIER2 joint-attach(PRIMARY): worst=53.15u bone[16]='bone_R-thumb01.mesh' parent[1] R=38.3 exactJoint=0.00u pairs=36  (palette-wide exactWorst=5.46u)
[HANDS_ATTACH] mesh='hands_naked.mesh' owner='hands_naked.mesh' frame=2537 nb=38 wext=79.0 rebound=1
  TIER1 rest-coherence: worst=87.3deg bone[33]='bone_L-middlefinger03.mesh' count(>5deg)=34 freshRecap=0  xcheck(invOff-vs-restW) worst=87.3deg bone[33]
  TIER2 joint-attach(PRIMARY): worst=33.01u bone[18]='bone_R-pinky02.mesh' parent[14] R=47.4 exactJoint=0.00u pairs=30  (palette-wide exactWorst=3.70u)
[HANDS_ATTACH] mesh='hands_naked.mesh' owner='hands_naked.mesh' frame=2539 nb=38 wext=74.9 rebound=1
  TIER1 rest-coherence: worst=87.3deg bone[33]='bone_L-middlefinger03.mesh' count(>5deg)=34 freshRecap=0  xcheck(invOff-vs-restW) worst=87.3deg bone[33]
  TIER2 joint-attach(PRIMARY): worst=69.87u bone[13]='bone_R-hand.mesh' parent[5] R=49.4 exactJoint=0.00u pairs=30  (palette-wide exactWorst=5.50u)
[HANDS_ATTACH] mesh='hands_naked.mesh' owner='hands_naked.mesh' frame=2543 nb=40 wext=50.1 rebound=1
  TIER1 rest-coherence: worst=42.6deg bone[30]='bone_L-middlefinger03.mesh' count(>5deg)=36 freshRecap=0  xcheck(invOff-vs-restW) worst=42.6deg bone[30]
  TIER2 joint-attach(PRIMARY): worst=53.67u bone[16]='bone_R-thumb01.mesh' parent[1] R=38.3 exactJoint=1.31u pairs=36  (palette-wide exactWorst=5.46u)
[HANDS_ATTACH] mesh='hands_naked.mesh' owner='hands_naked.mesh' frame=2547 nb=38 wext=80.2 rebound=1
  TIER1 rest-coherence: worst=87.3deg bone[33]='bone_L-middlefinger03.mesh' count(>5deg)=34 freshRecap=0  xcheck(invOff-vs-restW) worst=87.3deg bone[33]
  TIER2 joint-attach(PRIMARY): worst=33.06u bone[26]='bone_L-middlefinger02.mesh' parent[23] R=47.1 exactJoint=0.00u pairs=30  (palette-wide exactWorst=4.05u)
[HANDS_ATTACH] mesh='hands_naked.mesh' owner='hands_naked.mesh' frame=2549 nb=38 wext=86.9 rebound=1
  TIER1 rest-coherence: worst=87.3deg bone[33]='bone_L-middlefinger03.mesh' count(>5deg)=34 freshRecap=0  xcheck(invOff-vs-restW) worst=87.3deg bone[33]
  TIER2 joint-attach(PRIMARY): worst=46.87u bone[9]='bone_R-thumb01.mesh' parent[13] R=48.5 exactJoint=0.00u pairs=30  (palette-wide exactWorst=0.59u)
[HANDS_ATTACH] mesh='hands_naked.mesh' owner='hands_naked.mesh' frame=2553 nb=40 wext=54.6 rebound=1
  TIER1 rest-coherence: worst=42.6deg bone[30]='bone_L-middlefinger03.mesh' count(>5deg)=36 freshRecap=0  xcheck(invOff-vs-restW) worst=42.6deg bone[30]
  TIER2 joint-attach(PRIMARY): worst=34.00u bone[4]='bone_R-middlefinger01.mesh' parent[1] R=38.2 exactJoint=0.00u pairs=36  (palette-wide exactWorst=5.46u)
[HANDS_ATTACH] mesh='hands_naked.mesh' owner='hands_naked.mesh' frame=2557 nb=38 wext=82.0 rebound=1
  TIER1 rest-coherence: worst=87.3deg bone[33]='bone_L-middlefinger03.mesh' count(>5deg)=34 freshRecap=0  xcheck(invOff-vs-restW) worst=87.3deg bone[33]
  TIER2 joint-attach(PRIMARY): worst=33.20u bone[26]='bone_L-middlefinger02.mesh' parent[23] R=47.1 exactJoint=0.00u pairs=30  (palette-wide exactWorst=4.27u)
[HANDS_ATTACH] mesh='hands_naked.mesh' owner='hands_naked.mesh' frame=2559 nb=38 wext=77.0 rebound=1
  TIER1 rest-coherence: worst=87.3deg bone[33]='bone_L-middlefinger03.mesh' count(>5deg)=34 freshRecap=0  xcheck(invOff-vs-restW) worst=87.3deg bone[33]
  TIER2 joint-attach(PRIMARY): worst=53.86u bone[13]='bone_R-hand.mesh' parent[5] R=49.4 exactJoint=0.00u pairs=30  (palette-wide exactWorst=1.34u)
[HANDS_ATTACH] mesh='hands_naked.mesh' owner='hands_naked.mesh' frame=2563 nb=40 wext=56.2 rebound=1
  TIER1 rest-coherence: worst=42.6deg bone[30]='bone_L-middlefinger03.mesh' count(>5deg)=36 freshRecap=0  xcheck(invOff-vs-restW) worst=42.6deg bone[30]
  TIER2 joint-attach(PRIMARY): worst=47.74u bone[19]='bone_R-index02.mesh' parent[18] R=36.5 exactJoint=0.00u pairs=36  (palette-wide exactWorst=5.46u)
[HANDS_ATTACH] mesh='hands_naked.mesh' owner='hands_naked.mesh' frame=2567 nb=38 wext=83.4 rebound=1
  TIER1 rest-coherence: worst=87.3deg bone[33]='bone_L-middlefinger03.mesh' count(>5deg)=34 freshRecap=0  xcheck(invOff-vs-restW) worst=87.3deg bone[33]
  TIER2 joint-attach(PRIMARY): worst=34.90u bone[13]='bone_R-hand.mesh' parent[5] R=49.4 exactJoint=0.33u pairs=30  (palette-wide exactWorst=4.35u)
[HANDS_ATTACH] mesh='hands_naked.mesh' owner='hands_naked.mesh' frame=2569 nb=38 wext=93.8 rebound=1
  TIER1 rest-coherence: worst=87.3deg bone[33]='bone_L-middlefinger03.mesh' count(>5deg)=34 freshRecap=0  xcheck(invOff-vs-restW) worst=87.3deg bone[33]
  TIER2 joint-attach(PRIMARY): worst=71.16u bone[18]='bone_R-pinky02.mesh' parent[14] R=47.4 exactJoint=2.32u pairs=30  (palette-wide exactWorst=10.36u)
[HANDS_ATTACH] mesh='hands_naked.mesh' owner='hands_naked.mesh' frame=2573 nb=40 wext=66.2 rebound=1
  TIER1 rest-coherence: worst=42.6deg bone[30]='bone_L-middlefinger03.mesh' count(>5deg)=36 freshRecap=0  xcheck(invOff-vs-restW) worst=42.6deg bone[30]
  TIER2 joint-attach(PRIMARY): worst=26.99u bone[12]='bone_L-middlefinger02.mesh' parent[25] R=37.3 exactJoint=0.20u pairs=36  (palette-wide exactWorst=5.46u)
[HANDS_ATTACH] mesh='hands_naked.mesh' owner='hands_naked.mesh' frame=2577 nb=38 wext=82.0 rebound=1
  TIER1 rest-coherence: worst=87.3deg bone[33]='bone_L-middlefinger03.mesh' count(>5deg)=34 freshRecap=0  xcheck(invOff-vs-restW) worst=87.3deg bone[33]
  TIER2 joint-attach(PRIMARY): worst=39.45u bone[13]='bone_R-hand.mesh' parent[5] R=49.4 exactJoint=0.33u pairs=30  (palette-wide exactWorst=4.20u)
[HANDS_ATTACH] mesh='hands_naked.mesh' owner='hands_naked.mesh' frame=2579 nb=38 wext=89.5 rebound=1
  TIER1 rest-coherence: worst=87.3deg bone[33]='bone_L-middlefinger03.mesh' count(>5deg)=34 freshRecap=0  xcheck(invOff-vs-restW) worst=87.3deg bone[33]
  TIER2 joint-attach(PRIMARY): worst=71.02u bone[18]='bone_R-pinky02.mesh' parent[14] R=47.4 exactJoint=2.44u pairs=30  (palette-wide exactWorst=10.36u)
[HANDS_ATTACH] mesh='hands_naked.mesh' owner='hands_naked.mesh' frame=2583 nb=40 wext=66.6 rebound=1
  TIER1 rest-coherence: worst=42.6deg bone[30]='bone_L-middlefinger03.mesh' count(>5deg)=36 freshRecap=0  xcheck(invOff-vs-restW) worst=42.6deg bone[30]
  TIER2 joint-attach(PRIMARY): worst=26.99u bone[12]='bone_L-middlefinger02.mesh' parent[25] R=37.3 exactJoint=0.20u pairs=36  (palette-wide exactWorst=5.46u)
[HANDS_ATTACH] mesh='hands_naked.mesh' owner='hands_naked.mesh' frame=2587 nb=38 wext=81.1 rebound=1
  TIER1 rest-coherence: worst=87.3deg bone[33]='bone_L-middlefinger03.mesh' count(>5deg)=34 freshRecap=0  xcheck(invOff-vs-restW) worst=87.3deg bone[33]
  TIER2 joint-attach(PRIMARY): worst=39.26u bone[13]='bone_R-hand.mesh' parent[5] R=49.4 exactJoint=0.33u pairs=30  (palette-wide exactWorst=3.52u)
[HANDS_ATTACH] mesh='hands_naked.mesh' owner='hands_naked.mesh' frame=2589 nb=38 wext=87.2 rebound=1
  TIER1 rest-coherence: worst=87.3deg bone[33]='bone_L-middlefinger03.mesh' count(>5deg)=34 freshRecap=0  xcheck(invOff-vs-restW) worst=87.3deg bone[33]
  TIER2 joint-attach(PRIMARY): worst=71.02u bone[18]='bone_R-pinky02.mesh' parent[14] R=47.4 exactJoint=2.44u pairs=30  (palette-wide exactWorst=10.36u)
[HANDS_ATTACH] mesh='hands_naked.mesh' owner='hands_naked.mesh' frame=2593 nb=40 wext=58.9 rebound=1
  TIER1 rest-coherence: worst=42.6deg bone[30]='bone_L-middlefinger03.mesh' count(>5deg)=36 freshRecap=0  xcheck(invOff-vs-restW) worst=42.6deg bone[30]
  TIER2 joint-attach(PRIMARY): worst=49.40u bone[16]='bone_R-thumb01.mesh' parent[1] R=38.3 exactJoint=0.00u pairs=36  (palette-wide exactWorst=5.46u)
[HANDS_ATTACH] mesh='hands_naked.mesh' owner='hands_naked.mesh' frame=2597 nb=38 wext=81.0 rebound=1
  TIER1 rest-coherence: worst=87.3deg bone[33]='bone_L-middlefinger03.mesh' count(>5deg)=34 freshRecap=0  xcheck(invOff-vs-restW) worst=87.3deg bone[33]
  TIER2 joint-attach(PRIMARY): worst=36.14u bone[13]='bone_R-hand.mesh' parent[5] R=49.4 exactJoint=0.33u pairs=30  (palette-wide exactWorst=3.14u)
[HANDS_ATTACH] mesh='hands_naked.mesh' owner='hands_naked.mesh' frame=2599 nb=38 wext=55.4 rebound=1
  TIER1 rest-coherence: worst=87.3deg bone[33]='bone_L-middlefinger03.mesh' count(>5deg)=34 freshRecap=0  xcheck(invOff-vs-restW) worst=87.3deg bone[33]
  TIER2 joint-attach(PRIMARY): worst=68.59u bone[18]='bone_R-pinky02.mesh' parent[14] R=47.4 exactJoint=0.00u pairs=30  (palette-wide exactWorst=8.03u)
[HANDS_ATTACH] mesh='hands_naked.mesh' owner='hands_naked.mesh' frame=2603 nb=40 wext=65.1 rebound=1
  TIER1 rest-coherence: worst=42.6deg bone[30]='bone_L-middlefinger03.mesh' count(>5deg)=36 freshRecap=0  xcheck(invOff-vs-restW) worst=42.6deg bone[30]
  TIER2 joint-attach(PRIMARY): worst=36.18u bone[4]='bone_R-middlefinger01.mesh' parent[1] R=38.2 exactJoint=0.00u pairs=36  (palette-wide exactWorst=5.46u)
[HANDS_ATTACH] mesh='hands_naked.mesh' owner='hands_naked.mesh' frame=2607 nb=38 wext=83.0 rebound=1
  TIER1 rest-coherence: worst=87.3deg bone[33]='bone_L-middlefinger03.mesh' count(>5deg)=34 freshRecap=0  xcheck(invOff-vs-restW) worst=87.3deg bone[33]
  TIER2 joint-attach(PRIMARY): worst=34.56u bone[13]='bone_R-hand.mesh' parent[5] R=49.4 exactJoint=0.33u pairs=30  (palette-wide exactWorst=3.15u)
[HANDS_ATTACH] mesh='hands_naked.mesh' owner='hands_naked.mesh' frame=2609 nb=38 wext=70.4 rebound=1
  TIER1 rest-coherence: worst=87.3deg bone[33]='bone_L-middlefinger03.mesh' count(>5deg)=34 freshRecap=0  xcheck(invOff-vs-restW) worst=87.3deg bone[33]
  TIER2 joint-attach(PRIMARY): worst=69.62u bone[29]='bone_L-hand.mesh' parent[22] R=49.4 exactJoint=0.00u pairs=30  (palette-wide exactWorst=0.00u)
[HANDS_ATTACH] mesh='hands_naked.mesh' owner='hands_naked.mesh' frame=2613 nb=40 wext=72.2 rebound=1
  TIER1 rest-coherence: worst=42.6deg bone[30]='bone_L-middlefinger03.mesh' count(>5deg)=36 freshRecap=0  xcheck(invOff-vs-restW) worst=42.6deg bone[30]
  TIER2 joint-attach(PRIMARY): worst=41.06u bone[4]='bone_R-middlefinger01.mesh' parent[1] R=38.2 exactJoint=0.00u pairs=36  (palette-wide exactWorst=6.66u)
[HANDS_ATTACH] mesh='hands_naked.mesh' owner='hands_naked.mesh' frame=2617 nb=38 wext=83.1 rebound=1
  TIER1 rest-coherence: worst=87.3deg bone[33]='bone_L-middlefinger03.mesh' count(>5deg)=34 freshRecap=0  xcheck(invOff-vs-restW) worst=87.3deg bone[33]
  TIER2 joint-attach(PRIMARY): worst=33.89u bone[13]='bone_R-hand.mesh' parent[5] R=49.4 exactJoint=0.33u pairs=30  (palette-wide exactWorst=3.15u)
[HANDS_ATTACH] mesh='hands_naked.mesh' owner='hands_naked.mesh' frame=2619 nb=38 wext=78.4 rebound=1
  TIER1 rest-coherence: worst=87.3deg bone[33]='bone_L-middlefinger03.mesh' count(>5deg)=34 freshRecap=0  xcheck(invOff-vs-restW) worst=87.3deg bone[33]
  TIER2 joint-attach(PRIMARY): worst=70.92u bone[29]='bone_L-hand.mesh' parent[22] R=49.4 exactJoint=0.00u pairs=30  (palette-wide exactWorst=0.00u)
[HANDS_ATTACH] mesh='hands_naked.mesh' owner='hands_naked.mesh' frame=2623 nb=40 wext=72.2 rebound=1
  TIER1 rest-coherence: worst=42.6deg bone[30]='bone_L-middlefinger03.mesh' count(>5deg)=36 freshRecap=0  xcheck(invOff-vs-restW) worst=42.6deg bone[30]
  TIER2 joint-attach(PRIMARY): worst=41.06u bone[4]='bone_R-middlefinger01.mesh' parent[1] R=38.2 exactJoint=0.00u pairs=36  (palette-wide exactWorst=6.66u)
[HANDS_ATTACH] mesh='hands_naked.mesh' owner='hands_naked.mesh' frame=2627 nb=38 wext=83.1 rebound=1
  TIER1 rest-coherence: worst=87.3deg bone[33]='bone_L-middlefinger03.mesh' count(>5deg)=34 freshRecap=0  xcheck(invOff-vs-restW) worst=87.3deg bone[33]
  TIER2 joint-attach(PRIMARY): worst=33.89u bone[13]='bone_R-hand.mesh' parent[5] R=49.4 exactJoint=0.33u pairs=30  (palette-wide exactWorst=3.15u)
[HANDS_ATTACH] mesh='hands_naked.mesh' owner='hands_naked.mesh' frame=2629 nb=38 wext=78.4 rebound=1
  TIER1 rest-coherence: worst=87.3deg bone[33]='bone_L-middlefinger03.mesh' count(>5deg)=34 freshRecap=0  xcheck(invOff-vs-restW) worst=87.3deg bone[33]
  TIER2 joint-attach(PRIMARY): worst=70.93u bone[29]='bone_L-hand.mesh' parent[22] R=49.4 exactJoint=0.00u pairs=30  (palette-wide exactWorst=0.00u)
[HANDS_ATTACH] mesh='hands_naked.mesh' owner='hands_naked.mesh' frame=2633 nb=40 wext=72.2 rebound=1
  TIER1 rest-coherence: worst=42.6deg bone[30]='bone_L-middlefinger03.mesh' count(>5deg)=36 freshRecap=0  xcheck(invOff-vs-restW) worst=42.6deg bone[30]
  TIER2 joint-attach(PRIMARY): worst=41.06u bone[4]='bone_R-middlefinger01.mesh' parent[1] R=38.2 exactJoint=0.00u pairs=36  (palette-wide exactWorst=6.66u)
[HANDS_ATTACH] mesh='hands_naked.mesh' owner='hands_naked.mesh' frame=2637 nb=38 wext=83.1 rebound=1
  TIER1 rest-coherence: worst=87.3deg bone[33]='bone_L-middlefinger03.mesh' count(>5deg)=34 freshRecap=0  xcheck(invOff-vs-restW) worst=87.3deg bone[33]
  TIER2 joint-attach(PRIMARY): worst=33.89u bone[13]='bone_R-hand.mesh' parent[5] R=49.4 exactJoint=0.33u pairs=30  (palette-wide exactWorst=3.15u)
[HANDS_ATTACH] mesh='hands_naked.mesh' owner='hands_naked.mesh' frame=2639 nb=38 wext=78.4 rebound=1
  TIER1 rest-coherence: worst=87.3deg bone[33]='bone_L-middlefinger03.mesh' count(>5deg)=34 freshRecap=0  xcheck(invOff-vs-restW) worst=87.3deg bone[33]
  TIER2 joint-attach(PRIMARY): worst=70.93u bone[29]='bone_L-hand.mesh' parent[22] R=49.4 exactJoint=0.00u pairs=30  (palette-wide exactWorst=0.00u)
[HANDS_ATTACH] mesh='hands_naked.mesh' owner='hands_naked.mesh' frame=2643 nb=40 wext=72.2 rebound=1
  TIER1 rest-coherence: worst=42.6deg bone[30]='bone_L-middlefinger03.mesh' count(>5deg)=36 freshRecap=0  xcheck(invOff-vs-restW) worst=42.6deg bone[30]
  TIER2 joint-attach(PRIMARY): worst=41.06u bone[4]='bone_R-middlefinger01.mesh' parent[1] R=38.2 exactJoint=0.00u pairs=36  (palette-wide exactWorst=6.66u)
[HANDS_ATTACH] mesh='hands_naked.mesh' owner='hands_naked.mesh' frame=2647 nb=38 wext=83.1 rebound=1
  TIER1 rest-coherence: worst=87.3deg bone[33]='bone_L-middlefinger03.mesh' count(>5deg)=34 freshRecap=0  xcheck(invOff-vs-restW) worst=87.3deg bone[33]
  TIER2 joint-attach(PRIMARY): worst=33.89u bone[13]='bone_R-hand.mesh' parent[5] R=49.4 exactJoint=0.33u pairs=30  (palette-wide exactWorst=3.15u)
[HANDS_ATTACH] mesh='hands_naked.mesh' owner='hands_naked.mesh' frame=2649 nb=38 wext=78.4 rebound=1
  TIER1 rest-coherence: worst=87.3deg bone[33]='bone_L-middlefinger03.mesh' count(>5deg)=34 freshRecap=0  xcheck(invOff-vs-restW) worst=87.3deg bone[33]
  TIER2 joint-attach(PRIMARY): worst=70.93u bone[29]='bone_L-hand.mesh' parent[22] R=49.4 exactJoint=0.00u pairs=30  (palette-wide exactWorst=0.00u)
[HANDS_ATTACH] mesh='hands_naked.mesh' owner='hands_naked.mesh' frame=2653 nb=40 wext=72.2 rebound=1
  TIER1 rest-coherence: worst=42.6deg bone[30]='bone_L-middlefinger03.mesh' count(>5deg)=36 freshRecap=0  xcheck(invOff-vs-restW) worst=42.6deg bone[30]
  TIER2 joint-attach(PRIMARY): worst=41.06u bone[4]='bone_R-middlefinger01.mesh' parent[1] R=38.2 exactJoint=0.00u pairs=36  (palette-wide exactWorst=6.66u)
[HANDS_ATTACH] mesh='hands_naked.mesh' owner='hands_naked.mesh' frame=2657 nb=38 wext=78.2 rebound=1
  TIER1 rest-coherence: worst=87.3deg bone[33]='bone_L-middlefinger03.mesh' count(>5deg)=34 freshRecap=0  xcheck(invOff-vs-restW) worst=87.3deg bone[33]
  TIER2 joint-attach(PRIMARY): worst=33.96u bone[13]='bone_R-hand.mesh' parent[5] R=49.4 exactJoint=0.33u pairs=30  (palette-wide exactWorst=3.93u)
[HANDS_ATTACH] mesh='hands_naked.mesh' owner='hands_naked.mesh' frame=2659 nb=38 wext=76.4 rebound=1
  TIER1 rest-coherence: worst=87.3deg bone[33]='bone_L-middlefinger03.mesh' count(>5deg)=34 freshRecap=0  xcheck(invOff-vs-restW) worst=87.3deg bone[33]
  TIER2 joint-attach(PRIMARY): worst=55.28u bone[29]='bone_L-hand.mesh' parent[22] R=49.4 exactJoint=0.00u pairs=30  (palette-wide exactWorst=0.00u)
[HANDS_ATTACH] mesh='hands_naked.mesh' owner='hands_naked.mesh' frame=2663 nb=40 wext=46.3 rebound=1
  TIER1 rest-coherence: worst=42.6deg bone[30]='bone_L-middlefinger03.mesh' count(>5deg)=36 freshRecap=0  xcheck(invOff-vs-restW) worst=42.6deg bone[30]
  TIER2 joint-attach(PRIMARY): worst=53.88u bone[16]='bone_R-thumb01.mesh' parent[1] R=38.3 exactJoint=0.89u pairs=36  (palette-wide exactWorst=5.46u)
[HANDS_ATTACH] mesh='hands_naked.mesh' owner='hands_naked.mesh' frame=2667 nb=38 wext=76.3 rebound=1
  TIER1 rest-coherence: worst=87.3deg bone[33]='bone_L-middlefinger03.mesh' count(>5deg)=34 freshRecap=0  xcheck(invOff-vs-restW) worst=87.3deg bone[33]
  TIER2 joint-attach(PRIMARY): worst=36.78u bone[13]='bone_R-hand.mesh' parent[5] R=49.4 exactJoint=0.33u pairs=30  (palette-wide exactWorst=3.98u)
[HANDS_ATTACH] mesh='hands_naked.mesh' owner='hands_naked.mesh' frame=2669 nb=38 wext=71.5 rebound=1
  TIER1 rest-coherence: worst=87.3deg bone[33]='bone_L-middlefinger03.mesh' count(>5deg)=34 freshRecap=0  xcheck(invOff-vs-restW) worst=87.3deg bone[33]
  TIER2 joint-attach(PRIMARY): worst=48.89u bone[29]='bone_L-hand.mesh' parent[22] R=49.4 exactJoint=0.00u pairs=30  (palette-wide exactWorst=0.00u)
[HANDS_ATTACH] mesh='hands_naked.mesh' owner='hands_naked.mesh' frame=2673 nb=40 wext=42.1 rebound=1
  TIER1 rest-coherence: worst=42.6deg bone[30]='bone_L-middlefinger03.mesh' count(>5deg)=36 freshRecap=0  xcheck(invOff-vs-restW) worst=42.6deg bone[30]
  TIER2 joint-attach(PRIMARY): worst=53.89u bone[16]='bone_R-thumb01.mesh' parent[1] R=38.3 exactJoint=0.89u pairs=36  (palette-wide exactWorst=5.46u)
[HANDS_ATTACH] mesh='hands_naked.mesh' owner='hands_naked.mesh' frame=2677 nb=38 wext=74.5 rebound=1
  TIER1 rest-coherence: worst=87.3deg bone[33]='bone_L-middlefinger03.mesh' count(>5deg)=34 freshRecap=0  xcheck(invOff-vs-restW) worst=87.3deg bone[33]
  TIER2 joint-attach(PRIMARY): worst=37.89u bone[13]='bone_R-hand.mesh' parent[5] R=49.4 exactJoint=0.33u pairs=30  (palette-wide exactWorst=3.80u)
[HANDS_ATTACH] mesh='hands_naked.mesh' owner='hands_naked.mesh' frame=2679 nb=38 wext=73.5 rebound=1
  TIER1 rest-coherence: worst=87.3deg bone[33]='bone_L-middlefinger03.mesh' count(>5deg)=34 freshRecap=0  xcheck(invOff-vs-restW) worst=87.3deg bone[33]
  TIER2 joint-attach(PRIMARY): worst=47.80u bone[29]='bone_L-hand.mesh' parent[22] R=49.4 exactJoint=0.00u pairs=30  (palette-wide exactWorst=0.00u)
[HANDS_ATTACH] mesh='hands_naked.mesh' owner='hands_naked.mesh' frame=2683 nb=40 wext=42.2 rebound=1
  TIER1 rest-coherence: worst=42.6deg bone[30]='bone_L-middlefinger03.mesh' count(>5deg)=36 freshRecap=0  xcheck(invOff-vs-restW) worst=42.6deg bone[30]
  TIER2 joint-attach(PRIMARY): worst=53.89u bone[16]='bone_R-thumb01.mesh' parent[1] R=38.3 exactJoint=0.89u pairs=36  (palette-wide exactWorst=5.46u)
[HANDS_ATTACH] mesh='hands_naked.mesh' owner='hands_naked.mesh' frame=2687 nb=38 wext=75.1 rebound=1
  TIER1 rest-coherence: worst=87.3deg bone[33]='bone_L-middlefinger03.mesh' count(>5deg)=34 freshRecap=0  xcheck(invOff-vs-restW) worst=87.3deg bone[33]
  TIER2 joint-attach(PRIMARY): worst=38.17u bone[13]='bone_R-hand.mesh' parent[5] R=49.4 exactJoint=0.33u pairs=30  (palette-wide exactWorst=3.46u)
[HANDS_ATTACH] mesh='hands_naked.mesh' owner='hands_naked.mesh' frame=2689 nb=38 wext=64.6 rebound=1
  TIER1 rest-coherence: worst=87.3deg bone[33]='bone_L-middlefinger03.mesh' count(>5deg)=34 freshRecap=0  xcheck(invOff-vs-restW) worst=87.3deg bone[33]
  TIER2 joint-attach(PRIMARY): worst=31.66u bone[33]='bone_L-middlefinger03.mesh' parent[26] R=47.0 exactJoint=0.00u pairs=30  (palette-wide exactWorst=0.00u)
[HANDS_ATTACH] mesh='hands_naked.mesh' owner='hands_naked.mesh' frame=2693 nb=40 wext=39.7 rebound=1
  TIER1 rest-coherence: worst=42.6deg bone[30]='bone_L-middlefinger03.mesh' count(>5deg)=36 freshRecap=0  xcheck(invOff-vs-restW) worst=42.6deg bone[30]
  TIER2 joint-attach(PRIMARY): worst=42.23u bone[14]='bone_R-pinky01.mesh' parent[11] R=39.0 exactJoint=0.00u pairs=36  (palette-wide exactWorst=7.41u)
[HANDS_ATTACH] mesh='hands_naked.mesh' owner='hands_naked.mesh' frame=2697 nb=38 wext=75.6 rebound=1
  TIER1 rest-coherence: worst=87.3deg bone[33]='bone_L-middlefinger03.mesh' count(>5deg)=34 freshRecap=0  xcheck(invOff-vs-restW) worst=87.3deg bone[33]
  TIER2 joint-attach(PRIMARY): worst=37.52u bone[13]='bone_R-hand.mesh' parent[5] R=49.4 exactJoint=0.33u pairs=30  (palette-wide exactWorst=3.09u)
[HANDS_ATTACH] mesh='hands_naked.mesh' owner='hands_naked.mesh' frame=2699 nb=38 wext=61.1 rebound=1
  TIER1 rest-coherence: worst=87.3deg bone[33]='bone_L-middlefinger03.mesh' count(>5deg)=34 freshRecap=0  xcheck(invOff-vs-restW) worst=87.3deg bone[33]
  TIER2 joint-attach(PRIMARY): worst=31.24u bone[33]='bone_L-middlefinger03.mesh' parent[26] R=47.0 exactJoint=0.19u pairs=30  (palette-wide exactWorst=0.19u)
[HANDS_ATTACH] mesh='hands_naked.mesh' owner='hands_naked.mesh' frame=2703 nb=40 wext=58.4 rebound=1
  TIER1 rest-coherence: worst=42.6deg bone[30]='bone_L-middlefinger03.mesh' count(>5deg)=36 freshRecap=0  xcheck(invOff-vs-restW) worst=42.6deg bone[30]
  TIER2 joint-attach(PRIMARY): worst=49.33u bone[24]='bone_R-ringfinger01.mesh' parent[21] R=38.6 exactJoint=0.97u pairs=36  (palette-wide exactWorst=5.31u)
[HANDS_ATTACH] mesh='hands_naked.mesh' owner='hands_naked.mesh' frame=2707 nb=38 wext=76.2 rebound=1
  TIER1 rest-coherence: worst=87.3deg bone[33]='bone_L-middlefinger03.mesh' count(>5deg)=34 freshRecap=0  xcheck(invOff-vs-restW) worst=87.3deg bone[33]
  TIER2 joint-attach(PRIMARY): worst=36.96u bone[13]='bone_R-hand.mesh' parent[5] R=49.4 exactJoint=0.33u pairs=30  (palette-wide exactWorst=2.88u)
[HANDS_ATTACH] mesh='hands_naked.mesh' owner='hands_naked.mesh' frame=2709 nb=38 wext=58.8 rebound=1
  TIER1 rest-coherence: worst=87.3deg bone[33]='bone_L-middlefinger03.mesh' count(>5deg)=34 freshRecap=0  xcheck(invOff-vs-restW) worst=87.3deg bone[33]
  TIER2 joint-attach(PRIMARY): worst=71.02u bone[18]='bone_R-pinky02.mesh' parent[14] R=47.4 exactJoint=2.44u pairs=30  (palette-wide exactWorst=10.36u)
[HANDS_ATTACH] mesh='hands_naked.mesh' owner='hands_naked.mesh' frame=2713 nb=40 wext=62.5 rebound=1
  TIER1 rest-coherence: worst=42.6deg bone[30]='bone_L-middlefinger03.mesh' count(>5deg)=36 freshRecap=0  xcheck(invOff-vs-restW) worst=42.6deg bone[30]
  TIER2 joint-attach(PRIMARY): worst=45.75u bone[14]='bone_R-pinky01.mesh' parent[11] R=39.0 exactJoint=0.00u pairs=36  (palette-wide exactWorst=1.92u)
[HANDS_ATTACH] mesh='hands_naked.mesh' owner='hands_naked.mesh' frame=2717 nb=38 wext=77.5 rebound=1
  TIER1 rest-coherence: worst=87.3deg bone[33]='bone_L-middlefinger03.mesh' count(>5deg)=34 freshRecap=0  xcheck(invOff-vs-restW) worst=87.3deg bone[33]
  TIER2 joint-attach(PRIMARY): worst=35.53u bone[13]='bone_R-hand.mesh' parent[5] R=49.4 exactJoint=0.33u pairs=30  (palette-wide exactWorst=2.79u)
[HANDS_ATTACH] mesh='hands_naked.mesh' owner='hands_naked.mesh' frame=2719 nb=38 wext=56.0 rebound=1
  TIER1 rest-coherence: worst=87.3deg bone[33]='bone_L-middlefinger03.mesh' count(>5deg)=34 freshRecap=0  xcheck(invOff-vs-restW) worst=87.3deg bone[33]
  TIER2 joint-attach(PRIMARY): worst=71.02u bone[18]='bone_R-pinky02.mesh' parent[14] R=47.4 exactJoint=2.44u pairs=30  (palette-wide exactWorst=10.36u)
[HANDS_ATTACH] mesh='hands_naked.mesh' owner='hands_naked.mesh' frame=2723 nb=40 wext=62.6 rebound=1
  TIER1 rest-coherence: worst=42.6deg bone[30]='bone_L-middlefinger03.mesh' count(>5deg)=36 freshRecap=0  xcheck(invOff-vs-restW) worst=42.6deg bone[30]
  TIER2 joint-attach(PRIMARY): worst=42.04u bone[13]='bone_R-pinky03.mesh' parent[9] R=37.9 exactJoint=0.00u pairs=36  (palette-wide exactWorst=1.92u)
[HANDS_ATTACH] mesh='hands_naked.mesh' owner='hands_naked.mesh' frame=2727 nb=38 wext=79.9 rebound=1
  TIER1 rest-coherence: worst=87.3deg bone[33]='bone_L-middlefinger03.mesh' count(>5deg)=34 freshRecap=0  xcheck(invOff-vs-restW) worst=87.3deg bone[33]
  TIER2 joint-attach(PRIMARY): worst=35.79u bone[13]='bone_R-hand.mesh' parent[5] R=49.4 exactJoint=0.33u pairs=30  (palette-wide exactWorst=2.81u)
[HANDS_ATTACH] mesh='hands_naked.mesh' owner='hands_naked.mesh' frame=2729 nb=38 wext=59.2 rebound=1
  TIER1 rest-coherence: worst=87.3deg bone[33]='bone_L-middlefinger03.mesh' count(>5deg)=34 freshRecap=0  xcheck(invOff-vs-restW) worst=87.3deg bone[33]
  TIER2 joint-attach(PRIMARY): worst=71.02u bone[18]='bone_R-pinky02.mesh' parent[14] R=47.4 exactJoint=2.44u pairs=30  (palette-wide exactWorst=10.36u)
[HANDS_ATTACH] mesh='hands_naked.mesh' owner='hands_naked.mesh' frame=2733 nb=40 wext=65.8 rebound=1
  TIER1 rest-coherence: worst=42.6deg bone[30]='bone_L-middlefinger03.mesh' count(>5deg)=36 freshRecap=0  xcheck(invOff-vs-restW) worst=42.6deg bone[30]
  TIER2 joint-attach(PRIMARY): worst=74.13u bone[5]='bone_R-ringfinger02.mesh' parent[24] R=37.9 exactJoint=0.00u pairs=36  (palette-wide exactWorst=5.03u)
[HANDS_ATTACH] mesh='hands_naked.mesh' owner='hands_naked.mesh' frame=2737 nb=38 wext=80.5 rebound=1
  TIER1 rest-coherence: worst=87.3deg bone[33]='bone_L-middlefinger03.mesh' count(>5deg)=34 freshRecap=0  xcheck(invOff-vs-restW) worst=87.3deg bone[33]
  TIER2 joint-attach(PRIMARY): worst=36.71u bone[13]='bone_R-hand.mesh' parent[5] R=49.4 exactJoint=0.33u pairs=30  (palette-wide exactWorst=2.87u)
[HANDS_ATTACH] mesh='hands_naked.mesh' owner='hands_naked.mesh' frame=2739 nb=38 wext=65.3 rebound=1
  TIER1 rest-coherence: worst=87.3deg bone[33]='bone_L-middlefinger03.mesh' count(>5deg)=34 freshRecap=0  xcheck(invOff-vs-restW) worst=87.3deg bone[33]
  TIER2 joint-attach(PRIMARY): worst=71.02u bone[18]='bone_R-pinky02.mesh' parent[14] R=47.4 exactJoint=2.44u pairs=30  (palette-wide exactWorst=10.36u)
[HANDS_ATTACH] mesh='hands_naked.mesh' owner='hands_naked.mesh' frame=2743 nb=40 wext=60.1 rebound=1
  TIER1 rest-coherence: worst=42.6deg bone[30]='bone_L-middlefinger03.mesh' count(>5deg)=36 freshRecap=0  xcheck(invOff-vs-restW) worst=42.6deg bone[30]
  TIER2 joint-attach(PRIMARY): worst=79.02u bone[0]='bone_R-middlefinger02.mesh' parent[4] R=37.3 exactJoint=0.00u pairs=36  (palette-wide exactWorst=5.48u)
[HANDS_ATTACH] mesh='hands_naked.mesh' owner='hands_naked.mesh' frame=2747 nb=38 wext=80.4 rebound=1
  TIER1 rest-coherence: worst=87.3deg bone[33]='bone_L-middlefinger03.mesh' count(>5deg)=34 freshRecap=0  xcheck(invOff-vs-restW) worst=87.3deg bone[33]
  TIER2 joint-attach(PRIMARY): worst=36.82u bone[13]='bone_R-hand.mesh' parent[5] R=49.4 exactJoint=0.33u pairs=30  (palette-wide exactWorst=3.03u)
[HANDS_ATTACH] mesh='hands_naked.mesh' owner='hands_naked.mesh' frame=2749 nb=38 wext=62.7 rebound=1
  TIER1 rest-coherence: worst=87.3deg bone[33]='bone_L-middlefinger03.mesh' count(>5deg)=34 freshRecap=0  xcheck(invOff-vs-restW) worst=87.3deg bone[33]
  TIER2 joint-attach(PRIMARY): worst=71.02u bone[18]='bone_R-pinky02.mesh' parent[14] R=47.4 exactJoint=2.44u pairs=30  (palette-wide exactWorst=10.36u)
[HANDS_ATTACH] mesh='hands_naked.mesh' owner='hands_naked.mesh' frame=2753 nb=40 wext=67.3 rebound=1
  TIER1 rest-coherence: worst=42.6deg bone[30]='bone_L-middlefinger03.mesh' count(>5deg)=36 freshRecap=0  xcheck(invOff-vs-restW) worst=42.6deg bone[30]
  TIER2 joint-attach(PRIMARY): worst=28.51u bone[39]='bone_L-ringfinger02.mesh' parent[38] R=37.9 exactJoint=0.11u pairs=36  (palette-wide exactWorst=1.92u)
[HANDS_ATTACH] mesh='hands_naked.mesh' owner='hands_naked.mesh' frame=2757 nb=38 wext=80.2 rebound=1
  TIER1 rest-coherence: worst=87.3deg bone[33]='bone_L-middlefinger03.mesh' count(>5deg)=34 freshRecap=0  xcheck(invOff-vs-restW) worst=87.3deg bone[33]
  TIER2 joint-attach(PRIMARY): worst=37.55u bone[13]='bone_R-hand.mesh' parent[5] R=49.4 exactJoint=0.33u pairs=30  (palette-wide exactWorst=3.33u)
[HANDS_ATTACH] mesh='hands_naked.mesh' owner='hands_naked.mesh' frame=2759 nb=38 wext=68.9 rebound=1
  TIER1 rest-coherence: worst=87.3deg bone[33]='bone_L-middlefinger03.mesh' count(>5deg)=34 freshRecap=0  xcheck(invOff-vs-restW) worst=87.3deg bone[33]
  TIER2 joint-attach(PRIMARY): worst=62.76u bone[18]='bone_R-pinky02.mesh' parent[14] R=47.4 exactJoint=0.00u pairs=30  (palette-wide exactWorst=7.30u)
[HANDS_ATTACH] mesh='hands_naked.mesh' owner='hands_naked.mesh' frame=2763 nb=40 wext=60.5 rebound=1
  TIER1 rest-coherence: worst=42.6deg bone[30]='bone_L-middlefinger03.mesh' count(>5deg)=36 freshRecap=0  xcheck(invOff-vs-restW) worst=42.6deg bone[30]
  TIER2 joint-attach(PRIMARY): worst=28.51u bone[39]='bone_L-ringfinger02.mesh' parent[38] R=37.9 exactJoint=0.11u pairs=36  (palette-wide exactWorst=1.92u)
[HANDS_ATTACH] mesh='hands_naked.mesh' owner='hands_naked.mesh' frame=2767 nb=38 wext=78.9 rebound=1
  TIER1 rest-coherence: worst=87.3deg bone[33]='bone_L-middlefinger03.mesh' count(>5deg)=34 freshRecap=0  xcheck(invOff-vs-restW) worst=87.3deg bone[33]
  TIER2 joint-attach(PRIMARY): worst=37.52u bone[13]='bone_R-hand.mesh' parent[5] R=49.4 exactJoint=0.33u pairs=30  (palette-wide exactWorst=3.54u)
[HANDS_ATTACH] mesh='hands_naked.mesh' owner='hands_naked.mesh' frame=2769 nb=38 wext=73.4 rebound=1
  TIER1 rest-coherence: worst=87.3deg bone[33]='bone_L-middlefinger03.mesh' count(>5deg)=34 freshRecap=0  xcheck(invOff-vs-restW) worst=87.3deg bone[33]
  TIER2 joint-attach(PRIMARY): worst=37.65u bone[13]='bone_R-hand.mesh' parent[5] R=49.4 exactJoint=0.00u pairs=30  (palette-wide exactWorst=0.00u)
[HANDS_ATTACH] mesh='hands_naked.mesh' owner='hands_naked.mesh' frame=2773 nb=40 wext=70.4 rebound=1
  TIER1 rest-coherence: worst=42.6deg bone[30]='bone_L-middlefinger03.mesh' count(>5deg)=36 freshRecap=0  xcheck(invOff-vs-restW) worst=42.6deg bone[30]
  TIER2 joint-attach(PRIMARY): worst=28.51u bone[39]='bone_L-ringfinger02.mesh' parent[38] R=37.9 exactJoint=0.11u pairs=36  (palette-wide exactWorst=1.92u)
[HANDS_ATTACH] mesh='hands_naked.mesh' owner='hands_naked.mesh' frame=2777 nb=38 wext=77.2 rebound=1
  TIER1 rest-coherence: worst=87.3deg bone[33]='bone_L-middlefinger03.mesh' count(>5deg)=34 freshRecap=0  xcheck(invOff-vs-restW) worst=87.3deg bone[33]
  TIER2 joint-attach(PRIMARY): worst=37.78u bone[13]='bone_R-hand.mesh' parent[5] R=49.4 exactJoint=0.33u pairs=30  (palette-wide exactWorst=3.63u)
[HANDS_ATTACH] mesh='hands_naked.mesh' owner='hands_naked.mesh' frame=2779 nb=38 wext=89.2 rebound=1
  TIER1 rest-coherence: worst=87.3deg bone[33]='bone_L-middlefinger03.mesh' count(>5deg)=34 freshRecap=0  xcheck(invOff-vs-restW) worst=87.3deg bone[33]
  TIER2 joint-attach(PRIMARY): worst=47.59u bone[13]='bone_R-hand.mesh' parent[5] R=49.4 exactJoint=0.00u pairs=30  (palette-wide exactWorst=0.00u)
[HANDS_ATTACH] mesh='hands_naked.mesh' owner='hands_naked.mesh' frame=2783 nb=40 wext=49.5 rebound=1
  TIER1 rest-coherence: worst=42.6deg bone[30]='bone_L-middlefinger03.mesh' count(>5deg)=36 freshRecap=0  xcheck(invOff-vs-restW) worst=42.6deg bone[30]
  TIER2 joint-attach(PRIMARY): worst=78.73u bone[0]='bone_R-middlefinger02.mesh' parent[4] R=37.3 exactJoint=0.00u pairs=36  (palette-wide exactWorst=5.51u)
[HANDS_ATTACH] mesh='hands_naked.mesh' owner='hands_naked.mesh' frame=2787 nb=38 wext=76.3 rebound=1
  TIER1 rest-coherence: worst=87.3deg bone[33]='bone_L-middlefinger03.mesh' count(>5deg)=34 freshRecap=0  xcheck(invOff-vs-restW) worst=87.3deg bone[33]
  TIER2 joint-attach(PRIMARY): worst=38.21u bone[13]='bone_R-hand.mesh' parent[5] R=49.4 exactJoint=0.33u pairs=30  (palette-wide exactWorst=3.80u)
[HANDS_ATTACH] mesh='hands_naked.mesh' owner='hands_naked.mesh' frame=2789 nb=38 wext=88.5 rebound=1
  TIER1 rest-coherence: worst=87.3deg bone[33]='bone_L-middlefinger03.mesh' count(>5deg)=34 freshRecap=0  xcheck(invOff-vs-restW) worst=87.3deg bone[33]
  TIER2 joint-attach(PRIMARY): worst=54.14u bone[13]='bone_R-hand.mesh' parent[5] R=49.4 exactJoint=0.00u pairs=30  (palette-wide exactWorst=0.35u)
[HANDS_ATTACH] mesh='hands_naked.mesh' owner='hands_naked.mesh' frame=2793 nb=40 wext=52.5 rebound=1
  TIER1 rest-coherence: worst=42.6deg bone[30]='bone_L-middlefinger03.mesh' count(>5deg)=36 freshRecap=0  xcheck(invOff-vs-restW) worst=42.6deg bone[30]
  TIER2 joint-attach(PRIMARY): worst=81.63u bone[0]='bone_R-middlefinger02.mesh' parent[4] R=37.3 exactJoint=3.68u pairs=36  (palette-wide exactWorst=6.79u)
[HANDS_ATTACH] mesh='hands_naked.mesh' owner='hands_naked.mesh' frame=2797 nb=38 wext=74.6 rebound=1
  TIER1 rest-coherence: worst=87.3deg bone[33]='bone_L-middlefinger03.mesh' count(>5deg)=34 freshRecap=0  xcheck(invOff-vs-restW) worst=87.3deg bone[33]
  TIER2 joint-attach(PRIMARY): worst=39.54u bone[13]='bone_R-hand.mesh' parent[5] R=49.4 exactJoint=0.33u pairs=30  (palette-wide exactWorst=3.44u)
[HANDS_ATTACH] mesh='hands_naked.mesh' owner='hands_naked.mesh' frame=2799 nb=38 wext=78.4 rebound=1
  TIER1 rest-coherence: worst=87.3deg bone[33]='bone_L-middlefinger03.mesh' count(>5deg)=34 freshRecap=0  xcheck(invOff-vs-restW) worst=87.3deg bone[33]
  TIER2 joint-attach(PRIMARY): worst=68.18u bone[13]='bone_R-hand.mesh' parent[5] R=49.4 exactJoint=0.00u pairs=30  (palette-wide exactWorst=5.16u)
[HANDS_ATTACH] mesh='hands_naked.mesh' owner='hands_naked.mesh' frame=2803 nb=40 wext=47.5 rebound=1
  TIER1 rest-coherence: worst=42.6deg bone[30]='bone_L-middlefinger03.mesh' count(>5deg)=36 freshRecap=0  xcheck(invOff-vs-restW) worst=42.6deg bone[30]
  TIER2 joint-attach(PRIMARY): worst=79.32u bone[0]='bone_R-middlefinger02.mesh' parent[4] R=37.3 exactJoint=4.98u pairs=36  (palette-wide exactWorst=7.05u)
[HANDS_ATTACH] mesh='hands_naked.mesh' owner='hands_naked.mesh' frame=2807 nb=38 wext=73.8 rebound=1
  TIER1 rest-coherence: worst=87.3deg bone[33]='bone_L-middlefinger03.mesh' count(>5deg)=34 freshRecap=0  xcheck(invOff-vs-restW) worst=87.3deg bone[33]
  TIER2 joint-attach(PRIMARY): worst=35.30u bone[13]='bone_R-hand.mesh' parent[5] R=49.4 exactJoint=0.33u pairs=30  (palette-wide exactWorst=2.99u)
[HANDS_ATTACH] mesh='hands_naked.mesh' owner='hands_naked.mesh' frame=2809 nb=38 wext=84.4 rebound=1
  TIER1 rest-coherence: worst=87.3deg bone[33]='bone_L-middlefinger03.mesh' count(>5deg)=34 freshRecap=0  xcheck(invOff-vs-restW) worst=87.3deg bone[33]
  TIER2 joint-attach(PRIMARY): worst=62.31u bone[13]='bone_R-hand.mesh' parent[5] R=49.4 exactJoint=0.00u pairs=30  (palette-wide exactWorst=5.50u)
[HANDS_ATTACH] mesh='hands_naked.mesh' owner='hands_naked.mesh' frame=2813 nb=40 wext=52.3 rebound=1
  TIER1 rest-coherence: worst=42.6deg bone[30]='bone_L-middlefinger03.mesh' count(>5deg)=36 freshRecap=0  xcheck(invOff-vs-restW) worst=42.6deg bone[30]
  TIER2 joint-attach(PRIMARY): worst=80.32u bone[0]='bone_R-middlefinger02.mesh' parent[4] R=37.3 exactJoint=3.37u pairs=36  (palette-wide exactWorst=7.27u)
[HANDS_ATTACH] mesh='hands_naked.mesh' owner='hands_naked.mesh' frame=2817 nb=38 wext=74.4 rebound=1
  TIER1 rest-coherence: worst=87.3deg bone[33]='bone_L-middlefinger03.mesh' count(>5deg)=34 freshRecap=0  xcheck(invOff-vs-restW) worst=87.3deg bone[33]
  TIER2 joint-attach(PRIMARY): worst=33.01u bone[18]='bone_R-pinky02.mesh' parent[14] R=47.4 exactJoint=0.00u pairs=30  (palette-wide exactWorst=3.48u)
[HANDS_ATTACH] mesh='hands_naked.mesh' owner='hands_naked.mesh' frame=2819 nb=38 wext=85.5 rebound=1
  TIER1 rest-coherence: worst=87.3deg bone[33]='bone_L-middlefinger03.mesh' count(>5deg)=34 freshRecap=0  xcheck(invOff-vs-restW) worst=87.3deg bone[33]
  TIER2 joint-attach(PRIMARY): worst=51.63u bone[9]='bone_R-thumb01.mesh' parent[13] R=48.5 exactJoint=0.00u pairs=30  (palette-wide exactWorst=0.00u)
[HANDS_ATTACH] mesh='hands_naked.mesh' owner='hands_naked.mesh' frame=2823 nb=40 wext=58.2 rebound=1
  TIER1 rest-coherence: worst=42.6deg bone[30]='bone_L-middlefinger03.mesh' count(>5deg)=36 freshRecap=0  xcheck(invOff-vs-restW) worst=42.6deg bone[30]
  TIER2 joint-attach(PRIMARY): worst=72.75u bone[5]='bone_R-ringfinger02.mesh' parent[24] R=37.9 exactJoint=0.00u pairs=36  (palette-wide exactWorst=3.92u)
[HANDS_ATTACH] mesh='hands_naked.mesh' owner='hands_naked.mesh' frame=2827 nb=38 wext=67.5 rebound=1
  TIER1 rest-coherence: worst=87.3deg bone[33]='bone_L-middlefinger03.mesh' count(>5deg)=34 freshRecap=0  xcheck(invOff-vs-restW) worst=87.3deg bone[33]
  TIER2 joint-attach(PRIMARY): worst=33.97u bone[26]='bone_L-middlefinger02.mesh' parent[23] R=47.1 exactJoint=0.00u pairs=30  (palette-wide exactWorst=5.10u)
[HANDS_ATTACH] mesh='hands_naked.mesh' owner='hands_naked.mesh' frame=2829 nb=38 wext=63.0 rebound=1
  TIER1 rest-coherence: worst=87.3deg bone[33]='bone_L-middlefinger03.mesh' count(>5deg)=34 freshRecap=0  xcheck(invOff-vs-restW) worst=87.3deg bone[33]
  TIER2 joint-attach(PRIMARY): worst=52.96u bone[13]='bone_R-hand.mesh' parent[5] R=49.4 exactJoint=0.00u pairs=30  (palette-wide exactWorst=1.67u)
[HANDS_ATTACH] mesh='hands_naked.mesh' owner='hands_naked.mesh' frame=2833 nb=40 wext=64.0 rebound=1
  TIER1 rest-coherence: worst=42.6deg bone[30]='bone_L-middlefinger03.mesh' count(>5deg)=36 freshRecap=0  xcheck(invOff-vs-restW) worst=42.6deg bone[30]
  TIER2 joint-attach(PRIMARY): worst=35.20u bone[14]='bone_R-pinky01.mesh' parent[11] R=39.0 exactJoint=0.00u pairs=36  (palette-wide exactWorst=1.92u)
[HANDS_ATTACH] mesh='hands_naked.mesh' owner='hands_naked.mesh' frame=2837 nb=38 wext=66.4 rebound=1
  TIER1 rest-coherence: worst=87.3deg bone[33]='bone_L-middlefinger03.mesh' count(>5deg)=34 freshRecap=0  xcheck(invOff-vs-restW) worst=87.3deg bone[33]
  TIER2 joint-attach(PRIMARY): worst=34.49u bone[26]='bone_L-middlefinger02.mesh' parent[23] R=47.1 exactJoint=0.00u pairs=30  (palette-wide exactWorst=5.70u)
[HANDS_ATTACH] mesh='hands_naked.mesh' owner='hands_naked.mesh' frame=2839 nb=38 wext=59.9 rebound=1
  TIER1 rest-coherence: worst=87.3deg bone[33]='bone_L-middlefinger03.mesh' count(>5deg)=34 freshRecap=0  xcheck(invOff-vs-restW) worst=87.3deg bone[33]
  TIER2 joint-attach(PRIMARY): worst=71.23u bone[18]='bone_R-pinky02.mesh' parent[14] R=47.4 exactJoint=2.26u pairs=30  (palette-wide exactWorst=10.35u)
[HANDS_ATTACH] mesh='hands_naked.mesh' owner='hands_naked.mesh' frame=2843 nb=40 wext=58.8 rebound=1
  TIER1 rest-coherence: worst=42.6deg bone[30]='bone_L-middlefinger03.mesh' count(>5deg)=36 freshRecap=0  xcheck(invOff-vs-restW) worst=42.6deg bone[30]
  TIER2 joint-attach(PRIMARY): worst=33.80u bone[14]='bone_R-pinky01.mesh' parent[11] R=39.0 exactJoint=0.00u pairs=36  (palette-wide exactWorst=1.92u)
[HANDS_ATTACH] mesh='hands_naked.mesh' owner='hands_naked.mesh' frame=2847 nb=38 wext=63.5 rebound=1
  TIER1 rest-coherence: worst=87.3deg bone[33]='bone_L-middlefinger03.mesh' count(>5deg)=34 freshRecap=0  xcheck(invOff-vs-restW) worst=87.3deg bone[33]
  TIER2 joint-attach(PRIMARY): worst=34.35u bone[29]='bone_L-hand.mesh' parent[22] R=49.4 exactJoint=0.14u pairs=30  (palette-wide exactWorst=5.72u)
[HANDS_ATTACH] mesh='hands_naked.mesh' owner='hands_naked.mesh' frame=2849 nb=38 wext=65.5 rebound=1
  TIER1 rest-coherence: worst=87.3deg bone[33]='bone_L-middlefinger03.mesh' count(>5deg)=34 freshRecap=0  xcheck(invOff-vs-restW) worst=87.3deg bone[33]
  TIER2 joint-attach(PRIMARY): worst=71.02u bone[18]='bone_R-pinky02.mesh' parent[14] R=47.4 exactJoint=2.44u pairs=30  (palette-wide exactWorst=10.36u)
[HANDS_ATTACH] mesh='hands_naked.mesh' owner='hands_naked.mesh' frame=2853 nb=40 wext=57.1 rebound=1
  TIER1 rest-coherence: worst=42.6deg bone[30]='bone_L-middlefinger03.mesh' count(>5deg)=36 freshRecap=0  xcheck(invOff-vs-restW) worst=42.6deg bone[30]
  TIER2 joint-attach(PRIMARY): worst=32.42u bone[14]='bone_R-pinky01.mesh' parent[11] R=39.0 exactJoint=0.00u pairs=36  (palette-wide exactWorst=1.92u)
[HANDS_ATTACH] mesh='hands_naked.mesh' owner='hands_naked.mesh' frame=2857 nb=38 wext=66.9 rebound=1
  TIER1 rest-coherence: worst=87.3deg bone[33]='bone_L-middlefinger03.mesh' count(>5deg)=34 freshRecap=0  xcheck(invOff-vs-restW) worst=87.3deg bone[33]
  TIER2 joint-attach(PRIMARY): worst=36.73u bone[13]='bone_R-hand.mesh' parent[5] R=49.4 exactJoint=0.33u pairs=30  (palette-wide exactWorst=4.07u)
[HANDS_ATTACH] mesh='hands_naked.mesh' owner='hands_naked.mesh' frame=2859 nb=38 wext=64.4 rebound=1
  TIER1 rest-coherence: worst=87.3deg bone[33]='bone_L-middlefinger03.mesh' count(>5deg)=34 freshRecap=0  xcheck(invOff-vs-restW) worst=87.3deg bone[33]
  TIER2 joint-attach(PRIMARY): worst=71.02u bone[18]='bone_R-pinky02.mesh' parent[14] R=47.4 exactJoint=2.44u pairs=30  (palette-wide exactWorst=10.36u)
[HANDS_ATTACH] mesh='hands_naked.mesh' owner='hands_naked.mesh' frame=2863 nb=40 wext=55.5 rebound=1
  TIER1 rest-coherence: worst=42.6deg bone[30]='bone_L-middlefinger03.mesh' count(>5deg)=36 freshRecap=0  xcheck(invOff-vs-restW) worst=42.6deg bone[30]
  TIER2 joint-attach(PRIMARY): worst=31.09u bone[14]='bone_R-pinky01.mesh' parent[11] R=39.0 exactJoint=0.00u pairs=36  (palette-wide exactWorst=1.92u)
[HANDS_ATTACH] mesh='hands_naked.mesh' owner='hands_naked.mesh' frame=2867 nb=38 wext=68.6 rebound=1
  TIER1 rest-coherence: worst=87.3deg bone[33]='bone_L-middlefinger03.mesh' count(>5deg)=34 freshRecap=0  xcheck(invOff-vs-restW) worst=87.3deg bone[33]
  TIER2 joint-attach(PRIMARY): worst=38.64u bone[13]='bone_R-hand.mesh' parent[5] R=49.4 exactJoint=0.33u pairs=30  (palette-wide exactWorst=2.95u)
[HANDS_ATTACH] mesh='hands_naked.mesh' owner='hands_naked.mesh' frame=2869 nb=38 wext=61.2 rebound=1
  TIER1 rest-coherence: worst=87.3deg bone[33]='bone_L-middlefinger03.mesh' count(>5deg)=34 freshRecap=0  xcheck(invOff-vs-restW) worst=87.3deg bone[33]
  TIER2 joint-attach(PRIMARY): worst=71.02u bone[18]='bone_R-pinky02.mesh' parent[14] R=47.4 exactJoint=2.44u pairs=30  (palette-wide exactWorst=10.36u)
[HANDS_ATTACH] mesh='hands_naked.mesh' owner='hands_naked.mesh' frame=2873 nb=40 wext=59.5 rebound=1
  TIER1 rest-coherence: worst=42.6deg bone[30]='bone_L-middlefinger03.mesh' count(>5deg)=36 freshRecap=0  xcheck(invOff-vs-restW) worst=42.6deg bone[30]
  TIER2 joint-attach(PRIMARY): worst=29.80u bone[14]='bone_R-pinky01.mesh' parent[11] R=39.0 exactJoint=0.00u pairs=36  (palette-wide exactWorst=1.92u)
[HANDS_ATTACH] mesh='hands_naked.mesh' owner='hands_naked.mesh' frame=2877 nb=38 wext=66.6 rebound=1
  TIER1 rest-coherence: worst=87.3deg bone[33]='bone_L-middlefinger03.mesh' count(>5deg)=34 freshRecap=0  xcheck(invOff-vs-restW) worst=87.3deg bone[33]
  TIER2 joint-attach(PRIMARY): worst=35.75u bone[13]='bone_R-hand.mesh' parent[5] R=49.4 exactJoint=0.33u pairs=30  (palette-wide exactWorst=3.47u)
[HANDS_ATTACH] mesh='hands_naked.mesh' owner='hands_naked.mesh' frame=2879 nb=38 wext=85.5 rebound=1
  TIER1 rest-coherence: worst=87.3deg bone[33]='bone_L-middlefinger03.mesh' count(>5deg)=34 freshRecap=0  xcheck(invOff-vs-restW) worst=87.3deg bone[33]
  TIER2 joint-attach(PRIMARY): worst=52.98u bone[29]='bone_L-hand.mesh' parent[22] R=49.4 exactJoint=0.00u pairs=30  (palette-wide exactWorst=0.00u)
[HANDS_ATTACH] mesh='hands_naked.mesh' owner='hands_naked.mesh' frame=2883 nb=40 wext=60.4 rebound=1
  TIER1 rest-coherence: worst=42.6deg bone[30]='bone_L-middlefinger03.mesh' count(>5deg)=36 freshRecap=0  xcheck(invOff-vs-restW) worst=42.6deg bone[30]
  TIER2 joint-attach(PRIMARY): worst=28.54u bone[14]='bone_R-pinky01.mesh' parent[11] R=39.0 exactJoint=0.00u pairs=36  (palette-wide exactWorst=1.92u)
[HANDS_ATTACH] mesh='hands_naked.mesh' owner='hands_naked.mesh' frame=2887 nb=38 wext=71.2 rebound=1
  TIER1 rest-coherence: worst=87.3deg bone[33]='bone_L-middlefinger03.mesh' count(>5deg)=34 freshRecap=0  xcheck(invOff-vs-restW) worst=87.3deg bone[33]
  TIER2 joint-attach(PRIMARY): worst=34.63u bone[13]='bone_R-hand.mesh' parent[5] R=49.4 exactJoint=0.33u pairs=30  (palette-wide exactWorst=3.51u)
[HANDS_ATTACH] mesh='hands_naked.mesh' owner='hands_naked.mesh' frame=2889 nb=38 wext=75.4 rebound=1
  TIER1 rest-coherence: worst=87.3deg bone[33]='bone_L-middlefinger03.mesh' count(>5deg)=34 freshRecap=0  xcheck(invOff-vs-restW) worst=87.3deg bone[33]
  TIER2 joint-attach(PRIMARY): worst=71.41u bone[29]='bone_L-hand.mesh' parent[22] R=49.4 exactJoint=0.00u pairs=30  (palette-wide exactWorst=0.00u)
[HANDS_ATTACH] mesh='hands_naked.mesh' owner='hands_naked.mesh' frame=2893 nb=40 wext=64.6 rebound=1
  TIER1 rest-coherence: worst=42.6deg bone[30]='bone_L-middlefinger03.mesh' count(>5deg)=36 freshRecap=0  xcheck(invOff-vs-restW) worst=42.6deg bone[30]
  TIER2 joint-attach(PRIMARY): worst=28.51u bone[39]='bone_L-ringfinger02.mesh' parent[38] R=37.9 exactJoint=0.11u pairs=36  (palette-wide exactWorst=1.92u)
[HANDS_ATTACH] mesh='hands_naked.mesh' owner='hands_naked.mesh' frame=2897 nb=38 wext=70.0 rebound=1
  TIER1 rest-coherence: worst=87.3deg bone[33]='bone_L-middlefinger03.mesh' count(>5deg)=34 freshRecap=0  xcheck(invOff-vs-restW) worst=87.3deg bone[33]
  TIER2 joint-attach(PRIMARY): worst=33.29u bone[13]='bone_R-hand.mesh' parent[5] R=49.4 exactJoint=0.33u pairs=30  (palette-wide exactWorst=3.91u)
[HANDS_ATTACH] mesh='hands_naked.mesh' owner='hands_naked.mesh' frame=2899 nb=38 wext=59.9 rebound=1
  TIER1 rest-coherence: worst=87.3deg bone[33]='bone_L-middlefinger03.mesh' count(>5deg)=34 freshRecap=0  xcheck(invOff-vs-restW) worst=87.3deg bone[33]
  TIER2 joint-attach(PRIMARY): worst=58.37u bone[29]='bone_L-hand.mesh' parent[22] R=49.4 exactJoint=0.00u pairs=30  (palette-wide exactWorst=0.00u)
[HANDS_ATTACH] mesh='hands_naked.mesh' owner='hands_naked.mesh' frame=2903 nb=40 wext=62.6 rebound=1
  TIER1 rest-coherence: worst=42.6deg bone[30]='bone_L-middlefinger03.mesh' count(>5deg)=36 freshRecap=0  xcheck(invOff-vs-restW) worst=42.6deg bone[30]
  TIER2 joint-attach(PRIMARY): worst=28.52u bone[39]='bone_L-ringfinger02.mesh' parent[38] R=37.9 exactJoint=0.11u pairs=36  (palette-wide exactWorst=1.92u)
[HANDS_ATTACH] mesh='hands_naked.mesh' owner='hands_naked.mesh' frame=2907 nb=38 wext=67.2 rebound=1
  TIER1 rest-coherence: worst=87.3deg bone[33]='bone_L-middlefinger03.mesh' count(>5deg)=34 freshRecap=0  xcheck(invOff-vs-restW) worst=87.3deg bone[33]
  TIER2 joint-attach(PRIMARY): worst=33.22u bone[26]='bone_L-middlefinger02.mesh' parent[23] R=47.1 exactJoint=0.00u pairs=30  (palette-wide exactWorst=4.29u)
[HANDS_ATTACH] mesh='hands_naked.mesh' owner='hands_naked.mesh' frame=2909 nb=38 wext=64.1 rebound=1
  TIER1 rest-coherence: worst=87.3deg bone[33]='bone_L-middlefinger03.mesh' count(>5deg)=34 freshRecap=0  xcheck(invOff-vs-restW) worst=87.3deg bone[33]
  TIER2 joint-attach(PRIMARY): worst=57.55u bone[29]='bone_L-hand.mesh' parent[22] R=49.4 exactJoint=0.00u pairs=30  (palette-wide exactWorst=0.00u)
[HANDS_ATTACH] mesh='hands_naked.mesh' owner='hands_naked.mesh' frame=2913 nb=40 wext=65.6 rebound=1
  TIER1 rest-coherence: worst=42.6deg bone[30]='bone_L-middlefinger03.mesh' count(>5deg)=36 freshRecap=0  xcheck(invOff-vs-restW) worst=42.6deg bone[30]
  TIER2 joint-attach(PRIMARY): worst=28.52u bone[39]='bone_L-ringfinger02.mesh' parent[38] R=37.9 exactJoint=0.11u pairs=36  (palette-wide exactWorst=1.92u)
[HANDS_ATTACH] mesh='hands_naked.mesh' owner='hands_naked.mesh' frame=2917 nb=38 wext=67.5 rebound=1
  TIER1 rest-coherence: worst=87.3deg bone[33]='bone_L-middlefinger03.mesh' count(>5deg)=34 freshRecap=0  xcheck(invOff-vs-restW) worst=87.3deg bone[33]
  TIER2 joint-attach(PRIMARY): worst=33.08u bone[26]='bone_L-middlefinger02.mesh' parent[23] R=47.1 exactJoint=0.00u pairs=30  (palette-wide exactWorst=4.09u)
[HANDS_ATTACH] mesh='hands_naked.mesh' owner='hands_naked.mesh' frame=2919 nb=38 wext=76.8 rebound=1
  TIER1 rest-coherence: worst=87.3deg bone[33]='bone_L-middlefinger03.mesh' count(>5deg)=34 freshRecap=0  xcheck(invOff-vs-restW) worst=87.3deg bone[33]
  TIER2 joint-attach(PRIMARY): worst=61.83u bone[29]='bone_L-hand.mesh' parent[22] R=49.4 exactJoint=0.00u pairs=30  (palette-wide exactWorst=0.00u)
[HANDS_ATTACH] mesh='hands_naked.mesh' owner='hands_naked.mesh' frame=2923 nb=40 wext=69.2 rebound=1
  TIER1 rest-coherence: worst=42.6deg bone[30]='bone_L-middlefinger03.mesh' count(>5deg)=36 freshRecap=0  xcheck(invOff-vs-restW) worst=42.6deg bone[30]
  TIER2 joint-attach(PRIMARY): worst=28.51u bone[39]='bone_L-ringfinger02.mesh' parent[38] R=37.9 exactJoint=0.11u pairs=36  (palette-wide exactWorst=1.92u)
[HANDS_ATTACH] mesh='hands_naked.mesh' owner='hands_naked.mesh' frame=2927 nb=38 wext=67.8 rebound=1
  TIER1 rest-coherence: worst=87.3deg bone[33]='bone_L-middlefinger03.mesh' count(>5deg)=34 freshRecap=0  xcheck(invOff-vs-restW) worst=87.3deg bone[33]
  TIER2 joint-attach(PRIMARY): worst=32.97u bone[18]='bone_R-pinky02.mesh' parent[14] R=47.4 exactJoint=0.00u pairs=30  (palette-wide exactWorst=3.71u)
[HANDS_ATTACH] mesh='hands_naked.mesh' owner='hands_naked.mesh' frame=2929 nb=38 wext=77.7 rebound=1
  TIER1 rest-coherence: worst=87.3deg bone[33]='bone_L-middlefinger03.mesh' count(>5deg)=34 freshRecap=0  xcheck(invOff-vs-restW) worst=87.3deg bone[33]
  TIER2 joint-attach(PRIMARY): worst=55.33u bone[29]='bone_L-hand.mesh' parent[22] R=49.4 exactJoint=0.00u pairs=30  (palette-wide exactWorst=0.00u)
[HANDS_ATTACH] mesh='hands_naked.mesh' owner='hands_naked.mesh' frame=2933 nb=40 wext=59.7 rebound=1
  TIER1 rest-coherence: worst=42.6deg bone[30]='bone_L-middlefinger03.mesh' count(>5deg)=36 freshRecap=0  xcheck(invOff-vs-restW) worst=42.6deg bone[30]
  TIER2 joint-attach(PRIMARY): worst=14.10u bone[16]='bone_R-thumb01.mesh' parent[1] R=38.3 exactJoint=0.00u pairs=36  (palette-wide exactWorst=0.04u)
[HANDS_ATTACH] mesh='hands_naked.mesh' owner='hands_naked.mesh' frame=2937 nb=38 wext=83.5 rebound=1
  TIER1 rest-coherence: worst=87.3deg bone[33]='bone_L-middlefinger03.mesh' count(>5deg)=34 freshRecap=0  xcheck(invOff-vs-restW) worst=87.3deg bone[33]
  TIER2 joint-attach(PRIMARY): worst=35.54u bone[13]='bone_R-hand.mesh' parent[5] R=49.4 exactJoint=0.33u pairs=30  (palette-wide exactWorst=3.14u)
[HANDS_ATTACH] mesh='hands_naked.mesh' owner='hands_naked.mesh' frame=2939 nb=38 wext=78.9 rebound=1
  TIER1 rest-coherence: worst=87.3deg bone[33]='bone_L-middlefinger03.mesh' count(>5deg)=34 freshRecap=0  xcheck(invOff-vs-restW) worst=87.3deg bone[33]
  TIER2 joint-attach(PRIMARY): worst=55.27u bone[29]='bone_L-hand.mesh' parent[22] R=49.4 exactJoint=0.00u pairs=30  (palette-wide exactWorst=0.00u)
[HANDS_ATTACH] mesh='hands_naked.mesh' owner='hands_naked.mesh' frame=2943 nb=40 wext=62.3 rebound=1
  TIER1 rest-coherence: worst=42.6deg bone[30]='bone_L-middlefinger03.mesh' count(>5deg)=36 freshRecap=0  xcheck(invOff-vs-restW) worst=42.6deg bone[30]
  TIER2 joint-attach(PRIMARY): worst=14.63u bone[16]='bone_R-thumb01.mesh' parent[1] R=38.3 exactJoint=0.00u pairs=36  (palette-wide exactWorst=0.04u)
[HANDS_ATTACH] mesh='hands_naked.mesh' owner='hands_naked.mesh' frame=2947 nb=38 wext=83.4 rebound=1
  TIER1 rest-coherence: worst=87.3deg bone[33]='bone_L-middlefinger03.mesh' count(>5deg)=34 freshRecap=0  xcheck(invOff-vs-restW) worst=87.3deg bone[33]
  TIER2 joint-attach(PRIMARY): worst=34.57u bone[13]='bone_R-hand.mesh' parent[5] R=49.4 exactJoint=0.33u pairs=30  (palette-wide exactWorst=3.15u)
[HANDS_ATTACH] mesh='hands_naked.mesh' owner='hands_naked.mesh' frame=2949 nb=38 wext=75.6 rebound=1
  TIER1 rest-coherence: worst=87.3deg bone[33]='bone_L-middlefinger03.mesh' count(>5deg)=34 freshRecap=0  xcheck(invOff-vs-restW) worst=87.3deg bone[33]
  TIER2 joint-attach(PRIMARY): worst=52.71u bone[29]='bone_L-hand.mesh' parent[22] R=49.4 exactJoint=0.00u pairs=30  (palette-wide exactWorst=0.00u)
[HANDS_ATTACH] mesh='hands_naked.mesh' owner='hands_naked.mesh' frame=2953 nb=40 wext=64.3 rebound=1
  TIER1 rest-coherence: worst=42.6deg bone[30]='bone_L-middlefinger03.mesh' count(>5deg)=36 freshRecap=0  xcheck(invOff-vs-restW) worst=42.6deg bone[30]
  TIER2 joint-attach(PRIMARY): worst=15.96u bone[16]='bone_R-thumb01.mesh' parent[1] R=38.3 exactJoint=0.00u pairs=36  (palette-wide exactWorst=0.04u)
[HANDS_ATTACH] mesh='hands_naked.mesh' owner='hands_naked.mesh' frame=2957 nb=38 wext=83.3 rebound=1
  TIER1 rest-coherence: worst=87.3deg bone[33]='bone_L-middlefinger03.mesh' count(>5deg)=34 freshRecap=0  xcheck(invOff-vs-restW) worst=87.3deg bone[33]
  TIER2 joint-attach(PRIMARY): worst=33.08u bone[18]='bone_R-pinky02.mesh' parent[14] R=47.4 exactJoint=0.00u pairs=30  (palette-wide exactWorst=3.21u)
[HANDS_ATTACH] mesh='hands_naked.mesh' owner='hands_naked.mesh' frame=2959 nb=38 wext=71.3 rebound=1
  TIER1 rest-coherence: worst=87.3deg bone[33]='bone_L-middlefinger03.mesh' count(>5deg)=34 freshRecap=0  xcheck(invOff-vs-restW) worst=87.3deg bone[33]
  TIER2 joint-attach(PRIMARY): worst=48.57u bone[29]='bone_L-hand.mesh' parent[22] R=49.4 exactJoint=0.00u pairs=30  (palette-wide exactWorst=0.00u)
[HANDS_ATTACH] mesh='hands_naked.mesh' owner='hands_naked.mesh' frame=2963 nb=40 wext=63.8 rebound=1
  TIER1 rest-coherence: worst=42.6deg bone[30]='bone_L-middlefinger03.mesh' count(>5deg)=36 freshRecap=0  xcheck(invOff-vs-restW) worst=42.6deg bone[30]
  TIER2 joint-attach(PRIMARY): worst=17.76u bone[16]='bone_R-thumb01.mesh' parent[1] R=38.3 exactJoint=0.00u pairs=36  (palette-wide exactWorst=0.04u)
[HANDS_ATTACH] mesh='hands_naked.mesh' owner='hands_naked.mesh' frame=2967 nb=38 wext=83.1 rebound=1
  TIER1 rest-coherence: worst=87.3deg bone[33]='bone_L-middlefinger03.mesh' count(>5deg)=34 freshRecap=0  xcheck(invOff-vs-restW) worst=87.3deg bone[33]
  TIER2 joint-attach(PRIMARY): worst=32.99u bone[18]='bone_R-pinky02.mesh' parent[14] R=47.4 exactJoint=0.00u pairs=30  (palette-wide exactWorst=3.27u)
[HANDS_ATTACH] mesh='hands_naked.mesh' owner='hands_naked.mesh' frame=2969 nb=38 wext=69.8 rebound=1
  TIER1 rest-coherence: worst=87.3deg bone[33]='bone_L-middlefinger03.mesh' count(>5deg)=34 freshRecap=0  xcheck(invOff-vs-restW) worst=87.3deg bone[33]
  TIER2 joint-attach(PRIMARY): worst=47.66u bone[29]='bone_L-hand.mesh' parent[22] R=49.4 exactJoint=0.00u pairs=30  (palette-wide exactWorst=0.00u)
[HANDS_ATTACH] mesh='hands_naked.mesh' owner='hands_naked.mesh' frame=2973 nb=40 wext=64.1 rebound=1
  TIER1 rest-coherence: worst=42.6deg bone[30]='bone_L-middlefinger03.mesh' count(>5deg)=36 freshRecap=0  xcheck(invOff-vs-restW) worst=42.6deg bone[30]
  TIER2 joint-attach(PRIMARY): worst=19.68u bone[16]='bone_R-thumb01.mesh' parent[1] R=38.3 exactJoint=0.00u pairs=36  (palette-wide exactWorst=0.04u)
[HANDS_ATTACH] mesh='hands_naked.mesh' owner='hands_naked.mesh' frame=2977 nb=38 wext=82.8 rebound=1
  TIER1 rest-coherence: worst=87.3deg bone[33]='bone_L-middlefinger03.mesh' count(>5deg)=34 freshRecap=0  xcheck(invOff-vs-restW) worst=87.3deg bone[33]
  TIER2 joint-attach(PRIMARY): worst=32.97u bone[18]='bone_R-pinky02.mesh' parent[14] R=47.4 exactJoint=0.00u pairs=30  (palette-wide exactWorst=3.30u)
[HANDS_ATTACH] mesh='hands_naked.mesh' owner='hands_naked.mesh' frame=2979 nb=38 wext=68.8 rebound=1
  TIER1 rest-coherence: worst=87.3deg bone[33]='bone_L-middlefinger03.mesh' count(>5deg)=34 freshRecap=0  xcheck(invOff-vs-restW) worst=87.3deg bone[33]
  TIER2 joint-attach(PRIMARY): worst=44.20u bone[29]='bone_L-hand.mesh' parent[22] R=49.4 exactJoint=0.00u pairs=30  (palette-wide exactWorst=0.00u)
[HANDS_ATTACH] mesh='hands_naked.mesh' owner='hands_naked.mesh' frame=2983 nb=40 wext=61.7 rebound=1
  TIER1 rest-coherence: worst=42.6deg bone[30]='bone_L-middlefinger03.mesh' count(>5deg)=36 freshRecap=0  xcheck(invOff-vs-restW) worst=42.6deg bone[30]
  TIER2 joint-attach(PRIMARY): worst=21.28u bone[16]='bone_R-thumb01.mesh' parent[1] R=38.3 exactJoint=0.00u pairs=36  (palette-wide exactWorst=0.04u)
[HANDS_ATTACH] mesh='hands_naked.mesh' owner='hands_naked.mesh' frame=2987 nb=38 wext=81.8 rebound=1
  TIER1 rest-coherence: worst=87.3deg bone[33]='bone_L-middlefinger03.mesh' count(>5deg)=34 freshRecap=0  xcheck(invOff-vs-restW) worst=87.3deg bone[33]
  TIER2 joint-attach(PRIMARY): worst=33.35u bone[13]='bone_R-hand.mesh' parent[5] R=49.4 exactJoint=0.33u pairs=30  (palette-wide exactWorst=3.41u)
[HANDS_ATTACH] mesh='hands_naked.mesh' owner='hands_naked.mesh' frame=2989 nb=38 wext=59.5 rebound=1
  TIER1 rest-coherence: worst=87.3deg bone[33]='bone_L-middlefinger03.mesh' count(>5deg)=34 freshRecap=0  xcheck(invOff-vs-restW) worst=87.3deg bone[33]
  TIER2 joint-attach(PRIMARY): worst=31.66u bone[33]='bone_L-middlefinger03.mesh' parent[26] R=47.0 exactJoint=0.00u pairs=30  (palette-wide exactWorst=0.00u)
[HANDS_ATTACH] mesh='hands_naked.mesh' owner='hands_naked.mesh' frame=2993 nb=40 wext=60.4 rebound=1
  TIER1 rest-coherence: worst=42.6deg bone[30]='bone_L-middlefinger03.mesh' count(>5deg)=36 freshRecap=0  xcheck(invOff-vs-restW) worst=42.6deg bone[30]
  TIER2 joint-attach(PRIMARY): worst=22.20u bone[16]='bone_R-thumb01.mesh' parent[1] R=38.3 exactJoint=0.00u pairs=36  (palette-wide exactWorst=0.04u)
[HANDS_ATTACH] mesh='hands_naked.mesh' owner='hands_naked.mesh' frame=2997 nb=38 wext=81.9 rebound=1
  TIER1 rest-coherence: worst=87.3deg bone[33]='bone_L-middlefinger03.mesh' count(>5deg)=34 freshRecap=0  xcheck(invOff-vs-restW) worst=87.3deg bone[33]
  TIER2 joint-attach(PRIMARY): worst=33.38u bone[13]='bone_R-hand.mesh' parent[5] R=49.4 exactJoint=0.33u pairs=30  (palette-wide exactWorst=3.56u)
[HANDS_ATTACH] mesh='hands_naked.mesh' owner='hands_naked.mesh' frame=2999 nb=38 wext=58.0 rebound=1
  TIER1 rest-coherence: worst=87.3deg bone[33]='bone_L-middlefinger03.mesh' count(>5deg)=34 freshRecap=0  xcheck(invOff-vs-restW) worst=87.3deg bone[33]
  TIER2 joint-attach(PRIMARY): worst=31.66u bone[33]='bone_L-middlefinger03.mesh' parent[26] R=47.0 exactJoint=0.00u pairs=30  (palette-wide exactWorst=0.00u)
[HANDS_ATTACH] mesh='hands_naked.mesh' owner='hands_naked.mesh' frame=3003 nb=40 wext=59.6 rebound=1
  TIER1 rest-coherence: worst=42.6deg bone[30]='bone_L-middlefinger03.mesh' count(>5deg)=36 freshRecap=0  xcheck(invOff-vs-restW) worst=42.6deg bone[30]
  TIER2 joint-attach(PRIMARY): worst=22.05u bone[16]='bone_R-thumb01.mesh' parent[1] R=38.3 exactJoint=0.00u pairs=36  (palette-wide exactWorst=0.04u)
[HANDS_ATTACH] mesh='hands_naked.mesh' owner='hands_naked.mesh' frame=3007 nb=38 wext=82.5 rebound=1
  TIER1 rest-coherence: worst=87.3deg bone[33]='bone_L-middlefinger03.mesh' count(>5deg)=34 freshRecap=0  xcheck(invOff-vs-restW) worst=87.3deg bone[33]
  TIER2 joint-attach(PRIMARY): worst=33.22u bone[13]='bone_R-hand.mesh' parent[5] R=49.4 exactJoint=0.33u pairs=30  (palette-wide exactWorst=3.71u)
[HANDS_ATTACH] mesh='hands_naked.mesh' owner='hands_naked.mesh' frame=3009 nb=38 wext=57.7 rebound=1
  TIER1 rest-coherence: worst=87.3deg bone[33]='bone_L-middlefinger03.mesh' count(>5deg)=34 freshRecap=0  xcheck(invOff-vs-restW) worst=87.3deg bone[33]
  TIER2 joint-attach(PRIMARY): worst=30.82u bone[33]='bone_L-middlefinger03.mesh' parent[26] R=47.0 exactJoint=0.39u pairs=30  (palette-wide exactWorst=0.39u)
[HANDS_ATTACH] mesh='hands_naked.mesh' owner='hands_naked.mesh' frame=3013 nb=40 wext=61.2 rebound=1
  TIER1 rest-coherence: worst=42.6deg bone[30]='bone_L-middlefinger03.mesh' count(>5deg)=36 freshRecap=0  xcheck(invOff-vs-restW) worst=42.6deg bone[30]
  TIER2 joint-attach(PRIMARY): worst=20.28u bone[16]='bone_R-thumb01.mesh' parent[1] R=38.3 exactJoint=0.00u pairs=36  (palette-wide exactWorst=0.04u)
[HANDS_ATTACH] mesh='hands_naked.mesh' owner='hands_naked.mesh' frame=3017 nb=38 wext=82.8 rebound=1
  TIER1 rest-coherence: worst=87.3deg bone[33]='bone_L-middlefinger03.mesh' count(>5deg)=34 freshRecap=0  xcheck(invOff-vs-restW) worst=87.3deg bone[33]
  TIER2 joint-attach(PRIMARY): worst=33.21u bone[13]='bone_R-hand.mesh' parent[5] R=49.4 exactJoint=0.33u pairs=30  (palette-wide exactWorst=3.84u)
[HANDS_ATTACH] mesh='hands_naked.mesh' owner='hands_naked.mesh' frame=3019 nb=38 wext=73.5 rebound=1
  TIER1 rest-coherence: worst=87.3deg bone[33]='bone_L-middlefinger03.mesh' count(>5deg)=34 freshRecap=0  xcheck(invOff-vs-restW) worst=87.3deg bone[33]
  TIER2 joint-attach(PRIMARY): worst=71.02u bone[18]='bone_R-pinky02.mesh' parent[14] R=47.4 exactJoint=2.44u pairs=30  (palette-wide exactWorst=10.36u)
[HANDS_ATTACH] mesh='hands_naked.mesh' owner='hands_naked.mesh' frame=3023 nb=40 wext=61.2 rebound=1
  TIER1 rest-coherence: worst=42.6deg bone[30]='bone_L-middlefinger03.mesh' count(>5deg)=36 freshRecap=0  xcheck(invOff-vs-restW) worst=42.6deg bone[30]
  TIER2 joint-attach(PRIMARY): worst=16.60u bone[16]='bone_R-thumb01.mesh' parent[1] R=38.3 exactJoint=0.00u pairs=36  (palette-wide exactWorst=0.04u)
[HANDS_ATTACH] mesh='hands_naked.mesh' owner='hands_naked.mesh' frame=3027 nb=38 wext=82.4 rebound=1
  TIER1 rest-coherence: worst=87.3deg bone[33]='bone_L-middlefinger03.mesh' count(>5deg)=34 freshRecap=0  xcheck(invOff-vs-restW) worst=87.3deg bone[33]
  TIER2 joint-attach(PRIMARY): worst=34.33u bone[13]='bone_R-hand.mesh' parent[5] R=49.4 exactJoint=0.33u pairs=30  (palette-wide exactWorst=3.97u)
[HANDS_ATTACH] mesh='hands_naked.mesh' owner='hands_naked.mesh' frame=3029 nb=38 wext=58.5 rebound=1
  TIER1 rest-coherence: worst=87.3deg bone[33]='bone_L-middlefinger03.mesh' count(>5deg)=34 freshRecap=0  xcheck(invOff-vs-restW) worst=87.3deg bone[33]
  TIER2 joint-attach(PRIMARY): worst=71.02u bone[18]='bone_R-pinky02.mesh' parent[14] R=47.4 exactJoint=2.44u pairs=30  (palette-wide exactWorst=10.36u)
[HANDS_ATTACH] mesh='hands_naked.mesh' owner='hands_naked.mesh' frame=3033 nb=40 wext=59.0 rebound=1
  TIER1 rest-coherence: worst=42.6deg bone[30]='bone_L-middlefinger03.mesh' count(>5deg)=36 freshRecap=0  xcheck(invOff-vs-restW) worst=42.6deg bone[30]
  TIER2 joint-attach(PRIMARY): worst=13.05u bone[18]='bone_R-index01.mesh' parent[1] R=37.5 exactJoint=0.00u pairs=36  (palette-wide exactWorst=0.04u)
[HANDS_ATTACH] mesh='hands_naked.mesh' owner='hands_naked.mesh' frame=3037 nb=38 wext=82.2 rebound=1
  TIER1 rest-coherence: worst=87.3deg bone[33]='bone_L-middlefinger03.mesh' count(>5deg)=34 freshRecap=0  xcheck(invOff-vs-restW) worst=87.3deg bone[33]
  TIER2 joint-attach(PRIMARY): worst=36.09u bone[13]='bone_R-hand.mesh' parent[5] R=49.4 exactJoint=0.33u pairs=30  (palette-wide exactWorst=3.99u)
[HANDS_ATTACH] mesh='hands_naked.mesh' owner='hands_naked.mesh' frame=3039 nb=38 wext=65.7 rebound=1
  TIER1 rest-coherence: worst=87.3deg bone[33]='bone_L-middlefinger03.mesh' count(>5deg)=34 freshRecap=0  xcheck(invOff-vs-restW) worst=87.3deg bone[33]
  TIER2 joint-attach(PRIMARY): worst=71.02u bone[18]='bone_R-pinky02.mesh' parent[14] R=47.4 exactJoint=2.44u pairs=30  (palette-wide exactWorst=10.36u)
[HANDS_ATTACH] mesh='hands_naked.mesh' owner='hands_naked.mesh' frame=3043 nb=40 wext=36.5 rebound=1
  TIER1 rest-coherence: worst=42.6deg bone[30]='bone_L-middlefinger03.mesh' count(>5deg)=36 freshRecap=0  xcheck(invOff-vs-restW) worst=42.6deg bone[30]
  TIER2 joint-attach(PRIMARY): worst=51.41u bone[16]='bone_R-thumb01.mesh' parent[1] R=38.3 exactJoint=0.00u pairs=36  (palette-wide exactWorst=1.45u)
[HANDS_ATTACH] mesh='hands_naked.mesh' owner='hands_naked.mesh' frame=3047 nb=38 wext=82.1 rebound=1
  TIER1 rest-coherence: worst=87.3deg bone[33]='bone_L-middlefinger03.mesh' count(>5deg)=34 freshRecap=0  xcheck(invOff-vs-restW) worst=87.3deg bone[33]
  TIER2 joint-attach(PRIMARY): worst=37.81u bone[13]='bone_R-hand.mesh' parent[5] R=49.4 exactJoint=0.33u pairs=30  (palette-wide exactWorst=3.93u)
[HANDS_ATTACH] mesh='hands_naked.mesh' owner='hands_naked.mesh' frame=3049 nb=38 wext=80.6 rebound=1
  TIER1 rest-coherence: worst=87.3deg bone[33]='bone_L-middlefinger03.mesh' count(>5deg)=34 freshRecap=0  xcheck(invOff-vs-restW) worst=87.3deg bone[33]
  TIER2 joint-attach(PRIMARY): worst=71.02u bone[18]='bone_R-pinky02.mesh' parent[14] R=47.4 exactJoint=2.44u pairs=30  (palette-wide exactWorst=10.36u)
[HANDS_ATTACH] mesh='hands_naked.mesh' owner='hands_naked.mesh' frame=3053 nb=40 wext=39.9 rebound=1
  TIER1 rest-coherence: worst=42.6deg bone[30]='bone_L-middlefinger03.mesh' count(>5deg)=36 freshRecap=0  xcheck(invOff-vs-restW) worst=42.6deg bone[30]
  TIER2 joint-attach(PRIMARY): worst=54.04u bone[16]='bone_R-thumb01.mesh' parent[1] R=38.3 exactJoint=0.05u pairs=36  (palette-wide exactWorst=2.07u)
[HANDS_ATTACH] mesh='hands_naked.mesh' owner='hands_naked.mesh' frame=3057 nb=38 wext=82.1 rebound=1
  TIER1 rest-coherence: worst=87.3deg bone[33]='bone_L-middlefinger03.mesh' count(>5deg)=34 freshRecap=0  xcheck(invOff-vs-restW) worst=87.3deg bone[33]
  TIER2 joint-attach(PRIMARY): worst=37.88u bone[13]='bone_R-hand.mesh' parent[5] R=49.4 exactJoint=0.33u pairs=30  (palette-wide exactWorst=3.81u)
[HANDS_ATTACH] mesh='hands_naked.mesh' owner='hands_naked.mesh' frame=3059 nb=38 wext=86.9 rebound=1
  TIER1 rest-coherence: worst=87.3deg bone[33]='bone_L-middlefinger03.mesh' count(>5deg)=34 freshRecap=0  xcheck(invOff-vs-restW) worst=87.3deg bone[33]
  TIER2 joint-attach(PRIMARY): worst=71.02u bone[18]='bone_R-pinky02.mesh' parent[14] R=47.4 exactJoint=2.44u pairs=30  (palette-wide exactWorst=10.36u)
[HANDS_ATTACH] mesh='hands_naked.mesh' owner='hands_naked.mesh' frame=3063 nb=40 wext=39.4 rebound=1
  TIER1 rest-coherence: worst=42.6deg bone[30]='bone_L-middlefinger03.mesh' count(>5deg)=36 freshRecap=0  xcheck(invOff-vs-restW) worst=42.6deg bone[30]
  TIER2 joint-attach(PRIMARY): worst=47.77u bone[16]='bone_R-thumb01.mesh' parent[1] R=38.3 exactJoint=0.00u pairs=36  (palette-wide exactWorst=1.33u)
[HANDS_ATTACH] mesh='hands_naked.mesh' owner='hands_naked.mesh' frame=3067 nb=38 wext=82.2 rebound=1
  TIER1 rest-coherence: worst=87.3deg bone[33]='bone_L-middlefinger03.mesh' count(>5deg)=34 freshRecap=0  xcheck(invOff-vs-restW) worst=87.3deg bone[33]
  TIER2 joint-attach(PRIMARY): worst=38.05u bone[13]='bone_R-hand.mesh' parent[5] R=49.4 exactJoint=0.33u pairs=30  (palette-wide exactWorst=3.60u)
[HANDS_ATTACH] mesh='hands_naked.mesh' owner='hands_naked.mesh' frame=3069 nb=38 wext=89.0 rebound=1
  TIER1 rest-coherence: worst=87.3deg bone[33]='bone_L-middlefinger03.mesh' count(>5deg)=34 freshRecap=0  xcheck(invOff-vs-restW) worst=87.3deg bone[33]
  TIER2 joint-attach(PRIMARY): worst=71.02u bone[18]='bone_R-pinky02.mesh' parent[14] R=47.4 exactJoint=2.44u pairs=30  (palette-wide exactWorst=10.36u)
[HANDS_ATTACH] mesh='hands_naked.mesh' owner='hands_naked.mesh' frame=3073 nb=40 wext=41.6 rebound=1
  TIER1 rest-coherence: worst=42.6deg bone[30]='bone_L-middlefinger03.mesh' count(>5deg)=36 freshRecap=0  xcheck(invOff-vs-restW) worst=42.6deg bone[30]
  TIER2 joint-attach(PRIMARY): worst=52.60u bone[5]='bone_R-ringfinger02.mesh' parent[24] R=37.9 exactJoint=1.19u pairs=36  (palette-wide exactWorst=3.38u)
[HANDS_ATTACH] mesh='hands_naked.mesh' owner='hands_naked.mesh' frame=3077 nb=38 wext=82.3 rebound=1
  TIER1 rest-coherence: worst=87.3deg bone[33]='bone_L-middlefinger03.mesh' count(>5deg)=34 freshRecap=0  xcheck(invOff-vs-restW) worst=87.3deg bone[33]
  TIER2 joint-attach(PRIMARY): worst=38.11u bone[13]='bone_R-hand.mesh' parent[5] R=49.4 exactJoint=0.33u pairs=30  (palette-wide exactWorst=3.37u)
[HANDS_ATTACH] mesh='hands_naked.mesh' owner='hands_naked.mesh' frame=3079 nb=38 wext=86.3 rebound=1
  TIER1 rest-coherence: worst=87.3deg bone[33]='bone_L-middlefinger03.mesh' count(>5deg)=34 freshRecap=0  xcheck(invOff-vs-restW) worst=87.3deg bone[33]
  TIER2 joint-attach(PRIMARY): worst=71.02u bone[18]='bone_R-pinky02.mesh' parent[14] R=47.4 exactJoint=2.44u pairs=30  (palette-wide exactWorst=10.36u)
[HANDS_ATTACH] mesh='hands_naked.mesh' owner='hands_naked.mesh' frame=3083 nb=40 wext=42.3 rebound=1
  TIER1 rest-coherence: worst=42.6deg bone[30]='bone_L-middlefinger03.mesh' count(>5deg)=36 freshRecap=0  xcheck(invOff-vs-restW) worst=42.6deg bone[30]
  TIER2 joint-attach(PRIMARY): worst=43.67u bone[24]='bone_R-ringfinger01.mesh' parent[21] R=38.6 exactJoint=5.12u pairs=36  (palette-wide exactWorst=7.49u)
[HANDS_ATTACH] mesh='hands_naked.mesh' owner='hands_naked.mesh' frame=3087 nb=38 wext=81.9 rebound=1
  TIER1 rest-coherence: worst=87.3deg bone[33]='bone_L-middlefinger03.mesh' count(>5deg)=34 freshRecap=0  xcheck(invOff-vs-restW) worst=87.3deg bone[33]
  TIER2 joint-attach(PRIMARY): worst=37.56u bone[13]='bone_R-hand.mesh' parent[5] R=49.4 exactJoint=0.33u pairs=30  (palette-wide exactWorst=3.11u)
[HANDS_ATTACH] mesh='hands_naked.mesh' owner='hands_naked.mesh' frame=3089 nb=38 wext=76.4 rebound=1
  TIER1 rest-coherence: worst=87.3deg bone[33]='bone_L-middlefinger03.mesh' count(>5deg)=34 freshRecap=0  xcheck(invOff-vs-restW) worst=87.3deg bone[33]
  TIER2 joint-attach(PRIMARY): worst=63.59u bone[18]='bone_R-pinky02.mesh' parent[14] R=47.4 exactJoint=0.00u pairs=30  (palette-wide exactWorst=7.53u)
[HANDS_ATTACH] mesh='hands_naked.mesh' owner='hands_naked.mesh' frame=3093 nb=40 wext=64.4 rebound=1
  TIER1 rest-coherence: worst=42.6deg bone[30]='bone_L-middlefinger03.mesh' count(>5deg)=36 freshRecap=0  xcheck(invOff-vs-restW) worst=42.6deg bone[30]
  TIER2 joint-attach(PRIMARY): worst=24.09u bone[22]='bone_L-index02.mesh' parent[27] R=36.5 exactJoint=0.00u pairs=36  (palette-wide exactWorst=7.09u)
[HANDS_ATTACH] mesh='hands_naked.mesh' owner='hands_naked.mesh' frame=3097 nb=38 wext=66.0 rebound=1
  TIER1 rest-coherence: worst=87.3deg bone[33]='bone_L-middlefinger03.mesh' count(>5deg)=34 freshRecap=0  xcheck(invOff-vs-restW) worst=87.3deg bone[33]
  TIER2 joint-attach(PRIMARY): worst=42.77u bone[13]='bone_R-hand.mesh' parent[5] R=49.4 exactJoint=0.33u pairs=30  (palette-wide exactWorst=0.33u)
[HANDS_ATTACH] mesh='hands_naked.mesh' owner='hands_naked.mesh' frame=3099 nb=38 wext=70.3 rebound=1
  TIER1 rest-coherence: worst=87.3deg bone[33]='bone_L-middlefinger03.mesh' count(>5deg)=34 freshRecap=0  xcheck(invOff-vs-restW) worst=87.3deg bone[33]
  TIER2 joint-attach(PRIMARY): worst=35.72u bone[13]='bone_R-hand.mesh' parent[5] R=49.4 exactJoint=0.00u pairs=30  (palette-wide exactWorst=0.00u)
[HANDS_ATTACH] mesh='hands_naked.mesh' owner='hands_naked.mesh' frame=3103 nb=40 wext=65.2 rebound=1
  TIER1 rest-coherence: worst=42.6deg bone[30]='bone_L-middlefinger03.mesh' count(>5deg)=36 freshRecap=0  xcheck(invOff-vs-restW) worst=42.6deg bone[30]
  TIER2 joint-attach(PRIMARY): worst=23.93u bone[22]='bone_L-index02.mesh' parent[27] R=36.5 exactJoint=0.00u pairs=36  (palette-wide exactWorst=7.09u)
[HANDS_ATTACH] mesh='hands_naked.mesh' owner='hands_naked.mesh' frame=3107 nb=38 wext=67.3 rebound=1
  TIER1 rest-coherence: worst=87.3deg bone[33]='bone_L-middlefinger03.mesh' count(>5deg)=34 freshRecap=0  xcheck(invOff-vs-restW) worst=87.3deg bone[33]
  TIER2 joint-attach(PRIMARY): worst=42.14u bone[13]='bone_R-hand.mesh' parent[5] R=49.4 exactJoint=0.33u pairs=30  (palette-wide exactWorst=0.33u)
[HANDS_ATTACH] mesh='hands_naked.mesh' owner='hands_naked.mesh' frame=3109 nb=38 wext=77.6 rebound=1
  TIER1 rest-coherence: worst=87.3deg bone[33]='bone_L-middlefinger03.mesh' count(>5deg)=34 freshRecap=0  xcheck(invOff-vs-restW) worst=87.3deg bone[33]
  TIER2 joint-attach(PRIMARY): worst=46.43u bone[13]='bone_R-hand.mesh' parent[5] R=49.4 exactJoint=0.00u pairs=30  (palette-wide exactWorst=0.00u)
[HANDS_ATTACH] mesh='hands_naked.mesh' owner='hands_naked.mesh' frame=3113 nb=40 wext=66.1 rebound=1
  TIER1 rest-coherence: worst=42.6deg bone[30]='bone_L-middlefinger03.mesh' count(>5deg)=36 freshRecap=0  xcheck(invOff-vs-restW) worst=42.6deg bone[30]
  TIER2 joint-attach(PRIMARY): worst=23.55u bone[22]='bone_L-index02.mesh' parent[27] R=36.5 exactJoint=0.00u pairs=36  (palette-wide exactWorst=7.09u)
[HANDS_ATTACH] mesh='hands_naked.mesh' owner='hands_naked.mesh' frame=3117 nb=38 wext=71.5 rebound=1
  TIER1 rest-coherence: worst=87.3deg bone[33]='bone_L-middlefinger03.mesh' count(>5deg)=34 freshRecap=0  xcheck(invOff-vs-restW) worst=87.3deg bone[33]
  TIER2 joint-attach(PRIMARY): worst=41.84u bone[13]='bone_R-hand.mesh' parent[5] R=49.4 exactJoint=0.33u pairs=30  (palette-wide exactWorst=0.33u)
[HANDS_ATTACH] mesh='hands_naked.mesh' owner='hands_naked.mesh' frame=3119 nb=38 wext=86.6 rebound=1
  TIER1 rest-coherence: worst=87.3deg bone[33]='bone_L-middlefinger03.mesh' count(>5deg)=34 freshRecap=0  xcheck(invOff-vs-restW) worst=87.3deg bone[33]
  TIER2 joint-attach(PRIMARY): worst=48.45u bone[13]='bone_R-hand.mesh' parent[5] R=49.4 exactJoint=0.00u pairs=30  (palette-wide exactWorst=0.00u)
[HANDS_ATTACH] mesh='hands_naked.mesh' owner='hands_naked.mesh' frame=3123 nb=40 wext=72.2 rebound=1
  TIER1 rest-coherence: worst=42.6deg bone[30]='bone_L-middlefinger03.mesh' count(>5deg)=36 freshRecap=0  xcheck(invOff-vs-restW) worst=42.6deg bone[30]
  TIER2 joint-attach(PRIMARY): worst=22.99u bone[22]='bone_L-index02.mesh' parent[27] R=36.5 exactJoint=0.08u pairs=36  (palette-wide exactWorst=7.09u)
[HANDS_ATTACH] mesh='hands_naked.mesh' owner='hands_naked.mesh' frame=3127 nb=38 wext=74.1 rebound=1
  TIER1 rest-coherence: worst=87.3deg bone[33]='bone_L-middlefinger03.mesh' count(>5deg)=34 freshRecap=0  xcheck(invOff-vs-restW) worst=87.3deg bone[33]
  TIER2 joint-attach(PRIMARY): worst=37.29u bone[13]='bone_R-hand.mesh' parent[5] R=49.4 exactJoint=0.33u pairs=30  (palette-wide exactWorst=0.33u)
[HANDS_ATTACH] mesh='hands_naked.mesh' owner='hands_naked.mesh' frame=3129 nb=38 wext=84.0 rebound=1
  TIER1 rest-coherence: worst=87.3deg bone[33]='bone_L-middlefinger03.mesh' count(>5deg)=34 freshRecap=0  xcheck(invOff-vs-restW) worst=87.3deg bone[33]
  TIER2 joint-attach(PRIMARY): worst=62.11u bone[13]='bone_R-hand.mesh' parent[5] R=49.4 exactJoint=0.00u pairs=30  (palette-wide exactWorst=5.28u)
[HANDS_ATTACH] mesh='hands_naked.mesh' owner='hands_naked.mesh' frame=3133 nb=40 wext=69.0 rebound=1
  TIER1 rest-coherence: worst=42.6deg bone[30]='bone_L-middlefinger03.mesh' count(>5deg)=36 freshRecap=0  xcheck(invOff-vs-restW) worst=42.6deg bone[30]
  TIER2 joint-attach(PRIMARY): worst=23.59u bone[22]='bone_L-index02.mesh' parent[27] R=36.5 exactJoint=0.00u pairs=36  (palette-wide exactWorst=7.09u)
[HANDS_ATTACH] mesh='hands_naked.mesh' owner='hands_naked.mesh' frame=3137 nb=38 wext=76.2 rebound=1
  TIER1 rest-coherence: worst=87.3deg bone[33]='bone_L-middlefinger03.mesh' count(>5deg)=34 freshRecap=0  xcheck(invOff-vs-restW) worst=87.3deg bone[33]
  TIER2 joint-attach(PRIMARY): worst=33.28u bone[2]='bone_R-pinky03.mesh' parent[18] R=47.1 exactJoint=0.00u pairs=30  (palette-wide exactWorst=0.33u)
[HANDS_ATTACH] mesh='hands_naked.mesh' owner='hands_naked.mesh' frame=3139 nb=38 wext=79.9 rebound=1
  TIER1 rest-coherence: worst=87.3deg bone[33]='bone_L-middlefinger03.mesh' count(>5deg)=34 freshRecap=0  xcheck(invOff-vs-restW) worst=87.3deg bone[33]
  TIER2 joint-attach(PRIMARY): worst=69.87u bone[13]='bone_R-hand.mesh' parent[5] R=49.4 exactJoint=0.00u pairs=30  (palette-wide exactWorst=5.50u)
[HANDS_ATTACH] mesh='hands_naked.mesh' owner='hands_naked.mesh' frame=3143 nb=40 wext=68.7 rebound=1
  TIER1 rest-coherence: worst=42.6deg bone[30]='bone_L-middlefinger03.mesh' count(>5deg)=36 freshRecap=0  xcheck(invOff-vs-restW) worst=42.6deg bone[30]
  TIER2 joint-attach(PRIMARY): worst=23.63u bone[22]='bone_L-index02.mesh' parent[27] R=36.5 exactJoint=0.00u pairs=36  (palette-wide exactWorst=7.09u)
[HANDS_ATTACH] mesh='hands_naked.mesh' owner='hands_naked.mesh' frame=3147 nb=38 wext=67.4 rebound=1
  TIER1 rest-coherence: worst=87.3deg bone[33]='bone_L-middlefinger03.mesh' count(>5deg)=34 freshRecap=0  xcheck(invOff-vs-restW) worst=87.3deg bone[33]
  TIER2 joint-attach(PRIMARY): worst=25.88u bone[1]='bone_R-middlefinger01.mesh' parent[13] R=48.2 exactJoint=0.00u pairs=30  (palette-wide exactWorst=0.33u)
[HANDS_ATTACH] mesh='hands_naked.mesh' owner='hands_naked.mesh' frame=3149 nb=38 wext=85.2 rebound=1
  TIER1 rest-coherence: worst=87.3deg bone[33]='bone_L-middlefinger03.mesh' count(>5deg)=34 freshRecap=0  xcheck(invOff-vs-restW) worst=87.3deg bone[33]
  TIER2 joint-attach(PRIMARY): worst=48.94u bone[13]='bone_R-hand.mesh' parent[5] R=49.4 exactJoint=0.00u pairs=30  (palette-wide exactWorst=4.21u)
[HANDS_ATTACH] mesh='hands_naked.mesh' owner='hands_naked.mesh' frame=3153 nb=40 wext=66.4 rebound=1
  TIER1 rest-coherence: worst=42.6deg bone[30]='bone_L-middlefinger03.mesh' count(>5deg)=36 freshRecap=0  xcheck(invOff-vs-restW) worst=42.6deg bone[30]
  TIER2 joint-attach(PRIMARY): worst=24.10u bone[22]='bone_L-index02.mesh' parent[27] R=36.5 exactJoint=0.00u pairs=36  (palette-wide exactWorst=7.10u)
[HANDS_ATTACH] mesh='hands_naked.mesh' owner='hands_naked.mesh' frame=3157 nb=38 wext=75.2 rebound=1
  TIER1 rest-coherence: worst=87.3deg bone[33]='bone_L-middlefinger03.mesh' count(>5deg)=34 freshRecap=0  xcheck(invOff-vs-restW) worst=87.3deg bone[33]
  TIER2 joint-attach(PRIMARY): worst=26.23u bone[13]='bone_R-hand.mesh' parent[5] R=49.4 exactJoint=0.33u pairs=30  (palette-wide exactWorst=0.33u)
[HANDS_ATTACH] mesh='hands_naked.mesh' owner='hands_naked.mesh' frame=3159 nb=38 wext=74.9 rebound=1
  TIER1 rest-coherence: worst=87.3deg bone[33]='bone_L-middlefinger03.mesh' count(>5deg)=34 freshRecap=0  xcheck(invOff-vs-restW) worst=87.3deg bone[33]
  TIER2 joint-attach(PRIMARY): worst=56.30u bone[9]='bone_R-thumb01.mesh' parent[13] R=48.5 exactJoint=0.00u pairs=30  (palette-wide exactWorst=0.00u)
[HANDS_ATTACH] mesh='hands_naked.mesh' owner='hands_naked.mesh' frame=3163 nb=40 wext=59.1 rebound=1
  TIER1 rest-coherence: worst=42.6deg bone[30]='bone_L-middlefinger03.mesh' count(>5deg)=36 freshRecap=0  xcheck(invOff-vs-restW) worst=42.6deg bone[30]
  TIER2 joint-attach(PRIMARY): worst=23.95u bone[22]='bone_L-index02.mesh' parent[27] R=36.5 exactJoint=0.00u pairs=36  (palette-wide exactWorst=7.09u)
[HANDS_ATTACH] mesh='hands_naked.mesh' owner='hands_naked.mesh' frame=3167 nb=38 wext=75.2 rebound=1
  TIER1 rest-coherence: worst=87.3deg bone[33]='bone_L-middlefinger03.mesh' count(>5deg)=34 freshRecap=0  xcheck(invOff-vs-restW) worst=87.3deg bone[33]
  TIER2 joint-attach(PRIMARY): worst=25.89u bone[29]='bone_L-hand.mesh' parent[22] R=49.4 exactJoint=0.14u pairs=30  (palette-wide exactWorst=0.33u)
[HANDS_ATTACH] mesh='hands_naked.mesh' owner='hands_naked.mesh' frame=3169 nb=38 wext=58.9 rebound=1
  TIER1 rest-coherence: worst=87.3deg bone[33]='bone_L-middlefinger03.mesh' count(>5deg)=34 freshRecap=0  xcheck(invOff-vs-restW) worst=87.3deg bone[33]
  TIER2 joint-attach(PRIMARY): worst=45.83u bone[13]='bone_R-hand.mesh' parent[5] R=49.4 exactJoint=0.00u pairs=30  (palette-wide exactWorst=2.00u)
[HANDS_ATTACH] mesh='hands_naked.mesh' owner='hands_naked.mesh' frame=3173 nb=40 wext=59.1 rebound=1
  TIER1 rest-coherence: worst=42.6deg bone[30]='bone_L-middlefinger03.mesh' count(>5deg)=36 freshRecap=0  xcheck(invOff-vs-restW) worst=42.6deg bone[30]
  TIER2 joint-attach(PRIMARY): worst=23.81u bone[22]='bone_L-index02.mesh' parent[27] R=36.5 exactJoint=0.00u pairs=36  (palette-wide exactWorst=7.09u)
[HANDS_ATTACH] mesh='hands_naked.mesh' owner='hands_naked.mesh' frame=3177 nb=38 wext=77.2 rebound=1
  TIER1 rest-coherence: worst=87.3deg bone[33]='bone_L-middlefinger03.mesh' count(>5deg)=34 freshRecap=0  xcheck(invOff-vs-restW) worst=87.3deg bone[33]
  TIER2 joint-attach(PRIMARY): worst=23.26u bone[29]='bone_L-hand.mesh' parent[22] R=49.4 exactJoint=0.14u pairs=30  (palette-wide exactWorst=0.33u)
[HANDS_ATTACH] mesh='hands_naked.mesh' owner='hands_naked.mesh' frame=3179 nb=38 wext=62.0 rebound=1
  TIER1 rest-coherence: worst=87.3deg bone[33]='bone_L-middlefinger03.mesh' count(>5deg)=34 freshRecap=0  xcheck(invOff-vs-restW) worst=87.3deg bone[33]
  TIER2 joint-attach(PRIMARY): worst=71.02u bone[18]='bone_R-pinky02.mesh' parent[14] R=47.4 exactJoint=2.44u pairs=30  (palette-wide exactWorst=10.36u)
[HANDS_ATTACH] mesh='hands_naked.mesh' owner='hands_naked.mesh' frame=3183 nb=40 wext=63.9 rebound=1
  TIER1 rest-coherence: worst=42.6deg bone[30]='bone_L-middlefinger03.mesh' count(>5deg)=36 freshRecap=0  xcheck(invOff-vs-restW) worst=42.6deg bone[30]
  TIER2 joint-attach(PRIMARY): worst=23.89u bone[22]='bone_L-index02.mesh' parent[27] R=36.5 exactJoint=0.00u pairs=36  (palette-wide exactWorst=7.09u)
[HANDS_ATTACH] mesh='hands_naked.mesh' owner='hands_naked.mesh' frame=3187 nb=38 wext=79.7 rebound=1
  TIER1 rest-coherence: worst=87.3deg bone[33]='bone_L-middlefinger03.mesh' count(>5deg)=34 freshRecap=0  xcheck(invOff-vs-restW) worst=87.3deg bone[33]
  TIER2 joint-attach(PRIMARY): worst=23.18u bone[29]='bone_L-hand.mesh' parent[22] R=49.4 exactJoint=0.14u pairs=30  (palette-wide exactWorst=0.33u)
[HANDS_ATTACH] mesh='hands_naked.mesh' owner='hands_naked.mesh' frame=3189 nb=38 wext=61.9 rebound=1
  TIER1 rest-coherence: worst=87.3deg bone[33]='bone_L-middlefinger03.mesh' count(>5deg)=34 freshRecap=0  xcheck(invOff-vs-restW) worst=87.3deg bone[33]
  TIER2 joint-attach(PRIMARY): worst=71.02u bone[18]='bone_R-pinky02.mesh' parent[14] R=47.4 exactJoint=2.44u pairs=30  (palette-wide exactWorst=10.36u)
[HANDS_ATTACH] mesh='hands_naked.mesh' owner='hands_naked.mesh' frame=3193 nb=40 wext=69.2 rebound=1
  TIER1 rest-coherence: worst=42.6deg bone[30]='bone_L-middlefinger03.mesh' count(>5deg)=36 freshRecap=0  xcheck(invOff-vs-restW) worst=42.6deg bone[30]
  TIER2 joint-attach(PRIMARY): worst=24.02u bone[22]='bone_L-index02.mesh' parent[27] R=36.5 exactJoint=0.00u pairs=36  (palette-wide exactWorst=7.09u)
[HANDS_ATTACH] mesh='hands_naked.mesh' owner='hands_naked.mesh' frame=3197 nb=38 wext=79.0 rebound=1
  TIER1 rest-coherence: worst=87.3deg bone[33]='bone_L-middlefinger03.mesh' count(>5deg)=34 freshRecap=0  xcheck(invOff-vs-restW) worst=87.3deg bone[33]
  TIER2 joint-attach(PRIMARY): worst=22.18u bone[29]='bone_L-hand.mesh' parent[22] R=49.4 exactJoint=0.14u pairs=30  (palette-wide exactWorst=0.33u)
[HANDS_ATTACH] mesh='hands_naked.mesh' owner='hands_naked.mesh' frame=3199 nb=38 wext=60.4 rebound=1
  TIER1 rest-coherence: worst=87.3deg bone[33]='bone_L-middlefinger03.mesh' count(>5deg)=34 freshRecap=0  xcheck(invOff-vs-restW) worst=87.3deg bone[33]
  TIER2 joint-attach(PRIMARY): worst=71.02u bone[18]='bone_R-pinky02.mesh' parent[14] R=47.4 exactJoint=2.44u pairs=30  (palette-wide exactWorst=10.36u)
[HANDS_ATTACH] mesh='hands_naked.mesh' owner='hands_naked.mesh' frame=3203 nb=40 wext=68.5 rebound=1
  TIER1 rest-coherence: worst=42.6deg bone[30]='bone_L-middlefinger03.mesh' count(>5deg)=36 freshRecap=0  xcheck(invOff-vs-restW) worst=42.6deg bone[30]
  TIER2 joint-attach(PRIMARY): worst=23.52u bone[22]='bone_L-index02.mesh' parent[27] R=36.5 exactJoint=0.00u pairs=36  (palette-wide exactWorst=7.09u)
[HANDS_ATTACH] mesh='hands_naked.mesh' owner='hands_naked.mesh' frame=3207 nb=38 wext=80.8 rebound=1
  TIER1 rest-coherence: worst=87.3deg bone[33]='bone_L-middlefinger03.mesh' count(>5deg)=34 freshRecap=0  xcheck(invOff-vs-restW) worst=87.3deg bone[33]
  TIER2 joint-attach(PRIMARY): worst=21.30u bone[29]='bone_L-hand.mesh' parent[22] R=49.4 exactJoint=0.14u pairs=30  (palette-wide exactWorst=0.33u)
[HANDS_ATTACH] mesh='hands_naked.mesh' owner='hands_naked.mesh' frame=3209 nb=38 wext=63.7 rebound=1
  TIER1 rest-coherence: worst=87.3deg bone[33]='bone_L-middlefinger03.mesh' count(>5deg)=34 freshRecap=0  xcheck(invOff-vs-restW) worst=87.3deg bone[33]
  TIER2 joint-attach(PRIMARY): worst=71.02u bone[18]='bone_R-pinky02.mesh' parent[14] R=47.4 exactJoint=2.44u pairs=30  (palette-wide exactWorst=10.36u)
[HANDS_ATTACH] mesh='hands_naked.mesh' owner='hands_naked.mesh' frame=3213 nb=40 wext=68.2 rebound=1
  TIER1 rest-coherence: worst=42.6deg bone[30]='bone_L-middlefinger03.mesh' count(>5deg)=36 freshRecap=0  xcheck(invOff-vs-restW) worst=42.6deg bone[30]
  TIER2 joint-attach(PRIMARY): worst=40.91u bone[14]='bone_R-pinky01.mesh' parent[11] R=39.0 exactJoint=0.00u pairs=36  (palette-wide exactWorst=7.09u)
[HANDS_ATTACH] mesh='hands_naked.mesh' owner='hands_naked.mesh' frame=3217 nb=38 wext=82.2 rebound=1
  TIER1 rest-coherence: worst=87.3deg bone[33]='bone_L-middlefinger03.mesh' count(>5deg)=34 freshRecap=0  xcheck(invOff-vs-restW) worst=87.3deg bone[33]
  TIER2 joint-attach(PRIMARY): worst=32.97u bone[2]='bone_R-pinky03.mesh' parent[18] R=47.1 exactJoint=0.00u pairs=30  (palette-wide exactWorst=0.33u)
[HANDS_ATTACH] mesh='hands_naked.mesh' owner='hands_naked.mesh' frame=3219 nb=38 wext=84.6 rebound=1
  TIER1 rest-coherence: worst=87.3deg bone[33]='bone_L-middlefinger03.mesh' count(>5deg)=34 freshRecap=0  xcheck(invOff-vs-restW) worst=87.3deg bone[33]
  TIER2 joint-attach(PRIMARY): worst=56.61u bone[29]='bone_L-hand.mesh' parent[22] R=49.4 exactJoint=0.00u pairs=30  (palette-wide exactWorst=0.00u)
[HANDS_ATTACH] mesh='hands_naked.mesh' owner='hands_naked.mesh' frame=3223 nb=40 wext=62.1 rebound=1
  TIER1 rest-coherence: worst=42.6deg bone[30]='bone_L-middlefinger03.mesh' count(>5deg)=36 freshRecap=0  xcheck(invOff-vs-restW) worst=42.6deg bone[30]
  TIER2 joint-attach(PRIMARY): worst=68.12u bone[13]='bone_R-pinky03.mesh' parent[9] R=37.9 exactJoint=0.00u pairs=36  (palette-wide exactWorst=7.32u)
[HANDS_ATTACH] mesh='hands_naked.mesh' owner='hands_naked.mesh' frame=3227 nb=38 wext=81.2 rebound=1
  TIER1 rest-coherence: worst=87.3deg bone[33]='bone_L-middlefinger03.mesh' count(>5deg)=34 freshRecap=0  xcheck(invOff-vs-restW) worst=87.3deg bone[33]
  TIER2 joint-attach(PRIMARY): worst=33.50u bone[2]='bone_R-pinky03.mesh' parent[18] R=47.1 exactJoint=0.00u pairs=30  (palette-wide exactWorst=0.33u)
[HANDS_ATTACH] mesh='hands_naked.mesh' owner='hands_naked.mesh' frame=3229 nb=38 wext=75.3 rebound=1
  TIER1 rest-coherence: worst=87.3deg bone[33]='bone_L-middlefinger03.mesh' count(>5deg)=34 freshRecap=0  xcheck(invOff-vs-restW) worst=87.3deg bone[33]
  TIER2 joint-attach(PRIMARY): worst=71.63u bone[29]='bone_L-hand.mesh' parent[22] R=49.4 exactJoint=0.00u pairs=30  (palette-wide exactWorst=0.00u)
[HANDS_ATTACH] mesh='hands_naked.mesh' owner='hands_naked.mesh' frame=3233 nb=40 wext=56.3 rebound=1
  TIER1 rest-coherence: worst=42.6deg bone[30]='bone_L-middlefinger03.mesh' count(>5deg)=36 freshRecap=0  xcheck(invOff-vs-restW) worst=42.6deg bone[30]
  TIER2 joint-attach(PRIMARY): worst=68.01u bone[23]='bone_R-ringfinger03.mesh' parent[5] R=37.5 exactJoint=0.33u pairs=36  (palette-wide exactWorst=7.36u)
[HANDS_ATTACH] mesh='hands_naked.mesh' owner='hands_naked.mesh' frame=3237 nb=38 wext=78.6 rebound=1
  TIER1 rest-coherence: worst=87.3deg bone[33]='bone_L-middlefinger03.mesh' count(>5deg)=34 freshRecap=0  xcheck(invOff-vs-restW) worst=87.3deg bone[33]
  TIER2 joint-attach(PRIMARY): worst=33.50u bone[2]='bone_R-pinky03.mesh' parent[18] R=47.1 exactJoint=0.00u pairs=30  (palette-wide exactWorst=0.33u)
[HANDS_ATTACH] mesh='hands_naked.mesh' owner='hands_naked.mesh' frame=3239 nb=38 wext=62.2 rebound=1
  TIER1 rest-coherence: worst=87.3deg bone[33]='bone_L-middlefinger03.mesh' count(>5deg)=34 freshRecap=0  xcheck(invOff-vs-restW) worst=87.3deg bone[33]
  TIER2 joint-attach(PRIMARY): worst=57.81u bone[29]='bone_L-hand.mesh' parent[22] R=49.4 exactJoint=0.00u pairs=30  (palette-wide exactWorst=0.00u)
[HANDS_ATTACH] mesh='hands_naked.mesh' owner='hands_naked.mesh' frame=3243 nb=40 wext=64.0 rebound=1
  TIER1 rest-coherence: worst=42.6deg bone[30]='bone_L-middlefinger03.mesh' count(>5deg)=36 freshRecap=0  xcheck(invOff-vs-restW) worst=42.6deg bone[30]
  TIER2 joint-attach(PRIMARY): worst=68.00u bone[23]='bone_R-ringfinger03.mesh' parent[5] R=37.5 exactJoint=0.34u pairs=36  (palette-wide exactWorst=7.35u)
[HANDS_ATTACH] mesh='hands_naked.mesh' owner='hands_naked.mesh' frame=3247 nb=38 wext=79.9 rebound=1
  TIER1 rest-coherence: worst=87.3deg bone[33]='bone_L-middlefinger03.mesh' count(>5deg)=34 freshRecap=0  xcheck(invOff-vs-restW) worst=87.3deg bone[33]
  TIER2 joint-attach(PRIMARY): worst=33.50u bone[2]='bone_R-pinky03.mesh' parent[18] R=47.1 exactJoint=0.00u pairs=30  (palette-wide exactWorst=0.33u)
[HANDS_ATTACH] mesh='hands_naked.mesh' owner='hands_naked.mesh' frame=3249 nb=38 wext=66.4 rebound=1
  TIER1 rest-coherence: worst=87.3deg bone[33]='bone_L-middlefinger03.mesh' count(>5deg)=34 freshRecap=0  xcheck(invOff-vs-restW) worst=87.3deg bone[33]
  TIER2 joint-attach(PRIMARY): worst=57.63u bone[29]='bone_L-hand.mesh' parent[22] R=49.4 exactJoint=0.00u pairs=30  (palette-wide exactWorst=0.00u)
[HANDS_ATTACH] mesh='hands_naked.mesh' owner='hands_naked.mesh' frame=3253 nb=40 wext=68.6 rebound=1
  TIER1 rest-coherence: worst=42.6deg bone[30]='bone_L-middlefinger03.mesh' count(>5deg)=36 freshRecap=0  xcheck(invOff-vs-restW) worst=42.6deg bone[30]
  TIER2 joint-attach(PRIMARY): worst=67.97u bone[23]='bone_R-ringfinger03.mesh' parent[5] R=37.5 exactJoint=0.35u pairs=36  (palette-wide exactWorst=7.36u)
[HANDS_ATTACH] mesh='hands_naked.mesh' owner='hands_naked.mesh' frame=3257 nb=38 wext=76.9 rebound=1
  TIER1 rest-coherence: worst=87.3deg bone[33]='bone_L-middlefinger03.mesh' count(>5deg)=34 freshRecap=0  xcheck(invOff-vs-restW) worst=87.3deg bone[33]
  TIER2 joint-attach(PRIMARY): worst=33.50u bone[2]='bone_R-pinky03.mesh' parent[18] R=47.1 exactJoint=0.00u pairs=30  (palette-wide exactWorst=0.33u)
[HANDS_ATTACH] mesh='hands_naked.mesh' owner='hands_naked.mesh' frame=3259 nb=38 wext=77.7 rebound=1
  TIER1 rest-coherence: worst=87.3deg bone[33]='bone_L-middlefinger03.mesh' count(>5deg)=34 freshRecap=0  xcheck(invOff-vs-restW) worst=87.3deg bone[33]
  TIER2 joint-attach(PRIMARY): worst=61.94u bone[29]='bone_L-hand.mesh' parent[22] R=49.4 exactJoint=0.00u pairs=30  (palette-wide exactWorst=0.00u)
[HANDS_ATTACH] mesh='hands_naked.mesh' owner='hands_naked.mesh' frame=3263 nb=40 wext=66.9 rebound=1
  TIER1 rest-coherence: worst=42.6deg bone[30]='bone_L-middlefinger03.mesh' count(>5deg)=36 freshRecap=0  xcheck(invOff-vs-restW) worst=42.6deg bone[30]
  TIER2 joint-attach(PRIMARY): worst=68.47u bone[23]='bone_R-ringfinger03.mesh' parent[5] R=37.5 exactJoint=0.26u pairs=36  (palette-wide exactWorst=7.36u)
[HANDS_ATTACH] mesh='hands_naked.mesh' owner='hands_naked.mesh' frame=3267 nb=38 wext=74.4 rebound=1
  TIER1 rest-coherence: worst=87.3deg bone[33]='bone_L-middlefinger03.mesh' count(>5deg)=34 freshRecap=0  xcheck(invOff-vs-restW) worst=87.3deg bone[33]
  TIER2 joint-attach(PRIMARY): worst=35.20u bone[13]='bone_R-hand.mesh' parent[5] R=49.4 exactJoint=0.33u pairs=30  (palette-wide exactWorst=0.33u)
[HANDS_ATTACH] mesh='hands_naked.mesh' owner='hands_naked.mesh' frame=3269 nb=38 wext=62.7 rebound=1
  TIER1 rest-coherence: worst=87.3deg bone[33]='bone_L-middlefinger03.mesh' count(>5deg)=34 freshRecap=0  xcheck(invOff-vs-restW) worst=87.3deg bone[33]
  TIER2 joint-attach(PRIMARY): worst=55.81u bone[29]='bone_L-hand.mesh' parent[22] R=49.4 exactJoint=0.00u pairs=30  (palette-wide exactWorst=0.00u)
[HANDS_ATTACH] mesh='hands_naked.mesh' owner='hands_naked.mesh' frame=3273 nb=40 wext=56.7 rebound=1
  TIER1 rest-coherence: worst=42.6deg bone[30]='bone_L-middlefinger03.mesh' count(>5deg)=36 freshRecap=0  xcheck(invOff-vs-restW) worst=42.6deg bone[30]
  TIER2 joint-attach(PRIMARY): worst=24.06u bone[22]='bone_L-index02.mesh' parent[27] R=36.5 exactJoint=0.00u pairs=36  (palette-wide exactWorst=7.09u)
[HANDS_ATTACH] mesh='hands_naked.mesh' owner='hands_naked.mesh' frame=3277 nb=38 wext=76.1 rebound=1
  TIER1 rest-coherence: worst=87.3deg bone[33]='bone_L-middlefinger03.mesh' count(>5deg)=34 freshRecap=0  xcheck(invOff-vs-restW) worst=87.3deg bone[33]
  TIER2 joint-attach(PRIMARY): worst=36.70u bone[13]='bone_R-hand.mesh' parent[5] R=49.4 exactJoint=0.33u pairs=30  (palette-wide exactWorst=3.13u)
[HANDS_ATTACH] mesh='hands_naked.mesh' owner='hands_naked.mesh' frame=3279 nb=38 wext=63.8 rebound=1
  TIER1 rest-coherence: worst=87.3deg bone[33]='bone_L-middlefinger03.mesh' count(>5deg)=34 freshRecap=0  xcheck(invOff-vs-restW) worst=87.3deg bone[33]
  TIER2 joint-attach(PRIMARY): worst=55.14u bone[29]='bone_L-hand.mesh' parent[22] R=49.4 exactJoint=0.00u pairs=30  (palette-wide exactWorst=0.00u)
[HANDS_ATTACH] mesh='hands_naked.mesh' owner='hands_naked.mesh' frame=3283 nb=40 wext=53.0 rebound=1
  TIER1 rest-coherence: worst=42.6deg bone[30]='bone_L-middlefinger03.mesh' count(>5deg)=36 freshRecap=0  xcheck(invOff-vs-restW) worst=42.6deg bone[30]
  TIER2 joint-attach(PRIMARY): worst=23.82u bone[22]='bone_L-index02.mesh' parent[27] R=36.5 exactJoint=0.00u pairs=36  (palette-wide exactWorst=7.09u)
[HANDS_ATTACH] mesh='hands_naked.mesh' owner='hands_naked.mesh' frame=3287 nb=38 wext=76.5 rebound=1
  TIER1 rest-coherence: worst=87.3deg bone[33]='bone_L-middlefinger03.mesh' count(>5deg)=34 freshRecap=0  xcheck(invOff-vs-restW) worst=87.3deg bone[33]
  TIER2 joint-attach(PRIMARY): worst=35.72u bone[13]='bone_R-hand.mesh' parent[5] R=49.4 exactJoint=0.33u pairs=30  (palette-wide exactWorst=3.14u)
[HANDS_ATTACH] mesh='hands_naked.mesh' owner='hands_naked.mesh' frame=3289 nb=38 wext=55.1 rebound=1
  TIER1 rest-coherence: worst=87.3deg bone[33]='bone_L-middlefinger03.mesh' count(>5deg)=34 freshRecap=0  xcheck(invOff-vs-restW) worst=87.3deg bone[33]
  TIER2 joint-attach(PRIMARY): worst=53.08u bone[29]='bone_L-hand.mesh' parent[22] R=49.4 exactJoint=0.00u pairs=30  (palette-wide exactWorst=0.00u)
[HANDS_ATTACH] mesh='hands_naked.mesh' owner='hands_naked.mesh' frame=3293 nb=40 wext=49.4 rebound=1
  TIER1 rest-coherence: worst=42.6deg bone[30]='bone_L-middlefinger03.mesh' count(>5deg)=36 freshRecap=0  xcheck(invOff-vs-restW) worst=42.6deg bone[30]
  TIER2 joint-attach(PRIMARY): worst=23.43u bone[22]='bone_L-index02.mesh' parent[27] R=36.5 exactJoint=0.00u pairs=36  (palette-wide exactWorst=7.09u)
[HANDS_ATTACH] mesh='hands_naked.mesh' owner='hands_naked.mesh' frame=3297 nb=38 wext=76.8 rebound=1
  TIER1 rest-coherence: worst=87.3deg bone[33]='bone_L-middlefinger03.mesh' count(>5deg)=34 freshRecap=0  xcheck(invOff-vs-restW) worst=87.3deg bone[33]
  TIER2 joint-attach(PRIMARY): worst=34.80u bone[13]='bone_R-hand.mesh' parent[5] R=49.4 exactJoint=0.33u pairs=30  (palette-wide exactWorst=3.15u)
[HANDS_ATTACH] mesh='hands_naked.mesh' owner='hands_naked.mesh' frame=3299 nb=38 wext=57.1 rebound=1
  TIER1 rest-coherence: worst=87.3deg bone[33]='bone_L-middlefinger03.mesh' count(>5deg)=34 freshRecap=0  xcheck(invOff-vs-restW) worst=87.3deg bone[33]
  TIER2 joint-attach(PRIMARY): worst=48.68u bone[29]='bone_L-hand.mesh' parent[22] R=49.4 exactJoint=0.00u pairs=30  (palette-wide exactWorst=0.00u)
[HANDS_ATTACH] mesh='hands_naked.mesh' owner='hands_naked.mesh' frame=3303 nb=40 wext=53.5 rebound=1
  TIER1 rest-coherence: worst=42.6deg bone[30]='bone_L-middlefinger03.mesh' count(>5deg)=36 freshRecap=0  xcheck(invOff-vs-restW) worst=42.6deg bone[30]
  TIER2 joint-attach(PRIMARY): worst=23.00u bone[22]='bone_L-index02.mesh' parent[27] R=36.5 exactJoint=0.07u pairs=36  (palette-wide exactWorst=7.09u)
[HANDS_ATTACH] mesh='hands_naked.mesh' owner='hands_naked.mesh' frame=3307 nb=38 wext=76.7 rebound=1
  TIER1 rest-coherence: worst=87.3deg bone[33]='bone_L-middlefinger03.mesh' count(>5deg)=34 freshRecap=0  xcheck(invOff-vs-restW) worst=87.3deg bone[33]
  TIER2 joint-attach(PRIMARY): worst=33.55u bone[13]='bone_R-hand.mesh' parent[5] R=49.4 exactJoint=0.33u pairs=30  (palette-wide exactWorst=3.17u)
[HANDS_ATTACH] mesh='hands_naked.mesh' owner='hands_naked.mesh' frame=3309 nb=38 wext=70.6 rebound=1
  TIER1 rest-coherence: worst=87.3deg bone[33]='bone_L-middlefinger03.mesh' count(>5deg)=34 freshRecap=0  xcheck(invOff-vs-restW) worst=87.3deg bone[33]
  TIER2 joint-attach(PRIMARY): worst=47.64u bone[29]='bone_L-hand.mesh' parent[22] R=49.4 exactJoint=0.00u pairs=30  (palette-wide exactWorst=0.00u)
[HANDS_ATTACH] mesh='hands_naked.mesh' owner='hands_naked.mesh' frame=3313 nb=40 wext=56.9 rebound=1
  TIER1 rest-coherence: worst=42.6deg bone[30]='bone_L-middlefinger03.mesh' count(>5deg)=36 freshRecap=0  xcheck(invOff-vs-restW) worst=42.6deg bone[30]
  TIER2 joint-attach(PRIMARY): worst=23.12u bone[22]='bone_L-index02.mesh' parent[27] R=36.5 exactJoint=0.06u pairs=36  (palette-wide exactWorst=7.09u)
[HANDS_ATTACH] mesh='hands_naked.mesh' owner='hands_naked.mesh' frame=3317 nb=38 wext=76.0 rebound=1
  TIER1 rest-coherence: worst=87.3deg bone[33]='bone_L-middlefinger03.mesh' count(>5deg)=34 freshRecap=0  xcheck(invOff-vs-restW) worst=87.3deg bone[33]
  TIER2 joint-attach(PRIMARY): worst=33.00u bone[18]='bone_R-pinky02.mesh' parent[14] R=47.4 exactJoint=0.00u pairs=30  (palette-wide exactWorst=3.26u)
[HANDS_ATTACH] mesh='hands_naked.mesh' owner='hands_naked.mesh' frame=3319 nb=38 wext=67.6 rebound=1
  TIER1 rest-coherence: worst=87.3deg bone[33]='bone_L-middlefinger03.mesh' count(>5deg)=34 freshRecap=0  xcheck(invOff-vs-restW) worst=87.3deg bone[33]
  TIER2 joint-attach(PRIMARY): worst=44.70u bone[29]='bone_L-hand.mesh' parent[22] R=49.4 exactJoint=0.00u pairs=30  (palette-wide exactWorst=0.00u)
[HANDS_ATTACH] mesh='hands_naked.mesh' owner='hands_naked.mesh' frame=3323 nb=40 wext=55.1 rebound=1
  TIER1 rest-coherence: worst=42.6deg bone[30]='bone_L-middlefinger03.mesh' count(>5deg)=36 freshRecap=0  xcheck(invOff-vs-restW) worst=42.6deg bone[30]
  TIER2 joint-attach(PRIMARY): worst=23.78u bone[22]='bone_L-index02.mesh' parent[27] R=36.5 exactJoint=0.00u pairs=36  (palette-wide exactWorst=7.09u)
[HANDS_ATTACH] mesh='hands_naked.mesh' owner='hands_naked.mesh' frame=3327 nb=38 wext=76.8 rebound=1
  TIER1 rest-coherence: worst=87.3deg bone[33]='bone_L-middlefinger03.mesh' count(>5deg)=34 freshRecap=0  xcheck(invOff-vs-restW) worst=87.3deg bone[33]
  TIER2 joint-attach(PRIMARY): worst=32.97u bone[18]='bone_R-pinky02.mesh' parent[14] R=47.4 exactJoint=0.00u pairs=30  (palette-wide exactWorst=3.27u)
[HANDS_ATTACH] mesh='hands_naked.mesh' owner='hands_naked.mesh' frame=3329 nb=38 wext=67.8 rebound=1
  TIER1 rest-coherence: worst=87.3deg bone[33]='bone_L-middlefinger03.mesh' count(>5deg)=34 freshRecap=0  xcheck(invOff-vs-restW) worst=87.3deg bone[33]
  TIER2 joint-attach(PRIMARY): worst=31.66u bone[33]='bone_L-middlefinger03.mesh' parent[26] R=47.0 exactJoint=0.00u pairs=30  (palette-wide exactWorst=0.00u)
[HANDS_ATTACH] mesh='hands_naked.mesh' owner='hands_naked.mesh' frame=3333 nb=40 wext=52.5 rebound=1
  TIER1 rest-coherence: worst=42.6deg bone[30]='bone_L-middlefinger03.mesh' count(>5deg)=36 freshRecap=0  xcheck(invOff-vs-restW) worst=42.6deg bone[30]
  TIER2 joint-attach(PRIMARY): worst=23.72u bone[22]='bone_L-index02.mesh' parent[27] R=36.5 exactJoint=0.00u pairs=36  (palette-wide exactWorst=7.09u)
[HANDS_ATTACH] mesh='hands_naked.mesh' owner='hands_naked.mesh' frame=3337 nb=38 wext=76.4 rebound=1
  TIER1 rest-coherence: worst=87.3deg bone[33]='bone_L-middlefinger03.mesh' count(>5deg)=34 freshRecap=0  xcheck(invOff-vs-restW) worst=87.3deg bone[33]
  TIER2 joint-attach(PRIMARY): worst=33.10u bone[13]='bone_R-hand.mesh' parent[5] R=49.4 exactJoint=0.33u pairs=30  (palette-wide exactWorst=3.39u)
[HANDS_ATTACH] mesh='hands_naked.mesh' owner='hands_naked.mesh' frame=3339 nb=38 wext=58.0 rebound=1
  TIER1 rest-coherence: worst=87.3deg bone[33]='bone_L-middlefinger03.mesh' count(>5deg)=34 freshRecap=0  xcheck(invOff-vs-restW) worst=87.3deg bone[33]
  TIER2 joint-attach(PRIMARY): worst=31.66u bone[33]='bone_L-middlefinger03.mesh' parent[26] R=47.0 exactJoint=0.00u pairs=30  (palette-wide exactWorst=0.00u)
[HANDS_ATTACH] mesh='hands_naked.mesh' owner='hands_naked.mesh' frame=3343 nb=40 wext=52.9 rebound=1
  TIER1 rest-coherence: worst=42.6deg bone[30]='bone_L-middlefinger03.mesh' count(>5deg)=36 freshRecap=0  xcheck(invOff-vs-restW) worst=42.6deg bone[30]
  TIER2 joint-attach(PRIMARY): worst=24.03u bone[22]='bone_L-index02.mesh' parent[27] R=36.5 exactJoint=0.00u pairs=36  (palette-wide exactWorst=7.10u)
[HANDS_ATTACH] mesh='hands_naked.mesh' owner='hands_naked.mesh' frame=3347 nb=38 wext=76.4 rebound=1
  TIER1 rest-coherence: worst=87.3deg bone[33]='bone_L-middlefinger03.mesh' count(>5deg)=34 freshRecap=0  xcheck(invOff-vs-restW) worst=87.3deg bone[33]
  TIER2 joint-attach(PRIMARY): worst=33.43u bone[13]='bone_R-hand.mesh' parent[5] R=49.4 exactJoint=0.33u pairs=30  (palette-wide exactWorst=3.53u)
[HANDS_ATTACH] mesh='hands_naked.mesh' owner='hands_naked.mesh' frame=3349 nb=38 wext=74.6 rebound=1
  TIER1 rest-coherence: worst=87.3deg bone[33]='bone_L-middlefinger03.mesh' count(>5deg)=34 freshRecap=0  xcheck(invOff-vs-restW) worst=87.3deg bone[33]
  TIER2 joint-attach(PRIMARY): worst=30.81u bone[33]='bone_L-middlefinger03.mesh' parent[26] R=47.0 exactJoint=0.40u pairs=30  (palette-wide exactWorst=0.40u)
[HANDS_ATTACH] mesh='hands_naked.mesh' owner='hands_naked.mesh' frame=3353 nb=40 wext=50.9 rebound=1
  TIER1 rest-coherence: worst=42.6deg bone[30]='bone_L-middlefinger03.mesh' count(>5deg)=36 freshRecap=0  xcheck(invOff-vs-restW) worst=42.6deg bone[30]
  TIER2 joint-attach(PRIMARY): worst=24.13u bone[22]='bone_L-index02.mesh' parent[27] R=36.5 exactJoint=0.00u pairs=36  (palette-wide exactWorst=7.09u)
[HANDS_ATTACH] mesh='hands_naked.mesh' owner='hands_naked.mesh' frame=3357 nb=38 wext=76.5 rebound=1
  TIER1 rest-coherence: worst=87.3deg bone[33]='bone_L-middlefinger03.mesh' count(>5deg)=34 freshRecap=0  xcheck(invOff-vs-restW) worst=87.3deg bone[33]
  TIER2 joint-attach(PRIMARY): worst=33.24u bone[13]='bone_R-hand.mesh' parent[5] R=49.4 exactJoint=0.33u pairs=30  (palette-wide exactWorst=3.68u)
[HANDS_ATTACH] mesh='hands_naked.mesh' owner='hands_naked.mesh' frame=3359 nb=38 wext=83.3 rebound=1
  TIER1 rest-coherence: worst=87.3deg bone[33]='bone_L-middlefinger03.mesh' count(>5deg)=34 freshRecap=0  xcheck(invOff-vs-restW) worst=87.3deg bone[33]
  TIER2 joint-attach(PRIMARY): worst=74.04u bone[18]='bone_R-pinky02.mesh' parent[14] R=47.4 exactJoint=0.26u pairs=30  (palette-wide exactWorst=10.02u)
[HANDS_ATTACH] mesh='hands_naked.mesh' owner='hands_naked.mesh' frame=3363 nb=40 wext=48.8 rebound=1
  TIER1 rest-coherence: worst=42.6deg bone[30]='bone_L-middlefinger03.mesh' count(>5deg)=36 freshRecap=0  xcheck(invOff-vs-restW) worst=42.6deg bone[30]
  TIER2 joint-attach(PRIMARY): worst=23.94u bone[22]='bone_L-index02.mesh' parent[27] R=36.5 exactJoint=0.00u pairs=36  (palette-wide exactWorst=7.09u)
[HANDS_ATTACH] mesh='hands_naked.mesh' owner='hands_naked.mesh' frame=3367 nb=38 wext=76.3 rebound=1
  TIER1 rest-coherence: worst=87.3deg bone[33]='bone_L-middlefinger03.mesh' count(>5deg)=34 freshRecap=0  xcheck(invOff-vs-restW) worst=87.3deg bone[33]
  TIER2 joint-attach(PRIMARY): worst=33.20u bone[13]='bone_R-hand.mesh' parent[5] R=49.4 exactJoint=0.33u pairs=30  (palette-wide exactWorst=3.81u)
[HANDS_ATTACH] mesh='hands_naked.mesh' owner='hands_naked.mesh' frame=3369 nb=38 wext=73.8 rebound=1
  TIER1 rest-coherence: worst=87.3deg bone[33]='bone_L-middlefinger03.mesh' count(>5deg)=34 freshRecap=0  xcheck(invOff-vs-restW) worst=87.3deg bone[33]
  TIER2 joint-attach(PRIMARY): worst=71.02u bone[18]='bone_R-pinky02.mesh' parent[14] R=47.4 exactJoint=2.44u pairs=30  (palette-wide exactWorst=10.36u)
[HANDS_ATTACH] mesh='hands_naked.mesh' owner='hands_naked.mesh' frame=3373 nb=40 wext=46.4 rebound=1
  TIER1 rest-coherence: worst=42.6deg bone[30]='bone_L-middlefinger03.mesh' count(>5deg)=36 freshRecap=0  xcheck(invOff-vs-restW) worst=42.6deg bone[30]
  TIER2 joint-attach(PRIMARY): worst=23.84u bone[22]='bone_L-index02.mesh' parent[27] R=36.5 exactJoint=0.00u pairs=36  (palette-wide exactWorst=7.09u)
[HANDS_ATTACH] mesh='hands_naked.mesh' owner='hands_naked.mesh' frame=3377 nb=38 wext=75.7 rebound=1
  TIER1 rest-coherence: worst=87.3deg bone[33]='bone_L-middlefinger03.mesh' count(>5deg)=34 freshRecap=0  xcheck(invOff-vs-restW) worst=87.3deg bone[33]
  TIER2 joint-attach(PRIMARY): worst=34.05u bone[13]='bone_R-hand.mesh' parent[5] R=49.4 exactJoint=0.33u pairs=30  (palette-wide exactWorst=3.94u)
[HANDS_ATTACH] mesh='hands_naked.mesh' owner='hands_naked.mesh' frame=3379 nb=38 wext=75.8 rebound=1
  TIER1 rest-coherence: worst=87.3deg bone[33]='bone_L-middlefinger03.mesh' count(>5deg)=34 freshRecap=0  xcheck(invOff-vs-restW) worst=87.3deg bone[33]
  TIER2 joint-attach(PRIMARY): worst=71.02u bone[18]='bone_R-pinky02.mesh' parent[14] R=47.4 exactJoint=2.44u pairs=30  (palette-wide exactWorst=10.36u)
[HANDS_ATTACH] mesh='hands_naked.mesh' owner='hands_naked.mesh' frame=3383 nb=40 wext=48.1 rebound=1
  TIER1 rest-coherence: worst=42.6deg bone[30]='bone_L-middlefinger03.mesh' count(>5deg)=36 freshRecap=0  xcheck(invOff-vs-restW) worst=42.6deg bone[30]
  TIER2 joint-attach(PRIMARY): worst=23.72u bone[22]='bone_L-index02.mesh' parent[27] R=36.5 exactJoint=0.00u pairs=36  (palette-wide exactWorst=7.09u)
[HANDS_ATTACH] mesh='hands_naked.mesh' owner='hands_naked.mesh' frame=3387 nb=38 wext=75.5 rebound=1
  TIER1 rest-coherence: worst=87.3deg bone[33]='bone_L-middlefinger03.mesh' count(>5deg)=34 freshRecap=0  xcheck(invOff-vs-restW) worst=87.3deg bone[33]
  TIER2 joint-attach(PRIMARY): worst=35.54u bone[13]='bone_R-hand.mesh' parent[5] R=49.4 exactJoint=0.33u pairs=30  (palette-wide exactWorst=4.01u)
[HANDS_ATTACH] mesh='hands_naked.mesh' owner='hands_naked.mesh' frame=3389 nb=38 wext=82.2 rebound=1
  TIER1 rest-coherence: worst=87.3deg bone[33]='bone_L-middlefinger03.mesh' count(>5deg)=34 freshRecap=0  xcheck(invOff-vs-restW) worst=87.3deg bone[33]
  TIER2 joint-attach(PRIMARY): worst=71.02u bone[18]='bone_R-pinky02.mesh' parent[14] R=47.4 exactJoint=2.44u pairs=30  (palette-wide exactWorst=10.36u)
[HANDS_ATTACH] mesh='hands_naked.mesh' owner='hands_naked.mesh' frame=3393 nb=40 wext=44.7 rebound=1
  TIER1 rest-coherence: worst=42.6deg bone[30]='bone_L-middlefinger03.mesh' count(>5deg)=36 freshRecap=0  xcheck(invOff-vs-restW) worst=42.6deg bone[30]
  TIER2 joint-attach(PRIMARY): worst=24.08u bone[22]='bone_L-index02.mesh' parent[27] R=36.5 exactJoint=0.00u pairs=36  (palette-wide exactWorst=7.09u)
[HANDS_ATTACH] mesh='hands_naked.mesh' owner='hands_naked.mesh' frame=3397 nb=38 wext=75.5 rebound=1
  TIER1 rest-coherence: worst=87.3deg bone[33]='bone_L-middlefinger03.mesh' count(>5deg)=34 freshRecap=0  xcheck(invOff-vs-restW) worst=87.3deg bone[33]
  TIER2 joint-attach(PRIMARY): worst=37.73u bone[13]='bone_R-hand.mesh' parent[5] R=49.4 exactJoint=0.33u pairs=30  (palette-wide exactWorst=3.96u)
[HANDS_ATTACH] mesh='hands_naked.mesh' owner='hands_naked.mesh' frame=3399 nb=38 wext=84.7 rebound=1
  TIER1 rest-coherence: worst=87.3deg bone[33]='bone_L-middlefinger03.mesh' count(>5deg)=34 freshRecap=0  xcheck(invOff-vs-restW) worst=87.3deg bone[33]
  TIER2 joint-attach(PRIMARY): worst=71.02u bone[18]='bone_R-pinky02.mesh' parent[14] R=47.4 exactJoint=2.44u pairs=30  (palette-wide exactWorst=10.36u)
[HANDS_ATTACH] mesh='hands_naked.mesh' owner='hands_naked.mesh' frame=3403 nb=40 wext=53.6 rebound=1
  TIER1 rest-coherence: worst=42.6deg bone[30]='bone_L-middlefinger03.mesh' count(>5deg)=36 freshRecap=0  xcheck(invOff-vs-restW) worst=42.6deg bone[30]
  TIER2 joint-attach(PRIMARY): worst=24.04u bone[22]='bone_L-index02.mesh' parent[27] R=36.5 exactJoint=0.00u pairs=36  (palette-wide exactWorst=7.09u)
[HANDS_ATTACH] mesh='hands_naked.mesh' owner='hands_naked.mesh' frame=3407 nb=38 wext=75.2 rebound=1
  TIER1 rest-coherence: worst=87.3deg bone[33]='bone_L-middlefinger03.mesh' count(>5deg)=34 freshRecap=0  xcheck(invOff-vs-restW) worst=87.3deg bone[33]
  TIER2 joint-attach(PRIMARY): worst=37.87u bone[13]='bone_R-hand.mesh' parent[5] R=49.4 exactJoint=0.33u pairs=30  (palette-wide exactWorst=3.84u)
[HANDS_ATTACH] mesh='hands_naked.mesh' owner='hands_naked.mesh' frame=3409 nb=38 wext=85.1 rebound=1
  TIER1 rest-coherence: worst=87.3deg bone[33]='bone_L-middlefinger03.mesh' count(>5deg)=34 freshRecap=0  xcheck(invOff-vs-restW) worst=87.3deg bone[33]
  TIER2 joint-attach(PRIMARY): worst=71.02u bone[18]='bone_R-pinky02.mesh' parent[14] R=47.4 exactJoint=2.44u pairs=30  (palette-wide exactWorst=10.36u)
[HANDS_ATTACH] mesh='hands_naked.mesh' owner='hands_naked.mesh' frame=3413 nb=40 wext=60.8 rebound=1
  TIER1 rest-coherence: worst=42.6deg bone[30]='bone_L-middlefinger03.mesh' count(>5deg)=36 freshRecap=0  xcheck(invOff-vs-restW) worst=42.6deg bone[30]
  TIER2 joint-attach(PRIMARY): worst=23.42u bone[22]='bone_L-index02.mesh' parent[27] R=36.5 exactJoint=0.00u pairs=36  (palette-wide exactWorst=7.09u)
[HANDS_ATTACH] mesh='hands_naked.mesh' owner='hands_naked.mesh' frame=3417 nb=38 wext=75.3 rebound=1
  TIER1 rest-coherence: worst=87.3deg bone[33]='bone_L-middlefinger03.mesh' count(>5deg)=34 freshRecap=0  xcheck(invOff-vs-restW) worst=87.3deg bone[33]
  TIER2 joint-attach(PRIMARY): worst=38.01u bone[13]='bone_R-hand.mesh' parent[5] R=49.4 exactJoint=0.33u pairs=30  (palette-wide exactWorst=3.66u)
[HANDS_ATTACH] mesh='hands_naked.mesh' owner='hands_naked.mesh' frame=3419 nb=38 wext=84.7 rebound=1
  TIER1 rest-coherence: worst=87.3deg bone[33]='bone_L-middlefinger03.mesh' count(>5deg)=34 freshRecap=0  xcheck(invOff-vs-restW) worst=87.3deg bone[33]
  TIER2 joint-attach(PRIMARY): worst=71.02u bone[18]='bone_R-pinky02.mesh' parent[14] R=47.4 exactJoint=2.44u pairs=30  (palette-wide exactWorst=10.36u)
[HANDS_ATTACH] mesh='hands_naked.mesh' owner='hands_naked.mesh' frame=3423 nb=40 wext=62.2 rebound=1
  TIER1 rest-coherence: worst=42.6deg bone[30]='bone_L-middlefinger03.mesh' count(>5deg)=36 freshRecap=0  xcheck(invOff-vs-restW) worst=42.6deg bone[30]
  TIER2 joint-attach(PRIMARY): worst=23.35u bone[22]='bone_L-index02.mesh' parent[27] R=36.5 exactJoint=0.01u pairs=36  (palette-wide exactWorst=7.09u)
[HANDS_ATTACH] mesh='hands_naked.mesh' owner='hands_naked.mesh' frame=3427 nb=38 wext=75.3 rebound=1
  TIER1 rest-coherence: worst=87.3deg bone[33]='bone_L-middlefinger03.mesh' count(>5deg)=34 freshRecap=0  xcheck(invOff-vs-restW) worst=87.3deg bone[33]
  TIER2 joint-attach(PRIMARY): worst=38.20u bone[13]='bone_R-hand.mesh' parent[5] R=49.4 exactJoint=0.33u pairs=30  (palette-wide exactWorst=3.43u)
[HANDS_ATTACH] mesh='hands_naked.mesh' owner='hands_naked.mesh' frame=3429 nb=38 wext=81.0 rebound=1
  TIER1 rest-coherence: worst=87.3deg bone[33]='bone_L-middlefinger03.mesh' count(>5deg)=34 freshRecap=0  xcheck(invOff-vs-restW) worst=87.3deg bone[33]
  TIER2 joint-attach(PRIMARY): worst=68.40u bone[18]='bone_R-pinky02.mesh' parent[14] R=47.4 exactJoint=0.00u pairs=30  (palette-wide exactWorst=8.82u)
[HANDS_ATTACH] mesh='hands_naked.mesh' owner='hands_naked.mesh' frame=3433 nb=40 wext=58.8 rebound=1
  TIER1 rest-coherence: worst=42.6deg bone[30]='bone_L-middlefinger03.mesh' count(>5deg)=36 freshRecap=0  xcheck(invOff-vs-restW) worst=42.6deg bone[30]
  TIER2 joint-attach(PRIMARY): worst=49.25u bone[18]='bone_R-index01.mesh' parent[1] R=37.5 exactJoint=1.30u pairs=36  (palette-wide exactWorst=7.40u)
[HANDS_ATTACH] mesh='hands_naked.mesh' owner='hands_naked.mesh' frame=3437 nb=38 wext=74.2 rebound=1
  TIER1 rest-coherence: worst=87.3deg bone[33]='bone_L-middlefinger03.mesh' count(>5deg)=34 freshRecap=0  xcheck(invOff-vs-restW) worst=87.3deg bone[33]
  TIER2 joint-attach(PRIMARY): worst=37.68u bone[13]='bone_R-hand.mesh' parent[5] R=49.4 exactJoint=0.33u pairs=30  (palette-wide exactWorst=3.17u)
[HANDS_ATTACH] mesh='hands_naked.mesh' owner='hands_naked.mesh' frame=3439 nb=38 wext=65.7 rebound=1
  TIER1 rest-coherence: worst=87.3deg bone[33]='bone_L-middlefinger03.mesh' count(>5deg)=34 freshRecap=0  xcheck(invOff-vs-restW) worst=87.3deg bone[33]
  TIER2 joint-attach(PRIMARY): worst=36.17u bone[13]='bone_R-hand.mesh' parent[5] R=49.4 exactJoint=0.00u pairs=30  (palette-wide exactWorst=0.00u)
[HANDS_ATTACH] mesh='hands_naked.mesh' owner='hands_naked.mesh' frame=3443 nb=40 wext=59.9 rebound=1
  TIER1 rest-coherence: worst=42.6deg bone[30]='bone_L-middlefinger03.mesh' count(>5deg)=36 freshRecap=0  xcheck(invOff-vs-restW) worst=42.6deg bone[30]
  TIER2 joint-attach(PRIMARY): worst=67.77u bone[13]='bone_R-pinky03.mesh' parent[9] R=37.9 exactJoint=0.00u pairs=36  (palette-wide exactWorst=7.34u)
[HANDS_ATTACH] mesh='hands_naked.mesh' owner='hands_naked.mesh' frame=3447 nb=38 wext=74.0 rebound=1
  TIER1 rest-coherence: worst=87.3deg bone[33]='bone_L-middlefinger03.mesh' count(>5deg)=34 freshRecap=0  xcheck(invOff-vs-restW) worst=87.3deg bone[33]
  TIER2 joint-attach(PRIMARY): worst=37.17u bone[13]='bone_R-hand.mesh' parent[5] R=49.4 exactJoint=0.33u pairs=30  (palette-wide exactWorst=2.93u)
[HANDS_ATTACH] mesh='hands_naked.mesh' owner='hands_naked.mesh' frame=3449 nb=38 wext=81.4 rebound=1
  TIER1 rest-coherence: worst=87.3deg bone[33]='bone_L-middlefinger03.mesh' count(>5deg)=34 freshRecap=0  xcheck(invOff-vs-restW) worst=87.3deg bone[33]
  TIER2 joint-attach(PRIMARY): worst=44.73u bone[13]='bone_R-hand.mesh' parent[5] R=49.4 exactJoint=0.00u pairs=30  (palette-wide exactWorst=0.00u)
[HANDS_ATTACH] mesh='hands_naked.mesh' owner='hands_naked.mesh' frame=3453 nb=40 wext=60.6 rebound=1
  TIER1 rest-coherence: worst=42.6deg bone[30]='bone_L-middlefinger03.mesh' count(>5deg)=36 freshRecap=0  xcheck(invOff-vs-restW) worst=42.6deg bone[30]
  TIER2 joint-attach(PRIMARY): worst=67.34u bone[23]='bone_R-ringfinger03.mesh' parent[5] R=37.5 exactJoint=0.26u pairs=36  (palette-wide exactWorst=7.32u)
[HANDS_ATTACH] mesh='hands_naked.mesh' owner='hands_naked.mesh' frame=3457 nb=38 wext=73.8 rebound=1
  TIER1 rest-coherence: worst=87.3deg bone[33]='bone_L-middlefinger03.mesh' count(>5deg)=34 freshRecap=0  xcheck(invOff-vs-restW) worst=87.3deg bone[33]
  TIER2 joint-attach(PRIMARY): worst=36.89u bone[13]='bone_R-hand.mesh' parent[5] R=49.4 exactJoint=0.33u pairs=30  (palette-wide exactWorst=2.86u)
[HANDS_ATTACH] mesh='hands_naked.mesh' owner='hands_naked.mesh' frame=3459 nb=38 wext=81.7 rebound=1
  TIER1 rest-coherence: worst=87.3deg bone[33]='bone_L-middlefinger03.mesh' count(>5deg)=34 freshRecap=0  xcheck(invOff-vs-restW) worst=87.3deg bone[33]
  TIER2 joint-attach(PRIMARY): worst=47.58u bone[13]='bone_R-hand.mesh' parent[5] R=49.4 exactJoint=0.00u pairs=30  (palette-wide exactWorst=0.00u)
[HANDS_ATTACH] mesh='hands_naked.mesh' owner='hands_naked.mesh' frame=3463 nb=40 wext=61.4 rebound=1
  TIER1 rest-coherence: worst=42.6deg bone[30]='bone_L-middlefinger03.mesh' count(>5deg)=36 freshRecap=0  xcheck(invOff-vs-restW) worst=42.6deg bone[30]
  TIER2 joint-attach(PRIMARY): worst=68.05u bone[23]='bone_R-ringfinger03.mesh' parent[5] R=37.5 exactJoint=0.32u pairs=36  (palette-wide exactWorst=7.35u)
[HANDS_ATTACH] mesh='hands_naked.mesh' owner='hands_naked.mesh' frame=3467 nb=38 wext=73.7 rebound=1
  TIER1 rest-coherence: worst=87.3deg bone[33]='bone_L-middlefinger03.mesh' count(>5deg)=34 freshRecap=0  xcheck(invOff-vs-restW) worst=87.3deg bone[33]
  TIER2 joint-attach(PRIMARY): worst=36.02u bone[13]='bone_R-hand.mesh' parent[5] R=49.4 exactJoint=0.33u pairs=30  (palette-wide exactWorst=2.80u)
[HANDS_ATTACH] mesh='hands_naked.mesh' owner='hands_naked.mesh' frame=3469 nb=38 wext=81.5 rebound=1
  TIER1 rest-coherence: worst=87.3deg bone[33]='bone_L-middlefinger03.mesh' count(>5deg)=34 freshRecap=0  xcheck(invOff-vs-restW) worst=87.3deg bone[33]
  TIER2 joint-attach(PRIMARY): worst=51.38u bone[13]='bone_R-hand.mesh' parent[5] R=49.4 exactJoint=0.00u pairs=30  (palette-wide exactWorst=0.00u)
[HANDS_ATTACH] mesh='hands_naked.mesh' owner='hands_naked.mesh' frame=3473 nb=40 wext=60.3 rebound=1
  TIER1 rest-coherence: worst=42.6deg bone[30]='bone_L-middlefinger03.mesh' count(>5deg)=36 freshRecap=0  xcheck(invOff-vs-restW) worst=42.6deg bone[30]
  TIER2 joint-attach(PRIMARY): worst=68.00u bone[23]='bone_R-ringfinger03.mesh' parent[5] R=37.5 exactJoint=0.34u pairs=36  (palette-wide exactWorst=7.35u)
[HANDS_ATTACH] mesh='hands_naked.mesh' owner='hands_naked.mesh' frame=3477 nb=38 wext=74.0 rebound=1
  TIER1 rest-coherence: worst=87.3deg bone[33]='bone_L-middlefinger03.mesh' count(>5deg)=34 freshRecap=0  xcheck(invOff-vs-restW) worst=87.3deg bone[33]
  TIER2 joint-attach(PRIMARY): worst=34.12u bone[13]='bone_R-hand.mesh' parent[5] R=49.4 exactJoint=0.33u pairs=30  (palette-wide exactWorst=2.77u)
[HANDS_ATTACH] mesh='hands_naked.mesh' owner='hands_naked.mesh' frame=3479 nb=38 wext=80.8 rebound=1
  TIER1 rest-coherence: worst=87.3deg bone[33]='bone_L-middlefinger03.mesh' count(>5deg)=34 freshRecap=0  xcheck(invOff-vs-restW) worst=87.3deg bone[33]
  TIER2 joint-attach(PRIMARY): worst=61.48u bone[13]='bone_R-hand.mesh' parent[5] R=49.4 exactJoint=0.00u pairs=30  (palette-wide exactWorst=6.91u)
[HANDS_ATTACH] mesh='hands_naked.mesh' owner='hands_naked.mesh' frame=3483 nb=40 wext=66.6 rebound=1
  TIER1 rest-coherence: worst=42.6deg bone[30]='bone_L-middlefinger03.mesh' count(>5deg)=36 freshRecap=0  xcheck(invOff-vs-restW) worst=42.6deg bone[30]
  TIER2 joint-attach(PRIMARY): worst=67.85u bone[23]='bone_R-ringfinger03.mesh' parent[5] R=37.5 exactJoint=0.37u pairs=36  (palette-wide exactWorst=7.36u)
[HANDS_ATTACH] mesh='hands_naked.mesh' owner='hands_naked.mesh' frame=3487 nb=38 wext=75.3 rebound=1
  TIER1 rest-coherence: worst=87.3deg bone[33]='bone_L-middlefinger03.mesh' count(>5deg)=34 freshRecap=0  xcheck(invOff-vs-restW) worst=87.3deg bone[33]
  TIER2 joint-attach(PRIMARY): worst=36.98u bone[13]='bone_R-hand.mesh' parent[5] R=49.4 exactJoint=0.33u pairs=30  (palette-wide exactWorst=2.83u)
[HANDS_ATTACH] mesh='hands_naked.mesh' owner='hands_naked.mesh' frame=3489 nb=38 wext=77.3 rebound=1
  TIER1 rest-coherence: worst=87.3deg bone[33]='bone_L-middlefinger03.mesh' count(>5deg)=34 freshRecap=0  xcheck(invOff-vs-restW) worst=87.3deg bone[33]
  TIER2 joint-attach(PRIMARY): worst=69.81u bone[13]='bone_R-hand.mesh' parent[5] R=49.4 exactJoint=0.00u pairs=30  (palette-wide exactWorst=5.49u)
[HANDS_ATTACH] mesh='hands_naked.mesh' owner='hands_naked.mesh' frame=3493 nb=40 wext=63.7 rebound=1
  TIER1 rest-coherence: worst=42.6deg bone[30]='bone_L-middlefinger03.mesh' count(>5deg)=36 freshRecap=0  xcheck(invOff-vs-restW) worst=42.6deg bone[30]
  TIER2 joint-attach(PRIMARY): worst=68.38u bone[23]='bone_R-ringfinger03.mesh' parent[5] R=37.5 exactJoint=0.29u pairs=36  (palette-wide exactWorst=7.35u)
[HANDS_ATTACH] mesh='hands_naked.mesh' owner='hands_naked.mesh' frame=3497 nb=38 wext=75.5 rebound=1
  TIER1 rest-coherence: worst=87.3deg bone[33]='bone_L-middlefinger03.mesh' count(>5deg)=34 freshRecap=0  xcheck(invOff-vs-restW) worst=87.3deg bone[33]
  TIER2 joint-attach(PRIMARY): worst=36.70u bone[13]='bone_R-hand.mesh' parent[5] R=49.4 exactJoint=0.33u pairs=30  (palette-wide exactWorst=2.88u)
[HANDS_ATTACH] mesh='hands_naked.mesh' owner='hands_naked.mesh' frame=3499 nb=38 wext=73.4 rebound=1
  TIER1 rest-coherence: worst=87.3deg bone[33]='bone_L-middlefinger03.mesh' count(>5deg)=34 freshRecap=0  xcheck(invOff-vs-restW) worst=87.3deg bone[33]
  TIER2 joint-attach(PRIMARY): worst=63.56u bone[13]='bone_R-hand.mesh' parent[5] R=49.4 exactJoint=0.00u pairs=30  (palette-wide exactWorst=5.50u)
[HANDS_ATTACH] mesh='hands_naked.mesh' owner='hands_naked.mesh' frame=3503 nb=40 wext=67.8 rebound=1
  TIER1 rest-coherence: worst=42.6deg bone[30]='bone_L-middlefinger03.mesh' count(>5deg)=36 freshRecap=0  xcheck(invOff-vs-restW) worst=42.6deg bone[30]
  TIER2 joint-attach(PRIMARY): worst=68.45u bone[23]='bone_R-ringfinger03.mesh' parent[5] R=37.5 exactJoint=0.27u pairs=36  (palette-wide exactWorst=7.35u)
[HANDS_ATTACH] mesh='hands_naked.mesh' owner='hands_naked.mesh' frame=3507 nb=38 wext=75.7 rebound=1
  TIER1 rest-coherence: worst=87.3deg bone[33]='bone_L-middlefinger03.mesh' count(>5deg)=34 freshRecap=0  xcheck(invOff-vs-restW) worst=87.3deg bone[33]
  TIER2 joint-attach(PRIMARY): worst=36.60u bone[13]='bone_R-hand.mesh' parent[5] R=49.4 exactJoint=0.33u pairs=30  (palette-wide exactWorst=2.95u)
[HANDS_ATTACH] mesh='hands_naked.mesh' owner='hands_naked.mesh' frame=3509 nb=38 wext=72.3 rebound=1
  TIER1 rest-coherence: worst=87.3deg bone[33]='bone_L-middlefinger03.mesh' count(>5deg)=34 freshRecap=0  xcheck(invOff-vs-restW) worst=87.3deg bone[33]
  TIER2 joint-attach(PRIMARY): worst=46.25u bone[9]='bone_R-thumb01.mesh' parent[13] R=48.5 exactJoint=0.00u pairs=30  (palette-wide exactWorst=1.47u)
[HANDS_ATTACH] mesh='hands_naked.mesh' owner='hands_naked.mesh' frame=3513 nb=40 wext=72.7 rebound=1
  TIER1 rest-coherence: worst=42.6deg bone[30]='bone_L-middlefinger03.mesh' count(>5deg)=36 freshRecap=0  xcheck(invOff-vs-restW) worst=42.6deg bone[30]
  TIER2 joint-attach(PRIMARY): worst=68.06u bone[23]='bone_R-ringfinger03.mesh' parent[5] R=37.5 exactJoint=0.35u pairs=36  (palette-wide exactWorst=7.35u)
[HANDS_ATTACH] mesh='hands_naked.mesh' owner='hands_naked.mesh' frame=3517 nb=38 wext=75.8 rebound=1
  TIER1 rest-coherence: worst=87.3deg bone[33]='bone_L-middlefinger03.mesh' count(>5deg)=34 freshRecap=0  xcheck(invOff-vs-restW) worst=87.3deg bone[33]
  TIER2 joint-attach(PRIMARY): worst=37.27u bone[13]='bone_R-hand.mesh' parent[5] R=49.4 exactJoint=0.33u pairs=30  (palette-wide exactWorst=3.19u)
[HANDS_ATTACH] mesh='hands_naked.mesh' owner='hands_naked.mesh' frame=3519 nb=38 wext=79.4 rebound=1
  TIER1 rest-coherence: worst=87.3deg bone[33]='bone_L-middlefinger03.mesh' count(>5deg)=34 freshRecap=0  xcheck(invOff-vs-restW) worst=87.3deg bone[33]
  TIER2 joint-attach(PRIMARY): worst=55.70u bone[9]='bone_R-thumb01.mesh' parent[13] R=48.5 exactJoint=0.00u pairs=30  (palette-wide exactWorst=0.00u)
[HANDS_ATTACH] mesh='hands_naked.mesh' owner='hands_naked.mesh' frame=3523 nb=40 wext=74.6 rebound=1
  TIER1 rest-coherence: worst=42.6deg bone[30]='bone_L-middlefinger03.mesh' count(>5deg)=36 freshRecap=0  xcheck(invOff-vs-restW) worst=42.6deg bone[30]
  TIER2 joint-attach(PRIMARY): worst=68.11u bone[23]='bone_R-ringfinger03.mesh' parent[5] R=37.5 exactJoint=0.34u pairs=36  (palette-wide exactWorst=7.35u)
[HANDS_ATTACH] mesh='hands_naked.mesh' owner='hands_naked.mesh' frame=3527 nb=38 wext=75.5 rebound=1
  TIER1 rest-coherence: worst=87.3deg bone[33]='bone_L-middlefinger03.mesh' count(>5deg)=34 freshRecap=0  xcheck(invOff-vs-restW) worst=87.3deg bone[33]
  TIER2 joint-attach(PRIMARY): worst=37.54u bone[13]='bone_R-hand.mesh' parent[5] R=49.4 exactJoint=0.33u pairs=30  (palette-wide exactWorst=3.38u)
[HANDS_ATTACH] mesh='hands_naked.mesh' owner='hands_naked.mesh' frame=3529 nb=38 wext=72.8 rebound=1
  TIER1 rest-coherence: worst=87.3deg bone[33]='bone_L-middlefinger03.mesh' count(>5deg)=34 freshRecap=0  xcheck(invOff-vs-restW) worst=87.3deg bone[33]
  TIER2 joint-attach(PRIMARY): worst=52.90u bone[13]='bone_R-hand.mesh' parent[5] R=49.4 exactJoint=0.00u pairs=30  (palette-wide exactWorst=1.70u)
[HANDS_ATTACH] mesh='hands_naked.mesh' owner='hands_naked.mesh' frame=3533 nb=40 wext=68.6 rebound=1
  TIER1 rest-coherence: worst=42.6deg bone[30]='bone_L-middlefinger03.mesh' count(>5deg)=36 freshRecap=0  xcheck(invOff-vs-restW) worst=42.6deg bone[30]
  TIER2 joint-attach(PRIMARY): worst=68.49u bone[23]='bone_R-ringfinger03.mesh' parent[5] R=37.5 exactJoint=0.26u pairs=36  (palette-wide exactWorst=7.35u)
[HANDS_ATTACH] mesh='hands_naked.mesh' owner='hands_naked.mesh' frame=3537 nb=38 wext=74.9 rebound=1
  TIER1 rest-coherence: worst=87.3deg bone[33]='bone_L-middlefinger03.mesh' count(>5deg)=34 freshRecap=0  xcheck(invOff-vs-restW) worst=87.3deg bone[33]
  TIER2 joint-attach(PRIMARY): worst=37.52u bone[13]='bone_R-hand.mesh' parent[5] R=49.4 exactJoint=0.33u pairs=30  (palette-wide exactWorst=3.53u)
[HANDS_ATTACH] mesh='hands_naked.mesh' owner='hands_naked.mesh' frame=3539 nb=38 wext=83.2 rebound=1
  TIER1 rest-coherence: worst=87.3deg bone[33]='bone_L-middlefinger03.mesh' count(>5deg)=34 freshRecap=0  xcheck(invOff-vs-restW) worst=87.3deg bone[33]
  TIER2 joint-attach(PRIMARY): worst=67.78u bone[18]='bone_R-pinky02.mesh' parent[14] R=47.4 exactJoint=0.00u pairs=30  (palette-wide exactWorst=7.71u)
[HANDS_ATTACH] mesh='hands_naked.mesh' owner='hands_naked.mesh' frame=3543 nb=40 wext=70.1 rebound=1
  TIER1 rest-coherence: worst=42.6deg bone[30]='bone_L-middlefinger03.mesh' count(>5deg)=36 freshRecap=0  xcheck(invOff-vs-restW) worst=42.6deg bone[30]
  TIER2 joint-attach(PRIMARY): worst=68.25u bone[23]='bone_R-ringfinger03.mesh' parent[5] R=37.5 exactJoint=0.31u pairs=36  (palette-wide exactWorst=7.35u)
[HANDS_ATTACH] mesh='hands_naked.mesh' owner='hands_naked.mesh' frame=3547 nb=38 wext=74.3 rebound=1
  TIER1 rest-coherence: worst=87.3deg bone[33]='bone_L-middlefinger03.mesh' count(>5deg)=34 freshRecap=0  xcheck(invOff-vs-restW) worst=87.3deg bone[33]
  TIER2 joint-attach(PRIMARY): worst=37.67u bone[13]='bone_R-hand.mesh' parent[5] R=49.4 exactJoint=0.33u pairs=30  (palette-wide exactWorst=3.61u)
[HANDS_ATTACH] mesh='hands_naked.mesh' owner='hands_naked.mesh' frame=3549 nb=38 wext=80.2 rebound=1
  TIER1 rest-coherence: worst=87.3deg bone[33]='bone_L-middlefinger03.mesh' count(>5deg)=34 freshRecap=0  xcheck(invOff-vs-restW) worst=87.3deg bone[33]
  TIER2 joint-attach(PRIMARY): worst=71.02u bone[18]='bone_R-pinky02.mesh' parent[14] R=47.4 exactJoint=2.44u pairs=30  (palette-wide exactWorst=10.36u)
[HANDS_ATTACH] mesh='hands_naked.mesh' owner='hands_naked.mesh' frame=3553 nb=40 wext=47.2 rebound=1
  TIER1 rest-coherence: worst=42.6deg bone[30]='bone_L-middlefinger03.mesh' count(>5deg)=36 freshRecap=0  xcheck(invOff-vs-restW) worst=42.6deg bone[30]
  TIER2 joint-attach(PRIMARY): worst=67.84u bone[23]='bone_R-ringfinger03.mesh' parent[5] R=37.5 exactJoint=0.41u pairs=36  (palette-wide exactWorst=7.36u)
[HANDS_ATTACH] mesh='hands_naked.mesh' owner='hands_naked.mesh' frame=3557 nb=38 wext=73.7 rebound=1
  TIER1 rest-coherence: worst=87.3deg bone[33]='bone_L-middlefinger03.mesh' count(>5deg)=34 freshRecap=0  xcheck(invOff-vs-restW) worst=87.3deg bone[33]
  TIER2 joint-attach(PRIMARY): worst=37.80u bone[13]='bone_R-hand.mesh' parent[5] R=49.4 exactJoint=0.33u pairs=30  (palette-wide exactWorst=3.72u)
[HANDS_ATTACH] mesh='hands_naked.mesh' owner='hands_naked.mesh' frame=3559 nb=38 wext=78.4 rebound=1
  TIER1 rest-coherence: worst=87.3deg bone[33]='bone_L-middlefinger03.mesh' count(>5deg)=34 freshRecap=0  xcheck(invOff-vs-restW) worst=87.3deg bone[33]
  TIER2 joint-attach(PRIMARY): worst=71.02u bone[18]='bone_R-pinky02.mesh' parent[14] R=47.4 exactJoint=2.44u pairs=30  (palette-wide exactWorst=10.36u)
[HANDS_ATTACH] mesh='hands_naked.mesh' owner='hands_naked.mesh' frame=3563 nb=40 wext=58.0 rebound=1
  TIER1 rest-coherence: worst=42.6deg bone[30]='bone_L-middlefinger03.mesh' count(>5deg)=36 freshRecap=0  xcheck(invOff-vs-restW) worst=42.6deg bone[30]
  TIER2 joint-attach(PRIMARY): worst=68.39u bone[23]='bone_R-ringfinger03.mesh' parent[5] R=37.5 exactJoint=0.28u pairs=36  (palette-wide exactWorst=7.35u)
[HANDS_ATTACH] mesh='hands_naked.mesh' owner='hands_naked.mesh' frame=3567 nb=38 wext=73.4 rebound=1
  TIER1 rest-coherence: worst=87.3deg bone[33]='bone_L-middlefinger03.mesh' count(>5deg)=34 freshRecap=0  xcheck(invOff-vs-restW) worst=87.3deg bone[33]
  TIER2 joint-attach(PRIMARY): worst=38.50u bone[13]='bone_R-hand.mesh' parent[5] R=49.4 exactJoint=0.33u pairs=30  (palette-wide exactWorst=3.77u)
[HANDS_ATTACH] mesh='hands_naked.mesh' owner='hands_naked.mesh' frame=3569 nb=38 wext=73.8 rebound=1
  TIER1 rest-coherence: worst=87.3deg bone[33]='bone_L-middlefinger03.mesh' count(>5deg)=34 freshRecap=0  xcheck(invOff-vs-restW) worst=87.3deg bone[33]
  TIER2 joint-attach(PRIMARY): worst=71.02u bone[18]='bone_R-pinky02.mesh' parent[14] R=47.4 exactJoint=2.44u pairs=30  (palette-wide exactWorst=10.36u)
[HANDS_ATTACH] mesh='hands_naked.mesh' owner='hands_naked.mesh' frame=3573 nb=40 wext=60.6 rebound=1
  TIER1 rest-coherence: worst=42.6deg bone[30]='bone_L-middlefinger03.mesh' count(>5deg)=36 freshRecap=0  xcheck(invOff-vs-restW) worst=42.6deg bone[30]
  TIER2 joint-attach(PRIMARY): worst=68.44u bone[23]='bone_R-ringfinger03.mesh' parent[5] R=37.5 exactJoint=0.28u pairs=36  (palette-wide exactWorst=7.36u)
[HANDS_ATTACH] mesh='hands_naked.mesh' owner='hands_naked.mesh' frame=3577 nb=38 wext=72.7 rebound=1
  TIER1 rest-coherence: worst=87.3deg bone[33]='bone_L-middlefinger03.mesh' count(>5deg)=34 freshRecap=0  xcheck(invOff-vs-restW) worst=87.3deg bone[33]
  TIER2 joint-attach(PRIMARY): worst=40.37u bone[13]='bone_R-hand.mesh' parent[5] R=49.4 exactJoint=0.33u pairs=30  (palette-wide exactWorst=3.54u)
[HANDS_ATTACH] mesh='hands_naked.mesh' owner='hands_naked.mesh' frame=3579 nb=38 wext=75.2 rebound=1
  TIER1 rest-coherence: worst=87.3deg bone[33]='bone_L-middlefinger03.mesh' count(>5deg)=34 freshRecap=0  xcheck(invOff-vs-restW) worst=87.3deg bone[33]
  TIER2 joint-attach(PRIMARY): worst=71.02u bone[18]='bone_R-pinky02.mesh' parent[14] R=47.4 exactJoint=2.44u pairs=30  (palette-wide exactWorst=10.36u)
[HANDS_ATTACH] mesh='hands_naked.mesh' owner='hands_naked.mesh' frame=3583 nb=40 wext=55.4 rebound=1
  TIER1 rest-coherence: worst=42.6deg bone[30]='bone_L-middlefinger03.mesh' count(>5deg)=36 freshRecap=0  xcheck(invOff-vs-restW) worst=42.6deg bone[30]
  TIER2 joint-attach(PRIMARY): worst=67.87u bone[23]='bone_R-ringfinger03.mesh' parent[5] R=37.5 exactJoint=0.39u pairs=36  (palette-wide exactWorst=7.36u)
[HANDS_ATTACH] mesh='hands_naked.mesh' owner='hands_naked.mesh' frame=3587 nb=38 wext=73.0 rebound=1
  TIER1 rest-coherence: worst=87.3deg bone[33]='bone_L-middlefinger03.mesh' count(>5deg)=34 freshRecap=0  xcheck(invOff-vs-restW) worst=87.3deg bone[33]
  TIER2 joint-attach(PRIMARY): worst=37.40u bone[13]='bone_R-hand.mesh' parent[5] R=49.4 exactJoint=0.33u pairs=30  (palette-wide exactWorst=3.17u)
[HANDS_ATTACH] mesh='hands_naked.mesh' owner='hands_naked.mesh' frame=3589 nb=38 wext=67.1 rebound=1
  TIER1 rest-coherence: worst=87.3deg bone[33]='bone_L-middlefinger03.mesh' count(>5deg)=34 freshRecap=0  xcheck(invOff-vs-restW) worst=87.3deg bone[33]
  TIER2 joint-attach(PRIMARY): worst=71.02u bone[18]='bone_R-pinky02.mesh' parent[14] R=47.4 exactJoint=2.44u pairs=30  (palette-wide exactWorst=10.36u)
[HANDS_ATTACH] mesh='hands_naked.mesh' owner='hands_naked.mesh' frame=3593 nb=40 wext=68.6 rebound=1
  TIER1 rest-coherence: worst=42.6deg bone[30]='bone_L-middlefinger03.mesh' count(>5deg)=36 freshRecap=0  xcheck(invOff-vs-restW) worst=42.6deg bone[30]
  TIER2 joint-attach(PRIMARY): worst=68.26u bone[23]='bone_R-ringfinger03.mesh' parent[5] R=37.5 exactJoint=0.30u pairs=36  (palette-wide exactWorst=7.35u)
[HANDS_ATTACH] mesh='hands_naked.mesh' owner='hands_naked.mesh' frame=3597 nb=38 wext=73.2 rebound=1
  TIER1 rest-coherence: worst=87.3deg bone[33]='bone_L-middlefinger03.mesh' count(>5deg)=34 freshRecap=0  xcheck(invOff-vs-restW) worst=87.3deg bone[33]
  TIER2 joint-attach(PRIMARY): worst=34.06u bone[13]='bone_R-hand.mesh' parent[5] R=49.4 exactJoint=0.33u pairs=30  (palette-wide exactWorst=3.06u)
[HANDS_ATTACH] mesh='hands_naked.mesh' owner='hands_naked.mesh' frame=3599 nb=38 wext=75.3 rebound=1
  TIER1 rest-coherence: worst=87.3deg bone[33]='bone_L-middlefinger03.mesh' count(>5deg)=34 freshRecap=0  xcheck(invOff-vs-restW) worst=87.3deg bone[33]
  TIER2 joint-attach(PRIMARY): worst=48.50u bone[29]='bone_L-hand.mesh' parent[22] R=49.4 exactJoint=0.00u pairs=30  (palette-wide exactWorst=0.00u)
[HANDS_ATTACH] mesh='hands_naked.mesh' owner='hands_naked.mesh' frame=3603 nb=40 wext=68.5 rebound=1
  TIER1 rest-coherence: worst=42.6deg bone[30]='bone_L-middlefinger03.mesh' count(>5deg)=36 freshRecap=0  xcheck(invOff-vs-restW) worst=42.6deg bone[30]
  TIER2 joint-attach(PRIMARY): worst=68.05u bone[23]='bone_R-ringfinger03.mesh' parent[5] R=37.5 exactJoint=0.34u pairs=36  (palette-wide exactWorst=7.35u)
[HANDS_ATTACH] mesh='hands_naked.mesh' owner='hands_naked.mesh' frame=3607 nb=38 wext=73.1 rebound=1
  TIER1 rest-coherence: worst=87.3deg bone[33]='bone_L-middlefinger03.mesh' count(>5deg)=34 freshRecap=0  xcheck(invOff-vs-restW) worst=87.3deg bone[33]
  TIER2 joint-attach(PRIMARY): worst=33.01u bone[18]='bone_R-pinky02.mesh' parent[14] R=47.4 exactJoint=0.00u pairs=30  (palette-wide exactWorst=3.32u)
[HANDS_ATTACH] mesh='hands_naked.mesh' owner='hands_naked.mesh' frame=3609 nb=38 wext=70.5 rebound=1
  TIER1 rest-coherence: worst=87.3deg bone[33]='bone_L-middlefinger03.mesh' count(>5deg)=34 freshRecap=0  xcheck(invOff-vs-restW) worst=87.3deg bone[33]
  TIER2 joint-attach(PRIMARY): worst=68.61u bone[29]='bone_L-hand.mesh' parent[22] R=49.4 exactJoint=0.00u pairs=30  (palette-wide exactWorst=0.00u)
[HANDS_ATTACH] mesh='hands_naked.mesh' owner='hands_naked.mesh' frame=3613 nb=40 wext=46.9 rebound=1
  TIER1 rest-coherence: worst=42.6deg bone[30]='bone_L-middlefinger03.mesh' count(>5deg)=36 freshRecap=0  xcheck(invOff-vs-restW) worst=42.6deg bone[30]
  TIER2 joint-attach(PRIMARY): worst=67.88u bone[23]='bone_R-ringfinger03.mesh' parent[5] R=37.5 exactJoint=0.38u pairs=36  (palette-wide exactWorst=7.37u)
[HANDS_ATTACH] mesh='hands_naked.mesh' owner='hands_naked.mesh' frame=3617 nb=38 wext=69.5 rebound=1
  TIER1 rest-coherence: worst=87.3deg bone[33]='bone_L-middlefinger03.mesh' count(>5deg)=34 freshRecap=0  xcheck(invOff-vs-restW) worst=87.3deg bone[33]
  TIER2 joint-attach(PRIMARY): worst=33.59u bone[26]='bone_L-middlefinger02.mesh' parent[23] R=47.1 exactJoint=0.00u pairs=30  (palette-wide exactWorst=4.62u)
[HANDS_ATTACH] mesh='hands_naked.mesh' owner='hands_naked.mesh' frame=3619 nb=38 wext=80.3 rebound=1
  TIER1 rest-coherence: worst=87.3deg bone[33]='bone_L-middlefinger03.mesh' count(>5deg)=34 freshRecap=0  xcheck(invOff-vs-restW) worst=87.3deg bone[33]
  TIER2 joint-attach(PRIMARY): worst=69.07u bone[29]='bone_L-hand.mesh' parent[22] R=49.4 exactJoint=0.00u pairs=30  (palette-wide exactWorst=0.00u)
[HANDS_ATTACH] mesh='hands_naked.mesh' owner='hands_naked.mesh' frame=3623 nb=40 wext=72.1 rebound=1
  TIER1 rest-coherence: worst=42.6deg bone[30]='bone_L-middlefinger03.mesh' count(>5deg)=36 freshRecap=0  xcheck(invOff-vs-restW) worst=42.6deg bone[30]
  TIER2 joint-attach(PRIMARY): worst=68.42u bone[23]='bone_R-ringfinger03.mesh' parent[5] R=37.5 exactJoint=0.26u pairs=36  (palette-wide exactWorst=7.35u)
[HANDS_ATTACH] mesh='hands_naked.mesh' owner='hands_naked.mesh' frame=3627 nb=38 wext=72.0 rebound=1
  TIER1 rest-coherence: worst=87.3deg bone[33]='bone_L-middlefinger03.mesh' count(>5deg)=34 freshRecap=0  xcheck(invOff-vs-restW) worst=87.3deg bone[33]
  TIER2 joint-attach(PRIMARY): worst=34.22u bone[26]='bone_L-middlefinger02.mesh' parent[23] R=47.1 exactJoint=0.00u pairs=30  (palette-wide exactWorst=5.40u)
[HANDS_ATTACH] mesh='hands_naked.mesh' owner='hands_naked.mesh' frame=3629 nb=38 wext=70.1 rebound=1
  TIER1 rest-coherence: worst=87.3deg bone[33]='bone_L-middlefinger03.mesh' count(>5deg)=34 freshRecap=0  xcheck(invOff-vs-restW) worst=87.3deg bone[33]
  TIER2 joint-attach(PRIMARY): worst=58.52u bone[29]='bone_L-hand.mesh' parent[22] R=49.4 exactJoint=0.00u pairs=30  (palette-wide exactWorst=0.00u)
[HANDS_ATTACH] mesh='hands_naked.mesh' owner='hands_naked.mesh' frame=3633 nb=40 wext=72.1 rebound=1
  TIER1 rest-coherence: worst=42.6deg bone[30]='bone_L-middlefinger03.mesh' count(>5deg)=36 freshRecap=0  xcheck(invOff-vs-restW) worst=42.6deg bone[30]
  TIER2 joint-attach(PRIMARY): worst=68.09u bone[23]='bone_R-ringfinger03.mesh' parent[5] R=37.5 exactJoint=0.34u pairs=36  (palette-wide exactWorst=7.35u)
[HANDS_ATTACH] mesh='hands_naked.mesh' owner='hands_naked.mesh' frame=3637 nb=38 wext=72.0 rebound=1
  TIER1 rest-coherence: worst=87.3deg bone[33]='bone_L-middlefinger03.mesh' count(>5deg)=34 freshRecap=0  xcheck(invOff-vs-restW) worst=87.3deg bone[33]
  TIER2 joint-attach(PRIMARY): worst=34.51u bone[26]='bone_L-middlefinger02.mesh' parent[23] R=47.1 exactJoint=0.00u pairs=30  (palette-wide exactWorst=5.70u)
[HANDS_ATTACH] mesh='hands_naked.mesh' owner='hands_naked.mesh' frame=3639 nb=38 wext=73.0 rebound=1
  TIER1 rest-coherence: worst=87.3deg bone[33]='bone_L-middlefinger03.mesh' count(>5deg)=34 freshRecap=0  xcheck(invOff-vs-restW) worst=87.3deg bone[33]
  TIER2 joint-attach(PRIMARY): worst=56.25u bone[29]='bone_L-hand.mesh' parent[22] R=49.4 exactJoint=0.00u pairs=30  (palette-wide exactWorst=0.00u)
[HANDS_ATTACH] mesh='hands_naked.mesh' owner='hands_naked.mesh' frame=3643 nb=40 wext=53.9 rebound=1
  TIER1 rest-coherence: worst=42.6deg bone[30]='bone_L-middlefinger03.mesh' count(>5deg)=36 freshRecap=0  xcheck(invOff-vs-restW) worst=42.6deg bone[30]
  TIER2 joint-attach(PRIMARY): worst=67.82u bone[23]='bone_R-ringfinger03.mesh' parent[5] R=37.5 exactJoint=0.40u pairs=36  (palette-wide exactWorst=7.37u)
[HANDS_ATTACH] mesh='hands_naked.mesh' owner='hands_naked.mesh' frame=3647 nb=38 wext=69.0 rebound=1
  TIER1 rest-coherence: worst=87.3deg bone[33]='bone_L-middlefinger03.mesh' count(>5deg)=34 freshRecap=0  xcheck(invOff-vs-restW) worst=87.3deg bone[33]
  TIER2 joint-attach(PRIMARY): worst=34.02u bone[26]='bone_L-middlefinger02.mesh' parent[23] R=47.1 exactJoint=0.00u pairs=30  (palette-wide exactWorst=5.72u)
[HANDS_ATTACH] mesh='hands_naked.mesh' owner='hands_naked.mesh' frame=3649 nb=38 wext=79.2 rebound=1
  TIER1 rest-coherence: worst=87.3deg bone[33]='bone_L-middlefinger03.mesh' count(>5deg)=34 freshRecap=0  xcheck(invOff-vs-restW) worst=87.3deg bone[33]
  TIER2 joint-attach(PRIMARY): worst=61.61u bone[29]='bone_L-hand.mesh' parent[22] R=49.4 exactJoint=0.00u pairs=30  (palette-wide exactWorst=0.00u)
[HANDS_ATTACH] mesh='hands_naked.mesh' owner='hands_naked.mesh' frame=3653 nb=40 wext=59.2 rebound=1
  TIER1 rest-coherence: worst=42.6deg bone[30]='bone_L-middlefinger03.mesh' count(>5deg)=36 freshRecap=0  xcheck(invOff-vs-restW) worst=42.6deg bone[30]
  TIER2 joint-attach(PRIMARY): worst=67.67u bone[23]='bone_R-ringfinger03.mesh' parent[5] R=37.5 exactJoint=0.40u pairs=36  (palette-wide exactWorst=7.35u)
[HANDS_ATTACH] mesh='hands_naked.mesh' owner='hands_naked.mesh' frame=3657 nb=38 wext=68.1 rebound=1
  TIER1 rest-coherence: worst=87.3deg bone[33]='bone_L-middlefinger03.mesh' count(>5deg)=34 freshRecap=0  xcheck(invOff-vs-restW) worst=87.3deg bone[33]
  TIER2 joint-attach(PRIMARY): worst=33.89u bone[26]='bone_L-middlefinger02.mesh' parent[23] R=47.1 exactJoint=0.00u pairs=30  (palette-wide exactWorst=5.45u)
[HANDS_ATTACH] mesh='hands_naked.mesh' owner='hands_naked.mesh' frame=3659 nb=38 wext=87.1 rebound=1
  TIER1 rest-coherence: worst=87.3deg bone[33]='bone_L-middlefinger03.mesh' count(>5deg)=34 freshRecap=0  xcheck(invOff-vs-restW) worst=87.3deg bone[33]
  TIER2 joint-attach(PRIMARY): worst=61.18u bone[29]='bone_L-hand.mesh' parent[22] R=49.4 exactJoint=0.00u pairs=30  (palette-wide exactWorst=0.00u)
[HANDS_ATTACH] mesh='hands_naked.mesh' owner='hands_naked.mesh' frame=3663 nb=40 wext=57.5 rebound=1
  TIER1 rest-coherence: worst=42.6deg bone[30]='bone_L-middlefinger03.mesh' count(>5deg)=36 freshRecap=0  xcheck(invOff-vs-restW) worst=42.6deg bone[30]
  TIER2 joint-attach(PRIMARY): worst=67.83u bone[23]='bone_R-ringfinger03.mesh' parent[5] R=37.5 exactJoint=0.38u pairs=36  (palette-wide exactWorst=7.35u)
[HANDS_ATTACH] mesh='hands_naked.mesh' owner='hands_naked.mesh' frame=3667 nb=38 wext=71.2 rebound=1
  TIER1 rest-coherence: worst=87.3deg bone[33]='bone_L-middlefinger03.mesh' count(>5deg)=34 freshRecap=0  xcheck(invOff-vs-restW) worst=87.3deg bone[33]
  TIER2 joint-attach(PRIMARY): worst=36.81u bone[13]='bone_R-hand.mesh' parent[5] R=49.4 exactJoint=0.33u pairs=30  (palette-wide exactWorst=4.04u)
[HANDS_ATTACH] mesh='hands_naked.mesh' owner='hands_naked.mesh' frame=3669 nb=38 wext=81.0 rebound=1
  TIER1 rest-coherence: worst=87.3deg bone[33]='bone_L-middlefinger03.mesh' count(>5deg)=34 freshRecap=0  xcheck(invOff-vs-restW) worst=87.3deg bone[33]
  TIER2 joint-attach(PRIMARY): worst=56.54u bone[29]='bone_L-hand.mesh' parent[22] R=49.4 exactJoint=0.00u pairs=30  (palette-wide exactWorst=0.00u)
[HANDS_ATTACH] mesh='hands_naked.mesh' owner='hands_naked.mesh' frame=3673 nb=40 wext=60.3 rebound=1
  TIER1 rest-coherence: worst=42.6deg bone[30]='bone_L-middlefinger03.mesh' count(>5deg)=36 freshRecap=0  xcheck(invOff-vs-restW) worst=42.6deg bone[30]
  TIER2 joint-attach(PRIMARY): worst=67.89u bone[23]='bone_R-ringfinger03.mesh' parent[5] R=37.5 exactJoint=0.37u pairs=36  (palette-wide exactWorst=7.36u)
[HANDS_ATTACH] mesh='hands_naked.mesh' owner='hands_naked.mesh' frame=3677 nb=38 wext=73.9 rebound=1
  TIER1 rest-coherence: worst=87.3deg bone[33]='bone_L-middlefinger03.mesh' count(>5deg)=34 freshRecap=0  xcheck(invOff-vs-restW) worst=87.3deg bone[33]
  TIER2 joint-attach(PRIMARY): worst=39.14u bone[13]='bone_R-hand.mesh' parent[5] R=49.4 exactJoint=0.33u pairs=30  (palette-wide exactWorst=2.95u)
[HANDS_ATTACH] mesh='hands_naked.mesh' owner='hands_naked.mesh' frame=3679 nb=38 wext=71.9 rebound=1
  TIER1 rest-coherence: worst=87.3deg bone[33]='bone_L-middlefinger03.mesh' count(>5deg)=34 freshRecap=0  xcheck(invOff-vs-restW) worst=87.3deg bone[33]
  TIER2 joint-attach(PRIMARY): worst=54.66u bone[29]='bone_L-hand.mesh' parent[22] R=49.4 exactJoint=0.00u pairs=30  (palette-wide exactWorst=0.00u)
[HANDS_ATTACH] mesh='hands_naked.mesh' owner='hands_naked.mesh' frame=3683 nb=40 wext=61.3 rebound=1
  TIER1 rest-coherence: worst=42.6deg bone[30]='bone_L-middlefinger03.mesh' count(>5deg)=36 freshRecap=0  xcheck(invOff-vs-restW) worst=42.6deg bone[30]
  TIER2 joint-attach(PRIMARY): worst=67.88u bone[23]='bone_R-ringfinger03.mesh' parent[5] R=37.5 exactJoint=0.37u pairs=36  (palette-wide exactWorst=7.36u)
[HANDS_ATTACH] mesh='hands_naked.mesh' owner='hands_naked.mesh' frame=3687 nb=38 wext=74.3 rebound=1
  TIER1 rest-coherence: worst=87.3deg bone[33]='bone_L-middlefinger03.mesh' count(>5deg)=34 freshRecap=0  xcheck(invOff-vs-restW) worst=87.3deg bone[33]
  TIER2 joint-attach(PRIMARY): worst=37.45u bone[13]='bone_R-hand.mesh' parent[5] R=49.4 exactJoint=0.33u pairs=30  (palette-wide exactWorst=3.14u)
[HANDS_ATTACH] mesh='hands_naked.mesh' owner='hands_naked.mesh' frame=3689 nb=38 wext=67.6 rebound=1
  TIER1 rest-coherence: worst=87.3deg bone[33]='bone_L-middlefinger03.mesh' count(>5deg)=34 freshRecap=0  xcheck(invOff-vs-restW) worst=87.3deg bone[33]
  TIER2 joint-attach(PRIMARY): worst=54.98u bone[29]='bone_L-hand.mesh' parent[22] R=49.4 exactJoint=0.00u pairs=30  (palette-wide exactWorst=0.00u)
[HANDS_ATTACH] mesh='hands_naked.mesh' owner='hands_naked.mesh' frame=3693 nb=40 wext=62.8 rebound=1
  TIER1 rest-coherence: worst=42.6deg bone[30]='bone_L-middlefinger03.mesh' count(>5deg)=36 freshRecap=0  xcheck(invOff-vs-restW) worst=42.6deg bone[30]
  TIER2 joint-attach(PRIMARY): worst=67.75u bone[23]='bone_R-ringfinger03.mesh' parent[5] R=37.5 exactJoint=0.39u pairs=36  (palette-wide exactWorst=7.36u)
[HANDS_ATTACH] mesh='hands_naked.mesh' owner='hands_naked.mesh' frame=3697 nb=38 wext=74.9 rebound=1
  TIER1 rest-coherence: worst=87.3deg bone[33]='bone_L-middlefinger03.mesh' count(>5deg)=34 freshRecap=0  xcheck(invOff-vs-restW) worst=87.3deg bone[33]
  TIER2 joint-attach(PRIMARY): worst=35.28u bone[13]='bone_R-hand.mesh' parent[5] R=49.4 exactJoint=0.33u pairs=30  (palette-wide exactWorst=3.58u)
[HANDS_ATTACH] mesh='hands_naked.mesh' owner='hands_naked.mesh' frame=3699 nb=38 wext=49.9 rebound=1
  TIER1 rest-coherence: worst=87.3deg bone[33]='bone_L-middlefinger03.mesh' count(>5deg)=34 freshRecap=0  xcheck(invOff-vs-restW) worst=87.3deg bone[33]
  TIER2 joint-attach(PRIMARY): worst=50.52u bone[29]='bone_L-hand.mesh' parent[22] R=49.4 exactJoint=0.00u pairs=30  (palette-wide exactWorst=0.00u)
[HANDS_ATTACH] mesh='hands_naked.mesh' owner='hands_naked.mesh' frame=3703 nb=40 wext=60.6 rebound=1
  TIER1 rest-coherence: worst=42.6deg bone[30]='bone_L-middlefinger03.mesh' count(>5deg)=36 freshRecap=0  xcheck(invOff-vs-restW) worst=42.6deg bone[30]
  TIER2 joint-attach(PRIMARY): worst=67.68u bone[23]='bone_R-ringfinger03.mesh' parent[5] R=37.5 exactJoint=0.43u pairs=36  (palette-wide exactWorst=7.37u)
[HANDS_ATTACH] mesh='hands_naked.mesh' owner='hands_naked.mesh' frame=3707 nb=38 wext=74.6 rebound=1
  TIER1 rest-coherence: worst=87.3deg bone[33]='bone_L-middlefinger03.mesh' count(>5deg)=34 freshRecap=0  xcheck(invOff-vs-restW) worst=87.3deg bone[33]
  TIER2 joint-attach(PRIMARY): worst=34.81u bone[13]='bone_R-hand.mesh' parent[5] R=49.4 exactJoint=0.33u pairs=30  (palette-wide exactWorst=3.51u)
[HANDS_ATTACH] mesh='hands_naked.mesh' owner='hands_naked.mesh' frame=3709 nb=38 wext=71.7 rebound=1
  TIER1 rest-coherence: worst=87.3deg bone[33]='bone_L-middlefinger03.mesh' count(>5deg)=34 freshRecap=0  xcheck(invOff-vs-restW) worst=87.3deg bone[33]
  TIER2 joint-attach(PRIMARY): worst=47.78u bone[29]='bone_L-hand.mesh' parent[22] R=49.4 exactJoint=0.00u pairs=30  (palette-wide exactWorst=0.00u)
[HANDS_ATTACH] mesh='hands_naked.mesh' owner='hands_naked.mesh' frame=3713 nb=40 wext=65.9 rebound=1
  TIER1 rest-coherence: worst=42.6deg bone[30]='bone_L-middlefinger03.mesh' count(>5deg)=36 freshRecap=0  xcheck(invOff-vs-restW) worst=42.6deg bone[30]
  TIER2 joint-attach(PRIMARY): worst=67.86u bone[23]='bone_R-ringfinger03.mesh' parent[5] R=37.5 exactJoint=0.38u pairs=36  (palette-wide exactWorst=7.36u)
[HANDS_ATTACH] mesh='hands_naked.mesh' owner='hands_naked.mesh' frame=3717 nb=38 wext=73.0 rebound=1
  TIER1 rest-coherence: worst=87.3deg bone[33]='bone_L-middlefinger03.mesh' count(>5deg)=34 freshRecap=0  xcheck(invOff-vs-restW) worst=87.3deg bone[33]
  TIER2 joint-attach(PRIMARY): worst=33.27u bone[13]='bone_R-hand.mesh' parent[5] R=49.4 exactJoint=0.33u pairs=30  (palette-wide exactWorst=3.66u)
[HANDS_ATTACH] mesh='hands_naked.mesh' owner='hands_naked.mesh' frame=3719 nb=38 wext=77.5 rebound=1
  TIER1 rest-coherence: worst=87.3deg bone[33]='bone_L-middlefinger03.mesh' count(>5deg)=34 freshRecap=0  xcheck(invOff-vs-restW) worst=87.3deg bone[33]
  TIER2 joint-attach(PRIMARY): worst=47.79u bone[29]='bone_L-hand.mesh' parent[22] R=49.4 exactJoint=0.00u pairs=30  (palette-wide exactWorst=0.00u)
[HANDS_ATTACH] mesh='hands_naked.mesh' owner='hands_naked.mesh' frame=3723 nb=40 wext=62.4 rebound=1
  TIER1 rest-coherence: worst=42.6deg bone[30]='bone_L-middlefinger03.mesh' count(>5deg)=36 freshRecap=0  xcheck(invOff-vs-restW) worst=42.6deg bone[30]
  TIER2 joint-attach(PRIMARY): worst=67.95u bone[23]='bone_R-ringfinger03.mesh' parent[5] R=37.5 exactJoint=0.36u pairs=36  (palette-wide exactWorst=7.35u)
[HANDS_ATTACH] mesh='hands_naked.mesh' owner='hands_naked.mesh' frame=3727 nb=38 wext=71.6 rebound=1
  TIER1 rest-coherence: worst=87.3deg bone[33]='bone_L-middlefinger03.mesh' count(>5deg)=34 freshRecap=0  xcheck(invOff-vs-restW) worst=87.3deg bone[33]
  TIER2 joint-attach(PRIMARY): worst=33.76u bone[13]='bone_R-hand.mesh' parent[5] R=49.4 exactJoint=0.33u pairs=30  (palette-wide exactWorst=4.12u)
[HANDS_ATTACH] mesh='hands_naked.mesh' owner='hands_naked.mesh' frame=3729 nb=38 wext=69.6 rebound=1
  TIER1 rest-coherence: worst=87.3deg bone[33]='bone_L-middlefinger03.mesh' count(>5deg)=34 freshRecap=0  xcheck(invOff-vs-restW) worst=87.3deg bone[33]
  TIER2 joint-attach(PRIMARY): worst=38.32u bone[29]='bone_L-hand.mesh' parent[22] R=49.4 exactJoint=0.00u pairs=30  (palette-wide exactWorst=0.00u)
[HANDS_ATTACH] mesh='hands_naked.mesh' owner='hands_naked.mesh' frame=3733 nb=40 wext=60.5 rebound=1
  TIER1 rest-coherence: worst=42.6deg bone[30]='bone_L-middlefinger03.mesh' count(>5deg)=36 freshRecap=0  xcheck(invOff-vs-restW) worst=42.6deg bone[30]
  TIER2 joint-attach(PRIMARY): worst=68.24u bone[23]='bone_R-ringfinger03.mesh' parent[5] R=37.5 exactJoint=0.31u pairs=36  (palette-wide exactWorst=7.35u)
[HANDS_ATTACH] mesh='hands_naked.mesh' owner='hands_naked.mesh' frame=3737 nb=38 wext=70.7 rebound=1
  TIER1 rest-coherence: worst=87.3deg bone[33]='bone_L-middlefinger03.mesh' count(>5deg)=34 freshRecap=0  xcheck(invOff-vs-restW) worst=87.3deg bone[33]
  TIER2 joint-attach(PRIMARY): worst=33.23u bone[26]='bone_L-middlefinger02.mesh' parent[23] R=47.1 exactJoint=0.00u pairs=30  (palette-wide exactWorst=4.29u)
[HANDS_ATTACH] mesh='hands_naked.mesh' owner='hands_naked.mesh' frame=3739 nb=38 wext=65.6 rebound=1
  TIER1 rest-coherence: worst=87.3deg bone[33]='bone_L-middlefinger03.mesh' count(>5deg)=34 freshRecap=0  xcheck(invOff-vs-restW) worst=87.3deg bone[33]
  TIER2 joint-attach(PRIMARY): worst=31.66u bone[33]='bone_L-middlefinger03.mesh' parent[26] R=47.0 exactJoint=0.00u pairs=30  (palette-wide exactWorst=0.00u)
[HANDS_ATTACH] mesh='hands_naked.mesh' owner='hands_naked.mesh' frame=3743 nb=40 wext=61.5 rebound=1
  TIER1 rest-coherence: worst=42.6deg bone[30]='bone_L-middlefinger03.mesh' count(>5deg)=36 freshRecap=0  xcheck(invOff-vs-restW) worst=42.6deg bone[30]
  TIER2 joint-attach(PRIMARY): worst=68.01u bone[23]='bone_R-ringfinger03.mesh' parent[5] R=37.5 exactJoint=0.36u pairs=36  (palette-wide exactWorst=7.35u)
[HANDS_ATTACH] mesh='hands_naked.mesh' owner='hands_naked.mesh' frame=3747 nb=38 wext=70.7 rebound=1
  TIER1 rest-coherence: worst=87.3deg bone[33]='bone_L-middlefinger03.mesh' count(>5deg)=34 freshRecap=0  xcheck(invOff-vs-restW) worst=87.3deg bone[33]
  TIER2 joint-attach(PRIMARY): worst=33.11u bone[26]='bone_L-middlefinger02.mesh' parent[23] R=47.1 exactJoint=0.00u pairs=30  (palette-wide exactWorst=4.17u)
[HANDS_ATTACH] mesh='hands_naked.mesh' owner='hands_naked.mesh' frame=3749 nb=38 wext=60.0 rebound=1
  TIER1 rest-coherence: worst=87.3deg bone[33]='bone_L-middlefinger03.mesh' count(>5deg)=34 freshRecap=0  xcheck(invOff-vs-restW) worst=87.3deg bone[33]
  TIER2 joint-attach(PRIMARY): worst=31.39u bone[33]='bone_L-middlefinger03.mesh' parent[26] R=47.0 exactJoint=0.13u pairs=30  (palette-wide exactWorst=0.13u)
[HANDS_ATTACH] mesh='hands_naked.mesh' owner='hands_naked.mesh' frame=3753 nb=40 wext=53.7 rebound=1
  TIER1 rest-coherence: worst=42.6deg bone[30]='bone_L-middlefinger03.mesh' count(>5deg)=36 freshRecap=0  xcheck(invOff-vs-restW) worst=42.6deg bone[30]
  TIER2 joint-attach(PRIMARY): worst=67.97u bone[23]='bone_R-ringfinger03.mesh' parent[5] R=37.5 exactJoint=0.37u pairs=36  (palette-wide exactWorst=7.35u)
[HANDS_ATTACH] mesh='hands_naked.mesh' owner='hands_naked.mesh' frame=3757 nb=38 wext=71.5 rebound=1
  TIER1 rest-coherence: worst=87.3deg bone[33]='bone_L-middlefinger03.mesh' count(>5deg)=34 freshRecap=0  xcheck(invOff-vs-restW) worst=87.3deg bone[33]
  TIER2 joint-attach(PRIMARY): worst=33.04u bone[26]='bone_L-middlefinger02.mesh' parent[23] R=47.1 exactJoint=0.00u pairs=30  (palette-wide exactWorst=4.02u)
[HANDS_ATTACH] mesh='hands_naked.mesh' owner='hands_naked.mesh' frame=3759 nb=38 wext=96.2 rebound=1
  TIER1 rest-coherence: worst=87.3deg bone[33]='bone_L-middlefinger03.mesh' count(>5deg)=34 freshRecap=0  xcheck(invOff-vs-restW) worst=87.3deg bone[33]
  TIER2 joint-attach(PRIMARY): worst=50.65u bone[18]='bone_R-pinky02.mesh' parent[14] R=47.4 exactJoint=0.00u pairs=30  (palette-wide exactWorst=3.79u)
[HANDS_ATTACH] mesh='hands_naked.mesh' owner='hands_naked.mesh' frame=3763 nb=40 wext=56.0 rebound=1
  TIER1 rest-coherence: worst=42.6deg bone[30]='bone_L-middlefinger03.mesh' count(>5deg)=36 freshRecap=0  xcheck(invOff-vs-restW) worst=42.6deg bone[30]
  TIER2 joint-attach(PRIMARY): worst=68.07u bone[23]='bone_R-ringfinger03.mesh' parent[5] R=37.5 exactJoint=0.36u pairs=36  (palette-wide exactWorst=7.36u)
[HANDS_ATTACH] mesh='hands_naked.mesh' owner='hands_naked.mesh' frame=3767 nb=38 wext=71.5 rebound=1
  TIER1 rest-coherence: worst=87.3deg bone[33]='bone_L-middlefinger03.mesh' count(>5deg)=34 freshRecap=0  xcheck(invOff-vs-restW) worst=87.3deg bone[33]
  TIER2 joint-attach(PRIMARY): worst=32.97u bone[18]='bone_R-pinky02.mesh' parent[14] R=47.4 exactJoint=0.00u pairs=30  (palette-wide exactWorst=3.71u)
[HANDS_ATTACH] mesh='hands_naked.mesh' owner='hands_naked.mesh' frame=3769 nb=38 wext=80.1 rebound=1
  TIER1 rest-coherence: worst=87.3deg bone[33]='bone_L-middlefinger03.mesh' count(>5deg)=34 freshRecap=0  xcheck(invOff-vs-restW) worst=87.3deg bone[33]
  TIER2 joint-attach(PRIMARY): worst=71.02u bone[18]='bone_R-pinky02.mesh' parent[14] R=47.4 exactJoint=2.44u pairs=30  (palette-wide exactWorst=10.36u)
[HANDS_ATTACH] mesh='hands_naked.mesh' owner='hands_naked.mesh' frame=3776 nb=40 wext=61.5 rebound=1
  TIER1 rest-coherence: worst=42.6deg bone[30]='bone_L-middlefinger03.mesh' count(>5deg)=36 freshRecap=0  xcheck(invOff-vs-restW) worst=42.6deg bone[30]
  TIER2 joint-attach(PRIMARY): worst=44.22u bone[14]='bone_R-pinky01.mesh' parent[11] R=39.0 exactJoint=0.00u pairs=36  (palette-wide exactWorst=5.46u)
[HANDS_ATTACH] mesh='hands_naked.mesh' owner='hands_naked.mesh' frame=3784 nb=38 wext=62.6 rebound=1
  TIER1 rest-coherence: worst=87.3deg bone[33]='bone_L-middlefinger03.mesh' count(>5deg)=34 freshRecap=0  xcheck(invOff-vs-restW) worst=87.3deg bone[33]
  TIER2 joint-attach(PRIMARY): worst=54.28u bone[29]='bone_L-hand.mesh' parent[22] R=49.4 exactJoint=0.14u pairs=30  (palette-wide exactWorst=4.65u)
[HANDS_ATTACH] mesh='hands_naked.mesh' owner='hands_naked.mesh' frame=3787 nb=38 wext=56.9 rebound=1
  TIER1 rest-coherence: worst=87.3deg bone[33]='bone_L-middlefinger03.mesh' count(>5deg)=34 freshRecap=0  xcheck(invOff-vs-restW) worst=87.3deg bone[33]
  TIER2 joint-attach(PRIMARY): worst=71.02u bone[18]='bone_R-pinky02.mesh' parent[14] R=47.4 exactJoint=2.44u pairs=30  (palette-wide exactWorst=10.36u)
[HANDS_ATTACH] mesh='hands_naked.mesh' owner='hands_naked.mesh' frame=3796 nb=40 wext=59.7 rebound=1
  TIER1 rest-coherence: worst=42.6deg bone[30]='bone_L-middlefinger03.mesh' count(>5deg)=36 freshRecap=0  xcheck(invOff-vs-restW) worst=42.6deg bone[30]
  TIER2 joint-attach(PRIMARY): worst=43.86u bone[24]='bone_R-ringfinger01.mesh' parent[21] R=38.6 exactJoint=4.65u pairs=36  (palette-wide exactWorst=8.53u)
[HANDS_ATTACH] mesh='hands_naked.mesh' owner='hands_naked.mesh' frame=3804 nb=38 wext=62.4 rebound=1
  TIER1 rest-coherence: worst=87.3deg bone[33]='bone_L-middlefinger03.mesh' count(>5deg)=34 freshRecap=0  xcheck(invOff-vs-restW) worst=87.3deg bone[33]
  TIER2 joint-attach(PRIMARY): worst=59.17u bone[29]='bone_L-hand.mesh' parent[22] R=49.4 exactJoint=0.14u pairs=30  (palette-wide exactWorst=4.65u)
[HANDS_ATTACH] mesh='hands_naked.mesh' owner='hands_naked.mesh' frame=3807 nb=38 wext=58.1 rebound=1
  TIER1 rest-coherence: worst=87.3deg bone[33]='bone_L-middlefinger03.mesh' count(>5deg)=34 freshRecap=0  xcheck(invOff-vs-restW) worst=87.3deg bone[33]
  TIER2 joint-attach(PRIMARY): worst=71.02u bone[18]='bone_R-pinky02.mesh' parent[14] R=47.4 exactJoint=2.44u pairs=30  (palette-wide exactWorst=10.36u)
[HANDS_ATTACH] mesh='hands_naked.mesh' owner='hands_naked.mesh' frame=3816 nb=40 wext=59.8 rebound=1
  TIER1 rest-coherence: worst=42.6deg bone[30]='bone_L-middlefinger03.mesh' count(>5deg)=36 freshRecap=0  xcheck(invOff-vs-restW) worst=42.6deg bone[30]
  TIER2 joint-attach(PRIMARY): worst=44.16u bone[4]='bone_R-middlefinger01.mesh' parent[1] R=38.2 exactJoint=0.00u pairs=36  (palette-wide exactWorst=8.55u)
[HANDS_ATTACH] mesh='hands_naked.mesh' owner='hands_naked.mesh' frame=3824 nb=38 wext=62.8 rebound=1
  TIER1 rest-coherence: worst=87.3deg bone[33]='bone_L-middlefinger03.mesh' count(>5deg)=34 freshRecap=0  xcheck(invOff-vs-restW) worst=87.3deg bone[33]
  TIER2 joint-attach(PRIMARY): worst=53.05u bone[29]='bone_L-hand.mesh' parent[22] R=49.4 exactJoint=0.14u pairs=30  (palette-wide exactWorst=4.64u)
[HANDS_ATTACH] mesh='hands_naked.mesh' owner='hands_naked.mesh' frame=3827 nb=38 wext=55.8 rebound=1
  TIER1 rest-coherence: worst=87.3deg bone[33]='bone_L-middlefinger03.mesh' count(>5deg)=34 freshRecap=0  xcheck(invOff-vs-restW) worst=87.3deg bone[33]
  TIER2 joint-attach(PRIMARY): worst=71.02u bone[18]='bone_R-pinky02.mesh' parent[14] R=47.4 exactJoint=2.44u pairs=30  (palette-wide exactWorst=10.36u)
[HANDS_ATTACH] mesh='hands_naked.mesh' owner='hands_naked.mesh' frame=3836 nb=40 wext=61.0 rebound=1
  TIER1 rest-coherence: worst=42.6deg bone[30]='bone_L-middlefinger03.mesh' count(>5deg)=36 freshRecap=0  xcheck(invOff-vs-restW) worst=42.6deg bone[30]
  TIER2 joint-attach(PRIMARY): worst=44.21u bone[4]='bone_R-middlefinger01.mesh' parent[1] R=38.2 exactJoint=0.00u pairs=36  (palette-wide exactWorst=8.55u)
[HANDS_ATTACH] mesh='hands_naked.mesh' owner='hands_naked.mesh' frame=3844 nb=38 wext=63.9 rebound=1
  TIER1 rest-coherence: worst=87.3deg bone[33]='bone_L-middlefinger03.mesh' count(>5deg)=34 freshRecap=0  xcheck(invOff-vs-restW) worst=87.3deg bone[33]
  TIER2 joint-attach(PRIMARY): worst=57.11u bone[29]='bone_L-hand.mesh' parent[22] R=49.4 exactJoint=0.14u pairs=30  (palette-wide exactWorst=4.64u)
[HANDS_ATTACH] mesh='hands_naked.mesh' owner='hands_naked.mesh' frame=3847 nb=38 wext=64.3 rebound=1
  TIER1 rest-coherence: worst=87.3deg bone[33]='bone_L-middlefinger03.mesh' count(>5deg)=34 freshRecap=0  xcheck(invOff-vs-restW) worst=87.3deg bone[33]
  TIER2 joint-attach(PRIMARY): worst=71.02u bone[18]='bone_R-pinky02.mesh' parent[14] R=47.4 exactJoint=2.44u pairs=30  (palette-wide exactWorst=10.36u)
[HANDS_ATTACH] mesh='hands_naked.mesh' owner='hands_naked.mesh' frame=3856 nb=40 wext=62.2 rebound=1
  TIER1 rest-coherence: worst=42.6deg bone[30]='bone_L-middlefinger03.mesh' count(>5deg)=36 freshRecap=0  xcheck(invOff-vs-restW) worst=42.6deg bone[30]
  TIER2 joint-attach(PRIMARY): worst=45.14u bone[24]='bone_R-ringfinger01.mesh' parent[21] R=38.6 exactJoint=4.07u pairs=36  (palette-wide exactWorst=8.37u)
[HANDS_ATTACH] mesh='hands_naked.mesh' owner='hands_naked.mesh' frame=3864 nb=38 wext=61.9 rebound=1
  TIER1 rest-coherence: worst=87.3deg bone[33]='bone_L-middlefinger03.mesh' count(>5deg)=34 freshRecap=0  xcheck(invOff-vs-restW) worst=87.3deg bone[33]
  TIER2 joint-attach(PRIMARY): worst=56.07u bone[29]='bone_L-hand.mesh' parent[22] R=49.4 exactJoint=0.14u pairs=30  (palette-wide exactWorst=4.63u)
[HANDS_ATTACH] mesh='hands_naked.mesh' owner='hands_naked.mesh' frame=3867 nb=38 wext=70.2 rebound=1
  TIER1 rest-coherence: worst=87.3deg bone[33]='bone_L-middlefinger03.mesh' count(>5deg)=34 freshRecap=0  xcheck(invOff-vs-restW) worst=87.3deg bone[33]
  TIER2 joint-attach(PRIMARY): worst=36.51u bone[13]='bone_R-hand.mesh' parent[5] R=49.4 exactJoint=0.00u pairs=30  (palette-wide exactWorst=0.00u)
[HANDS_ATTACH] mesh='hands_naked.mesh' owner='hands_naked.mesh' frame=3876 nb=40 wext=58.5 rebound=1
  TIER1 rest-coherence: worst=42.6deg bone[30]='bone_L-middlefinger03.mesh' count(>5deg)=36 freshRecap=0  xcheck(invOff-vs-restW) worst=42.6deg bone[30]
  TIER2 joint-attach(PRIMARY): worst=43.18u bone[14]='bone_R-pinky01.mesh' parent[11] R=39.0 exactJoint=0.00u pairs=36  (palette-wide exactWorst=5.46u)
[HANDS_ATTACH] mesh='hands_naked.mesh' owner='hands_naked.mesh' frame=3884 nb=38 wext=60.9 rebound=1
  TIER1 rest-coherence: worst=87.3deg bone[33]='bone_L-middlefinger03.mesh' count(>5deg)=34 freshRecap=0  xcheck(invOff-vs-restW) worst=87.3deg bone[33]
  TIER2 joint-attach(PRIMARY): worst=55.62u bone[29]='bone_L-hand.mesh' parent[22] R=49.4 exactJoint=0.14u pairs=30  (palette-wide exactWorst=4.63u)
[HANDS_ATTACH] mesh='hands_naked.mesh' owner='hands_naked.mesh' frame=3887 nb=38 wext=81.1 rebound=1
  TIER1 rest-coherence: worst=87.3deg bone[33]='bone_L-middlefinger03.mesh' count(>5deg)=34 freshRecap=0  xcheck(invOff-vs-restW) worst=87.3deg bone[33]
  TIER2 joint-attach(PRIMARY): worst=46.69u bone[13]='bone_R-hand.mesh' parent[5] R=49.4 exactJoint=0.00u pairs=30  (palette-wide exactWorst=0.00u)
[HANDS_ATTACH] mesh='hands_naked.mesh' owner='hands_naked.mesh' frame=3896 nb=40 wext=48.7 rebound=1
  TIER1 rest-coherence: worst=42.6deg bone[30]='bone_L-middlefinger03.mesh' count(>5deg)=36 freshRecap=0  xcheck(invOff-vs-restW) worst=42.6deg bone[30]
  TIER2 joint-attach(PRIMARY): worst=53.60u bone[16]='bone_R-thumb01.mesh' parent[1] R=38.3 exactJoint=1.38u pairs=36  (palette-wide exactWorst=5.46u)
[HANDS_ATTACH] mesh='hands_naked.mesh' owner='hands_naked.mesh' frame=3904 nb=38 wext=61.0 rebound=1
  TIER1 rest-coherence: worst=87.3deg bone[33]='bone_L-middlefinger03.mesh' count(>5deg)=34 freshRecap=0  xcheck(invOff-vs-restW) worst=87.3deg bone[33]
  TIER2 joint-attach(PRIMARY): worst=66.74u bone[29]='bone_L-hand.mesh' parent[22] R=49.4 exactJoint=0.14u pairs=30  (palette-wide exactWorst=4.62u)
[HANDS_ATTACH] mesh='hands_naked.mesh' owner='hands_naked.mesh' frame=3907 nb=38 wext=86.1 rebound=1
  TIER1 rest-coherence: worst=87.3deg bone[33]='bone_L-middlefinger03.mesh' count(>5deg)=34 freshRecap=0  xcheck(invOff-vs-restW) worst=87.3deg bone[33]
  TIER2 joint-attach(PRIMARY): worst=50.85u bone[13]='bone_R-hand.mesh' parent[5] R=49.4 exactJoint=0.00u pairs=30  (palette-wide exactWorst=0.00u)
[HANDS_ATTACH] mesh='hands_naked.mesh' owner='hands_naked.mesh' frame=3916 nb=40 wext=44.7 rebound=1
  TIER1 rest-coherence: worst=42.6deg bone[30]='bone_L-middlefinger03.mesh' count(>5deg)=36 freshRecap=0  xcheck(invOff-vs-restW) worst=42.6deg bone[30]
  TIER2 joint-attach(PRIMARY): worst=52.63u bone[16]='bone_R-thumb01.mesh' parent[1] R=38.3 exactJoint=2.53u pairs=36  (palette-wide exactWorst=5.46u)
[HANDS_ATTACH] mesh='hands_naked.mesh' owner='hands_naked.mesh' frame=3924 nb=38 wext=60.3 rebound=1
  TIER1 rest-coherence: worst=87.3deg bone[33]='bone_L-middlefinger03.mesh' count(>5deg)=34 freshRecap=0  xcheck(invOff-vs-restW) worst=87.3deg bone[33]
  TIER2 joint-attach(PRIMARY): worst=65.34u bone[29]='bone_L-hand.mesh' parent[22] R=49.4 exactJoint=0.14u pairs=30  (palette-wide exactWorst=4.62u)
[HANDS_ATTACH] mesh='hands_naked.mesh' owner='hands_naked.mesh' frame=3927 nb=38 wext=84.0 rebound=1
  TIER1 rest-coherence: worst=87.3deg bone[33]='bone_L-middlefinger03.mesh' count(>5deg)=34 freshRecap=0  xcheck(invOff-vs-restW) worst=87.3deg bone[33]
  TIER2 joint-attach(PRIMARY): worst=65.43u bone[13]='bone_R-hand.mesh' parent[5] R=49.4 exactJoint=0.00u pairs=30  (palette-wide exactWorst=1.89u)
[HANDS_ATTACH] mesh='hands_naked.mesh' owner='hands_naked.mesh' frame=3936 nb=40 wext=43.2 rebound=1
  TIER1 rest-coherence: worst=42.6deg bone[30]='bone_L-middlefinger03.mesh' count(>5deg)=36 freshRecap=0  xcheck(invOff-vs-restW) worst=42.6deg bone[30]
  TIER2 joint-attach(PRIMARY): worst=53.46u bone[16]='bone_R-thumb01.mesh' parent[1] R=38.3 exactJoint=1.62u pairs=36  (palette-wide exactWorst=5.46u)
[HANDS_ATTACH] mesh='hands_naked.mesh' owner='hands_naked.mesh' frame=3944 nb=38 wext=60.2 rebound=1
  TIER1 rest-coherence: worst=87.3deg bone[33]='bone_L-middlefinger03.mesh' count(>5deg)=34 freshRecap=0  xcheck(invOff-vs-restW) worst=87.3deg bone[33]
  TIER2 joint-attach(PRIMARY): worst=58.74u bone[29]='bone_L-hand.mesh' parent[22] R=49.4 exactJoint=0.14u pairs=30  (palette-wide exactWorst=4.61u)
[HANDS_ATTACH] mesh='hands_naked.mesh' owner='hands_naked.mesh' frame=3947 nb=38 wext=82.6 rebound=1
  TIER1 rest-coherence: worst=87.3deg bone[33]='bone_L-middlefinger03.mesh' count(>5deg)=34 freshRecap=0  xcheck(invOff-vs-restW) worst=87.3deg bone[33]
  TIER2 joint-attach(PRIMARY): worst=65.31u bone[13]='bone_R-hand.mesh' parent[5] R=49.4 exactJoint=0.00u pairs=30  (palette-wide exactWorst=5.50u)
[HANDS_ATTACH] mesh='hands_naked.mesh' owner='hands_naked.mesh' frame=3956 nb=40 wext=47.9 rebound=1
  TIER1 rest-coherence: worst=42.6deg bone[30]='bone_L-middlefinger03.mesh' count(>5deg)=36 freshRecap=0  xcheck(invOff-vs-restW) worst=42.6deg bone[30]
  TIER2 joint-attach(PRIMARY): worst=30.55u bone[16]='bone_R-thumb01.mesh' parent[1] R=38.3 exactJoint=0.00u pairs=36  (palette-wide exactWorst=5.46u)
[HANDS_ATTACH] mesh='hands_naked.mesh' owner='hands_naked.mesh' frame=3964 nb=38 wext=58.1 rebound=1
  TIER1 rest-coherence: worst=87.3deg bone[33]='bone_L-middlefinger03.mesh' count(>5deg)=34 freshRecap=0  xcheck(invOff-vs-restW) worst=87.3deg bone[33]
  TIER2 joint-attach(PRIMARY): worst=66.42u bone[13]='bone_R-hand.mesh' parent[5] R=49.4 exactJoint=0.33u pairs=30  (palette-wide exactWorst=4.60u)
[HANDS_ATTACH] mesh='hands_naked.mesh' owner='hands_naked.mesh' frame=3967 nb=38 wext=83.6 rebound=1
  TIER1 rest-coherence: worst=87.3deg bone[33]='bone_L-middlefinger03.mesh' count(>5deg)=34 freshRecap=0  xcheck(invOff-vs-restW) worst=87.3deg bone[33]
  TIER2 joint-attach(PRIMARY): worst=49.38u bone[9]='bone_R-thumb01.mesh' parent[13] R=48.5 exactJoint=0.00u pairs=30  (palette-wide exactWorst=0.00u)
[HANDS_ATTACH] mesh='hands_naked.mesh' owner='hands_naked.mesh' frame=3976 nb=40 wext=66.8 rebound=1
  TIER1 rest-coherence: worst=42.6deg bone[30]='bone_L-middlefinger03.mesh' count(>5deg)=36 freshRecap=0  xcheck(invOff-vs-restW) worst=42.6deg bone[30]
  TIER2 joint-attach(PRIMARY): worst=35.83u bone[14]='bone_R-pinky01.mesh' parent[11] R=39.0 exactJoint=0.00u pairs=36  (palette-wide exactWorst=5.46u)
[HANDS_ATTACH] mesh='hands_naked.mesh' owner='hands_naked.mesh' frame=3984 nb=38 wext=63.8 rebound=1
  TIER1 rest-coherence: worst=87.3deg bone[33]='bone_L-middlefinger03.mesh' count(>5deg)=34 freshRecap=0  xcheck(invOff-vs-restW) worst=87.3deg bone[33]
  TIER2 joint-attach(PRIMARY): worst=81.32u bone[13]='bone_R-hand.mesh' parent[5] R=49.4 exactJoint=0.33u pairs=30  (palette-wide exactWorst=4.60u)
[HANDS_ATTACH] mesh='hands_naked.mesh' owner='hands_naked.mesh' frame=3987 nb=38 wext=73.6 rebound=1
  TIER1 rest-coherence: worst=87.3deg bone[33]='bone_L-middlefinger03.mesh' count(>5deg)=34 freshRecap=0  xcheck(invOff-vs-restW) worst=87.3deg bone[33]
  TIER2 joint-attach(PRIMARY): worst=53.81u bone[13]='bone_R-hand.mesh' parent[5] R=49.4 exactJoint=0.00u pairs=30  (palette-wide exactWorst=1.36u)
[HANDS_ATTACH] mesh='hands_naked.mesh' owner='hands_naked.mesh' frame=3996 nb=40 wext=62.0 rebound=1
  TIER1 rest-coherence: worst=42.6deg bone[30]='bone_L-middlefinger03.mesh' count(>5deg)=36 freshRecap=0  xcheck(invOff-vs-restW) worst=42.6deg bone[30]
  TIER2 joint-attach(PRIMARY): worst=32.68u bone[14]='bone_R-pinky01.mesh' parent[11] R=39.0 exactJoint=0.00u pairs=36  (palette-wide exactWorst=5.46u)
[HANDS_ATTACH] mesh='hands_naked.mesh' owner='hands_naked.mesh' frame=4004 nb=38 wext=66.9 rebound=1
  TIER1 rest-coherence: worst=87.3deg bone[33]='bone_L-middlefinger03.mesh' count(>5deg)=34 freshRecap=0  xcheck(invOff-vs-restW) worst=87.3deg bone[33]
  TIER2 joint-attach(PRIMARY): worst=87.14u bone[13]='bone_R-hand.mesh' parent[5] R=49.4 exactJoint=0.33u pairs=30  (palette-wide exactWorst=4.60u)
[HANDS_ATTACH] mesh='hands_naked.mesh' owner='hands_naked.mesh' frame=4007 nb=38 wext=57.9 rebound=1
  TIER1 rest-coherence: worst=87.3deg bone[33]='bone_L-middlefinger03.mesh' count(>5deg)=34 freshRecap=0  xcheck(invOff-vs-restW) worst=87.3deg bone[33]
  TIER2 joint-attach(PRIMARY): worst=71.61u bone[18]='bone_R-pinky02.mesh' parent[14] R=47.4 exactJoint=1.92u pairs=30  (palette-wide exactWorst=10.30u)
[HANDS_ATTACH] mesh='hands_naked.mesh' owner='hands_naked.mesh' frame=4016 nb=40 wext=61.3 rebound=1
  TIER1 rest-coherence: worst=42.6deg bone[30]='bone_L-middlefinger03.mesh' count(>5deg)=36 freshRecap=0  xcheck(invOff-vs-restW) worst=42.6deg bone[30]
  TIER2 joint-attach(PRIMARY): worst=37.06u bone[14]='bone_R-pinky01.mesh' parent[11] R=39.0 exactJoint=0.00u pairs=36  (palette-wide exactWorst=5.46u)
[HANDS_ATTACH] mesh='hands_naked.mesh' owner='hands_naked.mesh' frame=4024 nb=38 wext=66.8 rebound=1
  TIER1 rest-coherence: worst=87.3deg bone[33]='bone_L-middlefinger03.mesh' count(>5deg)=34 freshRecap=0  xcheck(invOff-vs-restW) worst=87.3deg bone[33]
  TIER2 joint-attach(PRIMARY): worst=81.85u bone[13]='bone_R-hand.mesh' parent[5] R=49.4 exactJoint=0.33u pairs=30  (palette-wide exactWorst=4.59u)
[HANDS_ATTACH] mesh='hands_naked.mesh' owner='hands_naked.mesh' frame=4027 nb=38 wext=62.4 rebound=1
  TIER1 rest-coherence: worst=87.3deg bone[33]='bone_L-middlefinger03.mesh' count(>5deg)=34 freshRecap=0  xcheck(invOff-vs-restW) worst=87.3deg bone[33]
  TIER2 joint-attach(PRIMARY): worst=71.02u bone[18]='bone_R-pinky02.mesh' parent[14] R=47.4 exactJoint=2.44u pairs=30  (palette-wide exactWorst=10.36u)
[HANDS_ATTACH] mesh='hands_naked.mesh' owner='hands_naked.mesh' frame=4036 nb=40 wext=57.2 rebound=1
  TIER1 rest-coherence: worst=42.6deg bone[30]='bone_L-middlefinger03.mesh' count(>5deg)=36 freshRecap=0  xcheck(invOff-vs-restW) worst=42.6deg bone[30]
  TIER2 joint-attach(PRIMARY): worst=63.91u bone[9]='bone_R-pinky02.mesh' parent[14] R=38.4 exactJoint=2.56u pairs=36  (palette-wide exactWorst=6.64u)
[HANDS_ATTACH] mesh='hands_naked.mesh' owner='hands_naked.mesh' frame=4044 nb=38 wext=64.4 rebound=1
  TIER1 rest-coherence: worst=87.3deg bone[33]='bone_L-middlefinger03.mesh' count(>5deg)=34 freshRecap=0  xcheck(invOff-vs-restW) worst=87.3deg bone[33]
  TIER2 joint-attach(PRIMARY): worst=77.31u bone[13]='bone_R-hand.mesh' parent[5] R=49.4 exactJoint=0.33u pairs=30  (palette-wide exactWorst=4.59u)
[HANDS_ATTACH] mesh='hands_naked.mesh' owner='hands_naked.mesh' frame=4047 nb=38 wext=61.8 rebound=1
  TIER1 rest-coherence: worst=87.3deg bone[33]='bone_L-middlefinger03.mesh' count(>5deg)=34 freshRecap=0  xcheck(invOff-vs-restW) worst=87.3deg bone[33]
  TIER2 joint-attach(PRIMARY): worst=71.02u bone[18]='bone_R-pinky02.mesh' parent[14] R=47.4 exactJoint=2.44u pairs=30  (palette-wide exactWorst=10.36u)
[HANDS_ATTACH] mesh='hands_naked.mesh' owner='hands_naked.mesh' frame=4056 nb=40 wext=72.4 rebound=1
  TIER1 rest-coherence: worst=42.6deg bone[30]='bone_L-middlefinger03.mesh' count(>5deg)=36 freshRecap=0  xcheck(invOff-vs-restW) worst=42.6deg bone[30]
  TIER2 joint-attach(PRIMARY): worst=29.16u bone[4]='bone_R-middlefinger01.mesh' parent[1] R=38.2 exactJoint=0.00u pairs=36  (palette-wide exactWorst=5.46u)
[HANDS_ATTACH] mesh='hands_naked.mesh' owner='hands_naked.mesh' frame=4064 nb=38 wext=64.4 rebound=1
  TIER1 rest-coherence: worst=87.3deg bone[33]='bone_L-middlefinger03.mesh' count(>5deg)=34 freshRecap=0  xcheck(invOff-vs-restW) worst=87.3deg bone[33]
  TIER2 joint-attach(PRIMARY): worst=80.22u bone[13]='bone_R-hand.mesh' parent[5] R=49.4 exactJoint=0.33u pairs=30  (palette-wide exactWorst=4.58u)
[HANDS_ATTACH] mesh='hands_naked.mesh' owner='hands_naked.mesh' frame=4067 nb=38 wext=59.4 rebound=1
  TIER1 rest-coherence: worst=87.3deg bone[33]='bone_L-middlefinger03.mesh' count(>5deg)=34 freshRecap=0  xcheck(invOff-vs-restW) worst=87.3deg bone[33]
  TIER2 joint-attach(PRIMARY): worst=71.02u bone[18]='bone_R-pinky02.mesh' parent[14] R=47.4 exactJoint=2.44u pairs=30  (palette-wide exactWorst=10.36u)
[HANDS_ATTACH] mesh='hands_naked.mesh' owner='hands_naked.mesh' frame=4076 nb=40 wext=71.9 rebound=1
  TIER1 rest-coherence: worst=42.6deg bone[30]='bone_L-middlefinger03.mesh' count(>5deg)=36 freshRecap=0  xcheck(invOff-vs-restW) worst=42.6deg bone[30]
  TIER2 joint-attach(PRIMARY): worst=26.99u bone[12]='bone_L-middlefinger02.mesh' parent[25] R=37.3 exactJoint=0.20u pairs=36  (palette-wide exactWorst=5.46u)
[HANDS_ATTACH] mesh='hands_naked.mesh' owner='hands_naked.mesh' frame=4084 nb=38 wext=65.7 rebound=1
  TIER1 rest-coherence: worst=87.3deg bone[33]='bone_L-middlefinger03.mesh' count(>5deg)=34 freshRecap=0  xcheck(invOff-vs-restW) worst=87.3deg bone[33]
  TIER2 joint-attach(PRIMARY): worst=81.55u bone[13]='bone_R-hand.mesh' parent[5] R=49.4 exactJoint=0.33u pairs=30  (palette-wide exactWorst=4.57u)
[HANDS_ATTACH] mesh='hands_naked.mesh' owner='hands_naked.mesh' frame=4087 nb=38 wext=84.4 rebound=1
  TIER1 rest-coherence: worst=87.3deg bone[33]='bone_L-middlefinger03.mesh' count(>5deg)=34 freshRecap=0  xcheck(invOff-vs-restW) worst=87.3deg bone[33]
  TIER2 joint-attach(PRIMARY): worst=49.68u bone[29]='bone_L-hand.mesh' parent[22] R=49.4 exactJoint=0.00u pairs=30  (palette-wide exactWorst=0.00u)
[HANDS_ATTACH] mesh='hands_naked.mesh' owner='hands_naked.mesh' frame=4092 nb=40 wext=46.9 rebound=1
  TIER1 rest-coherence: worst=42.6deg bone[30]='bone_L-middlefinger03.mesh' count(>5deg)=36 freshRecap=0  xcheck(invOff-vs-restW) worst=42.6deg bone[30]
  TIER2 joint-attach(PRIMARY): worst=36.76u bone[4]='bone_R-middlefinger01.mesh' parent[1] R=38.2 exactJoint=0.00u pairs=36  (palette-wide exactWorst=0.04u)
[HANDS_ATTACH] mesh='hands_naked.mesh' owner='hands_naked.mesh' frame=4102 nb=40 wext=53.2 rebound=1
  TIER1 rest-coherence: worst=42.6deg bone[30]='bone_L-middlefinger03.mesh' count(>5deg)=36 freshRecap=0  xcheck(invOff-vs-restW) worst=42.6deg bone[30]
  TIER2 joint-attach(PRIMARY): worst=36.59u bone[4]='bone_R-middlefinger01.mesh' parent[1] R=38.2 exactJoint=0.00u pairs=36  (palette-wide exactWorst=0.04u)
[HANDS_ATTACH] mesh='hands_naked.mesh' owner='hands_naked.mesh' frame=4104 nb=38 wext=82.2 rebound=1
  TIER1 rest-coherence: worst=87.3deg bone[33]='bone_L-middlefinger03.mesh' count(>5deg)=34 freshRecap=0  xcheck(invOff-vs-restW) worst=87.3deg bone[33]
  TIER2 joint-attach(PRIMARY): worst=40.86u bone[13]='bone_R-hand.mesh' parent[5] R=49.4 exactJoint=0.33u pairs=30  (palette-wide exactWorst=3.79u)
[HANDS_ATTACH] mesh='hands_naked.mesh' owner='hands_naked.mesh' frame=4107 nb=38 wext=77.6 rebound=1
  TIER1 rest-coherence: worst=87.3deg bone[33]='bone_L-middlefinger03.mesh' count(>5deg)=34 freshRecap=0  xcheck(invOff-vs-restW) worst=87.3deg bone[33]
  TIER2 joint-attach(PRIMARY): worst=71.15u bone[29]='bone_L-hand.mesh' parent[22] R=49.4 exactJoint=0.00u pairs=30  (palette-wide exactWorst=0.00u)
[HANDS_ATTACH] mesh='hands_naked.mesh' owner='hands_naked.mesh' frame=4112 nb=40 wext=57.5 rebound=1
  TIER1 rest-coherence: worst=42.6deg bone[30]='bone_L-middlefinger03.mesh' count(>5deg)=36 freshRecap=0  xcheck(invOff-vs-restW) worst=42.6deg bone[30]
  TIER2 joint-attach(PRIMARY): worst=35.48u bone[4]='bone_R-middlefinger01.mesh' parent[1] R=38.2 exactJoint=0.00u pairs=36  (palette-wide exactWorst=0.04u)
[HANDS_ATTACH] mesh='hands_naked.mesh' owner='hands_naked.mesh' frame=4122 nb=40 wext=60.7 rebound=1
  TIER1 rest-coherence: worst=42.6deg bone[30]='bone_L-middlefinger03.mesh' count(>5deg)=36 freshRecap=0  xcheck(invOff-vs-restW) worst=42.6deg bone[30]
  TIER2 joint-attach(PRIMARY): worst=33.57u bone[4]='bone_R-middlefinger01.mesh' parent[1] R=38.2 exactJoint=0.00u pairs=36  (palette-wide exactWorst=0.04u)
[HANDS_ATTACH] mesh='hands_naked.mesh' owner='hands_naked.mesh' frame=4124 nb=38 wext=80.9 rebound=1
  TIER1 rest-coherence: worst=87.3deg bone[33]='bone_L-middlefinger03.mesh' count(>5deg)=34 freshRecap=0  xcheck(invOff-vs-restW) worst=87.3deg bone[33]
  TIER2 joint-attach(PRIMARY): worst=36.94u bone[13]='bone_R-hand.mesh' parent[5] R=49.4 exactJoint=0.33u pairs=30  (palette-wide exactWorst=3.16u)
[HANDS_ATTACH] mesh='hands_naked.mesh' owner='hands_naked.mesh' frame=4127 nb=38 wext=62.9 rebound=1
  TIER1 rest-coherence: worst=87.3deg bone[33]='bone_L-middlefinger03.mesh' count(>5deg)=34 freshRecap=0  xcheck(invOff-vs-restW) worst=87.3deg bone[33]
  TIER2 joint-attach(PRIMARY): worst=57.68u bone[29]='bone_L-hand.mesh' parent[22] R=49.4 exactJoint=0.00u pairs=30  (palette-wide exactWorst=0.00u)
[HANDS_ATTACH] mesh='hands_naked.mesh' owner='hands_naked.mesh' frame=4132 nb=40 wext=61.2 rebound=1
  TIER1 rest-coherence: worst=42.6deg bone[30]='bone_L-middlefinger03.mesh' count(>5deg)=36 freshRecap=0  xcheck(invOff-vs-restW) worst=42.6deg bone[30]
  TIER2 joint-attach(PRIMARY): worst=30.38u bone[4]='bone_R-middlefinger01.mesh' parent[1] R=38.2 exactJoint=0.00u pairs=36  (palette-wide exactWorst=0.04u)
[HANDS_ATTACH] mesh='hands_naked.mesh' owner='hands_naked.mesh' frame=4142 nb=40 wext=48.2 rebound=1
  TIER1 rest-coherence: worst=42.6deg bone[30]='bone_L-middlefinger03.mesh' count(>5deg)=36 freshRecap=0  xcheck(invOff-vs-restW) worst=42.6deg bone[30]
  TIER2 joint-attach(PRIMARY): worst=25.40u bone[4]='bone_R-middlefinger01.mesh' parent[1] R=38.2 exactJoint=0.00u pairs=36  (palette-wide exactWorst=0.04u)
[HANDS_ATTACH] mesh='hands_naked.mesh' owner='hands_naked.mesh' frame=4144 nb=38 wext=82.9 rebound=1
  TIER1 rest-coherence: worst=87.3deg bone[33]='bone_L-middlefinger03.mesh' count(>5deg)=34 freshRecap=0  xcheck(invOff-vs-restW) worst=87.3deg bone[33]
  TIER2 joint-attach(PRIMARY): worst=35.36u bone[13]='bone_R-hand.mesh' parent[5] R=49.4 exactJoint=0.33u pairs=30  (palette-wide exactWorst=3.14u)
[HANDS_ATTACH] mesh='hands_naked.mesh' owner='hands_naked.mesh' frame=4147 nb=38 wext=70.4 rebound=1
  TIER1 rest-coherence: worst=87.3deg bone[33]='bone_L-middlefinger03.mesh' count(>5deg)=34 freshRecap=0  xcheck(invOff-vs-restW) worst=87.3deg bone[33]
  TIER2 joint-attach(PRIMARY): worst=59.95u bone[29]='bone_L-hand.mesh' parent[22] R=49.4 exactJoint=0.00u pairs=30  (palette-wide exactWorst=0.00u)
[HANDS_ATTACH] mesh='hands_naked.mesh' owner='hands_naked.mesh' frame=4152 nb=40 wext=37.1 rebound=1
  TIER1 rest-coherence: worst=42.6deg bone[30]='bone_L-middlefinger03.mesh' count(>5deg)=36 freshRecap=0  xcheck(invOff-vs-restW) worst=42.6deg bone[30]
  TIER2 joint-attach(PRIMARY): worst=21.32u bone[4]='bone_R-middlefinger01.mesh' parent[1] R=38.2 exactJoint=0.00u pairs=36  (palette-wide exactWorst=0.04u)
[HANDS_ATTACH] mesh='hands_naked.mesh' owner='hands_naked.mesh' frame=4162 nb=40 wext=37.4 rebound=1
  TIER1 rest-coherence: worst=42.6deg bone[30]='bone_L-middlefinger03.mesh' count(>5deg)=36 freshRecap=0  xcheck(invOff-vs-restW) worst=42.6deg bone[30]
  TIER2 joint-attach(PRIMARY): worst=17.51u bone[4]='bone_R-middlefinger01.mesh' parent[1] R=38.2 exactJoint=0.00u pairs=36  (palette-wide exactWorst=0.04u)
[HANDS_ATTACH] mesh='hands_naked.mesh' owner='hands_naked.mesh' frame=4164 nb=38 wext=83.8 rebound=1
  TIER1 rest-coherence: worst=87.3deg bone[33]='bone_L-middlefinger03.mesh' count(>5deg)=34 freshRecap=0  xcheck(invOff-vs-restW) worst=87.3deg bone[33]
  TIER2 joint-attach(PRIMARY): worst=33.26u bone[13]='bone_R-hand.mesh' parent[5] R=49.4 exactJoint=0.33u pairs=30  (palette-wide exactWorst=3.19u)
[HANDS_ATTACH] mesh='hands_naked.mesh' owner='hands_naked.mesh' frame=4167 nb=38 wext=78.3 rebound=1
  TIER1 rest-coherence: worst=87.3deg bone[33]='bone_L-middlefinger03.mesh' count(>5deg)=34 freshRecap=0  xcheck(invOff-vs-restW) worst=87.3deg bone[33]
  TIER2 joint-attach(PRIMARY): worst=58.93u bone[29]='bone_L-hand.mesh' parent[22] R=49.4 exactJoint=0.00u pairs=30  (palette-wide exactWorst=0.00u)
[HANDS_ATTACH] mesh='hands_naked.mesh' owner='hands_naked.mesh' frame=4172 nb=40 wext=40.7 rebound=1
  TIER1 rest-coherence: worst=42.6deg bone[30]='bone_L-middlefinger03.mesh' count(>5deg)=36 freshRecap=0  xcheck(invOff-vs-restW) worst=42.6deg bone[30]
  TIER2 joint-attach(PRIMARY): worst=14.66u bone[23]='bone_R-ringfinger03.mesh' parent[5] R=37.5 exactJoint=0.00u pairs=36  (palette-wide exactWorst=0.04u)
[HANDS_ATTACH] mesh='hands_naked.mesh' owner='hands_naked.mesh' frame=4182 nb=40 wext=37.0 rebound=1
  TIER1 rest-coherence: worst=42.6deg bone[30]='bone_L-middlefinger03.mesh' count(>5deg)=36 freshRecap=0  xcheck(invOff-vs-restW) worst=42.6deg bone[30]
  TIER2 joint-attach(PRIMARY): worst=14.49u bone[23]='bone_R-ringfinger03.mesh' parent[5] R=37.5 exactJoint=0.00u pairs=36  (palette-wide exactWorst=0.04u)
[HANDS_ATTACH] mesh='hands_naked.mesh' owner='hands_naked.mesh' frame=4184 nb=38 wext=84.4 rebound=1
  TIER1 rest-coherence: worst=87.3deg bone[33]='bone_L-middlefinger03.mesh' count(>5deg)=34 freshRecap=0  xcheck(invOff-vs-restW) worst=87.3deg bone[33]
  TIER2 joint-attach(PRIMARY): worst=32.97u bone[18]='bone_R-pinky02.mesh' parent[14] R=47.4 exactJoint=0.00u pairs=30  (palette-wide exactWorst=3.27u)
[HANDS_ATTACH] mesh='hands_naked.mesh' owner='hands_naked.mesh' frame=4187 nb=38 wext=74.5 rebound=1
  TIER1 rest-coherence: worst=87.3deg bone[33]='bone_L-middlefinger03.mesh' count(>5deg)=34 freshRecap=0  xcheck(invOff-vs-restW) worst=87.3deg bone[33]
  TIER2 joint-attach(PRIMARY): worst=54.65u bone[29]='bone_L-hand.mesh' parent[22] R=49.4 exactJoint=0.00u pairs=30  (palette-wide exactWorst=0.00u)
[HANDS_ATTACH] mesh='hands_naked.mesh' owner='hands_naked.mesh' frame=4192 nb=40 wext=47.2 rebound=1
  TIER1 rest-coherence: worst=42.6deg bone[30]='bone_L-middlefinger03.mesh' count(>5deg)=36 freshRecap=0  xcheck(invOff-vs-restW) worst=42.6deg bone[30]
  TIER2 joint-attach(PRIMARY): worst=14.40u bone[23]='bone_R-ringfinger03.mesh' parent[5] R=37.5 exactJoint=0.00u pairs=36  (palette-wide exactWorst=0.04u)
[HANDS_ATTACH] mesh='hands_naked.mesh' owner='hands_naked.mesh' frame=4202 nb=40 wext=46.9 rebound=1
  TIER1 rest-coherence: worst=42.6deg bone[30]='bone_L-middlefinger03.mesh' count(>5deg)=36 freshRecap=0  xcheck(invOff-vs-restW) worst=42.6deg bone[30]
  TIER2 joint-attach(PRIMARY): worst=14.53u bone[23]='bone_R-ringfinger03.mesh' parent[5] R=37.5 exactJoint=0.00u pairs=36  (palette-wide exactWorst=0.04u)
[HANDS_ATTACH] mesh='hands_naked.mesh' owner='hands_naked.mesh' frame=4204 nb=38 wext=83.3 rebound=1
  TIER1 rest-coherence: worst=87.3deg bone[33]='bone_L-middlefinger03.mesh' count(>5deg)=34 freshRecap=0  xcheck(invOff-vs-restW) worst=87.3deg bone[33]
  TIER2 joint-attach(PRIMARY): worst=33.54u bone[13]='bone_R-hand.mesh' parent[5] R=49.4 exactJoint=0.33u pairs=30  (palette-wide exactWorst=3.45u)
[HANDS_ATTACH] mesh='hands_naked.mesh' owner='hands_naked.mesh' frame=4207 nb=38 wext=72.8 rebound=1
  TIER1 rest-coherence: worst=87.3deg bone[33]='bone_L-middlefinger03.mesh' count(>5deg)=34 freshRecap=0  xcheck(invOff-vs-restW) worst=87.3deg bone[33]
  TIER2 joint-attach(PRIMARY): worst=52.14u bone[29]='bone_L-hand.mesh' parent[22] R=49.4 exactJoint=0.00u pairs=30  (palette-wide exactWorst=0.00u)
[HANDS_ATTACH] mesh='hands_naked.mesh' owner='hands_naked.mesh' frame=4212 nb=40 wext=35.6 rebound=1
  TIER1 rest-coherence: worst=42.6deg bone[30]='bone_L-middlefinger03.mesh' count(>5deg)=36 freshRecap=0  xcheck(invOff-vs-restW) worst=42.6deg bone[30]
  TIER2 joint-attach(PRIMARY): worst=17.84u bone[4]='bone_R-middlefinger01.mesh' parent[1] R=38.2 exactJoint=0.00u pairs=36  (palette-wide exactWorst=0.04u)
[HANDS_ATTACH] mesh='hands_naked.mesh' owner='hands_naked.mesh' frame=4222 nb=40 wext=41.9 rebound=1
  TIER1 rest-coherence: worst=42.6deg bone[30]='bone_L-middlefinger03.mesh' count(>5deg)=36 freshRecap=0  xcheck(invOff-vs-restW) worst=42.6deg bone[30]
  TIER2 joint-attach(PRIMARY): worst=25.95u bone[4]='bone_R-middlefinger01.mesh' parent[1] R=38.2 exactJoint=0.00u pairs=36  (palette-wide exactWorst=0.04u)
[HANDS_ATTACH] mesh='hands_naked.mesh' owner='hands_naked.mesh' frame=4224 nb=38 wext=82.0 rebound=1
  TIER1 rest-coherence: worst=87.3deg bone[33]='bone_L-middlefinger03.mesh' count(>5deg)=34 freshRecap=0  xcheck(invOff-vs-restW) worst=87.3deg bone[33]
  TIER2 joint-attach(PRIMARY): worst=33.22u bone[13]='bone_R-hand.mesh' parent[5] R=49.4 exactJoint=0.33u pairs=30  (palette-wide exactWorst=3.71u)
[HANDS_ATTACH] mesh='hands_naked.mesh' owner='hands_naked.mesh' frame=4227 nb=38 wext=72.0 rebound=1
  TIER1 rest-coherence: worst=87.3deg bone[33]='bone_L-middlefinger03.mesh' count(>5deg)=34 freshRecap=0  xcheck(invOff-vs-restW) worst=87.3deg bone[33]
  TIER2 joint-attach(PRIMARY): worst=47.60u bone[29]='bone_L-hand.mesh' parent[22] R=49.4 exactJoint=0.00u pairs=30  (palette-wide exactWorst=0.00u)
[HANDS_ATTACH] mesh='hands_naked.mesh' owner='hands_naked.mesh' frame=4232 nb=40 wext=47.4 rebound=1
  TIER1 rest-coherence: worst=42.6deg bone[30]='bone_L-middlefinger03.mesh' count(>5deg)=36 freshRecap=0  xcheck(invOff-vs-restW) worst=42.6deg bone[30]
  TIER2 joint-attach(PRIMARY): worst=33.69u bone[4]='bone_R-middlefinger01.mesh' parent[1] R=38.2 exactJoint=0.00u pairs=36  (palette-wide exactWorst=0.04u)
[HANDS_ATTACH] mesh='hands_naked.mesh' owner='hands_naked.mesh' frame=4242 nb=40 wext=46.4 rebound=1
  TIER1 rest-coherence: worst=42.6deg bone[30]='bone_L-middlefinger03.mesh' count(>5deg)=36 freshRecap=0  xcheck(invOff-vs-restW) worst=42.6deg bone[30]
  TIER2 joint-attach(PRIMARY): worst=35.65u bone[4]='bone_R-middlefinger01.mesh' parent[1] R=38.2 exactJoint=0.00u pairs=36  (palette-wide exactWorst=0.04u)
[HANDS_ATTACH] mesh='hands_naked.mesh' owner='hands_naked.mesh' frame=4244 nb=38 wext=79.8 rebound=1
  TIER1 rest-coherence: worst=87.3deg bone[33]='bone_L-middlefinger03.mesh' count(>5deg)=34 freshRecap=0  xcheck(invOff-vs-restW) worst=87.3deg bone[33]
  TIER2 joint-attach(PRIMARY): worst=33.91u bone[13]='bone_R-hand.mesh' parent[5] R=49.4 exactJoint=0.33u pairs=30  (palette-wide exactWorst=3.92u)
[HANDS_ATTACH] mesh='hands_naked.mesh' owner='hands_naked.mesh' frame=4247 nb=38 wext=72.4 rebound=1
  TIER1 rest-coherence: worst=87.3deg bone[33]='bone_L-middlefinger03.mesh' count(>5deg)=34 freshRecap=0  xcheck(invOff-vs-restW) worst=87.3deg bone[33]
  TIER2 joint-attach(PRIMARY): worst=37.45u bone[29]='bone_L-hand.mesh' parent[22] R=49.4 exactJoint=0.00u pairs=30  (palette-wide exactWorst=0.00u)
[HANDS_ATTACH] mesh='hands_naked.mesh' owner='hands_naked.mesh' frame=4252 nb=40 wext=44.8 rebound=1
  TIER1 rest-coherence: worst=42.6deg bone[30]='bone_L-middlefinger03.mesh' count(>5deg)=36 freshRecap=0  xcheck(invOff-vs-restW) worst=42.6deg bone[30]
  TIER2 joint-attach(PRIMARY): worst=34.08u bone[4]='bone_R-middlefinger01.mesh' parent[1] R=38.2 exactJoint=0.00u pairs=36  (palette-wide exactWorst=0.04u)
[HANDS_ATTACH] mesh='hands_naked.mesh' owner='hands_naked.mesh' frame=4262 nb=40 wext=46.4 rebound=1
  TIER1 rest-coherence: worst=42.6deg bone[30]='bone_L-middlefinger03.mesh' count(>5deg)=36 freshRecap=0  xcheck(invOff-vs-restW) worst=42.6deg bone[30]
  TIER2 joint-attach(PRIMARY): worst=28.04u bone[4]='bone_R-middlefinger01.mesh' parent[1] R=38.2 exactJoint=0.00u pairs=36  (palette-wide exactWorst=0.04u)
[HANDS_ATTACH] mesh='hands_naked.mesh' owner='hands_naked.mesh' frame=4264 nb=38 wext=78.2 rebound=1
  TIER1 rest-coherence: worst=87.3deg bone[33]='bone_L-middlefinger03.mesh' count(>5deg)=34 freshRecap=0  xcheck(invOff-vs-restW) worst=87.3deg bone[33]
  TIER2 joint-attach(PRIMARY): worst=36.69u bone[13]='bone_R-hand.mesh' parent[5] R=49.4 exactJoint=0.33u pairs=30  (palette-wide exactWorst=3.98u)
[HANDS_ATTACH] mesh='hands_naked.mesh' owner='hands_naked.mesh' frame=4267 nb=38 wext=63.9 rebound=1
  TIER1 rest-coherence: worst=87.3deg bone[33]='bone_L-middlefinger03.mesh' count(>5deg)=34 freshRecap=0  xcheck(invOff-vs-restW) worst=87.3deg bone[33]
  TIER2 joint-attach(PRIMARY): worst=31.66u bone[33]='bone_L-middlefinger03.mesh' parent[26] R=47.0 exactJoint=0.00u pairs=30  (palette-wide exactWorst=0.00u)
[HANDS_ATTACH] mesh='hands_naked.mesh' owner='hands_naked.mesh' frame=4272 nb=40 wext=50.9 rebound=1
  TIER1 rest-coherence: worst=42.6deg bone[30]='bone_L-middlefinger03.mesh' count(>5deg)=36 freshRecap=0  xcheck(invOff-vs-restW) worst=42.6deg bone[30]
  TIER2 joint-attach(PRIMARY): worst=20.97u bone[4]='bone_R-middlefinger01.mesh' parent[1] R=38.2 exactJoint=0.00u pairs=36  (palette-wide exactWorst=0.04u)
[HANDS_ATTACH] mesh='hands_naked.mesh' owner='hands_naked.mesh' frame=4282 nb=40 wext=52.4 rebound=1
  TIER1 rest-coherence: worst=42.6deg bone[30]='bone_L-middlefinger03.mesh' count(>5deg)=36 freshRecap=0  xcheck(invOff-vs-restW) worst=42.6deg bone[30]
  TIER2 joint-attach(PRIMARY): worst=14.85u bone[4]='bone_R-middlefinger01.mesh' parent[1] R=38.2 exactJoint=0.00u pairs=36  (palette-wide exactWorst=0.04u)
[HANDS_ATTACH] mesh='hands_naked.mesh' owner='hands_naked.mesh' frame=4284 nb=38 wext=76.9 rebound=1
  TIER1 rest-coherence: worst=87.3deg bone[33]='bone_L-middlefinger03.mesh' count(>5deg)=34 freshRecap=0  xcheck(invOff-vs-restW) worst=87.3deg bone[33]
  TIER2 joint-attach(PRIMARY): worst=37.88u bone[13]='bone_R-hand.mesh' parent[5] R=49.4 exactJoint=0.33u pairs=30  (palette-wide exactWorst=3.82u)
[HANDS_ATTACH] mesh='hands_naked.mesh' owner='hands_naked.mesh' frame=4287 nb=38 wext=58.6 rebound=1
  TIER1 rest-coherence: worst=87.3deg bone[33]='bone_L-middlefinger03.mesh' count(>5deg)=34 freshRecap=0  xcheck(invOff-vs-restW) worst=87.3deg bone[33]
  TIER2 joint-attach(PRIMARY): worst=72.62u bone[18]='bone_R-pinky02.mesh' parent[14] R=47.4 exactJoint=0.00u pairs=30  (palette-wide exactWorst=9.67u)
[HANDS_ATTACH] mesh='hands_naked.mesh' owner='hands_naked.mesh' frame=4292 nb=40 wext=49.1 rebound=1
  TIER1 rest-coherence: worst=42.6deg bone[30]='bone_L-middlefinger03.mesh' count(>5deg)=36 freshRecap=0  xcheck(invOff-vs-restW) worst=42.6deg bone[30]
  TIER2 joint-attach(PRIMARY): worst=14.51u bone[23]='bone_R-ringfinger03.mesh' parent[5] R=37.5 exactJoint=0.00u pairs=36  (palette-wide exactWorst=0.04u)
[HANDS_ATTACH] mesh='hands_naked.mesh' owner='hands_naked.mesh' frame=4299 nb=38 wext=77.5 rebound=1
  TIER1 rest-coherence: worst=87.3deg bone[33]='bone_L-middlefinger03.mesh' count(>5deg)=34 freshRecap=0  xcheck(invOff-vs-restW) worst=87.3deg bone[33]
  TIER2 joint-attach(PRIMARY): worst=34.86u bone[13]='bone_R-hand.mesh' parent[5] R=49.4 exactJoint=0.33u pairs=30  (palette-wide exactWorst=4.35u)
[HANDS_ATTACH] mesh='hands_naked.mesh' owner='hands_naked.mesh' frame=4301 nb=38 wext=72.8 rebound=1
  TIER1 rest-coherence: worst=87.3deg bone[33]='bone_L-middlefinger03.mesh' count(>5deg)=34 freshRecap=0  xcheck(invOff-vs-restW) worst=87.3deg bone[33]
  TIER2 joint-attach(PRIMARY): worst=71.02u bone[18]='bone_R-pinky02.mesh' parent[14] R=47.4 exactJoint=2.44u pairs=30  (palette-wide exactWorst=10.36u)
[HANDS_ATTACH] mesh='hands_naked.mesh' owner='hands_naked.mesh' frame=4302 nb=40 wext=64.3 rebound=1
  TIER1 rest-coherence: worst=42.6deg bone[30]='bone_L-middlefinger03.mesh' count(>5deg)=36 freshRecap=0  xcheck(invOff-vs-restW) worst=42.6deg bone[30]
  TIER2 joint-attach(PRIMARY): worst=80.05u bone[0]='bone_R-middlefinger02.mesh' parent[4] R=37.3 exactJoint=0.00u pairs=36  (palette-wide exactWorst=6.44u)
[HANDS_ATTACH] mesh='hands_naked.mesh' owner='hands_naked.mesh' frame=4309 nb=38 wext=77.6 rebound=1
  TIER1 rest-coherence: worst=87.3deg bone[33]='bone_L-middlefinger03.mesh' count(>5deg)=34 freshRecap=0  xcheck(invOff-vs-restW) worst=87.3deg bone[33]
  TIER2 joint-attach(PRIMARY): worst=36.55u bone[13]='bone_R-hand.mesh' parent[5] R=49.4 exactJoint=0.33u pairs=30  (palette-wide exactWorst=4.31u)
[HANDS_ATTACH] mesh='hands_naked.mesh' owner='hands_naked.mesh' frame=4311 nb=38 wext=77.5 rebound=1
  TIER1 rest-coherence: worst=87.3deg bone[33]='bone_L-middlefinger03.mesh' count(>5deg)=34 freshRecap=0  xcheck(invOff-vs-restW) worst=87.3deg bone[33]
  TIER2 joint-attach(PRIMARY): worst=71.02u bone[18]='bone_R-pinky02.mesh' parent[14] R=47.4 exactJoint=2.44u pairs=30  (palette-wide exactWorst=10.36u)
[HANDS_ATTACH] mesh='hands_naked.mesh' owner='hands_naked.mesh' frame=4312 nb=40 wext=62.8 rebound=1
  TIER1 rest-coherence: worst=42.6deg bone[30]='bone_L-middlefinger03.mesh' count(>5deg)=36 freshRecap=0  xcheck(invOff-vs-restW) worst=42.6deg bone[30]
  TIER2 joint-attach(PRIMARY): worst=73.13u bone[0]='bone_R-middlefinger02.mesh' parent[4] R=37.3 exactJoint=0.00u pairs=36  (palette-wide exactWorst=3.77u)
[HANDS_ATTACH] mesh='hands_naked.mesh' owner='hands_naked.mesh' frame=4319 nb=38 wext=77.4 rebound=1
  TIER1 rest-coherence: worst=87.3deg bone[33]='bone_L-middlefinger03.mesh' count(>5deg)=34 freshRecap=0  xcheck(invOff-vs-restW) worst=87.3deg bone[33]
  TIER2 joint-attach(PRIMARY): worst=39.61u bone[13]='bone_R-hand.mesh' parent[5] R=49.4 exactJoint=0.33u pairs=30  (palette-wide exactWorst=4.15u)
[HANDS_ATTACH] mesh='hands_naked.mesh' owner='hands_naked.mesh' frame=4321 nb=38 wext=84.3 rebound=1
  TIER1 rest-coherence: worst=87.3deg bone[33]='bone_L-middlefinger03.mesh' count(>5deg)=34 freshRecap=0  xcheck(invOff-vs-restW) worst=87.3deg bone[33]
  TIER2 joint-attach(PRIMARY): worst=71.02u bone[18]='bone_R-pinky02.mesh' parent[14] R=47.4 exactJoint=2.44u pairs=30  (palette-wide exactWorst=10.36u)
[HANDS_ATTACH] mesh='hands_naked.mesh' owner='hands_naked.mesh' frame=4322 nb=40 wext=65.8 rebound=1
  TIER1 rest-coherence: worst=42.6deg bone[30]='bone_L-middlefinger03.mesh' count(>5deg)=36 freshRecap=0  xcheck(invOff-vs-restW) worst=42.6deg bone[30]
  TIER2 joint-attach(PRIMARY): worst=28.52u bone[39]='bone_L-ringfinger02.mesh' parent[38] R=37.9 exactJoint=0.11u pairs=36  (palette-wide exactWorst=1.92u)
[HANDS_ATTACH] mesh='hands_naked.mesh' owner='hands_naked.mesh' frame=4329 nb=38 wext=77.4 rebound=1
  TIER1 rest-coherence: worst=87.3deg bone[33]='bone_L-middlefinger03.mesh' count(>5deg)=34 freshRecap=0  xcheck(invOff-vs-restW) worst=87.3deg bone[33]
  TIER2 joint-attach(PRIMARY): worst=40.72u bone[13]='bone_R-hand.mesh' parent[5] R=49.4 exactJoint=0.33u pairs=30  (palette-wide exactWorst=3.75u)
[HANDS_ATTACH] mesh='hands_naked.mesh' owner='hands_naked.mesh' frame=4331 nb=38 wext=86.6 rebound=1
  TIER1 rest-coherence: worst=87.3deg bone[33]='bone_L-middlefinger03.mesh' count(>5deg)=34 freshRecap=0  xcheck(invOff-vs-restW) worst=87.3deg bone[33]
  TIER2 joint-attach(PRIMARY): worst=71.02u bone[18]='bone_R-pinky02.mesh' parent[14] R=47.4 exactJoint=2.44u pairs=30  (palette-wide exactWorst=10.36u)
[HANDS_ATTACH] mesh='hands_naked.mesh' owner='hands_naked.mesh' frame=4332 nb=40 wext=65.8 rebound=1
  TIER1 rest-coherence: worst=42.6deg bone[30]='bone_L-middlefinger03.mesh' count(>5deg)=36 freshRecap=0  xcheck(invOff-vs-restW) worst=42.6deg bone[30]
  TIER2 joint-attach(PRIMARY): worst=28.52u bone[39]='bone_L-ringfinger02.mesh' parent[38] R=37.9 exactJoint=0.11u pairs=36  (palette-wide exactWorst=1.92u)
[HANDS_ATTACH] mesh='hands_naked.mesh' owner='hands_naked.mesh' frame=4339 nb=38 wext=76.2 rebound=1
  TIER1 rest-coherence: worst=87.3deg bone[33]='bone_L-middlefinger03.mesh' count(>5deg)=34 freshRecap=0  xcheck(invOff-vs-restW) worst=87.3deg bone[33]
  TIER2 joint-attach(PRIMARY): worst=38.25u bone[13]='bone_R-hand.mesh' parent[5] R=49.4 exactJoint=0.33u pairs=30  (palette-wide exactWorst=3.36u)
[HANDS_ATTACH] mesh='hands_naked.mesh' owner='hands_naked.mesh' frame=4341 nb=38 wext=87.1 rebound=1
  TIER1 rest-coherence: worst=87.3deg bone[33]='bone_L-middlefinger03.mesh' count(>5deg)=34 freshRecap=0  xcheck(invOff-vs-restW) worst=87.3deg bone[33]
  TIER2 joint-attach(PRIMARY): worst=71.02u bone[18]='bone_R-pinky02.mesh' parent[14] R=47.4 exactJoint=2.44u pairs=30  (palette-wide exactWorst=10.36u)
[HANDS_ATTACH] mesh='hands_naked.mesh' owner='hands_naked.mesh' frame=4342 nb=40 wext=66.9 rebound=1
  TIER1 rest-coherence: worst=42.6deg bone[30]='bone_L-middlefinger03.mesh' count(>5deg)=36 freshRecap=0  xcheck(invOff-vs-restW) worst=42.6deg bone[30]
  TIER2 joint-attach(PRIMARY): worst=28.52u bone[39]='bone_L-ringfinger02.mesh' parent[38] R=37.9 exactJoint=0.11u pairs=36  (palette-wide exactWorst=1.92u)
[HANDS_ATTACH] mesh='hands_naked.mesh' owner='hands_naked.mesh' frame=4349 nb=38 wext=75.6 rebound=1
  TIER1 rest-coherence: worst=87.3deg bone[33]='bone_L-middlefinger03.mesh' count(>5deg)=34 freshRecap=0  xcheck(invOff-vs-restW) worst=87.3deg bone[33]
  TIER2 joint-attach(PRIMARY): worst=36.40u bone[13]='bone_R-hand.mesh' parent[5] R=49.4 exactJoint=0.33u pairs=30  (palette-wide exactWorst=3.13u)
[HANDS_ATTACH] mesh='hands_naked.mesh' owner='hands_naked.mesh' frame=4351 nb=38 wext=87.1 rebound=1
  TIER1 rest-coherence: worst=87.3deg bone[33]='bone_L-middlefinger03.mesh' count(>5deg)=34 freshRecap=0  xcheck(invOff-vs-restW) worst=87.3deg bone[33]
  TIER2 joint-attach(PRIMARY): worst=71.02u bone[18]='bone_R-pinky02.mesh' parent[14] R=47.4 exactJoint=2.44u pairs=30  (palette-wide exactWorst=10.36u)
[HANDS_ATTACH] mesh='hands_naked.mesh' owner='hands_naked.mesh' frame=4352 nb=40 wext=63.4 rebound=1
  TIER1 rest-coherence: worst=42.6deg bone[30]='bone_L-middlefinger03.mesh' count(>5deg)=36 freshRecap=0  xcheck(invOff-vs-restW) worst=42.6deg bone[30]
  TIER2 joint-attach(PRIMARY): worst=28.52u bone[39]='bone_L-ringfinger02.mesh' parent[38] R=37.9 exactJoint=0.11u pairs=36  (palette-wide exactWorst=1.92u)
[HANDS_ATTACH] mesh='hands_naked.mesh' owner='hands_naked.mesh' frame=4359 nb=38 wext=76.0 rebound=1
  TIER1 rest-coherence: worst=87.3deg bone[33]='bone_L-middlefinger03.mesh' count(>5deg)=34 freshRecap=0  xcheck(invOff-vs-restW) worst=87.3deg bone[33]
  TIER2 joint-attach(PRIMARY): worst=35.53u bone[13]='bone_R-hand.mesh' parent[5] R=49.4 exactJoint=0.33u pairs=30  (palette-wide exactWorst=3.14u)
[HANDS_ATTACH] mesh='hands_naked.mesh' owner='hands_naked.mesh' frame=4361 nb=38 wext=83.4 rebound=1
  TIER1 rest-coherence: worst=87.3deg bone[33]='bone_L-middlefinger03.mesh' count(>5deg)=34 freshRecap=0  xcheck(invOff-vs-restW) worst=87.3deg bone[33]
  TIER2 joint-attach(PRIMARY): worst=68.29u bone[18]='bone_R-pinky02.mesh' parent[14] R=47.4 exactJoint=0.00u pairs=30  (palette-wide exactWorst=8.79u)
[HANDS_ATTACH] mesh='hands_naked.mesh' owner='hands_naked.mesh' frame=4362 nb=40 wext=55.2 rebound=1
  TIER1 rest-coherence: worst=42.6deg bone[30]='bone_L-middlefinger03.mesh' count(>5deg)=36 freshRecap=0  xcheck(invOff-vs-restW) worst=42.6deg bone[30]
  TIER2 joint-attach(PRIMARY): worst=65.14u bone[5]='bone_R-ringfinger02.mesh' parent[24] R=37.9 exactJoint=0.00u pairs=36  (palette-wide exactWorst=7.14u)
[HANDS_ATTACH] mesh='hands_naked.mesh' owner='hands_naked.mesh' frame=4369 nb=38 wext=76.2 rebound=1
  TIER1 rest-coherence: worst=87.3deg bone[33]='bone_L-middlefinger03.mesh' count(>5deg)=34 freshRecap=0  xcheck(invOff-vs-restW) worst=87.3deg bone[33]
  TIER2 joint-attach(PRIMARY): worst=34.53u bone[13]='bone_R-hand.mesh' parent[5] R=49.4 exactJoint=0.33u pairs=30  (palette-wide exactWorst=3.15u)
[HANDS_ATTACH] mesh='hands_naked.mesh' owner='hands_naked.mesh' frame=4371 nb=38 wext=63.9 rebound=1
  TIER1 rest-coherence: worst=87.3deg bone[33]='bone_L-middlefinger03.mesh' count(>5deg)=34 freshRecap=0  xcheck(invOff-vs-restW) worst=87.3deg bone[33]
  TIER2 joint-attach(PRIMARY): worst=36.03u bone[13]='bone_R-hand.mesh' parent[5] R=49.4 exactJoint=0.00u pairs=30  (palette-wide exactWorst=0.00u)
[HANDS_ATTACH] mesh='hands_naked.mesh' owner='hands_naked.mesh' frame=4372 nb=40 wext=58.9 rebound=1
  TIER1 rest-coherence: worst=42.6deg bone[30]='bone_L-middlefinger03.mesh' count(>5deg)=36 freshRecap=0  xcheck(invOff-vs-restW) worst=42.6deg bone[30]
  TIER2 joint-attach(PRIMARY): worst=82.63u bone[0]='bone_R-middlefinger02.mesh' parent[4] R=37.3 exactJoint=1.98u pairs=36  (palette-wide exactWorst=7.19u)
[HANDS_ATTACH] mesh='hands_naked.mesh' owner='hands_naked.mesh' frame=4379 nb=38 wext=75.6 rebound=1
  TIER1 rest-coherence: worst=87.3deg bone[33]='bone_L-middlefinger03.mesh' count(>5deg)=34 freshRecap=0  xcheck(invOff-vs-restW) worst=87.3deg bone[33]
  TIER2 joint-attach(PRIMARY): worst=33.06u bone[18]='bone_R-pinky02.mesh' parent[14] R=47.4 exactJoint=0.00u pairs=30  (palette-wide exactWorst=3.22u)
[HANDS_ATTACH] mesh='hands_naked.mesh' owner='hands_naked.mesh' frame=4381 nb=38 wext=81.7 rebound=1
  TIER1 rest-coherence: worst=87.3deg bone[33]='bone_L-middlefinger03.mesh' count(>5deg)=34 freshRecap=0  xcheck(invOff-vs-restW) worst=87.3deg bone[33]
  TIER2 joint-attach(PRIMARY): worst=45.54u bone[13]='bone_R-hand.mesh' parent[5] R=49.4 exactJoint=0.00u pairs=30  (palette-wide exactWorst=0.00u)
[HANDS_ATTACH] mesh='hands_naked.mesh' owner='hands_naked.mesh' frame=4382 nb=40 wext=59.4 rebound=1
  TIER1 rest-coherence: worst=42.6deg bone[30]='bone_L-middlefinger03.mesh' count(>5deg)=36 freshRecap=0  xcheck(invOff-vs-restW) worst=42.6deg bone[30]
  TIER2 joint-attach(PRIMARY): worst=81.04u bone[0]='bone_R-middlefinger02.mesh' parent[4] R=37.3 exactJoint=4.17u pairs=36  (palette-wide exactWorst=6.56u)
[HANDS_ATTACH] mesh='hands_naked.mesh' owner='hands_naked.mesh' frame=4389 nb=38 wext=75.8 rebound=1
  TIER1 rest-coherence: worst=87.3deg bone[33]='bone_L-middlefinger03.mesh' count(>5deg)=34 freshRecap=0  xcheck(invOff-vs-restW) worst=87.3deg bone[33]
  TIER2 joint-attach(PRIMARY): worst=32.99u bone[18]='bone_R-pinky02.mesh' parent[14] R=47.4 exactJoint=0.00u pairs=30  (palette-wide exactWorst=3.27u)
[HANDS_ATTACH] mesh='hands_naked.mesh' owner='hands_naked.mesh' frame=4391 nb=38 wext=85.4 rebound=1
  TIER1 rest-coherence: worst=87.3deg bone[33]='bone_L-middlefinger03.mesh' count(>5deg)=34 freshRecap=0  xcheck(invOff-vs-restW) worst=87.3deg bone[33]
  TIER2 joint-attach(PRIMARY): worst=47.57u bone[13]='bone_R-hand.mesh' parent[5] R=49.4 exactJoint=0.00u pairs=30  (palette-wide exactWorst=0.00u)
[HANDS_ATTACH] mesh='hands_naked.mesh' owner='hands_naked.mesh' frame=4392 nb=40 wext=55.5 rebound=1
  TIER1 rest-coherence: worst=42.6deg bone[30]='bone_L-middlefinger03.mesh' count(>5deg)=36 freshRecap=0  xcheck(invOff-vs-restW) worst=42.6deg bone[30]
  TIER2 joint-attach(PRIMARY): worst=79.39u bone[0]='bone_R-middlefinger02.mesh' parent[4] R=37.3 exactJoint=4.98u pairs=36  (palette-wide exactWorst=7.07u)
[HANDS_ATTACH] mesh='hands_naked.mesh' owner='hands_naked.mesh' frame=4399 nb=38 wext=76.2 rebound=1
  TIER1 rest-coherence: worst=87.3deg bone[33]='bone_L-middlefinger03.mesh' count(>5deg)=34 freshRecap=0  xcheck(invOff-vs-restW) worst=87.3deg bone[33]
  TIER2 joint-attach(PRIMARY): worst=32.97u bone[18]='bone_R-pinky02.mesh' parent[14] R=47.4 exactJoint=0.00u pairs=30  (palette-wide exactWorst=3.32u)
[HANDS_ATTACH] mesh='hands_naked.mesh' owner='hands_naked.mesh' frame=4401 nb=38 wext=85.2 rebound=1
  TIER1 rest-coherence: worst=87.3deg bone[33]='bone_L-middlefinger03.mesh' count(>5deg)=34 freshRecap=0  xcheck(invOff-vs-restW) worst=87.3deg bone[33]
  TIER2 joint-attach(PRIMARY): worst=52.21u bone[13]='bone_R-hand.mesh' parent[5] R=49.4 exactJoint=0.00u pairs=30  (palette-wide exactWorst=0.00u)
[HANDS_ATTACH] mesh='hands_naked.mesh' owner='hands_naked.mesh' frame=4402 nb=40 wext=57.3 rebound=1
  TIER1 rest-coherence: worst=42.6deg bone[30]='bone_L-middlefinger03.mesh' count(>5deg)=36 freshRecap=0  xcheck(invOff-vs-restW) worst=42.6deg bone[30]
  TIER2 joint-attach(PRIMARY): worst=79.66u bone[0]='bone_R-middlefinger02.mesh' parent[4] R=37.3 exactJoint=4.29u pairs=36  (palette-wide exactWorst=7.09u)
[HANDS_ATTACH] mesh='hands_naked.mesh' owner='hands_naked.mesh' frame=4409 nb=38 wext=75.7 rebound=1
  TIER1 rest-coherence: worst=87.3deg bone[33]='bone_L-middlefinger03.mesh' count(>5deg)=34 freshRecap=0  xcheck(invOff-vs-restW) worst=87.3deg bone[33]
  TIER2 joint-attach(PRIMARY): worst=33.54u bone[13]='bone_R-hand.mesh' parent[5] R=49.4 exactJoint=0.33u pairs=30  (palette-wide exactWorst=3.45u)
[HANDS_ATTACH] mesh='hands_naked.mesh' owner='hands_naked.mesh' frame=4411 nb=38 wext=84.0 rebound=1
  TIER1 rest-coherence: worst=87.3deg bone[33]='bone_L-middlefinger03.mesh' count(>5deg)=34 freshRecap=0  xcheck(invOff-vs-restW) worst=87.3deg bone[33]
  TIER2 joint-attach(PRIMARY): worst=62.71u bone[13]='bone_R-hand.mesh' parent[5] R=49.4 exactJoint=0.00u pairs=30  (palette-wide exactWorst=6.96u)
[HANDS_ATTACH] mesh='hands_naked.mesh' owner='hands_naked.mesh' frame=4412 nb=40 wext=55.6 rebound=1
  TIER1 rest-coherence: worst=42.6deg bone[30]='bone_L-middlefinger03.mesh' count(>5deg)=36 freshRecap=0  xcheck(invOff-vs-restW) worst=42.6deg bone[30]
  TIER2 joint-attach(PRIMARY): worst=80.96u bone[0]='bone_R-middlefinger02.mesh' parent[4] R=37.3 exactJoint=2.18u pairs=36  (palette-wide exactWorst=7.07u)
[HANDS_ATTACH] mesh='hands_naked.mesh' owner='hands_naked.mesh' frame=4419 nb=38 wext=76.0 rebound=1
  TIER1 rest-coherence: worst=87.3deg bone[33]='bone_L-middlefinger03.mesh' count(>5deg)=34 freshRecap=0  xcheck(invOff-vs-restW) worst=87.3deg bone[33]
  TIER2 joint-attach(PRIMARY): worst=33.28u bone[13]='bone_R-hand.mesh' parent[5] R=49.4 exactJoint=0.33u pairs=30  (palette-wide exactWorst=3.64u)
[HANDS_ATTACH] mesh='hands_naked.mesh' owner='hands_naked.mesh' frame=4421 nb=38 wext=79.1 rebound=1
  TIER1 rest-coherence: worst=87.3deg bone[33]='bone_L-middlefinger03.mesh' count(>5deg)=34 freshRecap=0  xcheck(invOff-vs-restW) worst=87.3deg bone[33]
  TIER2 joint-attach(PRIMARY): worst=69.87u bone[13]='bone_R-hand.mesh' parent[5] R=49.4 exactJoint=0.00u pairs=30  (palette-wide exactWorst=5.50u)
[HANDS_ATTACH] mesh='hands_naked.mesh' owner='hands_naked.mesh' frame=4422 nb=40 wext=58.0 rebound=1
  TIER1 rest-coherence: worst=42.6deg bone[30]='bone_L-middlefinger03.mesh' count(>5deg)=36 freshRecap=0  xcheck(invOff-vs-restW) worst=42.6deg bone[30]
  TIER2 joint-attach(PRIMARY): worst=62.76u bone[5]='bone_R-ringfinger02.mesh' parent[24] R=37.9 exactJoint=0.00u pairs=36  (palette-wide exactWorst=7.09u)
[HANDS_ATTACH] mesh='hands_naked.mesh' owner='hands_naked.mesh' frame=4429 nb=38 wext=75.8 rebound=1
  TIER1 rest-coherence: worst=87.3deg bone[33]='bone_L-middlefinger03.mesh' count(>5deg)=34 freshRecap=0  xcheck(invOff-vs-restW) worst=87.3deg bone[33]
  TIER2 joint-attach(PRIMARY): worst=33.20u bone[13]='bone_R-hand.mesh' parent[5] R=49.4 exactJoint=0.33u pairs=30  (palette-wide exactWorst=3.78u)
[HANDS_ATTACH] mesh='hands_naked.mesh' owner='hands_naked.mesh' frame=4431 nb=38 wext=78.3 rebound=1
  TIER1 rest-coherence: worst=87.3deg bone[33]='bone_L-middlefinger03.mesh' count(>5deg)=34 freshRecap=0  xcheck(invOff-vs-restW) worst=87.3deg bone[33]
  TIER2 joint-attach(PRIMARY): worst=57.58u bone[13]='bone_R-hand.mesh' parent[5] R=49.4 exactJoint=0.00u pairs=30  (palette-wide exactWorst=5.50u)
[HANDS_ATTACH] mesh='hands_naked.mesh' owner='hands_naked.mesh' frame=4432 nb=40 wext=55.7 rebound=1
  TIER1 rest-coherence: worst=42.6deg bone[30]='bone_L-middlefinger03.mesh' count(>5deg)=36 freshRecap=0  xcheck(invOff-vs-restW) worst=42.6deg bone[30]
  TIER2 joint-attach(PRIMARY): worst=35.34u bone[14]='bone_R-pinky01.mesh' parent[11] R=39.0 exactJoint=0.00u pairs=36  (palette-wide exactWorst=1.92u)
[HANDS_ATTACH] mesh='hands_naked.mesh' owner='hands_naked.mesh' frame=4439 nb=38 wext=75.5 rebound=1
  TIER1 rest-coherence: worst=87.3deg bone[33]='bone_L-middlefinger03.mesh' count(>5deg)=34 freshRecap=0  xcheck(invOff-vs-restW) worst=87.3deg bone[33]
  TIER2 joint-attach(PRIMARY): worst=33.90u bone[13]='bone_R-hand.mesh' parent[5] R=49.4 exactJoint=0.33u pairs=30  (palette-wide exactWorst=3.92u)
[HANDS_ATTACH] mesh='hands_naked.mesh' owner='hands_naked.mesh' frame=4441 nb=38 wext=77.8 rebound=1
  TIER1 rest-coherence: worst=87.3deg bone[33]='bone_L-middlefinger03.mesh' count(>5deg)=34 freshRecap=0  xcheck(invOff-vs-restW) worst=87.3deg bone[33]
  TIER2 joint-attach(PRIMARY): worst=50.35u bone[9]='bone_R-thumb01.mesh' parent[13] R=48.5 exactJoint=0.00u pairs=30  (palette-wide exactWorst=0.00u)
[HANDS_ATTACH] mesh='hands_naked.mesh' owner='hands_naked.mesh' frame=4442 nb=40 wext=58.1 rebound=1
  TIER1 rest-coherence: worst=42.6deg bone[30]='bone_L-middlefinger03.mesh' count(>5deg)=36 freshRecap=0  xcheck(invOff-vs-restW) worst=42.6deg bone[30]
  TIER2 joint-attach(PRIMARY): worst=34.32u bone[14]='bone_R-pinky01.mesh' parent[11] R=39.0 exactJoint=0.00u pairs=36  (palette-wide exactWorst=1.92u)
[HANDS_ATTACH] mesh='hands_naked.mesh' owner='hands_naked.mesh' frame=4449 nb=38 wext=75.1 rebound=1
  TIER1 rest-coherence: worst=87.3deg bone[33]='bone_L-middlefinger03.mesh' count(>5deg)=34 freshRecap=0  xcheck(invOff-vs-restW) worst=87.3deg bone[33]
  TIER2 joint-attach(PRIMARY): worst=35.40u bone[13]='bone_R-hand.mesh' parent[5] R=49.4 exactJoint=0.33u pairs=30  (palette-wide exactWorst=4.01u)
[HANDS_ATTACH] mesh='hands_naked.mesh' owner='hands_naked.mesh' frame=4451 nb=38 wext=85.7 rebound=1
  TIER1 rest-coherence: worst=87.3deg bone[33]='bone_L-middlefinger03.mesh' count(>5deg)=34 freshRecap=0  xcheck(invOff-vs-restW) worst=87.3deg bone[33]
  TIER2 joint-attach(PRIMARY): worst=55.16u bone[9]='bone_R-thumb01.mesh' parent[13] R=48.5 exactJoint=0.00u pairs=30  (palette-wide exactWorst=0.00u)
[HANDS_ATTACH] mesh='hands_naked.mesh' owner='hands_naked.mesh' frame=4452 nb=40 wext=56.8 rebound=1
  TIER1 rest-coherence: worst=42.6deg bone[30]='bone_L-middlefinger03.mesh' count(>5deg)=36 freshRecap=0  xcheck(invOff-vs-restW) worst=42.6deg bone[30]
  TIER2 joint-attach(PRIMARY): worst=33.33u bone[14]='bone_R-pinky01.mesh' parent[11] R=39.0 exactJoint=0.00u pairs=36  (palette-wide exactWorst=1.92u)
[HANDS_ATTACH] mesh='hands_naked.mesh' owner='hands_naked.mesh' frame=4459 nb=38 wext=75.2 rebound=1
  TIER1 rest-coherence: worst=87.3deg bone[33]='bone_L-middlefinger03.mesh' count(>5deg)=34 freshRecap=0  xcheck(invOff-vs-restW) worst=87.3deg bone[33]
  TIER2 joint-attach(PRIMARY): worst=37.64u bone[13]='bone_R-hand.mesh' parent[5] R=49.4 exactJoint=0.33u pairs=30  (palette-wide exactWorst=3.96u)
[HANDS_ATTACH] mesh='hands_naked.mesh' owner='hands_naked.mesh' frame=4461 nb=38 wext=68.3 rebound=1
  TIER1 rest-coherence: worst=87.3deg bone[33]='bone_L-middlefinger03.mesh' count(>5deg)=34 freshRecap=0  xcheck(invOff-vs-restW) worst=87.3deg bone[33]
  TIER2 joint-attach(PRIMARY): worst=46.06u bone[13]='bone_R-hand.mesh' parent[5] R=49.4 exactJoint=0.00u pairs=30  (palette-wide exactWorst=2.00u)
[HANDS_ATTACH] mesh='hands_naked.mesh' owner='hands_naked.mesh' frame=4462 nb=40 wext=56.2 rebound=1
  TIER1 rest-coherence: worst=42.6deg bone[30]='bone_L-middlefinger03.mesh' count(>5deg)=36 freshRecap=0  xcheck(invOff-vs-restW) worst=42.6deg bone[30]
  TIER2 joint-attach(PRIMARY): worst=32.38u bone[14]='bone_R-pinky01.mesh' parent[11] R=39.0 exactJoint=0.00u pairs=36  (palette-wide exactWorst=1.92u)
[HANDS_ATTACH] mesh='hands_naked.mesh' owner='hands_naked.mesh' frame=4469 nb=38 wext=75.3 rebound=1
  TIER1 rest-coherence: worst=87.3deg bone[33]='bone_L-middlefinger03.mesh' count(>5deg)=34 freshRecap=0  xcheck(invOff-vs-restW) worst=87.3deg bone[33]
  TIER2 joint-attach(PRIMARY): worst=37.86u bone[13]='bone_R-hand.mesh' parent[5] R=49.4 exactJoint=0.33u pairs=30  (palette-wide exactWorst=3.84u)
[HANDS_ATTACH] mesh='hands_naked.mesh' owner='hands_naked.mesh' frame=4471 nb=38 wext=87.4 rebound=1
  TIER1 rest-coherence: worst=87.3deg bone[33]='bone_L-middlefinger03.mesh' count(>5deg)=34 freshRecap=0  xcheck(invOff-vs-restW) worst=87.3deg bone[33]
  TIER2 joint-attach(PRIMARY): worst=71.17u bone[18]='bone_R-pinky02.mesh' parent[14] R=47.4 exactJoint=2.31u pairs=30  (palette-wide exactWorst=10.36u)
[HANDS_ATTACH] mesh='hands_naked.mesh' owner='hands_naked.mesh' frame=4472 nb=40 wext=55.5 rebound=1
  TIER1 rest-coherence: worst=42.6deg bone[30]='bone_L-middlefinger03.mesh' count(>5deg)=36 freshRecap=0  xcheck(invOff-vs-restW) worst=42.6deg bone[30]
  TIER2 joint-attach(PRIMARY): worst=31.45u bone[14]='bone_R-pinky01.mesh' parent[11] R=39.0 exactJoint=0.00u pairs=36  (palette-wide exactWorst=1.92u)
[HANDS_ATTACH] mesh='hands_naked.mesh' owner='hands_naked.mesh' frame=4479 nb=38 wext=75.3 rebound=1
  TIER1 rest-coherence: worst=87.3deg bone[33]='bone_L-middlefinger03.mesh' count(>5deg)=34 freshRecap=0  xcheck(invOff-vs-restW) worst=87.3deg bone[33]
  TIER2 joint-attach(PRIMARY): worst=38.00u bone[13]='bone_R-hand.mesh' parent[5] R=49.4 exactJoint=0.33u pairs=30  (palette-wide exactWorst=3.66u)
[HANDS_ATTACH] mesh='hands_naked.mesh' owner='hands_naked.mesh' frame=4481 nb=38 wext=86.9 rebound=1
  TIER1 rest-coherence: worst=87.3deg bone[33]='bone_L-middlefinger03.mesh' count(>5deg)=34 freshRecap=0  xcheck(invOff-vs-restW) worst=87.3deg bone[33]
  TIER2 joint-attach(PRIMARY): worst=71.02u bone[18]='bone_R-pinky02.mesh' parent[14] R=47.4 exactJoint=2.44u pairs=30  (palette-wide exactWorst=10.36u)
[HANDS_ATTACH] mesh='hands_naked.mesh' owner='hands_naked.mesh' frame=4482 nb=40 wext=55.4 rebound=1
  TIER1 rest-coherence: worst=42.6deg bone[30]='bone_L-middlefinger03.mesh' count(>5deg)=36 freshRecap=0  xcheck(invOff-vs-restW) worst=42.6deg bone[30]
  TIER2 joint-attach(PRIMARY): worst=30.54u bone[14]='bone_R-pinky01.mesh' parent[11] R=39.0 exactJoint=0.00u pairs=36  (palette-wide exactWorst=1.92u)
[HANDS_ATTACH] mesh='hands_naked.mesh' owner='hands_naked.mesh' frame=4489 nb=38 wext=75.3 rebound=1
  TIER1 rest-coherence: worst=87.3deg bone[33]='bone_L-middlefinger03.mesh' count(>5deg)=34 freshRecap=0  xcheck(invOff-vs-restW) worst=87.3deg bone[33]
  TIER2 joint-attach(PRIMARY): worst=38.19u bone[13]='bone_R-hand.mesh' parent[5] R=49.4 exactJoint=0.33u pairs=30  (palette-wide exactWorst=3.44u)
[HANDS_ATTACH] mesh='hands_naked.mesh' owner='hands_naked.mesh' frame=4491 nb=38 wext=85.9 rebound=1
  TIER1 rest-coherence: worst=87.3deg bone[33]='bone_L-middlefinger03.mesh' count(>5deg)=34 freshRecap=0  xcheck(invOff-vs-restW) worst=87.3deg bone[33]
  TIER2 joint-attach(PRIMARY): worst=71.02u bone[18]='bone_R-pinky02.mesh' parent[14] R=47.4 exactJoint=2.44u pairs=30  (palette-wide exactWorst=10.36u)
[HANDS_ATTACH] mesh='hands_naked.mesh' owner='hands_naked.mesh' frame=4492 nb=40 wext=58.4 rebound=1
  TIER1 rest-coherence: worst=42.6deg bone[30]='bone_L-middlefinger03.mesh' count(>5deg)=36 freshRecap=0  xcheck(invOff-vs-restW) worst=42.6deg bone[30]
  TIER2 joint-attach(PRIMARY): worst=29.65u bone[14]='bone_R-pinky01.mesh' parent[11] R=39.0 exactJoint=0.00u pairs=36  (palette-wide exactWorst=1.92u)
[HANDS_ATTACH] mesh='hands_naked.mesh' owner='hands_naked.mesh' frame=4499 nb=38 wext=74.2 rebound=1
  TIER1 rest-coherence: worst=87.3deg bone[33]='bone_L-middlefinger03.mesh' count(>5deg)=34 freshRecap=0  xcheck(invOff-vs-restW) worst=87.3deg bone[33]
  TIER2 joint-attach(PRIMARY): worst=37.71u bone[13]='bone_R-hand.mesh' parent[5] R=49.4 exactJoint=0.33u pairs=30  (palette-wide exactWorst=3.18u)
[HANDS_ATTACH] mesh='hands_naked.mesh' owner='hands_naked.mesh' frame=4501 nb=38 wext=84.0 rebound=1
  TIER1 rest-coherence: worst=87.3deg bone[33]='bone_L-middlefinger03.mesh' count(>5deg)=34 freshRecap=0  xcheck(invOff-vs-restW) worst=87.3deg bone[33]
  TIER2 joint-attach(PRIMARY): worst=71.02u bone[18]='bone_R-pinky02.mesh' parent[14] R=47.4 exactJoint=2.44u pairs=30  (palette-wide exactWorst=10.36u)
[HANDS_ATTACH] mesh='hands_naked.mesh' owner='hands_naked.mesh' frame=4502 nb=40 wext=57.5 rebound=1
  TIER1 rest-coherence: worst=42.6deg bone[30]='bone_L-middlefinger03.mesh' count(>5deg)=36 freshRecap=0  xcheck(invOff-vs-restW) worst=42.6deg bone[30]
  TIER2 joint-attach(PRIMARY): worst=28.76u bone[14]='bone_R-pinky01.mesh' parent[11] R=39.0 exactJoint=0.00u pairs=36  (palette-wide exactWorst=1.92u)
[HANDS_ATTACH] mesh='hands_naked.mesh' owner='hands_naked.mesh' frame=4509 nb=38 wext=73.3 rebound=1
  TIER1 rest-coherence: worst=87.3deg bone[33]='bone_L-middlefinger03.mesh' count(>5deg)=34 freshRecap=0  xcheck(invOff-vs-restW) worst=87.3deg bone[33]
  TIER2 joint-attach(PRIMARY): worst=37.20u bone[13]='bone_R-hand.mesh' parent[5] R=49.4 exactJoint=0.33u pairs=30  (palette-wide exactWorst=2.94u)
[HANDS_ATTACH] mesh='hands_naked.mesh' owner='hands_naked.mesh' frame=4511 nb=38 wext=83.4 rebound=1
  TIER1 rest-coherence: worst=87.3deg bone[33]='bone_L-middlefinger03.mesh' count(>5deg)=34 freshRecap=0  xcheck(invOff-vs-restW) worst=87.3deg bone[33]
  TIER2 joint-attach(PRIMARY): worst=71.02u bone[18]='bone_R-pinky02.mesh' parent[14] R=47.4 exactJoint=2.44u pairs=30  (palette-wide exactWorst=10.36u)
[HANDS_ATTACH] mesh='hands_naked.mesh' owner='hands_naked.mesh' frame=4512 nb=40 wext=59.7 rebound=1
  TIER1 rest-coherence: worst=42.6deg bone[30]='bone_L-middlefinger03.mesh' count(>5deg)=36 freshRecap=0  xcheck(invOff-vs-restW) worst=42.6deg bone[30]
  TIER2 joint-attach(PRIMARY): worst=28.52u bone[39]='bone_L-ringfinger02.mesh' parent[38] R=37.9 exactJoint=0.11u pairs=36  (palette-wide exactWorst=1.92u)
[HANDS_ATTACH] mesh='hands_naked.mesh' owner='hands_naked.mesh' frame=4519 nb=38 wext=73.1 rebound=1
  TIER1 rest-coherence: worst=87.3deg bone[33]='bone_L-middlefinger03.mesh' count(>5deg)=34 freshRecap=0  xcheck(invOff-vs-restW) worst=87.3deg bone[33]
  TIER2 joint-attach(PRIMARY): worst=36.92u bone[13]='bone_R-hand.mesh' parent[5] R=49.4 exactJoint=0.33u pairs=30  (palette-wide exactWorst=2.87u)
[HANDS_ATTACH] mesh='hands_naked.mesh' owner='hands_naked.mesh' frame=4521 nb=38 wext=73.7 rebound=1
  TIER1 rest-coherence: worst=87.3deg bone[33]='bone_L-middlefinger03.mesh' count(>5deg)=34 freshRecap=0  xcheck(invOff-vs-restW) worst=87.3deg bone[33]
  TIER2 joint-attach(PRIMARY): worst=72.52u bone[18]='bone_R-pinky02.mesh' parent[14] R=47.4 exactJoint=0.00u pairs=30  (palette-wide exactWorst=9.27u)
[HANDS_ATTACH] mesh='hands_naked.mesh' owner='hands_naked.mesh' frame=4522 nb=40 wext=62.7 rebound=1
  TIER1 rest-coherence: worst=42.6deg bone[30]='bone_L-middlefinger03.mesh' count(>5deg)=36 freshRecap=0  xcheck(invOff-vs-restW) worst=42.6deg bone[30]
  TIER2 joint-attach(PRIMARY): worst=28.52u bone[39]='bone_L-ringfinger02.mesh' parent[38] R=37.9 exactJoint=0.11u pairs=36  (palette-wide exactWorst=1.92u)
[HANDS_ATTACH] mesh='hands_naked.mesh' owner='hands_naked.mesh' frame=4529 nb=38 wext=73.0 rebound=1
  TIER1 rest-coherence: worst=87.3deg bone[33]='bone_L-middlefinger03.mesh' count(>5deg)=34 freshRecap=0  xcheck(invOff-vs-restW) worst=87.3deg bone[33]
  TIER2 joint-attach(PRIMARY): worst=36.27u bone[13]='bone_R-hand.mesh' parent[5] R=49.4 exactJoint=0.33u pairs=30  (palette-wide exactWorst=2.80u)
[HANDS_ATTACH] mesh='hands_naked.mesh' owner='hands_naked.mesh' frame=4531 nb=38 wext=52.3 rebound=1
  TIER1 rest-coherence: worst=87.3deg bone[33]='bone_L-middlefinger03.mesh' count(>5deg)=34 freshRecap=0  xcheck(invOff-vs-restW) worst=87.3deg bone[33]
  TIER2 joint-attach(PRIMARY): worst=57.28u bone[29]='bone_L-hand.mesh' parent[22] R=49.4 exactJoint=0.00u pairs=30  (palette-wide exactWorst=0.00u)
[HANDS_ATTACH] mesh='hands_naked.mesh' owner='hands_naked.mesh' frame=4532 nb=40 wext=63.7 rebound=1
  TIER1 rest-coherence: worst=42.6deg bone[30]='bone_L-middlefinger03.mesh' count(>5deg)=36 freshRecap=0  xcheck(invOff-vs-restW) worst=42.6deg bone[30]
  TIER2 joint-attach(PRIMARY): worst=28.52u bone[39]='bone_L-ringfinger02.mesh' parent[38] R=37.9 exactJoint=0.11u pairs=36  (palette-wide exactWorst=1.92u)
[HANDS_ATTACH] mesh='hands_naked.mesh' owner='hands_naked.mesh' frame=4539 nb=38 wext=73.3 rebound=1
  TIER1 rest-coherence: worst=87.3deg bone[33]='bone_L-middlefinger03.mesh' count(>5deg)=34 freshRecap=0  xcheck(invOff-vs-restW) worst=87.3deg bone[33]
  TIER2 joint-attach(PRIMARY): worst=33.80u bone[13]='bone_R-hand.mesh' parent[5] R=49.4 exactJoint=0.33u pairs=30  (palette-wide exactWorst=2.76u)
[HANDS_ATTACH] mesh='hands_naked.mesh' owner='hands_naked.mesh' frame=4541 nb=38 wext=79.3 rebound=1
  TIER1 rest-coherence: worst=87.3deg bone[33]='bone_L-middlefinger03.mesh' count(>5deg)=34 freshRecap=0  xcheck(invOff-vs-restW) worst=87.3deg bone[33]
  TIER2 joint-attach(PRIMARY): worst=70.40u bone[29]='bone_L-hand.mesh' parent[22] R=49.4 exactJoint=0.00u pairs=30  (palette-wide exactWorst=0.00u)
[HANDS_ATTACH] mesh='hands_naked.mesh' owner='hands_naked.mesh' frame=4542 nb=40 wext=64.9 rebound=1
  TIER1 rest-coherence: worst=42.6deg bone[30]='bone_L-middlefinger03.mesh' count(>5deg)=36 freshRecap=0  xcheck(invOff-vs-restW) worst=42.6deg bone[30]
  TIER2 joint-attach(PRIMARY): worst=28.52u bone[39]='bone_L-ringfinger02.mesh' parent[38] R=37.9 exactJoint=0.11u pairs=36  (palette-wide exactWorst=1.92u)
[HANDS_ATTACH] mesh='hands_naked.mesh' owner='hands_naked.mesh' frame=4549 nb=38 wext=74.8 rebound=1
  TIER1 rest-coherence: worst=87.3deg bone[33]='bone_L-middlefinger03.mesh' count(>5deg)=34 freshRecap=0  xcheck(invOff-vs-restW) worst=87.3deg bone[33]
  TIER2 joint-attach(PRIMARY): worst=36.55u bone[13]='bone_R-hand.mesh' parent[5] R=49.4 exactJoint=0.33u pairs=30  (palette-wide exactWorst=2.82u)
[HANDS_ATTACH] mesh='hands_naked.mesh' owner='hands_naked.mesh' frame=4551 nb=38 wext=68.8 rebound=1
  TIER1 rest-coherence: worst=87.3deg bone[33]='bone_L-middlefinger03.mesh' count(>5deg)=34 freshRecap=0  xcheck(invOff-vs-restW) worst=87.3deg bone[33]
  TIER2 joint-attach(PRIMARY): worst=65.14u bone[29]='bone_L-hand.mesh' parent[22] R=49.4 exactJoint=0.00u pairs=30  (palette-wide exactWorst=0.00u)
[HANDS_ATTACH] mesh='hands_naked.mesh' owner='hands_naked.mesh' frame=4552 nb=40 wext=65.8 rebound=1
  TIER1 rest-coherence: worst=42.6deg bone[30]='bone_L-middlefinger03.mesh' count(>5deg)=36 freshRecap=0  xcheck(invOff-vs-restW) worst=42.6deg bone[30]
  TIER2 joint-attach(PRIMARY): worst=28.52u bone[39]='bone_L-ringfinger02.mesh' parent[38] R=37.9 exactJoint=0.11u pairs=36  (palette-wide exactWorst=1.92u)
[HANDS_ATTACH] mesh='hands_naked.mesh' owner='hands_naked.mesh' frame=4559 nb=38 wext=75.1 rebound=1
  TIER1 rest-coherence: worst=87.3deg bone[33]='bone_L-middlefinger03.mesh' count(>5deg)=34 freshRecap=0  xcheck(invOff-vs-restW) worst=87.3deg bone[33]
  TIER2 joint-attach(PRIMARY): worst=36.75u bone[13]='bone_R-hand.mesh' parent[5] R=49.4 exactJoint=0.33u pairs=30  (palette-wide exactWorst=2.87u)
[HANDS_ATTACH] mesh='hands_naked.mesh' owner='hands_naked.mesh' frame=4561 nb=38 wext=57.5 rebound=1
  TIER1 rest-coherence: worst=87.3deg bone[33]='bone_L-middlefinger03.mesh' count(>5deg)=34 freshRecap=0  xcheck(invOff-vs-restW) worst=87.3deg bone[33]
  TIER2 joint-attach(PRIMARY): worst=56.28u bone[29]='bone_L-hand.mesh' parent[22] R=49.4 exactJoint=0.00u pairs=30  (palette-wide exactWorst=0.00u)
[HANDS_ATTACH] mesh='hands_naked.mesh' owner='hands_naked.mesh' frame=4562 nb=40 wext=66.9 rebound=1
  TIER1 rest-coherence: worst=42.6deg bone[30]='bone_L-middlefinger03.mesh' count(>5deg)=36 freshRecap=0  xcheck(invOff-vs-restW) worst=42.6deg bone[30]
  TIER2 joint-attach(PRIMARY): worst=28.52u bone[39]='bone_L-ringfinger02.mesh' parent[38] R=37.9 exactJoint=0.11u pairs=36  (palette-wide exactWorst=1.92u)
[HANDS_ATTACH] mesh='hands_naked.mesh' owner='hands_naked.mesh' frame=4569 nb=38 wext=75.3 rebound=1
  TIER1 rest-coherence: worst=87.3deg bone[33]='bone_L-middlefinger03.mesh' count(>5deg)=34 freshRecap=0  xcheck(invOff-vs-restW) worst=87.3deg bone[33]
  TIER2 joint-attach(PRIMARY): worst=36.50u bone[13]='bone_R-hand.mesh' parent[5] R=49.4 exactJoint=0.33u pairs=30  (palette-wide exactWorst=2.91u)
[HANDS_ATTACH] mesh='hands_naked.mesh' owner='hands_naked.mesh' frame=4571 nb=38 wext=69.1 rebound=1
  TIER1 rest-coherence: worst=87.3deg bone[33]='bone_L-middlefinger03.mesh' count(>5deg)=34 freshRecap=0  xcheck(invOff-vs-restW) worst=87.3deg bone[33]
  TIER2 joint-attach(PRIMARY): worst=57.24u bone[29]='bone_L-hand.mesh' parent[22] R=49.4 exactJoint=0.00u pairs=30  (palette-wide exactWorst=0.00u)
[HANDS_ATTACH] mesh='hands_naked.mesh' owner='hands_naked.mesh' frame=4572 nb=40 wext=65.8 rebound=1
  TIER1 rest-coherence: worst=42.6deg bone[30]='bone_L-middlefinger03.mesh' count(>5deg)=36 freshRecap=0  xcheck(invOff-vs-restW) worst=42.6deg bone[30]
  TIER2 joint-attach(PRIMARY): worst=28.52u bone[39]='bone_L-ringfinger02.mesh' parent[38] R=37.9 exactJoint=0.11u pairs=36  (palette-wide exactWorst=1.92u)
[HANDS_ATTACH] mesh='hands_naked.mesh' owner='hands_naked.mesh' frame=4582 nb=38 wext=78.9 rebound=1
  TIER1 rest-coherence: worst=87.3deg bone[33]='bone_L-middlefinger03.mesh' count(>5deg)=34 freshRecap=0  xcheck(invOff-vs-restW) worst=87.3deg bone[33]
  TIER2 joint-attach(PRIMARY): worst=23.25u bone[29]='bone_L-hand.mesh' parent[22] R=49.4 exactJoint=0.14u pairs=30  (palette-wide exactWorst=0.33u)
[HANDS_ATTACH] mesh='hands_naked.mesh' owner='hands_naked.mesh' frame=4585 nb=38 wext=78.1 rebound=1
  TIER1 rest-coherence: worst=87.3deg bone[33]='bone_L-middlefinger03.mesh' count(>5deg)=34 freshRecap=0  xcheck(invOff-vs-restW) worst=87.3deg bone[33]
  TIER2 joint-attach(PRIMARY): worst=62.09u bone[29]='bone_L-hand.mesh' parent[22] R=49.4 exactJoint=0.00u pairs=30  (palette-wide exactWorst=0.00u)
[HANDS_ATTACH] mesh='hands_naked.mesh' owner='hands_naked.mesh' frame=4587 nb=40 wext=61.4 rebound=1
  TIER1 rest-coherence: worst=42.6deg bone[30]='bone_L-middlefinger03.mesh' count(>5deg)=36 freshRecap=0  xcheck(invOff-vs-restW) worst=42.6deg bone[30]
  TIER2 joint-attach(PRIMARY): worst=36.85u bone[4]='bone_R-middlefinger01.mesh' parent[1] R=38.2 exactJoint=0.00u pairs=36  (palette-wide exactWorst=0.04u)
[HANDS_ATTACH] mesh='hands_naked.mesh' owner='hands_naked.mesh' frame=4602 nb=38 wext=77.8 rebound=1
  TIER1 rest-coherence: worst=87.3deg bone[33]='bone_L-middlefinger03.mesh' count(>5deg)=34 freshRecap=0  xcheck(invOff-vs-restW) worst=87.3deg bone[33]
  TIER2 joint-attach(PRIMARY): worst=22.15u bone[29]='bone_L-hand.mesh' parent[22] R=49.4 exactJoint=0.14u pairs=30  (palette-wide exactWorst=0.33u)
[HANDS_ATTACH] mesh='hands_naked.mesh' owner='hands_naked.mesh' frame=4605 nb=38 wext=77.0 rebound=1
  TIER1 rest-coherence: worst=87.3deg bone[33]='bone_L-middlefinger03.mesh' count(>5deg)=34 freshRecap=0  xcheck(invOff-vs-restW) worst=87.3deg bone[33]
  TIER2 joint-attach(PRIMARY): worst=55.61u bone[29]='bone_L-hand.mesh' parent[22] R=49.4 exactJoint=0.00u pairs=30  (palette-wide exactWorst=0.00u)
[HANDS_ATTACH] mesh='hands_naked.mesh' owner='hands_naked.mesh' frame=4607 nb=40 wext=54.1 rebound=1
  TIER1 rest-coherence: worst=42.6deg bone[30]='bone_L-middlefinger03.mesh' count(>5deg)=36 freshRecap=0  xcheck(invOff-vs-restW) worst=42.6deg bone[30]
  TIER2 joint-attach(PRIMARY): worst=36.85u bone[4]='bone_R-middlefinger01.mesh' parent[1] R=38.2 exactJoint=0.00u pairs=36  (palette-wide exactWorst=0.04u)
[HANDS_ATTACH] mesh='hands_naked.mesh' owner='hands_naked.mesh' frame=4622 nb=38 wext=80.3 rebound=1
  TIER1 rest-coherence: worst=87.3deg bone[33]='bone_L-middlefinger03.mesh' count(>5deg)=34 freshRecap=0  xcheck(invOff-vs-restW) worst=87.3deg bone[33]
  TIER2 joint-attach(PRIMARY): worst=24.24u bone[1]='bone_R-middlefinger01.mesh' parent[13] R=48.2 exactJoint=0.00u pairs=30  (palette-wide exactWorst=0.33u)
[HANDS_ATTACH] mesh='hands_naked.mesh' owner='hands_naked.mesh' frame=4625 nb=38 wext=77.1 rebound=1
  TIER1 rest-coherence: worst=87.3deg bone[33]='bone_L-middlefinger03.mesh' count(>5deg)=34 freshRecap=0  xcheck(invOff-vs-restW) worst=87.3deg bone[33]
  TIER2 joint-attach(PRIMARY): worst=55.34u bone[29]='bone_L-hand.mesh' parent[22] R=49.4 exactJoint=0.00u pairs=30  (palette-wide exactWorst=0.00u)
[HANDS_ATTACH] mesh='hands_naked.mesh' owner='hands_naked.mesh' frame=4627 nb=40 wext=48.8 rebound=1
  TIER1 rest-coherence: worst=42.6deg bone[30]='bone_L-middlefinger03.mesh' count(>5deg)=36 freshRecap=0  xcheck(invOff-vs-restW) worst=42.6deg bone[30]
  TIER2 joint-attach(PRIMARY): worst=36.85u bone[4]='bone_R-middlefinger01.mesh' parent[1] R=38.2 exactJoint=0.00u pairs=36  (palette-wide exactWorst=0.04u)
[HANDS_ATTACH] mesh='hands_naked.mesh' owner='hands_naked.mesh' frame=4642 nb=38 wext=81.9 rebound=1
  TIER1 rest-coherence: worst=87.3deg bone[33]='bone_L-middlefinger03.mesh' count(>5deg)=34 freshRecap=0  xcheck(invOff-vs-restW) worst=87.3deg bone[33]
  TIER2 joint-attach(PRIMARY): worst=33.26u bone[2]='bone_R-pinky03.mesh' parent[18] R=47.1 exactJoint=0.00u pairs=30  (palette-wide exactWorst=0.33u)
[HANDS_ATTACH] mesh='hands_naked.mesh' owner='hands_naked.mesh' frame=4645 nb=38 wext=71.3 rebound=1
  TIER1 rest-coherence: worst=87.3deg bone[33]='bone_L-middlefinger03.mesh' count(>5deg)=34 freshRecap=0  xcheck(invOff-vs-restW) worst=87.3deg bone[33]
  TIER2 joint-attach(PRIMARY): worst=49.61u bone[29]='bone_L-hand.mesh' parent[22] R=49.4 exactJoint=0.00u pairs=30  (palette-wide exactWorst=0.00u)
[HANDS_ATTACH] mesh='hands_naked.mesh' owner='hands_naked.mesh' frame=4647 nb=40 wext=51.3 rebound=1
  TIER1 rest-coherence: worst=42.6deg bone[30]='bone_L-middlefinger03.mesh' count(>5deg)=36 freshRecap=0  xcheck(invOff-vs-restW) worst=42.6deg bone[30]
  TIER2 joint-attach(PRIMARY): worst=36.73u bone[4]='bone_R-middlefinger01.mesh' parent[1] R=38.2 exactJoint=0.00u pairs=36  (palette-wide exactWorst=0.04u)
[HANDS_ATTACH] mesh='hands_naked.mesh' owner='hands_naked.mesh' frame=4662 nb=38 wext=79.2 rebound=1
  TIER1 rest-coherence: worst=87.3deg bone[33]='bone_L-middlefinger03.mesh' count(>5deg)=34 freshRecap=0  xcheck(invOff-vs-restW) worst=87.3deg bone[33]
  TIER2 joint-attach(PRIMARY): worst=33.50u bone[2]='bone_R-pinky03.mesh' parent[18] R=47.1 exactJoint=0.00u pairs=30  (palette-wide exactWorst=0.33u)
[HANDS_ATTACH] mesh='hands_naked.mesh' owner='hands_naked.mesh' frame=4665 nb=38 wext=70.6 rebound=1
  TIER1 rest-coherence: worst=87.3deg bone[33]='bone_L-middlefinger03.mesh' count(>5deg)=34 freshRecap=0  xcheck(invOff-vs-restW) worst=87.3deg bone[33]
  TIER2 joint-attach(PRIMARY): worst=47.69u bone[29]='bone_L-hand.mesh' parent[22] R=49.4 exactJoint=0.00u pairs=30  (palette-wide exactWorst=0.00u)
[HANDS_ATTACH] mesh='hands_naked.mesh' owner='hands_naked.mesh' frame=4667 nb=40 wext=54.8 rebound=1
  TIER1 rest-coherence: worst=42.6deg bone[30]='bone_L-middlefinger03.mesh' count(>5deg)=36 freshRecap=0  xcheck(invOff-vs-restW) worst=42.6deg bone[30]
  TIER2 joint-attach(PRIMARY): worst=34.56u bone[4]='bone_R-middlefinger01.mesh' parent[1] R=38.2 exactJoint=0.00u pairs=36  (palette-wide exactWorst=0.04u)
[HANDS_ATTACH] mesh='hands_naked.mesh' owner='hands_naked.mesh' frame=4682 nb=38 wext=78.8 rebound=1
  TIER1 rest-coherence: worst=87.3deg bone[33]='bone_L-middlefinger03.mesh' count(>5deg)=34 freshRecap=0  xcheck(invOff-vs-restW) worst=87.3deg bone[33]
  TIER2 joint-attach(PRIMARY): worst=33.50u bone[2]='bone_R-pinky03.mesh' parent[18] R=47.1 exactJoint=0.00u pairs=30  (palette-wide exactWorst=0.33u)
[HANDS_ATTACH] mesh='hands_naked.mesh' owner='hands_naked.mesh' frame=4685 nb=38 wext=67.5 rebound=1
  TIER1 rest-coherence: worst=87.3deg bone[33]='bone_L-middlefinger03.mesh' count(>5deg)=34 freshRecap=0  xcheck(invOff-vs-restW) worst=87.3deg bone[33]
  TIER2 joint-attach(PRIMARY): worst=35.71u bone[29]='bone_L-hand.mesh' parent[22] R=49.4 exactJoint=0.00u pairs=30  (palette-wide exactWorst=0.00u)
[HANDS_ATTACH] mesh='hands_naked.mesh' owner='hands_naked.mesh' frame=4687 nb=40 wext=58.9 rebound=1
  TIER1 rest-coherence: worst=42.6deg bone[30]='bone_L-middlefinger03.mesh' count(>5deg)=36 freshRecap=0  xcheck(invOff-vs-restW) worst=42.6deg bone[30]
  TIER2 joint-attach(PRIMARY): worst=29.73u bone[4]='bone_R-middlefinger01.mesh' parent[1] R=38.2 exactJoint=0.00u pairs=36  (palette-wide exactWorst=0.04u)
[HANDS_ATTACH] mesh='hands_naked.mesh' owner='hands_naked.mesh' frame=4702 nb=38 wext=79.0 rebound=1
  TIER1 rest-coherence: worst=87.3deg bone[33]='bone_L-middlefinger03.mesh' count(>5deg)=34 freshRecap=0  xcheck(invOff-vs-restW) worst=87.3deg bone[33]
  TIER2 joint-attach(PRIMARY): worst=33.50u bone[2]='bone_R-pinky03.mesh' parent[18] R=47.1 exactJoint=0.00u pairs=30  (palette-wide exactWorst=0.33u)
[HANDS_ATTACH] mesh='hands_naked.mesh' owner='hands_naked.mesh' frame=4705 nb=38 wext=61.0 rebound=1
  TIER1 rest-coherence: worst=87.3deg bone[33]='bone_L-middlefinger03.mesh' count(>5deg)=34 freshRecap=0  xcheck(invOff-vs-restW) worst=87.3deg bone[33]
  TIER2 joint-attach(PRIMARY): worst=31.66u bone[33]='bone_L-middlefinger03.mesh' parent[26] R=47.0 exactJoint=0.00u pairs=30  (palette-wide exactWorst=0.00u)
[HANDS_ATTACH] mesh='hands_naked.mesh' owner='hands_naked.mesh' frame=4707 nb=40 wext=57.8 rebound=1
  TIER1 rest-coherence: worst=42.6deg bone[30]='bone_L-middlefinger03.mesh' count(>5deg)=36 freshRecap=0  xcheck(invOff-vs-restW) worst=42.6deg bone[30]
  TIER2 joint-attach(PRIMARY): worst=22.92u bone[32]='bone_L-thumb01.mesh' parent[20] R=38.3 exactJoint=0.00u pairs=36  (palette-wide exactWorst=0.04u)
[HANDS_ATTACH] mesh='hands_naked.mesh' owner='hands_naked.mesh' frame=4722 nb=38 wext=76.1 rebound=1
  TIER1 rest-coherence: worst=87.3deg bone[33]='bone_L-middlefinger03.mesh' count(>5deg)=34 freshRecap=0  xcheck(invOff-vs-restW) worst=87.3deg bone[33]
  TIER2 joint-attach(PRIMARY): worst=33.50u bone[2]='bone_R-pinky03.mesh' parent[18] R=47.1 exactJoint=0.00u pairs=30  (palette-wide exactWorst=0.33u)
[HANDS_ATTACH] mesh='hands_naked.mesh' owner='hands_naked.mesh' frame=4725 nb=38 wext=55.1 rebound=1
  TIER1 rest-coherence: worst=87.3deg bone[33]='bone_L-middlefinger03.mesh' count(>5deg)=34 freshRecap=0  xcheck(invOff-vs-restW) worst=87.3deg bone[33]
  TIER2 joint-attach(PRIMARY): worst=57.30u bone[18]='bone_R-pinky02.mesh' parent[14] R=47.4 exactJoint=0.00u pairs=30  (palette-wide exactWorst=5.76u)
[HANDS_ATTACH] mesh='hands_naked.mesh' owner='hands_naked.mesh' frame=4727 nb=40 wext=56.6 rebound=1
  TIER1 rest-coherence: worst=42.6deg bone[30]='bone_L-middlefinger03.mesh' count(>5deg)=36 freshRecap=0  xcheck(invOff-vs-restW) worst=42.6deg bone[30]
  TIER2 joint-attach(PRIMARY): worst=28.47u bone[0]='bone_R-middlefinger02.mesh' parent[4] R=37.3 exactJoint=0.00u pairs=36  (palette-wide exactWorst=0.04u)
[HANDS_ATTACH] mesh='hands_naked.mesh' owner='hands_naked.mesh' frame=4742 nb=38 wext=74.7 rebound=1
  TIER1 rest-coherence: worst=87.3deg bone[33]='bone_L-middlefinger03.mesh' count(>5deg)=34 freshRecap=0  xcheck(invOff-vs-restW) worst=87.3deg bone[33]
  TIER2 joint-attach(PRIMARY): worst=34.96u bone[13]='bone_R-hand.mesh' parent[5] R=49.4 exactJoint=0.33u pairs=30  (palette-wide exactWorst=0.33u)
[HANDS_ATTACH] mesh='hands_naked.mesh' owner='hands_naked.mesh' frame=4745 nb=38 wext=55.0 rebound=1
  TIER1 rest-coherence: worst=87.3deg bone[33]='bone_L-middlefinger03.mesh' count(>5deg)=34 freshRecap=0  xcheck(invOff-vs-restW) worst=87.3deg bone[33]
  TIER2 joint-attach(PRIMARY): worst=71.02u bone[18]='bone_R-pinky02.mesh' parent[14] R=47.4 exactJoint=2.44u pairs=30  (palette-wide exactWorst=10.36u)
[HANDS_ATTACH] mesh='hands_naked.mesh' owner='hands_naked.mesh' frame=4747 nb=40 wext=53.2 rebound=1
  TIER1 rest-coherence: worst=42.6deg bone[30]='bone_L-middlefinger03.mesh' count(>5deg)=36 freshRecap=0  xcheck(invOff-vs-restW) worst=42.6deg bone[30]
  TIER2 joint-attach(PRIMARY): worst=79.78u bone[0]='bone_R-middlefinger02.mesh' parent[4] R=37.3 exactJoint=0.00u pairs=36  (palette-wide exactWorst=6.03u)
[HANDS_ATTACH] mesh='hands_naked.mesh' owner='hands_naked.mesh' frame=4762 nb=38 wext=76.0 rebound=1
  TIER1 rest-coherence: worst=87.3deg bone[33]='bone_L-middlefinger03.mesh' count(>5deg)=34 freshRecap=0  xcheck(invOff-vs-restW) worst=87.3deg bone[33]
  TIER2 joint-attach(PRIMARY): worst=33.53u bone[1]='bone_R-middlefinger01.mesh' parent[13] R=48.2 exactJoint=0.00u pairs=30  (palette-wide exactWorst=0.33u)
[HANDS_ATTACH] mesh='hands_naked.mesh' owner='hands_naked.mesh' frame=4765 nb=38 wext=56.1 rebound=1
  TIER1 rest-coherence: worst=87.3deg bone[33]='bone_L-middlefinger03.mesh' count(>5deg)=34 freshRecap=0  xcheck(invOff-vs-restW) worst=87.3deg bone[33]
  TIER2 joint-attach(PRIMARY): worst=71.02u bone[18]='bone_R-pinky02.mesh' parent[14] R=47.4 exactJoint=2.44u pairs=30  (palette-wide exactWorst=10.36u)
[HANDS_ATTACH] mesh='hands_naked.mesh' owner='hands_naked.mesh' frame=4767 nb=40 wext=54.5 rebound=1
  TIER1 rest-coherence: worst=42.6deg bone[30]='bone_L-middlefinger03.mesh' count(>5deg)=36 freshRecap=0  xcheck(invOff-vs-restW) worst=42.6deg bone[30]
  TIER2 joint-attach(PRIMARY): worst=28.86u bone[5]='bone_R-ringfinger02.mesh' parent[24] R=37.9 exactJoint=0.00u pairs=36  (palette-wide exactWorst=0.04u)
[HANDS_ATTACH] mesh='hands_naked.mesh' owner='hands_naked.mesh' frame=4782 nb=38 wext=76.0 rebound=1
  TIER1 rest-coherence: worst=87.3deg bone[33]='bone_L-middlefinger03.mesh' count(>5deg)=34 freshRecap=0  xcheck(invOff-vs-restW) worst=87.3deg bone[33]
  TIER2 joint-attach(PRIMARY): worst=33.55u bone[1]='bone_R-middlefinger01.mesh' parent[13] R=48.2 exactJoint=0.00u pairs=30  (palette-wide exactWorst=0.33u)
[HANDS_ATTACH] mesh='hands_naked.mesh' owner='hands_naked.mesh' frame=4785 nb=38 wext=64.3 rebound=1
  TIER1 rest-coherence: worst=87.3deg bone[33]='bone_L-middlefinger03.mesh' count(>5deg)=34 freshRecap=0  xcheck(invOff-vs-restW) worst=87.3deg bone[33]
  TIER2 joint-attach(PRIMARY): worst=71.02u bone[18]='bone_R-pinky02.mesh' parent[14] R=47.4 exactJoint=2.44u pairs=30  (palette-wide exactWorst=10.36u)
[HANDS_ATTACH] mesh='hands_naked.mesh' owner='hands_naked.mesh' frame=4787 nb=40 wext=46.4 rebound=1
  TIER1 rest-coherence: worst=42.6deg bone[30]='bone_L-middlefinger03.mesh' count(>5deg)=36 freshRecap=0  xcheck(invOff-vs-restW) worst=42.6deg bone[30]
  TIER2 joint-attach(PRIMARY): worst=22.92u bone[32]='bone_L-thumb01.mesh' parent[20] R=38.3 exactJoint=0.00u pairs=36  (palette-wide exactWorst=0.04u)
[HANDS_ATTACH] mesh='hands_naked.mesh' owner='hands_naked.mesh' frame=4802 nb=38 wext=80.5 rebound=1
  TIER1 rest-coherence: worst=87.3deg bone[33]='bone_L-middlefinger03.mesh' count(>5deg)=34 freshRecap=0  xcheck(invOff-vs-restW) worst=87.3deg bone[33]
  TIER2 joint-attach(PRIMARY): worst=33.56u bone[1]='bone_R-middlefinger01.mesh' parent[13] R=48.2 exactJoint=0.00u pairs=30  (palette-wide exactWorst=5.52u)
[HANDS_ATTACH] mesh='hands_naked.mesh' owner='hands_naked.mesh' frame=4805 nb=38 wext=62.0 rebound=1
  TIER1 rest-coherence: worst=87.3deg bone[33]='bone_L-middlefinger03.mesh' count(>5deg)=34 freshRecap=0  xcheck(invOff-vs-restW) worst=87.3deg bone[33]
  TIER2 joint-attach(PRIMARY): worst=71.02u bone[18]='bone_R-pinky02.mesh' parent[14] R=47.4 exactJoint=2.44u pairs=30  (palette-wide exactWorst=10.36u)
[HANDS_ATTACH] mesh='hands_naked.mesh' owner='hands_naked.mesh' frame=4807 nb=40 wext=47.3 rebound=1
  TIER1 rest-coherence: worst=42.6deg bone[30]='bone_L-middlefinger03.mesh' count(>5deg)=36 freshRecap=0  xcheck(invOff-vs-restW) worst=42.6deg bone[30]
  TIER2 joint-attach(PRIMARY): worst=22.97u bone[4]='bone_R-middlefinger01.mesh' parent[1] R=38.2 exactJoint=0.00u pairs=36  (palette-wide exactWorst=0.04u)
[HANDS_ATTACH] mesh='hands_naked.mesh' owner='hands_naked.mesh' frame=4822 nb=38 wext=67.3 rebound=1
  TIER1 rest-coherence: worst=87.3deg bone[33]='bone_L-middlefinger03.mesh' count(>5deg)=34 freshRecap=0  xcheck(invOff-vs-restW) worst=87.3deg bone[33]
  TIER2 joint-attach(PRIMARY): worst=33.54u bone[1]='bone_R-middlefinger01.mesh' parent[13] R=48.2 exactJoint=0.00u pairs=30  (palette-wide exactWorst=0.33u)
[HANDS_ATTACH] mesh='hands_naked.mesh' owner='hands_naked.mesh' frame=4825 nb=38 wext=73.4 rebound=1
  TIER1 rest-coherence: worst=87.3deg bone[33]='bone_L-middlefinger03.mesh' count(>5deg)=34 freshRecap=0  xcheck(invOff-vs-restW) worst=87.3deg bone[33]
  TIER2 joint-attach(PRIMARY): worst=66.80u bone[18]='bone_R-pinky02.mesh' parent[14] R=47.4 exactJoint=0.00u pairs=30  (palette-wide exactWorst=8.42u)
[HANDS_ATTACH] mesh='hands_naked.mesh' owner='hands_naked.mesh' frame=4827 nb=40 wext=46.9 rebound=1
  TIER1 rest-coherence: worst=42.6deg bone[30]='bone_L-middlefinger03.mesh' count(>5deg)=36 freshRecap=0  xcheck(invOff-vs-restW) worst=42.6deg bone[30]
  TIER2 joint-attach(PRIMARY): worst=82.54u bone[0]='bone_R-middlefinger02.mesh' parent[4] R=37.3 exactJoint=0.10u pairs=36  (palette-wide exactWorst=6.37u)
[HANDS_ATTACH] mesh='hands_naked.mesh' owner='hands_naked.mesh' frame=4842 nb=38 wext=60.2 rebound=1
  TIER1 rest-coherence: worst=87.3deg bone[33]='bone_L-middlefinger03.mesh' count(>5deg)=34 freshRecap=0  xcheck(invOff-vs-restW) worst=87.3deg bone[33]
  TIER2 joint-attach(PRIMARY): worst=33.52u bone[1]='bone_R-middlefinger01.mesh' parent[13] R=48.2 exactJoint=0.00u pairs=30  (palette-wide exactWorst=0.33u)
[HANDS_ATTACH] mesh='hands_naked.mesh' owner='hands_naked.mesh' frame=4845 nb=38 wext=73.8 rebound=1
  TIER1 rest-coherence: worst=87.3deg bone[33]='bone_L-middlefinger03.mesh' count(>5deg)=34 freshRecap=0  xcheck(invOff-vs-restW) worst=87.3deg bone[33]
  TIER2 joint-attach(PRIMARY): worst=37.99u bone[13]='bone_R-hand.mesh' parent[5] R=49.4 exactJoint=0.00u pairs=30  (palette-wide exactWorst=0.00u)
[HANDS_ATTACH] mesh='hands_naked.mesh' owner='hands_naked.mesh' frame=4847 nb=40 wext=51.9 rebound=1
  TIER1 rest-coherence: worst=42.6deg bone[30]='bone_L-middlefinger03.mesh' count(>5deg)=36 freshRecap=0  xcheck(invOff-vs-restW) worst=42.6deg bone[30]
  TIER2 joint-attach(PRIMARY): worst=36.81u bone[4]='bone_R-middlefinger01.mesh' parent[1] R=38.2 exactJoint=0.00u pairs=36  (palette-wide exactWorst=0.04u)
[HANDS_ATTACH] mesh='hands_naked.mesh' owner='hands_naked.mesh' frame=4862 nb=38 wext=73.2 rebound=1
  TIER1 rest-coherence: worst=87.3deg bone[33]='bone_L-middlefinger03.mesh' count(>5deg)=34 freshRecap=0  xcheck(invOff-vs-restW) worst=87.3deg bone[33]
  TIER2 joint-attach(PRIMARY): worst=33.50u bone[2]='bone_R-pinky03.mesh' parent[18] R=47.1 exactJoint=0.00u pairs=30  (palette-wide exactWorst=0.33u)
[HANDS_ATTACH] mesh='hands_naked.mesh' owner='hands_naked.mesh' frame=4865 nb=38 wext=89.0 rebound=1
  TIER1 rest-coherence: worst=87.3deg bone[33]='bone_L-middlefinger03.mesh' count(>5deg)=34 freshRecap=0  xcheck(invOff-vs-restW) worst=87.3deg bone[33]
  TIER2 joint-attach(PRIMARY): worst=47.58u bone[13]='bone_R-hand.mesh' parent[5] R=49.4 exactJoint=0.00u pairs=30  (palette-wide exactWorst=0.00u)
[HANDS_ATTACH] mesh='hands_naked.mesh' owner='hands_naked.mesh' frame=4867 nb=40 wext=46.2 rebound=1
  TIER1 rest-coherence: worst=42.6deg bone[30]='bone_L-middlefinger03.mesh' count(>5deg)=36 freshRecap=0  xcheck(invOff-vs-restW) worst=42.6deg bone[30]
  TIER2 joint-attach(PRIMARY): worst=30.95u bone[4]='bone_R-middlefinger01.mesh' parent[1] R=38.2 exactJoint=0.00u pairs=36  (palette-wide exactWorst=0.04u)
[HANDS_ATTACH] mesh='hands_naked.mesh' owner='hands_naked.mesh' frame=4879 nb=38 wext=79.3 rebound=1
  TIER1 rest-coherence: worst=87.3deg bone[33]='bone_L-middlefinger03.mesh' count(>5deg)=34 freshRecap=0  xcheck(invOff-vs-restW) worst=87.3deg bone[33]
  TIER2 joint-attach(PRIMARY): worst=43.61u bone[13]='bone_R-hand.mesh' parent[5] R=49.4 exactJoint=0.33u pairs=30  (palette-wide exactWorst=0.33u)
[HANDS_ATTACH] mesh='hands_naked.mesh' owner='hands_naked.mesh' frame=4881 nb=38 wext=87.3 rebound=1
  TIER1 rest-coherence: worst=87.3deg bone[33]='bone_L-middlefinger03.mesh' count(>5deg)=34 freshRecap=0  xcheck(invOff-vs-restW) worst=87.3deg bone[33]
  TIER2 joint-attach(PRIMARY): worst=52.49u bone[13]='bone_R-hand.mesh' parent[5] R=49.4 exactJoint=0.00u pairs=30  (palette-wide exactWorst=0.00u)
[HANDS_ATTACH] mesh='hands_naked.mesh' owner='hands_naked.mesh' frame=4882 nb=40 wext=44.7 rebound=1
  TIER1 rest-coherence: worst=42.6deg bone[30]='bone_L-middlefinger03.mesh' count(>5deg)=36 freshRecap=0  xcheck(invOff-vs-restW) worst=42.6deg bone[30]
  TIER2 joint-attach(PRIMARY): worst=28.80u bone[16]='bone_R-thumb01.mesh' parent[1] R=38.3 exactJoint=0.00u pairs=36  (palette-wide exactWorst=0.04u)
[HANDS_ATTACH] mesh='hands_naked.mesh' owner='hands_naked.mesh' frame=4889 nb=38 wext=71.9 rebound=1
  TIER1 rest-coherence: worst=87.3deg bone[33]='bone_L-middlefinger03.mesh' count(>5deg)=34 freshRecap=0  xcheck(invOff-vs-restW) worst=87.3deg bone[33]
  TIER2 joint-attach(PRIMARY): worst=32.62u bone[26]='bone_L-middlefinger02.mesh' parent[23] R=47.1 exactJoint=0.00u pairs=30  (palette-wide exactWorst=4.22u)
[HANDS_ATTACH] mesh='hands_naked.mesh' owner='hands_naked.mesh' frame=4891 nb=38 wext=84.9 rebound=1
  TIER1 rest-coherence: worst=87.3deg bone[33]='bone_L-middlefinger03.mesh' count(>5deg)=34 freshRecap=0  xcheck(invOff-vs-restW) worst=87.3deg bone[33]
  TIER2 joint-attach(PRIMARY): worst=64.01u bone[13]='bone_R-hand.mesh' parent[5] R=49.4 exactJoint=0.00u pairs=30  (palette-wide exactWorst=3.45u)
[HANDS_ATTACH] mesh='hands_naked.mesh' owner='hands_naked.mesh' frame=4892 nb=40 wext=44.2 rebound=1
  TIER1 rest-coherence: worst=42.6deg bone[30]='bone_L-middlefinger03.mesh' count(>5deg)=36 freshRecap=0  xcheck(invOff-vs-restW) worst=42.6deg bone[30]
  TIER2 joint-attach(PRIMARY): worst=42.54u bone[16]='bone_R-thumb01.mesh' parent[1] R=38.3 exactJoint=0.00u pairs=36  (palette-wide exactWorst=0.04u)
[HANDS_ATTACH] mesh='hands_naked.mesh' owner='hands_naked.mesh' frame=4899 nb=38 wext=72.6 rebound=1
  TIER1 rest-coherence: worst=87.3deg bone[33]='bone_L-middlefinger03.mesh' count(>5deg)=34 freshRecap=0  xcheck(invOff-vs-restW) worst=87.3deg bone[33]
  TIER2 joint-attach(PRIMARY): worst=32.19u bone[26]='bone_L-middlefinger02.mesh' parent[23] R=47.1 exactJoint=0.00u pairs=30  (palette-wide exactWorst=3.78u)
[HANDS_ATTACH] mesh='hands_naked.mesh' owner='hands_naked.mesh' frame=4901 nb=38 wext=80.4 rebound=1
  TIER1 rest-coherence: worst=87.3deg bone[33]='bone_L-middlefinger03.mesh' count(>5deg)=34 freshRecap=0  xcheck(invOff-vs-restW) worst=87.3deg bone[33]
  TIER2 joint-attach(PRIMARY): worst=68.89u bone[13]='bone_R-hand.mesh' parent[5] R=49.4 exactJoint=0.00u pairs=30  (palette-wide exactWorst=5.50u)
[HANDS_ATTACH] mesh='hands_naked.mesh' owner='hands_naked.mesh' frame=4902 nb=40 wext=44.2 rebound=1
  TIER1 rest-coherence: worst=42.6deg bone[30]='bone_L-middlefinger03.mesh' count(>5deg)=36 freshRecap=0  xcheck(invOff-vs-restW) worst=42.6deg bone[30]
  TIER2 joint-attach(PRIMARY): worst=52.25u bone[16]='bone_R-thumb01.mesh' parent[1] R=38.3 exactJoint=0.00u pairs=36  (palette-wide exactWorst=1.51u)
[HANDS_ATTACH] mesh='hands_naked.mesh' owner='hands_naked.mesh' frame=4909 nb=38 wext=74.5 rebound=1
  TIER1 rest-coherence: worst=87.3deg bone[33]='bone_L-middlefinger03.mesh' count(>5deg)=34 freshRecap=0  xcheck(invOff-vs-restW) worst=87.3deg bone[33]
  TIER2 joint-attach(PRIMARY): worst=29.98u bone[13]='bone_R-hand.mesh' parent[5] R=49.4 exactJoint=0.33u pairs=30  (palette-wide exactWorst=2.03u)
[HANDS_ATTACH] mesh='hands_naked.mesh' owner='hands_naked.mesh' frame=4911 nb=38 wext=85.3 rebound=1
  TIER1 rest-coherence: worst=87.3deg bone[33]='bone_L-middlefinger03.mesh' count(>5deg)=34 freshRecap=0  xcheck(invOff-vs-restW) worst=87.3deg bone[33]
  TIER2 joint-attach(PRIMARY): worst=47.69u bone[13]='bone_R-hand.mesh' parent[5] R=49.4 exactJoint=0.00u pairs=30  (palette-wide exactWorst=3.31u)
[HANDS_ATTACH] mesh='hands_naked.mesh' owner='hands_naked.mesh' frame=4912 nb=40 wext=46.0 rebound=1
  TIER1 rest-coherence: worst=42.6deg bone[30]='bone_L-middlefinger03.mesh' count(>5deg)=36 freshRecap=0  xcheck(invOff-vs-restW) worst=42.6deg bone[30]
  TIER2 joint-attach(PRIMARY): worst=51.93u bone[16]='bone_R-thumb01.mesh' parent[1] R=38.3 exactJoint=0.00u pairs=36  (palette-wide exactWorst=1.51u)
[HANDS_ATTACH] mesh='hands_naked.mesh' owner='hands_naked.mesh' frame=4919 nb=38 wext=78.0 rebound=1
  TIER1 rest-coherence: worst=87.3deg bone[33]='bone_L-middlefinger03.mesh' count(>5deg)=34 freshRecap=0  xcheck(invOff-vs-restW) worst=87.3deg bone[33]
  TIER2 joint-attach(PRIMARY): worst=35.87u bone[18]='bone_R-pinky02.mesh' parent[14] R=47.4 exactJoint=0.00u pairs=30  (palette-wide exactWorst=0.33u)
[HANDS_ATTACH] mesh='hands_naked.mesh' owner='hands_naked.mesh' frame=4921 nb=38 wext=73.8 rebound=1
  TIER1 rest-coherence: worst=87.3deg bone[33]='bone_L-middlefinger03.mesh' count(>5deg)=34 freshRecap=0  xcheck(invOff-vs-restW) worst=87.3deg bone[33]
  TIER2 joint-attach(PRIMARY): worst=56.45u bone[9]='bone_R-thumb01.mesh' parent[13] R=48.5 exactJoint=0.00u pairs=30  (palette-wide exactWorst=0.00u)
[HANDS_ATTACH] mesh='hands_naked.mesh' owner='hands_naked.mesh' frame=4922 nb=40 wext=49.2 rebound=1
  TIER1 rest-coherence: worst=42.6deg bone[30]='bone_L-middlefinger03.mesh' count(>5deg)=36 freshRecap=0  xcheck(invOff-vs-restW) worst=42.6deg bone[30]
  TIER2 joint-attach(PRIMARY): worst=43.00u bone[16]='bone_R-thumb01.mesh' parent[1] R=38.3 exactJoint=0.00u pairs=36  (palette-wide exactWorst=0.04u)
[HANDS_ATTACH] mesh='hands_naked.mesh' owner='hands_naked.mesh' frame=4929 nb=38 wext=71.3 rebound=1
  TIER1 rest-coherence: worst=87.3deg bone[33]='bone_L-middlefinger03.mesh' count(>5deg)=34 freshRecap=0  xcheck(invOff-vs-restW) worst=87.3deg bone[33]
  TIER2 joint-attach(PRIMARY): worst=35.83u bone[18]='bone_R-pinky02.mesh' parent[14] R=47.4 exactJoint=0.00u pairs=30  (palette-wide exactWorst=0.33u)
[HANDS_ATTACH] mesh='hands_naked.mesh' owner='hands_naked.mesh' frame=4931 nb=38 wext=59.7 rebound=1
  TIER1 rest-coherence: worst=87.3deg bone[33]='bone_L-middlefinger03.mesh' count(>5deg)=34 freshRecap=0  xcheck(invOff-vs-restW) worst=87.3deg bone[33]
  TIER2 joint-attach(PRIMARY): worst=47.77u bone[13]='bone_R-hand.mesh' parent[5] R=49.4 exactJoint=0.00u pairs=30  (palette-wide exactWorst=2.00u)
[HANDS_ATTACH] mesh='hands_naked.mesh' owner='hands_naked.mesh' frame=4932 nb=40 wext=58.7 rebound=1
  TIER1 rest-coherence: worst=42.6deg bone[30]='bone_L-middlefinger03.mesh' count(>5deg)=36 freshRecap=0  xcheck(invOff-vs-restW) worst=42.6deg bone[30]
  TIER2 joint-attach(PRIMARY): worst=30.79u bone[16]='bone_R-thumb01.mesh' parent[1] R=38.3 exactJoint=0.00u pairs=36  (palette-wide exactWorst=0.04u)
[HANDS_ATTACH] mesh='hands_naked.mesh' owner='hands_naked.mesh' frame=4939 nb=38 wext=70.9 rebound=1
  TIER1 rest-coherence: worst=87.3deg bone[33]='bone_L-middlefinger03.mesh' count(>5deg)=34 freshRecap=0  xcheck(invOff-vs-restW) worst=87.3deg bone[33]
  TIER2 joint-attach(PRIMARY): worst=39.28u bone[29]='bone_L-hand.mesh' parent[22] R=49.4 exactJoint=0.14u pairs=30  (palette-wide exactWorst=1.61u)
[HANDS_ATTACH] mesh='hands_naked.mesh' owner='hands_naked.mesh' frame=4941 nb=38 wext=60.9 rebound=1
  TIER1 rest-coherence: worst=87.3deg bone[33]='bone_L-middlefinger03.mesh' count(>5deg)=34 freshRecap=0  xcheck(invOff-vs-restW) worst=87.3deg bone[33]
  TIER2 joint-attach(PRIMARY): worst=71.02u bone[18]='bone_R-pinky02.mesh' parent[14] R=47.4 exactJoint=2.44u pairs=30  (palette-wide exactWorst=10.36u)
[HANDS_ATTACH] mesh='hands_naked.mesh' owner='hands_naked.mesh' frame=4942 nb=40 wext=63.2 rebound=1
  TIER1 rest-coherence: worst=42.6deg bone[30]='bone_L-middlefinger03.mesh' count(>5deg)=36 freshRecap=0  xcheck(invOff-vs-restW) worst=42.6deg bone[30]
  TIER2 joint-attach(PRIMARY): worst=30.74u bone[4]='bone_R-middlefinger01.mesh' parent[1] R=38.2 exactJoint=0.00u pairs=36  (palette-wide exactWorst=0.04u)
[HANDS_ATTACH] mesh='hands_naked.mesh' owner='hands_naked.mesh' frame=4949 nb=38 wext=72.2 rebound=1
  TIER1 rest-coherence: worst=87.3deg bone[33]='bone_L-middlefinger03.mesh' count(>5deg)=34 freshRecap=0  xcheck(invOff-vs-restW) worst=87.3deg bone[33]
  TIER2 joint-attach(PRIMARY): worst=48.57u bone[13]='bone_R-hand.mesh' parent[5] R=49.4 exactJoint=0.33u pairs=30  (palette-wide exactWorst=4.53u)
[HANDS_ATTACH] mesh='hands_naked.mesh' owner='hands_naked.mesh' frame=4951 nb=38 wext=62.8 rebound=1
  TIER1 rest-coherence: worst=87.3deg bone[33]='bone_L-middlefinger03.mesh' count(>5deg)=34 freshRecap=0  xcheck(invOff-vs-restW) worst=87.3deg bone[33]
  TIER2 joint-attach(PRIMARY): worst=71.02u bone[18]='bone_R-pinky02.mesh' parent[14] R=47.4 exactJoint=2.44u pairs=30  (palette-wide exactWorst=10.36u)
[HANDS_ATTACH] mesh='hands_naked.mesh' owner='hands_naked.mesh' frame=4952 nb=40 wext=63.9 rebound=1
  TIER1 rest-coherence: worst=42.6deg bone[30]='bone_L-middlefinger03.mesh' count(>5deg)=36 freshRecap=0  xcheck(invOff-vs-restW) worst=42.6deg bone[30]
  TIER2 joint-attach(PRIMARY): worst=33.39u bone[4]='bone_R-middlefinger01.mesh' parent[1] R=38.2 exactJoint=0.00u pairs=36  (palette-wide exactWorst=0.04u)
[HANDS_ATTACH] mesh='hands_naked.mesh' owner='hands_naked.mesh' frame=4959 nb=38 wext=82.0 rebound=1
  TIER1 rest-coherence: worst=87.3deg bone[33]='bone_L-middlefinger03.mesh' count(>5deg)=34 freshRecap=0  xcheck(invOff-vs-restW) worst=87.3deg bone[33]
  TIER2 joint-attach(PRIMARY): worst=38.63u bone[13]='bone_R-hand.mesh' parent[5] R=49.4 exactJoint=0.33u pairs=30  (palette-wide exactWorst=4.73u)
[HANDS_ATTACH] mesh='hands_naked.mesh' owner='hands_naked.mesh' frame=4961 nb=38 wext=62.3 rebound=1
  TIER1 rest-coherence: worst=87.3deg bone[33]='bone_L-middlefinger03.mesh' count(>5deg)=34 freshRecap=0  xcheck(invOff-vs-restW) worst=87.3deg bone[33]
  TIER2 joint-attach(PRIMARY): worst=71.02u bone[18]='bone_R-pinky02.mesh' parent[14] R=47.4 exactJoint=2.44u pairs=30  (palette-wide exactWorst=10.36u)
[HANDS_ATTACH] mesh='hands_naked.mesh' owner='hands_naked.mesh' frame=4962 nb=40 wext=64.2 rebound=1
  TIER1 rest-coherence: worst=42.6deg bone[30]='bone_L-middlefinger03.mesh' count(>5deg)=36 freshRecap=0  xcheck(invOff-vs-restW) worst=42.6deg bone[30]
  TIER2 joint-attach(PRIMARY): worst=34.34u bone[4]='bone_R-middlefinger01.mesh' parent[1] R=38.2 exactJoint=0.00u pairs=36  (palette-wide exactWorst=0.04u)
[HANDS_ATTACH] mesh='hands_naked.mesh' owner='hands_naked.mesh' frame=4969 nb=38 wext=81.9 rebound=1
  TIER1 rest-coherence: worst=87.3deg bone[33]='bone_L-middlefinger03.mesh' count(>5deg)=34 freshRecap=0  xcheck(invOff-vs-restW) worst=87.3deg bone[33]
  TIER2 joint-attach(PRIMARY): worst=35.85u bone[18]='bone_R-pinky02.mesh' parent[14] R=47.4 exactJoint=0.00u pairs=30  (palette-wide exactWorst=4.78u)
[HANDS_ATTACH] mesh='hands_naked.mesh' owner='hands_naked.mesh' frame=4971 nb=38 wext=58.0 rebound=1
  TIER1 rest-coherence: worst=87.3deg bone[33]='bone_L-middlefinger03.mesh' count(>5deg)=34 freshRecap=0  xcheck(invOff-vs-restW) worst=87.3deg bone[33]
  TIER2 joint-attach(PRIMARY): worst=71.02u bone[18]='bone_R-pinky02.mesh' parent[14] R=47.4 exactJoint=2.44u pairs=30  (palette-wide exactWorst=10.36u)
[HANDS_ATTACH] mesh='hands_naked.mesh' owner='hands_naked.mesh' frame=4972 nb=40 wext=62.7 rebound=1
  TIER1 rest-coherence: worst=42.6deg bone[30]='bone_L-middlefinger03.mesh' count(>5deg)=36 freshRecap=0  xcheck(invOff-vs-restW) worst=42.6deg bone[30]
  TIER2 joint-attach(PRIMARY): worst=34.46u bone[4]='bone_R-middlefinger01.mesh' parent[1] R=38.2 exactJoint=0.00u pairs=36  (palette-wide exactWorst=0.04u)
[HANDS_ATTACH] mesh='hands_naked.mesh' owner='hands_naked.mesh' frame=4979 nb=38 wext=79.9 rebound=1
  TIER1 rest-coherence: worst=87.3deg bone[33]='bone_L-middlefinger03.mesh' count(>5deg)=34 freshRecap=0  xcheck(invOff-vs-restW) worst=87.3deg bone[33]
  TIER2 joint-attach(PRIMARY): worst=86.55u bone[13]='bone_R-hand.mesh' parent[5] R=49.4 exactJoint=0.33u pairs=30  (palette-wide exactWorst=4.77u)
[HANDS_ATTACH] mesh='hands_naked.mesh' owner='hands_naked.mesh' frame=4981 nb=38 wext=69.5 rebound=1
  TIER1 rest-coherence: worst=87.3deg bone[33]='bone_L-middlefinger03.mesh' count(>5deg)=34 freshRecap=0  xcheck(invOff-vs-restW) worst=87.3deg bone[33]
  TIER2 joint-attach(PRIMARY): worst=66.73u bone[18]='bone_R-pinky02.mesh' parent[14] R=47.4 exactJoint=0.00u pairs=30  (palette-wide exactWorst=7.36u)
[HANDS_ATTACH] mesh='hands_naked.mesh' owner='hands_naked.mesh' frame=4982 nb=40 wext=57.9 rebound=1
  TIER1 rest-coherence: worst=42.6deg bone[30]='bone_L-middlefinger03.mesh' count(>5deg)=36 freshRecap=0  xcheck(invOff-vs-restW) worst=42.6deg bone[30]
  TIER2 joint-attach(PRIMARY): worst=34.11u bone[4]='bone_R-middlefinger01.mesh' parent[1] R=38.2 exactJoint=0.00u pairs=36  (palette-wide exactWorst=0.04u)
[HANDS_ATTACH] mesh='hands_naked.mesh' owner='hands_naked.mesh' frame=4989 nb=38 wext=93.5 rebound=1
  TIER1 rest-coherence: worst=87.3deg bone[33]='bone_L-middlefinger03.mesh' count(>5deg)=34 freshRecap=0  xcheck(invOff-vs-restW) worst=87.3deg bone[33]
  TIER2 joint-attach(PRIMARY): worst=35.92u bone[18]='bone_R-pinky02.mesh' parent[14] R=47.4 exactJoint=0.00u pairs=30  (palette-wide exactWorst=4.79u)
[HANDS_ATTACH] mesh='hands_naked.mesh' owner='hands_naked.mesh' frame=4991 nb=38 wext=83.3 rebound=1
  TIER1 rest-coherence: worst=87.3deg bone[33]='bone_L-middlefinger03.mesh' count(>5deg)=34 freshRecap=0  xcheck(invOff-vs-restW) worst=87.3deg bone[33]
  TIER2 joint-attach(PRIMARY): worst=65.61u bone[29]='bone_L-hand.mesh' parent[22] R=49.4 exactJoint=0.00u pairs=30  (palette-wide exactWorst=0.00u)
[HANDS_ATTACH] mesh='hands_naked.mesh' owner='hands_naked.mesh' frame=4992 nb=40 wext=53.3 rebound=1
  TIER1 rest-coherence: worst=42.6deg bone[30]='bone_L-middlefinger03.mesh' count(>5deg)=36 freshRecap=0  xcheck(invOff-vs-restW) worst=42.6deg bone[30]
  TIER2 joint-attach(PRIMARY): worst=33.63u bone[4]='bone_R-middlefinger01.mesh' parent[1] R=38.2 exactJoint=0.00u pairs=36  (palette-wide exactWorst=0.04u)
[HANDS_ATTACH] mesh='hands_naked.mesh' owner='hands_naked.mesh' frame=4999 nb=38 wext=92.8 rebound=1
  TIER1 rest-coherence: worst=87.3deg bone[33]='bone_L-middlefinger03.mesh' count(>5deg)=34 freshRecap=0  xcheck(invOff-vs-restW) worst=87.3deg bone[33]
  TIER2 joint-attach(PRIMARY): worst=50.75u bone[13]='bone_R-hand.mesh' parent[5] R=49.4 exactJoint=0.33u pairs=30  (palette-wide exactWorst=4.80u)
[HANDS_ATTACH] mesh='hands_naked.mesh' owner='hands_naked.mesh' frame=5001 nb=38 wext=72.7 rebound=1
  TIER1 rest-coherence: worst=87.3deg bone[33]='bone_L-middlefinger03.mesh' count(>5deg)=34 freshRecap=0  xcheck(invOff-vs-restW) worst=87.3deg bone[33]
  TIER2 joint-attach(PRIMARY): worst=68.41u bone[29]='bone_L-hand.mesh' parent[22] R=49.4 exactJoint=0.00u pairs=30  (palette-wide exactWorst=0.00u)
[HANDS_ATTACH] mesh='hands_naked.mesh' owner='hands_naked.mesh' frame=5002 nb=40 wext=51.2 rebound=1
  TIER1 rest-coherence: worst=42.6deg bone[30]='bone_L-middlefinger03.mesh' count(>5deg)=36 freshRecap=0  xcheck(invOff-vs-restW) worst=42.6deg bone[30]
  TIER2 joint-attach(PRIMARY): worst=33.43u bone[4]='bone_R-middlefinger01.mesh' parent[1] R=38.2 exactJoint=0.00u pairs=36  (palette-wide exactWorst=0.04u)
[HANDS_ATTACH] mesh='hands_naked.mesh' owner='hands_naked.mesh' frame=5009 nb=38 wext=90.6 rebound=1
  TIER1 rest-coherence: worst=87.3deg bone[33]='bone_L-middlefinger03.mesh' count(>5deg)=34 freshRecap=0  xcheck(invOff-vs-restW) worst=87.3deg bone[33]
  TIER2 joint-attach(PRIMARY): worst=35.92u bone[18]='bone_R-pinky02.mesh' parent[14] R=47.4 exactJoint=0.00u pairs=30  (palette-wide exactWorst=4.80u)
[HANDS_ATTACH] mesh='hands_naked.mesh' owner='hands_naked.mesh' frame=5011 nb=38 wext=63.3 rebound=1
  TIER1 rest-coherence: worst=87.3deg bone[33]='bone_L-middlefinger03.mesh' count(>5deg)=34 freshRecap=0  xcheck(invOff-vs-restW) worst=87.3deg bone[33]
  TIER2 joint-attach(PRIMARY): worst=56.55u bone[29]='bone_L-hand.mesh' parent[22] R=49.4 exactJoint=0.00u pairs=30  (palette-wide exactWorst=0.00u)
[HANDS_ATTACH] mesh='hands_naked.mesh' owner='hands_naked.mesh' frame=5012 nb=40 wext=52.1 rebound=1
  TIER1 rest-coherence: worst=42.6deg bone[30]='bone_L-middlefinger03.mesh' count(>5deg)=36 freshRecap=0  xcheck(invOff-vs-restW) worst=42.6deg bone[30]
  TIER2 joint-attach(PRIMARY): worst=33.47u bone[4]='bone_R-middlefinger01.mesh' parent[1] R=38.2 exactJoint=0.00u pairs=36  (palette-wide exactWorst=0.04u)
[HANDS_ATTACH] mesh='hands_naked.mesh' owner='hands_naked.mesh' frame=5019 nb=38 wext=89.8 rebound=1
  TIER1 rest-coherence: worst=87.3deg bone[33]='bone_L-middlefinger03.mesh' count(>5deg)=34 freshRecap=0  xcheck(invOff-vs-restW) worst=87.3deg bone[33]
  TIER2 joint-attach(PRIMARY): worst=35.92u bone[18]='bone_R-pinky02.mesh' parent[14] R=47.4 exactJoint=0.00u pairs=30  (palette-wide exactWorst=4.80u)
[HANDS_ATTACH] mesh='hands_naked.mesh' owner='hands_naked.mesh' frame=5021 nb=38 wext=68.3 rebound=1
  TIER1 rest-coherence: worst=87.3deg bone[33]='bone_L-middlefinger03.mesh' count(>5deg)=34 freshRecap=0  xcheck(invOff-vs-restW) worst=87.3deg bone[33]
  TIER2 joint-attach(PRIMARY): worst=58.12u bone[29]='bone_L-hand.mesh' parent[22] R=49.4 exactJoint=0.00u pairs=30  (palette-wide exactWorst=0.00u)
[HANDS_ATTACH] mesh='hands_naked.mesh' owner='hands_naked.mesh' frame=5022 nb=40 wext=54.1 rebound=1
  TIER1 rest-coherence: worst=42.6deg bone[30]='bone_L-middlefinger03.mesh' count(>5deg)=36 freshRecap=0  xcheck(invOff-vs-restW) worst=42.6deg bone[30]
  TIER2 joint-attach(PRIMARY): worst=33.63u bone[4]='bone_R-middlefinger01.mesh' parent[1] R=38.2 exactJoint=0.00u pairs=36  (palette-wide exactWorst=0.04u)
[HANDS_ATTACH] mesh='hands_naked.mesh' owner='hands_naked.mesh' frame=5029 nb=38 wext=90.2 rebound=1
  TIER1 rest-coherence: worst=87.3deg bone[33]='bone_L-middlefinger03.mesh' count(>5deg)=34 freshRecap=0  xcheck(invOff-vs-restW) worst=87.3deg bone[33]
  TIER2 joint-attach(PRIMARY): worst=40.75u bone[13]='bone_R-hand.mesh' parent[5] R=49.4 exactJoint=0.33u pairs=30  (palette-wide exactWorst=4.78u)
[HANDS_ATTACH] mesh='hands_naked.mesh' owner='hands_naked.mesh' frame=5031 nb=38 wext=78.1 rebound=1
  TIER1 rest-coherence: worst=87.3deg bone[33]='bone_L-middlefinger03.mesh' count(>5deg)=34 freshRecap=0  xcheck(invOff-vs-restW) worst=87.3deg bone[33]
  TIER2 joint-attach(PRIMARY): worst=62.04u bone[29]='bone_L-hand.mesh' parent[22] R=49.4 exactJoint=0.00u pairs=30  (palette-wide exactWorst=0.00u)
[HANDS_ATTACH] mesh='hands_naked.mesh' owner='hands_naked.mesh' frame=5032 nb=40 wext=55.0 rebound=1
  TIER1 rest-coherence: worst=42.6deg bone[30]='bone_L-middlefinger03.mesh' count(>5deg)=36 freshRecap=0  xcheck(invOff-vs-restW) worst=42.6deg bone[30]
  TIER2 joint-attach(PRIMARY): worst=34.20u bone[4]='bone_R-middlefinger01.mesh' parent[1] R=38.2 exactJoint=0.00u pairs=36  (palette-wide exactWorst=0.04u)
[HANDS_ATTACH] mesh='hands_naked.mesh' owner='hands_naked.mesh' frame=5039 nb=38 wext=90.0 rebound=1
  TIER1 rest-coherence: worst=87.3deg bone[33]='bone_L-middlefinger03.mesh' count(>5deg)=34 freshRecap=0  xcheck(invOff-vs-restW) worst=87.3deg bone[33]
  TIER2 joint-attach(PRIMARY): worst=40.34u bone[13]='bone_R-hand.mesh' parent[5] R=49.4 exactJoint=0.33u pairs=30  (palette-wide exactWorst=4.78u)
[HANDS_ATTACH] mesh='hands_naked.mesh' owner='hands_naked.mesh' frame=5041 nb=38 wext=77.6 rebound=1
  TIER1 rest-coherence: worst=87.3deg bone[33]='bone_L-middlefinger03.mesh' count(>5deg)=34 freshRecap=0  xcheck(invOff-vs-restW) worst=87.3deg bone[33]
  TIER2 joint-attach(PRIMARY): worst=56.57u bone[29]='bone_L-hand.mesh' parent[22] R=49.4 exactJoint=0.00u pairs=30  (palette-wide exactWorst=0.00u)
[HANDS_ATTACH] mesh='hands_naked.mesh' owner='hands_naked.mesh' frame=5042 nb=40 wext=56.1 rebound=1
  TIER1 rest-coherence: worst=42.6deg bone[30]='bone_L-middlefinger03.mesh' count(>5deg)=36 freshRecap=0  xcheck(invOff-vs-restW) worst=42.6deg bone[30]
  TIER2 joint-attach(PRIMARY): worst=34.20u bone[4]='bone_R-middlefinger01.mesh' parent[1] R=38.2 exactJoint=0.00u pairs=36  (palette-wide exactWorst=0.04u)
[HANDS_ATTACH] mesh='hands_naked.mesh' owner='hands_naked.mesh' frame=5049 nb=38 wext=89.5 rebound=1
  TIER1 rest-coherence: worst=87.3deg bone[33]='bone_L-middlefinger03.mesh' count(>5deg)=34 freshRecap=0  xcheck(invOff-vs-restW) worst=87.3deg bone[33]
  TIER2 joint-attach(PRIMARY): worst=38.82u bone[13]='bone_R-hand.mesh' parent[5] R=49.4 exactJoint=0.33u pairs=30  (palette-wide exactWorst=4.78u)
[HANDS_ATTACH] mesh='hands_naked.mesh' owner='hands_naked.mesh' frame=5051 nb=38 wext=75.0 rebound=1
  TIER1 rest-coherence: worst=87.3deg bone[33]='bone_L-middlefinger03.mesh' count(>5deg)=34 freshRecap=0  xcheck(invOff-vs-restW) worst=87.3deg bone[33]
  TIER2 joint-attach(PRIMARY): worst=54.71u bone[29]='bone_L-hand.mesh' parent[22] R=49.4 exactJoint=0.00u pairs=30  (palette-wide exactWorst=0.00u)
[HANDS_ATTACH] mesh='hands_naked.mesh' owner='hands_naked.mesh' frame=5052 nb=40 wext=58.7 rebound=1
  TIER1 rest-coherence: worst=42.6deg bone[30]='bone_L-middlefinger03.mesh' count(>5deg)=36 freshRecap=0  xcheck(invOff-vs-restW) worst=42.6deg bone[30]
  TIER2 joint-attach(PRIMARY): worst=33.93u bone[4]='bone_R-middlefinger01.mesh' parent[1] R=38.2 exactJoint=0.00u pairs=36  (palette-wide exactWorst=0.04u)
[HANDS_ATTACH] mesh='hands_naked.mesh' owner='hands_naked.mesh' frame=5059 nb=38 wext=89.1 rebound=1
  TIER1 rest-coherence: worst=87.3deg bone[33]='bone_L-middlefinger03.mesh' count(>5deg)=34 freshRecap=0  xcheck(invOff-vs-restW) worst=87.3deg bone[33]
  TIER2 joint-attach(PRIMARY): worst=39.03u bone[13]='bone_R-hand.mesh' parent[5] R=49.4 exactJoint=0.33u pairs=30  (palette-wide exactWorst=4.78u)
[HANDS_ATTACH] mesh='hands_naked.mesh' owner='hands_naked.mesh' frame=5061 nb=38 wext=74.2 rebound=1
  TIER1 rest-coherence: worst=87.3deg bone[33]='bone_L-middlefinger03.mesh' count(>5deg)=34 freshRecap=0  xcheck(invOff-vs-restW) worst=87.3deg bone[33]
  TIER2 joint-attach(PRIMARY): worst=53.47u bone[29]='bone_L-hand.mesh' parent[22] R=49.4 exactJoint=0.00u pairs=30  (palette-wide exactWorst=0.00u)
[HANDS_ATTACH] mesh='hands_naked.mesh' owner='hands_naked.mesh' frame=5062 nb=40 wext=59.8 rebound=1
  TIER1 rest-coherence: worst=42.6deg bone[30]='bone_L-middlefinger03.mesh' count(>5deg)=36 freshRecap=0  xcheck(invOff-vs-restW) worst=42.6deg bone[30]
  TIER2 joint-attach(PRIMARY): worst=33.76u bone[4]='bone_R-middlefinger01.mesh' parent[1] R=38.2 exactJoint=0.00u pairs=36  (palette-wide exactWorst=0.04u)
[HANDS_ATTACH] mesh='hands_naked.mesh' owner='hands_naked.mesh' frame=5069 nb=38 wext=90.2 rebound=1
  TIER1 rest-coherence: worst=87.3deg bone[33]='bone_L-middlefinger03.mesh' count(>5deg)=34 freshRecap=0  xcheck(invOff-vs-restW) worst=87.3deg bone[33]
  TIER2 joint-attach(PRIMARY): worst=42.53u bone[13]='bone_R-hand.mesh' parent[5] R=49.4 exactJoint=0.33u pairs=30  (palette-wide exactWorst=4.78u)
[HANDS_ATTACH] mesh='hands_naked.mesh' owner='hands_naked.mesh' frame=5071 nb=38 wext=71.3 rebound=1
  TIER1 rest-coherence: worst=87.3deg bone[33]='bone_L-middlefinger03.mesh' count(>5deg)=34 freshRecap=0  xcheck(invOff-vs-restW) worst=87.3deg bone[33]
  TIER2 joint-attach(PRIMARY): worst=48.35u bone[29]='bone_L-hand.mesh' parent[22] R=49.4 exactJoint=0.00u pairs=30  (palette-wide exactWorst=0.00u)
[HANDS_ATTACH] mesh='hands_naked.mesh' owner='hands_naked.mesh' frame=5072 nb=40 wext=58.8 rebound=1
  TIER1 rest-coherence: worst=42.6deg bone[30]='bone_L-middlefinger03.mesh' count(>5deg)=36 freshRecap=0  xcheck(invOff-vs-restW) worst=42.6deg bone[30]
  TIER2 joint-attach(PRIMARY): worst=33.70u bone[4]='bone_R-middlefinger01.mesh' parent[1] R=38.2 exactJoint=0.00u pairs=36  (palette-wide exactWorst=0.04u)
[HANDS_ATTACH] mesh='hands_naked.mesh' owner='hands_naked.mesh' frame=5079 nb=38 wext=89.0 rebound=1
  TIER1 rest-coherence: worst=87.3deg bone[33]='bone_L-middlefinger03.mesh' count(>5deg)=34 freshRecap=0  xcheck(invOff-vs-restW) worst=87.3deg bone[33]
  TIER2 joint-attach(PRIMARY): worst=51.78u bone[13]='bone_R-hand.mesh' parent[5] R=49.4 exactJoint=0.33u pairs=30  (palette-wide exactWorst=4.78u)
[HANDS_ATTACH] mesh='hands_naked.mesh' owner='hands_naked.mesh' frame=5081 nb=38 wext=72.7 rebound=1
  TIER1 rest-coherence: worst=87.3deg bone[33]='bone_L-middlefinger03.mesh' count(>5deg)=34 freshRecap=0  xcheck(invOff-vs-restW) worst=87.3deg bone[33]
  TIER2 joint-attach(PRIMARY): worst=47.78u bone[29]='bone_L-hand.mesh' parent[22] R=49.4 exactJoint=0.00u pairs=30  (palette-wide exactWorst=0.00u)
[HANDS_ATTACH] mesh='hands_naked.mesh' owner='hands_naked.mesh' frame=5082 nb=40 wext=57.0 rebound=1
  TIER1 rest-coherence: worst=42.6deg bone[30]='bone_L-middlefinger03.mesh' count(>5deg)=36 freshRecap=0  xcheck(invOff-vs-restW) worst=42.6deg bone[30]
  TIER2 joint-attach(PRIMARY): worst=33.66u bone[4]='bone_R-middlefinger01.mesh' parent[1] R=38.2 exactJoint=0.00u pairs=36  (palette-wide exactWorst=0.04u)
[HANDS_ATTACH] mesh='hands_naked.mesh' owner='hands_naked.mesh' frame=5089 nb=38 wext=88.6 rebound=1
  TIER1 rest-coherence: worst=87.3deg bone[33]='bone_L-middlefinger03.mesh' count(>5deg)=34 freshRecap=0  xcheck(invOff-vs-restW) worst=87.3deg bone[33]
  TIER2 joint-attach(PRIMARY): worst=52.05u bone[13]='bone_R-hand.mesh' parent[5] R=49.4 exactJoint=0.33u pairs=30  (palette-wide exactWorst=4.79u)
[HANDS_ATTACH] mesh='hands_naked.mesh' owner='hands_naked.mesh' frame=5091 nb=38 wext=68.8 rebound=1
  TIER1 rest-coherence: worst=87.3deg bone[33]='bone_L-middlefinger03.mesh' count(>5deg)=34 freshRecap=0  xcheck(invOff-vs-restW) worst=87.3deg bone[33]
  TIER2 joint-attach(PRIMARY): worst=34.02u bone[29]='bone_L-hand.mesh' parent[22] R=49.4 exactJoint=0.00u pairs=30  (palette-wide exactWorst=0.00u)
[HANDS_ATTACH] mesh='hands_naked.mesh' owner='hands_naked.mesh' frame=5092 nb=40 wext=52.6 rebound=1
  TIER1 rest-coherence: worst=42.6deg bone[30]='bone_L-middlefinger03.mesh' count(>5deg)=36 freshRecap=0  xcheck(invOff-vs-restW) worst=42.6deg bone[30]
  TIER2 joint-attach(PRIMARY): worst=30.62u bone[4]='bone_R-middlefinger01.mesh' parent[1] R=38.2 exactJoint=0.00u pairs=36  (palette-wide exactWorst=0.04u)
[HANDS_ATTACH] mesh='hands_naked.mesh' owner='hands_naked.mesh' frame=5099 nb=38 wext=88.1 rebound=1
  TIER1 rest-coherence: worst=87.3deg bone[33]='bone_L-middlefinger03.mesh' count(>5deg)=34 freshRecap=0  xcheck(invOff-vs-restW) worst=87.3deg bone[33]
  TIER2 joint-attach(PRIMARY): worst=53.95u bone[13]='bone_R-hand.mesh' parent[5] R=49.4 exactJoint=0.33u pairs=30  (palette-wide exactWorst=4.81u)
[HANDS_ATTACH] mesh='hands_naked.mesh' owner='hands_naked.mesh' frame=5101 nb=38 wext=65.0 rebound=1
  TIER1 rest-coherence: worst=87.3deg bone[33]='bone_L-middlefinger03.mesh' count(>5deg)=34 freshRecap=0  xcheck(invOff-vs-restW) worst=87.3deg bone[33]
  TIER2 joint-attach(PRIMARY): worst=31.66u bone[33]='bone_L-middlefinger03.mesh' parent[26] R=47.0 exactJoint=0.00u pairs=30  (palette-wide exactWorst=0.00u)
[HANDS_ATTACH] mesh='hands_naked.mesh' owner='hands_naked.mesh' frame=5102 nb=40 wext=60.1 rebound=1
  TIER1 rest-coherence: worst=42.6deg bone[30]='bone_L-middlefinger03.mesh' count(>5deg)=36 freshRecap=0  xcheck(invOff-vs-restW) worst=42.6deg bone[30]
  TIER2 joint-attach(PRIMARY): worst=18.62u bone[4]='bone_R-middlefinger01.mesh' parent[1] R=38.2 exactJoint=0.00u pairs=36  (palette-wide exactWorst=0.04u)
[HANDS_ATTACH] mesh='hands_naked.mesh' owner='hands_naked.mesh' frame=5109 nb=38 wext=89.5 rebound=1
  TIER1 rest-coherence: worst=87.3deg bone[33]='bone_L-middlefinger03.mesh' count(>5deg)=34 freshRecap=0  xcheck(invOff-vs-restW) worst=87.3deg bone[33]
  TIER2 joint-attach(PRIMARY): worst=56.50u bone[13]='bone_R-hand.mesh' parent[5] R=49.4 exactJoint=0.33u pairs=30  (palette-wide exactWorst=4.81u)
[HANDS_ATTACH] mesh='hands_naked.mesh' owner='hands_naked.mesh' frame=5111 nb=38 wext=58.4 rebound=1
  TIER1 rest-coherence: worst=87.3deg bone[33]='bone_L-middlefinger03.mesh' count(>5deg)=34 freshRecap=0  xcheck(invOff-vs-restW) worst=87.3deg bone[33]
  TIER2 joint-attach(PRIMARY): worst=38.98u bone[18]='bone_R-pinky02.mesh' parent[14] R=47.4 exactJoint=0.00u pairs=30  (palette-wide exactWorst=0.58u)
[HANDS_ATTACH] mesh='hands_naked.mesh' owner='hands_naked.mesh' frame=5112 nb=40 wext=62.7 rebound=1
  TIER1 rest-coherence: worst=42.6deg bone[30]='bone_L-middlefinger03.mesh' count(>5deg)=36 freshRecap=0  xcheck(invOff-vs-restW) worst=42.6deg bone[30]
  TIER2 joint-attach(PRIMARY): worst=16.33u bone[16]='bone_R-thumb01.mesh' parent[1] R=38.3 exactJoint=0.00u pairs=36  (palette-wide exactWorst=0.04u)
[HANDS_ATTACH] mesh='hands_naked.mesh' owner='hands_naked.mesh' frame=5119 nb=38 wext=91.0 rebound=1
  TIER1 rest-coherence: worst=87.3deg bone[33]='bone_L-middlefinger03.mesh' count(>5deg)=34 freshRecap=0  xcheck(invOff-vs-restW) worst=87.3deg bone[33]
  TIER2 joint-attach(PRIMARY): worst=57.76u bone[13]='bone_R-hand.mesh' parent[5] R=49.4 exactJoint=0.33u pairs=30  (palette-wide exactWorst=4.81u)
[HANDS_ATTACH] mesh='hands_naked.mesh' owner='hands_naked.mesh' frame=5121 nb=38 wext=61.4 rebound=1
  TIER1 rest-coherence: worst=87.3deg bone[33]='bone_L-middlefinger03.mesh' count(>5deg)=34 freshRecap=0  xcheck(invOff-vs-restW) worst=87.3deg bone[33]
  TIER2 joint-attach(PRIMARY): worst=71.02u bone[18]='bone_R-pinky02.mesh' parent[14] R=47.4 exactJoint=2.44u pairs=30  (palette-wide exactWorst=10.36u)
[HANDS_ATTACH] mesh='hands_naked.mesh' owner='hands_naked.mesh' frame=5122 nb=40 wext=46.9 rebound=1
  TIER1 rest-coherence: worst=42.6deg bone[30]='bone_L-middlefinger03.mesh' count(>5deg)=36 freshRecap=0  xcheck(invOff-vs-restW) worst=42.6deg bone[30]
  TIER2 joint-attach(PRIMARY): worst=50.26u bone[16]='bone_R-thumb01.mesh' parent[1] R=38.3 exactJoint=1.58u pairs=36  (palette-wide exactWorst=6.77u)
[HANDS_ATTACH] mesh='hands_naked.mesh' owner='hands_naked.mesh' frame=5129 nb=38 wext=65.3 rebound=1
  TIER1 rest-coherence: worst=87.3deg bone[33]='bone_L-middlefinger03.mesh' count(>5deg)=34 freshRecap=0  xcheck(invOff-vs-restW) worst=87.3deg bone[33]
  TIER2 joint-attach(PRIMARY): worst=70.24u bone[9]='bone_R-thumb01.mesh' parent[13] R=48.5 exactJoint=2.99u pairs=30  (palette-wide exactWorst=7.89u)
[HANDS_ATTACH] mesh='hands_naked.mesh' owner='hands_naked.mesh' frame=5131 nb=38 wext=60.0 rebound=1
  TIER1 rest-coherence: worst=87.3deg bone[33]='bone_L-middlefinger03.mesh' count(>5deg)=34 freshRecap=0  xcheck(invOff-vs-restW) worst=87.3deg bone[33]
  TIER2 joint-attach(PRIMARY): worst=71.02u bone[18]='bone_R-pinky02.mesh' parent[14] R=47.4 exactJoint=2.44u pairs=30  (palette-wide exactWorst=10.36u)
[HANDS_ATTACH] mesh='hands_naked.mesh' owner='hands_naked.mesh' frame=5132 nb=40 wext=47.9 rebound=1
  TIER1 rest-coherence: worst=42.6deg bone[30]='bone_L-middlefinger03.mesh' count(>5deg)=36 freshRecap=0  xcheck(invOff-vs-restW) worst=42.6deg bone[30]
  TIER2 joint-attach(PRIMARY): worst=50.26u bone[16]='bone_R-thumb01.mesh' parent[1] R=38.3 exactJoint=1.58u pairs=36  (palette-wide exactWorst=6.77u)
[HANDS_ATTACH] mesh='hands_naked.mesh' owner='hands_naked.mesh' frame=5139 nb=38 wext=59.8 rebound=1
  TIER1 rest-coherence: worst=87.3deg bone[33]='bone_L-middlefinger03.mesh' count(>5deg)=34 freshRecap=0  xcheck(invOff-vs-restW) worst=87.3deg bone[33]
  TIER2 joint-attach(PRIMARY): worst=70.24u bone[9]='bone_R-thumb01.mesh' parent[13] R=48.5 exactJoint=2.99u pairs=30  (palette-wide exactWorst=7.89u)
[HANDS_ATTACH] mesh='hands_naked.mesh' owner='hands_naked.mesh' frame=5141 nb=38 wext=58.3 rebound=1
  TIER1 rest-coherence: worst=87.3deg bone[33]='bone_L-middlefinger03.mesh' count(>5deg)=34 freshRecap=0  xcheck(invOff-vs-restW) worst=87.3deg bone[33]
  TIER2 joint-attach(PRIMARY): worst=71.02u bone[18]='bone_R-pinky02.mesh' parent[14] R=47.4 exactJoint=2.44u pairs=30  (palette-wide exactWorst=10.36u)
[HANDS_ATTACH] mesh='hands_naked.mesh' owner='hands_naked.mesh' frame=5142 nb=40 wext=47.5 rebound=1
  TIER1 rest-coherence: worst=42.6deg bone[30]='bone_L-middlefinger03.mesh' count(>5deg)=36 freshRecap=0  xcheck(invOff-vs-restW) worst=42.6deg bone[30]
  TIER2 joint-attach(PRIMARY): worst=50.26u bone[16]='bone_R-thumb01.mesh' parent[1] R=38.3 exactJoint=1.58u pairs=36  (palette-wide exactWorst=6.77u)
[HANDS_ATTACH] mesh='hands_naked.mesh' owner='hands_naked.mesh' frame=5149 nb=38 wext=70.2 rebound=1
  TIER1 rest-coherence: worst=87.3deg bone[33]='bone_L-middlefinger03.mesh' count(>5deg)=34 freshRecap=0  xcheck(invOff-vs-restW) worst=87.3deg bone[33]
  TIER2 joint-attach(PRIMARY): worst=70.24u bone[9]='bone_R-thumb01.mesh' parent[13] R=48.5 exactJoint=2.99u pairs=30  (palette-wide exactWorst=7.89u)
[HANDS_ATTACH] mesh='hands_naked.mesh' owner='hands_naked.mesh' frame=5151 nb=38 wext=57.0 rebound=1
  TIER1 rest-coherence: worst=87.3deg bone[33]='bone_L-middlefinger03.mesh' count(>5deg)=34 freshRecap=0  xcheck(invOff-vs-restW) worst=87.3deg bone[33]
  TIER2 joint-attach(PRIMARY): worst=71.02u bone[18]='bone_R-pinky02.mesh' parent[14] R=47.4 exactJoint=2.44u pairs=30  (palette-wide exactWorst=10.36u)
[HANDS_ATTACH] mesh='hands_naked.mesh' owner='hands_naked.mesh' frame=5152 nb=40 wext=47.1 rebound=1
  TIER1 rest-coherence: worst=42.6deg bone[30]='bone_L-middlefinger03.mesh' count(>5deg)=36 freshRecap=0  xcheck(invOff-vs-restW) worst=42.6deg bone[30]
  TIER2 joint-attach(PRIMARY): worst=50.26u bone[16]='bone_R-thumb01.mesh' parent[1] R=38.3 exactJoint=1.58u pairs=36  (palette-wide exactWorst=6.77u)
[HANDS_ATTACH] mesh='hands_naked.mesh' owner='hands_naked.mesh' frame=5159 nb=38 wext=81.2 rebound=1
  TIER1 rest-coherence: worst=87.3deg bone[33]='bone_L-middlefinger03.mesh' count(>5deg)=34 freshRecap=0  xcheck(invOff-vs-restW) worst=87.3deg bone[33]
  TIER2 joint-attach(PRIMARY): worst=70.24u bone[9]='bone_R-thumb01.mesh' parent[13] R=48.5 exactJoint=2.99u pairs=30  (palette-wide exactWorst=7.89u)
[HANDS_ATTACH] mesh='hands_naked.mesh' owner='hands_naked.mesh' frame=5161 nb=38 wext=57.6 rebound=1
  TIER1 rest-coherence: worst=87.3deg bone[33]='bone_L-middlefinger03.mesh' count(>5deg)=34 freshRecap=0  xcheck(invOff-vs-restW) worst=87.3deg bone[33]
  TIER2 joint-attach(PRIMARY): worst=71.02u bone[18]='bone_R-pinky02.mesh' parent[14] R=47.4 exactJoint=2.44u pairs=30  (palette-wide exactWorst=10.36u)
[HANDS_ATTACH] mesh='hands_naked.mesh' owner='hands_naked.mesh' frame=5162 nb=40 wext=45.9 rebound=1
  TIER1 rest-coherence: worst=42.6deg bone[30]='bone_L-middlefinger03.mesh' count(>5deg)=36 freshRecap=0  xcheck(invOff-vs-restW) worst=42.6deg bone[30]
  TIER2 joint-attach(PRIMARY): worst=50.26u bone[16]='bone_R-thumb01.mesh' parent[1] R=38.3 exactJoint=1.58u pairs=36  (palette-wide exactWorst=6.77u)
[HANDS_ATTACH] mesh='hands_naked.mesh' owner='hands_naked.mesh' frame=5169 nb=38 wext=77.1 rebound=1
  TIER1 rest-coherence: worst=87.3deg bone[33]='bone_L-middlefinger03.mesh' count(>5deg)=34 freshRecap=0  xcheck(invOff-vs-restW) worst=87.3deg bone[33]
  TIER2 joint-attach(PRIMARY): worst=70.24u bone[9]='bone_R-thumb01.mesh' parent[13] R=48.5 exactJoint=2.99u pairs=30  (palette-wide exactWorst=7.89u)
[HANDS_ATTACH] mesh='hands_naked.mesh' owner='hands_naked.mesh' frame=5171 nb=38 wext=63.1 rebound=1
  TIER1 rest-coherence: worst=87.3deg bone[33]='bone_L-middlefinger03.mesh' count(>5deg)=34 freshRecap=0  xcheck(invOff-vs-restW) worst=87.3deg bone[33]
  TIER2 joint-attach(PRIMARY): worst=71.02u bone[18]='bone_R-pinky02.mesh' parent[14] R=47.4 exactJoint=2.44u pairs=30  (palette-wide exactWorst=10.36u)
[HANDS_ATTACH] mesh='hands_naked.mesh' owner='hands_naked.mesh' frame=5172 nb=40 wext=48.4 rebound=1
  TIER1 rest-coherence: worst=42.6deg bone[30]='bone_L-middlefinger03.mesh' count(>5deg)=36 freshRecap=0  xcheck(invOff-vs-restW) worst=42.6deg bone[30]
  TIER2 joint-attach(PRIMARY): worst=50.26u bone[16]='bone_R-thumb01.mesh' parent[1] R=38.3 exactJoint=1.58u pairs=36  (palette-wide exactWorst=6.77u)
[HANDS_ATTACH] mesh='hands_naked.mesh' owner='hands_naked.mesh' frame=5179 nb=38 wext=69.1 rebound=1
  TIER1 rest-coherence: worst=87.3deg bone[33]='bone_L-middlefinger03.mesh' count(>5deg)=34 freshRecap=0  xcheck(invOff-vs-restW) worst=87.3deg bone[33]
  TIER2 joint-attach(PRIMARY): worst=70.24u bone[9]='bone_R-thumb01.mesh' parent[13] R=48.5 exactJoint=2.99u pairs=30  (palette-wide exactWorst=7.89u)
[HANDS_ATTACH] mesh='hands_naked.mesh' owner='hands_naked.mesh' frame=5181 nb=38 wext=91.1 rebound=1
  TIER1 rest-coherence: worst=87.3deg bone[33]='bone_L-middlefinger03.mesh' count(>5deg)=34 freshRecap=0  xcheck(invOff-vs-restW) worst=87.3deg bone[33]
  TIER2 joint-attach(PRIMARY): worst=62.57u bone[18]='bone_R-pinky02.mesh' parent[14] R=47.4 exactJoint=0.00u pairs=30  (palette-wide exactWorst=7.24u)
[HANDS_ATTACH] mesh='hands_naked.mesh' owner='hands_naked.mesh' frame=5182 nb=40 wext=47.2 rebound=1
  TIER1 rest-coherence: worst=42.6deg bone[30]='bone_L-middlefinger03.mesh' count(>5deg)=36 freshRecap=0  xcheck(invOff-vs-restW) worst=42.6deg bone[30]
  TIER2 joint-attach(PRIMARY): worst=50.26u bone[16]='bone_R-thumb01.mesh' parent[1] R=38.3 exactJoint=1.58u pairs=36  (palette-wide exactWorst=6.77u)
[HANDS_ATTACH] mesh='hands_naked.mesh' owner='hands_naked.mesh' frame=5189 nb=38 wext=74.2 rebound=1
  TIER1 rest-coherence: worst=87.3deg bone[33]='bone_L-middlefinger03.mesh' count(>5deg)=34 freshRecap=0  xcheck(invOff-vs-restW) worst=87.3deg bone[33]
  TIER2 joint-attach(PRIMARY): worst=70.24u bone[9]='bone_R-thumb01.mesh' parent[13] R=48.5 exactJoint=2.99u pairs=30  (palette-wide exactWorst=7.89u)
[HANDS_ATTACH] mesh='hands_naked.mesh' owner='hands_naked.mesh' frame=5191 nb=38 wext=87.3 rebound=1
  TIER1 rest-coherence: worst=87.3deg bone[33]='bone_L-middlefinger03.mesh' count(>5deg)=34 freshRecap=0  xcheck(invOff-vs-restW) worst=87.3deg bone[33]
  TIER2 joint-attach(PRIMARY): worst=35.67u bone[13]='bone_R-hand.mesh' parent[5] R=49.4 exactJoint=0.00u pairs=30  (palette-wide exactWorst=0.00u)
[HANDS_ATTACH] mesh='hands_naked.mesh' owner='hands_naked.mesh' frame=5192 nb=40 wext=47.8 rebound=1
  TIER1 rest-coherence: worst=42.6deg bone[30]='bone_L-middlefinger03.mesh' count(>5deg)=36 freshRecap=0  xcheck(invOff-vs-restW) worst=42.6deg bone[30]
  TIER2 joint-attach(PRIMARY): worst=50.26u bone[16]='bone_R-thumb01.mesh' parent[1] R=38.3 exactJoint=1.58u pairs=36  (palette-wide exactWorst=6.77u)
[HANDS_ATTACH] mesh='hands_naked.mesh' owner='hands_naked.mesh' frame=5199 nb=38 wext=71.0 rebound=1
  TIER1 rest-coherence: worst=87.3deg bone[33]='bone_L-middlefinger03.mesh' count(>5deg)=34 freshRecap=0  xcheck(invOff-vs-restW) worst=87.3deg bone[33]
  TIER2 joint-attach(PRIMARY): worst=70.24u bone[9]='bone_R-thumb01.mesh' parent[13] R=48.5 exactJoint=2.99u pairs=30  (palette-wide exactWorst=7.89u)
[HANDS_ATTACH] mesh='hands_naked.mesh' owner='hands_naked.mesh' frame=5201 nb=38 wext=70.2 rebound=1
  TIER1 rest-coherence: worst=87.3deg bone[33]='bone_L-middlefinger03.mesh' count(>5deg)=34 freshRecap=0  xcheck(invOff-vs-restW) worst=87.3deg bone[33]
  TIER2 joint-attach(PRIMARY): worst=46.00u bone[13]='bone_R-hand.mesh' parent[5] R=49.4 exactJoint=0.00u pairs=30  (palette-wide exactWorst=0.00u)
[HANDS_ATTACH] mesh='hands_naked.mesh' owner='hands_naked.mesh' frame=5202 nb=40 wext=49.9 rebound=1
  TIER1 rest-coherence: worst=42.6deg bone[30]='bone_L-middlefinger03.mesh' count(>5deg)=36 freshRecap=0  xcheck(invOff-vs-restW) worst=42.6deg bone[30]
  TIER2 joint-attach(PRIMARY): worst=50.26u bone[16]='bone_R-thumb01.mesh' parent[1] R=38.3 exactJoint=1.58u pairs=36  (palette-wide exactWorst=6.77u)
[HANDS_ATTACH] mesh='hands_naked.mesh' owner='hands_naked.mesh' frame=5209 nb=38 wext=68.1 rebound=1
  TIER1 rest-coherence: worst=87.3deg bone[33]='bone_L-middlefinger03.mesh' count(>5deg)=34 freshRecap=0  xcheck(invOff-vs-restW) worst=87.3deg bone[33]
  TIER2 joint-attach(PRIMARY): worst=70.24u bone[9]='bone_R-thumb01.mesh' parent[13] R=48.5 exactJoint=2.99u pairs=30  (palette-wide exactWorst=7.89u)
[HANDS_ATTACH] mesh='hands_naked.mesh' owner='hands_naked.mesh' frame=5211 nb=38 wext=70.9 rebound=1
  TIER1 rest-coherence: worst=87.3deg bone[33]='bone_L-middlefinger03.mesh' count(>5deg)=34 freshRecap=0  xcheck(invOff-vs-restW) worst=87.3deg bone[33]
  TIER2 joint-attach(PRIMARY): worst=47.57u bone[13]='bone_R-hand.mesh' parent[5] R=49.4 exactJoint=0.00u pairs=30  (palette-wide exactWorst=0.00u)
[HANDS_ATTACH] mesh='hands_naked.mesh' owner='hands_naked.mesh' frame=5212 nb=40 wext=49.2 rebound=1
  TIER1 rest-coherence: worst=42.6deg bone[30]='bone_L-middlefinger03.mesh' count(>5deg)=36 freshRecap=0  xcheck(invOff-vs-restW) worst=42.6deg bone[30]
  TIER2 joint-attach(PRIMARY): worst=50.26u bone[16]='bone_R-thumb01.mesh' parent[1] R=38.3 exactJoint=1.58u pairs=36  (palette-wide exactWorst=6.77u)
[HANDS_ATTACH] mesh='hands_naked.mesh' owner='hands_naked.mesh' frame=5219 nb=38 wext=66.2 rebound=1
  TIER1 rest-coherence: worst=87.3deg bone[33]='bone_L-middlefinger03.mesh' count(>5deg)=34 freshRecap=0  xcheck(invOff-vs-restW) worst=87.3deg bone[33]
  TIER2 joint-attach(PRIMARY): worst=70.24u bone[9]='bone_R-thumb01.mesh' parent[13] R=48.5 exactJoint=2.99u pairs=30  (palette-wide exactWorst=7.89u)
[HANDS_ATTACH] mesh='hands_naked.mesh' owner='hands_naked.mesh' frame=5221 nb=38 wext=65.9 rebound=1
  TIER1 rest-coherence: worst=87.3deg bone[33]='bone_L-middlefinger03.mesh' count(>5deg)=34 freshRecap=0  xcheck(invOff-vs-restW) worst=87.3deg bone[33]
  TIER2 joint-attach(PRIMARY): worst=51.89u bone[13]='bone_R-hand.mesh' parent[5] R=49.4 exactJoint=0.00u pairs=30  (palette-wide exactWorst=0.00u)
[HANDS_ATTACH] mesh='hands_naked.mesh' owner='hands_naked.mesh' frame=5222 nb=40 wext=48.0 rebound=1
  TIER1 rest-coherence: worst=42.6deg bone[30]='bone_L-middlefinger03.mesh' count(>5deg)=36 freshRecap=0  xcheck(invOff-vs-restW) worst=42.6deg bone[30]
  TIER2 joint-attach(PRIMARY): worst=50.26u bone[16]='bone_R-thumb01.mesh' parent[1] R=38.3 exactJoint=1.58u pairs=36  (palette-wide exactWorst=6.77u)
[HANDS_ATTACH] mesh='hands_naked.mesh' owner='hands_naked.mesh' frame=5229 nb=38 wext=68.7 rebound=1
  TIER1 rest-coherence: worst=87.3deg bone[33]='bone_L-middlefinger03.mesh' count(>5deg)=34 freshRecap=0  xcheck(invOff-vs-restW) worst=87.3deg bone[33]
  TIER2 joint-attach(PRIMARY): worst=70.24u bone[9]='bone_R-thumb01.mesh' parent[13] R=48.5 exactJoint=2.99u pairs=30  (palette-wide exactWorst=7.89u)
[HANDS_ATTACH] mesh='hands_naked.mesh' owner='hands_naked.mesh' frame=5231 nb=38 wext=82.5 rebound=1
  TIER1 rest-coherence: worst=87.3deg bone[33]='bone_L-middlefinger03.mesh' count(>5deg)=34 freshRecap=0  xcheck(invOff-vs-restW) worst=87.3deg bone[33]
  TIER2 joint-attach(PRIMARY): worst=61.82u bone[13]='bone_R-hand.mesh' parent[5] R=49.4 exactJoint=0.00u pairs=30  (palette-wide exactWorst=6.09u)
[HANDS_ATTACH] mesh='hands_naked.mesh' owner='hands_naked.mesh' frame=5232 nb=40 wext=48.7 rebound=1
  TIER1 rest-coherence: worst=42.6deg bone[30]='bone_L-middlefinger03.mesh' count(>5deg)=36 freshRecap=0  xcheck(invOff-vs-restW) worst=42.6deg bone[30]
  TIER2 joint-attach(PRIMARY): worst=50.26u bone[16]='bone_R-thumb01.mesh' parent[1] R=38.3 exactJoint=1.58u pairs=36  (palette-wide exactWorst=6.77u)
[HANDS_ATTACH] mesh='hands_naked.mesh' owner='hands_naked.mesh' frame=5239 nb=38 wext=72.6 rebound=1
  TIER1 rest-coherence: worst=87.3deg bone[33]='bone_L-middlefinger03.mesh' count(>5deg)=34 freshRecap=0  xcheck(invOff-vs-restW) worst=87.3deg bone[33]
  TIER2 joint-attach(PRIMARY): worst=70.24u bone[9]='bone_R-thumb01.mesh' parent[13] R=48.5 exactJoint=2.99u pairs=30  (palette-wide exactWorst=7.89u)
[HANDS_ATTACH] mesh='hands_naked.mesh' owner='hands_naked.mesh' frame=5241 nb=38 wext=82.3 rebound=1
  TIER1 rest-coherence: worst=87.3deg bone[33]='bone_L-middlefinger03.mesh' count(>5deg)=34 freshRecap=0  xcheck(invOff-vs-restW) worst=87.3deg bone[33]
  TIER2 joint-attach(PRIMARY): worst=69.86u bone[13]='bone_R-hand.mesh' parent[5] R=49.4 exactJoint=0.00u pairs=30  (palette-wide exactWorst=5.50u)
[HANDS_ATTACH] mesh='hands_naked.mesh' owner='hands_naked.mesh' frame=5242 nb=40 wext=50.2 rebound=1
  TIER1 rest-coherence: worst=42.6deg bone[30]='bone_L-middlefinger03.mesh' count(>5deg)=36 freshRecap=0  xcheck(invOff-vs-restW) worst=42.6deg bone[30]
  TIER2 joint-attach(PRIMARY): worst=50.26u bone[16]='bone_R-thumb01.mesh' parent[1] R=38.3 exactJoint=1.58u pairs=36  (palette-wide exactWorst=6.77u)
[HANDS_ATTACH] mesh='hands_naked.mesh' owner='hands_naked.mesh' frame=5249 nb=38 wext=69.4 rebound=1
  TIER1 rest-coherence: worst=87.3deg bone[33]='bone_L-middlefinger03.mesh' count(>5deg)=34 freshRecap=0  xcheck(invOff-vs-restW) worst=87.3deg bone[33]
  TIER2 joint-attach(PRIMARY): worst=70.24u bone[9]='bone_R-thumb01.mesh' parent[13] R=48.5 exactJoint=2.99u pairs=30  (palette-wide exactWorst=7.89u)
[HANDS_ATTACH] mesh='hands_naked.mesh' owner='hands_naked.mesh' frame=5251 nb=38 wext=85.0 rebound=1
  TIER1 rest-coherence: worst=87.3deg bone[33]='bone_L-middlefinger03.mesh' count(>5deg)=34 freshRecap=0  xcheck(invOff-vs-restW) worst=87.3deg bone[33]
  TIER2 joint-attach(PRIMARY): worst=63.76u bone[13]='bone_R-hand.mesh' parent[5] R=49.4 exactJoint=0.00u pairs=30  (palette-wide exactWorst=5.50u)
[HANDS_ATTACH] mesh='hands_naked.mesh' owner='hands_naked.mesh' frame=5252 nb=40 wext=49.8 rebound=1
  TIER1 rest-coherence: worst=42.6deg bone[30]='bone_L-middlefinger03.mesh' count(>5deg)=36 freshRecap=0  xcheck(invOff-vs-restW) worst=42.6deg bone[30]
  TIER2 joint-attach(PRIMARY): worst=50.26u bone[16]='bone_R-thumb01.mesh' parent[1] R=38.3 exactJoint=1.58u pairs=36  (palette-wide exactWorst=6.77u)
[HANDS_ATTACH] mesh='hands_naked.mesh' owner='hands_naked.mesh' frame=5259 nb=38 wext=72.1 rebound=1
  TIER1 rest-coherence: worst=87.3deg bone[33]='bone_L-middlefinger03.mesh' count(>5deg)=34 freshRecap=0  xcheck(invOff-vs-restW) worst=87.3deg bone[33]
  TIER2 joint-attach(PRIMARY): worst=70.24u bone[9]='bone_R-thumb01.mesh' parent[13] R=48.5 exactJoint=2.99u pairs=30  (palette-wide exactWorst=7.89u)
[HANDS_ATTACH] mesh='hands_naked.mesh' owner='hands_naked.mesh' frame=5261 nb=38 wext=84.9 rebound=1
  TIER1 rest-coherence: worst=87.3deg bone[33]='bone_L-middlefinger03.mesh' count(>5deg)=34 freshRecap=0  xcheck(invOff-vs-restW) worst=87.3deg bone[33]
  TIER2 joint-attach(PRIMARY): worst=46.56u bone[13]='bone_R-hand.mesh' parent[5] R=49.4 exactJoint=0.00u pairs=30  (palette-wide exactWorst=1.69u)
[HANDS_ATTACH] mesh='hands_naked.mesh' owner='hands_naked.mesh' frame=5262 nb=40 wext=48.1 rebound=1
  TIER1 rest-coherence: worst=42.6deg bone[30]='bone_L-middlefinger03.mesh' count(>5deg)=36 freshRecap=0  xcheck(invOff-vs-restW) worst=42.6deg bone[30]
  TIER2 joint-attach(PRIMARY): worst=50.26u bone[16]='bone_R-thumb01.mesh' parent[1] R=38.3 exactJoint=1.58u pairs=36  (palette-wide exactWorst=6.77u)
[HANDS_ATTACH] mesh='hands_naked.mesh' owner='hands_naked.mesh' frame=5269 nb=38 wext=63.7 rebound=1
  TIER1 rest-coherence: worst=87.3deg bone[33]='bone_L-middlefinger03.mesh' count(>5deg)=34 freshRecap=0  xcheck(invOff-vs-restW) worst=87.3deg bone[33]
  TIER2 joint-attach(PRIMARY): worst=70.24u bone[9]='bone_R-thumb01.mesh' parent[13] R=48.5 exactJoint=2.99u pairs=30  (palette-wide exactWorst=7.89u)
[HANDS_ATTACH] mesh='hands_naked.mesh' owner='hands_naked.mesh' frame=5271 nb=38 wext=56.4 rebound=1
  TIER1 rest-coherence: worst=87.3deg bone[33]='bone_L-middlefinger03.mesh' count(>5deg)=34 freshRecap=0  xcheck(invOff-vs-restW) worst=87.3deg bone[33]
  TIER2 joint-attach(PRIMARY): worst=55.43u bone[9]='bone_R-thumb01.mesh' parent[13] R=48.5 exactJoint=0.00u pairs=30  (palette-wide exactWorst=0.00u)
[HANDS_ATTACH] mesh='hands_naked.mesh' owner='hands_naked.mesh' frame=5272 nb=40 wext=47.1 rebound=1
  TIER1 rest-coherence: worst=42.6deg bone[30]='bone_L-middlefinger03.mesh' count(>5deg)=36 freshRecap=0  xcheck(invOff-vs-restW) worst=42.6deg bone[30]
  TIER2 joint-attach(PRIMARY): worst=50.26u bone[16]='bone_R-thumb01.mesh' parent[1] R=38.3 exactJoint=1.58u pairs=36  (palette-wide exactWorst=6.77u)
[HANDS_ATTACH] mesh='hands_naked.mesh' owner='hands_naked.mesh' frame=5279 nb=38 wext=57.5 rebound=1
  TIER1 rest-coherence: worst=87.3deg bone[33]='bone_L-middlefinger03.mesh' count(>5deg)=34 freshRecap=0  xcheck(invOff-vs-restW) worst=87.3deg bone[33]
  TIER2 joint-attach(PRIMARY): worst=70.24u bone[9]='bone_R-thumb01.mesh' parent[13] R=48.5 exactJoint=2.99u pairs=30  (palette-wide exactWorst=7.89u)
[HANDS_ATTACH] mesh='hands_naked.mesh' owner='hands_naked.mesh' frame=5281 nb=38 wext=65.0 rebound=1
  TIER1 rest-coherence: worst=87.3deg bone[33]='bone_L-middlefinger03.mesh' count(>5deg)=34 freshRecap=0  xcheck(invOff-vs-restW) worst=87.3deg bone[33]
  TIER2 joint-attach(PRIMARY): worst=53.09u bone[13]='bone_R-hand.mesh' parent[5] R=49.4 exactJoint=0.00u pairs=30  (palette-wide exactWorst=1.62u)
[HANDS_ATTACH] mesh='hands_naked.mesh' owner='hands_naked.mesh' frame=5282 nb=40 wext=48.0 rebound=1
  TIER1 rest-coherence: worst=42.6deg bone[30]='bone_L-middlefinger03.mesh' count(>5deg)=36 freshRecap=0  xcheck(invOff-vs-restW) worst=42.6deg bone[30]
  TIER2 joint-attach(PRIMARY): worst=50.26u bone[16]='bone_R-thumb01.mesh' parent[1] R=38.3 exactJoint=1.58u pairs=36  (palette-wide exactWorst=6.77u)
[HANDS_ATTACH] mesh='hands_naked.mesh' owner='hands_naked.mesh' frame=5289 nb=38 wext=63.2 rebound=1
  TIER1 rest-coherence: worst=87.3deg bone[33]='bone_L-middlefinger03.mesh' count(>5deg)=34 freshRecap=0  xcheck(invOff-vs-restW) worst=87.3deg bone[33]
  TIER2 joint-attach(PRIMARY): worst=70.24u bone[9]='bone_R-thumb01.mesh' parent[13] R=48.5 exactJoint=2.99u pairs=30  (palette-wide exactWorst=7.89u)
[HANDS_ATTACH] mesh='hands_naked.mesh' owner='hands_naked.mesh' frame=5291 nb=38 wext=83.3 rebound=1
  TIER1 rest-coherence: worst=87.3deg bone[33]='bone_L-middlefinger03.mesh' count(>5deg)=34 freshRecap=0  xcheck(invOff-vs-restW) worst=87.3deg bone[33]
  TIER2 joint-attach(PRIMARY): worst=63.70u bone[18]='bone_R-pinky02.mesh' parent[14] R=47.4 exactJoint=0.00u pairs=30  (palette-wide exactWorst=6.16u)
[HANDS_ATTACH] mesh='hands_naked.mesh' owner='hands_naked.mesh' frame=5292 nb=40 wext=48.2 rebound=1
  TIER1 rest-coherence: worst=42.6deg bone[30]='bone_L-middlefinger03.mesh' count(>5deg)=36 freshRecap=0  xcheck(invOff-vs-restW) worst=42.6deg bone[30]
  TIER2 joint-attach(PRIMARY): worst=50.26u bone[16]='bone_R-thumb01.mesh' parent[1] R=38.3 exactJoint=1.58u pairs=36  (palette-wide exactWorst=6.77u)
[HANDS_ATTACH] mesh='hands_naked.mesh' owner='hands_naked.mesh' frame=5299 nb=38 wext=61.8 rebound=1
  TIER1 rest-coherence: worst=87.3deg bone[33]='bone_L-middlefinger03.mesh' count(>5deg)=34 freshRecap=0  xcheck(invOff-vs-restW) worst=87.3deg bone[33]
  TIER2 joint-attach(PRIMARY): worst=70.24u bone[9]='bone_R-thumb01.mesh' parent[13] R=48.5 exactJoint=2.99u pairs=30  (palette-wide exactWorst=7.89u)
[HANDS_ATTACH] mesh='hands_naked.mesh' owner='hands_naked.mesh' frame=5301 nb=38 wext=76.9 rebound=1
  TIER1 rest-coherence: worst=87.3deg bone[33]='bone_L-middlefinger03.mesh' count(>5deg)=34 freshRecap=0  xcheck(invOff-vs-restW) worst=87.3deg bone[33]
  TIER2 joint-attach(PRIMARY): worst=71.02u bone[18]='bone_R-pinky02.mesh' parent[14] R=47.4 exactJoint=2.44u pairs=30  (palette-wide exactWorst=10.36u)
[HANDS_ATTACH] mesh='hands_naked.mesh' owner='hands_naked.mesh' frame=5302 nb=40 wext=48.5 rebound=1
  TIER1 rest-coherence: worst=42.6deg bone[30]='bone_L-middlefinger03.mesh' count(>5deg)=36 freshRecap=0  xcheck(invOff-vs-restW) worst=42.6deg bone[30]
  TIER2 joint-attach(PRIMARY): worst=50.26u bone[16]='bone_R-thumb01.mesh' parent[1] R=38.3 exactJoint=1.58u pairs=36  (palette-wide exactWorst=6.77u)
[HANDS_ATTACH] mesh='hands_naked.mesh' owner='hands_naked.mesh' frame=5309 nb=38 wext=58.5 rebound=1
  TIER1 rest-coherence: worst=87.3deg bone[33]='bone_L-middlefinger03.mesh' count(>5deg)=34 freshRecap=0  xcheck(invOff-vs-restW) worst=87.3deg bone[33]
  TIER2 joint-attach(PRIMARY): worst=70.24u bone[9]='bone_R-thumb01.mesh' parent[13] R=48.5 exactJoint=2.99u pairs=30  (palette-wide exactWorst=7.89u)
[HANDS_ATTACH] mesh='hands_naked.mesh' owner='hands_naked.mesh' frame=5311 nb=38 wext=75.3 rebound=1
  TIER1 rest-coherence: worst=87.3deg bone[33]='bone_L-middlefinger03.mesh' count(>5deg)=34 freshRecap=0  xcheck(invOff-vs-restW) worst=87.3deg bone[33]
  TIER2 joint-attach(PRIMARY): worst=71.02u bone[18]='bone_R-pinky02.mesh' parent[14] R=47.4 exactJoint=2.44u pairs=30  (palette-wide exactWorst=10.36u)
[HANDS_ATTACH] mesh='hands_naked.mesh' owner='hands_naked.mesh' frame=5312 nb=40 wext=48.4 rebound=1
  TIER1 rest-coherence: worst=42.6deg bone[30]='bone_L-middlefinger03.mesh' count(>5deg)=36 freshRecap=0  xcheck(invOff-vs-restW) worst=42.6deg bone[30]
  TIER2 joint-attach(PRIMARY): worst=50.26u bone[16]='bone_R-thumb01.mesh' parent[1] R=38.3 exactJoint=1.58u pairs=36  (palette-wide exactWorst=6.77u)
[HANDS_ATTACH] mesh='hands_naked.mesh' owner='hands_naked.mesh' frame=5319 nb=38 wext=67.6 rebound=1
  TIER1 rest-coherence: worst=87.3deg bone[33]='bone_L-middlefinger03.mesh' count(>5deg)=34 freshRecap=0  xcheck(invOff-vs-restW) worst=87.3deg bone[33]
  TIER2 joint-attach(PRIMARY): worst=70.24u bone[9]='bone_R-thumb01.mesh' parent[13] R=48.5 exactJoint=2.99u pairs=30  (palette-wide exactWorst=7.89u)
[HANDS_ATTACH] mesh='hands_naked.mesh' owner='hands_naked.mesh' frame=5321 nb=38 wext=72.2 rebound=1
  TIER1 rest-coherence: worst=87.3deg bone[33]='bone_L-middlefinger03.mesh' count(>5deg)=34 freshRecap=0  xcheck(invOff-vs-restW) worst=87.3deg bone[33]
  TIER2 joint-attach(PRIMARY): worst=71.02u bone[18]='bone_R-pinky02.mesh' parent[14] R=47.4 exactJoint=2.44u pairs=30  (palette-wide exactWorst=10.36u)
[HANDS_ATTACH] mesh='hands_naked.mesh' owner='hands_naked.mesh' frame=5322 nb=40 wext=48.8 rebound=1
  TIER1 rest-coherence: worst=42.6deg bone[30]='bone_L-middlefinger03.mesh' count(>5deg)=36 freshRecap=0  xcheck(invOff-vs-restW) worst=42.6deg bone[30]
  TIER2 joint-attach(PRIMARY): worst=50.26u bone[16]='bone_R-thumb01.mesh' parent[1] R=38.3 exactJoint=1.58u pairs=36  (palette-wide exactWorst=6.77u)
[HANDS_ATTACH] mesh='hands_naked.mesh' owner='hands_naked.mesh' frame=5329 nb=38 wext=70.8 rebound=1
  TIER1 rest-coherence: worst=87.3deg bone[33]='bone_L-middlefinger03.mesh' count(>5deg)=34 freshRecap=0  xcheck(invOff-vs-restW) worst=87.3deg bone[33]
  TIER2 joint-attach(PRIMARY): worst=70.24u bone[9]='bone_R-thumb01.mesh' parent[13] R=48.5 exactJoint=2.99u pairs=30  (palette-wide exactWorst=7.89u)
[HANDS_ATTACH] mesh='hands_naked.mesh' owner='hands_naked.mesh' frame=5331 nb=38 wext=71.6 rebound=1
  TIER1 rest-coherence: worst=87.3deg bone[33]='bone_L-middlefinger03.mesh' count(>5deg)=34 freshRecap=0  xcheck(invOff-vs-restW) worst=87.3deg bone[33]
  TIER2 joint-attach(PRIMARY): worst=71.02u bone[18]='bone_R-pinky02.mesh' parent[14] R=47.4 exactJoint=2.44u pairs=30  (palette-wide exactWorst=10.36u)
[HANDS_ATTACH] mesh='hands_naked.mesh' owner='hands_naked.mesh' frame=5332 nb=40 wext=47.0 rebound=1
  TIER1 rest-coherence: worst=42.6deg bone[30]='bone_L-middlefinger03.mesh' count(>5deg)=36 freshRecap=0  xcheck(invOff-vs-restW) worst=42.6deg bone[30]
  TIER2 joint-attach(PRIMARY): worst=50.26u bone[16]='bone_R-thumb01.mesh' parent[1] R=38.3 exactJoint=1.58u pairs=36  (palette-wide exactWorst=6.77u)
[HANDS_ATTACH] mesh='hands_naked.mesh' owner='hands_naked.mesh' frame=5339 nb=38 wext=69.4 rebound=1
  TIER1 rest-coherence: worst=87.3deg bone[33]='bone_L-middlefinger03.mesh' count(>5deg)=34 freshRecap=0  xcheck(invOff-vs-restW) worst=87.3deg bone[33]
  TIER2 joint-attach(PRIMARY): worst=70.24u bone[9]='bone_R-thumb01.mesh' parent[13] R=48.5 exactJoint=2.99u pairs=30  (palette-wide exactWorst=7.89u)
[HANDS_ATTACH] mesh='hands_naked.mesh' owner='hands_naked.mesh' frame=5341 nb=38 wext=75.9 rebound=1
  TIER1 rest-coherence: worst=87.3deg bone[33]='bone_L-middlefinger03.mesh' count(>5deg)=34 freshRecap=0  xcheck(invOff-vs-restW) worst=87.3deg bone[33]
  TIER2 joint-attach(PRIMARY): worst=71.02u bone[18]='bone_R-pinky02.mesh' parent[14] R=47.4 exactJoint=2.44u pairs=30  (palette-wide exactWorst=10.36u)
[HANDS_ATTACH] mesh='hands_naked.mesh' owner='hands_naked.mesh' frame=5342 nb=40 wext=46.8 rebound=1
  TIER1 rest-coherence: worst=42.6deg bone[30]='bone_L-middlefinger03.mesh' count(>5deg)=36 freshRecap=0  xcheck(invOff-vs-restW) worst=42.6deg bone[30]
  TIER2 joint-attach(PRIMARY): worst=50.26u bone[16]='bone_R-thumb01.mesh' parent[1] R=38.3 exactJoint=1.58u pairs=36  (palette-wide exactWorst=6.77u)
[HANDS_ATTACH] mesh='hands_naked.mesh' owner='hands_naked.mesh' frame=5349 nb=38 wext=66.5 rebound=1
  TIER1 rest-coherence: worst=87.3deg bone[33]='bone_L-middlefinger03.mesh' count(>5deg)=34 freshRecap=0  xcheck(invOff-vs-restW) worst=87.3deg bone[33]
  TIER2 joint-attach(PRIMARY): worst=70.24u bone[9]='bone_R-thumb01.mesh' parent[13] R=48.5 exactJoint=2.99u pairs=30  (palette-wide exactWorst=7.89u)
[HANDS_ATTACH] mesh='hands_naked.mesh' owner='hands_naked.mesh' frame=5351 nb=38 wext=88.3 rebound=1
  TIER1 rest-coherence: worst=87.3deg bone[33]='bone_L-middlefinger03.mesh' count(>5deg)=34 freshRecap=0  xcheck(invOff-vs-restW) worst=87.3deg bone[33]
  TIER2 joint-attach(PRIMARY): worst=49.16u bone[29]='bone_L-hand.mesh' parent[22] R=49.4 exactJoint=0.00u pairs=30  (palette-wide exactWorst=0.00u)
[HANDS_ATTACH] mesh='hands_naked.mesh' owner='hands_naked.mesh' frame=5352 nb=40 wext=47.3 rebound=1
  TIER1 rest-coherence: worst=42.6deg bone[30]='bone_L-middlefinger03.mesh' count(>5deg)=36 freshRecap=0  xcheck(invOff-vs-restW) worst=42.6deg bone[30]
  TIER2 joint-attach(PRIMARY): worst=50.26u bone[16]='bone_R-thumb01.mesh' parent[1] R=38.3 exactJoint=1.58u pairs=36  (palette-wide exactWorst=6.77u)
[HANDS_ATTACH] mesh='hands_naked.mesh' owner='hands_naked.mesh' frame=5359 nb=38 wext=70.5 rebound=1
  TIER1 rest-coherence: worst=87.3deg bone[33]='bone_L-middlefinger03.mesh' count(>5deg)=34 freshRecap=0  xcheck(invOff-vs-restW) worst=87.3deg bone[33]
  TIER2 joint-attach(PRIMARY): worst=70.24u bone[9]='bone_R-thumb01.mesh' parent[13] R=48.5 exactJoint=2.99u pairs=30  (palette-wide exactWorst=7.89u)
[HANDS_ATTACH] mesh='hands_naked.mesh' owner='hands_naked.mesh' frame=5361 nb=38 wext=72.6 rebound=1
  TIER1 rest-coherence: worst=87.3deg bone[33]='bone_L-middlefinger03.mesh' count(>5deg)=34 freshRecap=0  xcheck(invOff-vs-restW) worst=87.3deg bone[33]
  TIER2 joint-attach(PRIMARY): worst=68.79u bone[29]='bone_L-hand.mesh' parent[22] R=49.4 exactJoint=0.00u pairs=30  (palette-wide exactWorst=0.00u)
[HANDS_ATTACH] mesh='hands_naked.mesh' owner='hands_naked.mesh' frame=5362 nb=40 wext=48.8 rebound=1
  TIER1 rest-coherence: worst=42.6deg bone[30]='bone_L-middlefinger03.mesh' count(>5deg)=36 freshRecap=0  xcheck(invOff-vs-restW) worst=42.6deg bone[30]
  TIER2 joint-attach(PRIMARY): worst=50.26u bone[16]='bone_R-thumb01.mesh' parent[1] R=38.3 exactJoint=1.58u pairs=36  (palette-wide exactWorst=6.77u)
[HANDS_ATTACH] mesh='hands_naked.mesh' owner='hands_naked.mesh' frame=5369 nb=38 wext=71.6 rebound=1
  TIER1 rest-coherence: worst=87.3deg bone[33]='bone_L-middlefinger03.mesh' count(>5deg)=34 freshRecap=0  xcheck(invOff-vs-restW) worst=87.3deg bone[33]
  TIER2 joint-attach(PRIMARY): worst=70.24u bone[9]='bone_R-thumb01.mesh' parent[13] R=48.5 exactJoint=2.99u pairs=30  (palette-wide exactWorst=7.89u)
[HANDS_ATTACH] mesh='hands_naked.mesh' owner='hands_naked.mesh' frame=5371 nb=38 wext=71.6 rebound=1
  TIER1 rest-coherence: worst=87.3deg bone[33]='bone_L-middlefinger03.mesh' count(>5deg)=34 freshRecap=0  xcheck(invOff-vs-restW) worst=87.3deg bone[33]
  TIER2 joint-attach(PRIMARY): worst=68.90u bone[29]='bone_L-hand.mesh' parent[22] R=49.4 exactJoint=0.00u pairs=30  (palette-wide exactWorst=0.00u)
[HANDS_ATTACH] mesh='hands_naked.mesh' owner='hands_naked.mesh' frame=5372 nb=40 wext=48.9 rebound=1
  TIER1 rest-coherence: worst=42.6deg bone[30]='bone_L-middlefinger03.mesh' count(>5deg)=36 freshRecap=0  xcheck(invOff-vs-restW) worst=42.6deg bone[30]
  TIER2 joint-attach(PRIMARY): worst=50.26u bone[16]='bone_R-thumb01.mesh' parent[1] R=38.3 exactJoint=1.58u pairs=36  (palette-wide exactWorst=6.77u)
[HANDS_ATTACH] mesh='hands_naked.mesh' owner='hands_naked.mesh' frame=5379 nb=38 wext=66.4 rebound=1
  TIER1 rest-coherence: worst=87.3deg bone[33]='bone_L-middlefinger03.mesh' count(>5deg)=34 freshRecap=0  xcheck(invOff-vs-restW) worst=87.3deg bone[33]
  TIER2 joint-attach(PRIMARY): worst=70.24u bone[9]='bone_R-thumb01.mesh' parent[13] R=48.5 exactJoint=2.99u pairs=30  (palette-wide exactWorst=7.89u)
[HANDS_ATTACH] mesh='hands_naked.mesh' owner='hands_naked.mesh' frame=5381 nb=38 wext=63.5 rebound=1
  TIER1 rest-coherence: worst=87.3deg bone[33]='bone_L-middlefinger03.mesh' count(>5deg)=34 freshRecap=0  xcheck(invOff-vs-restW) worst=87.3deg bone[33]
  TIER2 joint-attach(PRIMARY): worst=58.56u bone[29]='bone_L-hand.mesh' parent[22] R=49.4 exactJoint=0.00u pairs=30  (palette-wide exactWorst=0.00u)
[HANDS_ATTACH] mesh='hands_naked.mesh' owner='hands_naked.mesh' frame=5382 nb=40 wext=48.5 rebound=1
  TIER1 rest-coherence: worst=42.6deg bone[30]='bone_L-middlefinger03.mesh' count(>5deg)=36 freshRecap=0  xcheck(invOff-vs-restW) worst=42.6deg bone[30]
  TIER2 joint-attach(PRIMARY): worst=50.26u bone[16]='bone_R-thumb01.mesh' parent[1] R=38.3 exactJoint=1.58u pairs=36  (palette-wide exactWorst=6.77u)
[HANDS_ATTACH] mesh='hands_naked.mesh' owner='hands_naked.mesh' frame=5389 nb=38 wext=68.5 rebound=1
  TIER1 rest-coherence: worst=87.3deg bone[33]='bone_L-middlefinger03.mesh' count(>5deg)=34 freshRecap=0  xcheck(invOff-vs-restW) worst=87.3deg bone[33]
  TIER2 joint-attach(PRIMARY): worst=70.24u bone[9]='bone_R-thumb01.mesh' parent[13] R=48.5 exactJoint=2.99u pairs=30  (palette-wide exactWorst=7.89u)
[HANDS_ATTACH] mesh='hands_naked.mesh' owner='hands_naked.mesh' frame=5391 nb=38 wext=64.7 rebound=1
  TIER1 rest-coherence: worst=87.3deg bone[33]='bone_L-middlefinger03.mesh' count(>5deg)=34 freshRecap=0  xcheck(invOff-vs-restW) worst=87.3deg bone[33]
  TIER2 joint-attach(PRIMARY): worst=56.17u bone[29]='bone_L-hand.mesh' parent[22] R=49.4 exactJoint=0.00u pairs=30  (palette-wide exactWorst=0.00u)
[HANDS_ATTACH] mesh='hands_naked.mesh' owner='hands_naked.mesh' frame=5392 nb=40 wext=47.6 rebound=1
  TIER1 rest-coherence: worst=42.6deg bone[30]='bone_L-middlefinger03.mesh' count(>5deg)=36 freshRecap=0  xcheck(invOff-vs-restW) worst=42.6deg bone[30]
  TIER2 joint-attach(PRIMARY): worst=50.26u bone[16]='bone_R-thumb01.mesh' parent[1] R=38.3 exactJoint=1.58u pairs=36  (palette-wide exactWorst=6.77u)
[HANDS_ATTACH] mesh='hands_naked.mesh' owner='hands_naked.mesh' frame=5399 nb=38 wext=70.8 rebound=1
  TIER1 rest-coherence: worst=87.3deg bone[33]='bone_L-middlefinger03.mesh' count(>5deg)=34 freshRecap=0  xcheck(invOff-vs-restW) worst=87.3deg bone[33]
  TIER2 joint-attach(PRIMARY): worst=70.24u bone[9]='bone_R-thumb01.mesh' parent[13] R=48.5 exactJoint=2.99u pairs=30  (palette-wide exactWorst=7.89u)
[HANDS_ATTACH] mesh='hands_naked.mesh' owner='hands_naked.mesh' frame=5401 nb=38 wext=71.1 rebound=1
  TIER1 rest-coherence: worst=87.3deg bone[33]='bone_L-middlefinger03.mesh' count(>5deg)=34 freshRecap=0  xcheck(invOff-vs-restW) worst=87.3deg bone[33]
  TIER2 joint-attach(PRIMARY): worst=61.19u bone[29]='bone_L-hand.mesh' parent[22] R=49.4 exactJoint=0.00u pairs=30  (palette-wide exactWorst=0.00u)
[HANDS_ATTACH] mesh='hands_naked.mesh' owner='hands_naked.mesh' frame=5402 nb=40 wext=46.8 rebound=1
  TIER1 rest-coherence: worst=42.6deg bone[30]='bone_L-middlefinger03.mesh' count(>5deg)=36 freshRecap=0  xcheck(invOff-vs-restW) worst=42.6deg bone[30]
  TIER2 joint-attach(PRIMARY): worst=50.26u bone[16]='bone_R-thumb01.mesh' parent[1] R=38.3 exactJoint=1.58u pairs=36  (palette-wide exactWorst=6.77u)
[HANDS_ATTACH] mesh='hands_naked.mesh' owner='hands_naked.mesh' frame=5409 nb=38 wext=64.6 rebound=1
  TIER1 rest-coherence: worst=87.3deg bone[33]='bone_L-middlefinger03.mesh' count(>5deg)=34 freshRecap=0  xcheck(invOff-vs-restW) worst=87.3deg bone[33]
  TIER2 joint-attach(PRIMARY): worst=70.24u bone[9]='bone_R-thumb01.mesh' parent[13] R=48.5 exactJoint=2.99u pairs=30  (palette-wide exactWorst=7.89u)
[HANDS_ATTACH] mesh='hands_naked.mesh' owner='hands_naked.mesh' frame=5411 nb=38 wext=74.7 rebound=1
  TIER1 rest-coherence: worst=87.3deg bone[33]='bone_L-middlefinger03.mesh' count(>5deg)=34 freshRecap=0  xcheck(invOff-vs-restW) worst=87.3deg bone[33]
  TIER2 joint-attach(PRIMARY): worst=61.58u bone[29]='bone_L-hand.mesh' parent[22] R=49.4 exactJoint=0.00u pairs=30  (palette-wide exactWorst=0.00u)
[HANDS_ATTACH] mesh='hands_naked.mesh' owner='hands_naked.mesh' frame=5412 nb=40 wext=46.8 rebound=1
  TIER1 rest-coherence: worst=42.6deg bone[30]='bone_L-middlefinger03.mesh' count(>5deg)=36 freshRecap=0  xcheck(invOff-vs-restW) worst=42.6deg bone[30]
  TIER2 joint-attach(PRIMARY): worst=50.26u bone[16]='bone_R-thumb01.mesh' parent[1] R=38.3 exactJoint=1.58u pairs=36  (palette-wide exactWorst=6.77u)
[HANDS_ATTACH] mesh='hands_naked.mesh' owner='hands_naked.mesh' frame=5419 nb=38 wext=62.4 rebound=1
  TIER1 rest-coherence: worst=87.3deg bone[33]='bone_L-middlefinger03.mesh' count(>5deg)=34 freshRecap=0  xcheck(invOff-vs-restW) worst=87.3deg bone[33]
  TIER2 joint-attach(PRIMARY): worst=70.24u bone[9]='bone_R-thumb01.mesh' parent[13] R=48.5 exactJoint=2.99u pairs=30  (palette-wide exactWorst=7.89u)
[HANDS_ATTACH] mesh='hands_naked.mesh' owner='hands_naked.mesh' frame=5421 nb=38 wext=74.2 rebound=1
  TIER1 rest-coherence: worst=87.3deg bone[33]='bone_L-middlefinger03.mesh' count(>5deg)=34 freshRecap=0  xcheck(invOff-vs-restW) worst=87.3deg bone[33]
  TIER2 joint-attach(PRIMARY): worst=56.90u bone[29]='bone_L-hand.mesh' parent[22] R=49.4 exactJoint=0.00u pairs=30  (palette-wide exactWorst=0.00u)
[HANDS_ATTACH] mesh='hands_naked.mesh' owner='hands_naked.mesh' frame=5422 nb=40 wext=47.8 rebound=1
  TIER1 rest-coherence: worst=42.6deg bone[30]='bone_L-middlefinger03.mesh' count(>5deg)=36 freshRecap=0  xcheck(invOff-vs-restW) worst=42.6deg bone[30]
  TIER2 joint-attach(PRIMARY): worst=50.26u bone[16]='bone_R-thumb01.mesh' parent[1] R=38.3 exactJoint=1.58u pairs=36  (palette-wide exactWorst=6.77u)
[HANDS_ATTACH] mesh='hands_naked.mesh' owner='hands_naked.mesh' frame=5429 nb=38 wext=70.2 rebound=1
  TIER1 rest-coherence: worst=87.3deg bone[33]='bone_L-middlefinger03.mesh' count(>5deg)=34 freshRecap=0  xcheck(invOff-vs-restW) worst=87.3deg bone[33]
  TIER2 joint-attach(PRIMARY): worst=70.24u bone[9]='bone_R-thumb01.mesh' parent[13] R=48.5 exactJoint=2.99u pairs=30  (palette-wide exactWorst=7.89u)
[HANDS_ATTACH] mesh='hands_naked.mesh' owner='hands_naked.mesh' frame=5431 nb=38 wext=83.7 rebound=1
  TIER1 rest-coherence: worst=87.3deg bone[33]='bone_L-middlefinger03.mesh' count(>5deg)=34 freshRecap=0  xcheck(invOff-vs-restW) worst=87.3deg bone[33]
  TIER2 joint-attach(PRIMARY): worst=44.12u bone[29]='bone_L-hand.mesh' parent[22] R=49.4 exactJoint=0.00u pairs=30  (palette-wide exactWorst=0.00u)
[HANDS_ATTACH] mesh='hands_naked.mesh' owner='hands_naked.mesh' frame=5432 nb=40 wext=45.9 rebound=1
  TIER1 rest-coherence: worst=42.6deg bone[30]='bone_L-middlefinger03.mesh' count(>5deg)=36 freshRecap=0  xcheck(invOff-vs-restW) worst=42.6deg bone[30]
  TIER2 joint-attach(PRIMARY): worst=50.26u bone[16]='bone_R-thumb01.mesh' parent[1] R=38.3 exactJoint=1.58u pairs=36  (palette-wide exactWorst=6.77u)
[HANDS_ATTACH] mesh='hands_naked.mesh' owner='hands_naked.mesh' frame=5439 nb=38 wext=71.5 rebound=1
  TIER1 rest-coherence: worst=87.3deg bone[33]='bone_L-middlefinger03.mesh' count(>5deg)=34 freshRecap=0  xcheck(invOff-vs-restW) worst=87.3deg bone[33]
  TIER2 joint-attach(PRIMARY): worst=70.24u bone[9]='bone_R-thumb01.mesh' parent[13] R=48.5 exactJoint=2.99u pairs=30  (palette-wide exactWorst=7.89u)
[HANDS_ATTACH] mesh='hands_naked.mesh' owner='hands_naked.mesh' frame=5441 nb=38 wext=77.0 rebound=1
  TIER1 rest-coherence: worst=87.3deg bone[33]='bone_L-middlefinger03.mesh' count(>5deg)=34 freshRecap=0  xcheck(invOff-vs-restW) worst=87.3deg bone[33]
  TIER2 joint-attach(PRIMARY): worst=31.66u bone[33]='bone_L-middlefinger03.mesh' parent[26] R=47.0 exactJoint=0.00u pairs=30  (palette-wide exactWorst=0.00u)
[HANDS_ATTACH] mesh='hands_naked.mesh' owner='hands_naked.mesh' frame=5442 nb=40 wext=45.9 rebound=1
  TIER1 rest-coherence: worst=42.6deg bone[30]='bone_L-middlefinger03.mesh' count(>5deg)=36 freshRecap=0  xcheck(invOff-vs-restW) worst=42.6deg bone[30]
  TIER2 joint-attach(PRIMARY): worst=50.26u bone[16]='bone_R-thumb01.mesh' parent[1] R=38.3 exactJoint=1.58u pairs=36  (palette-wide exactWorst=6.77u)
[HANDS_ATTACH] mesh='hands_naked.mesh' owner='hands_naked.mesh' frame=5449 nb=38 wext=70.6 rebound=1
  TIER1 rest-coherence: worst=87.3deg bone[33]='bone_L-middlefinger03.mesh' count(>5deg)=34 freshRecap=0  xcheck(invOff-vs-restW) worst=87.3deg bone[33]
  TIER2 joint-attach(PRIMARY): worst=70.24u bone[9]='bone_R-thumb01.mesh' parent[13] R=48.5 exactJoint=2.99u pairs=30  (palette-wide exactWorst=7.89u)
[HANDS_ATTACH] mesh='hands_naked.mesh' owner='hands_naked.mesh' frame=5451 nb=38 wext=73.6 rebound=1
  TIER1 rest-coherence: worst=87.3deg bone[33]='bone_L-middlefinger03.mesh' count(>5deg)=34 freshRecap=0  xcheck(invOff-vs-restW) worst=87.3deg bone[33]
  TIER2 joint-attach(PRIMARY): worst=31.66u bone[33]='bone_L-middlefinger03.mesh' parent[26] R=47.0 exactJoint=0.00u pairs=30  (palette-wide exactWorst=0.00u)
[HANDS_ATTACH] mesh='hands_naked.mesh' owner='hands_naked.mesh' frame=5452 nb=40 wext=46.4 rebound=1
  TIER1 rest-coherence: worst=42.6deg bone[30]='bone_L-middlefinger03.mesh' count(>5deg)=36 freshRecap=0  xcheck(invOff-vs-restW) worst=42.6deg bone[30]
  TIER2 joint-attach(PRIMARY): worst=50.26u bone[16]='bone_R-thumb01.mesh' parent[1] R=38.3 exactJoint=1.58u pairs=36  (palette-wide exactWorst=6.77u)
[HANDS_ATTACH] mesh='hands_naked.mesh' owner='hands_naked.mesh' frame=5459 nb=38 wext=68.5 rebound=1
  TIER1 rest-coherence: worst=87.3deg bone[33]='bone_L-middlefinger03.mesh' count(>5deg)=34 freshRecap=0  xcheck(invOff-vs-restW) worst=87.3deg bone[33]
  TIER2 joint-attach(PRIMARY): worst=70.24u bone[9]='bone_R-thumb01.mesh' parent[13] R=48.5 exactJoint=2.99u pairs=30  (palette-wide exactWorst=7.89u)
[HANDS_ATTACH] mesh='hands_naked.mesh' owner='hands_naked.mesh' frame=5461 nb=38 wext=67.0 rebound=1
  TIER1 rest-coherence: worst=87.3deg bone[33]='bone_L-middlefinger03.mesh' count(>5deg)=34 freshRecap=0  xcheck(invOff-vs-restW) worst=87.3deg bone[33]
  TIER2 joint-attach(PRIMARY): worst=38.80u bone[18]='bone_R-pinky02.mesh' parent[14] R=47.4 exactJoint=0.00u pairs=30  (palette-wide exactWorst=0.54u)
[HANDS_ATTACH] mesh='hands_naked.mesh' owner='hands_naked.mesh' frame=5462 nb=40 wext=45.7 rebound=1
  TIER1 rest-coherence: worst=42.6deg bone[30]='bone_L-middlefinger03.mesh' count(>5deg)=36 freshRecap=0  xcheck(invOff-vs-restW) worst=42.6deg bone[30]
  TIER2 joint-attach(PRIMARY): worst=50.26u bone[16]='bone_R-thumb01.mesh' parent[1] R=38.3 exactJoint=1.58u pairs=36  (palette-wide exactWorst=6.77u)
[HANDS_ATTACH] mesh='hands_naked.mesh' owner='hands_naked.mesh' frame=5469 nb=38 wext=71.6 rebound=1
  TIER1 rest-coherence: worst=87.3deg bone[33]='bone_L-middlefinger03.mesh' count(>5deg)=34 freshRecap=0  xcheck(invOff-vs-restW) worst=87.3deg bone[33]
  TIER2 joint-attach(PRIMARY): worst=70.24u bone[9]='bone_R-thumb01.mesh' parent[13] R=48.5 exactJoint=2.99u pairs=30  (palette-wide exactWorst=7.89u)
[HANDS_ATTACH] mesh='hands_naked.mesh' owner='hands_naked.mesh' frame=5471 nb=38 wext=57.2 rebound=1
  TIER1 rest-coherence: worst=87.3deg bone[33]='bone_L-middlefinger03.mesh' count(>5deg)=34 freshRecap=0  xcheck(invOff-vs-restW) worst=87.3deg bone[33]
  TIER2 joint-attach(PRIMARY): worst=71.02u bone[18]='bone_R-pinky02.mesh' parent[14] R=47.4 exactJoint=2.44u pairs=30  (palette-wide exactWorst=10.36u)
[HANDS_ATTACH] mesh='hands_naked.mesh' owner='hands_naked.mesh' frame=5472 nb=40 wext=45.7 rebound=1
  TIER1 rest-coherence: worst=42.6deg bone[30]='bone_L-middlefinger03.mesh' count(>5deg)=36 freshRecap=0  xcheck(invOff-vs-restW) worst=42.6deg bone[30]
  TIER2 joint-attach(PRIMARY): worst=50.26u bone[16]='bone_R-thumb01.mesh' parent[1] R=38.3 exactJoint=1.58u pairs=36  (palette-wide exactWorst=6.77u)
[HANDS_ATTACH] mesh='hands_naked.mesh' owner='hands_naked.mesh' frame=5479 nb=38 wext=72.3 rebound=1
  TIER1 rest-coherence: worst=87.3deg bone[33]='bone_L-middlefinger03.mesh' count(>5deg)=34 freshRecap=0  xcheck(invOff-vs-restW) worst=87.3deg bone[33]
  TIER2 joint-attach(PRIMARY): worst=70.24u bone[9]='bone_R-thumb01.mesh' parent[13] R=48.5 exactJoint=2.99u pairs=30  (palette-wide exactWorst=7.89u)
[HANDS_ATTACH] mesh='hands_naked.mesh' owner='hands_naked.mesh' frame=5481 nb=38 wext=58.9 rebound=1
  TIER1 rest-coherence: worst=87.3deg bone[33]='bone_L-middlefinger03.mesh' count(>5deg)=34 freshRecap=0  xcheck(invOff-vs-restW) worst=87.3deg bone[33]
  TIER2 joint-attach(PRIMARY): worst=71.02u bone[18]='bone_R-pinky02.mesh' parent[14] R=47.4 exactJoint=2.44u pairs=30  (palette-wide exactWorst=10.36u)
[HANDS_ATTACH] mesh='hands_naked.mesh' owner='hands_naked.mesh' frame=5482 nb=40 wext=46.8 rebound=1
  TIER1 rest-coherence: worst=42.6deg bone[30]='bone_L-middlefinger03.mesh' count(>5deg)=36 freshRecap=0  xcheck(invOff-vs-restW) worst=42.6deg bone[30]
  TIER2 joint-attach(PRIMARY): worst=50.26u bone[16]='bone_R-thumb01.mesh' parent[1] R=38.3 exactJoint=1.58u pairs=36  (palette-wide exactWorst=6.77u)
[HANDS_ATTACH] mesh='hands_naked.mesh' owner='hands_naked.mesh' frame=5489 nb=38 wext=69.6 rebound=1
  TIER1 rest-coherence: worst=87.3deg bone[33]='bone_L-middlefinger03.mesh' count(>5deg)=34 freshRecap=0  xcheck(invOff-vs-restW) worst=87.3deg bone[33]
  TIER2 joint-attach(PRIMARY): worst=70.24u bone[9]='bone_R-thumb01.mesh' parent[13] R=48.5 exactJoint=2.99u pairs=30  (palette-wide exactWorst=7.89u)
[HANDS_ATTACH] mesh='hands_naked.mesh' owner='hands_naked.mesh' frame=5491 nb=38 wext=55.0 rebound=1
  TIER1 rest-coherence: worst=87.3deg bone[33]='bone_L-middlefinger03.mesh' count(>5deg)=34 freshRecap=0  xcheck(invOff-vs-restW) worst=87.3deg bone[33]
  TIER2 joint-attach(PRIMARY): worst=71.02u bone[18]='bone_R-pinky02.mesh' parent[14] R=47.4 exactJoint=2.44u pairs=30  (palette-wide exactWorst=10.36u)
[HANDS_ATTACH] mesh='hands_naked.mesh' owner='hands_naked.mesh' frame=5492 nb=40 wext=43.3 rebound=1
  TIER1 rest-coherence: worst=42.6deg bone[30]='bone_L-middlefinger03.mesh' count(>5deg)=36 freshRecap=0  xcheck(invOff-vs-restW) worst=42.6deg bone[30]
  TIER2 joint-attach(PRIMARY): worst=50.26u bone[16]='bone_R-thumb01.mesh' parent[1] R=38.3 exactJoint=1.58u pairs=36  (palette-wide exactWorst=6.77u)
[HANDS_ATTACH] mesh='hands_naked.mesh' owner='hands_naked.mesh' frame=5499 nb=38 wext=70.6 rebound=1
  TIER1 rest-coherence: worst=87.3deg bone[33]='bone_L-middlefinger03.mesh' count(>5deg)=34 freshRecap=0  xcheck(invOff-vs-restW) worst=87.3deg bone[33]
  TIER2 joint-attach(PRIMARY): worst=70.24u bone[9]='bone_R-thumb01.mesh' parent[13] R=48.5 exactJoint=2.99u pairs=30  (palette-wide exactWorst=7.89u)
[HANDS_ATTACH] mesh='hands_naked.mesh' owner='hands_naked.mesh' frame=5501 nb=38 wext=54.1 rebound=1
  TIER1 rest-coherence: worst=87.3deg bone[33]='bone_L-middlefinger03.mesh' count(>5deg)=34 freshRecap=0  xcheck(invOff-vs-restW) worst=87.3deg bone[33]
  TIER2 joint-attach(PRIMARY): worst=71.02u bone[18]='bone_R-pinky02.mesh' parent[14] R=47.4 exactJoint=2.44u pairs=30  (palette-wide exactWorst=10.36u)
[HANDS_ATTACH] mesh='hands_naked.mesh' owner='hands_naked.mesh' frame=5502 nb=40 wext=48.8 rebound=1
  TIER1 rest-coherence: worst=42.6deg bone[30]='bone_L-middlefinger03.mesh' count(>5deg)=36 freshRecap=0  xcheck(invOff-vs-restW) worst=42.6deg bone[30]
  TIER2 joint-attach(PRIMARY): worst=50.26u bone[16]='bone_R-thumb01.mesh' parent[1] R=38.3 exactJoint=1.58u pairs=36  (palette-wide exactWorst=6.77u)
[HANDS_ATTACH] mesh='hands_naked.mesh' owner='hands_naked.mesh' frame=5509 nb=38 wext=79.2 rebound=1
  TIER1 rest-coherence: worst=87.3deg bone[33]='bone_L-middlefinger03.mesh' count(>5deg)=34 freshRecap=0  xcheck(invOff-vs-restW) worst=87.3deg bone[33]
  TIER2 joint-attach(PRIMARY): worst=70.24u bone[9]='bone_R-thumb01.mesh' parent[13] R=48.5 exactJoint=2.99u pairs=30  (palette-wide exactWorst=7.89u)
[HANDS_ATTACH] mesh='hands_naked.mesh' owner='hands_naked.mesh' frame=5511 nb=38 wext=83.2 rebound=1
  TIER1 rest-coherence: worst=87.3deg bone[33]='bone_L-middlefinger03.mesh' count(>5deg)=34 freshRecap=0  xcheck(invOff-vs-restW) worst=87.3deg bone[33]
  TIER2 joint-attach(PRIMARY): worst=63.70u bone[13]='bone_R-hand.mesh' parent[5] R=49.4 exactJoint=0.00u pairs=30  (palette-wide exactWorst=5.50u)
[HANDS_ATTACH] mesh='hands_naked.mesh' owner='hands_naked.mesh' frame=5512 nb=40 wext=49.1 rebound=1
  TIER1 rest-coherence: worst=42.6deg bone[30]='bone_L-middlefinger03.mesh' count(>5deg)=36 freshRecap=0  xcheck(invOff-vs-restW) worst=42.6deg bone[30]
  TIER2 joint-attach(PRIMARY): worst=50.26u bone[16]='bone_R-thumb01.mesh' parent[1] R=38.3 exactJoint=1.58u pairs=36  (palette-wide exactWorst=6.77u)
[HANDS_ATTACH] mesh='hands_naked.mesh' owner='hands_naked.mesh' frame=5519 nb=38 wext=85.9 rebound=1
  TIER1 rest-coherence: worst=87.3deg bone[33]='bone_L-middlefinger03.mesh' count(>5deg)=34 freshRecap=0  xcheck(invOff-vs-restW) worst=87.3deg bone[33]
  TIER2 joint-attach(PRIMARY): worst=70.24u bone[9]='bone_R-thumb01.mesh' parent[13] R=48.5 exactJoint=2.99u pairs=30  (palette-wide exactWorst=7.89u)
[HANDS_ATTACH] mesh='hands_naked.mesh' owner='hands_naked.mesh' frame=5521 nb=38 wext=84.8 rebound=1
  TIER1 rest-coherence: worst=87.3deg bone[33]='bone_L-middlefinger03.mesh' count(>5deg)=34 freshRecap=0  xcheck(invOff-vs-restW) worst=87.3deg bone[33]
  TIER2 joint-attach(PRIMARY): worst=46.42u bone[13]='bone_R-hand.mesh' parent[5] R=49.4 exactJoint=0.00u pairs=30  (palette-wide exactWorst=1.63u)
[HANDS_ATTACH] mesh='hands_naked.mesh' owner='hands_naked.mesh' frame=5522 nb=40 wext=47.8 rebound=1
  TIER1 rest-coherence: worst=42.6deg bone[30]='bone_L-middlefinger03.mesh' count(>5deg)=36 freshRecap=0  xcheck(invOff-vs-restW) worst=42.6deg bone[30]
  TIER2 joint-attach(PRIMARY): worst=50.26u bone[16]='bone_R-thumb01.mesh' parent[1] R=38.3 exactJoint=1.58u pairs=36  (palette-wide exactWorst=6.77u)
[HANDS_ATTACH] mesh='hands_naked.mesh' owner='hands_naked.mesh' frame=5529 nb=38 wext=81.0 rebound=1
  TIER1 rest-coherence: worst=87.3deg bone[33]='bone_L-middlefinger03.mesh' count(>5deg)=34 freshRecap=0  xcheck(invOff-vs-restW) worst=87.3deg bone[33]
  TIER2 joint-attach(PRIMARY): worst=70.24u bone[9]='bone_R-thumb01.mesh' parent[13] R=48.5 exactJoint=2.99u pairs=30  (palette-wide exactWorst=7.89u)
[HANDS_ATTACH] mesh='hands_naked.mesh' owner='hands_naked.mesh' frame=5531 nb=38 wext=58.3 rebound=1
  TIER1 rest-coherence: worst=87.3deg bone[33]='bone_L-middlefinger03.mesh' count(>5deg)=34 freshRecap=0  xcheck(invOff-vs-restW) worst=87.3deg bone[33]
  TIER2 joint-attach(PRIMARY): worst=55.74u bone[9]='bone_R-thumb01.mesh' parent[13] R=48.5 exactJoint=0.00u pairs=30  (palette-wide exactWorst=0.00u)
[HANDS_ATTACH] mesh='hands_naked.mesh' owner='hands_naked.mesh' frame=5532 nb=40 wext=47.3 rebound=1
  TIER1 rest-coherence: worst=42.6deg bone[30]='bone_L-middlefinger03.mesh' count(>5deg)=36 freshRecap=0  xcheck(invOff-vs-restW) worst=42.6deg bone[30]
  TIER2 joint-attach(PRIMARY): worst=50.26u bone[16]='bone_R-thumb01.mesh' parent[1] R=38.3 exactJoint=1.58u pairs=36  (palette-wide exactWorst=6.77u)
[HANDS_ATTACH] mesh='hands_naked.mesh' owner='hands_naked.mesh' frame=5539 nb=38 wext=78.1 rebound=1
  TIER1 rest-coherence: worst=87.3deg bone[33]='bone_L-middlefinger03.mesh' count(>5deg)=34 freshRecap=0  xcheck(invOff-vs-restW) worst=87.3deg bone[33]
  TIER2 joint-attach(PRIMARY): worst=70.24u bone[9]='bone_R-thumb01.mesh' parent[13] R=48.5 exactJoint=2.99u pairs=30  (palette-wide exactWorst=7.89u)
[HANDS_ATTACH] mesh='hands_naked.mesh' owner='hands_naked.mesh' frame=5541 nb=38 wext=62.5 rebound=1
  TIER1 rest-coherence: worst=87.3deg bone[33]='bone_L-middlefinger03.mesh' count(>5deg)=34 freshRecap=0  xcheck(invOff-vs-restW) worst=87.3deg bone[33]
  TIER2 joint-attach(PRIMARY): worst=52.88u bone[13]='bone_R-hand.mesh' parent[5] R=49.4 exactJoint=0.00u pairs=30  (palette-wide exactWorst=1.71u)
[HANDS_ATTACH] mesh='hands_naked.mesh' owner='hands_naked.mesh' frame=5542 nb=40 wext=47.4 rebound=1
  TIER1 rest-coherence: worst=42.6deg bone[30]='bone_L-middlefinger03.mesh' count(>5deg)=36 freshRecap=0  xcheck(invOff-vs-restW) worst=42.6deg bone[30]
  TIER2 joint-attach(PRIMARY): worst=50.26u bone[16]='bone_R-thumb01.mesh' parent[1] R=38.3 exactJoint=1.58u pairs=36  (palette-wide exactWorst=6.77u)
[HANDS_ATTACH] mesh='hands_naked.mesh' owner='hands_naked.mesh' frame=5549 nb=38 wext=79.8 rebound=1
  TIER1 rest-coherence: worst=87.3deg bone[33]='bone_L-middlefinger03.mesh' count(>5deg)=34 freshRecap=0  xcheck(invOff-vs-restW) worst=87.3deg bone[33]
  TIER2 joint-attach(PRIMARY): worst=70.24u bone[9]='bone_R-thumb01.mesh' parent[13] R=48.5 exactJoint=2.99u pairs=30  (palette-wide exactWorst=7.89u)
[HANDS_ATTACH] mesh='hands_naked.mesh' owner='hands_naked.mesh' frame=5552 nb=38 wext=65.7 rebound=1
  TIER1 rest-coherence: worst=87.3deg bone[33]='bone_L-middlefinger03.mesh' count(>5deg)=34 freshRecap=0  xcheck(invOff-vs-restW) worst=87.3deg bone[33]
  TIER2 joint-attach(PRIMARY): worst=71.02u bone[18]='bone_R-pinky02.mesh' parent[14] R=47.4 exactJoint=2.44u pairs=30  (palette-wide exactWorst=10.36u)
[HANDS_ATTACH] mesh='hands_naked.mesh' owner='hands_naked.mesh' frame=5554 nb=40 wext=63.7 rebound=1
  TIER1 rest-coherence: worst=42.6deg bone[30]='bone_L-middlefinger03.mesh' count(>5deg)=36 freshRecap=0  xcheck(invOff-vs-restW) worst=42.6deg bone[30]
  TIER2 joint-attach(PRIMARY): worst=46.40u bone[24]='bone_R-ringfinger01.mesh' parent[21] R=38.6 exactJoint=3.42u pairs=36  (palette-wide exactWorst=8.01u)
[HANDS_ATTACH] mesh='hands_naked.mesh' owner='hands_naked.mesh' frame=5569 nb=38 wext=63.5 rebound=1
  TIER1 rest-coherence: worst=87.3deg bone[33]='bone_L-middlefinger03.mesh' count(>5deg)=34 freshRecap=0  xcheck(invOff-vs-restW) worst=87.3deg bone[33]
  TIER2 joint-attach(PRIMARY): worst=58.42u bone[29]='bone_L-hand.mesh' parent[22] R=49.4 exactJoint=0.14u pairs=30  (palette-wide exactWorst=4.63u)
[HANDS_ATTACH] mesh='hands_naked.mesh' owner='hands_naked.mesh' frame=5572 nb=38 wext=86.4 rebound=1
  TIER1 rest-coherence: worst=87.3deg bone[33]='bone_L-middlefinger03.mesh' count(>5deg)=34 freshRecap=0  xcheck(invOff-vs-restW) worst=87.3deg bone[33]
  TIER2 joint-attach(PRIMARY): worst=55.36u bone[29]='bone_L-hand.mesh' parent[22] R=49.4 exactJoint=0.00u pairs=30  (palette-wide exactWorst=0.00u)
[HANDS_ATTACH] mesh='hands_naked.mesh' owner='hands_naked.mesh' frame=5574 nb=40 wext=52.0 rebound=1
  TIER1 rest-coherence: worst=42.6deg bone[30]='bone_L-middlefinger03.mesh' count(>5deg)=36 freshRecap=0  xcheck(invOff-vs-restW) worst=42.6deg bone[30]
  TIER2 joint-attach(PRIMARY): worst=51.31u bone[16]='bone_R-thumb01.mesh' parent[1] R=38.3 exactJoint=0.00u pairs=36  (palette-wide exactWorst=5.46u)
[HANDS_ATTACH] mesh='hands_naked.mesh' owner='hands_naked.mesh' frame=5589 nb=38 wext=61.6 rebound=1
  TIER1 rest-coherence: worst=87.3deg bone[33]='bone_L-middlefinger03.mesh' count(>5deg)=34 freshRecap=0  xcheck(invOff-vs-restW) worst=87.3deg bone[33]
  TIER2 joint-attach(PRIMARY): worst=54.62u bone[29]='bone_L-hand.mesh' parent[22] R=49.4 exactJoint=0.14u pairs=30  (palette-wide exactWorst=4.63u)
[HANDS_ATTACH] mesh='hands_naked.mesh' owner='hands_naked.mesh' frame=5592 nb=38 wext=76.7 rebound=1
  TIER1 rest-coherence: worst=87.3deg bone[33]='bone_L-middlefinger03.mesh' count(>5deg)=34 freshRecap=0  xcheck(invOff-vs-restW) worst=87.3deg bone[33]
  TIER2 joint-attach(PRIMARY): worst=71.24u bone[29]='bone_L-hand.mesh' parent[22] R=49.4 exactJoint=0.00u pairs=30  (palette-wide exactWorst=0.00u)
[HANDS_ATTACH] mesh='hands_naked.mesh' owner='hands_naked.mesh' frame=5594 nb=40 wext=47.0 rebound=1
  TIER1 rest-coherence: worst=42.6deg bone[30]='bone_L-middlefinger03.mesh' count(>5deg)=36 freshRecap=0  xcheck(invOff-vs-restW) worst=42.6deg bone[30]
  TIER2 joint-attach(PRIMARY): worst=53.18u bone[16]='bone_R-thumb01.mesh' parent[1] R=38.3 exactJoint=1.94u pairs=36  (palette-wide exactWorst=5.46u)
[HANDS_ATTACH] mesh='hands_naked.mesh' owner='hands_naked.mesh' frame=5609 nb=38 wext=58.0 rebound=1
  TIER1 rest-coherence: worst=87.3deg bone[33]='bone_L-middlefinger03.mesh' count(>5deg)=34 freshRecap=0  xcheck(invOff-vs-restW) worst=87.3deg bone[33]
  TIER2 joint-attach(PRIMARY): worst=61.16u bone[29]='bone_L-hand.mesh' parent[22] R=49.4 exactJoint=0.14u pairs=30  (palette-wide exactWorst=4.61u)
[HANDS_ATTACH] mesh='hands_naked.mesh' owner='hands_naked.mesh' frame=5612 nb=38 wext=75.1 rebound=1
  TIER1 rest-coherence: worst=87.3deg bone[33]='bone_L-middlefinger03.mesh' count(>5deg)=34 freshRecap=0  xcheck(invOff-vs-restW) worst=87.3deg bone[33]
  TIER2 joint-attach(PRIMARY): worst=54.64u bone[29]='bone_L-hand.mesh' parent[22] R=49.4 exactJoint=0.00u pairs=30  (palette-wide exactWorst=0.00u)
[HANDS_ATTACH] mesh='hands_naked.mesh' owner='hands_naked.mesh' frame=5614 nb=40 wext=62.1 rebound=1
  TIER1 rest-coherence: worst=42.6deg bone[30]='bone_L-middlefinger03.mesh' count(>5deg)=36 freshRecap=0  xcheck(invOff-vs-restW) worst=42.6deg bone[30]
  TIER2 joint-attach(PRIMARY): worst=33.47u bone[14]='bone_R-pinky01.mesh' parent[11] R=39.0 exactJoint=0.00u pairs=36  (palette-wide exactWorst=5.46u)
[HANDS_ATTACH] mesh='hands_naked.mesh' owner='hands_naked.mesh' frame=5629 nb=38 wext=63.7 rebound=1
  TIER1 rest-coherence: worst=87.3deg bone[33]='bone_L-middlefinger03.mesh' count(>5deg)=34 freshRecap=0  xcheck(invOff-vs-restW) worst=87.3deg bone[33]
  TIER2 joint-attach(PRIMARY): worst=81.08u bone[13]='bone_R-hand.mesh' parent[5] R=49.4 exactJoint=0.33u pairs=30  (palette-wide exactWorst=4.60u)
[HANDS_ATTACH] mesh='hands_naked.mesh' owner='hands_naked.mesh' frame=5632 nb=38 wext=72.6 rebound=1
  TIER1 rest-coherence: worst=87.3deg bone[33]='bone_L-middlefinger03.mesh' count(>5deg)=34 freshRecap=0  xcheck(invOff-vs-restW) worst=87.3deg bone[33]
  TIER2 joint-attach(PRIMARY): worst=51.44u bone[29]='bone_L-hand.mesh' parent[22] R=49.4 exactJoint=0.00u pairs=30  (palette-wide exactWorst=0.00u)
[HANDS_ATTACH] mesh='hands_naked.mesh' owner='hands_naked.mesh' frame=5634 nb=40 wext=61.3 rebound=1
  TIER1 rest-coherence: worst=42.6deg bone[30]='bone_L-middlefinger03.mesh' count(>5deg)=36 freshRecap=0  xcheck(invOff-vs-restW) worst=42.6deg bone[30]
  TIER2 joint-attach(PRIMARY): worst=34.04u bone[14]='bone_R-pinky01.mesh' parent[11] R=39.0 exactJoint=0.00u pairs=36  (palette-wide exactWorst=5.46u)
[HANDS_ATTACH] mesh='hands_naked.mesh' owner='hands_naked.mesh' frame=5649 nb=38 wext=66.9 rebound=1
  TIER1 rest-coherence: worst=87.3deg bone[33]='bone_L-middlefinger03.mesh' count(>5deg)=34 freshRecap=0  xcheck(invOff-vs-restW) worst=87.3deg bone[33]
  TIER2 joint-attach(PRIMARY): worst=87.11u bone[13]='bone_R-hand.mesh' parent[5] R=49.4 exactJoint=0.33u pairs=30  (palette-wide exactWorst=4.60u)
[HANDS_ATTACH] mesh='hands_naked.mesh' owner='hands_naked.mesh' frame=5652 nb=38 wext=71.3 rebound=1
  TIER1 rest-coherence: worst=87.3deg bone[33]='bone_L-middlefinger03.mesh' count(>5deg)=34 freshRecap=0  xcheck(invOff-vs-restW) worst=87.3deg bone[33]
  TIER2 joint-attach(PRIMARY): worst=47.58u bone[29]='bone_L-hand.mesh' parent[22] R=49.4 exactJoint=0.00u pairs=30  (palette-wide exactWorst=0.00u)
[HANDS_ATTACH] mesh='hands_naked.mesh' owner='hands_naked.mesh' frame=5654 nb=40 wext=56.1 rebound=1
  TIER1 rest-coherence: worst=42.6deg bone[30]='bone_L-middlefinger03.mesh' count(>5deg)=36 freshRecap=0  xcheck(invOff-vs-restW) worst=42.6deg bone[30]
  TIER2 joint-attach(PRIMARY): worst=61.68u bone[9]='bone_R-pinky02.mesh' parent[14] R=38.4 exactJoint=3.80u pairs=36  (palette-wide exactWorst=7.06u)
[HANDS_ATTACH] mesh='hands_naked.mesh' owner='hands_naked.mesh' frame=5669 nb=38 wext=66.2 rebound=1
  TIER1 rest-coherence: worst=87.3deg bone[33]='bone_L-middlefinger03.mesh' count(>5deg)=34 freshRecap=0  xcheck(invOff-vs-restW) worst=87.3deg bone[33]
  TIER2 joint-attach(PRIMARY): worst=82.20u bone[13]='bone_R-hand.mesh' parent[5] R=49.4 exactJoint=0.33u pairs=30  (palette-wide exactWorst=4.57u)
[HANDS_ATTACH] mesh='hands_naked.mesh' owner='hands_naked.mesh' frame=5672 nb=38 wext=52.0 rebound=1
  TIER1 rest-coherence: worst=87.3deg bone[33]='bone_L-middlefinger03.mesh' count(>5deg)=34 freshRecap=0  xcheck(invOff-vs-restW) worst=87.3deg bone[33]
  TIER2 joint-attach(PRIMARY): worst=71.02u bone[18]='bone_R-pinky02.mesh' parent[14] R=47.4 exactJoint=2.44u pairs=30  (palette-wide exactWorst=10.36u)
[HANDS_ATTACH] mesh='hands_naked.mesh' owner='hands_naked.mesh' frame=5674 nb=40 wext=53.3 rebound=1
  TIER1 rest-coherence: worst=42.6deg bone[30]='bone_L-middlefinger03.mesh' count(>5deg)=36 freshRecap=0  xcheck(invOff-vs-restW) worst=42.6deg bone[30]
  TIER2 joint-attach(PRIMARY): worst=53.37u bone[16]='bone_R-thumb01.mesh' parent[1] R=38.3 exactJoint=1.75u pairs=36  (palette-wide exactWorst=5.46u)
[HANDS_ATTACH] mesh='hands_naked.mesh' owner='hands_naked.mesh' frame=5688 nb=38 wext=64.1 rebound=1
  TIER1 rest-coherence: worst=87.3deg bone[33]='bone_L-middlefinger03.mesh' count(>5deg)=34 freshRecap=0  xcheck(invOff-vs-restW) worst=87.3deg bone[33]
  TIER2 joint-attach(PRIMARY): worst=81.32u bone[13]='bone_R-hand.mesh' parent[5] R=49.4 exactJoint=0.33u pairs=30  (palette-wide exactWorst=4.56u)
[HANDS_ATTACH] mesh='hands_naked.mesh' owner='hands_naked.mesh' frame=5690 nb=38 wext=57.3 rebound=1
  TIER1 rest-coherence: worst=87.3deg bone[33]='bone_L-middlefinger03.mesh' count(>5deg)=34 freshRecap=0  xcheck(invOff-vs-restW) worst=87.3deg bone[33]
  TIER2 joint-attach(PRIMARY): worst=71.02u bone[18]='bone_R-pinky02.mesh' parent[14] R=47.4 exactJoint=2.44u pairs=30  (palette-wide exactWorst=10.36u)
[HANDS_ATTACH] mesh='hands_naked.mesh' owner='hands_naked.mesh' frame=5691 nb=40 wext=61.8 rebound=1
  TIER1 rest-coherence: worst=42.6deg bone[30]='bone_L-middlefinger03.mesh' count(>5deg)=36 freshRecap=0  xcheck(invOff-vs-restW) worst=42.6deg bone[30]
  TIER2 joint-attach(PRIMARY): worst=41.06u bone[16]='bone_R-thumb01.mesh' parent[1] R=38.3 exactJoint=0.00u pairs=36  (palette-wide exactWorst=5.46u)
[HANDS_ATTACH] mesh='hands_naked.mesh' owner='hands_naked.mesh' frame=5698 nb=38 wext=66.6 rebound=1
  TIER1 rest-coherence: worst=87.3deg bone[33]='bone_L-middlefinger03.mesh' count(>5deg)=34 freshRecap=0  xcheck(invOff-vs-restW) worst=87.3deg bone[33]
  TIER2 joint-attach(PRIMARY): worst=85.63u bone[13]='bone_R-hand.mesh' parent[5] R=49.4 exactJoint=0.33u pairs=30  (palette-wide exactWorst=4.56u)
[HANDS_ATTACH] mesh='hands_naked.mesh' owner='hands_naked.mesh' frame=5700 nb=38 wext=56.3 rebound=1
  TIER1 rest-coherence: worst=87.3deg bone[33]='bone_L-middlefinger03.mesh' count(>5deg)=34 freshRecap=0  xcheck(invOff-vs-restW) worst=87.3deg bone[33]
  TIER2 joint-attach(PRIMARY): worst=71.02u bone[18]='bone_R-pinky02.mesh' parent[14] R=47.4 exactJoint=2.44u pairs=30  (palette-wide exactWorst=10.36u)
[HANDS_ATTACH] mesh='hands_naked.mesh' owner='hands_naked.mesh' frame=5701 nb=40 wext=69.4 rebound=1
  TIER1 rest-coherence: worst=42.6deg bone[30]='bone_L-middlefinger03.mesh' count(>5deg)=36 freshRecap=0  xcheck(invOff-vs-restW) worst=42.6deg bone[30]
  TIER2 joint-attach(PRIMARY): worst=46.17u bone[4]='bone_R-middlefinger01.mesh' parent[1] R=38.2 exactJoint=0.00u pairs=36  (palette-wide exactWorst=5.46u)
[HANDS_ATTACH] mesh='hands_naked.mesh' owner='hands_naked.mesh' frame=5708 nb=38 wext=72.1 rebound=1
  TIER1 rest-coherence: worst=87.3deg bone[33]='bone_L-middlefinger03.mesh' count(>5deg)=34 freshRecap=0  xcheck(invOff-vs-restW) worst=87.3deg bone[33]
  TIER2 joint-attach(PRIMARY): worst=86.73u bone[29]='bone_L-hand.mesh' parent[22] R=49.4 exactJoint=0.14u pairs=30  (palette-wide exactWorst=4.53u)
[HANDS_ATTACH] mesh='hands_naked.mesh' owner='hands_naked.mesh' frame=5710 nb=38 wext=87.9 rebound=1
  TIER1 rest-coherence: worst=87.3deg bone[33]='bone_L-middlefinger03.mesh' count(>5deg)=34 freshRecap=0  xcheck(invOff-vs-restW) worst=87.3deg bone[33]
  TIER2 joint-attach(PRIMARY): worst=55.12u bone[13]='bone_R-hand.mesh' parent[5] R=49.4 exactJoint=0.00u pairs=30  (palette-wide exactWorst=0.78u)
[HANDS_ATTACH] mesh='hands_naked.mesh' owner='hands_naked.mesh' frame=5711 nb=40 wext=58.2 rebound=1
  TIER1 rest-coherence: worst=42.6deg bone[30]='bone_L-middlefinger03.mesh' count(>5deg)=36 freshRecap=0  xcheck(invOff-vs-restW) worst=42.6deg bone[30]
  TIER2 joint-attach(PRIMARY): worst=40.31u bone[16]='bone_R-thumb01.mesh' parent[1] R=38.3 exactJoint=0.00u pairs=36  (palette-wide exactWorst=5.46u)
[HANDS_ATTACH] mesh='hands_naked.mesh' owner='hands_naked.mesh' frame=5718 nb=38 wext=67.5 rebound=1
  TIER1 rest-coherence: worst=87.3deg bone[33]='bone_L-middlefinger03.mesh' count(>5deg)=34 freshRecap=0  xcheck(invOff-vs-restW) worst=87.3deg bone[33]
  TIER2 joint-attach(PRIMARY): worst=79.34u bone[29]='bone_L-hand.mesh' parent[22] R=49.4 exactJoint=0.14u pairs=30  (palette-wide exactWorst=4.51u)
[HANDS_ATTACH] mesh='hands_naked.mesh' owner='hands_naked.mesh' frame=5720 nb=38 wext=79.7 rebound=1
  TIER1 rest-coherence: worst=87.3deg bone[33]='bone_L-middlefinger03.mesh' count(>5deg)=34 freshRecap=0  xcheck(invOff-vs-restW) worst=87.3deg bone[33]
  TIER2 joint-attach(PRIMARY): worst=69.88u bone[13]='bone_R-hand.mesh' parent[5] R=49.4 exactJoint=0.00u pairs=30  (palette-wide exactWorst=5.50u)
[HANDS_ATTACH] mesh='hands_naked.mesh' owner='hands_naked.mesh' frame=5721 nb=40 wext=65.0 rebound=1
  TIER1 rest-coherence: worst=42.6deg bone[30]='bone_L-middlefinger03.mesh' count(>5deg)=36 freshRecap=0  xcheck(invOff-vs-restW) worst=42.6deg bone[30]
  TIER2 joint-attach(PRIMARY): worst=32.87u bone[4]='bone_R-middlefinger01.mesh' parent[1] R=38.2 exactJoint=0.00u pairs=36  (palette-wide exactWorst=5.46u)
[HANDS_ATTACH] mesh='hands_naked.mesh' owner='hands_naked.mesh' frame=5728 nb=38 wext=65.4 rebound=1
  TIER1 rest-coherence: worst=87.3deg bone[33]='bone_L-middlefinger03.mesh' count(>5deg)=34 freshRecap=0  xcheck(invOff-vs-restW) worst=87.3deg bone[33]
  TIER2 joint-attach(PRIMARY): worst=75.06u bone[29]='bone_L-hand.mesh' parent[22] R=49.4 exactJoint=0.14u pairs=30  (palette-wide exactWorst=4.51u)
[HANDS_ATTACH] mesh='hands_naked.mesh' owner='hands_naked.mesh' frame=5730 nb=38 wext=67.7 rebound=1
  TIER1 rest-coherence: worst=87.3deg bone[33]='bone_L-middlefinger03.mesh' count(>5deg)=34 freshRecap=0  xcheck(invOff-vs-restW) worst=87.3deg bone[33]
  TIER2 joint-attach(PRIMARY): worst=71.02u bone[18]='bone_R-pinky02.mesh' parent[14] R=47.4 exactJoint=2.44u pairs=30  (palette-wide exactWorst=10.36u)
[HANDS_ATTACH] mesh='hands_naked.mesh' owner='hands_naked.mesh' frame=5731 nb=40 wext=49.6 rebound=1
  TIER1 rest-coherence: worst=42.6deg bone[30]='bone_L-middlefinger03.mesh' count(>5deg)=36 freshRecap=0  xcheck(invOff-vs-restW) worst=42.6deg bone[30]
  TIER2 joint-attach(PRIMARY): worst=53.89u bone[16]='bone_R-thumb01.mesh' parent[1] R=38.3 exactJoint=0.89u pairs=36  (palette-wide exactWorst=5.46u)
[HANDS_ATTACH] mesh='hands_naked.mesh' owner='hands_naked.mesh' frame=5738 nb=38 wext=67.6 rebound=1
  TIER1 rest-coherence: worst=87.3deg bone[33]='bone_L-middlefinger03.mesh' count(>5deg)=34 freshRecap=0  xcheck(invOff-vs-restW) worst=87.3deg bone[33]
  TIER2 joint-attach(PRIMARY): worst=79.31u bone[29]='bone_L-hand.mesh' parent[22] R=49.4 exactJoint=0.14u pairs=30  (palette-wide exactWorst=4.47u)
[HANDS_ATTACH] mesh='hands_naked.mesh' owner='hands_naked.mesh' frame=5740 nb=38 wext=63.9 rebound=1
  TIER1 rest-coherence: worst=87.3deg bone[33]='bone_L-middlefinger03.mesh' count(>5deg)=34 freshRecap=0  xcheck(invOff-vs-restW) worst=87.3deg bone[33]
  TIER2 joint-attach(PRIMARY): worst=71.02u bone[18]='bone_R-pinky02.mesh' parent[14] R=47.4 exactJoint=2.44u pairs=30  (palette-wide exactWorst=10.36u)
[HANDS_ATTACH] mesh='hands_naked.mesh' owner='hands_naked.mesh' frame=5741 nb=40 wext=43.2 rebound=1
  TIER1 rest-coherence: worst=42.6deg bone[30]='bone_L-middlefinger03.mesh' count(>5deg)=36 freshRecap=0  xcheck(invOff-vs-restW) worst=42.6deg bone[30]
  TIER2 joint-attach(PRIMARY): worst=53.89u bone[16]='bone_R-thumb01.mesh' parent[1] R=38.3 exactJoint=0.89u pairs=36  (palette-wide exactWorst=5.46u)
[HANDS_ATTACH] mesh='hands_naked.mesh' owner='hands_naked.mesh' frame=5748 nb=38 wext=70.5 rebound=1
  TIER1 rest-coherence: worst=87.3deg bone[33]='bone_L-middlefinger03.mesh' count(>5deg)=34 freshRecap=0  xcheck(invOff-vs-restW) worst=87.3deg bone[33]
  TIER2 joint-attach(PRIMARY): worst=83.32u bone[29]='bone_L-hand.mesh' parent[22] R=49.4 exactJoint=0.14u pairs=30  (palette-wide exactWorst=4.46u)
[HANDS_ATTACH] mesh='hands_naked.mesh' owner='hands_naked.mesh' frame=5750 nb=38 wext=78.1 rebound=1
  TIER1 rest-coherence: worst=87.3deg bone[33]='bone_L-middlefinger03.mesh' count(>5deg)=34 freshRecap=0  xcheck(invOff-vs-restW) worst=87.3deg bone[33]
  TIER2 joint-attach(PRIMARY): worst=53.34u bone[18]='bone_R-pinky02.mesh' parent[14] R=47.4 exactJoint=0.00u pairs=30  (palette-wide exactWorst=2.16u)
[HANDS_ATTACH] mesh='hands_naked.mesh' owner='hands_naked.mesh' frame=5751 nb=40 wext=43.2 rebound=1
  TIER1 rest-coherence: worst=42.6deg bone[30]='bone_L-middlefinger03.mesh' count(>5deg)=36 freshRecap=0  xcheck(invOff-vs-restW) worst=42.6deg bone[30]
  TIER2 joint-attach(PRIMARY): worst=53.89u bone[16]='bone_R-thumb01.mesh' parent[1] R=38.3 exactJoint=0.89u pairs=36  (palette-wide exactWorst=5.46u)
