[HANDS_ATTACH] mesh='hands_naked.mesh' owner='hands_naked.mesh' frame=3 nb=38 wext=81.0 rebound=1
  TIER1 rest-coherence: worst=3.1deg bone[2]='bone_R-pinky03.mesh' count(>5deg)=0 freshRecap=38  xcheck(invOff-vs-restW) worst=3.1deg bone[2]
  TIER2 joint-attach(PRIMARY): worst=2.44u bone[18]='bone_R-pinky02.mesh' parent[14] R=46.7 exactJoint=0.01u pairs=30  (palette-wide exactWorst=0.34u)
[HANDS_ATTACH] mesh='hands_naked.mesh' owner='hands_naked.mesh' frame=3 nb=40 wext=56.1 rebound=1
  TIER1 rest-coherence: worst=3.1deg bone[2]='bone_R-foreTwist2.mesh' count(>5deg)=0 freshRecap=40  xcheck(invOff-vs-restW) worst=3.1deg bone[2]
  TIER2 joint-attach(PRIMARY): worst=0.59u bone[2]='bone_R-foreTwist2.mesh' parent[3] R=46.9 exactJoint=0.01u pairs=36  (palette-wide exactWorst=0.03u)
[HANDS_ATTACH] mesh='hands_naked.mesh' owner='hands_naked.mesh' frame=3 nb=38 wext=80.3 rebound=1
  TIER1 rest-coherence: worst=3.1deg bone[2]='bone_R-pinky03.mesh' count(>5deg)=0 freshRecap=38  xcheck(invOff-vs-restW) worst=3.1deg bone[2]
  TIER2 joint-attach(PRIMARY): worst=2.44u bone[18]='bone_R-pinky02.mesh' parent[14] R=46.7 exactJoint=0.01u pairs=30  (palette-wide exactWorst=0.01u)
[HANDS_ATTACH] mesh='hands_naked.mesh' owner='hands_naked.mesh' frame=23 nb=38 wext=81.0 rebound=1
  TIER1 rest-coherence: worst=3.1deg bone[2]='bone_R-pinky03.mesh' count(>5deg)=0 freshRecap=0  xcheck(invOff-vs-restW) worst=3.1deg bone[2]
  TIER2 joint-attach(PRIMARY): worst=2.44u bone[18]='bone_R-pinky02.mesh' parent[14] R=46.7 exactJoint=0.01u pairs=30  (palette-wide exactWorst=0.34u)
[HANDS_ATTACH] mesh='hands_naked.mesh' owner='hands_naked.mesh' frame=23 nb=40 wext=56.1 rebound=1
  TIER1 rest-coherence: worst=3.1deg bone[2]='bone_R-foreTwist2.mesh' count(>5deg)=0 freshRecap=0  xcheck(invOff-vs-restW) worst=3.1deg bone[2]
  TIER2 joint-attach(PRIMARY): worst=0.59u bone[2]='bone_R-foreTwist2.mesh' parent[3] R=46.9 exactJoint=0.01u pairs=36  (palette-wide exactWorst=0.03u)
[HANDS_ATTACH] mesh='hands_naked.mesh' owner='hands_naked.mesh' frame=23 nb=38 wext=80.3 rebound=1
  TIER1 rest-coherence: worst=3.1deg bone[2]='bone_R-pinky03.mesh' count(>5deg)=0 freshRecap=0  xcheck(invOff-vs-restW) worst=3.1deg bone[2]
  TIER2 joint-attach(PRIMARY): worst=2.44u bone[18]='bone_R-pinky02.mesh' parent[14] R=46.7 exactJoint=0.01u pairs=30  (palette-wide exactWorst=0.01u)
[HANDS_ATTACH] mesh='hands_naked.mesh' owner='hands_naked.mesh' frame=43 nb=38 wext=81.0 rebound=1
  TIER1 rest-coherence: worst=3.1deg bone[2]='bone_R-pinky03.mesh' count(>5deg)=0 freshRecap=0  xcheck(invOff-vs-restW) worst=3.1deg bone[2]
  TIER2 joint-attach(PRIMARY): worst=2.44u bone[18]='bone_R-pinky02.mesh' parent[14] R=46.7 exactJoint=0.01u pairs=30  (palette-wide exactWorst=0.34u)
[HANDS_ATTACH] mesh='hands_naked.mesh' owner='hands_naked.mesh' frame=43 nb=40 wext=56.1 rebound=1
  TIER1 rest-coherence: worst=3.1deg bone[2]='bone_R-foreTwist2.mesh' count(>5deg)=0 freshRecap=0  xcheck(invOff-vs-restW) worst=3.1deg bone[2]
  TIER2 joint-attach(PRIMARY): worst=0.59u bone[2]='bone_R-foreTwist2.mesh' parent[3] R=46.9 exactJoint=0.01u pairs=36  (palette-wide exactWorst=0.03u)
[HANDS_ATTACH] mesh='hands_naked.mesh' owner='hands_naked.mesh' frame=43 nb=38 wext=80.3 rebound=1
  TIER1 rest-coherence: worst=3.1deg bone[2]='bone_R-pinky03.mesh' count(>5deg)=0 freshRecap=0  xcheck(invOff-vs-restW) worst=3.1deg bone[2]
  TIER2 joint-attach(PRIMARY): worst=2.44u bone[18]='bone_R-pinky02.mesh' parent[14] R=46.7 exactJoint=0.01u pairs=30  (palette-wide exactWorst=0.01u)
[HANDS_ATTACH] mesh='hands_naked.mesh' owner='hands_naked.mesh' frame=63 nb=38 wext=81.0 rebound=1
  TIER1 rest-coherence: worst=3.1deg bone[2]='bone_R-pinky03.mesh' count(>5deg)=0 freshRecap=0  xcheck(invOff-vs-restW) worst=3.1deg bone[2]
  TIER2 joint-attach(PRIMARY): worst=2.44u bone[18]='bone_R-pinky02.mesh' parent[14] R=46.7 exactJoint=0.01u pairs=30  (palette-wide exactWorst=0.34u)
[HANDS_ATTACH] mesh='hands_naked.mesh' owner='hands_naked.mesh' frame=63 nb=40 wext=56.1 rebound=1
  TIER1 rest-coherence: worst=3.1deg bone[2]='bone_R-foreTwist2.mesh' count(>5deg)=0 freshRecap=0  xcheck(invOff-vs-restW) worst=3.1deg bone[2]
  TIER2 joint-attach(PRIMARY): worst=0.59u bone[2]='bone_R-foreTwist2.mesh' parent[3] R=46.9 exactJoint=0.01u pairs=36  (palette-wide exactWorst=0.03u)
[HANDS_ATTACH] mesh='hands_naked.mesh' owner='hands_naked.mesh' frame=63 nb=38 wext=80.3 rebound=1
  TIER1 rest-coherence: worst=3.1deg bone[2]='bone_R-pinky03.mesh' count(>5deg)=0 freshRecap=0  xcheck(invOff-vs-restW) worst=3.1deg bone[2]
  TIER2 joint-attach(PRIMARY): worst=2.44u bone[18]='bone_R-pinky02.mesh' parent[14] R=46.7 exactJoint=0.01u pairs=30  (palette-wide exactWorst=0.01u)
[HANDS_ATTACH] mesh='hands_naked.mesh' owner='hands_naked.mesh' frame=74 nb=38 wext=89.7 rebound=1
  TIER1 rest-coherence: worst=3.1deg bone[2]='bone_R-pinky03.mesh' count(>5deg)=0 freshRecap=0  xcheck(invOff-vs-restW) worst=3.1deg bone[2]
  TIER2 joint-attach(PRIMARY): worst=62.56u bone[2]='bone_R-pinky03.mesh' parent[18] R=46.1 exactJoint=0.74u pairs=30  (palette-wide exactWorst=8.63u)
[HANDS_ATTACH] mesh='hands_naked.mesh' owner='hands_naked.mesh' frame=74 nb=40 wext=54.4 rebound=1
  TIER1 rest-coherence: worst=3.1deg bone[2]='bone_R-foreTwist2.mesh' count(>5deg)=0 freshRecap=0  xcheck(invOff-vs-restW) worst=3.1deg bone[2]
  TIER2 joint-attach(PRIMARY): worst=58.32u bone[5]='bone_R-ringfinger02.mesh' parent[24] R=41.1 exactJoint=0.73u pairs=36  (palette-wide exactWorst=5.89u)
[HANDS_ATTACH] mesh='hands_naked.mesh' owner='hands_naked.mesh' frame=74 nb=38 wext=88.0 rebound=1
  TIER1 rest-coherence: worst=3.1deg bone[2]='bone_R-pinky03.mesh' count(>5deg)=0 freshRecap=0  xcheck(invOff-vs-restW) worst=3.1deg bone[2]
  TIER2 joint-attach(PRIMARY): worst=88.32u bone[18]='bone_R-pinky02.mesh' parent[14] R=46.7 exactJoint=3.03u pairs=30  (palette-wide exactWorst=8.56u)
[HANDS_ATTACH] mesh='hands_naked.mesh' owner='hands_naked.mesh' frame=84 nb=38 wext=90.0 rebound=1
  TIER1 rest-coherence: worst=3.1deg bone[2]='bone_R-pinky03.mesh' count(>5deg)=0 freshRecap=0  xcheck(invOff-vs-restW) worst=3.1deg bone[2]
  TIER2 joint-attach(PRIMARY): worst=62.56u bone[2]='bone_R-pinky03.mesh' parent[18] R=46.1 exactJoint=0.74u pairs=30  (palette-wide exactWorst=8.38u)
[HANDS_ATTACH] mesh='hands_naked.mesh' owner='hands_naked.mesh' frame=84 nb=40 wext=55.1 rebound=1
  TIER1 rest-coherence: worst=3.1deg bone[2]='bone_R-foreTwist2.mesh' count(>5deg)=0 freshRecap=0  xcheck(invOff-vs-restW) worst=3.1deg bone[2]
  TIER2 joint-attach(PRIMARY): worst=57.81u bone[5]='bone_R-ringfinger02.mesh' parent[24] R=41.1 exactJoint=0.42u pairs=36  (palette-wide exactWorst=5.70u)
[HANDS_ATTACH] mesh='hands_naked.mesh' owner='hands_naked.mesh' frame=84 nb=38 wext=88.1 rebound=1
  TIER1 rest-coherence: worst=3.1deg bone[2]='bone_R-pinky03.mesh' count(>5deg)=0 freshRecap=0  xcheck(invOff-vs-restW) worst=3.1deg bone[2]
  TIER2 joint-attach(PRIMARY): worst=85.43u bone[18]='bone_R-pinky02.mesh' parent[14] R=46.7 exactJoint=3.68u pairs=30  (palette-wide exactWorst=8.62u)
[HANDS_ATTACH] mesh='hands_naked.mesh' owner='hands_naked.mesh' frame=94 nb=38 wext=91.2 rebound=1
  TIER1 rest-coherence: worst=3.1deg bone[2]='bone_R-pinky03.mesh' count(>5deg)=0 freshRecap=0  xcheck(invOff-vs-restW) worst=3.1deg bone[2]
  TIER2 joint-attach(PRIMARY): worst=62.56u bone[2]='bone_R-pinky03.mesh' parent[18] R=46.1 exactJoint=0.74u pairs=30  (palette-wide exactWorst=8.50u)
[HANDS_ATTACH] mesh='hands_naked.mesh' owner='hands_naked.mesh' frame=94 nb=40 wext=56.0 rebound=1
  TIER1 rest-coherence: worst=3.1deg bone[2]='bone_R-foreTwist2.mesh' count(>5deg)=0 freshRecap=0  xcheck(invOff-vs-restW) worst=3.1deg bone[2]
  TIER2 joint-attach(PRIMARY): worst=57.25u bone[5]='bone_R-ringfinger02.mesh' parent[24] R=41.1 exactJoint=0.10u pairs=36  (palette-wide exactWorst=6.35u)
[HANDS_ATTACH] mesh='hands_naked.mesh' owner='hands_naked.mesh' frame=94 nb=38 wext=88.5 rebound=1
  TIER1 rest-coherence: worst=3.1deg bone[2]='bone_R-pinky03.mesh' count(>5deg)=0 freshRecap=0  xcheck(invOff-vs-restW) worst=3.1deg bone[2]
  TIER2 joint-attach(PRIMARY): worst=82.25u bone[18]='bone_R-pinky02.mesh' parent[14] R=46.7 exactJoint=4.36u pairs=30  (palette-wide exactWorst=8.57u)
[HANDS_ATTACH] mesh='hands_naked.mesh' owner='hands_naked.mesh' frame=104 nb=38 wext=92.2 rebound=1
  TIER1 rest-coherence: worst=3.1deg bone[2]='bone_R-pinky03.mesh' count(>5deg)=0 freshRecap=0  xcheck(invOff-vs-restW) worst=3.1deg bone[2]
  TIER2 joint-attach(PRIMARY): worst=62.56u bone[2]='bone_R-pinky03.mesh' parent[18] R=46.1 exactJoint=0.74u pairs=30  (palette-wide exactWorst=8.64u)
[HANDS_ATTACH] mesh='hands_naked.mesh' owner='hands_naked.mesh' frame=104 nb=40 wext=56.7 rebound=1
  TIER1 rest-coherence: worst=3.1deg bone[2]='bone_R-foreTwist2.mesh' count(>5deg)=0 freshRecap=0  xcheck(invOff-vs-restW) worst=3.1deg bone[2]
  TIER2 joint-attach(PRIMARY): worst=55.77u bone[5]='bone_R-ringfinger02.mesh' parent[24] R=41.1 exactJoint=0.02u pairs=36  (palette-wide exactWorst=6.98u)
[HANDS_ATTACH] mesh='hands_naked.mesh' owner='hands_naked.mesh' frame=104 nb=38 wext=89.2 rebound=1
  TIER1 rest-coherence: worst=3.1deg bone[2]='bone_R-pinky03.mesh' count(>5deg)=0 freshRecap=0  xcheck(invOff-vs-restW) worst=3.1deg bone[2]
  TIER2 joint-attach(PRIMARY): worst=78.79u bone[18]='bone_R-pinky02.mesh' parent[14] R=46.7 exactJoint=5.05u pairs=30  (palette-wide exactWorst=8.46u)
[HANDS_ATTACH] mesh='hands_naked.mesh' owner='hands_naked.mesh' frame=114 nb=38 wext=92.9 rebound=1
  TIER1 rest-coherence: worst=3.1deg bone[2]='bone_R-pinky03.mesh' count(>5deg)=0 freshRecap=0  xcheck(invOff-vs-restW) worst=3.1deg bone[2]
  TIER2 joint-attach(PRIMARY): worst=62.56u bone[2]='bone_R-pinky03.mesh' parent[18] R=46.1 exactJoint=0.74u pairs=30  (palette-wide exactWorst=8.59u)
[HANDS_ATTACH] mesh='hands_naked.mesh' owner='hands_naked.mesh' frame=114 nb=40 wext=57.4 rebound=1
  TIER1 rest-coherence: worst=3.1deg bone[2]='bone_R-foreTwist2.mesh' count(>5deg)=0 freshRecap=0  xcheck(invOff-vs-restW) worst=3.1deg bone[2]
  TIER2 joint-attach(PRIMARY): worst=53.77u bone[5]='bone_R-ringfinger02.mesh' parent[24] R=41.1 exactJoint=0.02u pairs=36  (palette-wide exactWorst=7.06u)
[HANDS_ATTACH] mesh='hands_naked.mesh' owner='hands_naked.mesh' frame=114 nb=38 wext=89.8 rebound=1
  TIER1 rest-coherence: worst=3.1deg bone[2]='bone_R-pinky03.mesh' count(>5deg)=0 freshRecap=0  xcheck(invOff-vs-restW) worst=3.1deg bone[2]
  TIER2 joint-attach(PRIMARY): worst=75.14u bone[18]='bone_R-pinky02.mesh' parent[14] R=46.7 exactJoint=5.71u pairs=30  (palette-wide exactWorst=8.63u)
[HANDS_ATTACH] mesh='hands_naked.mesh' owner='hands_naked.mesh' frame=124 nb=38 wext=93.1 rebound=1
  TIER1 rest-coherence: worst=3.1deg bone[2]='bone_R-pinky03.mesh' count(>5deg)=0 freshRecap=0  xcheck(invOff-vs-restW) worst=3.1deg bone[2]
  TIER2 joint-attach(PRIMARY): worst=62.56u bone[2]='bone_R-pinky03.mesh' parent[18] R=46.1 exactJoint=0.74u pairs=30  (palette-wide exactWorst=8.40u)
[HANDS_ATTACH] mesh='hands_naked.mesh' owner='hands_naked.mesh' frame=124 nb=40 wext=57.8 rebound=1
  TIER1 rest-coherence: worst=3.1deg bone[2]='bone_R-foreTwist2.mesh' count(>5deg)=0 freshRecap=0  xcheck(invOff-vs-restW) worst=3.1deg bone[2]
  TIER2 joint-attach(PRIMARY): worst=51.77u bone[5]='bone_R-ringfinger02.mesh' parent[24] R=41.1 exactJoint=0.02u pairs=36  (palette-wide exactWorst=6.79u)
[HANDS_ATTACH] mesh='hands_naked.mesh' owner='hands_naked.mesh' frame=124 nb=38 wext=90.3 rebound=1
  TIER1 rest-coherence: worst=3.1deg bone[2]='bone_R-pinky03.mesh' count(>5deg)=0 freshRecap=0  xcheck(invOff-vs-restW) worst=3.1deg bone[2]
  TIER2 joint-attach(PRIMARY): worst=71.41u bone[18]='bone_R-pinky02.mesh' parent[14] R=46.7 exactJoint=6.32u pairs=30  (palette-wide exactWorst=8.70u)
[HANDS_ATTACH] mesh='hands_naked.mesh' owner='hands_naked.mesh' frame=134 nb=38 wext=93.2 rebound=1
  TIER1 rest-coherence: worst=3.1deg bone[2]='bone_R-pinky03.mesh' count(>5deg)=0 freshRecap=0  xcheck(invOff-vs-restW) worst=3.1deg bone[2]
  TIER2 joint-attach(PRIMARY): worst=62.56u bone[2]='bone_R-pinky03.mesh' parent[18] R=46.1 exactJoint=0.74u pairs=30  (palette-wide exactWorst=8.12u)
[HANDS_ATTACH] mesh='hands_naked.mesh' owner='hands_naked.mesh' frame=134 nb=40 wext=58.1 rebound=1
  TIER1 rest-coherence: worst=3.1deg bone[2]='bone_R-foreTwist2.mesh' count(>5deg)=0 freshRecap=0  xcheck(invOff-vs-restW) worst=3.1deg bone[2]
  TIER2 joint-attach(PRIMARY): worst=49.82u bone[5]='bone_R-ringfinger02.mesh' parent[24] R=41.1 exactJoint=0.02u pairs=36  (palette-wide exactWorst=6.41u)
[HANDS_ATTACH] mesh='hands_naked.mesh' owner='hands_naked.mesh' frame=134 nb=38 wext=90.5 rebound=1
  TIER1 rest-coherence: worst=3.1deg bone[2]='bone_R-pinky03.mesh' count(>5deg)=0 freshRecap=0  xcheck(invOff-vs-restW) worst=3.1deg bone[2]
  TIER2 joint-attach(PRIMARY): worst=67.60u bone[18]='bone_R-pinky02.mesh' parent[14] R=46.7 exactJoint=6.87u pairs=30  (palette-wide exactWorst=8.68u)
[HANDS_ATTACH] mesh='hands_naked.mesh' owner='hands_naked.mesh' frame=144 nb=38 wext=93.2 rebound=1
  TIER1 rest-coherence: worst=3.1deg bone[2]='bone_R-pinky03.mesh' count(>5deg)=0 freshRecap=0  xcheck(invOff-vs-restW) worst=3.1deg bone[2]
  TIER2 joint-attach(PRIMARY): worst=62.52u bone[2]='bone_R-pinky03.mesh' parent[18] R=46.1 exactJoint=0.74u pairs=30  (palette-wide exactWorst=7.76u)
[HANDS_ATTACH] mesh='hands_naked.mesh' owner='hands_naked.mesh' frame=144 nb=40 wext=58.2 rebound=1
  TIER1 rest-coherence: worst=3.1deg bone[2]='bone_R-foreTwist2.mesh' count(>5deg)=0 freshRecap=0  xcheck(invOff-vs-restW) worst=3.1deg bone[2]
  TIER2 joint-attach(PRIMARY): worst=47.80u bone[5]='bone_R-ringfinger02.mesh' parent[24] R=41.1 exactJoint=0.02u pairs=36  (palette-wide exactWorst=7.17u)
[HANDS_ATTACH] mesh='hands_naked.mesh' owner='hands_naked.mesh' frame=144 nb=38 wext=90.1 rebound=1
  TIER1 rest-coherence: worst=3.1deg bone[2]='bone_R-pinky03.mesh' count(>5deg)=0 freshRecap=0  xcheck(invOff-vs-restW) worst=3.1deg bone[2]
  TIER2 joint-attach(PRIMARY): worst=63.48u bone[18]='bone_R-pinky02.mesh' parent[14] R=46.7 exactJoint=7.39u pairs=30  (palette-wide exactWorst=8.67u)
[HANDS_ATTACH] mesh='hands_naked.mesh' owner='hands_naked.mesh' frame=154 nb=38 wext=93.2 rebound=1
  TIER1 rest-coherence: worst=3.1deg bone[2]='bone_R-pinky03.mesh' count(>5deg)=0 freshRecap=0  xcheck(invOff-vs-restW) worst=3.1deg bone[2]
  TIER2 joint-attach(PRIMARY): worst=62.59u bone[2]='bone_R-pinky03.mesh' parent[18] R=46.1 exactJoint=0.74u pairs=30  (palette-wide exactWorst=7.37u)
[HANDS_ATTACH] mesh='hands_naked.mesh' owner='hands_naked.mesh' frame=154 nb=40 wext=58.1 rebound=1
  TIER1 rest-coherence: worst=3.1deg bone[2]='bone_R-foreTwist2.mesh' count(>5deg)=0 freshRecap=0  xcheck(invOff-vs-restW) worst=3.1deg bone[2]
  TIER2 joint-attach(PRIMARY): worst=45.77u bone[5]='bone_R-ringfinger02.mesh' parent[24] R=41.1 exactJoint=0.02u pairs=36  (palette-wide exactWorst=7.25u)
[HANDS_ATTACH] mesh='hands_naked.mesh' owner='hands_naked.mesh' frame=154 nb=38 wext=89.8 rebound=1
  TIER1 rest-coherence: worst=3.1deg bone[2]='bone_R-pinky03.mesh' count(>5deg)=0 freshRecap=0  xcheck(invOff-vs-restW) worst=3.1deg bone[2]
  TIER2 joint-attach(PRIMARY): worst=59.35u bone[18]='bone_R-pinky02.mesh' parent[14] R=46.7 exactJoint=7.82u pairs=30  (palette-wide exactWorst=8.70u)
[HANDS_ATTACH] mesh='hands_naked.mesh' owner='hands_naked.mesh' frame=164 nb=38 wext=93.0 rebound=1
  TIER1 rest-coherence: worst=3.1deg bone[2]='bone_R-pinky03.mesh' count(>5deg)=0 freshRecap=0  xcheck(invOff-vs-restW) worst=3.1deg bone[2]
  TIER2 joint-attach(PRIMARY): worst=63.37u bone[2]='bone_R-pinky03.mesh' parent[18] R=46.1 exactJoint=0.74u pairs=30  (palette-wide exactWorst=7.00u)
[HANDS_ATTACH] mesh='hands_naked.mesh' owner='hands_naked.mesh' frame=164 nb=40 wext=57.8 rebound=1
  TIER1 rest-coherence: worst=3.1deg bone[2]='bone_R-foreTwist2.mesh' count(>5deg)=0 freshRecap=0  xcheck(invOff-vs-restW) worst=3.1deg bone[2]
  TIER2 joint-attach(PRIMARY): worst=43.76u bone[5]='bone_R-ringfinger02.mesh' parent[24] R=41.1 exactJoint=0.02u pairs=36  (palette-wide exactWorst=6.81u)
[HANDS_ATTACH] mesh='hands_naked.mesh' owner='hands_naked.mesh' frame=164 nb=38 wext=89.9 rebound=1
  TIER1 rest-coherence: worst=3.1deg bone[2]='bone_R-pinky03.mesh' count(>5deg)=0 freshRecap=0  xcheck(invOff-vs-restW) worst=3.1deg bone[2]
  TIER2 joint-attach(PRIMARY): worst=55.21u bone[18]='bone_R-pinky02.mesh' parent[14] R=46.7 exactJoint=8.17u pairs=30  (palette-wide exactWorst=8.66u)
[HANDS_ATTACH] mesh='hands_naked.mesh' owner='hands_naked.mesh' frame=174 nb=38 wext=92.8 rebound=1
  TIER1 rest-coherence: worst=3.1deg bone[2]='bone_R-pinky03.mesh' count(>5deg)=0 freshRecap=0  xcheck(invOff-vs-restW) worst=3.1deg bone[2]
  TIER2 joint-attach(PRIMARY): worst=63.18u bone[2]='bone_R-pinky03.mesh' parent[18] R=46.1 exactJoint=0.82u pairs=30  (palette-wide exactWorst=6.92u)
[HANDS_ATTACH] mesh='hands_naked.mesh' owner='hands_naked.mesh' frame=174 nb=40 wext=58.2 rebound=1
  TIER1 rest-coherence: worst=3.1deg bone[2]='bone_R-foreTwist2.mesh' count(>5deg)=0 freshRecap=0  xcheck(invOff-vs-restW) worst=3.1deg bone[2]
  TIER2 joint-attach(PRIMARY): worst=41.87u bone[5]='bone_R-ringfinger02.mesh' parent[24] R=41.1 exactJoint=0.02u pairs=36  (palette-wide exactWorst=6.05u)
[HANDS_ATTACH] mesh='hands_naked.mesh' owner='hands_naked.mesh' frame=174 nb=38 wext=90.4 rebound=1
  TIER1 rest-coherence: worst=3.1deg bone[2]='bone_R-pinky03.mesh' count(>5deg)=0 freshRecap=0  xcheck(invOff-vs-restW) worst=3.1deg bone[2]
  TIER2 joint-attach(PRIMARY): worst=51.35u bone[18]='bone_R-pinky02.mesh' parent[14] R=46.7 exactJoint=8.41u pairs=30  (palette-wide exactWorst=8.57u)
[HANDS_ATTACH] mesh='hands_naked.mesh' owner='hands_naked.mesh' frame=184 nb=38 wext=92.9 rebound=1
  TIER1 rest-coherence: worst=3.1deg bone[2]='bone_R-pinky03.mesh' count(>5deg)=0 freshRecap=0  xcheck(invOff-vs-restW) worst=3.1deg bone[2]
  TIER2 joint-attach(PRIMARY): worst=62.60u bone[2]='bone_R-pinky03.mesh' parent[18] R=46.1 exactJoint=1.30u pairs=30  (palette-wide exactWorst=7.19u)
[HANDS_ATTACH] mesh='hands_naked.mesh' owner='hands_naked.mesh' frame=184 nb=40 wext=58.7 rebound=1
  TIER1 rest-coherence: worst=3.1deg bone[2]='bone_R-foreTwist2.mesh' count(>5deg)=0 freshRecap=0  xcheck(invOff-vs-restW) worst=3.1deg bone[2]
  TIER2 joint-attach(PRIMARY): worst=40.05u bone[5]='bone_R-ringfinger02.mesh' parent[24] R=41.1 exactJoint=0.02u pairs=36  (palette-wide exactWorst=6.35u)
[HANDS_ATTACH] mesh='hands_naked.mesh' owner='hands_naked.mesh' frame=184 nb=38 wext=91.5 rebound=1
  TIER1 rest-coherence: worst=3.1deg bone[2]='bone_R-pinky03.mesh' count(>5deg)=0 freshRecap=0  xcheck(invOff-vs-restW) worst=3.1deg bone[2]
  TIER2 joint-attach(PRIMARY): worst=49.85u bone[11]='bone_R-middlefinger02.mesh' parent[1] R=46.8 exactJoint=7.77u pairs=30  (palette-wide exactWorst=8.56u)
[HANDS_ATTACH] mesh='hands_naked.mesh' owner='hands_naked.mesh' frame=194 nb=38 wext=93.1 rebound=1
  TIER1 rest-coherence: worst=3.1deg bone[2]='bone_R-pinky03.mesh' count(>5deg)=0 freshRecap=0  xcheck(invOff-vs-restW) worst=3.1deg bone[2]
  TIER2 joint-attach(PRIMARY): worst=61.50u bone[2]='bone_R-pinky03.mesh' parent[18] R=46.1 exactJoint=2.13u pairs=30  (palette-wide exactWorst=7.64u)
[HANDS_ATTACH] mesh='hands_naked.mesh' owner='hands_naked.mesh' frame=194 nb=40 wext=59.1 rebound=1
  TIER1 rest-coherence: worst=3.1deg bone[2]='bone_R-foreTwist2.mesh' count(>5deg)=0 freshRecap=0  xcheck(invOff-vs-restW) worst=3.1deg bone[2]
  TIER2 joint-attach(PRIMARY): worst=38.31u bone[5]='bone_R-ringfinger02.mesh' parent[24] R=41.1 exactJoint=0.02u pairs=36  (palette-wide exactWorst=7.07u)
[HANDS_ATTACH] mesh='hands_naked.mesh' owner='hands_naked.mesh' frame=194 nb=38 wext=92.3 rebound=1
  TIER1 rest-coherence: worst=3.1deg bone[2]='bone_R-pinky03.mesh' count(>5deg)=0 freshRecap=0  xcheck(invOff-vs-restW) worst=3.1deg bone[2]
  TIER2 joint-attach(PRIMARY): worst=50.37u bone[11]='bone_R-middlefinger02.mesh' parent[1] R=46.8 exactJoint=7.53u pairs=30  (palette-wide exactWorst=8.63u)
[HANDS_ATTACH] mesh='hands_naked.mesh' owner='hands_naked.mesh' frame=204 nb=38 wext=93.1 rebound=1
  TIER1 rest-coherence: worst=3.1deg bone[2]='bone_R-pinky03.mesh' count(>5deg)=0 freshRecap=0  xcheck(invOff-vs-restW) worst=3.1deg bone[2]
  TIER2 joint-attach(PRIMARY): worst=59.61u bone[2]='bone_R-pinky03.mesh' parent[18] R=46.1 exactJoint=3.24u pairs=30  (palette-wide exactWorst=8.07u)
[HANDS_ATTACH] mesh='hands_naked.mesh' owner='hands_naked.mesh' frame=204 nb=40 wext=59.1 rebound=1
  TIER1 rest-coherence: worst=3.1deg bone[2]='bone_R-foreTwist2.mesh' count(>5deg)=0 freshRecap=0  xcheck(invOff-vs-restW) worst=3.1deg bone[2]
  TIER2 joint-attach(PRIMARY): worst=36.63u bone[5]='bone_R-ringfinger02.mesh' parent[24] R=41.1 exactJoint=0.02u pairs=36  (palette-wide exactWorst=7.31u)
[HANDS_ATTACH] mesh='hands_naked.mesh' owner='hands_naked.mesh' frame=204 nb=38 wext=93.0 rebound=1
  TIER1 rest-coherence: worst=3.1deg bone[2]='bone_R-pinky03.mesh' count(>5deg)=0 freshRecap=0  xcheck(invOff-vs-restW) worst=3.1deg bone[2]
  TIER2 joint-attach(PRIMARY): worst=50.87u bone[11]='bone_R-middlefinger02.mesh' parent[1] R=46.8 exactJoint=7.28u pairs=30  (palette-wide exactWorst=8.63u)
[HANDS_ATTACH] mesh='hands_naked.mesh' owner='hands_naked.mesh' frame=214 nb=38 wext=93.0 rebound=1
  TIER1 rest-coherence: worst=3.1deg bone[2]='bone_R-pinky03.mesh' count(>5deg)=0 freshRecap=0  xcheck(invOff-vs-restW) worst=3.1deg bone[2]
  TIER2 joint-attach(PRIMARY): worst=56.79u bone[2]='bone_R-pinky03.mesh' parent[18] R=46.1 exactJoint=4.52u pairs=30  (palette-wide exactWorst=8.42u)
[HANDS_ATTACH] mesh='hands_naked.mesh' owner='hands_naked.mesh' frame=214 nb=40 wext=59.0 rebound=1
  TIER1 rest-coherence: worst=3.1deg bone[2]='bone_R-foreTwist2.mesh' count(>5deg)=0 freshRecap=0  xcheck(invOff-vs-restW) worst=3.1deg bone[2]
  TIER2 joint-attach(PRIMARY): worst=35.07u bone[5]='bone_R-ringfinger02.mesh' parent[24] R=41.1 exactJoint=0.02u pairs=36  (palette-wide exactWorst=6.86u)
[HANDS_ATTACH] mesh='hands_naked.mesh' owner='hands_naked.mesh' frame=214 nb=38 wext=93.7 rebound=1
  TIER1 rest-coherence: worst=3.1deg bone[2]='bone_R-pinky03.mesh' count(>5deg)=0 freshRecap=0  xcheck(invOff-vs-restW) worst=3.1deg bone[2]
  TIER2 joint-attach(PRIMARY): worst=51.22u bone[11]='bone_R-middlefinger02.mesh' parent[1] R=46.8 exactJoint=7.07u pairs=30  (palette-wide exactWorst=8.59u)
[HANDS_ATTACH] mesh='hands_naked.mesh' owner='hands_naked.mesh' frame=224 nb=38 wext=92.7 rebound=1
  TIER1 rest-coherence: worst=3.1deg bone[2]='bone_R-pinky03.mesh' count(>5deg)=0 freshRecap=0  xcheck(invOff-vs-restW) worst=3.1deg bone[2]
  TIER2 joint-attach(PRIMARY): worst=52.91u bone[2]='bone_R-pinky03.mesh' parent[18] R=46.1 exactJoint=5.85u pairs=30  (palette-wide exactWorst=8.62u)
[HANDS_ATTACH] mesh='hands_naked.mesh' owner='hands_naked.mesh' frame=224 nb=40 wext=59.8 rebound=1
  TIER1 rest-coherence: worst=3.1deg bone[2]='bone_R-foreTwist2.mesh' count(>5deg)=0 freshRecap=0  xcheck(invOff-vs-restW) worst=3.1deg bone[2]
  TIER2 joint-attach(PRIMARY): worst=33.64u bone[5]='bone_R-ringfinger02.mesh' parent[24] R=41.1 exactJoint=0.02u pairs=36  (palette-wide exactWorst=6.89u)
[HANDS_ATTACH] mesh='hands_naked.mesh' owner='hands_naked.mesh' frame=224 nb=38 wext=94.4 rebound=1
  TIER1 rest-coherence: worst=3.1deg bone[2]='bone_R-pinky03.mesh' count(>5deg)=0 freshRecap=0  xcheck(invOff-vs-restW) worst=3.1deg bone[2]
  TIER2 joint-attach(PRIMARY): worst=51.47u bone[11]='bone_R-middlefinger02.mesh' parent[1] R=46.8 exactJoint=6.89u pairs=30  (palette-wide exactWorst=8.52u)
[HANDS_ATTACH] mesh='hands_naked.mesh' owner='hands_naked.mesh' frame=234 nb=38 wext=92.4 rebound=1
  TIER1 rest-coherence: worst=3.1deg bone[2]='bone_R-pinky03.mesh' count(>5deg)=0 freshRecap=0  xcheck(invOff-vs-restW) worst=3.1deg bone[2]
  TIER2 joint-attach(PRIMARY): worst=48.13u bone[2]='bone_R-pinky03.mesh' parent[18] R=46.1 exactJoint=7.05u pairs=30  (palette-wide exactWorst=8.61u)
[HANDS_ATTACH] mesh='hands_naked.mesh' owner='hands_naked.mesh' frame=234 nb=40 wext=60.6 rebound=1
  TIER1 rest-coherence: worst=3.1deg bone[2]='bone_R-foreTwist2.mesh' count(>5deg)=0 freshRecap=0  xcheck(invOff-vs-restW) worst=3.1deg bone[2]
  TIER2 joint-attach(PRIMARY): worst=32.32u bone[5]='bone_R-ringfinger02.mesh' parent[24] R=41.1 exactJoint=0.02u pairs=36  (palette-wide exactWorst=7.06u)
[HANDS_ATTACH] mesh='hands_naked.mesh' owner='hands_naked.mesh' frame=234 nb=38 wext=94.7 rebound=1
  TIER1 rest-coherence: worst=3.1deg bone[2]='bone_R-pinky03.mesh' count(>5deg)=0 freshRecap=0  xcheck(invOff-vs-restW) worst=3.1deg bone[2]
  TIER2 joint-attach(PRIMARY): worst=51.67u bone[11]='bone_R-middlefinger02.mesh' parent[1] R=46.8 exactJoint=6.74u pairs=30  (palette-wide exactWorst=8.44u)
[HANDS_ATTACH] mesh='hands_naked.mesh' owner='hands_naked.mesh' frame=244 nb=38 wext=92.1 rebound=1
  TIER1 rest-coherence: worst=3.1deg bone[2]='bone_R-pinky03.mesh' count(>5deg)=0 freshRecap=0  xcheck(invOff-vs-restW) worst=3.1deg bone[2]
  TIER2 joint-attach(PRIMARY): worst=47.69u bone[11]='bone_R-middlefinger02.mesh' parent[1] R=46.8 exactJoint=6.66u pairs=30  (palette-wide exactWorst=8.41u)
[HANDS_ATTACH] mesh='hands_naked.mesh' owner='hands_naked.mesh' frame=244 nb=40 wext=60.6 rebound=1
  TIER1 rest-coherence: worst=3.1deg bone[2]='bone_R-foreTwist2.mesh' count(>5deg)=0 freshRecap=0  xcheck(invOff-vs-restW) worst=3.1deg bone[2]
  TIER2 joint-attach(PRIMARY): worst=33.50u bone[39]='bone_L-ringfinger02.mesh' parent[38] R=41.1 exactJoint=0.02u pairs=36  (palette-wide exactWorst=6.80u)
[HANDS_ATTACH] mesh='hands_naked.mesh' owner='hands_naked.mesh' frame=244 nb=38 wext=94.9 rebound=1
  TIER1 rest-coherence: worst=3.1deg bone[2]='bone_R-pinky03.mesh' count(>5deg)=0 freshRecap=0  xcheck(invOff-vs-restW) worst=3.1deg bone[2]
  TIER2 joint-attach(PRIMARY): worst=51.79u bone[11]='bone_R-middlefinger02.mesh' parent[1] R=46.8 exactJoint=6.65u pairs=30  (palette-wide exactWorst=8.39u)
[HANDS_ATTACH] mesh='hands_naked.mesh' owner='hands_naked.mesh' frame=254 nb=38 wext=92.2 rebound=1
  TIER1 rest-coherence: worst=3.1deg bone[2]='bone_R-pinky03.mesh' count(>5deg)=0 freshRecap=0  xcheck(invOff-vs-restW) worst=3.1deg bone[2]
  TIER2 joint-attach(PRIMARY): worst=49.10u bone[11]='bone_R-middlefinger02.mesh' parent[1] R=46.8 exactJoint=6.66u pairs=30  (palette-wide exactWorst=8.46u)
[HANDS_ATTACH] mesh='hands_naked.mesh' owner='hands_naked.mesh' frame=254 nb=40 wext=60.3 rebound=1
  TIER1 rest-coherence: worst=3.1deg bone[2]='bone_R-foreTwist2.mesh' count(>5deg)=0 freshRecap=0  xcheck(invOff-vs-restW) worst=3.1deg bone[2]
  TIER2 joint-attach(PRIMARY): worst=34.33u bone[39]='bone_L-ringfinger02.mesh' parent[38] R=41.1 exactJoint=0.16u pairs=36  (palette-wide exactWorst=5.98u)
[HANDS_ATTACH] mesh='hands_naked.mesh' owner='hands_naked.mesh' frame=254 nb=38 wext=94.9 rebound=1
  TIER1 rest-coherence: worst=3.1deg bone[2]='bone_R-pinky03.mesh' count(>5deg)=0 freshRecap=0  xcheck(invOff-vs-restW) worst=3.1deg bone[2]
  TIER2 joint-attach(PRIMARY): worst=51.84u bone[11]='bone_R-middlefinger02.mesh' parent[1] R=46.8 exactJoint=6.61u pairs=30  (palette-wide exactWorst=8.38u)
[HANDS_ATTACH] mesh='hands_naked.mesh' owner='hands_naked.mesh' frame=264 nb=38 wext=92.2 rebound=1
  TIER1 rest-coherence: worst=3.1deg bone[2]='bone_R-pinky03.mesh' count(>5deg)=0 freshRecap=0  xcheck(invOff-vs-restW) worst=3.1deg bone[2]
  TIER2 joint-attach(PRIMARY): worst=50.33u bone[11]='bone_R-middlefinger02.mesh' parent[1] R=46.8 exactJoint=6.66u pairs=30  (palette-wide exactWorst=8.62u)
[HANDS_ATTACH] mesh='hands_naked.mesh' owner='hands_naked.mesh' frame=264 nb=40 wext=60.0 rebound=1
  TIER1 rest-coherence: worst=3.1deg bone[2]='bone_R-foreTwist2.mesh' count(>5deg)=0 freshRecap=0  xcheck(invOff-vs-restW) worst=3.1deg bone[2]
  TIER2 joint-attach(PRIMARY): worst=34.89u bone[39]='bone_L-ringfinger02.mesh' parent[38] R=41.1 exactJoint=0.44u pairs=36  (palette-wide exactWorst=5.94u)
[HANDS_ATTACH] mesh='hands_naked.mesh' owner='hands_naked.mesh' frame=264 nb=38 wext=96.1 rebound=1
  TIER1 rest-coherence: worst=3.1deg bone[2]='bone_R-pinky03.mesh' count(>5deg)=0 freshRecap=0  xcheck(invOff-vs-restW) worst=3.1deg bone[2]
  TIER2 joint-attach(PRIMARY): worst=51.86u bone[11]='bone_R-middlefinger02.mesh' parent[1] R=46.8 exactJoint=6.59u pairs=30  (palette-wide exactWorst=8.39u)
[HANDS_ATTACH] mesh='hands_naked.mesh' owner='hands_naked.mesh' frame=274 nb=38 wext=92.2 rebound=1
  TIER1 rest-coherence: worst=3.1deg bone[2]='bone_R-pinky03.mesh' count(>5deg)=0 freshRecap=0  xcheck(invOff-vs-restW) worst=3.1deg bone[2]
  TIER2 joint-attach(PRIMARY): worst=51.21u bone[11]='bone_R-middlefinger02.mesh' parent[1] R=46.8 exactJoint=6.67u pairs=30  (palette-wide exactWorst=8.54u)
[HANDS_ATTACH] mesh='hands_naked.mesh' owner='hands_naked.mesh' frame=274 nb=40 wext=60.1 rebound=1
  TIER1 rest-coherence: worst=3.1deg bone[2]='bone_R-foreTwist2.mesh' count(>5deg)=0 freshRecap=0  xcheck(invOff-vs-restW) worst=3.1deg bone[2]
  TIER2 joint-attach(PRIMARY): worst=35.39u bone[39]='bone_L-ringfinger02.mesh' parent[38] R=41.1 exactJoint=0.72u pairs=36  (palette-wide exactWorst=6.11u)
[HANDS_ATTACH] mesh='hands_naked.mesh' owner='hands_naked.mesh' frame=274 nb=38 wext=97.6 rebound=1
  TIER1 rest-coherence: worst=3.1deg bone[2]='bone_R-pinky03.mesh' count(>5deg)=0 freshRecap=0  xcheck(invOff-vs-restW) worst=3.1deg bone[2]
  TIER2 joint-attach(PRIMARY): worst=51.84u bone[11]='bone_R-middlefinger02.mesh' parent[1] R=46.8 exactJoint=6.61u pairs=30  (palette-wide exactWorst=8.39u)
[HANDS_ATTACH] mesh='hands_naked.mesh' owner='hands_naked.mesh' frame=284 nb=38 wext=92.1 rebound=1
  TIER1 rest-coherence: worst=3.1deg bone[2]='bone_R-pinky03.mesh' count(>5deg)=0 freshRecap=0  xcheck(invOff-vs-restW) worst=3.1deg bone[2]
  TIER2 joint-attach(PRIMARY): worst=51.73u bone[11]='bone_R-middlefinger02.mesh' parent[1] R=46.8 exactJoint=6.67u pairs=30  (palette-wide exactWorst=8.40u)
[HANDS_ATTACH] mesh='hands_naked.mesh' owner='hands_naked.mesh' frame=284 nb=40 wext=60.2 rebound=1
  TIER1 rest-coherence: worst=3.1deg bone[2]='bone_R-foreTwist2.mesh' count(>5deg)=0 freshRecap=0  xcheck(invOff-vs-restW) worst=3.1deg bone[2]
  TIER2 joint-attach(PRIMARY): worst=35.81u bone[39]='bone_L-ringfinger02.mesh' parent[38] R=41.1 exactJoint=0.97u pairs=36  (palette-wide exactWorst=6.26u)
[HANDS_ATTACH] mesh='hands_naked.mesh' owner='hands_naked.mesh' frame=284 nb=38 wext=98.8 rebound=1
  TIER1 rest-coherence: worst=3.1deg bone[2]='bone_R-pinky03.mesh' count(>5deg)=0 freshRecap=0  xcheck(invOff-vs-restW) worst=3.1deg bone[2]
  TIER2 joint-attach(PRIMARY): worst=51.80u bone[11]='bone_R-middlefinger02.mesh' parent[1] R=46.8 exactJoint=6.65u pairs=30  (palette-wide exactWorst=8.39u)
[HANDS_ATTACH] mesh='hands_naked.mesh' owner='hands_naked.mesh' frame=294 nb=38 wext=91.7 rebound=1
  TIER1 rest-coherence: worst=3.1deg bone[2]='bone_R-pinky03.mesh' count(>5deg)=0 freshRecap=0  xcheck(invOff-vs-restW) worst=3.1deg bone[2]
  TIER2 joint-attach(PRIMARY): worst=51.96u bone[11]='bone_R-middlefinger02.mesh' parent[1] R=46.8 exactJoint=6.67u pairs=30  (palette-wide exactWorst=8.33u)
[HANDS_ATTACH] mesh='hands_naked.mesh' owner='hands_naked.mesh' frame=294 nb=40 wext=60.2 rebound=1
  TIER1 rest-coherence: worst=3.1deg bone[2]='bone_R-foreTwist2.mesh' count(>5deg)=0 freshRecap=0  xcheck(invOff-vs-restW) worst=3.1deg bone[2]
  TIER2 joint-attach(PRIMARY): worst=36.14u bone[39]='bone_L-ringfinger02.mesh' parent[38] R=41.1 exactJoint=1.19u pairs=36  (palette-wide exactWorst=6.38u)
[HANDS_ATTACH] mesh='hands_naked.mesh' owner='hands_naked.mesh' frame=294 nb=38 wext=99.6 rebound=1
  TIER1 rest-coherence: worst=3.1deg bone[2]='bone_R-pinky03.mesh' count(>5deg)=0 freshRecap=0  xcheck(invOff-vs-restW) worst=3.1deg bone[2]
  TIER2 joint-attach(PRIMARY): worst=51.72u bone[11]='bone_R-middlefinger02.mesh' parent[1] R=46.8 exactJoint=6.72u pairs=30  (palette-wide exactWorst=8.43u)
[HANDS_ATTACH] mesh='hands_naked.mesh' owner='hands_naked.mesh' frame=304 nb=38 wext=91.1 rebound=1
  TIER1 rest-coherence: worst=3.1deg bone[2]='bone_R-pinky03.mesh' count(>5deg)=0 freshRecap=0  xcheck(invOff-vs-restW) worst=3.1deg bone[2]
  TIER2 joint-attach(PRIMARY): worst=52.01u bone[11]='bone_R-middlefinger02.mesh' parent[1] R=46.8 exactJoint=6.67u pairs=30  (palette-wide exactWorst=8.31u)
[HANDS_ATTACH] mesh='hands_naked.mesh' owner='hands_naked.mesh' frame=304 nb=40 wext=60.3 rebound=1
  TIER1 rest-coherence: worst=3.1deg bone[2]='bone_R-foreTwist2.mesh' count(>5deg)=0 freshRecap=0  xcheck(invOff-vs-restW) worst=3.1deg bone[2]
  TIER2 joint-attach(PRIMARY): worst=36.41u bone[39]='bone_L-ringfinger02.mesh' parent[38] R=41.1 exactJoint=1.38u pairs=36  (palette-wide exactWorst=6.47u)
[HANDS_ATTACH] mesh='hands_naked.mesh' owner='hands_naked.mesh' frame=304 nb=38 wext=99.9 rebound=1
  TIER1 rest-coherence: worst=3.1deg bone[2]='bone_R-pinky03.mesh' count(>5deg)=0 freshRecap=0  xcheck(invOff-vs-restW) worst=3.1deg bone[2]
  TIER2 joint-attach(PRIMARY): worst=51.56u bone[11]='bone_R-middlefinger02.mesh' parent[1] R=46.8 exactJoint=6.82u pairs=30  (palette-wide exactWorst=8.48u)
[HANDS_ATTACH] mesh='hands_naked.mesh' owner='hands_naked.mesh' frame=314 nb=38 wext=90.4 rebound=1
  TIER1 rest-coherence: worst=3.1deg bone[2]='bone_R-pinky03.mesh' count(>5deg)=0 freshRecap=0  xcheck(invOff-vs-restW) worst=3.1deg bone[2]
  TIER2 joint-attach(PRIMARY): worst=51.92u bone[11]='bone_R-middlefinger02.mesh' parent[1] R=46.8 exactJoint=6.67u pairs=30  (palette-wide exactWorst=8.35u)
[HANDS_ATTACH] mesh='hands_naked.mesh' owner='hands_naked.mesh' frame=314 nb=40 wext=60.3 rebound=1
  TIER1 rest-coherence: worst=3.1deg bone[2]='bone_R-foreTwist2.mesh' count(>5deg)=0 freshRecap=0  xcheck(invOff-vs-restW) worst=3.1deg bone[2]
  TIER2 joint-attach(PRIMARY): worst=36.62u bone[39]='bone_L-ringfinger02.mesh' parent[38] R=41.1 exactJoint=1.52u pairs=36  (palette-wide exactWorst=6.54u)
[HANDS_ATTACH] mesh='hands_naked.mesh' owner='hands_naked.mesh' frame=314 nb=38 wext=100.0 rebound=1
  TIER1 rest-coherence: worst=3.1deg bone[2]='bone_R-pinky03.mesh' count(>5deg)=0 freshRecap=0  xcheck(invOff-vs-restW) worst=3.1deg bone[2]
  TIER2 joint-attach(PRIMARY): worst=51.45u bone[11]='bone_R-middlefinger02.mesh' parent[1] R=46.8 exactJoint=6.91u pairs=30  (palette-wide exactWorst=8.53u)
[HANDS_ATTACH] mesh='hands_naked.mesh' owner='hands_naked.mesh' frame=324 nb=38 wext=89.5 rebound=1
  TIER1 rest-coherence: worst=3.1deg bone[2]='bone_R-pinky03.mesh' count(>5deg)=0 freshRecap=0  xcheck(invOff-vs-restW) worst=3.1deg bone[2]
  TIER2 joint-attach(PRIMARY): worst=51.71u bone[11]='bone_R-middlefinger02.mesh' parent[1] R=46.8 exactJoint=6.67u pairs=30  (palette-wide exactWorst=8.41u)
[HANDS_ATTACH] mesh='hands_naked.mesh' owner='hands_naked.mesh' frame=324 nb=40 wext=60.2 rebound=1
  TIER1 rest-coherence: worst=3.1deg bone[2]='bone_R-foreTwist2.mesh' count(>5deg)=0 freshRecap=0  xcheck(invOff-vs-restW) worst=3.1deg bone[2]
  TIER2 joint-attach(PRIMARY): worst=36.77u bone[39]='bone_L-ringfinger02.mesh' parent[38] R=41.1 exactJoint=1.63u pairs=36  (palette-wide exactWorst=6.59u)
[HANDS_ATTACH] mesh='hands_naked.mesh' owner='hands_naked.mesh' frame=324 nb=38 wext=99.9 rebound=1
  TIER1 rest-coherence: worst=3.1deg bone[2]='bone_R-pinky03.mesh' count(>5deg)=0 freshRecap=0  xcheck(invOff-vs-restW) worst=3.1deg bone[2]
  TIER2 joint-attach(PRIMARY): worst=51.24u bone[11]='bone_R-middlefinger02.mesh' parent[1] R=46.8 exactJoint=7.04u pairs=30  (palette-wide exactWorst=8.58u)
[HANDS_ATTACH] mesh='hands_naked.mesh' owner='hands_naked.mesh' frame=334 nb=38 wext=88.5 rebound=1
  TIER1 rest-coherence: worst=3.1deg bone[2]='bone_R-pinky03.mesh' count(>5deg)=0 freshRecap=0  xcheck(invOff-vs-restW) worst=3.1deg bone[2]
  TIER2 joint-attach(PRIMARY): worst=51.37u bone[11]='bone_R-middlefinger02.mesh' parent[1] R=46.8 exactJoint=6.67u pairs=30  (palette-wide exactWorst=8.51u)
[HANDS_ATTACH] mesh='hands_naked.mesh' owner='hands_naked.mesh' frame=334 nb=40 wext=59.9 rebound=1
  TIER1 rest-coherence: worst=3.1deg bone[2]='bone_R-foreTwist2.mesh' count(>5deg)=0 freshRecap=0  xcheck(invOff-vs-restW) worst=3.1deg bone[2]
  TIER2 joint-attach(PRIMARY): worst=36.86u bone[39]='bone_L-ringfinger02.mesh' parent[38] R=41.1 exactJoint=1.69u pairs=36  (palette-wide exactWorst=6.62u)
[HANDS_ATTACH] mesh='hands_naked.mesh' owner='hands_naked.mesh' frame=334 nb=38 wext=99.8 rebound=1
  TIER1 rest-coherence: worst=3.1deg bone[2]='bone_R-pinky03.mesh' count(>5deg)=0 freshRecap=0  xcheck(invOff-vs-restW) worst=3.1deg bone[2]
  TIER2 joint-attach(PRIMARY): worst=51.02u bone[11]='bone_R-middlefinger02.mesh' parent[1] R=46.8 exactJoint=7.18u pairs=30  (palette-wide exactWorst=8.62u)
[HANDS_ATTACH] mesh='hands_naked.mesh' owner='hands_naked.mesh' frame=344 nb=38 wext=87.4 rebound=1
  TIER1 rest-coherence: worst=3.1deg bone[2]='bone_R-pinky03.mesh' count(>5deg)=0 freshRecap=0  xcheck(invOff-vs-restW) worst=3.1deg bone[2]
  TIER2 joint-attach(PRIMARY): worst=50.95u bone[11]='bone_R-middlefinger02.mesh' parent[1] R=46.8 exactJoint=6.67u pairs=30  (palette-wide exactWorst=8.60u)
[HANDS_ATTACH] mesh='hands_naked.mesh' owner='hands_naked.mesh' frame=344 nb=40 wext=59.5 rebound=1
  TIER1 rest-coherence: worst=3.1deg bone[2]='bone_R-foreTwist2.mesh' count(>5deg)=0 freshRecap=0  xcheck(invOff-vs-restW) worst=3.1deg bone[2]
  TIER2 joint-attach(PRIMARY): worst=36.88u bone[39]='bone_L-ringfinger02.mesh' parent[38] R=41.1 exactJoint=1.71u pairs=36  (palette-wide exactWorst=6.63u)
[HANDS_ATTACH] mesh='hands_naked.mesh' owner='hands_naked.mesh' frame=344 nb=38 wext=99.1 rebound=1
  TIER1 rest-coherence: worst=3.1deg bone[2]='bone_R-pinky03.mesh' count(>5deg)=0 freshRecap=0  xcheck(invOff-vs-restW) worst=3.1deg bone[2]
  TIER2 joint-attach(PRIMARY): worst=50.76u bone[11]='bone_R-middlefinger02.mesh' parent[1] R=46.8 exactJoint=7.33u pairs=30  (palette-wide exactWorst=8.64u)
[HANDS_ATTACH] mesh='hands_naked.mesh' owner='hands_naked.mesh' frame=354 nb=38 wext=86.6 rebound=1
  TIER1 rest-coherence: worst=3.1deg bone[2]='bone_R-pinky03.mesh' count(>5deg)=0 freshRecap=0  xcheck(invOff-vs-restW) worst=3.1deg bone[2]
  TIER2 joint-attach(PRIMARY): worst=50.44u bone[11]='bone_R-middlefinger02.mesh' parent[1] R=46.8 exactJoint=6.67u pairs=30  (palette-wide exactWorst=8.64u)
[HANDS_ATTACH] mesh='hands_naked.mesh' owner='hands_naked.mesh' frame=354 nb=40 wext=59.1 rebound=1
  TIER1 rest-coherence: worst=3.1deg bone[2]='bone_R-foreTwist2.mesh' count(>5deg)=0 freshRecap=0  xcheck(invOff-vs-restW) worst=3.1deg bone[2]
  TIER2 joint-attach(PRIMARY): worst=36.83u bone[39]='bone_L-ringfinger02.mesh' parent[38] R=41.1 exactJoint=1.67u pairs=36  (palette-wide exactWorst=6.61u)
[HANDS_ATTACH] mesh='hands_naked.mesh' owner='hands_naked.mesh' frame=354 nb=38 wext=97.7 rebound=1
  TIER1 rest-coherence: worst=3.1deg bone[2]='bone_R-pinky03.mesh' count(>5deg)=0 freshRecap=0  xcheck(invOff-vs-restW) worst=3.1deg bone[2]
  TIER2 joint-attach(PRIMARY): worst=50.46u bone[11]='bone_R-middlefinger02.mesh' parent[1] R=46.8 exactJoint=7.49u pairs=30  (palette-wide exactWorst=8.63u)
[HANDS_ATTACH] mesh='hands_naked.mesh' owner='hands_naked.mesh' frame=364 nb=38 wext=86.0 rebound=1
  TIER1 rest-coherence: worst=3.1deg bone[2]='bone_R-pinky03.mesh' count(>5deg)=0 freshRecap=0  xcheck(invOff-vs-restW) worst=3.1deg bone[2]
  TIER2 joint-attach(PRIMARY): worst=49.80u bone[11]='bone_R-middlefinger02.mesh' parent[1] R=46.8 exactJoint=6.67u pairs=30  (palette-wide exactWorst=8.63u)
[HANDS_ATTACH] mesh='hands_naked.mesh' owner='hands_naked.mesh' frame=364 nb=40 wext=58.6 rebound=1
  TIER1 rest-coherence: worst=3.1deg bone[2]='bone_R-foreTwist2.mesh' count(>5deg)=0 freshRecap=0  xcheck(invOff-vs-restW) worst=3.1deg bone[2]
  TIER2 joint-attach(PRIMARY): worst=37.63u bone[5]='bone_R-ringfinger02.mesh' parent[24] R=41.1 exactJoint=0.02u pairs=36  (palette-wide exactWorst=6.55u)
[HANDS_ATTACH] mesh='hands_naked.mesh' owner='hands_naked.mesh' frame=364 nb=38 wext=95.6 rebound=1
  TIER1 rest-coherence: worst=3.1deg bone[2]='bone_R-pinky03.mesh' count(>5deg)=0 freshRecap=0  xcheck(invOff-vs-restW) worst=3.1deg bone[2]
  TIER2 joint-attach(PRIMARY): worst=50.13u bone[11]='bone_R-middlefinger02.mesh' parent[1] R=46.8 exactJoint=7.65u pairs=30  (palette-wide exactWorst=8.60u)
[HANDS_ATTACH] mesh='hands_naked.mesh' owner='hands_naked.mesh' frame=374 nb=38 wext=85.8 rebound=1
  TIER1 rest-coherence: worst=3.1deg bone[2]='bone_R-pinky03.mesh' count(>5deg)=0 freshRecap=0  xcheck(invOff-vs-restW) worst=3.1deg bone[2]
  TIER2 joint-attach(PRIMARY): worst=49.07u bone[11]='bone_R-middlefinger02.mesh' parent[1] R=46.8 exactJoint=6.67u pairs=30  (palette-wide exactWorst=8.55u)
[HANDS_ATTACH] mesh='hands_naked.mesh' owner='hands_naked.mesh' frame=374 nb=40 wext=58.1 rebound=1
  TIER1 rest-coherence: worst=3.1deg bone[2]='bone_R-foreTwist2.mesh' count(>5deg)=0 freshRecap=0  xcheck(invOff-vs-restW) worst=3.1deg bone[2]
  TIER2 joint-attach(PRIMARY): worst=39.68u bone[5]='bone_R-ringfinger02.mesh' parent[24] R=41.1 exactJoint=0.02u pairs=36  (palette-wide exactWorst=6.45u)
[HANDS_ATTACH] mesh='hands_naked.mesh' owner='hands_naked.mesh' frame=374 nb=38 wext=93.9 rebound=1
  TIER1 rest-coherence: worst=3.1deg bone[2]='bone_R-pinky03.mesh' count(>5deg)=0 freshRecap=0  xcheck(invOff-vs-restW) worst=3.1deg bone[2]
  TIER2 joint-attach(PRIMARY): worst=49.73u bone[11]='bone_R-middlefinger02.mesh' parent[1] R=46.8 exactJoint=7.82u pairs=30  (palette-wide exactWorst=8.67u)
[HANDS_ATTACH] mesh='hands_naked.mesh' owner='hands_naked.mesh' frame=384 nb=38 wext=86.5 rebound=1
  TIER1 rest-coherence: worst=3.1deg bone[2]='bone_R-pinky03.mesh' count(>5deg)=0 freshRecap=0  xcheck(invOff-vs-restW) worst=3.1deg bone[2]
  TIER2 joint-attach(PRIMARY): worst=47.85u bone[11]='bone_R-middlefinger02.mesh' parent[1] R=46.8 exactJoint=6.66u pairs=30  (palette-wide exactWorst=8.38u)
[HANDS_ATTACH] mesh='hands_naked.mesh' owner='hands_naked.mesh' frame=384 nb=40 wext=57.2 rebound=1
  TIER1 rest-coherence: worst=3.1deg bone[2]='bone_R-foreTwist2.mesh' count(>5deg)=0 freshRecap=0  xcheck(invOff-vs-restW) worst=3.1deg bone[2]
  TIER2 joint-attach(PRIMARY): worst=42.99u bone[5]='bone_R-ringfinger02.mesh' parent[24] R=41.1 exactJoint=0.02u pairs=36  (palette-wide exactWorst=6.54u)
[HANDS_ATTACH] mesh='hands_naked.mesh' owner='hands_naked.mesh' frame=384 nb=38 wext=92.3 rebound=1
  TIER1 rest-coherence: worst=3.1deg bone[2]='bone_R-pinky03.mesh' count(>5deg)=0 freshRecap=0  xcheck(invOff-vs-restW) worst=3.1deg bone[2]
  TIER2 joint-attach(PRIMARY): worst=52.48u bone[18]='bone_R-pinky02.mesh' parent[14] R=46.7 exactJoint=8.34u pairs=30  (palette-wide exactWorst=8.69u)
[HANDS_ATTACH] mesh='hands_naked.mesh' owner='hands_naked.mesh' frame=394 nb=38 wext=87.5 rebound=1
  TIER1 rest-coherence: worst=3.1deg bone[2]='bone_R-pinky03.mesh' count(>5deg)=0 freshRecap=0  xcheck(invOff-vs-restW) worst=3.1deg bone[2]
  TIER2 joint-attach(PRIMARY): worst=46.84u bone[4]='bone_R-middlefinger03.mesh' parent[11] R=45.9 exactJoint=6.84u pairs=30  (palette-wide exactWorst=8.54u)
[HANDS_ATTACH] mesh='hands_naked.mesh' owner='hands_naked.mesh' frame=394 nb=40 wext=58.1 rebound=1
  TIER1 rest-coherence: worst=3.1deg bone[2]='bone_R-foreTwist2.mesh' count(>5deg)=0 freshRecap=0  xcheck(invOff-vs-restW) worst=3.1deg bone[2]
  TIER2 joint-attach(PRIMARY): worst=45.67u bone[5]='bone_R-ringfinger02.mesh' parent[24] R=41.1 exactJoint=0.02u pairs=36  (palette-wide exactWorst=7.24u)
[HANDS_ATTACH] mesh='hands_naked.mesh' owner='hands_naked.mesh' frame=394 nb=38 wext=93.2 rebound=1
  TIER1 rest-coherence: worst=3.1deg bone[2]='bone_R-pinky03.mesh' count(>5deg)=0 freshRecap=0  xcheck(invOff-vs-restW) worst=3.1deg bone[2]
  TIER2 joint-attach(PRIMARY): worst=55.66u bone[18]='bone_R-pinky02.mesh' parent[14] R=46.7 exactJoint=8.13u pairs=30  (palette-wide exactWorst=8.59u)
[HANDS_ATTACH] mesh='hands_naked.mesh' owner='hands_naked.mesh' frame=406 nb=38 wext=91.8 rebound=1
  TIER1 rest-coherence: worst=3.1deg bone[2]='bone_R-pinky03.mesh' count(>5deg)=0 freshRecap=0  xcheck(invOff-vs-restW) worst=3.1deg bone[2]
  TIER2 joint-attach(PRIMARY): worst=92.40u bone[17]='bone_R-ringfinger02.mesh' parent[15] R=46.7 exactJoint=0.91u pairs=30  (palette-wide exactWorst=8.25u)
[HANDS_ATTACH] mesh='hands_naked.mesh' owner='hands_naked.mesh' frame=406 nb=40 wext=61.1 rebound=1
  TIER1 rest-coherence: worst=3.1deg bone[2]='bone_R-foreTwist2.mesh' count(>5deg)=0 freshRecap=0  xcheck(invOff-vs-restW) worst=3.1deg bone[2]
  TIER2 joint-attach(PRIMARY): worst=37.46u bone[7]='bone_R-middlefinger03.mesh' parent[0] R=40.0 exactJoint=0.01u pairs=36  (palette-wide exactWorst=1.37u)
[HANDS_ATTACH] mesh='hands_naked.mesh' owner='hands_naked.mesh' frame=406 nb=38 wext=91.5 rebound=1
  TIER1 rest-coherence: worst=3.1deg bone[2]='bone_R-pinky03.mesh' count(>5deg)=0 freshRecap=0  xcheck(invOff-vs-restW) worst=3.1deg bone[2]
  TIER2 joint-attach(PRIMARY): worst=60.79u bone[11]='bone_R-middlefinger02.mesh' parent[1] R=46.8 exactJoint=0.01u pairs=30  (palette-wide exactWorst=8.05u)
[HANDS_ATTACH] mesh='hands_naked.mesh' owner='hands_naked.mesh' frame=416 nb=38 wext=92.0 rebound=1
  TIER1 rest-coherence: worst=3.1deg bone[2]='bone_R-pinky03.mesh' count(>5deg)=0 freshRecap=0  xcheck(invOff-vs-restW) worst=3.1deg bone[2]
  TIER2 joint-attach(PRIMARY): worst=92.40u bone[17]='bone_R-ringfinger02.mesh' parent[15] R=46.7 exactJoint=0.91u pairs=30  (palette-wide exactWorst=8.25u)
[HANDS_ATTACH] mesh='hands_naked.mesh' owner='hands_naked.mesh' frame=416 nb=40 wext=60.8 rebound=1
  TIER1 rest-coherence: worst=3.1deg bone[2]='bone_R-foreTwist2.mesh' count(>5deg)=0 freshRecap=0  xcheck(invOff-vs-restW) worst=3.1deg bone[2]
  TIER2 joint-attach(PRIMARY): worst=37.46u bone[7]='bone_R-middlefinger03.mesh' parent[0] R=40.0 exactJoint=0.01u pairs=36  (palette-wide exactWorst=1.37u)
[HANDS_ATTACH] mesh='hands_naked.mesh' owner='hands_naked.mesh' frame=416 nb=38 wext=91.5 rebound=1
  TIER1 rest-coherence: worst=3.1deg bone[2]='bone_R-pinky03.mesh' count(>5deg)=0 freshRecap=0  xcheck(invOff-vs-restW) worst=3.1deg bone[2]
  TIER2 joint-attach(PRIMARY): worst=60.80u bone[11]='bone_R-middlefinger02.mesh' parent[1] R=46.8 exactJoint=0.01u pairs=30  (palette-wide exactWorst=8.05u)
[HANDS_ATTACH] mesh='hands_naked.mesh' owner='hands_naked.mesh' frame=426 nb=38 wext=92.7 rebound=1
  TIER1 rest-coherence: worst=3.1deg bone[2]='bone_R-pinky03.mesh' count(>5deg)=0 freshRecap=0  xcheck(invOff-vs-restW) worst=3.1deg bone[2]
  TIER2 joint-attach(PRIMARY): worst=92.40u bone[17]='bone_R-ringfinger02.mesh' parent[15] R=46.7 exactJoint=0.91u pairs=30  (palette-wide exactWorst=8.25u)
[HANDS_ATTACH] mesh='hands_naked.mesh' owner='hands_naked.mesh' frame=426 nb=40 wext=60.5 rebound=1
  TIER1 rest-coherence: worst=3.1deg bone[2]='bone_R-foreTwist2.mesh' count(>5deg)=0 freshRecap=0  xcheck(invOff-vs-restW) worst=3.1deg bone[2]
  TIER2 joint-attach(PRIMARY): worst=37.46u bone[7]='bone_R-middlefinger03.mesh' parent[0] R=40.0 exactJoint=0.01u pairs=36  (palette-wide exactWorst=1.37u)
[HANDS_ATTACH] mesh='hands_naked.mesh' owner='hands_naked.mesh' frame=426 nb=38 wext=91.6 rebound=1
  TIER1 rest-coherence: worst=3.1deg bone[2]='bone_R-pinky03.mesh' count(>5deg)=0 freshRecap=0  xcheck(invOff-vs-restW) worst=3.1deg bone[2]
  TIER2 joint-attach(PRIMARY): worst=60.80u bone[11]='bone_R-middlefinger02.mesh' parent[1] R=46.8 exactJoint=0.01u pairs=30  (palette-wide exactWorst=8.05u)
[HANDS_ATTACH] mesh='hands_naked.mesh' owner='hands_naked.mesh' frame=436 nb=38 wext=94.1 rebound=1
  TIER1 rest-coherence: worst=3.1deg bone[2]='bone_R-pinky03.mesh' count(>5deg)=0 freshRecap=0  xcheck(invOff-vs-restW) worst=3.1deg bone[2]
  TIER2 joint-attach(PRIMARY): worst=92.40u bone[17]='bone_R-ringfinger02.mesh' parent[15] R=46.7 exactJoint=0.91u pairs=30  (palette-wide exactWorst=8.25u)
[HANDS_ATTACH] mesh='hands_naked.mesh' owner='hands_naked.mesh' frame=436 nb=40 wext=60.3 rebound=1
  TIER1 rest-coherence: worst=3.1deg bone[2]='bone_R-foreTwist2.mesh' count(>5deg)=0 freshRecap=0  xcheck(invOff-vs-restW) worst=3.1deg bone[2]
  TIER2 joint-attach(PRIMARY): worst=37.46u bone[7]='bone_R-middlefinger03.mesh' parent[0] R=40.0 exactJoint=0.01u pairs=36  (palette-wide exactWorst=1.37u)
[HANDS_ATTACH] mesh='hands_naked.mesh' owner='hands_naked.mesh' frame=436 nb=38 wext=91.5 rebound=1
  TIER1 rest-coherence: worst=3.1deg bone[2]='bone_R-pinky03.mesh' count(>5deg)=0 freshRecap=0  xcheck(invOff-vs-restW) worst=3.1deg bone[2]
  TIER2 joint-attach(PRIMARY): worst=60.80u bone[11]='bone_R-middlefinger02.mesh' parent[1] R=46.8 exactJoint=0.01u pairs=30  (palette-wide exactWorst=8.05u)
[HANDS_ATTACH] mesh='hands_naked.mesh' owner='hands_naked.mesh' frame=446 nb=38 wext=95.0 rebound=1
  TIER1 rest-coherence: worst=3.1deg bone[2]='bone_R-pinky03.mesh' count(>5deg)=0 freshRecap=0  xcheck(invOff-vs-restW) worst=3.1deg bone[2]
  TIER2 joint-attach(PRIMARY): worst=92.41u bone[17]='bone_R-ringfinger02.mesh' parent[15] R=46.7 exactJoint=0.91u pairs=30  (palette-wide exactWorst=8.25u)
[HANDS_ATTACH] mesh='hands_naked.mesh' owner='hands_naked.mesh' frame=446 nb=40 wext=60.2 rebound=1
  TIER1 rest-coherence: worst=3.1deg bone[2]='bone_R-foreTwist2.mesh' count(>5deg)=0 freshRecap=0  xcheck(invOff-vs-restW) worst=3.1deg bone[2]
  TIER2 joint-attach(PRIMARY): worst=37.46u bone[7]='bone_R-middlefinger03.mesh' parent[0] R=40.0 exactJoint=0.01u pairs=36  (palette-wide exactWorst=1.37u)
[HANDS_ATTACH] mesh='hands_naked.mesh' owner='hands_naked.mesh' frame=446 nb=38 wext=91.5 rebound=1
  TIER1 rest-coherence: worst=3.1deg bone[2]='bone_R-pinky03.mesh' count(>5deg)=0 freshRecap=0  xcheck(invOff-vs-restW) worst=3.1deg bone[2]
  TIER2 joint-attach(PRIMARY): worst=60.80u bone[11]='bone_R-middlefinger02.mesh' parent[1] R=46.8 exactJoint=0.01u pairs=30  (palette-wide exactWorst=8.05u)
[HANDS_ATTACH] mesh='hands_naked.mesh' owner='hands_naked.mesh' frame=456 nb=38 wext=96.4 rebound=1
  TIER1 rest-coherence: worst=3.1deg bone[2]='bone_R-pinky03.mesh' count(>5deg)=0 freshRecap=0  xcheck(invOff-vs-restW) worst=3.1deg bone[2]
  TIER2 joint-attach(PRIMARY): worst=92.40u bone[17]='bone_R-ringfinger02.mesh' parent[15] R=46.7 exactJoint=0.91u pairs=30  (palette-wide exactWorst=8.25u)
[HANDS_ATTACH] mesh='hands_naked.mesh' owner='hands_naked.mesh' frame=456 nb=40 wext=60.5 rebound=1
  TIER1 rest-coherence: worst=3.1deg bone[2]='bone_R-foreTwist2.mesh' count(>5deg)=0 freshRecap=0  xcheck(invOff-vs-restW) worst=3.1deg bone[2]
  TIER2 joint-attach(PRIMARY): worst=37.46u bone[7]='bone_R-middlefinger03.mesh' parent[0] R=40.0 exactJoint=0.01u pairs=36  (palette-wide exactWorst=1.37u)
[HANDS_ATTACH] mesh='hands_naked.mesh' owner='hands_naked.mesh' frame=456 nb=38 wext=91.6 rebound=1
  TIER1 rest-coherence: worst=3.1deg bone[2]='bone_R-pinky03.mesh' count(>5deg)=0 freshRecap=0  xcheck(invOff-vs-restW) worst=3.1deg bone[2]
  TIER2 joint-attach(PRIMARY): worst=60.80u bone[11]='bone_R-middlefinger02.mesh' parent[1] R=46.8 exactJoint=0.01u pairs=30  (palette-wide exactWorst=8.05u)
[HANDS_ATTACH] mesh='hands_naked.mesh' owner='hands_naked.mesh' frame=466 nb=38 wext=97.3 rebound=1
  TIER1 rest-coherence: worst=3.1deg bone[2]='bone_R-pinky03.mesh' count(>5deg)=0 freshRecap=0  xcheck(invOff-vs-restW) worst=3.1deg bone[2]
  TIER2 joint-attach(PRIMARY): worst=92.41u bone[17]='bone_R-ringfinger02.mesh' parent[15] R=46.7 exactJoint=0.91u pairs=30  (palette-wide exactWorst=8.25u)
[HANDS_ATTACH] mesh='hands_naked.mesh' owner='hands_naked.mesh' frame=466 nb=40 wext=61.1 rebound=1
  TIER1 rest-coherence: worst=3.1deg bone[2]='bone_R-foreTwist2.mesh' count(>5deg)=0 freshRecap=0  xcheck(invOff-vs-restW) worst=3.1deg bone[2]
  TIER2 joint-attach(PRIMARY): worst=37.46u bone[7]='bone_R-middlefinger03.mesh' parent[0] R=40.0 exactJoint=0.01u pairs=36  (palette-wide exactWorst=1.37u)
[HANDS_ATTACH] mesh='hands_naked.mesh' owner='hands_naked.mesh' frame=466 nb=38 wext=91.6 rebound=1
  TIER1 rest-coherence: worst=3.1deg bone[2]='bone_R-pinky03.mesh' count(>5deg)=0 freshRecap=0  xcheck(invOff-vs-restW) worst=3.1deg bone[2]
  TIER2 joint-attach(PRIMARY): worst=60.80u bone[11]='bone_R-middlefinger02.mesh' parent[1] R=46.8 exactJoint=0.01u pairs=30  (palette-wide exactWorst=8.05u)
[HANDS_ATTACH] mesh='hands_naked.mesh' owner='hands_naked.mesh' frame=476 nb=38 wext=97.9 rebound=1
  TIER1 rest-coherence: worst=3.1deg bone[2]='bone_R-pinky03.mesh' count(>5deg)=0 freshRecap=0  xcheck(invOff-vs-restW) worst=3.1deg bone[2]
  TIER2 joint-attach(PRIMARY): worst=92.40u bone[17]='bone_R-ringfinger02.mesh' parent[15] R=46.7 exactJoint=0.91u pairs=30  (palette-wide exactWorst=8.25u)
[HANDS_ATTACH] mesh='hands_naked.mesh' owner='hands_naked.mesh' frame=476 nb=40 wext=61.6 rebound=1
  TIER1 rest-coherence: worst=3.1deg bone[2]='bone_R-foreTwist2.mesh' count(>5deg)=0 freshRecap=0  xcheck(invOff-vs-restW) worst=3.1deg bone[2]
  TIER2 joint-attach(PRIMARY): worst=37.46u bone[7]='bone_R-middlefinger03.mesh' parent[0] R=40.0 exactJoint=0.01u pairs=36  (palette-wide exactWorst=1.37u)
[HANDS_ATTACH] mesh='hands_naked.mesh' owner='hands_naked.mesh' frame=476 nb=38 wext=91.6 rebound=1
  TIER1 rest-coherence: worst=3.1deg bone[2]='bone_R-pinky03.mesh' count(>5deg)=0 freshRecap=0  xcheck(invOff-vs-restW) worst=3.1deg bone[2]
  TIER2 joint-attach(PRIMARY): worst=60.80u bone[11]='bone_R-middlefinger02.mesh' parent[1] R=46.8 exactJoint=0.01u pairs=30  (palette-wide exactWorst=8.05u)
[HANDS_ATTACH] mesh='hands_naked.mesh' owner='hands_naked.mesh' frame=486 nb=38 wext=98.2 rebound=1
  TIER1 rest-coherence: worst=3.1deg bone[2]='bone_R-pinky03.mesh' count(>5deg)=0 freshRecap=0  xcheck(invOff-vs-restW) worst=3.1deg bone[2]
  TIER2 joint-attach(PRIMARY): worst=92.40u bone[17]='bone_R-ringfinger02.mesh' parent[15] R=46.7 exactJoint=0.91u pairs=30  (palette-wide exactWorst=8.25u)
[HANDS_ATTACH] mesh='hands_naked.mesh' owner='hands_naked.mesh' frame=486 nb=40 wext=61.9 rebound=1
  TIER1 rest-coherence: worst=3.1deg bone[2]='bone_R-foreTwist2.mesh' count(>5deg)=0 freshRecap=0  xcheck(invOff-vs-restW) worst=3.1deg bone[2]
  TIER2 joint-attach(PRIMARY): worst=37.46u bone[7]='bone_R-middlefinger03.mesh' parent[0] R=40.0 exactJoint=0.01u pairs=36  (palette-wide exactWorst=1.37u)
[HANDS_ATTACH] mesh='hands_naked.mesh' owner='hands_naked.mesh' frame=486 nb=38 wext=91.6 rebound=1
  TIER1 rest-coherence: worst=3.1deg bone[2]='bone_R-pinky03.mesh' count(>5deg)=0 freshRecap=0  xcheck(invOff-vs-restW) worst=3.1deg bone[2]
  TIER2 joint-attach(PRIMARY): worst=60.80u bone[11]='bone_R-middlefinger02.mesh' parent[1] R=46.8 exactJoint=0.01u pairs=30  (palette-wide exactWorst=8.05u)
[HANDS_ATTACH] mesh='hands_naked.mesh' owner='hands_naked.mesh' frame=496 nb=38 wext=98.4 rebound=1
  TIER1 rest-coherence: worst=3.1deg bone[2]='bone_R-pinky03.mesh' count(>5deg)=0 freshRecap=0  xcheck(invOff-vs-restW) worst=3.1deg bone[2]
  TIER2 joint-attach(PRIMARY): worst=92.40u bone[17]='bone_R-ringfinger02.mesh' parent[15] R=46.7 exactJoint=0.91u pairs=30  (palette-wide exactWorst=8.25u)
[HANDS_ATTACH] mesh='hands_naked.mesh' owner='hands_naked.mesh' frame=496 nb=40 wext=62.5 rebound=1
  TIER1 rest-coherence: worst=3.1deg bone[2]='bone_R-foreTwist2.mesh' count(>5deg)=0 freshRecap=0  xcheck(invOff-vs-restW) worst=3.1deg bone[2]
  TIER2 joint-attach(PRIMARY): worst=37.46u bone[7]='bone_R-middlefinger03.mesh' parent[0] R=40.0 exactJoint=0.01u pairs=36  (palette-wide exactWorst=1.37u)
[HANDS_ATTACH] mesh='hands_naked.mesh' owner='hands_naked.mesh' frame=496 nb=38 wext=91.5 rebound=1
  TIER1 rest-coherence: worst=3.1deg bone[2]='bone_R-pinky03.mesh' count(>5deg)=0 freshRecap=0  xcheck(invOff-vs-restW) worst=3.1deg bone[2]
  TIER2 joint-attach(PRIMARY): worst=60.80u bone[11]='bone_R-middlefinger02.mesh' parent[1] R=46.8 exactJoint=0.01u pairs=30  (palette-wide exactWorst=8.05u)
[HANDS_ATTACH] mesh='hands_naked.mesh' owner='hands_naked.mesh' frame=506 nb=38 wext=99.8 rebound=1
  TIER1 rest-coherence: worst=3.1deg bone[2]='bone_R-pinky03.mesh' count(>5deg)=0 freshRecap=0  xcheck(invOff-vs-restW) worst=3.1deg bone[2]
  TIER2 joint-attach(PRIMARY): worst=92.40u bone[17]='bone_R-ringfinger02.mesh' parent[15] R=46.7 exactJoint=0.91u pairs=30  (palette-wide exactWorst=8.25u)
[HANDS_ATTACH] mesh='hands_naked.mesh' owner='hands_naked.mesh' frame=506 nb=40 wext=62.8 rebound=1
  TIER1 rest-coherence: worst=3.1deg bone[2]='bone_R-foreTwist2.mesh' count(>5deg)=0 freshRecap=0  xcheck(invOff-vs-restW) worst=3.1deg bone[2]
  TIER2 joint-attach(PRIMARY): worst=37.46u bone[7]='bone_R-middlefinger03.mesh' parent[0] R=40.0 exactJoint=0.01u pairs=36  (palette-wide exactWorst=1.37u)
[HANDS_ATTACH] mesh='hands_naked.mesh' owner='hands_naked.mesh' frame=506 nb=38 wext=91.5 rebound=1
  TIER1 rest-coherence: worst=3.1deg bone[2]='bone_R-pinky03.mesh' count(>5deg)=0 freshRecap=0  xcheck(invOff-vs-restW) worst=3.1deg bone[2]
  TIER2 joint-attach(PRIMARY): worst=60.80u bone[11]='bone_R-middlefinger02.mesh' parent[1] R=46.8 exactJoint=0.01u pairs=30  (palette-wide exactWorst=8.05u)
[HANDS_ATTACH] mesh='hands_naked.mesh' owner='hands_naked.mesh' frame=516 nb=38 wext=100.5 rebound=1
  TIER1 rest-coherence: worst=3.1deg bone[2]='bone_R-pinky03.mesh' count(>5deg)=0 freshRecap=0  xcheck(invOff-vs-restW) worst=3.1deg bone[2]
  TIER2 joint-attach(PRIMARY): worst=92.41u bone[17]='bone_R-ringfinger02.mesh' parent[15] R=46.7 exactJoint=0.91u pairs=30  (palette-wide exactWorst=8.25u)
[HANDS_ATTACH] mesh='hands_naked.mesh' owner='hands_naked.mesh' frame=516 nb=40 wext=63.0 rebound=1
  TIER1 rest-coherence: worst=3.1deg bone[2]='bone_R-foreTwist2.mesh' count(>5deg)=0 freshRecap=0  xcheck(invOff-vs-restW) worst=3.1deg bone[2]
  TIER2 joint-attach(PRIMARY): worst=37.46u bone[7]='bone_R-middlefinger03.mesh' parent[0] R=40.0 exactJoint=0.01u pairs=36  (palette-wide exactWorst=1.37u)
[HANDS_ATTACH] mesh='hands_naked.mesh' owner='hands_naked.mesh' frame=516 nb=38 wext=91.5 rebound=1
  TIER1 rest-coherence: worst=3.1deg bone[2]='bone_R-pinky03.mesh' count(>5deg)=0 freshRecap=0  xcheck(invOff-vs-restW) worst=3.1deg bone[2]
  TIER2 joint-attach(PRIMARY): worst=60.80u bone[11]='bone_R-middlefinger02.mesh' parent[1] R=46.8 exactJoint=0.01u pairs=30  (palette-wide exactWorst=8.05u)
[HANDS_ATTACH] mesh='hands_naked.mesh' owner='hands_naked.mesh' frame=526 nb=38 wext=100.6 rebound=1
  TIER1 rest-coherence: worst=3.1deg bone[2]='bone_R-pinky03.mesh' count(>5deg)=0 freshRecap=0  xcheck(invOff-vs-restW) worst=3.1deg bone[2]
  TIER2 joint-attach(PRIMARY): worst=92.40u bone[17]='bone_R-ringfinger02.mesh' parent[15] R=46.7 exactJoint=0.91u pairs=30  (palette-wide exactWorst=8.25u)
[HANDS_ATTACH] mesh='hands_naked.mesh' owner='hands_naked.mesh' frame=526 nb=40 wext=62.9 rebound=1
  TIER1 rest-coherence: worst=3.1deg bone[2]='bone_R-foreTwist2.mesh' count(>5deg)=0 freshRecap=0  xcheck(invOff-vs-restW) worst=3.1deg bone[2]
  TIER2 joint-attach(PRIMARY): worst=37.46u bone[7]='bone_R-middlefinger03.mesh' parent[0] R=40.0 exactJoint=0.01u pairs=36  (palette-wide exactWorst=1.37u)
[HANDS_ATTACH] mesh='hands_naked.mesh' owner='hands_naked.mesh' frame=526 nb=38 wext=91.5 rebound=1
  TIER1 rest-coherence: worst=3.1deg bone[2]='bone_R-pinky03.mesh' count(>5deg)=0 freshRecap=0  xcheck(invOff-vs-restW) worst=3.1deg bone[2]
  TIER2 joint-attach(PRIMARY): worst=60.80u bone[11]='bone_R-middlefinger02.mesh' parent[1] R=46.8 exactJoint=0.01u pairs=30  (palette-wide exactWorst=8.05u)
[HANDS_ATTACH] mesh='hands_naked.mesh' owner='hands_naked.mesh' frame=536 nb=38 wext=100.3 rebound=1
  TIER1 rest-coherence: worst=3.1deg bone[2]='bone_R-pinky03.mesh' count(>5deg)=0 freshRecap=0  xcheck(invOff-vs-restW) worst=3.1deg bone[2]
  TIER2 joint-attach(PRIMARY): worst=92.40u bone[17]='bone_R-ringfinger02.mesh' parent[15] R=46.7 exactJoint=0.91u pairs=30  (palette-wide exactWorst=8.25u)
[HANDS_ATTACH] mesh='hands_naked.mesh' owner='hands_naked.mesh' frame=536 nb=40 wext=62.6 rebound=1
  TIER1 rest-coherence: worst=3.1deg bone[2]='bone_R-foreTwist2.mesh' count(>5deg)=0 freshRecap=0  xcheck(invOff-vs-restW) worst=3.1deg bone[2]
  TIER2 joint-attach(PRIMARY): worst=37.46u bone[7]='bone_R-middlefinger03.mesh' parent[0] R=40.0 exactJoint=0.01u pairs=36  (palette-wide exactWorst=1.37u)
[HANDS_ATTACH] mesh='hands_naked.mesh' owner='hands_naked.mesh' frame=536 nb=38 wext=91.6 rebound=1
  TIER1 rest-coherence: worst=3.1deg bone[2]='bone_R-pinky03.mesh' count(>5deg)=0 freshRecap=0  xcheck(invOff-vs-restW) worst=3.1deg bone[2]
  TIER2 joint-attach(PRIMARY): worst=60.80u bone[11]='bone_R-middlefinger02.mesh' parent[1] R=46.8 exactJoint=0.01u pairs=30  (palette-wide exactWorst=8.05u)
[HANDS_ATTACH] mesh='hands_naked.mesh' owner='hands_naked.mesh' frame=546 nb=38 wext=100.1 rebound=1
  TIER1 rest-coherence: worst=3.1deg bone[2]='bone_R-pinky03.mesh' count(>5deg)=0 freshRecap=0  xcheck(invOff-vs-restW) worst=3.1deg bone[2]
  TIER2 joint-attach(PRIMARY): worst=92.40u bone[17]='bone_R-ringfinger02.mesh' parent[15] R=46.7 exactJoint=0.91u pairs=30  (palette-wide exactWorst=8.25u)
[HANDS_ATTACH] mesh='hands_naked.mesh' owner='hands_naked.mesh' frame=546 nb=40 wext=61.7 rebound=1
  TIER1 rest-coherence: worst=3.1deg bone[2]='bone_R-foreTwist2.mesh' count(>5deg)=0 freshRecap=0  xcheck(invOff-vs-restW) worst=3.1deg bone[2]
  TIER2 joint-attach(PRIMARY): worst=37.46u bone[7]='bone_R-middlefinger03.mesh' parent[0] R=40.0 exactJoint=0.01u pairs=36  (palette-wide exactWorst=1.37u)
[HANDS_ATTACH] mesh='hands_naked.mesh' owner='hands_naked.mesh' frame=546 nb=38 wext=91.8 rebound=1
  TIER1 rest-coherence: worst=3.1deg bone[2]='bone_R-pinky03.mesh' count(>5deg)=0 freshRecap=0  xcheck(invOff-vs-restW) worst=3.1deg bone[2]
  TIER2 joint-attach(PRIMARY): worst=60.80u bone[11]='bone_R-middlefinger02.mesh' parent[1] R=46.8 exactJoint=0.01u pairs=30  (palette-wide exactWorst=8.05u)
[HANDS_ATTACH] mesh='hands_naked.mesh' owner='hands_naked.mesh' frame=556 nb=38 wext=100.0 rebound=1
  TIER1 rest-coherence: worst=3.1deg bone[2]='bone_R-pinky03.mesh' count(>5deg)=0 freshRecap=0  xcheck(invOff-vs-restW) worst=3.1deg bone[2]
  TIER2 joint-attach(PRIMARY): worst=92.40u bone[17]='bone_R-ringfinger02.mesh' parent[15] R=46.7 exactJoint=0.91u pairs=30  (palette-wide exactWorst=8.25u)
[HANDS_ATTACH] mesh='hands_naked.mesh' owner='hands_naked.mesh' frame=556 nb=40 wext=61.2 rebound=1
  TIER1 rest-coherence: worst=3.1deg bone[2]='bone_R-foreTwist2.mesh' count(>5deg)=0 freshRecap=0  xcheck(invOff-vs-restW) worst=3.1deg bone[2]
  TIER2 joint-attach(PRIMARY): worst=37.46u bone[7]='bone_R-middlefinger03.mesh' parent[0] R=40.0 exactJoint=0.01u pairs=36  (palette-wide exactWorst=1.37u)
[HANDS_ATTACH] mesh='hands_naked.mesh' owner='hands_naked.mesh' frame=556 nb=38 wext=91.9 rebound=1
  TIER1 rest-coherence: worst=3.1deg bone[2]='bone_R-pinky03.mesh' count(>5deg)=0 freshRecap=0  xcheck(invOff-vs-restW) worst=3.1deg bone[2]
  TIER2 joint-attach(PRIMARY): worst=60.80u bone[11]='bone_R-middlefinger02.mesh' parent[1] R=46.8 exactJoint=0.01u pairs=30  (palette-wide exactWorst=8.05u)
[HANDS_ATTACH] mesh='hands_naked.mesh' owner='hands_naked.mesh' frame=566 nb=38 wext=100.0 rebound=1
  TIER1 rest-coherence: worst=3.1deg bone[2]='bone_R-pinky03.mesh' count(>5deg)=0 freshRecap=0  xcheck(invOff-vs-restW) worst=3.1deg bone[2]
  TIER2 joint-attach(PRIMARY): worst=92.40u bone[17]='bone_R-ringfinger02.mesh' parent[15] R=46.7 exactJoint=0.91u pairs=30  (palette-wide exactWorst=8.25u)
[HANDS_ATTACH] mesh='hands_naked.mesh' owner='hands_naked.mesh' frame=566 nb=40 wext=61.2 rebound=1
  TIER1 rest-coherence: worst=3.1deg bone[2]='bone_R-foreTwist2.mesh' count(>5deg)=0 freshRecap=0  xcheck(invOff-vs-restW) worst=3.1deg bone[2]
  TIER2 joint-attach(PRIMARY): worst=37.46u bone[7]='bone_R-middlefinger03.mesh' parent[0] R=40.0 exactJoint=0.01u pairs=36  (palette-wide exactWorst=1.37u)
[HANDS_ATTACH] mesh='hands_naked.mesh' owner='hands_naked.mesh' frame=566 nb=38 wext=91.9 rebound=1
  TIER1 rest-coherence: worst=3.1deg bone[2]='bone_R-pinky03.mesh' count(>5deg)=0 freshRecap=0  xcheck(invOff-vs-restW) worst=3.1deg bone[2]
  TIER2 joint-attach(PRIMARY): worst=60.80u bone[11]='bone_R-middlefinger02.mesh' parent[1] R=46.8 exactJoint=0.01u pairs=30  (palette-wide exactWorst=8.05u)
[HANDS_ATTACH] mesh='hands_naked.mesh' owner='hands_naked.mesh' frame=576 nb=38 wext=99.8 rebound=1
  TIER1 rest-coherence: worst=3.1deg bone[2]='bone_R-pinky03.mesh' count(>5deg)=0 freshRecap=0  xcheck(invOff-vs-restW) worst=3.1deg bone[2]
  TIER2 joint-attach(PRIMARY): worst=92.40u bone[17]='bone_R-ringfinger02.mesh' parent[15] R=46.7 exactJoint=0.91u pairs=30  (palette-wide exactWorst=8.25u)
[HANDS_ATTACH] mesh='hands_naked.mesh' owner='hands_naked.mesh' frame=576 nb=40 wext=61.5 rebound=1
  TIER1 rest-coherence: worst=3.1deg bone[2]='bone_R-foreTwist2.mesh' count(>5deg)=0 freshRecap=0  xcheck(invOff-vs-restW) worst=3.1deg bone[2]
  TIER2 joint-attach(PRIMARY): worst=37.46u bone[7]='bone_R-middlefinger03.mesh' parent[0] R=40.0 exactJoint=0.01u pairs=36  (palette-wide exactWorst=1.37u)
[HANDS_ATTACH] mesh='hands_naked.mesh' owner='hands_naked.mesh' frame=576 nb=38 wext=91.7 rebound=1
  TIER1 rest-coherence: worst=3.1deg bone[2]='bone_R-pinky03.mesh' count(>5deg)=0 freshRecap=0  xcheck(invOff-vs-restW) worst=3.1deg bone[2]
  TIER2 joint-attach(PRIMARY): worst=60.80u bone[11]='bone_R-middlefinger02.mesh' parent[1] R=46.8 exactJoint=0.01u pairs=30  (palette-wide exactWorst=8.05u)
[HANDS_ATTACH] mesh='hands_naked.mesh' owner='hands_naked.mesh' frame=586 nb=38 wext=99.2 rebound=1
  TIER1 rest-coherence: worst=3.1deg bone[2]='bone_R-pinky03.mesh' count(>5deg)=0 freshRecap=0  xcheck(invOff-vs-restW) worst=3.1deg bone[2]
  TIER2 joint-attach(PRIMARY): worst=92.41u bone[17]='bone_R-ringfinger02.mesh' parent[15] R=46.7 exactJoint=0.91u pairs=30  (palette-wide exactWorst=8.25u)
[HANDS_ATTACH] mesh='hands_naked.mesh' owner='hands_naked.mesh' frame=586 nb=40 wext=61.9 rebound=1
  TIER1 rest-coherence: worst=3.1deg bone[2]='bone_R-foreTwist2.mesh' count(>5deg)=0 freshRecap=0  xcheck(invOff-vs-restW) worst=3.1deg bone[2]
  TIER2 joint-attach(PRIMARY): worst=37.46u bone[7]='bone_R-middlefinger03.mesh' parent[0] R=40.0 exactJoint=0.01u pairs=36  (palette-wide exactWorst=1.37u)
[HANDS_ATTACH] mesh='hands_naked.mesh' owner='hands_naked.mesh' frame=586 nb=38 wext=91.5 rebound=1
  TIER1 rest-coherence: worst=3.1deg bone[2]='bone_R-pinky03.mesh' count(>5deg)=0 freshRecap=0  xcheck(invOff-vs-restW) worst=3.1deg bone[2]
  TIER2 joint-attach(PRIMARY): worst=60.80u bone[11]='bone_R-middlefinger02.mesh' parent[1] R=46.8 exactJoint=0.01u pairs=30  (palette-wide exactWorst=8.05u)
[HANDS_ATTACH] mesh='hands_naked.mesh' owner='hands_naked.mesh' frame=596 nb=38 wext=98.6 rebound=1
  TIER1 rest-coherence: worst=3.1deg bone[2]='bone_R-pinky03.mesh' count(>5deg)=0 freshRecap=0  xcheck(invOff-vs-restW) worst=3.1deg bone[2]
  TIER2 joint-attach(PRIMARY): worst=92.41u bone[17]='bone_R-ringfinger02.mesh' parent[15] R=46.7 exactJoint=0.91u pairs=30  (palette-wide exactWorst=8.25u)
[HANDS_ATTACH] mesh='hands_naked.mesh' owner='hands_naked.mesh' frame=596 nb=40 wext=62.2 rebound=1
  TIER1 rest-coherence: worst=3.1deg bone[2]='bone_R-foreTwist2.mesh' count(>5deg)=0 freshRecap=0  xcheck(invOff-vs-restW) worst=3.1deg bone[2]
  TIER2 joint-attach(PRIMARY): worst=37.46u bone[7]='bone_R-middlefinger03.mesh' parent[0] R=40.0 exactJoint=0.01u pairs=36  (palette-wide exactWorst=1.37u)
[HANDS_ATTACH] mesh='hands_naked.mesh' owner='hands_naked.mesh' frame=596 nb=38 wext=91.4 rebound=1
  TIER1 rest-coherence: worst=3.1deg bone[2]='bone_R-pinky03.mesh' count(>5deg)=0 freshRecap=0  xcheck(invOff-vs-restW) worst=3.1deg bone[2]
  TIER2 joint-attach(PRIMARY): worst=60.80u bone[11]='bone_R-middlefinger02.mesh' parent[1] R=46.8 exactJoint=0.01u pairs=30  (palette-wide exactWorst=8.05u)
[HANDS_ATTACH] mesh='hands_naked.mesh' owner='hands_naked.mesh' frame=606 nb=38 wext=98.1 rebound=1
  TIER1 rest-coherence: worst=3.1deg bone[2]='bone_R-pinky03.mesh' count(>5deg)=0 freshRecap=0  xcheck(invOff-vs-restW) worst=3.1deg bone[2]
  TIER2 joint-attach(PRIMARY): worst=92.40u bone[17]='bone_R-ringfinger02.mesh' parent[15] R=46.7 exactJoint=0.91u pairs=30  (palette-wide exactWorst=8.25u)
[HANDS_ATTACH] mesh='hands_naked.mesh' owner='hands_naked.mesh' frame=606 nb=40 wext=62.4 rebound=1
  TIER1 rest-coherence: worst=3.1deg bone[2]='bone_R-foreTwist2.mesh' count(>5deg)=0 freshRecap=0  xcheck(invOff-vs-restW) worst=3.1deg bone[2]
  TIER2 joint-attach(PRIMARY): worst=37.46u bone[7]='bone_R-middlefinger03.mesh' parent[0] R=40.0 exactJoint=0.01u pairs=36  (palette-wide exactWorst=1.37u)
[HANDS_ATTACH] mesh='hands_naked.mesh' owner='hands_naked.mesh' frame=606 nb=38 wext=91.5 rebound=1
  TIER1 rest-coherence: worst=3.1deg bone[2]='bone_R-pinky03.mesh' count(>5deg)=0 freshRecap=0  xcheck(invOff-vs-restW) worst=3.1deg bone[2]
  TIER2 joint-attach(PRIMARY): worst=60.80u bone[11]='bone_R-middlefinger02.mesh' parent[1] R=46.8 exactJoint=0.01u pairs=30  (palette-wide exactWorst=8.05u)
[HANDS_ATTACH] mesh='hands_naked.mesh' owner='hands_naked.mesh' frame=616 nb=38 wext=98.0 rebound=1
  TIER1 rest-coherence: worst=3.1deg bone[2]='bone_R-pinky03.mesh' count(>5deg)=0 freshRecap=0  xcheck(invOff-vs-restW) worst=3.1deg bone[2]
  TIER2 joint-attach(PRIMARY): worst=92.48u bone[13]='bone_R-hand.mesh' parent[5] R=49.3 exactJoint=0.34u pairs=30  (palette-wide exactWorst=8.25u)
[HANDS_ATTACH] mesh='hands_naked.mesh' owner='hands_naked.mesh' frame=616 nb=40 wext=62.5 rebound=1
  TIER1 rest-coherence: worst=3.1deg bone[2]='bone_R-foreTwist2.mesh' count(>5deg)=0 freshRecap=0  xcheck(invOff-vs-restW) worst=3.1deg bone[2]
  TIER2 joint-attach(PRIMARY): worst=37.46u bone[7]='bone_R-middlefinger03.mesh' parent[0] R=40.0 exactJoint=0.01u pairs=36  (palette-wide exactWorst=1.37u)
[HANDS_ATTACH] mesh='hands_naked.mesh' owner='hands_naked.mesh' frame=616 nb=38 wext=91.6 rebound=1
  TIER1 rest-coherence: worst=3.1deg bone[2]='bone_R-pinky03.mesh' count(>5deg)=0 freshRecap=0  xcheck(invOff-vs-restW) worst=3.1deg bone[2]
  TIER2 joint-attach(PRIMARY): worst=60.80u bone[11]='bone_R-middlefinger02.mesh' parent[1] R=46.8 exactJoint=0.01u pairs=30  (palette-wide exactWorst=8.05u)
[HANDS_ATTACH] mesh='hands_naked.mesh' owner='hands_naked.mesh' frame=626 nb=38 wext=97.8 rebound=1
  TIER1 rest-coherence: worst=3.1deg bone[2]='bone_R-pinky03.mesh' count(>5deg)=0 freshRecap=0  xcheck(invOff-vs-restW) worst=3.1deg bone[2]
  TIER2 joint-attach(PRIMARY): worst=93.68u bone[13]='bone_R-hand.mesh' parent[5] R=49.3 exactJoint=0.34u pairs=30  (palette-wide exactWorst=8.25u)
[HANDS_ATTACH] mesh='hands_naked.mesh' owner='hands_naked.mesh' frame=626 nb=40 wext=62.7 rebound=1
  TIER1 rest-coherence: worst=3.1deg bone[2]='bone_R-foreTwist2.mesh' count(>5deg)=0 freshRecap=0  xcheck(invOff-vs-restW) worst=3.1deg bone[2]
  TIER2 joint-attach(PRIMARY): worst=37.46u bone[7]='bone_R-middlefinger03.mesh' parent[0] R=40.0 exactJoint=0.01u pairs=36  (palette-wide exactWorst=1.37u)
[HANDS_ATTACH] mesh='hands_naked.mesh' owner='hands_naked.mesh' frame=626 nb=38 wext=91.7 rebound=1
  TIER1 rest-coherence: worst=3.1deg bone[2]='bone_R-pinky03.mesh' count(>5deg)=0 freshRecap=0  xcheck(invOff-vs-restW) worst=3.1deg bone[2]
  TIER2 joint-attach(PRIMARY): worst=60.80u bone[11]='bone_R-middlefinger02.mesh' parent[1] R=46.8 exactJoint=0.01u pairs=30  (palette-wide exactWorst=8.05u)
[HANDS_ATTACH] mesh='hands_naked.mesh' owner='hands_naked.mesh' frame=636 nb=38 wext=97.5 rebound=1
  TIER1 rest-coherence: worst=3.1deg bone[2]='bone_R-pinky03.mesh' count(>5deg)=0 freshRecap=0  xcheck(invOff-vs-restW) worst=3.1deg bone[2]
  TIER2 joint-attach(PRIMARY): worst=94.86u bone[13]='bone_R-hand.mesh' parent[5] R=49.3 exactJoint=0.34u pairs=30  (palette-wide exactWorst=8.25u)
[HANDS_ATTACH] mesh='hands_naked.mesh' owner='hands_naked.mesh' frame=636 nb=40 wext=62.9 rebound=1
  TIER1 rest-coherence: worst=3.1deg bone[2]='bone_R-foreTwist2.mesh' count(>5deg)=0 freshRecap=0  xcheck(invOff-vs-restW) worst=3.1deg bone[2]
  TIER2 joint-attach(PRIMARY): worst=37.46u bone[7]='bone_R-middlefinger03.mesh' parent[0] R=40.0 exactJoint=0.01u pairs=36  (palette-wide exactWorst=1.37u)
[HANDS_ATTACH] mesh='hands_naked.mesh' owner='hands_naked.mesh' frame=636 nb=38 wext=91.7 rebound=1
  TIER1 rest-coherence: worst=3.1deg bone[2]='bone_R-pinky03.mesh' count(>5deg)=0 freshRecap=0  xcheck(invOff-vs-restW) worst=3.1deg bone[2]
  TIER2 joint-attach(PRIMARY): worst=60.80u bone[11]='bone_R-middlefinger02.mesh' parent[1] R=46.8 exactJoint=0.01u pairs=30  (palette-wide exactWorst=8.05u)
[HANDS_ATTACH] mesh='hands_naked.mesh' owner='hands_naked.mesh' frame=646 nb=38 wext=97.4 rebound=1
  TIER1 rest-coherence: worst=3.1deg bone[2]='bone_R-pinky03.mesh' count(>5deg)=0 freshRecap=0  xcheck(invOff-vs-restW) worst=3.1deg bone[2]
  TIER2 joint-attach(PRIMARY): worst=95.19u bone[13]='bone_R-hand.mesh' parent[5] R=49.3 exactJoint=0.34u pairs=30  (palette-wide exactWorst=8.25u)
[HANDS_ATTACH] mesh='hands_naked.mesh' owner='hands_naked.mesh' frame=646 nb=40 wext=63.0 rebound=1
  TIER1 rest-coherence: worst=3.1deg bone[2]='bone_R-foreTwist2.mesh' count(>5deg)=0 freshRecap=0  xcheck(invOff-vs-restW) worst=3.1deg bone[2]
  TIER2 joint-attach(PRIMARY): worst=37.46u bone[7]='bone_R-middlefinger03.mesh' parent[0] R=40.0 exactJoint=0.01u pairs=36  (palette-wide exactWorst=1.37u)
[HANDS_ATTACH] mesh='hands_naked.mesh' owner='hands_naked.mesh' frame=646 nb=38 wext=91.8 rebound=1
  TIER1 rest-coherence: worst=3.1deg bone[2]='bone_R-pinky03.mesh' count(>5deg)=0 freshRecap=0  xcheck(invOff-vs-restW) worst=3.1deg bone[2]
  TIER2 joint-attach(PRIMARY): worst=60.80u bone[11]='bone_R-middlefinger02.mesh' parent[1] R=46.8 exactJoint=0.01u pairs=30  (palette-wide exactWorst=8.05u)
[HANDS_ATTACH] mesh='hands_naked.mesh' owner='hands_naked.mesh' frame=656 nb=38 wext=97.1 rebound=1
  TIER1 rest-coherence: worst=3.1deg bone[2]='bone_R-pinky03.mesh' count(>5deg)=0 freshRecap=0  xcheck(invOff-vs-restW) worst=3.1deg bone[2]
  TIER2 joint-attach(PRIMARY): worst=95.09u bone[13]='bone_R-hand.mesh' parent[5] R=49.3 exactJoint=0.34u pairs=30  (palette-wide exactWorst=8.25u)
[HANDS_ATTACH] mesh='hands_naked.mesh' owner='hands_naked.mesh' frame=656 nb=40 wext=62.8 rebound=1
  TIER1 rest-coherence: worst=3.1deg bone[2]='bone_R-foreTwist2.mesh' count(>5deg)=0 freshRecap=0  xcheck(invOff-vs-restW) worst=3.1deg bone[2]
  TIER2 joint-attach(PRIMARY): worst=37.46u bone[7]='bone_R-middlefinger03.mesh' parent[0] R=40.0 exactJoint=0.01u pairs=36  (palette-wide exactWorst=1.37u)
[HANDS_ATTACH] mesh='hands_naked.mesh' owner='hands_naked.mesh' frame=656 nb=38 wext=91.9 rebound=1
  TIER1 rest-coherence: worst=3.1deg bone[2]='bone_R-pinky03.mesh' count(>5deg)=0 freshRecap=0  xcheck(invOff-vs-restW) worst=3.1deg bone[2]
  TIER2 joint-attach(PRIMARY): worst=60.80u bone[11]='bone_R-middlefinger02.mesh' parent[1] R=46.8 exactJoint=0.01u pairs=30  (palette-wide exactWorst=8.05u)
[HANDS_ATTACH] mesh='hands_naked.mesh' owner='hands_naked.mesh' frame=666 nb=38 wext=96.8 rebound=1
  TIER1 rest-coherence: worst=3.1deg bone[2]='bone_R-pinky03.mesh' count(>5deg)=0 freshRecap=0  xcheck(invOff-vs-restW) worst=3.1deg bone[2]
  TIER2 joint-attach(PRIMARY): worst=95.28u bone[13]='bone_R-hand.mesh' parent[5] R=49.3 exactJoint=0.34u pairs=30  (palette-wide exactWorst=8.25u)
[HANDS_ATTACH] mesh='hands_naked.mesh' owner='hands_naked.mesh' frame=666 nb=40 wext=62.6 rebound=1
  TIER1 rest-coherence: worst=3.1deg bone[2]='bone_R-foreTwist2.mesh' count(>5deg)=0 freshRecap=0  xcheck(invOff-vs-restW) worst=3.1deg bone[2]
  TIER2 joint-attach(PRIMARY): worst=37.46u bone[7]='bone_R-middlefinger03.mesh' parent[0] R=40.0 exactJoint=0.01u pairs=36  (palette-wide exactWorst=1.37u)
[HANDS_ATTACH] mesh='hands_naked.mesh' owner='hands_naked.mesh' frame=666 nb=38 wext=92.1 rebound=1
  TIER1 rest-coherence: worst=3.1deg bone[2]='bone_R-pinky03.mesh' count(>5deg)=0 freshRecap=0  xcheck(invOff-vs-restW) worst=3.1deg bone[2]
  TIER2 joint-attach(PRIMARY): worst=60.80u bone[11]='bone_R-middlefinger02.mesh' parent[1] R=46.8 exactJoint=0.01u pairs=30  (palette-wide exactWorst=8.05u)
[HANDS_ATTACH] mesh='hands_naked.mesh' owner='hands_naked.mesh' frame=676 nb=38 wext=96.7 rebound=1
  TIER1 rest-coherence: worst=3.1deg bone[2]='bone_R-pinky03.mesh' count(>5deg)=0 freshRecap=0  xcheck(invOff-vs-restW) worst=3.1deg bone[2]
  TIER2 joint-attach(PRIMARY): worst=95.51u bone[13]='bone_R-hand.mesh' parent[5] R=49.3 exactJoint=0.34u pairs=30  (palette-wide exactWorst=8.25u)
[HANDS_ATTACH] mesh='hands_naked.mesh' owner='hands_naked.mesh' frame=676 nb=40 wext=62.5 rebound=1
  TIER1 rest-coherence: worst=3.1deg bone[2]='bone_R-foreTwist2.mesh' count(>5deg)=0 freshRecap=0  xcheck(invOff-vs-restW) worst=3.1deg bone[2]
  TIER2 joint-attach(PRIMARY): worst=37.46u bone[7]='bone_R-middlefinger03.mesh' parent[0] R=40.0 exactJoint=0.01u pairs=36  (palette-wide exactWorst=1.37u)
[HANDS_ATTACH] mesh='hands_naked.mesh' owner='hands_naked.mesh' frame=676 nb=38 wext=92.3 rebound=1
  TIER1 rest-coherence: worst=3.1deg bone[2]='bone_R-pinky03.mesh' count(>5deg)=0 freshRecap=0  xcheck(invOff-vs-restW) worst=3.1deg bone[2]
  TIER2 joint-attach(PRIMARY): worst=60.80u bone[11]='bone_R-middlefinger02.mesh' parent[1] R=46.8 exactJoint=0.01u pairs=30  (palette-wide exactWorst=8.05u)
[HANDS_ATTACH] mesh='hands_naked.mesh' owner='hands_naked.mesh' frame=686 nb=38 wext=96.8 rebound=1
  TIER1 rest-coherence: worst=3.1deg bone[2]='bone_R-pinky03.mesh' count(>5deg)=0 freshRecap=0  xcheck(invOff-vs-restW) worst=3.1deg bone[2]
  TIER2 joint-attach(PRIMARY): worst=95.87u bone[13]='bone_R-hand.mesh' parent[5] R=49.3 exactJoint=0.34u pairs=30  (palette-wide exactWorst=8.25u)
[HANDS_ATTACH] mesh='hands_naked.mesh' owner='hands_naked.mesh' frame=686 nb=40 wext=62.4 rebound=1
  TIER1 rest-coherence: worst=3.1deg bone[2]='bone_R-foreTwist2.mesh' count(>5deg)=0 freshRecap=0  xcheck(invOff-vs-restW) worst=3.1deg bone[2]
  TIER2 joint-attach(PRIMARY): worst=37.46u bone[7]='bone_R-middlefinger03.mesh' parent[0] R=40.0 exactJoint=0.01u pairs=36  (palette-wide exactWorst=1.37u)
[HANDS_ATTACH] mesh='hands_naked.mesh' owner='hands_naked.mesh' frame=686 nb=38 wext=92.4 rebound=1
  TIER1 rest-coherence: worst=3.1deg bone[2]='bone_R-pinky03.mesh' count(>5deg)=0 freshRecap=0  xcheck(invOff-vs-restW) worst=3.1deg bone[2]
  TIER2 joint-attach(PRIMARY): worst=60.80u bone[11]='bone_R-middlefinger02.mesh' parent[1] R=46.8 exactJoint=0.01u pairs=30  (palette-wide exactWorst=8.05u)
[HANDS_ATTACH] mesh='hands_naked.mesh' owner='hands_naked.mesh' frame=696 nb=38 wext=96.8 rebound=1
  TIER1 rest-coherence: worst=3.1deg bone[2]='bone_R-pinky03.mesh' count(>5deg)=0 freshRecap=0  xcheck(invOff-vs-restW) worst=3.1deg bone[2]
  TIER2 joint-attach(PRIMARY): worst=95.90u bone[13]='bone_R-hand.mesh' parent[5] R=49.3 exactJoint=0.34u pairs=30  (palette-wide exactWorst=8.25u)
[HANDS_ATTACH] mesh='hands_naked.mesh' owner='hands_naked.mesh' frame=696 nb=40 wext=62.5 rebound=1
  TIER1 rest-coherence: worst=3.1deg bone[2]='bone_R-foreTwist2.mesh' count(>5deg)=0 freshRecap=0  xcheck(invOff-vs-restW) worst=3.1deg bone[2]
  TIER2 joint-attach(PRIMARY): worst=37.46u bone[7]='bone_R-middlefinger03.mesh' parent[0] R=40.0 exactJoint=0.01u pairs=36  (palette-wide exactWorst=1.37u)
[HANDS_ATTACH] mesh='hands_naked.mesh' owner='hands_naked.mesh' frame=696 nb=38 wext=92.4 rebound=1
  TIER1 rest-coherence: worst=3.1deg bone[2]='bone_R-pinky03.mesh' count(>5deg)=0 freshRecap=0  xcheck(invOff-vs-restW) worst=3.1deg bone[2]
  TIER2 joint-attach(PRIMARY): worst=60.80u bone[11]='bone_R-middlefinger02.mesh' parent[1] R=46.8 exactJoint=0.01u pairs=30  (palette-wide exactWorst=8.05u)
[HANDS_ATTACH] mesh='hands_naked.mesh' owner='hands_naked.mesh' frame=706 nb=38 wext=96.6 rebound=1
  TIER1 rest-coherence: worst=3.1deg bone[2]='bone_R-pinky03.mesh' count(>5deg)=0 freshRecap=0  xcheck(invOff-vs-restW) worst=3.1deg bone[2]
  TIER2 joint-attach(PRIMARY): worst=95.02u bone[13]='bone_R-hand.mesh' parent[5] R=49.3 exactJoint=0.34u pairs=30  (palette-wide exactWorst=8.25u)
[HANDS_ATTACH] mesh='hands_naked.mesh' owner='hands_naked.mesh' frame=706 nb=40 wext=62.6 rebound=1
  TIER1 rest-coherence: worst=3.1deg bone[2]='bone_R-foreTwist2.mesh' count(>5deg)=0 freshRecap=0  xcheck(invOff-vs-restW) worst=3.1deg bone[2]
  TIER2 joint-attach(PRIMARY): worst=37.46u bone[7]='bone_R-middlefinger03.mesh' parent[0] R=40.0 exactJoint=0.01u pairs=36  (palette-wide exactWorst=1.37u)
[HANDS_ATTACH] mesh='hands_naked.mesh' owner='hands_naked.mesh' frame=706 nb=38 wext=92.3 rebound=1
  TIER1 rest-coherence: worst=3.1deg bone[2]='bone_R-pinky03.mesh' count(>5deg)=0 freshRecap=0  xcheck(invOff-vs-restW) worst=3.1deg bone[2]
  TIER2 joint-attach(PRIMARY): worst=60.80u bone[11]='bone_R-middlefinger02.mesh' parent[1] R=46.8 exactJoint=0.01u pairs=30  (palette-wide exactWorst=8.05u)
[HANDS_ATTACH] mesh='hands_naked.mesh' owner='hands_naked.mesh' frame=716 nb=38 wext=96.2 rebound=1
  TIER1 rest-coherence: worst=3.1deg bone[2]='bone_R-pinky03.mesh' count(>5deg)=0 freshRecap=0  xcheck(invOff-vs-restW) worst=3.1deg bone[2]
  TIER2 joint-attach(PRIMARY): worst=93.43u bone[13]='bone_R-hand.mesh' parent[5] R=49.3 exactJoint=0.34u pairs=30  (palette-wide exactWorst=8.25u)
[HANDS_ATTACH] mesh='hands_naked.mesh' owner='hands_naked.mesh' frame=716 nb=40 wext=62.7 rebound=1
  TIER1 rest-coherence: worst=3.1deg bone[2]='bone_R-foreTwist2.mesh' count(>5deg)=0 freshRecap=0  xcheck(invOff-vs-restW) worst=3.1deg bone[2]
  TIER2 joint-attach(PRIMARY): worst=37.46u bone[7]='bone_R-middlefinger03.mesh' parent[0] R=40.0 exactJoint=0.01u pairs=36  (palette-wide exactWorst=1.37u)
[HANDS_ATTACH] mesh='hands_naked.mesh' owner='hands_naked.mesh' frame=716 nb=38 wext=92.1 rebound=1
  TIER1 rest-coherence: worst=3.1deg bone[2]='bone_R-pinky03.mesh' count(>5deg)=0 freshRecap=0  xcheck(invOff-vs-restW) worst=3.1deg bone[2]
  TIER2 joint-attach(PRIMARY): worst=60.80u bone[11]='bone_R-middlefinger02.mesh' parent[1] R=46.8 exactJoint=0.01u pairs=30  (palette-wide exactWorst=8.05u)
[HANDS_ATTACH] mesh='hands_naked.mesh' owner='hands_naked.mesh' frame=726 nb=38 wext=95.8 rebound=1
  TIER1 rest-coherence: worst=3.1deg bone[2]='bone_R-pinky03.mesh' count(>5deg)=0 freshRecap=0  xcheck(invOff-vs-restW) worst=3.1deg bone[2]
  TIER2 joint-attach(PRIMARY): worst=92.40u bone[17]='bone_R-ringfinger02.mesh' parent[15] R=46.7 exactJoint=0.91u pairs=30  (palette-wide exactWorst=8.25u)
[HANDS_ATTACH] mesh='hands_naked.mesh' owner='hands_naked.mesh' frame=726 nb=40 wext=62.6 rebound=1
  TIER1 rest-coherence: worst=3.1deg bone[2]='bone_R-foreTwist2.mesh' count(>5deg)=0 freshRecap=0  xcheck(invOff-vs-restW) worst=3.1deg bone[2]
  TIER2 joint-attach(PRIMARY): worst=37.46u bone[7]='bone_R-middlefinger03.mesh' parent[0] R=40.0 exactJoint=0.01u pairs=36  (palette-wide exactWorst=1.37u)
[HANDS_ATTACH] mesh='hands_naked.mesh' owner='hands_naked.mesh' frame=726 nb=38 wext=91.8 rebound=1
  TIER1 rest-coherence: worst=3.1deg bone[2]='bone_R-pinky03.mesh' count(>5deg)=0 freshRecap=0  xcheck(invOff-vs-restW) worst=3.1deg bone[2]
  TIER2 joint-attach(PRIMARY): worst=60.80u bone[11]='bone_R-middlefinger02.mesh' parent[1] R=46.8 exactJoint=0.01u pairs=30  (palette-wide exactWorst=8.05u)
[HANDS_ATTACH] mesh='hands_naked.mesh' owner='hands_naked.mesh' frame=736 nb=38 wext=95.2 rebound=1
  TIER1 rest-coherence: worst=3.1deg bone[2]='bone_R-pinky03.mesh' count(>5deg)=0 freshRecap=0  xcheck(invOff-vs-restW) worst=3.1deg bone[2]
  TIER2 joint-attach(PRIMARY): worst=92.40u bone[17]='bone_R-ringfinger02.mesh' parent[15] R=46.7 exactJoint=0.91u pairs=30  (palette-wide exactWorst=8.25u)
[HANDS_ATTACH] mesh='hands_naked.mesh' owner='hands_naked.mesh' frame=736 nb=40 wext=62.5 rebound=1
  TIER1 rest-coherence: worst=3.1deg bone[2]='bone_R-foreTwist2.mesh' count(>5deg)=0 freshRecap=0  xcheck(invOff-vs-restW) worst=3.1deg bone[2]
  TIER2 joint-attach(PRIMARY): worst=37.46u bone[7]='bone_R-middlefinger03.mesh' parent[0] R=40.0 exactJoint=0.01u pairs=36  (palette-wide exactWorst=1.37u)
[HANDS_ATTACH] mesh='hands_naked.mesh' owner='hands_naked.mesh' frame=736 nb=38 wext=91.8 rebound=1
  TIER1 rest-coherence: worst=3.1deg bone[2]='bone_R-pinky03.mesh' count(>5deg)=0 freshRecap=0  xcheck(invOff-vs-restW) worst=3.1deg bone[2]
  TIER2 joint-attach(PRIMARY): worst=60.80u bone[11]='bone_R-middlefinger02.mesh' parent[1] R=46.8 exactJoint=0.01u pairs=30  (palette-wide exactWorst=8.05u)
[HANDS_ATTACH] mesh='hands_naked.mesh' owner='hands_naked.mesh' frame=746 nb=38 wext=95.1 rebound=1
  TIER1 rest-coherence: worst=3.1deg bone[2]='bone_R-pinky03.mesh' count(>5deg)=0 freshRecap=0  xcheck(invOff-vs-restW) worst=3.1deg bone[2]
  TIER2 joint-attach(PRIMARY): worst=92.40u bone[17]='bone_R-ringfinger02.mesh' parent[15] R=46.7 exactJoint=0.91u pairs=30  (palette-wide exactWorst=8.25u)
[HANDS_ATTACH] mesh='hands_naked.mesh' owner='hands_naked.mesh' frame=746 nb=40 wext=62.3 rebound=1
  TIER1 rest-coherence: worst=3.1deg bone[2]='bone_R-foreTwist2.mesh' count(>5deg)=0 freshRecap=0  xcheck(invOff-vs-restW) worst=3.1deg bone[2]
  TIER2 joint-attach(PRIMARY): worst=37.46u bone[7]='bone_R-middlefinger03.mesh' parent[0] R=40.0 exactJoint=0.01u pairs=36  (palette-wide exactWorst=1.37u)
[HANDS_ATTACH] mesh='hands_naked.mesh' owner='hands_naked.mesh' frame=746 nb=38 wext=91.9 rebound=1
  TIER1 rest-coherence: worst=3.1deg bone[2]='bone_R-pinky03.mesh' count(>5deg)=0 freshRecap=0  xcheck(invOff-vs-restW) worst=3.1deg bone[2]
  TIER2 joint-attach(PRIMARY): worst=60.80u bone[11]='bone_R-middlefinger02.mesh' parent[1] R=46.8 exactJoint=0.01u pairs=30  (palette-wide exactWorst=8.05u)
[HANDS_ATTACH] mesh='hands_naked.mesh' owner='hands_naked.mesh' frame=756 nb=38 wext=95.2 rebound=1
  TIER1 rest-coherence: worst=3.1deg bone[2]='bone_R-pinky03.mesh' count(>5deg)=0 freshRecap=0  xcheck(invOff-vs-restW) worst=3.1deg bone[2]
  TIER2 joint-attach(PRIMARY): worst=92.40u bone[17]='bone_R-ringfinger02.mesh' parent[15] R=46.7 exactJoint=0.91u pairs=30  (palette-wide exactWorst=8.25u)
[HANDS_ATTACH] mesh='hands_naked.mesh' owner='hands_naked.mesh' frame=756 nb=40 wext=62.1 rebound=1
  TIER1 rest-coherence: worst=3.1deg bone[2]='bone_R-foreTwist2.mesh' count(>5deg)=0 freshRecap=0  xcheck(invOff-vs-restW) worst=3.1deg bone[2]
  TIER2 joint-attach(PRIMARY): worst=37.46u bone[7]='bone_R-middlefinger03.mesh' parent[0] R=40.0 exactJoint=0.01u pairs=36  (palette-wide exactWorst=1.37u)
[HANDS_ATTACH] mesh='hands_naked.mesh' owner='hands_naked.mesh' frame=756 nb=38 wext=92.0 rebound=1
  TIER1 rest-coherence: worst=3.1deg bone[2]='bone_R-pinky03.mesh' count(>5deg)=0 freshRecap=0  xcheck(invOff-vs-restW) worst=3.1deg bone[2]
  TIER2 joint-attach(PRIMARY): worst=60.80u bone[11]='bone_R-middlefinger02.mesh' parent[1] R=46.8 exactJoint=0.01u pairs=30  (palette-wide exactWorst=8.05u)
[HANDS_ATTACH] mesh='hands_naked.mesh' owner='hands_naked.mesh' frame=766 nb=38 wext=95.3 rebound=1
  TIER1 rest-coherence: worst=3.1deg bone[2]='bone_R-pinky03.mesh' count(>5deg)=0 freshRecap=0  xcheck(invOff-vs-restW) worst=3.1deg bone[2]
  TIER2 joint-attach(PRIMARY): worst=92.40u bone[17]='bone_R-ringfinger02.mesh' parent[15] R=46.7 exactJoint=0.91u pairs=30  (palette-wide exactWorst=8.25u)
[HANDS_ATTACH] mesh='hands_naked.mesh' owner='hands_naked.mesh' frame=766 nb=40 wext=62.1 rebound=1
  TIER1 rest-coherence: worst=3.1deg bone[2]='bone_R-foreTwist2.mesh' count(>5deg)=0 freshRecap=0  xcheck(invOff-vs-restW) worst=3.1deg bone[2]
  TIER2 joint-attach(PRIMARY): worst=37.46u bone[7]='bone_R-middlefinger03.mesh' parent[0] R=40.0 exactJoint=0.01u pairs=36  (palette-wide exactWorst=1.37u)
[HANDS_ATTACH] mesh='hands_naked.mesh' owner='hands_naked.mesh' frame=766 nb=38 wext=92.0 rebound=1
  TIER1 rest-coherence: worst=3.1deg bone[2]='bone_R-pinky03.mesh' count(>5deg)=0 freshRecap=0  xcheck(invOff-vs-restW) worst=3.1deg bone[2]
  TIER2 joint-attach(PRIMARY): worst=60.80u bone[11]='bone_R-middlefinger02.mesh' parent[1] R=46.8 exactJoint=0.01u pairs=30  (palette-wide exactWorst=8.05u)
[HANDS_ATTACH] mesh='hands_naked.mesh' owner='hands_naked.mesh' frame=776 nb=38 wext=95.6 rebound=1
  TIER1 rest-coherence: worst=3.1deg bone[2]='bone_R-pinky03.mesh' count(>5deg)=0 freshRecap=0  xcheck(invOff-vs-restW) worst=3.1deg bone[2]
  TIER2 joint-attach(PRIMARY): worst=92.40u bone[17]='bone_R-ringfinger02.mesh' parent[15] R=46.7 exactJoint=0.91u pairs=30  (palette-wide exactWorst=8.25u)
[HANDS_ATTACH] mesh='hands_naked.mesh' owner='hands_naked.mesh' frame=776 nb=40 wext=62.3 rebound=1
  TIER1 rest-coherence: worst=3.1deg bone[2]='bone_R-foreTwist2.mesh' count(>5deg)=0 freshRecap=0  xcheck(invOff-vs-restW) worst=3.1deg bone[2]
  TIER2 joint-attach(PRIMARY): worst=37.46u bone[7]='bone_R-middlefinger03.mesh' parent[0] R=40.0 exactJoint=0.01u pairs=36  (palette-wide exactWorst=1.37u)
[HANDS_ATTACH] mesh='hands_naked.mesh' owner='hands_naked.mesh' frame=776 nb=38 wext=91.9 rebound=1
  TIER1 rest-coherence: worst=3.1deg bone[2]='bone_R-pinky03.mesh' count(>5deg)=0 freshRecap=0  xcheck(invOff-vs-restW) worst=3.1deg bone[2]
  TIER2 joint-attach(PRIMARY): worst=60.80u bone[11]='bone_R-middlefinger02.mesh' parent[1] R=46.8 exactJoint=0.01u pairs=30  (palette-wide exactWorst=8.05u)
[HANDS_ATTACH] mesh='hands_naked.mesh' owner='hands_naked.mesh' frame=786 nb=38 wext=95.8 rebound=1
  TIER1 rest-coherence: worst=3.1deg bone[2]='bone_R-pinky03.mesh' count(>5deg)=0 freshRecap=0  xcheck(invOff-vs-restW) worst=3.1deg bone[2]
  TIER2 joint-attach(PRIMARY): worst=92.40u bone[17]='bone_R-ringfinger02.mesh' parent[15] R=46.7 exactJoint=0.91u pairs=30  (palette-wide exactWorst=8.25u)
[HANDS_ATTACH] mesh='hands_naked.mesh' owner='hands_naked.mesh' frame=786 nb=40 wext=62.3 rebound=1
  TIER1 rest-coherence: worst=3.1deg bone[2]='bone_R-foreTwist2.mesh' count(>5deg)=0 freshRecap=0  xcheck(invOff-vs-restW) worst=3.1deg bone[2]
  TIER2 joint-attach(PRIMARY): worst=37.46u bone[7]='bone_R-middlefinger03.mesh' parent[0] R=40.0 exactJoint=0.01u pairs=36  (palette-wide exactWorst=1.37u)
[HANDS_ATTACH] mesh='hands_naked.mesh' owner='hands_naked.mesh' frame=786 nb=38 wext=91.8 rebound=1
  TIER1 rest-coherence: worst=3.1deg bone[2]='bone_R-pinky03.mesh' count(>5deg)=0 freshRecap=0  xcheck(invOff-vs-restW) worst=3.1deg bone[2]
  TIER2 joint-attach(PRIMARY): worst=60.80u bone[11]='bone_R-middlefinger02.mesh' parent[1] R=46.8 exactJoint=0.01u pairs=30  (palette-wide exactWorst=8.05u)
[HANDS_ATTACH] mesh='hands_naked.mesh' owner='hands_naked.mesh' frame=796 nb=38 wext=95.8 rebound=1
  TIER1 rest-coherence: worst=3.1deg bone[2]='bone_R-pinky03.mesh' count(>5deg)=0 freshRecap=0  xcheck(invOff-vs-restW) worst=3.1deg bone[2]
  TIER2 joint-attach(PRIMARY): worst=92.41u bone[17]='bone_R-ringfinger02.mesh' parent[15] R=46.7 exactJoint=0.91u pairs=30  (palette-wide exactWorst=8.25u)
[HANDS_ATTACH] mesh='hands_naked.mesh' owner='hands_naked.mesh' frame=796 nb=40 wext=62.4 rebound=1
  TIER1 rest-coherence: worst=3.1deg bone[2]='bone_R-foreTwist2.mesh' count(>5deg)=0 freshRecap=0  xcheck(invOff-vs-restW) worst=3.1deg bone[2]
  TIER2 joint-attach(PRIMARY): worst=37.46u bone[7]='bone_R-middlefinger03.mesh' parent[0] R=40.0 exactJoint=0.01u pairs=36  (palette-wide exactWorst=1.37u)
[HANDS_ATTACH] mesh='hands_naked.mesh' owner='hands_naked.mesh' frame=796 nb=38 wext=91.7 rebound=1
  TIER1 rest-coherence: worst=3.1deg bone[2]='bone_R-pinky03.mesh' count(>5deg)=0 freshRecap=0  xcheck(invOff-vs-restW) worst=3.1deg bone[2]
  TIER2 joint-attach(PRIMARY): worst=60.80u bone[11]='bone_R-middlefinger02.mesh' parent[1] R=46.8 exactJoint=0.01u pairs=30  (palette-wide exactWorst=8.05u)
[HANDS_ATTACH] mesh='hands_naked.mesh' owner='hands_naked.mesh' frame=806 nb=38 wext=95.6 rebound=1
  TIER1 rest-coherence: worst=3.1deg bone[2]='bone_R-pinky03.mesh' count(>5deg)=0 freshRecap=0  xcheck(invOff-vs-restW) worst=3.1deg bone[2]
  TIER2 joint-attach(PRIMARY): worst=92.40u bone[17]='bone_R-ringfinger02.mesh' parent[15] R=46.7 exactJoint=0.91u pairs=30  (palette-wide exactWorst=8.25u)
[HANDS_ATTACH] mesh='hands_naked.mesh' owner='hands_naked.mesh' frame=806 nb=40 wext=62.5 rebound=1
  TIER1 rest-coherence: worst=3.1deg bone[2]='bone_R-foreTwist2.mesh' count(>5deg)=0 freshRecap=0  xcheck(invOff-vs-restW) worst=3.1deg bone[2]
  TIER2 joint-attach(PRIMARY): worst=37.46u bone[7]='bone_R-middlefinger03.mesh' parent[0] R=40.0 exactJoint=0.01u pairs=36  (palette-wide exactWorst=1.37u)
[HANDS_ATTACH] mesh='hands_naked.mesh' owner='hands_naked.mesh' frame=806 nb=38 wext=91.7 rebound=1
  TIER1 rest-coherence: worst=3.1deg bone[2]='bone_R-pinky03.mesh' count(>5deg)=0 freshRecap=0  xcheck(invOff-vs-restW) worst=3.1deg bone[2]
  TIER2 joint-attach(PRIMARY): worst=60.80u bone[11]='bone_R-middlefinger02.mesh' parent[1] R=46.8 exactJoint=0.01u pairs=30  (palette-wide exactWorst=8.05u)
[HANDS_ATTACH] mesh='hands_naked.mesh' owner='hands_naked.mesh' frame=816 nb=38 wext=95.5 rebound=1
  TIER1 rest-coherence: worst=3.1deg bone[2]='bone_R-pinky03.mesh' count(>5deg)=0 freshRecap=0  xcheck(invOff-vs-restW) worst=3.1deg bone[2]
  TIER2 joint-attach(PRIMARY): worst=92.40u bone[17]='bone_R-ringfinger02.mesh' parent[15] R=46.7 exactJoint=0.91u pairs=30  (palette-wide exactWorst=8.25u)
[HANDS_ATTACH] mesh='hands_naked.mesh' owner='hands_naked.mesh' frame=816 nb=40 wext=62.6 rebound=1
  TIER1 rest-coherence: worst=3.1deg bone[2]='bone_R-foreTwist2.mesh' count(>5deg)=0 freshRecap=0  xcheck(invOff-vs-restW) worst=3.1deg bone[2]
  TIER2 joint-attach(PRIMARY): worst=37.46u bone[7]='bone_R-middlefinger03.mesh' parent[0] R=40.0 exactJoint=0.01u pairs=36  (palette-wide exactWorst=1.37u)
[HANDS_ATTACH] mesh='hands_naked.mesh' owner='hands_naked.mesh' frame=816 nb=38 wext=91.8 rebound=1
  TIER1 rest-coherence: worst=3.1deg bone[2]='bone_R-pinky03.mesh' count(>5deg)=0 freshRecap=0  xcheck(invOff-vs-restW) worst=3.1deg bone[2]
  TIER2 joint-attach(PRIMARY): worst=60.80u bone[11]='bone_R-middlefinger02.mesh' parent[1] R=46.8 exactJoint=0.01u pairs=30  (palette-wide exactWorst=8.05u)
[HANDS_ATTACH] mesh='hands_naked.mesh' owner='hands_naked.mesh' frame=826 nb=38 wext=95.4 rebound=1
  TIER1 rest-coherence: worst=3.1deg bone[2]='bone_R-pinky03.mesh' count(>5deg)=0 freshRecap=0  xcheck(invOff-vs-restW) worst=3.1deg bone[2]
  TIER2 joint-attach(PRIMARY): worst=92.40u bone[17]='bone_R-ringfinger02.mesh' parent[15] R=46.7 exactJoint=0.91u pairs=30  (palette-wide exactWorst=8.25u)
[HANDS_ATTACH] mesh='hands_naked.mesh' owner='hands_naked.mesh' frame=826 nb=40 wext=62.6 rebound=1
  TIER1 rest-coherence: worst=3.1deg bone[2]='bone_R-foreTwist2.mesh' count(>5deg)=0 freshRecap=0  xcheck(invOff-vs-restW) worst=3.1deg bone[2]
  TIER2 joint-attach(PRIMARY): worst=37.46u bone[7]='bone_R-middlefinger03.mesh' parent[0] R=40.0 exactJoint=0.01u pairs=36  (palette-wide exactWorst=1.37u)
[HANDS_ATTACH] mesh='hands_naked.mesh' owner='hands_naked.mesh' frame=826 nb=38 wext=91.9 rebound=1
  TIER1 rest-coherence: worst=3.1deg bone[2]='bone_R-pinky03.mesh' count(>5deg)=0 freshRecap=0  xcheck(invOff-vs-restW) worst=3.1deg bone[2]
  TIER2 joint-attach(PRIMARY): worst=60.79u bone[11]='bone_R-middlefinger02.mesh' parent[1] R=46.8 exactJoint=0.01u pairs=30  (palette-wide exactWorst=8.05u)
[HANDS_ATTACH] mesh='hands_naked.mesh' owner='hands_naked.mesh' frame=836 nb=38 wext=95.2 rebound=1
  TIER1 rest-coherence: worst=3.1deg bone[2]='bone_R-pinky03.mesh' count(>5deg)=0 freshRecap=0  xcheck(invOff-vs-restW) worst=3.1deg bone[2]
  TIER2 joint-attach(PRIMARY): worst=92.41u bone[17]='bone_R-ringfinger02.mesh' parent[15] R=46.7 exactJoint=0.91u pairs=30  (palette-wide exactWorst=8.25u)
[HANDS_ATTACH] mesh='hands_naked.mesh' owner='hands_naked.mesh' frame=836 nb=40 wext=62.5 rebound=1
  TIER1 rest-coherence: worst=3.1deg bone[2]='bone_R-foreTwist2.mesh' count(>5deg)=0 freshRecap=0  xcheck(invOff-vs-restW) worst=3.1deg bone[2]
  TIER2 joint-attach(PRIMARY): worst=37.46u bone[7]='bone_R-middlefinger03.mesh' parent[0] R=40.0 exactJoint=0.01u pairs=36  (palette-wide exactWorst=1.37u)
[HANDS_ATTACH] mesh='hands_naked.mesh' owner='hands_naked.mesh' frame=836 nb=38 wext=91.8 rebound=1
  TIER1 rest-coherence: worst=3.1deg bone[2]='bone_R-pinky03.mesh' count(>5deg)=0 freshRecap=0  xcheck(invOff-vs-restW) worst=3.1deg bone[2]
  TIER2 joint-attach(PRIMARY): worst=60.80u bone[11]='bone_R-middlefinger02.mesh' parent[1] R=46.8 exactJoint=0.01u pairs=30  (palette-wide exactWorst=8.05u)
[HANDS_ATTACH] mesh='hands_naked.mesh' owner='hands_naked.mesh' frame=846 nb=38 wext=95.0 rebound=1
  TIER1 rest-coherence: worst=3.1deg bone[2]='bone_R-pinky03.mesh' count(>5deg)=0 freshRecap=0  xcheck(invOff-vs-restW) worst=3.1deg bone[2]
  TIER2 joint-attach(PRIMARY): worst=92.41u bone[17]='bone_R-ringfinger02.mesh' parent[15] R=46.7 exactJoint=0.91u pairs=30  (palette-wide exactWorst=8.25u)
[HANDS_ATTACH] mesh='hands_naked.mesh' owner='hands_naked.mesh' frame=846 nb=40 wext=62.4 rebound=1
  TIER1 rest-coherence: worst=3.1deg bone[2]='bone_R-foreTwist2.mesh' count(>5deg)=0 freshRecap=0  xcheck(invOff-vs-restW) worst=3.1deg bone[2]
  TIER2 joint-attach(PRIMARY): worst=37.46u bone[7]='bone_R-middlefinger03.mesh' parent[0] R=40.0 exactJoint=0.01u pairs=36  (palette-wide exactWorst=1.37u)
[HANDS_ATTACH] mesh='hands_naked.mesh' owner='hands_naked.mesh' frame=846 nb=38 wext=91.6 rebound=1
  TIER1 rest-coherence: worst=3.1deg bone[2]='bone_R-pinky03.mesh' count(>5deg)=0 freshRecap=0  xcheck(invOff-vs-restW) worst=3.1deg bone[2]
  TIER2 joint-attach(PRIMARY): worst=60.80u bone[11]='bone_R-middlefinger02.mesh' parent[1] R=46.8 exactJoint=0.01u pairs=30  (palette-wide exactWorst=8.05u)
[HANDS_ATTACH] mesh='hands_naked.mesh' owner='hands_naked.mesh' frame=856 nb=38 wext=95.0 rebound=1
  TIER1 rest-coherence: worst=3.1deg bone[2]='bone_R-pinky03.mesh' count(>5deg)=0 freshRecap=0  xcheck(invOff-vs-restW) worst=3.1deg bone[2]
  TIER2 joint-attach(PRIMARY): worst=92.40u bone[17]='bone_R-ringfinger02.mesh' parent[15] R=46.7 exactJoint=0.91u pairs=30  (palette-wide exactWorst=8.25u)
[HANDS_ATTACH] mesh='hands_naked.mesh' owner='hands_naked.mesh' frame=856 nb=40 wext=62.5 rebound=1
  TIER1 rest-coherence: worst=3.1deg bone[2]='bone_R-foreTwist2.mesh' count(>5deg)=0 freshRecap=0  xcheck(invOff-vs-restW) worst=3.1deg bone[2]
  TIER2 joint-attach(PRIMARY): worst=37.46u bone[7]='bone_R-middlefinger03.mesh' parent[0] R=40.0 exactJoint=0.01u pairs=36  (palette-wide exactWorst=1.37u)
[HANDS_ATTACH] mesh='hands_naked.mesh' owner='hands_naked.mesh' frame=856 nb=38 wext=91.5 rebound=1
  TIER1 rest-coherence: worst=3.1deg bone[2]='bone_R-pinky03.mesh' count(>5deg)=0 freshRecap=0  xcheck(invOff-vs-restW) worst=3.1deg bone[2]
  TIER2 joint-attach(PRIMARY): worst=60.80u bone[11]='bone_R-middlefinger02.mesh' parent[1] R=46.8 exactJoint=0.01u pairs=30  (palette-wide exactWorst=8.05u)
[HANDS_ATTACH] mesh='hands_naked.mesh' owner='hands_naked.mesh' frame=866 nb=38 wext=95.1 rebound=1
  TIER1 rest-coherence: worst=3.1deg bone[2]='bone_R-pinky03.mesh' count(>5deg)=0 freshRecap=0  xcheck(invOff-vs-restW) worst=3.1deg bone[2]
  TIER2 joint-attach(PRIMARY): worst=92.40u bone[17]='bone_R-ringfinger02.mesh' parent[15] R=46.7 exactJoint=0.91u pairs=30  (palette-wide exactWorst=8.25u)
[HANDS_ATTACH] mesh='hands_naked.mesh' owner='hands_naked.mesh' frame=866 nb=40 wext=62.6 rebound=1
  TIER1 rest-coherence: worst=3.1deg bone[2]='bone_R-foreTwist2.mesh' count(>5deg)=0 freshRecap=0  xcheck(invOff-vs-restW) worst=3.1deg bone[2]
  TIER2 joint-attach(PRIMARY): worst=37.46u bone[7]='bone_R-middlefinger03.mesh' parent[0] R=40.0 exactJoint=0.01u pairs=36  (palette-wide exactWorst=1.37u)
[HANDS_ATTACH] mesh='hands_naked.mesh' owner='hands_naked.mesh' frame=866 nb=38 wext=91.5 rebound=1
  TIER1 rest-coherence: worst=3.1deg bone[2]='bone_R-pinky03.mesh' count(>5deg)=0 freshRecap=0  xcheck(invOff-vs-restW) worst=3.1deg bone[2]
  TIER2 joint-attach(PRIMARY): worst=60.80u bone[11]='bone_R-middlefinger02.mesh' parent[1] R=46.8 exactJoint=0.01u pairs=30  (palette-wide exactWorst=8.05u)
[HANDS_ATTACH] mesh='hands_naked.mesh' owner='hands_naked.mesh' frame=876 nb=38 wext=95.1 rebound=1
  TIER1 rest-coherence: worst=3.1deg bone[2]='bone_R-pinky03.mesh' count(>5deg)=0 freshRecap=0  xcheck(invOff-vs-restW) worst=3.1deg bone[2]
  TIER2 joint-attach(PRIMARY): worst=92.40u bone[17]='bone_R-ringfinger02.mesh' parent[15] R=46.7 exactJoint=0.91u pairs=30  (palette-wide exactWorst=8.25u)
[HANDS_ATTACH] mesh='hands_naked.mesh' owner='hands_naked.mesh' frame=876 nb=40 wext=62.8 rebound=1
  TIER1 rest-coherence: worst=3.1deg bone[2]='bone_R-foreTwist2.mesh' count(>5deg)=0 freshRecap=0  xcheck(invOff-vs-restW) worst=3.1deg bone[2]
  TIER2 joint-attach(PRIMARY): worst=37.46u bone[7]='bone_R-middlefinger03.mesh' parent[0] R=40.0 exactJoint=0.01u pairs=36  (palette-wide exactWorst=1.37u)
[HANDS_ATTACH] mesh='hands_naked.mesh' owner='hands_naked.mesh' frame=876 nb=38 wext=91.5 rebound=1
  TIER1 rest-coherence: worst=3.1deg bone[2]='bone_R-pinky03.mesh' count(>5deg)=0 freshRecap=0  xcheck(invOff-vs-restW) worst=3.1deg bone[2]
  TIER2 joint-attach(PRIMARY): worst=60.80u bone[11]='bone_R-middlefinger02.mesh' parent[1] R=46.8 exactJoint=0.01u pairs=30  (palette-wide exactWorst=8.05u)
[HANDS_ATTACH] mesh='hands_naked.mesh' owner='hands_naked.mesh' frame=886 nb=38 wext=95.1 rebound=1
  TIER1 rest-coherence: worst=3.1deg bone[2]='bone_R-pinky03.mesh' count(>5deg)=0 freshRecap=0  xcheck(invOff-vs-restW) worst=3.1deg bone[2]
  TIER2 joint-attach(PRIMARY): worst=92.40u bone[17]='bone_R-ringfinger02.mesh' parent[15] R=46.7 exactJoint=0.91u pairs=30  (palette-wide exactWorst=8.25u)
[HANDS_ATTACH] mesh='hands_naked.mesh' owner='hands_naked.mesh' frame=886 nb=40 wext=62.9 rebound=1
  TIER1 rest-coherence: worst=3.1deg bone[2]='bone_R-foreTwist2.mesh' count(>5deg)=0 freshRecap=0  xcheck(invOff-vs-restW) worst=3.1deg bone[2]
  TIER2 joint-attach(PRIMARY): worst=37.46u bone[7]='bone_R-middlefinger03.mesh' parent[0] R=40.0 exactJoint=0.01u pairs=36  (palette-wide exactWorst=1.37u)
[HANDS_ATTACH] mesh='hands_naked.mesh' owner='hands_naked.mesh' frame=886 nb=38 wext=91.6 rebound=1
  TIER1 rest-coherence: worst=3.1deg bone[2]='bone_R-pinky03.mesh' count(>5deg)=0 freshRecap=0  xcheck(invOff-vs-restW) worst=3.1deg bone[2]
  TIER2 joint-attach(PRIMARY): worst=60.80u bone[11]='bone_R-middlefinger02.mesh' parent[1] R=46.8 exactJoint=0.01u pairs=30  (palette-wide exactWorst=8.05u)
[HANDS_ATTACH] mesh='hands_naked.mesh' owner='hands_naked.mesh' frame=896 nb=38 wext=95.1 rebound=1
  TIER1 rest-coherence: worst=3.1deg bone[2]='bone_R-pinky03.mesh' count(>5deg)=0 freshRecap=0  xcheck(invOff-vs-restW) worst=3.1deg bone[2]
  TIER2 joint-attach(PRIMARY): worst=92.40u bone[17]='bone_R-ringfinger02.mesh' parent[15] R=46.7 exactJoint=0.91u pairs=30  (palette-wide exactWorst=8.25u)
[HANDS_ATTACH] mesh='hands_naked.mesh' owner='hands_naked.mesh' frame=896 nb=40 wext=62.9 rebound=1
  TIER1 rest-coherence: worst=3.1deg bone[2]='bone_R-foreTwist2.mesh' count(>5deg)=0 freshRecap=0  xcheck(invOff-vs-restW) worst=3.1deg bone[2]
  TIER2 joint-attach(PRIMARY): worst=37.46u bone[7]='bone_R-middlefinger03.mesh' parent[0] R=40.0 exactJoint=0.01u pairs=36  (palette-wide exactWorst=1.37u)
[HANDS_ATTACH] mesh='hands_naked.mesh' owner='hands_naked.mesh' frame=896 nb=38 wext=91.6 rebound=1
  TIER1 rest-coherence: worst=3.1deg bone[2]='bone_R-pinky03.mesh' count(>5deg)=0 freshRecap=0  xcheck(invOff-vs-restW) worst=3.1deg bone[2]
  TIER2 joint-attach(PRIMARY): worst=60.80u bone[11]='bone_R-middlefinger02.mesh' parent[1] R=46.8 exactJoint=0.01u pairs=30  (palette-wide exactWorst=8.05u)
[HANDS_ATTACH] mesh='hands_naked.mesh' owner='hands_naked.mesh' frame=906 nb=38 wext=95.3 rebound=1
  TIER1 rest-coherence: worst=3.1deg bone[2]='bone_R-pinky03.mesh' count(>5deg)=0 freshRecap=0  xcheck(invOff-vs-restW) worst=3.1deg bone[2]
  TIER2 joint-attach(PRIMARY): worst=92.40u bone[17]='bone_R-ringfinger02.mesh' parent[15] R=46.7 exactJoint=0.91u pairs=30  (palette-wide exactWorst=8.25u)
[HANDS_ATTACH] mesh='hands_naked.mesh' owner='hands_naked.mesh' frame=906 nb=40 wext=63.0 rebound=1
  TIER1 rest-coherence: worst=3.1deg bone[2]='bone_R-foreTwist2.mesh' count(>5deg)=0 freshRecap=0  xcheck(invOff-vs-restW) worst=3.1deg bone[2]
  TIER2 joint-attach(PRIMARY): worst=37.46u bone[7]='bone_R-middlefinger03.mesh' parent[0] R=40.0 exactJoint=0.01u pairs=36  (palette-wide exactWorst=1.37u)
[HANDS_ATTACH] mesh='hands_naked.mesh' owner='hands_naked.mesh' frame=906 nb=38 wext=91.6 rebound=1
  TIER1 rest-coherence: worst=3.1deg bone[2]='bone_R-pinky03.mesh' count(>5deg)=0 freshRecap=0  xcheck(invOff-vs-restW) worst=3.1deg bone[2]
  TIER2 joint-attach(PRIMARY): worst=60.80u bone[11]='bone_R-middlefinger02.mesh' parent[1] R=46.8 exactJoint=0.01u pairs=30  (palette-wide exactWorst=8.05u)
[HANDS_ATTACH] mesh='hands_naked.mesh' owner='hands_naked.mesh' frame=916 nb=38 wext=95.4 rebound=1
  TIER1 rest-coherence: worst=3.1deg bone[2]='bone_R-pinky03.mesh' count(>5deg)=0 freshRecap=0  xcheck(invOff-vs-restW) worst=3.1deg bone[2]
  TIER2 joint-attach(PRIMARY): worst=92.40u bone[17]='bone_R-ringfinger02.mesh' parent[15] R=46.7 exactJoint=0.91u pairs=30  (palette-wide exactWorst=8.25u)
[HANDS_ATTACH] mesh='hands_naked.mesh' owner='hands_naked.mesh' frame=916 nb=40 wext=63.0 rebound=1
  TIER1 rest-coherence: worst=3.1deg bone[2]='bone_R-foreTwist2.mesh' count(>5deg)=0 freshRecap=0  xcheck(invOff-vs-restW) worst=3.1deg bone[2]
  TIER2 joint-attach(PRIMARY): worst=37.46u bone[7]='bone_R-middlefinger03.mesh' parent[0] R=40.0 exactJoint=0.01u pairs=36  (palette-wide exactWorst=1.37u)
[HANDS_ATTACH] mesh='hands_naked.mesh' owner='hands_naked.mesh' frame=916 nb=38 wext=91.7 rebound=1
  TIER1 rest-coherence: worst=3.1deg bone[2]='bone_R-pinky03.mesh' count(>5deg)=0 freshRecap=0  xcheck(invOff-vs-restW) worst=3.1deg bone[2]
  TIER2 joint-attach(PRIMARY): worst=60.80u bone[11]='bone_R-middlefinger02.mesh' parent[1] R=46.8 exactJoint=0.01u pairs=30  (palette-wide exactWorst=8.05u)
[HANDS_ATTACH] mesh='hands_naked.mesh' owner='hands_naked.mesh' frame=926 nb=38 wext=95.5 rebound=1
  TIER1 rest-coherence: worst=3.1deg bone[2]='bone_R-pinky03.mesh' count(>5deg)=0 freshRecap=0  xcheck(invOff-vs-restW) worst=3.1deg bone[2]
  TIER2 joint-attach(PRIMARY): worst=92.40u bone[17]='bone_R-ringfinger02.mesh' parent[15] R=46.7 exactJoint=0.91u pairs=30  (palette-wide exactWorst=8.25u)
[HANDS_ATTACH] mesh='hands_naked.mesh' owner='hands_naked.mesh' frame=926 nb=40 wext=63.0 rebound=1
  TIER1 rest-coherence: worst=3.1deg bone[2]='bone_R-foreTwist2.mesh' count(>5deg)=0 freshRecap=0  xcheck(invOff-vs-restW) worst=3.1deg bone[2]
  TIER2 joint-attach(PRIMARY): worst=37.46u bone[7]='bone_R-middlefinger03.mesh' parent[0] R=40.0 exactJoint=0.01u pairs=36  (palette-wide exactWorst=1.37u)
[HANDS_ATTACH] mesh='hands_naked.mesh' owner='hands_naked.mesh' frame=926 nb=38 wext=91.9 rebound=1
  TIER1 rest-coherence: worst=3.1deg bone[2]='bone_R-pinky03.mesh' count(>5deg)=0 freshRecap=0  xcheck(invOff-vs-restW) worst=3.1deg bone[2]
  TIER2 joint-attach(PRIMARY): worst=60.80u bone[11]='bone_R-middlefinger02.mesh' parent[1] R=46.8 exactJoint=0.01u pairs=30  (palette-wide exactWorst=8.05u)
[HANDS_ATTACH] mesh='hands_naked.mesh' owner='hands_naked.mesh' frame=936 nb=38 wext=95.5 rebound=1
  TIER1 rest-coherence: worst=3.1deg bone[2]='bone_R-pinky03.mesh' count(>5deg)=0 freshRecap=0  xcheck(invOff-vs-restW) worst=3.1deg bone[2]
  TIER2 joint-attach(PRIMARY): worst=92.37u bone[17]='bone_R-ringfinger02.mesh' parent[15] R=46.7 exactJoint=0.91u pairs=30  (palette-wide exactWorst=8.25u)
[HANDS_ATTACH] mesh='hands_naked.mesh' owner='hands_naked.mesh' frame=936 nb=40 wext=63.1 rebound=1
  TIER1 rest-coherence: worst=3.1deg bone[2]='bone_R-foreTwist2.mesh' count(>5deg)=0 freshRecap=0  xcheck(invOff-vs-restW) worst=3.1deg bone[2]
  TIER2 joint-attach(PRIMARY): worst=37.46u bone[7]='bone_R-middlefinger03.mesh' parent[0] R=40.0 exactJoint=0.01u pairs=36  (palette-wide exactWorst=1.37u)
[HANDS_ATTACH] mesh='hands_naked.mesh' owner='hands_naked.mesh' frame=936 nb=38 wext=92.1 rebound=1
  TIER1 rest-coherence: worst=3.1deg bone[2]='bone_R-pinky03.mesh' count(>5deg)=0 freshRecap=0  xcheck(invOff-vs-restW) worst=3.1deg bone[2]
  TIER2 joint-attach(PRIMARY): worst=60.80u bone[11]='bone_R-middlefinger02.mesh' parent[1] R=46.8 exactJoint=0.01u pairs=30  (palette-wide exactWorst=8.05u)
[HANDS_ATTACH] mesh='hands_naked.mesh' owner='hands_naked.mesh' frame=946 nb=38 wext=95.4 rebound=1
  TIER1 rest-coherence: worst=3.1deg bone[2]='bone_R-pinky03.mesh' count(>5deg)=0 freshRecap=0  xcheck(invOff-vs-restW) worst=3.1deg bone[2]
  TIER2 joint-attach(PRIMARY): worst=92.36u bone[17]='bone_R-ringfinger02.mesh' parent[15] R=46.7 exactJoint=0.91u pairs=30  (palette-wide exactWorst=8.25u)
[HANDS_ATTACH] mesh='hands_naked.mesh' owner='hands_naked.mesh' frame=946 nb=40 wext=62.9 rebound=1
  TIER1 rest-coherence: worst=3.1deg bone[2]='bone_R-foreTwist2.mesh' count(>5deg)=0 freshRecap=0  xcheck(invOff-vs-restW) worst=3.1deg bone[2]
  TIER2 joint-attach(PRIMARY): worst=37.46u bone[7]='bone_R-middlefinger03.mesh' parent[0] R=40.0 exactJoint=0.01u pairs=36  (palette-wide exactWorst=1.37u)
[HANDS_ATTACH] mesh='hands_naked.mesh' owner='hands_naked.mesh' frame=946 nb=38 wext=91.5 rebound=1
  TIER1 rest-coherence: worst=3.1deg bone[2]='bone_R-pinky03.mesh' count(>5deg)=0 freshRecap=0  xcheck(invOff-vs-restW) worst=3.1deg bone[2]
  TIER2 joint-attach(PRIMARY): worst=60.79u bone[11]='bone_R-middlefinger02.mesh' parent[1] R=46.8 exactJoint=0.01u pairs=30  (palette-wide exactWorst=8.05u)
[HANDS_ATTACH] mesh='hands_naked.mesh' owner='hands_naked.mesh' frame=956 nb=38 wext=95.2 rebound=1
  TIER1 rest-coherence: worst=3.1deg bone[2]='bone_R-pinky03.mesh' count(>5deg)=0 freshRecap=0  xcheck(invOff-vs-restW) worst=3.1deg bone[2]
  TIER2 joint-attach(PRIMARY): worst=92.37u bone[17]='bone_R-ringfinger02.mesh' parent[15] R=46.7 exactJoint=0.91u pairs=30  (palette-wide exactWorst=8.25u)
[HANDS_ATTACH] mesh='hands_naked.mesh' owner='hands_naked.mesh' frame=956 nb=40 wext=62.9 rebound=1
  TIER1 rest-coherence: worst=3.1deg bone[2]='bone_R-foreTwist2.mesh' count(>5deg)=0 freshRecap=0  xcheck(invOff-vs-restW) worst=3.1deg bone[2]
  TIER2 joint-attach(PRIMARY): worst=37.46u bone[7]='bone_R-middlefinger03.mesh' parent[0] R=40.0 exactJoint=0.01u pairs=36  (palette-wide exactWorst=1.37u)
[HANDS_ATTACH] mesh='hands_naked.mesh' owner='hands_naked.mesh' frame=956 nb=38 wext=92.0 rebound=1
  TIER1 rest-coherence: worst=3.1deg bone[2]='bone_R-pinky03.mesh' count(>5deg)=0 freshRecap=0  xcheck(invOff-vs-restW) worst=3.1deg bone[2]
  TIER2 joint-attach(PRIMARY): worst=60.79u bone[11]='bone_R-middlefinger02.mesh' parent[1] R=46.8 exactJoint=0.01u pairs=30  (palette-wide exactWorst=8.05u)
[HANDS_ATTACH] mesh='hands_naked.mesh' owner='hands_naked.mesh' frame=966 nb=38 wext=95.2 rebound=1
  TIER1 rest-coherence: worst=3.1deg bone[2]='bone_R-pinky03.mesh' count(>5deg)=0 freshRecap=0  xcheck(invOff-vs-restW) worst=3.1deg bone[2]
  TIER2 joint-attach(PRIMARY): worst=92.36u bone[17]='bone_R-ringfinger02.mesh' parent[15] R=46.7 exactJoint=0.91u pairs=30  (palette-wide exactWorst=8.25u)
[HANDS_ATTACH] mesh='hands_naked.mesh' owner='hands_naked.mesh' frame=966 nb=40 wext=63.0 rebound=1
  TIER1 rest-coherence: worst=3.1deg bone[2]='bone_R-foreTwist2.mesh' count(>5deg)=0 freshRecap=0  xcheck(invOff-vs-restW) worst=3.1deg bone[2]
  TIER2 joint-attach(PRIMARY): worst=37.46u bone[7]='bone_R-middlefinger03.mesh' parent[0] R=40.0 exactJoint=0.01u pairs=36  (palette-wide exactWorst=1.37u)
[HANDS_ATTACH] mesh='hands_naked.mesh' owner='hands_naked.mesh' frame=966 nb=38 wext=92.3 rebound=1
  TIER1 rest-coherence: worst=3.1deg bone[2]='bone_R-pinky03.mesh' count(>5deg)=0 freshRecap=0  xcheck(invOff-vs-restW) worst=3.1deg bone[2]
  TIER2 joint-attach(PRIMARY): worst=60.80u bone[11]='bone_R-middlefinger02.mesh' parent[1] R=46.8 exactJoint=0.01u pairs=30  (palette-wide exactWorst=8.05u)
[HANDS_ATTACH] mesh='hands_naked.mesh' owner='hands_naked.mesh' frame=976 nb=38 wext=95.6 rebound=1
  TIER1 rest-coherence: worst=3.1deg bone[2]='bone_R-pinky03.mesh' count(>5deg)=0 freshRecap=0  xcheck(invOff-vs-restW) worst=3.1deg bone[2]
  TIER2 joint-attach(PRIMARY): worst=92.36u bone[17]='bone_R-ringfinger02.mesh' parent[15] R=46.7 exactJoint=0.91u pairs=30  (palette-wide exactWorst=8.26u)
[HANDS_ATTACH] mesh='hands_naked.mesh' owner='hands_naked.mesh' frame=976 nb=40 wext=62.9 rebound=1
  TIER1 rest-coherence: worst=3.1deg bone[2]='bone_R-foreTwist2.mesh' count(>5deg)=0 freshRecap=0  xcheck(invOff-vs-restW) worst=3.1deg bone[2]
  TIER2 joint-attach(PRIMARY): worst=37.46u bone[7]='bone_R-middlefinger03.mesh' parent[0] R=40.0 exactJoint=0.01u pairs=36  (palette-wide exactWorst=1.37u)
[HANDS_ATTACH] mesh='hands_naked.mesh' owner='hands_naked.mesh' frame=976 nb=38 wext=91.9 rebound=1
  TIER1 rest-coherence: worst=3.1deg bone[2]='bone_R-pinky03.mesh' count(>5deg)=0 freshRecap=0  xcheck(invOff-vs-restW) worst=3.1deg bone[2]
  TIER2 joint-attach(PRIMARY): worst=60.79u bone[11]='bone_R-middlefinger02.mesh' parent[1] R=46.8 exactJoint=0.01u pairs=30  (palette-wide exactWorst=8.05u)
[HANDS_ATTACH] mesh='hands_naked.mesh' owner='hands_naked.mesh' frame=986 nb=38 wext=95.6 rebound=1
  TIER1 rest-coherence: worst=3.1deg bone[2]='bone_R-pinky03.mesh' count(>5deg)=0 freshRecap=0  xcheck(invOff-vs-restW) worst=3.1deg bone[2]
  TIER2 joint-attach(PRIMARY): worst=92.37u bone[17]='bone_R-ringfinger02.mesh' parent[15] R=46.7 exactJoint=0.91u pairs=30  (palette-wide exactWorst=8.26u)
[HANDS_ATTACH] mesh='hands_naked.mesh' owner='hands_naked.mesh' frame=986 nb=40 wext=63.0 rebound=1
  TIER1 rest-coherence: worst=3.1deg bone[2]='bone_R-foreTwist2.mesh' count(>5deg)=0 freshRecap=0  xcheck(invOff-vs-restW) worst=3.1deg bone[2]
  TIER2 joint-attach(PRIMARY): worst=37.46u bone[7]='bone_R-middlefinger03.mesh' parent[0] R=40.0 exactJoint=0.01u pairs=36  (palette-wide exactWorst=1.37u)
[HANDS_ATTACH] mesh='hands_naked.mesh' owner='hands_naked.mesh' frame=986 nb=38 wext=91.7 rebound=1
  TIER1 rest-coherence: worst=3.1deg bone[2]='bone_R-pinky03.mesh' count(>5deg)=0 freshRecap=0  xcheck(invOff-vs-restW) worst=3.1deg bone[2]
  TIER2 joint-attach(PRIMARY): worst=60.79u bone[11]='bone_R-middlefinger02.mesh' parent[1] R=46.8 exactJoint=0.01u pairs=30  (palette-wide exactWorst=8.05u)
[HANDS_ATTACH] mesh='hands_naked.mesh' owner='hands_naked.mesh' frame=996 nb=38 wext=95.7 rebound=1
  TIER1 rest-coherence: worst=3.1deg bone[2]='bone_R-pinky03.mesh' count(>5deg)=0 freshRecap=0  xcheck(invOff-vs-restW) worst=3.1deg bone[2]
  TIER2 joint-attach(PRIMARY): worst=92.37u bone[17]='bone_R-ringfinger02.mesh' parent[15] R=46.7 exactJoint=0.91u pairs=30  (palette-wide exactWorst=8.26u)
[HANDS_ATTACH] mesh='hands_naked.mesh' owner='hands_naked.mesh' frame=996 nb=40 wext=63.0 rebound=1
  TIER1 rest-coherence: worst=3.1deg bone[2]='bone_R-foreTwist2.mesh' count(>5deg)=0 freshRecap=0  xcheck(invOff-vs-restW) worst=3.1deg bone[2]
  TIER2 joint-attach(PRIMARY): worst=37.46u bone[7]='bone_R-middlefinger03.mesh' parent[0] R=40.0 exactJoint=0.01u pairs=36  (palette-wide exactWorst=1.37u)
[HANDS_ATTACH] mesh='hands_naked.mesh' owner='hands_naked.mesh' frame=996 nb=38 wext=91.6 rebound=1
  TIER1 rest-coherence: worst=3.1deg bone[2]='bone_R-pinky03.mesh' count(>5deg)=0 freshRecap=0  xcheck(invOff-vs-restW) worst=3.1deg bone[2]
  TIER2 joint-attach(PRIMARY): worst=60.79u bone[11]='bone_R-middlefinger02.mesh' parent[1] R=46.8 exactJoint=0.01u pairs=30  (palette-wide exactWorst=8.05u)
[HANDS_ATTACH] mesh='hands_naked.mesh' owner='hands_naked.mesh' frame=1006 nb=38 wext=96.1 rebound=1
  TIER1 rest-coherence: worst=3.1deg bone[2]='bone_R-pinky03.mesh' count(>5deg)=0 freshRecap=0  xcheck(invOff-vs-restW) worst=3.1deg bone[2]
  TIER2 joint-attach(PRIMARY): worst=92.37u bone[17]='bone_R-ringfinger02.mesh' parent[15] R=46.7 exactJoint=0.91u pairs=30  (palette-wide exactWorst=8.26u)
[HANDS_ATTACH] mesh='hands_naked.mesh' owner='hands_naked.mesh' frame=1006 nb=40 wext=63.0 rebound=1
  TIER1 rest-coherence: worst=3.1deg bone[2]='bone_R-foreTwist2.mesh' count(>5deg)=0 freshRecap=0  xcheck(invOff-vs-restW) worst=3.1deg bone[2]
  TIER2 joint-attach(PRIMARY): worst=37.46u bone[7]='bone_R-middlefinger03.mesh' parent[0] R=40.0 exactJoint=0.01u pairs=36  (palette-wide exactWorst=1.37u)
[HANDS_ATTACH] mesh='hands_naked.mesh' owner='hands_naked.mesh' frame=1006 nb=38 wext=91.6 rebound=1
  TIER1 rest-coherence: worst=3.1deg bone[2]='bone_R-pinky03.mesh' count(>5deg)=0 freshRecap=0  xcheck(invOff-vs-restW) worst=3.1deg bone[2]
  TIER2 joint-attach(PRIMARY): worst=60.80u bone[11]='bone_R-middlefinger02.mesh' parent[1] R=46.8 exactJoint=0.01u pairs=30  (palette-wide exactWorst=8.05u)
[HANDS_ATTACH] mesh='hands_naked.mesh' owner='hands_naked.mesh' frame=1016 nb=38 wext=95.9 rebound=1
  TIER1 rest-coherence: worst=3.1deg bone[2]='bone_R-pinky03.mesh' count(>5deg)=0 freshRecap=0  xcheck(invOff-vs-restW) worst=3.1deg bone[2]
  TIER2 joint-attach(PRIMARY): worst=92.33u bone[17]='bone_R-ringfinger02.mesh' parent[15] R=46.7 exactJoint=0.91u pairs=30  (palette-wide exactWorst=8.26u)
[HANDS_ATTACH] mesh='hands_naked.mesh' owner='hands_naked.mesh' frame=1016 nb=40 wext=62.9 rebound=1
  TIER1 rest-coherence: worst=3.1deg bone[2]='bone_R-foreTwist2.mesh' count(>5deg)=0 freshRecap=0  xcheck(invOff-vs-restW) worst=3.1deg bone[2]
  TIER2 joint-attach(PRIMARY): worst=37.46u bone[7]='bone_R-middlefinger03.mesh' parent[0] R=40.0 exactJoint=0.01u pairs=36  (palette-wide exactWorst=1.37u)
[HANDS_ATTACH] mesh='hands_naked.mesh' owner='hands_naked.mesh' frame=1016 nb=38 wext=91.7 rebound=1
  TIER1 rest-coherence: worst=3.1deg bone[2]='bone_R-pinky03.mesh' count(>5deg)=0 freshRecap=0  xcheck(invOff-vs-restW) worst=3.1deg bone[2]
  TIER2 joint-attach(PRIMARY): worst=60.79u bone[11]='bone_R-middlefinger02.mesh' parent[1] R=46.8 exactJoint=0.01u pairs=30  (palette-wide exactWorst=8.05u)
[HANDS_ATTACH] mesh='hands_naked.mesh' owner='hands_naked.mesh' frame=1026 nb=38 wext=96.0 rebound=1
  TIER1 rest-coherence: worst=3.1deg bone[2]='bone_R-pinky03.mesh' count(>5deg)=0 freshRecap=0  xcheck(invOff-vs-restW) worst=3.1deg bone[2]
  TIER2 joint-attach(PRIMARY): worst=92.33u bone[17]='bone_R-ringfinger02.mesh' parent[15] R=46.7 exactJoint=0.91u pairs=30  (palette-wide exactWorst=8.26u)
[HANDS_ATTACH] mesh='hands_naked.mesh' owner='hands_naked.mesh' frame=1026 nb=40 wext=62.9 rebound=1
  TIER1 rest-coherence: worst=3.1deg bone[2]='bone_R-foreTwist2.mesh' count(>5deg)=0 freshRecap=0  xcheck(invOff-vs-restW) worst=3.1deg bone[2]
  TIER2 joint-attach(PRIMARY): worst=37.46u bone[7]='bone_R-middlefinger03.mesh' parent[0] R=40.0 exactJoint=0.01u pairs=36  (palette-wide exactWorst=1.37u)
[HANDS_ATTACH] mesh='hands_naked.mesh' owner='hands_naked.mesh' frame=1026 nb=38 wext=91.8 rebound=1
  TIER1 rest-coherence: worst=3.1deg bone[2]='bone_R-pinky03.mesh' count(>5deg)=0 freshRecap=0  xcheck(invOff-vs-restW) worst=3.1deg bone[2]
  TIER2 joint-attach(PRIMARY): worst=60.79u bone[11]='bone_R-middlefinger02.mesh' parent[1] R=46.8 exactJoint=0.01u pairs=30  (palette-wide exactWorst=8.05u)
[HANDS_ATTACH] mesh='hands_naked.mesh' owner='hands_naked.mesh' frame=1036 nb=38 wext=95.8 rebound=1
  TIER1 rest-coherence: worst=3.1deg bone[2]='bone_R-pinky03.mesh' count(>5deg)=0 freshRecap=0  xcheck(invOff-vs-restW) worst=3.1deg bone[2]
  TIER2 joint-attach(PRIMARY): worst=92.33u bone[17]='bone_R-ringfinger02.mesh' parent[15] R=46.7 exactJoint=0.91u pairs=30  (palette-wide exactWorst=8.26u)
[HANDS_ATTACH] mesh='hands_naked.mesh' owner='hands_naked.mesh' frame=1036 nb=40 wext=63.0 rebound=1
  TIER1 rest-coherence: worst=3.1deg bone[2]='bone_R-foreTwist2.mesh' count(>5deg)=0 freshRecap=0  xcheck(invOff-vs-restW) worst=3.1deg bone[2]
  TIER2 joint-attach(PRIMARY): worst=37.46u bone[7]='bone_R-middlefinger03.mesh' parent[0] R=40.0 exactJoint=0.01u pairs=36  (palette-wide exactWorst=1.37u)
[HANDS_ATTACH] mesh='hands_naked.mesh' owner='hands_naked.mesh' frame=1036 nb=38 wext=91.8 rebound=1
  TIER1 rest-coherence: worst=3.1deg bone[2]='bone_R-pinky03.mesh' count(>5deg)=0 freshRecap=0  xcheck(invOff-vs-restW) worst=3.1deg bone[2]
  TIER2 joint-attach(PRIMARY): worst=60.79u bone[11]='bone_R-middlefinger02.mesh' parent[1] R=46.8 exactJoint=0.01u pairs=30  (palette-wide exactWorst=8.05u)
[HANDS_ATTACH] mesh='hands_naked.mesh' owner='hands_naked.mesh' frame=1046 nb=38 wext=95.6 rebound=1
  TIER1 rest-coherence: worst=3.1deg bone[2]='bone_R-pinky03.mesh' count(>5deg)=0 freshRecap=0  xcheck(invOff-vs-restW) worst=3.1deg bone[2]
  TIER2 joint-attach(PRIMARY): worst=92.33u bone[17]='bone_R-ringfinger02.mesh' parent[15] R=46.7 exactJoint=0.91u pairs=30  (palette-wide exactWorst=8.26u)
[HANDS_ATTACH] mesh='hands_naked.mesh' owner='hands_naked.mesh' frame=1046 nb=40 wext=63.0 rebound=1
  TIER1 rest-coherence: worst=3.1deg bone[2]='bone_R-foreTwist2.mesh' count(>5deg)=0 freshRecap=0  xcheck(invOff-vs-restW) worst=3.1deg bone[2]
  TIER2 joint-attach(PRIMARY): worst=37.46u bone[7]='bone_R-middlefinger03.mesh' parent[0] R=40.0 exactJoint=0.01u pairs=36  (palette-wide exactWorst=1.37u)
[HANDS_ATTACH] mesh='hands_naked.mesh' owner='hands_naked.mesh' frame=1046 nb=38 wext=91.7 rebound=1
  TIER1 rest-coherence: worst=3.1deg bone[2]='bone_R-pinky03.mesh' count(>5deg)=0 freshRecap=0  xcheck(invOff-vs-restW) worst=3.1deg bone[2]
  TIER2 joint-attach(PRIMARY): worst=60.79u bone[11]='bone_R-middlefinger02.mesh' parent[1] R=46.8 exactJoint=0.01u pairs=30  (palette-wide exactWorst=8.05u)
[HANDS_ATTACH] mesh='hands_naked.mesh' owner='hands_naked.mesh' frame=1056 nb=38 wext=95.4 rebound=1
  TIER1 rest-coherence: worst=3.1deg bone[2]='bone_R-pinky03.mesh' count(>5deg)=0 freshRecap=0  xcheck(invOff-vs-restW) worst=3.1deg bone[2]
  TIER2 joint-attach(PRIMARY): worst=92.33u bone[17]='bone_R-ringfinger02.mesh' parent[15] R=46.7 exactJoint=0.91u pairs=30  (palette-wide exactWorst=8.26u)
[HANDS_ATTACH] mesh='hands_naked.mesh' owner='hands_naked.mesh' frame=1056 nb=40 wext=63.0 rebound=1
  TIER1 rest-coherence: worst=3.1deg bone[2]='bone_R-foreTwist2.mesh' count(>5deg)=0 freshRecap=0  xcheck(invOff-vs-restW) worst=3.1deg bone[2]
  TIER2 joint-attach(PRIMARY): worst=37.46u bone[7]='bone_R-middlefinger03.mesh' parent[0] R=40.0 exactJoint=0.01u pairs=36  (palette-wide exactWorst=1.37u)
[HANDS_ATTACH] mesh='hands_naked.mesh' owner='hands_naked.mesh' frame=1056 nb=38 wext=91.6 rebound=1
  TIER1 rest-coherence: worst=3.1deg bone[2]='bone_R-pinky03.mesh' count(>5deg)=0 freshRecap=0  xcheck(invOff-vs-restW) worst=3.1deg bone[2]
  TIER2 joint-attach(PRIMARY): worst=60.79u bone[11]='bone_R-middlefinger02.mesh' parent[1] R=46.8 exactJoint=0.01u pairs=30  (palette-wide exactWorst=8.05u)
[HANDS_ATTACH] mesh='hands_naked.mesh' owner='hands_naked.mesh' frame=1066 nb=38 wext=95.9 rebound=1
  TIER1 rest-coherence: worst=3.1deg bone[2]='bone_R-pinky03.mesh' count(>5deg)=0 freshRecap=0  xcheck(invOff-vs-restW) worst=3.1deg bone[2]
  TIER2 joint-attach(PRIMARY): worst=92.32u bone[17]='bone_R-ringfinger02.mesh' parent[15] R=46.7 exactJoint=0.91u pairs=30  (palette-wide exactWorst=8.26u)
[HANDS_ATTACH] mesh='hands_naked.mesh' owner='hands_naked.mesh' frame=1066 nb=40 wext=63.0 rebound=1
  TIER1 rest-coherence: worst=3.1deg bone[2]='bone_R-foreTwist2.mesh' count(>5deg)=0 freshRecap=0  xcheck(invOff-vs-restW) worst=3.1deg bone[2]
  TIER2 joint-attach(PRIMARY): worst=37.46u bone[7]='bone_R-middlefinger03.mesh' parent[0] R=40.0 exactJoint=0.01u pairs=36  (palette-wide exactWorst=1.37u)
[HANDS_ATTACH] mesh='hands_naked.mesh' owner='hands_naked.mesh' frame=1066 nb=38 wext=91.5 rebound=1
  TIER1 rest-coherence: worst=3.1deg bone[2]='bone_R-pinky03.mesh' count(>5deg)=0 freshRecap=0  xcheck(invOff-vs-restW) worst=3.1deg bone[2]
  TIER2 joint-attach(PRIMARY): worst=60.79u bone[11]='bone_R-middlefinger02.mesh' parent[1] R=46.8 exactJoint=0.01u pairs=30  (palette-wide exactWorst=8.05u)
[HANDS_ATTACH] mesh='hands_naked.mesh' owner='hands_naked.mesh' frame=1076 nb=38 wext=96.7 rebound=1
  TIER1 rest-coherence: worst=3.1deg bone[2]='bone_R-pinky03.mesh' count(>5deg)=0 freshRecap=0  xcheck(invOff-vs-restW) worst=3.1deg bone[2]
  TIER2 joint-attach(PRIMARY): worst=92.33u bone[17]='bone_R-ringfinger02.mesh' parent[15] R=46.7 exactJoint=0.91u pairs=30  (palette-wide exactWorst=8.26u)
[HANDS_ATTACH] mesh='hands_naked.mesh' owner='hands_naked.mesh' frame=1076 nb=40 wext=63.0 rebound=1
  TIER1 rest-coherence: worst=3.1deg bone[2]='bone_R-foreTwist2.mesh' count(>5deg)=0 freshRecap=0  xcheck(invOff-vs-restW) worst=3.1deg bone[2]
  TIER2 joint-attach(PRIMARY): worst=37.46u bone[7]='bone_R-middlefinger03.mesh' parent[0] R=40.0 exactJoint=0.01u pairs=36  (palette-wide exactWorst=1.37u)
[HANDS_ATTACH] mesh='hands_naked.mesh' owner='hands_naked.mesh' frame=1076 nb=38 wext=91.6 rebound=1
  TIER1 rest-coherence: worst=3.1deg bone[2]='bone_R-pinky03.mesh' count(>5deg)=0 freshRecap=0  xcheck(invOff-vs-restW) worst=3.1deg bone[2]
  TIER2 joint-attach(PRIMARY): worst=60.79u bone[11]='bone_R-middlefinger02.mesh' parent[1] R=46.8 exactJoint=0.01u pairs=30  (palette-wide exactWorst=8.05u)
[HANDS_ATTACH] mesh='hands_naked.mesh' owner='hands_naked.mesh' frame=1086 nb=38 wext=97.3 rebound=1
  TIER1 rest-coherence: worst=3.1deg bone[2]='bone_R-pinky03.mesh' count(>5deg)=0 freshRecap=0  xcheck(invOff-vs-restW) worst=3.1deg bone[2]
  TIER2 joint-attach(PRIMARY): worst=92.33u bone[17]='bone_R-ringfinger02.mesh' parent[15] R=46.7 exactJoint=0.91u pairs=30  (palette-wide exactWorst=8.26u)
[HANDS_ATTACH] mesh='hands_naked.mesh' owner='hands_naked.mesh' frame=1086 nb=40 wext=63.1 rebound=1
  TIER1 rest-coherence: worst=3.1deg bone[2]='bone_R-foreTwist2.mesh' count(>5deg)=0 freshRecap=0  xcheck(invOff-vs-restW) worst=3.1deg bone[2]
  TIER2 joint-attach(PRIMARY): worst=37.46u bone[7]='bone_R-middlefinger03.mesh' parent[0] R=40.0 exactJoint=0.01u pairs=36  (palette-wide exactWorst=1.37u)
[HANDS_ATTACH] mesh='hands_naked.mesh' owner='hands_naked.mesh' frame=1086 nb=38 wext=91.7 rebound=1
  TIER1 rest-coherence: worst=3.1deg bone[2]='bone_R-pinky03.mesh' count(>5deg)=0 freshRecap=0  xcheck(invOff-vs-restW) worst=3.1deg bone[2]
  TIER2 joint-attach(PRIMARY): worst=60.79u bone[11]='bone_R-middlefinger02.mesh' parent[1] R=46.8 exactJoint=0.01u pairs=30  (palette-wide exactWorst=8.05u)
[HANDS_ATTACH] mesh='hands_naked.mesh' owner='hands_naked.mesh' frame=1096 nb=38 wext=97.8 rebound=1
  TIER1 rest-coherence: worst=3.1deg bone[2]='bone_R-pinky03.mesh' count(>5deg)=0 freshRecap=0  xcheck(invOff-vs-restW) worst=3.1deg bone[2]
  TIER2 joint-attach(PRIMARY): worst=92.32u bone[17]='bone_R-ringfinger02.mesh' parent[15] R=46.7 exactJoint=0.91u pairs=30  (palette-wide exactWorst=8.26u)
[HANDS_ATTACH] mesh='hands_naked.mesh' owner='hands_naked.mesh' frame=1096 nb=40 wext=63.1 rebound=1
  TIER1 rest-coherence: worst=3.1deg bone[2]='bone_R-foreTwist2.mesh' count(>5deg)=0 freshRecap=0  xcheck(invOff-vs-restW) worst=3.1deg bone[2]
  TIER2 joint-attach(PRIMARY): worst=37.46u bone[7]='bone_R-middlefinger03.mesh' parent[0] R=40.0 exactJoint=0.01u pairs=36  (palette-wide exactWorst=1.37u)
[HANDS_ATTACH] mesh='hands_naked.mesh' owner='hands_naked.mesh' frame=1096 nb=38 wext=91.8 rebound=1
  TIER1 rest-coherence: worst=3.1deg bone[2]='bone_R-pinky03.mesh' count(>5deg)=0 freshRecap=0  xcheck(invOff-vs-restW) worst=3.1deg bone[2]
  TIER2 joint-attach(PRIMARY): worst=60.79u bone[11]='bone_R-middlefinger02.mesh' parent[1] R=46.8 exactJoint=0.01u pairs=30  (palette-wide exactWorst=8.05u)
[HANDS_ATTACH] mesh='hands_naked.mesh' owner='hands_naked.mesh' frame=1106 nb=38 wext=98.2 rebound=1
  TIER1 rest-coherence: worst=3.1deg bone[2]='bone_R-pinky03.mesh' count(>5deg)=0 freshRecap=0  xcheck(invOff-vs-restW) worst=3.1deg bone[2]
  TIER2 joint-attach(PRIMARY): worst=92.32u bone[17]='bone_R-ringfinger02.mesh' parent[15] R=46.7 exactJoint=0.91u pairs=30  (palette-wide exactWorst=8.26u)
[HANDS_ATTACH] mesh='hands_naked.mesh' owner='hands_naked.mesh' frame=1106 nb=40 wext=63.0 rebound=1
  TIER1 rest-coherence: worst=3.1deg bone[2]='bone_R-foreTwist2.mesh' count(>5deg)=0 freshRecap=0  xcheck(invOff-vs-restW) worst=3.1deg bone[2]
  TIER2 joint-attach(PRIMARY): worst=37.46u bone[7]='bone_R-middlefinger03.mesh' parent[0] R=40.0 exactJoint=0.01u pairs=36  (palette-wide exactWorst=1.37u)
[HANDS_ATTACH] mesh='hands_naked.mesh' owner='hands_naked.mesh' frame=1106 nb=38 wext=91.9 rebound=1
  TIER1 rest-coherence: worst=3.1deg bone[2]='bone_R-pinky03.mesh' count(>5deg)=0 freshRecap=0  xcheck(invOff-vs-restW) worst=3.1deg bone[2]
  TIER2 joint-attach(PRIMARY): worst=60.79u bone[11]='bone_R-middlefinger02.mesh' parent[1] R=46.8 exactJoint=0.01u pairs=30  (palette-wide exactWorst=8.05u)
[HANDS_ATTACH] mesh='hands_naked.mesh' owner='hands_naked.mesh' frame=1116 nb=38 wext=98.3 rebound=1
  TIER1 rest-coherence: worst=3.1deg bone[2]='bone_R-pinky03.mesh' count(>5deg)=0 freshRecap=0  xcheck(invOff-vs-restW) worst=3.1deg bone[2]
  TIER2 joint-attach(PRIMARY): worst=92.32u bone[17]='bone_R-ringfinger02.mesh' parent[15] R=46.7 exactJoint=0.91u pairs=30  (palette-wide exactWorst=8.26u)
[HANDS_ATTACH] mesh='hands_naked.mesh' owner='hands_naked.mesh' frame=1116 nb=40 wext=63.0 rebound=1
  TIER1 rest-coherence: worst=3.1deg bone[2]='bone_R-foreTwist2.mesh' count(>5deg)=0 freshRecap=0  xcheck(invOff-vs-restW) worst=3.1deg bone[2]
  TIER2 joint-attach(PRIMARY): worst=37.46u bone[7]='bone_R-middlefinger03.mesh' parent[0] R=40.0 exactJoint=0.01u pairs=36  (palette-wide exactWorst=1.37u)
[HANDS_ATTACH] mesh='hands_naked.mesh' owner='hands_naked.mesh' frame=1116 nb=38 wext=91.9 rebound=1
  TIER1 rest-coherence: worst=3.1deg bone[2]='bone_R-pinky03.mesh' count(>5deg)=0 freshRecap=0  xcheck(invOff-vs-restW) worst=3.1deg bone[2]
  TIER2 joint-attach(PRIMARY): worst=60.79u bone[11]='bone_R-middlefinger02.mesh' parent[1] R=46.8 exactJoint=0.01u pairs=30  (palette-wide exactWorst=8.05u)
[HANDS_ATTACH] mesh='hands_naked.mesh' owner='hands_naked.mesh' frame=1126 nb=38 wext=98.2 rebound=1
  TIER1 rest-coherence: worst=3.1deg bone[2]='bone_R-pinky03.mesh' count(>5deg)=0 freshRecap=0  xcheck(invOff-vs-restW) worst=3.1deg bone[2]
  TIER2 joint-attach(PRIMARY): worst=92.33u bone[17]='bone_R-ringfinger02.mesh' parent[15] R=46.7 exactJoint=0.91u pairs=30  (palette-wide exactWorst=8.26u)
[HANDS_ATTACH] mesh='hands_naked.mesh' owner='hands_naked.mesh' frame=1126 nb=40 wext=63.0 rebound=1
  TIER1 rest-coherence: worst=3.1deg bone[2]='bone_R-foreTwist2.mesh' count(>5deg)=0 freshRecap=0  xcheck(invOff-vs-restW) worst=3.1deg bone[2]
  TIER2 joint-attach(PRIMARY): worst=37.46u bone[7]='bone_R-middlefinger03.mesh' parent[0] R=40.0 exactJoint=0.01u pairs=36  (palette-wide exactWorst=1.37u)
[HANDS_ATTACH] mesh='hands_naked.mesh' owner='hands_naked.mesh' frame=1126 nb=38 wext=91.9 rebound=1
  TIER1 rest-coherence: worst=3.1deg bone[2]='bone_R-pinky03.mesh' count(>5deg)=0 freshRecap=0  xcheck(invOff-vs-restW) worst=3.1deg bone[2]
  TIER2 joint-attach(PRIMARY): worst=60.79u bone[11]='bone_R-middlefinger02.mesh' parent[1] R=46.8 exactJoint=0.01u pairs=30  (palette-wide exactWorst=8.05u)
[HANDS_ATTACH] mesh='hands_naked.mesh' owner='hands_naked.mesh' frame=1136 nb=38 wext=98.1 rebound=1
  TIER1 rest-coherence: worst=3.1deg bone[2]='bone_R-pinky03.mesh' count(>5deg)=0 freshRecap=0  xcheck(invOff-vs-restW) worst=3.1deg bone[2]
  TIER2 joint-attach(PRIMARY): worst=92.33u bone[17]='bone_R-ringfinger02.mesh' parent[15] R=46.7 exactJoint=0.91u pairs=30  (palette-wide exactWorst=8.26u)
[HANDS_ATTACH] mesh='hands_naked.mesh' owner='hands_naked.mesh' frame=1136 nb=40 wext=63.0 rebound=1
  TIER1 rest-coherence: worst=3.1deg bone[2]='bone_R-foreTwist2.mesh' count(>5deg)=0 freshRecap=0  xcheck(invOff-vs-restW) worst=3.1deg bone[2]
  TIER2 joint-attach(PRIMARY): worst=37.46u bone[7]='bone_R-middlefinger03.mesh' parent[0] R=40.0 exactJoint=0.01u pairs=36  (palette-wide exactWorst=1.37u)
[HANDS_ATTACH] mesh='hands_naked.mesh' owner='hands_naked.mesh' frame=1136 nb=38 wext=91.8 rebound=1
  TIER1 rest-coherence: worst=3.1deg bone[2]='bone_R-pinky03.mesh' count(>5deg)=0 freshRecap=0  xcheck(invOff-vs-restW) worst=3.1deg bone[2]
  TIER2 joint-attach(PRIMARY): worst=60.80u bone[11]='bone_R-middlefinger02.mesh' parent[1] R=46.8 exactJoint=0.01u pairs=30  (palette-wide exactWorst=8.05u)
[HANDS_ATTACH] mesh='hands_naked.mesh' owner='hands_naked.mesh' frame=1146 nb=38 wext=98.0 rebound=1
  TIER1 rest-coherence: worst=3.1deg bone[2]='bone_R-pinky03.mesh' count(>5deg)=0 freshRecap=0  xcheck(invOff-vs-restW) worst=3.1deg bone[2]
  TIER2 joint-attach(PRIMARY): worst=92.33u bone[17]='bone_R-ringfinger02.mesh' parent[15] R=46.7 exactJoint=0.91u pairs=30  (palette-wide exactWorst=8.26u)
[HANDS_ATTACH] mesh='hands_naked.mesh' owner='hands_naked.mesh' frame=1146 nb=40 wext=63.0 rebound=1
  TIER1 rest-coherence: worst=3.1deg bone[2]='bone_R-foreTwist2.mesh' count(>5deg)=0 freshRecap=0  xcheck(invOff-vs-restW) worst=3.1deg bone[2]
  TIER2 joint-attach(PRIMARY): worst=37.46u bone[7]='bone_R-middlefinger03.mesh' parent[0] R=40.0 exactJoint=0.01u pairs=36  (palette-wide exactWorst=1.37u)
[HANDS_ATTACH] mesh='hands_naked.mesh' owner='hands_naked.mesh' frame=1146 nb=38 wext=91.8 rebound=1
  TIER1 rest-coherence: worst=3.1deg bone[2]='bone_R-pinky03.mesh' count(>5deg)=0 freshRecap=0  xcheck(invOff-vs-restW) worst=3.1deg bone[2]
  TIER2 joint-attach(PRIMARY): worst=60.80u bone[11]='bone_R-middlefinger02.mesh' parent[1] R=46.8 exactJoint=0.01u pairs=30  (palette-wide exactWorst=8.05u)
[HANDS_ATTACH] mesh='hands_naked.mesh' owner='hands_naked.mesh' frame=1156 nb=38 wext=97.8 rebound=1
  TIER1 rest-coherence: worst=3.1deg bone[2]='bone_R-pinky03.mesh' count(>5deg)=0 freshRecap=0  xcheck(invOff-vs-restW) worst=3.1deg bone[2]
  TIER2 joint-attach(PRIMARY): worst=92.32u bone[17]='bone_R-ringfinger02.mesh' parent[15] R=46.7 exactJoint=0.91u pairs=30  (palette-wide exactWorst=8.26u)
[HANDS_ATTACH] mesh='hands_naked.mesh' owner='hands_naked.mesh' frame=1156 nb=40 wext=63.0 rebound=1
  TIER1 rest-coherence: worst=3.1deg bone[2]='bone_R-foreTwist2.mesh' count(>5deg)=0 freshRecap=0  xcheck(invOff-vs-restW) worst=3.1deg bone[2]
  TIER2 joint-attach(PRIMARY): worst=37.46u bone[7]='bone_R-middlefinger03.mesh' parent[0] R=40.0 exactJoint=0.01u pairs=36  (palette-wide exactWorst=1.37u)
[HANDS_ATTACH] mesh='hands_naked.mesh' owner='hands_naked.mesh' frame=1156 nb=38 wext=91.9 rebound=1
  TIER1 rest-coherence: worst=3.1deg bone[2]='bone_R-pinky03.mesh' count(>5deg)=0 freshRecap=0  xcheck(invOff-vs-restW) worst=3.1deg bone[2]
  TIER2 joint-attach(PRIMARY): worst=60.80u bone[11]='bone_R-middlefinger02.mesh' parent[1] R=46.8 exactJoint=0.01u pairs=30  (palette-wide exactWorst=8.05u)
[HANDS_ATTACH] mesh='hands_naked.mesh' owner='hands_naked.mesh' frame=1166 nb=38 wext=97.8 rebound=1
  TIER1 rest-coherence: worst=3.1deg bone[2]='bone_R-pinky03.mesh' count(>5deg)=0 freshRecap=0  xcheck(invOff-vs-restW) worst=3.1deg bone[2]
  TIER2 joint-attach(PRIMARY): worst=92.33u bone[17]='bone_R-ringfinger02.mesh' parent[15] R=46.7 exactJoint=0.91u pairs=30  (palette-wide exactWorst=8.26u)
[HANDS_ATTACH] mesh='hands_naked.mesh' owner='hands_naked.mesh' frame=1166 nb=40 wext=63.0 rebound=1
  TIER1 rest-coherence: worst=3.1deg bone[2]='bone_R-foreTwist2.mesh' count(>5deg)=0 freshRecap=0  xcheck(invOff-vs-restW) worst=3.1deg bone[2]
  TIER2 joint-attach(PRIMARY): worst=37.46u bone[7]='bone_R-middlefinger03.mesh' parent[0] R=40.0 exactJoint=0.01u pairs=36  (palette-wide exactWorst=1.37u)
[HANDS_ATTACH] mesh='hands_naked.mesh' owner='hands_naked.mesh' frame=1166 nb=38 wext=92.0 rebound=1
  TIER1 rest-coherence: worst=3.1deg bone[2]='bone_R-pinky03.mesh' count(>5deg)=0 freshRecap=0  xcheck(invOff-vs-restW) worst=3.1deg bone[2]
  TIER2 joint-attach(PRIMARY): worst=60.79u bone[11]='bone_R-middlefinger02.mesh' parent[1] R=46.8 exactJoint=0.01u pairs=30  (palette-wide exactWorst=8.05u)
[HANDS_ATTACH] mesh='hands_naked.mesh' owner='hands_naked.mesh' frame=1176 nb=38 wext=97.9 rebound=1
  TIER1 rest-coherence: worst=3.1deg bone[2]='bone_R-pinky03.mesh' count(>5deg)=0 freshRecap=0  xcheck(invOff-vs-restW) worst=3.1deg bone[2]
  TIER2 joint-attach(PRIMARY): worst=92.33u bone[17]='bone_R-ringfinger02.mesh' parent[15] R=46.7 exactJoint=0.91u pairs=30  (palette-wide exactWorst=8.26u)
[HANDS_ATTACH] mesh='hands_naked.mesh' owner='hands_naked.mesh' frame=1176 nb=40 wext=63.0 rebound=1
  TIER1 rest-coherence: worst=3.1deg bone[2]='bone_R-foreTwist2.mesh' count(>5deg)=0 freshRecap=0  xcheck(invOff-vs-restW) worst=3.1deg bone[2]
  TIER2 joint-attach(PRIMARY): worst=37.46u bone[7]='bone_R-middlefinger03.mesh' parent[0] R=40.0 exactJoint=0.01u pairs=36  (palette-wide exactWorst=1.37u)
[HANDS_ATTACH] mesh='hands_naked.mesh' owner='hands_naked.mesh' frame=1176 nb=38 wext=92.0 rebound=1
  TIER1 rest-coherence: worst=3.1deg bone[2]='bone_R-pinky03.mesh' count(>5deg)=0 freshRecap=0  xcheck(invOff-vs-restW) worst=3.1deg bone[2]
  TIER2 joint-attach(PRIMARY): worst=60.80u bone[11]='bone_R-middlefinger02.mesh' parent[1] R=46.8 exactJoint=0.01u pairs=30  (palette-wide exactWorst=8.05u)
[HANDS_ATTACH] mesh='hands_naked.mesh' owner='hands_naked.mesh' frame=1186 nb=38 wext=97.8 rebound=1
  TIER1 rest-coherence: worst=3.1deg bone[2]='bone_R-pinky03.mesh' count(>5deg)=0 freshRecap=0  xcheck(invOff-vs-restW) worst=3.1deg bone[2]
  TIER2 joint-attach(PRIMARY): worst=92.32u bone[17]='bone_R-ringfinger02.mesh' parent[15] R=46.7 exactJoint=0.91u pairs=30  (palette-wide exactWorst=8.26u)
[HANDS_ATTACH] mesh='hands_naked.mesh' owner='hands_naked.mesh' frame=1186 nb=40 wext=63.0 rebound=1
  TIER1 rest-coherence: worst=3.1deg bone[2]='bone_R-foreTwist2.mesh' count(>5deg)=0 freshRecap=0  xcheck(invOff-vs-restW) worst=3.1deg bone[2]
  TIER2 joint-attach(PRIMARY): worst=37.46u bone[7]='bone_R-middlefinger03.mesh' parent[0] R=40.0 exactJoint=0.01u pairs=36  (palette-wide exactWorst=1.37u)
[HANDS_ATTACH] mesh='hands_naked.mesh' owner='hands_naked.mesh' frame=1186 nb=38 wext=92.0 rebound=1
  TIER1 rest-coherence: worst=3.1deg bone[2]='bone_R-pinky03.mesh' count(>5deg)=0 freshRecap=0  xcheck(invOff-vs-restW) worst=3.1deg bone[2]
  TIER2 joint-attach(PRIMARY): worst=60.80u bone[11]='bone_R-middlefinger02.mesh' parent[1] R=46.8 exactJoint=0.01u pairs=30  (palette-wide exactWorst=8.05u)
[HANDS_ATTACH] mesh='hands_naked.mesh' owner='hands_naked.mesh' frame=1196 nb=38 wext=90.2 rebound=1
  TIER1 rest-coherence: worst=3.1deg bone[2]='bone_R-pinky03.mesh' count(>5deg)=0 freshRecap=0  xcheck(invOff-vs-restW) worst=3.1deg bone[2]
  TIER2 joint-attach(PRIMARY): worst=72.71u bone[13]='bone_R-hand.mesh' parent[5] R=49.3 exactJoint=0.34u pairs=30  (palette-wide exactWorst=8.84u)
[HANDS_ATTACH] mesh='hands_naked.mesh' owner='hands_naked.mesh' frame=1199 nb=40 wext=63.0 rebound=1
  TIER1 rest-coherence: worst=3.1deg bone[2]='bone_R-foreTwist2.mesh' count(>5deg)=0 freshRecap=0  xcheck(invOff-vs-restW) worst=3.1deg bone[2]
  TIER2 joint-attach(PRIMARY): worst=37.46u bone[7]='bone_R-middlefinger03.mesh' parent[0] R=40.0 exactJoint=0.01u pairs=36  (palette-wide exactWorst=1.37u)
[HANDS_ATTACH] mesh='hands_naked.mesh' owner='hands_naked.mesh' frame=1199 nb=38 wext=91.7 rebound=1
  TIER1 rest-coherence: worst=3.1deg bone[2]='bone_R-pinky03.mesh' count(>5deg)=0 freshRecap=0  xcheck(invOff-vs-restW) worst=3.1deg bone[2]
  TIER2 joint-attach(PRIMARY): worst=60.80u bone[11]='bone_R-middlefinger02.mesh' parent[1] R=46.8 exactJoint=0.01u pairs=30  (palette-wide exactWorst=8.05u)
[HANDS_ATTACH] mesh='hands_naked.mesh' owner='hands_naked.mesh' frame=1206 nb=38 wext=88.6 rebound=1
  TIER1 rest-coherence: worst=3.1deg bone[2]='bone_R-pinky03.mesh' count(>5deg)=0 freshRecap=0  xcheck(invOff-vs-restW) worst=3.1deg bone[2]
  TIER2 joint-attach(PRIMARY): worst=75.74u bone[13]='bone_R-hand.mesh' parent[5] R=49.3 exactJoint=0.34u pairs=30  (palette-wide exactWorst=8.95u)
[HANDS_ATTACH] mesh='hands_naked.mesh' owner='hands_naked.mesh' frame=1216 nb=38 wext=88.9 rebound=1
  TIER1 rest-coherence: worst=3.1deg bone[2]='bone_R-pinky03.mesh' count(>5deg)=0 freshRecap=0  xcheck(invOff-vs-restW) worst=3.1deg bone[2]
  TIER2 joint-attach(PRIMARY): worst=75.30u bone[13]='bone_R-hand.mesh' parent[5] R=49.3 exactJoint=0.34u pairs=30  (palette-wide exactWorst=8.96u)
[HANDS_ATTACH] mesh='hands_naked.mesh' owner='hands_naked.mesh' frame=1219 nb=40 wext=63.0 rebound=1
  TIER1 rest-coherence: worst=3.1deg bone[2]='bone_R-foreTwist2.mesh' count(>5deg)=0 freshRecap=0  xcheck(invOff-vs-restW) worst=3.1deg bone[2]
  TIER2 joint-attach(PRIMARY): worst=37.46u bone[7]='bone_R-middlefinger03.mesh' parent[0] R=40.0 exactJoint=0.01u pairs=36  (palette-wide exactWorst=1.37u)
[HANDS_ATTACH] mesh='hands_naked.mesh' owner='hands_naked.mesh' frame=1219 nb=38 wext=91.7 rebound=1
  TIER1 rest-coherence: worst=3.1deg bone[2]='bone_R-pinky03.mesh' count(>5deg)=0 freshRecap=0  xcheck(invOff-vs-restW) worst=3.1deg bone[2]
  TIER2 joint-attach(PRIMARY): worst=60.80u bone[11]='bone_R-middlefinger02.mesh' parent[1] R=46.8 exactJoint=0.01u pairs=30  (palette-wide exactWorst=8.05u)
[HANDS_ATTACH] mesh='hands_naked.mesh' owner='hands_naked.mesh' frame=1226 nb=38 wext=88.6 rebound=1
  TIER1 rest-coherence: worst=3.1deg bone[2]='bone_R-pinky03.mesh' count(>5deg)=0 freshRecap=0  xcheck(invOff-vs-restW) worst=3.1deg bone[2]
  TIER2 joint-attach(PRIMARY): worst=74.87u bone[13]='bone_R-hand.mesh' parent[5] R=49.3 exactJoint=0.34u pairs=30  (palette-wide exactWorst=8.97u)
[HANDS_ATTACH] mesh='hands_naked.mesh' owner='hands_naked.mesh' frame=1236 nb=38 wext=87.7 rebound=1
  TIER1 rest-coherence: worst=3.1deg bone[2]='bone_R-pinky03.mesh' count(>5deg)=0 freshRecap=0  xcheck(invOff-vs-restW) worst=3.1deg bone[2]
  TIER2 joint-attach(PRIMARY): worst=74.72u bone[29]='bone_L-hand.mesh' parent[22] R=49.3 exactJoint=0.15u pairs=30  (palette-wide exactWorst=8.97u)
[HANDS_ATTACH] mesh='hands_naked.mesh' owner='hands_naked.mesh' frame=1239 nb=40 wext=63.0 rebound=1
  TIER1 rest-coherence: worst=3.1deg bone[2]='bone_R-foreTwist2.mesh' count(>5deg)=0 freshRecap=0  xcheck(invOff-vs-restW) worst=3.1deg bone[2]
  TIER2 joint-attach(PRIMARY): worst=37.46u bone[7]='bone_R-middlefinger03.mesh' parent[0] R=40.0 exactJoint=0.01u pairs=36  (palette-wide exactWorst=1.37u)
[HANDS_ATTACH] mesh='hands_naked.mesh' owner='hands_naked.mesh' frame=1239 nb=38 wext=91.7 rebound=1
  TIER1 rest-coherence: worst=3.1deg bone[2]='bone_R-pinky03.mesh' count(>5deg)=0 freshRecap=0  xcheck(invOff-vs-restW) worst=3.1deg bone[2]
  TIER2 joint-attach(PRIMARY): worst=60.80u bone[11]='bone_R-middlefinger02.mesh' parent[1] R=46.8 exactJoint=0.01u pairs=30  (palette-wide exactWorst=8.05u)
[HANDS_ATTACH] mesh='hands_naked.mesh' owner='hands_naked.mesh' frame=1246 nb=38 wext=88.0 rebound=1
  TIER1 rest-coherence: worst=3.1deg bone[2]='bone_R-pinky03.mesh' count(>5deg)=0 freshRecap=0  xcheck(invOff-vs-restW) worst=3.1deg bone[2]
  TIER2 joint-attach(PRIMARY): worst=75.49u bone[29]='bone_L-hand.mesh' parent[22] R=49.3 exactJoint=0.15u pairs=30  (palette-wide exactWorst=8.97u)
[HANDS_ATTACH] mesh='hands_naked.mesh' owner='hands_naked.mesh' frame=1256 nb=38 wext=88.1 rebound=1
  TIER1 rest-coherence: worst=3.1deg bone[2]='bone_R-pinky03.mesh' count(>5deg)=0 freshRecap=0  xcheck(invOff-vs-restW) worst=3.1deg bone[2]
  TIER2 joint-attach(PRIMARY): worst=75.76u bone[29]='bone_L-hand.mesh' parent[22] R=49.3 exactJoint=0.15u pairs=30  (palette-wide exactWorst=8.97u)
[HANDS_ATTACH] mesh='hands_naked.mesh' owner='hands_naked.mesh' frame=1259 nb=40 wext=63.0 rebound=1
  TIER1 rest-coherence: worst=3.1deg bone[2]='bone_R-foreTwist2.mesh' count(>5deg)=0 freshRecap=0  xcheck(invOff-vs-restW) worst=3.1deg bone[2]
  TIER2 joint-attach(PRIMARY): worst=37.46u bone[7]='bone_R-middlefinger03.mesh' parent[0] R=40.0 exactJoint=0.01u pairs=36  (palette-wide exactWorst=1.37u)
[HANDS_ATTACH] mesh='hands_naked.mesh' owner='hands_naked.mesh' frame=1259 nb=38 wext=91.7 rebound=1
  TIER1 rest-coherence: worst=3.1deg bone[2]='bone_R-pinky03.mesh' count(>5deg)=0 freshRecap=0  xcheck(invOff-vs-restW) worst=3.1deg bone[2]
  TIER2 joint-attach(PRIMARY): worst=60.80u bone[11]='bone_R-middlefinger02.mesh' parent[1] R=46.8 exactJoint=0.01u pairs=30  (palette-wide exactWorst=8.05u)
[HANDS_ATTACH] mesh='hands_naked.mesh' owner='hands_naked.mesh' frame=1266 nb=38 wext=88.0 rebound=1
  TIER1 rest-coherence: worst=3.1deg bone[2]='bone_R-pinky03.mesh' count(>5deg)=0 freshRecap=0  xcheck(invOff-vs-restW) worst=3.1deg bone[2]
  TIER2 joint-attach(PRIMARY): worst=75.74u bone[29]='bone_L-hand.mesh' parent[22] R=49.3 exactJoint=0.15u pairs=30  (palette-wide exactWorst=8.97u)
[HANDS_ATTACH] mesh='hands_naked.mesh' owner='hands_naked.mesh' frame=1276 nb=38 wext=87.9 rebound=1
  TIER1 rest-coherence: worst=3.1deg bone[2]='bone_R-pinky03.mesh' count(>5deg)=0 freshRecap=0  xcheck(invOff-vs-restW) worst=3.1deg bone[2]
  TIER2 joint-attach(PRIMARY): worst=75.63u bone[29]='bone_L-hand.mesh' parent[22] R=49.3 exactJoint=0.15u pairs=30  (palette-wide exactWorst=8.97u)
[HANDS_ATTACH] mesh='hands_naked.mesh' owner='hands_naked.mesh' frame=1279 nb=40 wext=63.0 rebound=1
  TIER1 rest-coherence: worst=3.1deg bone[2]='bone_R-foreTwist2.mesh' count(>5deg)=0 freshRecap=0  xcheck(invOff-vs-restW) worst=3.1deg bone[2]
  TIER2 joint-attach(PRIMARY): worst=37.46u bone[7]='bone_R-middlefinger03.mesh' parent[0] R=40.0 exactJoint=0.01u pairs=36  (palette-wide exactWorst=1.37u)
[HANDS_ATTACH] mesh='hands_naked.mesh' owner='hands_naked.mesh' frame=1279 nb=38 wext=91.7 rebound=1
  TIER1 rest-coherence: worst=3.1deg bone[2]='bone_R-pinky03.mesh' count(>5deg)=0 freshRecap=0  xcheck(invOff-vs-restW) worst=3.1deg bone[2]
  TIER2 joint-attach(PRIMARY): worst=60.80u bone[11]='bone_R-middlefinger02.mesh' parent[1] R=46.8 exactJoint=0.01u pairs=30  (palette-wide exactWorst=8.05u)
[HANDS_ATTACH] mesh='hands_naked.mesh' owner='hands_naked.mesh' frame=1286 nb=38 wext=87.7 rebound=1
  TIER1 rest-coherence: worst=3.1deg bone[2]='bone_R-pinky03.mesh' count(>5deg)=0 freshRecap=0  xcheck(invOff-vs-restW) worst=3.1deg bone[2]
  TIER2 joint-attach(PRIMARY): worst=75.31u bone[29]='bone_L-hand.mesh' parent[22] R=49.3 exactJoint=0.15u pairs=30  (palette-wide exactWorst=8.97u)
[HANDS_ATTACH] mesh='hands_naked.mesh' owner='hands_naked.mesh' frame=1296 nb=38 wext=87.6 rebound=1
  TIER1 rest-coherence: worst=3.1deg bone[2]='bone_R-pinky03.mesh' count(>5deg)=0 freshRecap=0  xcheck(invOff-vs-restW) worst=3.1deg bone[2]
  TIER2 joint-attach(PRIMARY): worst=74.97u bone[29]='bone_L-hand.mesh' parent[22] R=49.3 exactJoint=0.15u pairs=30  (palette-wide exactWorst=8.97u)
[HANDS_ATTACH] mesh='hands_naked.mesh' owner='hands_naked.mesh' frame=1299 nb=40 wext=63.0 rebound=1
  TIER1 rest-coherence: worst=3.1deg bone[2]='bone_R-foreTwist2.mesh' count(>5deg)=0 freshRecap=0  xcheck(invOff-vs-restW) worst=3.1deg bone[2]
  TIER2 joint-attach(PRIMARY): worst=37.46u bone[7]='bone_R-middlefinger03.mesh' parent[0] R=40.0 exactJoint=0.01u pairs=36  (palette-wide exactWorst=1.37u)
[HANDS_ATTACH] mesh='hands_naked.mesh' owner='hands_naked.mesh' frame=1299 nb=38 wext=91.7 rebound=1
  TIER1 rest-coherence: worst=3.1deg bone[2]='bone_R-pinky03.mesh' count(>5deg)=0 freshRecap=0  xcheck(invOff-vs-restW) worst=3.1deg bone[2]
  TIER2 joint-attach(PRIMARY): worst=60.80u bone[11]='bone_R-middlefinger02.mesh' parent[1] R=46.8 exactJoint=0.01u pairs=30  (palette-wide exactWorst=8.05u)
[HANDS_ATTACH] mesh='hands_naked.mesh' owner='hands_naked.mesh' frame=1306 nb=38 wext=87.6 rebound=1
  TIER1 rest-coherence: worst=3.1deg bone[2]='bone_R-pinky03.mesh' count(>5deg)=0 freshRecap=0  xcheck(invOff-vs-restW) worst=3.1deg bone[2]
  TIER2 joint-attach(PRIMARY): worst=74.61u bone[29]='bone_L-hand.mesh' parent[22] R=49.3 exactJoint=0.15u pairs=30  (palette-wide exactWorst=8.97u)
[HANDS_ATTACH] mesh='hands_naked.mesh' owner='hands_naked.mesh' frame=1316 nb=38 wext=87.8 rebound=1
  TIER1 rest-coherence: worst=3.1deg bone[2]='bone_R-pinky03.mesh' count(>5deg)=0 freshRecap=0  xcheck(invOff-vs-restW) worst=3.1deg bone[2]
  TIER2 joint-attach(PRIMARY): worst=74.53u bone[29]='bone_L-hand.mesh' parent[22] R=49.3 exactJoint=0.15u pairs=30  (palette-wide exactWorst=8.97u)
[HANDS_ATTACH] mesh='hands_naked.mesh' owner='hands_naked.mesh' frame=1319 nb=40 wext=63.0 rebound=1
  TIER1 rest-coherence: worst=3.1deg bone[2]='bone_R-foreTwist2.mesh' count(>5deg)=0 freshRecap=0  xcheck(invOff-vs-restW) worst=3.1deg bone[2]
  TIER2 joint-attach(PRIMARY): worst=37.46u bone[7]='bone_R-middlefinger03.mesh' parent[0] R=40.0 exactJoint=0.01u pairs=36  (palette-wide exactWorst=1.37u)
[HANDS_ATTACH] mesh='hands_naked.mesh' owner='hands_naked.mesh' frame=1319 nb=38 wext=91.7 rebound=1
  TIER1 rest-coherence: worst=3.1deg bone[2]='bone_R-pinky03.mesh' count(>5deg)=0 freshRecap=0  xcheck(invOff-vs-restW) worst=3.1deg bone[2]
  TIER2 joint-attach(PRIMARY): worst=60.80u bone[11]='bone_R-middlefinger02.mesh' parent[1] R=46.8 exactJoint=0.01u pairs=30  (palette-wide exactWorst=8.05u)
[HANDS_ATTACH] mesh='hands_naked.mesh' owner='hands_naked.mesh' frame=1326 nb=38 wext=87.9 rebound=1
  TIER1 rest-coherence: worst=3.1deg bone[2]='bone_R-pinky03.mesh' count(>5deg)=0 freshRecap=0  xcheck(invOff-vs-restW) worst=3.1deg bone[2]
  TIER2 joint-attach(PRIMARY): worst=74.52u bone[29]='bone_L-hand.mesh' parent[22] R=49.3 exactJoint=0.15u pairs=30  (palette-wide exactWorst=8.97u)
[HANDS_ATTACH] mesh='hands_naked.mesh' owner='hands_naked.mesh' frame=1336 nb=38 wext=87.9 rebound=1
  TIER1 rest-coherence: worst=3.1deg bone[2]='bone_R-pinky03.mesh' count(>5deg)=0 freshRecap=0  xcheck(invOff-vs-restW) worst=3.1deg bone[2]
  TIER2 joint-attach(PRIMARY): worst=74.47u bone[29]='bone_L-hand.mesh' parent[22] R=49.3 exactJoint=0.15u pairs=30  (palette-wide exactWorst=8.97u)
[HANDS_ATTACH] mesh='hands_naked.mesh' owner='hands_naked.mesh' frame=1339 nb=40 wext=63.0 rebound=1
  TIER1 rest-coherence: worst=3.1deg bone[2]='bone_R-foreTwist2.mesh' count(>5deg)=0 freshRecap=0  xcheck(invOff-vs-restW) worst=3.1deg bone[2]
  TIER2 joint-attach(PRIMARY): worst=37.46u bone[7]='bone_R-middlefinger03.mesh' parent[0] R=40.0 exactJoint=0.01u pairs=36  (palette-wide exactWorst=1.37u)
[HANDS_ATTACH] mesh='hands_naked.mesh' owner='hands_naked.mesh' frame=1339 nb=38 wext=91.7 rebound=1
  TIER1 rest-coherence: worst=3.1deg bone[2]='bone_R-pinky03.mesh' count(>5deg)=0 freshRecap=0  xcheck(invOff-vs-restW) worst=3.1deg bone[2]
  TIER2 joint-attach(PRIMARY): worst=60.80u bone[11]='bone_R-middlefinger02.mesh' parent[1] R=46.8 exactJoint=0.01u pairs=30  (palette-wide exactWorst=8.05u)
[HANDS_ATTACH] mesh='hands_naked.mesh' owner='hands_naked.mesh' frame=1346 nb=38 wext=87.7 rebound=1
  TIER1 rest-coherence: worst=3.1deg bone[2]='bone_R-pinky03.mesh' count(>5deg)=0 freshRecap=0  xcheck(invOff-vs-restW) worst=3.1deg bone[2]
  TIER2 joint-attach(PRIMARY): worst=74.39u bone[29]='bone_L-hand.mesh' parent[22] R=49.3 exactJoint=0.15u pairs=30  (palette-wide exactWorst=8.97u)
[HANDS_ATTACH] mesh='hands_naked.mesh' owner='hands_naked.mesh' frame=1356 nb=38 wext=87.4 rebound=1
  TIER1 rest-coherence: worst=3.1deg bone[2]='bone_R-pinky03.mesh' count(>5deg)=0 freshRecap=0  xcheck(invOff-vs-restW) worst=3.1deg bone[2]
  TIER2 joint-attach(PRIMARY): worst=74.19u bone[29]='bone_L-hand.mesh' parent[22] R=49.3 exactJoint=0.15u pairs=30  (palette-wide exactWorst=8.97u)
[HANDS_ATTACH] mesh='hands_naked.mesh' owner='hands_naked.mesh' frame=1359 nb=40 wext=63.0 rebound=1
  TIER1 rest-coherence: worst=3.1deg bone[2]='bone_R-foreTwist2.mesh' count(>5deg)=0 freshRecap=0  xcheck(invOff-vs-restW) worst=3.1deg bone[2]
  TIER2 joint-attach(PRIMARY): worst=37.46u bone[7]='bone_R-middlefinger03.mesh' parent[0] R=40.0 exactJoint=0.01u pairs=36  (palette-wide exactWorst=1.37u)
[HANDS_ATTACH] mesh='hands_naked.mesh' owner='hands_naked.mesh' frame=1359 nb=38 wext=91.7 rebound=1
  TIER1 rest-coherence: worst=3.1deg bone[2]='bone_R-pinky03.mesh' count(>5deg)=0 freshRecap=0  xcheck(invOff-vs-restW) worst=3.1deg bone[2]
  TIER2 joint-attach(PRIMARY): worst=60.80u bone[11]='bone_R-middlefinger02.mesh' parent[1] R=46.8 exactJoint=0.01u pairs=30  (palette-wide exactWorst=8.05u)
[HANDS_ATTACH] mesh='hands_naked.mesh' owner='hands_naked.mesh' frame=1366 nb=38 wext=87.2 rebound=1
  TIER1 rest-coherence: worst=3.1deg bone[2]='bone_R-pinky03.mesh' count(>5deg)=0 freshRecap=0  xcheck(invOff-vs-restW) worst=3.1deg bone[2]
  TIER2 joint-attach(PRIMARY): worst=73.22u bone[29]='bone_L-hand.mesh' parent[22] R=49.3 exactJoint=0.15u pairs=30  (palette-wide exactWorst=8.97u)
[HANDS_ATTACH] mesh='hands_naked.mesh' owner='hands_naked.mesh' frame=1376 nb=38 wext=86.8 rebound=1
  TIER1 rest-coherence: worst=3.1deg bone[2]='bone_R-pinky03.mesh' count(>5deg)=0 freshRecap=0  xcheck(invOff-vs-restW) worst=3.1deg bone[2]
  TIER2 joint-attach(PRIMARY): worst=72.23u bone[29]='bone_L-hand.mesh' parent[22] R=49.3 exactJoint=0.15u pairs=30  (palette-wide exactWorst=8.97u)
[HANDS_ATTACH] mesh='hands_naked.mesh' owner='hands_naked.mesh' frame=1379 nb=40 wext=63.0 rebound=1
  TIER1 rest-coherence: worst=3.1deg bone[2]='bone_R-foreTwist2.mesh' count(>5deg)=0 freshRecap=0  xcheck(invOff-vs-restW) worst=3.1deg bone[2]
  TIER2 joint-attach(PRIMARY): worst=37.46u bone[7]='bone_R-middlefinger03.mesh' parent[0] R=40.0 exactJoint=0.01u pairs=36  (palette-wide exactWorst=1.37u)
[HANDS_ATTACH] mesh='hands_naked.mesh' owner='hands_naked.mesh' frame=1379 nb=38 wext=91.7 rebound=1
  TIER1 rest-coherence: worst=3.1deg bone[2]='bone_R-pinky03.mesh' count(>5deg)=0 freshRecap=0  xcheck(invOff-vs-restW) worst=3.1deg bone[2]
  TIER2 joint-attach(PRIMARY): worst=60.80u bone[11]='bone_R-middlefinger02.mesh' parent[1] R=46.8 exactJoint=0.01u pairs=30  (palette-wide exactWorst=8.05u)
[HANDS_ATTACH] mesh='hands_naked.mesh' owner='hands_naked.mesh' frame=1386 nb=38 wext=86.8 rebound=1
  TIER1 rest-coherence: worst=3.1deg bone[2]='bone_R-pinky03.mesh' count(>5deg)=0 freshRecap=0  xcheck(invOff-vs-restW) worst=3.1deg bone[2]
  TIER2 joint-attach(PRIMARY): worst=71.21u bone[29]='bone_L-hand.mesh' parent[22] R=49.3 exactJoint=0.15u pairs=30  (palette-wide exactWorst=8.97u)
[HANDS_ATTACH] mesh='hands_naked.mesh' owner='hands_naked.mesh' frame=1396 nb=38 wext=86.7 rebound=1
  TIER1 rest-coherence: worst=3.1deg bone[2]='bone_R-pinky03.mesh' count(>5deg)=0 freshRecap=0  xcheck(invOff-vs-restW) worst=3.1deg bone[2]
  TIER2 joint-attach(PRIMARY): worst=70.16u bone[29]='bone_L-hand.mesh' parent[22] R=49.3 exactJoint=0.15u pairs=30  (palette-wide exactWorst=8.97u)
[HANDS_ATTACH] mesh='hands_naked.mesh' owner='hands_naked.mesh' frame=1399 nb=40 wext=63.0 rebound=1
  TIER1 rest-coherence: worst=3.1deg bone[2]='bone_R-foreTwist2.mesh' count(>5deg)=0 freshRecap=0  xcheck(invOff-vs-restW) worst=3.1deg bone[2]
  TIER2 joint-attach(PRIMARY): worst=37.46u bone[7]='bone_R-middlefinger03.mesh' parent[0] R=40.0 exactJoint=0.01u pairs=36  (palette-wide exactWorst=1.37u)
[HANDS_ATTACH] mesh='hands_naked.mesh' owner='hands_naked.mesh' frame=1399 nb=38 wext=91.7 rebound=1
  TIER1 rest-coherence: worst=3.1deg bone[2]='bone_R-pinky03.mesh' count(>5deg)=0 freshRecap=0  xcheck(invOff-vs-restW) worst=3.1deg bone[2]
  TIER2 joint-attach(PRIMARY): worst=60.80u bone[11]='bone_R-middlefinger02.mesh' parent[1] R=46.8 exactJoint=0.01u pairs=30  (palette-wide exactWorst=8.05u)
[HANDS_ATTACH] mesh='hands_naked.mesh' owner='hands_naked.mesh' frame=1406 nb=38 wext=86.8 rebound=1
  TIER1 rest-coherence: worst=3.1deg bone[2]='bone_R-pinky03.mesh' count(>5deg)=0 freshRecap=0  xcheck(invOff-vs-restW) worst=3.1deg bone[2]
  TIER2 joint-attach(PRIMARY): worst=67.90u bone[29]='bone_L-hand.mesh' parent[22] R=49.3 exactJoint=0.15u pairs=30  (palette-wide exactWorst=8.97u)
[HANDS_ATTACH] mesh='hands_naked.mesh' owner='hands_naked.mesh' frame=1416 nb=38 wext=86.9 rebound=1
  TIER1 rest-coherence: worst=3.1deg bone[2]='bone_R-pinky03.mesh' count(>5deg)=0 freshRecap=0  xcheck(invOff-vs-restW) worst=3.1deg bone[2]
  TIER2 joint-attach(PRIMARY): worst=64.16u bone[29]='bone_L-hand.mesh' parent[22] R=49.3 exactJoint=0.15u pairs=30  (palette-wide exactWorst=8.95u)
[HANDS_ATTACH] mesh='hands_naked.mesh' owner='hands_naked.mesh' frame=1419 nb=40 wext=63.0 rebound=1
  TIER1 rest-coherence: worst=3.1deg bone[2]='bone_R-foreTwist2.mesh' count(>5deg)=0 freshRecap=0  xcheck(invOff-vs-restW) worst=3.1deg bone[2]
  TIER2 joint-attach(PRIMARY): worst=37.46u bone[7]='bone_R-middlefinger03.mesh' parent[0] R=40.0 exactJoint=0.01u pairs=36  (palette-wide exactWorst=1.37u)
[HANDS_ATTACH] mesh='hands_naked.mesh' owner='hands_naked.mesh' frame=1419 nb=38 wext=91.7 rebound=1
  TIER1 rest-coherence: worst=3.1deg bone[2]='bone_R-pinky03.mesh' count(>5deg)=0 freshRecap=0  xcheck(invOff-vs-restW) worst=3.1deg bone[2]
  TIER2 joint-attach(PRIMARY): worst=60.80u bone[11]='bone_R-middlefinger02.mesh' parent[1] R=46.8 exactJoint=0.01u pairs=30  (palette-wide exactWorst=8.05u)
[HANDS_ATTACH] mesh='hands_naked.mesh' owner='hands_naked.mesh' frame=1426 nb=38 wext=87.2 rebound=1
  TIER1 rest-coherence: worst=3.1deg bone[2]='bone_R-pinky03.mesh' count(>5deg)=0 freshRecap=0  xcheck(invOff-vs-restW) worst=3.1deg bone[2]
  TIER2 joint-attach(PRIMARY): worst=59.94u bone[29]='bone_L-hand.mesh' parent[22] R=49.3 exactJoint=0.15u pairs=30  (palette-wide exactWorst=8.85u)
[HANDS_ATTACH] mesh='hands_naked.mesh' owner='hands_naked.mesh' frame=1436 nb=38 wext=87.6 rebound=1
  TIER1 rest-coherence: worst=3.1deg bone[2]='bone_R-pinky03.mesh' count(>5deg)=0 freshRecap=0  xcheck(invOff-vs-restW) worst=3.1deg bone[2]
  TIER2 joint-attach(PRIMARY): worst=53.19u bone[29]='bone_L-hand.mesh' parent[22] R=49.3 exactJoint=0.15u pairs=30  (palette-wide exactWorst=8.37u)
[HANDS_ATTACH] mesh='hands_naked.mesh' owner='hands_naked.mesh' frame=1438 nb=38 wext=89.6 rebound=1
  TIER1 rest-coherence: worst=3.1deg bone[2]='bone_R-pinky03.mesh' count(>5deg)=0 freshRecap=0  xcheck(invOff-vs-restW) worst=3.1deg bone[2]
  TIER2 joint-attach(PRIMARY): worst=62.70u bone[2]='bone_R-pinky03.mesh' parent[18] R=46.1 exactJoint=0.72u pairs=30  (palette-wide exactWorst=8.95u)
[HANDS_ATTACH] mesh='hands_naked.mesh' owner='hands_naked.mesh' frame=1439 nb=40 wext=63.0 rebound=1
  TIER1 rest-coherence: worst=3.1deg bone[2]='bone_R-foreTwist2.mesh' count(>5deg)=0 freshRecap=0  xcheck(invOff-vs-restW) worst=3.1deg bone[2]
  TIER2 joint-attach(PRIMARY): worst=37.46u bone[7]='bone_R-middlefinger03.mesh' parent[0] R=40.0 exactJoint=0.01u pairs=36  (palette-wide exactWorst=1.37u)
[HANDS_ATTACH] mesh='hands_naked.mesh' owner='hands_naked.mesh' frame=1448 nb=38 wext=88.7 rebound=1
  TIER1 rest-coherence: worst=3.1deg bone[2]='bone_R-pinky03.mesh' count(>5deg)=0 freshRecap=0  xcheck(invOff-vs-restW) worst=3.1deg bone[2]
  TIER2 joint-attach(PRIMARY): worst=62.98u bone[2]='bone_R-pinky03.mesh' parent[18] R=46.1 exactJoint=0.52u pairs=30  (palette-wide exactWorst=8.95u)
[HANDS_ATTACH] mesh='hands_naked.mesh' owner='hands_naked.mesh' frame=1455 nb=38 wext=87.6 rebound=1
  TIER1 rest-coherence: worst=3.1deg bone[2]='bone_R-pinky03.mesh' count(>5deg)=0 freshRecap=0  xcheck(invOff-vs-restW) worst=3.1deg bone[2]
  TIER2 joint-attach(PRIMARY): worst=47.62u bone[4]='bone_R-middlefinger03.mesh' parent[11] R=45.9 exactJoint=7.02u pairs=30  (palette-wide exactWorst=7.63u)
[HANDS_ATTACH] mesh='hands_naked.mesh' owner='hands_naked.mesh' frame=1458 nb=38 wext=87.7 rebound=1
  TIER1 rest-coherence: worst=3.1deg bone[2]='bone_R-pinky03.mesh' count(>5deg)=0 freshRecap=0  xcheck(invOff-vs-restW) worst=3.1deg bone[2]
  TIER2 joint-attach(PRIMARY): worst=72.92u bone[18]='bone_R-pinky02.mesh' parent[14] R=46.7 exactJoint=0.52u pairs=30  (palette-wide exactWorst=8.95u)
[HANDS_ATTACH] mesh='hands_naked.mesh' owner='hands_naked.mesh' frame=1459 nb=40 wext=63.0 rebound=1
  TIER1 rest-coherence: worst=3.1deg bone[2]='bone_R-foreTwist2.mesh' count(>5deg)=0 freshRecap=0  xcheck(invOff-vs-restW) worst=3.1deg bone[2]
  TIER2 joint-attach(PRIMARY): worst=37.46u bone[7]='bone_R-middlefinger03.mesh' parent[0] R=40.0 exactJoint=0.01u pairs=36  (palette-wide exactWorst=1.37u)
[HANDS_ATTACH] mesh='hands_naked.mesh' owner='hands_naked.mesh' frame=1468 nb=38 wext=87.8 rebound=1
  TIER1 rest-coherence: worst=3.1deg bone[2]='bone_R-pinky03.mesh' count(>5deg)=0 freshRecap=0  xcheck(invOff-vs-restW) worst=3.1deg bone[2]
  TIER2 joint-attach(PRIMARY): worst=83.01u bone[18]='bone_R-pinky02.mesh' parent[14] R=46.7 exactJoint=0.84u pairs=30  (palette-wide exactWorst=8.95u)
[HANDS_ATTACH] mesh='hands_naked.mesh' owner='hands_naked.mesh' frame=1475 nb=38 wext=87.6 rebound=1
  TIER1 rest-coherence: worst=3.1deg bone[2]='bone_R-pinky03.mesh' count(>5deg)=0 freshRecap=0  xcheck(invOff-vs-restW) worst=3.1deg bone[2]
  TIER2 joint-attach(PRIMARY): worst=47.62u bone[4]='bone_R-middlefinger03.mesh' parent[11] R=45.9 exactJoint=7.02u pairs=30  (palette-wide exactWorst=7.63u)
[HANDS_ATTACH] mesh='hands_naked.mesh' owner='hands_naked.mesh' frame=1478 nb=38 wext=86.7 rebound=1
  TIER1 rest-coherence: worst=3.1deg bone[2]='bone_R-pinky03.mesh' count(>5deg)=0 freshRecap=0  xcheck(invOff-vs-restW) worst=3.1deg bone[2]
  TIER2 joint-attach(PRIMARY): worst=80.29u bone[18]='bone_R-pinky02.mesh' parent[14] R=46.7 exactJoint=1.66u pairs=30  (palette-wide exactWorst=8.95u)
[HANDS_ATTACH] mesh='hands_naked.mesh' owner='hands_naked.mesh' frame=1479 nb=40 wext=63.0 rebound=1
  TIER1 rest-coherence: worst=3.1deg bone[2]='bone_R-foreTwist2.mesh' count(>5deg)=0 freshRecap=0  xcheck(invOff-vs-restW) worst=3.1deg bone[2]
  TIER2 joint-attach(PRIMARY): worst=37.46u bone[7]='bone_R-middlefinger03.mesh' parent[0] R=40.0 exactJoint=0.01u pairs=36  (palette-wide exactWorst=1.37u)
[HANDS_ATTACH] mesh='hands_naked.mesh' owner='hands_naked.mesh' frame=1488 nb=38 wext=85.4 rebound=1
  TIER1 rest-coherence: worst=3.1deg bone[2]='bone_R-pinky03.mesh' count(>5deg)=0 freshRecap=0  xcheck(invOff-vs-restW) worst=3.1deg bone[2]
  TIER2 joint-attach(PRIMARY): worst=64.85u bone[18]='bone_R-pinky02.mesh' parent[14] R=46.7 exactJoint=3.09u pairs=30  (palette-wide exactWorst=8.95u)
[HANDS_ATTACH] mesh='hands_naked.mesh' owner='hands_naked.mesh' frame=1495 nb=38 wext=87.6 rebound=1
  TIER1 rest-coherence: worst=3.1deg bone[2]='bone_R-pinky03.mesh' count(>5deg)=0 freshRecap=0  xcheck(invOff-vs-restW) worst=3.1deg bone[2]
  TIER2 joint-attach(PRIMARY): worst=47.62u bone[4]='bone_R-middlefinger03.mesh' parent[11] R=45.9 exactJoint=7.02u pairs=30  (palette-wide exactWorst=7.63u)
[HANDS_ATTACH] mesh='hands_naked.mesh' owner='hands_naked.mesh' frame=1498 nb=38 wext=85.7 rebound=1
  TIER1 rest-coherence: worst=3.1deg bone[2]='bone_R-pinky03.mesh' count(>5deg)=0 freshRecap=0  xcheck(invOff-vs-restW) worst=3.1deg bone[2]
  TIER2 joint-attach(PRIMARY): worst=60.97u bone[13]='bone_R-hand.mesh' parent[5] R=49.3 exactJoint=0.01u pairs=30  (palette-wide exactWorst=8.95u)
[HANDS_ATTACH] mesh='hands_naked.mesh' owner='hands_naked.mesh' frame=1499 nb=40 wext=63.0 rebound=1
  TIER1 rest-coherence: worst=3.1deg bone[2]='bone_R-foreTwist2.mesh' count(>5deg)=0 freshRecap=0  xcheck(invOff-vs-restW) worst=3.1deg bone[2]
  TIER2 joint-attach(PRIMARY): worst=37.46u bone[7]='bone_R-middlefinger03.mesh' parent[0] R=40.0 exactJoint=0.01u pairs=36  (palette-wide exactWorst=1.37u)
[HANDS_ATTACH] mesh='hands_naked.mesh' owner='hands_naked.mesh' frame=1508 nb=38 wext=85.7 rebound=1
  TIER1 rest-coherence: worst=3.1deg bone[2]='bone_R-pinky03.mesh' count(>5deg)=0 freshRecap=0  xcheck(invOff-vs-restW) worst=3.1deg bone[2]
  TIER2 joint-attach(PRIMARY): worst=67.40u bone[13]='bone_R-hand.mesh' parent[5] R=49.3 exactJoint=0.01u pairs=30  (palette-wide exactWorst=8.95u)
[HANDS_ATTACH] mesh='hands_naked.mesh' owner='hands_naked.mesh' frame=1515 nb=38 wext=87.6 rebound=1
  TIER1 rest-coherence: worst=3.1deg bone[2]='bone_R-pinky03.mesh' count(>5deg)=0 freshRecap=0  xcheck(invOff-vs-restW) worst=3.1deg bone[2]
  TIER2 joint-attach(PRIMARY): worst=47.62u bone[4]='bone_R-middlefinger03.mesh' parent[11] R=45.9 exactJoint=7.02u pairs=30  (palette-wide exactWorst=7.63u)
[HANDS_ATTACH] mesh='hands_naked.mesh' owner='hands_naked.mesh' frame=1518 nb=38 wext=85.5 rebound=1
  TIER1 rest-coherence: worst=3.1deg bone[2]='bone_R-pinky03.mesh' count(>5deg)=0 freshRecap=0  xcheck(invOff-vs-restW) worst=3.1deg bone[2]
  TIER2 joint-attach(PRIMARY): worst=73.82u bone[13]='bone_R-hand.mesh' parent[5] R=49.3 exactJoint=0.01u pairs=30  (palette-wide exactWorst=8.95u)
[HANDS_ATTACH] mesh='hands_naked.mesh' owner='hands_naked.mesh' frame=1519 nb=40 wext=63.0 rebound=1
  TIER1 rest-coherence: worst=3.1deg bone[2]='bone_R-foreTwist2.mesh' count(>5deg)=0 freshRecap=0  xcheck(invOff-vs-restW) worst=3.1deg bone[2]
  TIER2 joint-attach(PRIMARY): worst=37.46u bone[7]='bone_R-middlefinger03.mesh' parent[0] R=40.0 exactJoint=0.01u pairs=36  (palette-wide exactWorst=1.37u)
[HANDS_ATTACH] mesh='hands_naked.mesh' owner='hands_naked.mesh' frame=1528 nb=38 wext=86.9 rebound=1
  TIER1 rest-coherence: worst=3.1deg bone[2]='bone_R-pinky03.mesh' count(>5deg)=0 freshRecap=0  xcheck(invOff-vs-restW) worst=3.1deg bone[2]
  TIER2 joint-attach(PRIMARY): worst=79.66u bone[13]='bone_R-hand.mesh' parent[5] R=49.3 exactJoint=0.01u pairs=30  (palette-wide exactWorst=8.95u)
[HANDS_ATTACH] mesh='hands_naked.mesh' owner='hands_naked.mesh' frame=1535 nb=38 wext=87.6 rebound=1
  TIER1 rest-coherence: worst=3.1deg bone[2]='bone_R-pinky03.mesh' count(>5deg)=0 freshRecap=0  xcheck(invOff-vs-restW) worst=3.1deg bone[2]
  TIER2 joint-attach(PRIMARY): worst=47.62u bone[4]='bone_R-middlefinger03.mesh' parent[11] R=45.9 exactJoint=7.02u pairs=30  (palette-wide exactWorst=7.63u)
[HANDS_ATTACH] mesh='hands_naked.mesh' owner='hands_naked.mesh' frame=1538 nb=38 wext=84.8 rebound=1
  TIER1 rest-coherence: worst=3.1deg bone[2]='bone_R-pinky03.mesh' count(>5deg)=0 freshRecap=0  xcheck(invOff-vs-restW) worst=3.1deg bone[2]
  TIER2 joint-attach(PRIMARY): worst=85.33u bone[13]='bone_R-hand.mesh' parent[5] R=49.3 exactJoint=0.01u pairs=30  (palette-wide exactWorst=8.95u)
[HANDS_ATTACH] mesh='hands_naked.mesh' owner='hands_naked.mesh' frame=1539 nb=40 wext=63.0 rebound=1
  TIER1 rest-coherence: worst=3.1deg bone[2]='bone_R-foreTwist2.mesh' count(>5deg)=0 freshRecap=0  xcheck(invOff-vs-restW) worst=3.1deg bone[2]
  TIER2 joint-attach(PRIMARY): worst=37.46u bone[7]='bone_R-middlefinger03.mesh' parent[0] R=40.0 exactJoint=0.01u pairs=36  (palette-wide exactWorst=1.37u)
[HANDS_ATTACH] mesh='hands_naked.mesh' owner='hands_naked.mesh' frame=1548 nb=38 wext=86.0 rebound=1
  TIER1 rest-coherence: worst=3.1deg bone[2]='bone_R-pinky03.mesh' count(>5deg)=0 freshRecap=0  xcheck(invOff-vs-restW) worst=3.1deg bone[2]
  TIER2 joint-attach(PRIMARY): worst=91.08u bone[13]='bone_R-hand.mesh' parent[5] R=49.3 exactJoint=0.01u pairs=30  (palette-wide exactWorst=8.95u)
[HANDS_ATTACH] mesh='hands_naked.mesh' owner='hands_naked.mesh' frame=1555 nb=38 wext=87.6 rebound=1
  TIER1 rest-coherence: worst=3.1deg bone[2]='bone_R-pinky03.mesh' count(>5deg)=0 freshRecap=0  xcheck(invOff-vs-restW) worst=3.1deg bone[2]
  TIER2 joint-attach(PRIMARY): worst=47.62u bone[4]='bone_R-middlefinger03.mesh' parent[11] R=45.9 exactJoint=7.02u pairs=30  (palette-wide exactWorst=7.63u)
[HANDS_ATTACH] mesh='hands_naked.mesh' owner='hands_naked.mesh' frame=1558 nb=38 wext=86.9 rebound=1
  TIER1 rest-coherence: worst=3.1deg bone[2]='bone_R-pinky03.mesh' count(>5deg)=0 freshRecap=0  xcheck(invOff-vs-restW) worst=3.1deg bone[2]
  TIER2 joint-attach(PRIMARY): worst=96.69u bone[13]='bone_R-hand.mesh' parent[5] R=49.3 exactJoint=0.01u pairs=30  (palette-wide exactWorst=8.95u)
[HANDS_ATTACH] mesh='hands_naked.mesh' owner='hands_naked.mesh' frame=1559 nb=40 wext=63.0 rebound=1
  TIER1 rest-coherence: worst=3.1deg bone[2]='bone_R-foreTwist2.mesh' count(>5deg)=0 freshRecap=0  xcheck(invOff-vs-restW) worst=3.1deg bone[2]
  TIER2 joint-attach(PRIMARY): worst=37.46u bone[7]='bone_R-middlefinger03.mesh' parent[0] R=40.0 exactJoint=0.01u pairs=36  (palette-wide exactWorst=1.37u)
[HANDS_ATTACH] mesh='hands_naked.mesh' owner='hands_naked.mesh' frame=1568 nb=38 wext=86.9 rebound=1
  TIER1 rest-coherence: worst=3.1deg bone[2]='bone_R-pinky03.mesh' count(>5deg)=0 freshRecap=0  xcheck(invOff-vs-restW) worst=3.1deg bone[2]
  TIER2 joint-attach(PRIMARY): worst=98.25u bone[13]='bone_R-hand.mesh' parent[5] R=49.3 exactJoint=0.01u pairs=30  (palette-wide exactWorst=8.95u)
[HANDS_ATTACH] mesh='hands_naked.mesh' owner='hands_naked.mesh' frame=1575 nb=38 wext=87.6 rebound=1
  TIER1 rest-coherence: worst=3.1deg bone[2]='bone_R-pinky03.mesh' count(>5deg)=0 freshRecap=0  xcheck(invOff-vs-restW) worst=3.1deg bone[2]
  TIER2 joint-attach(PRIMARY): worst=47.62u bone[4]='bone_R-middlefinger03.mesh' parent[11] R=45.9 exactJoint=7.02u pairs=30  (palette-wide exactWorst=7.63u)
[HANDS_ATTACH] mesh='hands_naked.mesh' owner='hands_naked.mesh' frame=1578 nb=38 wext=88.2 rebound=1
  TIER1 rest-coherence: worst=3.1deg bone[2]='bone_R-pinky03.mesh' count(>5deg)=0 freshRecap=0  xcheck(invOff-vs-restW) worst=3.1deg bone[2]
  TIER2 joint-attach(PRIMARY): worst=99.74u bone[13]='bone_R-hand.mesh' parent[5] R=49.3 exactJoint=0.01u pairs=30  (palette-wide exactWorst=8.95u)
[HANDS_ATTACH] mesh='hands_naked.mesh' owner='hands_naked.mesh' frame=1579 nb=40 wext=63.0 rebound=1
  TIER1 rest-coherence: worst=3.1deg bone[2]='bone_R-foreTwist2.mesh' count(>5deg)=0 freshRecap=0  xcheck(invOff-vs-restW) worst=3.1deg bone[2]
  TIER2 joint-attach(PRIMARY): worst=37.46u bone[7]='bone_R-middlefinger03.mesh' parent[0] R=40.0 exactJoint=0.01u pairs=36  (palette-wide exactWorst=1.37u)
[HANDS_ATTACH] mesh='hands_naked.mesh' owner='hands_naked.mesh' frame=1588 nb=38 wext=88.2 rebound=1
  TIER1 rest-coherence: worst=3.1deg bone[2]='bone_R-pinky03.mesh' count(>5deg)=0 freshRecap=0  xcheck(invOff-vs-restW) worst=3.1deg bone[2]
  TIER2 joint-attach(PRIMARY): worst=96.82u bone[13]='bone_R-hand.mesh' parent[5] R=49.3 exactJoint=0.01u pairs=30  (palette-wide exactWorst=8.95u)
[HANDS_ATTACH] mesh='hands_naked.mesh' owner='hands_naked.mesh' frame=1595 nb=38 wext=87.6 rebound=1
  TIER1 rest-coherence: worst=3.1deg bone[2]='bone_R-pinky03.mesh' count(>5deg)=0 freshRecap=0  xcheck(invOff-vs-restW) worst=3.1deg bone[2]
  TIER2 joint-attach(PRIMARY): worst=47.62u bone[4]='bone_R-middlefinger03.mesh' parent[11] R=45.9 exactJoint=7.02u pairs=30  (palette-wide exactWorst=7.63u)
[HANDS_ATTACH] mesh='hands_naked.mesh' owner='hands_naked.mesh' frame=1598 nb=38 wext=88.3 rebound=1
  TIER1 rest-coherence: worst=3.1deg bone[2]='bone_R-pinky03.mesh' count(>5deg)=0 freshRecap=0  xcheck(invOff-vs-restW) worst=3.1deg bone[2]
  TIER2 joint-attach(PRIMARY): worst=89.41u bone[13]='bone_R-hand.mesh' parent[5] R=49.3 exactJoint=0.01u pairs=30  (palette-wide exactWorst=8.95u)
[HANDS_ATTACH] mesh='hands_naked.mesh' owner='hands_naked.mesh' frame=1599 nb=40 wext=63.0 rebound=1
  TIER1 rest-coherence: worst=3.1deg bone[2]='bone_R-foreTwist2.mesh' count(>5deg)=0 freshRecap=0  xcheck(invOff-vs-restW) worst=3.1deg bone[2]
  TIER2 joint-attach(PRIMARY): worst=37.46u bone[7]='bone_R-middlefinger03.mesh' parent[0] R=40.0 exactJoint=0.01u pairs=36  (palette-wide exactWorst=1.37u)
[HANDS_ATTACH] mesh='hands_naked.mesh' owner='hands_naked.mesh' frame=1608 nb=38 wext=87.7 rebound=1
  TIER1 rest-coherence: worst=3.1deg bone[2]='bone_R-pinky03.mesh' count(>5deg)=0 freshRecap=0  xcheck(invOff-vs-restW) worst=3.1deg bone[2]
  TIER2 joint-attach(PRIMARY): worst=81.57u bone[13]='bone_R-hand.mesh' parent[5] R=49.3 exactJoint=0.01u pairs=30  (palette-wide exactWorst=8.95u)
[HANDS_ATTACH] mesh='hands_naked.mesh' owner='hands_naked.mesh' frame=1615 nb=38 wext=87.6 rebound=1
  TIER1 rest-coherence: worst=3.1deg bone[2]='bone_R-pinky03.mesh' count(>5deg)=0 freshRecap=0  xcheck(invOff-vs-restW) worst=3.1deg bone[2]
  TIER2 joint-attach(PRIMARY): worst=47.62u bone[4]='bone_R-middlefinger03.mesh' parent[11] R=45.9 exactJoint=7.02u pairs=30  (palette-wide exactWorst=7.63u)
[HANDS_ATTACH] mesh='hands_naked.mesh' owner='hands_naked.mesh' frame=1618 nb=38 wext=87.1 rebound=1
  TIER1 rest-coherence: worst=3.1deg bone[2]='bone_R-pinky03.mesh' count(>5deg)=0 freshRecap=0  xcheck(invOff-vs-restW) worst=3.1deg bone[2]
  TIER2 joint-attach(PRIMARY): worst=73.41u bone[13]='bone_R-hand.mesh' parent[5] R=49.3 exactJoint=0.01u pairs=30  (palette-wide exactWorst=8.95u)
[HANDS_ATTACH] mesh='hands_naked.mesh' owner='hands_naked.mesh' frame=1619 nb=40 wext=63.0 rebound=1
  TIER1 rest-coherence: worst=3.1deg bone[2]='bone_R-foreTwist2.mesh' count(>5deg)=0 freshRecap=0  xcheck(invOff-vs-restW) worst=3.1deg bone[2]
  TIER2 joint-attach(PRIMARY): worst=37.46u bone[7]='bone_R-middlefinger03.mesh' parent[0] R=40.0 exactJoint=0.01u pairs=36  (palette-wide exactWorst=1.37u)
[HANDS_ATTACH] mesh='hands_naked.mesh' owner='hands_naked.mesh' frame=1628 nb=38 wext=86.9 rebound=1
  TIER1 rest-coherence: worst=3.1deg bone[2]='bone_R-pinky03.mesh' count(>5deg)=0 freshRecap=0  xcheck(invOff-vs-restW) worst=3.1deg bone[2]
  TIER2 joint-attach(PRIMARY): worst=62.56u bone[2]='bone_R-pinky03.mesh' parent[18] R=46.1 exactJoint=0.74u pairs=30  (palette-wide exactWorst=8.95u)
[HANDS_ATTACH] mesh='hands_naked.mesh' owner='hands_naked.mesh' frame=1635 nb=38 wext=87.6 rebound=1
  TIER1 rest-coherence: worst=3.1deg bone[2]='bone_R-pinky03.mesh' count(>5deg)=0 freshRecap=0  xcheck(invOff-vs-restW) worst=3.1deg bone[2]
  TIER2 joint-attach(PRIMARY): worst=47.62u bone[4]='bone_R-middlefinger03.mesh' parent[11] R=45.9 exactJoint=7.02u pairs=30  (palette-wide exactWorst=7.63u)
[HANDS_ATTACH] mesh='hands_naked.mesh' owner='hands_naked.mesh' frame=1638 nb=38 wext=88.0 rebound=1
  TIER1 rest-coherence: worst=3.1deg bone[2]='bone_R-pinky03.mesh' count(>5deg)=0 freshRecap=0  xcheck(invOff-vs-restW) worst=3.1deg bone[2]
  TIER2 joint-attach(PRIMARY): worst=62.56u bone[2]='bone_R-pinky03.mesh' parent[18] R=46.1 exactJoint=0.74u pairs=30  (palette-wide exactWorst=8.95u)
[HANDS_ATTACH] mesh='hands_naked.mesh' owner='hands_naked.mesh' frame=1639 nb=40 wext=63.0 rebound=1
  TIER1 rest-coherence: worst=3.1deg bone[2]='bone_R-foreTwist2.mesh' count(>5deg)=0 freshRecap=0  xcheck(invOff-vs-restW) worst=3.1deg bone[2]
  TIER2 joint-attach(PRIMARY): worst=37.46u bone[7]='bone_R-middlefinger03.mesh' parent[0] R=40.0 exactJoint=0.01u pairs=36  (palette-wide exactWorst=1.37u)
[HANDS_ATTACH] mesh='hands_naked.mesh' owner='hands_naked.mesh' frame=1648 nb=38 wext=89.3 rebound=1
  TIER1 rest-coherence: worst=3.1deg bone[2]='bone_R-pinky03.mesh' count(>5deg)=0 freshRecap=0  xcheck(invOff-vs-restW) worst=3.1deg bone[2]
  TIER2 joint-attach(PRIMARY): worst=62.56u bone[2]='bone_R-pinky03.mesh' parent[18] R=46.1 exactJoint=0.74u pairs=30  (palette-wide exactWorst=8.95u)
[HANDS_ATTACH] mesh='hands_naked.mesh' owner='hands_naked.mesh' frame=1655 nb=38 wext=87.6 rebound=1
  TIER1 rest-coherence: worst=3.1deg bone[2]='bone_R-pinky03.mesh' count(>5deg)=0 freshRecap=0  xcheck(invOff-vs-restW) worst=3.1deg bone[2]
  TIER2 joint-attach(PRIMARY): worst=47.62u bone[4]='bone_R-middlefinger03.mesh' parent[11] R=45.9 exactJoint=7.02u pairs=30  (palette-wide exactWorst=7.63u)
[HANDS_ATTACH] mesh='hands_naked.mesh' owner='hands_naked.mesh' frame=1658 nb=38 wext=90.0 rebound=1
  TIER1 rest-coherence: worst=3.1deg bone[2]='bone_R-pinky03.mesh' count(>5deg)=0 freshRecap=0  xcheck(invOff-vs-restW) worst=3.1deg bone[2]
  TIER2 joint-attach(PRIMARY): worst=62.56u bone[2]='bone_R-pinky03.mesh' parent[18] R=46.1 exactJoint=0.74u pairs=30  (palette-wide exactWorst=8.95u)
[HANDS_ATTACH] mesh='hands_naked.mesh' owner='hands_naked.mesh' frame=1659 nb=40 wext=63.0 rebound=1
  TIER1 rest-coherence: worst=3.1deg bone[2]='bone_R-foreTwist2.mesh' count(>5deg)=0 freshRecap=0  xcheck(invOff-vs-restW) worst=3.1deg bone[2]
  TIER2 joint-attach(PRIMARY): worst=37.46u bone[7]='bone_R-middlefinger03.mesh' parent[0] R=40.0 exactJoint=0.01u pairs=36  (palette-wide exactWorst=1.37u)
[HANDS_ATTACH] mesh='hands_naked.mesh' owner='hands_naked.mesh' frame=1668 nb=38 wext=90.1 rebound=1
  TIER1 rest-coherence: worst=3.1deg bone[2]='bone_R-pinky03.mesh' count(>5deg)=0 freshRecap=0  xcheck(invOff-vs-restW) worst=3.1deg bone[2]
  TIER2 joint-attach(PRIMARY): worst=62.56u bone[2]='bone_R-pinky03.mesh' parent[18] R=46.1 exactJoint=0.74u pairs=30  (palette-wide exactWorst=8.95u)
[HANDS_ATTACH] mesh='hands_naked.mesh' owner='hands_naked.mesh' frame=1675 nb=38 wext=87.6 rebound=1
  TIER1 rest-coherence: worst=3.1deg bone[2]='bone_R-pinky03.mesh' count(>5deg)=0 freshRecap=0  xcheck(invOff-vs-restW) worst=3.1deg bone[2]
  TIER2 joint-attach(PRIMARY): worst=47.62u bone[4]='bone_R-middlefinger03.mesh' parent[11] R=45.9 exactJoint=7.02u pairs=30  (palette-wide exactWorst=7.63u)
[HANDS_ATTACH] mesh='hands_naked.mesh' owner='hands_naked.mesh' frame=1678 nb=38 wext=90.1 rebound=1
  TIER1 rest-coherence: worst=3.1deg bone[2]='bone_R-pinky03.mesh' count(>5deg)=0 freshRecap=0  xcheck(invOff-vs-restW) worst=3.1deg bone[2]
  TIER2 joint-attach(PRIMARY): worst=62.56u bone[2]='bone_R-pinky03.mesh' parent[18] R=46.1 exactJoint=0.74u pairs=30  (palette-wide exactWorst=8.95u)
[HANDS_ATTACH] mesh='hands_naked.mesh' owner='hands_naked.mesh' frame=1679 nb=40 wext=63.0 rebound=1
  TIER1 rest-coherence: worst=3.1deg bone[2]='bone_R-foreTwist2.mesh' count(>5deg)=0 freshRecap=0  xcheck(invOff-vs-restW) worst=3.1deg bone[2]
  TIER2 joint-attach(PRIMARY): worst=37.46u bone[7]='bone_R-middlefinger03.mesh' parent[0] R=40.0 exactJoint=0.01u pairs=36  (palette-wide exactWorst=1.37u)
[HANDS_ATTACH] mesh='hands_naked.mesh' owner='hands_naked.mesh' frame=1688 nb=38 wext=89.6 rebound=1
  TIER1 rest-coherence: worst=3.1deg bone[2]='bone_R-pinky03.mesh' count(>5deg)=0 freshRecap=0  xcheck(invOff-vs-restW) worst=3.1deg bone[2]
  TIER2 joint-attach(PRIMARY): worst=62.98u bone[2]='bone_R-pinky03.mesh' parent[18] R=46.1 exactJoint=0.59u pairs=30  (palette-wide exactWorst=8.95u)
[HANDS_ATTACH] mesh='hands_naked.mesh' owner='hands_naked.mesh' frame=1695 nb=38 wext=87.6 rebound=1
  TIER1 rest-coherence: worst=3.1deg bone[2]='bone_R-pinky03.mesh' count(>5deg)=0 freshRecap=0  xcheck(invOff-vs-restW) worst=3.1deg bone[2]
  TIER2 joint-attach(PRIMARY): worst=47.62u bone[4]='bone_R-middlefinger03.mesh' parent[11] R=45.9 exactJoint=7.02u pairs=30  (palette-wide exactWorst=7.63u)
[HANDS_ATTACH] mesh='hands_naked.mesh' owner='hands_naked.mesh' frame=1698 nb=38 wext=88.8 rebound=1
  TIER1 rest-coherence: worst=3.1deg bone[2]='bone_R-pinky03.mesh' count(>5deg)=0 freshRecap=0  xcheck(invOff-vs-restW) worst=3.1deg bone[2]
  TIER2 joint-attach(PRIMARY): worst=69.70u bone[18]='bone_R-pinky02.mesh' parent[14] R=46.7 exactJoint=0.13u pairs=30  (palette-wide exactWorst=8.95u)
[HANDS_ATTACH] mesh='hands_naked.mesh' owner='hands_naked.mesh' frame=1699 nb=40 wext=63.0 rebound=1
  TIER1 rest-coherence: worst=3.1deg bone[2]='bone_R-foreTwist2.mesh' count(>5deg)=0 freshRecap=0  xcheck(invOff-vs-restW) worst=3.1deg bone[2]
  TIER2 joint-attach(PRIMARY): worst=37.46u bone[7]='bone_R-middlefinger03.mesh' parent[0] R=40.0 exactJoint=0.01u pairs=36  (palette-wide exactWorst=1.37u)
[HANDS_ATTACH] mesh='hands_naked.mesh' owner='hands_naked.mesh' frame=1708 nb=38 wext=88.0 rebound=1
  TIER1 rest-coherence: worst=3.1deg bone[2]='bone_R-pinky03.mesh' count(>5deg)=0 freshRecap=0  xcheck(invOff-vs-restW) worst=3.1deg bone[2]
  TIER2 joint-attach(PRIMARY): worst=78.77u bone[18]='bone_R-pinky02.mesh' parent[14] R=46.7 exactJoint=0.48u pairs=30  (palette-wide exactWorst=8.95u)
[HANDS_ATTACH] mesh='hands_naked.mesh' owner='hands_naked.mesh' frame=1715 nb=38 wext=87.6 rebound=1
  TIER1 rest-coherence: worst=3.1deg bone[2]='bone_R-pinky03.mesh' count(>5deg)=0 freshRecap=0  xcheck(invOff-vs-restW) worst=3.1deg bone[2]
  TIER2 joint-attach(PRIMARY): worst=47.62u bone[4]='bone_R-middlefinger03.mesh' parent[11] R=45.9 exactJoint=7.02u pairs=30  (palette-wide exactWorst=7.63u)
[HANDS_ATTACH] mesh='hands_naked.mesh' owner='hands_naked.mesh' frame=1718 nb=38 wext=87.2 rebound=1
  TIER1 rest-coherence: worst=3.1deg bone[2]='bone_R-pinky03.mesh' count(>5deg)=0 freshRecap=0  xcheck(invOff-vs-restW) worst=3.1deg bone[2]
  TIER2 joint-attach(PRIMARY): worst=77.58u bone[18]='bone_R-pinky02.mesh' parent[14] R=46.7 exactJoint=1.43u pairs=30  (palette-wide exactWorst=8.95u)
[HANDS_ATTACH] mesh='hands_naked.mesh' owner='hands_naked.mesh' frame=1719 nb=40 wext=63.0 rebound=1
  TIER1 rest-coherence: worst=3.1deg bone[2]='bone_R-foreTwist2.mesh' count(>5deg)=0 freshRecap=0  xcheck(invOff-vs-restW) worst=3.1deg bone[2]
  TIER2 joint-attach(PRIMARY): worst=37.46u bone[7]='bone_R-middlefinger03.mesh' parent[0] R=40.0 exactJoint=0.01u pairs=36  (palette-wide exactWorst=1.37u)
[HANDS_ATTACH] mesh='hands_naked.mesh' owner='hands_naked.mesh' frame=1728 nb=38 wext=85.9 rebound=1
  TIER1 rest-coherence: worst=3.1deg bone[2]='bone_R-pinky03.mesh' count(>5deg)=0 freshRecap=0  xcheck(invOff-vs-restW) worst=3.1deg bone[2]
  TIER2 joint-attach(PRIMARY): worst=75.92u bone[18]='bone_R-pinky02.mesh' parent[14] R=46.7 exactJoint=2.46u pairs=30  (palette-wide exactWorst=8.95u)
[HANDS_ATTACH] mesh='hands_naked.mesh' owner='hands_naked.mesh' frame=1735 nb=38 wext=87.6 rebound=1
  TIER1 rest-coherence: worst=3.1deg bone[2]='bone_R-pinky03.mesh' count(>5deg)=0 freshRecap=0  xcheck(invOff-vs-restW) worst=3.1deg bone[2]
  TIER2 joint-attach(PRIMARY): worst=47.62u bone[4]='bone_R-middlefinger03.mesh' parent[11] R=45.9 exactJoint=7.02u pairs=30  (palette-wide exactWorst=7.63u)
[HANDS_ATTACH] mesh='hands_naked.mesh' owner='hands_naked.mesh' frame=1738 nb=38 wext=84.4 rebound=1
  TIER1 rest-coherence: worst=3.1deg bone[2]='bone_R-pinky03.mesh' count(>5deg)=0 freshRecap=0  xcheck(invOff-vs-restW) worst=3.1deg bone[2]
  TIER2 joint-attach(PRIMARY): worst=59.60u bone[18]='bone_R-pinky02.mesh' parent[14] R=46.7 exactJoint=4.13u pairs=30  (palette-wide exactWorst=8.95u)
[HANDS_ATTACH] mesh='hands_naked.mesh' owner='hands_naked.mesh' frame=1739 nb=40 wext=63.0 rebound=1
  TIER1 rest-coherence: worst=3.1deg bone[2]='bone_R-foreTwist2.mesh' count(>5deg)=0 freshRecap=0  xcheck(invOff-vs-restW) worst=3.1deg bone[2]
  TIER2 joint-attach(PRIMARY): worst=37.46u bone[7]='bone_R-middlefinger03.mesh' parent[0] R=40.0 exactJoint=0.01u pairs=36  (palette-wide exactWorst=1.37u)
[HANDS_ATTACH] mesh='hands_naked.mesh' owner='hands_naked.mesh' frame=1748 nb=38 wext=84.6 rebound=1
  TIER1 rest-coherence: worst=3.1deg bone[2]='bone_R-pinky03.mesh' count(>5deg)=0 freshRecap=0  xcheck(invOff-vs-restW) worst=3.1deg bone[2]
  TIER2 joint-attach(PRIMARY): worst=62.43u bone[13]='bone_R-hand.mesh' parent[5] R=49.3 exactJoint=0.01u pairs=30  (palette-wide exactWorst=8.95u)
[HANDS_ATTACH] mesh='hands_naked.mesh' owner='hands_naked.mesh' frame=1755 nb=38 wext=87.6 rebound=1
  TIER1 rest-coherence: worst=3.1deg bone[2]='bone_R-pinky03.mesh' count(>5deg)=0 freshRecap=0  xcheck(invOff-vs-restW) worst=3.1deg bone[2]
  TIER2 joint-attach(PRIMARY): worst=47.62u bone[4]='bone_R-middlefinger03.mesh' parent[11] R=45.9 exactJoint=7.02u pairs=30  (palette-wide exactWorst=7.63u)
[HANDS_ATTACH] mesh='hands_naked.mesh' owner='hands_naked.mesh' frame=1758 nb=38 wext=84.9 rebound=1
  TIER1 rest-coherence: worst=3.1deg bone[2]='bone_R-pinky03.mesh' count(>5deg)=0 freshRecap=0  xcheck(invOff-vs-restW) worst=3.1deg bone[2]
  TIER2 joint-attach(PRIMARY): worst=70.22u bone[13]='bone_R-hand.mesh' parent[5] R=49.3 exactJoint=0.01u pairs=30  (palette-wide exactWorst=8.95u)
[HANDS_ATTACH] mesh='hands_naked.mesh' owner='hands_naked.mesh' frame=1759 nb=40 wext=63.0 rebound=1
  TIER1 rest-coherence: worst=3.1deg bone[2]='bone_R-foreTwist2.mesh' count(>5deg)=0 freshRecap=0  xcheck(invOff-vs-restW) worst=3.1deg bone[2]
  TIER2 joint-attach(PRIMARY): worst=37.46u bone[7]='bone_R-middlefinger03.mesh' parent[0] R=40.0 exactJoint=0.01u pairs=36  (palette-wide exactWorst=1.37u)
[HANDS_ATTACH] mesh='hands_naked.mesh' owner='hands_naked.mesh' frame=1768 nb=38 wext=86.1 rebound=1
  TIER1 rest-coherence: worst=3.1deg bone[2]='bone_R-pinky03.mesh' count(>5deg)=0 freshRecap=0  xcheck(invOff-vs-restW) worst=3.1deg bone[2]
  TIER2 joint-attach(PRIMARY): worst=76.01u bone[13]='bone_R-hand.mesh' parent[5] R=49.3 exactJoint=0.01u pairs=30  (palette-wide exactWorst=8.95u)
[HANDS_ATTACH] mesh='hands_naked.mesh' owner='hands_naked.mesh' frame=1775 nb=38 wext=87.6 rebound=1
  TIER1 rest-coherence: worst=3.1deg bone[2]='bone_R-pinky03.mesh' count(>5deg)=0 freshRecap=0  xcheck(invOff-vs-restW) worst=3.1deg bone[2]
  TIER2 joint-attach(PRIMARY): worst=47.62u bone[4]='bone_R-middlefinger03.mesh' parent[11] R=45.9 exactJoint=7.02u pairs=30  (palette-wide exactWorst=7.63u)
[HANDS_ATTACH] mesh='hands_naked.mesh' owner='hands_naked.mesh' frame=1778 nb=38 wext=87.0 rebound=1
  TIER1 rest-coherence: worst=3.1deg bone[2]='bone_R-pinky03.mesh' count(>5deg)=0 freshRecap=0  xcheck(invOff-vs-restW) worst=3.1deg bone[2]
  TIER2 joint-attach(PRIMARY): worst=81.79u bone[13]='bone_R-hand.mesh' parent[5] R=49.3 exactJoint=0.01u pairs=30  (palette-wide exactWorst=8.95u)
[HANDS_ATTACH] mesh='hands_naked.mesh' owner='hands_naked.mesh' frame=1779 nb=40 wext=63.0 rebound=1
  TIER1 rest-coherence: worst=3.1deg bone[2]='bone_R-foreTwist2.mesh' count(>5deg)=0 freshRecap=0  xcheck(invOff-vs-restW) worst=3.1deg bone[2]
  TIER2 joint-attach(PRIMARY): worst=37.46u bone[7]='bone_R-middlefinger03.mesh' parent[0] R=40.0 exactJoint=0.01u pairs=36  (palette-wide exactWorst=1.37u)
[HANDS_ATTACH] mesh='hands_naked.mesh' owner='hands_naked.mesh' frame=1788 nb=38 wext=88.7 rebound=1
  TIER1 rest-coherence: worst=3.1deg bone[2]='bone_R-pinky03.mesh' count(>5deg)=0 freshRecap=0  xcheck(invOff-vs-restW) worst=3.1deg bone[2]
  TIER2 joint-attach(PRIMARY): worst=85.68u bone[13]='bone_R-hand.mesh' parent[5] R=49.3 exactJoint=0.01u pairs=30  (palette-wide exactWorst=8.95u)
[HANDS_ATTACH] mesh='hands_naked.mesh' owner='hands_naked.mesh' frame=1795 nb=38 wext=87.6 rebound=1
  TIER1 rest-coherence: worst=3.1deg bone[2]='bone_R-pinky03.mesh' count(>5deg)=0 freshRecap=0  xcheck(invOff-vs-restW) worst=3.1deg bone[2]
  TIER2 joint-attach(PRIMARY): worst=47.62u bone[4]='bone_R-middlefinger03.mesh' parent[11] R=45.9 exactJoint=7.02u pairs=30  (palette-wide exactWorst=7.63u)
[HANDS_ATTACH] mesh='hands_naked.mesh' owner='hands_naked.mesh' frame=1796 nb=40 wext=65.8 rebound=1
  TIER1 rest-coherence: worst=3.1deg bone[2]='bone_R-foreTwist2.mesh' count(>5deg)=0 freshRecap=0  xcheck(invOff-vs-restW) worst=3.1deg bone[2]
  TIER2 joint-attach(PRIMARY): worst=30.72u bone[22]='bone_L-index02.mesh' parent[27] R=40.9 exactJoint=0.02u pairs=36  (palette-wide exactWorst=5.86u)
[HANDS_ATTACH] mesh='hands_naked.mesh' owner='hands_naked.mesh' frame=1803 nb=38 wext=89.1 rebound=1
  TIER1 rest-coherence: worst=3.1deg bone[2]='bone_R-pinky03.mesh' count(>5deg)=0 freshRecap=0  xcheck(invOff-vs-restW) worst=3.1deg bone[2]
  TIER2 joint-attach(PRIMARY): worst=91.45u bone[13]='bone_R-hand.mesh' parent[5] R=49.3 exactJoint=0.01u pairs=30  (palette-wide exactWorst=8.95u)
[HANDS_ATTACH] mesh='hands_naked.mesh' owner='hands_naked.mesh' frame=1806 nb=40 wext=66.3 rebound=1
  TIER1 rest-coherence: worst=3.1deg bone[2]='bone_R-foreTwist2.mesh' count(>5deg)=0 freshRecap=0  xcheck(invOff-vs-restW) worst=3.1deg bone[2]
  TIER2 joint-attach(PRIMARY): worst=30.72u bone[22]='bone_L-index02.mesh' parent[27] R=40.9 exactJoint=0.02u pairs=36  (palette-wide exactWorst=5.86u)
[HANDS_ATTACH] mesh='hands_naked.mesh' owner='hands_naked.mesh' frame=1815 nb=38 wext=87.6 rebound=1
  TIER1 rest-coherence: worst=3.1deg bone[2]='bone_R-pinky03.mesh' count(>5deg)=0 freshRecap=0  xcheck(invOff-vs-restW) worst=3.1deg bone[2]
  TIER2 joint-attach(PRIMARY): worst=47.62u bone[4]='bone_R-middlefinger03.mesh' parent[11] R=45.9 exactJoint=7.02u pairs=30  (palette-wide exactWorst=7.63u)
[HANDS_ATTACH] mesh='hands_naked.mesh' owner='hands_naked.mesh' frame=1816 nb=40 wext=66.8 rebound=1
  TIER1 rest-coherence: worst=3.1deg bone[2]='bone_R-foreTwist2.mesh' count(>5deg)=0 freshRecap=0  xcheck(invOff-vs-restW) worst=3.1deg bone[2]
  TIER2 joint-attach(PRIMARY): worst=30.72u bone[22]='bone_L-index02.mesh' parent[27] R=40.9 exactJoint=0.02u pairs=36  (palette-wide exactWorst=5.86u)
[HANDS_ATTACH] mesh='hands_naked.mesh' owner='hands_naked.mesh' frame=1823 nb=38 wext=89.1 rebound=1
  TIER1 rest-coherence: worst=3.1deg bone[2]='bone_R-pinky03.mesh' count(>5deg)=0 freshRecap=0  xcheck(invOff-vs-restW) worst=3.1deg bone[2]
  TIER2 joint-attach(PRIMARY): worst=91.52u bone[13]='bone_R-hand.mesh' parent[5] R=49.3 exactJoint=0.01u pairs=30  (palette-wide exactWorst=8.95u)
[HANDS_ATTACH] mesh='hands_naked.mesh' owner='hands_naked.mesh' frame=1826 nb=40 wext=67.5 rebound=1
  TIER1 rest-coherence: worst=3.1deg bone[2]='bone_R-foreTwist2.mesh' count(>5deg)=0 freshRecap=0  xcheck(invOff-vs-restW) worst=3.1deg bone[2]
  TIER2 joint-attach(PRIMARY): worst=30.72u bone[22]='bone_L-index02.mesh' parent[27] R=40.9 exactJoint=0.02u pairs=36  (palette-wide exactWorst=5.86u)
[HANDS_ATTACH] mesh='hands_naked.mesh' owner='hands_naked.mesh' frame=1835 nb=38 wext=87.6 rebound=1
  TIER1 rest-coherence: worst=3.1deg bone[2]='bone_R-pinky03.mesh' count(>5deg)=0 freshRecap=0  xcheck(invOff-vs-restW) worst=3.1deg bone[2]
  TIER2 joint-attach(PRIMARY): worst=47.62u bone[4]='bone_R-middlefinger03.mesh' parent[11] R=45.9 exactJoint=7.02u pairs=30  (palette-wide exactWorst=7.63u)
[HANDS_ATTACH] mesh='hands_naked.mesh' owner='hands_naked.mesh' frame=1836 nb=40 wext=68.1 rebound=1
  TIER1 rest-coherence: worst=3.1deg bone[2]='bone_R-foreTwist2.mesh' count(>5deg)=0 freshRecap=0  xcheck(invOff-vs-restW) worst=3.1deg bone[2]
  TIER2 joint-attach(PRIMARY): worst=30.72u bone[22]='bone_L-index02.mesh' parent[27] R=40.9 exactJoint=0.02u pairs=36  (palette-wide exactWorst=5.86u)
[HANDS_ATTACH] mesh='hands_naked.mesh' owner='hands_naked.mesh' frame=1843 nb=38 wext=89.1 rebound=1
  TIER1 rest-coherence: worst=3.1deg bone[2]='bone_R-pinky03.mesh' count(>5deg)=0 freshRecap=0  xcheck(invOff-vs-restW) worst=3.1deg bone[2]
  TIER2 joint-attach(PRIMARY): worst=91.52u bone[13]='bone_R-hand.mesh' parent[5] R=49.3 exactJoint=0.01u pairs=30  (palette-wide exactWorst=8.95u)
[HANDS_ATTACH] mesh='hands_naked.mesh' owner='hands_naked.mesh' frame=1846 nb=40 wext=68.6 rebound=1
  TIER1 rest-coherence: worst=3.1deg bone[2]='bone_R-foreTwist2.mesh' count(>5deg)=0 freshRecap=0  xcheck(invOff-vs-restW) worst=3.1deg bone[2]
  TIER2 joint-attach(PRIMARY): worst=30.72u bone[22]='bone_L-index02.mesh' parent[27] R=40.9 exactJoint=0.02u pairs=36  (palette-wide exactWorst=5.86u)
[HANDS_ATTACH] mesh='hands_naked.mesh' owner='hands_naked.mesh' frame=1855 nb=38 wext=87.6 rebound=1
  TIER1 rest-coherence: worst=3.1deg bone[2]='bone_R-pinky03.mesh' count(>5deg)=0 freshRecap=0  xcheck(invOff-vs-restW) worst=3.1deg bone[2]
  TIER2 joint-attach(PRIMARY): worst=47.62u bone[4]='bone_R-middlefinger03.mesh' parent[11] R=45.9 exactJoint=7.02u pairs=30  (palette-wide exactWorst=7.63u)
[HANDS_ATTACH] mesh='hands_naked.mesh' owner='hands_naked.mesh' frame=1856 nb=40 wext=69.2 rebound=1
  TIER1 rest-coherence: worst=3.1deg bone[2]='bone_R-foreTwist2.mesh' count(>5deg)=0 freshRecap=0  xcheck(invOff-vs-restW) worst=3.1deg bone[2]
  TIER2 joint-attach(PRIMARY): worst=30.72u bone[22]='bone_L-index02.mesh' parent[27] R=40.9 exactJoint=0.02u pairs=36  (palette-wide exactWorst=5.86u)
[HANDS_ATTACH] mesh='hands_naked.mesh' owner='hands_naked.mesh' frame=1863 nb=38 wext=89.1 rebound=1
  TIER1 rest-coherence: worst=3.1deg bone[2]='bone_R-pinky03.mesh' count(>5deg)=0 freshRecap=0  xcheck(invOff-vs-restW) worst=3.1deg bone[2]
  TIER2 joint-attach(PRIMARY): worst=91.52u bone[13]='bone_R-hand.mesh' parent[5] R=49.3 exactJoint=0.01u pairs=30  (palette-wide exactWorst=8.95u)
[HANDS_ATTACH] mesh='hands_naked.mesh' owner='hands_naked.mesh' frame=1866 nb=40 wext=69.9 rebound=1
  TIER1 rest-coherence: worst=3.1deg bone[2]='bone_R-foreTwist2.mesh' count(>5deg)=0 freshRecap=0  xcheck(invOff-vs-restW) worst=3.1deg bone[2]
  TIER2 joint-attach(PRIMARY): worst=30.72u bone[22]='bone_L-index02.mesh' parent[27] R=40.9 exactJoint=0.02u pairs=36  (palette-wide exactWorst=5.86u)
[HANDS_ATTACH] mesh='hands_naked.mesh' owner='hands_naked.mesh' frame=1875 nb=38 wext=87.6 rebound=1
  TIER1 rest-coherence: worst=3.1deg bone[2]='bone_R-pinky03.mesh' count(>5deg)=0 freshRecap=0  xcheck(invOff-vs-restW) worst=3.1deg bone[2]
  TIER2 joint-attach(PRIMARY): worst=47.62u bone[4]='bone_R-middlefinger03.mesh' parent[11] R=45.9 exactJoint=7.02u pairs=30  (palette-wide exactWorst=7.63u)
[HANDS_ATTACH] mesh='hands_naked.mesh' owner='hands_naked.mesh' frame=1876 nb=40 wext=70.5 rebound=1
  TIER1 rest-coherence: worst=3.1deg bone[2]='bone_R-foreTwist2.mesh' count(>5deg)=0 freshRecap=0  xcheck(invOff-vs-restW) worst=3.1deg bone[2]
  TIER2 joint-attach(PRIMARY): worst=30.72u bone[22]='bone_L-index02.mesh' parent[27] R=40.9 exactJoint=0.02u pairs=36  (palette-wide exactWorst=5.86u)
[HANDS_ATTACH] mesh='hands_naked.mesh' owner='hands_naked.mesh' frame=1883 nb=38 wext=89.1 rebound=1
  TIER1 rest-coherence: worst=3.1deg bone[2]='bone_R-pinky03.mesh' count(>5deg)=0 freshRecap=0  xcheck(invOff-vs-restW) worst=3.1deg bone[2]
  TIER2 joint-attach(PRIMARY): worst=91.52u bone[13]='bone_R-hand.mesh' parent[5] R=49.3 exactJoint=0.01u pairs=30  (palette-wide exactWorst=8.95u)
[HANDS_ATTACH] mesh='hands_naked.mesh' owner='hands_naked.mesh' frame=1886 nb=40 wext=71.2 rebound=1
  TIER1 rest-coherence: worst=3.1deg bone[2]='bone_R-foreTwist2.mesh' count(>5deg)=0 freshRecap=0  xcheck(invOff-vs-restW) worst=3.1deg bone[2]
  TIER2 joint-attach(PRIMARY): worst=30.72u bone[22]='bone_L-index02.mesh' parent[27] R=40.9 exactJoint=0.02u pairs=36  (palette-wide exactWorst=5.86u)
[HANDS_ATTACH] mesh='hands_naked.mesh' owner='hands_naked.mesh' frame=1895 nb=38 wext=87.6 rebound=1
  TIER1 rest-coherence: worst=3.1deg bone[2]='bone_R-pinky03.mesh' count(>5deg)=0 freshRecap=0  xcheck(invOff-vs-restW) worst=3.1deg bone[2]
  TIER2 joint-attach(PRIMARY): worst=47.62u bone[4]='bone_R-middlefinger03.mesh' parent[11] R=45.9 exactJoint=7.02u pairs=30  (palette-wide exactWorst=7.63u)
[HANDS_ATTACH] mesh='hands_naked.mesh' owner='hands_naked.mesh' frame=1896 nb=40 wext=71.9 rebound=1
  TIER1 rest-coherence: worst=3.1deg bone[2]='bone_R-foreTwist2.mesh' count(>5deg)=0 freshRecap=0  xcheck(invOff-vs-restW) worst=3.1deg bone[2]
  TIER2 joint-attach(PRIMARY): worst=30.72u bone[22]='bone_L-index02.mesh' parent[27] R=40.9 exactJoint=0.02u pairs=36  (palette-wide exactWorst=5.86u)
[HANDS_ATTACH] mesh='hands_naked.mesh' owner='hands_naked.mesh' frame=1903 nb=38 wext=89.1 rebound=1
  TIER1 rest-coherence: worst=3.1deg bone[2]='bone_R-pinky03.mesh' count(>5deg)=0 freshRecap=0  xcheck(invOff-vs-restW) worst=3.1deg bone[2]
  TIER2 joint-attach(PRIMARY): worst=91.52u bone[13]='bone_R-hand.mesh' parent[5] R=49.3 exactJoint=0.01u pairs=30  (palette-wide exactWorst=8.95u)
[HANDS_ATTACH] mesh='hands_naked.mesh' owner='hands_naked.mesh' frame=1906 nb=40 wext=72.5 rebound=1
  TIER1 rest-coherence: worst=3.1deg bone[2]='bone_R-foreTwist2.mesh' count(>5deg)=0 freshRecap=0  xcheck(invOff-vs-restW) worst=3.1deg bone[2]
  TIER2 joint-attach(PRIMARY): worst=30.72u bone[22]='bone_L-index02.mesh' parent[27] R=40.9 exactJoint=0.02u pairs=36  (palette-wide exactWorst=5.86u)
[HANDS_ATTACH] mesh='hands_naked.mesh' owner='hands_naked.mesh' frame=1915 nb=38 wext=87.6 rebound=1
  TIER1 rest-coherence: worst=3.1deg bone[2]='bone_R-pinky03.mesh' count(>5deg)=0 freshRecap=0  xcheck(invOff-vs-restW) worst=3.1deg bone[2]
  TIER2 joint-attach(PRIMARY): worst=47.62u bone[4]='bone_R-middlefinger03.mesh' parent[11] R=45.9 exactJoint=7.02u pairs=30  (palette-wide exactWorst=7.63u)
[HANDS_ATTACH] mesh='hands_naked.mesh' owner='hands_naked.mesh' frame=1916 nb=40 wext=72.9 rebound=1
  TIER1 rest-coherence: worst=3.1deg bone[2]='bone_R-foreTwist2.mesh' count(>5deg)=0 freshRecap=0  xcheck(invOff-vs-restW) worst=3.1deg bone[2]
  TIER2 joint-attach(PRIMARY): worst=30.72u bone[22]='bone_L-index02.mesh' parent[27] R=40.9 exactJoint=0.02u pairs=36  (palette-wide exactWorst=5.86u)
[HANDS_ATTACH] mesh='hands_naked.mesh' owner='hands_naked.mesh' frame=1923 nb=38 wext=89.1 rebound=1
  TIER1 rest-coherence: worst=3.1deg bone[2]='bone_R-pinky03.mesh' count(>5deg)=0 freshRecap=0  xcheck(invOff-vs-restW) worst=3.1deg bone[2]
  TIER2 joint-attach(PRIMARY): worst=91.52u bone[13]='bone_R-hand.mesh' parent[5] R=49.3 exactJoint=0.01u pairs=30  (palette-wide exactWorst=8.95u)
[HANDS_ATTACH] mesh='hands_naked.mesh' owner='hands_naked.mesh' frame=1926 nb=40 wext=71.1 rebound=1
  TIER1 rest-coherence: worst=3.1deg bone[2]='bone_R-foreTwist2.mesh' count(>5deg)=0 freshRecap=0  xcheck(invOff-vs-restW) worst=3.1deg bone[2]
  TIER2 joint-attach(PRIMARY): worst=33.35u bone[22]='bone_L-index02.mesh' parent[27] R=40.9 exactJoint=1.24u pairs=36  (palette-wide exactWorst=3.18u)
[HANDS_ATTACH] mesh='hands_naked.mesh' owner='hands_naked.mesh' frame=1935 nb=38 wext=87.6 rebound=1
  TIER1 rest-coherence: worst=3.1deg bone[2]='bone_R-pinky03.mesh' count(>5deg)=0 freshRecap=0  xcheck(invOff-vs-restW) worst=3.1deg bone[2]
  TIER2 joint-attach(PRIMARY): worst=47.62u bone[4]='bone_R-middlefinger03.mesh' parent[11] R=45.9 exactJoint=7.02u pairs=30  (palette-wide exactWorst=7.63u)
[HANDS_ATTACH] mesh='hands_naked.mesh' owner='hands_naked.mesh' frame=1936 nb=40 wext=74.8 rebound=1
  TIER1 rest-coherence: worst=3.1deg bone[2]='bone_R-foreTwist2.mesh' count(>5deg)=0 freshRecap=0  xcheck(invOff-vs-restW) worst=3.1deg bone[2]
  TIER2 joint-attach(PRIMARY): worst=34.51u bone[34]='bone_L-index03.mesh' parent[22] R=39.9 exactJoint=5.40u pairs=36  (palette-wide exactWorst=7.41u)
[HANDS_ATTACH] mesh='hands_naked.mesh' owner='hands_naked.mesh' frame=1943 nb=38 wext=89.1 rebound=1
  TIER1 rest-coherence: worst=3.1deg bone[2]='bone_R-pinky03.mesh' count(>5deg)=0 freshRecap=0  xcheck(invOff-vs-restW) worst=3.1deg bone[2]
  TIER2 joint-attach(PRIMARY): worst=91.52u bone[13]='bone_R-hand.mesh' parent[5] R=49.3 exactJoint=0.01u pairs=30  (palette-wide exactWorst=8.95u)
[HANDS_ATTACH] mesh='hands_naked.mesh' owner='hands_naked.mesh' frame=1946 nb=40 wext=74.2 rebound=1
  TIER1 rest-coherence: worst=3.1deg bone[2]='bone_R-foreTwist2.mesh' count(>5deg)=0 freshRecap=0  xcheck(invOff-vs-restW) worst=3.1deg bone[2]
  TIER2 joint-attach(PRIMARY): worst=33.91u bone[30]='bone_L-middlefinger03.mesh' parent[12] R=40.0 exactJoint=0.82u pairs=36  (palette-wide exactWorst=7.59u)
[HANDS_ATTACH] mesh='hands_naked.mesh' owner='hands_naked.mesh' frame=1955 nb=38 wext=87.6 rebound=1
  TIER1 rest-coherence: worst=3.1deg bone[2]='bone_R-pinky03.mesh' count(>5deg)=0 freshRecap=0  xcheck(invOff-vs-restW) worst=3.1deg bone[2]
  TIER2 joint-attach(PRIMARY): worst=47.62u bone[4]='bone_R-middlefinger03.mesh' parent[11] R=45.9 exactJoint=7.02u pairs=30  (palette-wide exactWorst=7.63u)
[HANDS_ATTACH] mesh='hands_naked.mesh' owner='hands_naked.mesh' frame=1956 nb=40 wext=72.1 rebound=1
  TIER1 rest-coherence: worst=3.1deg bone[2]='bone_R-foreTwist2.mesh' count(>5deg)=0 freshRecap=0  xcheck(invOff-vs-restW) worst=3.1deg bone[2]
  TIER2 joint-attach(PRIMARY): worst=33.21u bone[30]='bone_L-middlefinger03.mesh' parent[12] R=40.0 exactJoint=3.11u pairs=36  (palette-wide exactWorst=4.61u)
[HANDS_ATTACH] mesh='hands_naked.mesh' owner='hands_naked.mesh' frame=1963 nb=38 wext=89.1 rebound=1
  TIER1 rest-coherence: worst=3.1deg bone[2]='bone_R-pinky03.mesh' count(>5deg)=0 freshRecap=0  xcheck(invOff-vs-restW) worst=3.1deg bone[2]
  TIER2 joint-attach(PRIMARY): worst=91.52u bone[13]='bone_R-hand.mesh' parent[5] R=49.3 exactJoint=0.01u pairs=30  (palette-wide exactWorst=8.95u)
[HANDS_ATTACH] mesh='hands_naked.mesh' owner='hands_naked.mesh' frame=1966 nb=40 wext=71.0 rebound=1
  TIER1 rest-coherence: worst=3.1deg bone[2]='bone_R-foreTwist2.mesh' count(>5deg)=0 freshRecap=0  xcheck(invOff-vs-restW) worst=3.1deg bone[2]
  TIER2 joint-attach(PRIMARY): worst=30.55u bone[5]='bone_R-ringfinger02.mesh' parent[24] R=41.1 exactJoint=0.02u pairs=36  (palette-wide exactWorst=6.14u)
[HANDS_ATTACH] mesh='hands_naked.mesh' owner='hands_naked.mesh' frame=1975 nb=38 wext=87.6 rebound=1
  TIER1 rest-coherence: worst=3.1deg bone[2]='bone_R-pinky03.mesh' count(>5deg)=0 freshRecap=0  xcheck(invOff-vs-restW) worst=3.1deg bone[2]
  TIER2 joint-attach(PRIMARY): worst=47.62u bone[4]='bone_R-middlefinger03.mesh' parent[11] R=45.9 exactJoint=7.02u pairs=30  (palette-wide exactWorst=7.63u)
[HANDS_ATTACH] mesh='hands_naked.mesh' owner='hands_naked.mesh' frame=1976 nb=40 wext=70.6 rebound=1
  TIER1 rest-coherence: worst=3.1deg bone[2]='bone_R-foreTwist2.mesh' count(>5deg)=0 freshRecap=0  xcheck(invOff-vs-restW) worst=3.1deg bone[2]
  TIER2 joint-attach(PRIMARY): worst=32.20u bone[30]='bone_L-middlefinger03.mesh' parent[12] R=40.0 exactJoint=4.06u pairs=36  (palette-wide exactWorst=4.06u)
[HANDS_ATTACH] mesh='hands_naked.mesh' owner='hands_naked.mesh' frame=1983 nb=38 wext=89.1 rebound=1
  TIER1 rest-coherence: worst=3.1deg bone[2]='bone_R-pinky03.mesh' count(>5deg)=0 freshRecap=0  xcheck(invOff-vs-restW) worst=3.1deg bone[2]
  TIER2 joint-attach(PRIMARY): worst=91.52u bone[13]='bone_R-hand.mesh' parent[5] R=49.3 exactJoint=0.01u pairs=30  (palette-wide exactWorst=8.95u)
[HANDS_ATTACH] mesh='hands_naked.mesh' owner='hands_naked.mesh' frame=1986 nb=40 wext=73.6 rebound=1
  TIER1 rest-coherence: worst=3.1deg bone[2]='bone_R-foreTwist2.mesh' count(>5deg)=0 freshRecap=0  xcheck(invOff-vs-restW) worst=3.1deg bone[2]
  TIER2 joint-attach(PRIMARY): worst=34.08u bone[30]='bone_L-middlefinger03.mesh' parent[12] R=40.0 exactJoint=1.97u pairs=36  (palette-wide exactWorst=6.51u)
[HANDS_ATTACH] mesh='hands_naked.mesh' owner='hands_naked.mesh' frame=1995 nb=38 wext=87.6 rebound=1
  TIER1 rest-coherence: worst=3.1deg bone[2]='bone_R-pinky03.mesh' count(>5deg)=0 freshRecap=0  xcheck(invOff-vs-restW) worst=3.1deg bone[2]
  TIER2 joint-attach(PRIMARY): worst=47.62u bone[4]='bone_R-middlefinger03.mesh' parent[11] R=45.9 exactJoint=7.02u pairs=30  (palette-wide exactWorst=7.63u)
[HANDS_ATTACH] mesh='hands_naked.mesh' owner='hands_naked.mesh' frame=1996 nb=40 wext=74.2 rebound=1
  TIER1 rest-coherence: worst=3.1deg bone[2]='bone_R-foreTwist2.mesh' count(>5deg)=0 freshRecap=0  xcheck(invOff-vs-restW) worst=3.1deg bone[2]
  TIER2 joint-attach(PRIMARY): worst=32.95u bone[30]='bone_L-middlefinger03.mesh' parent[12] R=40.0 exactJoint=0.78u pairs=36  (palette-wide exactWorst=7.53u)
[HANDS_ATTACH] mesh='hands_naked.mesh' owner='hands_naked.mesh' frame=2003 nb=38 wext=89.1 rebound=1
  TIER1 rest-coherence: worst=3.1deg bone[2]='bone_R-pinky03.mesh' count(>5deg)=0 freshRecap=0  xcheck(invOff-vs-restW) worst=3.1deg bone[2]
  TIER2 joint-attach(PRIMARY): worst=91.52u bone[13]='bone_R-hand.mesh' parent[5] R=49.3 exactJoint=0.01u pairs=30  (palette-wide exactWorst=8.95u)
[HANDS_ATTACH] mesh='hands_naked.mesh' owner='hands_naked.mesh' frame=2006 nb=40 wext=74.7 rebound=1
  TIER1 rest-coherence: worst=3.1deg bone[2]='bone_R-foreTwist2.mesh' count(>5deg)=0 freshRecap=0  xcheck(invOff-vs-restW) worst=3.1deg bone[2]
  TIER2 joint-attach(PRIMARY): worst=34.45u bone[34]='bone_L-index03.mesh' parent[22] R=39.9 exactJoint=5.42u pairs=36  (palette-wide exactWorst=7.42u)
[HANDS_ATTACH] mesh='hands_naked.mesh' owner='hands_naked.mesh' frame=2015 nb=38 wext=87.6 rebound=1
  TIER1 rest-coherence: worst=3.1deg bone[2]='bone_R-pinky03.mesh' count(>5deg)=0 freshRecap=0  xcheck(invOff-vs-restW) worst=3.1deg bone[2]
  TIER2 joint-attach(PRIMARY): worst=47.62u bone[4]='bone_R-middlefinger03.mesh' parent[11] R=45.9 exactJoint=7.02u pairs=30  (palette-wide exactWorst=7.63u)
[HANDS_ATTACH] mesh='hands_naked.mesh' owner='hands_naked.mesh' frame=2016 nb=40 wext=71.7 rebound=1
  TIER1 rest-coherence: worst=3.1deg bone[2]='bone_R-foreTwist2.mesh' count(>5deg)=0 freshRecap=0  xcheck(invOff-vs-restW) worst=3.1deg bone[2]
  TIER2 joint-attach(PRIMARY): worst=32.75u bone[22]='bone_L-index02.mesh' parent[27] R=40.9 exactJoint=1.87u pairs=36  (palette-wide exactWorst=4.06u)
[HANDS_ATTACH] mesh='hands_naked.mesh' owner='hands_naked.mesh' frame=2023 nb=38 wext=89.1 rebound=1
  TIER1 rest-coherence: worst=3.1deg bone[2]='bone_R-pinky03.mesh' count(>5deg)=0 freshRecap=0  xcheck(invOff-vs-restW) worst=3.1deg bone[2]
  TIER2 joint-attach(PRIMARY): worst=91.52u bone[13]='bone_R-hand.mesh' parent[5] R=49.3 exactJoint=0.01u pairs=30  (palette-wide exactWorst=8.95u)
[HANDS_ATTACH] mesh='hands_naked.mesh' owner='hands_naked.mesh' frame=2026 nb=40 wext=72.1 rebound=1
  TIER1 rest-coherence: worst=3.1deg bone[2]='bone_R-foreTwist2.mesh' count(>5deg)=0 freshRecap=0  xcheck(invOff-vs-restW) worst=3.1deg bone[2]
  TIER2 joint-attach(PRIMARY): worst=31.98u bone[22]='bone_L-index02.mesh' parent[27] R=40.9 exactJoint=0.02u pairs=36  (palette-wide exactWorst=5.42u)
[HANDS_ATTACH] mesh='hands_naked.mesh' owner='hands_naked.mesh' frame=2035 nb=38 wext=87.6 rebound=1
  TIER1 rest-coherence: worst=3.1deg bone[2]='bone_R-pinky03.mesh' count(>5deg)=0 freshRecap=0  xcheck(invOff-vs-restW) worst=3.1deg bone[2]
  TIER2 joint-attach(PRIMARY): worst=47.62u bone[4]='bone_R-middlefinger03.mesh' parent[11] R=45.9 exactJoint=7.02u pairs=30  (palette-wide exactWorst=7.63u)
[HANDS_ATTACH] mesh='hands_naked.mesh' owner='hands_naked.mesh' frame=2036 nb=40 wext=71.9 rebound=1
  TIER1 rest-coherence: worst=3.1deg bone[2]='bone_R-foreTwist2.mesh' count(>5deg)=0 freshRecap=0  xcheck(invOff-vs-restW) worst=3.1deg bone[2]
  TIER2 joint-attach(PRIMARY): worst=30.72u bone[22]='bone_L-index02.mesh' parent[27] R=40.9 exactJoint=0.02u pairs=36  (palette-wide exactWorst=5.86u)
[HANDS_ATTACH] mesh='hands_naked.mesh' owner='hands_naked.mesh' frame=2043 nb=38 wext=89.1 rebound=1
  TIER1 rest-coherence: worst=3.1deg bone[2]='bone_R-pinky03.mesh' count(>5deg)=0 freshRecap=0  xcheck(invOff-vs-restW) worst=3.1deg bone[2]
  TIER2 joint-attach(PRIMARY): worst=91.52u bone[13]='bone_R-hand.mesh' parent[5] R=49.3 exactJoint=0.01u pairs=30  (palette-wide exactWorst=8.95u)
[HANDS_ATTACH] mesh='hands_naked.mesh' owner='hands_naked.mesh' frame=2046 nb=40 wext=71.4 rebound=1
  TIER1 rest-coherence: worst=3.1deg bone[2]='bone_R-foreTwist2.mesh' count(>5deg)=0 freshRecap=0  xcheck(invOff-vs-restW) worst=3.1deg bone[2]
  TIER2 joint-attach(PRIMARY): worst=30.72u bone[22]='bone_L-index02.mesh' parent[27] R=40.9 exactJoint=0.02u pairs=36  (palette-wide exactWorst=5.86u)
[HANDS_ATTACH] mesh='hands_naked.mesh' owner='hands_naked.mesh' frame=2055 nb=38 wext=87.6 rebound=1
  TIER1 rest-coherence: worst=3.1deg bone[2]='bone_R-pinky03.mesh' count(>5deg)=0 freshRecap=0  xcheck(invOff-vs-restW) worst=3.1deg bone[2]
  TIER2 joint-attach(PRIMARY): worst=47.62u bone[4]='bone_R-middlefinger03.mesh' parent[11] R=45.9 exactJoint=7.02u pairs=30  (palette-wide exactWorst=7.63u)
[HANDS_ATTACH] mesh='hands_naked.mesh' owner='hands_naked.mesh' frame=2056 nb=40 wext=70.8 rebound=1
  TIER1 rest-coherence: worst=3.1deg bone[2]='bone_R-foreTwist2.mesh' count(>5deg)=0 freshRecap=0  xcheck(invOff-vs-restW) worst=3.1deg bone[2]
  TIER2 joint-attach(PRIMARY): worst=30.72u bone[22]='bone_L-index02.mesh' parent[27] R=40.9 exactJoint=0.02u pairs=36  (palette-wide exactWorst=5.86u)
[HANDS_ATTACH] mesh='hands_naked.mesh' owner='hands_naked.mesh' frame=2063 nb=38 wext=89.1 rebound=1
  TIER1 rest-coherence: worst=3.1deg bone[2]='bone_R-pinky03.mesh' count(>5deg)=0 freshRecap=0  xcheck(invOff-vs-restW) worst=3.1deg bone[2]
  TIER2 joint-attach(PRIMARY): worst=91.52u bone[13]='bone_R-hand.mesh' parent[5] R=49.3 exactJoint=0.01u pairs=30  (palette-wide exactWorst=8.95u)
[HANDS_ATTACH] mesh='hands_naked.mesh' owner='hands_naked.mesh' frame=2066 nb=40 wext=70.2 rebound=1
  TIER1 rest-coherence: worst=3.1deg bone[2]='bone_R-foreTwist2.mesh' count(>5deg)=0 freshRecap=0  xcheck(invOff-vs-restW) worst=3.1deg bone[2]
  TIER2 joint-attach(PRIMARY): worst=30.72u bone[22]='bone_L-index02.mesh' parent[27] R=40.9 exactJoint=0.02u pairs=36  (palette-wide exactWorst=5.86u)
[HANDS_ATTACH] mesh='hands_naked.mesh' owner='hands_naked.mesh' frame=2075 nb=38 wext=87.6 rebound=1
  TIER1 rest-coherence: worst=3.1deg bone[2]='bone_R-pinky03.mesh' count(>5deg)=0 freshRecap=0  xcheck(invOff-vs-restW) worst=3.1deg bone[2]
  TIER2 joint-attach(PRIMARY): worst=47.62u bone[4]='bone_R-middlefinger03.mesh' parent[11] R=45.9 exactJoint=7.02u pairs=30  (palette-wide exactWorst=7.63u)
[HANDS_ATTACH] mesh='hands_naked.mesh' owner='hands_naked.mesh' frame=2076 nb=40 wext=69.6 rebound=1
  TIER1 rest-coherence: worst=3.1deg bone[2]='bone_R-foreTwist2.mesh' count(>5deg)=0 freshRecap=0  xcheck(invOff-vs-restW) worst=3.1deg bone[2]
  TIER2 joint-attach(PRIMARY): worst=30.72u bone[22]='bone_L-index02.mesh' parent[27] R=40.9 exactJoint=0.02u pairs=36  (palette-wide exactWorst=5.86u)
[HANDS_ATTACH] mesh='hands_naked.mesh' owner='hands_naked.mesh' frame=2083 nb=38 wext=89.1 rebound=1
  TIER1 rest-coherence: worst=3.1deg bone[2]='bone_R-pinky03.mesh' count(>5deg)=0 freshRecap=0  xcheck(invOff-vs-restW) worst=3.1deg bone[2]
  TIER2 joint-attach(PRIMARY): worst=91.52u bone[13]='bone_R-hand.mesh' parent[5] R=49.3 exactJoint=0.01u pairs=30  (palette-wide exactWorst=8.95u)
[HANDS_ATTACH] mesh='hands_naked.mesh' owner='hands_naked.mesh' frame=2086 nb=40 wext=68.9 rebound=1
  TIER1 rest-coherence: worst=3.1deg bone[2]='bone_R-foreTwist2.mesh' count(>5deg)=0 freshRecap=0  xcheck(invOff-vs-restW) worst=3.1deg bone[2]
  TIER2 joint-attach(PRIMARY): worst=30.72u bone[22]='bone_L-index02.mesh' parent[27] R=40.9 exactJoint=0.02u pairs=36  (palette-wide exactWorst=5.86u)
[HANDS_ATTACH] mesh='hands_naked.mesh' owner='hands_naked.mesh' frame=2095 nb=38 wext=87.6 rebound=1
  TIER1 rest-coherence: worst=3.1deg bone[2]='bone_R-pinky03.mesh' count(>5deg)=0 freshRecap=0  xcheck(invOff-vs-restW) worst=3.1deg bone[2]
  TIER2 joint-attach(PRIMARY): worst=47.62u bone[4]='bone_R-middlefinger03.mesh' parent[11] R=45.9 exactJoint=7.02u pairs=30  (palette-wide exactWorst=7.63u)
[HANDS_ATTACH] mesh='hands_naked.mesh' owner='hands_naked.mesh' frame=2096 nb=40 wext=68.4 rebound=1
  TIER1 rest-coherence: worst=3.1deg bone[2]='bone_R-foreTwist2.mesh' count(>5deg)=0 freshRecap=0  xcheck(invOff-vs-restW) worst=3.1deg bone[2]
  TIER2 joint-attach(PRIMARY): worst=30.72u bone[22]='bone_L-index02.mesh' parent[27] R=40.9 exactJoint=0.02u pairs=36  (palette-wide exactWorst=5.86u)
[HANDS_ATTACH] mesh='hands_naked.mesh' owner='hands_naked.mesh' frame=2103 nb=38 wext=89.1 rebound=1
  TIER1 rest-coherence: worst=3.1deg bone[2]='bone_R-pinky03.mesh' count(>5deg)=0 freshRecap=0  xcheck(invOff-vs-restW) worst=3.1deg bone[2]
  TIER2 joint-attach(PRIMARY): worst=91.52u bone[13]='bone_R-hand.mesh' parent[5] R=49.3 exactJoint=0.01u pairs=30  (palette-wide exactWorst=8.95u)
[HANDS_ATTACH] mesh='hands_naked.mesh' owner='hands_naked.mesh' frame=2106 nb=40 wext=67.9 rebound=1
  TIER1 rest-coherence: worst=3.1deg bone[2]='bone_R-foreTwist2.mesh' count(>5deg)=0 freshRecap=0  xcheck(invOff-vs-restW) worst=3.1deg bone[2]
  TIER2 joint-attach(PRIMARY): worst=30.72u bone[22]='bone_L-index02.mesh' parent[27] R=40.9 exactJoint=0.02u pairs=36  (palette-wide exactWorst=5.86u)
[HANDS_ATTACH] mesh='hands_naked.mesh' owner='hands_naked.mesh' frame=2115 nb=38 wext=87.6 rebound=1
  TIER1 rest-coherence: worst=3.1deg bone[2]='bone_R-pinky03.mesh' count(>5deg)=0 freshRecap=0  xcheck(invOff-vs-restW) worst=3.1deg bone[2]
  TIER2 joint-attach(PRIMARY): worst=47.62u bone[4]='bone_R-middlefinger03.mesh' parent[11] R=45.9 exactJoint=7.02u pairs=30  (palette-wide exactWorst=7.63u)
[HANDS_ATTACH] mesh='hands_naked.mesh' owner='hands_naked.mesh' frame=2116 nb=40 wext=67.4 rebound=1
  TIER1 rest-coherence: worst=3.1deg bone[2]='bone_R-foreTwist2.mesh' count(>5deg)=0 freshRecap=0  xcheck(invOff-vs-restW) worst=3.1deg bone[2]
  TIER2 joint-attach(PRIMARY): worst=30.72u bone[22]='bone_L-index02.mesh' parent[27] R=40.9 exactJoint=0.02u pairs=36  (palette-wide exactWorst=5.86u)
[HANDS_ATTACH] mesh='hands_naked.mesh' owner='hands_naked.mesh' frame=2123 nb=38 wext=89.1 rebound=1
  TIER1 rest-coherence: worst=3.1deg bone[2]='bone_R-pinky03.mesh' count(>5deg)=0 freshRecap=0  xcheck(invOff-vs-restW) worst=3.1deg bone[2]
  TIER2 joint-attach(PRIMARY): worst=91.52u bone[13]='bone_R-hand.mesh' parent[5] R=49.3 exactJoint=0.01u pairs=30  (palette-wide exactWorst=8.95u)
[HANDS_ATTACH] mesh='hands_naked.mesh' owner='hands_naked.mesh' frame=2126 nb=40 wext=67.0 rebound=1
  TIER1 rest-coherence: worst=3.1deg bone[2]='bone_R-foreTwist2.mesh' count(>5deg)=0 freshRecap=0  xcheck(invOff-vs-restW) worst=3.1deg bone[2]
  TIER2 joint-attach(PRIMARY): worst=30.72u bone[22]='bone_L-index02.mesh' parent[27] R=40.9 exactJoint=0.02u pairs=36  (palette-wide exactWorst=5.86u)
[HANDS_ATTACH] mesh='hands_naked.mesh' owner='hands_naked.mesh' frame=2135 nb=38 wext=87.6 rebound=1
  TIER1 rest-coherence: worst=3.1deg bone[2]='bone_R-pinky03.mesh' count(>5deg)=0 freshRecap=0  xcheck(invOff-vs-restW) worst=3.1deg bone[2]
  TIER2 joint-attach(PRIMARY): worst=47.62u bone[4]='bone_R-middlefinger03.mesh' parent[11] R=45.9 exactJoint=7.02u pairs=30  (palette-wide exactWorst=7.63u)
[HANDS_ATTACH] mesh='hands_naked.mesh' owner='hands_naked.mesh' frame=2136 nb=40 wext=67.0 rebound=1
  TIER1 rest-coherence: worst=3.1deg bone[2]='bone_R-foreTwist2.mesh' count(>5deg)=0 freshRecap=0  xcheck(invOff-vs-restW) worst=3.1deg bone[2]
  TIER2 joint-attach(PRIMARY): worst=30.72u bone[22]='bone_L-index02.mesh' parent[27] R=40.9 exactJoint=0.02u pairs=36  (palette-wide exactWorst=5.86u)
[HANDS_ATTACH] mesh='hands_naked.mesh' owner='hands_naked.mesh' frame=2143 nb=38 wext=89.1 rebound=1
  TIER1 rest-coherence: worst=3.1deg bone[2]='bone_R-pinky03.mesh' count(>5deg)=0 freshRecap=0  xcheck(invOff-vs-restW) worst=3.1deg bone[2]
  TIER2 joint-attach(PRIMARY): worst=91.52u bone[13]='bone_R-hand.mesh' parent[5] R=49.3 exactJoint=0.01u pairs=30  (palette-wide exactWorst=8.95u)
[HANDS_ATTACH] mesh='hands_naked.mesh' owner='hands_naked.mesh' frame=2146 nb=40 wext=66.4 rebound=1
  TIER1 rest-coherence: worst=3.1deg bone[2]='bone_R-foreTwist2.mesh' count(>5deg)=0 freshRecap=0  xcheck(invOff-vs-restW) worst=3.1deg bone[2]
  TIER2 joint-attach(PRIMARY): worst=30.72u bone[22]='bone_L-index02.mesh' parent[27] R=40.9 exactJoint=0.02u pairs=36  (palette-wide exactWorst=5.86u)
[HANDS_ATTACH] mesh='hands_naked.mesh' owner='hands_naked.mesh' frame=2157 nb=38 wext=75.0 rebound=1
  TIER1 rest-coherence: worst=3.1deg bone[2]='bone_R-pinky03.mesh' count(>5deg)=0 freshRecap=0  xcheck(invOff-vs-restW) worst=3.1deg bone[2]
  TIER2 joint-attach(PRIMARY): worst=47.08u bone[13]='bone_R-hand.mesh' parent[5] R=49.3 exactJoint=0.34u pairs=30  (palette-wide exactWorst=4.19u)
[HANDS_ATTACH] mesh='hands_naked.mesh' owner='hands_naked.mesh' frame=2159 nb=40 wext=76.2 rebound=1
  TIER1 rest-coherence: worst=3.1deg bone[2]='bone_R-foreTwist2.mesh' count(>5deg)=0 freshRecap=0  xcheck(invOff-vs-restW) worst=3.1deg bone[2]
  TIER2 joint-attach(PRIMARY): worst=48.80u bone[22]='bone_L-index02.mesh' parent[27] R=40.9 exactJoint=0.06u pairs=36  (palette-wide exactWorst=6.65u)
[HANDS_ATTACH] mesh='hands_naked.mesh' owner='hands_naked.mesh' frame=2161 nb=38 wext=73.4 rebound=1
  TIER1 rest-coherence: worst=3.1deg bone[2]='bone_R-pinky03.mesh' count(>5deg)=0 freshRecap=0  xcheck(invOff-vs-restW) worst=3.1deg bone[2]
  TIER2 joint-attach(PRIMARY): worst=55.75u bone[32]='bone_L-ringfinger02.mesh' parent[27] R=46.7 exactJoint=6.95u pairs=30  (palette-wide exactWorst=7.25u)
[HANDS_ATTACH] mesh='hands_naked.mesh' owner='hands_naked.mesh' frame=2167 nb=38 wext=85.3 rebound=1
  TIER1 rest-coherence: worst=3.1deg bone[2]='bone_R-pinky03.mesh' count(>5deg)=0 freshRecap=0  xcheck(invOff-vs-restW) worst=3.1deg bone[2]
  TIER2 joint-attach(PRIMARY): worst=83.52u bone[17]='bone_R-ringfinger02.mesh' parent[15] R=46.7 exactJoint=0.00u pairs=30  (palette-wide exactWorst=7.26u)
[HANDS_ATTACH] mesh='hands_naked.mesh' owner='hands_naked.mesh' frame=2169 nb=40 wext=71.5 rebound=1
  TIER1 rest-coherence: worst=3.1deg bone[2]='bone_R-foreTwist2.mesh' count(>5deg)=0 freshRecap=0  xcheck(invOff-vs-restW) worst=3.1deg bone[2]
  TIER2 joint-attach(PRIMARY): worst=49.64u bone[22]='bone_L-index02.mesh' parent[27] R=40.9 exactJoint=0.02u pairs=36  (palette-wide exactWorst=6.58u)
[HANDS_ATTACH] mesh='hands_naked.mesh' owner='hands_naked.mesh' frame=2171 nb=38 wext=69.6 rebound=1
  TIER1 rest-coherence: worst=3.1deg bone[2]='bone_R-pinky03.mesh' count(>5deg)=0 freshRecap=0  xcheck(invOff-vs-restW) worst=3.1deg bone[2]
  TIER2 joint-attach(PRIMARY): worst=61.07u bone[3]='bone_R-index02.mesh' parent[8] R=47.0 exactJoint=2.23u pairs=30  (palette-wide exactWorst=8.34u)
[HANDS_ATTACH] mesh='hands_naked.mesh' owner='hands_naked.mesh' frame=2177 nb=38 wext=83.3 rebound=1
  TIER1 rest-coherence: worst=3.1deg bone[2]='bone_R-pinky03.mesh' count(>5deg)=0 freshRecap=0  xcheck(invOff-vs-restW) worst=3.1deg bone[2]
  TIER2 joint-attach(PRIMARY): worst=83.52u bone[17]='bone_R-ringfinger02.mesh' parent[15] R=46.7 exactJoint=0.00u pairs=30  (palette-wide exactWorst=7.26u)
[HANDS_ATTACH] mesh='hands_naked.mesh' owner='hands_naked.mesh' frame=2179 nb=40 wext=71.1 rebound=1
  TIER1 rest-coherence: worst=3.1deg bone[2]='bone_R-foreTwist2.mesh' count(>5deg)=0 freshRecap=0  xcheck(invOff-vs-restW) worst=3.1deg bone[2]
  TIER2 joint-attach(PRIMARY): worst=49.97u bone[22]='bone_L-index02.mesh' parent[27] R=40.9 exactJoint=0.02u pairs=36  (palette-wide exactWorst=6.56u)
[HANDS_ATTACH] mesh='hands_naked.mesh' owner='hands_naked.mesh' frame=2181 nb=38 wext=68.0 rebound=1
  TIER1 rest-coherence: worst=3.1deg bone[2]='bone_R-pinky03.mesh' count(>5deg)=0 freshRecap=0  xcheck(invOff-vs-restW) worst=3.1deg bone[2]
  TIER2 joint-attach(PRIMARY): worst=80.67u bone[3]='bone_R-index02.mesh' parent[8] R=47.0 exactJoint=0.01u pairs=30  (palette-wide exactWorst=8.67u)
[HANDS_ATTACH] mesh='hands_naked.mesh' owner='hands_naked.mesh' frame=2187 nb=38 wext=85.9 rebound=1
  TIER1 rest-coherence: worst=3.1deg bone[2]='bone_R-pinky03.mesh' count(>5deg)=0 freshRecap=0  xcheck(invOff-vs-restW) worst=3.1deg bone[2]
  TIER2 joint-attach(PRIMARY): worst=83.52u bone[17]='bone_R-ringfinger02.mesh' parent[15] R=46.7 exactJoint=0.00u pairs=30  (palette-wide exactWorst=7.26u)
[HANDS_ATTACH] mesh='hands_naked.mesh' owner='hands_naked.mesh' frame=2189 nb=40 wext=67.7 rebound=1
  TIER1 rest-coherence: worst=3.1deg bone[2]='bone_R-foreTwist2.mesh' count(>5deg)=0 freshRecap=0  xcheck(invOff-vs-restW) worst=3.1deg bone[2]
  TIER2 joint-attach(PRIMARY): worst=50.12u bone[22]='bone_L-index02.mesh' parent[27] R=40.9 exactJoint=0.02u pairs=36  (palette-wide exactWorst=6.54u)
[HANDS_ATTACH] mesh='hands_naked.mesh' owner='hands_naked.mesh' frame=2191 nb=38 wext=77.3 rebound=1
  TIER1 rest-coherence: worst=3.1deg bone[2]='bone_R-pinky03.mesh' count(>5deg)=0 freshRecap=0  xcheck(invOff-vs-restW) worst=3.1deg bone[2]
  TIER2 joint-attach(PRIMARY): worst=92.67u bone[11]='bone_R-middlefinger02.mesh' parent[1] R=46.8 exactJoint=4.15u pairs=30  (palette-wide exactWorst=7.90u)
[HANDS_ATTACH] mesh='hands_naked.mesh' owner='hands_naked.mesh' frame=2197 nb=38 wext=85.2 rebound=1
  TIER1 rest-coherence: worst=3.1deg bone[2]='bone_R-pinky03.mesh' count(>5deg)=0 freshRecap=0  xcheck(invOff-vs-restW) worst=3.1deg bone[2]
  TIER2 joint-attach(PRIMARY): worst=83.56u bone[17]='bone_R-ringfinger02.mesh' parent[15] R=46.7 exactJoint=0.00u pairs=30  (palette-wide exactWorst=7.26u)
[HANDS_ATTACH] mesh='hands_naked.mesh' owner='hands_naked.mesh' frame=2199 nb=40 wext=63.1 rebound=1
  TIER1 rest-coherence: worst=3.1deg bone[2]='bone_R-foreTwist2.mesh' count(>5deg)=0 freshRecap=0  xcheck(invOff-vs-restW) worst=3.1deg bone[2]
  TIER2 joint-attach(PRIMARY): worst=49.78u bone[22]='bone_L-index02.mesh' parent[27] R=40.9 exactJoint=0.02u pairs=36  (palette-wide exactWorst=6.56u)
[HANDS_ATTACH] mesh='hands_naked.mesh' owner='hands_naked.mesh' frame=2201 nb=38 wext=71.1 rebound=1
  TIER1 rest-coherence: worst=3.1deg bone[2]='bone_R-pinky03.mesh' count(>5deg)=0 freshRecap=0  xcheck(invOff-vs-restW) worst=3.1deg bone[2]
  TIER2 joint-attach(PRIMARY): worst=82.58u bone[3]='bone_R-index02.mesh' parent[8] R=47.0 exactJoint=0.01u pairs=30  (palette-wide exactWorst=8.49u)
[HANDS_ATTACH] mesh='hands_naked.mesh' owner='hands_naked.mesh' frame=2207 nb=38 wext=80.9 rebound=1
  TIER1 rest-coherence: worst=3.1deg bone[2]='bone_R-pinky03.mesh' count(>5deg)=0 freshRecap=0  xcheck(invOff-vs-restW) worst=3.1deg bone[2]
  TIER2 joint-attach(PRIMARY): worst=83.56u bone[17]='bone_R-ringfinger02.mesh' parent[15] R=46.7 exactJoint=0.00u pairs=30  (palette-wide exactWorst=7.26u)
[HANDS_ATTACH] mesh='hands_naked.mesh' owner='hands_naked.mesh' frame=2209 nb=40 wext=65.5 rebound=1
  TIER1 rest-coherence: worst=3.1deg bone[2]='bone_R-foreTwist2.mesh' count(>5deg)=0 freshRecap=0  xcheck(invOff-vs-restW) worst=3.1deg bone[2]
  TIER2 joint-attach(PRIMARY): worst=50.15u bone[22]='bone_L-index02.mesh' parent[27] R=40.9 exactJoint=0.02u pairs=36  (palette-wide exactWorst=6.54u)
[HANDS_ATTACH] mesh='hands_naked.mesh' owner='hands_naked.mesh' frame=2211 nb=38 wext=71.9 rebound=1
  TIER1 rest-coherence: worst=3.1deg bone[2]='bone_R-pinky03.mesh' count(>5deg)=0 freshRecap=0  xcheck(invOff-vs-restW) worst=3.1deg bone[2]
  TIER2 joint-attach(PRIMARY): worst=68.44u bone[3]='bone_R-index02.mesh' parent[8] R=47.0 exactJoint=3.88u pairs=30  (palette-wide exactWorst=8.67u)
[HANDS_ATTACH] mesh='hands_naked.mesh' owner='hands_naked.mesh' frame=2217 nb=38 wext=79.4 rebound=1
  TIER1 rest-coherence: worst=3.1deg bone[2]='bone_R-pinky03.mesh' count(>5deg)=0 freshRecap=0  xcheck(invOff-vs-restW) worst=3.1deg bone[2]
  TIER2 joint-attach(PRIMARY): worst=83.60u bone[17]='bone_R-ringfinger02.mesh' parent[15] R=46.7 exactJoint=0.00u pairs=30  (palette-wide exactWorst=7.43u)
[HANDS_ATTACH] mesh='hands_naked.mesh' owner='hands_naked.mesh' frame=2219 nb=40 wext=74.3 rebound=1
  TIER1 rest-coherence: worst=3.1deg bone[2]='bone_R-foreTwist2.mesh' count(>5deg)=0 freshRecap=0  xcheck(invOff-vs-restW) worst=3.1deg bone[2]
  TIER2 joint-attach(PRIMARY): worst=48.65u bone[22]='bone_L-index02.mesh' parent[27] R=40.9 exactJoint=0.13u pairs=36  (palette-wide exactWorst=6.66u)
[HANDS_ATTACH] mesh='hands_naked.mesh' owner='hands_naked.mesh' frame=2221 nb=38 wext=65.8 rebound=1
  TIER1 rest-coherence: worst=3.1deg bone[2]='bone_R-pinky03.mesh' count(>5deg)=0 freshRecap=0  xcheck(invOff-vs-restW) worst=3.1deg bone[2]
  TIER2 joint-attach(PRIMARY): worst=64.03u bone[3]='bone_R-index02.mesh' parent[8] R=47.0 exactJoint=5.05u pairs=30  (palette-wide exactWorst=8.37u)
[HANDS_ATTACH] mesh='hands_naked.mesh' owner='hands_naked.mesh' frame=2227 nb=38 wext=82.5 rebound=1
  TIER1 rest-coherence: worst=3.1deg bone[2]='bone_R-pinky03.mesh' count(>5deg)=0 freshRecap=0  xcheck(invOff-vs-restW) worst=3.1deg bone[2]
  TIER2 joint-attach(PRIMARY): worst=83.60u bone[17]='bone_R-ringfinger02.mesh' parent[15] R=46.7 exactJoint=0.00u pairs=30  (palette-wide exactWorst=7.26u)
[HANDS_ATTACH] mesh='hands_naked.mesh' owner='hands_naked.mesh' frame=2229 nb=40 wext=76.2 rebound=1
  TIER1 rest-coherence: worst=3.1deg bone[2]='bone_R-foreTwist2.mesh' count(>5deg)=0 freshRecap=0  xcheck(invOff-vs-restW) worst=3.1deg bone[2]
  TIER2 joint-attach(PRIMARY): worst=49.52u bone[22]='bone_L-index02.mesh' parent[27] R=40.9 exactJoint=0.02u pairs=36  (palette-wide exactWorst=6.59u)
[HANDS_ATTACH] mesh='hands_naked.mesh' owner='hands_naked.mesh' frame=2231 nb=38 wext=71.8 rebound=1
  TIER1 rest-coherence: worst=3.1deg bone[2]='bone_R-pinky03.mesh' count(>5deg)=0 freshRecap=0  xcheck(invOff-vs-restW) worst=3.1deg bone[2]
  TIER2 joint-attach(PRIMARY): worst=65.85u bone[18]='bone_R-pinky02.mesh' parent[14] R=46.7 exactJoint=0.01u pairs=30  (palette-wide exactWorst=8.75u)
[HANDS_ATTACH] mesh='hands_naked.mesh' owner='hands_naked.mesh' frame=2237 nb=38 wext=74.5 rebound=1
  TIER1 rest-coherence: worst=3.1deg bone[2]='bone_R-pinky03.mesh' count(>5deg)=0 freshRecap=0  xcheck(invOff-vs-restW) worst=3.1deg bone[2]
  TIER2 joint-attach(PRIMARY): worst=83.56u bone[17]='bone_R-ringfinger02.mesh' parent[15] R=46.7 exactJoint=0.00u pairs=30  (palette-wide exactWorst=8.03u)
[HANDS_ATTACH] mesh='hands_naked.mesh' owner='hands_naked.mesh' frame=2239 nb=40 wext=60.1 rebound=1
  TIER1 rest-coherence: worst=3.1deg bone[2]='bone_R-foreTwist2.mesh' count(>5deg)=0 freshRecap=0  xcheck(invOff-vs-restW) worst=3.1deg bone[2]
  TIER2 joint-attach(PRIMARY): worst=85.33u bone[13]='bone_R-pinky03.mesh' parent[9] R=40.5 exactJoint=1.07u pairs=36  (palette-wide exactWorst=8.87u)
[HANDS_ATTACH] mesh='hands_naked.mesh' owner='hands_naked.mesh' frame=2241 nb=38 wext=70.4 rebound=1
  TIER1 rest-coherence: worst=3.1deg bone[2]='bone_R-pinky03.mesh' count(>5deg)=0 freshRecap=0  xcheck(invOff-vs-restW) worst=3.1deg bone[2]
  TIER2 joint-attach(PRIMARY): worst=61.98u bone[3]='bone_R-index02.mesh' parent[8] R=47.0 exactJoint=5.86u pairs=30  (palette-wide exactWorst=8.72u)
[HANDS_ATTACH] mesh='hands_naked.mesh' owner='hands_naked.mesh' frame=2247 nb=38 wext=72.3 rebound=1
  TIER1 rest-coherence: worst=3.1deg bone[2]='bone_R-pinky03.mesh' count(>5deg)=0 freshRecap=0  xcheck(invOff-vs-restW) worst=3.1deg bone[2]
  TIER2 joint-attach(PRIMARY): worst=83.56u bone[17]='bone_R-ringfinger02.mesh' parent[15] R=46.7 exactJoint=0.00u pairs=30  (palette-wide exactWorst=7.26u)
[HANDS_ATTACH] mesh='hands_naked.mesh' owner='hands_naked.mesh' frame=2249 nb=40 wext=54.8 rebound=1
  TIER1 rest-coherence: worst=3.1deg bone[2]='bone_R-foreTwist2.mesh' count(>5deg)=0 freshRecap=0  xcheck(invOff-vs-restW) worst=3.1deg bone[2]
  TIER2 joint-attach(PRIMARY): worst=81.12u bone[13]='bone_R-pinky03.mesh' parent[9] R=40.5 exactJoint=1.67u pairs=36  (palette-wide exactWorst=8.83u)
[HANDS_ATTACH] mesh='hands_naked.mesh' owner='hands_naked.mesh' frame=2251 nb=38 wext=62.8 rebound=1
  TIER1 rest-coherence: worst=3.1deg bone[2]='bone_R-pinky03.mesh' count(>5deg)=0 freshRecap=0  xcheck(invOff-vs-restW) worst=3.1deg bone[2]
  TIER2 joint-attach(PRIMARY): worst=60.92u bone[3]='bone_R-index02.mesh' parent[8] R=47.0 exactJoint=6.23u pairs=30  (palette-wide exactWorst=8.61u)
[HANDS_ATTACH] mesh='hands_naked.mesh' owner='hands_naked.mesh' frame=2257 nb=38 wext=84.5 rebound=1
  TIER1 rest-coherence: worst=3.1deg bone[2]='bone_R-pinky03.mesh' count(>5deg)=0 freshRecap=0  xcheck(invOff-vs-restW) worst=3.1deg bone[2]
  TIER2 joint-attach(PRIMARY): worst=83.48u bone[17]='bone_R-ringfinger02.mesh' parent[15] R=46.7 exactJoint=0.00u pairs=30  (palette-wide exactWorst=8.22u)
[HANDS_ATTACH] mesh='hands_naked.mesh' owner='hands_naked.mesh' frame=2259 nb=40 wext=68.3 rebound=1
  TIER1 rest-coherence: worst=3.1deg bone[2]='bone_R-foreTwist2.mesh' count(>5deg)=0 freshRecap=0  xcheck(invOff-vs-restW) worst=3.1deg bone[2]
  TIER2 joint-attach(PRIMARY): worst=81.00u bone[13]='bone_R-pinky03.mesh' parent[9] R=40.5 exactJoint=1.70u pairs=36  (palette-wide exactWorst=8.83u)
[HANDS_ATTACH] mesh='hands_naked.mesh' owner='hands_naked.mesh' frame=2261 nb=38 wext=60.7 rebound=1
  TIER1 rest-coherence: worst=3.1deg bone[2]='bone_R-pinky03.mesh' count(>5deg)=0 freshRecap=0  xcheck(invOff-vs-restW) worst=3.1deg bone[2]
  TIER2 joint-attach(PRIMARY): worst=72.74u bone[3]='bone_R-index02.mesh' parent[8] R=47.0 exactJoint=4.03u pairs=30  (palette-wide exactWorst=8.26u)
[HANDS_ATTACH] mesh='hands_naked.mesh' owner='hands_naked.mesh' frame=2267 nb=38 wext=78.2 rebound=1
  TIER1 rest-coherence: worst=3.1deg bone[2]='bone_R-pinky03.mesh' count(>5deg)=0 freshRecap=0  xcheck(invOff-vs-restW) worst=3.1deg bone[2]
  TIER2 joint-attach(PRIMARY): worst=67.98u bone[11]='bone_R-middlefinger02.mesh' parent[1] R=46.8 exactJoint=0.01u pairs=30  (palette-wide exactWorst=8.10u)
[HANDS_ATTACH] mesh='hands_naked.mesh' owner='hands_naked.mesh' frame=2269 nb=40 wext=64.9 rebound=1
  TIER1 rest-coherence: worst=3.1deg bone[2]='bone_R-foreTwist2.mesh' count(>5deg)=0 freshRecap=0  xcheck(invOff-vs-restW) worst=3.1deg bone[2]
  TIER2 joint-attach(PRIMARY): worst=81.61u bone[13]='bone_R-pinky03.mesh' parent[9] R=40.5 exactJoint=1.62u pairs=36  (palette-wide exactWorst=8.82u)
[HANDS_ATTACH] mesh='hands_naked.mesh' owner='hands_naked.mesh' frame=2271 nb=38 wext=64.1 rebound=1
  TIER1 rest-coherence: worst=3.1deg bone[2]='bone_R-pinky03.mesh' count(>5deg)=0 freshRecap=0  xcheck(invOff-vs-restW) worst=3.1deg bone[2]
  TIER2 joint-attach(PRIMARY): worst=70.77u bone[13]='bone_R-hand.mesh' parent[5] R=49.3 exactJoint=0.01u pairs=30  (palette-wide exactWorst=7.99u)
[HANDS_ATTACH] mesh='hands_naked.mesh' owner='hands_naked.mesh' frame=2277 nb=38 wext=76.5 rebound=1
  TIER1 rest-coherence: worst=3.1deg bone[2]='bone_R-pinky03.mesh' count(>5deg)=0 freshRecap=0  xcheck(invOff-vs-restW) worst=3.1deg bone[2]
  TIER2 joint-attach(PRIMARY): worst=66.98u bone[11]='bone_R-middlefinger02.mesh' parent[1] R=46.8 exactJoint=0.01u pairs=30  (palette-wide exactWorst=8.18u)
[HANDS_ATTACH] mesh='hands_naked.mesh' owner='hands_naked.mesh' frame=2279 nb=40 wext=58.8 rebound=1
  TIER1 rest-coherence: worst=3.1deg bone[2]='bone_R-foreTwist2.mesh' count(>5deg)=0 freshRecap=0  xcheck(invOff-vs-restW) worst=3.1deg bone[2]
  TIER2 joint-attach(PRIMARY): worst=81.20u bone[13]='bone_R-pinky03.mesh' parent[9] R=40.5 exactJoint=1.67u pairs=36  (palette-wide exactWorst=8.84u)
[HANDS_ATTACH] mesh='hands_naked.mesh' owner='hands_naked.mesh' frame=2281 nb=38 wext=67.2 rebound=1
  TIER1 rest-coherence: worst=3.1deg bone[2]='bone_R-pinky03.mesh' count(>5deg)=0 freshRecap=0  xcheck(invOff-vs-restW) worst=3.1deg bone[2]
  TIER2 joint-attach(PRIMARY): worst=87.41u bone[13]='bone_R-hand.mesh' parent[5] R=49.3 exactJoint=0.01u pairs=30  (palette-wide exactWorst=8.85u)
[HANDS_ATTACH] mesh='hands_naked.mesh' owner='hands_naked.mesh' frame=2287 nb=38 wext=77.7 rebound=1
  TIER1 rest-coherence: worst=3.1deg bone[2]='bone_R-pinky03.mesh' count(>5deg)=0 freshRecap=0  xcheck(invOff-vs-restW) worst=3.1deg bone[2]
  TIER2 joint-attach(PRIMARY): worst=88.98u bone[17]='bone_R-ringfinger02.mesh' parent[15] R=46.7 exactJoint=0.00u pairs=30  (palette-wide exactWorst=7.76u)
[HANDS_ATTACH] mesh='hands_naked.mesh' owner='hands_naked.mesh' frame=2289 nb=40 wext=50.4 rebound=1
  TIER1 rest-coherence: worst=3.1deg bone[2]='bone_R-foreTwist2.mesh' count(>5deg)=0 freshRecap=0  xcheck(invOff-vs-restW) worst=3.1deg bone[2]
  TIER2 joint-attach(PRIMARY): worst=81.62u bone[13]='bone_R-pinky03.mesh' parent[9] R=40.5 exactJoint=1.60u pairs=36  (palette-wide exactWorst=8.83u)
[HANDS_ATTACH] mesh='hands_naked.mesh' owner='hands_naked.mesh' frame=2291 nb=38 wext=64.9 rebound=1
  TIER1 rest-coherence: worst=3.1deg bone[2]='bone_R-pinky03.mesh' count(>5deg)=0 freshRecap=0  xcheck(invOff-vs-restW) worst=3.1deg bone[2]
  TIER2 joint-attach(PRIMARY): worst=63.50u bone[13]='bone_R-hand.mesh' parent[5] R=49.3 exactJoint=0.01u pairs=30  (palette-wide exactWorst=8.51u)
[HANDS_ATTACH] mesh='hands_naked.mesh' owner='hands_naked.mesh' frame=2297 nb=38 wext=83.4 rebound=1
  TIER1 rest-coherence: worst=3.1deg bone[2]='bone_R-pinky03.mesh' count(>5deg)=0 freshRecap=0  xcheck(invOff-vs-restW) worst=3.1deg bone[2]
  TIER2 joint-attach(PRIMARY): worst=88.92u bone[17]='bone_R-ringfinger02.mesh' parent[15] R=46.7 exactJoint=0.00u pairs=30  (palette-wide exactWorst=8.90u)
[HANDS_ATTACH] mesh='hands_naked.mesh' owner='hands_naked.mesh' frame=2299 nb=40 wext=50.2 rebound=1
  TIER1 rest-coherence: worst=3.1deg bone[2]='bone_R-foreTwist2.mesh' count(>5deg)=0 freshRecap=0  xcheck(invOff-vs-restW) worst=3.1deg bone[2]
  TIER2 joint-attach(PRIMARY): worst=80.86u bone[13]='bone_R-pinky03.mesh' parent[9] R=40.5 exactJoint=1.75u pairs=36  (palette-wide exactWorst=8.84u)
[HANDS_ATTACH] mesh='hands_naked.mesh' owner='hands_naked.mesh' frame=2301 nb=38 wext=60.7 rebound=1
  TIER1 rest-coherence: worst=3.1deg bone[2]='bone_R-pinky03.mesh' count(>5deg)=0 freshRecap=0  xcheck(invOff-vs-restW) worst=3.1deg bone[2]
  TIER2 joint-attach(PRIMARY): worst=70.59u bone[13]='bone_R-hand.mesh' parent[5] R=49.3 exactJoint=0.01u pairs=30  (palette-wide exactWorst=8.66u)
[HANDS_ATTACH] mesh='hands_naked.mesh' owner='hands_naked.mesh' frame=2307 nb=38 wext=81.9 rebound=1
  TIER1 rest-coherence: worst=3.1deg bone[2]='bone_R-pinky03.mesh' count(>5deg)=0 freshRecap=0  xcheck(invOff-vs-restW) worst=3.1deg bone[2]
  TIER2 joint-attach(PRIMARY): worst=88.87u bone[17]='bone_R-ringfinger02.mesh' parent[15] R=46.7 exactJoint=0.00u pairs=30  (palette-wide exactWorst=7.34u)
[HANDS_ATTACH] mesh='hands_naked.mesh' owner='hands_naked.mesh' frame=2309 nb=40 wext=51.8 rebound=1
  TIER1 rest-coherence: worst=3.1deg bone[2]='bone_R-foreTwist2.mesh' count(>5deg)=0 freshRecap=0  xcheck(invOff-vs-restW) worst=3.1deg bone[2]
  TIER2 joint-attach(PRIMARY): worst=81.28u bone[13]='bone_R-pinky03.mesh' parent[9] R=40.5 exactJoint=1.67u pairs=36  (palette-wide exactWorst=8.83u)
[HANDS_ATTACH] mesh='hands_naked.mesh' owner='hands_naked.mesh' frame=2311 nb=38 wext=61.2 rebound=1
  TIER1 rest-coherence: worst=3.1deg bone[2]='bone_R-pinky03.mesh' count(>5deg)=0 freshRecap=0  xcheck(invOff-vs-restW) worst=3.1deg bone[2]
  TIER2 joint-attach(PRIMARY): worst=67.33u bone[13]='bone_R-hand.mesh' parent[5] R=49.3 exactJoint=0.01u pairs=30  (palette-wide exactWorst=8.62u)
[HANDS_ATTACH] mesh='hands_naked.mesh' owner='hands_naked.mesh' frame=2317 nb=38 wext=86.0 rebound=1
  TIER1 rest-coherence: worst=3.1deg bone[2]='bone_R-pinky03.mesh' count(>5deg)=0 freshRecap=0  xcheck(invOff-vs-restW) worst=3.1deg bone[2]
  TIER2 joint-attach(PRIMARY): worst=88.87u bone[17]='bone_R-ringfinger02.mesh' parent[15] R=46.7 exactJoint=0.00u pairs=30  (palette-wide exactWorst=7.34u)
[HANDS_ATTACH] mesh='hands_naked.mesh' owner='hands_naked.mesh' frame=2319 nb=40 wext=52.3 rebound=1
  TIER1 rest-coherence: worst=3.1deg bone[2]='bone_R-foreTwist2.mesh' count(>5deg)=0 freshRecap=0  xcheck(invOff-vs-restW) worst=3.1deg bone[2]
  TIER2 joint-attach(PRIMARY): worst=80.70u bone[13]='bone_R-pinky03.mesh' parent[9] R=40.5 exactJoint=1.76u pairs=36  (palette-wide exactWorst=8.84u)
[HANDS_ATTACH] mesh='hands_naked.mesh' owner='hands_naked.mesh' frame=2321 nb=38 wext=56.3 rebound=1
  TIER1 rest-coherence: worst=3.1deg bone[2]='bone_R-pinky03.mesh' count(>5deg)=0 freshRecap=0  xcheck(invOff-vs-restW) worst=3.1deg bone[2]
  TIER2 joint-attach(PRIMARY): worst=68.59u bone[13]='bone_R-hand.mesh' parent[5] R=49.3 exactJoint=0.01u pairs=30  (palette-wide exactWorst=7.99u)
[HANDS_ATTACH] mesh='hands_naked.mesh' owner='hands_naked.mesh' frame=2327 nb=38 wext=89.4 rebound=1
  TIER1 rest-coherence: worst=3.1deg bone[2]='bone_R-pinky03.mesh' count(>5deg)=0 freshRecap=0  xcheck(invOff-vs-restW) worst=3.1deg bone[2]
  TIER2 joint-attach(PRIMARY): worst=88.87u bone[17]='bone_R-ringfinger02.mesh' parent[15] R=46.7 exactJoint=0.00u pairs=30  (palette-wide exactWorst=7.34u)
[HANDS_ATTACH] mesh='hands_naked.mesh' owner='hands_naked.mesh' frame=2329 nb=40 wext=63.8 rebound=1
  TIER1 rest-coherence: worst=3.1deg bone[2]='bone_R-foreTwist2.mesh' count(>5deg)=0 freshRecap=0  xcheck(invOff-vs-restW) worst=3.1deg bone[2]
  TIER2 joint-attach(PRIMARY): worst=81.28u bone[13]='bone_R-pinky03.mesh' parent[9] R=40.5 exactJoint=1.66u pairs=36  (palette-wide exactWorst=8.83u)
[HANDS_ATTACH] mesh='hands_naked.mesh' owner='hands_naked.mesh' frame=2331 nb=38 wext=59.0 rebound=1
  TIER1 rest-coherence: worst=3.1deg bone[2]='bone_R-pinky03.mesh' count(>5deg)=0 freshRecap=0  xcheck(invOff-vs-restW) worst=3.1deg bone[2]
  TIER2 joint-attach(PRIMARY): worst=89.35u bone[13]='bone_R-hand.mesh' parent[5] R=49.3 exactJoint=0.01u pairs=30  (palette-wide exactWorst=8.67u)
[HANDS_ATTACH] mesh='hands_naked.mesh' owner='hands_naked.mesh' frame=2337 nb=38 wext=90.3 rebound=1
  TIER1 rest-coherence: worst=3.1deg bone[2]='bone_R-pinky03.mesh' count(>5deg)=0 freshRecap=0  xcheck(invOff-vs-restW) worst=3.1deg bone[2]
  TIER2 joint-attach(PRIMARY): worst=88.90u bone[17]='bone_R-ringfinger02.mesh' parent[15] R=46.7 exactJoint=0.00u pairs=30  (palette-wide exactWorst=7.34u)
[HANDS_ATTACH] mesh='hands_naked.mesh' owner='hands_naked.mesh' frame=2339 nb=40 wext=47.6 rebound=1
  TIER1 rest-coherence: worst=3.1deg bone[2]='bone_R-foreTwist2.mesh' count(>5deg)=0 freshRecap=0  xcheck(invOff-vs-restW) worst=3.1deg bone[2]
  TIER2 joint-attach(PRIMARY): worst=80.38u bone[13]='bone_R-pinky03.mesh' parent[9] R=40.5 exactJoint=1.81u pairs=36  (palette-wide exactWorst=8.84u)
[HANDS_ATTACH] mesh='hands_naked.mesh' owner='hands_naked.mesh' frame=2341 nb=38 wext=61.7 rebound=1
  TIER1 rest-coherence: worst=3.1deg bone[2]='bone_R-pinky03.mesh' count(>5deg)=0 freshRecap=0  xcheck(invOff-vs-restW) worst=3.1deg bone[2]
  TIER2 joint-attach(PRIMARY): worst=84.04u bone[13]='bone_R-hand.mesh' parent[5] R=49.3 exactJoint=0.01u pairs=30  (palette-wide exactWorst=8.78u)
[HANDS_ATTACH] mesh='hands_naked.mesh' owner='hands_naked.mesh' frame=2347 nb=38 wext=96.3 rebound=1
  TIER1 rest-coherence: worst=3.1deg bone[2]='bone_R-pinky03.mesh' count(>5deg)=0 freshRecap=0  xcheck(invOff-vs-restW) worst=3.1deg bone[2]
  TIER2 joint-attach(PRIMARY): worst=88.90u bone[17]='bone_R-ringfinger02.mesh' parent[15] R=46.7 exactJoint=0.00u pairs=30  (palette-wide exactWorst=7.34u)
[HANDS_ATTACH] mesh='hands_naked.mesh' owner='hands_naked.mesh' frame=2349 nb=40 wext=59.8 rebound=1
  TIER1 rest-coherence: worst=3.1deg bone[2]='bone_R-foreTwist2.mesh' count(>5deg)=0 freshRecap=0  xcheck(invOff-vs-restW) worst=3.1deg bone[2]
  TIER2 joint-attach(PRIMARY): worst=81.12u bone[13]='bone_R-pinky03.mesh' parent[9] R=40.5 exactJoint=1.69u pairs=36  (palette-wide exactWorst=8.84u)
[HANDS_ATTACH] mesh='hands_naked.mesh' owner='hands_naked.mesh' frame=2351 nb=38 wext=65.4 rebound=1
  TIER1 rest-coherence: worst=3.1deg bone[2]='bone_R-pinky03.mesh' count(>5deg)=0 freshRecap=0  xcheck(invOff-vs-restW) worst=3.1deg bone[2]
  TIER2 joint-attach(PRIMARY): worst=59.29u bone[26]='bone_L-middlefinger02.mesh' parent[23] R=46.8 exactJoint=4.60u pairs=30  (palette-wide exactWorst=8.91u)
[HANDS_ATTACH] mesh='hands_naked.mesh' owner='hands_naked.mesh' frame=2357 nb=38 wext=94.0 rebound=1
  TIER1 rest-coherence: worst=3.1deg bone[2]='bone_R-pinky03.mesh' count(>5deg)=0 freshRecap=0  xcheck(invOff-vs-restW) worst=3.1deg bone[2]
  TIER2 joint-attach(PRIMARY): worst=88.90u bone[17]='bone_R-ringfinger02.mesh' parent[15] R=46.7 exactJoint=0.00u pairs=30  (palette-wide exactWorst=7.34u)
[HANDS_ATTACH] mesh='hands_naked.mesh' owner='hands_naked.mesh' frame=2359 nb=40 wext=41.3 rebound=1
  TIER1 rest-coherence: worst=3.1deg bone[2]='bone_R-foreTwist2.mesh' count(>5deg)=0 freshRecap=0  xcheck(invOff-vs-restW) worst=3.1deg bone[2]
  TIER2 joint-attach(PRIMARY): worst=80.39u bone[13]='bone_R-pinky03.mesh' parent[9] R=40.5 exactJoint=1.81u pairs=36  (palette-wide exactWorst=8.83u)
[HANDS_ATTACH] mesh='hands_naked.mesh' owner='hands_naked.mesh' frame=2361 nb=38 wext=71.3 rebound=1
  TIER1 rest-coherence: worst=3.1deg bone[2]='bone_R-pinky03.mesh' count(>5deg)=0 freshRecap=0  xcheck(invOff-vs-restW) worst=3.1deg bone[2]
  TIER2 joint-attach(PRIMARY): worst=61.57u bone[17]='bone_R-ringfinger02.mesh' parent[15] R=46.7 exactJoint=1.33u pairs=30  (palette-wide exactWorst=7.99u)
[HANDS_ATTACH] mesh='hands_naked.mesh' owner='hands_naked.mesh' frame=2367 nb=38 wext=92.0 rebound=1
  TIER1 rest-coherence: worst=3.1deg bone[2]='bone_R-pinky03.mesh' count(>5deg)=0 freshRecap=0  xcheck(invOff-vs-restW) worst=3.1deg bone[2]
  TIER2 joint-attach(PRIMARY): worst=88.90u bone[17]='bone_R-ringfinger02.mesh' parent[15] R=46.7 exactJoint=0.00u pairs=30  (palette-wide exactWorst=7.34u)
[HANDS_ATTACH] mesh='hands_naked.mesh' owner='hands_naked.mesh' frame=2369 nb=40 wext=57.5 rebound=1
  TIER1 rest-coherence: worst=3.1deg bone[2]='bone_R-foreTwist2.mesh' count(>5deg)=0 freshRecap=0  xcheck(invOff-vs-restW) worst=3.1deg bone[2]
  TIER2 joint-attach(PRIMARY): worst=80.65u bone[13]='bone_R-pinky03.mesh' parent[9] R=40.5 exactJoint=1.76u pairs=36  (palette-wide exactWorst=8.84u)
[HANDS_ATTACH] mesh='hands_naked.mesh' owner='hands_naked.mesh' frame=2371 nb=38 wext=70.8 rebound=1
  TIER1 rest-coherence: worst=3.1deg bone[2]='bone_R-pinky03.mesh' count(>5deg)=0 freshRecap=0  xcheck(invOff-vs-restW) worst=3.1deg bone[2]
  TIER2 joint-attach(PRIMARY): worst=67.53u bone[17]='bone_R-ringfinger02.mesh' parent[15] R=46.7 exactJoint=0.00u pairs=30  (palette-wide exactWorst=7.99u)
[HANDS_ATTACH] mesh='hands_naked.mesh' owner='hands_naked.mesh' frame=2377 nb=38 wext=90.6 rebound=1
  TIER1 rest-coherence: worst=3.1deg bone[2]='bone_R-pinky03.mesh' count(>5deg)=0 freshRecap=0  xcheck(invOff-vs-restW) worst=3.1deg bone[2]
  TIER2 joint-attach(PRIMARY): worst=88.90u bone[17]='bone_R-ringfinger02.mesh' parent[15] R=46.7 exactJoint=0.00u pairs=30  (palette-wide exactWorst=7.34u)
[HANDS_ATTACH] mesh='hands_naked.mesh' owner='hands_naked.mesh' frame=2379 nb=40 wext=50.4 rebound=1
  TIER1 rest-coherence: worst=3.1deg bone[2]='bone_R-foreTwist2.mesh' count(>5deg)=0 freshRecap=0  xcheck(invOff-vs-restW) worst=3.1deg bone[2]
  TIER2 joint-attach(PRIMARY): worst=80.66u bone[13]='bone_R-pinky03.mesh' parent[9] R=40.5 exactJoint=1.77u pairs=36  (palette-wide exactWorst=8.83u)
[HANDS_ATTACH] mesh='hands_naked.mesh' owner='hands_naked.mesh' frame=2381 nb=38 wext=72.5 rebound=1
  TIER1 rest-coherence: worst=3.1deg bone[2]='bone_R-pinky03.mesh' count(>5deg)=0 freshRecap=0  xcheck(invOff-vs-restW) worst=3.1deg bone[2]
  TIER2 joint-attach(PRIMARY): worst=65.87u bone[17]='bone_R-ringfinger02.mesh' parent[15] R=46.7 exactJoint=0.38u pairs=30  (palette-wide exactWorst=7.99u)
[HANDS_ATTACH] mesh='hands_naked.mesh' owner='hands_naked.mesh' frame=2387 nb=38 wext=90.2 rebound=1
  TIER1 rest-coherence: worst=3.1deg bone[2]='bone_R-pinky03.mesh' count(>5deg)=0 freshRecap=0  xcheck(invOff-vs-restW) worst=3.1deg bone[2]
  TIER2 joint-attach(PRIMARY): worst=88.90u bone[17]='bone_R-ringfinger02.mesh' parent[15] R=46.7 exactJoint=0.00u pairs=30  (palette-wide exactWorst=7.34u)
[HANDS_ATTACH] mesh='hands_naked.mesh' owner='hands_naked.mesh' frame=2389 nb=40 wext=54.9 rebound=1
  TIER1 rest-coherence: worst=3.1deg bone[2]='bone_R-foreTwist2.mesh' count(>5deg)=0 freshRecap=0  xcheck(invOff-vs-restW) worst=3.1deg bone[2]
  TIER2 joint-attach(PRIMARY): worst=80.50u bone[13]='bone_R-pinky03.mesh' parent[9] R=40.5 exactJoint=1.80u pairs=36  (palette-wide exactWorst=8.82u)
[HANDS_ATTACH] mesh='hands_naked.mesh' owner='hands_naked.mesh' frame=2391 nb=38 wext=69.7 rebound=1
  TIER1 rest-coherence: worst=3.1deg bone[2]='bone_R-pinky03.mesh' count(>5deg)=0 freshRecap=0  xcheck(invOff-vs-restW) worst=3.1deg bone[2]
  TIER2 joint-attach(PRIMARY): worst=61.77u bone[17]='bone_R-ringfinger02.mesh' parent[15] R=46.7 exactJoint=1.29u pairs=30  (palette-wide exactWorst=7.99u)
[HANDS_ATTACH] mesh='hands_naked.mesh' owner='hands_naked.mesh' frame=2397 nb=38 wext=91.1 rebound=1
  TIER1 rest-coherence: worst=3.1deg bone[2]='bone_R-pinky03.mesh' count(>5deg)=0 freshRecap=0  xcheck(invOff-vs-restW) worst=3.1deg bone[2]
  TIER2 joint-attach(PRIMARY): worst=88.90u bone[17]='bone_R-ringfinger02.mesh' parent[15] R=46.7 exactJoint=0.00u pairs=30  (palette-wide exactWorst=7.34u)
[HANDS_ATTACH] mesh='hands_naked.mesh' owner='hands_naked.mesh' frame=2399 nb=40 wext=51.9 rebound=1
  TIER1 rest-coherence: worst=3.1deg bone[2]='bone_R-foreTwist2.mesh' count(>5deg)=0 freshRecap=0  xcheck(invOff-vs-restW) worst=3.1deg bone[2]
  TIER2 joint-attach(PRIMARY): worst=80.73u bone[13]='bone_R-pinky03.mesh' parent[9] R=40.5 exactJoint=1.77u pairs=36  (palette-wide exactWorst=8.83u)
[HANDS_ATTACH] mesh='hands_naked.mesh' owner='hands_naked.mesh' frame=2401 nb=38 wext=71.1 rebound=1
  TIER1 rest-coherence: worst=3.1deg bone[2]='bone_R-pinky03.mesh' count(>5deg)=0 freshRecap=0  xcheck(invOff-vs-restW) worst=3.1deg bone[2]
  TIER2 joint-attach(PRIMARY): worst=59.29u bone[26]='bone_L-middlefinger02.mesh' parent[23] R=46.8 exactJoint=4.60u pairs=30  (palette-wide exactWorst=7.99u)
[HANDS_ATTACH] mesh='hands_naked.mesh' owner='hands_naked.mesh' frame=2407 nb=38 wext=93.8 rebound=1
  TIER1 rest-coherence: worst=3.1deg bone[2]='bone_R-pinky03.mesh' count(>5deg)=0 freshRecap=0  xcheck(invOff-vs-restW) worst=3.1deg bone[2]
  TIER2 joint-attach(PRIMARY): worst=88.90u bone[17]='bone_R-ringfinger02.mesh' parent[15] R=46.7 exactJoint=0.00u pairs=30  (palette-wide exactWorst=7.34u)
[HANDS_ATTACH] mesh='hands_naked.mesh' owner='hands_naked.mesh' frame=2409 nb=40 wext=58.4 rebound=1
  TIER1 rest-coherence: worst=3.1deg bone[2]='bone_R-foreTwist2.mesh' count(>5deg)=0 freshRecap=0  xcheck(invOff-vs-restW) worst=3.1deg bone[2]
  TIER2 joint-attach(PRIMARY): worst=81.18u bone[13]='bone_R-pinky03.mesh' parent[9] R=40.5 exactJoint=1.68u pairs=36  (palette-wide exactWorst=8.83u)
[HANDS_ATTACH] mesh='hands_naked.mesh' owner='hands_naked.mesh' frame=2411 nb=38 wext=71.8 rebound=1
  TIER1 rest-coherence: worst=3.1deg bone[2]='bone_R-pinky03.mesh' count(>5deg)=0 freshRecap=0  xcheck(invOff-vs-restW) worst=3.1deg bone[2]
  TIER2 joint-attach(PRIMARY): worst=59.01u bone[26]='bone_L-middlefinger02.mesh' parent[23] R=46.8 exactJoint=5.23u pairs=30  (palette-wide exactWorst=7.55u)
[HANDS_ATTACH] mesh='hands_naked.mesh' owner='hands_naked.mesh' frame=2417 nb=38 wext=94.9 rebound=1
  TIER1 rest-coherence: worst=3.1deg bone[2]='bone_R-pinky03.mesh' count(>5deg)=0 freshRecap=0  xcheck(invOff-vs-restW) worst=3.1deg bone[2]
  TIER2 joint-attach(PRIMARY): worst=88.90u bone[17]='bone_R-ringfinger02.mesh' parent[15] R=46.7 exactJoint=0.00u pairs=30  (palette-wide exactWorst=7.34u)
[HANDS_ATTACH] mesh='hands_naked.mesh' owner='hands_naked.mesh' frame=2419 nb=40 wext=49.4 rebound=1
  TIER1 rest-coherence: worst=3.1deg bone[2]='bone_R-foreTwist2.mesh' count(>5deg)=0 freshRecap=0  xcheck(invOff-vs-restW) worst=3.1deg bone[2]
  TIER2 joint-attach(PRIMARY): worst=80.63u bone[13]='bone_R-pinky03.mesh' parent[9] R=40.5 exactJoint=1.78u pairs=36  (palette-wide exactWorst=8.84u)
[HANDS_ATTACH] mesh='hands_naked.mesh' owner='hands_naked.mesh' frame=2421 nb=38 wext=72.9 rebound=1
  TIER1 rest-coherence: worst=3.1deg bone[2]='bone_R-pinky03.mesh' count(>5deg)=0 freshRecap=0  xcheck(invOff-vs-restW) worst=3.1deg bone[2]
  TIER2 joint-attach(PRIMARY): worst=57.80u bone[32]='bone_L-ringfinger02.mesh' parent[27] R=46.7 exactJoint=6.42u pairs=30  (palette-wide exactWorst=8.21u)
[HANDS_ATTACH] mesh='hands_naked.mesh' owner='hands_naked.mesh' frame=2427 nb=38 wext=98.8 rebound=1
  TIER1 rest-coherence: worst=3.1deg bone[2]='bone_R-pinky03.mesh' count(>5deg)=0 freshRecap=0  xcheck(invOff-vs-restW) worst=3.1deg bone[2]
  TIER2 joint-attach(PRIMARY): worst=88.90u bone[17]='bone_R-ringfinger02.mesh' parent[15] R=46.7 exactJoint=0.00u pairs=30  (palette-wide exactWorst=7.34u)
[HANDS_ATTACH] mesh='hands_naked.mesh' owner='hands_naked.mesh' frame=2429 nb=40 wext=47.8 rebound=1
  TIER1 rest-coherence: worst=3.1deg bone[2]='bone_R-foreTwist2.mesh' count(>5deg)=0 freshRecap=0  xcheck(invOff-vs-restW) worst=3.1deg bone[2]
  TIER2 joint-attach(PRIMARY): worst=80.59u bone[13]='bone_R-pinky03.mesh' parent[9] R=40.5 exactJoint=1.79u pairs=36  (palette-wide exactWorst=8.84u)
[HANDS_ATTACH] mesh='hands_naked.mesh' owner='hands_naked.mesh' frame=2431 nb=38 wext=72.9 rebound=1
  TIER1 rest-coherence: worst=3.1deg bone[2]='bone_R-pinky03.mesh' count(>5deg)=0 freshRecap=0  xcheck(invOff-vs-restW) worst=3.1deg bone[2]
  TIER2 joint-attach(PRIMARY): worst=57.67u bone[32]='bone_L-ringfinger02.mesh' parent[27] R=46.7 exactJoint=6.46u pairs=30  (palette-wide exactWorst=8.49u)
[HANDS_ATTACH] mesh='hands_naked.mesh' owner='hands_naked.mesh' frame=2437 nb=38 wext=101.6 rebound=1
  TIER1 rest-coherence: worst=3.1deg bone[2]='bone_R-pinky03.mesh' count(>5deg)=0 freshRecap=0  xcheck(invOff-vs-restW) worst=3.1deg bone[2]
  TIER2 joint-attach(PRIMARY): worst=88.90u bone[17]='bone_R-ringfinger02.mesh' parent[15] R=46.7 exactJoint=0.00u pairs=30  (palette-wide exactWorst=7.34u)
[HANDS_ATTACH] mesh='hands_naked.mesh' owner='hands_naked.mesh' frame=2439 nb=40 wext=51.9 rebound=1
  TIER1 rest-coherence: worst=3.1deg bone[2]='bone_R-foreTwist2.mesh' count(>5deg)=0 freshRecap=0  xcheck(invOff-vs-restW) worst=3.1deg bone[2]
  TIER2 joint-attach(PRIMARY): worst=80.83u bone[13]='bone_R-pinky03.mesh' parent[9] R=40.5 exactJoint=1.76u pairs=36  (palette-wide exactWorst=8.84u)
[HANDS_ATTACH] mesh='hands_naked.mesh' owner='hands_naked.mesh' frame=2441 nb=38 wext=72.8 rebound=1
  TIER1 rest-coherence: worst=3.1deg bone[2]='bone_R-pinky03.mesh' count(>5deg)=0 freshRecap=0  xcheck(invOff-vs-restW) worst=3.1deg bone[2]
  TIER2 joint-attach(PRIMARY): worst=53.14u bone[13]='bone_R-hand.mesh' parent[5] R=49.3 exactJoint=0.01u pairs=30  (palette-wide exactWorst=8.84u)
[HANDS_ATTACH] mesh='hands_naked.mesh' owner='hands_naked.mesh' frame=2447 nb=38 wext=101.2 rebound=1
  TIER1 rest-coherence: worst=3.1deg bone[2]='bone_R-pinky03.mesh' count(>5deg)=0 freshRecap=0  xcheck(invOff-vs-restW) worst=3.1deg bone[2]
  TIER2 joint-attach(PRIMARY): worst=88.90u bone[17]='bone_R-ringfinger02.mesh' parent[15] R=46.7 exactJoint=0.00u pairs=30  (palette-wide exactWorst=7.34u)
[HANDS_ATTACH] mesh='hands_naked.mesh' owner='hands_naked.mesh' frame=2449 nb=40 wext=59.3 rebound=1
  TIER1 rest-coherence: worst=3.1deg bone[2]='bone_R-foreTwist2.mesh' count(>5deg)=0 freshRecap=0  xcheck(invOff-vs-restW) worst=3.1deg bone[2]
  TIER2 joint-attach(PRIMARY): worst=80.79u bone[13]='bone_R-pinky03.mesh' parent[9] R=40.5 exactJoint=1.76u pairs=36  (palette-wide exactWorst=8.83u)
[HANDS_ATTACH] mesh='hands_naked.mesh' owner='hands_naked.mesh' frame=2451 nb=38 wext=65.2 rebound=1
  TIER1 rest-coherence: worst=3.1deg bone[2]='bone_R-pinky03.mesh' count(>5deg)=0 freshRecap=0  xcheck(invOff-vs-restW) worst=3.1deg bone[2]
  TIER2 joint-attach(PRIMARY): worst=68.34u bone[3]='bone_R-index02.mesh' parent[8] R=47.0 exactJoint=2.02u pairs=30  (palette-wide exactWorst=8.78u)
[HANDS_ATTACH] mesh='hands_naked.mesh' owner='hands_naked.mesh' frame=2457 nb=38 wext=98.6 rebound=1
  TIER1 rest-coherence: worst=3.1deg bone[2]='bone_R-pinky03.mesh' count(>5deg)=0 freshRecap=0  xcheck(invOff-vs-restW) worst=3.1deg bone[2]
  TIER2 joint-attach(PRIMARY): worst=88.90u bone[17]='bone_R-ringfinger02.mesh' parent[15] R=46.7 exactJoint=0.00u pairs=30  (palette-wide exactWorst=7.34u)
[HANDS_ATTACH] mesh='hands_naked.mesh' owner='hands_naked.mesh' frame=2459 nb=40 wext=46.9 rebound=1
  TIER1 rest-coherence: worst=3.1deg bone[2]='bone_R-foreTwist2.mesh' count(>5deg)=0 freshRecap=0  xcheck(invOff-vs-restW) worst=3.1deg bone[2]
  TIER2 joint-attach(PRIMARY): worst=81.07u bone[13]='bone_R-pinky03.mesh' parent[9] R=40.5 exactJoint=1.73u pairs=36  (palette-wide exactWorst=8.83u)
[HANDS_ATTACH] mesh='hands_naked.mesh' owner='hands_naked.mesh' frame=2461 nb=38 wext=69.4 rebound=1
  TIER1 rest-coherence: worst=3.1deg bone[2]='bone_R-pinky03.mesh' count(>5deg)=0 freshRecap=0  xcheck(invOff-vs-restW) worst=3.1deg bone[2]
  TIER2 joint-attach(PRIMARY): worst=86.08u bone[11]='bone_R-middlefinger02.mesh' parent[1] R=46.8 exactJoint=5.36u pairs=30  (palette-wide exactWorst=7.06u)
[HANDS_ATTACH] mesh='hands_naked.mesh' owner='hands_naked.mesh' frame=2467 nb=38 wext=95.1 rebound=1
  TIER1 rest-coherence: worst=3.1deg bone[2]='bone_R-pinky03.mesh' count(>5deg)=0 freshRecap=0  xcheck(invOff-vs-restW) worst=3.1deg bone[2]
  TIER2 joint-attach(PRIMARY): worst=88.90u bone[17]='bone_R-ringfinger02.mesh' parent[15] R=46.7 exactJoint=0.00u pairs=30  (palette-wide exactWorst=7.34u)
[HANDS_ATTACH] mesh='hands_naked.mesh' owner='hands_naked.mesh' frame=2469 nb=40 wext=48.4 rebound=1
  TIER1 rest-coherence: worst=3.1deg bone[2]='bone_R-foreTwist2.mesh' count(>5deg)=0 freshRecap=0  xcheck(invOff-vs-restW) worst=3.1deg bone[2]
  TIER2 joint-attach(PRIMARY): worst=81.24u bone[13]='bone_R-pinky03.mesh' parent[9] R=40.5 exactJoint=1.70u pairs=36  (palette-wide exactWorst=8.84u)
[HANDS_ATTACH] mesh='hands_naked.mesh' owner='hands_naked.mesh' frame=2471 nb=38 wext=71.1 rebound=1
  TIER1 rest-coherence: worst=3.1deg bone[2]='bone_R-pinky03.mesh' count(>5deg)=0 freshRecap=0  xcheck(invOff-vs-restW) worst=3.1deg bone[2]
  TIER2 joint-attach(PRIMARY): worst=90.19u bone[11]='bone_R-middlefinger02.mesh' parent[1] R=46.8 exactJoint=4.74u pairs=30  (palette-wide exactWorst=8.25u)
[HANDS_ATTACH] mesh='hands_naked.mesh' owner='hands_naked.mesh' frame=2477 nb=38 wext=94.2 rebound=1
  TIER1 rest-coherence: worst=3.1deg bone[2]='bone_R-pinky03.mesh' count(>5deg)=0 freshRecap=0  xcheck(invOff-vs-restW) worst=3.1deg bone[2]
  TIER2 joint-attach(PRIMARY): worst=88.90u bone[17]='bone_R-ringfinger02.mesh' parent[15] R=46.7 exactJoint=0.00u pairs=30  (palette-wide exactWorst=7.34u)
[HANDS_ATTACH] mesh='hands_naked.mesh' owner='hands_naked.mesh' frame=2479 nb=40 wext=48.7 rebound=1
  TIER1 rest-coherence: worst=3.1deg bone[2]='bone_R-foreTwist2.mesh' count(>5deg)=0 freshRecap=0  xcheck(invOff-vs-restW) worst=3.1deg bone[2]
  TIER2 joint-attach(PRIMARY): worst=80.93u bone[13]='bone_R-pinky03.mesh' parent[9] R=40.5 exactJoint=1.75u pairs=36  (palette-wide exactWorst=8.84u)
[HANDS_ATTACH] mesh='hands_naked.mesh' owner='hands_naked.mesh' frame=2481 nb=38 wext=69.0 rebound=1
  TIER1 rest-coherence: worst=3.1deg bone[2]='bone_R-pinky03.mesh' count(>5deg)=0 freshRecap=0  xcheck(invOff-vs-restW) worst=3.1deg bone[2]
  TIER2 joint-attach(PRIMARY): worst=80.54u bone[3]='bone_R-index02.mesh' parent[8] R=47.0 exactJoint=0.62u pairs=30  (palette-wide exactWorst=8.40u)
[HANDS_ATTACH] mesh='hands_naked.mesh' owner='hands_naked.mesh' frame=2487 nb=38 wext=94.0 rebound=1
  TIER1 rest-coherence: worst=3.1deg bone[2]='bone_R-pinky03.mesh' count(>5deg)=0 freshRecap=0  xcheck(invOff-vs-restW) worst=3.1deg bone[2]
  TIER2 joint-attach(PRIMARY): worst=89.46u bone[17]='bone_R-ringfinger02.mesh' parent[15] R=46.7 exactJoint=0.00u pairs=30  (palette-wide exactWorst=7.30u)
[HANDS_ATTACH] mesh='hands_naked.mesh' owner='hands_naked.mesh' frame=2489 nb=40 wext=50.1 rebound=1
  TIER1 rest-coherence: worst=3.1deg bone[2]='bone_R-foreTwist2.mesh' count(>5deg)=0 freshRecap=0  xcheck(invOff-vs-restW) worst=3.1deg bone[2]
  TIER2 joint-attach(PRIMARY): worst=80.85u bone[13]='bone_R-pinky03.mesh' parent[9] R=40.5 exactJoint=1.76u pairs=36  (palette-wide exactWorst=8.84u)
[HANDS_ATTACH] mesh='hands_naked.mesh' owner='hands_naked.mesh' frame=2491 nb=38 wext=70.3 rebound=1
  TIER1 rest-coherence: worst=3.1deg bone[2]='bone_R-pinky03.mesh' count(>5deg)=0 freshRecap=0  xcheck(invOff-vs-restW) worst=3.1deg bone[2]
  TIER2 joint-attach(PRIMARY): worst=66.50u bone[3]='bone_R-index02.mesh' parent[8] R=47.0 exactJoint=4.36u pairs=30  (palette-wide exactWorst=8.47u)
[HANDS_ATTACH] mesh='hands_naked.mesh' owner='hands_naked.mesh' frame=2497 nb=38 wext=94.4 rebound=1
  TIER1 rest-coherence: worst=3.1deg bone[2]='bone_R-pinky03.mesh' count(>5deg)=0 freshRecap=0  xcheck(invOff-vs-restW) worst=3.1deg bone[2]
  TIER2 joint-attach(PRIMARY): worst=89.66u bone[17]='bone_R-ringfinger02.mesh' parent[15] R=46.7 exactJoint=0.00u pairs=30  (palette-wide exactWorst=7.29u)
[HANDS_ATTACH] mesh='hands_naked.mesh' owner='hands_naked.mesh' frame=2499 nb=40 wext=53.3 rebound=1
  TIER1 rest-coherence: worst=3.1deg bone[2]='bone_R-foreTwist2.mesh' count(>5deg)=0 freshRecap=0  xcheck(invOff-vs-restW) worst=3.1deg bone[2]
  TIER2 joint-attach(PRIMARY): worst=75.72u bone[13]='bone_R-pinky03.mesh' parent[9] R=40.5 exactJoint=0.01u pairs=36  (palette-wide exactWorst=8.88u)
[HANDS_ATTACH] mesh='hands_naked.mesh' owner='hands_naked.mesh' frame=2501 nb=38 wext=65.1 rebound=1
  TIER1 rest-coherence: worst=3.1deg bone[2]='bone_R-pinky03.mesh' count(>5deg)=0 freshRecap=0  xcheck(invOff-vs-restW) worst=3.1deg bone[2]
  TIER2 joint-attach(PRIMARY): worst=63.88u bone[3]='bone_R-index02.mesh' parent[8] R=47.0 exactJoint=5.12u pairs=30  (palette-wide exactWorst=8.42u)
[HANDS_ATTACH] mesh='hands_naked.mesh' owner='hands_naked.mesh' frame=2507 nb=38 wext=91.5 rebound=1
  TIER1 rest-coherence: worst=3.1deg bone[2]='bone_R-pinky03.mesh' count(>5deg)=0 freshRecap=0  xcheck(invOff-vs-restW) worst=3.1deg bone[2]
  TIER2 joint-attach(PRIMARY): worst=89.65u bone[17]='bone_R-ringfinger02.mesh' parent[15] R=46.7 exactJoint=0.00u pairs=30  (palette-wide exactWorst=7.67u)
[HANDS_ATTACH] mesh='hands_naked.mesh' owner='hands_naked.mesh' frame=2509 nb=40 wext=61.0 rebound=1
  TIER1 rest-coherence: worst=3.1deg bone[2]='bone_R-foreTwist2.mesh' count(>5deg)=0 freshRecap=0  xcheck(invOff-vs-restW) worst=3.1deg bone[2]
  TIER2 joint-attach(PRIMARY): worst=62.60u bone[13]='bone_R-pinky03.mesh' parent[9] R=40.5 exactJoint=0.01u pairs=36  (palette-wide exactWorst=7.89u)
[HANDS_ATTACH] mesh='hands_naked.mesh' owner='hands_naked.mesh' frame=2511 nb=38 wext=70.2 rebound=1
  TIER1 rest-coherence: worst=3.1deg bone[2]='bone_R-pinky03.mesh' count(>5deg)=0 freshRecap=0  xcheck(invOff-vs-restW) worst=3.1deg bone[2]
  TIER2 joint-attach(PRIMARY): worst=66.37u bone[18]='bone_R-pinky02.mesh' parent[14] R=46.7 exactJoint=0.01u pairs=30  (palette-wide exactWorst=8.66u)
[HANDS_ATTACH] mesh='hands_naked.mesh' owner='hands_naked.mesh' frame=2517 nb=38 wext=82.7 rebound=1
  TIER1 rest-coherence: worst=3.1deg bone[2]='bone_R-pinky03.mesh' count(>5deg)=0 freshRecap=0  xcheck(invOff-vs-restW) worst=3.1deg bone[2]
  TIER2 joint-attach(PRIMARY): worst=86.56u bone[17]='bone_R-ringfinger02.mesh' parent[15] R=46.7 exactJoint=0.00u pairs=30  (palette-wide exactWorst=7.49u)
[HANDS_ATTACH] mesh='hands_naked.mesh' owner='hands_naked.mesh' frame=2519 nb=40 wext=65.4 rebound=1
  TIER1 rest-coherence: worst=3.1deg bone[2]='bone_R-foreTwist2.mesh' count(>5deg)=0 freshRecap=0  xcheck(invOff-vs-restW) worst=3.1deg bone[2]
  TIER2 joint-attach(PRIMARY): worst=62.35u bone[13]='bone_R-pinky03.mesh' parent[9] R=40.5 exactJoint=0.01u pairs=36  (palette-wide exactWorst=7.90u)
[HANDS_ATTACH] mesh='hands_naked.mesh' owner='hands_naked.mesh' frame=2521 nb=38 wext=71.4 rebound=1
  TIER1 rest-coherence: worst=3.1deg bone[2]='bone_R-pinky03.mesh' count(>5deg)=0 freshRecap=0  xcheck(invOff-vs-restW) worst=3.1deg bone[2]
  TIER2 joint-attach(PRIMARY): worst=61.85u bone[3]='bone_R-index02.mesh' parent[8] R=47.0 exactJoint=5.90u pairs=30  (palette-wide exactWorst=8.72u)
[HANDS_ATTACH] mesh='hands_naked.mesh' owner='hands_naked.mesh' frame=2527 nb=38 wext=78.4 rebound=1
  TIER1 rest-coherence: worst=3.1deg bone[2]='bone_R-pinky03.mesh' count(>5deg)=0 freshRecap=0  xcheck(invOff-vs-restW) worst=3.1deg bone[2]
  TIER2 joint-attach(PRIMARY): worst=84.99u bone[17]='bone_R-ringfinger02.mesh' parent[15] R=46.7 exactJoint=0.00u pairs=30  (palette-wide exactWorst=7.72u)
[HANDS_ATTACH] mesh='hands_naked.mesh' owner='hands_naked.mesh' frame=2529 nb=40 wext=64.9 rebound=1
  TIER1 rest-coherence: worst=3.1deg bone[2]='bone_R-foreTwist2.mesh' count(>5deg)=0 freshRecap=0  xcheck(invOff-vs-restW) worst=3.1deg bone[2]
  TIER2 joint-attach(PRIMARY): worst=60.95u bone[13]='bone_R-pinky03.mesh' parent[9] R=40.5 exactJoint=0.01u pairs=36  (palette-wide exactWorst=7.87u)
[HANDS_ATTACH] mesh='hands_naked.mesh' owner='hands_naked.mesh' frame=2531 nb=38 wext=63.0 rebound=1
  TIER1 rest-coherence: worst=3.1deg bone[2]='bone_R-pinky03.mesh' count(>5deg)=0 freshRecap=0  xcheck(invOff-vs-restW) worst=3.1deg bone[2]
  TIER2 joint-attach(PRIMARY): worst=61.86u bone[3]='bone_R-index02.mesh' parent[8] R=47.0 exactJoint=6.09u pairs=30  (palette-wide exactWorst=8.58u)
[HANDS_ATTACH] mesh='hands_naked.mesh' owner='hands_naked.mesh' frame=2537 nb=38 wext=76.9 rebound=1
  TIER1 rest-coherence: worst=3.1deg bone[2]='bone_R-pinky03.mesh' count(>5deg)=0 freshRecap=0  xcheck(invOff-vs-restW) worst=3.1deg bone[2]
  TIER2 joint-attach(PRIMARY): worst=84.81u bone[17]='bone_R-ringfinger02.mesh' parent[15] R=46.7 exactJoint=0.00u pairs=30  (palette-wide exactWorst=7.80u)
[HANDS_ATTACH] mesh='hands_naked.mesh' owner='hands_naked.mesh' frame=2539 nb=40 wext=54.2 rebound=1
  TIER1 rest-coherence: worst=3.1deg bone[2]='bone_R-foreTwist2.mesh' count(>5deg)=0 freshRecap=0  xcheck(invOff-vs-restW) worst=3.1deg bone[2]
  TIER2 joint-attach(PRIMARY): worst=58.16u bone[5]='bone_R-ringfinger02.mesh' parent[24] R=41.1 exactJoint=0.02u pairs=36  (palette-wide exactWorst=5.79u)
[HANDS_ATTACH] mesh='hands_naked.mesh' owner='hands_naked.mesh' frame=2541 nb=38 wext=61.0 rebound=1
  TIER1 rest-coherence: worst=3.1deg bone[2]='bone_R-pinky03.mesh' count(>5deg)=0 freshRecap=0  xcheck(invOff-vs-restW) worst=3.1deg bone[2]
  TIER2 joint-attach(PRIMARY): worst=74.13u bone[3]='bone_R-index02.mesh' parent[8] R=47.0 exactJoint=3.74u pairs=30  (palette-wide exactWorst=8.21u)
[HANDS_ATTACH] mesh='hands_naked.mesh' owner='hands_naked.mesh' frame=2547 nb=38 wext=79.0 rebound=1
  TIER1 rest-coherence: worst=3.1deg bone[2]='bone_R-pinky03.mesh' count(>5deg)=0 freshRecap=0  xcheck(invOff-vs-restW) worst=3.1deg bone[2]
  TIER2 joint-attach(PRIMARY): worst=85.47u bone[17]='bone_R-ringfinger02.mesh' parent[15] R=46.7 exactJoint=0.00u pairs=30  (palette-wide exactWorst=7.83u)
[HANDS_ATTACH] mesh='hands_naked.mesh' owner='hands_naked.mesh' frame=2549 nb=40 wext=44.6 rebound=1
  TIER1 rest-coherence: worst=3.1deg bone[2]='bone_R-foreTwist2.mesh' count(>5deg)=0 freshRecap=0  xcheck(invOff-vs-restW) worst=3.1deg bone[2]
  TIER2 joint-attach(PRIMARY): worst=61.86u bone[16]='bone_R-thumb01.mesh' parent[1] R=42.9 exactJoint=1.76u pairs=36  (palette-wide exactWorst=5.79u)
[HANDS_ATTACH] mesh='hands_naked.mesh' owner='hands_naked.mesh' frame=2551 nb=38 wext=63.6 rebound=1
  TIER1 rest-coherence: worst=3.1deg bone[2]='bone_R-pinky03.mesh' count(>5deg)=0 freshRecap=0  xcheck(invOff-vs-restW) worst=3.1deg bone[2]
  TIER2 joint-attach(PRIMARY): worst=68.65u bone[13]='bone_R-hand.mesh' parent[5] R=49.3 exactJoint=0.01u pairs=30  (palette-wide exactWorst=7.99u)
[HANDS_ATTACH] mesh='hands_naked.mesh' owner='hands_naked.mesh' frame=2557 nb=38 wext=75.6 rebound=1
  TIER1 rest-coherence: worst=3.1deg bone[2]='bone_R-pinky03.mesh' count(>5deg)=0 freshRecap=0  xcheck(invOff-vs-restW) worst=3.1deg bone[2]
  TIER2 joint-attach(PRIMARY): worst=84.97u bone[17]='bone_R-ringfinger02.mesh' parent[15] R=46.7 exactJoint=0.00u pairs=30  (palette-wide exactWorst=7.63u)
[HANDS_ATTACH] mesh='hands_naked.mesh' owner='hands_naked.mesh' frame=2559 nb=40 wext=44.3 rebound=1
  TIER1 rest-coherence: worst=3.1deg bone[2]='bone_R-foreTwist2.mesh' count(>5deg)=0 freshRecap=0  xcheck(invOff-vs-restW) worst=3.1deg bone[2]
  TIER2 joint-attach(PRIMARY): worst=60.99u bone[16]='bone_R-thumb01.mesh' parent[1] R=42.9 exactJoint=2.86u pairs=36  (palette-wide exactWorst=5.79u)
[HANDS_ATTACH] mesh='hands_naked.mesh' owner='hands_naked.mesh' frame=2561 nb=38 wext=68.2 rebound=1
  TIER1 rest-coherence: worst=3.1deg bone[2]='bone_R-pinky03.mesh' count(>5deg)=0 freshRecap=0  xcheck(invOff-vs-restW) worst=3.1deg bone[2]
  TIER2 joint-attach(PRIMARY): worst=88.86u bone[13]='bone_R-hand.mesh' parent[5] R=49.3 exactJoint=0.01u pairs=30  (palette-wide exactWorst=8.82u)
[HANDS_ATTACH] mesh='hands_naked.mesh' owner='hands_naked.mesh' frame=2567 nb=38 wext=75.4 rebound=1
  TIER1 rest-coherence: worst=3.1deg bone[2]='bone_R-pinky03.mesh' count(>5deg)=0 freshRecap=0  xcheck(invOff-vs-restW) worst=3.1deg bone[2]
  TIER2 joint-attach(PRIMARY): worst=84.89u bone[17]='bone_R-ringfinger02.mesh' parent[15] R=46.7 exactJoint=0.00u pairs=30  (palette-wide exactWorst=7.40u)
[HANDS_ATTACH] mesh='hands_naked.mesh' owner='hands_naked.mesh' frame=2569 nb=40 wext=43.7 rebound=1
  TIER1 rest-coherence: worst=3.1deg bone[2]='bone_R-foreTwist2.mesh' count(>5deg)=0 freshRecap=0  xcheck(invOff-vs-restW) worst=3.1deg bone[2]
  TIER2 joint-attach(PRIMARY): worst=62.18u bone[16]='bone_R-thumb01.mesh' parent[1] R=42.9 exactJoint=1.08u pairs=36  (palette-wide exactWorst=5.80u)
[HANDS_ATTACH] mesh='hands_naked.mesh' owner='hands_naked.mesh' frame=2571 nb=38 wext=64.6 rebound=1
  TIER1 rest-coherence: worst=3.1deg bone[2]='bone_R-pinky03.mesh' count(>5deg)=0 freshRecap=0  xcheck(invOff-vs-restW) worst=3.1deg bone[2]
  TIER2 joint-attach(PRIMARY): worst=63.52u bone[13]='bone_R-hand.mesh' parent[5] R=49.3 exactJoint=0.01u pairs=30  (palette-wide exactWorst=8.51u)
[HANDS_ATTACH] mesh='hands_naked.mesh' owner='hands_naked.mesh' frame=2577 nb=38 wext=76.6 rebound=1
  TIER1 rest-coherence: worst=3.1deg bone[2]='bone_R-pinky03.mesh' count(>5deg)=0 freshRecap=0  xcheck(invOff-vs-restW) worst=3.1deg bone[2]
  TIER2 joint-attach(PRIMARY): worst=84.35u bone[17]='bone_R-ringfinger02.mesh' parent[15] R=46.7 exactJoint=0.00u pairs=30  (palette-wide exactWorst=7.43u)
[HANDS_ATTACH] mesh='hands_naked.mesh' owner='hands_naked.mesh' frame=2579 nb=40 wext=62.9 rebound=1
  TIER1 rest-coherence: worst=3.1deg bone[2]='bone_R-foreTwist2.mesh' count(>5deg)=0 freshRecap=0  xcheck(invOff-vs-restW) worst=3.1deg bone[2]
  TIER2 joint-attach(PRIMARY): worst=52.88u bone[5]='bone_R-ringfinger02.mesh' parent[24] R=41.1 exactJoint=0.02u pairs=36  (palette-wide exactWorst=5.80u)
[HANDS_ATTACH] mesh='hands_naked.mesh' owner='hands_naked.mesh' frame=2581 nb=38 wext=59.0 rebound=1
  TIER1 rest-coherence: worst=3.1deg bone[2]='bone_R-pinky03.mesh' count(>5deg)=0 freshRecap=0  xcheck(invOff-vs-restW) worst=3.1deg bone[2]
  TIER2 joint-attach(PRIMARY): worst=70.65u bone[13]='bone_R-hand.mesh' parent[5] R=49.3 exactJoint=0.01u pairs=30  (palette-wide exactWorst=8.62u)
[HANDS_ATTACH] mesh='hands_naked.mesh' owner='hands_naked.mesh' frame=2587 nb=38 wext=77.9 rebound=1
  TIER1 rest-coherence: worst=3.1deg bone[2]='bone_R-pinky03.mesh' count(>5deg)=0 freshRecap=0  xcheck(invOff-vs-restW) worst=3.1deg bone[2]
  TIER2 joint-attach(PRIMARY): worst=84.47u bone[17]='bone_R-ringfinger02.mesh' parent[15] R=46.7 exactJoint=0.00u pairs=30  (palette-wide exactWorst=7.42u)
[HANDS_ATTACH] mesh='hands_naked.mesh' owner='hands_naked.mesh' frame=2589 nb=40 wext=63.5 rebound=1
  TIER1 rest-coherence: worst=3.1deg bone[2]='bone_R-foreTwist2.mesh' count(>5deg)=0 freshRecap=0  xcheck(invOff-vs-restW) worst=3.1deg bone[2]
  TIER2 joint-attach(PRIMARY): worst=49.30u bone[5]='bone_R-ringfinger02.mesh' parent[24] R=41.1 exactJoint=0.02u pairs=36  (palette-wide exactWorst=5.80u)
[HANDS_ATTACH] mesh='hands_naked.mesh' owner='hands_naked.mesh' frame=2591 nb=38 wext=61.3 rebound=1
  TIER1 rest-coherence: worst=3.1deg bone[2]='bone_R-pinky03.mesh' count(>5deg)=0 freshRecap=0  xcheck(invOff-vs-restW) worst=3.1deg bone[2]
  TIER2 joint-attach(PRIMARY): worst=67.61u bone[13]='bone_R-hand.mesh' parent[5] R=49.3 exactJoint=0.01u pairs=30  (palette-wide exactWorst=8.68u)
[HANDS_ATTACH] mesh='hands_naked.mesh' owner='hands_naked.mesh' frame=2597 nb=38 wext=79.2 rebound=1
  TIER1 rest-coherence: worst=3.1deg bone[2]='bone_R-pinky03.mesh' count(>5deg)=0 freshRecap=0  xcheck(invOff-vs-restW) worst=3.1deg bone[2]
  TIER2 joint-attach(PRIMARY): worst=84.71u bone[17]='bone_R-ringfinger02.mesh' parent[15] R=46.7 exactJoint=0.00u pairs=30  (palette-wide exactWorst=7.43u)
[HANDS_ATTACH] mesh='hands_naked.mesh' owner='hands_naked.mesh' frame=2599 nb=40 wext=60.5 rebound=1
  TIER1 rest-coherence: worst=3.1deg bone[2]='bone_R-foreTwist2.mesh' count(>5deg)=0 freshRecap=0  xcheck(invOff-vs-restW) worst=3.1deg bone[2]
  TIER2 joint-attach(PRIMARY): worst=50.07u bone[5]='bone_R-ringfinger02.mesh' parent[24] R=41.1 exactJoint=0.02u pairs=36  (palette-wide exactWorst=5.80u)
[HANDS_ATTACH] mesh='hands_naked.mesh' owner='hands_naked.mesh' frame=2601 nb=38 wext=55.4 rebound=1
  TIER1 rest-coherence: worst=3.1deg bone[2]='bone_R-pinky03.mesh' count(>5deg)=0 freshRecap=0  xcheck(invOff-vs-restW) worst=3.1deg bone[2]
  TIER2 joint-attach(PRIMARY): worst=71.52u bone[13]='bone_R-hand.mesh' parent[5] R=49.3 exactJoint=0.01u pairs=30  (palette-wide exactWorst=7.99u)
[HANDS_ATTACH] mesh='hands_naked.mesh' owner='hands_naked.mesh' frame=2607 nb=38 wext=82.2 rebound=1
  TIER1 rest-coherence: worst=3.1deg bone[2]='bone_R-pinky03.mesh' count(>5deg)=0 freshRecap=0  xcheck(invOff-vs-restW) worst=3.1deg bone[2]
  TIER2 joint-attach(PRIMARY): worst=84.92u bone[17]='bone_R-ringfinger02.mesh' parent[15] R=46.7 exactJoint=0.00u pairs=30  (palette-wide exactWorst=7.40u)
[HANDS_ATTACH] mesh='hands_naked.mesh' owner='hands_naked.mesh' frame=2609 nb=40 wext=51.8 rebound=1
  TIER1 rest-coherence: worst=3.1deg bone[2]='bone_R-foreTwist2.mesh' count(>5deg)=0 freshRecap=0  xcheck(invOff-vs-restW) worst=3.1deg bone[2]
  TIER2 joint-attach(PRIMARY): worst=71.44u bone[9]='bone_R-pinky02.mesh' parent[14] R=41.3 exactJoint=3.64u pairs=36  (palette-wide exactWorst=8.36u)
[HANDS_ATTACH] mesh='hands_naked.mesh' owner='hands_naked.mesh' frame=2611 nb=38 wext=59.8 rebound=1
  TIER1 rest-coherence: worst=3.1deg bone[2]='bone_R-pinky03.mesh' count(>5deg)=0 freshRecap=0  xcheck(invOff-vs-restW) worst=3.1deg bone[2]
  TIER2 joint-attach(PRIMARY): worst=88.76u bone[13]='bone_R-hand.mesh' parent[5] R=49.3 exactJoint=0.01u pairs=30  (palette-wide exactWorst=8.56u)
[HANDS_ATTACH] mesh='hands_naked.mesh' owner='hands_naked.mesh' frame=2617 nb=38 wext=85.0 rebound=1
  TIER1 rest-coherence: worst=3.1deg bone[2]='bone_R-pinky03.mesh' count(>5deg)=0 freshRecap=0  xcheck(invOff-vs-restW) worst=3.1deg bone[2]
  TIER2 joint-attach(PRIMARY): worst=84.93u bone[17]='bone_R-ringfinger02.mesh' parent[15] R=46.7 exactJoint=0.00u pairs=30  (palette-wide exactWorst=7.40u)
[HANDS_ATTACH] mesh='hands_naked.mesh' owner='hands_naked.mesh' frame=2619 nb=40 wext=71.8 rebound=1
  TIER1 rest-coherence: worst=3.1deg bone[2]='bone_R-foreTwist2.mesh' count(>5deg)=0 freshRecap=0  xcheck(invOff-vs-restW) worst=3.1deg bone[2]
  TIER2 joint-attach(PRIMARY): worst=48.35u bone[5]='bone_R-ringfinger02.mesh' parent[24] R=41.1 exactJoint=0.02u pairs=36  (palette-wide exactWorst=5.80u)
[HANDS_ATTACH] mesh='hands_naked.mesh' owner='hands_naked.mesh' frame=2621 nb=38 wext=61.1 rebound=1
  TIER1 rest-coherence: worst=3.1deg bone[2]='bone_R-pinky03.mesh' count(>5deg)=0 freshRecap=0  xcheck(invOff-vs-restW) worst=3.1deg bone[2]
  TIER2 joint-attach(PRIMARY): worst=84.00u bone[13]='bone_R-hand.mesh' parent[5] R=49.3 exactJoint=0.01u pairs=30  (palette-wide exactWorst=8.80u)
[HANDS_ATTACH] mesh='hands_naked.mesh' owner='hands_naked.mesh' frame=2627 nb=38 wext=87.1 rebound=1
  TIER1 rest-coherence: worst=3.1deg bone[2]='bone_R-pinky03.mesh' count(>5deg)=0 freshRecap=0  xcheck(invOff-vs-restW) worst=3.1deg bone[2]
  TIER2 joint-attach(PRIMARY): worst=84.88u bone[17]='bone_R-ringfinger02.mesh' parent[15] R=46.7 exactJoint=0.00u pairs=30  (palette-wide exactWorst=7.44u)
[HANDS_ATTACH] mesh='hands_naked.mesh' owner='hands_naked.mesh' frame=2629 nb=40 wext=67.9 rebound=1
  TIER1 rest-coherence: worst=3.1deg bone[2]='bone_R-foreTwist2.mesh' count(>5deg)=0 freshRecap=0  xcheck(invOff-vs-restW) worst=3.1deg bone[2]
  TIER2 joint-attach(PRIMARY): worst=41.88u bone[12]='bone_L-middlefinger02.mesh' parent[25] R=41.0 exactJoint=2.83u pairs=36  (palette-wide exactWorst=5.80u)
[HANDS_ATTACH] mesh='hands_naked.mesh' owner='hands_naked.mesh' frame=2631 nb=38 wext=63.5 rebound=1
  TIER1 rest-coherence: worst=3.1deg bone[2]='bone_R-pinky03.mesh' count(>5deg)=0 freshRecap=0  xcheck(invOff-vs-restW) worst=3.1deg bone[2]
  TIER2 joint-attach(PRIMARY): worst=65.61u bone[13]='bone_R-hand.mesh' parent[5] R=49.3 exactJoint=0.01u pairs=30  (palette-wide exactWorst=8.81u)
[HANDS_ATTACH] mesh='hands_naked.mesh' owner='hands_naked.mesh' frame=2637 nb=38 wext=89.5 rebound=1
  TIER1 rest-coherence: worst=3.1deg bone[2]='bone_R-pinky03.mesh' count(>5deg)=0 freshRecap=0  xcheck(invOff-vs-restW) worst=3.1deg bone[2]
  TIER2 joint-attach(PRIMARY): worst=84.91u bone[17]='bone_R-ringfinger02.mesh' parent[15] R=46.7 exactJoint=0.00u pairs=30  (palette-wide exactWorst=7.45u)
[HANDS_ATTACH] mesh='hands_naked.mesh' owner='hands_naked.mesh' frame=2639 nb=40 wext=54.3 rebound=1
  TIER1 rest-coherence: worst=3.1deg bone[2]='bone_R-foreTwist2.mesh' count(>5deg)=0 freshRecap=0  xcheck(invOff-vs-restW) worst=3.1deg bone[2]
  TIER2 joint-attach(PRIMARY): worst=62.30u bone[16]='bone_R-thumb01.mesh' parent[1] R=42.9 exactJoint=0.02u pairs=36  (palette-wide exactWorst=5.79u)
[HANDS_ATTACH] mesh='hands_naked.mesh' owner='hands_naked.mesh' frame=2641 nb=38 wext=71.0 rebound=1
  TIER1 rest-coherence: worst=3.1deg bone[2]='bone_R-pinky03.mesh' count(>5deg)=0 freshRecap=0  xcheck(invOff-vs-restW) worst=3.1deg bone[2]
  TIER2 joint-attach(PRIMARY): worst=59.29u bone[26]='bone_L-middlefinger02.mesh' parent[23] R=46.8 exactJoint=4.60u pairs=30  (palette-wide exactWorst=7.99u)
[HANDS_ATTACH] mesh='hands_naked.mesh' owner='hands_naked.mesh' frame=2647 nb=38 wext=90.5 rebound=1
  TIER1 rest-coherence: worst=3.1deg bone[2]='bone_R-pinky03.mesh' count(>5deg)=0 freshRecap=0  xcheck(invOff-vs-restW) worst=3.1deg bone[2]
  TIER2 joint-attach(PRIMARY): worst=84.90u bone[17]='bone_R-ringfinger02.mesh' parent[15] R=46.7 exactJoint=0.00u pairs=30  (palette-wide exactWorst=7.39u)
[HANDS_ATTACH] mesh='hands_naked.mesh' owner='hands_naked.mesh' frame=2649 nb=40 wext=48.6 rebound=1
  TIER1 rest-coherence: worst=3.1deg bone[2]='bone_R-foreTwist2.mesh' count(>5deg)=0 freshRecap=0  xcheck(invOff-vs-restW) worst=3.1deg bone[2]
  TIER2 joint-attach(PRIMARY): worst=61.98u bone[16]='bone_R-thumb01.mesh' parent[1] R=42.9 exactJoint=1.44u pairs=36  (palette-wide exactWorst=5.79u)
[HANDS_ATTACH] mesh='hands_naked.mesh' owner='hands_naked.mesh' frame=2651 nb=38 wext=70.3 rebound=1
  TIER1 rest-coherence: worst=3.1deg bone[2]='bone_R-pinky03.mesh' count(>5deg)=0 freshRecap=0  xcheck(invOff-vs-restW) worst=3.1deg bone[2]
  TIER2 joint-attach(PRIMARY): worst=67.53u bone[17]='bone_R-ringfinger02.mesh' parent[15] R=46.7 exactJoint=0.00u pairs=30  (palette-wide exactWorst=7.99u)
[HANDS_ATTACH] mesh='hands_naked.mesh' owner='hands_naked.mesh' frame=2657 nb=38 wext=89.9 rebound=1
  TIER1 rest-coherence: worst=3.1deg bone[2]='bone_R-pinky03.mesh' count(>5deg)=0 freshRecap=0  xcheck(invOff-vs-restW) worst=3.1deg bone[2]
  TIER2 joint-attach(PRIMARY): worst=84.89u bone[17]='bone_R-ringfinger02.mesh' parent[15] R=46.7 exactJoint=0.00u pairs=30  (palette-wide exactWorst=7.39u)
[HANDS_ATTACH] mesh='hands_naked.mesh' owner='hands_naked.mesh' frame=2659 nb=40 wext=59.1 rebound=1
  TIER1 rest-coherence: worst=3.1deg bone[2]='bone_R-foreTwist2.mesh' count(>5deg)=0 freshRecap=0  xcheck(invOff-vs-restW) worst=3.1deg bone[2]
  TIER2 joint-attach(PRIMARY): worst=57.73u bone[5]='bone_R-ringfinger02.mesh' parent[24] R=41.1 exactJoint=0.02u pairs=36  (palette-wide exactWorst=5.82u)
[HANDS_ATTACH] mesh='hands_naked.mesh' owner='hands_naked.mesh' frame=2661 nb=38 wext=72.0 rebound=1
  TIER1 rest-coherence: worst=3.1deg bone[2]='bone_R-pinky03.mesh' count(>5deg)=0 freshRecap=0  xcheck(invOff-vs-restW) worst=3.1deg bone[2]
  TIER2 joint-attach(PRIMARY): worst=66.30u bone[17]='bone_R-ringfinger02.mesh' parent[15] R=46.7 exactJoint=0.28u pairs=30  (palette-wide exactWorst=7.99u)
[HANDS_ATTACH] mesh='hands_naked.mesh' owner='hands_naked.mesh' frame=2667 nb=38 wext=89.4 rebound=1
  TIER1 rest-coherence: worst=3.1deg bone[2]='bone_R-pinky03.mesh' count(>5deg)=0 freshRecap=0  xcheck(invOff-vs-restW) worst=3.1deg bone[2]
  TIER2 joint-attach(PRIMARY): worst=84.41u bone[17]='bone_R-ringfinger02.mesh' parent[15] R=46.7 exactJoint=0.00u pairs=30  (palette-wide exactWorst=7.33u)
[HANDS_ATTACH] mesh='hands_naked.mesh' owner='hands_naked.mesh' frame=2669 nb=40 wext=56.9 rebound=1
  TIER1 rest-coherence: worst=3.1deg bone[2]='bone_R-foreTwist2.mesh' count(>5deg)=0 freshRecap=0  xcheck(invOff-vs-restW) worst=3.1deg bone[2]
  TIER2 joint-attach(PRIMARY): worst=63.31u bone[5]='bone_R-ringfinger02.mesh' parent[24] R=41.1 exactJoint=0.02u pairs=36  (palette-wide exactWorst=5.79u)
[HANDS_ATTACH] mesh='hands_naked.mesh' owner='hands_naked.mesh' frame=2671 nb=38 wext=69.1 rebound=1
  TIER1 rest-coherence: worst=3.1deg bone[2]='bone_R-pinky03.mesh' count(>5deg)=0 freshRecap=0  xcheck(invOff-vs-restW) worst=3.1deg bone[2]
  TIER2 joint-attach(PRIMARY): worst=62.33u bone[17]='bone_R-ringfinger02.mesh' parent[15] R=46.7 exactJoint=1.17u pairs=30  (palette-wide exactWorst=7.99u)
[HANDS_ATTACH] mesh='hands_naked.mesh' owner='hands_naked.mesh' frame=2677 nb=38 wext=86.7 rebound=1
  TIER1 rest-coherence: worst=3.1deg bone[2]='bone_R-pinky03.mesh' count(>5deg)=0 freshRecap=0  xcheck(invOff-vs-restW) worst=3.1deg bone[2]
  TIER2 joint-attach(PRIMARY): worst=84.35u bone[17]='bone_R-ringfinger02.mesh' parent[15] R=46.7 exactJoint=0.00u pairs=30  (palette-wide exactWorst=7.37u)
[HANDS_ATTACH] mesh='hands_naked.mesh' owner='hands_naked.mesh' frame=2679 nb=40 wext=76.5 rebound=1
  TIER1 rest-coherence: worst=3.1deg bone[2]='bone_R-foreTwist2.mesh' count(>5deg)=0 freshRecap=0  xcheck(invOff-vs-restW) worst=3.1deg bone[2]
  TIER2 joint-attach(PRIMARY): worst=41.88u bone[12]='bone_L-middlefinger02.mesh' parent[25] R=41.0 exactJoint=2.83u pairs=36  (palette-wide exactWorst=5.80u)
[HANDS_ATTACH] mesh='hands_naked.mesh' owner='hands_naked.mesh' frame=2681 nb=38 wext=69.3 rebound=1
  TIER1 rest-coherence: worst=3.1deg bone[2]='bone_R-pinky03.mesh' count(>5deg)=0 freshRecap=0  xcheck(invOff-vs-restW) worst=3.1deg bone[2]
  TIER2 joint-attach(PRIMARY): worst=59.29u bone[26]='bone_L-middlefinger02.mesh' parent[23] R=46.8 exactJoint=4.60u pairs=30  (palette-wide exactWorst=7.99u)
[HANDS_ATTACH] mesh='hands_naked.mesh' owner='hands_naked.mesh' frame=2687 nb=38 wext=86.0 rebound=1
  TIER1 rest-coherence: worst=3.1deg bone[2]='bone_R-pinky03.mesh' count(>5deg)=0 freshRecap=0  xcheck(invOff-vs-restW) worst=3.1deg bone[2]
  TIER2 joint-attach(PRIMARY): worst=84.65u bone[17]='bone_R-ringfinger02.mesh' parent[15] R=46.7 exactJoint=0.00u pairs=30  (palette-wide exactWorst=7.41u)
[HANDS_ATTACH] mesh='hands_naked.mesh' owner='hands_naked.mesh' frame=2689 nb=40 wext=76.5 rebound=1
  TIER1 rest-coherence: worst=3.1deg bone[2]='bone_R-foreTwist2.mesh' count(>5deg)=0 freshRecap=0  xcheck(invOff-vs-restW) worst=3.1deg bone[2]
  TIER2 joint-attach(PRIMARY): worst=41.88u bone[12]='bone_L-middlefinger02.mesh' parent[25] R=41.0 exactJoint=2.83u pairs=36  (palette-wide exactWorst=5.79u)
[HANDS_ATTACH] mesh='hands_naked.mesh' owner='hands_naked.mesh' frame=2691 nb=38 wext=73.7 rebound=1
  TIER1 rest-coherence: worst=3.1deg bone[2]='bone_R-pinky03.mesh' count(>5deg)=0 freshRecap=0  xcheck(invOff-vs-restW) worst=3.1deg bone[2]
  TIER2 joint-attach(PRIMARY): worst=59.29u bone[26]='bone_L-middlefinger02.mesh' parent[23] R=46.8 exactJoint=4.60u pairs=30  (palette-wide exactWorst=7.99u)
[HANDS_ATTACH] mesh='hands_naked.mesh' owner='hands_naked.mesh' frame=2697 nb=38 wext=86.0 rebound=1
  TIER1 rest-coherence: worst=3.1deg bone[2]='bone_R-pinky03.mesh' count(>5deg)=0 freshRecap=0  xcheck(invOff-vs-restW) worst=3.1deg bone[2]
  TIER2 joint-attach(PRIMARY): worst=84.65u bone[17]='bone_R-ringfinger02.mesh' parent[15] R=46.7 exactJoint=0.00u pairs=30  (palette-wide exactWorst=7.41u)
[HANDS_ATTACH] mesh='hands_naked.mesh' owner='hands_naked.mesh' frame=2699 nb=40 wext=76.5 rebound=1
  TIER1 rest-coherence: worst=3.1deg bone[2]='bone_R-foreTwist2.mesh' count(>5deg)=0 freshRecap=0  xcheck(invOff-vs-restW) worst=3.1deg bone[2]
  TIER2 joint-attach(PRIMARY): worst=41.88u bone[12]='bone_L-middlefinger02.mesh' parent[25] R=41.0 exactJoint=2.83u pairs=36  (palette-wide exactWorst=5.79u)
[HANDS_ATTACH] mesh='hands_naked.mesh' owner='hands_naked.mesh' frame=2701 nb=38 wext=73.7 rebound=1
  TIER1 rest-coherence: worst=3.1deg bone[2]='bone_R-pinky03.mesh' count(>5deg)=0 freshRecap=0  xcheck(invOff-vs-restW) worst=3.1deg bone[2]
  TIER2 joint-attach(PRIMARY): worst=59.29u bone[26]='bone_L-middlefinger02.mesh' parent[23] R=46.8 exactJoint=4.60u pairs=30  (palette-wide exactWorst=7.99u)
[HANDS_ATTACH] mesh='hands_naked.mesh' owner='hands_naked.mesh' frame=2707 nb=38 wext=86.0 rebound=1
  TIER1 rest-coherence: worst=3.1deg bone[2]='bone_R-pinky03.mesh' count(>5deg)=0 freshRecap=0  xcheck(invOff-vs-restW) worst=3.1deg bone[2]
  TIER2 joint-attach(PRIMARY): worst=84.65u bone[17]='bone_R-ringfinger02.mesh' parent[15] R=46.7 exactJoint=0.00u pairs=30  (palette-wide exactWorst=7.41u)
[HANDS_ATTACH] mesh='hands_naked.mesh' owner='hands_naked.mesh' frame=2709 nb=40 wext=76.5 rebound=1
  TIER1 rest-coherence: worst=3.1deg bone[2]='bone_R-foreTwist2.mesh' count(>5deg)=0 freshRecap=0  xcheck(invOff-vs-restW) worst=3.1deg bone[2]
  TIER2 joint-attach(PRIMARY): worst=41.88u bone[12]='bone_L-middlefinger02.mesh' parent[25] R=41.0 exactJoint=2.83u pairs=36  (palette-wide exactWorst=5.79u)
[HANDS_ATTACH] mesh='hands_naked.mesh' owner='hands_naked.mesh' frame=2711 nb=38 wext=73.7 rebound=1
  TIER1 rest-coherence: worst=3.1deg bone[2]='bone_R-pinky03.mesh' count(>5deg)=0 freshRecap=0  xcheck(invOff-vs-restW) worst=3.1deg bone[2]
  TIER2 joint-attach(PRIMARY): worst=59.29u bone[26]='bone_L-middlefinger02.mesh' parent[23] R=46.8 exactJoint=4.60u pairs=30  (palette-wide exactWorst=7.99u)
[HANDS_ATTACH] mesh='hands_naked.mesh' owner='hands_naked.mesh' frame=2717 nb=38 wext=86.0 rebound=1
  TIER1 rest-coherence: worst=3.1deg bone[2]='bone_R-pinky03.mesh' count(>5deg)=0 freshRecap=0  xcheck(invOff-vs-restW) worst=3.1deg bone[2]
  TIER2 joint-attach(PRIMARY): worst=84.65u bone[17]='bone_R-ringfinger02.mesh' parent[15] R=46.7 exactJoint=0.00u pairs=30  (palette-wide exactWorst=7.41u)
[HANDS_ATTACH] mesh='hands_naked.mesh' owner='hands_naked.mesh' frame=2719 nb=40 wext=76.5 rebound=1
  TIER1 rest-coherence: worst=3.1deg bone[2]='bone_R-foreTwist2.mesh' count(>5deg)=0 freshRecap=0  xcheck(invOff-vs-restW) worst=3.1deg bone[2]
  TIER2 joint-attach(PRIMARY): worst=41.88u bone[12]='bone_L-middlefinger02.mesh' parent[25] R=41.0 exactJoint=2.83u pairs=36  (palette-wide exactWorst=5.79u)
[HANDS_ATTACH] mesh='hands_naked.mesh' owner='hands_naked.mesh' frame=2721 nb=38 wext=73.7 rebound=1
  TIER1 rest-coherence: worst=3.1deg bone[2]='bone_R-pinky03.mesh' count(>5deg)=0 freshRecap=0  xcheck(invOff-vs-restW) worst=3.1deg bone[2]
  TIER2 joint-attach(PRIMARY): worst=59.29u bone[26]='bone_L-middlefinger02.mesh' parent[23] R=46.8 exactJoint=4.60u pairs=30  (palette-wide exactWorst=7.99u)
[HANDS_ATTACH] mesh='hands_naked.mesh' owner='hands_naked.mesh' frame=2727 nb=38 wext=86.0 rebound=1
  TIER1 rest-coherence: worst=3.1deg bone[2]='bone_R-pinky03.mesh' count(>5deg)=0 freshRecap=0  xcheck(invOff-vs-restW) worst=3.1deg bone[2]
  TIER2 joint-attach(PRIMARY): worst=84.65u bone[17]='bone_R-ringfinger02.mesh' parent[15] R=46.7 exactJoint=0.00u pairs=30  (palette-wide exactWorst=7.41u)
[HANDS_ATTACH] mesh='hands_naked.mesh' owner='hands_naked.mesh' frame=2729 nb=40 wext=76.5 rebound=1
  TIER1 rest-coherence: worst=3.1deg bone[2]='bone_R-foreTwist2.mesh' count(>5deg)=0 freshRecap=0  xcheck(invOff-vs-restW) worst=3.1deg bone[2]
  TIER2 joint-attach(PRIMARY): worst=41.88u bone[12]='bone_L-middlefinger02.mesh' parent[25] R=41.0 exactJoint=2.83u pairs=36  (palette-wide exactWorst=5.79u)
[HANDS_ATTACH] mesh='hands_naked.mesh' owner='hands_naked.mesh' frame=2731 nb=38 wext=70.8 rebound=1
  TIER1 rest-coherence: worst=3.1deg bone[2]='bone_R-pinky03.mesh' count(>5deg)=0 freshRecap=0  xcheck(invOff-vs-restW) worst=3.1deg bone[2]
  TIER2 joint-attach(PRIMARY): worst=61.54u bone[3]='bone_R-index02.mesh' parent[8] R=47.0 exactJoint=2.29u pairs=30  (palette-wide exactWorst=8.39u)
[HANDS_ATTACH] mesh='hands_naked.mesh' owner='hands_naked.mesh' frame=2737 nb=38 wext=81.0 rebound=1
  TIER1 rest-coherence: worst=3.1deg bone[2]='bone_R-pinky03.mesh' count(>5deg)=0 freshRecap=0  xcheck(invOff-vs-restW) worst=3.1deg bone[2]
  TIER2 joint-attach(PRIMARY): worst=85.00u bone[17]='bone_R-ringfinger02.mesh' parent[15] R=46.7 exactJoint=0.00u pairs=30  (palette-wide exactWorst=7.58u)
[HANDS_ATTACH] mesh='hands_naked.mesh' owner='hands_naked.mesh' frame=2739 nb=40 wext=44.9 rebound=1
  TIER1 rest-coherence: worst=3.1deg bone[2]='bone_R-foreTwist2.mesh' count(>5deg)=0 freshRecap=0  xcheck(invOff-vs-restW) worst=3.1deg bone[2]
  TIER2 joint-attach(PRIMARY): worst=61.09u bone[16]='bone_R-thumb01.mesh' parent[1] R=42.9 exactJoint=2.71u pairs=36  (palette-wide exactWorst=5.79u)
[HANDS_ATTACH] mesh='hands_naked.mesh' owner='hands_naked.mesh' frame=2741 nb=38 wext=68.2 rebound=1
  TIER1 rest-coherence: worst=3.1deg bone[2]='bone_R-pinky03.mesh' count(>5deg)=0 freshRecap=0  xcheck(invOff-vs-restW) worst=3.1deg bone[2]
  TIER2 joint-attach(PRIMARY): worst=79.60u bone[3]='bone_R-index02.mesh' parent[8] R=47.0 exactJoint=0.24u pairs=30  (palette-wide exactWorst=8.93u)
[HANDS_ATTACH] mesh='hands_naked.mesh' owner='hands_naked.mesh' frame=2747 nb=38 wext=79.6 rebound=1
  TIER1 rest-coherence: worst=3.1deg bone[2]='bone_R-pinky03.mesh' count(>5deg)=0 freshRecap=0  xcheck(invOff-vs-restW) worst=3.1deg bone[2]
  TIER2 joint-attach(PRIMARY): worst=84.78u bone[17]='bone_R-ringfinger02.mesh' parent[15] R=46.7 exactJoint=0.00u pairs=30  (palette-wide exactWorst=7.42u)
[HANDS_ATTACH] mesh='hands_naked.mesh' owner='hands_naked.mesh' frame=2749 nb=40 wext=41.8 rebound=1
  TIER1 rest-coherence: worst=3.1deg bone[2]='bone_R-foreTwist2.mesh' count(>5deg)=0 freshRecap=0  xcheck(invOff-vs-restW) worst=3.1deg bone[2]
  TIER2 joint-attach(PRIMARY): worst=62.15u bone[16]='bone_R-thumb01.mesh' parent[1] R=42.9 exactJoint=1.02u pairs=36  (palette-wide exactWorst=5.79u)
[HANDS_ATTACH] mesh='hands_naked.mesh' owner='hands_naked.mesh' frame=2751 nb=38 wext=76.8 rebound=1
  TIER1 rest-coherence: worst=3.1deg bone[2]='bone_R-pinky03.mesh' count(>5deg)=0 freshRecap=0  xcheck(invOff-vs-restW) worst=3.1deg bone[2]
  TIER2 joint-attach(PRIMARY): worst=92.73u bone[11]='bone_R-middlefinger02.mesh' parent[1] R=46.8 exactJoint=4.10u pairs=30  (palette-wide exactWorst=7.52u)
[HANDS_ATTACH] mesh='hands_naked.mesh' owner='hands_naked.mesh' frame=2757 nb=38 wext=79.5 rebound=1
  TIER1 rest-coherence: worst=3.1deg bone[2]='bone_R-pinky03.mesh' count(>5deg)=0 freshRecap=0  xcheck(invOff-vs-restW) worst=3.1deg bone[2]
  TIER2 joint-attach(PRIMARY): worst=84.78u bone[17]='bone_R-ringfinger02.mesh' parent[15] R=46.7 exactJoint=0.00u pairs=30  (palette-wide exactWorst=7.42u)
[HANDS_ATTACH] mesh='hands_naked.mesh' owner='hands_naked.mesh' frame=2759 nb=40 wext=51.4 rebound=1
  TIER1 rest-coherence: worst=3.1deg bone[2]='bone_R-foreTwist2.mesh' count(>5deg)=0 freshRecap=0  xcheck(invOff-vs-restW) worst=3.1deg bone[2]
  TIER2 joint-attach(PRIMARY): worst=62.17u bone[16]='bone_R-thumb01.mesh' parent[1] R=42.9 exactJoint=0.98u pairs=36  (palette-wide exactWorst=5.79u)
[HANDS_ATTACH] mesh='hands_naked.mesh' owner='hands_naked.mesh' frame=2761 nb=38 wext=72.1 rebound=1
  TIER1 rest-coherence: worst=3.1deg bone[2]='bone_R-pinky03.mesh' count(>5deg)=0 freshRecap=0  xcheck(invOff-vs-restW) worst=3.1deg bone[2]
  TIER2 joint-attach(PRIMARY): worst=83.46u bone[11]='bone_R-middlefinger02.mesh' parent[1] R=46.8 exactJoint=6.09u pairs=30  (palette-wide exactWorst=8.44u)
[HANDS_ATTACH] mesh='hands_naked.mesh' owner='hands_naked.mesh' frame=2767 nb=38 wext=79.6 rebound=1
  TIER1 rest-coherence: worst=3.1deg bone[2]='bone_R-pinky03.mesh' count(>5deg)=0 freshRecap=0  xcheck(invOff-vs-restW) worst=3.1deg bone[2]
  TIER2 joint-attach(PRIMARY): worst=84.66u bone[17]='bone_R-ringfinger02.mesh' parent[15] R=46.7 exactJoint=0.00u pairs=30  (palette-wide exactWorst=7.41u)
[HANDS_ATTACH] mesh='hands_naked.mesh' owner='hands_naked.mesh' frame=2769 nb=40 wext=54.9 rebound=1
  TIER1 rest-coherence: worst=3.1deg bone[2]='bone_R-foreTwist2.mesh' count(>5deg)=0 freshRecap=0  xcheck(invOff-vs-restW) worst=3.1deg bone[2]
  TIER2 joint-attach(PRIMARY): worst=62.17u bone[16]='bone_R-thumb01.mesh' parent[1] R=42.9 exactJoint=0.98u pairs=36  (palette-wide exactWorst=5.79u)
[HANDS_ATTACH] mesh='hands_naked.mesh' owner='hands_naked.mesh' frame=2771 nb=38 wext=72.1 rebound=1
  TIER1 rest-coherence: worst=3.1deg bone[2]='bone_R-pinky03.mesh' count(>5deg)=0 freshRecap=0  xcheck(invOff-vs-restW) worst=3.1deg bone[2]
  TIER2 joint-attach(PRIMARY): worst=76.40u bone[3]='bone_R-index02.mesh' parent[8] R=47.0 exactJoint=1.80u pairs=30  (palette-wide exactWorst=8.63u)
[HANDS_ATTACH] mesh='hands_naked.mesh' owner='hands_naked.mesh' frame=2777 nb=38 wext=80.7 rebound=1
  TIER1 rest-coherence: worst=3.1deg bone[2]='bone_R-pinky03.mesh' count(>5deg)=0 freshRecap=0  xcheck(invOff-vs-restW) worst=3.1deg bone[2]
  TIER2 joint-attach(PRIMARY): worst=84.66u bone[17]='bone_R-ringfinger02.mesh' parent[15] R=46.7 exactJoint=0.00u pairs=30  (palette-wide exactWorst=7.42u)
[HANDS_ATTACH] mesh='hands_naked.mesh' owner='hands_naked.mesh' frame=2779 nb=40 wext=52.1 rebound=1
  TIER1 rest-coherence: worst=3.1deg bone[2]='bone_R-foreTwist2.mesh' count(>5deg)=0 freshRecap=0  xcheck(invOff-vs-restW) worst=3.1deg bone[2]
  TIER2 joint-attach(PRIMARY): worst=62.17u bone[16]='bone_R-thumb01.mesh' parent[1] R=42.9 exactJoint=0.98u pairs=36  (palette-wide exactWorst=5.79u)
[HANDS_ATTACH] mesh='hands_naked.mesh' owner='hands_naked.mesh' frame=2781 nb=38 wext=72.8 rebound=1
  TIER1 rest-coherence: worst=3.1deg bone[2]='bone_R-pinky03.mesh' count(>5deg)=0 freshRecap=0  xcheck(invOff-vs-restW) worst=3.1deg bone[2]
  TIER2 joint-attach(PRIMARY): worst=65.06u bone[3]='bone_R-index02.mesh' parent[8] R=47.0 exactJoint=4.70u pairs=30  (palette-wide exactWorst=8.32u)
[HANDS_ATTACH] mesh='hands_naked.mesh' owner='hands_naked.mesh' frame=2787 nb=38 wext=82.8 rebound=1
  TIER1 rest-coherence: worst=3.1deg bone[2]='bone_R-pinky03.mesh' count(>5deg)=0 freshRecap=0  xcheck(invOff-vs-restW) worst=3.1deg bone[2]
  TIER2 joint-attach(PRIMARY): worst=84.69u bone[17]='bone_R-ringfinger02.mesh' parent[15] R=46.7 exactJoint=0.00u pairs=30  (palette-wide exactWorst=7.45u)
[HANDS_ATTACH] mesh='hands_naked.mesh' owner='hands_naked.mesh' frame=2789 nb=40 wext=47.9 rebound=1
  TIER1 rest-coherence: worst=3.1deg bone[2]='bone_R-foreTwist2.mesh' count(>5deg)=0 freshRecap=0  xcheck(invOff-vs-restW) worst=3.1deg bone[2]
  TIER2 joint-attach(PRIMARY): worst=62.17u bone[16]='bone_R-thumb01.mesh' parent[1] R=42.9 exactJoint=0.98u pairs=36  (palette-wide exactWorst=5.79u)
[HANDS_ATTACH] mesh='hands_naked.mesh' owner='hands_naked.mesh' frame=2791 nb=38 wext=66.3 rebound=1
  TIER1 rest-coherence: worst=3.1deg bone[2]='bone_R-pinky03.mesh' count(>5deg)=0 freshRecap=0  xcheck(invOff-vs-restW) worst=3.1deg bone[2]
  TIER2 joint-attach(PRIMARY): worst=63.88u bone[3]='bone_R-index02.mesh' parent[8] R=47.0 exactJoint=5.12u pairs=30  (palette-wide exactWorst=8.42u)
[HANDS_ATTACH] mesh='hands_naked.mesh' owner='hands_naked.mesh' frame=2797 nb=38 wext=83.0 rebound=1
  TIER1 rest-coherence: worst=3.1deg bone[2]='bone_R-pinky03.mesh' count(>5deg)=0 freshRecap=0  xcheck(invOff-vs-restW) worst=3.1deg bone[2]
  TIER2 joint-attach(PRIMARY): worst=84.27u bone[17]='bone_R-ringfinger02.mesh' parent[15] R=46.7 exactJoint=0.00u pairs=30  (palette-wide exactWorst=7.49u)
[HANDS_ATTACH] mesh='hands_naked.mesh' owner='hands_naked.mesh' frame=2799 nb=40 wext=44.3 rebound=1
  TIER1 rest-coherence: worst=3.1deg bone[2]='bone_R-foreTwist2.mesh' count(>5deg)=0 freshRecap=0  xcheck(invOff-vs-restW) worst=3.1deg bone[2]
  TIER2 joint-attach(PRIMARY): worst=62.17u bone[16]='bone_R-thumb01.mesh' parent[1] R=42.9 exactJoint=0.98u pairs=36  (palette-wide exactWorst=5.79u)
[HANDS_ATTACH] mesh='hands_naked.mesh' owner='hands_naked.mesh' frame=2801 nb=38 wext=73.9 rebound=1
  TIER1 rest-coherence: worst=3.1deg bone[2]='bone_R-pinky03.mesh' count(>5deg)=0 freshRecap=0  xcheck(invOff-vs-restW) worst=3.1deg bone[2]
  TIER2 joint-attach(PRIMARY): worst=65.67u bone[18]='bone_R-pinky02.mesh' parent[14] R=46.7 exactJoint=0.01u pairs=30  (palette-wide exactWorst=8.82u)
[HANDS_ATTACH] mesh='hands_naked.mesh' owner='hands_naked.mesh' frame=2807 nb=38 wext=81.5 rebound=1
  TIER1 rest-coherence: worst=3.1deg bone[2]='bone_R-pinky03.mesh' count(>5deg)=0 freshRecap=0  xcheck(invOff-vs-restW) worst=3.1deg bone[2]
  TIER2 joint-attach(PRIMARY): worst=84.70u bone[17]='bone_R-ringfinger02.mesh' parent[15] R=46.7 exactJoint=0.00u pairs=30  (palette-wide exactWorst=7.39u)
[HANDS_ATTACH] mesh='hands_naked.mesh' owner='hands_naked.mesh' frame=2809 nb=40 wext=44.3 rebound=1
  TIER1 rest-coherence: worst=3.1deg bone[2]='bone_R-foreTwist2.mesh' count(>5deg)=0 freshRecap=0  xcheck(invOff-vs-restW) worst=3.1deg bone[2]
  TIER2 joint-attach(PRIMARY): worst=59.67u bone[16]='bone_R-thumb01.mesh' parent[1] R=42.9 exactJoint=0.02u pairs=36  (palette-wide exactWorst=6.63u)
[HANDS_ATTACH] mesh='hands_naked.mesh' owner='hands_naked.mesh' frame=2811 nb=38 wext=68.5 rebound=1
  TIER1 rest-coherence: worst=3.1deg bone[2]='bone_R-pinky03.mesh' count(>5deg)=0 freshRecap=0  xcheck(invOff-vs-restW) worst=3.1deg bone[2]
  TIER2 joint-attach(PRIMARY): worst=62.20u bone[3]='bone_R-index02.mesh' parent[8] R=47.0 exactJoint=5.78u pairs=30  (palette-wide exactWorst=8.72u)
[HANDS_ATTACH] mesh='hands_naked.mesh' owner='hands_naked.mesh' frame=2817 nb=38 wext=80.2 rebound=1
  TIER1 rest-coherence: worst=3.1deg bone[2]='bone_R-pinky03.mesh' count(>5deg)=0 freshRecap=0  xcheck(invOff-vs-restW) worst=3.1deg bone[2]
  TIER2 joint-attach(PRIMARY): worst=84.89u bone[17]='bone_R-ringfinger02.mesh' parent[15] R=46.7 exactJoint=0.00u pairs=30  (palette-wide exactWorst=7.38u)
[HANDS_ATTACH] mesh='hands_naked.mesh' owner='hands_naked.mesh' frame=2819 nb=40 wext=61.4 rebound=1
  TIER1 rest-coherence: worst=3.1deg bone[2]='bone_R-foreTwist2.mesh' count(>5deg)=0 freshRecap=0  xcheck(invOff-vs-restW) worst=3.1deg bone[2]
  TIER2 joint-attach(PRIMARY): worst=63.02u bone[5]='bone_R-ringfinger02.mesh' parent[24] R=41.1 exactJoint=0.02u pairs=36  (palette-wide exactWorst=7.44u)
[HANDS_ATTACH] mesh='hands_naked.mesh' owner='hands_naked.mesh' frame=2821 nb=38 wext=61.4 rebound=1
  TIER1 rest-coherence: worst=3.1deg bone[2]='bone_R-pinky03.mesh' count(>5deg)=0 freshRecap=0  xcheck(invOff-vs-restW) worst=3.1deg bone[2]
  TIER2 joint-attach(PRIMARY): worst=61.32u bone[3]='bone_R-index02.mesh' parent[8] R=47.0 exactJoint=6.09u pairs=30  (palette-wide exactWorst=8.68u)
[HANDS_ATTACH] mesh='hands_naked.mesh' owner='hands_naked.mesh' frame=2827 nb=38 wext=78.4 rebound=1
  TIER1 rest-coherence: worst=3.1deg bone[2]='bone_R-pinky03.mesh' count(>5deg)=0 freshRecap=0  xcheck(invOff-vs-restW) worst=3.1deg bone[2]
  TIER2 joint-attach(PRIMARY): worst=84.89u bone[17]='bone_R-ringfinger02.mesh' parent[15] R=46.7 exactJoint=0.00u pairs=30  (palette-wide exactWorst=7.38u)
[HANDS_ATTACH] mesh='hands_naked.mesh' owner='hands_naked.mesh' frame=2829 nb=40 wext=65.5 rebound=1
  TIER1 rest-coherence: worst=3.1deg bone[2]='bone_R-foreTwist2.mesh' count(>5deg)=0 freshRecap=0  xcheck(invOff-vs-restW) worst=3.1deg bone[2]
  TIER2 joint-attach(PRIMARY): worst=61.41u bone[5]='bone_R-ringfinger02.mesh' parent[24] R=41.1 exactJoint=0.02u pairs=36  (palette-wide exactWorst=6.72u)
[HANDS_ATTACH] mesh='hands_naked.mesh' owner='hands_naked.mesh' frame=2831 nb=38 wext=61.4 rebound=1
  TIER1 rest-coherence: worst=3.1deg bone[2]='bone_R-pinky03.mesh' count(>5deg)=0 freshRecap=0  xcheck(invOff-vs-restW) worst=3.1deg bone[2]
  TIER2 joint-attach(PRIMARY): worst=65.23u bone[3]='bone_R-index02.mesh' parent[8] R=47.0 exactJoint=5.51u pairs=30  (palette-wide exactWorst=8.50u)
[HANDS_ATTACH] mesh='hands_naked.mesh' owner='hands_naked.mesh' frame=2837 nb=38 wext=76.3 rebound=1
  TIER1 rest-coherence: worst=3.1deg bone[2]='bone_R-pinky03.mesh' count(>5deg)=0 freshRecap=0  xcheck(invOff-vs-restW) worst=3.1deg bone[2]
  TIER2 joint-attach(PRIMARY): worst=84.89u bone[17]='bone_R-ringfinger02.mesh' parent[15] R=46.7 exactJoint=0.00u pairs=30  (palette-wide exactWorst=7.38u)
[HANDS_ATTACH] mesh='hands_naked.mesh' owner='hands_naked.mesh' frame=2839 nb=40 wext=69.2 rebound=1
  TIER1 rest-coherence: worst=3.1deg bone[2]='bone_R-foreTwist2.mesh' count(>5deg)=0 freshRecap=0  xcheck(invOff-vs-restW) worst=3.1deg bone[2]
  TIER2 joint-attach(PRIMARY): worst=53.46u bone[5]='bone_R-ringfinger02.mesh' parent[24] R=41.1 exactJoint=0.02u pairs=36  (palette-wide exactWorst=6.72u)
[HANDS_ATTACH] mesh='hands_naked.mesh' owner='hands_naked.mesh' frame=2841 nb=38 wext=58.7 rebound=1
  TIER1 rest-coherence: worst=3.1deg bone[2]='bone_R-pinky03.mesh' count(>5deg)=0 freshRecap=0  xcheck(invOff-vs-restW) worst=3.1deg bone[2]
  TIER2 joint-attach(PRIMARY): worst=75.78u bone[3]='bone_R-index02.mesh' parent[8] R=47.0 exactJoint=3.37u pairs=30  (palette-wide exactWorst=8.14u)
[HANDS_ATTACH] mesh='hands_naked.mesh' owner='hands_naked.mesh' frame=2847 nb=38 wext=76.3 rebound=1
  TIER1 rest-coherence: worst=3.1deg bone[2]='bone_R-pinky03.mesh' count(>5deg)=0 freshRecap=0  xcheck(invOff-vs-restW) worst=3.1deg bone[2]
  TIER2 joint-attach(PRIMARY): worst=84.89u bone[17]='bone_R-ringfinger02.mesh' parent[15] R=46.7 exactJoint=0.00u pairs=30  (palette-wide exactWorst=7.38u)
[HANDS_ATTACH] mesh='hands_naked.mesh' owner='hands_naked.mesh' frame=2849 nb=40 wext=68.0 rebound=1
  TIER1 rest-coherence: worst=3.1deg bone[2]='bone_R-foreTwist2.mesh' count(>5deg)=0 freshRecap=0  xcheck(invOff-vs-restW) worst=3.1deg bone[2]
  TIER2 joint-attach(PRIMARY): worst=77.27u bone[5]='bone_R-ringfinger02.mesh' parent[24] R=41.1 exactJoint=0.02u pairs=36  (palette-wide exactWorst=6.72u)
[HANDS_ATTACH] mesh='hands_naked.mesh' owner='hands_naked.mesh' frame=2851 nb=38 wext=64.8 rebound=1
  TIER1 rest-coherence: worst=3.1deg bone[2]='bone_R-pinky03.mesh' count(>5deg)=0 freshRecap=0  xcheck(invOff-vs-restW) worst=3.1deg bone[2]
  TIER2 joint-attach(PRIMARY): worst=69.16u bone[13]='bone_R-hand.mesh' parent[5] R=49.3 exactJoint=0.01u pairs=30  (palette-wide exactWorst=7.99u)
[HANDS_ATTACH] mesh='hands_naked.mesh' owner='hands_naked.mesh' frame=2857 nb=38 wext=77.9 rebound=1
  TIER1 rest-coherence: worst=3.1deg bone[2]='bone_R-pinky03.mesh' count(>5deg)=0 freshRecap=0  xcheck(invOff-vs-restW) worst=3.1deg bone[2]
  TIER2 joint-attach(PRIMARY): worst=84.89u bone[17]='bone_R-ringfinger02.mesh' parent[15] R=46.7 exactJoint=0.00u pairs=30  (palette-wide exactWorst=7.38u)
[HANDS_ATTACH] mesh='hands_naked.mesh' owner='hands_naked.mesh' frame=2859 nb=40 wext=69.6 rebound=1
  TIER1 rest-coherence: worst=3.1deg bone[2]='bone_R-foreTwist2.mesh' count(>5deg)=0 freshRecap=0  xcheck(invOff-vs-restW) worst=3.1deg bone[2]
  TIER2 joint-attach(PRIMARY): worst=78.89u bone[0]='bone_R-middlefinger02.mesh' parent[4] R=41.0 exactJoint=1.43u pairs=36  (palette-wide exactWorst=7.43u)
[HANDS_ATTACH] mesh='hands_naked.mesh' owner='hands_naked.mesh' frame=2861 nb=38 wext=67.2 rebound=1
  TIER1 rest-coherence: worst=3.1deg bone[2]='bone_R-pinky03.mesh' count(>5deg)=0 freshRecap=0  xcheck(invOff-vs-restW) worst=3.1deg bone[2]
  TIER2 joint-attach(PRIMARY): worst=83.89u bone[13]='bone_R-hand.mesh' parent[5] R=49.3 exactJoint=0.01u pairs=30  (palette-wide exactWorst=8.85u)
[HANDS_ATTACH] mesh='hands_naked.mesh' owner='hands_naked.mesh' frame=2867 nb=38 wext=79.5 rebound=1
  TIER1 rest-coherence: worst=3.1deg bone[2]='bone_R-pinky03.mesh' count(>5deg)=0 freshRecap=0  xcheck(invOff-vs-restW) worst=3.1deg bone[2]
  TIER2 joint-attach(PRIMARY): worst=84.91u bone[17]='bone_R-ringfinger02.mesh' parent[15] R=46.7 exactJoint=0.00u pairs=30  (palette-wide exactWorst=7.40u)
[HANDS_ATTACH] mesh='hands_naked.mesh' owner='hands_naked.mesh' frame=2869 nb=40 wext=73.7 rebound=1
  TIER1 rest-coherence: worst=3.1deg bone[2]='bone_R-foreTwist2.mesh' count(>5deg)=0 freshRecap=0  xcheck(invOff-vs-restW) worst=3.1deg bone[2]
  TIER2 joint-attach(PRIMARY): worst=61.69u bone[5]='bone_R-ringfinger02.mesh' parent[24] R=41.1 exactJoint=3.78u pairs=36  (palette-wide exactWorst=6.72u)
[HANDS_ATTACH] mesh='hands_naked.mesh' owner='hands_naked.mesh' frame=2871 nb=38 wext=70.6 rebound=1
  TIER1 rest-coherence: worst=3.1deg bone[2]='bone_R-pinky03.mesh' count(>5deg)=0 freshRecap=0  xcheck(invOff-vs-restW) worst=3.1deg bone[2]
  TIER2 joint-attach(PRIMARY): worst=59.29u bone[26]='bone_L-middlefinger02.mesh' parent[23] R=46.8 exactJoint=4.60u pairs=30  (palette-wide exactWorst=8.53u)
[HANDS_ATTACH] mesh='hands_naked.mesh' owner='hands_naked.mesh' frame=2877 nb=38 wext=81.8 rebound=1
  TIER1 rest-coherence: worst=3.1deg bone[2]='bone_R-pinky03.mesh' count(>5deg)=0 freshRecap=0  xcheck(invOff-vs-restW) worst=3.1deg bone[2]
  TIER2 joint-attach(PRIMARY): worst=84.27u bone[17]='bone_R-ringfinger02.mesh' parent[15] R=46.7 exactJoint=0.00u pairs=30  (palette-wide exactWorst=7.48u)
[HANDS_ATTACH] mesh='hands_naked.mesh' owner='hands_naked.mesh' frame=2879 nb=40 wext=75.0 rebound=1
  TIER1 rest-coherence: worst=3.1deg bone[2]='bone_R-foreTwist2.mesh' count(>5deg)=0 freshRecap=0  xcheck(invOff-vs-restW) worst=3.1deg bone[2]
  TIER2 joint-attach(PRIMARY): worst=46.19u bone[12]='bone_L-middlefinger02.mesh' parent[25] R=41.0 exactJoint=0.01u pairs=36  (palette-wide exactWorst=6.72u)
[HANDS_ATTACH] mesh='hands_naked.mesh' owner='hands_naked.mesh' frame=2881 nb=38 wext=65.2 rebound=1
  TIER1 rest-coherence: worst=3.1deg bone[2]='bone_R-pinky03.mesh' count(>5deg)=0 freshRecap=0  xcheck(invOff-vs-restW) worst=3.1deg bone[2]
  TIER2 joint-attach(PRIMARY): worst=71.52u bone[13]='bone_R-hand.mesh' parent[5] R=49.3 exactJoint=0.01u pairs=30  (palette-wide exactWorst=8.45u)
[HANDS_ATTACH] mesh='hands_naked.mesh' owner='hands_naked.mesh' frame=2887 nb=38 wext=83.3 rebound=1
  TIER1 rest-coherence: worst=3.1deg bone[2]='bone_R-pinky03.mesh' count(>5deg)=0 freshRecap=0  xcheck(invOff-vs-restW) worst=3.1deg bone[2]
  TIER2 joint-attach(PRIMARY): worst=84.93u bone[17]='bone_R-ringfinger02.mesh' parent[15] R=46.7 exactJoint=0.00u pairs=30  (palette-wide exactWorst=7.46u)
[HANDS_ATTACH] mesh='hands_naked.mesh' owner='hands_naked.mesh' frame=2889 nb=40 wext=74.8 rebound=1
  TIER1 rest-coherence: worst=3.1deg bone[2]='bone_R-foreTwist2.mesh' count(>5deg)=0 freshRecap=0  xcheck(invOff-vs-restW) worst=3.1deg bone[2]
  TIER2 joint-attach(PRIMARY): worst=46.19u bone[12]='bone_L-middlefinger02.mesh' parent[25] R=41.0 exactJoint=0.01u pairs=36  (palette-wide exactWorst=6.72u)
[HANDS_ATTACH] mesh='hands_naked.mesh' owner='hands_naked.mesh' frame=2891 nb=38 wext=63.7 rebound=1
  TIER1 rest-coherence: worst=3.1deg bone[2]='bone_R-pinky03.mesh' count(>5deg)=0 freshRecap=0  xcheck(invOff-vs-restW) worst=3.1deg bone[2]
  TIER2 joint-attach(PRIMARY): worst=59.29u bone[26]='bone_L-middlefinger02.mesh' parent[23] R=46.8 exactJoint=4.60u pairs=30  (palette-wide exactWorst=8.87u)
[HANDS_ATTACH] mesh='hands_naked.mesh' owner='hands_naked.mesh' frame=2897 nb=38 wext=84.1 rebound=1
  TIER1 rest-coherence: worst=3.1deg bone[2]='bone_R-pinky03.mesh' count(>5deg)=0 freshRecap=0  xcheck(invOff-vs-restW) worst=3.1deg bone[2]
  TIER2 joint-attach(PRIMARY): worst=84.88u bone[17]='bone_R-ringfinger02.mesh' parent[15] R=46.7 exactJoint=0.00u pairs=30  (palette-wide exactWorst=7.46u)
[HANDS_ATTACH] mesh='hands_naked.mesh' owner='hands_naked.mesh' frame=2899 nb=40 wext=67.5 rebound=1
  TIER1 rest-coherence: worst=3.1deg bone[2]='bone_R-foreTwist2.mesh' count(>5deg)=0 freshRecap=0  xcheck(invOff-vs-restW) worst=3.1deg bone[2]
  TIER2 joint-attach(PRIMARY): worst=63.52u bone[5]='bone_R-ringfinger02.mesh' parent[24] R=41.1 exactJoint=2.80u pairs=36  (palette-wide exactWorst=6.72u)
[HANDS_ATTACH] mesh='hands_naked.mesh' owner='hands_naked.mesh' frame=2901 nb=38 wext=56.8 rebound=1
  TIER1 rest-coherence: worst=3.1deg bone[2]='bone_R-pinky03.mesh' count(>5deg)=0 freshRecap=0  xcheck(invOff-vs-restW) worst=3.1deg bone[2]
  TIER2 joint-attach(PRIMARY): worst=67.11u bone[13]='bone_R-hand.mesh' parent[5] R=49.3 exactJoint=0.01u pairs=30  (palette-wide exactWorst=8.33u)
[HANDS_ATTACH] mesh='hands_naked.mesh' owner='hands_naked.mesh' frame=2907 nb=38 wext=83.4 rebound=1
  TIER1 rest-coherence: worst=3.1deg bone[2]='bone_R-pinky03.mesh' count(>5deg)=0 freshRecap=0  xcheck(invOff-vs-restW) worst=3.1deg bone[2]
  TIER2 joint-attach(PRIMARY): worst=84.82u bone[17]='bone_R-ringfinger02.mesh' parent[15] R=46.7 exactJoint=0.00u pairs=30  (palette-wide exactWorst=7.43u)
[HANDS_ATTACH] mesh='hands_naked.mesh' owner='hands_naked.mesh' frame=2909 nb=40 wext=62.9 rebound=1
  TIER1 rest-coherence: worst=3.1deg bone[2]='bone_R-foreTwist2.mesh' count(>5deg)=0 freshRecap=0  xcheck(invOff-vs-restW) worst=3.1deg bone[2]
  TIER2 joint-attach(PRIMARY): worst=73.94u bone[0]='bone_R-middlefinger02.mesh' parent[4] R=41.0 exactJoint=5.11u pairs=36  (palette-wide exactWorst=6.72u)
[HANDS_ATTACH] mesh='hands_naked.mesh' owner='hands_naked.mesh' frame=2911 nb=38 wext=58.6 rebound=1
  TIER1 rest-coherence: worst=3.1deg bone[2]='bone_R-pinky03.mesh' count(>5deg)=0 freshRecap=0  xcheck(invOff-vs-restW) worst=3.1deg bone[2]
  TIER2 joint-attach(PRIMARY): worst=65.91u bone[13]='bone_R-hand.mesh' parent[5] R=49.3 exactJoint=0.01u pairs=30  (palette-wide exactWorst=7.99u)
[HANDS_ATTACH] mesh='hands_naked.mesh' owner='hands_naked.mesh' frame=2917 nb=38 wext=82.8 rebound=1
  TIER1 rest-coherence: worst=3.1deg bone[2]='bone_R-pinky03.mesh' count(>5deg)=0 freshRecap=0  xcheck(invOff-vs-restW) worst=3.1deg bone[2]
  TIER2 joint-attach(PRIMARY): worst=84.75u bone[17]='bone_R-ringfinger02.mesh' parent[15] R=46.7 exactJoint=0.00u pairs=30  (palette-wide exactWorst=7.44u)
[HANDS_ATTACH] mesh='hands_naked.mesh' owner='hands_naked.mesh' frame=2919 nb=40 wext=61.5 rebound=1
  TIER1 rest-coherence: worst=3.1deg bone[2]='bone_R-foreTwist2.mesh' count(>5deg)=0 freshRecap=0  xcheck(invOff-vs-restW) worst=3.1deg bone[2]
  TIER2 joint-attach(PRIMARY): worst=68.27u bone[0]='bone_R-middlefinger02.mesh' parent[4] R=41.0 exactJoint=6.87u pairs=36  (palette-wide exactWorst=6.87u)
[HANDS_ATTACH] mesh='hands_naked.mesh' owner='hands_naked.mesh' frame=2921 nb=38 wext=61.3 rebound=1
  TIER1 rest-coherence: worst=3.1deg bone[2]='bone_R-pinky03.mesh' count(>5deg)=0 freshRecap=0  xcheck(invOff-vs-restW) worst=3.1deg bone[2]
  TIER2 joint-attach(PRIMARY): worst=89.14u bone[13]='bone_R-hand.mesh' parent[5] R=49.3 exactJoint=0.01u pairs=30  (palette-wide exactWorst=8.64u)
[HANDS_ATTACH] mesh='hands_naked.mesh' owner='hands_naked.mesh' frame=2927 nb=38 wext=82.2 rebound=1
  TIER1 rest-coherence: worst=3.1deg bone[2]='bone_R-pinky03.mesh' count(>5deg)=0 freshRecap=0  xcheck(invOff-vs-restW) worst=3.1deg bone[2]
  TIER2 joint-attach(PRIMARY): worst=84.60u bone[17]='bone_R-ringfinger02.mesh' parent[15] R=46.7 exactJoint=0.00u pairs=30  (palette-wide exactWorst=7.50u)
[HANDS_ATTACH] mesh='hands_naked.mesh' owner='hands_naked.mesh' frame=2929 nb=40 wext=65.1 rebound=1
  TIER1 rest-coherence: worst=3.1deg bone[2]='bone_R-foreTwist2.mesh' count(>5deg)=0 freshRecap=0  xcheck(invOff-vs-restW) worst=3.1deg bone[2]
  TIER2 joint-attach(PRIMARY): worst=68.28u bone[0]='bone_R-middlefinger02.mesh' parent[4] R=41.0 exactJoint=6.66u pairs=36  (palette-wide exactWorst=6.72u)
[HANDS_ATTACH] mesh='hands_naked.mesh' owner='hands_naked.mesh' frame=2931 nb=38 wext=61.7 rebound=1
  TIER1 rest-coherence: worst=3.1deg bone[2]='bone_R-pinky03.mesh' count(>5deg)=0 freshRecap=0  xcheck(invOff-vs-restW) worst=3.1deg bone[2]
  TIER2 joint-attach(PRIMARY): worst=83.97u bone[13]='bone_R-hand.mesh' parent[5] R=49.3 exactJoint=0.01u pairs=30  (palette-wide exactWorst=8.79u)
[HANDS_ATTACH] mesh='hands_naked.mesh' owner='hands_naked.mesh' frame=2937 nb=38 wext=82.6 rebound=1
  TIER1 rest-coherence: worst=3.1deg bone[2]='bone_R-pinky03.mesh' count(>5deg)=0 freshRecap=0  xcheck(invOff-vs-restW) worst=3.1deg bone[2]
  TIER2 joint-attach(PRIMARY): worst=84.86u bone[17]='bone_R-ringfinger02.mesh' parent[15] R=46.7 exactJoint=0.00u pairs=30  (palette-wide exactWorst=7.51u)
[HANDS_ATTACH] mesh='hands_naked.mesh' owner='hands_naked.mesh' frame=2939 nb=40 wext=67.4 rebound=1
  TIER1 rest-coherence: worst=3.1deg bone[2]='bone_R-foreTwist2.mesh' count(>5deg)=0 freshRecap=0  xcheck(invOff-vs-restW) worst=3.1deg bone[2]
  TIER2 joint-attach(PRIMARY): worst=74.55u bone[0]='bone_R-middlefinger02.mesh' parent[4] R=41.0 exactJoint=3.87u pairs=36  (palette-wide exactWorst=7.51u)
[HANDS_ATTACH] mesh='hands_naked.mesh' owner='hands_naked.mesh' frame=2941 nb=38 wext=67.3 rebound=1
  TIER1 rest-coherence: worst=3.1deg bone[2]='bone_R-pinky03.mesh' count(>5deg)=0 freshRecap=0  xcheck(invOff-vs-restW) worst=3.1deg bone[2]
  TIER2 joint-attach(PRIMARY): worst=79.68u bone[13]='bone_R-hand.mesh' parent[5] R=49.3 exactJoint=0.01u pairs=30  (palette-wide exactWorst=8.57u)
[HANDS_ATTACH] mesh='hands_naked.mesh' owner='hands_naked.mesh' frame=2947 nb=38 wext=83.0 rebound=1
  TIER1 rest-coherence: worst=3.1deg bone[2]='bone_R-pinky03.mesh' count(>5deg)=0 freshRecap=0  xcheck(invOff-vs-restW) worst=3.1deg bone[2]
  TIER2 joint-attach(PRIMARY): worst=84.93u bone[17]='bone_R-ringfinger02.mesh' parent[15] R=46.7 exactJoint=0.00u pairs=30  (palette-wide exactWorst=7.41u)
[HANDS_ATTACH] mesh='hands_naked.mesh' owner='hands_naked.mesh' frame=2949 nb=40 wext=73.6 rebound=1
  TIER1 rest-coherence: worst=3.1deg bone[2]='bone_R-foreTwist2.mesh' count(>5deg)=0 freshRecap=0  xcheck(invOff-vs-restW) worst=3.1deg bone[2]
  TIER2 joint-attach(PRIMARY): worst=68.03u bone[5]='bone_R-ringfinger02.mesh' parent[24] R=41.1 exactJoint=0.02u pairs=36  (palette-wide exactWorst=7.35u)
[HANDS_ATTACH] mesh='hands_naked.mesh' owner='hands_naked.mesh' frame=2951 nb=38 wext=69.0 rebound=1
  TIER1 rest-coherence: worst=3.1deg bone[2]='bone_R-pinky03.mesh' count(>5deg)=0 freshRecap=0  xcheck(invOff-vs-restW) worst=3.1deg bone[2]
  TIER2 joint-attach(PRIMARY): worst=59.29u bone[26]='bone_L-middlefinger02.mesh' parent[23] R=46.8 exactJoint=4.60u pairs=30  (palette-wide exactWorst=7.99u)
[HANDS_ATTACH] mesh='hands_naked.mesh' owner='hands_naked.mesh' frame=2957 nb=38 wext=84.4 rebound=1
  TIER1 rest-coherence: worst=3.1deg bone[2]='bone_R-pinky03.mesh' count(>5deg)=0 freshRecap=0  xcheck(invOff-vs-restW) worst=3.1deg bone[2]
  TIER2 joint-attach(PRIMARY): worst=84.93u bone[17]='bone_R-ringfinger02.mesh' parent[15] R=46.7 exactJoint=0.00u pairs=30  (palette-wide exactWorst=7.41u)
[HANDS_ATTACH] mesh='hands_naked.mesh' owner='hands_naked.mesh' frame=2959 nb=40 wext=71.2 rebound=1
  TIER1 rest-coherence: worst=3.1deg bone[2]='bone_R-foreTwist2.mesh' count(>5deg)=0 freshRecap=0  xcheck(invOff-vs-restW) worst=3.1deg bone[2]
  TIER2 joint-attach(PRIMARY): worst=49.32u bone[5]='bone_R-ringfinger02.mesh' parent[24] R=41.1 exactJoint=0.02u pairs=36  (palette-wide exactWorst=6.72u)
[HANDS_ATTACH] mesh='hands_naked.mesh' owner='hands_naked.mesh' frame=2961 nb=38 wext=71.8 rebound=1
  TIER1 rest-coherence: worst=3.1deg bone[2]='bone_R-pinky03.mesh' count(>5deg)=0 freshRecap=0  xcheck(invOff-vs-restW) worst=3.1deg bone[2]
  TIER2 joint-attach(PRIMARY): worst=67.53u bone[17]='bone_R-ringfinger02.mesh' parent[15] R=46.7 exactJoint=0.00u pairs=30  (palette-wide exactWorst=7.99u)
[HANDS_ATTACH] mesh='hands_naked.mesh' owner='hands_naked.mesh' frame=2967 nb=38 wext=84.8 rebound=1
  TIER1 rest-coherence: worst=3.1deg bone[2]='bone_R-pinky03.mesh' count(>5deg)=0 freshRecap=0  xcheck(invOff-vs-restW) worst=3.1deg bone[2]
  TIER2 joint-attach(PRIMARY): worst=84.90u bone[17]='bone_R-ringfinger02.mesh' parent[15] R=46.7 exactJoint=0.00u pairs=30  (palette-wide exactWorst=7.40u)
[HANDS_ATTACH] mesh='hands_naked.mesh' owner='hands_naked.mesh' frame=2969 nb=40 wext=66.7 rebound=1
  TIER1 rest-coherence: worst=3.1deg bone[2]='bone_R-foreTwist2.mesh' count(>5deg)=0 freshRecap=0  xcheck(invOff-vs-restW) worst=3.1deg bone[2]
  TIER2 joint-attach(PRIMARY): worst=46.19u bone[12]='bone_L-middlefinger02.mesh' parent[25] R=41.0 exactJoint=0.01u pairs=36  (palette-wide exactWorst=6.72u)
[HANDS_ATTACH] mesh='hands_naked.mesh' owner='hands_naked.mesh' frame=2971 nb=38 wext=72.5 rebound=1
  TIER1 rest-coherence: worst=3.1deg bone[2]='bone_R-pinky03.mesh' count(>5deg)=0 freshRecap=0  xcheck(invOff-vs-restW) worst=3.1deg bone[2]
  TIER2 joint-attach(PRIMARY): worst=67.53u bone[17]='bone_R-ringfinger02.mesh' parent[15] R=46.7 exactJoint=0.00u pairs=30  (palette-wide exactWorst=7.99u)
[HANDS_ATTACH] mesh='hands_naked.mesh' owner='hands_naked.mesh' frame=2977 nb=38 wext=84.7 rebound=1
  TIER1 rest-coherence: worst=3.1deg bone[2]='bone_R-pinky03.mesh' count(>5deg)=0 freshRecap=0  xcheck(invOff-vs-restW) worst=3.1deg bone[2]
  TIER2 joint-attach(PRIMARY): worst=84.93u bone[17]='bone_R-ringfinger02.mesh' parent[15] R=46.7 exactJoint=0.00u pairs=30  (palette-wide exactWorst=7.41u)
[HANDS_ATTACH] mesh='hands_naked.mesh' owner='hands_naked.mesh' frame=2979 nb=40 wext=65.9 rebound=1
  TIER1 rest-coherence: worst=3.1deg bone[2]='bone_R-foreTwist2.mesh' count(>5deg)=0 freshRecap=0  xcheck(invOff-vs-restW) worst=3.1deg bone[2]
  TIER2 joint-attach(PRIMARY): worst=46.19u bone[12]='bone_L-middlefinger02.mesh' parent[25] R=41.0 exactJoint=0.01u pairs=36  (palette-wide exactWorst=6.72u)
[HANDS_ATTACH] mesh='hands_naked.mesh' owner='hands_naked.mesh' frame=2981 nb=38 wext=73.6 rebound=1
  TIER1 rest-coherence: worst=3.1deg bone[2]='bone_R-pinky03.mesh' count(>5deg)=0 freshRecap=0  xcheck(invOff-vs-restW) worst=3.1deg bone[2]
  TIER2 joint-attach(PRIMARY): worst=65.92u bone[17]='bone_R-ringfinger02.mesh' parent[15] R=46.7 exactJoint=0.37u pairs=30  (palette-wide exactWorst=7.99u)
[HANDS_ATTACH] mesh='hands_naked.mesh' owner='hands_naked.mesh' frame=2987 nb=38 wext=83.0 rebound=1
  TIER1 rest-coherence: worst=3.1deg bone[2]='bone_R-pinky03.mesh' count(>5deg)=0 freshRecap=0  xcheck(invOff-vs-restW) worst=3.1deg bone[2]
  TIER2 joint-attach(PRIMARY): worst=84.93u bone[17]='bone_R-ringfinger02.mesh' parent[15] R=46.7 exactJoint=0.00u pairs=30  (palette-wide exactWorst=7.40u)
[HANDS_ATTACH] mesh='hands_naked.mesh' owner='hands_naked.mesh' frame=2989 nb=40 wext=64.1 rebound=1
  TIER1 rest-coherence: worst=3.1deg bone[2]='bone_R-foreTwist2.mesh' count(>5deg)=0 freshRecap=0  xcheck(invOff-vs-restW) worst=3.1deg bone[2]
  TIER2 joint-attach(PRIMARY): worst=46.19u bone[12]='bone_L-middlefinger02.mesh' parent[25] R=41.0 exactJoint=0.01u pairs=36  (palette-wide exactWorst=6.72u)
[HANDS_ATTACH] mesh='hands_naked.mesh' owner='hands_naked.mesh' frame=2991 nb=38 wext=71.4 rebound=1
  TIER1 rest-coherence: worst=3.1deg bone[2]='bone_R-pinky03.mesh' count(>5deg)=0 freshRecap=0  xcheck(invOff-vs-restW) worst=3.1deg bone[2]
  TIER2 joint-attach(PRIMARY): worst=62.50u bone[17]='bone_R-ringfinger02.mesh' parent[15] R=46.7 exactJoint=1.13u pairs=30  (palette-wide exactWorst=7.99u)
[HANDS_ATTACH] mesh='hands_naked.mesh' owner='hands_naked.mesh' frame=2997 nb=38 wext=80.4 rebound=1
  TIER1 rest-coherence: worst=3.1deg bone[2]='bone_R-pinky03.mesh' count(>5deg)=0 freshRecap=0  xcheck(invOff-vs-restW) worst=3.1deg bone[2]
  TIER2 joint-attach(PRIMARY): worst=84.93u bone[17]='bone_R-ringfinger02.mesh' parent[15] R=46.7 exactJoint=0.00u pairs=30  (palette-wide exactWorst=7.40u)
[HANDS_ATTACH] mesh='hands_naked.mesh' owner='hands_naked.mesh' frame=2999 nb=40 wext=68.2 rebound=1
  TIER1 rest-coherence: worst=3.1deg bone[2]='bone_R-foreTwist2.mesh' count(>5deg)=0 freshRecap=0  xcheck(invOff-vs-restW) worst=3.1deg bone[2]
  TIER2 joint-attach(PRIMARY): worst=46.19u bone[12]='bone_L-middlefinger02.mesh' parent[25] R=41.0 exactJoint=0.01u pairs=36  (palette-wide exactWorst=6.72u)
[HANDS_ATTACH] mesh='hands_naked.mesh' owner='hands_naked.mesh' frame=3001 nb=38 wext=73.0 rebound=1
  TIER1 rest-coherence: worst=3.1deg bone[2]='bone_R-pinky03.mesh' count(>5deg)=0 freshRecap=0  xcheck(invOff-vs-restW) worst=3.1deg bone[2]
  TIER2 joint-attach(PRIMARY): worst=59.29u bone[26]='bone_L-middlefinger02.mesh' parent[23] R=46.8 exactJoint=4.60u pairs=30  (palette-wide exactWorst=7.99u)
[HANDS_ATTACH] mesh='hands_naked.mesh' owner='hands_naked.mesh' frame=3007 nb=38 wext=77.4 rebound=1
  TIER1 rest-coherence: worst=3.1deg bone[2]='bone_R-pinky03.mesh' count(>5deg)=0 freshRecap=0  xcheck(invOff-vs-restW) worst=3.1deg bone[2]
  TIER2 joint-attach(PRIMARY): worst=84.93u bone[17]='bone_R-ringfinger02.mesh' parent[15] R=46.7 exactJoint=0.00u pairs=30  (palette-wide exactWorst=7.40u)
[HANDS_ATTACH] mesh='hands_naked.mesh' owner='hands_naked.mesh' frame=3009 nb=40 wext=64.5 rebound=1
  TIER1 rest-coherence: worst=3.1deg bone[2]='bone_R-foreTwist2.mesh' count(>5deg)=0 freshRecap=0  xcheck(invOff-vs-restW) worst=3.1deg bone[2]
  TIER2 joint-attach(PRIMARY): worst=28.62u bone[5]='bone_R-ringfinger02.mesh' parent[24] R=41.1 exactJoint=0.02u pairs=36  (palette-wide exactWorst=0.03u)
[HANDS_ATTACH] mesh='hands_naked.mesh' owner='hands_naked.mesh' frame=3011 nb=38 wext=75.6 rebound=1
  TIER1 rest-coherence: worst=3.1deg bone[2]='bone_R-pinky03.mesh' count(>5deg)=0 freshRecap=0  xcheck(invOff-vs-restW) worst=3.1deg bone[2]
  TIER2 joint-attach(PRIMARY): worst=59.29u bone[26]='bone_L-middlefinger02.mesh' parent[23] R=46.8 exactJoint=4.60u pairs=30  (palette-wide exactWorst=7.99u)
[HANDS_ATTACH] mesh='hands_naked.mesh' owner='hands_naked.mesh' frame=3017 nb=38 wext=79.8 rebound=1
  TIER1 rest-coherence: worst=3.1deg bone[2]='bone_R-pinky03.mesh' count(>5deg)=0 freshRecap=0  xcheck(invOff-vs-restW) worst=3.1deg bone[2]
  TIER2 joint-attach(PRIMARY): worst=84.89u bone[17]='bone_R-ringfinger02.mesh' parent[15] R=46.7 exactJoint=0.00u pairs=30  (palette-wide exactWorst=7.73u)
[HANDS_ATTACH] mesh='hands_naked.mesh' owner='hands_naked.mesh' frame=3019 nb=40 wext=64.8 rebound=1
  TIER1 rest-coherence: worst=3.1deg bone[2]='bone_R-foreTwist2.mesh' count(>5deg)=0 freshRecap=0  xcheck(invOff-vs-restW) worst=3.1deg bone[2]
  TIER2 joint-attach(PRIMARY): worst=27.74u bone[5]='bone_R-ringfinger02.mesh' parent[24] R=41.1 exactJoint=0.02u pairs=36  (palette-wide exactWorst=0.03u)
[HANDS_ATTACH] mesh='hands_naked.mesh' owner='hands_naked.mesh' frame=3021 nb=38 wext=74.4 rebound=1
  TIER1 rest-coherence: worst=3.1deg bone[2]='bone_R-pinky03.mesh' count(>5deg)=0 freshRecap=0  xcheck(invOff-vs-restW) worst=3.1deg bone[2]
  TIER2 joint-attach(PRIMARY): worst=57.80u bone[32]='bone_L-ringfinger02.mesh' parent[27] R=46.7 exactJoint=6.42u pairs=30  (palette-wide exactWorst=7.82u)
[HANDS_ATTACH] mesh='hands_naked.mesh' owner='hands_naked.mesh' frame=3027 nb=38 wext=79.0 rebound=1
  TIER1 rest-coherence: worst=3.1deg bone[2]='bone_R-pinky03.mesh' count(>5deg)=0 freshRecap=0  xcheck(invOff-vs-restW) worst=3.1deg bone[2]
  TIER2 joint-attach(PRIMARY): worst=84.94u bone[17]='bone_R-ringfinger02.mesh' parent[15] R=46.7 exactJoint=0.00u pairs=30  (palette-wide exactWorst=7.76u)
[HANDS_ATTACH] mesh='hands_naked.mesh' owner='hands_naked.mesh' frame=3029 nb=40 wext=65.3 rebound=1
  TIER1 rest-coherence: worst=3.1deg bone[2]='bone_R-foreTwist2.mesh' count(>5deg)=0 freshRecap=0  xcheck(invOff-vs-restW) worst=3.1deg bone[2]
  TIER2 joint-attach(PRIMARY): worst=27.06u bone[5]='bone_R-ringfinger02.mesh' parent[24] R=41.1 exactJoint=0.02u pairs=36  (palette-wide exactWorst=0.03u)
[HANDS_ATTACH] mesh='hands_naked.mesh' owner='hands_naked.mesh' frame=3031 nb=38 wext=77.4 rebound=1
  TIER1 rest-coherence: worst=3.1deg bone[2]='bone_R-pinky03.mesh' count(>5deg)=0 freshRecap=0  xcheck(invOff-vs-restW) worst=3.1deg bone[2]
  TIER2 joint-attach(PRIMARY): worst=57.80u bone[32]='bone_L-ringfinger02.mesh' parent[27] R=46.7 exactJoint=6.42u pairs=30  (palette-wide exactWorst=8.19u)
[HANDS_ATTACH] mesh='hands_naked.mesh' owner='hands_naked.mesh' frame=3037 nb=38 wext=78.8 rebound=1
  TIER1 rest-coherence: worst=3.1deg bone[2]='bone_R-pinky03.mesh' count(>5deg)=0 freshRecap=0  xcheck(invOff-vs-restW) worst=3.1deg bone[2]
  TIER2 joint-attach(PRIMARY): worst=84.78u bone[17]='bone_R-ringfinger02.mesh' parent[15] R=46.7 exactJoint=0.00u pairs=30  (palette-wide exactWorst=7.80u)
[HANDS_ATTACH] mesh='hands_naked.mesh' owner='hands_naked.mesh' frame=3039 nb=40 wext=63.1 rebound=1
  TIER1 rest-coherence: worst=3.1deg bone[2]='bone_R-foreTwist2.mesh' count(>5deg)=0 freshRecap=0  xcheck(invOff-vs-restW) worst=3.1deg bone[2]
  TIER2 joint-attach(PRIMARY): worst=28.41u bone[16]='bone_R-thumb01.mesh' parent[1] R=42.9 exactJoint=0.02u pairs=36  (palette-wide exactWorst=0.03u)
[HANDS_ATTACH] mesh='hands_naked.mesh' owner='hands_naked.mesh' frame=3041 nb=38 wext=79.9 rebound=1
  TIER1 rest-coherence: worst=3.1deg bone[2]='bone_R-pinky03.mesh' count(>5deg)=0 freshRecap=0  xcheck(invOff-vs-restW) worst=3.1deg bone[2]
  TIER2 joint-attach(PRIMARY): worst=57.80u bone[32]='bone_L-ringfinger02.mesh' parent[27] R=46.7 exactJoint=6.42u pairs=30  (palette-wide exactWorst=8.87u)
[HANDS_ATTACH] mesh='hands_naked.mesh' owner='hands_naked.mesh' frame=3047 nb=38 wext=79.7 rebound=1
  TIER1 rest-coherence: worst=3.1deg bone[2]='bone_R-pinky03.mesh' count(>5deg)=0 freshRecap=0  xcheck(invOff-vs-restW) worst=3.1deg bone[2]
  TIER2 joint-attach(PRIMARY): worst=84.99u bone[17]='bone_R-ringfinger02.mesh' parent[15] R=46.7 exactJoint=0.00u pairs=30  (palette-wide exactWorst=7.86u)
[HANDS_ATTACH] mesh='hands_naked.mesh' owner='hands_naked.mesh' frame=3049 nb=40 wext=64.1 rebound=1
  TIER1 rest-coherence: worst=3.1deg bone[2]='bone_R-foreTwist2.mesh' count(>5deg)=0 freshRecap=0  xcheck(invOff-vs-restW) worst=3.1deg bone[2]
  TIER2 joint-attach(PRIMARY): worst=29.12u bone[16]='bone_R-thumb01.mesh' parent[1] R=42.9 exactJoint=0.02u pairs=36  (palette-wide exactWorst=0.03u)
[HANDS_ATTACH] mesh='hands_naked.mesh' owner='hands_naked.mesh' frame=3051 nb=38 wext=75.9 rebound=1
  TIER1 rest-coherence: worst=3.1deg bone[2]='bone_R-pinky03.mesh' count(>5deg)=0 freshRecap=0  xcheck(invOff-vs-restW) worst=3.1deg bone[2]
  TIER2 joint-attach(PRIMARY): worst=56.97u bone[32]='bone_L-ringfinger02.mesh' parent[27] R=46.7 exactJoint=6.65u pairs=30  (palette-wide exactWorst=7.77u)
[HANDS_ATTACH] mesh='hands_naked.mesh' owner='hands_naked.mesh' frame=3057 nb=38 wext=78.4 rebound=1
  TIER1 rest-coherence: worst=3.1deg bone[2]='bone_R-pinky03.mesh' count(>5deg)=0 freshRecap=0  xcheck(invOff-vs-restW) worst=3.1deg bone[2]
  TIER2 joint-attach(PRIMARY): worst=85.25u bone[17]='bone_R-ringfinger02.mesh' parent[15] R=46.7 exactJoint=0.00u pairs=30  (palette-wide exactWorst=7.81u)
[HANDS_ATTACH] mesh='hands_naked.mesh' owner='hands_naked.mesh' frame=3059 nb=40 wext=62.4 rebound=1
  TIER1 rest-coherence: worst=3.1deg bone[2]='bone_R-foreTwist2.mesh' count(>5deg)=0 freshRecap=0  xcheck(invOff-vs-restW) worst=3.1deg bone[2]
  TIER2 joint-attach(PRIMARY): worst=28.55u bone[16]='bone_R-thumb01.mesh' parent[1] R=42.9 exactJoint=0.02u pairs=36  (palette-wide exactWorst=0.03u)
[HANDS_ATTACH] mesh='hands_naked.mesh' owner='hands_naked.mesh' frame=3061 nb=38 wext=76.1 rebound=1
  TIER1 rest-coherence: worst=3.1deg bone[2]='bone_R-pinky03.mesh' count(>5deg)=0 freshRecap=0  xcheck(invOff-vs-restW) worst=3.1deg bone[2]
  TIER2 joint-attach(PRIMARY): worst=53.21u bone[32]='bone_L-ringfinger02.mesh' parent[27] R=46.7 exactJoint=7.52u pairs=30  (palette-wide exactWorst=8.66u)
[HANDS_ATTACH] mesh='hands_naked.mesh' owner='hands_naked.mesh' frame=3067 nb=38 wext=76.8 rebound=1
  TIER1 rest-coherence: worst=3.1deg bone[2]='bone_R-pinky03.mesh' count(>5deg)=0 freshRecap=0  xcheck(invOff-vs-restW) worst=3.1deg bone[2]
  TIER2 joint-attach(PRIMARY): worst=84.98u bone[17]='bone_R-ringfinger02.mesh' parent[15] R=46.7 exactJoint=0.00u pairs=30  (palette-wide exactWorst=7.69u)
[HANDS_ATTACH] mesh='hands_naked.mesh' owner='hands_naked.mesh' frame=3069 nb=40 wext=64.2 rebound=1
  TIER1 rest-coherence: worst=3.1deg bone[2]='bone_R-foreTwist2.mesh' count(>5deg)=0 freshRecap=0  xcheck(invOff-vs-restW) worst=3.1deg bone[2]
  TIER2 joint-attach(PRIMARY): worst=27.24u bone[5]='bone_R-ringfinger02.mesh' parent[24] R=41.1 exactJoint=0.02u pairs=36  (palette-wide exactWorst=0.03u)
[HANDS_ATTACH] mesh='hands_naked.mesh' owner='hands_naked.mesh' frame=3071 nb=38 wext=74.1 rebound=1
  TIER1 rest-coherence: worst=3.1deg bone[2]='bone_R-pinky03.mesh' count(>5deg)=0 freshRecap=0  xcheck(invOff-vs-restW) worst=3.1deg bone[2]
  TIER2 joint-attach(PRIMARY): worst=58.89u bone[13]='bone_R-hand.mesh' parent[5] R=49.3 exactJoint=0.01u pairs=30  (palette-wide exactWorst=8.89u)
[HANDS_ATTACH] mesh='hands_naked.mesh' owner='hands_naked.mesh' frame=3077 nb=38 wext=77.3 rebound=1
  TIER1 rest-coherence: worst=3.1deg bone[2]='bone_R-pinky03.mesh' count(>5deg)=0 freshRecap=0  xcheck(invOff-vs-restW) worst=3.1deg bone[2]
  TIER2 joint-attach(PRIMARY): worst=84.92u bone[17]='bone_R-ringfinger02.mesh' parent[15] R=46.7 exactJoint=0.00u pairs=30  (palette-wide exactWorst=7.40u)
[HANDS_ATTACH] mesh='hands_naked.mesh' owner='hands_naked.mesh' frame=3079 nb=40 wext=65.1 rebound=1
  TIER1 rest-coherence: worst=3.1deg bone[2]='bone_R-foreTwist2.mesh' count(>5deg)=0 freshRecap=0  xcheck(invOff-vs-restW) worst=3.1deg bone[2]
  TIER2 joint-attach(PRIMARY): worst=28.62u bone[5]='bone_R-ringfinger02.mesh' parent[24] R=41.1 exactJoint=0.02u pairs=36  (palette-wide exactWorst=0.03u)
[HANDS_ATTACH] mesh='hands_naked.mesh' owner='hands_naked.mesh' frame=3081 nb=38 wext=70.6 rebound=1
  TIER1 rest-coherence: worst=3.1deg bone[2]='bone_R-pinky03.mesh' count(>5deg)=0 freshRecap=0  xcheck(invOff-vs-restW) worst=3.1deg bone[2]
  TIER2 joint-attach(PRIMARY): worst=66.67u bone[3]='bone_R-index02.mesh' parent[8] R=47.0 exactJoint=2.14u pairs=30  (palette-wide exactWorst=8.75u)
[HANDS_ATTACH] mesh='hands_naked.mesh' owner='hands_naked.mesh' frame=3087 nb=38 wext=77.3 rebound=1
  TIER1 rest-coherence: worst=3.1deg bone[2]='bone_R-pinky03.mesh' count(>5deg)=0 freshRecap=0  xcheck(invOff-vs-restW) worst=3.1deg bone[2]
  TIER2 joint-attach(PRIMARY): worst=84.89u bone[17]='bone_R-ringfinger02.mesh' parent[15] R=46.7 exactJoint=0.00u pairs=30  (palette-wide exactWorst=7.40u)
[HANDS_ATTACH] mesh='hands_naked.mesh' owner='hands_naked.mesh' frame=3089 nb=40 wext=54.3 rebound=1
  TIER1 rest-coherence: worst=3.1deg bone[2]='bone_R-foreTwist2.mesh' count(>5deg)=0 freshRecap=0  xcheck(invOff-vs-restW) worst=3.1deg bone[2]
  TIER2 joint-attach(PRIMARY): worst=37.71u bone[5]='bone_R-ringfinger02.mesh' parent[24] R=41.1 exactJoint=0.02u pairs=36  (palette-wide exactWorst=0.03u)
[HANDS_ATTACH] mesh='hands_naked.mesh' owner='hands_naked.mesh' frame=3091 nb=38 wext=68.7 rebound=1
  TIER1 rest-coherence: worst=3.1deg bone[2]='bone_R-pinky03.mesh' count(>5deg)=0 freshRecap=0  xcheck(invOff-vs-restW) worst=3.1deg bone[2]
  TIER2 joint-attach(PRIMARY): worst=79.13u bone[3]='bone_R-index02.mesh' parent[8] R=47.0 exactJoint=0.36u pairs=30  (palette-wide exactWorst=8.92u)
[HANDS_ATTACH] mesh='hands_naked.mesh' owner='hands_naked.mesh' frame=3097 nb=38 wext=77.8 rebound=1
  TIER1 rest-coherence: worst=3.1deg bone[2]='bone_R-pinky03.mesh' count(>5deg)=0 freshRecap=0  xcheck(invOff-vs-restW) worst=3.1deg bone[2]
  TIER2 joint-attach(PRIMARY): worst=84.67u bone[17]='bone_R-ringfinger02.mesh' parent[15] R=46.7 exactJoint=0.00u pairs=30  (palette-wide exactWorst=7.42u)
[HANDS_ATTACH] mesh='hands_naked.mesh' owner='hands_naked.mesh' frame=3099 nb=40 wext=43.0 rebound=1
  TIER1 rest-coherence: worst=3.1deg bone[2]='bone_R-foreTwist2.mesh' count(>5deg)=0 freshRecap=0  xcheck(invOff-vs-restW) worst=3.1deg bone[2]
  TIER2 joint-attach(PRIMARY): worst=62.26u bone[16]='bone_R-thumb01.mesh' parent[1] R=42.9 exactJoint=0.03u pairs=36  (palette-wide exactWorst=0.03u)
[HANDS_ATTACH] mesh='hands_naked.mesh' owner='hands_naked.mesh' frame=3101 nb=38 wext=74.4 rebound=1
  TIER1 rest-coherence: worst=3.1deg bone[2]='bone_R-pinky03.mesh' count(>5deg)=0 freshRecap=0  xcheck(invOff-vs-restW) worst=3.1deg bone[2]
  TIER2 joint-attach(PRIMARY): worst=90.06u bone[11]='bone_R-middlefinger02.mesh' parent[1] R=46.8 exactJoint=4.59u pairs=30  (palette-wide exactWorst=6.49u)
[HANDS_ATTACH] mesh='hands_naked.mesh' owner='hands_naked.mesh' frame=3107 nb=38 wext=80.0 rebound=1
  TIER1 rest-coherence: worst=3.1deg bone[2]='bone_R-pinky03.mesh' count(>5deg)=0 freshRecap=0  xcheck(invOff-vs-restW) worst=3.1deg bone[2]
  TIER2 joint-attach(PRIMARY): worst=83.89u bone[17]='bone_R-ringfinger02.mesh' parent[15] R=46.7 exactJoint=0.00u pairs=30  (palette-wide exactWorst=7.48u)
[HANDS_ATTACH] mesh='hands_naked.mesh' owner='hands_naked.mesh' frame=3109 nb=40 wext=44.7 rebound=1
  TIER1 rest-coherence: worst=3.1deg bone[2]='bone_R-foreTwist2.mesh' count(>5deg)=0 freshRecap=0  xcheck(invOff-vs-restW) worst=3.1deg bone[2]
  TIER2 joint-attach(PRIMARY): worst=63.52u bone[5]='bone_R-ringfinger02.mesh' parent[24] R=41.1 exactJoint=0.02u pairs=36  (palette-wide exactWorst=0.03u)
[HANDS_ATTACH] mesh='hands_naked.mesh' owner='hands_naked.mesh' frame=3111 nb=38 wext=80.7 rebound=1
  TIER1 rest-coherence: worst=3.1deg bone[2]='bone_R-pinky03.mesh' count(>5deg)=0 freshRecap=0  xcheck(invOff-vs-restW) worst=3.1deg bone[2]
  TIER2 joint-attach(PRIMARY): worst=92.65u bone[11]='bone_R-middlefinger02.mesh' parent[1] R=46.8 exactJoint=4.16u pairs=30  (palette-wide exactWorst=7.99u)
[HANDS_ATTACH] mesh='hands_naked.mesh' owner='hands_naked.mesh' frame=3117 nb=38 wext=80.4 rebound=1
  TIER1 rest-coherence: worst=3.1deg bone[2]='bone_R-pinky03.mesh' count(>5deg)=0 freshRecap=0  xcheck(invOff-vs-restW) worst=3.1deg bone[2]
  TIER2 joint-attach(PRIMARY): worst=84.47u bone[17]='bone_R-ringfinger02.mesh' parent[15] R=46.7 exactJoint=0.00u pairs=30  (palette-wide exactWorst=7.42u)
[HANDS_ATTACH] mesh='hands_naked.mesh' owner='hands_naked.mesh' frame=3119 nb=40 wext=44.8 rebound=1
  TIER1 rest-coherence: worst=3.1deg bone[2]='bone_R-foreTwist2.mesh' count(>5deg)=0 freshRecap=0  xcheck(invOff-vs-restW) worst=3.1deg bone[2]
  TIER2 joint-attach(PRIMARY): worst=74.84u bone[5]='bone_R-ringfinger02.mesh' parent[24] R=41.1 exactJoint=0.02u pairs=36  (palette-wide exactWorst=0.67u)
[HANDS_ATTACH] mesh='hands_naked.mesh' owner='hands_naked.mesh' frame=3121 nb=38 wext=72.6 rebound=1
  TIER1 rest-coherence: worst=3.1deg bone[2]='bone_R-pinky03.mesh' count(>5deg)=0 freshRecap=0  xcheck(invOff-vs-restW) worst=3.1deg bone[2]
  TIER2 joint-attach(PRIMARY): worst=84.10u bone[11]='bone_R-middlefinger02.mesh' parent[1] R=46.8 exactJoint=5.98u pairs=30  (palette-wide exactWorst=8.44u)
[HANDS_ATTACH] mesh='hands_naked.mesh' owner='hands_naked.mesh' frame=3127 nb=38 wext=80.9 rebound=1
  TIER1 rest-coherence: worst=3.1deg bone[2]='bone_R-pinky03.mesh' count(>5deg)=0 freshRecap=0  xcheck(invOff-vs-restW) worst=3.1deg bone[2]
  TIER2 joint-attach(PRIMARY): worst=84.62u bone[17]='bone_R-ringfinger02.mesh' parent[15] R=46.7 exactJoint=0.00u pairs=30  (palette-wide exactWorst=7.42u)
[HANDS_ATTACH] mesh='hands_naked.mesh' owner='hands_naked.mesh' frame=3129 nb=40 wext=49.2 rebound=1
  TIER1 rest-coherence: worst=3.1deg bone[2]='bone_R-foreTwist2.mesh' count(>5deg)=0 freshRecap=0  xcheck(invOff-vs-restW) worst=3.1deg bone[2]
  TIER2 joint-attach(PRIMARY): worst=74.68u bone[5]='bone_R-ringfinger02.mesh' parent[24] R=41.1 exactJoint=3.84u pairs=36  (palette-wide exactWorst=5.63u)
[HANDS_ATTACH] mesh='hands_naked.mesh' owner='hands_naked.mesh' frame=3131 nb=38 wext=71.5 rebound=1
  TIER1 rest-coherence: worst=3.1deg bone[2]='bone_R-pinky03.mesh' count(>5deg)=0 freshRecap=0  xcheck(invOff-vs-restW) worst=3.1deg bone[2]
  TIER2 joint-attach(PRIMARY): worst=80.05u bone[3]='bone_R-index02.mesh' parent[8] R=47.0 exactJoint=0.76u pairs=30  (palette-wide exactWorst=8.38u)
[HANDS_ATTACH] mesh='hands_naked.mesh' owner='hands_naked.mesh' frame=3137 nb=38 wext=81.6 rebound=1
  TIER1 rest-coherence: worst=3.1deg bone[2]='bone_R-pinky03.mesh' count(>5deg)=0 freshRecap=0  xcheck(invOff-vs-restW) worst=3.1deg bone[2]
  TIER2 joint-attach(PRIMARY): worst=84.77u bone[17]='bone_R-ringfinger02.mesh' parent[15] R=46.7 exactJoint=0.00u pairs=30  (palette-wide exactWorst=7.42u)
[HANDS_ATTACH] mesh='hands_naked.mesh' owner='hands_naked.mesh' frame=3139 nb=40 wext=55.0 rebound=1
  TIER1 rest-coherence: worst=3.1deg bone[2]='bone_R-foreTwist2.mesh' count(>5deg)=0 freshRecap=0  xcheck(invOff-vs-restW) worst=3.1deg bone[2]
  TIER2 joint-attach(PRIMARY): worst=66.50u bone[5]='bone_R-ringfinger02.mesh' parent[24] R=41.1 exactJoint=7.80u pairs=36  (palette-wide exactWorst=8.75u)
[HANDS_ATTACH] mesh='hands_naked.mesh' owner='hands_naked.mesh' frame=3141 nb=38 wext=75.8 rebound=1
  TIER1 rest-coherence: worst=3.1deg bone[2]='bone_R-pinky03.mesh' count(>5deg)=0 freshRecap=0  xcheck(invOff-vs-restW) worst=3.1deg bone[2]
  TIER2 joint-attach(PRIMARY): worst=70.63u bone[3]='bone_R-index02.mesh' parent[8] R=47.0 exactJoint=3.33u pairs=30  (palette-wide exactWorst=8.80u)
[HANDS_ATTACH] mesh='hands_naked.mesh' owner='hands_naked.mesh' frame=3147 nb=38 wext=82.8 rebound=1
  TIER1 rest-coherence: worst=3.1deg bone[2]='bone_R-pinky03.mesh' count(>5deg)=0 freshRecap=0  xcheck(invOff-vs-restW) worst=3.1deg bone[2]
  TIER2 joint-attach(PRIMARY): worst=84.90u bone[17]='bone_R-ringfinger02.mesh' parent[15] R=46.7 exactJoint=0.00u pairs=30  (palette-wide exactWorst=7.40u)
[HANDS_ATTACH] mesh='hands_naked.mesh' owner='hands_naked.mesh' frame=3149 nb=40 wext=58.1 rebound=1
  TIER1 rest-coherence: worst=3.1deg bone[2]='bone_R-foreTwist2.mesh' count(>5deg)=0 freshRecap=0  xcheck(invOff-vs-restW) worst=3.1deg bone[2]
  TIER2 joint-attach(PRIMARY): worst=59.77u bone[5]='bone_R-ringfinger02.mesh' parent[24] R=41.1 exactJoint=8.77u pairs=36  (palette-wide exactWorst=8.91u)
[HANDS_ATTACH] mesh='hands_naked.mesh' owner='hands_naked.mesh' frame=3151 nb=38 wext=72.2 rebound=1
  TIER1 rest-coherence: worst=3.1deg bone[2]='bone_R-pinky03.mesh' count(>5deg)=0 freshRecap=0  xcheck(invOff-vs-restW) worst=3.1deg bone[2]
  TIER2 joint-attach(PRIMARY): worst=64.54u bone[3]='bone_R-index02.mesh' parent[8] R=47.0 exactJoint=4.83u pairs=30  (palette-wide exactWorst=8.19u)
[HANDS_ATTACH] mesh='hands_naked.mesh' owner='hands_naked.mesh' frame=3157 nb=38 wext=83.6 rebound=1
  TIER1 rest-coherence: worst=3.1deg bone[2]='bone_R-pinky03.mesh' count(>5deg)=0 freshRecap=0  xcheck(invOff-vs-restW) worst=3.1deg bone[2]
  TIER2 joint-attach(PRIMARY): worst=84.93u bone[17]='bone_R-ringfinger02.mesh' parent[15] R=46.7 exactJoint=0.00u pairs=30  (palette-wide exactWorst=7.40u)
[HANDS_ATTACH] mesh='hands_naked.mesh' owner='hands_naked.mesh' frame=3159 nb=40 wext=53.6 rebound=1
  TIER1 rest-coherence: worst=3.1deg bone[2]='bone_R-foreTwist2.mesh' count(>5deg)=0 freshRecap=0  xcheck(invOff-vs-restW) worst=3.1deg bone[2]
  TIER2 joint-attach(PRIMARY): worst=55.87u bone[5]='bone_R-ringfinger02.mesh' parent[24] R=41.1 exactJoint=8.73u pairs=36  (palette-wide exactWorst=8.73u)
[HANDS_ATTACH] mesh='hands_naked.mesh' owner='hands_naked.mesh' frame=3161 nb=38 wext=67.0 rebound=1
  TIER1 rest-coherence: worst=3.1deg bone[2]='bone_R-pinky03.mesh' count(>5deg)=0 freshRecap=0  xcheck(invOff-vs-restW) worst=3.1deg bone[2]
  TIER2 joint-attach(PRIMARY): worst=64.00u bone[3]='bone_R-index02.mesh' parent[8] R=47.0 exactJoint=5.07u pairs=30  (palette-wide exactWorst=8.38u)
[HANDS_ATTACH] mesh='hands_naked.mesh' owner='hands_naked.mesh' frame=3167 nb=38 wext=80.6 rebound=1
  TIER1 rest-coherence: worst=3.1deg bone[2]='bone_R-pinky03.mesh' count(>5deg)=0 freshRecap=0  xcheck(invOff-vs-restW) worst=3.1deg bone[2]
  TIER2 joint-attach(PRIMARY): worst=83.48u bone[17]='bone_R-ringfinger02.mesh' parent[15] R=46.7 exactJoint=0.00u pairs=30  (palette-wide exactWorst=7.26u)
[HANDS_ATTACH] mesh='hands_naked.mesh' owner='hands_naked.mesh' frame=3169 nb=40 wext=63.3 rebound=1
  TIER1 rest-coherence: worst=3.1deg bone[2]='bone_R-foreTwist2.mesh' count(>5deg)=0 freshRecap=0  xcheck(invOff-vs-restW) worst=3.1deg bone[2]
  TIER2 joint-attach(PRIMARY): worst=49.72u bone[22]='bone_L-index02.mesh' parent[27] R=40.9 exactJoint=0.02u pairs=36  (palette-wide exactWorst=6.57u)
[HANDS_ATTACH] mesh='hands_naked.mesh' owner='hands_naked.mesh' frame=3171 nb=38 wext=72.4 rebound=1
  TIER1 rest-coherence: worst=3.1deg bone[2]='bone_R-pinky03.mesh' count(>5deg)=0 freshRecap=0  xcheck(invOff-vs-restW) worst=3.1deg bone[2]
  TIER2 joint-attach(PRIMARY): worst=64.15u bone[18]='bone_R-pinky02.mesh' parent[14] R=46.7 exactJoint=0.01u pairs=30  (palette-wide exactWorst=8.70u)
[HANDS_ATTACH] mesh='hands_naked.mesh' owner='hands_naked.mesh' frame=3177 nb=38 wext=74.6 rebound=1
  TIER1 rest-coherence: worst=3.1deg bone[2]='bone_R-pinky03.mesh' count(>5deg)=0 freshRecap=0  xcheck(invOff-vs-restW) worst=3.1deg bone[2]
  TIER2 joint-attach(PRIMARY): worst=83.34u bone[17]='bone_R-ringfinger02.mesh' parent[15] R=46.7 exactJoint=0.00u pairs=30  (palette-wide exactWorst=7.60u)
[HANDS_ATTACH] mesh='hands_naked.mesh' owner='hands_naked.mesh' frame=3179 nb=40 wext=67.1 rebound=1
  TIER1 rest-coherence: worst=3.1deg bone[2]='bone_R-foreTwist2.mesh' count(>5deg)=0 freshRecap=0  xcheck(invOff-vs-restW) worst=3.1deg bone[2]
  TIER2 joint-attach(PRIMARY): worst=49.10u bone[22]='bone_L-index02.mesh' parent[27] R=40.9 exactJoint=0.02u pairs=36  (palette-wide exactWorst=6.62u)
[HANDS_ATTACH] mesh='hands_naked.mesh' owner='hands_naked.mesh' frame=3181 nb=38 wext=71.2 rebound=1
  TIER1 rest-coherence: worst=3.1deg bone[2]='bone_R-pinky03.mesh' count(>5deg)=0 freshRecap=0  xcheck(invOff-vs-restW) worst=3.1deg bone[2]
  TIER2 joint-attach(PRIMARY): worst=66.82u bone[18]='bone_R-pinky02.mesh' parent[14] R=46.7 exactJoint=0.01u pairs=30  (palette-wide exactWorst=8.67u)
[HANDS_ATTACH] mesh='hands_naked.mesh' owner='hands_naked.mesh' frame=3187 nb=38 wext=79.5 rebound=1
  TIER1 rest-coherence: worst=3.1deg bone[2]='bone_R-pinky03.mesh' count(>5deg)=0 freshRecap=0  xcheck(invOff-vs-restW) worst=3.1deg bone[2]
  TIER2 joint-attach(PRIMARY): worst=70.54u bone[11]='bone_R-middlefinger02.mesh' parent[1] R=46.8 exactJoint=0.01u pairs=30  (palette-wide exactWorst=8.06u)
[HANDS_ATTACH] mesh='hands_naked.mesh' owner='hands_naked.mesh' frame=3189 nb=40 wext=75.1 rebound=1
  TIER1 rest-coherence: worst=3.1deg bone[2]='bone_R-foreTwist2.mesh' count(>5deg)=0 freshRecap=0  xcheck(invOff-vs-restW) worst=3.1deg bone[2]
  TIER2 joint-attach(PRIMARY): worst=48.77u bone[22]='bone_L-index02.mesh' parent[27] R=40.9 exactJoint=0.09u pairs=36  (palette-wide exactWorst=6.65u)
[HANDS_ATTACH] mesh='hands_naked.mesh' owner='hands_naked.mesh' frame=3191 nb=38 wext=67.0 rebound=1
  TIER1 rest-coherence: worst=3.1deg bone[2]='bone_R-pinky03.mesh' count(>5deg)=0 freshRecap=0  xcheck(invOff-vs-restW) worst=3.1deg bone[2]
  TIER2 joint-attach(PRIMARY): worst=61.97u bone[3]='bone_R-index02.mesh' parent[8] R=47.0 exactJoint=5.86u pairs=30  (palette-wide exactWorst=8.72u)
[HANDS_ATTACH] mesh='hands_naked.mesh' owner='hands_naked.mesh' frame=3197 nb=38 wext=84.9 rebound=1
  TIER1 rest-coherence: worst=3.1deg bone[2]='bone_R-pinky03.mesh' count(>5deg)=0 freshRecap=0  xcheck(invOff-vs-restW) worst=3.1deg bone[2]
  TIER2 joint-attach(PRIMARY): worst=61.59u bone[11]='bone_R-middlefinger02.mesh' parent[1] R=46.8 exactJoint=0.01u pairs=30  (palette-wide exactWorst=8.25u)
[HANDS_ATTACH] mesh='hands_naked.mesh' owner='hands_naked.mesh' frame=3199 nb=40 wext=71.2 rebound=1
  TIER1 rest-coherence: worst=3.1deg bone[2]='bone_R-foreTwist2.mesh' count(>5deg)=0 freshRecap=0  xcheck(invOff-vs-restW) worst=3.1deg bone[2]
  TIER2 joint-attach(PRIMARY): worst=49.87u bone[22]='bone_L-index02.mesh' parent[27] R=40.9 exactJoint=0.02u pairs=36  (palette-wide exactWorst=6.57u)
[HANDS_ATTACH] mesh='hands_naked.mesh' owner='hands_naked.mesh' frame=3201 nb=38 wext=60.2 rebound=1
  TIER1 rest-coherence: worst=3.1deg bone[2]='bone_R-pinky03.mesh' count(>5deg)=0 freshRecap=0  xcheck(invOff-vs-restW) worst=3.1deg bone[2]
  TIER2 joint-attach(PRIMARY): worst=61.04u bone[3]='bone_R-index02.mesh' parent[8] R=47.0 exactJoint=6.19u pairs=30  (palette-wide exactWorst=8.63u)
[HANDS_ATTACH] mesh='hands_naked.mesh' owner='hands_naked.mesh' frame=3207 nb=38 wext=85.7 rebound=1
  TIER1 rest-coherence: worst=3.1deg bone[2]='bone_R-pinky03.mesh' count(>5deg)=0 freshRecap=0  xcheck(invOff-vs-restW) worst=3.1deg bone[2]
  TIER2 joint-attach(PRIMARY): worst=61.05u bone[11]='bone_R-middlefinger02.mesh' parent[1] R=46.8 exactJoint=0.01u pairs=30  (palette-wide exactWorst=8.34u)
[HANDS_ATTACH] mesh='hands_naked.mesh' owner='hands_naked.mesh' frame=3209 nb=40 wext=72.4 rebound=1
  TIER1 rest-coherence: worst=3.1deg bone[2]='bone_R-foreTwist2.mesh' count(>5deg)=0 freshRecap=0  xcheck(invOff-vs-restW) worst=3.1deg bone[2]
  TIER2 joint-attach(PRIMARY): worst=49.63u bone[22]='bone_L-index02.mesh' parent[27] R=40.9 exactJoint=0.02u pairs=36  (palette-wide exactWorst=6.56u)
[HANDS_ATTACH] mesh='hands_naked.mesh' owner='hands_naked.mesh' frame=3211 nb=38 wext=59.7 rebound=1
  TIER1 rest-coherence: worst=3.1deg bone[2]='bone_R-pinky03.mesh' count(>5deg)=0 freshRecap=0  xcheck(invOff-vs-restW) worst=3.1deg bone[2]
  TIER2 joint-attach(PRIMARY): worst=68.69u bone[3]='bone_R-index02.mesh' parent[8] R=47.0 exactJoint=4.87u pairs=30  (palette-wide exactWorst=8.39u)
[HANDS_ATTACH] mesh='hands_naked.mesh' owner='hands_naked.mesh' frame=3217 nb=38 wext=87.7 rebound=1
  TIER1 rest-coherence: worst=3.1deg bone[2]='bone_R-pinky03.mesh' count(>5deg)=0 freshRecap=0  xcheck(invOff-vs-restW) worst=3.1deg bone[2]
  TIER2 joint-attach(PRIMARY): worst=61.21u bone[11]='bone_R-middlefinger02.mesh' parent[1] R=46.8 exactJoint=0.01u pairs=30  (palette-wide exactWorst=8.33u)
[HANDS_ATTACH] mesh='hands_naked.mesh' owner='hands_naked.mesh' frame=3219 nb=40 wext=68.6 rebound=1
  TIER1 rest-coherence: worst=3.1deg bone[2]='bone_R-foreTwist2.mesh' count(>5deg)=0 freshRecap=0  xcheck(invOff-vs-restW) worst=3.1deg bone[2]
  TIER2 joint-attach(PRIMARY): worst=50.21u bone[22]='bone_L-index02.mesh' parent[27] R=40.9 exactJoint=0.02u pairs=36  (palette-wide exactWorst=6.54u)
[HANDS_ATTACH] mesh='hands_naked.mesh' owner='hands_naked.mesh' frame=3221 nb=38 wext=57.9 rebound=1
  TIER1 rest-coherence: worst=3.1deg bone[2]='bone_R-pinky03.mesh' count(>5deg)=0 freshRecap=0  xcheck(invOff-vs-restW) worst=3.1deg bone[2]
  TIER2 joint-attach(PRIMARY): worst=78.98u bone[3]='bone_R-index02.mesh' parent[8] R=47.0 exactJoint=2.63u pairs=30  (palette-wide exactWorst=7.99u)
[HANDS_ATTACH] mesh='hands_naked.mesh' owner='hands_naked.mesh' frame=3227 nb=38 wext=89.5 rebound=1
  TIER1 rest-coherence: worst=3.1deg bone[2]='bone_R-pinky03.mesh' count(>5deg)=0 freshRecap=0  xcheck(invOff-vs-restW) worst=3.1deg bone[2]
  TIER2 joint-attach(PRIMARY): worst=61.17u bone[11]='bone_R-middlefinger02.mesh' parent[1] R=46.8 exactJoint=0.01u pairs=30  (palette-wide exactWorst=8.33u)
[HANDS_ATTACH] mesh='hands_naked.mesh' owner='hands_naked.mesh' frame=3229 nb=40 wext=62.2 rebound=1
  TIER1 rest-coherence: worst=3.1deg bone[2]='bone_R-foreTwist2.mesh' count(>5deg)=0 freshRecap=0  xcheck(invOff-vs-restW) worst=3.1deg bone[2]
  TIER2 joint-attach(PRIMARY): worst=49.88u bone[22]='bone_L-index02.mesh' parent[27] R=40.9 exactJoint=0.02u pairs=36  (palette-wide exactWorst=6.55u)
[HANDS_ATTACH] mesh='hands_naked.mesh' owner='hands_naked.mesh' frame=3231 nb=38 wext=64.6 rebound=1
  TIER1 rest-coherence: worst=3.1deg bone[2]='bone_R-pinky03.mesh' count(>5deg)=0 freshRecap=0  xcheck(invOff-vs-restW) worst=3.1deg bone[2]
  TIER2 joint-attach(PRIMARY): worst=63.04u bone[13]='bone_R-hand.mesh' parent[5] R=49.3 exactJoint=0.01u pairs=30  (palette-wide exactWorst=7.99u)
[HANDS_ATTACH] mesh='hands_naked.mesh' owner='hands_naked.mesh' frame=3237 nb=38 wext=90.3 rebound=1
  TIER1 rest-coherence: worst=3.1deg bone[2]='bone_R-pinky03.mesh' count(>5deg)=0 freshRecap=0  xcheck(invOff-vs-restW) worst=3.1deg bone[2]
  TIER2 joint-attach(PRIMARY): worst=64.47u bone[11]='bone_R-middlefinger02.mesh' parent[1] R=46.8 exactJoint=0.01u pairs=30  (palette-wide exactWorst=8.18u)
[HANDS_ATTACH] mesh='hands_naked.mesh' owner='hands_naked.mesh' frame=3239 nb=40 wext=66.7 rebound=1
  TIER1 rest-coherence: worst=3.1deg bone[2]='bone_R-foreTwist2.mesh' count(>5deg)=0 freshRecap=0  xcheck(invOff-vs-restW) worst=3.1deg bone[2]
  TIER2 joint-attach(PRIMARY): worst=49.71u bone[22]='bone_L-index02.mesh' parent[27] R=40.9 exactJoint=0.02u pairs=36  (palette-wide exactWorst=6.57u)
[HANDS_ATTACH] mesh='hands_naked.mesh' owner='hands_naked.mesh' frame=3241 nb=38 wext=71.3 rebound=1
  TIER1 rest-coherence: worst=3.1deg bone[2]='bone_R-pinky03.mesh' count(>5deg)=0 freshRecap=0  xcheck(invOff-vs-restW) worst=3.1deg bone[2]
  TIER2 joint-attach(PRIMARY): worst=92.56u bone[13]='bone_R-hand.mesh' parent[5] R=49.3 exactJoint=0.01u pairs=30  (palette-wide exactWorst=8.63u)
[HANDS_ATTACH] mesh='hands_naked.mesh' owner='hands_naked.mesh' frame=3247 nb=38 wext=90.0 rebound=1
  TIER1 rest-coherence: worst=3.1deg bone[2]='bone_R-pinky03.mesh' count(>5deg)=0 freshRecap=0  xcheck(invOff-vs-restW) worst=3.1deg bone[2]
  TIER2 joint-attach(PRIMARY): worst=83.46u bone[17]='bone_R-ringfinger02.mesh' parent[15] R=46.7 exactJoint=0.00u pairs=30  (palette-wide exactWorst=7.32u)
[HANDS_ATTACH] mesh='hands_naked.mesh' owner='hands_naked.mesh' frame=3249 nb=40 wext=65.3 rebound=1
  TIER1 rest-coherence: worst=3.1deg bone[2]='bone_R-foreTwist2.mesh' count(>5deg)=0 freshRecap=0  xcheck(invOff-vs-restW) worst=3.1deg bone[2]
  TIER2 joint-attach(PRIMARY): worst=50.19u bone[22]='bone_L-index02.mesh' parent[27] R=40.9 exactJoint=0.02u pairs=36  (palette-wide exactWorst=6.54u)
[HANDS_ATTACH] mesh='hands_naked.mesh' owner='hands_naked.mesh' frame=3251 nb=38 wext=68.3 rebound=1
  TIER1 rest-coherence: worst=3.1deg bone[2]='bone_R-pinky03.mesh' count(>5deg)=0 freshRecap=0  xcheck(invOff-vs-restW) worst=3.1deg bone[2]
  TIER2 joint-attach(PRIMARY): worst=63.05u bone[13]='bone_R-hand.mesh' parent[5] R=49.3 exactJoint=0.01u pairs=30  (palette-wide exactWorst=8.52u)
[HANDS_ATTACH] mesh='hands_naked.mesh' owner='hands_naked.mesh' frame=3257 nb=38 wext=92.0 rebound=1
  TIER1 rest-coherence: worst=3.1deg bone[2]='bone_R-pinky03.mesh' count(>5deg)=0 freshRecap=0  xcheck(invOff-vs-restW) worst=3.1deg bone[2]
  TIER2 joint-attach(PRIMARY): worst=83.52u bone[17]='bone_R-ringfinger02.mesh' parent[15] R=46.7 exactJoint=0.00u pairs=30  (palette-wide exactWorst=7.26u)
[HANDS_ATTACH] mesh='hands_naked.mesh' owner='hands_naked.mesh' frame=3259 nb=40 wext=76.6 rebound=1
  TIER1 rest-coherence: worst=3.1deg bone[2]='bone_R-foreTwist2.mesh' count(>5deg)=0 freshRecap=0  xcheck(invOff-vs-restW) worst=3.1deg bone[2]
  TIER2 joint-attach(PRIMARY): worst=48.66u bone[22]='bone_L-index02.mesh' parent[27] R=40.9 exactJoint=0.12u pairs=36  (palette-wide exactWorst=6.67u)
[HANDS_ATTACH] mesh='hands_naked.mesh' owner='hands_naked.mesh' frame=3261 nb=38 wext=65.1 rebound=1
  TIER1 rest-coherence: worst=3.1deg bone[2]='bone_R-pinky03.mesh' count(>5deg)=0 freshRecap=0  xcheck(invOff-vs-restW) worst=3.1deg bone[2]
  TIER2 joint-attach(PRIMARY): worst=70.99u bone[13]='bone_R-hand.mesh' parent[5] R=49.3 exactJoint=0.01u pairs=30  (palette-wide exactWorst=8.41u)
[HANDS_ATTACH] mesh='hands_naked.mesh' owner='hands_naked.mesh' frame=3267 nb=38 wext=89.9 rebound=1
  TIER1 rest-coherence: worst=3.1deg bone[2]='bone_R-pinky03.mesh' count(>5deg)=0 freshRecap=0  xcheck(invOff-vs-restW) worst=3.1deg bone[2]
  TIER2 joint-attach(PRIMARY): worst=83.52u bone[17]='bone_R-ringfinger02.mesh' parent[15] R=46.7 exactJoint=0.00u pairs=30  (palette-wide exactWorst=7.26u)
[HANDS_ATTACH] mesh='hands_naked.mesh' owner='hands_naked.mesh' frame=3269 nb=40 wext=74.8 rebound=1
  TIER1 rest-coherence: worst=3.1deg bone[2]='bone_R-foreTwist2.mesh' count(>5deg)=0 freshRecap=0  xcheck(invOff-vs-restW) worst=3.1deg bone[2]
  TIER2 joint-attach(PRIMARY): worst=49.15u bone[22]='bone_L-index02.mesh' parent[27] R=40.9 exactJoint=0.02u pairs=36  (palette-wide exactWorst=6.63u)
[HANDS_ATTACH] mesh='hands_naked.mesh' owner='hands_naked.mesh' frame=3271 nb=38 wext=63.9 rebound=1
  TIER1 rest-coherence: worst=3.1deg bone[2]='bone_R-pinky03.mesh' count(>5deg)=0 freshRecap=0  xcheck(invOff-vs-restW) worst=3.1deg bone[2]
  TIER2 joint-attach(PRIMARY): worst=60.64u bone[13]='bone_R-hand.mesh' parent[5] R=49.3 exactJoint=0.01u pairs=30  (palette-wide exactWorst=8.85u)
[HANDS_ATTACH] mesh='hands_naked.mesh' owner='hands_naked.mesh' frame=3277 nb=38 wext=89.9 rebound=1
  TIER1 rest-coherence: worst=3.1deg bone[2]='bone_R-pinky03.mesh' count(>5deg)=0 freshRecap=0  xcheck(invOff-vs-restW) worst=3.1deg bone[2]
  TIER2 joint-attach(PRIMARY): worst=83.52u bone[17]='bone_R-ringfinger02.mesh' parent[15] R=46.7 exactJoint=0.00u pairs=30  (palette-wide exactWorst=7.26u)
[HANDS_ATTACH] mesh='hands_naked.mesh' owner='hands_naked.mesh' frame=3279 nb=40 wext=57.8 rebound=1
  TIER1 rest-coherence: worst=3.1deg bone[2]='bone_R-foreTwist2.mesh' count(>5deg)=0 freshRecap=0  xcheck(invOff-vs-restW) worst=3.1deg bone[2]
  TIER2 joint-attach(PRIMARY): worst=79.08u bone[13]='bone_R-pinky03.mesh' parent[9] R=40.5 exactJoint=1.69u pairs=36  (palette-wide exactWorst=9.06u)
[HANDS_ATTACH] mesh='hands_naked.mesh' owner='hands_naked.mesh' frame=3281 nb=38 wext=56.8 rebound=1
  TIER1 rest-coherence: worst=3.1deg bone[2]='bone_R-pinky03.mesh' count(>5deg)=0 freshRecap=0  xcheck(invOff-vs-restW) worst=3.1deg bone[2]
  TIER2 joint-attach(PRIMARY): worst=70.96u bone[13]='bone_R-hand.mesh' parent[5] R=49.3 exactJoint=0.01u pairs=30  (palette-wide exactWorst=8.13u)
[HANDS_ATTACH] mesh='hands_naked.mesh' owner='hands_naked.mesh' frame=3287 nb=38 wext=89.6 rebound=1
  TIER1 rest-coherence: worst=3.1deg bone[2]='bone_R-pinky03.mesh' count(>5deg)=0 freshRecap=0  xcheck(invOff-vs-restW) worst=3.1deg bone[2]
  TIER2 joint-attach(PRIMARY): worst=83.52u bone[17]='bone_R-ringfinger02.mesh' parent[15] R=46.7 exactJoint=0.00u pairs=30  (palette-wide exactWorst=7.26u)
[HANDS_ATTACH] mesh='hands_naked.mesh' owner='hands_naked.mesh' frame=3289 nb=40 wext=56.2 rebound=1
  TIER1 rest-coherence: worst=3.1deg bone[2]='bone_R-foreTwist2.mesh' count(>5deg)=0 freshRecap=0  xcheck(invOff-vs-restW) worst=3.1deg bone[2]
  TIER2 joint-attach(PRIMARY): worst=86.25u bone[13]='bone_R-pinky03.mesh' parent[9] R=40.5 exactJoint=1.68u pairs=36  (palette-wide exactWorst=8.88u)
[HANDS_ATTACH] mesh='hands_naked.mesh' owner='hands_naked.mesh' frame=3291 nb=38 wext=59.2 rebound=1
  TIER1 rest-coherence: worst=3.1deg bone[2]='bone_R-pinky03.mesh' count(>5deg)=0 freshRecap=0  xcheck(invOff-vs-restW) worst=3.1deg bone[2]
  TIER2 joint-attach(PRIMARY): worst=71.42u bone[13]='bone_R-hand.mesh' parent[5] R=49.3 exactJoint=0.01u pairs=30  (palette-wide exactWorst=7.99u)
[HANDS_ATTACH] mesh='hands_naked.mesh' owner='hands_naked.mesh' frame=3297 nb=38 wext=87.7 rebound=1
  TIER1 rest-coherence: worst=3.1deg bone[2]='bone_R-pinky03.mesh' count(>5deg)=0 freshRecap=0  xcheck(invOff-vs-restW) worst=3.1deg bone[2]
  TIER2 joint-attach(PRIMARY): worst=83.54u bone[17]='bone_R-ringfinger02.mesh' parent[15] R=46.7 exactJoint=0.00u pairs=30  (palette-wide exactWorst=7.26u)
[HANDS_ATTACH] mesh='hands_naked.mesh' owner='hands_naked.mesh' frame=3299 nb=40 wext=61.0 rebound=1
  TIER1 rest-coherence: worst=3.1deg bone[2]='bone_R-foreTwist2.mesh' count(>5deg)=0 freshRecap=0  xcheck(invOff-vs-restW) worst=3.1deg bone[2]
  TIER2 joint-attach(PRIMARY): worst=81.33u bone[13]='bone_R-pinky03.mesh' parent[9] R=40.5 exactJoint=1.63u pairs=36  (palette-wide exactWorst=8.83u)
[HANDS_ATTACH] mesh='hands_naked.mesh' owner='hands_naked.mesh' frame=3301 nb=38 wext=59.8 rebound=1
  TIER1 rest-coherence: worst=3.1deg bone[2]='bone_R-pinky03.mesh' count(>5deg)=0 freshRecap=0  xcheck(invOff-vs-restW) worst=3.1deg bone[2]
  TIER2 joint-attach(PRIMARY): worst=89.48u bone[13]='bone_R-hand.mesh' parent[5] R=49.3 exactJoint=0.01u pairs=30  (palette-wide exactWorst=8.69u)
[HANDS_ATTACH] mesh='hands_naked.mesh' owner='hands_naked.mesh' frame=3307 nb=38 wext=87.7 rebound=1
  TIER1 rest-coherence: worst=3.1deg bone[2]='bone_R-pinky03.mesh' count(>5deg)=0 freshRecap=0  xcheck(invOff-vs-restW) worst=3.1deg bone[2]
  TIER2 joint-attach(PRIMARY): worst=83.56u bone[17]='bone_R-ringfinger02.mesh' parent[15] R=46.7 exactJoint=0.00u pairs=30  (palette-wide exactWorst=7.26u)
[HANDS_ATTACH] mesh='hands_naked.mesh' owner='hands_naked.mesh' frame=3309 nb=40 wext=68.1 rebound=1
  TIER1 rest-coherence: worst=3.1deg bone[2]='bone_R-foreTwist2.mesh' count(>5deg)=0 freshRecap=0  xcheck(invOff-vs-restW) worst=3.1deg bone[2]
  TIER2 joint-attach(PRIMARY): worst=81.00u bone[13]='bone_R-pinky03.mesh' parent[9] R=40.5 exactJoint=1.70u pairs=36  (palette-wide exactWorst=8.83u)
[HANDS_ATTACH] mesh='hands_naked.mesh' owner='hands_naked.mesh' frame=3311 nb=38 wext=62.1 rebound=1
  TIER1 rest-coherence: worst=3.1deg bone[2]='bone_R-pinky03.mesh' count(>5deg)=0 freshRecap=0  xcheck(invOff-vs-restW) worst=3.1deg bone[2]
  TIER2 joint-attach(PRIMARY): worst=83.98u bone[13]='bone_R-hand.mesh' parent[5] R=49.3 exactJoint=0.01u pairs=30  (palette-wide exactWorst=8.79u)
[HANDS_ATTACH] mesh='hands_naked.mesh' owner='hands_naked.mesh' frame=3317 nb=38 wext=85.8 rebound=1
  TIER1 rest-coherence: worst=3.1deg bone[2]='bone_R-pinky03.mesh' count(>5deg)=0 freshRecap=0  xcheck(invOff-vs-restW) worst=3.1deg bone[2]
  TIER2 joint-attach(PRIMARY): worst=83.57u bone[17]='bone_R-ringfinger02.mesh' parent[15] R=46.7 exactJoint=0.00u pairs=30  (palette-wide exactWorst=7.26u)
[HANDS_ATTACH] mesh='hands_naked.mesh' owner='hands_naked.mesh' frame=3319 nb=40 wext=64.7 rebound=1
  TIER1 rest-coherence: worst=3.1deg bone[2]='bone_R-foreTwist2.mesh' count(>5deg)=0 freshRecap=0  xcheck(invOff-vs-restW) worst=3.1deg bone[2]
  TIER2 joint-attach(PRIMARY): worst=81.44u bone[13]='bone_R-pinky03.mesh' parent[9] R=40.5 exactJoint=1.65u pairs=36  (palette-wide exactWorst=8.82u)
[HANDS_ATTACH] mesh='hands_naked.mesh' owner='hands_naked.mesh' frame=3321 nb=38 wext=66.1 rebound=1
  TIER1 rest-coherence: worst=3.1deg bone[2]='bone_R-pinky03.mesh' count(>5deg)=0 freshRecap=0  xcheck(invOff-vs-restW) worst=3.1deg bone[2]
  TIER2 joint-attach(PRIMARY): worst=78.86u bone[13]='bone_R-hand.mesh' parent[5] R=49.3 exactJoint=0.01u pairs=30  (palette-wide exactWorst=8.58u)
[HANDS_ATTACH] mesh='hands_naked.mesh' owner='hands_naked.mesh' frame=3327 nb=38 wext=86.9 rebound=1
  TIER1 rest-coherence: worst=3.1deg bone[2]='bone_R-pinky03.mesh' count(>5deg)=0 freshRecap=0  xcheck(invOff-vs-restW) worst=3.1deg bone[2]
  TIER2 joint-attach(PRIMARY): worst=83.60u bone[17]='bone_R-ringfinger02.mesh' parent[15] R=46.7 exactJoint=0.00u pairs=30  (palette-wide exactWorst=7.75u)
[HANDS_ATTACH] mesh='hands_naked.mesh' owner='hands_naked.mesh' frame=3329 nb=40 wext=55.1 rebound=1
  TIER1 rest-coherence: worst=3.1deg bone[2]='bone_R-foreTwist2.mesh' count(>5deg)=0 freshRecap=0  xcheck(invOff-vs-restW) worst=3.1deg bone[2]
  TIER2 joint-attach(PRIMARY): worst=81.54u bone[13]='bone_R-pinky03.mesh' parent[9] R=40.5 exactJoint=1.62u pairs=36  (palette-wide exactWorst=8.83u)
[HANDS_ATTACH] mesh='hands_naked.mesh' owner='hands_naked.mesh' frame=3331 nb=38 wext=70.1 rebound=1
  TIER1 rest-coherence: worst=3.1deg bone[2]='bone_R-pinky03.mesh' count(>5deg)=0 freshRecap=0  xcheck(invOff-vs-restW) worst=3.1deg bone[2]
  TIER2 joint-attach(PRIMARY): worst=59.29u bone[26]='bone_L-middlefinger02.mesh' parent[23] R=46.8 exactJoint=4.60u pairs=30  (palette-wide exactWorst=7.99u)
[HANDS_ATTACH] mesh='hands_naked.mesh' owner='hands_naked.mesh' frame=3337 nb=38 wext=89.1 rebound=1
  TIER1 rest-coherence: worst=3.1deg bone[2]='bone_R-pinky03.mesh' count(>5deg)=0 freshRecap=0  xcheck(invOff-vs-restW) worst=3.1deg bone[2]
  TIER2 joint-attach(PRIMARY): worst=83.60u bone[17]='bone_R-ringfinger02.mesh' parent[15] R=46.7 exactJoint=0.00u pairs=30  (palette-wide exactWorst=7.26u)
[HANDS_ATTACH] mesh='hands_naked.mesh' owner='hands_naked.mesh' frame=3339 nb=40 wext=45.1 rebound=1
  TIER1 rest-coherence: worst=3.1deg bone[2]='bone_R-foreTwist2.mesh' count(>5deg)=0 freshRecap=0  xcheck(invOff-vs-restW) worst=3.1deg bone[2]
  TIER2 joint-attach(PRIMARY): worst=81.01u bone[13]='bone_R-pinky03.mesh' parent[9] R=40.5 exactJoint=1.72u pairs=36  (palette-wide exactWorst=8.83u)
[HANDS_ATTACH] mesh='hands_naked.mesh' owner='hands_naked.mesh' frame=3341 nb=38 wext=61.1 rebound=1
  TIER1 rest-coherence: worst=3.1deg bone[2]='bone_R-pinky03.mesh' count(>5deg)=0 freshRecap=0  xcheck(invOff-vs-restW) worst=3.1deg bone[2]
  TIER2 joint-attach(PRIMARY): worst=67.53u bone[17]='bone_R-ringfinger02.mesh' parent[15] R=46.7 exactJoint=0.00u pairs=30  (palette-wide exactWorst=7.99u)
[HANDS_ATTACH] mesh='hands_naked.mesh' owner='hands_naked.mesh' frame=3347 nb=38 wext=82.8 rebound=1
  TIER1 rest-coherence: worst=3.1deg bone[2]='bone_R-pinky03.mesh' count(>5deg)=0 freshRecap=0  xcheck(invOff-vs-restW) worst=3.1deg bone[2]
  TIER2 joint-attach(PRIMARY): worst=84.75u bone[17]='bone_R-ringfinger02.mesh' parent[15] R=46.7 exactJoint=0.00u pairs=30  (palette-wide exactWorst=7.44u)
[HANDS_ATTACH] mesh='hands_naked.mesh' owner='hands_naked.mesh' frame=3349 nb=40 wext=60.0 rebound=1
  TIER1 rest-coherence: worst=3.1deg bone[2]='bone_R-foreTwist2.mesh' count(>5deg)=0 freshRecap=0  xcheck(invOff-vs-restW) worst=3.1deg bone[2]
  TIER2 joint-attach(PRIMARY): worst=50.13u bone[22]='bone_L-index02.mesh' parent[27] R=40.9 exactJoint=0.02u pairs=36  (palette-wide exactWorst=6.54u)
[HANDS_ATTACH] mesh='hands_naked.mesh' owner='hands_naked.mesh' frame=3351 nb=38 wext=61.1 rebound=1
  TIER1 rest-coherence: worst=3.1deg bone[2]='bone_R-pinky03.mesh' count(>5deg)=0 freshRecap=0  xcheck(invOff-vs-restW) worst=3.1deg bone[2]
  TIER2 joint-attach(PRIMARY): worst=67.53u bone[17]='bone_R-ringfinger02.mesh' parent[15] R=46.7 exactJoint=0.00u pairs=30  (palette-wide exactWorst=7.99u)
[HANDS_ATTACH] mesh='hands_naked.mesh' owner='hands_naked.mesh' frame=3357 nb=38 wext=83.9 rebound=1
  TIER1 rest-coherence: worst=3.1deg bone[2]='bone_R-pinky03.mesh' count(>5deg)=0 freshRecap=0  xcheck(invOff-vs-restW) worst=3.1deg bone[2]
  TIER2 joint-attach(PRIMARY): worst=83.92u bone[17]='bone_R-ringfinger02.mesh' parent[15] R=46.7 exactJoint=0.00u pairs=30  (palette-wide exactWorst=7.48u)
[HANDS_ATTACH] mesh='hands_naked.mesh' owner='hands_naked.mesh' frame=3359 nb=40 wext=60.2 rebound=1
  TIER1 rest-coherence: worst=3.1deg bone[2]='bone_R-foreTwist2.mesh' count(>5deg)=0 freshRecap=0  xcheck(invOff-vs-restW) worst=3.1deg bone[2]
  TIER2 joint-attach(PRIMARY): worst=49.86u bone[22]='bone_L-index02.mesh' parent[27] R=40.9 exactJoint=0.02u pairs=36  (palette-wide exactWorst=6.56u)
[HANDS_ATTACH] mesh='hands_naked.mesh' owner='hands_naked.mesh' frame=3361 nb=38 wext=58.8 rebound=1
  TIER1 rest-coherence: worst=3.1deg bone[2]='bone_R-pinky03.mesh' count(>5deg)=0 freshRecap=0  xcheck(invOff-vs-restW) worst=3.1deg bone[2]
  TIER2 joint-attach(PRIMARY): worst=65.86u bone[17]='bone_R-ringfinger02.mesh' parent[15] R=46.7 exactJoint=0.38u pairs=30  (palette-wide exactWorst=7.99u)
[HANDS_ATTACH] mesh='hands_naked.mesh' owner='hands_naked.mesh' frame=3367 nb=38 wext=81.9 rebound=1
  TIER1 rest-coherence: worst=3.1deg bone[2]='bone_R-pinky03.mesh' count(>5deg)=0 freshRecap=0  xcheck(invOff-vs-restW) worst=3.1deg bone[2]
  TIER2 joint-attach(PRIMARY): worst=84.46u bone[17]='bone_R-ringfinger02.mesh' parent[15] R=46.7 exactJoint=0.00u pairs=30  (palette-wide exactWorst=7.42u)
[HANDS_ATTACH] mesh='hands_naked.mesh' owner='hands_naked.mesh' frame=3369 nb=40 wext=57.4 rebound=1
  TIER1 rest-coherence: worst=3.1deg bone[2]='bone_R-foreTwist2.mesh' count(>5deg)=0 freshRecap=0  xcheck(invOff-vs-restW) worst=3.1deg bone[2]
  TIER2 joint-attach(PRIMARY): worst=49.47u bone[22]='bone_L-index02.mesh' parent[27] R=40.9 exactJoint=0.02u pairs=36  (palette-wide exactWorst=6.59u)
[HANDS_ATTACH] mesh='hands_naked.mesh' owner='hands_naked.mesh' frame=3371 nb=38 wext=58.0 rebound=1
  TIER1 rest-coherence: worst=3.1deg bone[2]='bone_R-pinky03.mesh' count(>5deg)=0 freshRecap=0  xcheck(invOff-vs-restW) worst=3.1deg bone[2]
  TIER2 joint-attach(PRIMARY): worst=63.48u bone[17]='bone_R-ringfinger02.mesh' parent[15] R=46.7 exactJoint=0.91u pairs=30  (palette-wide exactWorst=7.99u)
[HANDS_ATTACH] mesh='hands_naked.mesh' owner='hands_naked.mesh' frame=3377 nb=38 wext=80.6 rebound=1
  TIER1 rest-coherence: worst=3.1deg bone[2]='bone_R-pinky03.mesh' count(>5deg)=0 freshRecap=0  xcheck(invOff-vs-restW) worst=3.1deg bone[2]
  TIER2 joint-attach(PRIMARY): worst=84.59u bone[17]='bone_R-ringfinger02.mesh' parent[15] R=46.7 exactJoint=0.00u pairs=30  (palette-wide exactWorst=7.41u)
[HANDS_ATTACH] mesh='hands_naked.mesh' owner='hands_naked.mesh' frame=3379 nb=40 wext=55.3 rebound=1
  TIER1 rest-coherence: worst=3.1deg bone[2]='bone_R-foreTwist2.mesh' count(>5deg)=0 freshRecap=0  xcheck(invOff-vs-restW) worst=3.1deg bone[2]
  TIER2 joint-attach(PRIMARY): worst=48.83u bone[22]='bone_L-index02.mesh' parent[27] R=40.9 exactJoint=0.05u pairs=36  (palette-wide exactWorst=6.65u)
[HANDS_ATTACH] mesh='hands_naked.mesh' owner='hands_naked.mesh' frame=3381 nb=38 wext=62.3 rebound=1
  TIER1 rest-coherence: worst=3.1deg bone[2]='bone_R-pinky03.mesh' count(>5deg)=0 freshRecap=0  xcheck(invOff-vs-restW) worst=3.1deg bone[2]
  TIER2 joint-attach(PRIMARY): worst=60.98u bone[17]='bone_R-ringfinger02.mesh' parent[15] R=46.7 exactJoint=1.46u pairs=30  (palette-wide exactWorst=7.99u)
[HANDS_ATTACH] mesh='hands_naked.mesh' owner='hands_naked.mesh' frame=3387 nb=38 wext=80.1 rebound=1
  TIER1 rest-coherence: worst=3.1deg bone[2]='bone_R-pinky03.mesh' count(>5deg)=0 freshRecap=0  xcheck(invOff-vs-restW) worst=3.1deg bone[2]
  TIER2 joint-attach(PRIMARY): worst=84.74u bone[17]='bone_R-ringfinger02.mesh' parent[15] R=46.7 exactJoint=0.00u pairs=30  (palette-wide exactWorst=7.43u)
[HANDS_ATTACH] mesh='hands_naked.mesh' owner='hands_naked.mesh' frame=3389 nb=40 wext=55.9 rebound=1
  TIER1 rest-coherence: worst=3.1deg bone[2]='bone_R-foreTwist2.mesh' count(>5deg)=0 freshRecap=0  xcheck(invOff-vs-restW) worst=3.1deg bone[2]
  TIER2 joint-attach(PRIMARY): worst=48.78u bone[22]='bone_L-index02.mesh' parent[27] R=40.9 exactJoint=0.08u pairs=36  (palette-wide exactWorst=6.65u)
[HANDS_ATTACH] mesh='hands_naked.mesh' owner='hands_naked.mesh' frame=3391 nb=38 wext=63.8 rebound=1
  TIER1 rest-coherence: worst=3.1deg bone[2]='bone_R-pinky03.mesh' count(>5deg)=0 freshRecap=0  xcheck(invOff-vs-restW) worst=3.1deg bone[2]
  TIER2 joint-attach(PRIMARY): worst=59.29u bone[26]='bone_L-middlefinger02.mesh' parent[23] R=46.8 exactJoint=4.60u pairs=30  (palette-wide exactWorst=7.99u)
[HANDS_ATTACH] mesh='hands_naked.mesh' owner='hands_naked.mesh' frame=3397 nb=38 wext=80.8 rebound=1
  TIER1 rest-coherence: worst=3.1deg bone[2]='bone_R-pinky03.mesh' count(>5deg)=0 freshRecap=0  xcheck(invOff-vs-restW) worst=3.1deg bone[2]
  TIER2 joint-attach(PRIMARY): worst=84.87u bone[17]='bone_R-ringfinger02.mesh' parent[15] R=46.7 exactJoint=0.00u pairs=30  (palette-wide exactWorst=7.41u)
[HANDS_ATTACH] mesh='hands_naked.mesh' owner='hands_naked.mesh' frame=3399 nb=40 wext=60.3 rebound=1
  TIER1 rest-coherence: worst=3.1deg bone[2]='bone_R-foreTwist2.mesh' count(>5deg)=0 freshRecap=0  xcheck(invOff-vs-restW) worst=3.1deg bone[2]
  TIER2 joint-attach(PRIMARY): worst=49.49u bone[22]='bone_L-index02.mesh' parent[27] R=40.9 exactJoint=0.02u pairs=36  (palette-wide exactWorst=6.59u)
[HANDS_ATTACH] mesh='hands_naked.mesh' owner='hands_naked.mesh' frame=3401 nb=38 wext=66.4 rebound=1
  TIER1 rest-coherence: worst=3.1deg bone[2]='bone_R-pinky03.mesh' count(>5deg)=0 freshRecap=0  xcheck(invOff-vs-restW) worst=3.1deg bone[2]
  TIER2 joint-attach(PRIMARY): worst=59.29u bone[26]='bone_L-middlefinger02.mesh' parent[23] R=46.8 exactJoint=4.60u pairs=30  (palette-wide exactWorst=7.99u)
[HANDS_ATTACH] mesh='hands_naked.mesh' owner='hands_naked.mesh' frame=3407 nb=38 wext=80.9 rebound=1
  TIER1 rest-coherence: worst=3.1deg bone[2]='bone_R-pinky03.mesh' count(>5deg)=0 freshRecap=0  xcheck(invOff-vs-restW) worst=3.1deg bone[2]
  TIER2 joint-attach(PRIMARY): worst=84.93u bone[17]='bone_R-ringfinger02.mesh' parent[15] R=46.7 exactJoint=0.00u pairs=30  (palette-wide exactWorst=7.40u)
[HANDS_ATTACH] mesh='hands_naked.mesh' owner='hands_naked.mesh' frame=3409 nb=40 wext=54.8 rebound=1
  TIER1 rest-coherence: worst=3.1deg bone[2]='bone_R-foreTwist2.mesh' count(>5deg)=0 freshRecap=0  xcheck(invOff-vs-restW) worst=3.1deg bone[2]
  TIER2 joint-attach(PRIMARY): worst=50.09u bone[22]='bone_L-index02.mesh' parent[27] R=40.9 exactJoint=0.02u pairs=36  (palette-wide exactWorst=6.55u)
[HANDS_ATTACH] mesh='hands_naked.mesh' owner='hands_naked.mesh' frame=3411 nb=38 wext=69.2 rebound=1
  TIER1 rest-coherence: worst=3.1deg bone[2]='bone_R-pinky03.mesh' count(>5deg)=0 freshRecap=0  xcheck(invOff-vs-restW) worst=3.1deg bone[2]
  TIER2 joint-attach(PRIMARY): worst=59.20u bone[26]='bone_L-middlefinger02.mesh' parent[23] R=46.8 exactJoint=4.83u pairs=30  (palette-wide exactWorst=7.85u)
[HANDS_ATTACH] mesh='hands_naked.mesh' owner='hands_naked.mesh' frame=3417 nb=38 wext=81.2 rebound=1
  TIER1 rest-coherence: worst=3.1deg bone[2]='bone_R-pinky03.mesh' count(>5deg)=0 freshRecap=0  xcheck(invOff-vs-restW) worst=3.1deg bone[2]
  TIER2 joint-attach(PRIMARY): worst=84.93u bone[17]='bone_R-ringfinger02.mesh' parent[15] R=46.7 exactJoint=0.00u pairs=30  (palette-wide exactWorst=7.40u)
[HANDS_ATTACH] mesh='hands_naked.mesh' owner='hands_naked.mesh' frame=3419 nb=40 wext=56.1 rebound=1
  TIER1 rest-coherence: worst=3.1deg bone[2]='bone_R-foreTwist2.mesh' count(>5deg)=0 freshRecap=0  xcheck(invOff-vs-restW) worst=3.1deg bone[2]
  TIER2 joint-attach(PRIMARY): worst=49.79u bone[22]='bone_L-index02.mesh' parent[27] R=40.9 exactJoint=0.02u pairs=36  (palette-wide exactWorst=6.56u)
[HANDS_ATTACH] mesh='hands_naked.mesh' owner='hands_naked.mesh' frame=3421 nb=38 wext=67.6 rebound=1
  TIER1 rest-coherence: worst=3.1deg bone[2]='bone_R-pinky03.mesh' count(>5deg)=0 freshRecap=0  xcheck(invOff-vs-restW) worst=3.1deg bone[2]
  TIER2 joint-attach(PRIMARY): worst=57.80u bone[32]='bone_L-ringfinger02.mesh' parent[27] R=46.7 exactJoint=6.42u pairs=30  (palette-wide exactWorst=8.38u)
[HANDS_ATTACH] mesh='hands_naked.mesh' owner='hands_naked.mesh' frame=3427 nb=38 wext=81.0 rebound=1
  TIER1 rest-coherence: worst=3.1deg bone[2]='bone_R-pinky03.mesh' count(>5deg)=0 freshRecap=0  xcheck(invOff-vs-restW) worst=3.1deg bone[2]
  TIER2 joint-attach(PRIMARY): worst=84.91u bone[17]='bone_R-ringfinger02.mesh' parent[15] R=46.7 exactJoint=0.00u pairs=30  (palette-wide exactWorst=7.43u)
[HANDS_ATTACH] mesh='hands_naked.mesh' owner='hands_naked.mesh' frame=3429 nb=40 wext=56.3 rebound=1
  TIER1 rest-coherence: worst=3.1deg bone[2]='bone_R-foreTwist2.mesh' count(>5deg)=0 freshRecap=0  xcheck(invOff-vs-restW) worst=3.1deg bone[2]
  TIER2 joint-attach(PRIMARY): worst=50.20u bone[22]='bone_L-index02.mesh' parent[27] R=40.9 exactJoint=0.02u pairs=36  (palette-wide exactWorst=6.54u)
[HANDS_ATTACH] mesh='hands_naked.mesh' owner='hands_naked.mesh' frame=3431 nb=38 wext=63.0 rebound=1
  TIER1 rest-coherence: worst=3.1deg bone[2]='bone_R-pinky03.mesh' count(>5deg)=0 freshRecap=0  xcheck(invOff-vs-restW) worst=3.1deg bone[2]
  TIER2 joint-attach(PRIMARY): worst=57.80u bone[32]='bone_L-ringfinger02.mesh' parent[27] R=46.7 exactJoint=6.42u pairs=30  (palette-wide exactWorst=8.38u)
[HANDS_ATTACH] mesh='hands_naked.mesh' owner='hands_naked.mesh' frame=3437 nb=38 wext=80.8 rebound=1
  TIER1 rest-coherence: worst=3.1deg bone[2]='bone_R-pinky03.mesh' count(>5deg)=0 freshRecap=0  xcheck(invOff-vs-restW) worst=3.1deg bone[2]
  TIER2 joint-attach(PRIMARY): worst=84.88u bone[17]='bone_R-ringfinger02.mesh' parent[15] R=46.7 exactJoint=0.00u pairs=30  (palette-wide exactWorst=7.45u)
[HANDS_ATTACH] mesh='hands_naked.mesh' owner='hands_naked.mesh' frame=3439 nb=40 wext=60.4 rebound=1
  TIER1 rest-coherence: worst=3.1deg bone[2]='bone_R-foreTwist2.mesh' count(>5deg)=0 freshRecap=0  xcheck(invOff-vs-restW) worst=3.1deg bone[2]
  TIER2 joint-attach(PRIMARY): worst=50.04u bone[22]='bone_L-index02.mesh' parent[27] R=40.9 exactJoint=0.02u pairs=36  (palette-wide exactWorst=6.54u)
[HANDS_ATTACH] mesh='hands_naked.mesh' owner='hands_naked.mesh' frame=3441 nb=38 wext=70.3 rebound=1
  TIER1 rest-coherence: worst=3.1deg bone[2]='bone_R-pinky03.mesh' count(>5deg)=0 freshRecap=0  xcheck(invOff-vs-restW) worst=3.1deg bone[2]
  TIER2 joint-attach(PRIMARY): worst=57.80u bone[32]='bone_L-ringfinger02.mesh' parent[27] R=46.7 exactJoint=6.42u pairs=30  (palette-wide exactWorst=8.83u)
[HANDS_ATTACH] mesh='hands_naked.mesh' owner='hands_naked.mesh' frame=3447 nb=38 wext=82.0 rebound=1
  TIER1 rest-coherence: worst=3.1deg bone[2]='bone_R-pinky03.mesh' count(>5deg)=0 freshRecap=0  xcheck(invOff-vs-restW) worst=3.1deg bone[2]
  TIER2 joint-attach(PRIMARY): worst=84.87u bone[17]='bone_R-ringfinger02.mesh' parent[15] R=46.7 exactJoint=0.00u pairs=30  (palette-wide exactWorst=7.45u)
[HANDS_ATTACH] mesh='hands_naked.mesh' owner='hands_naked.mesh' frame=3449 nb=40 wext=56.8 rebound=1
  TIER1 rest-coherence: worst=3.1deg bone[2]='bone_R-foreTwist2.mesh' count(>5deg)=0 freshRecap=0  xcheck(invOff-vs-restW) worst=3.1deg bone[2]
  TIER2 joint-attach(PRIMARY): worst=49.88u bone[22]='bone_L-index02.mesh' parent[27] R=40.9 exactJoint=0.02u pairs=36  (palette-wide exactWorst=6.55u)
[HANDS_ATTACH] mesh='hands_naked.mesh' owner='hands_naked.mesh' frame=3451 nb=38 wext=60.8 rebound=1
  TIER1 rest-coherence: worst=3.1deg bone[2]='bone_R-pinky03.mesh' count(>5deg)=0 freshRecap=0  xcheck(invOff-vs-restW) worst=3.1deg bone[2]
  TIER2 joint-attach(PRIMARY): worst=56.72u bone[32]='bone_L-ringfinger02.mesh' parent[27] R=46.7 exactJoint=6.71u pairs=30  (palette-wide exactWorst=7.44u)
[HANDS_ATTACH] mesh='hands_naked.mesh' owner='hands_naked.mesh' frame=3457 nb=38 wext=83.2 rebound=1
  TIER1 rest-coherence: worst=3.1deg bone[2]='bone_R-pinky03.mesh' count(>5deg)=0 freshRecap=0  xcheck(invOff-vs-restW) worst=3.1deg bone[2]
  TIER2 joint-attach(PRIMARY): worst=84.93u bone[17]='bone_R-ringfinger02.mesh' parent[15] R=46.7 exactJoint=0.00u pairs=30  (palette-wide exactWorst=7.44u)
[HANDS_ATTACH] mesh='hands_naked.mesh' owner='hands_naked.mesh' frame=3459 nb=40 wext=55.4 rebound=1
  TIER1 rest-coherence: worst=3.1deg bone[2]='bone_R-foreTwist2.mesh' count(>5deg)=0 freshRecap=0  xcheck(invOff-vs-restW) worst=3.1deg bone[2]
  TIER2 joint-attach(PRIMARY): worst=49.74u bone[22]='bone_L-index02.mesh' parent[27] R=40.9 exactJoint=0.02u pairs=36  (palette-wide exactWorst=6.57u)
[HANDS_ATTACH] mesh='hands_naked.mesh' owner='hands_naked.mesh' frame=3461 nb=38 wext=57.3 rebound=1
  TIER1 rest-coherence: worst=3.1deg bone[2]='bone_R-pinky03.mesh' count(>5deg)=0 freshRecap=0  xcheck(invOff-vs-restW) worst=3.1deg bone[2]
  TIER2 joint-attach(PRIMARY): worst=52.00u bone[32]='bone_L-ringfinger02.mesh' parent[27] R=46.7 exactJoint=7.75u pairs=30  (palette-wide exactWorst=8.79u)
[HANDS_ATTACH] mesh='hands_naked.mesh' owner='hands_naked.mesh' frame=3467 nb=38 wext=84.0 rebound=1
  TIER1 rest-coherence: worst=3.1deg bone[2]='bone_R-pinky03.mesh' count(>5deg)=0 freshRecap=0  xcheck(invOff-vs-restW) worst=3.1deg bone[2]
  TIER2 joint-attach(PRIMARY): worst=84.90u bone[17]='bone_R-ringfinger02.mesh' parent[15] R=46.7 exactJoint=0.00u pairs=30  (palette-wide exactWorst=7.40u)
[HANDS_ATTACH] mesh='hands_naked.mesh' owner='hands_naked.mesh' frame=3469 nb=40 wext=52.6 rebound=1
  TIER1 rest-coherence: worst=3.1deg bone[2]='bone_R-foreTwist2.mesh' count(>5deg)=0 freshRecap=0  xcheck(invOff-vs-restW) worst=3.1deg bone[2]
  TIER2 joint-attach(PRIMARY): worst=49.90u bone[22]='bone_L-index02.mesh' parent[27] R=40.9 exactJoint=0.02u pairs=36  (palette-wide exactWorst=6.56u)
[HANDS_ATTACH] mesh='hands_naked.mesh' owner='hands_naked.mesh' frame=3471 nb=38 wext=65.5 rebound=1
  TIER1 rest-coherence: worst=3.1deg bone[2]='bone_R-pinky03.mesh' count(>5deg)=0 freshRecap=0  xcheck(invOff-vs-restW) worst=3.1deg bone[2]
  TIER2 joint-attach(PRIMARY): worst=58.10u bone[13]='bone_R-hand.mesh' parent[5] R=49.3 exactJoint=0.01u pairs=30  (palette-wide exactWorst=8.82u)
[HANDS_ATTACH] mesh='hands_naked.mesh' owner='hands_naked.mesh' frame=3477 nb=38 wext=84.1 rebound=1
  TIER1 rest-coherence: worst=3.1deg bone[2]='bone_R-pinky03.mesh' count(>5deg)=0 freshRecap=0  xcheck(invOff-vs-restW) worst=3.1deg bone[2]
  TIER2 joint-attach(PRIMARY): worst=84.89u bone[17]='bone_R-ringfinger02.mesh' parent[15] R=46.7 exactJoint=0.00u pairs=30  (palette-wide exactWorst=7.39u)
[HANDS_ATTACH] mesh='hands_naked.mesh' owner='hands_naked.mesh' frame=3479 nb=40 wext=51.7 rebound=1
  TIER1 rest-coherence: worst=3.1deg bone[2]='bone_R-foreTwist2.mesh' count(>5deg)=0 freshRecap=0  xcheck(invOff-vs-restW) worst=3.1deg bone[2]
  TIER2 joint-attach(PRIMARY): worst=50.19u bone[22]='bone_L-index02.mesh' parent[27] R=40.9 exactJoint=0.02u pairs=36  (palette-wide exactWorst=6.54u)
[HANDS_ATTACH] mesh='hands_naked.mesh' owner='hands_naked.mesh' frame=3481 nb=38 wext=59.7 rebound=1
  TIER1 rest-coherence: worst=3.1deg bone[2]='bone_R-pinky03.mesh' count(>5deg)=0 freshRecap=0  xcheck(invOff-vs-restW) worst=3.1deg bone[2]
  TIER2 joint-attach(PRIMARY): worst=67.92u bone[3]='bone_R-index02.mesh' parent[8] R=47.0 exactJoint=2.05u pairs=30  (palette-wide exactWorst=8.78u)
[HANDS_ATTACH] mesh='hands_naked.mesh' owner='hands_naked.mesh' frame=3487 nb=38 wext=83.7 rebound=1
  TIER1 rest-coherence: worst=3.1deg bone[2]='bone_R-pinky03.mesh' count(>5deg)=0 freshRecap=0  xcheck(invOff-vs-restW) worst=3.1deg bone[2]
  TIER2 joint-attach(PRIMARY): worst=84.89u bone[17]='bone_R-ringfinger02.mesh' parent[15] R=46.7 exactJoint=0.00u pairs=30  (palette-wide exactWorst=7.39u)
[HANDS_ATTACH] mesh='hands_naked.mesh' owner='hands_naked.mesh' frame=3489 nb=40 wext=67.6 rebound=1
  TIER1 rest-coherence: worst=3.1deg bone[2]='bone_R-foreTwist2.mesh' count(>5deg)=0 freshRecap=0  xcheck(invOff-vs-restW) worst=3.1deg bone[2]
  TIER2 joint-attach(PRIMARY): worst=48.58u bone[22]='bone_L-index02.mesh' parent[27] R=40.9 exactJoint=0.15u pairs=36  (palette-wide exactWorst=6.67u)
[HANDS_ATTACH] mesh='hands_naked.mesh' owner='hands_naked.mesh' frame=3491 nb=38 wext=59.1 rebound=1
  TIER1 rest-coherence: worst=3.1deg bone[2]='bone_R-pinky03.mesh' count(>5deg)=0 freshRecap=0  xcheck(invOff-vs-restW) worst=3.1deg bone[2]
  TIER2 joint-attach(PRIMARY): worst=79.85u bone[3]='bone_R-index02.mesh' parent[8] R=47.0 exactJoint=0.18u pairs=30  (palette-wide exactWorst=8.93u)
[HANDS_ATTACH] mesh='hands_naked.mesh' owner='hands_naked.mesh' frame=3497 nb=38 wext=83.0 rebound=1
  TIER1 rest-coherence: worst=3.1deg bone[2]='bone_R-pinky03.mesh' count(>5deg)=0 freshRecap=0  xcheck(invOff-vs-restW) worst=3.1deg bone[2]
  TIER2 joint-attach(PRIMARY): worst=84.73u bone[17]='bone_R-ringfinger02.mesh' parent[15] R=46.7 exactJoint=0.00u pairs=30  (palette-wide exactWorst=7.37u)
[HANDS_ATTACH] mesh='hands_naked.mesh' owner='hands_naked.mesh' frame=3499 nb=40 wext=73.0 rebound=1
  TIER1 rest-coherence: worst=3.1deg bone[2]='bone_R-foreTwist2.mesh' count(>5deg)=0 freshRecap=0  xcheck(invOff-vs-restW) worst=3.1deg bone[2]
  TIER2 joint-attach(PRIMARY): worst=49.34u bone[22]='bone_L-index02.mesh' parent[27] R=40.9 exactJoint=0.02u pairs=36  (palette-wide exactWorst=6.61u)
[HANDS_ATTACH] mesh='hands_naked.mesh' owner='hands_naked.mesh' frame=3501 nb=38 wext=67.9 rebound=1
  TIER1 rest-coherence: worst=3.1deg bone[2]='bone_R-pinky03.mesh' count(>5deg)=0 freshRecap=0  xcheck(invOff-vs-restW) worst=3.1deg bone[2]
  TIER2 joint-attach(PRIMARY): worst=90.16u bone[11]='bone_R-middlefinger02.mesh' parent[1] R=46.8 exactJoint=4.57u pairs=30  (palette-wide exactWorst=6.49u)
[HANDS_ATTACH] mesh='hands_naked.mesh' owner='hands_naked.mesh' frame=3507 nb=38 wext=81.4 rebound=1
  TIER1 rest-coherence: worst=3.1deg bone[2]='bone_R-pinky03.mesh' count(>5deg)=0 freshRecap=0  xcheck(invOff-vs-restW) worst=3.1deg bone[2]
  TIER2 joint-attach(PRIMARY): worst=84.21u bone[17]='bone_R-ringfinger02.mesh' parent[15] R=46.7 exactJoint=0.00u pairs=30  (palette-wide exactWorst=7.32u)
[HANDS_ATTACH] mesh='hands_naked.mesh' owner='hands_naked.mesh' frame=3509 nb=40 wext=69.1 rebound=1
  TIER1 rest-coherence: worst=3.1deg bone[2]='bone_R-foreTwist2.mesh' count(>5deg)=0 freshRecap=0  xcheck(invOff-vs-restW) worst=3.1deg bone[2]
  TIER2 joint-attach(PRIMARY): worst=49.83u bone[22]='bone_L-index02.mesh' parent[27] R=40.9 exactJoint=0.02u pairs=36  (palette-wide exactWorst=6.57u)
[HANDS_ATTACH] mesh='hands_naked.mesh' owner='hands_naked.mesh' frame=3511 nb=38 wext=78.9 rebound=1
  TIER1 rest-coherence: worst=3.1deg bone[2]='bone_R-pinky03.mesh' count(>5deg)=0 freshRecap=0  xcheck(invOff-vs-restW) worst=3.1deg bone[2]
  TIER2 joint-attach(PRIMARY): worst=92.67u bone[11]='bone_R-middlefinger02.mesh' parent[1] R=46.8 exactJoint=4.15u pairs=30  (palette-wide exactWorst=7.90u)
[HANDS_ATTACH] mesh='hands_naked.mesh' owner='hands_naked.mesh' frame=3517 nb=38 wext=79.6 rebound=1
  TIER1 rest-coherence: worst=3.1deg bone[2]='bone_R-pinky03.mesh' count(>5deg)=0 freshRecap=0  xcheck(invOff-vs-restW) worst=3.1deg bone[2]
  TIER2 joint-attach(PRIMARY): worst=84.25u bone[17]='bone_R-ringfinger02.mesh' parent[15] R=46.7 exactJoint=0.00u pairs=30  (palette-wide exactWorst=7.35u)
[HANDS_ATTACH] mesh='hands_naked.mesh' owner='hands_naked.mesh' frame=3519 nb=40 wext=53.8 rebound=1
  TIER1 rest-coherence: worst=3.1deg bone[2]='bone_R-foreTwist2.mesh' count(>5deg)=0 freshRecap=0  xcheck(invOff-vs-restW) worst=3.1deg bone[2]
  TIER2 joint-attach(PRIMARY): worst=80.57u bone[13]='bone_R-pinky03.mesh' parent[9] R=40.5 exactJoint=1.73u pairs=36  (palette-wide exactWorst=8.90u)
[HANDS_ATTACH] mesh='hands_naked.mesh' owner='hands_naked.mesh' frame=3521 nb=38 wext=68.6 rebound=1
  TIER1 rest-coherence: worst=3.1deg bone[2]='bone_R-pinky03.mesh' count(>5deg)=0 freshRecap=0  xcheck(invOff-vs-restW) worst=3.1deg bone[2]
  TIER2 joint-attach(PRIMARY): worst=85.83u bone[11]='bone_R-middlefinger02.mesh' parent[1] R=46.8 exactJoint=5.65u pairs=30  (palette-wide exactWorst=8.42u)
[HANDS_ATTACH] mesh='hands_naked.mesh' owner='hands_naked.mesh' frame=3527 nb=38 wext=79.2 rebound=1
  TIER1 rest-coherence: worst=3.1deg bone[2]='bone_R-pinky03.mesh' count(>5deg)=0 freshRecap=0  xcheck(invOff-vs-restW) worst=3.1deg bone[2]
  TIER2 joint-attach(PRIMARY): worst=84.59u bone[17]='bone_R-ringfinger02.mesh' parent[15] R=46.7 exactJoint=0.00u pairs=30  (palette-wide exactWorst=7.42u)
[HANDS_ATTACH] mesh='hands_naked.mesh' owner='hands_naked.mesh' frame=3529 nb=40 wext=57.1 rebound=1
  TIER1 rest-coherence: worst=3.1deg bone[2]='bone_R-foreTwist2.mesh' count(>5deg)=0 freshRecap=0  xcheck(invOff-vs-restW) worst=3.1deg bone[2]
  TIER2 joint-attach(PRIMARY): worst=86.99u bone[13]='bone_R-pinky03.mesh' parent[9] R=40.5 exactJoint=1.12u pairs=36  (palette-wide exactWorst=8.88u)
[HANDS_ATTACH] mesh='hands_naked.mesh' owner='hands_naked.mesh' frame=3531 nb=38 wext=66.3 rebound=1
  TIER1 rest-coherence: worst=3.1deg bone[2]='bone_R-pinky03.mesh' count(>5deg)=0 freshRecap=0  xcheck(invOff-vs-restW) worst=3.1deg bone[2]
  TIER2 joint-attach(PRIMARY): worst=81.63u bone[3]='bone_R-index02.mesh' parent[8] R=47.0 exactJoint=0.30u pairs=30  (palette-wide exactWorst=8.43u)
[HANDS_ATTACH] mesh='hands_naked.mesh' owner='hands_naked.mesh' frame=3537 nb=38 wext=78.4 rebound=1
  TIER1 rest-coherence: worst=3.1deg bone[2]='bone_R-pinky03.mesh' count(>5deg)=0 freshRecap=0  xcheck(invOff-vs-restW) worst=3.1deg bone[2]
  TIER2 joint-attach(PRIMARY): worst=84.81u bone[17]='bone_R-ringfinger02.mesh' parent[15] R=46.7 exactJoint=0.00u pairs=30  (palette-wide exactWorst=7.55u)
[HANDS_ATTACH] mesh='hands_naked.mesh' owner='hands_naked.mesh' frame=3539 nb=40 wext=63.5 rebound=1
  TIER1 rest-coherence: worst=3.1deg bone[2]='bone_R-foreTwist2.mesh' count(>5deg)=0 freshRecap=0  xcheck(invOff-vs-restW) worst=3.1deg bone[2]
  TIER2 joint-attach(PRIMARY): worst=81.15u bone[13]='bone_R-pinky03.mesh' parent[9] R=40.5 exactJoint=1.67u pairs=36  (palette-wide exactWorst=8.83u)
[HANDS_ATTACH] mesh='hands_naked.mesh' owner='hands_naked.mesh' frame=3541 nb=38 wext=77.0 rebound=1
  TIER1 rest-coherence: worst=3.1deg bone[2]='bone_R-pinky03.mesh' count(>5deg)=0 freshRecap=0  xcheck(invOff-vs-restW) worst=3.1deg bone[2]
  TIER2 joint-attach(PRIMARY): worst=73.03u bone[3]='bone_R-index02.mesh' parent[8] R=47.0 exactJoint=2.71u pairs=30  (palette-wide exactWorst=8.82u)
[HANDS_ATTACH] mesh='hands_naked.mesh' owner='hands_naked.mesh' frame=3547 nb=38 wext=79.0 rebound=1
  TIER1 rest-coherence: worst=3.1deg bone[2]='bone_R-pinky03.mesh' count(>5deg)=0 freshRecap=0  xcheck(invOff-vs-restW) worst=3.1deg bone[2]
  TIER2 joint-attach(PRIMARY): worst=84.89u bone[17]='bone_R-ringfinger02.mesh' parent[15] R=46.7 exactJoint=0.00u pairs=30  (palette-wide exactWorst=8.00u)
[HANDS_ATTACH] mesh='hands_naked.mesh' owner='hands_naked.mesh' frame=3549 nb=40 wext=65.2 rebound=1
  TIER1 rest-coherence: worst=3.1deg bone[2]='bone_R-foreTwist2.mesh' count(>5deg)=0 freshRecap=0  xcheck(invOff-vs-restW) worst=3.1deg bone[2]
  TIER2 joint-attach(PRIMARY): worst=81.65u bone[13]='bone_R-pinky03.mesh' parent[9] R=40.5 exactJoint=1.58u pairs=36  (palette-wide exactWorst=8.83u)
[HANDS_ATTACH] mesh='hands_naked.mesh' owner='hands_naked.mesh' frame=3551 nb=38 wext=76.2 rebound=1
  TIER1 rest-coherence: worst=3.1deg bone[2]='bone_R-pinky03.mesh' count(>5deg)=0 freshRecap=0  xcheck(invOff-vs-restW) worst=3.1deg bone[2]
  TIER2 joint-attach(PRIMARY): worst=65.36u bone[3]='bone_R-index02.mesh' parent[8] R=47.0 exactJoint=4.63u pairs=30  (palette-wide exactWorst=8.36u)
[HANDS_ATTACH] mesh='hands_naked.mesh' owner='hands_naked.mesh' frame=3557 nb=38 wext=79.8 rebound=1
  TIER1 rest-coherence: worst=3.1deg bone[2]='bone_R-pinky03.mesh' count(>5deg)=0 freshRecap=0  xcheck(invOff-vs-restW) worst=3.1deg bone[2]
  TIER2 joint-attach(PRIMARY): worst=84.89u bone[17]='bone_R-ringfinger02.mesh' parent[15] R=46.7 exactJoint=0.00u pairs=30  (palette-wide exactWorst=8.14u)
[HANDS_ATTACH] mesh='hands_naked.mesh' owner='hands_naked.mesh' frame=3559 nb=40 wext=71.9 rebound=1
  TIER1 rest-coherence: worst=3.1deg bone[2]='bone_R-foreTwist2.mesh' count(>5deg)=0 freshRecap=0  xcheck(invOff-vs-restW) worst=3.1deg bone[2]
  TIER2 joint-attach(PRIMARY): worst=81.00u bone[13]='bone_R-pinky03.mesh' parent[9] R=40.5 exactJoint=1.70u pairs=36  (palette-wide exactWorst=8.83u)
[HANDS_ATTACH] mesh='hands_naked.mesh' owner='hands_naked.mesh' frame=3561 nb=38 wext=64.3 rebound=1
  TIER1 rest-coherence: worst=3.1deg bone[2]='bone_R-pinky03.mesh' count(>5deg)=0 freshRecap=0  xcheck(invOff-vs-restW) worst=3.1deg bone[2]
  TIER2 joint-attach(PRIMARY): worst=64.16u bone[3]='bone_R-index02.mesh' parent[8] R=47.0 exactJoint=5.00u pairs=30  (palette-wide exactWorst=8.32u)
[HANDS_ATTACH] mesh='hands_naked.mesh' owner='hands_naked.mesh' frame=3567 nb=38 wext=79.3 rebound=1
  TIER1 rest-coherence: worst=3.1deg bone[2]='bone_R-pinky03.mesh' count(>5deg)=0 freshRecap=0  xcheck(invOff-vs-restW) worst=3.1deg bone[2]
  TIER2 joint-attach(PRIMARY): worst=84.89u bone[17]='bone_R-ringfinger02.mesh' parent[15] R=46.7 exactJoint=0.00u pairs=30  (palette-wide exactWorst=8.01u)
[HANDS_ATTACH] mesh='hands_naked.mesh' owner='hands_naked.mesh' frame=3569 nb=40 wext=65.9 rebound=1
  TIER1 rest-coherence: worst=3.1deg bone[2]='bone_R-foreTwist2.mesh' count(>5deg)=0 freshRecap=0  xcheck(invOff-vs-restW) worst=3.1deg bone[2]
  TIER2 joint-attach(PRIMARY): worst=81.19u bone[13]='bone_R-pinky03.mesh' parent[9] R=40.5 exactJoint=1.69u pairs=36  (palette-wide exactWorst=8.82u)
[HANDS_ATTACH] mesh='hands_naked.mesh' owner='hands_naked.mesh' frame=3571 nb=38 wext=69.7 rebound=1
  TIER1 rest-coherence: worst=3.1deg bone[2]='bone_R-pinky03.mesh' count(>5deg)=0 freshRecap=0  xcheck(invOff-vs-restW) worst=3.1deg bone[2]
  TIER2 joint-attach(PRIMARY): worst=63.60u bone[3]='bone_R-index02.mesh' parent[8] R=47.0 exactJoint=5.23u pairs=30  (palette-wide exactWorst=8.51u)
[HANDS_ATTACH] mesh='hands_naked.mesh' owner='hands_naked.mesh' frame=3577 nb=38 wext=79.1 rebound=1
  TIER1 rest-coherence: worst=3.1deg bone[2]='bone_R-pinky03.mesh' count(>5deg)=0 freshRecap=0  xcheck(invOff-vs-restW) worst=3.1deg bone[2]
  TIER2 joint-attach(PRIMARY): worst=84.91u bone[17]='bone_R-ringfinger02.mesh' parent[15] R=46.7 exactJoint=0.00u pairs=30  (palette-wide exactWorst=7.66u)
[HANDS_ATTACH] mesh='hands_naked.mesh' owner='hands_naked.mesh' frame=3579 nb=40 wext=68.5 rebound=1
  TIER1 rest-coherence: worst=3.1deg bone[2]='bone_R-foreTwist2.mesh' count(>5deg)=0 freshRecap=0  xcheck(invOff-vs-restW) worst=3.1deg bone[2]
  TIER2 joint-attach(PRIMARY): worst=81.65u bone[13]='bone_R-pinky03.mesh' parent[9] R=40.5 exactJoint=1.61u pairs=36  (palette-wide exactWorst=8.82u)
[HANDS_ATTACH] mesh='hands_naked.mesh' owner='hands_naked.mesh' frame=3581 nb=38 wext=76.8 rebound=1
  TIER1 rest-coherence: worst=3.1deg bone[2]='bone_R-pinky03.mesh' count(>5deg)=0 freshRecap=0  xcheck(invOff-vs-restW) worst=3.1deg bone[2]
  TIER2 joint-attach(PRIMARY): worst=65.89u bone[18]='bone_R-pinky02.mesh' parent[14] R=46.7 exactJoint=0.01u pairs=30  (palette-wide exactWorst=8.73u)
[HANDS_ATTACH] mesh='hands_naked.mesh' owner='hands_naked.mesh' frame=3587 nb=38 wext=79.0 rebound=1
  TIER1 rest-coherence: worst=3.1deg bone[2]='bone_R-pinky03.mesh' count(>5deg)=0 freshRecap=0  xcheck(invOff-vs-restW) worst=3.1deg bone[2]
  TIER2 joint-attach(PRIMARY): worst=84.93u bone[17]='bone_R-ringfinger02.mesh' parent[15] R=46.7 exactJoint=0.00u pairs=30  (palette-wide exactWorst=7.39u)
[HANDS_ATTACH] mesh='hands_naked.mesh' owner='hands_naked.mesh' frame=3589 nb=40 wext=73.9 rebound=1
  TIER1 rest-coherence: worst=3.1deg bone[2]='bone_R-foreTwist2.mesh' count(>5deg)=0 freshRecap=0  xcheck(invOff-vs-restW) worst=3.1deg bone[2]
  TIER2 joint-attach(PRIMARY): worst=81.49u bone[13]='bone_R-pinky03.mesh' parent[9] R=40.5 exactJoint=1.63u pairs=36  (palette-wide exactWorst=8.83u)
[HANDS_ATTACH] mesh='hands_naked.mesh' owner='hands_naked.mesh' frame=3591 nb=38 wext=66.6 rebound=1
  TIER1 rest-coherence: worst=3.1deg bone[2]='bone_R-pinky03.mesh' count(>5deg)=0 freshRecap=0  xcheck(invOff-vs-restW) worst=3.1deg bone[2]
  TIER2 joint-attach(PRIMARY): worst=62.41u bone[3]='bone_R-index02.mesh' parent[8] R=47.0 exactJoint=5.70u pairs=30  (palette-wide exactWorst=8.71u)
[HANDS_ATTACH] mesh='hands_naked.mesh' owner='hands_naked.mesh' frame=3597 nb=38 wext=79.7 rebound=1
  TIER1 rest-coherence: worst=3.1deg bone[2]='bone_R-pinky03.mesh' count(>5deg)=0 freshRecap=0  xcheck(invOff-vs-restW) worst=3.1deg bone[2]
  TIER2 joint-attach(PRIMARY): worst=84.99u bone[17]='bone_R-ringfinger02.mesh' parent[15] R=46.7 exactJoint=0.00u pairs=30  (palette-wide exactWorst=7.48u)
[HANDS_ATTACH] mesh='hands_naked.mesh' owner='hands_naked.mesh' frame=3599 nb=40 wext=59.0 rebound=1
  TIER1 rest-coherence: worst=3.1deg bone[2]='bone_R-foreTwist2.mesh' count(>5deg)=0 freshRecap=0  xcheck(invOff-vs-restW) worst=3.1deg bone[2]
  TIER2 joint-attach(PRIMARY): worst=80.68u bone[13]='bone_R-pinky03.mesh' parent[9] R=40.5 exactJoint=1.77u pairs=36  (palette-wide exactWorst=8.84u)
[HANDS_ATTACH] mesh='hands_naked.mesh' owner='hands_naked.mesh' frame=3601 nb=38 wext=58.7 rebound=1
  TIER1 rest-coherence: worst=3.1deg bone[2]='bone_R-pinky03.mesh' count(>5deg)=0 freshRecap=0  xcheck(invOff-vs-restW) worst=3.1deg bone[2]
  TIER2 joint-attach(PRIMARY): worst=61.78u bone[3]='bone_R-index02.mesh' parent[8] R=47.0 exactJoint=5.93u pairs=30  (palette-wide exactWorst=8.72u)
[HANDS_ATTACH] mesh='hands_naked.mesh' owner='hands_naked.mesh' frame=3607 nb=38 wext=80.6 rebound=1
  TIER1 rest-coherence: worst=3.1deg bone[2]='bone_R-pinky03.mesh' count(>5deg)=0 freshRecap=0  xcheck(invOff-vs-restW) worst=3.1deg bone[2]
  TIER2 joint-attach(PRIMARY): worst=84.94u bone[17]='bone_R-ringfinger02.mesh' parent[15] R=46.7 exactJoint=0.00u pairs=30  (palette-wide exactWorst=7.56u)
[HANDS_ATTACH] mesh='hands_naked.mesh' owner='hands_naked.mesh' frame=3609 nb=40 wext=73.7 rebound=1
  TIER1 rest-coherence: worst=3.1deg bone[2]='bone_R-foreTwist2.mesh' count(>5deg)=0 freshRecap=0  xcheck(invOff-vs-restW) worst=3.1deg bone[2]
  TIER2 joint-attach(PRIMARY): worst=81.55u bone[13]='bone_R-pinky03.mesh' parent[9] R=40.5 exactJoint=1.62u pairs=36  (palette-wide exactWorst=8.83u)
[HANDS_ATTACH] mesh='hands_naked.mesh' owner='hands_naked.mesh' frame=3611 nb=38 wext=57.8 rebound=1
  TIER1 rest-coherence: worst=3.1deg bone[2]='bone_R-pinky03.mesh' count(>5deg)=0 freshRecap=0  xcheck(invOff-vs-restW) worst=3.1deg bone[2]
  TIER2 joint-attach(PRIMARY): worst=61.15u bone[3]='bone_R-index02.mesh' parent[8] R=47.0 exactJoint=6.15u pairs=30  (palette-wide exactWorst=8.65u)
[HANDS_ATTACH] mesh='hands_naked.mesh' owner='hands_naked.mesh' frame=3617 nb=38 wext=80.7 rebound=1
  TIER1 rest-coherence: worst=3.1deg bone[2]='bone_R-pinky03.mesh' count(>5deg)=0 freshRecap=0  xcheck(invOff-vs-restW) worst=3.1deg bone[2]
  TIER2 joint-attach(PRIMARY): worst=84.70u bone[17]='bone_R-ringfinger02.mesh' parent[15] R=46.7 exactJoint=0.00u pairs=30  (palette-wide exactWorst=7.46u)
[HANDS_ATTACH] mesh='hands_naked.mesh' owner='hands_naked.mesh' frame=3619 nb=40 wext=74.7 rebound=1
  TIER1 rest-coherence: worst=3.1deg bone[2]='bone_R-foreTwist2.mesh' count(>5deg)=0 freshRecap=0  xcheck(invOff-vs-restW) worst=3.1deg bone[2]
  TIER2 joint-attach(PRIMARY): worst=81.35u bone[13]='bone_R-pinky03.mesh' parent[9] R=40.5 exactJoint=1.65u pairs=36  (palette-wide exactWorst=8.83u)
[HANDS_ATTACH] mesh='hands_naked.mesh' owner='hands_naked.mesh' frame=3621 nb=38 wext=58.8 rebound=1
  TIER1 rest-coherence: worst=3.1deg bone[2]='bone_R-pinky03.mesh' count(>5deg)=0 freshRecap=0  xcheck(invOff-vs-restW) worst=3.1deg bone[2]
  TIER2 joint-attach(PRIMARY): worst=64.66u bone[3]='bone_R-index02.mesh' parent[8] R=47.0 exactJoint=5.61u pairs=30  (palette-wide exactWorst=8.51u)
[HANDS_ATTACH] mesh='hands_naked.mesh' owner='hands_naked.mesh' frame=3627 nb=38 wext=79.9 rebound=1
  TIER1 rest-coherence: worst=3.1deg bone[2]='bone_R-pinky03.mesh' count(>5deg)=0 freshRecap=0  xcheck(invOff-vs-restW) worst=3.1deg bone[2]
  TIER2 joint-attach(PRIMARY): worst=84.82u bone[17]='bone_R-ringfinger02.mesh' parent[15] R=46.7 exactJoint=0.00u pairs=30  (palette-wide exactWorst=7.44u)
[HANDS_ATTACH] mesh='hands_naked.mesh' owner='hands_naked.mesh' frame=3629 nb=40 wext=58.6 rebound=1
  TIER1 rest-coherence: worst=3.1deg bone[2]='bone_R-foreTwist2.mesh' count(>5deg)=0 freshRecap=0  xcheck(invOff-vs-restW) worst=3.1deg bone[2]
  TIER2 joint-attach(PRIMARY): worst=80.69u bone[13]='bone_R-pinky03.mesh' parent[9] R=40.5 exactJoint=1.78u pairs=36  (palette-wide exactWorst=8.84u)
[HANDS_ATTACH] mesh='hands_naked.mesh' owner='hands_naked.mesh' frame=3631 nb=38 wext=63.3 rebound=1
  TIER1 rest-coherence: worst=3.1deg bone[2]='bone_R-pinky03.mesh' count(>5deg)=0 freshRecap=0  xcheck(invOff-vs-restW) worst=3.1deg bone[2]
  TIER2 joint-attach(PRIMARY): worst=72.11u bone[3]='bone_R-index02.mesh' parent[8] R=47.0 exactJoint=4.17u pairs=30  (palette-wide exactWorst=8.28u)
[HANDS_ATTACH] mesh='hands_naked.mesh' owner='hands_naked.mesh' frame=3637 nb=38 wext=79.6 rebound=1
  TIER1 rest-coherence: worst=3.1deg bone[2]='bone_R-pinky03.mesh' count(>5deg)=0 freshRecap=0  xcheck(invOff-vs-restW) worst=3.1deg bone[2]
  TIER2 joint-attach(PRIMARY): worst=84.79u bone[17]='bone_R-ringfinger02.mesh' parent[15] R=46.7 exactJoint=0.00u pairs=30  (palette-wide exactWorst=7.42u)
[HANDS_ATTACH] mesh='hands_naked.mesh' owner='hands_naked.mesh' frame=3639 nb=40 wext=50.4 rebound=1
  TIER1 rest-coherence: worst=3.1deg bone[2]='bone_R-foreTwist2.mesh' count(>5deg)=0 freshRecap=0  xcheck(invOff-vs-restW) worst=3.1deg bone[2]
  TIER2 joint-attach(PRIMARY): worst=80.50u bone[13]='bone_R-pinky03.mesh' parent[9] R=40.5 exactJoint=1.81u pairs=36  (palette-wide exactWorst=8.84u)
[HANDS_ATTACH] mesh='hands_naked.mesh' owner='hands_naked.mesh' frame=3641 nb=38 wext=66.0 rebound=1
  TIER1 rest-coherence: worst=3.1deg bone[2]='bone_R-pinky03.mesh' count(>5deg)=0 freshRecap=0  xcheck(invOff-vs-restW) worst=3.1deg bone[2]
  TIER2 joint-attach(PRIMARY): worst=78.99u bone[3]='bone_R-index02.mesh' parent[8] R=47.0 exactJoint=2.64u pairs=30  (palette-wide exactWorst=7.99u)
[HANDS_ATTACH] mesh='hands_naked.mesh' owner='hands_naked.mesh' frame=3647 nb=38 wext=79.5 rebound=1
  TIER1 rest-coherence: worst=3.1deg bone[2]='bone_R-pinky03.mesh' count(>5deg)=0 freshRecap=0  xcheck(invOff-vs-restW) worst=3.1deg bone[2]
  TIER2 joint-attach(PRIMARY): worst=84.70u bone[17]='bone_R-ringfinger02.mesh' parent[15] R=46.7 exactJoint=0.00u pairs=30  (palette-wide exactWorst=7.41u)
[HANDS_ATTACH] mesh='hands_naked.mesh' owner='hands_naked.mesh' frame=3649 nb=40 wext=61.5 rebound=1
  TIER1 rest-coherence: worst=3.1deg bone[2]='bone_R-foreTwist2.mesh' count(>5deg)=0 freshRecap=0  xcheck(invOff-vs-restW) worst=3.1deg bone[2]
  TIER2 joint-attach(PRIMARY): worst=81.55u bone[13]='bone_R-pinky03.mesh' parent[9] R=40.5 exactJoint=1.62u pairs=36  (palette-wide exactWorst=8.83u)
[HANDS_ATTACH] mesh='hands_naked.mesh' owner='hands_naked.mesh' frame=3651 nb=38 wext=53.9 rebound=1
  TIER1 rest-coherence: worst=3.1deg bone[2]='bone_R-pinky03.mesh' count(>5deg)=0 freshRecap=0  xcheck(invOff-vs-restW) worst=3.1deg bone[2]
  TIER2 joint-attach(PRIMARY): worst=67.83u bone[13]='bone_R-hand.mesh' parent[5] R=49.3 exactJoint=0.01u pairs=30  (palette-wide exactWorst=7.99u)
[HANDS_ATTACH] mesh='hands_naked.mesh' owner='hands_naked.mesh' frame=3657 nb=38 wext=78.7 rebound=1
  TIER1 rest-coherence: worst=3.1deg bone[2]='bone_R-pinky03.mesh' count(>5deg)=0 freshRecap=0  xcheck(invOff-vs-restW) worst=3.1deg bone[2]
  TIER2 joint-attach(PRIMARY): worst=84.66u bone[17]='bone_R-ringfinger02.mesh' parent[15] R=46.7 exactJoint=0.00u pairs=30  (palette-wide exactWorst=7.42u)
[HANDS_ATTACH] mesh='hands_naked.mesh' owner='hands_naked.mesh' frame=3659 nb=40 wext=68.9 rebound=1
  TIER1 rest-coherence: worst=3.1deg bone[2]='bone_R-foreTwist2.mesh' count(>5deg)=0 freshRecap=0  xcheck(invOff-vs-restW) worst=3.1deg bone[2]
  TIER2 joint-attach(PRIMARY): worst=80.97u bone[13]='bone_R-pinky03.mesh' parent[9] R=40.5 exactJoint=1.72u pairs=36  (palette-wide exactWorst=8.83u)
[HANDS_ATTACH] mesh='hands_naked.mesh' owner='hands_naked.mesh' frame=3661 nb=38 wext=61.6 rebound=1
  TIER1 rest-coherence: worst=3.1deg bone[2]='bone_R-pinky03.mesh' count(>5deg)=0 freshRecap=0  xcheck(invOff-vs-restW) worst=3.1deg bone[2]
  TIER2 joint-attach(PRIMARY): worst=77.22u bone[13]='bone_R-hand.mesh' parent[5] R=49.3 exactJoint=0.01u pairs=30  (palette-wide exactWorst=8.58u)
[HANDS_ATTACH] mesh='hands_naked.mesh' owner='hands_naked.mesh' frame=3667 nb=38 wext=77.6 rebound=1
  TIER1 rest-coherence: worst=3.1deg bone[2]='bone_R-pinky03.mesh' count(>5deg)=0 freshRecap=0  xcheck(invOff-vs-restW) worst=3.1deg bone[2]
  TIER2 joint-attach(PRIMARY): worst=84.66u bone[17]='bone_R-ringfinger02.mesh' parent[15] R=46.7 exactJoint=0.00u pairs=30  (palette-wide exactWorst=7.42u)
[HANDS_ATTACH] mesh='hands_naked.mesh' owner='hands_naked.mesh' frame=3669 nb=40 wext=55.0 rebound=1
  TIER1 rest-coherence: worst=3.1deg bone[2]='bone_R-foreTwist2.mesh' count(>5deg)=0 freshRecap=0  xcheck(invOff-vs-restW) worst=3.1deg bone[2]
  TIER2 joint-attach(PRIMARY): worst=80.90u bone[13]='bone_R-pinky03.mesh' parent[9] R=40.5 exactJoint=1.73u pairs=36  (palette-wide exactWorst=8.84u)
[HANDS_ATTACH] mesh='hands_naked.mesh' owner='hands_naked.mesh' frame=3671 nb=38 wext=67.0 rebound=1
  TIER1 rest-coherence: worst=3.1deg bone[2]='bone_R-pinky03.mesh' count(>5deg)=0 freshRecap=0  xcheck(invOff-vs-restW) worst=3.1deg bone[2]
  TIER2 joint-attach(PRIMARY): worst=84.64u bone[13]='bone_R-hand.mesh' parent[5] R=49.3 exactJoint=0.01u pairs=30  (palette-wide exactWorst=8.47u)
[HANDS_ATTACH] mesh='hands_naked.mesh' owner='hands_naked.mesh' frame=3677 nb=38 wext=76.7 rebound=1
  TIER1 rest-coherence: worst=3.1deg bone[2]='bone_R-pinky03.mesh' count(>5deg)=0 freshRecap=0  xcheck(invOff-vs-restW) worst=3.1deg bone[2]
  TIER2 joint-attach(PRIMARY): worst=84.83u bone[17]='bone_R-ringfinger02.mesh' parent[15] R=46.7 exactJoint=0.00u pairs=30  (palette-wide exactWorst=7.43u)
[HANDS_ATTACH] mesh='hands_naked.mesh' owner='hands_naked.mesh' frame=3679 nb=40 wext=64.2 rebound=1
  TIER1 rest-coherence: worst=3.1deg bone[2]='bone_R-foreTwist2.mesh' count(>5deg)=0 freshRecap=0  xcheck(invOff-vs-restW) worst=3.1deg bone[2]
  TIER2 joint-attach(PRIMARY): worst=81.23u bone[13]='bone_R-pinky03.mesh' parent[9] R=40.5 exactJoint=1.67u pairs=36  (palette-wide exactWorst=8.83u)
[HANDS_ATTACH] mesh='hands_naked.mesh' owner='hands_naked.mesh' frame=3681 nb=38 wext=71.9 rebound=1
  TIER1 rest-coherence: worst=3.1deg bone[2]='bone_R-pinky03.mesh' count(>5deg)=0 freshRecap=0  xcheck(invOff-vs-restW) worst=3.1deg bone[2]
  TIER2 joint-attach(PRIMARY): worst=61.84u bone[13]='bone_R-hand.mesh' parent[5] R=49.3 exactJoint=0.01u pairs=30  (palette-wide exactWorst=8.52u)
[HANDS_ATTACH] mesh='hands_naked.mesh' owner='hands_naked.mesh' frame=3687 nb=38 wext=77.2 rebound=1
  TIER1 rest-coherence: worst=3.1deg bone[2]='bone_R-pinky03.mesh' count(>5deg)=0 freshRecap=0  xcheck(invOff-vs-restW) worst=3.1deg bone[2]
  TIER2 joint-attach(PRIMARY): worst=84.07u bone[17]='bone_R-ringfinger02.mesh' parent[15] R=46.7 exactJoint=0.00u pairs=30  (palette-wide exactWorst=7.55u)
[HANDS_ATTACH] mesh='hands_naked.mesh' owner='hands_naked.mesh' frame=3689 nb=40 wext=68.4 rebound=1
  TIER1 rest-coherence: worst=3.1deg bone[2]='bone_R-foreTwist2.mesh' count(>5deg)=0 freshRecap=0  xcheck(invOff-vs-restW) worst=3.1deg bone[2]
  TIER2 joint-attach(PRIMARY): worst=80.53u bone[13]='bone_R-pinky03.mesh' parent[9] R=40.5 exactJoint=1.80u pairs=36  (palette-wide exactWorst=8.85u)
[HANDS_ATTACH] mesh='hands_naked.mesh' owner='hands_naked.mesh' frame=3691 nb=38 wext=67.4 rebound=1
  TIER1 rest-coherence: worst=3.1deg bone[2]='bone_R-pinky03.mesh' count(>5deg)=0 freshRecap=0  xcheck(invOff-vs-restW) worst=3.1deg bone[2]
  TIER2 joint-attach(PRIMARY): worst=71.29u bone[13]='bone_R-hand.mesh' parent[5] R=49.3 exactJoint=0.01u pairs=30  (palette-wide exactWorst=8.46u)
[HANDS_ATTACH] mesh='hands_naked.mesh' owner='hands_naked.mesh' frame=3697 nb=38 wext=77.1 rebound=1
  TIER1 rest-coherence: worst=3.1deg bone[2]='bone_R-pinky03.mesh' count(>5deg)=0 freshRecap=0  xcheck(invOff-vs-restW) worst=3.1deg bone[2]
  TIER2 joint-attach(PRIMARY): worst=84.38u bone[17]='bone_R-ringfinger02.mesh' parent[15] R=46.7 exactJoint=0.00u pairs=30  (palette-wide exactWorst=7.46u)
[HANDS_ATTACH] mesh='hands_naked.mesh' owner='hands_naked.mesh' frame=3699 nb=40 wext=54.7 rebound=1
  TIER1 rest-coherence: worst=3.1deg bone[2]='bone_R-foreTwist2.mesh' count(>5deg)=0 freshRecap=0  xcheck(invOff-vs-restW) worst=3.1deg bone[2]
  TIER2 joint-attach(PRIMARY): worst=80.74u bone[13]='bone_R-pinky03.mesh' parent[9] R=40.5 exactJoint=1.75u pairs=36  (palette-wide exactWorst=8.84u)
[HANDS_ATTACH] mesh='hands_naked.mesh' owner='hands_naked.mesh' frame=3701 nb=38 wext=62.2 rebound=1
  TIER1 rest-coherence: worst=3.1deg bone[2]='bone_R-pinky03.mesh' count(>5deg)=0 freshRecap=0  xcheck(invOff-vs-restW) worst=3.1deg bone[2]
  TIER2 joint-attach(PRIMARY): worst=69.94u bone[13]='bone_R-hand.mesh' parent[5] R=49.3 exactJoint=0.01u pairs=30  (palette-wide exactWorst=8.72u)
[HANDS_ATTACH] mesh='hands_naked.mesh' owner='hands_naked.mesh' frame=3707 nb=38 wext=76.7 rebound=1
  TIER1 rest-coherence: worst=3.1deg bone[2]='bone_R-pinky03.mesh' count(>5deg)=0 freshRecap=0  xcheck(invOff-vs-restW) worst=3.1deg bone[2]
  TIER2 joint-attach(PRIMARY): worst=84.68u bone[17]='bone_R-ringfinger02.mesh' parent[15] R=46.7 exactJoint=0.00u pairs=30  (palette-wide exactWorst=7.39u)
[HANDS_ATTACH] mesh='hands_naked.mesh' owner='hands_naked.mesh' frame=3709 nb=40 wext=68.5 rebound=1
  TIER1 rest-coherence: worst=3.1deg bone[2]='bone_R-foreTwist2.mesh' count(>5deg)=0 freshRecap=0  xcheck(invOff-vs-restW) worst=3.1deg bone[2]
  TIER2 joint-attach(PRIMARY): worst=81.20u bone[13]='bone_R-pinky03.mesh' parent[9] R=40.5 exactJoint=1.67u pairs=36  (palette-wide exactWorst=8.84u)
[HANDS_ATTACH] mesh='hands_naked.mesh' owner='hands_naked.mesh' frame=3711 nb=38 wext=69.7 rebound=1
  TIER1 rest-coherence: worst=3.1deg bone[2]='bone_R-pinky03.mesh' count(>5deg)=0 freshRecap=0  xcheck(invOff-vs-restW) worst=3.1deg bone[2]
  TIER2 joint-attach(PRIMARY): worst=61.70u bone[13]='bone_R-hand.mesh' parent[5] R=49.3 exactJoint=0.01u pairs=30  (palette-wide exactWorst=8.84u)
[HANDS_ATTACH] mesh='hands_naked.mesh' owner='hands_naked.mesh' frame=3717 nb=38 wext=76.6 rebound=1
  TIER1 rest-coherence: worst=3.1deg bone[2]='bone_R-pinky03.mesh' count(>5deg)=0 freshRecap=0  xcheck(invOff-vs-restW) worst=3.1deg bone[2]
  TIER2 joint-attach(PRIMARY): worst=84.84u bone[17]='bone_R-ringfinger02.mesh' parent[15] R=46.7 exactJoint=0.00u pairs=30  (palette-wide exactWorst=7.38u)
[HANDS_ATTACH] mesh='hands_naked.mesh' owner='hands_naked.mesh' frame=3719 nb=40 wext=69.1 rebound=1
  TIER1 rest-coherence: worst=3.1deg bone[2]='bone_R-foreTwist2.mesh' count(>5deg)=0 freshRecap=0  xcheck(invOff-vs-restW) worst=3.1deg bone[2]
  TIER2 joint-attach(PRIMARY): worst=80.41u bone[13]='bone_R-pinky03.mesh' parent[9] R=40.5 exactJoint=1.82u pairs=36  (palette-wide exactWorst=8.85u)
[HANDS_ATTACH] mesh='hands_naked.mesh' owner='hands_naked.mesh' frame=3721 nb=38 wext=58.8 rebound=1
  TIER1 rest-coherence: worst=3.1deg bone[2]='bone_R-pinky03.mesh' count(>5deg)=0 freshRecap=0  xcheck(invOff-vs-restW) worst=3.1deg bone[2]
  TIER2 joint-attach(PRIMARY): worst=67.05u bone[13]='bone_R-hand.mesh' parent[5] R=49.3 exactJoint=0.01u pairs=30  (palette-wide exactWorst=8.38u)
[HANDS_ATTACH] mesh='hands_naked.mesh' owner='hands_naked.mesh' frame=3727 nb=38 wext=76.4 rebound=1
  TIER1 rest-coherence: worst=3.1deg bone[2]='bone_R-pinky03.mesh' count(>5deg)=0 freshRecap=0  xcheck(invOff-vs-restW) worst=3.1deg bone[2]
  TIER2 joint-attach(PRIMARY): worst=84.89u bone[17]='bone_R-ringfinger02.mesh' parent[15] R=46.7 exactJoint=0.00u pairs=30  (palette-wide exactWorst=7.38u)
[HANDS_ATTACH] mesh='hands_naked.mesh' owner='hands_naked.mesh' frame=3729 nb=40 wext=44.2 rebound=1
  TIER1 rest-coherence: worst=3.1deg bone[2]='bone_R-foreTwist2.mesh' count(>5deg)=0 freshRecap=0  xcheck(invOff-vs-restW) worst=3.1deg bone[2]
  TIER2 joint-attach(PRIMARY): worst=80.40u bone[13]='bone_R-pinky03.mesh' parent[9] R=40.5 exactJoint=1.81u pairs=36  (palette-wide exactWorst=8.83u)
[HANDS_ATTACH] mesh='hands_naked.mesh' owner='hands_naked.mesh' frame=3731 nb=38 wext=68.6 rebound=1
  TIER1 rest-coherence: worst=3.1deg bone[2]='bone_R-pinky03.mesh' count(>5deg)=0 freshRecap=0  xcheck(invOff-vs-restW) worst=3.1deg bone[2]
  TIER2 joint-attach(PRIMARY): worst=74.53u bone[13]='bone_R-hand.mesh' parent[5] R=49.3 exactJoint=0.01u pairs=30  (palette-wide exactWorst=7.99u)
[HANDS_ATTACH] mesh='hands_naked.mesh' owner='hands_naked.mesh' frame=3737 nb=38 wext=76.3 rebound=1
  TIER1 rest-coherence: worst=3.1deg bone[2]='bone_R-pinky03.mesh' count(>5deg)=0 freshRecap=0  xcheck(invOff-vs-restW) worst=3.1deg bone[2]
  TIER2 joint-attach(PRIMARY): worst=84.89u bone[17]='bone_R-ringfinger02.mesh' parent[15] R=46.7 exactJoint=0.00u pairs=30  (palette-wide exactWorst=7.38u)
[HANDS_ATTACH] mesh='hands_naked.mesh' owner='hands_naked.mesh' frame=3739 nb=40 wext=48.0 rebound=1
  TIER1 rest-coherence: worst=3.1deg bone[2]='bone_R-foreTwist2.mesh' count(>5deg)=0 freshRecap=0  xcheck(invOff-vs-restW) worst=3.1deg bone[2]
  TIER2 joint-attach(PRIMARY): worst=80.53u bone[13]='bone_R-pinky03.mesh' parent[9] R=40.5 exactJoint=1.79u pairs=36  (palette-wide exactWorst=8.83u)
[HANDS_ATTACH] mesh='hands_naked.mesh' owner='hands_naked.mesh' frame=3741 nb=38 wext=64.2 rebound=1
  TIER1 rest-coherence: worst=3.1deg bone[2]='bone_R-pinky03.mesh' count(>5deg)=0 freshRecap=0  xcheck(invOff-vs-restW) worst=3.1deg bone[2]
  TIER2 joint-attach(PRIMARY): worst=81.18u bone[13]='bone_R-hand.mesh' parent[5] R=49.3 exactJoint=0.01u pairs=30  (palette-wide exactWorst=7.99u)
[HANDS_ATTACH] mesh='hands_naked.mesh' owner='hands_naked.mesh' frame=3747 nb=38 wext=76.1 rebound=1
  TIER1 rest-coherence: worst=3.1deg bone[2]='bone_R-pinky03.mesh' count(>5deg)=0 freshRecap=0  xcheck(invOff-vs-restW) worst=3.1deg bone[2]
  TIER2 joint-attach(PRIMARY): worst=84.89u bone[17]='bone_R-ringfinger02.mesh' parent[15] R=46.7 exactJoint=0.00u pairs=30  (palette-wide exactWorst=7.38u)
[HANDS_ATTACH] mesh='hands_naked.mesh' owner='hands_naked.mesh' frame=3749 nb=40 wext=52.7 rebound=1
  TIER1 rest-coherence: worst=3.1deg bone[2]='bone_R-foreTwist2.mesh' count(>5deg)=0 freshRecap=0  xcheck(invOff-vs-restW) worst=3.1deg bone[2]
  TIER2 joint-attach(PRIMARY): worst=80.53u bone[13]='bone_R-pinky03.mesh' parent[9] R=40.5 exactJoint=1.79u pairs=36  (palette-wide exactWorst=8.84u)
[HANDS_ATTACH] mesh='hands_naked.mesh' owner='hands_naked.mesh' frame=3751 nb=38 wext=70.7 rebound=1
  TIER1 rest-coherence: worst=3.1deg bone[2]='bone_R-pinky03.mesh' count(>5deg)=0 freshRecap=0  xcheck(invOff-vs-restW) worst=3.1deg bone[2]
  TIER2 joint-attach(PRIMARY): worst=89.37u bone[13]='bone_R-hand.mesh' parent[5] R=49.3 exactJoint=0.01u pairs=30  (palette-wide exactWorst=8.68u)
[HANDS_ATTACH] mesh='hands_naked.mesh' owner='hands_naked.mesh' frame=3757 nb=38 wext=76.5 rebound=1
  TIER1 rest-coherence: worst=3.1deg bone[2]='bone_R-pinky03.mesh' count(>5deg)=0 freshRecap=0  xcheck(invOff-vs-restW) worst=3.1deg bone[2]
  TIER2 joint-attach(PRIMARY): worst=84.89u bone[17]='bone_R-ringfinger02.mesh' parent[15] R=46.7 exactJoint=0.00u pairs=30  (palette-wide exactWorst=7.38u)
[HANDS_ATTACH] mesh='hands_naked.mesh' owner='hands_naked.mesh' frame=3759 nb=40 wext=54.8 rebound=1
  TIER1 rest-coherence: worst=3.1deg bone[2]='bone_R-foreTwist2.mesh' count(>5deg)=0 freshRecap=0  xcheck(invOff-vs-restW) worst=3.1deg bone[2]
  TIER2 joint-attach(PRIMARY): worst=80.67u bone[13]='bone_R-pinky03.mesh' parent[9] R=40.5 exactJoint=1.77u pairs=36  (palette-wide exactWorst=8.83u)
[HANDS_ATTACH] mesh='hands_naked.mesh' owner='hands_naked.mesh' frame=3761 nb=38 wext=67.8 rebound=1
  TIER1 rest-coherence: worst=3.1deg bone[2]='bone_R-pinky03.mesh' count(>5deg)=0 freshRecap=0  xcheck(invOff-vs-restW) worst=3.1deg bone[2]
  TIER2 joint-attach(PRIMARY): worst=84.12u bone[13]='bone_R-hand.mesh' parent[5] R=49.3 exactJoint=0.01u pairs=30  (palette-wide exactWorst=8.67u)
[HANDS_ATTACH] mesh='hands_naked.mesh' owner='hands_naked.mesh' frame=3767 nb=38 wext=77.5 rebound=1
  TIER1 rest-coherence: worst=3.1deg bone[2]='bone_R-pinky03.mesh' count(>5deg)=0 freshRecap=0  xcheck(invOff-vs-restW) worst=3.1deg bone[2]
  TIER2 joint-attach(PRIMARY): worst=84.89u bone[17]='bone_R-ringfinger02.mesh' parent[15] R=46.7 exactJoint=0.00u pairs=30  (palette-wide exactWorst=7.38u)
[HANDS_ATTACH] mesh='hands_naked.mesh' owner='hands_naked.mesh' frame=3769 nb=40 wext=68.4 rebound=1
  TIER1 rest-coherence: worst=3.1deg bone[2]='bone_R-foreTwist2.mesh' count(>5deg)=0 freshRecap=0  xcheck(invOff-vs-restW) worst=3.1deg bone[2]
  TIER2 joint-attach(PRIMARY): worst=80.82u bone[13]='bone_R-pinky03.mesh' parent[9] R=40.5 exactJoint=1.75u pairs=36  (palette-wide exactWorst=8.83u)
[HANDS_ATTACH] mesh='hands_naked.mesh' owner='hands_naked.mesh' frame=3771 nb=38 wext=66.0 rebound=1
  TIER1 rest-coherence: worst=3.1deg bone[2]='bone_R-pinky03.mesh' count(>5deg)=0 freshRecap=0  xcheck(invOff-vs-restW) worst=3.1deg bone[2]
  TIER2 joint-attach(PRIMARY): worst=86.11u bone[13]='bone_R-hand.mesh' parent[5] R=49.3 exactJoint=0.01u pairs=30  (palette-wide exactWorst=8.68u)
[HANDS_ATTACH] mesh='hands_naked.mesh' owner='hands_naked.mesh' frame=3777 nb=38 wext=78.5 rebound=1
  TIER1 rest-coherence: worst=3.1deg bone[2]='bone_R-pinky03.mesh' count(>5deg)=0 freshRecap=0  xcheck(invOff-vs-restW) worst=3.1deg bone[2]
  TIER2 joint-attach(PRIMARY): worst=84.89u bone[17]='bone_R-ringfinger02.mesh' parent[15] R=46.7 exactJoint=0.00u pairs=30  (palette-wide exactWorst=7.38u)
[HANDS_ATTACH] mesh='hands_naked.mesh' owner='hands_naked.mesh' frame=3779 nb=40 wext=64.6 rebound=1
  TIER1 rest-coherence: worst=3.1deg bone[2]='bone_R-foreTwist2.mesh' count(>5deg)=0 freshRecap=0  xcheck(invOff-vs-restW) worst=3.1deg bone[2]
  TIER2 joint-attach(PRIMARY): worst=80.51u bone[13]='bone_R-pinky03.mesh' parent[9] R=40.5 exactJoint=1.80u pairs=36  (palette-wide exactWorst=8.82u)
[HANDS_ATTACH] mesh='hands_naked.mesh' owner='hands_naked.mesh' frame=3781 nb=38 wext=67.0 rebound=1
  TIER1 rest-coherence: worst=3.1deg bone[2]='bone_R-pinky03.mesh' count(>5deg)=0 freshRecap=0  xcheck(invOff-vs-restW) worst=3.1deg bone[2]
  TIER2 joint-attach(PRIMARY): worst=72.85u bone[13]='bone_R-hand.mesh' parent[5] R=49.3 exactJoint=0.01u pairs=30  (palette-wide exactWorst=8.70u)
[HANDS_ATTACH] mesh='hands_naked.mesh' owner='hands_naked.mesh' frame=3787 nb=38 wext=79.0 rebound=1
  TIER1 rest-coherence: worst=3.1deg bone[2]='bone_R-pinky03.mesh' count(>5deg)=0 freshRecap=0  xcheck(invOff-vs-restW) worst=3.1deg bone[2]
  TIER2 joint-attach(PRIMARY): worst=84.90u bone[17]='bone_R-ringfinger02.mesh' parent[15] R=46.7 exactJoint=0.00u pairs=30  (palette-wide exactWorst=7.39u)
[HANDS_ATTACH] mesh='hands_naked.mesh' owner='hands_naked.mesh' frame=3789 nb=40 wext=62.7 rebound=1
  TIER1 rest-coherence: worst=3.1deg bone[2]='bone_R-foreTwist2.mesh' count(>5deg)=0 freshRecap=0  xcheck(invOff-vs-restW) worst=3.1deg bone[2]
  TIER2 joint-attach(PRIMARY): worst=80.51u bone[13]='bone_R-pinky03.mesh' parent[9] R=40.5 exactJoint=1.82u pairs=36  (palette-wide exactWorst=8.82u)
[HANDS_ATTACH] mesh='hands_naked.mesh' owner='hands_naked.mesh' frame=3791 nb=38 wext=59.2 rebound=1
  TIER1 rest-coherence: worst=3.1deg bone[2]='bone_R-pinky03.mesh' count(>5deg)=0 freshRecap=0  xcheck(invOff-vs-restW) worst=3.1deg bone[2]
  TIER2 joint-attach(PRIMARY): worst=59.29u bone[26]='bone_L-middlefinger02.mesh' parent[23] R=46.8 exactJoint=4.60u pairs=30  (palette-wide exactWorst=7.99u)
[HANDS_ATTACH] mesh='hands_naked.mesh' owner='hands_naked.mesh' frame=3797 nb=38 wext=78.6 rebound=1
  TIER1 rest-coherence: worst=3.1deg bone[2]='bone_R-pinky03.mesh' count(>5deg)=0 freshRecap=0  xcheck(invOff-vs-restW) worst=3.1deg bone[2]
  TIER2 joint-attach(PRIMARY): worst=84.93u bone[17]='bone_R-ringfinger02.mesh' parent[15] R=46.7 exactJoint=0.00u pairs=30  (palette-wide exactWorst=7.40u)
[HANDS_ATTACH] mesh='hands_naked.mesh' owner='hands_naked.mesh' frame=3799 nb=40 wext=65.4 rebound=1
  TIER1 rest-coherence: worst=3.1deg bone[2]='bone_R-foreTwist2.mesh' count(>5deg)=0 freshRecap=0  xcheck(invOff-vs-restW) worst=3.1deg bone[2]
  TIER2 joint-attach(PRIMARY): worst=80.79u bone[13]='bone_R-pinky03.mesh' parent[9] R=40.5 exactJoint=1.75u pairs=36  (palette-wide exactWorst=8.83u)
[HANDS_ATTACH] mesh='hands_naked.mesh' owner='hands_naked.mesh' frame=3801 nb=38 wext=63.0 rebound=1
  TIER1 rest-coherence: worst=3.1deg bone[2]='bone_R-pinky03.mesh' count(>5deg)=0 freshRecap=0  xcheck(invOff-vs-restW) worst=3.1deg bone[2]
  TIER2 joint-attach(PRIMARY): worst=59.75u bone[17]='bone_R-ringfinger02.mesh' parent[15] R=46.7 exactJoint=1.73u pairs=30  (palette-wide exactWorst=7.99u)
[HANDS_ATTACH] mesh='hands_naked.mesh' owner='hands_naked.mesh' frame=3807 nb=38 wext=78.5 rebound=1
  TIER1 rest-coherence: worst=3.1deg bone[2]='bone_R-pinky03.mesh' count(>5deg)=0 freshRecap=0  xcheck(invOff-vs-restW) worst=3.1deg bone[2]
  TIER2 joint-attach(PRIMARY): worst=84.29u bone[17]='bone_R-ringfinger02.mesh' parent[15] R=46.7 exactJoint=0.00u pairs=30  (palette-wide exactWorst=7.48u)
[HANDS_ATTACH] mesh='hands_naked.mesh' owner='hands_naked.mesh' frame=3809 nb=40 wext=50.9 rebound=1
  TIER1 rest-coherence: worst=3.1deg bone[2]='bone_R-foreTwist2.mesh' count(>5deg)=0 freshRecap=0  xcheck(invOff-vs-restW) worst=3.1deg bone[2]
  TIER2 joint-attach(PRIMARY): worst=80.89u bone[13]='bone_R-pinky03.mesh' parent[9] R=40.5 exactJoint=1.74u pairs=36  (palette-wide exactWorst=8.83u)
[HANDS_ATTACH] mesh='hands_naked.mesh' owner='hands_naked.mesh' frame=3811 nb=38 wext=64.7 rebound=1
  TIER1 rest-coherence: worst=3.1deg bone[2]='bone_R-pinky03.mesh' count(>5deg)=0 freshRecap=0  xcheck(invOff-vs-restW) worst=3.1deg bone[2]
  TIER2 joint-attach(PRIMARY): worst=67.53u bone[17]='bone_R-ringfinger02.mesh' parent[15] R=46.7 exactJoint=0.00u pairs=30  (palette-wide exactWorst=7.99u)
[HANDS_ATTACH] mesh='hands_naked.mesh' owner='hands_naked.mesh' frame=3817 nb=38 wext=78.1 rebound=1
  TIER1 rest-coherence: worst=3.1deg bone[2]='bone_R-pinky03.mesh' count(>5deg)=0 freshRecap=0  xcheck(invOff-vs-restW) worst=3.1deg bone[2]
  TIER2 joint-attach(PRIMARY): worst=84.61u bone[17]='bone_R-ringfinger02.mesh' parent[15] R=46.7 exactJoint=0.00u pairs=30  (palette-wide exactWorst=7.48u)
[HANDS_ATTACH] mesh='hands_naked.mesh' owner='hands_naked.mesh' frame=3819 nb=40 wext=57.4 rebound=1
  TIER1 rest-coherence: worst=3.1deg bone[2]='bone_R-foreTwist2.mesh' count(>5deg)=0 freshRecap=0  xcheck(invOff-vs-restW) worst=3.1deg bone[2]
  TIER2 joint-attach(PRIMARY): worst=81.17u bone[13]='bone_R-pinky03.mesh' parent[9] R=40.5 exactJoint=1.68u pairs=36  (palette-wide exactWorst=8.83u)
[HANDS_ATTACH] mesh='hands_naked.mesh' owner='hands_naked.mesh' frame=3821 nb=38 wext=61.4 rebound=1
  TIER1 rest-coherence: worst=3.1deg bone[2]='bone_R-pinky03.mesh' count(>5deg)=0 freshRecap=0  xcheck(invOff-vs-restW) worst=3.1deg bone[2]
  TIER2 joint-attach(PRIMARY): worst=67.53u bone[17]='bone_R-ringfinger02.mesh' parent[15] R=46.7 exactJoint=0.00u pairs=30  (palette-wide exactWorst=7.99u)
[HANDS_ATTACH] mesh='hands_naked.mesh' owner='hands_naked.mesh' frame=3827 nb=38 wext=77.8 rebound=1
  TIER1 rest-coherence: worst=3.1deg bone[2]='bone_R-pinky03.mesh' count(>5deg)=0 freshRecap=0  xcheck(invOff-vs-restW) worst=3.1deg bone[2]
  TIER2 joint-attach(PRIMARY): worst=84.90u bone[17]='bone_R-ringfinger02.mesh' parent[15] R=46.7 exactJoint=0.00u pairs=30  (palette-wide exactWorst=7.48u)
[HANDS_ATTACH] mesh='hands_naked.mesh' owner='hands_naked.mesh' frame=3829 nb=40 wext=58.9 rebound=1
  TIER1 rest-coherence: worst=3.1deg bone[2]='bone_R-foreTwist2.mesh' count(>5deg)=0 freshRecap=0  xcheck(invOff-vs-restW) worst=3.1deg bone[2]
  TIER2 joint-attach(PRIMARY): worst=80.64u bone[13]='bone_R-pinky03.mesh' parent[9] R=40.5 exactJoint=1.78u pairs=36  (palette-wide exactWorst=8.84u)
[HANDS_ATTACH] mesh='hands_naked.mesh' owner='hands_naked.mesh' frame=3831 nb=38 wext=64.4 rebound=1
  TIER1 rest-coherence: worst=3.1deg bone[2]='bone_R-pinky03.mesh' count(>5deg)=0 freshRecap=0  xcheck(invOff-vs-restW) worst=3.1deg bone[2]
  TIER2 joint-attach(PRIMARY): worst=66.78u bone[17]='bone_R-ringfinger02.mesh' parent[15] R=46.7 exactJoint=0.17u pairs=30  (palette-wide exactWorst=7.99u)
[HANDS_ATTACH] mesh='hands_naked.mesh' owner='hands_naked.mesh' frame=3837 nb=38 wext=77.9 rebound=1
  TIER1 rest-coherence: worst=3.1deg bone[2]='bone_R-pinky03.mesh' count(>5deg)=0 freshRecap=0  xcheck(invOff-vs-restW) worst=3.1deg bone[2]
  TIER2 joint-attach(PRIMARY): worst=84.87u bone[17]='bone_R-ringfinger02.mesh' parent[15] R=46.7 exactJoint=0.00u pairs=30  (palette-wide exactWorst=7.46u)
[HANDS_ATTACH] mesh='hands_naked.mesh' owner='hands_naked.mesh' frame=3839 nb=40 wext=55.1 rebound=1
  TIER1 rest-coherence: worst=3.1deg bone[2]='bone_R-foreTwist2.mesh' count(>5deg)=0 freshRecap=0  xcheck(invOff-vs-restW) worst=3.1deg bone[2]
  TIER2 joint-attach(PRIMARY): worst=80.89u bone[13]='bone_R-pinky03.mesh' parent[9] R=40.5 exactJoint=1.74u pairs=36  (palette-wide exactWorst=8.84u)
[HANDS_ATTACH] mesh='hands_naked.mesh' owner='hands_naked.mesh' frame=3841 nb=38 wext=59.0 rebound=1
  TIER1 rest-coherence: worst=3.1deg bone[2]='bone_R-pinky03.mesh' count(>5deg)=0 freshRecap=0  xcheck(invOff-vs-restW) worst=3.1deg bone[2]
  TIER2 joint-attach(PRIMARY): worst=64.49u bone[17]='bone_R-ringfinger02.mesh' parent[15] R=46.7 exactJoint=0.69u pairs=30  (palette-wide exactWorst=7.99u)
[HANDS_ATTACH] mesh='hands_naked.mesh' owner='hands_naked.mesh' frame=3849 nb=38 wext=65.8 rebound=1
  TIER1 rest-coherence: worst=3.1deg bone[2]='bone_R-pinky03.mesh' count(>5deg)=0 freshRecap=0  xcheck(invOff-vs-restW) worst=3.1deg bone[2]
  TIER2 joint-attach(PRIMARY): worst=84.11u bone[17]='bone_R-ringfinger02.mesh' parent[15] R=46.7 exactJoint=0.00u pairs=30  (palette-wide exactWorst=8.97u)
[HANDS_ATTACH] mesh='hands_naked.mesh' owner='hands_naked.mesh' frame=3853 nb=40 wext=64.7 rebound=1
  TIER1 rest-coherence: worst=3.1deg bone[2]='bone_R-foreTwist2.mesh' count(>5deg)=0 freshRecap=0  xcheck(invOff-vs-restW) worst=3.1deg bone[2]
  TIER2 joint-attach(PRIMARY): worst=61.27u bone[13]='bone_R-pinky03.mesh' parent[9] R=40.5 exactJoint=0.01u pairs=36  (palette-wide exactWorst=7.88u)
[HANDS_ATTACH] mesh='hands_naked.mesh' owner='hands_naked.mesh' frame=3857 nb=38 wext=70.5 rebound=1
  TIER1 rest-coherence: worst=3.1deg bone[2]='bone_R-pinky03.mesh' count(>5deg)=0 freshRecap=0  xcheck(invOff-vs-restW) worst=3.1deg bone[2]
  TIER2 joint-attach(PRIMARY): worst=61.05u bone[17]='bone_R-ringfinger02.mesh' parent[15] R=46.7 exactJoint=1.45u pairs=30  (palette-wide exactWorst=7.99u)
[HANDS_ATTACH] mesh='hands_naked.mesh' owner='hands_naked.mesh' frame=3869 nb=38 wext=65.8 rebound=1
  TIER1 rest-coherence: worst=3.1deg bone[2]='bone_R-pinky03.mesh' count(>5deg)=0 freshRecap=0  xcheck(invOff-vs-restW) worst=3.1deg bone[2]
  TIER2 joint-attach(PRIMARY): worst=90.94u bone[29]='bone_L-hand.mesh' parent[22] R=49.3 exactJoint=0.15u pairs=30  (palette-wide exactWorst=8.97u)
[HANDS_ATTACH] mesh='hands_naked.mesh' owner='hands_naked.mesh' frame=3873 nb=40 wext=64.2 rebound=1
  TIER1 rest-coherence: worst=3.1deg bone[2]='bone_R-foreTwist2.mesh' count(>5deg)=0 freshRecap=0  xcheck(invOff-vs-restW) worst=3.1deg bone[2]
  TIER2 joint-attach(PRIMARY): worst=62.29u bone[13]='bone_R-pinky03.mesh' parent[9] R=40.5 exactJoint=0.01u pairs=36  (palette-wide exactWorst=7.91u)
[HANDS_ATTACH] mesh='hands_naked.mesh' owner='hands_naked.mesh' frame=3877 nb=38 wext=72.9 rebound=1
  TIER1 rest-coherence: worst=3.1deg bone[2]='bone_R-pinky03.mesh' count(>5deg)=0 freshRecap=0  xcheck(invOff-vs-restW) worst=3.1deg bone[2]
  TIER2 joint-attach(PRIMARY): worst=59.29u bone[26]='bone_L-middlefinger02.mesh' parent[23] R=46.8 exactJoint=4.60u pairs=30  (palette-wide exactWorst=7.99u)
[HANDS_ATTACH] mesh='hands_naked.mesh' owner='hands_naked.mesh' frame=3889 nb=38 wext=67.4 rebound=1
  TIER1 rest-coherence: worst=3.1deg bone[2]='bone_R-pinky03.mesh' count(>5deg)=0 freshRecap=0  xcheck(invOff-vs-restW) worst=3.1deg bone[2]
  TIER2 joint-attach(PRIMARY): worst=90.63u bone[29]='bone_L-hand.mesh' parent[22] R=49.3 exactJoint=0.15u pairs=30  (palette-wide exactWorst=8.97u)
[HANDS_ATTACH] mesh='hands_naked.mesh' owner='hands_naked.mesh' frame=3893 nb=40 wext=65.2 rebound=1
  TIER1 rest-coherence: worst=3.1deg bone[2]='bone_R-foreTwist2.mesh' count(>5deg)=0 freshRecap=0  xcheck(invOff-vs-restW) worst=3.1deg bone[2]
  TIER2 joint-attach(PRIMARY): worst=62.37u bone[13]='bone_R-pinky03.mesh' parent[9] R=40.5 exactJoint=0.01u pairs=36  (palette-wide exactWorst=7.90u)
[HANDS_ATTACH] mesh='hands_naked.mesh' owner='hands_naked.mesh' frame=3897 nb=38 wext=74.2 rebound=1
  TIER1 rest-coherence: worst=3.1deg bone[2]='bone_R-pinky03.mesh' count(>5deg)=0 freshRecap=0  xcheck(invOff-vs-restW) worst=3.1deg bone[2]
  TIER2 joint-attach(PRIMARY): worst=59.21u bone[26]='bone_L-middlefinger02.mesh' parent[23] R=46.8 exactJoint=4.79u pairs=30  (palette-wide exactWorst=7.87u)
[HANDS_ATTACH] mesh='hands_naked.mesh' owner='hands_naked.mesh' frame=3909 nb=38 wext=66.6 rebound=1
  TIER1 rest-coherence: worst=3.1deg bone[2]='bone_R-pinky03.mesh' count(>5deg)=0 freshRecap=0  xcheck(invOff-vs-restW) worst=3.1deg bone[2]
  TIER2 joint-attach(PRIMARY): worst=84.03u bone[17]='bone_R-ringfinger02.mesh' parent[15] R=46.7 exactJoint=0.00u pairs=30  (palette-wide exactWorst=8.97u)
[HANDS_ATTACH] mesh='hands_naked.mesh' owner='hands_naked.mesh' frame=3913 nb=40 wext=65.9 rebound=1
  TIER1 rest-coherence: worst=3.1deg bone[2]='bone_R-foreTwist2.mesh' count(>5deg)=0 freshRecap=0  xcheck(invOff-vs-restW) worst=3.1deg bone[2]
  TIER2 joint-attach(PRIMARY): worst=60.59u bone[13]='bone_R-pinky03.mesh' parent[9] R=40.5 exactJoint=0.01u pairs=36  (palette-wide exactWorst=7.82u)
[HANDS_ATTACH] mesh='hands_naked.mesh' owner='hands_naked.mesh' frame=3917 nb=38 wext=73.5 rebound=1
  TIER1 rest-coherence: worst=3.1deg bone[2]='bone_R-pinky03.mesh' count(>5deg)=0 freshRecap=0  xcheck(invOff-vs-restW) worst=3.1deg bone[2]
  TIER2 joint-attach(PRIMARY): worst=57.80u bone[32]='bone_L-ringfinger02.mesh' parent[27] R=46.7 exactJoint=6.42u pairs=30  (palette-wide exactWorst=8.40u)
[HANDS_ATTACH] mesh='hands_naked.mesh' owner='hands_naked.mesh' frame=3929 nb=38 wext=67.8 rebound=1
  TIER1 rest-coherence: worst=3.1deg bone[2]='bone_R-pinky03.mesh' count(>5deg)=0 freshRecap=0  xcheck(invOff-vs-restW) worst=3.1deg bone[2]
  TIER2 joint-attach(PRIMARY): worst=91.86u bone[29]='bone_L-hand.mesh' parent[22] R=49.3 exactJoint=0.15u pairs=30  (palette-wide exactWorst=8.97u)
[HANDS_ATTACH] mesh='hands_naked.mesh' owner='hands_naked.mesh' frame=3933 nb=40 wext=60.1 rebound=1
  TIER1 rest-coherence: worst=3.1deg bone[2]='bone_R-foreTwist2.mesh' count(>5deg)=0 freshRecap=0  xcheck(invOff-vs-restW) worst=3.1deg bone[2]
  TIER2 joint-attach(PRIMARY): worst=59.29u bone[5]='bone_R-ringfinger02.mesh' parent[24] R=41.1 exactJoint=0.02u pairs=36  (palette-wide exactWorst=5.79u)
[HANDS_ATTACH] mesh='hands_naked.mesh' owner='hands_naked.mesh' frame=3937 nb=38 wext=77.6 rebound=1
  TIER1 rest-coherence: worst=3.1deg bone[2]='bone_R-pinky03.mesh' count(>5deg)=0 freshRecap=0  xcheck(invOff-vs-restW) worst=3.1deg bone[2]
  TIER2 joint-attach(PRIMARY): worst=57.80u bone[32]='bone_L-ringfinger02.mesh' parent[27] R=46.7 exactJoint=6.42u pairs=30  (palette-wide exactWorst=8.83u)
[HANDS_ATTACH] mesh='hands_naked.mesh' owner='hands_naked.mesh' frame=3949 nb=38 wext=64.8 rebound=1
  TIER1 rest-coherence: worst=3.1deg bone[2]='bone_R-pinky03.mesh' count(>5deg)=0 freshRecap=0  xcheck(invOff-vs-restW) worst=3.1deg bone[2]
  TIER2 joint-attach(PRIMARY): worst=86.18u bone[29]='bone_L-hand.mesh' parent[22] R=49.3 exactJoint=0.15u pairs=30  (palette-wide exactWorst=8.97u)
[HANDS_ATTACH] mesh='hands_naked.mesh' owner='hands_naked.mesh' frame=3953 nb=40 wext=46.7 rebound=1
  TIER1 rest-coherence: worst=3.1deg bone[2]='bone_R-foreTwist2.mesh' count(>5deg)=0 freshRecap=0  xcheck(invOff-vs-restW) worst=3.1deg bone[2]
  TIER2 joint-attach(PRIMARY): worst=62.08u bone[16]='bone_R-thumb01.mesh' parent[1] R=42.9 exactJoint=1.35u pairs=36  (palette-wide exactWorst=5.79u)
[HANDS_ATTACH] mesh='hands_naked.mesh' owner='hands_naked.mesh' frame=3957 nb=38 wext=74.8 rebound=1
  TIER1 rest-coherence: worst=3.1deg bone[2]='bone_R-pinky03.mesh' count(>5deg)=0 freshRecap=0  xcheck(invOff-vs-restW) worst=3.1deg bone[2]
  TIER2 joint-attach(PRIMARY): worst=55.57u bone[32]='bone_L-ringfinger02.mesh' parent[27] R=46.7 exactJoint=6.99u pairs=30  (palette-wide exactWorst=7.56u)
[HANDS_ATTACH] mesh='hands_naked.mesh' owner='hands_naked.mesh' frame=3969 nb=38 wext=65.0 rebound=1
  TIER1 rest-coherence: worst=3.1deg bone[2]='bone_R-pinky03.mesh' count(>5deg)=0 freshRecap=0  xcheck(invOff-vs-restW) worst=3.1deg bone[2]
  TIER2 joint-attach(PRIMARY): worst=92.60u bone[29]='bone_L-hand.mesh' parent[22] R=49.3 exactJoint=0.15u pairs=30  (palette-wide exactWorst=8.97u)
[HANDS_ATTACH] mesh='hands_naked.mesh' owner='hands_naked.mesh' frame=3973 nb=40 wext=45.0 rebound=1
  TIER1 rest-coherence: worst=3.1deg bone[2]='bone_R-foreTwist2.mesh' count(>5deg)=0 freshRecap=0  xcheck(invOff-vs-restW) worst=3.1deg bone[2]
  TIER2 joint-attach(PRIMARY): worst=61.05u bone[16]='bone_R-thumb01.mesh' parent[1] R=42.9 exactJoint=2.80u pairs=36  (palette-wide exactWorst=5.79u)
[HANDS_ATTACH] mesh='hands_naked.mesh' owner='hands_naked.mesh' frame=3977 nb=38 wext=72.4 rebound=1
  TIER1 rest-coherence: worst=3.1deg bone[2]='bone_R-pinky03.mesh' count(>5deg)=0 freshRecap=0  xcheck(invOff-vs-restW) worst=3.1deg bone[2]
  TIER2 joint-attach(PRIMARY): worst=58.41u bone[13]='bone_R-hand.mesh' parent[5] R=49.3 exactJoint=0.01u pairs=30  (palette-wide exactWorst=8.85u)
[HANDS_ATTACH] mesh='hands_naked.mesh' owner='hands_naked.mesh' frame=3989 nb=38 wext=65.2 rebound=1
  TIER1 rest-coherence: worst=3.1deg bone[2]='bone_R-pinky03.mesh' count(>5deg)=0 freshRecap=0  xcheck(invOff-vs-restW) worst=3.1deg bone[2]
  TIER2 joint-attach(PRIMARY): worst=99.86u bone[29]='bone_L-hand.mesh' parent[22] R=49.3 exactJoint=0.15u pairs=30  (palette-wide exactWorst=8.97u)
[HANDS_ATTACH] mesh='hands_naked.mesh' owner='hands_naked.mesh' frame=3993 nb=40 wext=42.7 rebound=1
  TIER1 rest-coherence: worst=3.1deg bone[2]='bone_R-foreTwist2.mesh' count(>5deg)=0 freshRecap=0  xcheck(invOff-vs-restW) worst=3.1deg bone[2]
  TIER2 joint-attach(PRIMARY): worst=61.69u bone[16]='bone_R-thumb01.mesh' parent[1] R=42.9 exactJoint=2.03u pairs=36  (palette-wide exactWorst=5.79u)
[HANDS_ATTACH] mesh='hands_naked.mesh' owner='hands_naked.mesh' frame=3997 nb=38 wext=67.3 rebound=1
  TIER1 rest-coherence: worst=3.1deg bone[2]='bone_R-pinky03.mesh' count(>5deg)=0 freshRecap=0  xcheck(invOff-vs-restW) worst=3.1deg bone[2]
  TIER2 joint-attach(PRIMARY): worst=73.66u bone[3]='bone_R-index02.mesh' parent[8] R=47.0 exactJoint=1.63u pairs=30  (palette-wide exactWorst=8.59u)
[HANDS_ATTACH] mesh='hands_naked.mesh' owner='hands_naked.mesh' frame=4009 nb=38 wext=64.0 rebound=1
  TIER1 rest-coherence: worst=3.1deg bone[2]='bone_R-pinky03.mesh' count(>5deg)=0 freshRecap=0  xcheck(invOff-vs-restW) worst=3.1deg bone[2]
  TIER2 joint-attach(PRIMARY): worst=94.34u bone[29]='bone_L-hand.mesh' parent[22] R=49.3 exactJoint=0.15u pairs=30  (palette-wide exactWorst=8.97u)
[HANDS_ATTACH] mesh='hands_naked.mesh' owner='hands_naked.mesh' frame=4013 nb=40 wext=46.2 rebound=1
  TIER1 rest-coherence: worst=3.1deg bone[2]='bone_R-foreTwist2.mesh' count(>5deg)=0 freshRecap=0  xcheck(invOff-vs-restW) worst=3.1deg bone[2]
  TIER2 joint-attach(PRIMARY): worst=50.76u bone[5]='bone_R-ringfinger02.mesh' parent[24] R=41.1 exactJoint=0.02u pairs=36  (palette-wide exactWorst=5.79u)
[HANDS_ATTACH] mesh='hands_naked.mesh' owner='hands_naked.mesh' frame=4017 nb=38 wext=71.5 rebound=1
  TIER1 rest-coherence: worst=3.1deg bone[2]='bone_R-pinky03.mesh' count(>5deg)=0 freshRecap=0  xcheck(invOff-vs-restW) worst=3.1deg bone[2]
  TIER2 joint-attach(PRIMARY): worst=89.72u bone[11]='bone_R-middlefinger02.mesh' parent[1] R=46.8 exactJoint=4.66u pairs=30  (palette-wide exactWorst=6.49u)
[HANDS_ATTACH] mesh='hands_naked.mesh' owner='hands_naked.mesh' frame=4029 nb=38 wext=61.9 rebound=1
  TIER1 rest-coherence: worst=3.1deg bone[2]='bone_R-pinky03.mesh' count(>5deg)=0 freshRecap=0  xcheck(invOff-vs-restW) worst=3.1deg bone[2]
  TIER2 joint-attach(PRIMARY): worst=93.59u bone[29]='bone_L-hand.mesh' parent[22] R=49.3 exactJoint=0.15u pairs=30  (palette-wide exactWorst=8.97u)
[HANDS_ATTACH] mesh='hands_naked.mesh' owner='hands_naked.mesh' frame=4033 nb=40 wext=67.4 rebound=1
  TIER1 rest-coherence: worst=3.1deg bone[2]='bone_R-foreTwist2.mesh' count(>5deg)=0 freshRecap=0  xcheck(invOff-vs-restW) worst=3.1deg bone[2]
  TIER2 joint-attach(PRIMARY): worst=51.75u bone[5]='bone_R-ringfinger02.mesh' parent[24] R=41.1 exactJoint=0.02u pairs=36  (palette-wide exactWorst=5.79u)
[HANDS_ATTACH] mesh='hands_naked.mesh' owner='hands_naked.mesh' frame=4037 nb=38 wext=74.3 rebound=1
  TIER1 rest-coherence: worst=3.1deg bone[2]='bone_R-pinky03.mesh' count(>5deg)=0 freshRecap=0  xcheck(invOff-vs-restW) worst=3.1deg bone[2]
  TIER2 joint-attach(PRIMARY): worst=90.30u bone[11]='bone_R-middlefinger02.mesh' parent[1] R=46.8 exactJoint=4.71u pairs=30  (palette-wide exactWorst=8.24u)
[HANDS_ATTACH] mesh='hands_naked.mesh' owner='hands_naked.mesh' frame=4049 nb=38 wext=62.6 rebound=1
  TIER1 rest-coherence: worst=3.1deg bone[2]='bone_R-pinky03.mesh' count(>5deg)=0 freshRecap=0  xcheck(invOff-vs-restW) worst=3.1deg bone[2]
  TIER2 joint-attach(PRIMARY): worst=97.36u bone[29]='bone_L-hand.mesh' parent[22] R=49.3 exactJoint=0.15u pairs=30  (palette-wide exactWorst=8.97u)
[HANDS_ATTACH] mesh='hands_naked.mesh' owner='hands_naked.mesh' frame=4053 nb=40 wext=62.2 rebound=1
  TIER1 rest-coherence: worst=3.1deg bone[2]='bone_R-foreTwist2.mesh' count(>5deg)=0 freshRecap=0  xcheck(invOff-vs-restW) worst=3.1deg bone[2]
  TIER2 joint-attach(PRIMARY): worst=48.14u bone[5]='bone_R-ringfinger02.mesh' parent[24] R=41.1 exactJoint=0.02u pairs=36  (palette-wide exactWorst=5.79u)
[HANDS_ATTACH] mesh='hands_naked.mesh' owner='hands_naked.mesh' frame=4057 nb=38 wext=71.6 rebound=1
  TIER1 rest-coherence: worst=3.1deg bone[2]='bone_R-pinky03.mesh' count(>5deg)=0 freshRecap=0  xcheck(invOff-vs-restW) worst=3.1deg bone[2]
  TIER2 joint-attach(PRIMARY): worst=81.84u bone[3]='bone_R-index02.mesh' parent[8] R=47.0 exactJoint=0.24u pairs=30  (palette-wide exactWorst=8.44u)
[HANDS_ATTACH] mesh='hands_naked.mesh' owner='hands_naked.mesh' frame=4069 nb=38 wext=65.3 rebound=1
  TIER1 rest-coherence: worst=3.1deg bone[2]='bone_R-pinky03.mesh' count(>5deg)=0 freshRecap=0  xcheck(invOff-vs-restW) worst=3.1deg bone[2]
  TIER2 joint-attach(PRIMARY): worst=97.25u bone[29]='bone_L-hand.mesh' parent[22] R=49.3 exactJoint=0.15u pairs=30  (palette-wide exactWorst=8.97u)
[HANDS_ATTACH] mesh='hands_naked.mesh' owner='hands_naked.mesh' frame=4073 nb=40 wext=63.1 rebound=1
  TIER1 rest-coherence: worst=3.1deg bone[2]='bone_R-foreTwist2.mesh' count(>5deg)=0 freshRecap=0  xcheck(invOff-vs-restW) worst=3.1deg bone[2]
  TIER2 joint-attach(PRIMARY): worst=53.31u bone[5]='bone_R-ringfinger02.mesh' parent[24] R=41.1 exactJoint=0.02u pairs=36  (palette-wide exactWorst=5.79u)
[HANDS_ATTACH] mesh='hands_naked.mesh' owner='hands_naked.mesh' frame=4077 nb=38 wext=74.3 rebound=1
  TIER1 rest-coherence: worst=3.1deg bone[2]='bone_R-pinky03.mesh' count(>5deg)=0 freshRecap=0  xcheck(invOff-vs-restW) worst=3.1deg bone[2]
  TIER2 joint-attach(PRIMARY): worst=68.50u bone[3]='bone_R-index02.mesh' parent[8] R=47.0 exactJoint=3.87u pairs=30  (palette-wide exactWorst=8.67u)
[HANDS_ATTACH] mesh='hands_naked.mesh' owner='hands_naked.mesh' frame=4089 nb=38 wext=67.3 rebound=1
  TIER1 rest-coherence: worst=3.1deg bone[2]='bone_R-pinky03.mesh' count(>5deg)=0 freshRecap=0  xcheck(invOff-vs-restW) worst=3.1deg bone[2]
  TIER2 joint-attach(PRIMARY): worst=95.85u bone[29]='bone_L-hand.mesh' parent[22] R=49.3 exactJoint=0.15u pairs=30  (palette-wide exactWorst=8.97u)
[HANDS_ATTACH] mesh='hands_naked.mesh' owner='hands_naked.mesh' frame=4093 nb=40 wext=58.5 rebound=1
  TIER1 rest-coherence: worst=3.1deg bone[2]='bone_R-foreTwist2.mesh' count(>5deg)=0 freshRecap=0  xcheck(invOff-vs-restW) worst=3.1deg bone[2]
  TIER2 joint-attach(PRIMARY): worst=72.36u bone[9]='bone_R-pinky02.mesh' parent[14] R=41.3 exactJoint=2.79u pairs=36  (palette-wide exactWorst=8.02u)
[HANDS_ATTACH] mesh='hands_naked.mesh' owner='hands_naked.mesh' frame=4097 nb=38 wext=67.4 rebound=1
  TIER1 rest-coherence: worst=3.1deg bone[2]='bone_R-pinky03.mesh' count(>5deg)=0 freshRecap=0  xcheck(invOff-vs-restW) worst=3.1deg bone[2]
  TIER2 joint-attach(PRIMARY): worst=64.15u bone[3]='bone_R-index02.mesh' parent[8] R=47.0 exactJoint=5.00u pairs=30  (palette-wide exactWorst=8.32u)
[HANDS_ATTACH] mesh='hands_naked.mesh' owner='hands_naked.mesh' frame=4109 nb=38 wext=66.5 rebound=1
  TIER1 rest-coherence: worst=3.1deg bone[2]='bone_R-pinky03.mesh' count(>5deg)=0 freshRecap=0  xcheck(invOff-vs-restW) worst=3.1deg bone[2]
  TIER2 joint-attach(PRIMARY): worst=97.68u bone[29]='bone_L-hand.mesh' parent[22] R=49.3 exactJoint=0.15u pairs=30  (palette-wide exactWorst=8.98u)
[HANDS_ATTACH] mesh='hands_naked.mesh' owner='hands_naked.mesh' frame=4113 nb=40 wext=76.1 rebound=1
  TIER1 rest-coherence: worst=3.1deg bone[2]='bone_R-foreTwist2.mesh' count(>5deg)=0 freshRecap=0  xcheck(invOff-vs-restW) worst=3.1deg bone[2]
  TIER2 joint-attach(PRIMARY): worst=48.22u bone[5]='bone_R-ringfinger02.mesh' parent[24] R=41.1 exactJoint=0.02u pairs=36  (palette-wide exactWorst=5.79u)
[HANDS_ATTACH] mesh='hands_naked.mesh' owner='hands_naked.mesh' frame=4117 nb=38 wext=73.8 rebound=1
  TIER1 rest-coherence: worst=3.1deg bone[2]='bone_R-pinky03.mesh' count(>5deg)=0 freshRecap=0  xcheck(invOff-vs-restW) worst=3.1deg bone[2]
  TIER2 joint-attach(PRIMARY): worst=64.69u bone[18]='bone_R-pinky02.mesh' parent[14] R=46.7 exactJoint=0.01u pairs=30  (palette-wide exactWorst=8.89u)
[HANDS_ATTACH] mesh='hands_naked.mesh' owner='hands_naked.mesh' frame=4129 nb=38 wext=66.8 rebound=1
  TIER1 rest-coherence: worst=3.1deg bone[2]='bone_R-pinky03.mesh' count(>5deg)=0 freshRecap=0  xcheck(invOff-vs-restW) worst=3.1deg bone[2]
  TIER2 joint-attach(PRIMARY): worst=102.13u bone[29]='bone_L-hand.mesh' parent[22] R=49.3 exactJoint=0.15u pairs=30  (palette-wide exactWorst=8.98u)
[HANDS_ATTACH] mesh='hands_naked.mesh' owner='hands_naked.mesh' frame=4133 nb=40 wext=74.8 rebound=1
  TIER1 rest-coherence: worst=3.1deg bone[2]='bone_R-foreTwist2.mesh' count(>5deg)=0 freshRecap=0  xcheck(invOff-vs-restW) worst=3.1deg bone[2]
  TIER2 joint-attach(PRIMARY): worst=41.88u bone[12]='bone_L-middlefinger02.mesh' parent[25] R=41.0 exactJoint=2.83u pairs=36  (palette-wide exactWorst=5.79u)
[HANDS_ATTACH] mesh='hands_naked.mesh' owner='hands_naked.mesh' frame=4137 nb=38 wext=67.9 rebound=1
  TIER1 rest-coherence: worst=3.1deg bone[2]='bone_R-pinky03.mesh' count(>5deg)=0 freshRecap=0  xcheck(invOff-vs-restW) worst=3.1deg bone[2]
  TIER2 joint-attach(PRIMARY): worst=62.43u bone[3]='bone_R-index02.mesh' parent[8] R=47.0 exactJoint=5.69u pairs=30  (palette-wide exactWorst=8.71u)
[HANDS_ATTACH] mesh='hands_naked.mesh' owner='hands_naked.mesh' frame=4149 nb=38 wext=70.1 rebound=1
  TIER1 rest-coherence: worst=3.1deg bone[2]='bone_R-pinky03.mesh' count(>5deg)=0 freshRecap=0  xcheck(invOff-vs-restW) worst=3.1deg bone[2]
  TIER2 joint-attach(PRIMARY): worst=104.47u bone[29]='bone_L-hand.mesh' parent[22] R=49.3 exactJoint=0.15u pairs=30  (palette-wide exactWorst=8.98u)
[HANDS_ATTACH] mesh='hands_naked.mesh' owner='hands_naked.mesh' frame=4153 nb=40 wext=65.2 rebound=1
  TIER1 rest-coherence: worst=3.1deg bone[2]='bone_R-foreTwist2.mesh' count(>5deg)=0 freshRecap=0  xcheck(invOff-vs-restW) worst=3.1deg bone[2]
  TIER2 joint-attach(PRIMARY): worst=50.78u bone[16]='bone_R-thumb01.mesh' parent[1] R=42.9 exactJoint=0.02u pairs=36  (palette-wide exactWorst=5.79u)
[HANDS_ATTACH] mesh='hands_naked.mesh' owner='hands_naked.mesh' frame=4157 nb=38 wext=63.6 rebound=1
  TIER1 rest-coherence: worst=3.1deg bone[2]='bone_R-pinky03.mesh' count(>5deg)=0 freshRecap=0  xcheck(invOff-vs-restW) worst=3.1deg bone[2]
  TIER2 joint-attach(PRIMARY): worst=61.51u bone[3]='bone_R-index02.mesh' parent[8] R=47.0 exactJoint=6.03u pairs=30  (palette-wide exactWorst=8.70u)
[HANDS_ATTACH] mesh='hands_naked.mesh' owner='hands_naked.mesh' frame=4168 nb=40 wext=61.2 rebound=1
  TIER1 rest-coherence: worst=3.1deg bone[2]='bone_R-foreTwist2.mesh' count(>5deg)=0 freshRecap=0  xcheck(invOff-vs-restW) worst=3.1deg bone[2]
  TIER2 joint-attach(PRIMARY): worst=38.67u bone[5]='bone_R-ringfinger02.mesh' parent[24] R=41.1 exactJoint=0.02u pairs=36  (palette-wide exactWorst=0.03u)
[HANDS_ATTACH] mesh='hands_naked.mesh' owner='hands_naked.mesh' frame=4169 nb=38 wext=75.5 rebound=1
  TIER1 rest-coherence: worst=3.1deg bone[2]='bone_R-pinky03.mesh' count(>5deg)=0 freshRecap=0  xcheck(invOff-vs-restW) worst=3.1deg bone[2]
  TIER2 joint-attach(PRIMARY): worst=84.90u bone[17]='bone_R-ringfinger02.mesh' parent[15] R=46.7 exactJoint=0.00u pairs=30  (palette-wide exactWorst=7.39u)
[HANDS_ATTACH] mesh='hands_naked.mesh' owner='hands_naked.mesh' frame=4177 nb=38 wext=60.5 rebound=1
  TIER1 rest-coherence: worst=3.1deg bone[2]='bone_R-pinky03.mesh' count(>5deg)=0 freshRecap=0  xcheck(invOff-vs-restW) worst=3.1deg bone[2]
  TIER2 joint-attach(PRIMARY): worst=63.90u bone[3]='bone_R-index02.mesh' parent[8] R=47.0 exactJoint=5.74u pairs=30  (palette-wide exactWorst=8.53u)
[HANDS_ATTACH] mesh='hands_naked.mesh' owner='hands_naked.mesh' frame=4178 nb=40 wext=60.7 rebound=1
  TIER1 rest-coherence: worst=3.1deg bone[2]='bone_R-foreTwist2.mesh' count(>5deg)=0 freshRecap=0  xcheck(invOff-vs-restW) worst=3.1deg bone[2]
  TIER2 joint-attach(PRIMARY): worst=38.60u bone[5]='bone_R-ringfinger02.mesh' parent[24] R=41.1 exactJoint=0.02u pairs=36  (palette-wide exactWorst=0.03u)
[HANDS_ATTACH] mesh='hands_naked.mesh' owner='hands_naked.mesh' frame=4188 nb=40 wext=61.7 rebound=1
  TIER1 rest-coherence: worst=3.1deg bone[2]='bone_R-foreTwist2.mesh' count(>5deg)=0 freshRecap=0  xcheck(invOff-vs-restW) worst=3.1deg bone[2]
  TIER2 joint-attach(PRIMARY): worst=39.23u bone[5]='bone_R-ringfinger02.mesh' parent[24] R=41.1 exactJoint=0.02u pairs=36  (palette-wide exactWorst=0.03u)
[HANDS_ATTACH] mesh='hands_naked.mesh' owner='hands_naked.mesh' frame=4189 nb=38 wext=75.6 rebound=1
  TIER1 rest-coherence: worst=3.1deg bone[2]='bone_R-pinky03.mesh' count(>5deg)=0 freshRecap=0  xcheck(invOff-vs-restW) worst=3.1deg bone[2]
  TIER2 joint-attach(PRIMARY): worst=84.83u bone[17]='bone_R-ringfinger02.mesh' parent[15] R=46.7 exactJoint=0.00u pairs=30  (palette-wide exactWorst=7.44u)
[HANDS_ATTACH] mesh='hands_naked.mesh' owner='hands_naked.mesh' frame=4197 nb=38 wext=57.3 rebound=1
  TIER1 rest-coherence: worst=3.1deg bone[2]='bone_R-pinky03.mesh' count(>5deg)=0 freshRecap=0  xcheck(invOff-vs-restW) worst=3.1deg bone[2]
  TIER2 joint-attach(PRIMARY): worst=75.41u bone[3]='bone_R-index02.mesh' parent[8] R=47.0 exactJoint=3.45u pairs=30  (palette-wide exactWorst=8.16u)
[HANDS_ATTACH] mesh='hands_naked.mesh' owner='hands_naked.mesh' frame=4198 nb=40 wext=60.6 rebound=1
  TIER1 rest-coherence: worst=3.1deg bone[2]='bone_R-foreTwist2.mesh' count(>5deg)=0 freshRecap=0  xcheck(invOff-vs-restW) worst=3.1deg bone[2]
  TIER2 joint-attach(PRIMARY): worst=41.37u bone[5]='bone_R-ringfinger02.mesh' parent[24] R=41.1 exactJoint=0.02u pairs=36  (palette-wide exactWorst=0.03u)
[HANDS_ATTACH] mesh='hands_naked.mesh' owner='hands_naked.mesh' frame=4208 nb=40 wext=64.8 rebound=1
  TIER1 rest-coherence: worst=3.1deg bone[2]='bone_R-foreTwist2.mesh' count(>5deg)=0 freshRecap=0  xcheck(invOff-vs-restW) worst=3.1deg bone[2]
  TIER2 joint-attach(PRIMARY): worst=40.22u bone[5]='bone_R-ringfinger02.mesh' parent[24] R=41.1 exactJoint=0.02u pairs=36  (palette-wide exactWorst=0.03u)
[HANDS_ATTACH] mesh='hands_naked.mesh' owner='hands_naked.mesh' frame=4209 nb=38 wext=77.5 rebound=1
  TIER1 rest-coherence: worst=3.1deg bone[2]='bone_R-pinky03.mesh' count(>5deg)=0 freshRecap=0  xcheck(invOff-vs-restW) worst=3.1deg bone[2]
  TIER2 joint-attach(PRIMARY): worst=84.12u bone[17]='bone_R-ringfinger02.mesh' parent[15] R=46.7 exactJoint=0.00u pairs=30  (palette-wide exactWorst=7.46u)
[HANDS_ATTACH] mesh='hands_naked.mesh' owner='hands_naked.mesh' frame=4217 nb=38 wext=64.1 rebound=1
  TIER1 rest-coherence: worst=3.1deg bone[2]='bone_R-pinky03.mesh' count(>5deg)=0 freshRecap=0  xcheck(invOff-vs-restW) worst=3.1deg bone[2]
  TIER2 joint-attach(PRIMARY): worst=66.82u bone[13]='bone_R-hand.mesh' parent[5] R=49.3 exactJoint=0.01u pairs=30  (palette-wide exactWorst=7.99u)
[HANDS_ATTACH] mesh='hands_naked.mesh' owner='hands_naked.mesh' frame=4218 nb=40 wext=59.4 rebound=1
  TIER1 rest-coherence: worst=3.1deg bone[2]='bone_R-foreTwist2.mesh' count(>5deg)=0 freshRecap=0  xcheck(invOff-vs-restW) worst=3.1deg bone[2]
  TIER2 joint-attach(PRIMARY): worst=34.24u bone[5]='bone_R-ringfinger02.mesh' parent[24] R=41.1 exactJoint=0.02u pairs=36  (palette-wide exactWorst=0.03u)
[HANDS_ATTACH] mesh='hands_naked.mesh' owner='hands_naked.mesh' frame=4228 nb=40 wext=52.2 rebound=1
  TIER1 rest-coherence: worst=3.1deg bone[2]='bone_R-foreTwist2.mesh' count(>5deg)=0 freshRecap=0  xcheck(invOff-vs-restW) worst=3.1deg bone[2]
  TIER2 joint-attach(PRIMARY): worst=32.52u bone[7]='bone_R-middlefinger03.mesh' parent[0] R=40.0 exactJoint=0.01u pairs=36  (palette-wide exactWorst=0.03u)
[HANDS_ATTACH] mesh='hands_naked.mesh' owner='hands_naked.mesh' frame=4229 nb=38 wext=78.7 rebound=1
  TIER1 rest-coherence: worst=3.1deg bone[2]='bone_R-pinky03.mesh' count(>5deg)=0 freshRecap=0  xcheck(invOff-vs-restW) worst=3.1deg bone[2]
  TIER2 joint-attach(PRIMARY): worst=84.60u bone[17]='bone_R-ringfinger02.mesh' parent[15] R=46.7 exactJoint=0.00u pairs=30  (palette-wide exactWorst=7.41u)
[HANDS_ATTACH] mesh='hands_naked.mesh' owner='hands_naked.mesh' frame=4237 nb=38 wext=70.8 rebound=1
  TIER1 rest-coherence: worst=3.1deg bone[2]='bone_R-pinky03.mesh' count(>5deg)=0 freshRecap=0  xcheck(invOff-vs-restW) worst=3.1deg bone[2]
  TIER2 joint-attach(PRIMARY): worst=91.80u bone[13]='bone_R-hand.mesh' parent[5] R=49.3 exactJoint=0.01u pairs=30  (palette-wide exactWorst=8.69u)
[HANDS_ATTACH] mesh='hands_naked.mesh' owner='hands_naked.mesh' frame=4238 nb=40 wext=53.4 rebound=1
  TIER1 rest-coherence: worst=3.1deg bone[2]='bone_R-foreTwist2.mesh' count(>5deg)=0 freshRecap=0  xcheck(invOff-vs-restW) worst=3.1deg bone[2]
  TIER2 joint-attach(PRIMARY): worst=31.38u bone[7]='bone_R-middlefinger03.mesh' parent[0] R=40.0 exactJoint=0.01u pairs=36  (palette-wide exactWorst=0.03u)
[HANDS_ATTACH] mesh='hands_naked.mesh' owner='hands_naked.mesh' frame=4248 nb=40 wext=56.8 rebound=1
  TIER1 rest-coherence: worst=3.1deg bone[2]='bone_R-foreTwist2.mesh' count(>5deg)=0 freshRecap=0  xcheck(invOff-vs-restW) worst=3.1deg bone[2]
  TIER2 joint-attach(PRIMARY): worst=30.35u bone[7]='bone_R-middlefinger03.mesh' parent[0] R=40.0 exactJoint=0.01u pairs=36  (palette-wide exactWorst=0.03u)
[HANDS_ATTACH] mesh='hands_naked.mesh' owner='hands_naked.mesh' frame=4249 nb=38 wext=80.7 rebound=1
  TIER1 rest-coherence: worst=3.1deg bone[2]='bone_R-pinky03.mesh' count(>5deg)=0 freshRecap=0  xcheck(invOff-vs-restW) worst=3.1deg bone[2]
  TIER2 joint-attach(PRIMARY): worst=84.83u bone[17]='bone_R-ringfinger02.mesh' parent[15] R=46.7 exactJoint=0.00u pairs=30  (palette-wide exactWorst=7.41u)
[HANDS_ATTACH] mesh='hands_naked.mesh' owner='hands_naked.mesh' frame=4257 nb=38 wext=66.5 rebound=1
  TIER1 rest-coherence: worst=3.1deg bone[2]='bone_R-pinky03.mesh' count(>5deg)=0 freshRecap=0  xcheck(invOff-vs-restW) worst=3.1deg bone[2]
  TIER2 joint-attach(PRIMARY): worst=65.27u bone[13]='bone_R-hand.mesh' parent[5] R=49.3 exactJoint=0.01u pairs=30  (palette-wide exactWorst=8.51u)
[HANDS_ATTACH] mesh='hands_naked.mesh' owner='hands_naked.mesh' frame=4258 nb=40 wext=54.2 rebound=1
  TIER1 rest-coherence: worst=3.1deg bone[2]='bone_R-foreTwist2.mesh' count(>5deg)=0 freshRecap=0  xcheck(invOff-vs-restW) worst=3.1deg bone[2]
  TIER2 joint-attach(PRIMARY): worst=29.63u bone[7]='bone_R-middlefinger03.mesh' parent[0] R=40.0 exactJoint=0.01u pairs=36  (palette-wide exactWorst=0.03u)
[HANDS_ATTACH] mesh='hands_naked.mesh' owner='hands_naked.mesh' frame=4268 nb=40 wext=57.2 rebound=1
  TIER1 rest-coherence: worst=3.1deg bone[2]='bone_R-foreTwist2.mesh' count(>5deg)=0 freshRecap=0  xcheck(invOff-vs-restW) worst=3.1deg bone[2]
  TIER2 joint-attach(PRIMARY): worst=29.27u bone[7]='bone_R-middlefinger03.mesh' parent[0] R=40.0 exactJoint=0.01u pairs=36  (palette-wide exactWorst=0.03u)
[HANDS_ATTACH] mesh='hands_naked.mesh' owner='hands_naked.mesh' frame=4269 nb=38 wext=83.9 rebound=1
  TIER1 rest-coherence: worst=3.1deg bone[2]='bone_R-pinky03.mesh' count(>5deg)=0 freshRecap=0  xcheck(invOff-vs-restW) worst=3.1deg bone[2]
  TIER2 joint-attach(PRIMARY): worst=84.93u bone[17]='bone_R-ringfinger02.mesh' parent[15] R=46.7 exactJoint=0.00u pairs=30  (palette-wide exactWorst=7.40u)
[HANDS_ATTACH] mesh='hands_naked.mesh' owner='hands_naked.mesh' frame=4277 nb=38 wext=63.7 rebound=1
  TIER1 rest-coherence: worst=3.1deg bone[2]='bone_R-pinky03.mesh' count(>5deg)=0 freshRecap=0  xcheck(invOff-vs-restW) worst=3.1deg bone[2]
  TIER2 joint-attach(PRIMARY): worst=69.59u bone[13]='bone_R-hand.mesh' parent[5] R=49.3 exactJoint=0.01u pairs=30  (palette-wide exactWorst=8.72u)
[HANDS_ATTACH] mesh='hands_naked.mesh' owner='hands_naked.mesh' frame=4278 nb=40 wext=55.0 rebound=1
  TIER1 rest-coherence: worst=3.1deg bone[2]='bone_R-foreTwist2.mesh' count(>5deg)=0 freshRecap=0  xcheck(invOff-vs-restW) worst=3.1deg bone[2]
  TIER2 joint-attach(PRIMARY): worst=29.77u bone[7]='bone_R-middlefinger03.mesh' parent[0] R=40.0 exactJoint=0.01u pairs=36  (palette-wide exactWorst=0.03u)
[HANDS_ATTACH] mesh='hands_naked.mesh' owner='hands_naked.mesh' frame=4288 nb=40 wext=50.4 rebound=1
  TIER1 rest-coherence: worst=3.1deg bone[2]='bone_R-foreTwist2.mesh' count(>5deg)=0 freshRecap=0  xcheck(invOff-vs-restW) worst=3.1deg bone[2]
  TIER2 joint-attach(PRIMARY): worst=31.31u bone[7]='bone_R-middlefinger03.mesh' parent[0] R=40.0 exactJoint=0.01u pairs=36  (palette-wide exactWorst=0.03u)
[HANDS_ATTACH] mesh='hands_naked.mesh' owner='hands_naked.mesh' frame=4289 nb=38 wext=86.4 rebound=1
  TIER1 rest-coherence: worst=3.1deg bone[2]='bone_R-pinky03.mesh' count(>5deg)=0 freshRecap=0  xcheck(invOff-vs-restW) worst=3.1deg bone[2]
  TIER2 joint-attach(PRIMARY): worst=84.91u bone[17]='bone_R-ringfinger02.mesh' parent[15] R=46.7 exactJoint=0.00u pairs=30  (palette-wide exactWorst=7.43u)
[HANDS_ATTACH] mesh='hands_naked.mesh' owner='hands_naked.mesh' frame=4297 nb=38 wext=60.1 rebound=1
  TIER1 rest-coherence: worst=3.1deg bone[2]='bone_R-pinky03.mesh' count(>5deg)=0 freshRecap=0  xcheck(invOff-vs-restW) worst=3.1deg bone[2]
  TIER2 joint-attach(PRIMARY): worst=67.18u bone[13]='bone_R-hand.mesh' parent[5] R=49.3 exactJoint=0.01u pairs=30  (palette-wide exactWorst=8.57u)
[HANDS_ATTACH] mesh='hands_naked.mesh' owner='hands_naked.mesh' frame=4298 nb=40 wext=49.4 rebound=1
  TIER1 rest-coherence: worst=3.1deg bone[2]='bone_R-foreTwist2.mesh' count(>5deg)=0 freshRecap=0  xcheck(invOff-vs-restW) worst=3.1deg bone[2]
  TIER2 joint-attach(PRIMARY): worst=34.32u bone[5]='bone_R-ringfinger02.mesh' parent[24] R=41.1 exactJoint=0.02u pairs=36  (palette-wide exactWorst=0.03u)
[HANDS_ATTACH] mesh='hands_naked.mesh' owner='hands_naked.mesh' frame=4308 nb=40 wext=51.4 rebound=1
  TIER1 rest-coherence: worst=3.1deg bone[2]='bone_R-foreTwist2.mesh' count(>5deg)=0 freshRecap=0  xcheck(invOff-vs-restW) worst=3.1deg bone[2]
  TIER2 joint-attach(PRIMARY): worst=37.42u bone[5]='bone_R-ringfinger02.mesh' parent[24] R=41.1 exactJoint=0.02u pairs=36  (palette-wide exactWorst=0.03u)
[HANDS_ATTACH] mesh='hands_naked.mesh' owner='hands_naked.mesh' frame=4309 nb=38 wext=88.6 rebound=1
  TIER1 rest-coherence: worst=3.1deg bone[2]='bone_R-pinky03.mesh' count(>5deg)=0 freshRecap=0  xcheck(invOff-vs-restW) worst=3.1deg bone[2]
  TIER2 joint-attach(PRIMARY): worst=84.86u bone[17]='bone_R-ringfinger02.mesh' parent[15] R=46.7 exactJoint=0.00u pairs=30  (palette-wide exactWorst=7.45u)
[HANDS_ATTACH] mesh='hands_naked.mesh' owner='hands_naked.mesh' frame=4317 nb=38 wext=55.7 rebound=1
  TIER1 rest-coherence: worst=3.1deg bone[2]='bone_R-pinky03.mesh' count(>5deg)=0 freshRecap=0  xcheck(invOff-vs-restW) worst=3.1deg bone[2]
  TIER2 joint-attach(PRIMARY): worst=67.56u bone[13]='bone_R-hand.mesh' parent[5] R=49.3 exactJoint=0.01u pairs=30  (palette-wide exactWorst=7.99u)
[HANDS_ATTACH] mesh='hands_naked.mesh' owner='hands_naked.mesh' frame=4318 nb=40 wext=53.5 rebound=1
  TIER1 rest-coherence: worst=3.1deg bone[2]='bone_R-foreTwist2.mesh' count(>5deg)=0 freshRecap=0  xcheck(invOff-vs-restW) worst=3.1deg bone[2]
  TIER2 joint-attach(PRIMARY): worst=38.35u bone[5]='bone_R-ringfinger02.mesh' parent[24] R=41.1 exactJoint=0.02u pairs=36  (palette-wide exactWorst=0.03u)
[HANDS_ATTACH] mesh='hands_naked.mesh' owner='hands_naked.mesh' frame=4328 nb=40 wext=52.3 rebound=1
  TIER1 rest-coherence: worst=3.1deg bone[2]='bone_R-foreTwist2.mesh' count(>5deg)=0 freshRecap=0  xcheck(invOff-vs-restW) worst=3.1deg bone[2]
  TIER2 joint-attach(PRIMARY): worst=37.85u bone[5]='bone_R-ringfinger02.mesh' parent[24] R=41.1 exactJoint=0.02u pairs=36  (palette-wide exactWorst=0.03u)
[HANDS_ATTACH] mesh='hands_naked.mesh' owner='hands_naked.mesh' frame=4329 nb=38 wext=90.1 rebound=1
  TIER1 rest-coherence: worst=3.1deg bone[2]='bone_R-pinky03.mesh' count(>5deg)=0 freshRecap=0  xcheck(invOff-vs-restW) worst=3.1deg bone[2]
  TIER2 joint-attach(PRIMARY): worst=84.92u bone[17]='bone_R-ringfinger02.mesh' parent[15] R=46.7 exactJoint=0.00u pairs=30  (palette-wide exactWorst=7.40u)
[HANDS_ATTACH] mesh='hands_naked.mesh' owner='hands_naked.mesh' frame=4337 nb=38 wext=59.5 rebound=1
  TIER1 rest-coherence: worst=3.1deg bone[2]='bone_R-pinky03.mesh' count(>5deg)=0 freshRecap=0  xcheck(invOff-vs-restW) worst=3.1deg bone[2]
  TIER2 joint-attach(PRIMARY): worst=89.42u bone[13]='bone_R-hand.mesh' parent[5] R=49.3 exactJoint=0.01u pairs=30  (palette-wide exactWorst=8.68u)
[HANDS_ATTACH] mesh='hands_naked.mesh' owner='hands_naked.mesh' frame=4338 nb=40 wext=54.8 rebound=1
  TIER1 rest-coherence: worst=3.1deg bone[2]='bone_R-foreTwist2.mesh' count(>5deg)=0 freshRecap=0  xcheck(invOff-vs-restW) worst=3.1deg bone[2]
  TIER2 joint-attach(PRIMARY): worst=35.44u bone[5]='bone_R-ringfinger02.mesh' parent[24] R=41.1 exactJoint=0.02u pairs=36  (palette-wide exactWorst=0.03u)
[HANDS_ATTACH] mesh='hands_naked.mesh' owner='hands_naked.mesh' frame=4348 nb=40 wext=57.0 rebound=1
  TIER1 rest-coherence: worst=3.1deg bone[2]='bone_R-foreTwist2.mesh' count(>5deg)=0 freshRecap=0  xcheck(invOff-vs-restW) worst=3.1deg bone[2]
  TIER2 joint-attach(PRIMARY): worst=32.63u bone[7]='bone_R-middlefinger03.mesh' parent[0] R=40.0 exactJoint=0.01u pairs=36  (palette-wide exactWorst=0.03u)
[HANDS_ATTACH] mesh='hands_naked.mesh' owner='hands_naked.mesh' frame=4349 nb=38 wext=90.2 rebound=1
  TIER1 rest-coherence: worst=3.1deg bone[2]='bone_R-pinky03.mesh' count(>5deg)=0 freshRecap=0  xcheck(invOff-vs-restW) worst=3.1deg bone[2]
  TIER2 joint-attach(PRIMARY): worst=84.89u bone[17]='bone_R-ringfinger02.mesh' parent[15] R=46.7 exactJoint=0.00u pairs=30  (palette-wide exactWorst=7.39u)
[HANDS_ATTACH] mesh='hands_naked.mesh' owner='hands_naked.mesh' frame=4357 nb=38 wext=63.2 rebound=1
  TIER1 rest-coherence: worst=3.1deg bone[2]='bone_R-pinky03.mesh' count(>5deg)=0 freshRecap=0  xcheck(invOff-vs-restW) worst=3.1deg bone[2]
  TIER2 joint-attach(PRIMARY): worst=84.04u bone[13]='bone_R-hand.mesh' parent[5] R=49.3 exactJoint=0.01u pairs=30  (palette-wide exactWorst=8.78u)
[HANDS_ATTACH] mesh='hands_naked.mesh' owner='hands_naked.mesh' frame=4358 nb=40 wext=58.9 rebound=1
  TIER1 rest-coherence: worst=3.1deg bone[2]='bone_R-foreTwist2.mesh' count(>5deg)=0 freshRecap=0  xcheck(invOff-vs-restW) worst=3.1deg bone[2]
  TIER2 joint-attach(PRIMARY): worst=30.53u bone[7]='bone_R-middlefinger03.mesh' parent[0] R=40.0 exactJoint=0.01u pairs=36  (palette-wide exactWorst=0.03u)
[HANDS_ATTACH] mesh='hands_naked.mesh' owner='hands_naked.mesh' frame=4368 nb=40 wext=54.1 rebound=1
  TIER1 rest-coherence: worst=3.1deg bone[2]='bone_R-foreTwist2.mesh' count(>5deg)=0 freshRecap=0  xcheck(invOff-vs-restW) worst=3.1deg bone[2]
  TIER2 joint-attach(PRIMARY): worst=29.60u bone[7]='bone_R-middlefinger03.mesh' parent[0] R=40.0 exactJoint=0.01u pairs=36  (palette-wide exactWorst=0.03u)
[HANDS_ATTACH] mesh='hands_naked.mesh' owner='hands_naked.mesh' frame=4369 nb=38 wext=89.7 rebound=1
  TIER1 rest-coherence: worst=3.1deg bone[2]='bone_R-pinky03.mesh' count(>5deg)=0 freshRecap=0  xcheck(invOff-vs-restW) worst=3.1deg bone[2]
  TIER2 joint-attach(PRIMARY): worst=84.82u bone[17]='bone_R-ringfinger02.mesh' parent[15] R=46.7 exactJoint=0.00u pairs=30  (palette-wide exactWorst=7.38u)
[HANDS_ATTACH] mesh='hands_naked.mesh' owner='hands_naked.mesh' frame=4374 nb=38 wext=66.2 rebound=1
  TIER1 rest-coherence: worst=3.1deg bone[2]='bone_R-pinky03.mesh' count(>5deg)=0 freshRecap=0  xcheck(invOff-vs-restW) worst=3.1deg bone[2]
  TIER2 joint-attach(PRIMARY): worst=69.12u bone[13]='bone_R-hand.mesh' parent[5] R=49.3 exactJoint=0.01u pairs=30  (palette-wide exactWorst=8.76u)
[HANDS_ATTACH] mesh='hands_naked.mesh' owner='hands_naked.mesh' frame=4378 nb=40 wext=61.0 rebound=1
  TIER1 rest-coherence: worst=3.1deg bone[2]='bone_R-foreTwist2.mesh' count(>5deg)=0 freshRecap=0  xcheck(invOff-vs-restW) worst=3.1deg bone[2]
  TIER2 joint-attach(PRIMARY): worst=61.01u bone[5]='bone_R-ringfinger02.mesh' parent[24] R=41.1 exactJoint=1.80u pairs=36  (palette-wide exactWorst=6.80u)
[HANDS_ATTACH] mesh='hands_naked.mesh' owner='hands_naked.mesh' frame=4380 nb=38 wext=84.6 rebound=1
  TIER1 rest-coherence: worst=3.1deg bone[2]='bone_R-pinky03.mesh' count(>5deg)=0 freshRecap=0  xcheck(invOff-vs-restW) worst=3.1deg bone[2]
  TIER2 joint-attach(PRIMARY): worst=84.93u bone[17]='bone_R-ringfinger02.mesh' parent[15] R=46.7 exactJoint=0.00u pairs=30  (palette-wide exactWorst=7.42u)
[HANDS_ATTACH] mesh='hands_naked.mesh' owner='hands_naked.mesh' frame=4384 nb=38 wext=60.1 rebound=1
  TIER1 rest-coherence: worst=3.1deg bone[2]='bone_R-pinky03.mesh' count(>5deg)=0 freshRecap=0  xcheck(invOff-vs-restW) worst=3.1deg bone[2]
  TIER2 joint-attach(PRIMARY): worst=59.29u bone[26]='bone_L-middlefinger02.mesh' parent[23] R=46.8 exactJoint=4.60u pairs=30  (palette-wide exactWorst=8.05u)
[HANDS_ATTACH] mesh='hands_naked.mesh' owner='hands_naked.mesh' frame=4388 nb=40 wext=68.0 rebound=1
  TIER1 rest-coherence: worst=3.1deg bone[2]='bone_R-foreTwist2.mesh' count(>5deg)=0 freshRecap=0  xcheck(invOff-vs-restW) worst=3.1deg bone[2]
  TIER2 joint-attach(PRIMARY): worst=60.72u bone[5]='bone_R-ringfinger02.mesh' parent[24] R=41.1 exactJoint=2.35u pairs=36  (palette-wide exactWorst=6.94u)
[HANDS_ATTACH] mesh='hands_naked.mesh' owner='hands_naked.mesh' frame=4390 nb=38 wext=84.1 rebound=1
  TIER1 rest-coherence: worst=3.1deg bone[2]='bone_R-pinky03.mesh' count(>5deg)=0 freshRecap=0  xcheck(invOff-vs-restW) worst=3.1deg bone[2]
  TIER2 joint-attach(PRIMARY): worst=84.89u bone[17]='bone_R-ringfinger02.mesh' parent[15] R=46.7 exactJoint=0.00u pairs=30  (palette-wide exactWorst=7.40u)
[HANDS_ATTACH] mesh='hands_naked.mesh' owner='hands_naked.mesh' frame=4394 nb=38 wext=58.8 rebound=1
  TIER1 rest-coherence: worst=3.1deg bone[2]='bone_R-pinky03.mesh' count(>5deg)=0 freshRecap=0  xcheck(invOff-vs-restW) worst=3.1deg bone[2]
  TIER2 joint-attach(PRIMARY): worst=59.29u bone[26]='bone_L-middlefinger02.mesh' parent[23] R=46.8 exactJoint=4.60u pairs=30  (palette-wide exactWorst=7.99u)
[HANDS_ATTACH] mesh='hands_naked.mesh' owner='hands_naked.mesh' frame=4398 nb=40 wext=73.0 rebound=1
  TIER1 rest-coherence: worst=3.1deg bone[2]='bone_R-foreTwist2.mesh' count(>5deg)=0 freshRecap=0  xcheck(invOff-vs-restW) worst=3.1deg bone[2]
  TIER2 joint-attach(PRIMARY): worst=61.33u bone[5]='bone_R-ringfinger02.mesh' parent[24] R=41.1 exactJoint=2.31u pairs=36  (palette-wide exactWorst=6.88u)
[HANDS_ATTACH] mesh='hands_naked.mesh' owner='hands_naked.mesh' frame=4400 nb=38 wext=82.7 rebound=1
  TIER1 rest-coherence: worst=3.1deg bone[2]='bone_R-pinky03.mesh' count(>5deg)=0 freshRecap=0  xcheck(invOff-vs-restW) worst=3.1deg bone[2]
  TIER2 joint-attach(PRIMARY): worst=84.89u bone[17]='bone_R-ringfinger02.mesh' parent[15] R=46.7 exactJoint=0.00u pairs=30  (palette-wide exactWorst=7.44u)
[HANDS_ATTACH] mesh='hands_naked.mesh' owner='hands_naked.mesh' frame=4404 nb=38 wext=62.2 rebound=1
  TIER1 rest-coherence: worst=3.1deg bone[2]='bone_R-pinky03.mesh' count(>5deg)=0 freshRecap=0  xcheck(invOff-vs-restW) worst=3.1deg bone[2]
  TIER2 joint-attach(PRIMARY): worst=67.53u bone[17]='bone_R-ringfinger02.mesh' parent[15] R=46.7 exactJoint=0.00u pairs=30  (palette-wide exactWorst=7.99u)
[HANDS_ATTACH] mesh='hands_naked.mesh' owner='hands_naked.mesh' frame=4408 nb=40 wext=74.8 rebound=1
  TIER1 rest-coherence: worst=3.1deg bone[2]='bone_R-foreTwist2.mesh' count(>5deg)=0 freshRecap=0  xcheck(invOff-vs-restW) worst=3.1deg bone[2]
  TIER2 joint-attach(PRIMARY): worst=61.99u bone[5]='bone_R-ringfinger02.mesh' parent[24] R=41.1 exactJoint=0.07u pairs=36  (palette-wide exactWorst=6.72u)
[HANDS_ATTACH] mesh='hands_naked.mesh' owner='hands_naked.mesh' frame=4410 nb=38 wext=83.7 rebound=1
  TIER1 rest-coherence: worst=3.1deg bone[2]='bone_R-pinky03.mesh' count(>5deg)=0 freshRecap=0  xcheck(invOff-vs-restW) worst=3.1deg bone[2]
  TIER2 joint-attach(PRIMARY): worst=84.22u bone[17]='bone_R-ringfinger02.mesh' parent[15] R=46.7 exactJoint=0.00u pairs=30  (palette-wide exactWorst=7.44u)
[HANDS_ATTACH] mesh='hands_naked.mesh' owner='hands_naked.mesh' frame=4414 nb=38 wext=57.3 rebound=1
  TIER1 rest-coherence: worst=3.1deg bone[2]='bone_R-pinky03.mesh' count(>5deg)=0 freshRecap=0  xcheck(invOff-vs-restW) worst=3.1deg bone[2]
  TIER2 joint-attach(PRIMARY): worst=67.53u bone[17]='bone_R-ringfinger02.mesh' parent[15] R=46.7 exactJoint=0.00u pairs=30  (palette-wide exactWorst=7.99u)
[HANDS_ATTACH] mesh='hands_naked.mesh' owner='hands_naked.mesh' frame=4418 nb=40 wext=72.9 rebound=1
  TIER1 rest-coherence: worst=3.1deg bone[2]='bone_R-foreTwist2.mesh' count(>5deg)=0 freshRecap=0  xcheck(invOff-vs-restW) worst=3.1deg bone[2]
  TIER2 joint-attach(PRIMARY): worst=53.04u bone[5]='bone_R-ringfinger02.mesh' parent[24] R=41.1 exactJoint=0.02u pairs=36  (palette-wide exactWorst=6.72u)
[HANDS_ATTACH] mesh='hands_naked.mesh' owner='hands_naked.mesh' frame=4420 nb=38 wext=82.7 rebound=1
  TIER1 rest-coherence: worst=3.1deg bone[2]='bone_R-pinky03.mesh' count(>5deg)=0 freshRecap=0  xcheck(invOff-vs-restW) worst=3.1deg bone[2]
  TIER2 joint-attach(PRIMARY): worst=84.29u bone[17]='bone_R-ringfinger02.mesh' parent[15] R=46.7 exactJoint=0.00u pairs=30  (palette-wide exactWorst=7.44u)
[HANDS_ATTACH] mesh='hands_naked.mesh' owner='hands_naked.mesh' frame=4424 nb=38 wext=61.9 rebound=1
  TIER1 rest-coherence: worst=3.1deg bone[2]='bone_R-pinky03.mesh' count(>5deg)=0 freshRecap=0  xcheck(invOff-vs-restW) worst=3.1deg bone[2]
  TIER2 joint-attach(PRIMARY): worst=66.95u bone[17]='bone_R-ringfinger02.mesh' parent[15] R=46.7 exactJoint=0.14u pairs=30  (palette-wide exactWorst=7.99u)
[HANDS_ATTACH] mesh='hands_naked.mesh' owner='hands_naked.mesh' frame=4428 nb=40 wext=70.4 rebound=1
  TIER1 rest-coherence: worst=3.1deg bone[2]='bone_R-foreTwist2.mesh' count(>5deg)=0 freshRecap=0  xcheck(invOff-vs-restW) worst=3.1deg bone[2]
  TIER2 joint-attach(PRIMARY): worst=58.80u bone[5]='bone_R-ringfinger02.mesh' parent[24] R=41.1 exactJoint=0.02u pairs=36  (palette-wide exactWorst=6.72u)
[HANDS_ATTACH] mesh='hands_naked.mesh' owner='hands_naked.mesh' frame=4430 nb=38 wext=81.1 rebound=1
  TIER1 rest-coherence: worst=3.1deg bone[2]='bone_R-pinky03.mesh' count(>5deg)=0 freshRecap=0  xcheck(invOff-vs-restW) worst=3.1deg bone[2]
  TIER2 joint-attach(PRIMARY): worst=84.53u bone[17]='bone_R-ringfinger02.mesh' parent[15] R=46.7 exactJoint=0.00u pairs=30  (palette-wide exactWorst=7.40u)
[HANDS_ATTACH] mesh='hands_naked.mesh' owner='hands_naked.mesh' frame=4434 nb=38 wext=56.2 rebound=1
  TIER1 rest-coherence: worst=3.1deg bone[2]='bone_R-pinky03.mesh' count(>5deg)=0 freshRecap=0  xcheck(invOff-vs-restW) worst=3.1deg bone[2]
  TIER2 joint-attach(PRIMARY): worst=64.64u bone[17]='bone_R-ringfinger02.mesh' parent[15] R=46.7 exactJoint=0.66u pairs=30  (palette-wide exactWorst=7.99u)
[HANDS_ATTACH] mesh='hands_naked.mesh' owner='hands_naked.mesh' frame=4438 nb=40 wext=58.3 rebound=1
  TIER1 rest-coherence: worst=3.1deg bone[2]='bone_R-foreTwist2.mesh' count(>5deg)=0 freshRecap=0  xcheck(invOff-vs-restW) worst=3.1deg bone[2]
  TIER2 joint-attach(PRIMARY): worst=78.16u bone[5]='bone_R-ringfinger02.mesh' parent[24] R=41.1 exactJoint=0.54u pairs=36  (palette-wide exactWorst=6.72u)
[HANDS_ATTACH] mesh='hands_naked.mesh' owner='hands_naked.mesh' frame=4440 nb=38 wext=80.1 rebound=1
  TIER1 rest-coherence: worst=3.1deg bone[2]='bone_R-pinky03.mesh' count(>5deg)=0 freshRecap=0  xcheck(invOff-vs-restW) worst=3.1deg bone[2]
  TIER2 joint-attach(PRIMARY): worst=84.70u bone[17]='bone_R-ringfinger02.mesh' parent[15] R=46.7 exactJoint=0.00u pairs=30  (palette-wide exactWorst=7.44u)
[HANDS_ATTACH] mesh='hands_naked.mesh' owner='hands_naked.mesh' frame=4444 nb=38 wext=62.0 rebound=1
  TIER1 rest-coherence: worst=3.1deg bone[2]='bone_R-pinky03.mesh' count(>5deg)=0 freshRecap=0  xcheck(invOff-vs-restW) worst=3.1deg bone[2]
  TIER2 joint-attach(PRIMARY): worst=62.18u bone[17]='bone_R-ringfinger02.mesh' parent[15] R=46.7 exactJoint=1.20u pairs=30  (palette-wide exactWorst=7.99u)
[HANDS_ATTACH] mesh='hands_naked.mesh' owner='hands_naked.mesh' frame=4448 nb=40 wext=58.5 rebound=1
  TIER1 rest-coherence: worst=3.1deg bone[2]='bone_R-foreTwist2.mesh' count(>5deg)=0 freshRecap=0  xcheck(invOff-vs-restW) worst=3.1deg bone[2]
  TIER2 joint-attach(PRIMARY): worst=79.52u bone[0]='bone_R-middlefinger02.mesh' parent[4] R=41.0 exactJoint=0.48u pairs=36  (palette-wide exactWorst=6.91u)
[HANDS_ATTACH] mesh='hands_naked.mesh' owner='hands_naked.mesh' frame=4450 nb=38 wext=80.5 rebound=1
  TIER1 rest-coherence: worst=3.1deg bone[2]='bone_R-pinky03.mesh' count(>5deg)=0 freshRecap=0  xcheck(invOff-vs-restW) worst=3.1deg bone[2]
  TIER2 joint-attach(PRIMARY): worst=84.82u bone[17]='bone_R-ringfinger02.mesh' parent[15] R=46.7 exactJoint=0.00u pairs=30  (palette-wide exactWorst=7.41u)
[HANDS_ATTACH] mesh='hands_naked.mesh' owner='hands_naked.mesh' frame=4454 nb=38 wext=63.1 rebound=1
  TIER1 rest-coherence: worst=3.1deg bone[2]='bone_R-pinky03.mesh' count(>5deg)=0 freshRecap=0  xcheck(invOff-vs-restW) worst=3.1deg bone[2]
  TIER2 joint-attach(PRIMARY): worst=59.56u bone[17]='bone_R-ringfinger02.mesh' parent[15] R=46.7 exactJoint=1.77u pairs=30  (palette-wide exactWorst=7.99u)
[HANDS_ATTACH] mesh='hands_naked.mesh' owner='hands_naked.mesh' frame=4458 nb=40 wext=59.6 rebound=1
  TIER1 rest-coherence: worst=3.1deg bone[2]='bone_R-foreTwist2.mesh' count(>5deg)=0 freshRecap=0  xcheck(invOff-vs-restW) worst=3.1deg bone[2]
  TIER2 joint-attach(PRIMARY): worst=76.72u bone[0]='bone_R-middlefinger02.mesh' parent[4] R=41.0 exactJoint=2.75u pairs=36  (palette-wide exactWorst=7.58u)
[HANDS_ATTACH] mesh='hands_naked.mesh' owner='hands_naked.mesh' frame=4460 nb=38 wext=81.1 rebound=1
  TIER1 rest-coherence: worst=3.1deg bone[2]='bone_R-pinky03.mesh' count(>5deg)=0 freshRecap=0  xcheck(invOff-vs-restW) worst=3.1deg bone[2]
  TIER2 joint-attach(PRIMARY): worst=84.93u bone[17]='bone_R-ringfinger02.mesh' parent[15] R=46.7 exactJoint=0.00u pairs=30  (palette-wide exactWorst=7.40u)
[HANDS_ATTACH] mesh='hands_naked.mesh' owner='hands_naked.mesh' frame=4464 nb=38 wext=64.2 rebound=1
  TIER1 rest-coherence: worst=3.1deg bone[2]='bone_R-pinky03.mesh' count(>5deg)=0 freshRecap=0  xcheck(invOff-vs-restW) worst=3.1deg bone[2]
  TIER2 joint-attach(PRIMARY): worst=59.29u bone[26]='bone_L-middlefinger02.mesh' parent[23] R=46.8 exactJoint=4.60u pairs=30  (palette-wide exactWorst=7.99u)
[HANDS_ATTACH] mesh='hands_naked.mesh' owner='hands_naked.mesh' frame=4468 nb=40 wext=65.5 rebound=1
  TIER1 rest-coherence: worst=3.1deg bone[2]='bone_R-foreTwist2.mesh' count(>5deg)=0 freshRecap=0  xcheck(invOff-vs-restW) worst=3.1deg bone[2]
  TIER2 joint-attach(PRIMARY): worst=61.80u bone[13]='bone_R-pinky03.mesh' parent[9] R=40.5 exactJoint=0.45u pairs=36  (palette-wide exactWorst=6.72u)
[HANDS_ATTACH] mesh='hands_naked.mesh' owner='hands_naked.mesh' frame=4470 nb=38 wext=81.1 rebound=1
  TIER1 rest-coherence: worst=3.1deg bone[2]='bone_R-pinky03.mesh' count(>5deg)=0 freshRecap=0  xcheck(invOff-vs-restW) worst=3.1deg bone[2]
  TIER2 joint-attach(PRIMARY): worst=84.93u bone[17]='bone_R-ringfinger02.mesh' parent[15] R=46.7 exactJoint=0.00u pairs=30  (palette-wide exactWorst=7.40u)
[HANDS_ATTACH] mesh='hands_naked.mesh' owner='hands_naked.mesh' frame=4474 nb=38 wext=69.9 rebound=1
  TIER1 rest-coherence: worst=3.1deg bone[2]='bone_R-pinky03.mesh' count(>5deg)=0 freshRecap=0  xcheck(invOff-vs-restW) worst=3.1deg bone[2]
  TIER2 joint-attach(PRIMARY): worst=59.29u bone[26]='bone_L-middlefinger02.mesh' parent[23] R=46.8 exactJoint=4.60u pairs=30  (palette-wide exactWorst=7.99u)
[HANDS_ATTACH] mesh='hands_naked.mesh' owner='hands_naked.mesh' frame=4478 nb=40 wext=66.3 rebound=1
  TIER1 rest-coherence: worst=3.1deg bone[2]='bone_R-foreTwist2.mesh' count(>5deg)=0 freshRecap=0  xcheck(invOff-vs-restW) worst=3.1deg bone[2]
  TIER2 joint-attach(PRIMARY): worst=46.19u bone[12]='bone_L-middlefinger02.mesh' parent[25] R=41.0 exactJoint=0.01u pairs=36  (palette-wide exactWorst=6.72u)
[HANDS_ATTACH] mesh='hands_naked.mesh' owner='hands_naked.mesh' frame=4480 nb=38 wext=81.1 rebound=1
  TIER1 rest-coherence: worst=3.1deg bone[2]='bone_R-pinky03.mesh' count(>5deg)=0 freshRecap=0  xcheck(invOff-vs-restW) worst=3.1deg bone[2]
  TIER2 joint-attach(PRIMARY): worst=84.92u bone[17]='bone_R-ringfinger02.mesh' parent[15] R=46.7 exactJoint=0.00u pairs=30  (palette-wide exactWorst=7.42u)
[HANDS_ATTACH] mesh='hands_naked.mesh' owner='hands_naked.mesh' frame=4484 nb=38 wext=68.5 rebound=1
  TIER1 rest-coherence: worst=3.1deg bone[2]='bone_R-pinky03.mesh' count(>5deg)=0 freshRecap=0  xcheck(invOff-vs-restW) worst=3.1deg bone[2]
  TIER2 joint-attach(PRIMARY): worst=58.07u bone[26]='bone_L-middlefinger02.mesh' parent[23] R=46.8 exactJoint=6.61u pairs=30  (palette-wide exactWorst=6.81u)
[HANDS_ATTACH] mesh='hands_naked.mesh' owner='hands_naked.mesh' frame=4488 nb=40 wext=66.6 rebound=1
  TIER1 rest-coherence: worst=3.1deg bone[2]='bone_R-foreTwist2.mesh' count(>5deg)=0 freshRecap=0  xcheck(invOff-vs-restW) worst=3.1deg bone[2]
  TIER2 joint-attach(PRIMARY): worst=46.19u bone[12]='bone_L-middlefinger02.mesh' parent[25] R=41.0 exactJoint=0.01u pairs=36  (palette-wide exactWorst=6.72u)
[HANDS_ATTACH] mesh='hands_naked.mesh' owner='hands_naked.mesh' frame=4490 nb=38 wext=80.8 rebound=1
  TIER1 rest-coherence: worst=3.1deg bone[2]='bone_R-pinky03.mesh' count(>5deg)=0 freshRecap=0  xcheck(invOff-vs-restW) worst=3.1deg bone[2]
  TIER2 joint-attach(PRIMARY): worst=84.89u bone[17]='bone_R-ringfinger02.mesh' parent[15] R=46.7 exactJoint=0.00u pairs=30  (palette-wide exactWorst=7.44u)
[HANDS_ATTACH] mesh='hands_naked.mesh' owner='hands_naked.mesh' frame=4494 nb=38 wext=63.8 rebound=1
  TIER1 rest-coherence: worst=3.1deg bone[2]='bone_R-pinky03.mesh' count(>5deg)=0 freshRecap=0  xcheck(invOff-vs-restW) worst=3.1deg bone[2]
  TIER2 joint-attach(PRIMARY): worst=57.80u bone[32]='bone_L-ringfinger02.mesh' parent[27] R=46.7 exactJoint=6.42u pairs=30  (palette-wide exactWorst=8.19u)
[HANDS_ATTACH] mesh='hands_naked.mesh' owner='hands_naked.mesh' frame=4498 nb=40 wext=69.8 rebound=1
  TIER1 rest-coherence: worst=3.1deg bone[2]='bone_R-foreTwist2.mesh' count(>5deg)=0 freshRecap=0  xcheck(invOff-vs-restW) worst=3.1deg bone[2]
  TIER2 joint-attach(PRIMARY): worst=46.19u bone[12]='bone_L-middlefinger02.mesh' parent[25] R=41.0 exactJoint=0.01u pairs=36  (palette-wide exactWorst=6.72u)
[HANDS_ATTACH] mesh='hands_naked.mesh' owner='hands_naked.mesh' frame=4500 nb=38 wext=81.5 rebound=1
  TIER1 rest-coherence: worst=3.1deg bone[2]='bone_R-pinky03.mesh' count(>5deg)=0 freshRecap=0  xcheck(invOff-vs-restW) worst=3.1deg bone[2]
  TIER2 joint-attach(PRIMARY): worst=84.86u bone[17]='bone_R-ringfinger02.mesh' parent[15] R=46.7 exactJoint=0.00u pairs=30  (palette-wide exactWorst=7.45u)
[HANDS_ATTACH] mesh='hands_naked.mesh' owner='hands_naked.mesh' frame=4504 nb=38 wext=68.5 rebound=1
  TIER1 rest-coherence: worst=3.1deg bone[2]='bone_R-pinky03.mesh' count(>5deg)=0 freshRecap=0  xcheck(invOff-vs-restW) worst=3.1deg bone[2]
  TIER2 joint-attach(PRIMARY): worst=57.80u bone[32]='bone_L-ringfinger02.mesh' parent[27] R=46.7 exactJoint=6.42u pairs=30  (palette-wide exactWorst=8.83u)
[HANDS_ATTACH] mesh='hands_naked.mesh' owner='hands_naked.mesh' frame=4508 nb=40 wext=64.7 rebound=1
  TIER1 rest-coherence: worst=3.1deg bone[2]='bone_R-foreTwist2.mesh' count(>5deg)=0 freshRecap=0  xcheck(invOff-vs-restW) worst=3.1deg bone[2]
  TIER2 joint-attach(PRIMARY): worst=63.29u bone[5]='bone_R-ringfinger02.mesh' parent[24] R=41.1 exactJoint=1.78u pairs=36  (palette-wide exactWorst=7.40u)
[HANDS_ATTACH] mesh='hands_naked.mesh' owner='hands_naked.mesh' frame=4510 nb=38 wext=82.7 rebound=1
  TIER1 rest-coherence: worst=3.1deg bone[2]='bone_R-pinky03.mesh' count(>5deg)=0 freshRecap=0  xcheck(invOff-vs-restW) worst=3.1deg bone[2]
  TIER2 joint-attach(PRIMARY): worst=84.91u bone[17]='bone_R-ringfinger02.mesh' parent[15] R=46.7 exactJoint=0.00u pairs=30  (palette-wide exactWorst=7.45u)
[HANDS_ATTACH] mesh='hands_naked.mesh' owner='hands_naked.mesh' frame=4514 nb=38 wext=62.5 rebound=1
  TIER1 rest-coherence: worst=3.1deg bone[2]='bone_R-pinky03.mesh' count(>5deg)=0 freshRecap=0  xcheck(invOff-vs-restW) worst=3.1deg bone[2]
  TIER2 joint-attach(PRIMARY): worst=57.71u bone[32]='bone_L-ringfinger02.mesh' parent[27] R=46.7 exactJoint=6.45u pairs=30  (palette-wide exactWorst=8.52u)
[HANDS_ATTACH] mesh='hands_naked.mesh' owner='hands_naked.mesh' frame=4518 nb=40 wext=70.2 rebound=1
  TIER1 rest-coherence: worst=3.1deg bone[2]='bone_R-foreTwist2.mesh' count(>5deg)=0 freshRecap=0  xcheck(invOff-vs-restW) worst=3.1deg bone[2]
  TIER2 joint-attach(PRIMARY): worst=76.45u bone[0]='bone_R-middlefinger02.mesh' parent[4] R=41.0 exactJoint=3.23u pairs=36  (palette-wide exactWorst=7.49u)
[HANDS_ATTACH] mesh='hands_naked.mesh' owner='hands_naked.mesh' frame=4520 nb=38 wext=83.6 rebound=1
  TIER1 rest-coherence: worst=3.1deg bone[2]='bone_R-pinky03.mesh' count(>5deg)=0 freshRecap=0  xcheck(invOff-vs-restW) worst=3.1deg bone[2]
  TIER2 joint-attach(PRIMARY): worst=84.91u bone[17]='bone_R-ringfinger02.mesh' parent[15] R=46.7 exactJoint=0.00u pairs=30  (palette-wide exactWorst=7.40u)
[HANDS_ATTACH] mesh='hands_naked.mesh' owner='hands_naked.mesh' frame=4524 nb=38 wext=57.7 rebound=1
  TIER1 rest-coherence: worst=3.1deg bone[2]='bone_R-pinky03.mesh' count(>5deg)=0 freshRecap=0  xcheck(invOff-vs-restW) worst=3.1deg bone[2]
  TIER2 joint-attach(PRIMARY): worst=55.29u bone[32]='bone_L-ringfinger02.mesh' parent[27] R=46.7 exactJoint=7.06u pairs=30  (palette-wide exactWorst=7.97u)
[HANDS_ATTACH] mesh='hands_naked.mesh' owner='hands_naked.mesh' frame=4528 nb=40 wext=71.5 rebound=1
  TIER1 rest-coherence: worst=3.1deg bone[2]='bone_R-foreTwist2.mesh' count(>5deg)=0 freshRecap=0  xcheck(invOff-vs-restW) worst=3.1deg bone[2]
  TIER2 joint-attach(PRIMARY): worst=71.80u bone[0]='bone_R-middlefinger02.mesh' parent[4] R=41.0 exactJoint=6.00u pairs=36  (palette-wide exactWorst=6.72u)
[HANDS_ATTACH] mesh='hands_naked.mesh' owner='hands_naked.mesh' frame=4530 nb=38 wext=84.1 rebound=1
  TIER1 rest-coherence: worst=3.1deg bone[2]='bone_R-pinky03.mesh' count(>5deg)=0 freshRecap=0  xcheck(invOff-vs-restW) worst=3.1deg bone[2]
  TIER2 joint-attach(PRIMARY): worst=84.89u bone[17]='bone_R-ringfinger02.mesh' parent[15] R=46.7 exactJoint=0.00u pairs=30  (palette-wide exactWorst=7.39u)
[HANDS_ATTACH] mesh='hands_naked.mesh' owner='hands_naked.mesh' frame=4534 nb=38 wext=62.7 rebound=1
  TIER1 rest-coherence: worst=3.1deg bone[2]='bone_R-pinky03.mesh' count(>5deg)=0 freshRecap=0  xcheck(invOff-vs-restW) worst=3.1deg bone[2]
  TIER2 joint-attach(PRIMARY): worst=56.06u bone[13]='bone_R-hand.mesh' parent[5] R=49.3 exactJoint=0.01u pairs=30  (palette-wide exactWorst=8.68u)
[HANDS_ATTACH] mesh='hands_naked.mesh' owner='hands_naked.mesh' frame=4538 nb=40 wext=69.9 rebound=1
  TIER1 rest-coherence: worst=3.1deg bone[2]='bone_R-foreTwist2.mesh' count(>5deg)=0 freshRecap=0  xcheck(invOff-vs-restW) worst=3.1deg bone[2]
  TIER2 joint-attach(PRIMARY): worst=68.17u bone[0]='bone_R-middlefinger02.mesh' parent[4] R=41.0 exactJoint=6.89u pairs=36  (palette-wide exactWorst=6.89u)
[HANDS_ATTACH] mesh='hands_naked.mesh' owner='hands_naked.mesh' frame=4540 nb=38 wext=83.7 rebound=1
  TIER1 rest-coherence: worst=3.1deg bone[2]='bone_R-pinky03.mesh' count(>5deg)=0 freshRecap=0  xcheck(invOff-vs-restW) worst=3.1deg bone[2]
  TIER2 joint-attach(PRIMARY): worst=84.89u bone[17]='bone_R-ringfinger02.mesh' parent[15] R=46.7 exactJoint=0.00u pairs=30  (palette-wide exactWorst=7.39u)
[HANDS_ATTACH] mesh='hands_naked.mesh' owner='hands_naked.mesh' frame=4544 nb=38 wext=68.4 rebound=1
  TIER1 rest-coherence: worst=3.1deg bone[2]='bone_R-pinky03.mesh' count(>5deg)=0 freshRecap=0  xcheck(invOff-vs-restW) worst=3.1deg bone[2]
  TIER2 joint-attach(PRIMARY): worst=62.93u bone[3]='bone_R-index02.mesh' parent[8] R=47.0 exactJoint=2.40u pairs=30  (palette-wide exactWorst=8.52u)
[HANDS_ATTACH] mesh='hands_naked.mesh' owner='hands_naked.mesh' frame=4548 nb=40 wext=72.0 rebound=1
  TIER1 rest-coherence: worst=3.1deg bone[2]='bone_R-foreTwist2.mesh' count(>5deg)=0 freshRecap=0  xcheck(invOff-vs-restW) worst=3.1deg bone[2]
  TIER2 joint-attach(PRIMARY): worst=67.50u bone[0]='bone_R-middlefinger02.mesh' parent[4] R=41.0 exactJoint=6.89u pairs=36  (palette-wide exactWorst=6.89u)
[HANDS_ATTACH] mesh='hands_naked.mesh' owner='hands_naked.mesh' frame=4550 nb=38 wext=83.2 rebound=1
  TIER1 rest-coherence: worst=3.1deg bone[2]='bone_R-pinky03.mesh' count(>5deg)=0 freshRecap=0  xcheck(invOff-vs-restW) worst=3.1deg bone[2]
  TIER2 joint-attach(PRIMARY): worst=84.88u bone[17]='bone_R-ringfinger02.mesh' parent[15] R=46.7 exactJoint=0.00u pairs=30  (palette-wide exactWorst=7.39u)
[HANDS_ATTACH] mesh='hands_naked.mesh' owner='hands_naked.mesh' frame=4554 nb=38 wext=54.4 rebound=1
  TIER1 rest-coherence: worst=3.1deg bone[2]='bone_R-pinky03.mesh' count(>5deg)=0 freshRecap=0  xcheck(invOff-vs-restW) worst=3.1deg bone[2]
  TIER2 joint-attach(PRIMARY): worst=75.58u bone[3]='bone_R-index02.mesh' parent[8] R=47.0 exactJoint=1.26u pairs=30  (palette-wide exactWorst=8.58u)
[HANDS_ATTACH] mesh='hands_naked.mesh' owner='hands_naked.mesh' frame=4558 nb=40 wext=71.0 rebound=1
  TIER1 rest-coherence: worst=3.1deg bone[2]='bone_R-foreTwist2.mesh' count(>5deg)=0 freshRecap=0  xcheck(invOff-vs-restW) worst=3.1deg bone[2]
  TIER2 joint-attach(PRIMARY): worst=70.40u bone[0]='bone_R-middlefinger02.mesh' parent[4] R=41.0 exactJoint=5.92u pairs=36  (palette-wide exactWorst=6.72u)
[HANDS_ATTACH] mesh='hands_naked.mesh' owner='hands_naked.mesh' frame=4560 nb=38 wext=81.7 rebound=1
  TIER1 rest-coherence: worst=3.1deg bone[2]='bone_R-pinky03.mesh' count(>5deg)=0 freshRecap=0  xcheck(invOff-vs-restW) worst=3.1deg bone[2]
  TIER2 joint-attach(PRIMARY): worst=84.35u bone[17]='bone_R-ringfinger02.mesh' parent[15] R=46.7 exactJoint=0.00u pairs=30  (palette-wide exactWorst=7.33u)
[HANDS_ATTACH] mesh='hands_naked.mesh' owner='hands_naked.mesh' frame=4564 nb=38 wext=61.7 rebound=1
  TIER1 rest-coherence: worst=3.1deg bone[2]='bone_R-pinky03.mesh' count(>5deg)=0 freshRecap=0  xcheck(invOff-vs-restW) worst=3.1deg bone[2]
  TIER2 joint-attach(PRIMARY): worst=83.85u bone[11]='bone_R-middlefinger02.mesh' parent[1] R=46.8 exactJoint=5.76u pairs=30  (palette-wide exactWorst=7.54u)
[HANDS_ATTACH] mesh='hands_naked.mesh' owner='hands_naked.mesh' frame=4568 nb=40 wext=69.7 rebound=1
  TIER1 rest-coherence: worst=3.1deg bone[2]='bone_R-foreTwist2.mesh' count(>5deg)=0 freshRecap=0  xcheck(invOff-vs-restW) worst=3.1deg bone[2]
  TIER2 joint-attach(PRIMARY): worst=75.91u bone[0]='bone_R-middlefinger02.mesh' parent[4] R=41.0 exactJoint=2.92u pairs=36  (palette-wide exactWorst=7.62u)
[HANDS_ATTACH] mesh='hands_naked.mesh' owner='hands_naked.mesh' frame=4570 nb=38 wext=79.8 rebound=1
  TIER1 rest-coherence: worst=3.1deg bone[2]='bone_R-pinky03.mesh' count(>5deg)=0 freshRecap=0  xcheck(invOff-vs-restW) worst=3.1deg bone[2]
  TIER2 joint-attach(PRIMARY): worst=84.17u bone[17]='bone_R-ringfinger02.mesh' parent[15] R=46.7 exactJoint=0.00u pairs=30  (palette-wide exactWorst=7.33u)
[HANDS_ATTACH] mesh='hands_naked.mesh' owner='hands_naked.mesh' frame=4574 nb=38 wext=78.3 rebound=1
  TIER1 rest-coherence: worst=3.1deg bone[2]='bone_R-pinky03.mesh' count(>5deg)=0 freshRecap=0  xcheck(invOff-vs-restW) worst=3.1deg bone[2]
  TIER2 joint-attach(PRIMARY): worst=92.75u bone[11]='bone_R-middlefinger02.mesh' parent[1] R=46.8 exactJoint=4.09u pairs=30  (palette-wide exactWorst=7.45u)
[HANDS_ATTACH] mesh='hands_naked.mesh' owner='hands_naked.mesh' frame=4578 nb=40 wext=71.5 rebound=1
  TIER1 rest-coherence: worst=3.1deg bone[2]='bone_R-foreTwist2.mesh' count(>5deg)=0 freshRecap=0  xcheck(invOff-vs-restW) worst=3.1deg bone[2]
  TIER2 joint-attach(PRIMARY): worst=73.37u bone[5]='bone_R-ringfinger02.mesh' parent[24] R=41.1 exactJoint=0.02u pairs=36  (palette-wide exactWorst=6.72u)
[HANDS_ATTACH] mesh='hands_naked.mesh' owner='hands_naked.mesh' frame=4580 nb=38 wext=79.3 rebound=1
  TIER1 rest-coherence: worst=3.1deg bone[2]='bone_R-pinky03.mesh' count(>5deg)=0 freshRecap=0  xcheck(invOff-vs-restW) worst=3.1deg bone[2]
  TIER2 joint-attach(PRIMARY): worst=84.51u bone[17]='bone_R-ringfinger02.mesh' parent[15] R=46.7 exactJoint=0.00u pairs=30  (palette-wide exactWorst=7.40u)
[HANDS_ATTACH] mesh='hands_naked.mesh' owner='hands_naked.mesh' frame=4584 nb=38 wext=71.1 rebound=1
  TIER1 rest-coherence: worst=3.1deg bone[2]='bone_R-pinky03.mesh' count(>5deg)=0 freshRecap=0  xcheck(invOff-vs-restW) worst=3.1deg bone[2]
  TIER2 joint-attach(PRIMARY): worst=88.90u bone[11]='bone_R-middlefinger02.mesh' parent[1] R=46.8 exactJoint=5.02u pairs=30  (palette-wide exactWorst=8.34u)
[HANDS_ATTACH] mesh='hands_naked.mesh' owner='hands_naked.mesh' frame=4588 nb=40 wext=71.1 rebound=1
  TIER1 rest-coherence: worst=3.1deg bone[2]='bone_R-foreTwist2.mesh' count(>5deg)=0 freshRecap=0  xcheck(invOff-vs-restW) worst=3.1deg bone[2]
  TIER2 joint-attach(PRIMARY): worst=51.60u bone[5]='bone_R-ringfinger02.mesh' parent[24] R=41.1 exactJoint=0.02u pairs=36  (palette-wide exactWorst=6.72u)
[HANDS_ATTACH] mesh='hands_naked.mesh' owner='hands_naked.mesh' frame=4590 nb=38 wext=78.5 rebound=1
  TIER1 rest-coherence: worst=3.1deg bone[2]='bone_R-pinky03.mesh' count(>5deg)=0 freshRecap=0  xcheck(invOff-vs-restW) worst=3.1deg bone[2]
  TIER2 joint-attach(PRIMARY): worst=84.76u bone[17]='bone_R-ringfinger02.mesh' parent[15] R=46.7 exactJoint=0.00u pairs=30  (palette-wide exactWorst=7.42u)
[HANDS_ATTACH] mesh='hands_naked.mesh' owner='hands_naked.mesh' frame=4594 nb=38 wext=66.0 rebound=1
  TIER1 rest-coherence: worst=3.1deg bone[2]='bone_R-pinky03.mesh' count(>5deg)=0 freshRecap=0  xcheck(invOff-vs-restW) worst=3.1deg bone[2]
  TIER2 joint-attach(PRIMARY): worst=82.56u bone[3]='bone_R-index02.mesh' parent[8] R=47.0 exactJoint=0.01u pairs=30  (palette-wide exactWorst=8.49u)
[HANDS_ATTACH] mesh='hands_naked.mesh' owner='hands_naked.mesh' frame=4598 nb=40 wext=71.9 rebound=1
  TIER1 rest-coherence: worst=3.1deg bone[2]='bone_R-foreTwist2.mesh' count(>5deg)=0 freshRecap=0  xcheck(invOff-vs-restW) worst=3.1deg bone[2]
  TIER2 joint-attach(PRIMARY): worst=47.83u bone[5]='bone_R-ringfinger02.mesh' parent[24] R=41.1 exactJoint=0.02u pairs=36  (palette-wide exactWorst=6.72u)
[HANDS_ATTACH] mesh='hands_naked.mesh' owner='hands_naked.mesh' frame=4600 nb=38 wext=78.5 rebound=1
  TIER1 rest-coherence: worst=3.1deg bone[2]='bone_R-pinky03.mesh' count(>5deg)=0 freshRecap=0  xcheck(invOff-vs-restW) worst=3.1deg bone[2]
  TIER2 joint-attach(PRIMARY): worst=84.89u bone[17]='bone_R-ringfinger02.mesh' parent[15] R=46.7 exactJoint=0.00u pairs=30  (palette-wide exactWorst=7.92u)
[HANDS_ATTACH] mesh='hands_naked.mesh' owner='hands_naked.mesh' frame=4604 nb=38 wext=71.1 rebound=1
  TIER1 rest-coherence: worst=3.1deg bone[2]='bone_R-pinky03.mesh' count(>5deg)=0 freshRecap=0  xcheck(invOff-vs-restW) worst=3.1deg bone[2]
  TIER2 joint-attach(PRIMARY): worst=75.89u bone[3]='bone_R-index02.mesh' parent[8] R=47.0 exactJoint=1.94u pairs=30  (palette-wide exactWorst=8.67u)
[HANDS_ATTACH] mesh='hands_naked.mesh' owner='hands_naked.mesh' frame=4608 nb=40 wext=64.7 rebound=1
  TIER1 rest-coherence: worst=3.1deg bone[2]='bone_R-foreTwist2.mesh' count(>5deg)=0 freshRecap=0  xcheck(invOff-vs-restW) worst=3.1deg bone[2]
  TIER2 joint-attach(PRIMARY): worst=46.19u bone[12]='bone_L-middlefinger02.mesh' parent[25] R=41.0 exactJoint=0.01u pairs=36  (palette-wide exactWorst=6.72u)
[HANDS_ATTACH] mesh='hands_naked.mesh' owner='hands_naked.mesh' frame=4610 nb=38 wext=79.9 rebound=1
  TIER1 rest-coherence: worst=3.1deg bone[2]='bone_R-pinky03.mesh' count(>5deg)=0 freshRecap=0  xcheck(invOff-vs-restW) worst=3.1deg bone[2]
  TIER2 joint-attach(PRIMARY): worst=84.89u bone[17]='bone_R-ringfinger02.mesh' parent[15] R=46.7 exactJoint=0.00u pairs=30  (palette-wide exactWorst=8.17u)
[HANDS_ATTACH] mesh='hands_naked.mesh' owner='hands_naked.mesh' frame=4614 nb=38 wext=78.0 rebound=1
  TIER1 rest-coherence: worst=3.1deg bone[2]='bone_R-pinky03.mesh' count(>5deg)=0 freshRecap=0  xcheck(invOff-vs-restW) worst=3.1deg bone[2]
  TIER2 joint-attach(PRIMARY): worst=67.35u bone[3]='bone_R-index02.mesh' parent[8] R=47.0 exactJoint=4.15u pairs=30  (palette-wide exactWorst=8.57u)
[HANDS_ATTACH] mesh='hands_naked.mesh' owner='hands_naked.mesh' frame=4618 nb=40 wext=63.3 rebound=1
  TIER1 rest-coherence: worst=3.1deg bone[2]='bone_R-foreTwist2.mesh' count(>5deg)=0 freshRecap=0  xcheck(invOff-vs-restW) worst=3.1deg bone[2]
  TIER2 joint-attach(PRIMARY): worst=46.19u bone[12]='bone_L-middlefinger02.mesh' parent[25] R=41.0 exactJoint=0.01u pairs=36  (palette-wide exactWorst=6.72u)
[HANDS_ATTACH] mesh='hands_naked.mesh' owner='hands_naked.mesh' frame=4620 nb=38 wext=79.3 rebound=1
  TIER1 rest-coherence: worst=3.1deg bone[2]='bone_R-pinky03.mesh' count(>5deg)=0 freshRecap=0  xcheck(invOff-vs-restW) worst=3.1deg bone[2]
  TIER2 joint-attach(PRIMARY): worst=84.89u bone[17]='bone_R-ringfinger02.mesh' parent[15] R=46.7 exactJoint=0.00u pairs=30  (palette-wide exactWorst=8.04u)
[HANDS_ATTACH] mesh='hands_naked.mesh' owner='hands_naked.mesh' frame=4624 nb=38 wext=64.3 rebound=1
  TIER1 rest-coherence: worst=3.1deg bone[2]='bone_R-pinky03.mesh' count(>5deg)=0 freshRecap=0  xcheck(invOff-vs-restW) worst=3.1deg bone[2]
  TIER2 joint-attach(PRIMARY): worst=64.33u bone[3]='bone_R-index02.mesh' parent[8] R=47.0 exactJoint=4.93u pairs=30  (palette-wide exactWorst=8.25u)
[HANDS_ATTACH] mesh='hands_naked.mesh' owner='hands_naked.mesh' frame=4628 nb=40 wext=63.8 rebound=1
  TIER1 rest-coherence: worst=3.1deg bone[2]='bone_R-foreTwist2.mesh' count(>5deg)=0 freshRecap=0  xcheck(invOff-vs-restW) worst=3.1deg bone[2]
  TIER2 joint-attach(PRIMARY): worst=46.19u bone[12]='bone_L-middlefinger02.mesh' parent[25] R=41.0 exactJoint=0.01u pairs=36  (palette-wide exactWorst=6.72u)
[HANDS_ATTACH] mesh='hands_naked.mesh' owner='hands_naked.mesh' frame=4630 nb=38 wext=79.1 rebound=1
  TIER1 rest-coherence: worst=3.1deg bone[2]='bone_R-pinky03.mesh' count(>5deg)=0 freshRecap=0  xcheck(invOff-vs-restW) worst=3.1deg bone[2]
  TIER2 joint-attach(PRIMARY): worst=84.90u bone[17]='bone_R-ringfinger02.mesh' parent[15] R=46.7 exactJoint=0.00u pairs=30  (palette-wide exactWorst=7.75u)
[HANDS_ATTACH] mesh='hands_naked.mesh' owner='hands_naked.mesh' frame=4634 nb=38 wext=63.8 rebound=1
  TIER1 rest-coherence: worst=3.1deg bone[2]='bone_R-pinky03.mesh' count(>5deg)=0 freshRecap=0  xcheck(invOff-vs-restW) worst=3.1deg bone[2]
  TIER2 joint-attach(PRIMARY): worst=63.78u bone[3]='bone_R-index02.mesh' parent[8] R=47.0 exactJoint=5.16u pairs=30  (palette-wide exactWorst=8.45u)
[HANDS_ATTACH] mesh='hands_naked.mesh' owner='hands_naked.mesh' frame=4638 nb=40 wext=66.8 rebound=1
  TIER1 rest-coherence: worst=3.1deg bone[2]='bone_R-foreTwist2.mesh' count(>5deg)=0 freshRecap=0  xcheck(invOff-vs-restW) worst=3.1deg bone[2]
  TIER2 joint-attach(PRIMARY): worst=46.19u bone[12]='bone_L-middlefinger02.mesh' parent[25] R=41.0 exactJoint=0.01u pairs=36  (palette-wide exactWorst=6.72u)
[HANDS_ATTACH] mesh='hands_naked.mesh' owner='hands_naked.mesh' frame=4640 nb=38 wext=78.9 rebound=1
  TIER1 rest-coherence: worst=3.1deg bone[2]='bone_R-pinky03.mesh' count(>5deg)=0 freshRecap=0  xcheck(invOff-vs-restW) worst=3.1deg bone[2]
  TIER2 joint-attach(PRIMARY): worst=84.92u bone[17]='bone_R-ringfinger02.mesh' parent[15] R=46.7 exactJoint=0.00u pairs=30  (palette-wide exactWorst=7.39u)
[HANDS_ATTACH] mesh='hands_naked.mesh' owner='hands_naked.mesh' frame=4644 nb=38 wext=77.2 rebound=1
  TIER1 rest-coherence: worst=3.1deg bone[2]='bone_R-pinky03.mesh' count(>5deg)=0 freshRecap=0  xcheck(invOff-vs-restW) worst=3.1deg bone[2]
  TIER2 joint-attach(PRIMARY): worst=65.14u bone[18]='bone_R-pinky02.mesh' parent[14] R=46.7 exactJoint=0.01u pairs=30  (palette-wide exactWorst=8.93u)
[HANDS_ATTACH] mesh='hands_naked.mesh' owner='hands_naked.mesh' frame=4648 nb=40 wext=70.0 rebound=1
  TIER1 rest-coherence: worst=3.1deg bone[2]='bone_R-foreTwist2.mesh' count(>5deg)=0 freshRecap=0  xcheck(invOff-vs-restW) worst=3.1deg bone[2]
  TIER2 joint-attach(PRIMARY): worst=46.19u bone[12]='bone_L-middlefinger02.mesh' parent[25] R=41.0 exactJoint=0.01u pairs=36  (palette-wide exactWorst=6.72u)
[HANDS_ATTACH] mesh='hands_naked.mesh' owner='hands_naked.mesh' frame=4650 nb=38 wext=79.5 rebound=1
  TIER1 rest-coherence: worst=3.1deg bone[2]='bone_R-pinky03.mesh' count(>5deg)=0 freshRecap=0  xcheck(invOff-vs-restW) worst=3.1deg bone[2]
  TIER2 joint-attach(PRIMARY): worst=84.97u bone[17]='bone_R-ringfinger02.mesh' parent[15] R=46.7 exactJoint=0.00u pairs=30  (palette-wide exactWorst=7.45u)
[HANDS_ATTACH] mesh='hands_naked.mesh' owner='hands_naked.mesh' frame=4654 nb=38 wext=65.0 rebound=1
  TIER1 rest-coherence: worst=3.1deg bone[2]='bone_R-pinky03.mesh' count(>5deg)=0 freshRecap=0  xcheck(invOff-vs-restW) worst=3.1deg bone[2]
  TIER2 joint-attach(PRIMARY): worst=62.60u bone[3]='bone_R-index02.mesh' parent[8] R=47.0 exactJoint=5.63u pairs=30  (palette-wide exactWorst=8.69u)
[HANDS_ATTACH] mesh='hands_naked.mesh' owner='hands_naked.mesh' frame=4658 nb=40 wext=71.4 rebound=1
  TIER1 rest-coherence: worst=3.1deg bone[2]='bone_R-foreTwist2.mesh' count(>5deg)=0 freshRecap=0  xcheck(invOff-vs-restW) worst=3.1deg bone[2]
  TIER2 joint-attach(PRIMARY): worst=46.19u bone[12]='bone_L-middlefinger02.mesh' parent[25] R=41.0 exactJoint=0.01u pairs=36  (palette-wide exactWorst=6.72u)
[HANDS_ATTACH] mesh='hands_naked.mesh' owner='hands_naked.mesh' frame=4661 nb=38 wext=84.5 rebound=1
  TIER1 rest-coherence: worst=3.1deg bone[2]='bone_R-pinky03.mesh' count(>5deg)=0 freshRecap=0  xcheck(invOff-vs-restW) worst=3.1deg bone[2]
  TIER2 joint-attach(PRIMARY): worst=61.18u bone[11]='bone_R-middlefinger02.mesh' parent[1] R=46.8 exactJoint=0.01u pairs=30  (palette-wide exactWorst=8.33u)
[HANDS_ATTACH] mesh='hands_naked.mesh' owner='hands_naked.mesh' frame=4669 nb=38 wext=65.5 rebound=1
  TIER1 rest-coherence: worst=3.1deg bone[2]='bone_R-pinky03.mesh' count(>5deg)=0 freshRecap=0  xcheck(invOff-vs-restW) worst=3.1deg bone[2]
  TIER2 joint-attach(PRIMARY): worst=61.67u bone[3]='bone_R-index02.mesh' parent[8] R=47.0 exactJoint=5.97u pairs=30  (palette-wide exactWorst=8.71u)
[HANDS_ATTACH] mesh='hands_naked.mesh' owner='hands_naked.mesh' frame=4677 nb=40 wext=66.0 rebound=1
  TIER1 rest-coherence: worst=3.1deg bone[2]='bone_R-foreTwist2.mesh' count(>5deg)=0 freshRecap=0  xcheck(invOff-vs-restW) worst=3.1deg bone[2]
  TIER2 joint-attach(PRIMARY): worst=38.90u bone[5]='bone_R-ringfinger02.mesh' parent[24] R=41.1 exactJoint=0.02u pairs=36  (palette-wide exactWorst=3.38u)
[HANDS_ATTACH] mesh='hands_naked.mesh' owner='hands_naked.mesh' frame=4681 nb=38 wext=86.9 rebound=1
  TIER1 rest-coherence: worst=3.1deg bone[2]='bone_R-pinky03.mesh' count(>5deg)=0 freshRecap=0  xcheck(invOff-vs-restW) worst=3.1deg bone[2]
  TIER2 joint-attach(PRIMARY): worst=66.25u bone[11]='bone_R-middlefinger02.mesh' parent[1] R=46.8 exactJoint=0.01u pairs=30  (palette-wide exactWorst=8.15u)
[HANDS_ATTACH] mesh='hands_naked.mesh' owner='hands_naked.mesh' frame=4689 nb=38 wext=60.5 rebound=1
  TIER1 rest-coherence: worst=3.1deg bone[2]='bone_R-pinky03.mesh' count(>5deg)=0 freshRecap=0  xcheck(invOff-vs-restW) worst=3.1deg bone[2]
  TIER2 joint-attach(PRIMARY): worst=63.63u bone[3]='bone_R-index02.mesh' parent[8] R=47.0 exactJoint=5.79u pairs=30  (palette-wide exactWorst=8.54u)
[HANDS_ATTACH] mesh='hands_naked.mesh' owner='hands_naked.mesh' frame=4697 nb=40 wext=60.9 rebound=1
  TIER1 rest-coherence: worst=3.1deg bone[2]='bone_R-foreTwist2.mesh' count(>5deg)=0 freshRecap=0  xcheck(invOff-vs-restW) worst=3.1deg bone[2]
  TIER2 joint-attach(PRIMARY): worst=38.90u bone[5]='bone_R-ringfinger02.mesh' parent[24] R=41.1 exactJoint=0.02u pairs=36  (palette-wide exactWorst=3.38u)
[HANDS_ATTACH] mesh='hands_naked.mesh' owner='hands_naked.mesh' frame=4701 nb=38 wext=85.2 rebound=1
  TIER1 rest-coherence: worst=3.1deg bone[2]='bone_R-pinky03.mesh' count(>5deg)=0 freshRecap=0  xcheck(invOff-vs-restW) worst=3.1deg bone[2]
  TIER2 joint-attach(PRIMARY): worst=83.49u bone[17]='bone_R-ringfinger02.mesh' parent[15] R=46.7 exactJoint=0.00u pairs=30  (palette-wide exactWorst=7.29u)
[HANDS_ATTACH] mesh='hands_naked.mesh' owner='hands_naked.mesh' frame=4709 nb=38 wext=57.2 rebound=1
  TIER1 rest-coherence: worst=3.1deg bone[2]='bone_R-pinky03.mesh' count(>5deg)=0 freshRecap=0  xcheck(invOff-vs-restW) worst=3.1deg bone[2]
  TIER2 joint-attach(PRIMARY): worst=74.54u bone[3]='bone_R-index02.mesh' parent[8] R=47.0 exactJoint=3.65u pairs=30  (palette-wide exactWorst=8.19u)
[HANDS_ATTACH] mesh='hands_naked.mesh' owner='hands_naked.mesh' frame=4717 nb=40 wext=59.6 rebound=1
  TIER1 rest-coherence: worst=3.1deg bone[2]='bone_R-foreTwist2.mesh' count(>5deg)=0 freshRecap=0  xcheck(invOff-vs-restW) worst=3.1deg bone[2]
  TIER2 joint-attach(PRIMARY): worst=38.93u bone[5]='bone_R-ringfinger02.mesh' parent[24] R=41.1 exactJoint=0.02u pairs=36  (palette-wide exactWorst=3.38u)
[HANDS_ATTACH] mesh='hands_naked.mesh' owner='hands_naked.mesh' frame=4721 nb=38 wext=87.1 rebound=1
  TIER1 rest-coherence: worst=3.1deg bone[2]='bone_R-pinky03.mesh' count(>5deg)=0 freshRecap=0  xcheck(invOff-vs-restW) worst=3.1deg bone[2]
  TIER2 joint-attach(PRIMARY): worst=83.52u bone[17]='bone_R-ringfinger02.mesh' parent[15] R=46.7 exactJoint=0.00u pairs=30  (palette-wide exactWorst=7.26u)
[HANDS_ATTACH] mesh='hands_naked.mesh' owner='hands_naked.mesh' frame=4729 nb=38 wext=63.7 rebound=1
  TIER1 rest-coherence: worst=3.1deg bone[2]='bone_R-pinky03.mesh' count(>5deg)=0 freshRecap=0  xcheck(invOff-vs-restW) worst=3.1deg bone[2]
  TIER2 joint-attach(PRIMARY): worst=70.86u bone[13]='bone_R-hand.mesh' parent[5] R=49.3 exactJoint=0.01u pairs=30  (palette-wide exactWorst=7.99u)
[HANDS_ATTACH] mesh='hands_naked.mesh' owner='hands_naked.mesh' frame=4737 nb=40 wext=59.4 rebound=1
  TIER1 rest-coherence: worst=3.1deg bone[2]='bone_R-foreTwist2.mesh' count(>5deg)=0 freshRecap=0  xcheck(invOff-vs-restW) worst=3.1deg bone[2]
  TIER2 joint-attach(PRIMARY): worst=38.73u bone[5]='bone_R-ringfinger02.mesh' parent[24] R=41.1 exactJoint=0.02u pairs=36  (palette-wide exactWorst=3.38u)
[HANDS_ATTACH] mesh='hands_naked.mesh' owner='hands_naked.mesh' frame=4741 nb=38 wext=84.4 rebound=1
  TIER1 rest-coherence: worst=3.1deg bone[2]='bone_R-pinky03.mesh' count(>5deg)=0 freshRecap=0  xcheck(invOff-vs-restW) worst=3.1deg bone[2]
  TIER2 joint-attach(PRIMARY): worst=83.52u bone[17]='bone_R-ringfinger02.mesh' parent[15] R=46.7 exactJoint=0.00u pairs=30  (palette-wide exactWorst=7.26u)
[HANDS_ATTACH] mesh='hands_naked.mesh' owner='hands_naked.mesh' frame=4749 nb=38 wext=67.0 rebound=1
  TIER1 rest-coherence: worst=3.1deg bone[2]='bone_R-pinky03.mesh' count(>5deg)=0 freshRecap=0  xcheck(invOff-vs-restW) worst=3.1deg bone[2]
  TIER2 joint-attach(PRIMARY): worst=82.16u bone[13]='bone_R-hand.mesh' parent[5] R=49.3 exactJoint=0.01u pairs=30  (palette-wide exactWorst=8.81u)
[HANDS_ATTACH] mesh='hands_naked.mesh' owner='hands_naked.mesh' frame=4757 nb=40 wext=63.6 rebound=1
  TIER1 rest-coherence: worst=3.1deg bone[2]='bone_R-foreTwist2.mesh' count(>5deg)=0 freshRecap=0  xcheck(invOff-vs-restW) worst=3.1deg bone[2]
  TIER2 joint-attach(PRIMARY): worst=37.49u bone[5]='bone_R-ringfinger02.mesh' parent[24] R=41.1 exactJoint=0.02u pairs=36  (palette-wide exactWorst=3.38u)
[HANDS_ATTACH] mesh='hands_naked.mesh' owner='hands_naked.mesh' frame=4761 nb=38 wext=85.0 rebound=1
  TIER1 rest-coherence: worst=3.1deg bone[2]='bone_R-pinky03.mesh' count(>5deg)=0 freshRecap=0  xcheck(invOff-vs-restW) worst=3.1deg bone[2]
  TIER2 joint-attach(PRIMARY): worst=83.52u bone[17]='bone_R-ringfinger02.mesh' parent[15] R=46.7 exactJoint=0.00u pairs=30  (palette-wide exactWorst=7.26u)
[HANDS_ATTACH] mesh='hands_naked.mesh' owner='hands_naked.mesh' frame=4769 nb=38 wext=70.4 rebound=1
  TIER1 rest-coherence: worst=3.1deg bone[2]='bone_R-pinky03.mesh' count(>5deg)=0 freshRecap=0  xcheck(invOff-vs-restW) worst=3.1deg bone[2]
  TIER2 joint-attach(PRIMARY): worst=59.29u bone[26]='bone_L-middlefinger02.mesh' parent[23] R=46.8 exactJoint=4.60u pairs=30  (palette-wide exactWorst=8.53u)
[HANDS_ATTACH] mesh='hands_naked.mesh' owner='hands_naked.mesh' frame=4777 nb=40 wext=66.1 rebound=1
  TIER1 rest-coherence: worst=3.1deg bone[2]='bone_R-foreTwist2.mesh' count(>5deg)=0 freshRecap=0  xcheck(invOff-vs-restW) worst=3.1deg bone[2]
  TIER2 joint-attach(PRIMARY): worst=36.81u bone[39]='bone_L-ringfinger02.mesh' parent[38] R=41.1 exactJoint=0.02u pairs=36  (palette-wide exactWorst=3.38u)
[HANDS_ATTACH] mesh='hands_naked.mesh' owner='hands_naked.mesh' frame=4781 nb=38 wext=85.6 rebound=1
  TIER1 rest-coherence: worst=3.1deg bone[2]='bone_R-pinky03.mesh' count(>5deg)=0 freshRecap=0  xcheck(invOff-vs-restW) worst=3.1deg bone[2]
  TIER2 joint-attach(PRIMARY): worst=83.52u bone[17]='bone_R-ringfinger02.mesh' parent[15] R=46.7 exactJoint=0.00u pairs=30  (palette-wide exactWorst=7.26u)
[HANDS_ATTACH] mesh='hands_naked.mesh' owner='hands_naked.mesh' frame=4789 nb=38 wext=65.7 rebound=1
  TIER1 rest-coherence: worst=3.1deg bone[2]='bone_R-pinky03.mesh' count(>5deg)=0 freshRecap=0  xcheck(invOff-vs-restW) worst=3.1deg bone[2]
  TIER2 joint-attach(PRIMARY): worst=71.42u bone[13]='bone_R-hand.mesh' parent[5] R=49.3 exactJoint=0.01u pairs=30  (palette-wide exactWorst=8.44u)
[HANDS_ATTACH] mesh='hands_naked.mesh' owner='hands_naked.mesh' frame=4797 nb=40 wext=67.2 rebound=1
  TIER1 rest-coherence: worst=3.1deg bone[2]='bone_R-foreTwist2.mesh' count(>5deg)=0 freshRecap=0  xcheck(invOff-vs-restW) worst=3.1deg bone[2]
  TIER2 joint-attach(PRIMARY): worst=36.81u bone[39]='bone_L-ringfinger02.mesh' parent[38] R=41.1 exactJoint=0.02u pairs=36  (palette-wide exactWorst=3.38u)
[HANDS_ATTACH] mesh='hands_naked.mesh' owner='hands_naked.mesh' frame=4801 nb=38 wext=83.8 rebound=1
  TIER1 rest-coherence: worst=3.1deg bone[2]='bone_R-pinky03.mesh' count(>5deg)=0 freshRecap=0  xcheck(invOff-vs-restW) worst=3.1deg bone[2]
  TIER2 joint-attach(PRIMARY): worst=83.56u bone[17]='bone_R-ringfinger02.mesh' parent[15] R=46.7 exactJoint=0.00u pairs=30  (palette-wide exactWorst=7.26u)
[HANDS_ATTACH] mesh='hands_naked.mesh' owner='hands_naked.mesh' frame=4809 nb=38 wext=63.5 rebound=1
  TIER1 rest-coherence: worst=3.1deg bone[2]='bone_R-pinky03.mesh' count(>5deg)=0 freshRecap=0  xcheck(invOff-vs-restW) worst=3.1deg bone[2]
  TIER2 joint-attach(PRIMARY): worst=59.29u bone[26]='bone_L-middlefinger02.mesh' parent[23] R=46.8 exactJoint=4.60u pairs=30  (palette-wide exactWorst=8.87u)
[HANDS_ATTACH] mesh='hands_naked.mesh' owner='hands_naked.mesh' frame=4817 nb=40 wext=61.6 rebound=1
  TIER1 rest-coherence: worst=3.1deg bone[2]='bone_R-foreTwist2.mesh' count(>5deg)=0 freshRecap=0  xcheck(invOff-vs-restW) worst=3.1deg bone[2]
  TIER2 joint-attach(PRIMARY): worst=77.98u bone[0]='bone_R-middlefinger02.mesh' parent[4] R=41.0 exactJoint=0.93u pairs=36  (palette-wide exactWorst=7.04u)
[HANDS_ATTACH] mesh='hands_naked.mesh' owner='hands_naked.mesh' frame=4821 nb=38 wext=82.7 rebound=1
  TIER1 rest-coherence: worst=3.1deg bone[2]='bone_R-pinky03.mesh' count(>5deg)=0 freshRecap=0  xcheck(invOff-vs-restW) worst=3.1deg bone[2]
  TIER2 joint-attach(PRIMARY): worst=83.56u bone[17]='bone_R-ringfinger02.mesh' parent[15] R=46.7 exactJoint=0.00u pairs=30  (palette-wide exactWorst=7.26u)
[HANDS_ATTACH] mesh='hands_naked.mesh' owner='hands_naked.mesh' frame=4829 nb=38 wext=56.7 rebound=1
  TIER1 rest-coherence: worst=3.1deg bone[2]='bone_R-pinky03.mesh' count(>5deg)=0 freshRecap=0  xcheck(invOff-vs-restW) worst=3.1deg bone[2]
  TIER2 joint-attach(PRIMARY): worst=70.85u bone[13]='bone_R-hand.mesh' parent[5] R=49.3 exactJoint=0.01u pairs=30  (palette-wide exactWorst=8.14u)
[HANDS_ATTACH] mesh='hands_naked.mesh' owner='hands_naked.mesh' frame=4837 nb=40 wext=57.7 rebound=1
  TIER1 rest-coherence: worst=3.1deg bone[2]='bone_R-foreTwist2.mesh' count(>5deg)=0 freshRecap=0  xcheck(invOff-vs-restW) worst=3.1deg bone[2]
  TIER2 joint-attach(PRIMARY): worst=63.17u bone[5]='bone_R-ringfinger02.mesh' parent[24] R=41.1 exactJoint=3.07u pairs=36  (palette-wide exactWorst=4.90u)
[HANDS_ATTACH] mesh='hands_naked.mesh' owner='hands_naked.mesh' frame=4841 nb=38 wext=82.7 rebound=1
  TIER1 rest-coherence: worst=3.1deg bone[2]='bone_R-pinky03.mesh' count(>5deg)=0 freshRecap=0  xcheck(invOff-vs-restW) worst=3.1deg bone[2]
  TIER2 joint-attach(PRIMARY): worst=83.60u bone[17]='bone_R-ringfinger02.mesh' parent[15] R=46.7 exactJoint=0.00u pairs=30  (palette-wide exactWorst=7.32u)
[HANDS_ATTACH] mesh='hands_naked.mesh' owner='hands_naked.mesh' frame=4849 nb=38 wext=62.2 rebound=1
  TIER1 rest-coherence: worst=3.1deg bone[2]='bone_R-pinky03.mesh' count(>5deg)=0 freshRecap=0  xcheck(invOff-vs-restW) worst=3.1deg bone[2]
  TIER2 joint-attach(PRIMARY): worst=77.03u bone[13]='bone_R-hand.mesh' parent[5] R=49.3 exactJoint=0.01u pairs=30  (palette-wide exactWorst=7.99u)
[HANDS_ATTACH] mesh='hands_naked.mesh' owner='hands_naked.mesh' frame=4857 nb=40 wext=57.2 rebound=1
  TIER1 rest-coherence: worst=3.1deg bone[2]='bone_R-foreTwist2.mesh' count(>5deg)=0 freshRecap=0  xcheck(invOff-vs-restW) worst=3.1deg bone[2]
  TIER2 joint-attach(PRIMARY): worst=36.81u bone[39]='bone_L-ringfinger02.mesh' parent[38] R=41.1 exactJoint=0.02u pairs=36  (palette-wide exactWorst=3.38u)
[HANDS_ATTACH] mesh='hands_naked.mesh' owner='hands_naked.mesh' frame=4861 nb=38 wext=84.5 rebound=1
  TIER1 rest-coherence: worst=3.1deg bone[2]='bone_R-pinky03.mesh' count(>5deg)=0 freshRecap=0  xcheck(invOff-vs-restW) worst=3.1deg bone[2]
  TIER2 joint-attach(PRIMARY): worst=83.60u bone[17]='bone_R-ringfinger02.mesh' parent[15] R=46.7 exactJoint=0.00u pairs=30  (palette-wide exactWorst=7.26u)
[HANDS_ATTACH] mesh='hands_naked.mesh' owner='hands_naked.mesh' frame=4869 nb=38 wext=59.2 rebound=1
  TIER1 rest-coherence: worst=3.1deg bone[2]='bone_R-pinky03.mesh' count(>5deg)=0 freshRecap=0  xcheck(invOff-vs-restW) worst=3.1deg bone[2]
  TIER2 joint-attach(PRIMARY): worst=87.99u bone[13]='bone_R-hand.mesh' parent[5] R=49.3 exactJoint=0.01u pairs=30  (palette-wide exactWorst=8.61u)
[HANDS_ATTACH] mesh='hands_naked.mesh' owner='hands_naked.mesh' frame=4877 nb=40 wext=54.7 rebound=1
  TIER1 rest-coherence: worst=3.1deg bone[2]='bone_R-foreTwist2.mesh' count(>5deg)=0 freshRecap=0  xcheck(invOff-vs-restW) worst=3.1deg bone[2]
  TIER2 joint-attach(PRIMARY): worst=36.81u bone[39]='bone_L-ringfinger02.mesh' parent[38] R=41.1 exactJoint=0.02u pairs=36  (palette-wide exactWorst=3.38u)
[HANDS_ATTACH] mesh='hands_naked.mesh' owner='hands_naked.mesh' frame=4881 nb=38 wext=83.3 rebound=1
  TIER1 rest-coherence: worst=3.1deg bone[2]='bone_R-pinky03.mesh' count(>5deg)=0 freshRecap=0  xcheck(invOff-vs-restW) worst=3.1deg bone[2]
  TIER2 joint-attach(PRIMARY): worst=83.57u bone[17]='bone_R-ringfinger02.mesh' parent[15] R=46.7 exactJoint=0.00u pairs=30  (palette-wide exactWorst=8.57u)
[HANDS_ATTACH] mesh='hands_naked.mesh' owner='hands_naked.mesh' frame=4889 nb=38 wext=65.8 rebound=1
  TIER1 rest-coherence: worst=3.1deg bone[2]='bone_R-pinky03.mesh' count(>5deg)=0 freshRecap=0  xcheck(invOff-vs-restW) worst=3.1deg bone[2]
  TIER2 joint-attach(PRIMARY): worst=85.57u bone[13]='bone_R-hand.mesh' parent[5] R=49.3 exactJoint=0.01u pairs=30  (palette-wide exactWorst=8.71u)
[HANDS_ATTACH] mesh='hands_naked.mesh' owner='hands_naked.mesh' frame=4897 nb=40 wext=57.4 rebound=1
  TIER1 rest-coherence: worst=3.1deg bone[2]='bone_R-foreTwist2.mesh' count(>5deg)=0 freshRecap=0  xcheck(invOff-vs-restW) worst=3.1deg bone[2]
  TIER2 joint-attach(PRIMARY): worst=77.65u bone[0]='bone_R-middlefinger02.mesh' parent[4] R=41.0 exactJoint=0.71u pairs=36  (palette-wide exactWorst=7.01u)
[HANDS_ATTACH] mesh='hands_naked.mesh' owner='hands_naked.mesh' frame=4901 nb=38 wext=71.6 rebound=1
  TIER1 rest-coherence: worst=3.1deg bone[2]='bone_R-pinky03.mesh' count(>5deg)=0 freshRecap=0  xcheck(invOff-vs-restW) worst=3.1deg bone[2]
  TIER2 joint-attach(PRIMARY): worst=83.56u bone[17]='bone_R-ringfinger02.mesh' parent[15] R=46.7 exactJoint=0.00u pairs=30  (palette-wide exactWorst=7.26u)
[HANDS_ATTACH] mesh='hands_naked.mesh' owner='hands_naked.mesh' frame=4909 nb=38 wext=63.3 rebound=1
  TIER1 rest-coherence: worst=3.1deg bone[2]='bone_R-pinky03.mesh' count(>5deg)=0 freshRecap=0  xcheck(invOff-vs-restW) worst=3.1deg bone[2]
  TIER2 joint-attach(PRIMARY): worst=59.29u bone[26]='bone_L-middlefinger02.mesh' parent[23] R=46.8 exactJoint=4.60u pairs=30  (palette-wide exactWorst=8.97u)
[HANDS_ATTACH] mesh='hands_naked.mesh' owner='hands_naked.mesh' frame=4917 nb=40 wext=62.0 rebound=1
  TIER1 rest-coherence: worst=3.1deg bone[2]='bone_R-foreTwist2.mesh' count(>5deg)=0 freshRecap=0  xcheck(invOff-vs-restW) worst=3.1deg bone[2]
  TIER2 joint-attach(PRIMARY): worst=73.54u bone[5]='bone_R-ringfinger02.mesh' parent[24] R=41.1 exactJoint=0.02u pairs=36  (palette-wide exactWorst=7.32u)
[HANDS_ATTACH] mesh='hands_naked.mesh' owner='hands_naked.mesh' frame=4921 nb=38 wext=79.7 rebound=1
  TIER1 rest-coherence: worst=3.1deg bone[2]='bone_R-pinky03.mesh' count(>5deg)=0 freshRecap=0  xcheck(invOff-vs-restW) worst=3.1deg bone[2]
  TIER2 joint-attach(PRIMARY): worst=83.53u bone[17]='bone_R-ringfinger02.mesh' parent[15] R=46.7 exactJoint=0.00u pairs=30  (palette-wide exactWorst=7.26u)
[HANDS_ATTACH] mesh='hands_naked.mesh' owner='hands_naked.mesh' frame=4929 nb=38 wext=71.7 rebound=1
  TIER1 rest-coherence: worst=3.1deg bone[2]='bone_R-pinky03.mesh' count(>5deg)=0 freshRecap=0  xcheck(invOff-vs-restW) worst=3.1deg bone[2]
  TIER2 joint-attach(PRIMARY): worst=60.13u bone[17]='bone_R-ringfinger02.mesh' parent[15] R=46.7 exactJoint=1.65u pairs=30  (palette-wide exactWorst=7.99u)
[HANDS_ATTACH] mesh='hands_naked.mesh' owner='hands_naked.mesh' frame=4937 nb=40 wext=55.9 rebound=1
  TIER1 rest-coherence: worst=3.1deg bone[2]='bone_R-foreTwist2.mesh' count(>5deg)=0 freshRecap=0  xcheck(invOff-vs-restW) worst=3.1deg bone[2]
  TIER2 joint-attach(PRIMARY): worst=36.81u bone[39]='bone_L-ringfinger02.mesh' parent[38] R=41.1 exactJoint=0.02u pairs=36  (palette-wide exactWorst=3.38u)
[HANDS_ATTACH] mesh='hands_naked.mesh' owner='hands_naked.mesh' frame=4941 nb=38 wext=87.6 rebound=1
  TIER1 rest-coherence: worst=3.1deg bone[2]='bone_R-pinky03.mesh' count(>5deg)=0 freshRecap=0  xcheck(invOff-vs-restW) worst=3.1deg bone[2]
  TIER2 joint-attach(PRIMARY): worst=83.22u bone[17]='bone_R-ringfinger02.mesh' parent[15] R=46.7 exactJoint=0.00u pairs=30  (palette-wide exactWorst=8.13u)
[HANDS_ATTACH] mesh='hands_naked.mesh' owner='hands_naked.mesh' frame=4949 nb=38 wext=72.3 rebound=1
  TIER1 rest-coherence: worst=3.1deg bone[2]='bone_R-pinky03.mesh' count(>5deg)=0 freshRecap=0  xcheck(invOff-vs-restW) worst=3.1deg bone[2]
  TIER2 joint-attach(PRIMARY): worst=67.53u bone[17]='bone_R-ringfinger02.mesh' parent[15] R=46.7 exactJoint=0.00u pairs=30  (palette-wide exactWorst=7.99u)
[HANDS_ATTACH] mesh='hands_naked.mesh' owner='hands_naked.mesh' frame=4954 nb=40 wext=52.5 rebound=1
  TIER1 rest-coherence: worst=3.1deg bone[2]='bone_R-foreTwist2.mesh' count(>5deg)=0 freshRecap=0  xcheck(invOff-vs-restW) worst=3.1deg bone[2]
  TIER2 joint-attach(PRIMARY): worst=36.81u bone[39]='bone_L-ringfinger02.mesh' parent[38] R=41.1 exactJoint=0.02u pairs=36  (palette-wide exactWorst=3.38u)
[HANDS_ATTACH] mesh='hands_naked.mesh' owner='hands_naked.mesh' frame=4956 nb=38 wext=75.6 rebound=1
  TIER1 rest-coherence: worst=3.1deg bone[2]='bone_R-pinky03.mesh' count(>5deg)=0 freshRecap=0  xcheck(invOff-vs-restW) worst=3.1deg bone[2]
  TIER2 joint-attach(PRIMARY): worst=66.01u bone[11]='bone_R-middlefinger02.mesh' parent[1] R=46.8 exactJoint=0.01u pairs=30  (palette-wide exactWorst=8.14u)
[HANDS_ATTACH] mesh='hands_naked.mesh' owner='hands_naked.mesh' frame=4960 nb=38 wext=73.8 rebound=1
  TIER1 rest-coherence: worst=3.1deg bone[2]='bone_R-pinky03.mesh' count(>5deg)=0 freshRecap=0  xcheck(invOff-vs-restW) worst=3.1deg bone[2]
  TIER2 joint-attach(PRIMARY): worst=67.53u bone[17]='bone_R-ringfinger02.mesh' parent[15] R=46.7 exactJoint=0.00u pairs=30  (palette-wide exactWorst=7.99u)
[HANDS_ATTACH] mesh='hands_naked.mesh' owner='hands_naked.mesh' frame=4964 nb=40 wext=51.3 rebound=1
  TIER1 rest-coherence: worst=3.1deg bone[2]='bone_R-foreTwist2.mesh' count(>5deg)=0 freshRecap=0  xcheck(invOff-vs-restW) worst=3.1deg bone[2]
  TIER2 joint-attach(PRIMARY): worst=44.46u bone[16]='bone_R-thumb01.mesh' parent[1] R=42.9 exactJoint=0.02u pairs=36  (palette-wide exactWorst=3.38u)
[HANDS_ATTACH] mesh='hands_naked.mesh' owner='hands_naked.mesh' frame=4966 nb=38 wext=73.9 rebound=1
  TIER1 rest-coherence: worst=3.1deg bone[2]='bone_R-pinky03.mesh' count(>5deg)=0 freshRecap=0  xcheck(invOff-vs-restW) worst=3.1deg bone[2]
  TIER2 joint-attach(PRIMARY): worst=64.19u bone[11]='bone_R-middlefinger02.mesh' parent[1] R=46.8 exactJoint=0.01u pairs=30  (palette-wide exactWorst=8.26u)
[HANDS_ATTACH] mesh='hands_naked.mesh' owner='hands_naked.mesh' frame=4970 nb=38 wext=72.8 rebound=1
  TIER1 rest-coherence: worst=3.1deg bone[2]='bone_R-pinky03.mesh' count(>5deg)=0 freshRecap=0  xcheck(invOff-vs-restW) worst=3.1deg bone[2]
  TIER2 joint-attach(PRIMARY): worst=65.28u bone[17]='bone_R-ringfinger02.mesh' parent[15] R=46.7 exactJoint=0.51u pairs=30  (palette-wide exactWorst=7.99u)
[HANDS_ATTACH] mesh='hands_naked.mesh' owner='hands_naked.mesh' frame=4974 nb=40 wext=50.6 rebound=1
  TIER1 rest-coherence: worst=3.1deg bone[2]='bone_R-foreTwist2.mesh' count(>5deg)=0 freshRecap=0  xcheck(invOff-vs-restW) worst=3.1deg bone[2]
  TIER2 joint-attach(PRIMARY): worst=57.95u bone[16]='bone_R-thumb01.mesh' parent[1] R=42.9 exactJoint=0.02u pairs=36  (palette-wide exactWorst=3.38u)
[HANDS_ATTACH] mesh='hands_naked.mesh' owner='hands_naked.mesh' frame=4976 nb=38 wext=78.4 rebound=1
  TIER1 rest-coherence: worst=3.1deg bone[2]='bone_R-pinky03.mesh' count(>5deg)=0 freshRecap=0  xcheck(invOff-vs-restW) worst=3.1deg bone[2]
  TIER2 joint-attach(PRIMARY): worst=81.07u bone[17]='bone_R-ringfinger02.mesh' parent[15] R=46.7 exactJoint=1.59u pairs=30  (palette-wide exactWorst=7.77u)
[HANDS_ATTACH] mesh='hands_naked.mesh' owner='hands_naked.mesh' frame=4980 nb=38 wext=71.5 rebound=1
  TIER1 rest-coherence: worst=3.1deg bone[2]='bone_R-pinky03.mesh' count(>5deg)=0 freshRecap=0  xcheck(invOff-vs-restW) worst=3.1deg bone[2]
  TIER2 joint-attach(PRIMARY): worst=62.08u bone[17]='bone_R-ringfinger02.mesh' parent[15] R=46.7 exactJoint=1.22u pairs=30  (palette-wide exactWorst=7.99u)
[HANDS_ATTACH] mesh='hands_naked.mesh' owner='hands_naked.mesh' frame=4984 nb=40 wext=52.2 rebound=1
  TIER1 rest-coherence: worst=3.1deg bone[2]='bone_R-foreTwist2.mesh' count(>5deg)=0 freshRecap=0  xcheck(invOff-vs-restW) worst=3.1deg bone[2]
  TIER2 joint-attach(PRIMARY): worst=60.85u bone[16]='bone_R-thumb01.mesh' parent[1] R=42.9 exactJoint=0.02u pairs=36  (palette-wide exactWorst=3.38u)
[HANDS_ATTACH] mesh='hands_naked.mesh' owner='hands_naked.mesh' frame=4986 nb=38 wext=84.9 rebound=1
  TIER1 rest-coherence: worst=3.1deg bone[2]='bone_R-pinky03.mesh' count(>5deg)=0 freshRecap=0  xcheck(invOff-vs-restW) worst=3.1deg bone[2]
  TIER2 joint-attach(PRIMARY): worst=88.96u bone[17]='bone_R-ringfinger02.mesh' parent[15] R=46.7 exactJoint=0.00u pairs=30  (palette-wide exactWorst=8.42u)
[HANDS_ATTACH] mesh='hands_naked.mesh' owner='hands_naked.mesh' frame=4990 nb=38 wext=72.8 rebound=1
  TIER1 rest-coherence: worst=3.1deg bone[2]='bone_R-pinky03.mesh' count(>5deg)=0 freshRecap=0  xcheck(invOff-vs-restW) worst=3.1deg bone[2]
  TIER2 joint-attach(PRIMARY): worst=59.29u bone[26]='bone_L-middlefinger02.mesh' parent[23] R=46.8 exactJoint=4.60u pairs=30  (palette-wide exactWorst=7.99u)
[HANDS_ATTACH] mesh='hands_naked.mesh' owner='hands_naked.mesh' frame=4994 nb=40 wext=54.8 rebound=1
  TIER1 rest-coherence: worst=3.1deg bone[2]='bone_R-foreTwist2.mesh' count(>5deg)=0 freshRecap=0  xcheck(invOff-vs-restW) worst=3.1deg bone[2]
  TIER2 joint-attach(PRIMARY): worst=52.91u bone[16]='bone_R-thumb01.mesh' parent[1] R=42.9 exactJoint=0.02u pairs=36  (palette-wide exactWorst=3.38u)
[HANDS_ATTACH] mesh='hands_naked.mesh' owner='hands_naked.mesh' frame=4996 nb=38 wext=86.5 rebound=1
  TIER1 rest-coherence: worst=3.1deg bone[2]='bone_R-pinky03.mesh' count(>5deg)=0 freshRecap=0  xcheck(invOff-vs-restW) worst=3.1deg bone[2]
  TIER2 joint-attach(PRIMARY): worst=88.92u bone[17]='bone_R-ringfinger02.mesh' parent[15] R=46.7 exactJoint=0.00u pairs=30  (palette-wide exactWorst=8.90u)
[HANDS_ATTACH] mesh='hands_naked.mesh' owner='hands_naked.mesh' frame=5000 nb=38 wext=74.0 rebound=1
  TIER1 rest-coherence: worst=3.1deg bone[2]='bone_R-pinky03.mesh' count(>5deg)=0 freshRecap=0  xcheck(invOff-vs-restW) worst=3.1deg bone[2]
  TIER2 joint-attach(PRIMARY): worst=59.29u bone[26]='bone_L-middlefinger02.mesh' parent[23] R=46.8 exactJoint=4.60u pairs=30  (palette-wide exactWorst=7.99u)
[HANDS_ATTACH] mesh='hands_naked.mesh' owner='hands_naked.mesh' frame=5004 nb=40 wext=61.6 rebound=1
  TIER1 rest-coherence: worst=3.1deg bone[2]='bone_R-foreTwist2.mesh' count(>5deg)=0 freshRecap=0  xcheck(invOff-vs-restW) worst=3.1deg bone[2]
  TIER2 joint-attach(PRIMARY): worst=42.34u bone[5]='bone_R-ringfinger02.mesh' parent[24] R=41.1 exactJoint=0.02u pairs=36  (palette-wide exactWorst=3.38u)
[HANDS_ATTACH] mesh='hands_naked.mesh' owner='hands_naked.mesh' frame=5006 nb=38 wext=80.8 rebound=1
  TIER1 rest-coherence: worst=3.1deg bone[2]='bone_R-pinky03.mesh' count(>5deg)=0 freshRecap=0  xcheck(invOff-vs-restW) worst=3.1deg bone[2]
  TIER2 joint-attach(PRIMARY): worst=88.87u bone[17]='bone_R-ringfinger02.mesh' parent[15] R=46.7 exactJoint=0.00u pairs=30  (palette-wide exactWorst=7.34u)
[HANDS_ATTACH] mesh='hands_naked.mesh' owner='hands_naked.mesh' frame=5010 nb=38 wext=73.5 rebound=1
  TIER1 rest-coherence: worst=3.1deg bone[2]='bone_R-pinky03.mesh' count(>5deg)=0 freshRecap=0  xcheck(invOff-vs-restW) worst=3.1deg bone[2]
  TIER2 joint-attach(PRIMARY): worst=58.09u bone[26]='bone_L-middlefinger02.mesh' parent[23] R=46.8 exactJoint=6.58u pairs=30  (palette-wide exactWorst=6.78u)
[HANDS_ATTACH] mesh='hands_naked.mesh' owner='hands_naked.mesh' frame=5014 nb=40 wext=68.9 rebound=1
  TIER1 rest-coherence: worst=3.1deg bone[2]='bone_R-foreTwist2.mesh' count(>5deg)=0 freshRecap=0  xcheck(invOff-vs-restW) worst=3.1deg bone[2]
  TIER2 joint-attach(PRIMARY): worst=37.75u bone[5]='bone_R-ringfinger02.mesh' parent[24] R=41.1 exactJoint=0.02u pairs=36  (palette-wide exactWorst=3.38u)
[HANDS_ATTACH] mesh='hands_naked.mesh' owner='hands_naked.mesh' frame=5016 nb=38 wext=82.8 rebound=1
  TIER1 rest-coherence: worst=3.1deg bone[2]='bone_R-pinky03.mesh' count(>5deg)=0 freshRecap=0  xcheck(invOff-vs-restW) worst=3.1deg bone[2]
  TIER2 joint-attach(PRIMARY): worst=88.87u bone[17]='bone_R-ringfinger02.mesh' parent[15] R=46.7 exactJoint=0.00u pairs=30  (palette-wide exactWorst=7.34u)
[HANDS_ATTACH] mesh='hands_naked.mesh' owner='hands_naked.mesh' frame=5020 nb=38 wext=76.6 rebound=1
  TIER1 rest-coherence: worst=3.1deg bone[2]='bone_R-pinky03.mesh' count(>5deg)=0 freshRecap=0  xcheck(invOff-vs-restW) worst=3.1deg bone[2]
  TIER2 joint-attach(PRIMARY): worst=57.80u bone[32]='bone_L-ringfinger02.mesh' parent[27] R=46.7 exactJoint=6.42u pairs=30  (palette-wide exactWorst=8.20u)
[HANDS_ATTACH] mesh='hands_naked.mesh' owner='hands_naked.mesh' frame=5024 nb=40 wext=72.2 rebound=1
  TIER1 rest-coherence: worst=3.1deg bone[2]='bone_R-foreTwist2.mesh' count(>5deg)=0 freshRecap=0  xcheck(invOff-vs-restW) worst=3.1deg bone[2]
  TIER2 joint-attach(PRIMARY): worst=36.81u bone[39]='bone_L-ringfinger02.mesh' parent[38] R=41.1 exactJoint=0.02u pairs=36  (palette-wide exactWorst=3.38u)
[HANDS_ATTACH] mesh='hands_naked.mesh' owner='hands_naked.mesh' frame=5026 nb=38 wext=91.6 rebound=1
  TIER1 rest-coherence: worst=3.1deg bone[2]='bone_R-pinky03.mesh' count(>5deg)=0 freshRecap=0  xcheck(invOff-vs-restW) worst=3.1deg bone[2]
  TIER2 joint-attach(PRIMARY): worst=88.89u bone[17]='bone_R-ringfinger02.mesh' parent[15] R=46.7 exactJoint=0.00u pairs=30  (palette-wide exactWorst=7.34u)
[HANDS_ATTACH] mesh='hands_naked.mesh' owner='hands_naked.mesh' frame=5030 nb=38 wext=77.2 rebound=1
  TIER1 rest-coherence: worst=3.1deg bone[2]='bone_R-pinky03.mesh' count(>5deg)=0 freshRecap=0  xcheck(invOff-vs-restW) worst=3.1deg bone[2]
  TIER2 joint-attach(PRIMARY): worst=57.80u bone[32]='bone_L-ringfinger02.mesh' parent[27] R=46.7 exactJoint=6.43u pairs=30  (palette-wide exactWorst=9.00u)
[HANDS_ATTACH] mesh='hands_naked.mesh' owner='hands_naked.mesh' frame=5034 nb=40 wext=71.9 rebound=1
  TIER1 rest-coherence: worst=3.1deg bone[2]='bone_R-foreTwist2.mesh' count(>5deg)=0 freshRecap=0  xcheck(invOff-vs-restW) worst=3.1deg bone[2]
  TIER2 joint-attach(PRIMARY): worst=36.81u bone[39]='bone_L-ringfinger02.mesh' parent[38] R=41.1 exactJoint=0.02u pairs=36  (palette-wide exactWorst=3.38u)
[HANDS_ATTACH] mesh='hands_naked.mesh' owner='hands_naked.mesh' frame=5036 nb=38 wext=91.4 rebound=1
  TIER1 rest-coherence: worst=3.1deg bone[2]='bone_R-pinky03.mesh' count(>5deg)=0 freshRecap=0  xcheck(invOff-vs-restW) worst=3.1deg bone[2]
  TIER2 joint-attach(PRIMARY): worst=88.81u bone[17]='bone_R-ringfinger02.mesh' parent[15] R=46.7 exactJoint=0.00u pairs=30  (palette-wide exactWorst=7.34u)
[HANDS_ATTACH] mesh='hands_naked.mesh' owner='hands_naked.mesh' frame=5040 nb=38 wext=74.9 rebound=1
  TIER1 rest-coherence: worst=3.1deg bone[2]='bone_R-pinky03.mesh' count(>5deg)=0 freshRecap=0  xcheck(invOff-vs-restW) worst=3.1deg bone[2]
  TIER2 joint-attach(PRIMARY): worst=55.44u bone[32]='bone_L-ringfinger02.mesh' parent[27] R=46.7 exactJoint=7.02u pairs=30  (palette-wide exactWorst=7.76u)
[HANDS_ATTACH] mesh='hands_naked.mesh' owner='hands_naked.mesh' frame=5044 nb=40 wext=68.5 rebound=1
  TIER1 rest-coherence: worst=3.1deg bone[2]='bone_R-foreTwist2.mesh' count(>5deg)=0 freshRecap=0  xcheck(invOff-vs-restW) worst=3.1deg bone[2]
  TIER2 joint-attach(PRIMARY): worst=36.81u bone[39]='bone_L-ringfinger02.mesh' parent[38] R=41.1 exactJoint=0.02u pairs=36  (palette-wide exactWorst=3.38u)
[HANDS_ATTACH] mesh='hands_naked.mesh' owner='hands_naked.mesh' frame=5046 nb=38 wext=92.1 rebound=1
  TIER1 rest-coherence: worst=3.1deg bone[2]='bone_R-pinky03.mesh' count(>5deg)=0 freshRecap=0  xcheck(invOff-vs-restW) worst=3.1deg bone[2]
  TIER2 joint-attach(PRIMARY): worst=88.90u bone[17]='bone_R-ringfinger02.mesh' parent[15] R=46.7 exactJoint=0.00u pairs=30  (palette-wide exactWorst=7.34u)
[HANDS_ATTACH] mesh='hands_naked.mesh' owner='hands_naked.mesh' frame=5050 nb=38 wext=73.6 rebound=1
  TIER1 rest-coherence: worst=3.1deg bone[2]='bone_R-pinky03.mesh' count(>5deg)=0 freshRecap=0  xcheck(invOff-vs-restW) worst=3.1deg bone[2]
  TIER2 joint-attach(PRIMARY): worst=58.35u bone[13]='bone_R-hand.mesh' parent[5] R=49.3 exactJoint=0.01u pairs=30  (palette-wide exactWorst=8.86u)
[HANDS_ATTACH] mesh='hands_naked.mesh' owner='hands_naked.mesh' frame=5054 nb=40 wext=65.0 rebound=1
  TIER1 rest-coherence: worst=3.1deg bone[2]='bone_R-foreTwist2.mesh' count(>5deg)=0 freshRecap=0  xcheck(invOff-vs-restW) worst=3.1deg bone[2]
  TIER2 joint-attach(PRIMARY): worst=36.81u bone[39]='bone_L-ringfinger02.mesh' parent[38] R=41.1 exactJoint=0.02u pairs=36  (palette-wide exactWorst=3.38u)
[HANDS_ATTACH] mesh='hands_naked.mesh' owner='hands_naked.mesh' frame=5056 nb=38 wext=93.5 rebound=1
  TIER1 rest-coherence: worst=3.1deg bone[2]='bone_R-pinky03.mesh' count(>5deg)=0 freshRecap=0  xcheck(invOff-vs-restW) worst=3.1deg bone[2]
  TIER2 joint-attach(PRIMARY): worst=88.90u bone[17]='bone_R-ringfinger02.mesh' parent[15] R=46.7 exactJoint=0.00u pairs=30  (palette-wide exactWorst=7.34u)
[HANDS_ATTACH] mesh='hands_naked.mesh' owner='hands_naked.mesh' frame=5060 nb=38 wext=68.2 rebound=1
  TIER1 rest-coherence: worst=3.1deg bone[2]='bone_R-pinky03.mesh' count(>5deg)=0 freshRecap=0  xcheck(invOff-vs-restW) worst=3.1deg bone[2]
  TIER2 joint-attach(PRIMARY): worst=69.39u bone[3]='bone_R-index02.mesh' parent[8] R=47.0 exactJoint=1.94u pairs=30  (palette-wide exactWorst=8.78u)
[HANDS_ATTACH] mesh='hands_naked.mesh' owner='hands_naked.mesh' frame=5064 nb=40 wext=61.3 rebound=1
  TIER1 rest-coherence: worst=3.1deg bone[2]='bone_R-foreTwist2.mesh' count(>5deg)=0 freshRecap=0  xcheck(invOff-vs-restW) worst=3.1deg bone[2]
  TIER2 joint-attach(PRIMARY): worst=36.81u bone[39]='bone_L-ringfinger02.mesh' parent[38] R=41.1 exactJoint=0.02u pairs=36  (palette-wide exactWorst=3.38u)
[HANDS_ATTACH] mesh='hands_naked.mesh' owner='hands_naked.mesh' frame=5066 nb=38 wext=90.8 rebound=1
  TIER1 rest-coherence: worst=3.1deg bone[2]='bone_R-pinky03.mesh' count(>5deg)=0 freshRecap=0  xcheck(invOff-vs-restW) worst=3.1deg bone[2]
  TIER2 joint-attach(PRIMARY): worst=88.90u bone[17]='bone_R-ringfinger02.mesh' parent[15] R=46.7 exactJoint=0.00u pairs=30  (palette-wide exactWorst=7.34u)
[HANDS_ATTACH] mesh='hands_naked.mesh' owner='hands_naked.mesh' frame=5070 nb=38 wext=69.0 rebound=1
  TIER1 rest-coherence: worst=3.1deg bone[2]='bone_R-pinky03.mesh' count(>5deg)=0 freshRecap=0  xcheck(invOff-vs-restW) worst=3.1deg bone[2]
  TIER2 joint-attach(PRIMARY): worst=80.75u bone[3]='bone_R-index02.mesh' parent[8] R=47.0 exactJoint=0.01u pairs=30  (palette-wide exactWorst=8.28u)
[HANDS_ATTACH] mesh='hands_naked.mesh' owner='hands_naked.mesh' frame=5074 nb=40 wext=59.8 rebound=1
  TIER1 rest-coherence: worst=3.1deg bone[2]='bone_R-foreTwist2.mesh' count(>5deg)=0 freshRecap=0  xcheck(invOff-vs-restW) worst=3.1deg bone[2]
  TIER2 joint-attach(PRIMARY): worst=36.81u bone[39]='bone_L-ringfinger02.mesh' parent[38] R=41.1 exactJoint=0.02u pairs=36  (palette-wide exactWorst=3.38u)
[HANDS_ATTACH] mesh='hands_naked.mesh' owner='hands_naked.mesh' frame=5076 nb=38 wext=88.7 rebound=1
  TIER1 rest-coherence: worst=3.1deg bone[2]='bone_R-pinky03.mesh' count(>5deg)=0 freshRecap=0  xcheck(invOff-vs-restW) worst=3.1deg bone[2]
  TIER2 joint-attach(PRIMARY): worst=88.90u bone[17]='bone_R-ringfinger02.mesh' parent[15] R=46.7 exactJoint=0.00u pairs=30  (palette-wide exactWorst=7.34u)
[HANDS_ATTACH] mesh='hands_naked.mesh' owner='hands_naked.mesh' frame=5080 nb=38 wext=76.7 rebound=1
  TIER1 rest-coherence: worst=3.1deg bone[2]='bone_R-pinky03.mesh' count(>5deg)=0 freshRecap=0  xcheck(invOff-vs-restW) worst=3.1deg bone[2]
  TIER2 joint-attach(PRIMARY): worst=92.73u bone[11]='bone_R-middlefinger02.mesh' parent[1] R=46.8 exactJoint=4.10u pairs=30  (palette-wide exactWorst=7.52u)
[HANDS_ATTACH] mesh='hands_naked.mesh' owner='hands_naked.mesh' frame=5084 nb=40 wext=59.5 rebound=1
  TIER1 rest-coherence: worst=3.1deg bone[2]='bone_R-foreTwist2.mesh' count(>5deg)=0 freshRecap=0  xcheck(invOff-vs-restW) worst=3.1deg bone[2]
  TIER2 joint-attach(PRIMARY): worst=36.81u bone[39]='bone_L-ringfinger02.mesh' parent[38] R=41.1 exactJoint=0.02u pairs=36  (palette-wide exactWorst=3.38u)
[HANDS_ATTACH] mesh='hands_naked.mesh' owner='hands_naked.mesh' frame=5086 nb=38 wext=90.6 rebound=1
  TIER1 rest-coherence: worst=3.1deg bone[2]='bone_R-pinky03.mesh' count(>5deg)=0 freshRecap=0  xcheck(invOff-vs-restW) worst=3.1deg bone[2]
  TIER2 joint-attach(PRIMARY): worst=88.90u bone[17]='bone_R-ringfinger02.mesh' parent[15] R=46.7 exactJoint=0.00u pairs=30  (palette-wide exactWorst=7.34u)
[HANDS_ATTACH] mesh='hands_naked.mesh' owner='hands_naked.mesh' frame=5090 nb=38 wext=72.6 rebound=1
  TIER1 rest-coherence: worst=3.1deg bone[2]='bone_R-pinky03.mesh' count(>5deg)=0 freshRecap=0  xcheck(invOff-vs-restW) worst=3.1deg bone[2]
  TIER2 joint-attach(PRIMARY): worst=85.57u bone[11]='bone_R-middlefinger02.mesh' parent[1] R=46.8 exactJoint=5.70u pairs=30  (palette-wide exactWorst=8.43u)
[HANDS_ATTACH] mesh='hands_naked.mesh' owner='hands_naked.mesh' frame=5094 nb=40 wext=60.2 rebound=1
  TIER1 rest-coherence: worst=3.1deg bone[2]='bone_R-foreTwist2.mesh' count(>5deg)=0 freshRecap=0  xcheck(invOff-vs-restW) worst=3.1deg bone[2]
  TIER2 joint-attach(PRIMARY): worst=36.81u bone[39]='bone_L-ringfinger02.mesh' parent[38] R=41.1 exactJoint=0.02u pairs=36  (palette-wide exactWorst=3.38u)
[HANDS_ATTACH] mesh='hands_naked.mesh' owner='hands_naked.mesh' frame=5096 nb=38 wext=93.3 rebound=1
  TIER1 rest-coherence: worst=3.1deg bone[2]='bone_R-pinky03.mesh' count(>5deg)=0 freshRecap=0  xcheck(invOff-vs-restW) worst=3.1deg bone[2]
  TIER2 joint-attach(PRIMARY): worst=88.90u bone[17]='bone_R-ringfinger02.mesh' parent[15] R=46.7 exactJoint=0.00u pairs=30  (palette-wide exactWorst=7.34u)
[HANDS_ATTACH] mesh='hands_naked.mesh' owner='hands_naked.mesh' frame=5100 nb=38 wext=71.4 rebound=1
  TIER1 rest-coherence: worst=3.1deg bone[2]='bone_R-pinky03.mesh' count(>5deg)=0 freshRecap=0  xcheck(invOff-vs-restW) worst=3.1deg bone[2]
  TIER2 joint-attach(PRIMARY): worst=79.01u bone[3]='bone_R-index02.mesh' parent[8] R=47.0 exactJoint=1.06u pairs=30  (palette-wide exactWorst=8.34u)
[HANDS_ATTACH] mesh='hands_naked.mesh' owner='hands_naked.mesh' frame=5104 nb=40 wext=61.3 rebound=1
  TIER1 rest-coherence: worst=3.1deg bone[2]='bone_R-foreTwist2.mesh' count(>5deg)=0 freshRecap=0  xcheck(invOff-vs-restW) worst=3.1deg bone[2]
  TIER2 joint-attach(PRIMARY): worst=36.81u bone[39]='bone_L-ringfinger02.mesh' parent[38] R=41.1 exactJoint=0.02u pairs=36  (palette-wide exactWorst=3.38u)
[HANDS_ATTACH] mesh='hands_naked.mesh' owner='hands_naked.mesh' frame=5106 nb=38 wext=93.1 rebound=1
  TIER1 rest-coherence: worst=3.1deg bone[2]='bone_R-pinky03.mesh' count(>5deg)=0 freshRecap=0  xcheck(invOff-vs-restW) worst=3.1deg bone[2]
  TIER2 joint-attach(PRIMARY): worst=88.90u bone[17]='bone_R-ringfinger02.mesh' parent[15] R=46.7 exactJoint=0.00u pairs=30  (palette-wide exactWorst=7.34u)
[HANDS_ATTACH] mesh='hands_naked.mesh' owner='hands_naked.mesh' frame=5110 nb=38 wext=73.8 rebound=1
  TIER1 rest-coherence: worst=3.1deg bone[2]='bone_R-pinky03.mesh' count(>5deg)=0 freshRecap=0  xcheck(invOff-vs-restW) worst=3.1deg bone[2]
  TIER2 joint-attach(PRIMARY): worst=67.60u bone[3]='bone_R-index02.mesh' parent[8] R=47.0 exactJoint=4.09u pairs=30  (palette-wide exactWorst=8.59u)
[HANDS_ATTACH] mesh='hands_naked.mesh' owner='hands_naked.mesh' frame=5114 nb=40 wext=62.4 rebound=1
  TIER1 rest-coherence: worst=3.1deg bone[2]='bone_R-foreTwist2.mesh' count(>5deg)=0 freshRecap=0  xcheck(invOff-vs-restW) worst=3.1deg bone[2]
  TIER2 joint-attach(PRIMARY): worst=36.81u bone[39]='bone_L-ringfinger02.mesh' parent[38] R=41.1 exactJoint=0.02u pairs=36  (palette-wide exactWorst=3.38u)
[HANDS_ATTACH] mesh='hands_naked.mesh' owner='hands_naked.mesh' frame=5116 nb=38 wext=92.3 rebound=1
  TIER1 rest-coherence: worst=3.1deg bone[2]='bone_R-pinky03.mesh' count(>5deg)=0 freshRecap=0  xcheck(invOff-vs-restW) worst=3.1deg bone[2]
  TIER2 joint-attach(PRIMARY): worst=88.90u bone[17]='bone_R-ringfinger02.mesh' parent[15] R=46.7 exactJoint=0.00u pairs=30  (palette-wide exactWorst=7.34u)
[HANDS_ATTACH] mesh='hands_naked.mesh' owner='hands_naked.mesh' frame=5120 nb=38 wext=67.3 rebound=1
  TIER1 rest-coherence: worst=3.1deg bone[2]='bone_R-pinky03.mesh' count(>5deg)=0 freshRecap=0  xcheck(invOff-vs-restW) worst=3.1deg bone[2]
  TIER2 joint-attach(PRIMARY): worst=64.18u bone[3]='bone_R-index02.mesh' parent[8] R=47.0 exactJoint=4.99u pairs=30  (palette-wide exactWorst=8.31u)
[HANDS_ATTACH] mesh='hands_naked.mesh' owner='hands_naked.mesh' frame=5124 nb=40 wext=64.8 rebound=1
  TIER1 rest-coherence: worst=3.1deg bone[2]='bone_R-foreTwist2.mesh' count(>5deg)=0 freshRecap=0  xcheck(invOff-vs-restW) worst=3.1deg bone[2]
  TIER2 joint-attach(PRIMARY): worst=36.81u bone[39]='bone_L-ringfinger02.mesh' parent[38] R=41.1 exactJoint=0.02u pairs=36  (palette-wide exactWorst=3.38u)
[HANDS_ATTACH] mesh='hands_naked.mesh' owner='hands_naked.mesh' frame=5126 nb=38 wext=93.9 rebound=1
  TIER1 rest-coherence: worst=3.1deg bone[2]='bone_R-pinky03.mesh' count(>5deg)=0 freshRecap=0  xcheck(invOff-vs-restW) worst=3.1deg bone[2]
  TIER2 joint-attach(PRIMARY): worst=88.90u bone[17]='bone_R-ringfinger02.mesh' parent[15] R=46.7 exactJoint=0.00u pairs=30  (palette-wide exactWorst=7.34u)
[HANDS_ATTACH] mesh='hands_naked.mesh' owner='hands_naked.mesh' frame=5130 nb=38 wext=72.0 rebound=1
  TIER1 rest-coherence: worst=3.1deg bone[2]='bone_R-pinky03.mesh' count(>5deg)=0 freshRecap=0  xcheck(invOff-vs-restW) worst=3.1deg bone[2]
  TIER2 joint-attach(PRIMARY): worst=64.07u bone[18]='bone_R-pinky02.mesh' parent[14] R=46.7 exactJoint=0.01u pairs=30  (palette-wide exactWorst=8.66u)
[HANDS_ATTACH] mesh='hands_naked.mesh' owner='hands_naked.mesh' frame=5134 nb=40 wext=65.1 rebound=1
  TIER1 rest-coherence: worst=3.1deg bone[2]='bone_R-foreTwist2.mesh' count(>5deg)=0 freshRecap=0  xcheck(invOff-vs-restW) worst=3.1deg bone[2]
  TIER2 joint-attach(PRIMARY): worst=36.81u bone[39]='bone_L-ringfinger02.mesh' parent[38] R=41.1 exactJoint=0.02u pairs=36  (palette-wide exactWorst=3.38u)
[HANDS_ATTACH] mesh='hands_naked.mesh' owner='hands_naked.mesh' frame=5136 nb=38 wext=97.6 rebound=1
  TIER1 rest-coherence: worst=3.1deg bone[2]='bone_R-pinky03.mesh' count(>5deg)=0 freshRecap=0  xcheck(invOff-vs-restW) worst=3.1deg bone[2]
  TIER2 joint-attach(PRIMARY): worst=88.90u bone[17]='bone_R-ringfinger02.mesh' parent[15] R=46.7 exactJoint=0.00u pairs=30  (palette-wide exactWorst=7.34u)
[HANDS_ATTACH] mesh='hands_naked.mesh' owner='hands_naked.mesh' frame=5140 nb=38 wext=69.2 rebound=1
  TIER1 rest-coherence: worst=3.1deg bone[2]='bone_R-pinky03.mesh' count(>5deg)=0 freshRecap=0  xcheck(invOff-vs-restW) worst=3.1deg bone[2]
  TIER2 joint-attach(PRIMARY): worst=62.66u bone[3]='bone_R-index02.mesh' parent[8] R=47.0 exactJoint=5.60u pairs=30  (palette-wide exactWorst=8.69u)
[HANDS_ATTACH] mesh='hands_naked.mesh' owner='hands_naked.mesh' frame=5144 nb=40 wext=63.6 rebound=1
  TIER1 rest-coherence: worst=3.1deg bone[2]='bone_R-foreTwist2.mesh' count(>5deg)=0 freshRecap=0  xcheck(invOff-vs-restW) worst=3.1deg bone[2]
  TIER2 joint-attach(PRIMARY): worst=36.81u bone[39]='bone_L-ringfinger02.mesh' parent[38] R=41.1 exactJoint=0.02u pairs=36  (palette-wide exactWorst=3.38u)
[HANDS_ATTACH] mesh='hands_naked.mesh' owner='hands_naked.mesh' frame=5146 nb=38 wext=98.5 rebound=1
  TIER1 rest-coherence: worst=3.1deg bone[2]='bone_R-pinky03.mesh' count(>5deg)=0 freshRecap=0  xcheck(invOff-vs-restW) worst=3.1deg bone[2]
  TIER2 joint-attach(PRIMARY): worst=88.90u bone[17]='bone_R-ringfinger02.mesh' parent[15] R=46.7 exactJoint=0.00u pairs=30  (palette-wide exactWorst=7.34u)
[HANDS_ATTACH] mesh='hands_naked.mesh' owner='hands_naked.mesh' frame=5150 nb=38 wext=68.3 rebound=1
  TIER1 rest-coherence: worst=3.1deg bone[2]='bone_R-pinky03.mesh' count(>5deg)=0 freshRecap=0  xcheck(invOff-vs-restW) worst=3.1deg bone[2]
  TIER2 joint-attach(PRIMARY): worst=61.85u bone[3]='bone_R-index02.mesh' parent[8] R=47.0 exactJoint=5.91u pairs=30  (palette-wide exactWorst=8.72u)
[HANDS_ATTACH] mesh='hands_naked.mesh' owner='hands_naked.mesh' frame=5154 nb=40 wext=61.5 rebound=1
  TIER1 rest-coherence: worst=3.1deg bone[2]='bone_R-foreTwist2.mesh' count(>5deg)=0 freshRecap=0  xcheck(invOff-vs-restW) worst=3.1deg bone[2]
  TIER2 joint-attach(PRIMARY): worst=36.81u bone[39]='bone_L-ringfinger02.mesh' parent[38] R=41.1 exactJoint=0.02u pairs=36  (palette-wide exactWorst=3.38u)
[HANDS_ATTACH] mesh='hands_naked.mesh' owner='hands_naked.mesh' frame=5156 nb=38 wext=99.4 rebound=1
  TIER1 rest-coherence: worst=3.1deg bone[2]='bone_R-pinky03.mesh' count(>5deg)=0 freshRecap=0  xcheck(invOff-vs-restW) worst=3.1deg bone[2]
  TIER2 joint-attach(PRIMARY): worst=88.90u bone[17]='bone_R-ringfinger02.mesh' parent[15] R=46.7 exactJoint=0.00u pairs=30  (palette-wide exactWorst=7.34u)
[HANDS_ATTACH] mesh='hands_naked.mesh' owner='hands_naked.mesh' frame=5160 nb=38 wext=61.2 rebound=1
  TIER1 rest-coherence: worst=3.1deg bone[2]='bone_R-pinky03.mesh' count(>5deg)=0 freshRecap=0  xcheck(invOff-vs-restW) worst=3.1deg bone[2]
  TIER2 joint-attach(PRIMARY): worst=61.02u bone[3]='bone_R-index02.mesh' parent[8] R=47.0 exactJoint=6.20u pairs=30  (palette-wide exactWorst=8.63u)
[HANDS_ATTACH] mesh='hands_naked.mesh' owner='hands_naked.mesh' frame=5164 nb=40 wext=56.6 rebound=1
  TIER1 rest-coherence: worst=3.1deg bone[2]='bone_R-foreTwist2.mesh' count(>5deg)=0 freshRecap=0  xcheck(invOff-vs-restW) worst=3.1deg bone[2]
  TIER2 joint-attach(PRIMARY): worst=32.64u bone[5]='bone_R-ringfinger02.mesh' parent[24] R=41.1 exactJoint=0.02u pairs=36  (palette-wide exactWorst=0.03u)
[HANDS_ATTACH] mesh='hands_naked.mesh' owner='hands_naked.mesh' frame=5166 nb=38 wext=102.5 rebound=1
  TIER1 rest-coherence: worst=3.1deg bone[2]='bone_R-pinky03.mesh' count(>5deg)=0 freshRecap=0  xcheck(invOff-vs-restW) worst=3.1deg bone[2]
  TIER2 joint-attach(PRIMARY): worst=88.90u bone[17]='bone_R-ringfinger02.mesh' parent[15] R=46.7 exactJoint=0.00u pairs=30  (palette-wide exactWorst=7.34u)
[HANDS_ATTACH] mesh='hands_naked.mesh' owner='hands_naked.mesh' frame=5170 nb=38 wext=60.6 rebound=1
  TIER1 rest-coherence: worst=3.1deg bone[2]='bone_R-pinky03.mesh' count(>5deg)=0 freshRecap=0  xcheck(invOff-vs-restW) worst=3.1deg bone[2]
  TIER2 joint-attach(PRIMARY): worst=68.56u bone[3]='bone_R-index02.mesh' parent[8] R=47.0 exactJoint=4.89u pairs=30  (palette-wide exactWorst=8.39u)
[HANDS_ATTACH] mesh='hands_naked.mesh' owner='hands_naked.mesh' frame=5174 nb=40 wext=65.0 rebound=1
  TIER1 rest-coherence: worst=3.1deg bone[2]='bone_R-foreTwist2.mesh' count(>5deg)=0 freshRecap=0  xcheck(invOff-vs-restW) worst=3.1deg bone[2]
  TIER2 joint-attach(PRIMARY): worst=29.36u bone[5]='bone_R-ringfinger02.mesh' parent[24] R=41.1 exactJoint=0.02u pairs=36  (palette-wide exactWorst=0.03u)
[HANDS_ATTACH] mesh='hands_naked.mesh' owner='hands_naked.mesh' frame=5176 nb=38 wext=104.1 rebound=1
  TIER1 rest-coherence: worst=3.1deg bone[2]='bone_R-pinky03.mesh' count(>5deg)=0 freshRecap=0  xcheck(invOff-vs-restW) worst=3.1deg bone[2]
  TIER2 joint-attach(PRIMARY): worst=88.90u bone[17]='bone_R-ringfinger02.mesh' parent[15] R=46.7 exactJoint=0.00u pairs=30  (palette-wide exactWorst=7.34u)
[HANDS_ATTACH] mesh='hands_naked.mesh' owner='hands_naked.mesh' frame=5180 nb=38 wext=57.9 rebound=1
  TIER1 rest-coherence: worst=3.1deg bone[2]='bone_R-pinky03.mesh' count(>5deg)=0 freshRecap=0  xcheck(invOff-vs-restW) worst=3.1deg bone[2]
  TIER2 joint-attach(PRIMARY): worst=78.49u bone[3]='bone_R-index02.mesh' parent[8] R=47.0 exactJoint=2.75u pairs=30  (palette-wide exactWorst=8.02u)
[HANDS_ATTACH] mesh='hands_naked.mesh' owner='hands_naked.mesh' frame=5184 nb=40 wext=64.1 rebound=1
  TIER1 rest-coherence: worst=3.1deg bone[2]='bone_R-foreTwist2.mesh' count(>5deg)=0 freshRecap=0  xcheck(invOff-vs-restW) worst=3.1deg bone[2]
  TIER2 joint-attach(PRIMARY): worst=27.94u bone[5]='bone_R-ringfinger02.mesh' parent[24] R=41.1 exactJoint=0.02u pairs=36  (palette-wide exactWorst=0.03u)
[HANDS_ATTACH] mesh='hands_naked.mesh' owner='hands_naked.mesh' frame=5186 nb=38 wext=104.6 rebound=1
  TIER1 rest-coherence: worst=3.1deg bone[2]='bone_R-pinky03.mesh' count(>5deg)=0 freshRecap=0  xcheck(invOff-vs-restW) worst=3.1deg bone[2]
  TIER2 joint-attach(PRIMARY): worst=88.90u bone[17]='bone_R-ringfinger02.mesh' parent[15] R=46.7 exactJoint=0.00u pairs=30  (palette-wide exactWorst=7.34u)
[HANDS_ATTACH] mesh='hands_naked.mesh' owner='hands_naked.mesh' frame=5190 nb=38 wext=54.7 rebound=1
  TIER1 rest-coherence: worst=3.1deg bone[2]='bone_R-pinky03.mesh' count(>5deg)=0 freshRecap=0  xcheck(invOff-vs-restW) worst=3.1deg bone[2]
  TIER2 joint-attach(PRIMARY): worst=65.22u bone[13]='bone_R-hand.mesh' parent[5] R=49.3 exactJoint=0.01u pairs=30  (palette-wide exactWorst=7.99u)
[HANDS_ATTACH] mesh='hands_naked.mesh' owner='hands_naked.mesh' frame=5194 nb=40 wext=53.2 rebound=1
  TIER1 rest-coherence: worst=3.1deg bone[2]='bone_R-foreTwist2.mesh' count(>5deg)=0 freshRecap=0  xcheck(invOff-vs-restW) worst=3.1deg bone[2]
  TIER2 joint-attach(PRIMARY): worst=61.80u bone[16]='bone_R-thumb01.mesh' parent[1] R=42.9 exactJoint=1.89u pairs=36  (palette-wide exactWorst=7.58u)
[HANDS_ATTACH] mesh='hands_naked.mesh' owner='hands_naked.mesh' frame=5196 nb=38 wext=66.3 rebound=1
  TIER1 rest-coherence: worst=3.1deg bone[2]='bone_R-pinky03.mesh' count(>5deg)=0 freshRecap=0  xcheck(invOff-vs-restW) worst=3.1deg bone[2]
  TIER2 joint-attach(PRIMARY): worst=83.03u bone[11]='bone_R-middlefinger02.mesh' parent[1] R=46.8 exactJoint=1.09u pairs=30  (palette-wide exactWorst=7.74u)
[HANDS_ATTACH] mesh='hands_naked.mesh' owner='hands_naked.mesh' frame=5200 nb=38 wext=63.3 rebound=1
  TIER1 rest-coherence: worst=3.1deg bone[2]='bone_R-pinky03.mesh' count(>5deg)=0 freshRecap=0  xcheck(invOff-vs-restW) worst=3.1deg bone[2]
  TIER2 joint-attach(PRIMARY): worst=86.85u bone[13]='bone_R-hand.mesh' parent[5] R=49.3 exactJoint=0.01u pairs=30  (palette-wide exactWorst=8.86u)
[HANDS_ATTACH] mesh='hands_naked.mesh' owner='hands_naked.mesh' frame=5204 nb=40 wext=54.4 rebound=1
  TIER1 rest-coherence: worst=3.1deg bone[2]='bone_R-foreTwist2.mesh' count(>5deg)=0 freshRecap=0  xcheck(invOff-vs-restW) worst=3.1deg bone[2]
  TIER2 joint-attach(PRIMARY): worst=61.80u bone[16]='bone_R-thumb01.mesh' parent[1] R=42.9 exactJoint=1.89u pairs=36  (palette-wide exactWorst=7.58u)
[HANDS_ATTACH] mesh='hands_naked.mesh' owner='hands_naked.mesh' frame=5206 nb=38 wext=71.9 rebound=1
  TIER1 rest-coherence: worst=3.1deg bone[2]='bone_R-pinky03.mesh' count(>5deg)=0 freshRecap=0  xcheck(invOff-vs-restW) worst=3.1deg bone[2]
  TIER2 joint-attach(PRIMARY): worst=83.34u bone[11]='bone_R-middlefinger02.mesh' parent[1] R=46.8 exactJoint=1.05u pairs=30  (palette-wide exactWorst=7.74u)
[HANDS_ATTACH] mesh='hands_naked.mesh' owner='hands_naked.mesh' frame=5210 nb=38 wext=54.0 rebound=1
  TIER1 rest-coherence: worst=3.1deg bone[2]='bone_R-pinky03.mesh' count(>5deg)=0 freshRecap=0  xcheck(invOff-vs-restW) worst=3.1deg bone[2]
  TIER2 joint-attach(PRIMARY): worst=65.27u bone[13]='bone_R-hand.mesh' parent[5] R=49.3 exactJoint=0.01u pairs=30  (palette-wide exactWorst=8.52u)
[HANDS_ATTACH] mesh='hands_naked.mesh' owner='hands_naked.mesh' frame=5214 nb=40 wext=53.1 rebound=1
  TIER1 rest-coherence: worst=3.1deg bone[2]='bone_R-foreTwist2.mesh' count(>5deg)=0 freshRecap=0  xcheck(invOff-vs-restW) worst=3.1deg bone[2]
  TIER2 joint-attach(PRIMARY): worst=61.80u bone[16]='bone_R-thumb01.mesh' parent[1] R=42.9 exactJoint=1.89u pairs=36  (palette-wide exactWorst=7.58u)
[HANDS_ATTACH] mesh='hands_naked.mesh' owner='hands_naked.mesh' frame=5216 nb=38 wext=81.9 rebound=1
  TIER1 rest-coherence: worst=3.1deg bone[2]='bone_R-pinky03.mesh' count(>5deg)=0 freshRecap=0  xcheck(invOff-vs-restW) worst=3.1deg bone[2]
  TIER2 joint-attach(PRIMARY): worst=83.48u bone[11]='bone_R-middlefinger02.mesh' parent[1] R=46.8 exactJoint=1.03u pairs=30  (palette-wide exactWorst=7.74u)
[HANDS_ATTACH] mesh='hands_naked.mesh' owner='hands_naked.mesh' frame=5220 nb=38 wext=49.0 rebound=1
  TIER1 rest-coherence: worst=3.1deg bone[2]='bone_R-pinky03.mesh' count(>5deg)=0 freshRecap=0  xcheck(invOff-vs-restW) worst=3.1deg bone[2]
  TIER2 joint-attach(PRIMARY): worst=66.25u bone[13]='bone_R-hand.mesh' parent[5] R=49.3 exactJoint=0.01u pairs=30  (palette-wide exactWorst=8.50u)
[HANDS_ATTACH] mesh='hands_naked.mesh' owner='hands_naked.mesh' frame=5224 nb=40 wext=52.7 rebound=1
  TIER1 rest-coherence: worst=3.1deg bone[2]='bone_R-foreTwist2.mesh' count(>5deg)=0 freshRecap=0  xcheck(invOff-vs-restW) worst=3.1deg bone[2]
  TIER2 joint-attach(PRIMARY): worst=61.80u bone[16]='bone_R-thumb01.mesh' parent[1] R=42.9 exactJoint=1.89u pairs=36  (palette-wide exactWorst=7.58u)
[HANDS_ATTACH] mesh='hands_naked.mesh' owner='hands_naked.mesh' frame=5226 nb=38 wext=87.5 rebound=1
  TIER1 rest-coherence: worst=3.1deg bone[2]='bone_R-pinky03.mesh' count(>5deg)=0 freshRecap=0  xcheck(invOff-vs-restW) worst=3.1deg bone[2]
  TIER2 joint-attach(PRIMARY): worst=83.18u bone[11]='bone_R-middlefinger02.mesh' parent[1] R=46.8 exactJoint=1.08u pairs=30  (palette-wide exactWorst=7.74u)
[HANDS_ATTACH] mesh='hands_naked.mesh' owner='hands_naked.mesh' frame=5230 nb=38 wext=59.3 rebound=1
  TIER1 rest-coherence: worst=3.1deg bone[2]='bone_R-pinky03.mesh' count(>5deg)=0 freshRecap=0  xcheck(invOff-vs-restW) worst=3.1deg bone[2]
  TIER2 joint-attach(PRIMARY): worst=71.07u bone[13]='bone_R-hand.mesh' parent[5] R=49.3 exactJoint=0.01u pairs=30  (palette-wide exactWorst=8.42u)
[HANDS_ATTACH] mesh='hands_naked.mesh' owner='hands_naked.mesh' frame=5234 nb=40 wext=52.2 rebound=1
  TIER1 rest-coherence: worst=3.1deg bone[2]='bone_R-foreTwist2.mesh' count(>5deg)=0 freshRecap=0  xcheck(invOff-vs-restW) worst=3.1deg bone[2]
  TIER2 joint-attach(PRIMARY): worst=61.80u bone[16]='bone_R-thumb01.mesh' parent[1] R=42.9 exactJoint=1.89u pairs=36  (palette-wide exactWorst=7.58u)
[HANDS_ATTACH] mesh='hands_naked.mesh' owner='hands_naked.mesh' frame=5236 nb=38 wext=87.2 rebound=1
  TIER1 rest-coherence: worst=3.1deg bone[2]='bone_R-pinky03.mesh' count(>5deg)=0 freshRecap=0  xcheck(invOff-vs-restW) worst=3.1deg bone[2]
  TIER2 joint-attach(PRIMARY): worst=83.13u bone[11]='bone_R-middlefinger02.mesh' parent[1] R=46.8 exactJoint=1.08u pairs=30  (palette-wide exactWorst=7.74u)
[HANDS_ATTACH] mesh='hands_naked.mesh' owner='hands_naked.mesh' frame=5240 nb=38 wext=51.4 rebound=1
  TIER1 rest-coherence: worst=3.1deg bone[2]='bone_R-pinky03.mesh' count(>5deg)=0 freshRecap=0  xcheck(invOff-vs-restW) worst=3.1deg bone[2]
  TIER2 joint-attach(PRIMARY): worst=60.12u bone[13]='bone_R-hand.mesh' parent[5] R=49.3 exactJoint=0.01u pairs=30  (palette-wide exactWorst=8.86u)
[HANDS_ATTACH] mesh='hands_naked.mesh' owner='hands_naked.mesh' frame=5244 nb=40 wext=50.4 rebound=1
  TIER1 rest-coherence: worst=3.1deg bone[2]='bone_R-foreTwist2.mesh' count(>5deg)=0 freshRecap=0  xcheck(invOff-vs-restW) worst=3.1deg bone[2]
  TIER2 joint-attach(PRIMARY): worst=61.80u bone[16]='bone_R-thumb01.mesh' parent[1] R=42.9 exactJoint=1.89u pairs=36  (palette-wide exactWorst=7.58u)
[HANDS_ATTACH] mesh='hands_naked.mesh' owner='hands_naked.mesh' frame=5246 nb=38 wext=82.0 rebound=1
  TIER1 rest-coherence: worst=3.1deg bone[2]='bone_R-pinky03.mesh' count(>5deg)=0 freshRecap=0  xcheck(invOff-vs-restW) worst=3.1deg bone[2]
  TIER2 joint-attach(PRIMARY): worst=83.27u bone[11]='bone_R-middlefinger02.mesh' parent[1] R=46.8 exactJoint=1.06u pairs=30  (palette-wide exactWorst=7.74u)
[HANDS_ATTACH] mesh='hands_naked.mesh' owner='hands_naked.mesh' frame=5250 nb=38 wext=49.5 rebound=1
  TIER1 rest-coherence: worst=3.1deg bone[2]='bone_R-pinky03.mesh' count(>5deg)=0 freshRecap=0  xcheck(invOff-vs-restW) worst=3.1deg bone[2]
  TIER2 joint-attach(PRIMARY): worst=67.61u bone[13]='bone_R-hand.mesh' parent[5] R=49.3 exactJoint=0.01u pairs=30  (palette-wide exactWorst=8.68u)
[HANDS_ATTACH] mesh='hands_naked.mesh' owner='hands_naked.mesh' frame=5254 nb=40 wext=53.3 rebound=1
  TIER1 rest-coherence: worst=3.1deg bone[2]='bone_R-foreTwist2.mesh' count(>5deg)=0 freshRecap=0  xcheck(invOff-vs-restW) worst=3.1deg bone[2]
  TIER2 joint-attach(PRIMARY): worst=61.80u bone[16]='bone_R-thumb01.mesh' parent[1] R=42.9 exactJoint=1.89u pairs=36  (palette-wide exactWorst=7.58u)
[HANDS_ATTACH] mesh='hands_naked.mesh' owner='hands_naked.mesh' frame=5256 nb=38 wext=82.8 rebound=1
  TIER1 rest-coherence: worst=3.1deg bone[2]='bone_R-pinky03.mesh' count(>5deg)=0 freshRecap=0  xcheck(invOff-vs-restW) worst=3.1deg bone[2]
  TIER2 joint-attach(PRIMARY): worst=83.21u bone[11]='bone_R-middlefinger02.mesh' parent[1] R=46.8 exactJoint=1.07u pairs=30  (palette-wide exactWorst=7.74u)
[HANDS_ATTACH] mesh='hands_naked.mesh' owner='hands_naked.mesh' frame=5260 nb=38 wext=59.9 rebound=1
  TIER1 rest-coherence: worst=3.1deg bone[2]='bone_R-pinky03.mesh' count(>5deg)=0 freshRecap=0  xcheck(invOff-vs-restW) worst=3.1deg bone[2]
  TIER2 joint-attach(PRIMARY): worst=73.50u bone[13]='bone_R-hand.mesh' parent[5] R=49.3 exactJoint=0.01u pairs=30  (palette-wide exactWorst=8.00u)
[HANDS_ATTACH] mesh='hands_naked.mesh' owner='hands_naked.mesh' frame=5264 nb=40 wext=53.3 rebound=1
  TIER1 rest-coherence: worst=3.1deg bone[2]='bone_R-foreTwist2.mesh' count(>5deg)=0 freshRecap=0  xcheck(invOff-vs-restW) worst=3.1deg bone[2]
  TIER2 joint-attach(PRIMARY): worst=61.80u bone[16]='bone_R-thumb01.mesh' parent[1] R=42.9 exactJoint=1.89u pairs=36  (palette-wide exactWorst=7.58u)
[HANDS_ATTACH] mesh='hands_naked.mesh' owner='hands_naked.mesh' frame=5266 nb=38 wext=83.3 rebound=1
  TIER1 rest-coherence: worst=3.1deg bone[2]='bone_R-pinky03.mesh' count(>5deg)=0 freshRecap=0  xcheck(invOff-vs-restW) worst=3.1deg bone[2]
  TIER2 joint-attach(PRIMARY): worst=83.26u bone[11]='bone_R-middlefinger02.mesh' parent[1] R=46.8 exactJoint=1.07u pairs=30  (palette-wide exactWorst=7.74u)
[HANDS_ATTACH] mesh='hands_naked.mesh' owner='hands_naked.mesh' frame=5270 nb=38 wext=54.9 rebound=1
  TIER1 rest-coherence: worst=3.1deg bone[2]='bone_R-pinky03.mesh' count(>5deg)=0 freshRecap=0  xcheck(invOff-vs-restW) worst=3.1deg bone[2]
  TIER2 joint-attach(PRIMARY): worst=65.52u bone[13]='bone_R-hand.mesh' parent[5] R=49.3 exactJoint=0.01u pairs=30  (palette-wide exactWorst=7.99u)
[HANDS_ATTACH] mesh='hands_naked.mesh' owner='hands_naked.mesh' frame=5274 nb=40 wext=54.2 rebound=1
  TIER1 rest-coherence: worst=3.1deg bone[2]='bone_R-foreTwist2.mesh' count(>5deg)=0 freshRecap=0  xcheck(invOff-vs-restW) worst=3.1deg bone[2]
  TIER2 joint-attach(PRIMARY): worst=61.80u bone[16]='bone_R-thumb01.mesh' parent[1] R=42.9 exactJoint=1.89u pairs=36  (palette-wide exactWorst=7.58u)
[HANDS_ATTACH] mesh='hands_naked.mesh' owner='hands_naked.mesh' frame=5276 nb=38 wext=78.7 rebound=1
  TIER1 rest-coherence: worst=3.1deg bone[2]='bone_R-pinky03.mesh' count(>5deg)=0 freshRecap=0  xcheck(invOff-vs-restW) worst=3.1deg bone[2]
  TIER2 joint-attach(PRIMARY): worst=83.44u bone[11]='bone_R-middlefinger02.mesh' parent[1] R=46.8 exactJoint=1.04u pairs=30  (palette-wide exactWorst=7.74u)
[HANDS_ATTACH] mesh='hands_naked.mesh' owner='hands_naked.mesh' frame=5280 nb=38 wext=54.7 rebound=1
  TIER1 rest-coherence: worst=3.1deg bone[2]='bone_R-pinky03.mesh' count(>5deg)=0 freshRecap=0  xcheck(invOff-vs-restW) worst=3.1deg bone[2]
  TIER2 joint-attach(PRIMARY): worst=87.41u bone[13]='bone_R-hand.mesh' parent[5] R=49.3 exactJoint=0.01u pairs=30  (palette-wide exactWorst=7.99u)
[HANDS_ATTACH] mesh='hands_naked.mesh' owner='hands_naked.mesh' frame=5284 nb=40 wext=53.2 rebound=1
  TIER1 rest-coherence: worst=3.1deg bone[2]='bone_R-foreTwist2.mesh' count(>5deg)=0 freshRecap=0  xcheck(invOff-vs-restW) worst=3.1deg bone[2]
  TIER2 joint-attach(PRIMARY): worst=61.80u bone[16]='bone_R-thumb01.mesh' parent[1] R=42.9 exactJoint=1.89u pairs=36  (palette-wide exactWorst=7.58u)
[HANDS_ATTACH] mesh='hands_naked.mesh' owner='hands_naked.mesh' frame=5286 nb=38 wext=77.1 rebound=1
  TIER1 rest-coherence: worst=3.1deg bone[2]='bone_R-pinky03.mesh' count(>5deg)=0 freshRecap=0  xcheck(invOff-vs-restW) worst=3.1deg bone[2]
  TIER2 joint-attach(PRIMARY): worst=83.46u bone[11]='bone_R-middlefinger02.mesh' parent[1] R=46.8 exactJoint=1.04u pairs=30  (palette-wide exactWorst=7.74u)
[HANDS_ATTACH] mesh='hands_naked.mesh' owner='hands_naked.mesh' frame=5290 nb=38 wext=54.1 rebound=1
  TIER1 rest-coherence: worst=3.1deg bone[2]='bone_R-pinky03.mesh' count(>5deg)=0 freshRecap=0  xcheck(invOff-vs-restW) worst=3.1deg bone[2]
  TIER2 joint-attach(PRIMARY): worst=87.78u bone[13]='bone_R-hand.mesh' parent[5] R=49.3 exactJoint=0.01u pairs=30  (palette-wide exactWorst=8.58u)
[HANDS_ATTACH] mesh='hands_naked.mesh' owner='hands_naked.mesh' frame=5294 nb=40 wext=51.7 rebound=1
  TIER1 rest-coherence: worst=3.1deg bone[2]='bone_R-foreTwist2.mesh' count(>5deg)=0 freshRecap=0  xcheck(invOff-vs-restW) worst=3.1deg bone[2]
  TIER2 joint-attach(PRIMARY): worst=61.80u bone[16]='bone_R-thumb01.mesh' parent[1] R=42.9 exactJoint=1.89u pairs=36  (palette-wide exactWorst=7.58u)
[HANDS_ATTACH] mesh='hands_naked.mesh' owner='hands_naked.mesh' frame=5296 nb=38 wext=79.6 rebound=1
  TIER1 rest-coherence: worst=3.1deg bone[2]='bone_R-pinky03.mesh' count(>5deg)=0 freshRecap=0  xcheck(invOff-vs-restW) worst=3.1deg bone[2]
  TIER2 joint-attach(PRIMARY): worst=83.31u bone[11]='bone_R-middlefinger02.mesh' parent[1] R=46.8 exactJoint=1.06u pairs=30  (palette-wide exactWorst=7.74u)
[HANDS_ATTACH] mesh='hands_naked.mesh' owner='hands_naked.mesh' frame=5300 nb=38 wext=55.6 rebound=1
  TIER1 rest-coherence: worst=3.1deg bone[2]='bone_R-pinky03.mesh' count(>5deg)=0 freshRecap=0  xcheck(invOff-vs-restW) worst=3.1deg bone[2]
  TIER2 joint-attach(PRIMARY): worst=83.98u bone[13]='bone_R-hand.mesh' parent[5] R=49.3 exactJoint=0.01u pairs=30  (palette-wide exactWorst=8.79u)
[HANDS_ATTACH] mesh='hands_naked.mesh' owner='hands_naked.mesh' frame=5304 nb=40 wext=50.6 rebound=1
  TIER1 rest-coherence: worst=3.1deg bone[2]='bone_R-foreTwist2.mesh' count(>5deg)=0 freshRecap=0  xcheck(invOff-vs-restW) worst=3.1deg bone[2]
  TIER2 joint-attach(PRIMARY): worst=61.80u bone[16]='bone_R-thumb01.mesh' parent[1] R=42.9 exactJoint=1.89u pairs=36  (palette-wide exactWorst=7.58u)
[HANDS_ATTACH] mesh='hands_naked.mesh' owner='hands_naked.mesh' frame=5306 nb=38 wext=79.1 rebound=1
  TIER1 rest-coherence: worst=3.1deg bone[2]='bone_R-pinky03.mesh' count(>5deg)=0 freshRecap=0  xcheck(invOff-vs-restW) worst=3.1deg bone[2]
  TIER2 joint-attach(PRIMARY): worst=83.29u bone[11]='bone_R-middlefinger02.mesh' parent[1] R=46.8 exactJoint=1.06u pairs=30  (palette-wide exactWorst=7.74u)
[HANDS_ATTACH] mesh='hands_naked.mesh' owner='hands_naked.mesh' frame=5310 nb=38 wext=57.7 rebound=1
  TIER1 rest-coherence: worst=3.1deg bone[2]='bone_R-pinky03.mesh' count(>5deg)=0 freshRecap=0  xcheck(invOff-vs-restW) worst=3.1deg bone[2]
  TIER2 joint-attach(PRIMARY): worst=89.13u bone[13]='bone_R-hand.mesh' parent[5] R=49.3 exactJoint=0.01u pairs=30  (palette-wide exactWorst=8.45u)
[HANDS_ATTACH] mesh='hands_naked.mesh' owner='hands_naked.mesh' frame=5314 nb=40 wext=50.7 rebound=1
  TIER1 rest-coherence: worst=3.1deg bone[2]='bone_R-foreTwist2.mesh' count(>5deg)=0 freshRecap=0  xcheck(invOff-vs-restW) worst=3.1deg bone[2]
  TIER2 joint-attach(PRIMARY): worst=61.80u bone[16]='bone_R-thumb01.mesh' parent[1] R=42.9 exactJoint=1.89u pairs=36  (palette-wide exactWorst=7.58u)
[HANDS_ATTACH] mesh='hands_naked.mesh' owner='hands_naked.mesh' frame=5316 nb=38 wext=81.8 rebound=1
  TIER1 rest-coherence: worst=3.1deg bone[2]='bone_R-pinky03.mesh' count(>5deg)=0 freshRecap=0  xcheck(invOff-vs-restW) worst=3.1deg bone[2]
  TIER2 joint-attach(PRIMARY): worst=83.23u bone[11]='bone_R-middlefinger02.mesh' parent[1] R=46.8 exactJoint=1.07u pairs=30  (palette-wide exactWorst=7.74u)
[HANDS_ATTACH] mesh='hands_naked.mesh' owner='hands_naked.mesh' frame=5320 nb=38 wext=56.4 rebound=1
  TIER1 rest-coherence: worst=3.1deg bone[2]='bone_R-pinky03.mesh' count(>5deg)=0 freshRecap=0  xcheck(invOff-vs-restW) worst=3.1deg bone[2]
  TIER2 joint-attach(PRIMARY): worst=59.29u bone[26]='bone_L-middlefinger02.mesh' parent[23] R=46.8 exactJoint=4.60u pairs=30  (palette-wide exactWorst=8.91u)
[HANDS_ATTACH] mesh='hands_naked.mesh' owner='hands_naked.mesh' frame=5324 nb=40 wext=50.5 rebound=1
  TIER1 rest-coherence: worst=3.1deg bone[2]='bone_R-foreTwist2.mesh' count(>5deg)=0 freshRecap=0  xcheck(invOff-vs-restW) worst=3.1deg bone[2]
  TIER2 joint-attach(PRIMARY): worst=61.80u bone[16]='bone_R-thumb01.mesh' parent[1] R=42.9 exactJoint=1.89u pairs=36  (palette-wide exactWorst=7.58u)
[HANDS_ATTACH] mesh='hands_naked.mesh' owner='hands_naked.mesh' frame=5326 nb=38 wext=81.2 rebound=1
  TIER1 rest-coherence: worst=3.1deg bone[2]='bone_R-pinky03.mesh' count(>5deg)=0 freshRecap=0  xcheck(invOff-vs-restW) worst=3.1deg bone[2]
  TIER2 joint-attach(PRIMARY): worst=83.19u bone[11]='bone_R-middlefinger02.mesh' parent[1] R=46.8 exactJoint=1.08u pairs=30  (palette-wide exactWorst=7.74u)
[HANDS_ATTACH] mesh='hands_naked.mesh' owner='hands_naked.mesh' frame=5330 nb=38 wext=61.1 rebound=1
  TIER1 rest-coherence: worst=3.1deg bone[2]='bone_R-pinky03.mesh' count(>5deg)=0 freshRecap=0  xcheck(invOff-vs-restW) worst=3.1deg bone[2]
  TIER2 joint-attach(PRIMARY): worst=59.29u bone[26]='bone_L-middlefinger02.mesh' parent[23] R=46.8 exactJoint=4.60u pairs=30  (palette-wide exactWorst=7.99u)
[HANDS_ATTACH] mesh='hands_naked.mesh' owner='hands_naked.mesh' frame=5334 nb=40 wext=49.9 rebound=1
  TIER1 rest-coherence: worst=3.1deg bone[2]='bone_R-foreTwist2.mesh' count(>5deg)=0 freshRecap=0  xcheck(invOff-vs-restW) worst=3.1deg bone[2]
  TIER2 joint-attach(PRIMARY): worst=61.80u bone[16]='bone_R-thumb01.mesh' parent[1] R=42.9 exactJoint=1.89u pairs=36  (palette-wide exactWorst=7.58u)
[HANDS_ATTACH] mesh='hands_naked.mesh' owner='hands_naked.mesh' frame=5336 nb=38 wext=78.7 rebound=1
  TIER1 rest-coherence: worst=3.1deg bone[2]='bone_R-pinky03.mesh' count(>5deg)=0 freshRecap=0  xcheck(invOff-vs-restW) worst=3.1deg bone[2]
  TIER2 joint-attach(PRIMARY): worst=83.23u bone[11]='bone_R-middlefinger02.mesh' parent[1] R=46.8 exactJoint=1.07u pairs=30  (palette-wide exactWorst=7.74u)
[HANDS_ATTACH] mesh='hands_naked.mesh' owner='hands_naked.mesh' frame=5340 nb=38 wext=61.3 rebound=1
  TIER1 rest-coherence: worst=3.1deg bone[2]='bone_R-pinky03.mesh' count(>5deg)=0 freshRecap=0  xcheck(invOff-vs-restW) worst=3.1deg bone[2]
  TIER2 joint-attach(PRIMARY): worst=67.48u bone[17]='bone_R-ringfinger02.mesh' parent[15] R=46.7 exactJoint=0.02u pairs=30  (palette-wide exactWorst=7.99u)
[HANDS_ATTACH] mesh='hands_naked.mesh' owner='hands_naked.mesh' frame=5344 nb=40 wext=51.5 rebound=1
  TIER1 rest-coherence: worst=3.1deg bone[2]='bone_R-foreTwist2.mesh' count(>5deg)=0 freshRecap=0  xcheck(invOff-vs-restW) worst=3.1deg bone[2]
  TIER2 joint-attach(PRIMARY): worst=61.80u bone[16]='bone_R-thumb01.mesh' parent[1] R=42.9 exactJoint=1.89u pairs=36  (palette-wide exactWorst=7.58u)
[HANDS_ATTACH] mesh='hands_naked.mesh' owner='hands_naked.mesh' frame=5346 nb=38 wext=68.5 rebound=1
  TIER1 rest-coherence: worst=3.1deg bone[2]='bone_R-pinky03.mesh' count(>5deg)=0 freshRecap=0  xcheck(invOff-vs-restW) worst=3.1deg bone[2]
  TIER2 joint-attach(PRIMARY): worst=83.47u bone[11]='bone_R-middlefinger02.mesh' parent[1] R=46.8 exactJoint=1.04u pairs=30  (palette-wide exactWorst=7.74u)
[HANDS_ATTACH] mesh='hands_naked.mesh' owner='hands_naked.mesh' frame=5350 nb=38 wext=63.1 rebound=1
  TIER1 rest-coherence: worst=3.1deg bone[2]='bone_R-pinky03.mesh' count(>5deg)=0 freshRecap=0  xcheck(invOff-vs-restW) worst=3.1deg bone[2]
  TIER2 joint-attach(PRIMARY): worst=67.53u bone[17]='bone_R-ringfinger02.mesh' parent[15] R=46.7 exactJoint=0.00u pairs=30  (palette-wide exactWorst=7.99u)
[HANDS_ATTACH] mesh='hands_naked.mesh' owner='hands_naked.mesh' frame=5354 nb=40 wext=49.7 rebound=1
  TIER1 rest-coherence: worst=3.1deg bone[2]='bone_R-foreTwist2.mesh' count(>5deg)=0 freshRecap=0  xcheck(invOff-vs-restW) worst=3.1deg bone[2]
  TIER2 joint-attach(PRIMARY): worst=61.80u bone[16]='bone_R-thumb01.mesh' parent[1] R=42.9 exactJoint=1.89u pairs=36  (palette-wide exactWorst=7.58u)
[HANDS_ATTACH] mesh='hands_naked.mesh' owner='hands_naked.mesh' frame=5356 nb=38 wext=71.1 rebound=1
  TIER1 rest-coherence: worst=3.1deg bone[2]='bone_R-pinky03.mesh' count(>5deg)=0 freshRecap=0  xcheck(invOff-vs-restW) worst=3.1deg bone[2]
  TIER2 joint-attach(PRIMARY): worst=83.38u bone[11]='bone_R-middlefinger02.mesh' parent[1] R=46.8 exactJoint=1.05u pairs=30  (palette-wide exactWorst=7.74u)
[HANDS_ATTACH] mesh='hands_naked.mesh' owner='hands_naked.mesh' frame=5360 nb=38 wext=64.3 rebound=1
  TIER1 rest-coherence: worst=3.1deg bone[2]='bone_R-pinky03.mesh' count(>5deg)=0 freshRecap=0  xcheck(invOff-vs-restW) worst=3.1deg bone[2]
  TIER2 joint-attach(PRIMARY): worst=67.53u bone[17]='bone_R-ringfinger02.mesh' parent[15] R=46.7 exactJoint=0.00u pairs=30  (palette-wide exactWorst=7.99u)
[HANDS_ATTACH] mesh='hands_naked.mesh' owner='hands_naked.mesh' frame=5364 nb=40 wext=50.7 rebound=1
  TIER1 rest-coherence: worst=3.1deg bone[2]='bone_R-foreTwist2.mesh' count(>5deg)=0 freshRecap=0  xcheck(invOff-vs-restW) worst=3.1deg bone[2]
  TIER2 joint-attach(PRIMARY): worst=61.80u bone[16]='bone_R-thumb01.mesh' parent[1] R=42.9 exactJoint=1.89u pairs=36  (palette-wide exactWorst=7.58u)
[HANDS_ATTACH] mesh='hands_naked.mesh' owner='hands_naked.mesh' frame=5366 nb=38 wext=72.7 rebound=1
  TIER1 rest-coherence: worst=3.1deg bone[2]='bone_R-pinky03.mesh' count(>5deg)=0 freshRecap=0  xcheck(invOff-vs-restW) worst=3.1deg bone[2]
  TIER2 joint-attach(PRIMARY): worst=83.30u bone[11]='bone_R-middlefinger02.mesh' parent[1] R=46.8 exactJoint=1.06u pairs=30  (palette-wide exactWorst=7.74u)
[HANDS_ATTACH] mesh='hands_naked.mesh' owner='hands_naked.mesh' frame=5370 nb=38 wext=59.6 rebound=1
  TIER1 rest-coherence: worst=3.1deg bone[2]='bone_R-pinky03.mesh' count(>5deg)=0 freshRecap=0  xcheck(invOff-vs-restW) worst=3.1deg bone[2]
  TIER2 joint-attach(PRIMARY): worst=66.05u bone[17]='bone_R-ringfinger02.mesh' parent[15] R=46.7 exactJoint=0.34u pairs=30  (palette-wide exactWorst=7.99u)
[HANDS_ATTACH] mesh='hands_naked.mesh' owner='hands_naked.mesh' frame=5374 nb=40 wext=51.8 rebound=1
  TIER1 rest-coherence: worst=3.1deg bone[2]='bone_R-foreTwist2.mesh' count(>5deg)=0 freshRecap=0  xcheck(invOff-vs-restW) worst=3.1deg bone[2]
  TIER2 joint-attach(PRIMARY): worst=61.80u bone[16]='bone_R-thumb01.mesh' parent[1] R=42.9 exactJoint=1.89u pairs=36  (palette-wide exactWorst=7.58u)
[HANDS_ATTACH] mesh='hands_naked.mesh' owner='hands_naked.mesh' frame=5376 nb=38 wext=71.1 rebound=1
  TIER1 rest-coherence: worst=3.1deg bone[2]='bone_R-pinky03.mesh' count(>5deg)=0 freshRecap=0  xcheck(invOff-vs-restW) worst=3.1deg bone[2]
  TIER2 joint-attach(PRIMARY): worst=83.52u bone[11]='bone_R-middlefinger02.mesh' parent[1] R=46.8 exactJoint=1.03u pairs=30  (palette-wide exactWorst=7.74u)
[HANDS_ATTACH] mesh='hands_naked.mesh' owner='hands_naked.mesh' frame=5380 nb=38 wext=53.9 rebound=1
  TIER1 rest-coherence: worst=3.1deg bone[2]='bone_R-pinky03.mesh' count(>5deg)=0 freshRecap=0  xcheck(invOff-vs-restW) worst=3.1deg bone[2]
  TIER2 joint-attach(PRIMARY): worst=63.69u bone[17]='bone_R-ringfinger02.mesh' parent[15] R=46.7 exactJoint=0.87u pairs=30  (palette-wide exactWorst=7.99u)
[HANDS_ATTACH] mesh='hands_naked.mesh' owner='hands_naked.mesh' frame=5384 nb=40 wext=52.0 rebound=1
  TIER1 rest-coherence: worst=3.1deg bone[2]='bone_R-foreTwist2.mesh' count(>5deg)=0 freshRecap=0  xcheck(invOff-vs-restW) worst=3.1deg bone[2]
  TIER2 joint-attach(PRIMARY): worst=61.80u bone[16]='bone_R-thumb01.mesh' parent[1] R=42.9 exactJoint=1.89u pairs=36  (palette-wide exactWorst=7.58u)
[HANDS_ATTACH] mesh='hands_naked.mesh' owner='hands_naked.mesh' frame=5386 nb=38 wext=74.4 rebound=1
  TIER1 rest-coherence: worst=3.1deg bone[2]='bone_R-pinky03.mesh' count(>5deg)=0 freshRecap=0  xcheck(invOff-vs-restW) worst=3.1deg bone[2]
  TIER2 joint-attach(PRIMARY): worst=83.41u bone[11]='bone_R-middlefinger02.mesh' parent[1] R=46.8 exactJoint=1.04u pairs=30  (palette-wide exactWorst=7.74u)
[HANDS_ATTACH] mesh='hands_naked.mesh' owner='hands_naked.mesh' frame=5390 nb=38 wext=55.3 rebound=1
  TIER1 rest-coherence: worst=3.1deg bone[2]='bone_R-pinky03.mesh' count(>5deg)=0 freshRecap=0  xcheck(invOff-vs-restW) worst=3.1deg bone[2]
  TIER2 joint-attach(PRIMARY): worst=61.16u bone[17]='bone_R-ringfinger02.mesh' parent[15] R=46.7 exactJoint=1.42u pairs=30  (palette-wide exactWorst=7.99u)
[HANDS_ATTACH] mesh='hands_naked.mesh' owner='hands_naked.mesh' frame=5394 nb=40 wext=49.3 rebound=1
  TIER1 rest-coherence: worst=3.1deg bone[2]='bone_R-foreTwist2.mesh' count(>5deg)=0 freshRecap=0  xcheck(invOff-vs-restW) worst=3.1deg bone[2]
  TIER2 joint-attach(PRIMARY): worst=61.80u bone[16]='bone_R-thumb01.mesh' parent[1] R=42.9 exactJoint=1.89u pairs=36  (palette-wide exactWorst=7.58u)
[HANDS_ATTACH] mesh='hands_naked.mesh' owner='hands_naked.mesh' frame=5396 nb=38 wext=83.6 rebound=1
  TIER1 rest-coherence: worst=3.1deg bone[2]='bone_R-pinky03.mesh' count(>5deg)=0 freshRecap=0  xcheck(invOff-vs-restW) worst=3.1deg bone[2]
  TIER2 joint-attach(PRIMARY): worst=83.15u bone[11]='bone_R-middlefinger02.mesh' parent[1] R=46.8 exactJoint=1.08u pairs=30  (palette-wide exactWorst=7.74u)
[HANDS_ATTACH] mesh='hands_naked.mesh' owner='hands_naked.mesh' frame=5400 nb=38 wext=57.0 rebound=1
  TIER1 rest-coherence: worst=3.1deg bone[2]='bone_R-pinky03.mesh' count(>5deg)=0 freshRecap=0  xcheck(invOff-vs-restW) worst=3.1deg bone[2]
  TIER2 joint-attach(PRIMARY): worst=59.29u bone[26]='bone_L-middlefinger02.mesh' parent[23] R=46.8 exactJoint=4.60u pairs=30  (palette-wide exactWorst=7.99u)
[HANDS_ATTACH] mesh='hands_naked.mesh' owner='hands_naked.mesh' frame=5404 nb=40 wext=49.9 rebound=1
  TIER1 rest-coherence: worst=3.1deg bone[2]='bone_R-foreTwist2.mesh' count(>5deg)=0 freshRecap=0  xcheck(invOff-vs-restW) worst=3.1deg bone[2]
  TIER2 joint-attach(PRIMARY): worst=61.80u bone[16]='bone_R-thumb01.mesh' parent[1] R=42.9 exactJoint=1.89u pairs=36  (palette-wide exactWorst=7.58u)
[HANDS_ATTACH] mesh='hands_naked.mesh' owner='hands_naked.mesh' frame=5406 nb=38 wext=80.6 rebound=1
  TIER1 rest-coherence: worst=3.1deg bone[2]='bone_R-pinky03.mesh' count(>5deg)=0 freshRecap=0  xcheck(invOff-vs-restW) worst=3.1deg bone[2]
  TIER2 joint-attach(PRIMARY): worst=83.25u bone[11]='bone_R-middlefinger02.mesh' parent[1] R=46.8 exactJoint=1.06u pairs=30  (palette-wide exactWorst=7.74u)
[HANDS_ATTACH] mesh='hands_naked.mesh' owner='hands_naked.mesh' frame=5410 nb=38 wext=60.9 rebound=1
  TIER1 rest-coherence: worst=3.1deg bone[2]='bone_R-pinky03.mesh' count(>5deg)=0 freshRecap=0  xcheck(invOff-vs-restW) worst=3.1deg bone[2]
  TIER2 joint-attach(PRIMARY): worst=59.29u bone[26]='bone_L-middlefinger02.mesh' parent[23] R=46.8 exactJoint=4.60u pairs=30  (palette-wide exactWorst=7.99u)
[HANDS_ATTACH] mesh='hands_naked.mesh' owner='hands_naked.mesh' frame=5414 nb=40 wext=49.2 rebound=1
  TIER1 rest-coherence: worst=3.1deg bone[2]='bone_R-foreTwist2.mesh' count(>5deg)=0 freshRecap=0  xcheck(invOff-vs-restW) worst=3.1deg bone[2]
  TIER2 joint-attach(PRIMARY): worst=61.80u bone[16]='bone_R-thumb01.mesh' parent[1] R=42.9 exactJoint=1.89u pairs=36  (palette-wide exactWorst=7.58u)
[HANDS_ATTACH] mesh='hands_naked.mesh' owner='hands_naked.mesh' frame=5416 nb=38 wext=75.7 rebound=1
  TIER1 rest-coherence: worst=3.1deg bone[2]='bone_R-pinky03.mesh' count(>5deg)=0 freshRecap=0  xcheck(invOff-vs-restW) worst=3.1deg bone[2]
  TIER2 joint-attach(PRIMARY): worst=83.39u bone[11]='bone_R-middlefinger02.mesh' parent[1] R=46.8 exactJoint=1.05u pairs=30  (palette-wide exactWorst=7.74u)
[HANDS_ATTACH] mesh='hands_naked.mesh' owner='hands_naked.mesh' frame=5420 nb=38 wext=61.7 rebound=1
  TIER1 rest-coherence: worst=3.1deg bone[2]='bone_R-pinky03.mesh' count(>5deg)=0 freshRecap=0  xcheck(invOff-vs-restW) worst=3.1deg bone[2]
  TIER2 joint-attach(PRIMARY): worst=59.23u bone[26]='bone_L-middlefinger02.mesh' parent[23] R=46.8 exactJoint=4.75u pairs=30  (palette-wide exactWorst=7.90u)
[HANDS_ATTACH] mesh='hands_naked.mesh' owner='hands_naked.mesh' frame=5424 nb=40 wext=48.1 rebound=1
  TIER1 rest-coherence: worst=3.1deg bone[2]='bone_R-foreTwist2.mesh' count(>5deg)=0 freshRecap=0  xcheck(invOff-vs-restW) worst=3.1deg bone[2]
  TIER2 joint-attach(PRIMARY): worst=61.80u bone[16]='bone_R-thumb01.mesh' parent[1] R=42.9 exactJoint=1.89u pairs=36  (palette-wide exactWorst=7.58u)
[HANDS_ATTACH] mesh='hands_naked.mesh' owner='hands_naked.mesh' frame=5426 nb=38 wext=79.4 rebound=1
  TIER1 rest-coherence: worst=3.1deg bone[2]='bone_R-pinky03.mesh' count(>5deg)=0 freshRecap=0  xcheck(invOff-vs-restW) worst=3.1deg bone[2]
  TIER2 joint-attach(PRIMARY): worst=83.18u bone[11]='bone_R-middlefinger02.mesh' parent[1] R=46.8 exactJoint=1.08u pairs=30  (palette-wide exactWorst=7.74u)
[HANDS_ATTACH] mesh='hands_naked.mesh' owner='hands_naked.mesh' frame=5430 nb=38 wext=54.1 rebound=1
  TIER1 rest-coherence: worst=3.1deg bone[2]='bone_R-pinky03.mesh' count(>5deg)=0 freshRecap=0  xcheck(invOff-vs-restW) worst=3.1deg bone[2]
  TIER2 joint-attach(PRIMARY): worst=57.80u bone[32]='bone_L-ringfinger02.mesh' parent[27] R=46.7 exactJoint=6.42u pairs=30  (palette-wide exactWorst=8.26u)
[HANDS_ATTACH] mesh='hands_naked.mesh' owner='hands_naked.mesh' frame=5434 nb=40 wext=52.1 rebound=1
  TIER1 rest-coherence: worst=3.1deg bone[2]='bone_R-foreTwist2.mesh' count(>5deg)=0 freshRecap=0  xcheck(invOff-vs-restW) worst=3.1deg bone[2]
  TIER2 joint-attach(PRIMARY): worst=61.80u bone[16]='bone_R-thumb01.mesh' parent[1] R=42.9 exactJoint=1.89u pairs=36  (palette-wide exactWorst=7.58u)
[HANDS_ATTACH] mesh='hands_naked.mesh' owner='hands_naked.mesh' frame=5436 nb=38 wext=82.8 rebound=1
  TIER1 rest-coherence: worst=3.1deg bone[2]='bone_R-pinky03.mesh' count(>5deg)=0 freshRecap=0  xcheck(invOff-vs-restW) worst=3.1deg bone[2]
  TIER2 joint-attach(PRIMARY): worst=83.20u bone[11]='bone_R-middlefinger02.mesh' parent[1] R=46.8 exactJoint=1.07u pairs=30  (palette-wide exactWorst=7.74u)
[HANDS_ATTACH] mesh='hands_naked.mesh' owner='hands_naked.mesh' frame=5440 nb=38 wext=61.8 rebound=1
  TIER1 rest-coherence: worst=3.1deg bone[2]='bone_R-pinky03.mesh' count(>5deg)=0 freshRecap=0  xcheck(invOff-vs-restW) worst=3.1deg bone[2]
  TIER2 joint-attach(PRIMARY): worst=57.80u bone[32]='bone_L-ringfinger02.mesh' parent[27] R=46.7 exactJoint=6.42u pairs=30  (palette-wide exactWorst=8.31u)
[HANDS_ATTACH] mesh='hands_naked.mesh' owner='hands_naked.mesh' frame=5444 nb=40 wext=52.3 rebound=1
  TIER1 rest-coherence: worst=3.1deg bone[2]='bone_R-foreTwist2.mesh' count(>5deg)=0 freshRecap=0  xcheck(invOff-vs-restW) worst=3.1deg bone[2]
  TIER2 joint-attach(PRIMARY): worst=61.80u bone[16]='bone_R-thumb01.mesh' parent[1] R=42.9 exactJoint=1.89u pairs=36  (palette-wide exactWorst=7.58u)
[HANDS_ATTACH] mesh='hands_naked.mesh' owner='hands_naked.mesh' frame=5446 nb=38 wext=79.0 rebound=1
  TIER1 rest-coherence: worst=3.1deg bone[2]='bone_R-pinky03.mesh' count(>5deg)=0 freshRecap=0  xcheck(invOff-vs-restW) worst=3.1deg bone[2]
  TIER2 joint-attach(PRIMARY): worst=83.35u bone[11]='bone_R-middlefinger02.mesh' parent[1] R=46.8 exactJoint=1.05u pairs=30  (palette-wide exactWorst=7.74u)
[HANDS_ATTACH] mesh='hands_naked.mesh' owner='hands_naked.mesh' frame=5450 nb=38 wext=63.9 rebound=1
  TIER1 rest-coherence: worst=3.1deg bone[2]='bone_R-pinky03.mesh' count(>5deg)=0 freshRecap=0  xcheck(invOff-vs-restW) worst=3.1deg bone[2]
  TIER2 joint-attach(PRIMARY): worst=57.80u bone[32]='bone_L-ringfinger02.mesh' parent[27] R=46.7 exactJoint=6.42u pairs=30  (palette-wide exactWorst=8.85u)
[HANDS_ATTACH] mesh='hands_naked.mesh' owner='hands_naked.mesh' frame=5454 nb=40 wext=50.5 rebound=1
  TIER1 rest-coherence: worst=3.1deg bone[2]='bone_R-foreTwist2.mesh' count(>5deg)=0 freshRecap=0  xcheck(invOff-vs-restW) worst=3.1deg bone[2]
  TIER2 joint-attach(PRIMARY): worst=61.80u bone[16]='bone_R-thumb01.mesh' parent[1] R=42.9 exactJoint=1.89u pairs=36  (palette-wide exactWorst=7.58u)
[HANDS_ATTACH] mesh='hands_naked.mesh' owner='hands_naked.mesh' frame=5456 nb=38 wext=78.5 rebound=1
  TIER1 rest-coherence: worst=3.1deg bone[2]='bone_R-pinky03.mesh' count(>5deg)=0 freshRecap=0  xcheck(invOff-vs-restW) worst=3.1deg bone[2]
  TIER2 joint-attach(PRIMARY): worst=83.20u bone[11]='bone_R-middlefinger02.mesh' parent[1] R=46.8 exactJoint=1.07u pairs=30  (palette-wide exactWorst=7.74u)
[HANDS_ATTACH] mesh='hands_naked.mesh' owner='hands_naked.mesh' frame=5460 nb=38 wext=57.7 rebound=1
  TIER1 rest-coherence: worst=3.1deg bone[2]='bone_R-pinky03.mesh' count(>5deg)=0 freshRecap=0  xcheck(invOff-vs-restW) worst=3.1deg bone[2]
  TIER2 joint-attach(PRIMARY): worst=56.88u bone[32]='bone_L-ringfinger02.mesh' parent[27] R=46.7 exactJoint=6.67u pairs=30  (palette-wide exactWorst=7.66u)
[HANDS_ATTACH] mesh='hands_naked.mesh' owner='hands_naked.mesh' frame=5464 nb=40 wext=49.3 rebound=1
  TIER1 rest-coherence: worst=3.1deg bone[2]='bone_R-foreTwist2.mesh' count(>5deg)=0 freshRecap=0  xcheck(invOff-vs-restW) worst=3.1deg bone[2]
  TIER2 joint-attach(PRIMARY): worst=61.80u bone[16]='bone_R-thumb01.mesh' parent[1] R=42.9 exactJoint=1.89u pairs=36  (palette-wide exactWorst=7.58u)
[HANDS_ATTACH] mesh='hands_naked.mesh' owner='hands_naked.mesh' frame=5466 nb=38 wext=79.6 rebound=1
  TIER1 rest-coherence: worst=3.1deg bone[2]='bone_R-pinky03.mesh' count(>5deg)=0 freshRecap=0  xcheck(invOff-vs-restW) worst=3.1deg bone[2]
  TIER2 joint-attach(PRIMARY): worst=83.16u bone[11]='bone_R-middlefinger02.mesh' parent[1] R=46.8 exactJoint=1.08u pairs=30  (palette-wide exactWorst=7.74u)
[HANDS_ATTACH] mesh='hands_naked.mesh' owner='hands_naked.mesh' frame=5470 nb=38 wext=54.4 rebound=1
  TIER1 rest-coherence: worst=3.1deg bone[2]='bone_R-pinky03.mesh' count(>5deg)=0 freshRecap=0  xcheck(invOff-vs-restW) worst=3.1deg bone[2]
  TIER2 joint-attach(PRIMARY): worst=52.82u bone[32]='bone_L-ringfinger02.mesh' parent[27] R=46.7 exactJoint=7.59u pairs=30  (palette-wide exactWorst=8.71u)
[HANDS_ATTACH] mesh='hands_naked.mesh' owner='hands_naked.mesh' frame=5474 nb=40 wext=51.0 rebound=1
  TIER1 rest-coherence: worst=3.1deg bone[2]='bone_R-foreTwist2.mesh' count(>5deg)=0 freshRecap=0  xcheck(invOff-vs-restW) worst=3.1deg bone[2]
  TIER2 joint-attach(PRIMARY): worst=61.80u bone[16]='bone_R-thumb01.mesh' parent[1] R=42.9 exactJoint=1.89u pairs=36  (palette-wide exactWorst=7.58u)
[HANDS_ATTACH] mesh='hands_naked.mesh' owner='hands_naked.mesh' frame=5476 nb=38 wext=75.9 rebound=1
  TIER1 rest-coherence: worst=3.1deg bone[2]='bone_R-pinky03.mesh' count(>5deg)=0 freshRecap=0  xcheck(invOff-vs-restW) worst=3.1deg bone[2]
  TIER2 joint-attach(PRIMARY): worst=83.40u bone[11]='bone_R-middlefinger02.mesh' parent[1] R=46.8 exactJoint=1.04u pairs=30  (palette-wide exactWorst=7.74u)
[HANDS_ATTACH] mesh='hands_naked.mesh' owner='hands_naked.mesh' frame=5480 nb=38 wext=55.9 rebound=1
  TIER1 rest-coherence: worst=3.1deg bone[2]='bone_R-pinky03.mesh' count(>5deg)=0 freshRecap=0  xcheck(invOff-vs-restW) worst=3.1deg bone[2]
  TIER2 joint-attach(PRIMARY): worst=58.77u bone[13]='bone_R-hand.mesh' parent[5] R=49.3 exactJoint=0.01u pairs=30  (palette-wide exactWorst=8.88u)
[HANDS_ATTACH] mesh='hands_naked.mesh' owner='hands_naked.mesh' frame=5484 nb=40 wext=50.3 rebound=1
  TIER1 rest-coherence: worst=3.1deg bone[2]='bone_R-foreTwist2.mesh' count(>5deg)=0 freshRecap=0  xcheck(invOff-vs-restW) worst=3.1deg bone[2]
  TIER2 joint-attach(PRIMARY): worst=61.80u bone[16]='bone_R-thumb01.mesh' parent[1] R=42.9 exactJoint=1.89u pairs=36  (palette-wide exactWorst=7.58u)
[HANDS_ATTACH] mesh='hands_naked.mesh' owner='hands_naked.mesh' frame=5486 nb=38 wext=72.2 rebound=1
  TIER1 rest-coherence: worst=3.1deg bone[2]='bone_R-pinky03.mesh' count(>5deg)=0 freshRecap=0  xcheck(invOff-vs-restW) worst=3.1deg bone[2]
  TIER2 joint-attach(PRIMARY): worst=83.41u bone[11]='bone_R-middlefinger02.mesh' parent[1] R=46.8 exactJoint=1.04u pairs=30  (palette-wide exactWorst=7.74u)
[HANDS_ATTACH] mesh='hands_naked.mesh' owner='hands_naked.mesh' frame=5490 nb=38 wext=54.8 rebound=1
  TIER1 rest-coherence: worst=3.1deg bone[2]='bone_R-pinky03.mesh' count(>5deg)=0 freshRecap=0  xcheck(invOff-vs-restW) worst=3.1deg bone[2]
  TIER2 joint-attach(PRIMARY): worst=66.48u bone[3]='bone_R-index02.mesh' parent[8] R=47.0 exactJoint=2.15u pairs=30  (palette-wide exactWorst=8.75u)
[HANDS_ATTACH] mesh='hands_naked.mesh' owner='hands_naked.mesh' frame=5494 nb=40 wext=48.2 rebound=1
  TIER1 rest-coherence: worst=3.1deg bone[2]='bone_R-foreTwist2.mesh' count(>5deg)=0 freshRecap=0  xcheck(invOff-vs-restW) worst=3.1deg bone[2]
  TIER2 joint-attach(PRIMARY): worst=61.80u bone[16]='bone_R-thumb01.mesh' parent[1] R=42.9 exactJoint=1.89u pairs=36  (palette-wide exactWorst=7.58u)
[HANDS_ATTACH] mesh='hands_naked.mesh' owner='hands_naked.mesh' frame=5496 nb=38 wext=75.9 rebound=1
  TIER1 rest-coherence: worst=3.1deg bone[2]='bone_R-pinky03.mesh' count(>5deg)=0 freshRecap=0  xcheck(invOff-vs-restW) worst=3.1deg bone[2]
  TIER2 joint-attach(PRIMARY): worst=83.40u bone[11]='bone_R-middlefinger02.mesh' parent[1] R=46.8 exactJoint=1.05u pairs=30  (palette-wide exactWorst=7.74u)
[HANDS_ATTACH] mesh='hands_naked.mesh' owner='hands_naked.mesh' frame=5500 nb=38 wext=58.5 rebound=1
  TIER1 rest-coherence: worst=3.1deg bone[2]='bone_R-pinky03.mesh' count(>5deg)=0 freshRecap=0  xcheck(invOff-vs-restW) worst=3.1deg bone[2]
  TIER2 joint-attach(PRIMARY): worst=80.24u bone[3]='bone_R-index02.mesh' parent[8] R=47.0 exactJoint=0.71u pairs=30  (palette-wide exactWorst=8.39u)
[HANDS_ATTACH] mesh='hands_naked.mesh' owner='hands_naked.mesh' frame=5504 nb=40 wext=49.2 rebound=1
  TIER1 rest-coherence: worst=3.1deg bone[2]='bone_R-foreTwist2.mesh' count(>5deg)=0 freshRecap=0  xcheck(invOff-vs-restW) worst=3.1deg bone[2]
  TIER2 joint-attach(PRIMARY): worst=61.80u bone[16]='bone_R-thumb01.mesh' parent[1] R=42.9 exactJoint=1.89u pairs=36  (palette-wide exactWorst=7.58u)
[HANDS_ATTACH] mesh='hands_naked.mesh' owner='hands_naked.mesh' frame=5506 nb=38 wext=80.0 rebound=1
  TIER1 rest-coherence: worst=3.1deg bone[2]='bone_R-pinky03.mesh' count(>5deg)=0 freshRecap=0  xcheck(invOff-vs-restW) worst=3.1deg bone[2]
  TIER2 joint-attach(PRIMARY): worst=83.34u bone[11]='bone_R-middlefinger02.mesh' parent[1] R=46.8 exactJoint=1.05u pairs=30  (palette-wide exactWorst=7.74u)
[HANDS_ATTACH] mesh='hands_naked.mesh' owner='hands_naked.mesh' frame=5510 nb=38 wext=51.6 rebound=1
  TIER1 rest-coherence: worst=3.1deg bone[2]='bone_R-pinky03.mesh' count(>5deg)=0 freshRecap=0  xcheck(invOff-vs-restW) worst=3.1deg bone[2]
  TIER2 joint-attach(PRIMARY): worst=68.51u bone[3]='bone_R-index02.mesh' parent[8] R=47.0 exactJoint=3.86u pairs=30  (palette-wide exactWorst=8.68u)
[HANDS_ATTACH] mesh='hands_naked.mesh' owner='hands_naked.mesh' frame=5514 nb=40 wext=47.5 rebound=1
  TIER1 rest-coherence: worst=3.1deg bone[2]='bone_R-foreTwist2.mesh' count(>5deg)=0 freshRecap=0  xcheck(invOff-vs-restW) worst=3.1deg bone[2]
  TIER2 joint-attach(PRIMARY): worst=61.80u bone[16]='bone_R-thumb01.mesh' parent[1] R=42.9 exactJoint=1.89u pairs=36  (palette-wide exactWorst=7.58u)
[HANDS_ATTACH] mesh='hands_naked.mesh' owner='hands_naked.mesh' frame=5516 nb=38 wext=82.0 rebound=1
  TIER1 rest-coherence: worst=3.1deg bone[2]='bone_R-pinky03.mesh' count(>5deg)=0 freshRecap=0  xcheck(invOff-vs-restW) worst=3.1deg bone[2]
  TIER2 joint-attach(PRIMARY): worst=83.17u bone[11]='bone_R-middlefinger02.mesh' parent[1] R=46.8 exactJoint=1.08u pairs=30  (palette-wide exactWorst=7.74u)
[HANDS_ATTACH] mesh='hands_naked.mesh' owner='hands_naked.mesh' frame=5520 nb=38 wext=52.8 rebound=1
  TIER1 rest-coherence: worst=3.1deg bone[2]='bone_R-pinky03.mesh' count(>5deg)=0 freshRecap=0  xcheck(invOff-vs-restW) worst=3.1deg bone[2]
  TIER2 joint-attach(PRIMARY): worst=64.43u bone[3]='bone_R-index02.mesh' parent[8] R=47.0 exactJoint=4.88u pairs=30  (palette-wide exactWorst=8.21u)
[HANDS_ATTACH] mesh='hands_naked.mesh' owner='hands_naked.mesh' frame=5524 nb=40 wext=47.5 rebound=1
  TIER1 rest-coherence: worst=3.1deg bone[2]='bone_R-foreTwist2.mesh' count(>5deg)=0 freshRecap=0  xcheck(invOff-vs-restW) worst=3.1deg bone[2]
  TIER2 joint-attach(PRIMARY): worst=61.80u bone[16]='bone_R-thumb01.mesh' parent[1] R=42.9 exactJoint=1.89u pairs=36  (palette-wide exactWorst=7.58u)
[HANDS_ATTACH] mesh='hands_naked.mesh' owner='hands_naked.mesh' frame=5526 nb=38 wext=79.1 rebound=1
  TIER1 rest-coherence: worst=3.1deg bone[2]='bone_R-pinky03.mesh' count(>5deg)=0 freshRecap=0  xcheck(invOff-vs-restW) worst=3.1deg bone[2]
  TIER2 joint-attach(PRIMARY): worst=83.26u bone[11]='bone_R-middlefinger02.mesh' parent[1] R=46.8 exactJoint=1.06u pairs=30  (palette-wide exactWorst=7.74u)
[HANDS_ATTACH] mesh='hands_naked.mesh' owner='hands_naked.mesh' frame=5530 nb=38 wext=55.3 rebound=1
  TIER1 rest-coherence: worst=3.1deg bone[2]='bone_R-pinky03.mesh' count(>5deg)=0 freshRecap=0  xcheck(invOff-vs-restW) worst=3.1deg bone[2]
  TIER2 joint-attach(PRIMARY): worst=63.88u bone[3]='bone_R-index02.mesh' parent[8] R=47.0 exactJoint=5.12u pairs=30  (palette-wide exactWorst=8.42u)
[HANDS_ATTACH] mesh='hands_naked.mesh' owner='hands_naked.mesh' frame=5534 nb=40 wext=48.6 rebound=1
  TIER1 rest-coherence: worst=3.1deg bone[2]='bone_R-foreTwist2.mesh' count(>5deg)=0 freshRecap=0  xcheck(invOff-vs-restW) worst=3.1deg bone[2]
  TIER2 joint-attach(PRIMARY): worst=61.80u bone[16]='bone_R-thumb01.mesh' parent[1] R=42.9 exactJoint=1.89u pairs=36  (palette-wide exactWorst=7.58u)
[HANDS_ATTACH] mesh='hands_naked.mesh' owner='hands_naked.mesh' frame=5536 nb=38 wext=76.8 rebound=1
  TIER1 rest-coherence: worst=3.1deg bone[2]='bone_R-pinky03.mesh' count(>5deg)=0 freshRecap=0  xcheck(invOff-vs-restW) worst=3.1deg bone[2]
  TIER2 joint-attach(PRIMARY): worst=83.25u bone[11]='bone_R-middlefinger02.mesh' parent[1] R=46.8 exactJoint=1.06u pairs=30  (palette-wide exactWorst=7.74u)
[HANDS_ATTACH] mesh='hands_naked.mesh' owner='hands_naked.mesh' frame=5540 nb=38 wext=52.4 rebound=1
  TIER1 rest-coherence: worst=3.1deg bone[2]='bone_R-pinky03.mesh' count(>5deg)=0 freshRecap=0  xcheck(invOff-vs-restW) worst=3.1deg bone[2]
  TIER2 joint-attach(PRIMARY): worst=64.71u bone[18]='bone_R-pinky02.mesh' parent[14] R=46.7 exactJoint=0.01u pairs=30  (palette-wide exactWorst=8.90u)
[HANDS_ATTACH] mesh='hands_naked.mesh' owner='hands_naked.mesh' frame=5544 nb=40 wext=49.3 rebound=1
  TIER1 rest-coherence: worst=3.1deg bone[2]='bone_R-foreTwist2.mesh' count(>5deg)=0 freshRecap=0  xcheck(invOff-vs-restW) worst=3.1deg bone[2]
  TIER2 joint-attach(PRIMARY): worst=61.80u bone[16]='bone_R-thumb01.mesh' parent[1] R=42.9 exactJoint=1.89u pairs=36  (palette-wide exactWorst=7.58u)
[HANDS_ATTACH] mesh='hands_naked.mesh' owner='hands_naked.mesh' frame=5546 nb=38 wext=80.7 rebound=1
  TIER1 rest-coherence: worst=3.1deg bone[2]='bone_R-pinky03.mesh' count(>5deg)=0 freshRecap=0  xcheck(invOff-vs-restW) worst=3.1deg bone[2]
  TIER2 joint-attach(PRIMARY): worst=83.13u bone[11]='bone_R-middlefinger02.mesh' parent[1] R=46.8 exactJoint=1.09u pairs=30  (palette-wide exactWorst=7.74u)
[HANDS_ATTACH] mesh='hands_naked.mesh' owner='hands_naked.mesh' frame=5550 nb=38 wext=51.4 rebound=1
  TIER1 rest-coherence: worst=3.1deg bone[2]='bone_R-pinky03.mesh' count(>5deg)=0 freshRecap=0  xcheck(invOff-vs-restW) worst=3.1deg bone[2]
  TIER2 joint-attach(PRIMARY): worst=64.55u bone[18]='bone_R-pinky02.mesh' parent[14] R=46.7 exactJoint=0.56u pairs=30  (palette-wide exactWorst=8.68u)
[HANDS_ATTACH] mesh='hands_naked.mesh' owner='hands_naked.mesh' frame=5554 nb=40 wext=50.5 rebound=1
  TIER1 rest-coherence: worst=3.1deg bone[2]='bone_R-foreTwist2.mesh' count(>5deg)=0 freshRecap=0  xcheck(invOff-vs-restW) worst=3.1deg bone[2]
  TIER2 joint-attach(PRIMARY): worst=61.80u bone[16]='bone_R-thumb01.mesh' parent[1] R=42.9 exactJoint=1.89u pairs=36  (palette-wide exactWorst=7.58u)
[HANDS_ATTACH] mesh='hands_naked.mesh' owner='hands_naked.mesh' frame=5556 nb=38 wext=79.8 rebound=1
  TIER1 rest-coherence: worst=3.1deg bone[2]='bone_R-pinky03.mesh' count(>5deg)=0 freshRecap=0  xcheck(invOff-vs-restW) worst=3.1deg bone[2]
  TIER2 joint-attach(PRIMARY): worst=83.21u bone[11]='bone_R-middlefinger02.mesh' parent[1] R=46.8 exactJoint=1.07u pairs=30  (palette-wide exactWorst=7.74u)
[HANDS_ATTACH] mesh='hands_naked.mesh' owner='hands_naked.mesh' frame=5560 nb=38 wext=56.6 rebound=1
  TIER1 rest-coherence: worst=3.1deg bone[2]='bone_R-pinky03.mesh' count(>5deg)=0 freshRecap=0  xcheck(invOff-vs-restW) worst=3.1deg bone[2]
  TIER2 joint-attach(PRIMARY): worst=62.10u bone[3]='bone_R-index02.mesh' parent[8] R=47.0 exactJoint=5.82u pairs=30  (palette-wide exactWorst=8.72u)
[HANDS_ATTACH] mesh='hands_naked.mesh' owner='hands_naked.mesh' frame=5564 nb=40 wext=50.9 rebound=1
  TIER1 rest-coherence: worst=3.1deg bone[2]='bone_R-foreTwist2.mesh' count(>5deg)=0 freshRecap=0  xcheck(invOff-vs-restW) worst=3.1deg bone[2]
  TIER2 joint-attach(PRIMARY): worst=61.80u bone[16]='bone_R-thumb01.mesh' parent[1] R=42.9 exactJoint=1.89u pairs=36  (palette-wide exactWorst=7.58u)
[HANDS_ATTACH] mesh='hands_naked.mesh' owner='hands_naked.mesh' frame=5566 nb=38 wext=76.9 rebound=1
  TIER1 rest-coherence: worst=3.1deg bone[2]='bone_R-pinky03.mesh' count(>5deg)=0 freshRecap=0  xcheck(invOff-vs-restW) worst=3.1deg bone[2]
  TIER2 joint-attach(PRIMARY): worst=83.32u bone[11]='bone_R-middlefinger02.mesh' parent[1] R=46.8 exactJoint=1.05u pairs=30  (palette-wide exactWorst=7.74u)
[HANDS_ATTACH] mesh='hands_naked.mesh' owner='hands_naked.mesh' frame=5570 nb=38 wext=50.2 rebound=1
  TIER1 rest-coherence: worst=3.1deg bone[2]='bone_R-pinky03.mesh' count(>5deg)=0 freshRecap=0  xcheck(invOff-vs-restW) worst=3.1deg bone[2]
  TIER2 joint-attach(PRIMARY): worst=61.47u bone[3]='bone_R-index02.mesh' parent[8] R=47.0 exactJoint=6.04u pairs=30  (palette-wide exactWorst=8.69u)
[HANDS_ATTACH] mesh='hands_naked.mesh' owner='hands_naked.mesh' frame=5574 nb=40 wext=51.7 rebound=1
  TIER1 rest-coherence: worst=3.1deg bone[2]='bone_R-foreTwist2.mesh' count(>5deg)=0 freshRecap=0  xcheck(invOff-vs-restW) worst=3.1deg bone[2]
  TIER2 joint-attach(PRIMARY): worst=61.80u bone[16]='bone_R-thumb01.mesh' parent[1] R=42.9 exactJoint=1.89u pairs=36  (palette-wide exactWorst=7.58u)
[HANDS_ATTACH] mesh='hands_naked.mesh' owner='hands_naked.mesh' frame=5576 nb=38 wext=65.5 rebound=1
  TIER1 rest-coherence: worst=3.1deg bone[2]='bone_R-pinky03.mesh' count(>5deg)=0 freshRecap=0  xcheck(invOff-vs-restW) worst=3.1deg bone[2]
  TIER2 joint-attach(PRIMARY): worst=83.51u bone[11]='bone_R-middlefinger02.mesh' parent[1] R=46.8 exactJoint=1.03u pairs=30  (palette-wide exactWorst=7.74u)
[HANDS_ATTACH] mesh='hands_naked.mesh' owner='hands_naked.mesh' frame=5580 nb=38 wext=52.1 rebound=1
  TIER1 rest-coherence: worst=3.1deg bone[2]='bone_R-pinky03.mesh' count(>5deg)=0 freshRecap=0  xcheck(invOff-vs-restW) worst=3.1deg bone[2]
  TIER2 joint-attach(PRIMARY): worst=62.70u bone[13]='bone_R-hand.mesh' parent[5] R=49.3 exactJoint=0.01u pairs=30  (palette-wide exactWorst=8.83u)
[HANDS_ATTACH] mesh='hands_naked.mesh' owner='hands_naked.mesh' frame=5584 nb=40 wext=54.2 rebound=1
  TIER1 rest-coherence: worst=3.1deg bone[2]='bone_R-foreTwist2.mesh' count(>5deg)=0 freshRecap=0  xcheck(invOff-vs-restW) worst=3.1deg bone[2]
  TIER2 joint-attach(PRIMARY): worst=61.80u bone[16]='bone_R-thumb01.mesh' parent[1] R=42.9 exactJoint=1.89u pairs=36  (palette-wide exactWorst=7.58u)
[HANDS_ATTACH] mesh='hands_naked.mesh' owner='hands_naked.mesh' frame=5586 nb=38 wext=83.2 rebound=1
  TIER1 rest-coherence: worst=3.1deg bone[2]='bone_R-pinky03.mesh' count(>5deg)=0 freshRecap=0  xcheck(invOff-vs-restW) worst=3.1deg bone[2]
  TIER2 joint-attach(PRIMARY): worst=83.10u bone[11]='bone_R-middlefinger02.mesh' parent[1] R=46.8 exactJoint=1.08u pairs=30  (palette-wide exactWorst=7.74u)
[HANDS_ATTACH] mesh='hands_naked.mesh' owner='hands_naked.mesh' frame=5590 nb=38 wext=50.4 rebound=1
  TIER1 rest-coherence: worst=3.1deg bone[2]='bone_R-pinky03.mesh' count(>5deg)=0 freshRecap=0  xcheck(invOff-vs-restW) worst=3.1deg bone[2]
  TIER2 joint-attach(PRIMARY): worst=67.13u bone[13]='bone_R-hand.mesh' parent[5] R=49.3 exactJoint=0.01u pairs=30  (palette-wide exactWorst=8.55u)
[HANDS_ATTACH] mesh='hands_naked.mesh' owner='hands_naked.mesh' frame=5594 nb=40 wext=54.6 rebound=1
  TIER1 rest-coherence: worst=3.1deg bone[2]='bone_R-foreTwist2.mesh' count(>5deg)=0 freshRecap=0  xcheck(invOff-vs-restW) worst=3.1deg bone[2]
  TIER2 joint-attach(PRIMARY): worst=61.80u bone[16]='bone_R-thumb01.mesh' parent[1] R=42.9 exactJoint=1.89u pairs=36  (palette-wide exactWorst=7.58u)
[HANDS_ATTACH] mesh='hands_naked.mesh' owner='hands_naked.mesh' frame=5596 nb=38 wext=85.8 rebound=1
  TIER1 rest-coherence: worst=3.1deg bone[2]='bone_R-pinky03.mesh' count(>5deg)=0 freshRecap=0  xcheck(invOff-vs-restW) worst=3.1deg bone[2]
  TIER2 joint-attach(PRIMARY): worst=83.07u bone[11]='bone_R-middlefinger02.mesh' parent[1] R=46.8 exactJoint=1.08u pairs=30  (palette-wide exactWorst=7.74u)
[HANDS_ATTACH] mesh='hands_naked.mesh' owner='hands_naked.mesh' frame=5600 nb=38 wext=61.0 rebound=1
  TIER1 rest-coherence: worst=3.1deg bone[2]='bone_R-pinky03.mesh' count(>5deg)=0 freshRecap=0  xcheck(invOff-vs-restW) worst=3.1deg bone[2]
  TIER2 joint-attach(PRIMARY): worst=77.98u bone[13]='bone_R-hand.mesh' parent[5] R=49.3 exactJoint=0.01u pairs=30  (palette-wide exactWorst=7.99u)
[HANDS_ATTACH] mesh='hands_naked.mesh' owner='hands_naked.mesh' frame=5604 nb=40 wext=52.8 rebound=1
  TIER1 rest-coherence: worst=3.1deg bone[2]='bone_R-foreTwist2.mesh' count(>5deg)=0 freshRecap=0  xcheck(invOff-vs-restW) worst=3.1deg bone[2]
  TIER2 joint-attach(PRIMARY): worst=61.80u bone[16]='bone_R-thumb01.mesh' parent[1] R=42.9 exactJoint=1.89u pairs=36  (palette-wide exactWorst=7.58u)
[HANDS_ATTACH] mesh='hands_naked.mesh' owner='hands_naked.mesh' frame=5606 nb=38 wext=82.2 rebound=1
  TIER1 rest-coherence: worst=3.1deg bone[2]='bone_R-pinky03.mesh' count(>5deg)=0 freshRecap=0  xcheck(invOff-vs-restW) worst=3.1deg bone[2]
  TIER2 joint-attach(PRIMARY): worst=83.15u bone[11]='bone_R-middlefinger02.mesh' parent[1] R=46.8 exactJoint=1.07u pairs=30  (palette-wide exactWorst=7.74u)
[HANDS_ATTACH] mesh='hands_naked.mesh' owner='hands_naked.mesh' frame=5610 nb=38 wext=52.4 rebound=1
  TIER1 rest-coherence: worst=3.1deg bone[2]='bone_R-pinky03.mesh' count(>5deg)=0 freshRecap=0  xcheck(invOff-vs-restW) worst=3.1deg bone[2]
  TIER2 joint-attach(PRIMARY): worst=74.41u bone[13]='bone_R-hand.mesh' parent[5] R=49.3 exactJoint=0.01u pairs=30  (palette-wide exactWorst=7.99u)
[HANDS_ATTACH] mesh='hands_naked.mesh' owner='hands_naked.mesh' frame=5614 nb=40 wext=51.3 rebound=1
  TIER1 rest-coherence: worst=3.1deg bone[2]='bone_R-foreTwist2.mesh' count(>5deg)=0 freshRecap=0  xcheck(invOff-vs-restW) worst=3.1deg bone[2]
  TIER2 joint-attach(PRIMARY): worst=61.80u bone[16]='bone_R-thumb01.mesh' parent[1] R=42.9 exactJoint=1.89u pairs=36  (palette-wide exactWorst=7.58u)
[HANDS_ATTACH] mesh='hands_naked.mesh' owner='hands_naked.mesh' frame=5616 nb=38 wext=79.4 rebound=1
  TIER1 rest-coherence: worst=3.1deg bone[2]='bone_R-pinky03.mesh' count(>5deg)=0 freshRecap=0  xcheck(invOff-vs-restW) worst=3.1deg bone[2]
  TIER2 joint-attach(PRIMARY): worst=83.61u bone[11]='bone_R-middlefinger02.mesh' parent[1] R=46.8 exactJoint=1.01u pairs=30  (palette-wide exactWorst=7.74u)
[HANDS_ATTACH] mesh='hands_naked.mesh' owner='hands_naked.mesh' frame=5622 nb=38 wext=69.6 rebound=1
  TIER1 rest-coherence: worst=3.1deg bone[2]='bone_R-pinky03.mesh' count(>5deg)=0 freshRecap=0  xcheck(invOff-vs-restW) worst=3.1deg bone[2]
  TIER2 joint-attach(PRIMARY): worst=59.29u bone[26]='bone_L-middlefinger02.mesh' parent[23] R=46.8 exactJoint=4.60u pairs=30  (palette-wide exactWorst=7.99u)
[HANDS_ATTACH] mesh='hands_naked.mesh' owner='hands_naked.mesh' frame=5630 nb=40 wext=46.6 rebound=1
  TIER1 rest-coherence: worst=3.1deg bone[2]='bone_R-foreTwist2.mesh' count(>5deg)=0 freshRecap=0  xcheck(invOff-vs-restW) worst=3.1deg bone[2]
  TIER2 joint-attach(PRIMARY): worst=61.20u bone[16]='bone_R-thumb01.mesh' parent[1] R=42.9 exactJoint=2.65u pairs=36  (palette-wide exactWorst=5.79u)
[HANDS_ATTACH] mesh='hands_naked.mesh' owner='hands_naked.mesh' frame=5634 nb=38 wext=67.9 rebound=1
  TIER1 rest-coherence: worst=3.1deg bone[2]='bone_R-pinky03.mesh' count(>5deg)=0 freshRecap=0  xcheck(invOff-vs-restW) worst=3.1deg bone[2]
  TIER2 joint-attach(PRIMARY): worst=91.49u bone[29]='bone_L-hand.mesh' parent[22] R=49.3 exactJoint=0.15u pairs=30  (palette-wide exactWorst=8.97u)
[HANDS_ATTACH] mesh='hands_naked.mesh' owner='hands_naked.mesh' frame=5642 nb=38 wext=72.2 rebound=1
  TIER1 rest-coherence: worst=3.1deg bone[2]='bone_R-pinky03.mesh' count(>5deg)=0 freshRecap=0  xcheck(invOff-vs-restW) worst=3.1deg bone[2]
  TIER2 joint-attach(PRIMARY): worst=67.53u bone[17]='bone_R-ringfinger02.mesh' parent[15] R=46.7 exactJoint=0.00u pairs=30  (palette-wide exactWorst=7.99u)
[HANDS_ATTACH] mesh='hands_naked.mesh' owner='hands_naked.mesh' frame=5650 nb=40 wext=43.9 rebound=1
  TIER1 rest-coherence: worst=3.1deg bone[2]='bone_R-foreTwist2.mesh' count(>5deg)=0 freshRecap=0  xcheck(invOff-vs-restW) worst=3.1deg bone[2]
  TIER2 joint-attach(PRIMARY): worst=57.75u bone[16]='bone_R-thumb01.mesh' parent[1] R=42.9 exactJoint=0.02u pairs=36  (palette-wide exactWorst=5.79u)
[HANDS_ATTACH] mesh='hands_naked.mesh' owner='hands_naked.mesh' frame=5654 nb=38 wext=64.8 rebound=1
  TIER1 rest-coherence: worst=3.1deg bone[2]='bone_R-pinky03.mesh' count(>5deg)=0 freshRecap=0  xcheck(invOff-vs-restW) worst=3.1deg bone[2]
  TIER2 joint-attach(PRIMARY): worst=86.17u bone[29]='bone_L-hand.mesh' parent[22] R=49.3 exactJoint=0.15u pairs=30  (palette-wide exactWorst=8.97u)
[HANDS_ATTACH] mesh='hands_naked.mesh' owner='hands_naked.mesh' frame=5662 nb=38 wext=74.5 rebound=1
  TIER1 rest-coherence: worst=3.1deg bone[2]='bone_R-pinky03.mesh' count(>5deg)=0 freshRecap=0  xcheck(invOff-vs-restW) worst=3.1deg bone[2]
  TIER2 joint-attach(PRIMARY): worst=66.80u bone[17]='bone_R-ringfinger02.mesh' parent[15] R=46.7 exactJoint=0.17u pairs=30  (palette-wide exactWorst=7.99u)
[HANDS_ATTACH] mesh='hands_naked.mesh' owner='hands_naked.mesh' frame=5670 nb=40 wext=56.8 rebound=1
  TIER1 rest-coherence: worst=3.1deg bone[2]='bone_R-foreTwist2.mesh' count(>5deg)=0 freshRecap=0  xcheck(invOff-vs-restW) worst=3.1deg bone[2]
  TIER2 joint-attach(PRIMARY): worst=71.09u bone[9]='bone_R-pinky02.mesh' parent[14] R=41.3 exactJoint=3.91u pairs=36  (palette-wide exactWorst=8.46u)
[HANDS_ATTACH] mesh='hands_naked.mesh' owner='hands_naked.mesh' frame=5674 nb=38 wext=61.4 rebound=1
  TIER1 rest-coherence: worst=3.1deg bone[2]='bone_R-pinky03.mesh' count(>5deg)=0 freshRecap=0  xcheck(invOff-vs-restW) worst=3.1deg bone[2]
  TIER2 joint-attach(PRIMARY): worst=94.24u bone[29]='bone_L-hand.mesh' parent[22] R=49.3 exactJoint=0.15u pairs=30  (palette-wide exactWorst=8.97u)
[HANDS_ATTACH] mesh='hands_naked.mesh' owner='hands_naked.mesh' frame=5682 nb=38 wext=74.0 rebound=1
  TIER1 rest-coherence: worst=3.1deg bone[2]='bone_R-pinky03.mesh' count(>5deg)=0 freshRecap=0  xcheck(invOff-vs-restW) worst=3.1deg bone[2]
  TIER2 joint-attach(PRIMARY): worst=57.80u bone[32]='bone_L-ringfinger02.mesh' parent[27] R=46.7 exactJoint=6.42u pairs=30  (palette-wide exactWorst=8.05u)
[HANDS_ATTACH] mesh='hands_naked.mesh' owner='hands_naked.mesh' frame=5690 nb=40 wext=77.7 rebound=1
  TIER1 rest-coherence: worst=3.1deg bone[2]='bone_R-foreTwist2.mesh' count(>5deg)=0 freshRecap=0  xcheck(invOff-vs-restW) worst=3.1deg bone[2]
  TIER2 joint-attach(PRIMARY): worst=44.99u bone[5]='bone_R-ringfinger02.mesh' parent[24] R=41.1 exactJoint=0.02u pairs=36  (palette-wide exactWorst=5.79u)
[HANDS_ATTACH] mesh='hands_naked.mesh' owner='hands_naked.mesh' frame=5694 nb=38 wext=63.8 rebound=1
  TIER1 rest-coherence: worst=3.1deg bone[2]='bone_R-pinky03.mesh' count(>5deg)=0 freshRecap=0  xcheck(invOff-vs-restW) worst=3.1deg bone[2]
  TIER2 joint-attach(PRIMARY): worst=97.58u bone[29]='bone_L-hand.mesh' parent[22] R=49.3 exactJoint=0.15u pairs=30  (palette-wide exactWorst=8.97u)
[HANDS_ATTACH] mesh='hands_naked.mesh' owner='hands_naked.mesh' frame=5702 nb=38 wext=78.5 rebound=1
  TIER1 rest-coherence: worst=3.1deg bone[2]='bone_R-pinky03.mesh' count(>5deg)=0 freshRecap=0  xcheck(invOff-vs-restW) worst=3.1deg bone[2]
  TIER2 joint-attach(PRIMARY): worst=57.80u bone[32]='bone_L-ringfinger02.mesh' parent[27] R=46.7 exactJoint=6.42u pairs=30  (palette-wide exactWorst=8.74u)
[HANDS_ATTACH] mesh='hands_naked.mesh' owner='hands_naked.mesh' frame=5710 nb=40 wext=73.3 rebound=1
  TIER1 rest-coherence: worst=3.1deg bone[2]='bone_R-foreTwist2.mesh' count(>5deg)=0 freshRecap=0  xcheck(invOff-vs-restW) worst=3.1deg bone[2]
  TIER2 joint-attach(PRIMARY): worst=41.88u bone[12]='bone_L-middlefinger02.mesh' parent[25] R=41.0 exactJoint=2.83u pairs=36  (palette-wide exactWorst=5.79u)
[HANDS_ATTACH] mesh='hands_naked.mesh' owner='hands_naked.mesh' frame=5714 nb=38 wext=65.9 rebound=1
  TIER1 rest-coherence: worst=3.1deg bone[2]='bone_R-pinky03.mesh' count(>5deg)=0 freshRecap=0  xcheck(invOff-vs-restW) worst=3.1deg bone[2]
  TIER2 joint-attach(PRIMARY): worst=97.36u bone[29]='bone_L-hand.mesh' parent[22] R=49.3 exactJoint=0.15u pairs=30  (palette-wide exactWorst=8.97u)
[HANDS_ATTACH] mesh='hands_naked.mesh' owner='hands_naked.mesh' frame=5722 nb=38 wext=75.9 rebound=1
  TIER1 rest-coherence: worst=3.1deg bone[2]='bone_R-pinky03.mesh' count(>5deg)=0 freshRecap=0  xcheck(invOff-vs-restW) worst=3.1deg bone[2]
  TIER2 joint-attach(PRIMARY): worst=57.01u bone[32]='bone_L-ringfinger02.mesh' parent[27] R=46.7 exactJoint=6.64u pairs=30  (palette-wide exactWorst=7.82u)
[HANDS_ATTACH] mesh='hands_naked.mesh' owner='hands_naked.mesh' frame=5730 nb=40 wext=64.2 rebound=1
  TIER1 rest-coherence: worst=3.1deg bone[2]='bone_R-foreTwist2.mesh' count(>5deg)=0 freshRecap=0  xcheck(invOff-vs-restW) worst=3.1deg bone[2]
  TIER2 joint-attach(PRIMARY): worst=60.93u bone[5]='bone_R-ringfinger02.mesh' parent[24] R=41.1 exactJoint=0.02u pairs=36  (palette-wide exactWorst=5.79u)
[HANDS_ATTACH] mesh='hands_naked.mesh' owner='hands_naked.mesh' frame=5734 nb=38 wext=70.2 rebound=1
  TIER1 rest-coherence: worst=3.1deg bone[2]='bone_R-pinky03.mesh' count(>5deg)=0 freshRecap=0  xcheck(invOff-vs-restW) worst=3.1deg bone[2]
  TIER2 joint-attach(PRIMARY): worst=106.68u bone[29]='bone_L-hand.mesh' parent[22] R=49.3 exactJoint=0.15u pairs=30  (palette-wide exactWorst=8.98u)
[HANDS_ATTACH] mesh='hands_naked.mesh' owner='hands_naked.mesh' frame=5742 nb=38 wext=79.8 rebound=1
  TIER1 rest-coherence: worst=3.1deg bone[2]='bone_R-pinky03.mesh' count(>5deg)=0 freshRecap=0  xcheck(invOff-vs-restW) worst=3.1deg bone[2]
  TIER2 joint-attach(PRIMARY): worst=92.64u bone[11]='bone_R-middlefinger02.mesh' parent[1] R=46.8 exactJoint=4.17u pairs=30  (palette-wide exactWorst=8.03u)
[HANDS_ATTACH] mesh='hands_naked.mesh' owner='hands_naked.mesh' frame=5750 nb=40 wext=76.3 rebound=1
  TIER1 rest-coherence: worst=3.1deg bone[2]='bone_R-foreTwist2.mesh' count(>5deg)=0 freshRecap=0  xcheck(invOff-vs-restW) worst=3.1deg bone[2]
  TIER2 joint-attach(PRIMARY): worst=54.80u bone[19]='bone_R-index02.mesh' parent[18] R=40.9 exactJoint=0.26u pairs=36  (palette-wide exactWorst=5.79u)
[HANDS_ATTACH] mesh='hands_naked.mesh' owner='hands_naked.mesh' frame=5754 nb=38 wext=68.1 rebound=1
  TIER1 rest-coherence: worst=3.1deg bone[2]='bone_R-pinky03.mesh' count(>5deg)=0 freshRecap=0  xcheck(invOff-vs-restW) worst=3.1deg bone[2]
  TIER2 joint-attach(PRIMARY): worst=107.90u bone[29]='bone_L-hand.mesh' parent[22] R=49.3 exactJoint=0.15u pairs=30  (palette-wide exactWorst=8.97u)
[HANDS_ATTACH] mesh='hands_naked.mesh' owner='hands_naked.mesh' frame=5762 nb=38 wext=71.7 rebound=1
  TIER1 rest-coherence: worst=3.1deg bone[2]='bone_R-pinky03.mesh' count(>5deg)=0 freshRecap=0  xcheck(invOff-vs-restW) worst=3.1deg bone[2]
  TIER2 joint-attach(PRIMARY): worst=82.54u bone[3]='bone_R-index02.mesh' parent[8] R=47.0 exactJoint=0.01u pairs=30  (palette-wide exactWorst=8.48u)
[HANDS_ATTACH] mesh='hands_naked.mesh' owner='hands_naked.mesh' frame=5770 nb=40 wext=75.8 rebound=1
  TIER1 rest-coherence: worst=3.1deg bone[2]='bone_R-foreTwist2.mesh' count(>5deg)=0 freshRecap=0  xcheck(invOff-vs-restW) worst=3.1deg bone[2]
  TIER2 joint-attach(PRIMARY): worst=41.88u bone[12]='bone_L-middlefinger02.mesh' parent[25] R=41.0 exactJoint=2.83u pairs=36  (palette-wide exactWorst=5.79u)
[HANDS_ATTACH] mesh='hands_naked.mesh' owner='hands_naked.mesh' frame=5774 nb=38 wext=67.6 rebound=1
  TIER1 rest-coherence: worst=3.1deg bone[2]='bone_R-pinky03.mesh' count(>5deg)=0 freshRecap=0  xcheck(invOff-vs-restW) worst=3.1deg bone[2]
  TIER2 joint-attach(PRIMARY): worst=101.13u bone[29]='bone_L-hand.mesh' parent[22] R=49.3 exactJoint=0.15u pairs=30  (palette-wide exactWorst=8.97u)
[HANDS_ATTACH] mesh='hands_naked.mesh' owner='hands_naked.mesh' frame=5781 nb=38 wext=72.4 rebound=1
  TIER1 rest-coherence: worst=3.1deg bone[2]='bone_R-pinky03.mesh' count(>5deg)=0 freshRecap=0  xcheck(invOff-vs-restW) worst=3.1deg bone[2]
  TIER2 joint-attach(PRIMARY): worst=72.23u bone[3]='bone_R-index02.mesh' parent[8] R=47.0 exactJoint=2.92u pairs=30  (palette-wide exactWorst=8.83u)
[HANDS_ATTACH] mesh='hands_naked.mesh' owner='hands_naked.mesh' frame=5785 nb=40 wext=75.2 rebound=1
  TIER1 rest-coherence: worst=3.1deg bone[2]='bone_R-foreTwist2.mesh' count(>5deg)=0 freshRecap=0  xcheck(invOff-vs-restW) worst=3.1deg bone[2]
  TIER2 joint-attach(PRIMARY): worst=60.36u bone[5]='bone_R-ringfinger02.mesh' parent[24] R=41.1 exactJoint=0.02u pairs=36  (palette-wide exactWorst=5.79u)
[HANDS_ATTACH] mesh='hands_naked.mesh' owner='hands_naked.mesh' frame=5787 nb=38 wext=79.1 rebound=1
  TIER1 rest-coherence: worst=3.1deg bone[2]='bone_R-pinky03.mesh' count(>5deg)=0 freshRecap=0  xcheck(invOff-vs-restW) worst=3.1deg bone[2]
  TIER2 joint-attach(PRIMARY): worst=112.49u bone[29]='bone_L-hand.mesh' parent[22] R=49.3 exactJoint=0.15u pairs=30  (palette-wide exactWorst=8.98u)
[HANDS_ATTACH] mesh='hands_naked.mesh' owner='hands_naked.mesh' frame=5791 nb=38 wext=64.4 rebound=1
  TIER1 rest-coherence: worst=3.1deg bone[2]='bone_R-pinky03.mesh' count(>5deg)=0 freshRecap=0  xcheck(invOff-vs-restW) worst=3.1deg bone[2]
  TIER2 joint-attach(PRIMARY): worst=61.63u bone[3]='bone_R-index02.mesh' parent[8] R=47.0 exactJoint=5.99u pairs=30  (palette-wide exactWorst=8.71u)
[HANDS_ATTACH] mesh='hands_naked.mesh' owner='hands_naked.mesh' frame=5795 nb=40 wext=44.8 rebound=1
  TIER1 rest-coherence: worst=3.1deg bone[2]='bone_R-foreTwist2.mesh' count(>5deg)=0 freshRecap=0  xcheck(invOff-vs-restW) worst=3.1deg bone[2]
  TIER2 joint-attach(PRIMARY): worst=61.08u bone[16]='bone_R-thumb01.mesh' parent[1] R=42.9 exactJoint=2.72u pairs=36  (palette-wide exactWorst=5.79u)
[HANDS_ATTACH] mesh='hands_naked.mesh' owner='hands_naked.mesh' frame=5797 nb=38 wext=77.5 rebound=1
  TIER1 rest-coherence: worst=3.1deg bone[2]='bone_R-pinky03.mesh' count(>5deg)=0 freshRecap=0  xcheck(invOff-vs-restW) worst=3.1deg bone[2]
  TIER2 joint-attach(PRIMARY): worst=114.13u bone[29]='bone_L-hand.mesh' parent[22] R=49.3 exactJoint=0.15u pairs=30  (palette-wide exactWorst=8.98u)
[HANDS_ATTACH] mesh='hands_naked.mesh' owner='hands_naked.mesh' frame=5801 nb=38 wext=60.3 rebound=1
  TIER1 rest-coherence: worst=3.1deg bone[2]='bone_R-pinky03.mesh' count(>5deg)=0 freshRecap=0  xcheck(invOff-vs-restW) worst=3.1deg bone[2]
  TIER2 joint-attach(PRIMARY): worst=67.41u bone[3]='bone_R-index02.mesh' parent[8] R=47.0 exactJoint=5.11u pairs=30  (palette-wide exactWorst=8.43u)
[HANDS_ATTACH] mesh='hands_naked.mesh' owner='hands_naked.mesh' frame=5805 nb=40 wext=43.3 rebound=1
  TIER1 rest-coherence: worst=3.1deg bone[2]='bone_R-foreTwist2.mesh' count(>5deg)=0 freshRecap=0  xcheck(invOff-vs-restW) worst=3.1deg bone[2]
  TIER2 joint-attach(PRIMARY): worst=62.17u bone[16]='bone_R-thumb01.mesh' parent[1] R=42.9 exactJoint=0.98u pairs=36  (palette-wide exactWorst=5.79u)
[HANDS_ATTACH] mesh='hands_naked.mesh' owner='hands_naked.mesh' frame=5807 nb=38 wext=72.3 rebound=1
  TIER1 rest-coherence: worst=3.1deg bone[2]='bone_R-pinky03.mesh' count(>5deg)=0 freshRecap=0  xcheck(invOff-vs-restW) worst=3.1deg bone[2]
  TIER2 joint-attach(PRIMARY): worst=107.04u bone[29]='bone_L-hand.mesh' parent[22] R=49.3 exactJoint=0.15u pairs=30  (palette-wide exactWorst=8.97u)
[HANDS_ATTACH] mesh='hands_naked.mesh' owner='hands_naked.mesh' frame=5811 nb=38 wext=65.9 rebound=1
  TIER1 rest-coherence: worst=3.1deg bone[2]='bone_R-pinky03.mesh' count(>5deg)=0 freshRecap=0  xcheck(invOff-vs-restW) worst=3.1deg bone[2]
  TIER2 joint-attach(PRIMARY): worst=66.05u bone[13]='bone_R-hand.mesh' parent[5] R=49.3 exactJoint=0.01u pairs=30  (palette-wide exactWorst=8.50u)
[HANDS_ATTACH] mesh='hands_naked.mesh' owner='hands_naked.mesh' frame=5815 nb=40 wext=45.8 rebound=1
  TIER1 rest-coherence: worst=3.1deg bone[2]='bone_R-foreTwist2.mesh' count(>5deg)=0 freshRecap=0  xcheck(invOff-vs-restW) worst=3.1deg bone[2]
  TIER2 joint-attach(PRIMARY): worst=62.17u bone[16]='bone_R-thumb01.mesh' parent[1] R=42.9 exactJoint=0.98u pairs=36  (palette-wide exactWorst=5.79u)
[HANDS_ATTACH] mesh='hands_naked.mesh' owner='hands_naked.mesh' frame=5817 nb=38 wext=74.6 rebound=1
  TIER1 rest-coherence: worst=3.1deg bone[2]='bone_R-pinky03.mesh' count(>5deg)=0 freshRecap=0  xcheck(invOff-vs-restW) worst=3.1deg bone[2]
  TIER2 joint-attach(PRIMARY): worst=105.72u bone[29]='bone_L-hand.mesh' parent[22] R=49.3 exactJoint=0.15u pairs=30  (palette-wide exactWorst=8.97u)
[HANDS_ATTACH] mesh='hands_naked.mesh' owner='hands_naked.mesh' frame=5821 nb=38 wext=63.1 rebound=1
  TIER1 rest-coherence: worst=3.1deg bone[2]='bone_R-pinky03.mesh' count(>5deg)=0 freshRecap=0  xcheck(invOff-vs-restW) worst=3.1deg bone[2]
  TIER2 joint-attach(PRIMARY): worst=59.29u bone[26]='bone_L-middlefinger02.mesh' parent[23] R=46.8 exactJoint=4.60u pairs=30  (palette-wide exactWorst=8.87u)
[HANDS_ATTACH] mesh='hands_naked.mesh' owner='hands_naked.mesh' frame=5825 nb=40 wext=44.1 rebound=1
  TIER1 rest-coherence: worst=3.1deg bone[2]='bone_R-foreTwist2.mesh' count(>5deg)=0 freshRecap=0  xcheck(invOff-vs-restW) worst=3.1deg bone[2]
  TIER2 joint-attach(PRIMARY): worst=57.89u bone[16]='bone_R-thumb01.mesh' parent[1] R=42.9 exactJoint=0.02u pairs=36  (palette-wide exactWorst=6.82u)
[HANDS_ATTACH] mesh='hands_naked.mesh' owner='hands_naked.mesh' frame=5827 nb=38 wext=74.9 rebound=1
  TIER1 rest-coherence: worst=3.1deg bone[2]='bone_R-pinky03.mesh' count(>5deg)=0 freshRecap=0  xcheck(invOff-vs-restW) worst=3.1deg bone[2]
  TIER2 joint-attach(PRIMARY): worst=106.64u bone[29]='bone_L-hand.mesh' parent[22] R=49.3 exactJoint=0.15u pairs=30  (palette-wide exactWorst=8.97u)
[HANDS_ATTACH] mesh='hands_naked.mesh' owner='hands_naked.mesh' frame=5831 nb=38 wext=57.0 rebound=1
  TIER1 rest-coherence: worst=3.1deg bone[2]='bone_R-pinky03.mesh' count(>5deg)=0 freshRecap=0  xcheck(invOff-vs-restW) worst=3.1deg bone[2]
  TIER2 joint-attach(PRIMARY): worst=73.06u bone[13]='bone_R-hand.mesh' parent[5] R=49.3 exactJoint=0.01u pairs=30  (palette-wide exactWorst=8.02u)
