[LOADBIND_SUBDIR] member='main' subdir='' storedFile='char/char/main/torso/male/vestdenim/vestdenim_resource.milo' storedEmpty=0 baseAct=0 -> act=kReplace overrode=1 noshim=0 bindfix=1 skelBearing=0 bindFixExempt=0
[LOADBIND_SUBDIR] member='main' subdir='' storedFile='char/char/main/legs/male/tightdistressedpants/tightdistressedpants_resource.milo' storedEmpty=0 baseAct=0 -> act=kReplace overrode=1 noshim=0 bindfix=1 skelBearing=0 bindFixExempt=0
[LOADBIND_SUBDIR] member='main' subdir='' storedFile='char/char/main/shared/char_shared.milo' storedEmpty=0 baseAct=0 -> act=kMerge overrode=0 noshim=0 bindfix=1 skelBearing=1 bindFixExempt=1
[LOADBIND_SUBDIR] member='main' subdir='' storedFile='char/char/main/shared/colorpalettes.milo' storedEmpty=0 baseAct=0 -> act=kReplace overrode=1 noshim=0 bindfix=1 skelBearing=0 bindFixExempt=0
[LOADBIND_SUBDIR] member='main' subdir='' storedFile='char/main/skeleton.milo' storedEmpty=0 baseAct=0 -> act=kMerge overrode=0 noshim=0 bindfix=1 skelBearing=1 bindFixExempt=1
[LOADBIND_SUBDIR] member='main' subdir='' storedFile='char/main/skeleton_unshared.milo' storedEmpty=0 baseAct=0 -> act=kMerge overrode=0 noshim=0 bindfix=1 skelBearing=1 bindFixExempt=1
[LOADBIND_SUBDIR] member='main' subdir='' storedFile='char/char/main/feet/male/cowboyboots/cowboyboots_resource.milo' storedEmpty=0 baseAct=0 -> act=kReplace overrode=1 noshim=0 bindfix=1 skelBearing=0 bindFixExempt=0
[LOADBIND_SUBDIR] member='main' subdir='' storedFile='char/char/main/shared/char_shared.milo' storedEmpty=0 baseAct=0 -> act=kMerge overrode=0 noshim=0 bindfix=1 skelBearing=1 bindFixExempt=1
[LOADBIND_SUBDIR] member='main' subdir='' storedFile='char/char/main/shared/colorpalettes.milo' storedEmpty=0 baseAct=0 -> act=kReplace overrode=1 noshim=0 bindfix=1 skelBearing=0 bindFixExempt=0
[LOADBIND_SUBDIR] member='main' subdir='' storedFile='char/main/skeleton.milo' storedEmpty=0 baseAct=0 -> act=kMerge overrode=0 noshim=0 bindfix=1 skelBearing=1 bindFixExempt=1
[LOADBIND_SUBDIR] member='main' subdir='' storedFile='char/main/skeleton_unshared.milo' storedEmpty=0 baseAct=0 -> act=kMerge overrode=0 noshim=0 bindfix=1 skelBearing=1 bindFixExempt=1
[LOADBIND_SUBDIR] member='main' subdir='' storedFile='char/char/main/shared/char_shared.milo' storedEmpty=0 baseAct=0 -> act=kMerge overrode=0 noshim=0 bindfix=1 skelBearing=1 bindFixExempt=1
[LOADBIND_SUBDIR] member='main' subdir='' storedFile='char/char/main/shared/colorpalettes.milo' storedEmpty=0 baseAct=0 -> act=kReplace overrode=1 noshim=0 bindfix=1 skelBearing=0 bindFixExempt=0
[LOADBIND_SUBDIR] member='main' subdir='' storedFile='char/main/skeleton.milo' storedEmpty=0 baseAct=0 -> act=kMerge overrode=0 noshim=0 bindfix=1 skelBearing=1 bindFixExempt=1
[LOADBIND_SUBDIR] member='main' subdir='' storedFile='char/main/skeleton_unshared.milo' storedEmpty=0 baseAct=0 -> act=kMerge overrode=0 noshim=0 bindfix=1 skelBearing=1 bindFixExempt=1
[LOADBIND_SUBDIR] member='main' subdir='' storedFile='char/char/main/shared/char_shared.milo' storedEmpty=0 baseAct=0 -> act=kMerge overrode=0 noshim=0 bindfix=1 skelBearing=1 bindFixExempt=1
[LOADBIND_SUBDIR] member='main' subdir='' storedFile='char/char/main/shared/colorpalettes.milo' storedEmpty=0 baseAct=0 -> act=kReplace overrode=1 noshim=0 bindfix=1 skelBearing=0 bindFixExempt=0
[LOADBIND_SUBDIR] member='main' subdir='' storedFile='char/main/skeleton.milo' storedEmpty=0 baseAct=0 -> act=kMerge overrode=0 noshim=0 bindfix=1 skelBearing=1 bindFixExempt=1
[LOADBIND_SUBDIR] member='main' subdir='' storedFile='char/main/skeleton_unshared.milo' storedEmpty=0 baseAct=0 -> act=kMerge overrode=0 noshim=0 bindfix=1 skelBearing=1 bindFixExempt=1
[LOADBIND_SUBDIR] member='main' subdir='' storedFile='char/char/main/shared/char_shared.milo' storedEmpty=0 baseAct=0 -> act=kMerge overrode=0 noshim=0 bindfix=1 skelBearing=1 bindFixExempt=1
[LOADBIND_SUBDIR] member='main' subdir='' storedFile='char/char/main/shared/colorpalettes.milo' storedEmpty=0 baseAct=0 -> act=kReplace overrode=1 noshim=0 bindfix=1 skelBearing=0 bindFixExempt=0
[LOADBIND_SUBDIR] member='main' subdir='' storedFile='char/main/skeleton.milo' storedEmpty=0 baseAct=0 -> act=kMerge overrode=0 noshim=0 bindfix=1 skelBearing=1 bindFixExempt=1
[LOADBIND_SUBDIR] member='main' subdir='' storedFile='char/main/skeleton_unshared.milo' storedEmpty=0 baseAct=0 -> act=kMerge overrode=0 noshim=0 bindfix=1 skelBearing=1 bindFixExempt=1
[LOADBIND_SUBDIR] member='main' subdir='' storedFile='char/char/main/torso/female/trackjacket/trackjacket_resource.milo' storedEmpty=0 baseAct=0 -> act=kReplace overrode=1 noshim=0 bindfix=1 skelBearing=0 bindFixExempt=0
[LOADBIND_SUBDIR] member='main' subdir='' storedFile='char/char/main/legs/female/buttflappants/buttflappants_resource.milo' storedEmpty=0 baseAct=0 -> act=kReplace overrode=1 noshim=0 bindfix=1 skelBearing=0 bindFixExempt=0
[LOADBIND_SUBDIR] member='main' subdir='' storedFile='char/char/main/shared/char_shared.milo' storedEmpty=0 baseAct=0 -> act=kMerge overrode=0 noshim=0 bindfix=1 skelBearing=1 bindFixExempt=1
[LOADBIND_SUBDIR] member='main' subdir='' storedFile='char/char/main/shared/colorpalettes.milo' storedEmpty=0 baseAct=0 -> act=kReplace overrode=1 noshim=0 bindfix=1 skelBearing=0 bindFixExempt=0
[LOADBIND_SUBDIR] member='main' subdir='' storedFile='char/main/skeleton.milo' storedEmpty=0 baseAct=0 -> act=kMerge overrode=0 noshim=0 bindfix=1 skelBearing=1 bindFixExempt=1
[LOADBIND_SUBDIR] member='main' subdir='' storedFile='char/main/skeleton_unshared.milo' storedEmpty=0 baseAct=0 -> act=kMerge overrode=0 noshim=0 bindfix=1 skelBearing=1 bindFixExempt=1
[LOADBIND_SUBDIR] member='main' subdir='' storedFile='char/char/main/feet/female/saddleshoes/saddleshoes_resource.milo' storedEmpty=0 baseAct=0 -> act=kReplace overrode=1 noshim=0 bindfix=1 skelBearing=0 bindFixExempt=0
[LOADBIND_SUBDIR] member='main' subdir='' storedFile='char/char/main/shared/char_shared.milo' storedEmpty=0 baseAct=0 -> act=kMerge overrode=0 noshim=0 bindfix=1 skelBearing=1 bindFixExempt=1
[LOADBIND_SUBDIR] member='main' subdir='' storedFile='char/char/main/shared/colorpalettes.milo' storedEmpty=0 baseAct=0 -> act=kReplace overrode=1 noshim=0 bindfix=1 skelBearing=0 bindFixExempt=0
[LOADBIND_SUBDIR] member='main' subdir='' storedFile='char/main/skeleton.milo' storedEmpty=0 baseAct=0 -> act=kMerge overrode=0 noshim=0 bindfix=1 skelBearing=1 bindFixExempt=1
[LOADBIND_SUBDIR] member='main' subdir='' storedFile='char/main/skeleton_unshared.milo' storedEmpty=0 baseAct=0 -> act=kMerge overrode=0 noshim=0 bindfix=1 skelBearing=1 bindFixExempt=1
[LOADBIND_SUBDIR] member='main' subdir='' storedFile='char/char/main/shared/char_shared.milo' storedEmpty=0 baseAct=0 -> act=kMerge overrode=0 noshim=0 bindfix=1 skelBearing=1 bindFixExempt=1
[LOADBIND_SUBDIR] member='main' subdir='' storedFile='char/char/main/shared/colorpalettes.milo' storedEmpty=0 baseAct=0 -> act=kReplace overrode=1 noshim=0 bindfix=1 skelBearing=0 bindFixExempt=0
[LOADBIND_SUBDIR] member='main' subdir='' storedFile='char/main/skeleton.milo' storedEmpty=0 baseAct=0 -> act=kMerge overrode=0 noshim=0 bindfix=1 skelBearing=1 bindFixExempt=1
[LOADBIND_SUBDIR] member='main' subdir='' storedFile='char/main/skeleton_unshared.milo' storedEmpty=0 baseAct=0 -> act=kMerge overrode=0 noshim=0 bindfix=1 skelBearing=1 bindFixExempt=1
[LOADBIND_SUBDIR] member='main' subdir='' storedFile='char/char/main/shared/char_shared.milo' storedEmpty=0 baseAct=0 -> act=kMerge overrode=0 noshim=0 bindfix=1 skelBearing=1 bindFixExempt=1
[LOADBIND_SUBDIR] member='main' subdir='' storedFile='char/char/main/shared/colorpalettes.milo' storedEmpty=0 baseAct=0 -> act=kReplace overrode=1 noshim=0 bindfix=1 skelBearing=0 bindFixExempt=0
[LOADBIND_SUBDIR] member='main' subdir='' storedFile='char/main/skeleton.milo' storedEmpty=0 baseAct=0 -> act=kMerge overrode=0 noshim=0 bindfix=1 skelBearing=1 bindFixExempt=1
[LOADBIND_SUBDIR] member='main' subdir='' storedFile='char/main/skeleton_unshared.milo' storedEmpty=0 baseAct=0 -> act=kMerge overrode=0 noshim=0 bindfix=1 skelBearing=1 bindFixExempt=1
[LOADBIND_SUBDIR] member='main' subdir='' storedFile='char/char/main/torso/male/shred/shred_resource.milo' storedEmpty=0 baseAct=0 -> act=kReplace overrode=1 noshim=0 bindfix=1 skelBearing=0 bindFixExempt=0
[LOADBIND_SUBDIR] member='main' subdir='' storedFile='char/char/main/legs/male/grungepants/grungepants_resource.milo' storedEmpty=0 baseAct=0 -> act=kReplace overrode=1 noshim=0 bindfix=1 skelBearing=0 bindFixExempt=0
[LOADBIND_SUBDIR] member='main' subdir='' storedFile='char/char/main/shared/char_shared.milo' storedEmpty=0 baseAct=0 -> act=kMerge overrode=0 noshim=0 bindfix=1 skelBearing=1 bindFixExempt=1
[LOADBIND_SUBDIR] member='main' subdir='' storedFile='char/char/main/shared/colorpalettes.milo' storedEmpty=0 baseAct=0 -> act=kReplace overrode=1 noshim=0 bindfix=1 skelBearing=0 bindFixExempt=0
[LOADBIND_SUBDIR] member='main' subdir='' storedFile='char/main/skeleton.milo' storedEmpty=0 baseAct=0 -> act=kMerge overrode=0 noshim=0 bindfix=1 skelBearing=1 bindFixExempt=1
[LOADBIND_SUBDIR] member='main' subdir='' storedFile='char/main/skeleton_unshared.milo' storedEmpty=0 baseAct=0 -> act=kMerge overrode=0 noshim=0 bindfix=1 skelBearing=1 bindFixExempt=1
[LOADBIND_SUBDIR] member='main' subdir='' storedFile='char/char/main/feet/male/nailboots/nailboots_resource.milo' storedEmpty=0 baseAct=0 -> act=kReplace overrode=1 noshim=0 bindfix=1 skelBearing=0 bindFixExempt=0
[LOADBIND_SUBDIR] member='main' subdir='' storedFile='char/char/main/shared/char_shared.milo' storedEmpty=0 baseAct=0 -> act=kMerge overrode=0 noshim=0 bindfix=1 skelBearing=1 bindFixExempt=1
[LOADBIND_SUBDIR] member='main' subdir='' storedFile='char/char/main/shared/colorpalettes.milo' storedEmpty=0 baseAct=0 -> act=kReplace overrode=1 noshim=0 bindfix=1 skelBearing=0 bindFixExempt=0
[LOADBIND_SUBDIR] member='main' subdir='' storedFile='char/main/skeleton.milo' storedEmpty=0 baseAct=0 -> act=kMerge overrode=0 noshim=0 bindfix=1 skelBearing=1 bindFixExempt=1
[LOADBIND_SUBDIR] member='main' subdir='' storedFile='char/main/skeleton_unshared.milo' storedEmpty=0 baseAct=0 -> act=kMerge overrode=0 noshim=0 bindfix=1 skelBearing=1 bindFixExempt=1
[LOADBIND_SUBDIR] member='main' subdir='' storedFile='char/char/main/shared/char_shared.milo' storedEmpty=0 baseAct=0 -> act=kMerge overrode=0 noshim=0 bindfix=1 skelBearing=1 bindFixExempt=1
[LOADBIND_SUBDIR] member='main' subdir='' storedFile='char/char/main/shared/colorpalettes.milo' storedEmpty=0 baseAct=0 -> act=kReplace overrode=1 noshim=0 bindfix=1 skelBearing=0 bindFixExempt=0
[LOADBIND_SUBDIR] member='main' subdir='' storedFile='char/main/skeleton.milo' storedEmpty=0 baseAct=0 -> act=kMerge overrode=0 noshim=0 bindfix=1 skelBearing=1 bindFixExempt=1
[LOADBIND_SUBDIR] member='main' subdir='' storedFile='char/main/skeleton_unshared.milo' storedEmpty=0 baseAct=0 -> act=kMerge overrode=0 noshim=0 bindfix=1 skelBearing=1 bindFixExempt=1
[LOADBIND_SUBDIR] member='main' subdir='' storedFile='char/char/main/shared/char_shared.milo' storedEmpty=0 baseAct=0 -> act=kMerge overrode=0 noshim=0 bindfix=1 skelBearing=1 bindFixExempt=1
[LOADBIND_SUBDIR] member='main' subdir='' storedFile='char/char/main/shared/colorpalettes.milo' storedEmpty=0 baseAct=0 -> act=kReplace overrode=1 noshim=0 bindfix=1 skelBearing=0 bindFixExempt=0
[LOADBIND_SUBDIR] member='main' subdir='' storedFile='char/main/skeleton.milo' storedEmpty=0 baseAct=0 -> act=kMerge overrode=0 noshim=0 bindfix=1 skelBearing=1 bindFixExempt=1
[LOADBIND_SUBDIR] member='main' subdir='' storedFile='char/main/skeleton_unshared.milo' storedEmpty=0 baseAct=0 -> act=kMerge overrode=0 noshim=0 bindfix=1 skelBearing=1 bindFixExempt=1
[LOADBIND_SUBDIR] member='main' subdir='' storedFile='char/char/main/shared/char_shared.milo' storedEmpty=0 baseAct=0 -> act=kMerge overrode=0 noshim=0 bindfix=1 skelBearing=1 bindFixExempt=1
[LOADBIND_SUBDIR] member='main' subdir='' storedFile='char/char/main/shared/colorpalettes.milo' storedEmpty=0 baseAct=0 -> act=kReplace overrode=1 noshim=0 bindfix=1 skelBearing=0 bindFixExempt=0
[LOADBIND_SUBDIR] member='main' subdir='' storedFile='char/main/skeleton.milo' storedEmpty=0 baseAct=0 -> act=kMerge overrode=0 noshim=0 bindfix=1 skelBearing=1 bindFixExempt=1
[LOADBIND_SUBDIR] member='main' subdir='' storedFile='char/main/skeleton_unshared.milo' storedEmpty=0 baseAct=0 -> act=kMerge overrode=0 noshim=0 bindfix=1 skelBearing=1 bindFixExempt=1
[LOADBIND_SUBDIR] member='main' subdir='' storedFile='char/char/main/shared/char_shared.milo' storedEmpty=0 baseAct=0 -> act=kMerge overrode=0 noshim=0 bindfix=1 skelBearing=1 bindFixExempt=1
[LOADBIND_SUBDIR] member='main' subdir='' storedFile='char/char/main/shared/colorpalettes.milo' storedEmpty=0 baseAct=0 -> act=kReplace overrode=1 noshim=0 bindfix=1 skelBearing=0 bindFixExempt=0
[LOADBIND_SUBDIR] member='main' subdir='' storedFile='char/main/skeleton.milo' storedEmpty=0 baseAct=0 -> act=kMerge overrode=0 noshim=0 bindfix=1 skelBearing=1 bindFixExempt=1
[LOADBIND_SUBDIR] member='main' subdir='' storedFile='char/main/skeleton_unshared.milo' storedEmpty=0 baseAct=0 -> act=kMerge overrode=0 noshim=0 bindfix=1 skelBearing=1 bindFixExempt=1
[LOADBIND_SUBDIR] member='main' subdir='' storedFile='char/char/main/torso/male/plaid/plaidshirt_resource.milo' storedEmpty=0 baseAct=0 -> act=kReplace overrode=1 noshim=0 bindfix=1 skelBearing=0 bindFixExempt=0
[LOADBIND_SUBDIR] member='main' subdir='' storedFile='char/char/main/legs/male/tightjeans/tightjeans_resource.milo' storedEmpty=0 baseAct=0 -> act=kReplace overrode=1 noshim=0 bindfix=1 skelBearing=0 bindFixExempt=0
[LOADBIND_SUBDIR] member='main' subdir='' storedFile='char/char/main/shared/char_shared.milo' storedEmpty=0 baseAct=0 -> act=kMerge overrode=0 noshim=0 bindfix=1 skelBearing=1 bindFixExempt=1
[LOADBIND_SUBDIR] member='main' subdir='' storedFile='char/char/main/shared/colorpalettes.milo' storedEmpty=0 baseAct=0 -> act=kReplace overrode=1 noshim=0 bindfix=1 skelBearing=0 bindFixExempt=0
[LOADBIND_SUBDIR] member='main' subdir='' storedFile='char/main/skeleton.milo' storedEmpty=0 baseAct=0 -> act=kMerge overrode=0 noshim=0 bindfix=1 skelBearing=1 bindFixExempt=1
[LOADBIND_SUBDIR] member='main' subdir='' storedFile='char/main/skeleton_unshared.milo' storedEmpty=0 baseAct=0 -> act=kMerge overrode=0 noshim=0 bindfix=1 skelBearing=1 bindFixExempt=1
[LOADBIND_SUBDIR] member='main' subdir='' storedFile='char/char/main/feet/male/dressshoes/dressshoes_resource.milo' storedEmpty=0 baseAct=0 -> act=kReplace overrode=1 noshim=0 bindfix=1 skelBearing=0 bindFixExempt=0
[LOADBIND_SUBDIR] member='main' subdir='' storedFile='char/char/main/shared/char_shared.milo' storedEmpty=0 baseAct=0 -> act=kMerge overrode=0 noshim=0 bindfix=1 skelBearing=1 bindFixExempt=1
[LOADBIND_SUBDIR] member='main' subdir='' storedFile='char/char/main/shared/colorpalettes.milo' storedEmpty=0 baseAct=0 -> act=kReplace overrode=1 noshim=0 bindfix=1 skelBearing=0 bindFixExempt=0
[LOADBIND_SUBDIR] member='main' subdir='' storedFile='char/main/skeleton.milo' storedEmpty=0 baseAct=0 -> act=kMerge overrode=0 noshim=0 bindfix=1 skelBearing=1 bindFixExempt=1
[LOADBIND_SUBDIR] member='main' subdir='' storedFile='char/main/skeleton_unshared.milo' storedEmpty=0 baseAct=0 -> act=kMerge overrode=0 noshim=0 bindfix=1 skelBearing=1 bindFixExempt=1
[LOADBIND_SUBDIR] member='main' subdir='' storedFile='char/char/main/shared/char_shared.milo' storedEmpty=0 baseAct=0 -> act=kMerge overrode=0 noshim=0 bindfix=1 skelBearing=1 bindFixExempt=1
[LOADBIND_SUBDIR] member='main' subdir='' storedFile='char/char/main/shared/colorpalettes.milo' storedEmpty=0 baseAct=0 -> act=kReplace overrode=1 noshim=0 bindfix=1 skelBearing=0 bindFixExempt=0
[LOADBIND_SUBDIR] member='main' subdir='' storedFile='char/main/skeleton.milo' storedEmpty=0 baseAct=0 -> act=kMerge overrode=0 noshim=0 bindfix=1 skelBearing=1 bindFixExempt=1
[LOADBIND_SUBDIR] member='main' subdir='' storedFile='char/main/skeleton_unshared.milo' storedEmpty=0 baseAct=0 -> act=kMerge overrode=0 noshim=0 bindfix=1 skelBearing=1 bindFixExempt=1
[LOADBIND_SUBDIR] member='main' subdir='' storedFile='char/char/main/shared/char_shared.milo' storedEmpty=0 baseAct=0 -> act=kMerge overrode=0 noshim=0 bindfix=1 skelBearing=1 bindFixExempt=1
[LOADBIND_SUBDIR] member='main' subdir='' storedFile='char/char/main/shared/colorpalettes.milo' storedEmpty=0 baseAct=0 -> act=kReplace overrode=1 noshim=0 bindfix=1 skelBearing=0 bindFixExempt=0
[LOADBIND_SUBDIR] member='main' subdir='' storedFile='char/main/skeleton.milo' storedEmpty=0 baseAct=0 -> act=kMerge overrode=0 noshim=0 bindfix=1 skelBearing=1 bindFixExempt=1
[LOADBIND_SUBDIR] member='main' subdir='' storedFile='char/main/skeleton_unshared.milo' storedEmpty=0 baseAct=0 -> act=kMerge overrode=0 noshim=0 bindfix=1 skelBearing=1 bindFixExempt=1
[LOADBIND_SUBDIR] member='main' subdir='' storedFile='char/char/main/shared/char_shared.milo' storedEmpty=0 baseAct=0 -> act=kMerge overrode=0 noshim=0 bindfix=1 skelBearing=1 bindFixExempt=1
[LOADBIND_SUBDIR] member='main' subdir='' storedFile='char/char/main/shared/colorpalettes.milo' storedEmpty=0 baseAct=0 -> act=kReplace overrode=1 noshim=0 bindfix=1 skelBearing=0 bindFixExempt=0
[LOADBIND_SUBDIR] member='main' subdir='' storedFile='char/main/skeleton.milo' storedEmpty=0 baseAct=0 -> act=kMerge overrode=0 noshim=0 bindfix=1 skelBearing=1 bindFixExempt=1
[LOADBIND_SUBDIR] member='main' subdir='' storedFile='char/main/skeleton_unshared.milo' storedEmpty=0 baseAct=0 -> act=kMerge overrode=0 noshim=0 bindfix=1 skelBearing=1 bindFixExempt=1
[LOADBIND_SUBDIR] member='player2' subdir='' storedFile='char/char/main/shared/char_shared.milo' storedEmpty=0 baseAct=0 -> act=kMerge overrode=0 noshim=0 bindfix=1 skelBearing=1 bindFixExempt=1
[LOADBIND_SUBDIR] member='player2' subdir='' storedFile='char/char/main/shared/colorpalettes.milo' storedEmpty=0 baseAct=0 -> act=kReplace overrode=1 noshim=0 bindfix=1 skelBearing=0 bindFixExempt=0
[LOADBIND_SUBDIR] member='player2' subdir='' storedFile='char/main/skeleton.milo' storedEmpty=0 baseAct=0 -> act=kMerge overrode=0 noshim=0 bindfix=1 skelBearing=1 bindFixExempt=1
[LOADBIND_SUBDIR] member='player2' subdir='' storedFile='char/main/skeleton_unshared.milo' storedEmpty=0 baseAct=0 -> act=kMerge overrode=0 noshim=0 bindfix=1 skelBearing=1 bindFixExempt=1
[LOADBIND_SUBDIR] member='player2' subdir='' storedFile='char/main/torso/male/escapeartist/escapeartist_resource.milo' storedEmpty=0 baseAct=0 -> act=kReplace overrode=1 noshim=0 bindfix=1 skelBearing=0 bindFixExempt=0
[LOADBIND_SUBDIR] member='player0' subdir='' storedFile='char/main/torso/male/greaserjacket/greaserjacket_resource.milo' storedEmpty=0 baseAct=0 -> act=kReplace overrode=1 noshim=0 bindfix=1 skelBearing=0 bindFixExempt=0
[LOADBIND_SUBDIR] member='player2' subdir='' storedFile='char/main/legs/male/jeansripped/jeansripped_resource.milo' storedEmpty=0 baseAct=0 -> act=kReplace overrode=1 noshim=0 bindfix=1 skelBearing=0 bindFixExempt=0
[LOADBIND_SUBDIR] member='player0' subdir='' storedFile='char/main/legs/male/tightdistressedpants/tightdistressedpants_resource.milo' storedEmpty=0 baseAct=0 -> act=kReplace overrode=1 noshim=0 bindfix=1 skelBearing=0 bindFixExempt=0
[LOADBIND_SUBDIR] member='player0' subdir='' storedFile='char/char/main/shared/char_shared.milo' storedEmpty=0 baseAct=0 -> act=kMerge overrode=0 noshim=0 bindfix=1 skelBearing=1 bindFixExempt=1
[LOADBIND_SUBDIR] member='player0' subdir='' storedFile='char/char/main/shared/colorpalettes.milo' storedEmpty=0 baseAct=0 -> act=kReplace overrode=1 noshim=0 bindfix=1 skelBearing=0 bindFixExempt=0
[LOADBIND_SUBDIR] member='player0' subdir='' storedFile='char/main/skeleton.milo' storedEmpty=0 baseAct=0 -> act=kMerge overrode=0 noshim=0 bindfix=1 skelBearing=1 bindFixExempt=1
[LOADBIND_SUBDIR] member='player0' subdir='' storedFile='char/main/skeleton_unshared.milo' storedEmpty=0 baseAct=0 -> act=kMerge overrode=0 noshim=0 bindfix=1 skelBearing=1 bindFixExempt=1
[LOADBIND_SUBDIR] member='player2' subdir='' storedFile='char/char/main/shared/char_shared.milo' storedEmpty=0 baseAct=0 -> act=kMerge overrode=0 noshim=0 bindfix=1 skelBearing=1 bindFixExempt=1
[LOADBIND_SUBDIR] member='player2' subdir='' storedFile='char/char/main/shared/colorpalettes.milo' storedEmpty=0 baseAct=0 -> act=kReplace overrode=1 noshim=0 bindfix=1 skelBearing=0 bindFixExempt=0
[LOADBIND_SUBDIR] member='player2' subdir='' storedFile='char/main/skeleton.milo' storedEmpty=0 baseAct=0 -> act=kMerge overrode=0 noshim=0 bindfix=1 skelBearing=1 bindFixExempt=1
[LOADBIND_SUBDIR] member='player2' subdir='' storedFile='char/main/skeleton_unshared.milo' storedEmpty=0 baseAct=0 -> act=kMerge overrode=0 noshim=0 bindfix=1 skelBearing=1 bindFixExempt=1
[LOADBIND_SUBDIR] member='player0' subdir='' storedFile='char/main/feet/male/motorcycleboots/motorcycleboots_resource.milo' storedEmpty=0 baseAct=0 -> act=kReplace overrode=1 noshim=0 bindfix=1 skelBearing=0 bindFixExempt=0
[LOADBIND_SUBDIR] member='player2' subdir='' storedFile='char/main/feet/male/nailboots/nailboots_resource.milo' storedEmpty=0 baseAct=0 -> act=kReplace overrode=1 noshim=0 bindfix=1 skelBearing=0 bindFixExempt=0
[LOADBIND_SUBDIR] member='player2' subdir='' storedFile='char/char/main/shared/char_shared.milo' storedEmpty=0 baseAct=0 -> act=kMerge overrode=0 noshim=0 bindfix=1 skelBearing=1 bindFixExempt=1
[LOADBIND_SUBDIR] member='player2' subdir='' storedFile='char/char/main/shared/colorpalettes.milo' storedEmpty=0 baseAct=0 -> act=kReplace overrode=1 noshim=0 bindfix=1 skelBearing=0 bindFixExempt=0
[LOADBIND_SUBDIR] member='player2' subdir='' storedFile='char/main/skeleton.milo' storedEmpty=0 baseAct=0 -> act=kMerge overrode=0 noshim=0 bindfix=1 skelBearing=1 bindFixExempt=1
[LOADBIND_SUBDIR] member='player2' subdir='' storedFile='char/main/skeleton_unshared.milo' storedEmpty=0 baseAct=0 -> act=kMerge overrode=0 noshim=0 bindfix=1 skelBearing=1 bindFixExempt=1
[LOADBIND_SUBDIR] member='player0' subdir='' storedFile='char/char/main/shared/char_shared.milo' storedEmpty=0 baseAct=0 -> act=kMerge overrode=0 noshim=0 bindfix=1 skelBearing=1 bindFixExempt=1
[LOADBIND_SUBDIR] member='player0' subdir='' storedFile='char/char/main/shared/colorpalettes.milo' storedEmpty=0 baseAct=0 -> act=kReplace overrode=1 noshim=0 bindfix=1 skelBearing=0 bindFixExempt=0
[LOADBIND_SUBDIR] member='player0' subdir='' storedFile='char/main/skeleton.milo' storedEmpty=0 baseAct=0 -> act=kMerge overrode=0 noshim=0 bindfix=1 skelBearing=1 bindFixExempt=1
[LOADBIND_SUBDIR] member='player0' subdir='' storedFile='char/main/skeleton_unshared.milo' storedEmpty=0 baseAct=0 -> act=kMerge overrode=0 noshim=0 bindfix=1 skelBearing=1 bindFixExempt=1
[LOADBIND_SUBDIR] member='player2' subdir='' storedFile='char/char/main/shared/char_shared.milo' storedEmpty=0 baseAct=0 -> act=kMerge overrode=0 noshim=0 bindfix=1 skelBearing=1 bindFixExempt=1
[LOADBIND_SUBDIR] member='player2' subdir='' storedFile='char/char/main/shared/colorpalettes.milo' storedEmpty=0 baseAct=0 -> act=kReplace overrode=1 noshim=0 bindfix=1 skelBearing=0 bindFixExempt=0
[LOADBIND_SUBDIR] member='player2' subdir='' storedFile='char/main/skeleton.milo' storedEmpty=0 baseAct=0 -> act=kMerge overrode=0 noshim=0 bindfix=1 skelBearing=1 bindFixExempt=1
[LOADBIND_SUBDIR] member='player2' subdir='' storedFile='char/main/skeleton_unshared.milo' storedEmpty=0 baseAct=0 -> act=kMerge overrode=0 noshim=0 bindfix=1 skelBearing=1 bindFixExempt=1
[LOADBIND_SUBDIR] member='player2' subdir='' storedFile='char/char/main/shared/char_shared.milo' storedEmpty=0 baseAct=0 -> act=kMerge overrode=0 noshim=0 bindfix=1 skelBearing=1 bindFixExempt=1
[LOADBIND_SUBDIR] member='player2' subdir='' storedFile='char/char/main/shared/colorpalettes.milo' storedEmpty=0 baseAct=0 -> act=kReplace overrode=1 noshim=0 bindfix=1 skelBearing=0 bindFixExempt=0
[LOADBIND_SUBDIR] member='player2' subdir='' storedFile='char/main/skeleton.milo' storedEmpty=0 baseAct=0 -> act=kMerge overrode=0 noshim=0 bindfix=1 skelBearing=1 bindFixExempt=1
[LOADBIND_SUBDIR] member='player2' subdir='' storedFile='char/main/skeleton_unshared.milo' storedEmpty=0 baseAct=0 -> act=kMerge overrode=0 noshim=0 bindfix=1 skelBearing=1 bindFixExempt=1
[LOADBIND_SUBDIR] member='player0' subdir='' storedFile='char/char/main/shared/char_shared.milo' storedEmpty=0 baseAct=0 -> act=kMerge overrode=0 noshim=0 bindfix=1 skelBearing=1 bindFixExempt=1
[LOADBIND_SUBDIR] member='player0' subdir='' storedFile='char/char/main/shared/colorpalettes.milo' storedEmpty=0 baseAct=0 -> act=kReplace overrode=1 noshim=0 bindfix=1 skelBearing=0 bindFixExempt=0
[LOADBIND_SUBDIR] member='player0' subdir='' storedFile='char/main/skeleton.milo' storedEmpty=0 baseAct=0 -> act=kMerge overrode=0 noshim=0 bindfix=1 skelBearing=1 bindFixExempt=1
[LOADBIND_SUBDIR] member='player0' subdir='' storedFile='char/main/skeleton_unshared.milo' storedEmpty=0 baseAct=0 -> act=kMerge overrode=0 noshim=0 bindfix=1 skelBearing=1 bindFixExempt=1
[LOADBIND_SUBDIR] member='player0' subdir='' storedFile='char/char/main/shared/char_shared.milo' storedEmpty=0 baseAct=0 -> act=kMerge overrode=0 noshim=0 bindfix=1 skelBearing=1 bindFixExempt=1
[LOADBIND_SUBDIR] member='player0' subdir='' storedFile='char/char/main/shared/colorpalettes.milo' storedEmpty=0 baseAct=0 -> act=kReplace overrode=1 noshim=0 bindfix=1 skelBearing=0 bindFixExempt=0
[LOADBIND_SUBDIR] member='player0' subdir='' storedFile='char/main/skeleton.milo' storedEmpty=0 baseAct=0 -> act=kMerge overrode=0 noshim=0 bindfix=1 skelBearing=1 bindFixExempt=1
[LOADBIND_SUBDIR] member='player0' subdir='' storedFile='char/main/skeleton_unshared.milo' storedEmpty=0 baseAct=0 -> act=kMerge overrode=0 noshim=0 bindfix=1 skelBearing=1 bindFixExempt=1
[LOADBIND_SUBDIR] member='player0' subdir='' storedFile='char/char/main/shared/char_shared.milo' storedEmpty=0 baseAct=0 -> act=kMerge overrode=0 noshim=0 bindfix=1 skelBearing=1 bindFixExempt=1
[LOADBIND_SUBDIR] member='player0' subdir='' storedFile='char/char/main/shared/colorpalettes.milo' storedEmpty=0 baseAct=0 -> act=kReplace overrode=1 noshim=0 bindfix=1 skelBearing=0 bindFixExempt=0
[LOADBIND_SUBDIR] member='player0' subdir='' storedFile='char/main/skeleton.milo' storedEmpty=0 baseAct=0 -> act=kMerge overrode=0 noshim=0 bindfix=1 skelBearing=1 bindFixExempt=1
[LOADBIND_SUBDIR] member='player0' subdir='' storedFile='char/main/skeleton_unshared.milo' storedEmpty=0 baseAct=0 -> act=kMerge overrode=0 noshim=0 bindfix=1 skelBearing=1 bindFixExempt=1
[LOADBIND_SUBDIR] member='player1' subdir='' storedFile='char/char/main/shared/char_shared.milo' storedEmpty=0 baseAct=0 -> act=kMerge overrode=0 noshim=0 bindfix=1 skelBearing=1 bindFixExempt=1
[LOADBIND_SUBDIR] member='player1' subdir='' storedFile='char/char/main/shared/colorpalettes.milo' storedEmpty=0 baseAct=0 -> act=kReplace overrode=1 noshim=0 bindfix=1 skelBearing=0 bindFixExempt=0
[LOADBIND_SUBDIR] member='player1' subdir='' storedFile='char/main/skeleton.milo' storedEmpty=0 baseAct=0 -> act=kMerge overrode=0 noshim=0 bindfix=1 skelBearing=1 bindFixExempt=1
[LOADBIND_SUBDIR] member='player1' subdir='' storedFile='char/main/skeleton_unshared.milo' storedEmpty=0 baseAct=0 -> act=kMerge overrode=0 noshim=0 bindfix=1 skelBearing=1 bindFixExempt=1
[LOADBIND_SUBDIR] member='player1' subdir='' storedFile='char/char/main/shared/char_shared.milo' storedEmpty=0 baseAct=0 -> act=kMerge overrode=0 noshim=0 bindfix=1 skelBearing=1 bindFixExempt=1
[LOADBIND_SUBDIR] member='player1' subdir='' storedFile='char/char/main/shared/colorpalettes.milo' storedEmpty=0 baseAct=0 -> act=kReplace overrode=1 noshim=0 bindfix=1 skelBearing=0 bindFixExempt=0
[LOADBIND_SUBDIR] member='player1' subdir='' storedFile='char/main/skeleton.milo' storedEmpty=0 baseAct=0 -> act=kMerge overrode=0 noshim=0 bindfix=1 skelBearing=1 bindFixExempt=1
[LOADBIND_SUBDIR] member='player1' subdir='' storedFile='char/main/skeleton_unshared.milo' storedEmpty=0 baseAct=0 -> act=kMerge overrode=0 noshim=0 bindfix=1 skelBearing=1 bindFixExempt=1
[LOADBIND_SUBDIR] member='player3' subdir='' storedFile='char/main/torso/female/clearcoat/clearcoat_resource.milo' storedEmpty=0 baseAct=0 -> act=kReplace overrode=1 noshim=0 bindfix=1 skelBearing=0 bindFixExempt=0
[LOADBIND_SUBDIR] member='player1' subdir='' storedFile='char/main/torso/female/hippyfringe/hippyfringe_resource.milo' storedEmpty=0 baseAct=0 -> act=kReplace overrode=1 noshim=0 bindfix=1 skelBearing=0 bindFixExempt=0
[LOADBIND_SUBDIR] member='player3' subdir='' storedFile='char/main/legs/female/bikinistockings/bikinistockings_resource.milo' storedEmpty=0 baseAct=0 -> act=kReplace overrode=1 noshim=0 bindfix=1 skelBearing=0 bindFixExempt=0
[LOADBIND_SUBDIR] member='player1' subdir='' storedFile='char/main/legs/female/jumpsuitshorts/jumpsuitshorts_resource.milo' storedEmpty=0 baseAct=0 -> act=kReplace overrode=1 noshim=0 bindfix=1 skelBearing=0 bindFixExempt=0
[LOADBIND_SUBDIR] member='player1' subdir='' storedFile='char/char/main/shared/char_shared.milo' storedEmpty=0 baseAct=0 -> act=kMerge overrode=0 noshim=0 bindfix=1 skelBearing=1 bindFixExempt=1
[LOADBIND_SUBDIR] member='player1' subdir='' storedFile='char/char/main/shared/colorpalettes.milo' storedEmpty=0 baseAct=0 -> act=kReplace overrode=1 noshim=0 bindfix=1 skelBearing=0 bindFixExempt=0
[LOADBIND_SUBDIR] member='player1' subdir='' storedFile='char/main/skeleton.milo' storedEmpty=0 baseAct=0 -> act=kMerge overrode=0 noshim=0 bindfix=1 skelBearing=1 bindFixExempt=1
[LOADBIND_SUBDIR] member='player1' subdir='' storedFile='char/main/skeleton_unshared.milo' storedEmpty=0 baseAct=0 -> act=kMerge overrode=0 noshim=0 bindfix=1 skelBearing=1 bindFixExempt=1
[LOADBIND_SUBDIR] member='player3' subdir='' storedFile='char/char/main/shared/char_shared.milo' storedEmpty=0 baseAct=0 -> act=kMerge overrode=0 noshim=0 bindfix=1 skelBearing=1 bindFixExempt=1
[LOADBIND_SUBDIR] member='player3' subdir='' storedFile='char/char/main/shared/colorpalettes.milo' storedEmpty=0 baseAct=0 -> act=kReplace overrode=1 noshim=0 bindfix=1 skelBearing=0 bindFixExempt=0
[LOADBIND_SUBDIR] member='player3' subdir='' storedFile='char/main/skeleton.milo' storedEmpty=0 baseAct=0 -> act=kMerge overrode=0 noshim=0 bindfix=1 skelBearing=1 bindFixExempt=1
[LOADBIND_SUBDIR] member='player3' subdir='' storedFile='char/main/skeleton_unshared.milo' storedEmpty=0 baseAct=0 -> act=kMerge overrode=0 noshim=0 bindfix=1 skelBearing=1 bindFixExempt=1
[LOADBIND_SUBDIR] member='player1' subdir='' storedFile='char/main/feet/female/modavengerboots/modavengerboots_resource.milo' storedEmpty=0 baseAct=0 -> act=kReplace overrode=1 noshim=0 bindfix=1 skelBearing=0 bindFixExempt=0
[LOADBIND_SUBDIR] member='player3' subdir='' storedFile='char/main/feet/female/thighboots/thighboots_resource.milo' storedEmpty=0 baseAct=0 -> act=kReplace overrode=1 noshim=0 bindfix=1 skelBearing=0 bindFixExempt=0
[LOADBIND_SUBDIR] member='player3' subdir='' storedFile='char/char/main/shared/char_shared.milo' storedEmpty=0 baseAct=0 -> act=kMerge overrode=0 noshim=0 bindfix=1 skelBearing=1 bindFixExempt=1
[LOADBIND_SUBDIR] member='player3' subdir='' storedFile='char/char/main/shared/colorpalettes.milo' storedEmpty=0 baseAct=0 -> act=kReplace overrode=1 noshim=0 bindfix=1 skelBearing=0 bindFixExempt=0
[LOADBIND_SUBDIR] member='player3' subdir='' storedFile='char/main/skeleton.milo' storedEmpty=0 baseAct=0 -> act=kMerge overrode=0 noshim=0 bindfix=1 skelBearing=1 bindFixExempt=1
[LOADBIND_SUBDIR] member='player3' subdir='' storedFile='char/main/skeleton_unshared.milo' storedEmpty=0 baseAct=0 -> act=kMerge overrode=0 noshim=0 bindfix=1 skelBearing=1 bindFixExempt=1
[LOADBIND_SUBDIR] member='player1' subdir='' storedFile='char/char/main/shared/char_shared.milo' storedEmpty=0 baseAct=0 -> act=kMerge overrode=0 noshim=0 bindfix=1 skelBearing=1 bindFixExempt=1
[LOADBIND_SUBDIR] member='player1' subdir='' storedFile='char/char/main/shared/colorpalettes.milo' storedEmpty=0 baseAct=0 -> act=kReplace overrode=1 noshim=0 bindfix=1 skelBearing=0 bindFixExempt=0
[LOADBIND_SUBDIR] member='player1' subdir='' storedFile='char/main/skeleton.milo' storedEmpty=0 baseAct=0 -> act=kMerge overrode=0 noshim=0 bindfix=1 skelBearing=1 bindFixExempt=1
[LOADBIND_SUBDIR] member='player1' subdir='' storedFile='char/main/skeleton_unshared.milo' storedEmpty=0 baseAct=0 -> act=kMerge overrode=0 noshim=0 bindfix=1 skelBearing=1 bindFixExempt=1
[LOADBIND_SUBDIR] member='player1' subdir='' storedFile='char/char/main/shared/char_shared.milo' storedEmpty=0 baseAct=0 -> act=kMerge overrode=0 noshim=0 bindfix=1 skelBearing=1 bindFixExempt=1
[LOADBIND_SUBDIR] member='player1' subdir='' storedFile='char/char/main/shared/colorpalettes.milo' storedEmpty=0 baseAct=0 -> act=kReplace overrode=1 noshim=0 bindfix=1 skelBearing=0 bindFixExempt=0
[LOADBIND_SUBDIR] member='player1' subdir='' storedFile='char/main/skeleton.milo' storedEmpty=0 baseAct=0 -> act=kMerge overrode=0 noshim=0 bindfix=1 skelBearing=1 bindFixExempt=1
[LOADBIND_SUBDIR] member='player1' subdir='' storedFile='char/main/skeleton_unshared.milo' storedEmpty=0 baseAct=0 -> act=kMerge overrode=0 noshim=0 bindfix=1 skelBearing=1 bindFixExempt=1
[LOADBIND_SUBDIR] member='player1' subdir='' storedFile='char/char/main/shared/char_shared.milo' storedEmpty=0 baseAct=0 -> act=kMerge overrode=0 noshim=0 bindfix=1 skelBearing=1 bindFixExempt=1
[LOADBIND_SUBDIR] member='player1' subdir='' storedFile='char/char/main/shared/colorpalettes.milo' storedEmpty=0 baseAct=0 -> act=kReplace overrode=1 noshim=0 bindfix=1 skelBearing=0 bindFixExempt=0
[LOADBIND_SUBDIR] member='player1' subdir='' storedFile='char/main/skeleton.milo' storedEmpty=0 baseAct=0 -> act=kMerge overrode=0 noshim=0 bindfix=1 skelBearing=1 bindFixExempt=1
[LOADBIND_SUBDIR] member='player1' subdir='' storedFile='char/main/skeleton_unshared.milo' storedEmpty=0 baseAct=0 -> act=kMerge overrode=0 noshim=0 bindfix=1 skelBearing=1 bindFixExempt=1
[LOADBIND_SUBDIR] member='player3' subdir='' storedFile='char/main/hands/female/glove/glove_resource.milo' storedEmpty=0 baseAct=0 -> act=kReplace overrode=1 noshim=0 bindfix=1 skelBearing=0 bindFixExempt=0
[LOADBIND_SUBDIR] member='player3' subdir='' storedFile='char/char/main/shared/char_shared.milo' storedEmpty=0 baseAct=0 -> act=kMerge overrode=0 noshim=0 bindfix=1 skelBearing=1 bindFixExempt=1
[LOADBIND_SUBDIR] member='player3' subdir='' storedFile='char/char/main/shared/colorpalettes.milo' storedEmpty=0 baseAct=0 -> act=kReplace overrode=1 noshim=0 bindfix=1 skelBearing=0 bindFixExempt=0
[LOADBIND_SUBDIR] member='player3' subdir='' storedFile='char/main/skeleton.milo' storedEmpty=0 baseAct=0 -> act=kMerge overrode=0 noshim=0 bindfix=1 skelBearing=1 bindFixExempt=1
[LOADBIND_SUBDIR] member='player3' subdir='' storedFile='char/main/skeleton_unshared.milo' storedEmpty=0 baseAct=0 -> act=kMerge overrode=0 noshim=0 bindfix=1 skelBearing=1 bindFixExempt=1
[HANDS_ATTACH] mesh='hands_naked.mesh' owner='hands_naked.mesh' frame=3 nb=38 wext=100.6 rebound=1
  TIER1 rest-coherence: worst=87.3deg bone[33]='bone_L-middlefinger03.mesh' count(>5deg)=34 freshRecap=38  xcheck(invOff-vs-restW) worst=87.3deg bone[33]
  TIER2 joint-attach(PRIMARY): worst=46.71u bone[17]='bone_R-ringfinger02.mesh' parent[15] R=47.3 exactJoint=2.91u pairs=30  (palette-wide exactWorst=7.74u)
[HANDS_ATTACH] mesh='hands_naked.mesh' owner='hands_naked.mesh' frame=3 nb=40 wext=63.2 rebound=1
  TIER1 rest-coherence: worst=42.6deg bone[30]='bone_L-middlefinger03.mesh' count(>5deg)=36 freshRecap=40  xcheck(invOff-vs-restW) worst=42.6deg bone[30]
  TIER2 joint-attach(PRIMARY): worst=23.31u bone[5]='bone_R-ringfinger02.mesh' parent[24] R=37.9 exactJoint=0.00u pairs=36  (palette-wide exactWorst=0.04u)
[HANDS_ATTACH] mesh='hands_naked.mesh' owner='hands_naked.mesh' frame=3 nb=38 wext=99.8 rebound=1
  TIER1 rest-coherence: worst=87.3deg bone[33]='bone_L-middlefinger03.mesh' count(>5deg)=34 freshRecap=38  xcheck(invOff-vs-restW) worst=87.3deg bone[33]
  TIER2 joint-attach(PRIMARY): worst=46.71u bone[17]='bone_R-ringfinger02.mesh' parent[15] R=47.3 exactJoint=2.91u pairs=30  (palette-wide exactWorst=7.74u)
[HANDS_ATTACH] mesh='hands_naked.mesh' owner='hands_naked.mesh' frame=23 nb=38 wext=100.6 rebound=1
  TIER1 rest-coherence: worst=87.3deg bone[33]='bone_L-middlefinger03.mesh' count(>5deg)=34 freshRecap=0  xcheck(invOff-vs-restW) worst=87.3deg bone[33]
  TIER2 joint-attach(PRIMARY): worst=46.71u bone[17]='bone_R-ringfinger02.mesh' parent[15] R=47.3 exactJoint=2.91u pairs=30  (palette-wide exactWorst=7.74u)
[HANDS_ATTACH] mesh='hands_naked.mesh' owner='hands_naked.mesh' frame=23 nb=40 wext=63.2 rebound=1
  TIER1 rest-coherence: worst=42.6deg bone[30]='bone_L-middlefinger03.mesh' count(>5deg)=36 freshRecap=0  xcheck(invOff-vs-restW) worst=42.6deg bone[30]
  TIER2 joint-attach(PRIMARY): worst=23.31u bone[5]='bone_R-ringfinger02.mesh' parent[24] R=37.9 exactJoint=0.00u pairs=36  (palette-wide exactWorst=0.04u)
[HANDS_ATTACH] mesh='hands_naked.mesh' owner='hands_naked.mesh' frame=23 nb=38 wext=99.8 rebound=1
  TIER1 rest-coherence: worst=87.3deg bone[33]='bone_L-middlefinger03.mesh' count(>5deg)=34 freshRecap=0  xcheck(invOff-vs-restW) worst=87.3deg bone[33]
  TIER2 joint-attach(PRIMARY): worst=46.71u bone[17]='bone_R-ringfinger02.mesh' parent[15] R=47.3 exactJoint=2.91u pairs=30  (palette-wide exactWorst=7.74u)
[HANDS_ATTACH] mesh='hands_naked.mesh' owner='hands_naked.mesh' frame=43 nb=38 wext=100.6 rebound=1
  TIER1 rest-coherence: worst=87.3deg bone[33]='bone_L-middlefinger03.mesh' count(>5deg)=34 freshRecap=0  xcheck(invOff-vs-restW) worst=87.3deg bone[33]
  TIER2 joint-attach(PRIMARY): worst=46.71u bone[17]='bone_R-ringfinger02.mesh' parent[15] R=47.3 exactJoint=2.91u pairs=30  (palette-wide exactWorst=7.74u)
[HANDS_ATTACH] mesh='hands_naked.mesh' owner='hands_naked.mesh' frame=43 nb=40 wext=63.2 rebound=1
  TIER1 rest-coherence: worst=42.6deg bone[30]='bone_L-middlefinger03.mesh' count(>5deg)=36 freshRecap=0  xcheck(invOff-vs-restW) worst=42.6deg bone[30]
  TIER2 joint-attach(PRIMARY): worst=23.31u bone[5]='bone_R-ringfinger02.mesh' parent[24] R=37.9 exactJoint=0.00u pairs=36  (palette-wide exactWorst=0.04u)
[HANDS_ATTACH] mesh='hands_naked.mesh' owner='hands_naked.mesh' frame=43 nb=38 wext=99.8 rebound=1
  TIER1 rest-coherence: worst=87.3deg bone[33]='bone_L-middlefinger03.mesh' count(>5deg)=34 freshRecap=0  xcheck(invOff-vs-restW) worst=87.3deg bone[33]
  TIER2 joint-attach(PRIMARY): worst=46.71u bone[17]='bone_R-ringfinger02.mesh' parent[15] R=47.3 exactJoint=2.91u pairs=30  (palette-wide exactWorst=7.74u)
[HANDS_ATTACH] mesh='hands_naked.mesh' owner='hands_naked.mesh' frame=63 nb=38 wext=100.6 rebound=1
  TIER1 rest-coherence: worst=87.3deg bone[33]='bone_L-middlefinger03.mesh' count(>5deg)=34 freshRecap=0  xcheck(invOff-vs-restW) worst=87.3deg bone[33]
  TIER2 joint-attach(PRIMARY): worst=46.71u bone[17]='bone_R-ringfinger02.mesh' parent[15] R=47.3 exactJoint=2.91u pairs=30  (palette-wide exactWorst=7.74u)
[HANDS_ATTACH] mesh='hands_naked.mesh' owner='hands_naked.mesh' frame=63 nb=40 wext=63.2 rebound=1
  TIER1 rest-coherence: worst=42.6deg bone[30]='bone_L-middlefinger03.mesh' count(>5deg)=36 freshRecap=0  xcheck(invOff-vs-restW) worst=42.6deg bone[30]
  TIER2 joint-attach(PRIMARY): worst=23.31u bone[5]='bone_R-ringfinger02.mesh' parent[24] R=37.9 exactJoint=0.00u pairs=36  (palette-wide exactWorst=0.04u)
[HANDS_ATTACH] mesh='hands_naked.mesh' owner='hands_naked.mesh' frame=63 nb=38 wext=99.8 rebound=1
  TIER1 rest-coherence: worst=87.3deg bone[33]='bone_L-middlefinger03.mesh' count(>5deg)=34 freshRecap=0  xcheck(invOff-vs-restW) worst=87.3deg bone[33]
  TIER2 joint-attach(PRIMARY): worst=46.71u bone[17]='bone_R-ringfinger02.mesh' parent[15] R=47.3 exactJoint=2.91u pairs=30  (palette-wide exactWorst=7.74u)
[HANDS_ATTACH] mesh='hands_naked.mesh' owner='hands_naked.mesh' frame=74 nb=38 wext=82.7 rebound=1
  TIER1 rest-coherence: worst=87.3deg bone[33]='bone_L-middlefinger03.mesh' count(>5deg)=34 freshRecap=0  xcheck(invOff-vs-restW) worst=87.3deg bone[33]
  TIER2 joint-attach(PRIMARY): worst=31.26u bone[34]='bone_L-pinky02.mesh' parent[37] R=47.4 exactJoint=0.00u pairs=30  (palette-wide exactWorst=8.98u)
[HANDS_ATTACH] mesh='hands_naked.mesh' owner='hands_naked.mesh' frame=74 nb=40 wext=55.7 rebound=1
  TIER1 rest-coherence: worst=42.6deg bone[30]='bone_L-middlefinger03.mesh' count(>5deg)=36 freshRecap=0  xcheck(invOff-vs-restW) worst=42.6deg bone[30]
  TIER2 joint-attach(PRIMARY): worst=49.65u bone[9]='bone_R-pinky02.mesh' parent[14] R=38.4 exactJoint=0.54u pairs=36  (palette-wide exactWorst=6.23u)
[HANDS_ATTACH] mesh='hands_naked.mesh' owner='hands_naked.mesh' frame=74 nb=38 wext=88.6 rebound=1
  TIER1 rest-coherence: worst=87.3deg bone[33]='bone_L-middlefinger03.mesh' count(>5deg)=34 freshRecap=0  xcheck(invOff-vs-restW) worst=87.3deg bone[33]
  TIER2 joint-attach(PRIMARY): worst=64.85u bone[18]='bone_R-pinky02.mesh' parent[14] R=47.4 exactJoint=0.00u pairs=30  (palette-wide exactWorst=9.58u)
[HANDS_ATTACH] mesh='hands_naked.mesh' owner='hands_naked.mesh' frame=84 nb=38 wext=83.6 rebound=1
  TIER1 rest-coherence: worst=87.3deg bone[33]='bone_L-middlefinger03.mesh' count(>5deg)=34 freshRecap=0  xcheck(invOff-vs-restW) worst=87.3deg bone[33]
  TIER2 joint-attach(PRIMARY): worst=28.14u bone[34]='bone_L-pinky02.mesh' parent[37] R=47.4 exactJoint=0.00u pairs=30  (palette-wide exactWorst=8.71u)
[HANDS_ATTACH] mesh='hands_naked.mesh' owner='hands_naked.mesh' frame=84 nb=40 wext=56.1 rebound=1
  TIER1 rest-coherence: worst=42.6deg bone[30]='bone_L-middlefinger03.mesh' count(>5deg)=36 freshRecap=0  xcheck(invOff-vs-restW) worst=42.6deg bone[30]
  TIER2 joint-attach(PRIMARY): worst=48.46u bone[9]='bone_R-pinky02.mesh' parent[14] R=38.4 exactJoint=0.01u pairs=36  (palette-wide exactWorst=6.27u)
[HANDS_ATTACH] mesh='hands_naked.mesh' owner='hands_naked.mesh' frame=84 nb=38 wext=88.9 rebound=1
  TIER1 rest-coherence: worst=87.3deg bone[33]='bone_L-middlefinger03.mesh' count(>5deg)=34 freshRecap=0  xcheck(invOff-vs-restW) worst=87.3deg bone[33]
  TIER2 joint-attach(PRIMARY): worst=65.01u bone[18]='bone_R-pinky02.mesh' parent[14] R=47.4 exactJoint=0.00u pairs=30  (palette-wide exactWorst=9.59u)
[HANDS_ATTACH] mesh='hands_naked.mesh' owner='hands_naked.mesh' frame=94 nb=38 wext=83.0 rebound=1
  TIER1 rest-coherence: worst=87.3deg bone[33]='bone_L-middlefinger03.mesh' count(>5deg)=34 freshRecap=0  xcheck(invOff-vs-restW) worst=87.3deg bone[33]
  TIER2 joint-attach(PRIMARY): worst=24.97u bone[34]='bone_L-pinky02.mesh' parent[37] R=47.4 exactJoint=0.00u pairs=30  (palette-wide exactWorst=9.44u)
[HANDS_ATTACH] mesh='hands_naked.mesh' owner='hands_naked.mesh' frame=94 nb=40 wext=56.4 rebound=1
  TIER1 rest-coherence: worst=42.6deg bone[30]='bone_L-middlefinger03.mesh' count(>5deg)=36 freshRecap=0  xcheck(invOff-vs-restW) worst=42.6deg bone[30]
  TIER2 joint-attach(PRIMARY): worst=45.32u bone[9]='bone_R-pinky02.mesh' parent[14] R=38.4 exactJoint=0.00u pairs=36  (palette-wide exactWorst=7.41u)
[HANDS_ATTACH] mesh='hands_naked.mesh' owner='hands_naked.mesh' frame=94 nb=38 wext=88.2 rebound=1
  TIER1 rest-coherence: worst=87.3deg bone[33]='bone_L-middlefinger03.mesh' count(>5deg)=34 freshRecap=0  xcheck(invOff-vs-restW) worst=87.3deg bone[33]
  TIER2 joint-attach(PRIMARY): worst=65.17u bone[18]='bone_R-pinky02.mesh' parent[14] R=47.4 exactJoint=0.00u pairs=30  (palette-wide exactWorst=9.57u)
[HANDS_ATTACH] mesh='hands_naked.mesh' owner='hands_naked.mesh' frame=104 nb=38 wext=83.6 rebound=1
  TIER1 rest-coherence: worst=87.3deg bone[33]='bone_L-middlefinger03.mesh' count(>5deg)=34 freshRecap=0  xcheck(invOff-vs-restW) worst=87.3deg bone[33]
  TIER2 joint-attach(PRIMARY): worst=21.89u bone[34]='bone_L-pinky02.mesh' parent[37] R=47.4 exactJoint=0.00u pairs=30  (palette-wide exactWorst=7.80u)
[HANDS_ATTACH] mesh='hands_naked.mesh' owner='hands_naked.mesh' frame=104 nb=40 wext=56.5 rebound=1
  TIER1 rest-coherence: worst=42.6deg bone[30]='bone_L-middlefinger03.mesh' count(>5deg)=36 freshRecap=0  xcheck(invOff-vs-restW) worst=42.6deg bone[30]
  TIER2 joint-attach(PRIMARY): worst=42.19u bone[9]='bone_R-pinky02.mesh' parent[14] R=38.4 exactJoint=0.00u pairs=36  (palette-wide exactWorst=7.67u)
[HANDS_ATTACH] mesh='hands_naked.mesh' owner='hands_naked.mesh' frame=104 nb=38 wext=87.0 rebound=1
  TIER1 rest-coherence: worst=87.3deg bone[33]='bone_L-middlefinger03.mesh' count(>5deg)=34 freshRecap=0  xcheck(invOff-vs-restW) worst=87.3deg bone[33]
  TIER2 joint-attach(PRIMARY): worst=65.31u bone[18]='bone_R-pinky02.mesh' parent[14] R=47.4 exactJoint=0.00u pairs=30  (palette-wide exactWorst=9.60u)
[HANDS_ATTACH] mesh='hands_naked.mesh' owner='hands_naked.mesh' frame=114 nb=38 wext=83.8 rebound=1
  TIER1 rest-coherence: worst=87.3deg bone[33]='bone_L-middlefinger03.mesh' count(>5deg)=34 freshRecap=0  xcheck(invOff-vs-restW) worst=87.3deg bone[33]
  TIER2 joint-attach(PRIMARY): worst=21.68u bone[9]='bone_R-thumb01.mesh' parent[13] R=48.5 exactJoint=0.00u pairs=30  (palette-wide exactWorst=5.22u)
[HANDS_ATTACH] mesh='hands_naked.mesh' owner='hands_naked.mesh' frame=114 nb=40 wext=56.4 rebound=1
  TIER1 rest-coherence: worst=42.6deg bone[30]='bone_L-middlefinger03.mesh' count(>5deg)=36 freshRecap=0  xcheck(invOff-vs-restW) worst=42.6deg bone[30]
  TIER2 joint-attach(PRIMARY): worst=39.07u bone[9]='bone_R-pinky02.mesh' parent[14] R=38.4 exactJoint=0.00u pairs=36  (palette-wide exactWorst=7.24u)
[HANDS_ATTACH] mesh='hands_naked.mesh' owner='hands_naked.mesh' frame=114 nb=38 wext=85.9 rebound=1
  TIER1 rest-coherence: worst=87.3deg bone[33]='bone_L-middlefinger03.mesh' count(>5deg)=34 freshRecap=0  xcheck(invOff-vs-restW) worst=87.3deg bone[33]
  TIER2 joint-attach(PRIMARY): worst=65.48u bone[18]='bone_R-pinky02.mesh' parent[14] R=47.4 exactJoint=0.00u pairs=30  (palette-wide exactWorst=9.48u)
[HANDS_ATTACH] mesh='hands_naked.mesh' owner='hands_naked.mesh' frame=124 nb=38 wext=83.7 rebound=1
  TIER1 rest-coherence: worst=87.3deg bone[33]='bone_L-middlefinger03.mesh' count(>5deg)=34 freshRecap=0  xcheck(invOff-vs-restW) worst=87.3deg bone[33]
  TIER2 joint-attach(PRIMARY): worst=21.68u bone[9]='bone_R-thumb01.mesh' parent[13] R=48.5 exactJoint=0.00u pairs=30  (palette-wide exactWorst=2.70u)
[HANDS_ATTACH] mesh='hands_naked.mesh' owner='hands_naked.mesh' frame=124 nb=40 wext=56.2 rebound=1
  TIER1 rest-coherence: worst=42.6deg bone[30]='bone_L-middlefinger03.mesh' count(>5deg)=36 freshRecap=0  xcheck(invOff-vs-restW) worst=42.6deg bone[30]
  TIER2 joint-attach(PRIMARY): worst=36.05u bone[9]='bone_R-pinky02.mesh' parent[14] R=38.4 exactJoint=0.00u pairs=36  (palette-wide exactWorst=6.38u)
[HANDS_ATTACH] mesh='hands_naked.mesh' owner='hands_naked.mesh' frame=124 nb=38 wext=86.3 rebound=1
  TIER1 rest-coherence: worst=87.3deg bone[33]='bone_L-middlefinger03.mesh' count(>5deg)=34 freshRecap=0  xcheck(invOff-vs-restW) worst=87.3deg bone[33]
  TIER2 joint-attach(PRIMARY): worst=65.62u bone[18]='bone_R-pinky02.mesh' parent[14] R=47.4 exactJoint=0.00u pairs=30  (palette-wide exactWorst=9.42u)
[HANDS_ATTACH] mesh='hands_naked.mesh' owner='hands_naked.mesh' frame=134 nb=38 wext=83.4 rebound=1
  TIER1 rest-coherence: worst=87.3deg bone[33]='bone_L-middlefinger03.mesh' count(>5deg)=34 freshRecap=0  xcheck(invOff-vs-restW) worst=87.3deg bone[33]
  TIER2 joint-attach(PRIMARY): worst=21.68u bone[9]='bone_R-thumb01.mesh' parent[13] R=48.5 exactJoint=0.00u pairs=30  (palette-wide exactWorst=0.59u)
[HANDS_ATTACH] mesh='hands_naked.mesh' owner='hands_naked.mesh' frame=134 nb=40 wext=56.0 rebound=1
  TIER1 rest-coherence: worst=42.6deg bone[30]='bone_L-middlefinger03.mesh' count(>5deg)=36 freshRecap=0  xcheck(invOff-vs-restW) worst=42.6deg bone[30]
  TIER2 joint-attach(PRIMARY): worst=33.04u bone[9]='bone_R-pinky02.mesh' parent[14] R=38.4 exactJoint=0.00u pairs=36  (palette-wide exactWorst=5.25u)
[HANDS_ATTACH] mesh='hands_naked.mesh' owner='hands_naked.mesh' frame=134 nb=38 wext=86.5 rebound=1
  TIER1 rest-coherence: worst=87.3deg bone[33]='bone_L-middlefinger03.mesh' count(>5deg)=34 freshRecap=0  xcheck(invOff-vs-restW) worst=87.3deg bone[33]
  TIER2 joint-attach(PRIMARY): worst=65.74u bone[18]='bone_R-pinky02.mesh' parent[14] R=47.4 exactJoint=0.00u pairs=30  (palette-wide exactWorst=9.34u)
[HANDS_ATTACH] mesh='hands_naked.mesh' owner='hands_naked.mesh' frame=144 nb=38 wext=83.1 rebound=1
  TIER1 rest-coherence: worst=87.3deg bone[33]='bone_L-middlefinger03.mesh' count(>5deg)=34 freshRecap=0  xcheck(invOff-vs-restW) worst=87.3deg bone[33]
  TIER2 joint-attach(PRIMARY): worst=21.68u bone[9]='bone_R-thumb01.mesh' parent[13] R=48.5 exactJoint=0.00u pairs=30  (palette-wide exactWorst=0.33u)
[HANDS_ATTACH] mesh='hands_naked.mesh' owner='hands_naked.mesh' frame=144 nb=40 wext=55.8 rebound=1
  TIER1 rest-coherence: worst=42.6deg bone[30]='bone_L-middlefinger03.mesh' count(>5deg)=36 freshRecap=0  xcheck(invOff-vs-restW) worst=42.6deg bone[30]
  TIER2 joint-attach(PRIMARY): worst=30.06u bone[9]='bone_R-pinky02.mesh' parent[14] R=38.4 exactJoint=0.00u pairs=36  (palette-wide exactWorst=4.01u)
[HANDS_ATTACH] mesh='hands_naked.mesh' owner='hands_naked.mesh' frame=144 nb=38 wext=86.9 rebound=1
  TIER1 rest-coherence: worst=87.3deg bone[33]='bone_L-middlefinger03.mesh' count(>5deg)=34 freshRecap=0  xcheck(invOff-vs-restW) worst=87.3deg bone[33]
  TIER2 joint-attach(PRIMARY): worst=65.89u bone[18]='bone_R-pinky02.mesh' parent[14] R=47.4 exactJoint=0.00u pairs=30  (palette-wide exactWorst=9.39u)
[HANDS_ATTACH] mesh='hands_naked.mesh' owner='hands_naked.mesh' frame=154 nb=38 wext=82.6 rebound=1
  TIER1 rest-coherence: worst=87.3deg bone[33]='bone_L-middlefinger03.mesh' count(>5deg)=34 freshRecap=0  xcheck(invOff-vs-restW) worst=87.3deg bone[33]
  TIER2 joint-attach(PRIMARY): worst=21.68u bone[9]='bone_R-thumb01.mesh' parent[13] R=48.5 exactJoint=0.00u pairs=30  (palette-wide exactWorst=0.33u)
[HANDS_ATTACH] mesh='hands_naked.mesh' owner='hands_naked.mesh' frame=154 nb=40 wext=55.5 rebound=1
  TIER1 rest-coherence: worst=42.6deg bone[30]='bone_L-middlefinger03.mesh' count(>5deg)=36 freshRecap=0  xcheck(invOff-vs-restW) worst=42.6deg bone[30]
  TIER2 joint-attach(PRIMARY): worst=27.02u bone[9]='bone_R-pinky02.mesh' parent[14] R=38.4 exactJoint=0.00u pairs=36  (palette-wide exactWorst=2.73u)
[HANDS_ATTACH] mesh='hands_naked.mesh' owner='hands_naked.mesh' frame=154 nb=38 wext=87.7 rebound=1
  TIER1 rest-coherence: worst=87.3deg bone[33]='bone_L-middlefinger03.mesh' count(>5deg)=34 freshRecap=0  xcheck(invOff-vs-restW) worst=87.3deg bone[33]
  TIER2 joint-attach(PRIMARY): worst=66.02u bone[18]='bone_R-pinky02.mesh' parent[14] R=47.4 exactJoint=0.00u pairs=30  (palette-wide exactWorst=9.46u)
[HANDS_ATTACH] mesh='hands_naked.mesh' owner='hands_naked.mesh' frame=164 nb=38 wext=82.0 rebound=1
  TIER1 rest-coherence: worst=87.3deg bone[33]='bone_L-middlefinger03.mesh' count(>5deg)=34 freshRecap=0  xcheck(invOff-vs-restW) worst=87.3deg bone[33]
  TIER2 joint-attach(PRIMARY): worst=21.68u bone[9]='bone_R-thumb01.mesh' parent[13] R=48.5 exactJoint=0.00u pairs=30  (palette-wide exactWorst=0.33u)
[HANDS_ATTACH] mesh='hands_naked.mesh' owner='hands_naked.mesh' frame=164 nb=40 wext=55.2 rebound=1
  TIER1 rest-coherence: worst=42.6deg bone[30]='bone_L-middlefinger03.mesh' count(>5deg)=36 freshRecap=0  xcheck(invOff-vs-restW) worst=42.6deg bone[30]
  TIER2 joint-attach(PRIMARY): worst=24.04u bone[9]='bone_R-pinky02.mesh' parent[14] R=38.4 exactJoint=0.00u pairs=36  (palette-wide exactWorst=1.55u)
[HANDS_ATTACH] mesh='hands_naked.mesh' owner='hands_naked.mesh' frame=164 nb=38 wext=88.2 rebound=1
  TIER1 rest-coherence: worst=87.3deg bone[33]='bone_L-middlefinger03.mesh' count(>5deg)=34 freshRecap=0  xcheck(invOff-vs-restW) worst=87.3deg bone[33]
  TIER2 joint-attach(PRIMARY): worst=66.14u bone[18]='bone_R-pinky02.mesh' parent[14] R=47.4 exactJoint=0.00u pairs=30  (palette-wide exactWorst=9.52u)
[HANDS_ATTACH] mesh='hands_naked.mesh' owner='hands_naked.mesh' frame=174 nb=38 wext=81.6 rebound=1
  TIER1 rest-coherence: worst=87.3deg bone[33]='bone_L-middlefinger03.mesh' count(>5deg)=34 freshRecap=0  xcheck(invOff-vs-restW) worst=87.3deg bone[33]
  TIER2 joint-attach(PRIMARY): worst=21.68u bone[9]='bone_R-thumb01.mesh' parent[13] R=48.5 exactJoint=0.00u pairs=30  (palette-wide exactWorst=0.33u)
[HANDS_ATTACH] mesh='hands_naked.mesh' owner='hands_naked.mesh' frame=174 nb=40 wext=55.3 rebound=1
  TIER1 rest-coherence: worst=42.6deg bone[30]='bone_L-middlefinger03.mesh' count(>5deg)=36 freshRecap=0  xcheck(invOff-vs-restW) worst=42.6deg bone[30]
  TIER2 joint-attach(PRIMARY): worst=21.37u bone[23]='bone_R-ringfinger03.mesh' parent[5] R=37.5 exactJoint=0.00u pairs=36  (palette-wide exactWorst=0.60u)
[HANDS_ATTACH] mesh='hands_naked.mesh' owner='hands_naked.mesh' frame=174 nb=38 wext=87.9 rebound=1
  TIER1 rest-coherence: worst=87.3deg bone[33]='bone_L-middlefinger03.mesh' count(>5deg)=34 freshRecap=0  xcheck(invOff-vs-restW) worst=87.3deg bone[33]
  TIER2 joint-attach(PRIMARY): worst=66.27u bone[18]='bone_R-pinky02.mesh' parent[14] R=47.4 exactJoint=0.00u pairs=30  (palette-wide exactWorst=9.62u)
[HANDS_ATTACH] mesh='hands_naked.mesh' owner='hands_naked.mesh' frame=184 nb=38 wext=81.9 rebound=1
  TIER1 rest-coherence: worst=87.3deg bone[33]='bone_L-middlefinger03.mesh' count(>5deg)=34 freshRecap=0  xcheck(invOff-vs-restW) worst=87.3deg bone[33]
  TIER2 joint-attach(PRIMARY): worst=21.68u bone[9]='bone_R-thumb01.mesh' parent[13] R=48.5 exactJoint=0.00u pairs=30  (palette-wide exactWorst=0.33u)
[HANDS_ATTACH] mesh='hands_naked.mesh' owner='hands_naked.mesh' frame=184 nb=40 wext=55.7 rebound=1
  TIER1 rest-coherence: worst=42.6deg bone[30]='bone_L-middlefinger03.mesh' count(>5deg)=36 freshRecap=0  xcheck(invOff-vs-restW) worst=42.6deg bone[30]
  TIER2 joint-attach(PRIMARY): worst=20.96u bone[14]='bone_R-pinky01.mesh' parent[11] R=39.0 exactJoint=0.00u pairs=36  (palette-wide exactWorst=1.81u)
[HANDS_ATTACH] mesh='hands_naked.mesh' owner='hands_naked.mesh' frame=184 nb=38 wext=87.7 rebound=1
  TIER1 rest-coherence: worst=87.3deg bone[33]='bone_L-middlefinger03.mesh' count(>5deg)=34 freshRecap=0  xcheck(invOff-vs-restW) worst=87.3deg bone[33]
  TIER2 joint-attach(PRIMARY): worst=66.38u bone[18]='bone_R-pinky02.mesh' parent[14] R=47.4 exactJoint=0.00u pairs=30  (palette-wide exactWorst=9.57u)
[HANDS_ATTACH] mesh='hands_naked.mesh' owner='hands_naked.mesh' frame=194 nb=38 wext=82.4 rebound=1
  TIER1 rest-coherence: worst=87.3deg bone[33]='bone_L-middlefinger03.mesh' count(>5deg)=34 freshRecap=0  xcheck(invOff-vs-restW) worst=87.3deg bone[33]
  TIER2 joint-attach(PRIMARY): worst=25.09u bone[18]='bone_R-pinky02.mesh' parent[14] R=47.4 exactJoint=0.00u pairs=30  (palette-wide exactWorst=0.33u)
[HANDS_ATTACH] mesh='hands_naked.mesh' owner='hands_naked.mesh' frame=194 nb=40 wext=55.9 rebound=1
  TIER1 rest-coherence: worst=42.6deg bone[30]='bone_L-middlefinger03.mesh' count(>5deg)=36 freshRecap=0  xcheck(invOff-vs-restW) worst=42.6deg bone[30]
  TIER2 joint-attach(PRIMARY): worst=21.15u bone[14]='bone_R-pinky01.mesh' parent[11] R=39.0 exactJoint=0.00u pairs=36  (palette-wide exactWorst=3.20u)
[HANDS_ATTACH] mesh='hands_naked.mesh' owner='hands_naked.mesh' frame=194 nb=38 wext=87.8 rebound=1
  TIER1 rest-coherence: worst=87.3deg bone[33]='bone_L-middlefinger03.mesh' count(>5deg)=34 freshRecap=0  xcheck(invOff-vs-restW) worst=87.3deg bone[33]
  TIER2 joint-attach(PRIMARY): worst=66.10u bone[18]='bone_R-pinky02.mesh' parent[14] R=47.4 exactJoint=0.12u pairs=30  (palette-wide exactWorst=9.58u)
[HANDS_ATTACH] mesh='hands_naked.mesh' owner='hands_naked.mesh' frame=204 nb=38 wext=81.8 rebound=1
  TIER1 rest-coherence: worst=87.3deg bone[33]='bone_L-middlefinger03.mesh' count(>5deg)=34 freshRecap=0  xcheck(invOff-vs-restW) worst=87.3deg bone[33]
  TIER2 joint-attach(PRIMARY): worst=31.32u bone[18]='bone_R-pinky02.mesh' parent[14] R=47.4 exactJoint=0.00u pairs=30  (palette-wide exactWorst=2.60u)
[HANDS_ATTACH] mesh='hands_naked.mesh' owner='hands_naked.mesh' frame=204 nb=40 wext=56.1 rebound=1
  TIER1 rest-coherence: worst=42.6deg bone[30]='bone_L-middlefinger03.mesh' count(>5deg)=36 freshRecap=0  xcheck(invOff-vs-restW) worst=42.6deg bone[30]
  TIER2 joint-attach(PRIMARY): worst=21.36u bone[14]='bone_R-pinky01.mesh' parent[11] R=39.0 exactJoint=0.00u pairs=36  (palette-wide exactWorst=4.66u)
[HANDS_ATTACH] mesh='hands_naked.mesh' owner='hands_naked.mesh' frame=204 nb=38 wext=88.2 rebound=1
  TIER1 rest-coherence: worst=87.3deg bone[33]='bone_L-middlefinger03.mesh' count(>5deg)=34 freshRecap=0  xcheck(invOff-vs-restW) worst=87.3deg bone[33]
  TIER2 joint-attach(PRIMARY): worst=65.03u bone[18]='bone_R-pinky02.mesh' parent[14] R=47.4 exactJoint=0.49u pairs=30  (palette-wide exactWorst=9.58u)
[HANDS_ATTACH] mesh='hands_naked.mesh' owner='hands_naked.mesh' frame=214 nb=38 wext=80.8 rebound=1
  TIER1 rest-coherence: worst=87.3deg bone[33]='bone_L-middlefinger03.mesh' count(>5deg)=34 freshRecap=0  xcheck(invOff-vs-restW) worst=87.3deg bone[33]
  TIER2 joint-attach(PRIMARY): worst=37.90u bone[18]='bone_R-pinky02.mesh' parent[14] R=47.4 exactJoint=0.00u pairs=30  (palette-wide exactWorst=5.72u)
[HANDS_ATTACH] mesh='hands_naked.mesh' owner='hands_naked.mesh' frame=214 nb=40 wext=56.5 rebound=1
  TIER1 rest-coherence: worst=42.6deg bone[30]='bone_L-middlefinger03.mesh' count(>5deg)=36 freshRecap=0  xcheck(invOff-vs-restW) worst=42.6deg bone[30]
  TIER2 joint-attach(PRIMARY): worst=21.57u bone[14]='bone_R-pinky01.mesh' parent[11] R=39.0 exactJoint=0.00u pairs=36  (palette-wide exactWorst=6.01u)
[HANDS_ATTACH] mesh='hands_naked.mesh' owner='hands_naked.mesh' frame=214 nb=38 wext=88.8 rebound=1
  TIER1 rest-coherence: worst=87.3deg bone[33]='bone_L-middlefinger03.mesh' count(>5deg)=34 freshRecap=0  xcheck(invOff-vs-restW) worst=87.3deg bone[33]
  TIER2 joint-attach(PRIMARY): worst=64.11u bone[18]='bone_R-pinky02.mesh' parent[14] R=47.4 exactJoint=0.80u pairs=30  (palette-wide exactWorst=9.57u)
[HANDS_ATTACH] mesh='hands_naked.mesh' owner='hands_naked.mesh' frame=224 nb=38 wext=80.0 rebound=1
  TIER1 rest-coherence: worst=87.3deg bone[33]='bone_L-middlefinger03.mesh' count(>5deg)=34 freshRecap=0  xcheck(invOff-vs-restW) worst=87.3deg bone[33]
  TIER2 joint-attach(PRIMARY): worst=44.40u bone[18]='bone_R-pinky02.mesh' parent[14] R=47.4 exactJoint=0.00u pairs=30  (palette-wide exactWorst=8.47u)
[HANDS_ATTACH] mesh='hands_naked.mesh' owner='hands_naked.mesh' frame=224 nb=40 wext=56.9 rebound=1
  TIER1 rest-coherence: worst=42.6deg bone[30]='bone_L-middlefinger03.mesh' count(>5deg)=36 freshRecap=0  xcheck(invOff-vs-restW) worst=42.6deg bone[30]
  TIER2 joint-attach(PRIMARY): worst=21.77u bone[14]='bone_R-pinky01.mesh' parent[11] R=39.0 exactJoint=0.00u pairs=36  (palette-wide exactWorst=7.07u)
[HANDS_ATTACH] mesh='hands_naked.mesh' owner='hands_naked.mesh' frame=224 nb=38 wext=89.2 rebound=1
  TIER1 rest-coherence: worst=87.3deg bone[33]='bone_L-middlefinger03.mesh' count(>5deg)=34 freshRecap=0  xcheck(invOff-vs-restW) worst=87.3deg bone[33]
  TIER2 joint-attach(PRIMARY): worst=63.40u bone[18]='bone_R-pinky02.mesh' parent[14] R=47.4 exactJoint=1.04u pairs=30  (palette-wide exactWorst=9.57u)
[HANDS_ATTACH] mesh='hands_naked.mesh' owner='hands_naked.mesh' frame=234 nb=38 wext=79.9 rebound=1
  TIER1 rest-coherence: worst=87.3deg bone[33]='bone_L-middlefinger03.mesh' count(>5deg)=34 freshRecap=0  xcheck(invOff-vs-restW) worst=87.3deg bone[33]
  TIER2 joint-attach(PRIMARY): worst=50.54u bone[18]='bone_R-pinky02.mesh' parent[14] R=47.4 exactJoint=0.00u pairs=30  (palette-wide exactWorst=9.54u)
[HANDS_ATTACH] mesh='hands_naked.mesh' owner='hands_naked.mesh' frame=234 nb=40 wext=57.0 rebound=1
  TIER1 rest-coherence: worst=42.6deg bone[30]='bone_L-middlefinger03.mesh' count(>5deg)=36 freshRecap=0  xcheck(invOff-vs-restW) worst=42.6deg bone[30]
  TIER2 joint-attach(PRIMARY): worst=21.96u bone[14]='bone_R-pinky01.mesh' parent[11] R=39.0 exactJoint=0.00u pairs=36  (palette-wide exactWorst=7.63u)
[HANDS_ATTACH] mesh='hands_naked.mesh' owner='hands_naked.mesh' frame=234 nb=38 wext=89.2 rebound=1
  TIER1 rest-coherence: worst=87.3deg bone[33]='bone_L-middlefinger03.mesh' count(>5deg)=34 freshRecap=0  xcheck(invOff-vs-restW) worst=87.3deg bone[33]
  TIER2 joint-attach(PRIMARY): worst=62.92u bone[18]='bone_R-pinky02.mesh' parent[14] R=47.4 exactJoint=1.21u pairs=30  (palette-wide exactWorst=9.56u)
[HANDS_ATTACH] mesh='hands_naked.mesh' owner='hands_naked.mesh' frame=244 nb=38 wext=80.5 rebound=1
  TIER1 rest-coherence: worst=87.3deg bone[33]='bone_L-middlefinger03.mesh' count(>5deg)=34 freshRecap=0  xcheck(invOff-vs-restW) worst=87.3deg bone[33]
  TIER2 joint-attach(PRIMARY): worst=56.09u bone[18]='bone_R-pinky02.mesh' parent[14] R=47.4 exactJoint=0.00u pairs=30  (palette-wide exactWorst=8.08u)
[HANDS_ATTACH] mesh='hands_naked.mesh' owner='hands_naked.mesh' frame=244 nb=40 wext=56.9 rebound=1
  TIER1 rest-coherence: worst=42.6deg bone[30]='bone_L-middlefinger03.mesh' count(>5deg)=36 freshRecap=0  xcheck(invOff-vs-restW) worst=42.6deg bone[30]
  TIER2 joint-attach(PRIMARY): worst=22.12u bone[14]='bone_R-pinky01.mesh' parent[11] R=39.0 exactJoint=0.00u pairs=36  (palette-wide exactWorst=7.58u)
[HANDS_ATTACH] mesh='hands_naked.mesh' owner='hands_naked.mesh' frame=244 nb=38 wext=89.2 rebound=1
  TIER1 rest-coherence: worst=87.3deg bone[33]='bone_L-middlefinger03.mesh' count(>5deg)=34 freshRecap=0  xcheck(invOff-vs-restW) worst=87.3deg bone[33]
  TIER2 joint-attach(PRIMARY): worst=62.66u bone[18]='bone_R-pinky02.mesh' parent[14] R=47.4 exactJoint=1.29u pairs=30  (palette-wide exactWorst=9.55u)
[HANDS_ATTACH] mesh='hands_naked.mesh' owner='hands_naked.mesh' frame=254 nb=38 wext=81.1 rebound=1
  TIER1 rest-coherence: worst=87.3deg bone[33]='bone_L-middlefinger03.mesh' count(>5deg)=34 freshRecap=0  xcheck(invOff-vs-restW) worst=87.3deg bone[33]
  TIER2 joint-attach(PRIMARY): worst=60.81u bone[18]='bone_R-pinky02.mesh' parent[14] R=47.4 exactJoint=0.00u pairs=30  (palette-wide exactWorst=8.98u)
[HANDS_ATTACH] mesh='hands_naked.mesh' owner='hands_naked.mesh' frame=254 nb=40 wext=56.6 rebound=1
  TIER1 rest-coherence: worst=42.6deg bone[30]='bone_L-middlefinger03.mesh' count(>5deg)=36 freshRecap=0  xcheck(invOff-vs-restW) worst=42.6deg bone[30]
  TIER2 joint-attach(PRIMARY): worst=22.26u bone[14]='bone_R-pinky01.mesh' parent[11] R=39.0 exactJoint=0.00u pairs=36  (palette-wide exactWorst=6.82u)
[HANDS_ATTACH] mesh='hands_naked.mesh' owner='hands_naked.mesh' frame=254 nb=38 wext=89.2 rebound=1
  TIER1 rest-coherence: worst=87.3deg bone[33]='bone_L-middlefinger03.mesh' count(>5deg)=34 freshRecap=0  xcheck(invOff-vs-restW) worst=87.3deg bone[33]
  TIER2 joint-attach(PRIMARY): worst=62.55u bone[18]='bone_R-pinky02.mesh' parent[14] R=47.4 exactJoint=1.33u pairs=30  (palette-wide exactWorst=9.55u)
[HANDS_ATTACH] mesh='hands_naked.mesh' owner='hands_naked.mesh' frame=264 nb=38 wext=81.9 rebound=1
  TIER1 rest-coherence: worst=87.3deg bone[33]='bone_L-middlefinger03.mesh' count(>5deg)=34 freshRecap=0  xcheck(invOff-vs-restW) worst=87.3deg bone[33]
  TIER2 joint-attach(PRIMARY): worst=62.21u bone[18]='bone_R-pinky02.mesh' parent[14] R=47.4 exactJoint=0.69u pairs=30  (palette-wide exactWorst=9.52u)
[HANDS_ATTACH] mesh='hands_naked.mesh' owner='hands_naked.mesh' frame=264 nb=40 wext=56.1 rebound=1
  TIER1 rest-coherence: worst=42.6deg bone[30]='bone_L-middlefinger03.mesh' count(>5deg)=36 freshRecap=0  xcheck(invOff-vs-restW) worst=42.6deg bone[30]
  TIER2 joint-attach(PRIMARY): worst=22.35u bone[14]='bone_R-pinky01.mesh' parent[11] R=39.0 exactJoint=0.00u pairs=36  (palette-wide exactWorst=6.38u)
[HANDS_ATTACH] mesh='hands_naked.mesh' owner='hands_naked.mesh' frame=264 nb=38 wext=89.3 rebound=1
  TIER1 rest-coherence: worst=87.3deg bone[33]='bone_L-middlefinger03.mesh' count(>5deg)=34 freshRecap=0  xcheck(invOff-vs-restW) worst=87.3deg bone[33]
  TIER2 joint-attach(PRIMARY): worst=62.60u bone[18]='bone_R-pinky02.mesh' parent[14] R=47.4 exactJoint=1.31u pairs=30  (palette-wide exactWorst=9.55u)
[HANDS_ATTACH] mesh='hands_naked.mesh' owner='hands_naked.mesh' frame=274 nb=38 wext=81.8 rebound=1
  TIER1 rest-coherence: worst=87.3deg bone[33]='bone_L-middlefinger03.mesh' count(>5deg)=34 freshRecap=0  xcheck(invOff-vs-restW) worst=87.3deg bone[33]
  TIER2 joint-attach(PRIMARY): worst=62.85u bone[18]='bone_R-pinky02.mesh' parent[14] R=47.4 exactJoint=1.16u pairs=30  (palette-wide exactWorst=9.56u)
[HANDS_ATTACH] mesh='hands_naked.mesh' owner='hands_naked.mesh' frame=274 nb=40 wext=56.2 rebound=1
  TIER1 rest-coherence: worst=42.6deg bone[30]='bone_L-middlefinger03.mesh' count(>5deg)=36 freshRecap=0  xcheck(invOff-vs-restW) worst=42.6deg bone[30]
  TIER2 joint-attach(PRIMARY): worst=22.39u bone[14]='bone_R-pinky01.mesh' parent[11] R=39.0 exactJoint=0.00u pairs=36  (palette-wide exactWorst=6.92u)
[HANDS_ATTACH] mesh='hands_naked.mesh' owner='hands_naked.mesh' frame=274 nb=38 wext=89.5 rebound=1
  TIER1 rest-coherence: worst=87.3deg bone[33]='bone_L-middlefinger03.mesh' count(>5deg)=34 freshRecap=0  xcheck(invOff-vs-restW) worst=87.3deg bone[33]
  TIER2 joint-attach(PRIMARY): worst=62.79u bone[18]='bone_R-pinky02.mesh' parent[14] R=47.4 exactJoint=1.25u pairs=30  (palette-wide exactWorst=9.55u)
[HANDS_ATTACH] mesh='hands_naked.mesh' owner='hands_naked.mesh' frame=284 nb=38 wext=81.5 rebound=1
  TIER1 rest-coherence: worst=87.3deg bone[33]='bone_L-middlefinger03.mesh' count(>5deg)=34 freshRecap=0  xcheck(invOff-vs-restW) worst=87.3deg bone[33]
  TIER2 joint-attach(PRIMARY): worst=63.07u bone[18]='bone_R-pinky02.mesh' parent[14] R=47.4 exactJoint=1.36u pairs=30  (palette-wide exactWorst=9.51u)
[HANDS_ATTACH] mesh='hands_naked.mesh' owner='hands_naked.mesh' frame=284 nb=40 wext=56.7 rebound=1
  TIER1 rest-coherence: worst=42.6deg bone[30]='bone_L-middlefinger03.mesh' count(>5deg)=36 freshRecap=0  xcheck(invOff-vs-restW) worst=42.6deg bone[30]
  TIER2 joint-attach(PRIMARY): worst=22.38u bone[14]='bone_R-pinky01.mesh' parent[11] R=39.0 exactJoint=0.00u pairs=36  (palette-wide exactWorst=7.24u)
[HANDS_ATTACH] mesh='hands_naked.mesh' owner='hands_naked.mesh' frame=284 nb=38 wext=89.4 rebound=1
  TIER1 rest-coherence: worst=87.3deg bone[33]='bone_L-middlefinger03.mesh' count(>5deg)=34 freshRecap=0  xcheck(invOff-vs-restW) worst=87.3deg bone[33]
  TIER2 joint-attach(PRIMARY): worst=63.11u bone[18]='bone_R-pinky02.mesh' parent[14] R=47.4 exactJoint=1.13u pairs=30  (palette-wide exactWorst=9.56u)
[HANDS_ATTACH] mesh='hands_naked.mesh' owner='hands_naked.mesh' frame=294 nb=38 wext=81.4 rebound=1
  TIER1 rest-coherence: worst=87.3deg bone[33]='bone_L-middlefinger03.mesh' count(>5deg)=34 freshRecap=0  xcheck(invOff-vs-restW) worst=87.3deg bone[33]
  TIER2 joint-attach(PRIMARY): worst=63.11u bone[18]='bone_R-pinky02.mesh' parent[14] R=47.4 exactJoint=1.42u pairs=30  (palette-wide exactWorst=9.50u)
[HANDS_ATTACH] mesh='hands_naked.mesh' owner='hands_naked.mesh' frame=294 nb=40 wext=57.0 rebound=1
  TIER1 rest-coherence: worst=42.6deg bone[30]='bone_L-middlefinger03.mesh' count(>5deg)=36 freshRecap=0  xcheck(invOff-vs-restW) worst=42.6deg bone[30]
  TIER2 joint-attach(PRIMARY): worst=22.30u bone[14]='bone_R-pinky01.mesh' parent[11] R=39.0 exactJoint=0.00u pairs=36  (palette-wide exactWorst=7.38u)
[HANDS_ATTACH] mesh='hands_naked.mesh' owner='hands_naked.mesh' frame=294 nb=38 wext=89.2 rebound=1
  TIER1 rest-coherence: worst=87.3deg bone[33]='bone_L-middlefinger03.mesh' count(>5deg)=34 freshRecap=0  xcheck(invOff-vs-restW) worst=87.3deg bone[33]
  TIER2 joint-attach(PRIMARY): worst=63.53u bone[18]='bone_R-pinky02.mesh' parent[14] R=47.4 exactJoint=1.00u pairs=30  (palette-wide exactWorst=9.57u)
[HANDS_ATTACH] mesh='hands_naked.mesh' owner='hands_naked.mesh' frame=304 nb=38 wext=80.9 rebound=1
  TIER1 rest-coherence: worst=87.3deg bone[33]='bone_L-middlefinger03.mesh' count(>5deg)=34 freshRecap=0  xcheck(invOff-vs-restW) worst=87.3deg bone[33]
  TIER2 joint-attach(PRIMARY): worst=63.03u bone[18]='bone_R-pinky02.mesh' parent[14] R=47.4 exactJoint=1.32u pairs=30  (palette-wide exactWorst=9.53u)
[HANDS_ATTACH] mesh='hands_naked.mesh' owner='hands_naked.mesh' frame=304 nb=40 wext=57.3 rebound=1
  TIER1 rest-coherence: worst=42.6deg bone[30]='bone_L-middlefinger03.mesh' count(>5deg)=36 freshRecap=0  xcheck(invOff-vs-restW) worst=42.6deg bone[30]
  TIER2 joint-attach(PRIMARY): worst=22.15u bone[14]='bone_R-pinky01.mesh' parent[11] R=39.0 exactJoint=0.00u pairs=36  (palette-wide exactWorst=7.42u)
[HANDS_ATTACH] mesh='hands_naked.mesh' owner='hands_naked.mesh' frame=304 nb=38 wext=89.5 rebound=1
  TIER1 rest-coherence: worst=87.3deg bone[33]='bone_L-middlefinger03.mesh' count(>5deg)=34 freshRecap=0  xcheck(invOff-vs-restW) worst=87.3deg bone[33]
  TIER2 joint-attach(PRIMARY): worst=64.06u bone[18]='bone_R-pinky02.mesh' parent[14] R=47.4 exactJoint=0.82u pairs=30  (palette-wide exactWorst=9.57u)
[HANDS_ATTACH] mesh='hands_naked.mesh' owner='hands_naked.mesh' frame=314 nb=38 wext=79.9 rebound=1
  TIER1 rest-coherence: worst=87.3deg bone[33]='bone_L-middlefinger03.mesh' count(>5deg)=34 freshRecap=0  xcheck(invOff-vs-restW) worst=87.3deg bone[33]
  TIER2 joint-attach(PRIMARY): worst=62.79u bone[18]='bone_R-pinky02.mesh' parent[14] R=47.4 exactJoint=1.13u pairs=30  (palette-wide exactWorst=9.57u)
[HANDS_ATTACH] mesh='hands_naked.mesh' owner='hands_naked.mesh' frame=314 nb=40 wext=57.6 rebound=1
  TIER1 rest-coherence: worst=42.6deg bone[30]='bone_L-middlefinger03.mesh' count(>5deg)=36 freshRecap=0  xcheck(invOff-vs-restW) worst=42.6deg bone[30]
  TIER2 joint-attach(PRIMARY): worst=21.96u bone[14]='bone_R-pinky01.mesh' parent[11] R=39.0 exactJoint=0.00u pairs=36  (palette-wide exactWorst=7.40u)
[HANDS_ATTACH] mesh='hands_naked.mesh' owner='hands_naked.mesh' frame=314 nb=38 wext=90.1 rebound=1
  TIER1 rest-coherence: worst=87.3deg bone[33]='bone_L-middlefinger03.mesh' count(>5deg)=34 freshRecap=0  xcheck(invOff-vs-restW) worst=87.3deg bone[33]
  TIER2 joint-attach(PRIMARY): worst=64.66u bone[18]='bone_R-pinky02.mesh' parent[14] R=47.4 exactJoint=0.62u pairs=30  (palette-wide exactWorst=9.58u)
[HANDS_ATTACH] mesh='hands_naked.mesh' owner='hands_naked.mesh' frame=324 nb=38 wext=78.8 rebound=1
  TIER1 rest-coherence: worst=87.3deg bone[33]='bone_L-middlefinger03.mesh' count(>5deg)=34 freshRecap=0  xcheck(invOff-vs-restW) worst=87.3deg bone[33]
  TIER2 joint-attach(PRIMARY): worst=62.41u bone[18]='bone_R-pinky02.mesh' parent[14] R=47.4 exactJoint=0.82u pairs=30  (palette-wide exactWorst=9.56u)
[HANDS_ATTACH] mesh='hands_naked.mesh' owner='hands_naked.mesh' frame=324 nb=40 wext=57.8 rebound=1
  TIER1 rest-coherence: worst=42.6deg bone[30]='bone_L-middlefinger03.mesh' count(>5deg)=36 freshRecap=0  xcheck(invOff-vs-restW) worst=42.6deg bone[30]
  TIER2 joint-attach(PRIMARY): worst=21.74u bone[14]='bone_R-pinky01.mesh' parent[11] R=39.0 exactJoint=0.00u pairs=36  (palette-wide exactWorst=7.37u)
[HANDS_ATTACH] mesh='hands_naked.mesh' owner='hands_naked.mesh' frame=324 nb=38 wext=90.4 rebound=1
  TIER1 rest-coherence: worst=87.3deg bone[33]='bone_L-middlefinger03.mesh' count(>5deg)=34 freshRecap=0  xcheck(invOff-vs-restW) worst=87.3deg bone[33]
  TIER2 joint-attach(PRIMARY): worst=65.35u bone[18]='bone_R-pinky02.mesh' parent[14] R=47.4 exactJoint=0.37u pairs=30  (palette-wide exactWorst=9.58u)
[HANDS_ATTACH] mesh='hands_naked.mesh' owner='hands_naked.mesh' frame=334 nb=38 wext=77.1 rebound=1
  TIER1 rest-coherence: worst=87.3deg bone[33]='bone_L-middlefinger03.mesh' count(>5deg)=34 freshRecap=0  xcheck(invOff-vs-restW) worst=87.3deg bone[33]
  TIER2 joint-attach(PRIMARY): worst=61.82u bone[18]='bone_R-pinky02.mesh' parent[14] R=47.4 exactJoint=0.43u pairs=30  (palette-wide exactWorst=9.40u)
[HANDS_ATTACH] mesh='hands_naked.mesh' owner='hands_naked.mesh' frame=334 nb=40 wext=58.1 rebound=1
  TIER1 rest-coherence: worst=42.6deg bone[30]='bone_L-middlefinger03.mesh' count(>5deg)=36 freshRecap=0  xcheck(invOff-vs-restW) worst=42.6deg bone[30]
  TIER2 joint-attach(PRIMARY): worst=21.49u bone[14]='bone_R-pinky01.mesh' parent[11] R=39.0 exactJoint=0.00u pairs=36  (palette-wide exactWorst=7.37u)
[HANDS_ATTACH] mesh='hands_naked.mesh' owner='hands_naked.mesh' frame=334 nb=38 wext=89.9 rebound=1
  TIER1 rest-coherence: worst=87.3deg bone[33]='bone_L-middlefinger03.mesh' count(>5deg)=34 freshRecap=0  xcheck(invOff-vs-restW) worst=87.3deg bone[33]
  TIER2 joint-attach(PRIMARY): worst=66.08u bone[18]='bone_R-pinky02.mesh' parent[14] R=47.4 exactJoint=0.13u pairs=30  (palette-wide exactWorst=9.58u)
[HANDS_ATTACH] mesh='hands_naked.mesh' owner='hands_naked.mesh' frame=344 nb=38 wext=75.5 rebound=1
  TIER1 rest-coherence: worst=87.3deg bone[33]='bone_L-middlefinger03.mesh' count(>5deg)=34 freshRecap=0  xcheck(invOff-vs-restW) worst=87.3deg bone[33]
  TIER2 joint-attach(PRIMARY): worst=60.95u bone[18]='bone_R-pinky02.mesh' parent[14] R=47.4 exactJoint=0.00u pairs=30  (palette-wide exactWorst=9.01u)
[HANDS_ATTACH] mesh='hands_naked.mesh' owner='hands_naked.mesh' frame=344 nb=40 wext=58.3 rebound=1
  TIER1 rest-coherence: worst=42.6deg bone[30]='bone_L-middlefinger03.mesh' count(>5deg)=36 freshRecap=0  xcheck(invOff-vs-restW) worst=42.6deg bone[30]
  TIER2 joint-attach(PRIMARY): worst=21.24u bone[14]='bone_R-pinky01.mesh' parent[11] R=39.0 exactJoint=0.00u pairs=36  (palette-wide exactWorst=7.41u)
[HANDS_ATTACH] mesh='hands_naked.mesh' owner='hands_naked.mesh' frame=344 nb=38 wext=88.4 rebound=1
  TIER1 rest-coherence: worst=87.3deg bone[33]='bone_L-middlefinger03.mesh' count(>5deg)=34 freshRecap=0  xcheck(invOff-vs-restW) worst=87.3deg bone[33]
  TIER2 joint-attach(PRIMARY): worst=66.41u bone[18]='bone_R-pinky02.mesh' parent[14] R=47.4 exactJoint=0.00u pairs=30  (palette-wide exactWorst=9.64u)
[HANDS_ATTACH] mesh='hands_naked.mesh' owner='hands_naked.mesh' frame=354 nb=38 wext=74.9 rebound=1
  TIER1 rest-coherence: worst=87.3deg bone[33]='bone_L-middlefinger03.mesh' count(>5deg)=34 freshRecap=0  xcheck(invOff-vs-restW) worst=87.3deg bone[33]
  TIER2 joint-attach(PRIMARY): worst=58.31u bone[18]='bone_R-pinky02.mesh' parent[14] R=47.4 exactJoint=0.00u pairs=30  (palette-wide exactWorst=9.27u)
[HANDS_ATTACH] mesh='hands_naked.mesh' owner='hands_naked.mesh' frame=354 nb=40 wext=58.4 rebound=1
  TIER1 rest-coherence: worst=42.6deg bone[30]='bone_L-middlefinger03.mesh' count(>5deg)=36 freshRecap=0  xcheck(invOff-vs-restW) worst=42.6deg bone[30]
  TIER2 joint-attach(PRIMARY): worst=21.00u bone[14]='bone_R-pinky01.mesh' parent[11] R=39.0 exactJoint=0.00u pairs=36  (palette-wide exactWorst=7.40u)
[HANDS_ATTACH] mesh='hands_naked.mesh' owner='hands_naked.mesh' frame=354 nb=38 wext=86.6 rebound=1
  TIER1 rest-coherence: worst=87.3deg bone[33]='bone_L-middlefinger03.mesh' count(>5deg)=34 freshRecap=0  xcheck(invOff-vs-restW) worst=87.3deg bone[33]
  TIER2 joint-attach(PRIMARY): worst=66.34u bone[18]='bone_R-pinky02.mesh' parent[14] R=47.4 exactJoint=0.00u pairs=30  (palette-wide exactWorst=9.57u)
[HANDS_ATTACH] mesh='hands_naked.mesh' owner='hands_naked.mesh' frame=364 nb=38 wext=75.1 rebound=1
  TIER1 rest-coherence: worst=87.3deg bone[33]='bone_L-middlefinger03.mesh' count(>5deg)=34 freshRecap=0  xcheck(invOff-vs-restW) worst=87.3deg bone[33]
  TIER2 joint-attach(PRIMARY): worst=55.38u bone[18]='bone_R-pinky02.mesh' parent[14] R=47.4 exactJoint=0.00u pairs=30  (palette-wide exactWorst=9.53u)
[HANDS_ATTACH] mesh='hands_naked.mesh' owner='hands_naked.mesh' frame=364 nb=40 wext=58.1 rebound=1
  TIER1 rest-coherence: worst=42.6deg bone[30]='bone_L-middlefinger03.mesh' count(>5deg)=36 freshRecap=0  xcheck(invOff-vs-restW) worst=42.6deg bone[30]
  TIER2 joint-attach(PRIMARY): worst=21.35u bone[23]='bone_R-ringfinger03.mesh' parent[5] R=37.5 exactJoint=0.00u pairs=36  (palette-wide exactWorst=7.20u)
[HANDS_ATTACH] mesh='hands_naked.mesh' owner='hands_naked.mesh' frame=364 nb=38 wext=85.7 rebound=1
  TIER1 rest-coherence: worst=87.3deg bone[33]='bone_L-middlefinger03.mesh' count(>5deg)=34 freshRecap=0  xcheck(invOff-vs-restW) worst=87.3deg bone[33]
  TIER2 joint-attach(PRIMARY): worst=66.25u bone[18]='bone_R-pinky02.mesh' parent[14] R=47.4 exactJoint=0.00u pairs=30  (palette-wide exactWorst=9.55u)
[HANDS_ATTACH] mesh='hands_naked.mesh' owner='hands_naked.mesh' frame=374 nb=38 wext=75.3 rebound=1
  TIER1 rest-coherence: worst=87.3deg bone[33]='bone_L-middlefinger03.mesh' count(>5deg)=34 freshRecap=0  xcheck(invOff-vs-restW) worst=87.3deg bone[33]
  TIER2 joint-attach(PRIMARY): worst=51.47u bone[18]='bone_R-pinky02.mesh' parent[14] R=47.4 exactJoint=0.00u pairs=30  (palette-wide exactWorst=9.48u)
[HANDS_ATTACH] mesh='hands_naked.mesh' owner='hands_naked.mesh' frame=374 nb=40 wext=58.6 rebound=1
  TIER1 rest-coherence: worst=42.6deg bone[30]='bone_L-middlefinger03.mesh' count(>5deg)=36 freshRecap=0  xcheck(invOff-vs-restW) worst=42.6deg bone[30]
  TIER2 joint-attach(PRIMARY): worst=25.42u bone[9]='bone_R-pinky02.mesh' parent[14] R=38.4 exactJoint=0.00u pairs=36  (palette-wide exactWorst=6.53u)
[HANDS_ATTACH] mesh='hands_naked.mesh' owner='hands_naked.mesh' frame=374 nb=38 wext=85.3 rebound=1
  TIER1 rest-coherence: worst=87.3deg bone[33]='bone_L-middlefinger03.mesh' count(>5deg)=34 freshRecap=0  xcheck(invOff-vs-restW) worst=87.3deg bone[33]
  TIER2 joint-attach(PRIMARY): worst=66.15u bone[18]='bone_R-pinky02.mesh' parent[14] R=47.4 exactJoint=0.00u pairs=30  (palette-wide exactWorst=9.52u)
[HANDS_ATTACH] mesh='hands_naked.mesh' owner='hands_naked.mesh' frame=384 nb=38 wext=75.2 rebound=1
  TIER1 rest-coherence: worst=87.3deg bone[33]='bone_L-middlefinger03.mesh' count(>5deg)=34 freshRecap=0  xcheck(invOff-vs-restW) worst=87.3deg bone[33]
  TIER2 joint-attach(PRIMARY): worst=47.56u bone[18]='bone_R-pinky02.mesh' parent[14] R=47.4 exactJoint=0.00u pairs=30  (palette-wide exactWorst=9.29u)
[HANDS_ATTACH] mesh='hands_naked.mesh' owner='hands_naked.mesh' frame=384 nb=40 wext=59.2 rebound=1
  TIER1 rest-coherence: worst=42.6deg bone[30]='bone_L-middlefinger03.mesh' count(>5deg)=36 freshRecap=0  xcheck(invOff-vs-restW) worst=42.6deg bone[30]
  TIER2 joint-attach(PRIMARY): worst=29.51u bone[9]='bone_R-pinky02.mesh' parent[14] R=38.4 exactJoint=0.00u pairs=36  (palette-wide exactWorst=7.05u)
[HANDS_ATTACH] mesh='hands_naked.mesh' owner='hands_naked.mesh' frame=384 nb=38 wext=85.4 rebound=1
  TIER1 rest-coherence: worst=87.3deg bone[33]='bone_L-middlefinger03.mesh' count(>5deg)=34 freshRecap=0  xcheck(invOff-vs-restW) worst=87.3deg bone[33]
  TIER2 joint-attach(PRIMARY): worst=66.05u bone[18]='bone_R-pinky02.mesh' parent[14] R=47.4 exactJoint=0.00u pairs=30  (palette-wide exactWorst=9.47u)
[HANDS_ATTACH] mesh='hands_naked.mesh' owner='hands_naked.mesh' frame=396 nb=38 wext=80.2 rebound=1
  TIER1 rest-coherence: worst=87.3deg bone[33]='bone_L-middlefinger03.mesh' count(>5deg)=34 freshRecap=0  xcheck(invOff-vs-restW) worst=87.3deg bone[33]
  TIER2 joint-attach(PRIMARY): worst=11.02u bone[9]='bone_R-thumb01.mesh' parent[13] R=48.5 exactJoint=0.00u pairs=30  (palette-wide exactWorst=0.00u)
[HANDS_ATTACH] mesh='hands_naked.mesh' owner='hands_naked.mesh' frame=396 nb=40 wext=60.9 rebound=1
  TIER1 rest-coherence: worst=42.6deg bone[30]='bone_L-middlefinger03.mesh' count(>5deg)=36 freshRecap=0  xcheck(invOff-vs-restW) worst=42.6deg bone[30]
  TIER2 joint-attach(PRIMARY): worst=27.27u bone[16]='bone_R-thumb01.mesh' parent[1] R=38.3 exactJoint=0.00u pairs=36  (palette-wide exactWorst=0.04u)
[HANDS_ATTACH] mesh='hands_naked.mesh' owner='hands_naked.mesh' frame=396 nb=38 wext=89.5 rebound=1
  TIER1 rest-coherence: worst=87.3deg bone[33]='bone_L-middlefinger03.mesh' count(>5deg)=34 freshRecap=0  xcheck(invOff-vs-restW) worst=87.3deg bone[33]
  TIER2 joint-attach(PRIMARY): worst=62.22u bone[13]='bone_R-hand.mesh' parent[5] R=49.4 exactJoint=0.33u pairs=30  (palette-wide exactWorst=1.95u)
[HANDS_ATTACH] mesh='hands_naked.mesh' owner='hands_naked.mesh' frame=406 nb=38 wext=80.0 rebound=1
  TIER1 rest-coherence: worst=87.3deg bone[33]='bone_L-middlefinger03.mesh' count(>5deg)=34 freshRecap=0  xcheck(invOff-vs-restW) worst=87.3deg bone[33]
  TIER2 joint-attach(PRIMARY): worst=11.02u bone[9]='bone_R-thumb01.mesh' parent[13] R=48.5 exactJoint=0.00u pairs=30  (palette-wide exactWorst=0.00u)
[HANDS_ATTACH] mesh='hands_naked.mesh' owner='hands_naked.mesh' frame=406 nb=40 wext=60.7 rebound=1
  TIER1 rest-coherence: worst=42.6deg bone[30]='bone_L-middlefinger03.mesh' count(>5deg)=36 freshRecap=0  xcheck(invOff-vs-restW) worst=42.6deg bone[30]
  TIER2 joint-attach(PRIMARY): worst=27.27u bone[16]='bone_R-thumb01.mesh' parent[1] R=38.3 exactJoint=0.00u pairs=36  (palette-wide exactWorst=0.04u)
[HANDS_ATTACH] mesh='hands_naked.mesh' owner='hands_naked.mesh' frame=406 nb=38 wext=90.0 rebound=1
  TIER1 rest-coherence: worst=87.3deg bone[33]='bone_L-middlefinger03.mesh' count(>5deg)=34 freshRecap=0  xcheck(invOff-vs-restW) worst=87.3deg bone[33]
  TIER2 joint-attach(PRIMARY): worst=59.17u bone[13]='bone_R-hand.mesh' parent[5] R=49.4 exactJoint=0.33u pairs=30  (palette-wide exactWorst=1.94u)
[HANDS_ATTACH] mesh='hands_naked.mesh' owner='hands_naked.mesh' frame=416 nb=38 wext=79.8 rebound=1
  TIER1 rest-coherence: worst=87.3deg bone[33]='bone_L-middlefinger03.mesh' count(>5deg)=34 freshRecap=0  xcheck(invOff-vs-restW) worst=87.3deg bone[33]
  TIER2 joint-attach(PRIMARY): worst=11.02u bone[9]='bone_R-thumb01.mesh' parent[13] R=48.5 exactJoint=0.00u pairs=30  (palette-wide exactWorst=0.00u)
[HANDS_ATTACH] mesh='hands_naked.mesh' owner='hands_naked.mesh' frame=416 nb=40 wext=60.4 rebound=1
  TIER1 rest-coherence: worst=42.6deg bone[30]='bone_L-middlefinger03.mesh' count(>5deg)=36 freshRecap=0  xcheck(invOff-vs-restW) worst=42.6deg bone[30]
  TIER2 joint-attach(PRIMARY): worst=27.27u bone[16]='bone_R-thumb01.mesh' parent[1] R=38.3 exactJoint=0.00u pairs=36  (palette-wide exactWorst=0.04u)
[HANDS_ATTACH] mesh='hands_naked.mesh' owner='hands_naked.mesh' frame=416 nb=38 wext=90.4 rebound=1
  TIER1 rest-coherence: worst=87.3deg bone[33]='bone_L-middlefinger03.mesh' count(>5deg)=34 freshRecap=0  xcheck(invOff-vs-restW) worst=87.3deg bone[33]
  TIER2 joint-attach(PRIMARY): worst=62.34u bone[13]='bone_R-hand.mesh' parent[5] R=49.4 exactJoint=0.33u pairs=30  (palette-wide exactWorst=1.95u)
[HANDS_ATTACH] mesh='hands_naked.mesh' owner='hands_naked.mesh' frame=426 nb=38 wext=79.7 rebound=1
  TIER1 rest-coherence: worst=87.3deg bone[33]='bone_L-middlefinger03.mesh' count(>5deg)=34 freshRecap=0  xcheck(invOff-vs-restW) worst=87.3deg bone[33]
  TIER2 joint-attach(PRIMARY): worst=11.02u bone[9]='bone_R-thumb01.mesh' parent[13] R=48.5 exactJoint=0.00u pairs=30  (palette-wide exactWorst=0.00u)
[HANDS_ATTACH] mesh='hands_naked.mesh' owner='hands_naked.mesh' frame=426 nb=40 wext=60.1 rebound=1
  TIER1 rest-coherence: worst=42.6deg bone[30]='bone_L-middlefinger03.mesh' count(>5deg)=36 freshRecap=0  xcheck(invOff-vs-restW) worst=42.6deg bone[30]
  TIER2 joint-attach(PRIMARY): worst=27.27u bone[16]='bone_R-thumb01.mesh' parent[1] R=38.3 exactJoint=0.00u pairs=36  (palette-wide exactWorst=0.04u)
[HANDS_ATTACH] mesh='hands_naked.mesh' owner='hands_naked.mesh' frame=426 nb=38 wext=90.9 rebound=1
  TIER1 rest-coherence: worst=87.3deg bone[33]='bone_L-middlefinger03.mesh' count(>5deg)=34 freshRecap=0  xcheck(invOff-vs-restW) worst=87.3deg bone[33]
  TIER2 joint-attach(PRIMARY): worst=65.39u bone[13]='bone_R-hand.mesh' parent[5] R=49.4 exactJoint=0.33u pairs=30  (palette-wide exactWorst=1.95u)
[HANDS_ATTACH] mesh='hands_naked.mesh' owner='hands_naked.mesh' frame=436 nb=38 wext=79.6 rebound=1
  TIER1 rest-coherence: worst=87.3deg bone[33]='bone_L-middlefinger03.mesh' count(>5deg)=34 freshRecap=0  xcheck(invOff-vs-restW) worst=87.3deg bone[33]
  TIER2 joint-attach(PRIMARY): worst=11.02u bone[9]='bone_R-thumb01.mesh' parent[13] R=48.5 exactJoint=0.00u pairs=30  (palette-wide exactWorst=0.00u)
[HANDS_ATTACH] mesh='hands_naked.mesh' owner='hands_naked.mesh' frame=436 nb=40 wext=59.9 rebound=1
  TIER1 rest-coherence: worst=42.6deg bone[30]='bone_L-middlefinger03.mesh' count(>5deg)=36 freshRecap=0  xcheck(invOff-vs-restW) worst=42.6deg bone[30]
  TIER2 joint-attach(PRIMARY): worst=27.27u bone[16]='bone_R-thumb01.mesh' parent[1] R=38.3 exactJoint=0.00u pairs=36  (palette-wide exactWorst=0.04u)
[HANDS_ATTACH] mesh='hands_naked.mesh' owner='hands_naked.mesh' frame=436 nb=38 wext=91.7 rebound=1
  TIER1 rest-coherence: worst=87.3deg bone[33]='bone_L-middlefinger03.mesh' count(>5deg)=34 freshRecap=0  xcheck(invOff-vs-restW) worst=87.3deg bone[33]
  TIER2 joint-attach(PRIMARY): worst=64.41u bone[13]='bone_R-hand.mesh' parent[5] R=49.4 exactJoint=0.33u pairs=30  (palette-wide exactWorst=1.95u)
[HANDS_ATTACH] mesh='hands_naked.mesh' owner='hands_naked.mesh' frame=446 nb=38 wext=79.6 rebound=1
  TIER1 rest-coherence: worst=87.3deg bone[33]='bone_L-middlefinger03.mesh' count(>5deg)=34 freshRecap=0  xcheck(invOff-vs-restW) worst=87.3deg bone[33]
  TIER2 joint-attach(PRIMARY): worst=11.02u bone[9]='bone_R-thumb01.mesh' parent[13] R=48.5 exactJoint=0.00u pairs=30  (palette-wide exactWorst=0.00u)
[HANDS_ATTACH] mesh='hands_naked.mesh' owner='hands_naked.mesh' frame=446 nb=40 wext=59.9 rebound=1
  TIER1 rest-coherence: worst=42.6deg bone[30]='bone_L-middlefinger03.mesh' count(>5deg)=36 freshRecap=0  xcheck(invOff-vs-restW) worst=42.6deg bone[30]
  TIER2 joint-attach(PRIMARY): worst=27.27u bone[16]='bone_R-thumb01.mesh' parent[1] R=38.3 exactJoint=0.00u pairs=36  (palette-wide exactWorst=0.04u)
[HANDS_ATTACH] mesh='hands_naked.mesh' owner='hands_naked.mesh' frame=446 nb=38 wext=92.5 rebound=1
  TIER1 rest-coherence: worst=87.3deg bone[33]='bone_L-middlefinger03.mesh' count(>5deg)=34 freshRecap=0  xcheck(invOff-vs-restW) worst=87.3deg bone[33]
  TIER2 joint-attach(PRIMARY): worst=64.76u bone[13]='bone_R-hand.mesh' parent[5] R=49.4 exactJoint=0.33u pairs=30  (palette-wide exactWorst=1.94u)
[HANDS_ATTACH] mesh='hands_naked.mesh' owner='hands_naked.mesh' frame=456 nb=38 wext=79.6 rebound=1
  TIER1 rest-coherence: worst=87.3deg bone[33]='bone_L-middlefinger03.mesh' count(>5deg)=34 freshRecap=0  xcheck(invOff-vs-restW) worst=87.3deg bone[33]
  TIER2 joint-attach(PRIMARY): worst=11.02u bone[9]='bone_R-thumb01.mesh' parent[13] R=48.5 exactJoint=0.00u pairs=30  (palette-wide exactWorst=0.00u)
[HANDS_ATTACH] mesh='hands_naked.mesh' owner='hands_naked.mesh' frame=456 nb=40 wext=60.0 rebound=1
  TIER1 rest-coherence: worst=42.6deg bone[30]='bone_L-middlefinger03.mesh' count(>5deg)=36 freshRecap=0  xcheck(invOff-vs-restW) worst=42.6deg bone[30]
  TIER2 joint-attach(PRIMARY): worst=27.27u bone[16]='bone_R-thumb01.mesh' parent[1] R=38.3 exactJoint=0.00u pairs=36  (palette-wide exactWorst=0.04u)
[HANDS_ATTACH] mesh='hands_naked.mesh' owner='hands_naked.mesh' frame=456 nb=38 wext=94.3 rebound=1
  TIER1 rest-coherence: worst=87.3deg bone[33]='bone_L-middlefinger03.mesh' count(>5deg)=34 freshRecap=0  xcheck(invOff-vs-restW) worst=87.3deg bone[33]
  TIER2 joint-attach(PRIMARY): worst=66.93u bone[13]='bone_R-hand.mesh' parent[5] R=49.4 exactJoint=0.33u pairs=30  (palette-wide exactWorst=1.94u)
[HANDS_ATTACH] mesh='hands_naked.mesh' owner='hands_naked.mesh' frame=466 nb=38 wext=79.5 rebound=1
  TIER1 rest-coherence: worst=87.3deg bone[33]='bone_L-middlefinger03.mesh' count(>5deg)=34 freshRecap=0  xcheck(invOff-vs-restW) worst=87.3deg bone[33]
  TIER2 joint-attach(PRIMARY): worst=11.02u bone[9]='bone_R-thumb01.mesh' parent[13] R=48.5 exactJoint=0.00u pairs=30  (palette-wide exactWorst=0.00u)
[HANDS_ATTACH] mesh='hands_naked.mesh' owner='hands_naked.mesh' frame=466 nb=40 wext=60.0 rebound=1
  TIER1 rest-coherence: worst=42.6deg bone[30]='bone_L-middlefinger03.mesh' count(>5deg)=36 freshRecap=0  xcheck(invOff-vs-restW) worst=42.6deg bone[30]
  TIER2 joint-attach(PRIMARY): worst=27.27u bone[16]='bone_R-thumb01.mesh' parent[1] R=38.3 exactJoint=0.00u pairs=36  (palette-wide exactWorst=0.04u)
[HANDS_ATTACH] mesh='hands_naked.mesh' owner='hands_naked.mesh' frame=466 nb=38 wext=95.8 rebound=1
  TIER1 rest-coherence: worst=87.3deg bone[33]='bone_L-middlefinger03.mesh' count(>5deg)=34 freshRecap=0  xcheck(invOff-vs-restW) worst=87.3deg bone[33]
  TIER2 joint-attach(PRIMARY): worst=69.06u bone[13]='bone_R-hand.mesh' parent[5] R=49.4 exactJoint=0.33u pairs=30  (palette-wide exactWorst=1.94u)
[HANDS_ATTACH] mesh='hands_naked.mesh' owner='hands_naked.mesh' frame=476 nb=38 wext=79.4 rebound=1
  TIER1 rest-coherence: worst=87.3deg bone[33]='bone_L-middlefinger03.mesh' count(>5deg)=34 freshRecap=0  xcheck(invOff-vs-restW) worst=87.3deg bone[33]
  TIER2 joint-attach(PRIMARY): worst=11.02u bone[9]='bone_R-thumb01.mesh' parent[13] R=48.5 exactJoint=0.00u pairs=30  (palette-wide exactWorst=0.00u)
[HANDS_ATTACH] mesh='hands_naked.mesh' owner='hands_naked.mesh' frame=476 nb=40 wext=60.5 rebound=1
  TIER1 rest-coherence: worst=42.6deg bone[30]='bone_L-middlefinger03.mesh' count(>5deg)=36 freshRecap=0  xcheck(invOff-vs-restW) worst=42.6deg bone[30]
  TIER2 joint-attach(PRIMARY): worst=27.27u bone[16]='bone_R-thumb01.mesh' parent[1] R=38.3 exactJoint=0.00u pairs=36  (palette-wide exactWorst=0.04u)
[HANDS_ATTACH] mesh='hands_naked.mesh' owner='hands_naked.mesh' frame=476 nb=38 wext=97.1 rebound=1
  TIER1 rest-coherence: worst=87.3deg bone[33]='bone_L-middlefinger03.mesh' count(>5deg)=34 freshRecap=0  xcheck(invOff-vs-restW) worst=87.3deg bone[33]
  TIER2 joint-attach(PRIMARY): worst=72.34u bone[13]='bone_R-hand.mesh' parent[5] R=49.4 exactJoint=0.33u pairs=30  (palette-wide exactWorst=1.94u)
[HANDS_ATTACH] mesh='hands_naked.mesh' owner='hands_naked.mesh' frame=486 nb=38 wext=79.3 rebound=1
  TIER1 rest-coherence: worst=87.3deg bone[33]='bone_L-middlefinger03.mesh' count(>5deg)=34 freshRecap=0  xcheck(invOff-vs-restW) worst=87.3deg bone[33]
  TIER2 joint-attach(PRIMARY): worst=11.02u bone[9]='bone_R-thumb01.mesh' parent[13] R=48.5 exactJoint=0.00u pairs=30  (palette-wide exactWorst=0.00u)
[HANDS_ATTACH] mesh='hands_naked.mesh' owner='hands_naked.mesh' frame=486 nb=40 wext=61.2 rebound=1
  TIER1 rest-coherence: worst=42.6deg bone[30]='bone_L-middlefinger03.mesh' count(>5deg)=36 freshRecap=0  xcheck(invOff-vs-restW) worst=42.6deg bone[30]
  TIER2 joint-attach(PRIMARY): worst=27.27u bone[16]='bone_R-thumb01.mesh' parent[1] R=38.3 exactJoint=0.00u pairs=36  (palette-wide exactWorst=0.04u)
[HANDS_ATTACH] mesh='hands_naked.mesh' owner='hands_naked.mesh' frame=486 nb=38 wext=98.4 rebound=1
  TIER1 rest-coherence: worst=87.3deg bone[33]='bone_L-middlefinger03.mesh' count(>5deg)=34 freshRecap=0  xcheck(invOff-vs-restW) worst=87.3deg bone[33]
  TIER2 joint-attach(PRIMARY): worst=73.96u bone[13]='bone_R-hand.mesh' parent[5] R=49.4 exactJoint=0.33u pairs=30  (palette-wide exactWorst=1.94u)
[HANDS_ATTACH] mesh='hands_naked.mesh' owner='hands_naked.mesh' frame=496 nb=38 wext=79.2 rebound=1
  TIER1 rest-coherence: worst=87.3deg bone[33]='bone_L-middlefinger03.mesh' count(>5deg)=34 freshRecap=0  xcheck(invOff-vs-restW) worst=87.3deg bone[33]
  TIER2 joint-attach(PRIMARY): worst=11.02u bone[9]='bone_R-thumb01.mesh' parent[13] R=48.5 exactJoint=0.00u pairs=30  (palette-wide exactWorst=0.00u)
[HANDS_ATTACH] mesh='hands_naked.mesh' owner='hands_naked.mesh' frame=496 nb=40 wext=61.5 rebound=1
  TIER1 rest-coherence: worst=42.6deg bone[30]='bone_L-middlefinger03.mesh' count(>5deg)=36 freshRecap=0  xcheck(invOff-vs-restW) worst=42.6deg bone[30]
  TIER2 joint-attach(PRIMARY): worst=27.27u bone[16]='bone_R-thumb01.mesh' parent[1] R=38.3 exactJoint=0.00u pairs=36  (palette-wide exactWorst=0.04u)
[HANDS_ATTACH] mesh='hands_naked.mesh' owner='hands_naked.mesh' frame=496 nb=38 wext=99.1 rebound=1
  TIER1 rest-coherence: worst=87.3deg bone[33]='bone_L-middlefinger03.mesh' count(>5deg)=34 freshRecap=0  xcheck(invOff-vs-restW) worst=87.3deg bone[33]
  TIER2 joint-attach(PRIMARY): worst=76.65u bone[13]='bone_R-hand.mesh' parent[5] R=49.4 exactJoint=0.33u pairs=30  (palette-wide exactWorst=1.95u)
[HANDS_ATTACH] mesh='hands_naked.mesh' owner='hands_naked.mesh' frame=506 nb=38 wext=79.2 rebound=1
  TIER1 rest-coherence: worst=87.3deg bone[33]='bone_L-middlefinger03.mesh' count(>5deg)=34 freshRecap=0  xcheck(invOff-vs-restW) worst=87.3deg bone[33]
  TIER2 joint-attach(PRIMARY): worst=11.02u bone[9]='bone_R-thumb01.mesh' parent[13] R=48.5 exactJoint=0.00u pairs=30  (palette-wide exactWorst=0.00u)
[HANDS_ATTACH] mesh='hands_naked.mesh' owner='hands_naked.mesh' frame=506 nb=40 wext=61.8 rebound=1
  TIER1 rest-coherence: worst=42.6deg bone[30]='bone_L-middlefinger03.mesh' count(>5deg)=36 freshRecap=0  xcheck(invOff-vs-restW) worst=42.6deg bone[30]
  TIER2 joint-attach(PRIMARY): worst=27.27u bone[16]='bone_R-thumb01.mesh' parent[1] R=38.3 exactJoint=0.00u pairs=36  (palette-wide exactWorst=0.04u)
[HANDS_ATTACH] mesh='hands_naked.mesh' owner='hands_naked.mesh' frame=506 nb=38 wext=99.3 rebound=1
  TIER1 rest-coherence: worst=87.3deg bone[33]='bone_L-middlefinger03.mesh' count(>5deg)=34 freshRecap=0  xcheck(invOff-vs-restW) worst=87.3deg bone[33]
  TIER2 joint-attach(PRIMARY): worst=77.91u bone[13]='bone_R-hand.mesh' parent[5] R=49.4 exactJoint=0.33u pairs=30  (palette-wide exactWorst=1.95u)
[HANDS_ATTACH] mesh='hands_naked.mesh' owner='hands_naked.mesh' frame=516 nb=38 wext=79.3 rebound=1
  TIER1 rest-coherence: worst=87.3deg bone[33]='bone_L-middlefinger03.mesh' count(>5deg)=34 freshRecap=0  xcheck(invOff-vs-restW) worst=87.3deg bone[33]
  TIER2 joint-attach(PRIMARY): worst=11.02u bone[9]='bone_R-thumb01.mesh' parent[13] R=48.5 exactJoint=0.00u pairs=30  (palette-wide exactWorst=0.00u)
[HANDS_ATTACH] mesh='hands_naked.mesh' owner='hands_naked.mesh' frame=516 nb=40 wext=61.7 rebound=1
  TIER1 rest-coherence: worst=42.6deg bone[30]='bone_L-middlefinger03.mesh' count(>5deg)=36 freshRecap=0  xcheck(invOff-vs-restW) worst=42.6deg bone[30]
  TIER2 joint-attach(PRIMARY): worst=27.27u bone[16]='bone_R-thumb01.mesh' parent[1] R=38.3 exactJoint=0.00u pairs=36  (palette-wide exactWorst=0.04u)
[HANDS_ATTACH] mesh='hands_naked.mesh' owner='hands_naked.mesh' frame=516 nb=38 wext=99.2 rebound=1
  TIER1 rest-coherence: worst=87.3deg bone[33]='bone_L-middlefinger03.mesh' count(>5deg)=34 freshRecap=0  xcheck(invOff-vs-restW) worst=87.3deg bone[33]
  TIER2 joint-attach(PRIMARY): worst=78.47u bone[13]='bone_R-hand.mesh' parent[5] R=49.4 exactJoint=0.33u pairs=30  (palette-wide exactWorst=1.95u)
[HANDS_ATTACH] mesh='hands_naked.mesh' owner='hands_naked.mesh' frame=526 nb=38 wext=79.4 rebound=1
  TIER1 rest-coherence: worst=87.3deg bone[33]='bone_L-middlefinger03.mesh' count(>5deg)=34 freshRecap=0  xcheck(invOff-vs-restW) worst=87.3deg bone[33]
  TIER2 joint-attach(PRIMARY): worst=11.02u bone[9]='bone_R-thumb01.mesh' parent[13] R=48.5 exactJoint=0.00u pairs=30  (palette-wide exactWorst=0.00u)
[HANDS_ATTACH] mesh='hands_naked.mesh' owner='hands_naked.mesh' frame=526 nb=40 wext=60.7 rebound=1
  TIER1 rest-coherence: worst=42.6deg bone[30]='bone_L-middlefinger03.mesh' count(>5deg)=36 freshRecap=0  xcheck(invOff-vs-restW) worst=42.6deg bone[30]
  TIER2 joint-attach(PRIMARY): worst=27.27u bone[16]='bone_R-thumb01.mesh' parent[1] R=38.3 exactJoint=0.00u pairs=36  (palette-wide exactWorst=0.04u)
[HANDS_ATTACH] mesh='hands_naked.mesh' owner='hands_naked.mesh' frame=526 nb=38 wext=99.5 rebound=1
  TIER1 rest-coherence: worst=87.3deg bone[33]='bone_L-middlefinger03.mesh' count(>5deg)=34 freshRecap=0  xcheck(invOff-vs-restW) worst=87.3deg bone[33]
  TIER2 joint-attach(PRIMARY): worst=79.23u bone[13]='bone_R-hand.mesh' parent[5] R=49.4 exactJoint=0.33u pairs=30  (palette-wide exactWorst=1.94u)
[HANDS_ATTACH] mesh='hands_naked.mesh' owner='hands_naked.mesh' frame=536 nb=38 wext=79.5 rebound=1
  TIER1 rest-coherence: worst=87.3deg bone[33]='bone_L-middlefinger03.mesh' count(>5deg)=34 freshRecap=0  xcheck(invOff-vs-restW) worst=87.3deg bone[33]
  TIER2 joint-attach(PRIMARY): worst=11.02u bone[9]='bone_R-thumb01.mesh' parent[13] R=48.5 exactJoint=0.00u pairs=30  (palette-wide exactWorst=0.00u)
[HANDS_ATTACH] mesh='hands_naked.mesh' owner='hands_naked.mesh' frame=536 nb=40 wext=59.8 rebound=1
  TIER1 rest-coherence: worst=42.6deg bone[30]='bone_L-middlefinger03.mesh' count(>5deg)=36 freshRecap=0  xcheck(invOff-vs-restW) worst=42.6deg bone[30]
  TIER2 joint-attach(PRIMARY): worst=27.27u bone[16]='bone_R-thumb01.mesh' parent[1] R=38.3 exactJoint=0.00u pairs=36  (palette-wide exactWorst=0.04u)
[HANDS_ATTACH] mesh='hands_naked.mesh' owner='hands_naked.mesh' frame=536 nb=38 wext=99.2 rebound=1
  TIER1 rest-coherence: worst=87.3deg bone[33]='bone_L-middlefinger03.mesh' count(>5deg)=34 freshRecap=0  xcheck(invOff-vs-restW) worst=87.3deg bone[33]
  TIER2 joint-attach(PRIMARY): worst=80.14u bone[13]='bone_R-hand.mesh' parent[5] R=49.4 exactJoint=0.33u pairs=30  (palette-wide exactWorst=1.94u)
[HANDS_ATTACH] mesh='hands_naked.mesh' owner='hands_naked.mesh' frame=546 nb=38 wext=79.5 rebound=1
  TIER1 rest-coherence: worst=87.3deg bone[33]='bone_L-middlefinger03.mesh' count(>5deg)=34 freshRecap=0  xcheck(invOff-vs-restW) worst=87.3deg bone[33]
  TIER2 joint-attach(PRIMARY): worst=11.02u bone[9]='bone_R-thumb01.mesh' parent[13] R=48.5 exactJoint=0.00u pairs=30  (palette-wide exactWorst=0.00u)
[HANDS_ATTACH] mesh='hands_naked.mesh' owner='hands_naked.mesh' frame=546 nb=40 wext=59.7 rebound=1
  TIER1 rest-coherence: worst=42.6deg bone[30]='bone_L-middlefinger03.mesh' count(>5deg)=36 freshRecap=0  xcheck(invOff-vs-restW) worst=42.6deg bone[30]
  TIER2 joint-attach(PRIMARY): worst=27.27u bone[16]='bone_R-thumb01.mesh' parent[1] R=38.3 exactJoint=0.00u pairs=36  (palette-wide exactWorst=0.04u)
[HANDS_ATTACH] mesh='hands_naked.mesh' owner='hands_naked.mesh' frame=546 nb=38 wext=98.9 rebound=1
  TIER1 rest-coherence: worst=87.3deg bone[33]='bone_L-middlefinger03.mesh' count(>5deg)=34 freshRecap=0  xcheck(invOff-vs-restW) worst=87.3deg bone[33]
  TIER2 joint-attach(PRIMARY): worst=80.87u bone[13]='bone_R-hand.mesh' parent[5] R=49.4 exactJoint=0.33u pairs=30  (palette-wide exactWorst=1.94u)
[HANDS_ATTACH] mesh='hands_naked.mesh' owner='hands_naked.mesh' frame=556 nb=38 wext=79.3 rebound=1
  TIER1 rest-coherence: worst=87.3deg bone[33]='bone_L-middlefinger03.mesh' count(>5deg)=34 freshRecap=0  xcheck(invOff-vs-restW) worst=87.3deg bone[33]
  TIER2 joint-attach(PRIMARY): worst=11.02u bone[9]='bone_R-thumb01.mesh' parent[13] R=48.5 exactJoint=0.00u pairs=30  (palette-wide exactWorst=0.00u)
[HANDS_ATTACH] mesh='hands_naked.mesh' owner='hands_naked.mesh' frame=556 nb=40 wext=59.9 rebound=1
  TIER1 rest-coherence: worst=42.6deg bone[30]='bone_L-middlefinger03.mesh' count(>5deg)=36 freshRecap=0  xcheck(invOff-vs-restW) worst=42.6deg bone[30]
  TIER2 joint-attach(PRIMARY): worst=27.27u bone[16]='bone_R-thumb01.mesh' parent[1] R=38.3 exactJoint=0.00u pairs=36  (palette-wide exactWorst=0.04u)
[HANDS_ATTACH] mesh='hands_naked.mesh' owner='hands_naked.mesh' frame=556 nb=38 wext=98.8 rebound=1
  TIER1 rest-coherence: worst=87.3deg bone[33]='bone_L-middlefinger03.mesh' count(>5deg)=34 freshRecap=0  xcheck(invOff-vs-restW) worst=87.3deg bone[33]
  TIER2 joint-attach(PRIMARY): worst=81.04u bone[13]='bone_R-hand.mesh' parent[5] R=49.4 exactJoint=0.33u pairs=30  (palette-wide exactWorst=1.94u)
[HANDS_ATTACH] mesh='hands_naked.mesh' owner='hands_naked.mesh' frame=566 nb=38 wext=79.1 rebound=1
  TIER1 rest-coherence: worst=87.3deg bone[33]='bone_L-middlefinger03.mesh' count(>5deg)=34 freshRecap=0  xcheck(invOff-vs-restW) worst=87.3deg bone[33]
  TIER2 joint-attach(PRIMARY): worst=11.02u bone[9]='bone_R-thumb01.mesh' parent[13] R=48.5 exactJoint=0.00u pairs=30  (palette-wide exactWorst=0.00u)
[HANDS_ATTACH] mesh='hands_naked.mesh' owner='hands_naked.mesh' frame=566 nb=40 wext=60.4 rebound=1
  TIER1 rest-coherence: worst=42.6deg bone[30]='bone_L-middlefinger03.mesh' count(>5deg)=36 freshRecap=0  xcheck(invOff-vs-restW) worst=42.6deg bone[30]
  TIER2 joint-attach(PRIMARY): worst=27.27u bone[16]='bone_R-thumb01.mesh' parent[1] R=38.3 exactJoint=0.00u pairs=36  (palette-wide exactWorst=0.04u)
[HANDS_ATTACH] mesh='hands_naked.mesh' owner='hands_naked.mesh' frame=566 nb=38 wext=98.5 rebound=1
  TIER1 rest-coherence: worst=87.3deg bone[33]='bone_L-middlefinger03.mesh' count(>5deg)=34 freshRecap=0  xcheck(invOff-vs-restW) worst=87.3deg bone[33]
  TIER2 joint-attach(PRIMARY): worst=81.05u bone[13]='bone_R-hand.mesh' parent[5] R=49.4 exactJoint=0.33u pairs=30  (palette-wide exactWorst=1.95u)
[HANDS_ATTACH] mesh='hands_naked.mesh' owner='hands_naked.mesh' frame=576 nb=38 wext=79.1 rebound=1
  TIER1 rest-coherence: worst=87.3deg bone[33]='bone_L-middlefinger03.mesh' count(>5deg)=34 freshRecap=0  xcheck(invOff-vs-restW) worst=87.3deg bone[33]
  TIER2 joint-attach(PRIMARY): worst=11.02u bone[9]='bone_R-thumb01.mesh' parent[13] R=48.5 exactJoint=0.00u pairs=30  (palette-wide exactWorst=0.00u)
[HANDS_ATTACH] mesh='hands_naked.mesh' owner='hands_naked.mesh' frame=576 nb=40 wext=60.8 rebound=1
  TIER1 rest-coherence: worst=42.6deg bone[30]='bone_L-middlefinger03.mesh' count(>5deg)=36 freshRecap=0  xcheck(invOff-vs-restW) worst=42.6deg bone[30]
  TIER2 joint-attach(PRIMARY): worst=27.27u bone[16]='bone_R-thumb01.mesh' parent[1] R=38.3 exactJoint=0.00u pairs=36  (palette-wide exactWorst=0.04u)
[HANDS_ATTACH] mesh='hands_naked.mesh' owner='hands_naked.mesh' frame=576 nb=38 wext=98.7 rebound=1
  TIER1 rest-coherence: worst=87.3deg bone[33]='bone_L-middlefinger03.mesh' count(>5deg)=34 freshRecap=0  xcheck(invOff-vs-restW) worst=87.3deg bone[33]
  TIER2 joint-attach(PRIMARY): worst=81.64u bone[13]='bone_R-hand.mesh' parent[5] R=49.4 exactJoint=0.33u pairs=30  (palette-wide exactWorst=1.95u)
[HANDS_ATTACH] mesh='hands_naked.mesh' owner='hands_naked.mesh' frame=586 nb=38 wext=79.2 rebound=1
  TIER1 rest-coherence: worst=87.3deg bone[33]='bone_L-middlefinger03.mesh' count(>5deg)=34 freshRecap=0  xcheck(invOff-vs-restW) worst=87.3deg bone[33]
  TIER2 joint-attach(PRIMARY): worst=11.02u bone[9]='bone_R-thumb01.mesh' parent[13] R=48.5 exactJoint=0.00u pairs=30  (palette-wide exactWorst=0.00u)
[HANDS_ATTACH] mesh='hands_naked.mesh' owner='hands_naked.mesh' frame=586 nb=40 wext=61.1 rebound=1
  TIER1 rest-coherence: worst=42.6deg bone[30]='bone_L-middlefinger03.mesh' count(>5deg)=36 freshRecap=0  xcheck(invOff-vs-restW) worst=42.6deg bone[30]
  TIER2 joint-attach(PRIMARY): worst=27.27u bone[16]='bone_R-thumb01.mesh' parent[1] R=38.3 exactJoint=0.00u pairs=36  (palette-wide exactWorst=0.04u)
[HANDS_ATTACH] mesh='hands_naked.mesh' owner='hands_naked.mesh' frame=586 nb=38 wext=99.0 rebound=1
  TIER1 rest-coherence: worst=87.3deg bone[33]='bone_L-middlefinger03.mesh' count(>5deg)=34 freshRecap=0  xcheck(invOff-vs-restW) worst=87.3deg bone[33]
  TIER2 joint-attach(PRIMARY): worst=82.58u bone[13]='bone_R-hand.mesh' parent[5] R=49.4 exactJoint=0.33u pairs=30  (palette-wide exactWorst=1.95u)
[HANDS_ATTACH] mesh='hands_naked.mesh' owner='hands_naked.mesh' frame=596 nb=38 wext=79.4 rebound=1
  TIER1 rest-coherence: worst=87.3deg bone[33]='bone_L-middlefinger03.mesh' count(>5deg)=34 freshRecap=0  xcheck(invOff-vs-restW) worst=87.3deg bone[33]
  TIER2 joint-attach(PRIMARY): worst=11.02u bone[9]='bone_R-thumb01.mesh' parent[13] R=48.5 exactJoint=0.00u pairs=30  (palette-wide exactWorst=0.00u)
[HANDS_ATTACH] mesh='hands_naked.mesh' owner='hands_naked.mesh' frame=596 nb=40 wext=61.5 rebound=1
  TIER1 rest-coherence: worst=42.6deg bone[30]='bone_L-middlefinger03.mesh' count(>5deg)=36 freshRecap=0  xcheck(invOff-vs-restW) worst=42.6deg bone[30]
  TIER2 joint-attach(PRIMARY): worst=27.27u bone[16]='bone_R-thumb01.mesh' parent[1] R=38.3 exactJoint=0.00u pairs=36  (palette-wide exactWorst=0.04u)
[HANDS_ATTACH] mesh='hands_naked.mesh' owner='hands_naked.mesh' frame=596 nb=38 wext=98.9 rebound=1
  TIER1 rest-coherence: worst=87.3deg bone[33]='bone_L-middlefinger03.mesh' count(>5deg)=34 freshRecap=0  xcheck(invOff-vs-restW) worst=87.3deg bone[33]
  TIER2 joint-attach(PRIMARY): worst=83.45u bone[13]='bone_R-hand.mesh' parent[5] R=49.4 exactJoint=0.33u pairs=30  (palette-wide exactWorst=1.95u)
[HANDS_ATTACH] mesh='hands_naked.mesh' owner='hands_naked.mesh' frame=606 nb=38 wext=79.5 rebound=1
  TIER1 rest-coherence: worst=87.3deg bone[33]='bone_L-middlefinger03.mesh' count(>5deg)=34 freshRecap=0  xcheck(invOff-vs-restW) worst=87.3deg bone[33]
  TIER2 joint-attach(PRIMARY): worst=11.02u bone[9]='bone_R-thumb01.mesh' parent[13] R=48.5 exactJoint=0.00u pairs=30  (palette-wide exactWorst=0.00u)
[HANDS_ATTACH] mesh='hands_naked.mesh' owner='hands_naked.mesh' frame=606 nb=40 wext=62.0 rebound=1
  TIER1 rest-coherence: worst=42.6deg bone[30]='bone_L-middlefinger03.mesh' count(>5deg)=36 freshRecap=0  xcheck(invOff-vs-restW) worst=42.6deg bone[30]
  TIER2 joint-attach(PRIMARY): worst=27.27u bone[16]='bone_R-thumb01.mesh' parent[1] R=38.3 exactJoint=0.00u pairs=36  (palette-wide exactWorst=0.04u)
[HANDS_ATTACH] mesh='hands_naked.mesh' owner='hands_naked.mesh' frame=606 nb=38 wext=98.6 rebound=1
  TIER1 rest-coherence: worst=87.3deg bone[33]='bone_L-middlefinger03.mesh' count(>5deg)=34 freshRecap=0  xcheck(invOff-vs-restW) worst=87.3deg bone[33]
  TIER2 joint-attach(PRIMARY): worst=84.26u bone[13]='bone_R-hand.mesh' parent[5] R=49.4 exactJoint=0.33u pairs=30  (palette-wide exactWorst=1.94u)
[HANDS_ATTACH] mesh='hands_naked.mesh' owner='hands_naked.mesh' frame=616 nb=38 wext=79.5 rebound=1
  TIER1 rest-coherence: worst=87.3deg bone[33]='bone_L-middlefinger03.mesh' count(>5deg)=34 freshRecap=0  xcheck(invOff-vs-restW) worst=87.3deg bone[33]
  TIER2 joint-attach(PRIMARY): worst=11.02u bone[9]='bone_R-thumb01.mesh' parent[13] R=48.5 exactJoint=0.00u pairs=30  (palette-wide exactWorst=0.00u)
[HANDS_ATTACH] mesh='hands_naked.mesh' owner='hands_naked.mesh' frame=616 nb=40 wext=62.1 rebound=1
  TIER1 rest-coherence: worst=42.6deg bone[30]='bone_L-middlefinger03.mesh' count(>5deg)=36 freshRecap=0  xcheck(invOff-vs-restW) worst=42.6deg bone[30]
  TIER2 joint-attach(PRIMARY): worst=27.27u bone[16]='bone_R-thumb01.mesh' parent[1] R=38.3 exactJoint=0.00u pairs=36  (palette-wide exactWorst=0.04u)
[HANDS_ATTACH] mesh='hands_naked.mesh' owner='hands_naked.mesh' frame=616 nb=38 wext=98.3 rebound=1
  TIER1 rest-coherence: worst=87.3deg bone[33]='bone_L-middlefinger03.mesh' count(>5deg)=34 freshRecap=0  xcheck(invOff-vs-restW) worst=87.3deg bone[33]
  TIER2 joint-attach(PRIMARY): worst=84.98u bone[13]='bone_R-hand.mesh' parent[5] R=49.4 exactJoint=0.33u pairs=30  (palette-wide exactWorst=1.94u)
[HANDS_ATTACH] mesh='hands_naked.mesh' owner='hands_naked.mesh' frame=626 nb=38 wext=79.6 rebound=1
  TIER1 rest-coherence: worst=87.3deg bone[33]='bone_L-middlefinger03.mesh' count(>5deg)=34 freshRecap=0  xcheck(invOff-vs-restW) worst=87.3deg bone[33]
  TIER2 joint-attach(PRIMARY): worst=11.02u bone[9]='bone_R-thumb01.mesh' parent[13] R=48.5 exactJoint=0.00u pairs=30  (palette-wide exactWorst=0.00u)
[HANDS_ATTACH] mesh='hands_naked.mesh' owner='hands_naked.mesh' frame=626 nb=40 wext=61.9 rebound=1
  TIER1 rest-coherence: worst=42.6deg bone[30]='bone_L-middlefinger03.mesh' count(>5deg)=36 freshRecap=0  xcheck(invOff-vs-restW) worst=42.6deg bone[30]
  TIER2 joint-attach(PRIMARY): worst=27.27u bone[16]='bone_R-thumb01.mesh' parent[1] R=38.3 exactJoint=0.00u pairs=36  (palette-wide exactWorst=0.04u)
[HANDS_ATTACH] mesh='hands_naked.mesh' owner='hands_naked.mesh' frame=626 nb=38 wext=98.2 rebound=1
  TIER1 rest-coherence: worst=87.3deg bone[33]='bone_L-middlefinger03.mesh' count(>5deg)=34 freshRecap=0  xcheck(invOff-vs-restW) worst=87.3deg bone[33]
  TIER2 joint-attach(PRIMARY): worst=84.79u bone[13]='bone_R-hand.mesh' parent[5] R=49.4 exactJoint=0.33u pairs=30  (palette-wide exactWorst=1.95u)
[HANDS_ATTACH] mesh='hands_naked.mesh' owner='hands_naked.mesh' frame=636 nb=38 wext=79.7 rebound=1
  TIER1 rest-coherence: worst=87.3deg bone[33]='bone_L-middlefinger03.mesh' count(>5deg)=34 freshRecap=0  xcheck(invOff-vs-restW) worst=87.3deg bone[33]
  TIER2 joint-attach(PRIMARY): worst=11.02u bone[9]='bone_R-thumb01.mesh' parent[13] R=48.5 exactJoint=0.00u pairs=30  (palette-wide exactWorst=0.00u)
[HANDS_ATTACH] mesh='hands_naked.mesh' owner='hands_naked.mesh' frame=636 nb=40 wext=61.7 rebound=1
  TIER1 rest-coherence: worst=42.6deg bone[30]='bone_L-middlefinger03.mesh' count(>5deg)=36 freshRecap=0  xcheck(invOff-vs-restW) worst=42.6deg bone[30]
  TIER2 joint-attach(PRIMARY): worst=27.27u bone[16]='bone_R-thumb01.mesh' parent[1] R=38.3 exactJoint=0.00u pairs=36  (palette-wide exactWorst=0.04u)
[HANDS_ATTACH] mesh='hands_naked.mesh' owner='hands_naked.mesh' frame=636 nb=38 wext=97.9 rebound=1
  TIER1 rest-coherence: worst=87.3deg bone[33]='bone_L-middlefinger03.mesh' count(>5deg)=34 freshRecap=0  xcheck(invOff-vs-restW) worst=87.3deg bone[33]
  TIER2 joint-attach(PRIMARY): worst=84.82u bone[13]='bone_R-hand.mesh' parent[5] R=49.4 exactJoint=0.33u pairs=30  (palette-wide exactWorst=1.94u)
[HANDS_ATTACH] mesh='hands_naked.mesh' owner='hands_naked.mesh' frame=646 nb=38 wext=79.9 rebound=1
  TIER1 rest-coherence: worst=87.3deg bone[33]='bone_L-middlefinger03.mesh' count(>5deg)=34 freshRecap=0  xcheck(invOff-vs-restW) worst=87.3deg bone[33]
  TIER2 joint-attach(PRIMARY): worst=11.02u bone[9]='bone_R-thumb01.mesh' parent[13] R=48.5 exactJoint=0.00u pairs=30  (palette-wide exactWorst=0.00u)
[HANDS_ATTACH] mesh='hands_naked.mesh' owner='hands_naked.mesh' frame=646 nb=40 wext=61.8 rebound=1
  TIER1 rest-coherence: worst=42.6deg bone[30]='bone_L-middlefinger03.mesh' count(>5deg)=36 freshRecap=0  xcheck(invOff-vs-restW) worst=42.6deg bone[30]
  TIER2 joint-attach(PRIMARY): worst=27.27u bone[16]='bone_R-thumb01.mesh' parent[1] R=38.3 exactJoint=0.00u pairs=36  (palette-wide exactWorst=0.04u)
[HANDS_ATTACH] mesh='hands_naked.mesh' owner='hands_naked.mesh' frame=646 nb=38 wext=97.7 rebound=1
  TIER1 rest-coherence: worst=87.3deg bone[33]='bone_L-middlefinger03.mesh' count(>5deg)=34 freshRecap=0  xcheck(invOff-vs-restW) worst=87.3deg bone[33]
  TIER2 joint-attach(PRIMARY): worst=85.04u bone[13]='bone_R-hand.mesh' parent[5] R=49.4 exactJoint=0.33u pairs=30  (palette-wide exactWorst=1.94u)
[HANDS_ATTACH] mesh='hands_naked.mesh' owner='hands_naked.mesh' frame=656 nb=38 wext=80.1 rebound=1
  TIER1 rest-coherence: worst=87.3deg bone[33]='bone_L-middlefinger03.mesh' count(>5deg)=34 freshRecap=0  xcheck(invOff-vs-restW) worst=87.3deg bone[33]
  TIER2 joint-attach(PRIMARY): worst=11.02u bone[9]='bone_R-thumb01.mesh' parent[13] R=48.5 exactJoint=0.00u pairs=30  (palette-wide exactWorst=0.00u)
[HANDS_ATTACH] mesh='hands_naked.mesh' owner='hands_naked.mesh' frame=656 nb=40 wext=61.6 rebound=1
  TIER1 rest-coherence: worst=42.6deg bone[30]='bone_L-middlefinger03.mesh' count(>5deg)=36 freshRecap=0  xcheck(invOff-vs-restW) worst=42.6deg bone[30]
  TIER2 joint-attach(PRIMARY): worst=27.27u bone[16]='bone_R-thumb01.mesh' parent[1] R=38.3 exactJoint=0.00u pairs=36  (palette-wide exactWorst=0.04u)
[HANDS_ATTACH] mesh='hands_naked.mesh' owner='hands_naked.mesh' frame=656 nb=38 wext=97.8 rebound=1
  TIER1 rest-coherence: worst=87.3deg bone[33]='bone_L-middlefinger03.mesh' count(>5deg)=34 freshRecap=0  xcheck(invOff-vs-restW) worst=87.3deg bone[33]
  TIER2 joint-attach(PRIMARY): worst=85.39u bone[13]='bone_R-hand.mesh' parent[5] R=49.4 exactJoint=0.33u pairs=30  (palette-wide exactWorst=1.94u)
[HANDS_ATTACH] mesh='hands_naked.mesh' owner='hands_naked.mesh' frame=666 nb=38 wext=80.2 rebound=1
  TIER1 rest-coherence: worst=87.3deg bone[33]='bone_L-middlefinger03.mesh' count(>5deg)=34 freshRecap=0  xcheck(invOff-vs-restW) worst=87.3deg bone[33]
  TIER2 joint-attach(PRIMARY): worst=11.02u bone[9]='bone_R-thumb01.mesh' parent[13] R=48.5 exactJoint=0.00u pairs=30  (palette-wide exactWorst=0.00u)
[HANDS_ATTACH] mesh='hands_naked.mesh' owner='hands_naked.mesh' frame=666 nb=40 wext=61.4 rebound=1
  TIER1 rest-coherence: worst=42.6deg bone[30]='bone_L-middlefinger03.mesh' count(>5deg)=36 freshRecap=0  xcheck(invOff-vs-restW) worst=42.6deg bone[30]
  TIER2 joint-attach(PRIMARY): worst=27.27u bone[16]='bone_R-thumb01.mesh' parent[1] R=38.3 exactJoint=0.00u pairs=36  (palette-wide exactWorst=0.04u)
[HANDS_ATTACH] mesh='hands_naked.mesh' owner='hands_naked.mesh' frame=666 nb=38 wext=97.8 rebound=1
  TIER1 rest-coherence: worst=87.3deg bone[33]='bone_L-middlefinger03.mesh' count(>5deg)=34 freshRecap=0  xcheck(invOff-vs-restW) worst=87.3deg bone[33]
  TIER2 joint-attach(PRIMARY): worst=85.70u bone[13]='bone_R-hand.mesh' parent[5] R=49.4 exactJoint=0.33u pairs=30  (palette-wide exactWorst=1.94u)
[HANDS_ATTACH] mesh='hands_naked.mesh' owner='hands_naked.mesh' frame=676 nb=38 wext=80.2 rebound=1
  TIER1 rest-coherence: worst=87.3deg bone[33]='bone_L-middlefinger03.mesh' count(>5deg)=34 freshRecap=0  xcheck(invOff-vs-restW) worst=87.3deg bone[33]
  TIER2 joint-attach(PRIMARY): worst=11.02u bone[9]='bone_R-thumb01.mesh' parent[13] R=48.5 exactJoint=0.00u pairs=30  (palette-wide exactWorst=0.00u)
[HANDS_ATTACH] mesh='hands_naked.mesh' owner='hands_naked.mesh' frame=676 nb=40 wext=61.3 rebound=1
  TIER1 rest-coherence: worst=42.6deg bone[30]='bone_L-middlefinger03.mesh' count(>5deg)=36 freshRecap=0  xcheck(invOff-vs-restW) worst=42.6deg bone[30]
  TIER2 joint-attach(PRIMARY): worst=27.27u bone[16]='bone_R-thumb01.mesh' parent[1] R=38.3 exactJoint=0.00u pairs=36  (palette-wide exactWorst=0.04u)
[HANDS_ATTACH] mesh='hands_naked.mesh' owner='hands_naked.mesh' frame=676 nb=38 wext=97.7 rebound=1
  TIER1 rest-coherence: worst=87.3deg bone[33]='bone_L-middlefinger03.mesh' count(>5deg)=34 freshRecap=0  xcheck(invOff-vs-restW) worst=87.3deg bone[33]
  TIER2 joint-attach(PRIMARY): worst=85.16u bone[13]='bone_R-hand.mesh' parent[5] R=49.4 exactJoint=0.33u pairs=30  (palette-wide exactWorst=1.94u)
[HANDS_ATTACH] mesh='hands_naked.mesh' owner='hands_naked.mesh' frame=686 nb=38 wext=80.1 rebound=1
  TIER1 rest-coherence: worst=87.3deg bone[33]='bone_L-middlefinger03.mesh' count(>5deg)=34 freshRecap=0  xcheck(invOff-vs-restW) worst=87.3deg bone[33]
  TIER2 joint-attach(PRIMARY): worst=11.02u bone[9]='bone_R-thumb01.mesh' parent[13] R=48.5 exactJoint=0.00u pairs=30  (palette-wide exactWorst=0.00u)
[HANDS_ATTACH] mesh='hands_naked.mesh' owner='hands_naked.mesh' frame=686 nb=40 wext=61.3 rebound=1
  TIER1 rest-coherence: worst=42.6deg bone[30]='bone_L-middlefinger03.mesh' count(>5deg)=36 freshRecap=0  xcheck(invOff-vs-restW) worst=42.6deg bone[30]
  TIER2 joint-attach(PRIMARY): worst=27.27u bone[16]='bone_R-thumb01.mesh' parent[1] R=38.3 exactJoint=0.00u pairs=36  (palette-wide exactWorst=0.04u)
[HANDS_ATTACH] mesh='hands_naked.mesh' owner='hands_naked.mesh' frame=686 nb=38 wext=97.6 rebound=1
  TIER1 rest-coherence: worst=87.3deg bone[33]='bone_L-middlefinger03.mesh' count(>5deg)=34 freshRecap=0  xcheck(invOff-vs-restW) worst=87.3deg bone[33]
  TIER2 joint-attach(PRIMARY): worst=83.81u bone[13]='bone_R-hand.mesh' parent[5] R=49.4 exactJoint=0.33u pairs=30  (palette-wide exactWorst=1.95u)
[HANDS_ATTACH] mesh='hands_naked.mesh' owner='hands_naked.mesh' frame=696 nb=38 wext=80.0 rebound=1
  TIER1 rest-coherence: worst=87.3deg bone[33]='bone_L-middlefinger03.mesh' count(>5deg)=34 freshRecap=0  xcheck(invOff-vs-restW) worst=87.3deg bone[33]
  TIER2 joint-attach(PRIMARY): worst=11.02u bone[9]='bone_R-thumb01.mesh' parent[13] R=48.5 exactJoint=0.00u pairs=30  (palette-wide exactWorst=0.00u)
[HANDS_ATTACH] mesh='hands_naked.mesh' owner='hands_naked.mesh' frame=696 nb=40 wext=61.2 rebound=1
  TIER1 rest-coherence: worst=42.6deg bone[30]='bone_L-middlefinger03.mesh' count(>5deg)=36 freshRecap=0  xcheck(invOff-vs-restW) worst=42.6deg bone[30]
  TIER2 joint-attach(PRIMARY): worst=27.27u bone[16]='bone_R-thumb01.mesh' parent[1] R=38.3 exactJoint=0.00u pairs=36  (palette-wide exactWorst=0.04u)
[HANDS_ATTACH] mesh='hands_naked.mesh' owner='hands_naked.mesh' frame=696 nb=38 wext=97.5 rebound=1
  TIER1 rest-coherence: worst=87.3deg bone[33]='bone_L-middlefinger03.mesh' count(>5deg)=34 freshRecap=0  xcheck(invOff-vs-restW) worst=87.3deg bone[33]
  TIER2 joint-attach(PRIMARY): worst=81.75u bone[13]='bone_R-hand.mesh' parent[5] R=49.4 exactJoint=0.33u pairs=30  (palette-wide exactWorst=1.94u)
[HANDS_ATTACH] mesh='hands_naked.mesh' owner='hands_naked.mesh' frame=706 nb=38 wext=79.9 rebound=1
  TIER1 rest-coherence: worst=87.3deg bone[33]='bone_L-middlefinger03.mesh' count(>5deg)=34 freshRecap=0  xcheck(invOff-vs-restW) worst=87.3deg bone[33]
  TIER2 joint-attach(PRIMARY): worst=11.02u bone[9]='bone_R-thumb01.mesh' parent[13] R=48.5 exactJoint=0.00u pairs=30  (palette-wide exactWorst=0.00u)
[HANDS_ATTACH] mesh='hands_naked.mesh' owner='hands_naked.mesh' frame=706 nb=40 wext=61.0 rebound=1
  TIER1 rest-coherence: worst=42.6deg bone[30]='bone_L-middlefinger03.mesh' count(>5deg)=36 freshRecap=0  xcheck(invOff-vs-restW) worst=42.6deg bone[30]
  TIER2 joint-attach(PRIMARY): worst=27.27u bone[16]='bone_R-thumb01.mesh' parent[1] R=38.3 exactJoint=0.00u pairs=36  (palette-wide exactWorst=0.04u)
[HANDS_ATTACH] mesh='hands_naked.mesh' owner='hands_naked.mesh' frame=706 nb=38 wext=97.4 rebound=1
  TIER1 rest-coherence: worst=87.3deg bone[33]='bone_L-middlefinger03.mesh' count(>5deg)=34 freshRecap=0  xcheck(invOff-vs-restW) worst=87.3deg bone[33]
  TIER2 joint-attach(PRIMARY): worst=79.42u bone[13]='bone_R-hand.mesh' parent[5] R=49.4 exactJoint=0.33u pairs=30  (palette-wide exactWorst=1.95u)
[HANDS_ATTACH] mesh='hands_naked.mesh' owner='hands_naked.mesh' frame=716 nb=38 wext=79.9 rebound=1
  TIER1 rest-coherence: worst=87.3deg bone[33]='bone_L-middlefinger03.mesh' count(>5deg)=34 freshRecap=0  xcheck(invOff-vs-restW) worst=87.3deg bone[33]
  TIER2 joint-attach(PRIMARY): worst=11.02u bone[9]='bone_R-thumb01.mesh' parent[13] R=48.5 exactJoint=0.00u pairs=30  (palette-wide exactWorst=0.00u)
[HANDS_ATTACH] mesh='hands_naked.mesh' owner='hands_naked.mesh' frame=716 nb=40 wext=60.9 rebound=1
  TIER1 rest-coherence: worst=42.6deg bone[30]='bone_L-middlefinger03.mesh' count(>5deg)=36 freshRecap=0  xcheck(invOff-vs-restW) worst=42.6deg bone[30]
  TIER2 joint-attach(PRIMARY): worst=27.27u bone[16]='bone_R-thumb01.mesh' parent[1] R=38.3 exactJoint=0.00u pairs=36  (palette-wide exactWorst=0.04u)
[HANDS_ATTACH] mesh='hands_naked.mesh' owner='hands_naked.mesh' frame=716 nb=38 wext=96.8 rebound=1
  TIER1 rest-coherence: worst=87.3deg bone[33]='bone_L-middlefinger03.mesh' count(>5deg)=34 freshRecap=0  xcheck(invOff-vs-restW) worst=87.3deg bone[33]
  TIER2 joint-attach(PRIMARY): worst=76.93u bone[13]='bone_R-hand.mesh' parent[5] R=49.4 exactJoint=0.33u pairs=30  (palette-wide exactWorst=1.94u)
[HANDS_ATTACH] mesh='hands_naked.mesh' owner='hands_naked.mesh' frame=726 nb=38 wext=79.9 rebound=1
  TIER1 rest-coherence: worst=87.3deg bone[33]='bone_L-middlefinger03.mesh' count(>5deg)=34 freshRecap=0  xcheck(invOff-vs-restW) worst=87.3deg bone[33]
  TIER2 joint-attach(PRIMARY): worst=11.02u bone[9]='bone_R-thumb01.mesh' parent[13] R=48.5 exactJoint=0.00u pairs=30  (palette-wide exactWorst=0.00u)
[HANDS_ATTACH] mesh='hands_naked.mesh' owner='hands_naked.mesh' frame=726 nb=40 wext=60.8 rebound=1
  TIER1 rest-coherence: worst=42.6deg bone[30]='bone_L-middlefinger03.mesh' count(>5deg)=36 freshRecap=0  xcheck(invOff-vs-restW) worst=42.6deg bone[30]
  TIER2 joint-attach(PRIMARY): worst=27.27u bone[16]='bone_R-thumb01.mesh' parent[1] R=38.3 exactJoint=0.00u pairs=36  (palette-wide exactWorst=0.04u)
[HANDS_ATTACH] mesh='hands_naked.mesh' owner='hands_naked.mesh' frame=726 nb=38 wext=96.2 rebound=1
  TIER1 rest-coherence: worst=87.3deg bone[33]='bone_L-middlefinger03.mesh' count(>5deg)=34 freshRecap=0  xcheck(invOff-vs-restW) worst=87.3deg bone[33]
  TIER2 joint-attach(PRIMARY): worst=74.48u bone[13]='bone_R-hand.mesh' parent[5] R=49.4 exactJoint=0.33u pairs=30  (palette-wide exactWorst=1.95u)
[HANDS_ATTACH] mesh='hands_naked.mesh' owner='hands_naked.mesh' frame=736 nb=38 wext=79.8 rebound=1
  TIER1 rest-coherence: worst=87.3deg bone[33]='bone_L-middlefinger03.mesh' count(>5deg)=34 freshRecap=0  xcheck(invOff-vs-restW) worst=87.3deg bone[33]
  TIER2 joint-attach(PRIMARY): worst=11.02u bone[9]='bone_R-thumb01.mesh' parent[13] R=48.5 exactJoint=0.00u pairs=30  (palette-wide exactWorst=0.00u)
[HANDS_ATTACH] mesh='hands_naked.mesh' owner='hands_naked.mesh' frame=736 nb=40 wext=60.7 rebound=1
  TIER1 rest-coherence: worst=42.6deg bone[30]='bone_L-middlefinger03.mesh' count(>5deg)=36 freshRecap=0  xcheck(invOff-vs-restW) worst=42.6deg bone[30]
  TIER2 joint-attach(PRIMARY): worst=27.27u bone[16]='bone_R-thumb01.mesh' parent[1] R=38.3 exactJoint=0.00u pairs=36  (palette-wide exactWorst=0.04u)
[HANDS_ATTACH] mesh='hands_naked.mesh' owner='hands_naked.mesh' frame=736 nb=38 wext=96.0 rebound=1
  TIER1 rest-coherence: worst=87.3deg bone[33]='bone_L-middlefinger03.mesh' count(>5deg)=34 freshRecap=0  xcheck(invOff-vs-restW) worst=87.3deg bone[33]
  TIER2 joint-attach(PRIMARY): worst=72.68u bone[13]='bone_R-hand.mesh' parent[5] R=49.4 exactJoint=0.33u pairs=30  (palette-wide exactWorst=1.95u)
[HANDS_ATTACH] mesh='hands_naked.mesh' owner='hands_naked.mesh' frame=746 nb=38 wext=79.8 rebound=1
  TIER1 rest-coherence: worst=87.3deg bone[33]='bone_L-middlefinger03.mesh' count(>5deg)=34 freshRecap=0  xcheck(invOff-vs-restW) worst=87.3deg bone[33]
  TIER2 joint-attach(PRIMARY): worst=11.02u bone[9]='bone_R-thumb01.mesh' parent[13] R=48.5 exactJoint=0.00u pairs=30  (palette-wide exactWorst=0.00u)
[HANDS_ATTACH] mesh='hands_naked.mesh' owner='hands_naked.mesh' frame=746 nb=40 wext=60.7 rebound=1
  TIER1 rest-coherence: worst=42.6deg bone[30]='bone_L-middlefinger03.mesh' count(>5deg)=36 freshRecap=0  xcheck(invOff-vs-restW) worst=42.6deg bone[30]
  TIER2 joint-attach(PRIMARY): worst=27.27u bone[16]='bone_R-thumb01.mesh' parent[1] R=38.3 exactJoint=0.00u pairs=36  (palette-wide exactWorst=0.04u)
[HANDS_ATTACH] mesh='hands_naked.mesh' owner='hands_naked.mesh' frame=746 nb=38 wext=96.0 rebound=1
  TIER1 rest-coherence: worst=87.3deg bone[33]='bone_L-middlefinger03.mesh' count(>5deg)=34 freshRecap=0  xcheck(invOff-vs-restW) worst=87.3deg bone[33]
  TIER2 joint-attach(PRIMARY): worst=71.32u bone[13]='bone_R-hand.mesh' parent[5] R=49.4 exactJoint=0.33u pairs=30  (palette-wide exactWorst=1.95u)
[HANDS_ATTACH] mesh='hands_naked.mesh' owner='hands_naked.mesh' frame=756 nb=38 wext=79.6 rebound=1
  TIER1 rest-coherence: worst=87.3deg bone[33]='bone_L-middlefinger03.mesh' count(>5deg)=34 freshRecap=0  xcheck(invOff-vs-restW) worst=87.3deg bone[33]
  TIER2 joint-attach(PRIMARY): worst=11.02u bone[9]='bone_R-thumb01.mesh' parent[13] R=48.5 exactJoint=0.00u pairs=30  (palette-wide exactWorst=0.00u)
[HANDS_ATTACH] mesh='hands_naked.mesh' owner='hands_naked.mesh' frame=756 nb=40 wext=60.8 rebound=1
  TIER1 rest-coherence: worst=42.6deg bone[30]='bone_L-middlefinger03.mesh' count(>5deg)=36 freshRecap=0  xcheck(invOff-vs-restW) worst=42.6deg bone[30]
  TIER2 joint-attach(PRIMARY): worst=27.27u bone[16]='bone_R-thumb01.mesh' parent[1] R=38.3 exactJoint=0.00u pairs=36  (palette-wide exactWorst=0.04u)
[HANDS_ATTACH] mesh='hands_naked.mesh' owner='hands_naked.mesh' frame=756 nb=38 wext=96.0 rebound=1
  TIER1 rest-coherence: worst=87.3deg bone[33]='bone_L-middlefinger03.mesh' count(>5deg)=34 freshRecap=0  xcheck(invOff-vs-restW) worst=87.3deg bone[33]
  TIER2 joint-attach(PRIMARY): worst=70.07u bone[13]='bone_R-hand.mesh' parent[5] R=49.4 exactJoint=0.33u pairs=30  (palette-wide exactWorst=1.95u)
[HANDS_ATTACH] mesh='hands_naked.mesh' owner='hands_naked.mesh' frame=766 nb=38 wext=79.6 rebound=1
  TIER1 rest-coherence: worst=87.3deg bone[33]='bone_L-middlefinger03.mesh' count(>5deg)=34 freshRecap=0  xcheck(invOff-vs-restW) worst=87.3deg bone[33]
  TIER2 joint-attach(PRIMARY): worst=11.02u bone[9]='bone_R-thumb01.mesh' parent[13] R=48.5 exactJoint=0.00u pairs=30  (palette-wide exactWorst=0.00u)
[HANDS_ATTACH] mesh='hands_naked.mesh' owner='hands_naked.mesh' frame=766 nb=40 wext=60.9 rebound=1
  TIER1 rest-coherence: worst=42.6deg bone[30]='bone_L-middlefinger03.mesh' count(>5deg)=36 freshRecap=0  xcheck(invOff-vs-restW) worst=42.6deg bone[30]
  TIER2 joint-attach(PRIMARY): worst=27.27u bone[16]='bone_R-thumb01.mesh' parent[1] R=38.3 exactJoint=0.00u pairs=36  (palette-wide exactWorst=0.04u)
[HANDS_ATTACH] mesh='hands_naked.mesh' owner='hands_naked.mesh' frame=766 nb=38 wext=95.8 rebound=1
  TIER1 rest-coherence: worst=87.3deg bone[33]='bone_L-middlefinger03.mesh' count(>5deg)=34 freshRecap=0  xcheck(invOff-vs-restW) worst=87.3deg bone[33]
  TIER2 joint-attach(PRIMARY): worst=68.96u bone[13]='bone_R-hand.mesh' parent[5] R=49.4 exactJoint=0.33u pairs=30  (palette-wide exactWorst=1.94u)
[HANDS_ATTACH] mesh='hands_naked.mesh' owner='hands_naked.mesh' frame=776 nb=38 wext=79.6 rebound=1
  TIER1 rest-coherence: worst=87.3deg bone[33]='bone_L-middlefinger03.mesh' count(>5deg)=34 freshRecap=0  xcheck(invOff-vs-restW) worst=87.3deg bone[33]
  TIER2 joint-attach(PRIMARY): worst=11.02u bone[9]='bone_R-thumb01.mesh' parent[13] R=48.5 exactJoint=0.00u pairs=30  (palette-wide exactWorst=0.00u)
[HANDS_ATTACH] mesh='hands_naked.mesh' owner='hands_naked.mesh' frame=776 nb=40 wext=61.0 rebound=1
  TIER1 rest-coherence: worst=42.6deg bone[30]='bone_L-middlefinger03.mesh' count(>5deg)=36 freshRecap=0  xcheck(invOff-vs-restW) worst=42.6deg bone[30]
  TIER2 joint-attach(PRIMARY): worst=27.27u bone[16]='bone_R-thumb01.mesh' parent[1] R=38.3 exactJoint=0.00u pairs=36  (palette-wide exactWorst=0.04u)
[HANDS_ATTACH] mesh='hands_naked.mesh' owner='hands_naked.mesh' frame=776 nb=38 wext=95.5 rebound=1
  TIER1 rest-coherence: worst=87.3deg bone[33]='bone_L-middlefinger03.mesh' count(>5deg)=34 freshRecap=0  xcheck(invOff-vs-restW) worst=87.3deg bone[33]
  TIER2 joint-attach(PRIMARY): worst=67.63u bone[13]='bone_R-hand.mesh' parent[5] R=49.4 exactJoint=0.33u pairs=30  (palette-wide exactWorst=1.95u)
[HANDS_ATTACH] mesh='hands_naked.mesh' owner='hands_naked.mesh' frame=786 nb=38 wext=79.6 rebound=1
  TIER1 rest-coherence: worst=87.3deg bone[33]='bone_L-middlefinger03.mesh' count(>5deg)=34 freshRecap=0  xcheck(invOff-vs-restW) worst=87.3deg bone[33]
  TIER2 joint-attach(PRIMARY): worst=11.02u bone[9]='bone_R-thumb01.mesh' parent[13] R=48.5 exactJoint=0.00u pairs=30  (palette-wide exactWorst=0.00u)
[HANDS_ATTACH] mesh='hands_naked.mesh' owner='hands_naked.mesh' frame=786 nb=40 wext=60.9 rebound=1
  TIER1 rest-coherence: worst=42.6deg bone[30]='bone_L-middlefinger03.mesh' count(>5deg)=36 freshRecap=0  xcheck(invOff-vs-restW) worst=42.6deg bone[30]
  TIER2 joint-attach(PRIMARY): worst=27.27u bone[16]='bone_R-thumb01.mesh' parent[1] R=38.3 exactJoint=0.00u pairs=36  (palette-wide exactWorst=0.04u)
[HANDS_ATTACH] mesh='hands_naked.mesh' owner='hands_naked.mesh' frame=786 nb=38 wext=95.3 rebound=1
  TIER1 rest-coherence: worst=87.3deg bone[33]='bone_L-middlefinger03.mesh' count(>5deg)=34 freshRecap=0  xcheck(invOff-vs-restW) worst=87.3deg bone[33]
  TIER2 joint-attach(PRIMARY): worst=66.27u bone[13]='bone_R-hand.mesh' parent[5] R=49.4 exactJoint=0.33u pairs=30  (palette-wide exactWorst=1.94u)
[HANDS_ATTACH] mesh='hands_naked.mesh' owner='hands_naked.mesh' frame=796 nb=38 wext=79.6 rebound=1
  TIER1 rest-coherence: worst=87.3deg bone[33]='bone_L-middlefinger03.mesh' count(>5deg)=34 freshRecap=0  xcheck(invOff-vs-restW) worst=87.3deg bone[33]
  TIER2 joint-attach(PRIMARY): worst=11.02u bone[9]='bone_R-thumb01.mesh' parent[13] R=48.5 exactJoint=0.00u pairs=30  (palette-wide exactWorst=0.00u)
[HANDS_ATTACH] mesh='hands_naked.mesh' owner='hands_naked.mesh' frame=796 nb=40 wext=60.7 rebound=1
  TIER1 rest-coherence: worst=42.6deg bone[30]='bone_L-middlefinger03.mesh' count(>5deg)=36 freshRecap=0  xcheck(invOff-vs-restW) worst=42.6deg bone[30]
  TIER2 joint-attach(PRIMARY): worst=27.27u bone[16]='bone_R-thumb01.mesh' parent[1] R=38.3 exactJoint=0.00u pairs=36  (palette-wide exactWorst=0.04u)
[HANDS_ATTACH] mesh='hands_naked.mesh' owner='hands_naked.mesh' frame=796 nb=38 wext=95.2 rebound=1
  TIER1 rest-coherence: worst=87.3deg bone[33]='bone_L-middlefinger03.mesh' count(>5deg)=34 freshRecap=0  xcheck(invOff-vs-restW) worst=87.3deg bone[33]
  TIER2 joint-attach(PRIMARY): worst=65.31u bone[13]='bone_R-hand.mesh' parent[5] R=49.4 exactJoint=0.33u pairs=30  (palette-wide exactWorst=1.95u)
[HANDS_ATTACH] mesh='hands_naked.mesh' owner='hands_naked.mesh' frame=806 nb=38 wext=79.4 rebound=1
  TIER1 rest-coherence: worst=87.3deg bone[33]='bone_L-middlefinger03.mesh' count(>5deg)=34 freshRecap=0  xcheck(invOff-vs-restW) worst=87.3deg bone[33]
  TIER2 joint-attach(PRIMARY): worst=11.02u bone[9]='bone_R-thumb01.mesh' parent[13] R=48.5 exactJoint=0.00u pairs=30  (palette-wide exactWorst=0.00u)
[HANDS_ATTACH] mesh='hands_naked.mesh' owner='hands_naked.mesh' frame=806 nb=40 wext=60.5 rebound=1
  TIER1 rest-coherence: worst=42.6deg bone[30]='bone_L-middlefinger03.mesh' count(>5deg)=36 freshRecap=0  xcheck(invOff-vs-restW) worst=42.6deg bone[30]
  TIER2 joint-attach(PRIMARY): worst=27.27u bone[16]='bone_R-thumb01.mesh' parent[1] R=38.3 exactJoint=0.00u pairs=36  (palette-wide exactWorst=0.04u)
[HANDS_ATTACH] mesh='hands_naked.mesh' owner='hands_naked.mesh' frame=806 nb=38 wext=95.4 rebound=1
  TIER1 rest-coherence: worst=87.3deg bone[33]='bone_L-middlefinger03.mesh' count(>5deg)=34 freshRecap=0  xcheck(invOff-vs-restW) worst=87.3deg bone[33]
  TIER2 joint-attach(PRIMARY): worst=64.34u bone[13]='bone_R-hand.mesh' parent[5] R=49.4 exactJoint=0.33u pairs=30  (palette-wide exactWorst=1.94u)
[HANDS_ATTACH] mesh='hands_naked.mesh' owner='hands_naked.mesh' frame=816 nb=38 wext=79.3 rebound=1
  TIER1 rest-coherence: worst=87.3deg bone[33]='bone_L-middlefinger03.mesh' count(>5deg)=34 freshRecap=0  xcheck(invOff-vs-restW) worst=87.3deg bone[33]
  TIER2 joint-attach(PRIMARY): worst=11.02u bone[9]='bone_R-thumb01.mesh' parent[13] R=48.5 exactJoint=0.00u pairs=30  (palette-wide exactWorst=0.00u)
[HANDS_ATTACH] mesh='hands_naked.mesh' owner='hands_naked.mesh' frame=816 nb=40 wext=60.4 rebound=1
  TIER1 rest-coherence: worst=42.6deg bone[30]='bone_L-middlefinger03.mesh' count(>5deg)=36 freshRecap=0  xcheck(invOff-vs-restW) worst=42.6deg bone[30]
  TIER2 joint-attach(PRIMARY): worst=27.27u bone[16]='bone_R-thumb01.mesh' parent[1] R=38.3 exactJoint=0.00u pairs=36  (palette-wide exactWorst=0.04u)
[HANDS_ATTACH] mesh='hands_naked.mesh' owner='hands_naked.mesh' frame=816 nb=38 wext=95.5 rebound=1
  TIER1 rest-coherence: worst=87.3deg bone[33]='bone_L-middlefinger03.mesh' count(>5deg)=34 freshRecap=0  xcheck(invOff-vs-restW) worst=87.3deg bone[33]
  TIER2 joint-attach(PRIMARY): worst=63.70u bone[13]='bone_R-hand.mesh' parent[5] R=49.4 exactJoint=0.33u pairs=30  (palette-wide exactWorst=1.94u)
[HANDS_ATTACH] mesh='hands_naked.mesh' owner='hands_naked.mesh' frame=826 nb=38 wext=79.1 rebound=1
  TIER1 rest-coherence: worst=87.3deg bone[33]='bone_L-middlefinger03.mesh' count(>5deg)=34 freshRecap=0  xcheck(invOff-vs-restW) worst=87.3deg bone[33]
  TIER2 joint-attach(PRIMARY): worst=11.02u bone[9]='bone_R-thumb01.mesh' parent[13] R=48.5 exactJoint=0.00u pairs=30  (palette-wide exactWorst=0.00u)
[HANDS_ATTACH] mesh='hands_naked.mesh' owner='hands_naked.mesh' frame=826 nb=40 wext=60.2 rebound=1
  TIER1 rest-coherence: worst=42.6deg bone[30]='bone_L-middlefinger03.mesh' count(>5deg)=36 freshRecap=0  xcheck(invOff-vs-restW) worst=42.6deg bone[30]
  TIER2 joint-attach(PRIMARY): worst=27.27u bone[16]='bone_R-thumb01.mesh' parent[1] R=38.3 exactJoint=0.00u pairs=36  (palette-wide exactWorst=0.04u)
[HANDS_ATTACH] mesh='hands_naked.mesh' owner='hands_naked.mesh' frame=826 nb=38 wext=95.4 rebound=1
  TIER1 rest-coherence: worst=87.3deg bone[33]='bone_L-middlefinger03.mesh' count(>5deg)=34 freshRecap=0  xcheck(invOff-vs-restW) worst=87.3deg bone[33]
  TIER2 joint-attach(PRIMARY): worst=62.56u bone[13]='bone_R-hand.mesh' parent[5] R=49.4 exactJoint=0.33u pairs=30  (palette-wide exactWorst=1.94u)
[HANDS_ATTACH] mesh='hands_naked.mesh' owner='hands_naked.mesh' frame=836 nb=38 wext=79.2 rebound=1
  TIER1 rest-coherence: worst=87.3deg bone[33]='bone_L-middlefinger03.mesh' count(>5deg)=34 freshRecap=0  xcheck(invOff-vs-restW) worst=87.3deg bone[33]
  TIER2 joint-attach(PRIMARY): worst=11.02u bone[9]='bone_R-thumb01.mesh' parent[13] R=48.5 exactJoint=0.00u pairs=30  (palette-wide exactWorst=0.00u)
[HANDS_ATTACH] mesh='hands_naked.mesh' owner='hands_naked.mesh' frame=836 nb=40 wext=60.1 rebound=1
  TIER1 rest-coherence: worst=42.6deg bone[30]='bone_L-middlefinger03.mesh' count(>5deg)=36 freshRecap=0  xcheck(invOff-vs-restW) worst=42.6deg bone[30]
  TIER2 joint-attach(PRIMARY): worst=27.27u bone[16]='bone_R-thumb01.mesh' parent[1] R=38.3 exactJoint=0.00u pairs=36  (palette-wide exactWorst=0.04u)
[HANDS_ATTACH] mesh='hands_naked.mesh' owner='hands_naked.mesh' frame=836 nb=38 wext=95.6 rebound=1
  TIER1 rest-coherence: worst=87.3deg bone[33]='bone_L-middlefinger03.mesh' count(>5deg)=34 freshRecap=0  xcheck(invOff-vs-restW) worst=87.3deg bone[33]
  TIER2 joint-attach(PRIMARY): worst=61.72u bone[13]='bone_R-hand.mesh' parent[5] R=49.4 exactJoint=0.33u pairs=30  (palette-wide exactWorst=1.95u)
[HANDS_ATTACH] mesh='hands_naked.mesh' owner='hands_naked.mesh' frame=846 nb=38 wext=79.3 rebound=1
  TIER1 rest-coherence: worst=87.3deg bone[33]='bone_L-middlefinger03.mesh' count(>5deg)=34 freshRecap=0  xcheck(invOff-vs-restW) worst=87.3deg bone[33]
  TIER2 joint-attach(PRIMARY): worst=11.02u bone[9]='bone_R-thumb01.mesh' parent[13] R=48.5 exactJoint=0.00u pairs=30  (palette-wide exactWorst=0.00u)
[HANDS_ATTACH] mesh='hands_naked.mesh' owner='hands_naked.mesh' frame=846 nb=40 wext=60.1 rebound=1
  TIER1 rest-coherence: worst=42.6deg bone[30]='bone_L-middlefinger03.mesh' count(>5deg)=36 freshRecap=0  xcheck(invOff-vs-restW) worst=42.6deg bone[30]
  TIER2 joint-attach(PRIMARY): worst=27.27u bone[16]='bone_R-thumb01.mesh' parent[1] R=38.3 exactJoint=0.00u pairs=36  (palette-wide exactWorst=0.04u)
[HANDS_ATTACH] mesh='hands_naked.mesh' owner='hands_naked.mesh' frame=846 nb=38 wext=95.4 rebound=1
  TIER1 rest-coherence: worst=87.3deg bone[33]='bone_L-middlefinger03.mesh' count(>5deg)=34 freshRecap=0  xcheck(invOff-vs-restW) worst=87.3deg bone[33]
  TIER2 joint-attach(PRIMARY): worst=60.48u bone[13]='bone_R-hand.mesh' parent[5] R=49.4 exactJoint=0.33u pairs=30  (palette-wide exactWorst=1.94u)
[HANDS_ATTACH] mesh='hands_naked.mesh' owner='hands_naked.mesh' frame=856 nb=38 wext=79.4 rebound=1
  TIER1 rest-coherence: worst=87.3deg bone[33]='bone_L-middlefinger03.mesh' count(>5deg)=34 freshRecap=0  xcheck(invOff-vs-restW) worst=87.3deg bone[33]
  TIER2 joint-attach(PRIMARY): worst=11.02u bone[9]='bone_R-thumb01.mesh' parent[13] R=48.5 exactJoint=0.00u pairs=30  (palette-wide exactWorst=0.00u)
[HANDS_ATTACH] mesh='hands_naked.mesh' owner='hands_naked.mesh' frame=856 nb=40 wext=60.2 rebound=1
  TIER1 rest-coherence: worst=42.6deg bone[30]='bone_L-middlefinger03.mesh' count(>5deg)=36 freshRecap=0  xcheck(invOff-vs-restW) worst=42.6deg bone[30]
  TIER2 joint-attach(PRIMARY): worst=27.27u bone[16]='bone_R-thumb01.mesh' parent[1] R=38.3 exactJoint=0.00u pairs=36  (palette-wide exactWorst=0.04u)
[HANDS_ATTACH] mesh='hands_naked.mesh' owner='hands_naked.mesh' frame=856 nb=38 wext=95.6 rebound=1
  TIER1 rest-coherence: worst=87.3deg bone[33]='bone_L-middlefinger03.mesh' count(>5deg)=34 freshRecap=0  xcheck(invOff-vs-restW) worst=87.3deg bone[33]
  TIER2 joint-attach(PRIMARY): worst=60.27u bone[13]='bone_R-hand.mesh' parent[5] R=49.4 exactJoint=0.33u pairs=30  (palette-wide exactWorst=1.95u)
[HANDS_ATTACH] mesh='hands_naked.mesh' owner='hands_naked.mesh' frame=866 nb=38 wext=79.4 rebound=1
  TIER1 rest-coherence: worst=87.3deg bone[33]='bone_L-middlefinger03.mesh' count(>5deg)=34 freshRecap=0  xcheck(invOff-vs-restW) worst=87.3deg bone[33]
  TIER2 joint-attach(PRIMARY): worst=11.02u bone[9]='bone_R-thumb01.mesh' parent[13] R=48.5 exactJoint=0.00u pairs=30  (palette-wide exactWorst=0.00u)
[HANDS_ATTACH] mesh='hands_naked.mesh' owner='hands_naked.mesh' frame=866 nb=40 wext=60.5 rebound=1
  TIER1 rest-coherence: worst=42.6deg bone[30]='bone_L-middlefinger03.mesh' count(>5deg)=36 freshRecap=0  xcheck(invOff-vs-restW) worst=42.6deg bone[30]
  TIER2 joint-attach(PRIMARY): worst=27.27u bone[16]='bone_R-thumb01.mesh' parent[1] R=38.3 exactJoint=0.00u pairs=36  (palette-wide exactWorst=0.04u)
[HANDS_ATTACH] mesh='hands_naked.mesh' owner='hands_naked.mesh' frame=866 nb=38 wext=95.7 rebound=1
  TIER1 rest-coherence: worst=87.3deg bone[33]='bone_L-middlefinger03.mesh' count(>5deg)=34 freshRecap=0  xcheck(invOff-vs-restW) worst=87.3deg bone[33]
  TIER2 joint-attach(PRIMARY): worst=59.80u bone[13]='bone_R-hand.mesh' parent[5] R=49.4 exactJoint=0.33u pairs=30  (palette-wide exactWorst=1.95u)
[HANDS_ATTACH] mesh='hands_naked.mesh' owner='hands_naked.mesh' frame=876 nb=38 wext=79.4 rebound=1
  TIER1 rest-coherence: worst=87.3deg bone[33]='bone_L-middlefinger03.mesh' count(>5deg)=34 freshRecap=0  xcheck(invOff-vs-restW) worst=87.3deg bone[33]
  TIER2 joint-attach(PRIMARY): worst=11.02u bone[9]='bone_R-thumb01.mesh' parent[13] R=48.5 exactJoint=0.00u pairs=30  (palette-wide exactWorst=0.00u)
[HANDS_ATTACH] mesh='hands_naked.mesh' owner='hands_naked.mesh' frame=876 nb=40 wext=60.4 rebound=1
  TIER1 rest-coherence: worst=42.6deg bone[30]='bone_L-middlefinger03.mesh' count(>5deg)=36 freshRecap=0  xcheck(invOff-vs-restW) worst=42.6deg bone[30]
  TIER2 joint-attach(PRIMARY): worst=27.27u bone[16]='bone_R-thumb01.mesh' parent[1] R=38.3 exactJoint=0.00u pairs=36  (palette-wide exactWorst=0.04u)
[HANDS_ATTACH] mesh='hands_naked.mesh' owner='hands_naked.mesh' frame=876 nb=38 wext=95.7 rebound=1
  TIER1 rest-coherence: worst=87.3deg bone[33]='bone_L-middlefinger03.mesh' count(>5deg)=34 freshRecap=0  xcheck(invOff-vs-restW) worst=87.3deg bone[33]
  TIER2 joint-attach(PRIMARY): worst=59.29u bone[13]='bone_R-hand.mesh' parent[5] R=49.4 exactJoint=0.33u pairs=30  (palette-wide exactWorst=1.95u)
[HANDS_ATTACH] mesh='hands_naked.mesh' owner='hands_naked.mesh' frame=886 nb=38 wext=79.5 rebound=1
  TIER1 rest-coherence: worst=87.3deg bone[33]='bone_L-middlefinger03.mesh' count(>5deg)=34 freshRecap=0  xcheck(invOff-vs-restW) worst=87.3deg bone[33]
  TIER2 joint-attach(PRIMARY): worst=11.02u bone[9]='bone_R-thumb01.mesh' parent[13] R=48.5 exactJoint=0.00u pairs=30  (palette-wide exactWorst=0.00u)
[HANDS_ATTACH] mesh='hands_naked.mesh' owner='hands_naked.mesh' frame=886 nb=40 wext=60.2 rebound=1
  TIER1 rest-coherence: worst=42.6deg bone[30]='bone_L-middlefinger03.mesh' count(>5deg)=36 freshRecap=0  xcheck(invOff-vs-restW) worst=42.6deg bone[30]
  TIER2 joint-attach(PRIMARY): worst=27.27u bone[16]='bone_R-thumb01.mesh' parent[1] R=38.3 exactJoint=0.00u pairs=36  (palette-wide exactWorst=0.04u)
[HANDS_ATTACH] mesh='hands_naked.mesh' owner='hands_naked.mesh' frame=886 nb=38 wext=95.7 rebound=1
  TIER1 rest-coherence: worst=87.3deg bone[33]='bone_L-middlefinger03.mesh' count(>5deg)=34 freshRecap=0  xcheck(invOff-vs-restW) worst=87.3deg bone[33]
  TIER2 joint-attach(PRIMARY): worst=58.93u bone[13]='bone_R-hand.mesh' parent[5] R=49.4 exactJoint=0.33u pairs=30  (palette-wide exactWorst=1.95u)
[HANDS_ATTACH] mesh='hands_naked.mesh' owner='hands_naked.mesh' frame=896 nb=38 wext=79.6 rebound=1
  TIER1 rest-coherence: worst=87.3deg bone[33]='bone_L-middlefinger03.mesh' count(>5deg)=34 freshRecap=0  xcheck(invOff-vs-restW) worst=87.3deg bone[33]
  TIER2 joint-attach(PRIMARY): worst=11.02u bone[9]='bone_R-thumb01.mesh' parent[13] R=48.5 exactJoint=0.00u pairs=30  (palette-wide exactWorst=0.00u)
[HANDS_ATTACH] mesh='hands_naked.mesh' owner='hands_naked.mesh' frame=896 nb=40 wext=60.1 rebound=1
  TIER1 rest-coherence: worst=42.6deg bone[30]='bone_L-middlefinger03.mesh' count(>5deg)=36 freshRecap=0  xcheck(invOff-vs-restW) worst=42.6deg bone[30]
  TIER2 joint-attach(PRIMARY): worst=27.27u bone[16]='bone_R-thumb01.mesh' parent[1] R=38.3 exactJoint=0.00u pairs=36  (palette-wide exactWorst=0.04u)
[HANDS_ATTACH] mesh='hands_naked.mesh' owner='hands_naked.mesh' frame=896 nb=38 wext=96.0 rebound=1
  TIER1 rest-coherence: worst=87.3deg bone[33]='bone_L-middlefinger03.mesh' count(>5deg)=34 freshRecap=0  xcheck(invOff-vs-restW) worst=87.3deg bone[33]
  TIER2 joint-attach(PRIMARY): worst=59.04u bone[13]='bone_R-hand.mesh' parent[5] R=49.4 exactJoint=0.33u pairs=30  (palette-wide exactWorst=1.94u)
[HANDS_ATTACH] mesh='hands_naked.mesh' owner='hands_naked.mesh' frame=906 nb=38 wext=79.2 rebound=1
  TIER1 rest-coherence: worst=87.3deg bone[33]='bone_L-middlefinger03.mesh' count(>5deg)=34 freshRecap=0  xcheck(invOff-vs-restW) worst=87.3deg bone[33]
  TIER2 joint-attach(PRIMARY): worst=11.02u bone[9]='bone_R-thumb01.mesh' parent[13] R=48.5 exactJoint=0.00u pairs=30  (palette-wide exactWorst=0.00u)
[HANDS_ATTACH] mesh='hands_naked.mesh' owner='hands_naked.mesh' frame=906 nb=40 wext=60.0 rebound=1
  TIER1 rest-coherence: worst=42.6deg bone[30]='bone_L-middlefinger03.mesh' count(>5deg)=36 freshRecap=0  xcheck(invOff-vs-restW) worst=42.6deg bone[30]
  TIER2 joint-attach(PRIMARY): worst=27.27u bone[16]='bone_R-thumb01.mesh' parent[1] R=38.3 exactJoint=0.00u pairs=36  (palette-wide exactWorst=0.04u)
[HANDS_ATTACH] mesh='hands_naked.mesh' owner='hands_naked.mesh' frame=906 nb=38 wext=95.8 rebound=1
  TIER1 rest-coherence: worst=87.3deg bone[33]='bone_L-middlefinger03.mesh' count(>5deg)=34 freshRecap=0  xcheck(invOff-vs-restW) worst=87.3deg bone[33]
  TIER2 joint-attach(PRIMARY): worst=59.17u bone[13]='bone_R-hand.mesh' parent[5] R=49.4 exactJoint=0.33u pairs=30  (palette-wide exactWorst=1.94u)
[HANDS_ATTACH] mesh='hands_naked.mesh' owner='hands_naked.mesh' frame=916 nb=38 wext=79.3 rebound=1
  TIER1 rest-coherence: worst=87.3deg bone[33]='bone_L-middlefinger03.mesh' count(>5deg)=34 freshRecap=0  xcheck(invOff-vs-restW) worst=87.3deg bone[33]
  TIER2 joint-attach(PRIMARY): worst=11.02u bone[9]='bone_R-thumb01.mesh' parent[13] R=48.5 exactJoint=0.00u pairs=30  (palette-wide exactWorst=0.00u)
[HANDS_ATTACH] mesh='hands_naked.mesh' owner='hands_naked.mesh' frame=916 nb=40 wext=60.2 rebound=1
  TIER1 rest-coherence: worst=42.6deg bone[30]='bone_L-middlefinger03.mesh' count(>5deg)=36 freshRecap=0  xcheck(invOff-vs-restW) worst=42.6deg bone[30]
  TIER2 joint-attach(PRIMARY): worst=27.27u bone[16]='bone_R-thumb01.mesh' parent[1] R=38.3 exactJoint=0.00u pairs=36  (palette-wide exactWorst=0.04u)
[HANDS_ATTACH] mesh='hands_naked.mesh' owner='hands_naked.mesh' frame=916 nb=38 wext=94.9 rebound=1
  TIER1 rest-coherence: worst=87.3deg bone[33]='bone_L-middlefinger03.mesh' count(>5deg)=34 freshRecap=0  xcheck(invOff-vs-restW) worst=87.3deg bone[33]
  TIER2 joint-attach(PRIMARY): worst=59.06u bone[13]='bone_R-hand.mesh' parent[5] R=49.4 exactJoint=0.33u pairs=30  (palette-wide exactWorst=1.95u)
[HANDS_ATTACH] mesh='hands_naked.mesh' owner='hands_naked.mesh' frame=926 nb=38 wext=79.5 rebound=1
  TIER1 rest-coherence: worst=87.3deg bone[33]='bone_L-middlefinger03.mesh' count(>5deg)=34 freshRecap=0  xcheck(invOff-vs-restW) worst=87.3deg bone[33]
  TIER2 joint-attach(PRIMARY): worst=11.02u bone[9]='bone_R-thumb01.mesh' parent[13] R=48.5 exactJoint=0.00u pairs=30  (palette-wide exactWorst=0.00u)
[HANDS_ATTACH] mesh='hands_naked.mesh' owner='hands_naked.mesh' frame=926 nb=40 wext=60.3 rebound=1
  TIER1 rest-coherence: worst=42.6deg bone[30]='bone_L-middlefinger03.mesh' count(>5deg)=36 freshRecap=0  xcheck(invOff-vs-restW) worst=42.6deg bone[30]
  TIER2 joint-attach(PRIMARY): worst=27.27u bone[16]='bone_R-thumb01.mesh' parent[1] R=38.3 exactJoint=0.00u pairs=36  (palette-wide exactWorst=0.04u)
[HANDS_ATTACH] mesh='hands_naked.mesh' owner='hands_naked.mesh' frame=926 nb=38 wext=94.5 rebound=1
  TIER1 rest-coherence: worst=87.3deg bone[33]='bone_L-middlefinger03.mesh' count(>5deg)=34 freshRecap=0  xcheck(invOff-vs-restW) worst=87.3deg bone[33]
  TIER2 joint-attach(PRIMARY): worst=59.30u bone[13]='bone_R-hand.mesh' parent[5] R=49.4 exactJoint=0.33u pairs=30  (palette-wide exactWorst=1.94u)
[HANDS_ATTACH] mesh='hands_naked.mesh' owner='hands_naked.mesh' frame=936 nb=38 wext=79.7 rebound=1
  TIER1 rest-coherence: worst=87.3deg bone[33]='bone_L-middlefinger03.mesh' count(>5deg)=34 freshRecap=0  xcheck(invOff-vs-restW) worst=87.3deg bone[33]
  TIER2 joint-attach(PRIMARY): worst=11.02u bone[9]='bone_R-thumb01.mesh' parent[13] R=48.5 exactJoint=0.00u pairs=30  (palette-wide exactWorst=0.00u)
[HANDS_ATTACH] mesh='hands_naked.mesh' owner='hands_naked.mesh' frame=936 nb=40 wext=60.5 rebound=1
  TIER1 rest-coherence: worst=42.6deg bone[30]='bone_L-middlefinger03.mesh' count(>5deg)=36 freshRecap=0  xcheck(invOff-vs-restW) worst=42.6deg bone[30]
  TIER2 joint-attach(PRIMARY): worst=27.27u bone[16]='bone_R-thumb01.mesh' parent[1] R=38.3 exactJoint=0.00u pairs=36  (palette-wide exactWorst=0.04u)
[HANDS_ATTACH] mesh='hands_naked.mesh' owner='hands_naked.mesh' frame=936 nb=38 wext=94.1 rebound=1
  TIER1 rest-coherence: worst=87.3deg bone[33]='bone_L-middlefinger03.mesh' count(>5deg)=34 freshRecap=0  xcheck(invOff-vs-restW) worst=87.3deg bone[33]
  TIER2 joint-attach(PRIMARY): worst=59.75u bone[13]='bone_R-hand.mesh' parent[5] R=49.4 exactJoint=0.33u pairs=30  (palette-wide exactWorst=1.94u)
[HANDS_ATTACH] mesh='hands_naked.mesh' owner='hands_naked.mesh' frame=946 nb=38 wext=79.8 rebound=1
  TIER1 rest-coherence: worst=87.3deg bone[33]='bone_L-middlefinger03.mesh' count(>5deg)=34 freshRecap=0  xcheck(invOff-vs-restW) worst=87.3deg bone[33]
  TIER2 joint-attach(PRIMARY): worst=11.02u bone[9]='bone_R-thumb01.mesh' parent[13] R=48.5 exactJoint=0.00u pairs=30  (palette-wide exactWorst=0.00u)
[HANDS_ATTACH] mesh='hands_naked.mesh' owner='hands_naked.mesh' frame=946 nb=40 wext=60.4 rebound=1
  TIER1 rest-coherence: worst=42.6deg bone[30]='bone_L-middlefinger03.mesh' count(>5deg)=36 freshRecap=0  xcheck(invOff-vs-restW) worst=42.6deg bone[30]
  TIER2 joint-attach(PRIMARY): worst=27.27u bone[16]='bone_R-thumb01.mesh' parent[1] R=38.3 exactJoint=0.00u pairs=36  (palette-wide exactWorst=0.04u)
[HANDS_ATTACH] mesh='hands_naked.mesh' owner='hands_naked.mesh' frame=946 nb=38 wext=93.6 rebound=1
  TIER1 rest-coherence: worst=87.3deg bone[33]='bone_L-middlefinger03.mesh' count(>5deg)=34 freshRecap=0  xcheck(invOff-vs-restW) worst=87.3deg bone[33]
  TIER2 joint-attach(PRIMARY): worst=63.62u bone[13]='bone_R-hand.mesh' parent[5] R=49.4 exactJoint=0.33u pairs=30  (palette-wide exactWorst=1.94u)
[HANDS_ATTACH] mesh='hands_naked.mesh' owner='hands_naked.mesh' frame=956 nb=38 wext=79.7 rebound=1
  TIER1 rest-coherence: worst=87.3deg bone[33]='bone_L-middlefinger03.mesh' count(>5deg)=34 freshRecap=0  xcheck(invOff-vs-restW) worst=87.3deg bone[33]
  TIER2 joint-attach(PRIMARY): worst=11.02u bone[9]='bone_R-thumb01.mesh' parent[13] R=48.5 exactJoint=0.00u pairs=30  (palette-wide exactWorst=0.00u)
[HANDS_ATTACH] mesh='hands_naked.mesh' owner='hands_naked.mesh' frame=956 nb=40 wext=60.5 rebound=1
  TIER1 rest-coherence: worst=42.6deg bone[30]='bone_L-middlefinger03.mesh' count(>5deg)=36 freshRecap=0  xcheck(invOff-vs-restW) worst=42.6deg bone[30]
  TIER2 joint-attach(PRIMARY): worst=27.27u bone[16]='bone_R-thumb01.mesh' parent[1] R=38.3 exactJoint=0.00u pairs=36  (palette-wide exactWorst=0.04u)
[HANDS_ATTACH] mesh='hands_naked.mesh' owner='hands_naked.mesh' frame=956 nb=38 wext=93.6 rebound=1
  TIER1 rest-coherence: worst=87.3deg bone[33]='bone_L-middlefinger03.mesh' count(>5deg)=34 freshRecap=0  xcheck(invOff-vs-restW) worst=87.3deg bone[33]
  TIER2 joint-attach(PRIMARY): worst=64.57u bone[13]='bone_R-hand.mesh' parent[5] R=49.4 exactJoint=0.33u pairs=30  (palette-wide exactWorst=1.94u)
[HANDS_ATTACH] mesh='hands_naked.mesh' owner='hands_naked.mesh' frame=966 nb=38 wext=79.7 rebound=1
  TIER1 rest-coherence: worst=87.3deg bone[33]='bone_L-middlefinger03.mesh' count(>5deg)=34 freshRecap=0  xcheck(invOff-vs-restW) worst=87.3deg bone[33]
  TIER2 joint-attach(PRIMARY): worst=11.02u bone[9]='bone_R-thumb01.mesh' parent[13] R=48.5 exactJoint=0.00u pairs=30  (palette-wide exactWorst=0.00u)
[HANDS_ATTACH] mesh='hands_naked.mesh' owner='hands_naked.mesh' frame=966 nb=40 wext=60.3 rebound=1
  TIER1 rest-coherence: worst=42.6deg bone[30]='bone_L-middlefinger03.mesh' count(>5deg)=36 freshRecap=0  xcheck(invOff-vs-restW) worst=42.6deg bone[30]
  TIER2 joint-attach(PRIMARY): worst=27.27u bone[16]='bone_R-thumb01.mesh' parent[1] R=38.3 exactJoint=0.00u pairs=36  (palette-wide exactWorst=0.04u)
[HANDS_ATTACH] mesh='hands_naked.mesh' owner='hands_naked.mesh' frame=966 nb=38 wext=93.5 rebound=1
  TIER1 rest-coherence: worst=87.3deg bone[33]='bone_L-middlefinger03.mesh' count(>5deg)=34 freshRecap=0  xcheck(invOff-vs-restW) worst=87.3deg bone[33]
  TIER2 joint-attach(PRIMARY): worst=64.51u bone[13]='bone_R-hand.mesh' parent[5] R=49.4 exactJoint=0.33u pairs=30  (palette-wide exactWorst=1.94u)
[HANDS_ATTACH] mesh='hands_naked.mesh' owner='hands_naked.mesh' frame=976 nb=38 wext=79.8 rebound=1
  TIER1 rest-coherence: worst=87.3deg bone[33]='bone_L-middlefinger03.mesh' count(>5deg)=34 freshRecap=0  xcheck(invOff-vs-restW) worst=87.3deg bone[33]
  TIER2 joint-attach(PRIMARY): worst=11.02u bone[9]='bone_R-thumb01.mesh' parent[13] R=48.5 exactJoint=0.00u pairs=30  (palette-wide exactWorst=0.00u)
[HANDS_ATTACH] mesh='hands_naked.mesh' owner='hands_naked.mesh' frame=976 nb=40 wext=60.2 rebound=1
  TIER1 rest-coherence: worst=42.6deg bone[30]='bone_L-middlefinger03.mesh' count(>5deg)=36 freshRecap=0  xcheck(invOff-vs-restW) worst=42.6deg bone[30]
  TIER2 joint-attach(PRIMARY): worst=27.27u bone[16]='bone_R-thumb01.mesh' parent[1] R=38.3 exactJoint=0.00u pairs=36  (palette-wide exactWorst=0.04u)
[HANDS_ATTACH] mesh='hands_naked.mesh' owner='hands_naked.mesh' frame=976 nb=38 wext=93.3 rebound=1
  TIER1 rest-coherence: worst=87.3deg bone[33]='bone_L-middlefinger03.mesh' count(>5deg)=34 freshRecap=0  xcheck(invOff-vs-restW) worst=87.3deg bone[33]
  TIER2 joint-attach(PRIMARY): worst=64.26u bone[13]='bone_R-hand.mesh' parent[5] R=49.4 exactJoint=0.33u pairs=30  (palette-wide exactWorst=1.94u)
[HANDS_ATTACH] mesh='hands_naked.mesh' owner='hands_naked.mesh' frame=986 nb=38 wext=79.5 rebound=1
  TIER1 rest-coherence: worst=87.3deg bone[33]='bone_L-middlefinger03.mesh' count(>5deg)=34 freshRecap=0  xcheck(invOff-vs-restW) worst=87.3deg bone[33]
  TIER2 joint-attach(PRIMARY): worst=11.02u bone[9]='bone_R-thumb01.mesh' parent[13] R=48.5 exactJoint=0.00u pairs=30  (palette-wide exactWorst=0.00u)
[HANDS_ATTACH] mesh='hands_naked.mesh' owner='hands_naked.mesh' frame=986 nb=40 wext=59.9 rebound=1
  TIER1 rest-coherence: worst=42.6deg bone[30]='bone_L-middlefinger03.mesh' count(>5deg)=36 freshRecap=0  xcheck(invOff-vs-restW) worst=42.6deg bone[30]
  TIER2 joint-attach(PRIMARY): worst=27.27u bone[16]='bone_R-thumb01.mesh' parent[1] R=38.3 exactJoint=0.00u pairs=36  (palette-wide exactWorst=0.04u)
[HANDS_ATTACH] mesh='hands_naked.mesh' owner='hands_naked.mesh' frame=986 nb=38 wext=92.7 rebound=1
  TIER1 rest-coherence: worst=87.3deg bone[33]='bone_L-middlefinger03.mesh' count(>5deg)=34 freshRecap=0  xcheck(invOff-vs-restW) worst=87.3deg bone[33]
  TIER2 joint-attach(PRIMARY): worst=66.32u bone[13]='bone_R-hand.mesh' parent[5] R=49.4 exactJoint=0.33u pairs=30  (palette-wide exactWorst=1.94u)
[HANDS_ATTACH] mesh='hands_naked.mesh' owner='hands_naked.mesh' frame=996 nb=38 wext=79.4 rebound=1
  TIER1 rest-coherence: worst=87.3deg bone[33]='bone_L-middlefinger03.mesh' count(>5deg)=34 freshRecap=0  xcheck(invOff-vs-restW) worst=87.3deg bone[33]
  TIER2 joint-attach(PRIMARY): worst=11.02u bone[9]='bone_R-thumb01.mesh' parent[13] R=48.5 exactJoint=0.00u pairs=30  (palette-wide exactWorst=0.00u)
[HANDS_ATTACH] mesh='hands_naked.mesh' owner='hands_naked.mesh' frame=996 nb=40 wext=60.2 rebound=1
  TIER1 rest-coherence: worst=42.6deg bone[30]='bone_L-middlefinger03.mesh' count(>5deg)=36 freshRecap=0  xcheck(invOff-vs-restW) worst=42.6deg bone[30]
  TIER2 joint-attach(PRIMARY): worst=27.27u bone[16]='bone_R-thumb01.mesh' parent[1] R=38.3 exactJoint=0.00u pairs=36  (palette-wide exactWorst=0.04u)
[HANDS_ATTACH] mesh='hands_naked.mesh' owner='hands_naked.mesh' frame=996 nb=38 wext=93.0 rebound=1
  TIER1 rest-coherence: worst=87.3deg bone[33]='bone_L-middlefinger03.mesh' count(>5deg)=34 freshRecap=0  xcheck(invOff-vs-restW) worst=87.3deg bone[33]
  TIER2 joint-attach(PRIMARY): worst=67.92u bone[13]='bone_R-hand.mesh' parent[5] R=49.4 exactJoint=0.33u pairs=30  (palette-wide exactWorst=1.94u)
[HANDS_ATTACH] mesh='hands_naked.mesh' owner='hands_naked.mesh' frame=1006 nb=38 wext=79.2 rebound=1
  TIER1 rest-coherence: worst=87.3deg bone[33]='bone_L-middlefinger03.mesh' count(>5deg)=34 freshRecap=0  xcheck(invOff-vs-restW) worst=87.3deg bone[33]
  TIER2 joint-attach(PRIMARY): worst=11.02u bone[9]='bone_R-thumb01.mesh' parent[13] R=48.5 exactJoint=0.00u pairs=30  (palette-wide exactWorst=0.00u)
[HANDS_ATTACH] mesh='hands_naked.mesh' owner='hands_naked.mesh' frame=1006 nb=40 wext=60.4 rebound=1
  TIER1 rest-coherence: worst=42.6deg bone[30]='bone_L-middlefinger03.mesh' count(>5deg)=36 freshRecap=0  xcheck(invOff-vs-restW) worst=42.6deg bone[30]
  TIER2 joint-attach(PRIMARY): worst=27.27u bone[16]='bone_R-thumb01.mesh' parent[1] R=38.3 exactJoint=0.00u pairs=36  (palette-wide exactWorst=0.04u)
[HANDS_ATTACH] mesh='hands_naked.mesh' owner='hands_naked.mesh' frame=1006 nb=38 wext=93.3 rebound=1
  TIER1 rest-coherence: worst=87.3deg bone[33]='bone_L-middlefinger03.mesh' count(>5deg)=34 freshRecap=0  xcheck(invOff-vs-restW) worst=87.3deg bone[33]
  TIER2 joint-attach(PRIMARY): worst=70.10u bone[13]='bone_R-hand.mesh' parent[5] R=49.4 exactJoint=0.33u pairs=30  (palette-wide exactWorst=1.94u)
[HANDS_ATTACH] mesh='hands_naked.mesh' owner='hands_naked.mesh' frame=1016 nb=38 wext=79.2 rebound=1
  TIER1 rest-coherence: worst=87.3deg bone[33]='bone_L-middlefinger03.mesh' count(>5deg)=34 freshRecap=0  xcheck(invOff-vs-restW) worst=87.3deg bone[33]
  TIER2 joint-attach(PRIMARY): worst=11.02u bone[9]='bone_R-thumb01.mesh' parent[13] R=48.5 exactJoint=0.00u pairs=30  (palette-wide exactWorst=0.00u)
[HANDS_ATTACH] mesh='hands_naked.mesh' owner='hands_naked.mesh' frame=1016 nb=40 wext=60.2 rebound=1
  TIER1 rest-coherence: worst=42.6deg bone[30]='bone_L-middlefinger03.mesh' count(>5deg)=36 freshRecap=0  xcheck(invOff-vs-restW) worst=42.6deg bone[30]
  TIER2 joint-attach(PRIMARY): worst=27.27u bone[16]='bone_R-thumb01.mesh' parent[1] R=38.3 exactJoint=0.00u pairs=36  (palette-wide exactWorst=0.04u)
[HANDS_ATTACH] mesh='hands_naked.mesh' owner='hands_naked.mesh' frame=1016 nb=38 wext=93.3 rebound=1
  TIER1 rest-coherence: worst=87.3deg bone[33]='bone_L-middlefinger03.mesh' count(>5deg)=34 freshRecap=0  xcheck(invOff-vs-restW) worst=87.3deg bone[33]
  TIER2 joint-attach(PRIMARY): worst=70.84u bone[13]='bone_R-hand.mesh' parent[5] R=49.4 exactJoint=0.33u pairs=30  (palette-wide exactWorst=1.94u)
[HANDS_ATTACH] mesh='hands_naked.mesh' owner='hands_naked.mesh' frame=1026 nb=38 wext=79.2 rebound=1
  TIER1 rest-coherence: worst=87.3deg bone[33]='bone_L-middlefinger03.mesh' count(>5deg)=34 freshRecap=0  xcheck(invOff-vs-restW) worst=87.3deg bone[33]
  TIER2 joint-attach(PRIMARY): worst=11.02u bone[9]='bone_R-thumb01.mesh' parent[13] R=48.5 exactJoint=0.00u pairs=30  (palette-wide exactWorst=0.00u)
[HANDS_ATTACH] mesh='hands_naked.mesh' owner='hands_naked.mesh' frame=1026 nb=40 wext=60.1 rebound=1
  TIER1 rest-coherence: worst=42.6deg bone[30]='bone_L-middlefinger03.mesh' count(>5deg)=36 freshRecap=0  xcheck(invOff-vs-restW) worst=42.6deg bone[30]
  TIER2 joint-attach(PRIMARY): worst=27.27u bone[16]='bone_R-thumb01.mesh' parent[1] R=38.3 exactJoint=0.00u pairs=36  (palette-wide exactWorst=0.04u)
[HANDS_ATTACH] mesh='hands_naked.mesh' owner='hands_naked.mesh' frame=1026 nb=38 wext=93.7 rebound=1
  TIER1 rest-coherence: worst=87.3deg bone[33]='bone_L-middlefinger03.mesh' count(>5deg)=34 freshRecap=0  xcheck(invOff-vs-restW) worst=87.3deg bone[33]
  TIER2 joint-attach(PRIMARY): worst=70.36u bone[13]='bone_R-hand.mesh' parent[5] R=49.4 exactJoint=0.33u pairs=30  (palette-wide exactWorst=1.94u)
[HANDS_ATTACH] mesh='hands_naked.mesh' owner='hands_naked.mesh' frame=1036 nb=38 wext=79.4 rebound=1
  TIER1 rest-coherence: worst=87.3deg bone[33]='bone_L-middlefinger03.mesh' count(>5deg)=34 freshRecap=0  xcheck(invOff-vs-restW) worst=87.3deg bone[33]
  TIER2 joint-attach(PRIMARY): worst=11.02u bone[9]='bone_R-thumb01.mesh' parent[13] R=48.5 exactJoint=0.00u pairs=30  (palette-wide exactWorst=0.00u)
[HANDS_ATTACH] mesh='hands_naked.mesh' owner='hands_naked.mesh' frame=1036 nb=40 wext=60.2 rebound=1
  TIER1 rest-coherence: worst=42.6deg bone[30]='bone_L-middlefinger03.mesh' count(>5deg)=36 freshRecap=0  xcheck(invOff-vs-restW) worst=42.6deg bone[30]
  TIER2 joint-attach(PRIMARY): worst=27.27u bone[16]='bone_R-thumb01.mesh' parent[1] R=38.3 exactJoint=0.00u pairs=36  (palette-wide exactWorst=0.04u)
[HANDS_ATTACH] mesh='hands_naked.mesh' owner='hands_naked.mesh' frame=1036 nb=38 wext=94.6 rebound=1
  TIER1 rest-coherence: worst=87.3deg bone[33]='bone_L-middlefinger03.mesh' count(>5deg)=34 freshRecap=0  xcheck(invOff-vs-restW) worst=87.3deg bone[33]
  TIER2 joint-attach(PRIMARY): worst=70.93u bone[13]='bone_R-hand.mesh' parent[5] R=49.4 exactJoint=0.33u pairs=30  (palette-wide exactWorst=1.94u)
[HANDS_ATTACH] mesh='hands_naked.mesh' owner='hands_naked.mesh' frame=1046 nb=38 wext=79.6 rebound=1
  TIER1 rest-coherence: worst=87.3deg bone[33]='bone_L-middlefinger03.mesh' count(>5deg)=34 freshRecap=0  xcheck(invOff-vs-restW) worst=87.3deg bone[33]
  TIER2 joint-attach(PRIMARY): worst=11.02u bone[9]='bone_R-thumb01.mesh' parent[13] R=48.5 exactJoint=0.00u pairs=30  (palette-wide exactWorst=0.00u)
[HANDS_ATTACH] mesh='hands_naked.mesh' owner='hands_naked.mesh' frame=1046 nb=40 wext=60.5 rebound=1
  TIER1 rest-coherence: worst=42.6deg bone[30]='bone_L-middlefinger03.mesh' count(>5deg)=36 freshRecap=0  xcheck(invOff-vs-restW) worst=42.6deg bone[30]
  TIER2 joint-attach(PRIMARY): worst=27.27u bone[16]='bone_R-thumb01.mesh' parent[1] R=38.3 exactJoint=0.00u pairs=36  (palette-wide exactWorst=0.04u)
[HANDS_ATTACH] mesh='hands_naked.mesh' owner='hands_naked.mesh' frame=1046 nb=38 wext=95.1 rebound=1
  TIER1 rest-coherence: worst=87.3deg bone[33]='bone_L-middlefinger03.mesh' count(>5deg)=34 freshRecap=0  xcheck(invOff-vs-restW) worst=87.3deg bone[33]
  TIER2 joint-attach(PRIMARY): worst=70.76u bone[13]='bone_R-hand.mesh' parent[5] R=49.4 exactJoint=0.33u pairs=30  (palette-wide exactWorst=1.95u)
[HANDS_ATTACH] mesh='hands_naked.mesh' owner='hands_naked.mesh' frame=1056 nb=38 wext=79.7 rebound=1
  TIER1 rest-coherence: worst=87.3deg bone[33]='bone_L-middlefinger03.mesh' count(>5deg)=34 freshRecap=0  xcheck(invOff-vs-restW) worst=87.3deg bone[33]
  TIER2 joint-attach(PRIMARY): worst=11.02u bone[9]='bone_R-thumb01.mesh' parent[13] R=48.5 exactJoint=0.00u pairs=30  (palette-wide exactWorst=0.00u)
[HANDS_ATTACH] mesh='hands_naked.mesh' owner='hands_naked.mesh' frame=1056 nb=40 wext=60.5 rebound=1
  TIER1 rest-coherence: worst=42.6deg bone[30]='bone_L-middlefinger03.mesh' count(>5deg)=36 freshRecap=0  xcheck(invOff-vs-restW) worst=42.6deg bone[30]
  TIER2 joint-attach(PRIMARY): worst=27.27u bone[16]='bone_R-thumb01.mesh' parent[1] R=38.3 exactJoint=0.00u pairs=36  (palette-wide exactWorst=0.04u)
[HANDS_ATTACH] mesh='hands_naked.mesh' owner='hands_naked.mesh' frame=1056 nb=38 wext=95.4 rebound=1
  TIER1 rest-coherence: worst=87.3deg bone[33]='bone_L-middlefinger03.mesh' count(>5deg)=34 freshRecap=0  xcheck(invOff-vs-restW) worst=87.3deg bone[33]
  TIER2 joint-attach(PRIMARY): worst=69.98u bone[13]='bone_R-hand.mesh' parent[5] R=49.4 exactJoint=0.33u pairs=30  (palette-wide exactWorst=1.94u)
[HANDS_ATTACH] mesh='hands_naked.mesh' owner='hands_naked.mesh' frame=1066 nb=38 wext=79.8 rebound=1
  TIER1 rest-coherence: worst=87.3deg bone[33]='bone_L-middlefinger03.mesh' count(>5deg)=34 freshRecap=0  xcheck(invOff-vs-restW) worst=87.3deg bone[33]
  TIER2 joint-attach(PRIMARY): worst=11.02u bone[9]='bone_R-thumb01.mesh' parent[13] R=48.5 exactJoint=0.00u pairs=30  (palette-wide exactWorst=0.00u)
[HANDS_ATTACH] mesh='hands_naked.mesh' owner='hands_naked.mesh' frame=1066 nb=40 wext=60.2 rebound=1
  TIER1 rest-coherence: worst=42.6deg bone[30]='bone_L-middlefinger03.mesh' count(>5deg)=36 freshRecap=0  xcheck(invOff-vs-restW) worst=42.6deg bone[30]
  TIER2 joint-attach(PRIMARY): worst=27.27u bone[16]='bone_R-thumb01.mesh' parent[1] R=38.3 exactJoint=0.00u pairs=36  (palette-wide exactWorst=0.04u)
[HANDS_ATTACH] mesh='hands_naked.mesh' owner='hands_naked.mesh' frame=1066 nb=38 wext=95.4 rebound=1
  TIER1 rest-coherence: worst=87.3deg bone[33]='bone_L-middlefinger03.mesh' count(>5deg)=34 freshRecap=0  xcheck(invOff-vs-restW) worst=87.3deg bone[33]
  TIER2 joint-attach(PRIMARY): worst=69.14u bone[13]='bone_R-hand.mesh' parent[5] R=49.4 exactJoint=0.33u pairs=30  (palette-wide exactWorst=1.94u)
[HANDS_ATTACH] mesh='hands_naked.mesh' owner='hands_naked.mesh' frame=1076 nb=38 wext=79.8 rebound=1
  TIER1 rest-coherence: worst=87.3deg bone[33]='bone_L-middlefinger03.mesh' count(>5deg)=34 freshRecap=0  xcheck(invOff-vs-restW) worst=87.3deg bone[33]
  TIER2 joint-attach(PRIMARY): worst=11.02u bone[9]='bone_R-thumb01.mesh' parent[13] R=48.5 exactJoint=0.00u pairs=30  (palette-wide exactWorst=0.00u)
[HANDS_ATTACH] mesh='hands_naked.mesh' owner='hands_naked.mesh' frame=1076 nb=40 wext=60.2 rebound=1
  TIER1 rest-coherence: worst=42.6deg bone[30]='bone_L-middlefinger03.mesh' count(>5deg)=36 freshRecap=0  xcheck(invOff-vs-restW) worst=42.6deg bone[30]
  TIER2 joint-attach(PRIMARY): worst=27.27u bone[16]='bone_R-thumb01.mesh' parent[1] R=38.3 exactJoint=0.00u pairs=36  (palette-wide exactWorst=0.04u)
[HANDS_ATTACH] mesh='hands_naked.mesh' owner='hands_naked.mesh' frame=1076 nb=38 wext=95.5 rebound=1
  TIER1 rest-coherence: worst=87.3deg bone[33]='bone_L-middlefinger03.mesh' count(>5deg)=34 freshRecap=0  xcheck(invOff-vs-restW) worst=87.3deg bone[33]
  TIER2 joint-attach(PRIMARY): worst=68.91u bone[13]='bone_R-hand.mesh' parent[5] R=49.4 exactJoint=0.33u pairs=30  (palette-wide exactWorst=1.94u)
[HANDS_ATTACH] mesh='hands_naked.mesh' owner='hands_naked.mesh' frame=1086 nb=38 wext=79.8 rebound=1
  TIER1 rest-coherence: worst=87.3deg bone[33]='bone_L-middlefinger03.mesh' count(>5deg)=34 freshRecap=0  xcheck(invOff-vs-restW) worst=87.3deg bone[33]
  TIER2 joint-attach(PRIMARY): worst=11.02u bone[9]='bone_R-thumb01.mesh' parent[13] R=48.5 exactJoint=0.00u pairs=30  (palette-wide exactWorst=0.00u)
[HANDS_ATTACH] mesh='hands_naked.mesh' owner='hands_naked.mesh' frame=1086 nb=40 wext=60.4 rebound=1
  TIER1 rest-coherence: worst=42.6deg bone[30]='bone_L-middlefinger03.mesh' count(>5deg)=36 freshRecap=0  xcheck(invOff-vs-restW) worst=42.6deg bone[30]
  TIER2 joint-attach(PRIMARY): worst=27.27u bone[16]='bone_R-thumb01.mesh' parent[1] R=38.3 exactJoint=0.00u pairs=36  (palette-wide exactWorst=0.04u)
[HANDS_ATTACH] mesh='hands_naked.mesh' owner='hands_naked.mesh' frame=1086 nb=38 wext=95.8 rebound=1
  TIER1 rest-coherence: worst=87.3deg bone[33]='bone_L-middlefinger03.mesh' count(>5deg)=34 freshRecap=0  xcheck(invOff-vs-restW) worst=87.3deg bone[33]
  TIER2 joint-attach(PRIMARY): worst=69.36u bone[13]='bone_R-hand.mesh' parent[5] R=49.4 exactJoint=0.33u pairs=30  (palette-wide exactWorst=1.94u)
[HANDS_ATTACH] mesh='hands_naked.mesh' owner='hands_naked.mesh' frame=1096 nb=38 wext=79.7 rebound=1
  TIER1 rest-coherence: worst=87.3deg bone[33]='bone_L-middlefinger03.mesh' count(>5deg)=34 freshRecap=0  xcheck(invOff-vs-restW) worst=87.3deg bone[33]
  TIER2 joint-attach(PRIMARY): worst=11.02u bone[9]='bone_R-thumb01.mesh' parent[13] R=48.5 exactJoint=0.00u pairs=30  (palette-wide exactWorst=0.00u)
[HANDS_ATTACH] mesh='hands_naked.mesh' owner='hands_naked.mesh' frame=1096 nb=40 wext=60.5 rebound=1
  TIER1 rest-coherence: worst=42.6deg bone[30]='bone_L-middlefinger03.mesh' count(>5deg)=36 freshRecap=0  xcheck(invOff-vs-restW) worst=42.6deg bone[30]
  TIER2 joint-attach(PRIMARY): worst=27.27u bone[16]='bone_R-thumb01.mesh' parent[1] R=38.3 exactJoint=0.00u pairs=36  (palette-wide exactWorst=0.04u)
[HANDS_ATTACH] mesh='hands_naked.mesh' owner='hands_naked.mesh' frame=1096 nb=38 wext=95.7 rebound=1
  TIER1 rest-coherence: worst=87.3deg bone[33]='bone_L-middlefinger03.mesh' count(>5deg)=34 freshRecap=0  xcheck(invOff-vs-restW) worst=87.3deg bone[33]
  TIER2 joint-attach(PRIMARY): worst=69.02u bone[13]='bone_R-hand.mesh' parent[5] R=49.4 exactJoint=0.33u pairs=30  (palette-wide exactWorst=1.95u)
[HANDS_ATTACH] mesh='hands_naked.mesh' owner='hands_naked.mesh' frame=1106 nb=38 wext=79.8 rebound=1
  TIER1 rest-coherence: worst=87.3deg bone[33]='bone_L-middlefinger03.mesh' count(>5deg)=34 freshRecap=0  xcheck(invOff-vs-restW) worst=87.3deg bone[33]
  TIER2 joint-attach(PRIMARY): worst=11.02u bone[9]='bone_R-thumb01.mesh' parent[13] R=48.5 exactJoint=0.00u pairs=30  (palette-wide exactWorst=0.00u)
[HANDS_ATTACH] mesh='hands_naked.mesh' owner='hands_naked.mesh' frame=1106 nb=40 wext=60.3 rebound=1
  TIER1 rest-coherence: worst=42.6deg bone[30]='bone_L-middlefinger03.mesh' count(>5deg)=36 freshRecap=0  xcheck(invOff-vs-restW) worst=42.6deg bone[30]
  TIER2 joint-attach(PRIMARY): worst=27.27u bone[16]='bone_R-thumb01.mesh' parent[1] R=38.3 exactJoint=0.00u pairs=36  (palette-wide exactWorst=0.04u)
[HANDS_ATTACH] mesh='hands_naked.mesh' owner='hands_naked.mesh' frame=1106 nb=38 wext=95.3 rebound=1
  TIER1 rest-coherence: worst=87.3deg bone[33]='bone_L-middlefinger03.mesh' count(>5deg)=34 freshRecap=0  xcheck(invOff-vs-restW) worst=87.3deg bone[33]
  TIER2 joint-attach(PRIMARY): worst=67.75u bone[13]='bone_R-hand.mesh' parent[5] R=49.4 exactJoint=0.33u pairs=30  (palette-wide exactWorst=1.95u)
[HANDS_ATTACH] mesh='hands_naked.mesh' owner='hands_naked.mesh' frame=1116 nb=38 wext=79.8 rebound=1
  TIER1 rest-coherence: worst=87.3deg bone[33]='bone_L-middlefinger03.mesh' count(>5deg)=34 freshRecap=0  xcheck(invOff-vs-restW) worst=87.3deg bone[33]
  TIER2 joint-attach(PRIMARY): worst=11.02u bone[9]='bone_R-thumb01.mesh' parent[13] R=48.5 exactJoint=0.00u pairs=30  (palette-wide exactWorst=0.00u)
[HANDS_ATTACH] mesh='hands_naked.mesh' owner='hands_naked.mesh' frame=1116 nb=40 wext=60.1 rebound=1
  TIER1 rest-coherence: worst=42.6deg bone[30]='bone_L-middlefinger03.mesh' count(>5deg)=36 freshRecap=0  xcheck(invOff-vs-restW) worst=42.6deg bone[30]
  TIER2 joint-attach(PRIMARY): worst=27.27u bone[16]='bone_R-thumb01.mesh' parent[1] R=38.3 exactJoint=0.00u pairs=36  (palette-wide exactWorst=0.04u)
[HANDS_ATTACH] mesh='hands_naked.mesh' owner='hands_naked.mesh' frame=1116 nb=38 wext=94.7 rebound=1
  TIER1 rest-coherence: worst=87.3deg bone[33]='bone_L-middlefinger03.mesh' count(>5deg)=34 freshRecap=0  xcheck(invOff-vs-restW) worst=87.3deg bone[33]
  TIER2 joint-attach(PRIMARY): worst=65.41u bone[13]='bone_R-hand.mesh' parent[5] R=49.4 exactJoint=0.33u pairs=30  (palette-wide exactWorst=1.94u)
[HANDS_ATTACH] mesh='hands_naked.mesh' owner='hands_naked.mesh' frame=1126 nb=38 wext=79.8 rebound=1
  TIER1 rest-coherence: worst=87.3deg bone[33]='bone_L-middlefinger03.mesh' count(>5deg)=34 freshRecap=0  xcheck(invOff-vs-restW) worst=87.3deg bone[33]
  TIER2 joint-attach(PRIMARY): worst=11.02u bone[9]='bone_R-thumb01.mesh' parent[13] R=48.5 exactJoint=0.00u pairs=30  (palette-wide exactWorst=0.00u)
[HANDS_ATTACH] mesh='hands_naked.mesh' owner='hands_naked.mesh' frame=1126 nb=40 wext=60.0 rebound=1
  TIER1 rest-coherence: worst=42.6deg bone[30]='bone_L-middlefinger03.mesh' count(>5deg)=36 freshRecap=0  xcheck(invOff-vs-restW) worst=42.6deg bone[30]
  TIER2 joint-attach(PRIMARY): worst=27.27u bone[16]='bone_R-thumb01.mesh' parent[1] R=38.3 exactJoint=0.00u pairs=36  (palette-wide exactWorst=0.04u)
[HANDS_ATTACH] mesh='hands_naked.mesh' owner='hands_naked.mesh' frame=1126 nb=38 wext=94.4 rebound=1
  TIER1 rest-coherence: worst=87.3deg bone[33]='bone_L-middlefinger03.mesh' count(>5deg)=34 freshRecap=0  xcheck(invOff-vs-restW) worst=87.3deg bone[33]
  TIER2 joint-attach(PRIMARY): worst=63.88u bone[13]='bone_R-hand.mesh' parent[5] R=49.4 exactJoint=0.33u pairs=30  (palette-wide exactWorst=1.94u)
[HANDS_ATTACH] mesh='hands_naked.mesh' owner='hands_naked.mesh' frame=1136 nb=38 wext=79.8 rebound=1
  TIER1 rest-coherence: worst=87.3deg bone[33]='bone_L-middlefinger03.mesh' count(>5deg)=34 freshRecap=0  xcheck(invOff-vs-restW) worst=87.3deg bone[33]
  TIER2 joint-attach(PRIMARY): worst=11.02u bone[9]='bone_R-thumb01.mesh' parent[13] R=48.5 exactJoint=0.00u pairs=30  (palette-wide exactWorst=0.00u)
[HANDS_ATTACH] mesh='hands_naked.mesh' owner='hands_naked.mesh' frame=1136 nb=40 wext=60.2 rebound=1
  TIER1 rest-coherence: worst=42.6deg bone[30]='bone_L-middlefinger03.mesh' count(>5deg)=36 freshRecap=0  xcheck(invOff-vs-restW) worst=42.6deg bone[30]
  TIER2 joint-attach(PRIMARY): worst=27.27u bone[16]='bone_R-thumb01.mesh' parent[1] R=38.3 exactJoint=0.00u pairs=36  (palette-wide exactWorst=0.04u)
[HANDS_ATTACH] mesh='hands_naked.mesh' owner='hands_naked.mesh' frame=1136 nb=38 wext=94.3 rebound=1
  TIER1 rest-coherence: worst=87.3deg bone[33]='bone_L-middlefinger03.mesh' count(>5deg)=34 freshRecap=0  xcheck(invOff-vs-restW) worst=87.3deg bone[33]
  TIER2 joint-attach(PRIMARY): worst=63.26u bone[13]='bone_R-hand.mesh' parent[5] R=49.4 exactJoint=0.33u pairs=30  (palette-wide exactWorst=1.95u)
[HANDS_ATTACH] mesh='hands_naked.mesh' owner='hands_naked.mesh' frame=1146 nb=38 wext=68.4 rebound=1
  TIER1 rest-coherence: worst=87.3deg bone[33]='bone_L-middlefinger03.mesh' count(>5deg)=34 freshRecap=0  xcheck(invOff-vs-restW) worst=87.3deg bone[33]
  TIER2 joint-attach(PRIMARY): worst=57.80u bone[13]='bone_R-hand.mesh' parent[5] R=49.4 exactJoint=0.33u pairs=30  (palette-wide exactWorst=9.17u)
[HANDS_ATTACH] mesh='hands_naked.mesh' owner='hands_naked.mesh' frame=1146 nb=40 wext=60.2 rebound=1
  TIER1 rest-coherence: worst=42.6deg bone[30]='bone_L-middlefinger03.mesh' count(>5deg)=36 freshRecap=0  xcheck(invOff-vs-restW) worst=42.6deg bone[30]
  TIER2 joint-attach(PRIMARY): worst=27.27u bone[16]='bone_R-thumb01.mesh' parent[1] R=38.3 exactJoint=0.00u pairs=36  (palette-wide exactWorst=0.04u)
[HANDS_ATTACH] mesh='hands_naked.mesh' owner='hands_naked.mesh' frame=1146 nb=38 wext=79.5 rebound=1
  TIER1 rest-coherence: worst=87.3deg bone[33]='bone_L-middlefinger03.mesh' count(>5deg)=34 freshRecap=0  xcheck(invOff-vs-restW) worst=87.3deg bone[33]
  TIER2 joint-attach(PRIMARY): worst=11.02u bone[9]='bone_R-thumb01.mesh' parent[13] R=48.5 exactJoint=0.00u pairs=30  (palette-wide exactWorst=0.00u)
[HANDS_ATTACH] mesh='hands_naked.mesh' owner='hands_naked.mesh' frame=1156 nb=38 wext=86.5 rebound=1
  TIER1 rest-coherence: worst=87.3deg bone[33]='bone_L-middlefinger03.mesh' count(>5deg)=34 freshRecap=0  xcheck(invOff-vs-restW) worst=87.3deg bone[33]
  TIER2 joint-attach(PRIMARY): worst=85.69u bone[13]='bone_R-hand.mesh' parent[5] R=49.4 exactJoint=0.33u pairs=30  (palette-wide exactWorst=5.88u)
[HANDS_ATTACH] mesh='hands_naked.mesh' owner='hands_naked.mesh' frame=1166 nb=38 wext=86.1 rebound=1
  TIER1 rest-coherence: worst=87.3deg bone[33]='bone_L-middlefinger03.mesh' count(>5deg)=34 freshRecap=0  xcheck(invOff-vs-restW) worst=87.3deg bone[33]
  TIER2 joint-attach(PRIMARY): worst=86.27u bone[13]='bone_R-hand.mesh' parent[5] R=49.4 exactJoint=0.33u pairs=30  (palette-wide exactWorst=5.34u)
[HANDS_ATTACH] mesh='hands_naked.mesh' owner='hands_naked.mesh' frame=1166 nb=40 wext=60.2 rebound=1
  TIER1 rest-coherence: worst=42.6deg bone[30]='bone_L-middlefinger03.mesh' count(>5deg)=36 freshRecap=0  xcheck(invOff-vs-restW) worst=42.6deg bone[30]
  TIER2 joint-attach(PRIMARY): worst=27.27u bone[16]='bone_R-thumb01.mesh' parent[1] R=38.3 exactJoint=0.00u pairs=36  (palette-wide exactWorst=0.04u)
[HANDS_ATTACH] mesh='hands_naked.mesh' owner='hands_naked.mesh' frame=1166 nb=38 wext=79.5 rebound=1
  TIER1 rest-coherence: worst=87.3deg bone[33]='bone_L-middlefinger03.mesh' count(>5deg)=34 freshRecap=0  xcheck(invOff-vs-restW) worst=87.3deg bone[33]
  TIER2 joint-attach(PRIMARY): worst=11.02u bone[9]='bone_R-thumb01.mesh' parent[13] R=48.5 exactJoint=0.00u pairs=30  (palette-wide exactWorst=0.00u)
[HANDS_ATTACH] mesh='hands_naked.mesh' owner='hands_naked.mesh' frame=1176 nb=38 wext=87.0 rebound=1
  TIER1 rest-coherence: worst=87.3deg bone[33]='bone_L-middlefinger03.mesh' count(>5deg)=34 freshRecap=0  xcheck(invOff-vs-restW) worst=87.3deg bone[33]
  TIER2 joint-attach(PRIMARY): worst=86.14u bone[13]='bone_R-hand.mesh' parent[5] R=49.4 exactJoint=0.33u pairs=30  (palette-wide exactWorst=7.78u)
[HANDS_ATTACH] mesh='hands_naked.mesh' owner='hands_naked.mesh' frame=1186 nb=38 wext=88.9 rebound=1
  TIER1 rest-coherence: worst=87.3deg bone[33]='bone_L-middlefinger03.mesh' count(>5deg)=34 freshRecap=0  xcheck(invOff-vs-restW) worst=87.3deg bone[33]
  TIER2 joint-attach(PRIMARY): worst=85.69u bone[13]='bone_R-hand.mesh' parent[5] R=49.4 exactJoint=0.33u pairs=30  (palette-wide exactWorst=7.37u)
[HANDS_ATTACH] mesh='hands_naked.mesh' owner='hands_naked.mesh' frame=1186 nb=40 wext=60.2 rebound=1
  TIER1 rest-coherence: worst=42.6deg bone[30]='bone_L-middlefinger03.mesh' count(>5deg)=36 freshRecap=0  xcheck(invOff-vs-restW) worst=42.6deg bone[30]
  TIER2 joint-attach(PRIMARY): worst=27.27u bone[16]='bone_R-thumb01.mesh' parent[1] R=38.3 exactJoint=0.00u pairs=36  (palette-wide exactWorst=0.04u)
[HANDS_ATTACH] mesh='hands_naked.mesh' owner='hands_naked.mesh' frame=1186 nb=38 wext=79.5 rebound=1
  TIER1 rest-coherence: worst=87.3deg bone[33]='bone_L-middlefinger03.mesh' count(>5deg)=34 freshRecap=0  xcheck(invOff-vs-restW) worst=87.3deg bone[33]
  TIER2 joint-attach(PRIMARY): worst=11.02u bone[9]='bone_R-thumb01.mesh' parent[13] R=48.5 exactJoint=0.00u pairs=30  (palette-wide exactWorst=0.00u)
[HANDS_ATTACH] mesh='hands_naked.mesh' owner='hands_naked.mesh' frame=1196 nb=38 wext=90.5 rebound=1
  TIER1 rest-coherence: worst=87.3deg bone[33]='bone_L-middlefinger03.mesh' count(>5deg)=34 freshRecap=0  xcheck(invOff-vs-restW) worst=87.3deg bone[33]
  TIER2 joint-attach(PRIMARY): worst=85.24u bone[13]='bone_R-hand.mesh' parent[5] R=49.4 exactJoint=0.33u pairs=30  (palette-wide exactWorst=6.75u)
[HANDS_ATTACH] mesh='hands_naked.mesh' owner='hands_naked.mesh' frame=1206 nb=38 wext=90.9 rebound=1
  TIER1 rest-coherence: worst=87.3deg bone[33]='bone_L-middlefinger03.mesh' count(>5deg)=34 freshRecap=0  xcheck(invOff-vs-restW) worst=87.3deg bone[33]
  TIER2 joint-attach(PRIMARY): worst=84.55u bone[13]='bone_R-hand.mesh' parent[5] R=49.4 exactJoint=0.33u pairs=30  (palette-wide exactWorst=5.84u)
[HANDS_ATTACH] mesh='hands_naked.mesh' owner='hands_naked.mesh' frame=1206 nb=40 wext=60.2 rebound=1
  TIER1 rest-coherence: worst=42.6deg bone[30]='bone_L-middlefinger03.mesh' count(>5deg)=36 freshRecap=0  xcheck(invOff-vs-restW) worst=42.6deg bone[30]
  TIER2 joint-attach(PRIMARY): worst=27.27u bone[16]='bone_R-thumb01.mesh' parent[1] R=38.3 exactJoint=0.00u pairs=36  (palette-wide exactWorst=0.04u)
[HANDS_ATTACH] mesh='hands_naked.mesh' owner='hands_naked.mesh' frame=1206 nb=38 wext=79.5 rebound=1
  TIER1 rest-coherence: worst=87.3deg bone[33]='bone_L-middlefinger03.mesh' count(>5deg)=34 freshRecap=0  xcheck(invOff-vs-restW) worst=87.3deg bone[33]
  TIER2 joint-attach(PRIMARY): worst=11.02u bone[9]='bone_R-thumb01.mesh' parent[13] R=48.5 exactJoint=0.00u pairs=30  (palette-wide exactWorst=0.00u)
[HANDS_ATTACH] mesh='hands_naked.mesh' owner='hands_naked.mesh' frame=1216 nb=38 wext=90.8 rebound=1
  TIER1 rest-coherence: worst=87.3deg bone[33]='bone_L-middlefinger03.mesh' count(>5deg)=34 freshRecap=0  xcheck(invOff-vs-restW) worst=87.3deg bone[33]
  TIER2 joint-attach(PRIMARY): worst=83.79u bone[13]='bone_R-hand.mesh' parent[5] R=49.4 exactJoint=0.33u pairs=30  (palette-wide exactWorst=4.86u)
[HANDS_ATTACH] mesh='hands_naked.mesh' owner='hands_naked.mesh' frame=1226 nb=38 wext=90.4 rebound=1
  TIER1 rest-coherence: worst=87.3deg bone[33]='bone_L-middlefinger03.mesh' count(>5deg)=34 freshRecap=0  xcheck(invOff-vs-restW) worst=87.3deg bone[33]
  TIER2 joint-attach(PRIMARY): worst=82.81u bone[13]='bone_R-hand.mesh' parent[5] R=49.4 exactJoint=0.33u pairs=30  (palette-wide exactWorst=4.41u)
[HANDS_ATTACH] mesh='hands_naked.mesh' owner='hands_naked.mesh' frame=1226 nb=40 wext=60.2 rebound=1
  TIER1 rest-coherence: worst=42.6deg bone[30]='bone_L-middlefinger03.mesh' count(>5deg)=36 freshRecap=0  xcheck(invOff-vs-restW) worst=42.6deg bone[30]
  TIER2 joint-attach(PRIMARY): worst=27.27u bone[16]='bone_R-thumb01.mesh' parent[1] R=38.3 exactJoint=0.00u pairs=36  (palette-wide exactWorst=0.04u)
[HANDS_ATTACH] mesh='hands_naked.mesh' owner='hands_naked.mesh' frame=1226 nb=38 wext=79.5 rebound=1
  TIER1 rest-coherence: worst=87.3deg bone[33]='bone_L-middlefinger03.mesh' count(>5deg)=34 freshRecap=0  xcheck(invOff-vs-restW) worst=87.3deg bone[33]
  TIER2 joint-attach(PRIMARY): worst=11.02u bone[9]='bone_R-thumb01.mesh' parent[13] R=48.5 exactJoint=0.00u pairs=30  (palette-wide exactWorst=0.00u)
[HANDS_ATTACH] mesh='hands_naked.mesh' owner='hands_naked.mesh' frame=1236 nb=38 wext=89.9 rebound=1
  TIER1 rest-coherence: worst=87.3deg bone[33]='bone_L-middlefinger03.mesh' count(>5deg)=34 freshRecap=0  xcheck(invOff-vs-restW) worst=87.3deg bone[33]
  TIER2 joint-attach(PRIMARY): worst=81.62u bone[13]='bone_R-hand.mesh' parent[5] R=49.4 exactJoint=0.33u pairs=30  (palette-wide exactWorst=4.38u)
[HANDS_ATTACH] mesh='hands_naked.mesh' owner='hands_naked.mesh' frame=1246 nb=38 wext=89.4 rebound=1
  TIER1 rest-coherence: worst=87.3deg bone[33]='bone_L-middlefinger03.mesh' count(>5deg)=34 freshRecap=0  xcheck(invOff-vs-restW) worst=87.3deg bone[33]
  TIER2 joint-attach(PRIMARY): worst=80.42u bone[13]='bone_R-hand.mesh' parent[5] R=49.4 exactJoint=0.33u pairs=30  (palette-wide exactWorst=4.35u)
[HANDS_ATTACH] mesh='hands_naked.mesh' owner='hands_naked.mesh' frame=1246 nb=40 wext=60.2 rebound=1
  TIER1 rest-coherence: worst=42.6deg bone[30]='bone_L-middlefinger03.mesh' count(>5deg)=36 freshRecap=0  xcheck(invOff-vs-restW) worst=42.6deg bone[30]
  TIER2 joint-attach(PRIMARY): worst=27.27u bone[16]='bone_R-thumb01.mesh' parent[1] R=38.3 exactJoint=0.00u pairs=36  (palette-wide exactWorst=0.04u)
[HANDS_ATTACH] mesh='hands_naked.mesh' owner='hands_naked.mesh' frame=1246 nb=38 wext=79.5 rebound=1
  TIER1 rest-coherence: worst=87.3deg bone[33]='bone_L-middlefinger03.mesh' count(>5deg)=34 freshRecap=0  xcheck(invOff-vs-restW) worst=87.3deg bone[33]
  TIER2 joint-attach(PRIMARY): worst=11.02u bone[9]='bone_R-thumb01.mesh' parent[13] R=48.5 exactJoint=0.00u pairs=30  (palette-wide exactWorst=0.00u)
[HANDS_ATTACH] mesh='hands_naked.mesh' owner='hands_naked.mesh' frame=1256 nb=38 wext=88.9 rebound=1
  TIER1 rest-coherence: worst=87.3deg bone[33]='bone_L-middlefinger03.mesh' count(>5deg)=34 freshRecap=0  xcheck(invOff-vs-restW) worst=87.3deg bone[33]
  TIER2 joint-attach(PRIMARY): worst=79.16u bone[13]='bone_R-hand.mesh' parent[5] R=49.4 exactJoint=0.33u pairs=30  (palette-wide exactWorst=4.32u)
[HANDS_ATTACH] mesh='hands_naked.mesh' owner='hands_naked.mesh' frame=1266 nb=38 wext=88.9 rebound=1
  TIER1 rest-coherence: worst=87.3deg bone[33]='bone_L-middlefinger03.mesh' count(>5deg)=34 freshRecap=0  xcheck(invOff-vs-restW) worst=87.3deg bone[33]
  TIER2 joint-attach(PRIMARY): worst=77.75u bone[13]='bone_R-hand.mesh' parent[5] R=49.4 exactJoint=0.33u pairs=30  (palette-wide exactWorst=4.32u)
[HANDS_ATTACH] mesh='hands_naked.mesh' owner='hands_naked.mesh' frame=1266 nb=40 wext=60.2 rebound=1
  TIER1 rest-coherence: worst=42.6deg bone[30]='bone_L-middlefinger03.mesh' count(>5deg)=36 freshRecap=0  xcheck(invOff-vs-restW) worst=42.6deg bone[30]
  TIER2 joint-attach(PRIMARY): worst=27.27u bone[16]='bone_R-thumb01.mesh' parent[1] R=38.3 exactJoint=0.00u pairs=36  (palette-wide exactWorst=0.04u)
[HANDS_ATTACH] mesh='hands_naked.mesh' owner='hands_naked.mesh' frame=1266 nb=38 wext=79.5 rebound=1
  TIER1 rest-coherence: worst=87.3deg bone[33]='bone_L-middlefinger03.mesh' count(>5deg)=34 freshRecap=0  xcheck(invOff-vs-restW) worst=87.3deg bone[33]
  TIER2 joint-attach(PRIMARY): worst=11.02u bone[9]='bone_R-thumb01.mesh' parent[13] R=48.5 exactJoint=0.00u pairs=30  (palette-wide exactWorst=0.00u)
[HANDS_ATTACH] mesh='hands_naked.mesh' owner='hands_naked.mesh' frame=1276 nb=38 wext=88.7 rebound=1
  TIER1 rest-coherence: worst=87.3deg bone[33]='bone_L-middlefinger03.mesh' count(>5deg)=34 freshRecap=0  xcheck(invOff-vs-restW) worst=87.3deg bone[33]
  TIER2 joint-attach(PRIMARY): worst=76.31u bone[13]='bone_R-hand.mesh' parent[5] R=49.4 exactJoint=0.33u pairs=30  (palette-wide exactWorst=4.31u)
[HANDS_ATTACH] mesh='hands_naked.mesh' owner='hands_naked.mesh' frame=1286 nb=38 wext=88.3 rebound=1
  TIER1 rest-coherence: worst=87.3deg bone[33]='bone_L-middlefinger03.mesh' count(>5deg)=34 freshRecap=0  xcheck(invOff-vs-restW) worst=87.3deg bone[33]
  TIER2 joint-attach(PRIMARY): worst=74.86u bone[13]='bone_R-hand.mesh' parent[5] R=49.4 exactJoint=0.33u pairs=30  (palette-wide exactWorst=4.31u)
[HANDS_ATTACH] mesh='hands_naked.mesh' owner='hands_naked.mesh' frame=1286 nb=40 wext=60.2 rebound=1
  TIER1 rest-coherence: worst=42.6deg bone[30]='bone_L-middlefinger03.mesh' count(>5deg)=36 freshRecap=0  xcheck(invOff-vs-restW) worst=42.6deg bone[30]
  TIER2 joint-attach(PRIMARY): worst=27.27u bone[16]='bone_R-thumb01.mesh' parent[1] R=38.3 exactJoint=0.00u pairs=36  (palette-wide exactWorst=0.04u)
[HANDS_ATTACH] mesh='hands_naked.mesh' owner='hands_naked.mesh' frame=1286 nb=38 wext=79.5 rebound=1
  TIER1 rest-coherence: worst=87.3deg bone[33]='bone_L-middlefinger03.mesh' count(>5deg)=34 freshRecap=0  xcheck(invOff-vs-restW) worst=87.3deg bone[33]
  TIER2 joint-attach(PRIMARY): worst=11.02u bone[9]='bone_R-thumb01.mesh' parent[13] R=48.5 exactJoint=0.00u pairs=30  (palette-wide exactWorst=0.00u)
[HANDS_ATTACH] mesh='hands_naked.mesh' owner='hands_naked.mesh' frame=1296 nb=38 wext=87.7 rebound=1
  TIER1 rest-coherence: worst=87.3deg bone[33]='bone_L-middlefinger03.mesh' count(>5deg)=34 freshRecap=0  xcheck(invOff-vs-restW) worst=87.3deg bone[33]
  TIER2 joint-attach(PRIMARY): worst=73.38u bone[13]='bone_R-hand.mesh' parent[5] R=49.4 exactJoint=0.33u pairs=30  (palette-wide exactWorst=4.32u)
[HANDS_ATTACH] mesh='hands_naked.mesh' owner='hands_naked.mesh' frame=1306 nb=38 wext=86.9 rebound=1
  TIER1 rest-coherence: worst=87.3deg bone[33]='bone_L-middlefinger03.mesh' count(>5deg)=34 freshRecap=0  xcheck(invOff-vs-restW) worst=87.3deg bone[33]
  TIER2 joint-attach(PRIMARY): worst=72.03u bone[13]='bone_R-hand.mesh' parent[5] R=49.4 exactJoint=0.33u pairs=30  (palette-wide exactWorst=4.37u)
[HANDS_ATTACH] mesh='hands_naked.mesh' owner='hands_naked.mesh' frame=1306 nb=40 wext=60.2 rebound=1
  TIER1 rest-coherence: worst=42.6deg bone[30]='bone_L-middlefinger03.mesh' count(>5deg)=36 freshRecap=0  xcheck(invOff-vs-restW) worst=42.6deg bone[30]
  TIER2 joint-attach(PRIMARY): worst=27.27u bone[16]='bone_R-thumb01.mesh' parent[1] R=38.3 exactJoint=0.00u pairs=36  (palette-wide exactWorst=0.04u)
[HANDS_ATTACH] mesh='hands_naked.mesh' owner='hands_naked.mesh' frame=1306 nb=38 wext=79.5 rebound=1
  TIER1 rest-coherence: worst=87.3deg bone[33]='bone_L-middlefinger03.mesh' count(>5deg)=34 freshRecap=0  xcheck(invOff-vs-restW) worst=87.3deg bone[33]
  TIER2 joint-attach(PRIMARY): worst=11.02u bone[9]='bone_R-thumb01.mesh' parent[13] R=48.5 exactJoint=0.00u pairs=30  (palette-wide exactWorst=0.00u)
[HANDS_ATTACH] mesh='hands_naked.mesh' owner='hands_naked.mesh' frame=1316 nb=38 wext=85.9 rebound=1
  TIER1 rest-coherence: worst=87.3deg bone[33]='bone_L-middlefinger03.mesh' count(>5deg)=34 freshRecap=0  xcheck(invOff-vs-restW) worst=87.3deg bone[33]
  TIER2 joint-attach(PRIMARY): worst=70.72u bone[13]='bone_R-hand.mesh' parent[5] R=49.4 exactJoint=0.33u pairs=30  (palette-wide exactWorst=4.47u)
[HANDS_ATTACH] mesh='hands_naked.mesh' owner='hands_naked.mesh' frame=1326 nb=38 wext=85.2 rebound=1
  TIER1 rest-coherence: worst=87.3deg bone[33]='bone_L-middlefinger03.mesh' count(>5deg)=34 freshRecap=0  xcheck(invOff-vs-restW) worst=87.3deg bone[33]
  TIER2 joint-attach(PRIMARY): worst=69.39u bone[13]='bone_R-hand.mesh' parent[5] R=49.4 exactJoint=0.33u pairs=30  (palette-wide exactWorst=4.56u)
[HANDS_ATTACH] mesh='hands_naked.mesh' owner='hands_naked.mesh' frame=1326 nb=40 wext=60.2 rebound=1
  TIER1 rest-coherence: worst=42.6deg bone[30]='bone_L-middlefinger03.mesh' count(>5deg)=36 freshRecap=0  xcheck(invOff-vs-restW) worst=42.6deg bone[30]
  TIER2 joint-attach(PRIMARY): worst=27.27u bone[16]='bone_R-thumb01.mesh' parent[1] R=38.3 exactJoint=0.00u pairs=36  (palette-wide exactWorst=0.04u)
[HANDS_ATTACH] mesh='hands_naked.mesh' owner='hands_naked.mesh' frame=1326 nb=38 wext=79.5 rebound=1
  TIER1 rest-coherence: worst=87.3deg bone[33]='bone_L-middlefinger03.mesh' count(>5deg)=34 freshRecap=0  xcheck(invOff-vs-restW) worst=87.3deg bone[33]
  TIER2 joint-attach(PRIMARY): worst=11.02u bone[9]='bone_R-thumb01.mesh' parent[13] R=48.5 exactJoint=0.00u pairs=30  (palette-wide exactWorst=0.00u)
[HANDS_ATTACH] mesh='hands_naked.mesh' owner='hands_naked.mesh' frame=1336 nb=38 wext=84.3 rebound=1
  TIER1 rest-coherence: worst=87.3deg bone[33]='bone_L-middlefinger03.mesh' count(>5deg)=34 freshRecap=0  xcheck(invOff-vs-restW) worst=87.3deg bone[33]
  TIER2 joint-attach(PRIMARY): worst=68.10u bone[13]='bone_R-hand.mesh' parent[5] R=49.4 exactJoint=0.33u pairs=30  (palette-wide exactWorst=4.67u)
[HANDS_ATTACH] mesh='hands_naked.mesh' owner='hands_naked.mesh' frame=1346 nb=38 wext=83.8 rebound=1
  TIER1 rest-coherence: worst=87.3deg bone[33]='bone_L-middlefinger03.mesh' count(>5deg)=34 freshRecap=0  xcheck(invOff-vs-restW) worst=87.3deg bone[33]
  TIER2 joint-attach(PRIMARY): worst=67.18u bone[13]='bone_R-hand.mesh' parent[5] R=49.4 exactJoint=0.33u pairs=30  (palette-wide exactWorst=4.78u)
[HANDS_ATTACH] mesh='hands_naked.mesh' owner='hands_naked.mesh' frame=1346 nb=40 wext=60.2 rebound=1
  TIER1 rest-coherence: worst=42.6deg bone[30]='bone_L-middlefinger03.mesh' count(>5deg)=36 freshRecap=0  xcheck(invOff-vs-restW) worst=42.6deg bone[30]
  TIER2 joint-attach(PRIMARY): worst=27.27u bone[16]='bone_R-thumb01.mesh' parent[1] R=38.3 exactJoint=0.00u pairs=36  (palette-wide exactWorst=0.04u)
[HANDS_ATTACH] mesh='hands_naked.mesh' owner='hands_naked.mesh' frame=1346 nb=38 wext=79.5 rebound=1
  TIER1 rest-coherence: worst=87.3deg bone[33]='bone_L-middlefinger03.mesh' count(>5deg)=34 freshRecap=0  xcheck(invOff-vs-restW) worst=87.3deg bone[33]
  TIER2 joint-attach(PRIMARY): worst=11.02u bone[9]='bone_R-thumb01.mesh' parent[13] R=48.5 exactJoint=0.00u pairs=30  (palette-wide exactWorst=0.00u)
[HANDS_ATTACH] mesh='hands_naked.mesh' owner='hands_naked.mesh' frame=1356 nb=38 wext=83.6 rebound=1
  TIER1 rest-coherence: worst=87.3deg bone[33]='bone_L-middlefinger03.mesh' count(>5deg)=34 freshRecap=0  xcheck(invOff-vs-restW) worst=87.3deg bone[33]
  TIER2 joint-attach(PRIMARY): worst=66.51u bone[13]='bone_R-hand.mesh' parent[5] R=49.4 exactJoint=0.33u pairs=30  (palette-wide exactWorst=4.92u)
[HANDS_ATTACH] mesh='hands_naked.mesh' owner='hands_naked.mesh' frame=1366 nb=38 wext=83.3 rebound=1
  TIER1 rest-coherence: worst=87.3deg bone[33]='bone_L-middlefinger03.mesh' count(>5deg)=34 freshRecap=0  xcheck(invOff-vs-restW) worst=87.3deg bone[33]
  TIER2 joint-attach(PRIMARY): worst=66.11u bone[13]='bone_R-hand.mesh' parent[5] R=49.4 exactJoint=0.33u pairs=30  (palette-wide exactWorst=5.03u)
[HANDS_ATTACH] mesh='hands_naked.mesh' owner='hands_naked.mesh' frame=1366 nb=40 wext=60.2 rebound=1
  TIER1 rest-coherence: worst=42.6deg bone[30]='bone_L-middlefinger03.mesh' count(>5deg)=36 freshRecap=0  xcheck(invOff-vs-restW) worst=42.6deg bone[30]
  TIER2 joint-attach(PRIMARY): worst=27.27u bone[16]='bone_R-thumb01.mesh' parent[1] R=38.3 exactJoint=0.00u pairs=36  (palette-wide exactWorst=0.04u)
[HANDS_ATTACH] mesh='hands_naked.mesh' owner='hands_naked.mesh' frame=1366 nb=38 wext=79.5 rebound=1
  TIER1 rest-coherence: worst=87.3deg bone[33]='bone_L-middlefinger03.mesh' count(>5deg)=34 freshRecap=0  xcheck(invOff-vs-restW) worst=87.3deg bone[33]
  TIER2 joint-attach(PRIMARY): worst=11.02u bone[9]='bone_R-thumb01.mesh' parent[13] R=48.5 exactJoint=0.00u pairs=30  (palette-wide exactWorst=0.00u)
[HANDS_ATTACH] mesh='hands_naked.mesh' owner='hands_naked.mesh' frame=1377 nb=38 wext=82.9 rebound=1
  TIER1 rest-coherence: worst=87.3deg bone[33]='bone_L-middlefinger03.mesh' count(>5deg)=34 freshRecap=0  xcheck(invOff-vs-restW) worst=87.3deg bone[33]
  TIER2 joint-attach(PRIMARY): worst=66.24u bone[13]='bone_R-hand.mesh' parent[5] R=49.4 exactJoint=0.33u pairs=30  (palette-wide exactWorst=5.11u)
[HANDS_ATTACH] mesh='hands_naked.mesh' owner='hands_naked.mesh' frame=1380 nb=38 wext=79.7 rebound=1
  TIER1 rest-coherence: worst=87.3deg bone[33]='bone_L-middlefinger03.mesh' count(>5deg)=34 freshRecap=0  xcheck(invOff-vs-restW) worst=87.3deg bone[33]
  TIER2 joint-attach(PRIMARY): worst=35.30u bone[29]='bone_L-hand.mesh' parent[22] R=49.4 exactJoint=0.00u pairs=30  (palette-wide exactWorst=0.00u)
[HANDS_ATTACH] mesh='hands_naked.mesh' owner='hands_naked.mesh' frame=1386 nb=40 wext=60.2 rebound=1
  TIER1 rest-coherence: worst=42.6deg bone[30]='bone_L-middlefinger03.mesh' count(>5deg)=36 freshRecap=0  xcheck(invOff-vs-restW) worst=42.6deg bone[30]
  TIER2 joint-attach(PRIMARY): worst=27.27u bone[16]='bone_R-thumb01.mesh' parent[1] R=38.3 exactJoint=0.00u pairs=36  (palette-wide exactWorst=0.04u)
[HANDS_ATTACH] mesh='hands_naked.mesh' owner='hands_naked.mesh' frame=1390 nb=38 wext=80.0 rebound=1
  TIER1 rest-coherence: worst=87.3deg bone[33]='bone_L-middlefinger03.mesh' count(>5deg)=34 freshRecap=0  xcheck(invOff-vs-restW) worst=87.3deg bone[33]
  TIER2 joint-attach(PRIMARY): worst=37.50u bone[13]='bone_R-hand.mesh' parent[5] R=49.4 exactJoint=0.00u pairs=30  (palette-wide exactWorst=0.58u)
[HANDS_ATTACH] mesh='hands_naked.mesh' owner='hands_naked.mesh' frame=1397 nb=38 wext=82.3 rebound=1
  TIER1 rest-coherence: worst=87.3deg bone[33]='bone_L-middlefinger03.mesh' count(>5deg)=34 freshRecap=0  xcheck(invOff-vs-restW) worst=87.3deg bone[33]
  TIER2 joint-attach(PRIMARY): worst=66.34u bone[13]='bone_R-hand.mesh' parent[5] R=49.4 exactJoint=0.33u pairs=30  (palette-wide exactWorst=5.42u)
[HANDS_ATTACH] mesh='hands_naked.mesh' owner='hands_naked.mesh' frame=1400 nb=38 wext=77.0 rebound=1
  TIER1 rest-coherence: worst=87.3deg bone[33]='bone_L-middlefinger03.mesh' count(>5deg)=34 freshRecap=0  xcheck(invOff-vs-restW) worst=87.3deg bone[33]
  TIER2 joint-attach(PRIMARY): worst=43.94u bone[18]='bone_R-pinky02.mesh' parent[14] R=47.4 exactJoint=0.00u pairs=30  (palette-wide exactWorst=5.47u)
[HANDS_ATTACH] mesh='hands_naked.mesh' owner='hands_naked.mesh' frame=1406 nb=40 wext=60.2 rebound=1
  TIER1 rest-coherence: worst=42.6deg bone[30]='bone_L-middlefinger03.mesh' count(>5deg)=36 freshRecap=0  xcheck(invOff-vs-restW) worst=42.6deg bone[30]
  TIER2 joint-attach(PRIMARY): worst=27.27u bone[16]='bone_R-thumb01.mesh' parent[1] R=38.3 exactJoint=0.00u pairs=36  (palette-wide exactWorst=0.04u)
[HANDS_ATTACH] mesh='hands_naked.mesh' owner='hands_naked.mesh' frame=1410 nb=38 wext=72.9 rebound=1
  TIER1 rest-coherence: worst=87.3deg bone[33]='bone_L-middlefinger03.mesh' count(>5deg)=34 freshRecap=0  xcheck(invOff-vs-restW) worst=87.3deg bone[33]
  TIER2 joint-attach(PRIMARY): worst=53.73u bone[18]='bone_R-pinky02.mesh' parent[14] R=47.4 exactJoint=0.00u pairs=30  (palette-wide exactWorst=9.45u)
[HANDS_ATTACH] mesh='hands_naked.mesh' owner='hands_naked.mesh' frame=1417 nb=38 wext=82.3 rebound=1
  TIER1 rest-coherence: worst=87.3deg bone[33]='bone_L-middlefinger03.mesh' count(>5deg)=34 freshRecap=0  xcheck(invOff-vs-restW) worst=87.3deg bone[33]
  TIER2 joint-attach(PRIMARY): worst=66.34u bone[13]='bone_R-hand.mesh' parent[5] R=49.4 exactJoint=0.33u pairs=30  (palette-wide exactWorst=5.42u)
[HANDS_ATTACH] mesh='hands_naked.mesh' owner='hands_naked.mesh' frame=1420 nb=38 wext=72.2 rebound=1
  TIER1 rest-coherence: worst=87.3deg bone[33]='bone_L-middlefinger03.mesh' count(>5deg)=34 freshRecap=0  xcheck(invOff-vs-restW) worst=87.3deg bone[33]
  TIER2 joint-attach(PRIMARY): worst=53.84u bone[13]='bone_R-hand.mesh' parent[5] R=49.4 exactJoint=0.00u pairs=30  (palette-wide exactWorst=6.82u)
[HANDS_ATTACH] mesh='hands_naked.mesh' owner='hands_naked.mesh' frame=1426 nb=40 wext=60.2 rebound=1
  TIER1 rest-coherence: worst=42.6deg bone[30]='bone_L-middlefinger03.mesh' count(>5deg)=36 freshRecap=0  xcheck(invOff-vs-restW) worst=42.6deg bone[30]
  TIER2 joint-attach(PRIMARY): worst=27.27u bone[16]='bone_R-thumb01.mesh' parent[1] R=38.3 exactJoint=0.00u pairs=36  (palette-wide exactWorst=0.04u)
[HANDS_ATTACH] mesh='hands_naked.mesh' owner='hands_naked.mesh' frame=1430 nb=38 wext=71.0 rebound=1
  TIER1 rest-coherence: worst=87.3deg bone[33]='bone_L-middlefinger03.mesh' count(>5deg)=34 freshRecap=0  xcheck(invOff-vs-restW) worst=87.3deg bone[33]
  TIER2 joint-attach(PRIMARY): worst=59.89u bone[13]='bone_R-hand.mesh' parent[5] R=49.4 exactJoint=0.00u pairs=30  (palette-wide exactWorst=2.63u)
[HANDS_ATTACH] mesh='hands_naked.mesh' owner='hands_naked.mesh' frame=1437 nb=38 wext=82.3 rebound=1
  TIER1 rest-coherence: worst=87.3deg bone[33]='bone_L-middlefinger03.mesh' count(>5deg)=34 freshRecap=0  xcheck(invOff-vs-restW) worst=87.3deg bone[33]
  TIER2 joint-attach(PRIMARY): worst=66.34u bone[13]='bone_R-hand.mesh' parent[5] R=49.4 exactJoint=0.33u pairs=30  (palette-wide exactWorst=5.42u)
[HANDS_ATTACH] mesh='hands_naked.mesh' owner='hands_naked.mesh' frame=1440 nb=38 wext=69.1 rebound=1
  TIER1 rest-coherence: worst=87.3deg bone[33]='bone_L-middlefinger03.mesh' count(>5deg)=34 freshRecap=0  xcheck(invOff-vs-restW) worst=87.3deg bone[33]
  TIER2 joint-attach(PRIMARY): worst=66.16u bone[13]='bone_R-hand.mesh' parent[5] R=49.4 exactJoint=0.00u pairs=30  (palette-wide exactWorst=0.81u)
[HANDS_ATTACH] mesh='hands_naked.mesh' owner='hands_naked.mesh' frame=1446 nb=40 wext=60.2 rebound=1
  TIER1 rest-coherence: worst=42.6deg bone[30]='bone_L-middlefinger03.mesh' count(>5deg)=36 freshRecap=0  xcheck(invOff-vs-restW) worst=42.6deg bone[30]
  TIER2 joint-attach(PRIMARY): worst=27.27u bone[16]='bone_R-thumb01.mesh' parent[1] R=38.3 exactJoint=0.00u pairs=36  (palette-wide exactWorst=0.04u)
[HANDS_ATTACH] mesh='hands_naked.mesh' owner='hands_naked.mesh' frame=1450 nb=38 wext=67.8 rebound=1
  TIER1 rest-coherence: worst=87.3deg bone[33]='bone_L-middlefinger03.mesh' count(>5deg)=34 freshRecap=0  xcheck(invOff-vs-restW) worst=87.3deg bone[33]
  TIER2 joint-attach(PRIMARY): worst=72.51u bone[13]='bone_R-hand.mesh' parent[5] R=49.4 exactJoint=0.00u pairs=30  (palette-wide exactWorst=0.00u)
[HANDS_ATTACH] mesh='hands_naked.mesh' owner='hands_naked.mesh' frame=1457 nb=38 wext=82.3 rebound=1
  TIER1 rest-coherence: worst=87.3deg bone[33]='bone_L-middlefinger03.mesh' count(>5deg)=34 freshRecap=0  xcheck(invOff-vs-restW) worst=87.3deg bone[33]
  TIER2 joint-attach(PRIMARY): worst=66.34u bone[13]='bone_R-hand.mesh' parent[5] R=49.4 exactJoint=0.33u pairs=30  (palette-wide exactWorst=5.42u)
[HANDS_ATTACH] mesh='hands_naked.mesh' owner='hands_naked.mesh' frame=1460 nb=38 wext=67.5 rebound=1
  TIER1 rest-coherence: worst=87.3deg bone[33]='bone_L-middlefinger03.mesh' count(>5deg)=34 freshRecap=0  xcheck(invOff-vs-restW) worst=87.3deg bone[33]
  TIER2 joint-attach(PRIMARY): worst=79.01u bone[13]='bone_R-hand.mesh' parent[5] R=49.4 exactJoint=0.00u pairs=30  (palette-wide exactWorst=0.00u)
[HANDS_ATTACH] mesh='hands_naked.mesh' owner='hands_naked.mesh' frame=1466 nb=40 wext=60.2 rebound=1
  TIER1 rest-coherence: worst=42.6deg bone[30]='bone_L-middlefinger03.mesh' count(>5deg)=36 freshRecap=0  xcheck(invOff-vs-restW) worst=42.6deg bone[30]
  TIER2 joint-attach(PRIMARY): worst=27.27u bone[16]='bone_R-thumb01.mesh' parent[1] R=38.3 exactJoint=0.00u pairs=36  (palette-wide exactWorst=0.04u)
[HANDS_ATTACH] mesh='hands_naked.mesh' owner='hands_naked.mesh' frame=1470 nb=38 wext=70.4 rebound=1
  TIER1 rest-coherence: worst=87.3deg bone[33]='bone_L-middlefinger03.mesh' count(>5deg)=34 freshRecap=0  xcheck(invOff-vs-restW) worst=87.3deg bone[33]
  TIER2 joint-attach(PRIMARY): worst=86.21u bone[13]='bone_R-hand.mesh' parent[5] R=49.4 exactJoint=0.00u pairs=30  (palette-wide exactWorst=0.00u)
[HANDS_ATTACH] mesh='hands_naked.mesh' owner='hands_naked.mesh' frame=1477 nb=38 wext=82.3 rebound=1
  TIER1 rest-coherence: worst=87.3deg bone[33]='bone_L-middlefinger03.mesh' count(>5deg)=34 freshRecap=0  xcheck(invOff-vs-restW) worst=87.3deg bone[33]
  TIER2 joint-attach(PRIMARY): worst=66.34u bone[13]='bone_R-hand.mesh' parent[5] R=49.4 exactJoint=0.33u pairs=30  (palette-wide exactWorst=5.42u)
[HANDS_ATTACH] mesh='hands_naked.mesh' owner='hands_naked.mesh' frame=1480 nb=38 wext=73.4 rebound=1
  TIER1 rest-coherence: worst=87.3deg bone[33]='bone_L-middlefinger03.mesh' count(>5deg)=34 freshRecap=0  xcheck(invOff-vs-restW) worst=87.3deg bone[33]
  TIER2 joint-attach(PRIMARY): worst=93.57u bone[13]='bone_R-hand.mesh' parent[5] R=49.4 exactJoint=0.00u pairs=30  (palette-wide exactWorst=0.00u)
[HANDS_ATTACH] mesh='hands_naked.mesh' owner='hands_naked.mesh' frame=1486 nb=40 wext=60.2 rebound=1
  TIER1 rest-coherence: worst=42.6deg bone[30]='bone_L-middlefinger03.mesh' count(>5deg)=36 freshRecap=0  xcheck(invOff-vs-restW) worst=42.6deg bone[30]
  TIER2 joint-attach(PRIMARY): worst=27.27u bone[16]='bone_R-thumb01.mesh' parent[1] R=38.3 exactJoint=0.00u pairs=36  (palette-wide exactWorst=0.04u)
[HANDS_ATTACH] mesh='hands_naked.mesh' owner='hands_naked.mesh' frame=1490 nb=38 wext=76.2 rebound=1
  TIER1 rest-coherence: worst=87.3deg bone[33]='bone_L-middlefinger03.mesh' count(>5deg)=34 freshRecap=0  xcheck(invOff-vs-restW) worst=87.3deg bone[33]
  TIER2 joint-attach(PRIMARY): worst=100.86u bone[13]='bone_R-hand.mesh' parent[5] R=49.4 exactJoint=0.00u pairs=30  (palette-wide exactWorst=0.00u)
[HANDS_ATTACH] mesh='hands_naked.mesh' owner='hands_naked.mesh' frame=1497 nb=38 wext=82.3 rebound=1
  TIER1 rest-coherence: worst=87.3deg bone[33]='bone_L-middlefinger03.mesh' count(>5deg)=34 freshRecap=0  xcheck(invOff-vs-restW) worst=87.3deg bone[33]
  TIER2 joint-attach(PRIMARY): worst=66.34u bone[13]='bone_R-hand.mesh' parent[5] R=49.4 exactJoint=0.33u pairs=30  (palette-wide exactWorst=5.42u)
[HANDS_ATTACH] mesh='hands_naked.mesh' owner='hands_naked.mesh' frame=1500 nb=38 wext=78.5 rebound=1
  TIER1 rest-coherence: worst=87.3deg bone[33]='bone_L-middlefinger03.mesh' count(>5deg)=34 freshRecap=0  xcheck(invOff-vs-restW) worst=87.3deg bone[33]
  TIER2 joint-attach(PRIMARY): worst=103.60u bone[13]='bone_R-hand.mesh' parent[5] R=49.4 exactJoint=0.00u pairs=30  (palette-wide exactWorst=0.00u)
[HANDS_ATTACH] mesh='hands_naked.mesh' owner='hands_naked.mesh' frame=1506 nb=40 wext=60.2 rebound=1
  TIER1 rest-coherence: worst=42.6deg bone[30]='bone_L-middlefinger03.mesh' count(>5deg)=36 freshRecap=0  xcheck(invOff-vs-restW) worst=42.6deg bone[30]
  TIER2 joint-attach(PRIMARY): worst=27.27u bone[16]='bone_R-thumb01.mesh' parent[1] R=38.3 exactJoint=0.00u pairs=36  (palette-wide exactWorst=0.04u)
[HANDS_ATTACH] mesh='hands_naked.mesh' owner='hands_naked.mesh' frame=1510 nb=38 wext=80.6 rebound=1
  TIER1 rest-coherence: worst=87.3deg bone[33]='bone_L-middlefinger03.mesh' count(>5deg)=34 freshRecap=0  xcheck(invOff-vs-restW) worst=87.3deg bone[33]
  TIER2 joint-attach(PRIMARY): worst=106.15u bone[13]='bone_R-hand.mesh' parent[5] R=49.4 exactJoint=0.00u pairs=30  (palette-wide exactWorst=0.00u)
[HANDS_ATTACH] mesh='hands_naked.mesh' owner='hands_naked.mesh' frame=1517 nb=38 wext=82.3 rebound=1
  TIER1 rest-coherence: worst=87.3deg bone[33]='bone_L-middlefinger03.mesh' count(>5deg)=34 freshRecap=0  xcheck(invOff-vs-restW) worst=87.3deg bone[33]
  TIER2 joint-attach(PRIMARY): worst=66.34u bone[13]='bone_R-hand.mesh' parent[5] R=49.4 exactJoint=0.33u pairs=30  (palette-wide exactWorst=5.42u)
[HANDS_ATTACH] mesh='hands_naked.mesh' owner='hands_naked.mesh' frame=1520 nb=38 wext=79.5 rebound=1
  TIER1 rest-coherence: worst=87.3deg bone[33]='bone_L-middlefinger03.mesh' count(>5deg)=34 freshRecap=0  xcheck(invOff-vs-restW) worst=87.3deg bone[33]
  TIER2 joint-attach(PRIMARY): worst=102.35u bone[13]='bone_R-hand.mesh' parent[5] R=49.4 exactJoint=0.00u pairs=30  (palette-wide exactWorst=0.00u)
[HANDS_ATTACH] mesh='hands_naked.mesh' owner='hands_naked.mesh' frame=1526 nb=40 wext=60.2 rebound=1
  TIER1 rest-coherence: worst=42.6deg bone[30]='bone_L-middlefinger03.mesh' count(>5deg)=36 freshRecap=0  xcheck(invOff-vs-restW) worst=42.6deg bone[30]
  TIER2 joint-attach(PRIMARY): worst=27.27u bone[16]='bone_R-thumb01.mesh' parent[1] R=38.3 exactJoint=0.00u pairs=36  (palette-wide exactWorst=0.04u)
[HANDS_ATTACH] mesh='hands_naked.mesh' owner='hands_naked.mesh' frame=1530 nb=38 wext=77.5 rebound=1
  TIER1 rest-coherence: worst=87.3deg bone[33]='bone_L-middlefinger03.mesh' count(>5deg)=34 freshRecap=0  xcheck(invOff-vs-restW) worst=87.3deg bone[33]
  TIER2 joint-attach(PRIMARY): worst=93.97u bone[13]='bone_R-hand.mesh' parent[5] R=49.4 exactJoint=0.00u pairs=30  (palette-wide exactWorst=0.00u)
[HANDS_ATTACH] mesh='hands_naked.mesh' owner='hands_naked.mesh' frame=1537 nb=38 wext=82.3 rebound=1
  TIER1 rest-coherence: worst=87.3deg bone[33]='bone_L-middlefinger03.mesh' count(>5deg)=34 freshRecap=0  xcheck(invOff-vs-restW) worst=87.3deg bone[33]
  TIER2 joint-attach(PRIMARY): worst=66.34u bone[13]='bone_R-hand.mesh' parent[5] R=49.4 exactJoint=0.33u pairs=30  (palette-wide exactWorst=5.42u)
[HANDS_ATTACH] mesh='hands_naked.mesh' owner='hands_naked.mesh' frame=1540 nb=38 wext=76.6 rebound=1
  TIER1 rest-coherence: worst=87.3deg bone[33]='bone_L-middlefinger03.mesh' count(>5deg)=34 freshRecap=0  xcheck(invOff-vs-restW) worst=87.3deg bone[33]
  TIER2 joint-attach(PRIMARY): worst=85.14u bone[13]='bone_R-hand.mesh' parent[5] R=49.4 exactJoint=0.00u pairs=30  (palette-wide exactWorst=0.00u)
[HANDS_ATTACH] mesh='hands_naked.mesh' owner='hands_naked.mesh' frame=1546 nb=40 wext=60.2 rebound=1
  TIER1 rest-coherence: worst=42.6deg bone[30]='bone_L-middlefinger03.mesh' count(>5deg)=36 freshRecap=0  xcheck(invOff-vs-restW) worst=42.6deg bone[30]
  TIER2 joint-attach(PRIMARY): worst=27.27u bone[16]='bone_R-thumb01.mesh' parent[1] R=38.3 exactJoint=0.00u pairs=36  (palette-wide exactWorst=0.04u)
[HANDS_ATTACH] mesh='hands_naked.mesh' owner='hands_naked.mesh' frame=1550 nb=38 wext=78.0 rebound=1
  TIER1 rest-coherence: worst=87.3deg bone[33]='bone_L-middlefinger03.mesh' count(>5deg)=34 freshRecap=0  xcheck(invOff-vs-restW) worst=87.3deg bone[33]
  TIER2 joint-attach(PRIMARY): worst=75.72u bone[13]='bone_R-hand.mesh' parent[5] R=49.4 exactJoint=0.00u pairs=30  (palette-wide exactWorst=0.00u)
[HANDS_ATTACH] mesh='hands_naked.mesh' owner='hands_naked.mesh' frame=1557 nb=38 wext=82.3 rebound=1
  TIER1 rest-coherence: worst=87.3deg bone[33]='bone_L-middlefinger03.mesh' count(>5deg)=34 freshRecap=0  xcheck(invOff-vs-restW) worst=87.3deg bone[33]
  TIER2 joint-attach(PRIMARY): worst=66.34u bone[13]='bone_R-hand.mesh' parent[5] R=49.4 exactJoint=0.33u pairs=30  (palette-wide exactWorst=5.42u)
[HANDS_ATTACH] mesh='hands_naked.mesh' owner='hands_naked.mesh' frame=1560 nb=38 wext=78.6 rebound=1
  TIER1 rest-coherence: worst=87.3deg bone[33]='bone_L-middlefinger03.mesh' count(>5deg)=34 freshRecap=0  xcheck(invOff-vs-restW) worst=87.3deg bone[33]
  TIER2 joint-attach(PRIMARY): worst=63.30u bone[13]='bone_R-hand.mesh' parent[5] R=49.4 exactJoint=0.00u pairs=30  (palette-wide exactWorst=0.00u)
[HANDS_ATTACH] mesh='hands_naked.mesh' owner='hands_naked.mesh' frame=1566 nb=40 wext=60.2 rebound=1
  TIER1 rest-coherence: worst=42.6deg bone[30]='bone_L-middlefinger03.mesh' count(>5deg)=36 freshRecap=0  xcheck(invOff-vs-restW) worst=42.6deg bone[30]
  TIER2 joint-attach(PRIMARY): worst=27.27u bone[16]='bone_R-thumb01.mesh' parent[1] R=38.3 exactJoint=0.00u pairs=36  (palette-wide exactWorst=0.04u)
[HANDS_ATTACH] mesh='hands_naked.mesh' owner='hands_naked.mesh' frame=1570 nb=38 wext=79.2 rebound=1
  TIER1 rest-coherence: worst=87.3deg bone[33]='bone_L-middlefinger03.mesh' count(>5deg)=34 freshRecap=0  xcheck(invOff-vs-restW) worst=87.3deg bone[33]
  TIER2 joint-attach(PRIMARY): worst=50.74u bone[13]='bone_R-hand.mesh' parent[5] R=49.4 exactJoint=0.00u pairs=30  (palette-wide exactWorst=0.00u)
[HANDS_ATTACH] mesh='hands_naked.mesh' owner='hands_naked.mesh' frame=1577 nb=38 wext=82.3 rebound=1
  TIER1 rest-coherence: worst=87.3deg bone[33]='bone_L-middlefinger03.mesh' count(>5deg)=34 freshRecap=0  xcheck(invOff-vs-restW) worst=87.3deg bone[33]
  TIER2 joint-attach(PRIMARY): worst=66.34u bone[13]='bone_R-hand.mesh' parent[5] R=49.4 exactJoint=0.33u pairs=30  (palette-wide exactWorst=5.42u)
[HANDS_ATTACH] mesh='hands_naked.mesh' owner='hands_naked.mesh' frame=1580 nb=38 wext=79.6 rebound=1
  TIER1 rest-coherence: worst=87.3deg bone[33]='bone_L-middlefinger03.mesh' count(>5deg)=34 freshRecap=0  xcheck(invOff-vs-restW) worst=87.3deg bone[33]
  TIER2 joint-attach(PRIMARY): worst=39.01u bone[13]='bone_R-hand.mesh' parent[5] R=49.4 exactJoint=0.00u pairs=30  (palette-wide exactWorst=0.00u)
[HANDS_ATTACH] mesh='hands_naked.mesh' owner='hands_naked.mesh' frame=1586 nb=40 wext=60.2 rebound=1
  TIER1 rest-coherence: worst=42.6deg bone[30]='bone_L-middlefinger03.mesh' count(>5deg)=36 freshRecap=0  xcheck(invOff-vs-restW) worst=42.6deg bone[30]
  TIER2 joint-attach(PRIMARY): worst=27.27u bone[16]='bone_R-thumb01.mesh' parent[1] R=38.3 exactJoint=0.00u pairs=36  (palette-wide exactWorst=0.04u)
[HANDS_ATTACH] mesh='hands_naked.mesh' owner='hands_naked.mesh' frame=1590 nb=38 wext=79.6 rebound=1
  TIER1 rest-coherence: worst=87.3deg bone[33]='bone_L-middlefinger03.mesh' count(>5deg)=34 freshRecap=0  xcheck(invOff-vs-restW) worst=87.3deg bone[33]
  TIER2 joint-attach(PRIMARY): worst=35.30u bone[29]='bone_L-hand.mesh' parent[22] R=49.4 exactJoint=0.00u pairs=30  (palette-wide exactWorst=0.00u)
[HANDS_ATTACH] mesh='hands_naked.mesh' owner='hands_naked.mesh' frame=1597 nb=38 wext=82.3 rebound=1
  TIER1 rest-coherence: worst=87.3deg bone[33]='bone_L-middlefinger03.mesh' count(>5deg)=34 freshRecap=0  xcheck(invOff-vs-restW) worst=87.3deg bone[33]
  TIER2 joint-attach(PRIMARY): worst=66.34u bone[13]='bone_R-hand.mesh' parent[5] R=49.4 exactJoint=0.33u pairs=30  (palette-wide exactWorst=5.42u)
[HANDS_ATTACH] mesh='hands_naked.mesh' owner='hands_naked.mesh' frame=1600 nb=38 wext=79.4 rebound=1
  TIER1 rest-coherence: worst=87.3deg bone[33]='bone_L-middlefinger03.mesh' count(>5deg)=34 freshRecap=0  xcheck(invOff-vs-restW) worst=87.3deg bone[33]
  TIER2 joint-attach(PRIMARY): worst=35.30u bone[29]='bone_L-hand.mesh' parent[22] R=49.4 exactJoint=0.00u pairs=30  (palette-wide exactWorst=0.00u)
[HANDS_ATTACH] mesh='hands_naked.mesh' owner='hands_naked.mesh' frame=1606 nb=40 wext=60.2 rebound=1
  TIER1 rest-coherence: worst=42.6deg bone[30]='bone_L-middlefinger03.mesh' count(>5deg)=36 freshRecap=0  xcheck(invOff-vs-restW) worst=42.6deg bone[30]
  TIER2 joint-attach(PRIMARY): worst=27.27u bone[16]='bone_R-thumb01.mesh' parent[1] R=38.3 exactJoint=0.00u pairs=36  (palette-wide exactWorst=0.04u)
[HANDS_ATTACH] mesh='hands_naked.mesh' owner='hands_naked.mesh' frame=1610 nb=38 wext=79.5 rebound=1
  TIER1 rest-coherence: worst=87.3deg bone[33]='bone_L-middlefinger03.mesh' count(>5deg)=34 freshRecap=0  xcheck(invOff-vs-restW) worst=87.3deg bone[33]
  TIER2 joint-attach(PRIMARY): worst=35.30u bone[29]='bone_L-hand.mesh' parent[22] R=49.4 exactJoint=0.00u pairs=30  (palette-wide exactWorst=0.00u)
[HANDS_ATTACH] mesh='hands_naked.mesh' owner='hands_naked.mesh' frame=1617 nb=38 wext=82.3 rebound=1
  TIER1 rest-coherence: worst=87.3deg bone[33]='bone_L-middlefinger03.mesh' count(>5deg)=34 freshRecap=0  xcheck(invOff-vs-restW) worst=87.3deg bone[33]
  TIER2 joint-attach(PRIMARY): worst=66.34u bone[13]='bone_R-hand.mesh' parent[5] R=49.4 exactJoint=0.33u pairs=30  (palette-wide exactWorst=5.42u)
[HANDS_ATTACH] mesh='hands_naked.mesh' owner='hands_naked.mesh' frame=1620 nb=38 wext=80.3 rebound=1
  TIER1 rest-coherence: worst=87.3deg bone[33]='bone_L-middlefinger03.mesh' count(>5deg)=34 freshRecap=0  xcheck(invOff-vs-restW) worst=87.3deg bone[33]
  TIER2 joint-attach(PRIMARY): worst=35.30u bone[29]='bone_L-hand.mesh' parent[22] R=49.4 exactJoint=0.00u pairs=30  (palette-wide exactWorst=0.00u)
[HANDS_ATTACH] mesh='hands_naked.mesh' owner='hands_naked.mesh' frame=1626 nb=40 wext=60.2 rebound=1
  TIER1 rest-coherence: worst=42.6deg bone[30]='bone_L-middlefinger03.mesh' count(>5deg)=36 freshRecap=0  xcheck(invOff-vs-restW) worst=42.6deg bone[30]
  TIER2 joint-attach(PRIMARY): worst=27.27u bone[16]='bone_R-thumb01.mesh' parent[1] R=38.3 exactJoint=0.00u pairs=36  (palette-wide exactWorst=0.04u)
[HANDS_ATTACH] mesh='hands_naked.mesh' owner='hands_naked.mesh' frame=1630 nb=38 wext=79.1 rebound=1
  TIER1 rest-coherence: worst=87.3deg bone[33]='bone_L-middlefinger03.mesh' count(>5deg)=34 freshRecap=0  xcheck(invOff-vs-restW) worst=87.3deg bone[33]
  TIER2 joint-attach(PRIMARY): worst=40.05u bone[18]='bone_R-pinky02.mesh' parent[14] R=47.4 exactJoint=0.00u pairs=30  (palette-wide exactWorst=3.88u)
[HANDS_ATTACH] mesh='hands_naked.mesh' owner='hands_naked.mesh' frame=1637 nb=38 wext=82.3 rebound=1
  TIER1 rest-coherence: worst=87.3deg bone[33]='bone_L-middlefinger03.mesh' count(>5deg)=34 freshRecap=0  xcheck(invOff-vs-restW) worst=87.3deg bone[33]
  TIER2 joint-attach(PRIMARY): worst=66.34u bone[13]='bone_R-hand.mesh' parent[5] R=49.4 exactJoint=0.33u pairs=30  (palette-wide exactWorst=5.42u)
[HANDS_ATTACH] mesh='hands_naked.mesh' owner='hands_naked.mesh' frame=1640 nb=38 wext=76.6 rebound=1
  TIER1 rest-coherence: worst=87.3deg bone[33]='bone_L-middlefinger03.mesh' count(>5deg)=34 freshRecap=0  xcheck(invOff-vs-restW) worst=87.3deg bone[33]
  TIER2 joint-attach(PRIMARY): worst=45.03u bone[18]='bone_R-pinky02.mesh' parent[14] R=47.4 exactJoint=0.00u pairs=30  (palette-wide exactWorst=5.94u)
[HANDS_ATTACH] mesh='hands_naked.mesh' owner='hands_naked.mesh' frame=1646 nb=40 wext=60.2 rebound=1
  TIER1 rest-coherence: worst=42.6deg bone[30]='bone_L-middlefinger03.mesh' count(>5deg)=36 freshRecap=0  xcheck(invOff-vs-restW) worst=42.6deg bone[30]
  TIER2 joint-attach(PRIMARY): worst=27.27u bone[16]='bone_R-thumb01.mesh' parent[1] R=38.3 exactJoint=0.00u pairs=36  (palette-wide exactWorst=0.04u)
[HANDS_ATTACH] mesh='hands_naked.mesh' owner='hands_naked.mesh' frame=1650 nb=38 wext=73.1 rebound=1
  TIER1 rest-coherence: worst=87.3deg bone[33]='bone_L-middlefinger03.mesh' count(>5deg)=34 freshRecap=0  xcheck(invOff-vs-restW) worst=87.3deg bone[33]
  TIER2 joint-attach(PRIMARY): worst=47.81u bone[18]='bone_R-pinky02.mesh' parent[14] R=47.4 exactJoint=0.00u pairs=30  (palette-wide exactWorst=7.96u)
[HANDS_ATTACH] mesh='hands_naked.mesh' owner='hands_naked.mesh' frame=1657 nb=38 wext=82.3 rebound=1
  TIER1 rest-coherence: worst=87.3deg bone[33]='bone_L-middlefinger03.mesh' count(>5deg)=34 freshRecap=0  xcheck(invOff-vs-restW) worst=87.3deg bone[33]
  TIER2 joint-attach(PRIMARY): worst=66.34u bone[13]='bone_R-hand.mesh' parent[5] R=49.4 exactJoint=0.33u pairs=30  (palette-wide exactWorst=5.42u)
[HANDS_ATTACH] mesh='hands_naked.mesh' owner='hands_naked.mesh' frame=1660 nb=38 wext=70.3 rebound=1
  TIER1 rest-coherence: worst=87.3deg bone[33]='bone_L-middlefinger03.mesh' count(>5deg)=34 freshRecap=0  xcheck(invOff-vs-restW) worst=87.3deg bone[33]
  TIER2 joint-attach(PRIMARY): worst=52.21u bone[13]='bone_R-hand.mesh' parent[5] R=49.4 exactJoint=0.00u pairs=30  (palette-wide exactWorst=7.72u)
[HANDS_ATTACH] mesh='hands_naked.mesh' owner='hands_naked.mesh' frame=1666 nb=40 wext=60.2 rebound=1
  TIER1 rest-coherence: worst=42.6deg bone[30]='bone_L-middlefinger03.mesh' count(>5deg)=36 freshRecap=0  xcheck(invOff-vs-restW) worst=42.6deg bone[30]
  TIER2 joint-attach(PRIMARY): worst=27.27u bone[16]='bone_R-thumb01.mesh' parent[1] R=38.3 exactJoint=0.00u pairs=36  (palette-wide exactWorst=0.04u)
[HANDS_ATTACH] mesh='hands_naked.mesh' owner='hands_naked.mesh' frame=1670 nb=38 wext=68.6 rebound=1
  TIER1 rest-coherence: worst=87.3deg bone[33]='bone_L-middlefinger03.mesh' count(>5deg)=34 freshRecap=0  xcheck(invOff-vs-restW) worst=87.3deg bone[33]
  TIER2 joint-attach(PRIMARY): worst=60.02u bone[13]='bone_R-hand.mesh' parent[5] R=49.4 exactJoint=0.00u pairs=30  (palette-wide exactWorst=2.63u)
[HANDS_ATTACH] mesh='hands_naked.mesh' owner='hands_naked.mesh' frame=1677 nb=38 wext=82.3 rebound=1
  TIER1 rest-coherence: worst=87.3deg bone[33]='bone_L-middlefinger03.mesh' count(>5deg)=34 freshRecap=0  xcheck(invOff-vs-restW) worst=87.3deg bone[33]
  TIER2 joint-attach(PRIMARY): worst=66.34u bone[13]='bone_R-hand.mesh' parent[5] R=49.4 exactJoint=0.33u pairs=30  (palette-wide exactWorst=5.42u)
[HANDS_ATTACH] mesh='hands_naked.mesh' owner='hands_naked.mesh' frame=1680 nb=38 wext=66.7 rebound=1
  TIER1 rest-coherence: worst=87.3deg bone[33]='bone_L-middlefinger03.mesh' count(>5deg)=34 freshRecap=0  xcheck(invOff-vs-restW) worst=87.3deg bone[33]
  TIER2 joint-attach(PRIMARY): worst=68.10u bone[13]='bone_R-hand.mesh' parent[5] R=49.4 exactJoint=0.00u pairs=30  (palette-wide exactWorst=0.32u)
[HANDS_ATTACH] mesh='hands_naked.mesh' owner='hands_naked.mesh' frame=1686 nb=40 wext=60.2 rebound=1
  TIER1 rest-coherence: worst=42.6deg bone[30]='bone_L-middlefinger03.mesh' count(>5deg)=36 freshRecap=0  xcheck(invOff-vs-restW) worst=42.6deg bone[30]
  TIER2 joint-attach(PRIMARY): worst=27.27u bone[16]='bone_R-thumb01.mesh' parent[1] R=38.3 exactJoint=0.00u pairs=36  (palette-wide exactWorst=0.04u)
[HANDS_ATTACH] mesh='hands_naked.mesh' owner='hands_naked.mesh' frame=1690 nb=38 wext=67.7 rebound=1
  TIER1 rest-coherence: worst=87.3deg bone[33]='bone_L-middlefinger03.mesh' count(>5deg)=34 freshRecap=0  xcheck(invOff-vs-restW) worst=87.3deg bone[33]
  TIER2 joint-attach(PRIMARY): worst=74.16u bone[13]='bone_R-hand.mesh' parent[5] R=49.4 exactJoint=0.00u pairs=30  (palette-wide exactWorst=0.00u)
[HANDS_ATTACH] mesh='hands_naked.mesh' owner='hands_naked.mesh' frame=1697 nb=38 wext=82.3 rebound=1
  TIER1 rest-coherence: worst=87.3deg bone[33]='bone_L-middlefinger03.mesh' count(>5deg)=34 freshRecap=0  xcheck(invOff-vs-restW) worst=87.3deg bone[33]
  TIER2 joint-attach(PRIMARY): worst=66.34u bone[13]='bone_R-hand.mesh' parent[5] R=49.4 exactJoint=0.33u pairs=30  (palette-wide exactWorst=5.42u)
[HANDS_ATTACH] mesh='hands_naked.mesh' owner='hands_naked.mesh' frame=1700 nb=38 wext=68.6 rebound=1
  TIER1 rest-coherence: worst=87.3deg bone[33]='bone_L-middlefinger03.mesh' count(>5deg)=34 freshRecap=0  xcheck(invOff-vs-restW) worst=87.3deg bone[33]
  TIER2 joint-attach(PRIMARY): worst=80.37u bone[13]='bone_R-hand.mesh' parent[5] R=49.4 exactJoint=0.00u pairs=30  (palette-wide exactWorst=0.00u)
[HANDS_ATTACH] mesh='hands_naked.mesh' owner='hands_naked.mesh' frame=1706 nb=40 wext=60.2 rebound=1
  TIER1 rest-coherence: worst=42.6deg bone[30]='bone_L-middlefinger03.mesh' count(>5deg)=36 freshRecap=0  xcheck(invOff-vs-restW) worst=42.6deg bone[30]
  TIER2 joint-attach(PRIMARY): worst=27.27u bone[16]='bone_R-thumb01.mesh' parent[1] R=38.3 exactJoint=0.00u pairs=36  (palette-wide exactWorst=0.04u)
[HANDS_ATTACH] mesh='hands_naked.mesh' owner='hands_naked.mesh' frame=1710 nb=38 wext=71.2 rebound=1
  TIER1 rest-coherence: worst=87.3deg bone[33]='bone_L-middlefinger03.mesh' count(>5deg)=34 freshRecap=0  xcheck(invOff-vs-restW) worst=87.3deg bone[33]
  TIER2 joint-attach(PRIMARY): worst=85.80u bone[13]='bone_R-hand.mesh' parent[5] R=49.4 exactJoint=0.00u pairs=30  (palette-wide exactWorst=0.00u)
[HANDS_ATTACH] mesh='hands_naked.mesh' owner='hands_naked.mesh' frame=1717 nb=38 wext=82.3 rebound=1
  TIER1 rest-coherence: worst=87.3deg bone[33]='bone_L-middlefinger03.mesh' count(>5deg)=34 freshRecap=0  xcheck(invOff-vs-restW) worst=87.3deg bone[33]
  TIER2 joint-attach(PRIMARY): worst=66.34u bone[13]='bone_R-hand.mesh' parent[5] R=49.4 exactJoint=0.33u pairs=30  (palette-wide exactWorst=5.42u)
[HANDS_ATTACH] mesh='hands_naked.mesh' owner='hands_naked.mesh' frame=1722 nb=40 wext=62.9 rebound=1
  TIER1 rest-coherence: worst=42.6deg bone[30]='bone_L-middlefinger03.mesh' count(>5deg)=36 freshRecap=0  xcheck(invOff-vs-restW) worst=42.6deg bone[30]
  TIER2 joint-attach(PRIMARY): worst=30.06u bone[16]='bone_R-thumb01.mesh' parent[1] R=38.3 exactJoint=0.00u pairs=36  (palette-wide exactWorst=4.89u)
[HANDS_ATTACH] mesh='hands_naked.mesh' owner='hands_naked.mesh' frame=1722 nb=38 wext=74.7 rebound=1
  TIER1 rest-coherence: worst=87.3deg bone[33]='bone_L-middlefinger03.mesh' count(>5deg)=34 freshRecap=0  xcheck(invOff-vs-restW) worst=87.3deg bone[33]
  TIER2 joint-attach(PRIMARY): worst=91.89u bone[13]='bone_R-hand.mesh' parent[5] R=49.4 exactJoint=0.00u pairs=30  (palette-wide exactWorst=0.00u)
[HANDS_ATTACH] mesh='hands_naked.mesh' owner='hands_naked.mesh' frame=1732 nb=40 wext=62.8 rebound=1
  TIER1 rest-coherence: worst=42.6deg bone[30]='bone_L-middlefinger03.mesh' count(>5deg)=36 freshRecap=0  xcheck(invOff-vs-restW) worst=42.6deg bone[30]
  TIER2 joint-attach(PRIMARY): worst=30.06u bone[16]='bone_R-thumb01.mesh' parent[1] R=38.3 exactJoint=0.00u pairs=36  (palette-wide exactWorst=4.89u)
[HANDS_ATTACH] mesh='hands_naked.mesh' owner='hands_naked.mesh' frame=1737 nb=38 wext=82.3 rebound=1
  TIER1 rest-coherence: worst=87.3deg bone[33]='bone_L-middlefinger03.mesh' count(>5deg)=34 freshRecap=0  xcheck(invOff-vs-restW) worst=87.3deg bone[33]
  TIER2 joint-attach(PRIMARY): worst=66.34u bone[13]='bone_R-hand.mesh' parent[5] R=49.4 exactJoint=0.33u pairs=30  (palette-wide exactWorst=5.42u)
[HANDS_ATTACH] mesh='hands_naked.mesh' owner='hands_naked.mesh' frame=1742 nb=40 wext=62.9 rebound=1
  TIER1 rest-coherence: worst=42.6deg bone[30]='bone_L-middlefinger03.mesh' count(>5deg)=36 freshRecap=0  xcheck(invOff-vs-restW) worst=42.6deg bone[30]
  TIER2 joint-attach(PRIMARY): worst=30.06u bone[16]='bone_R-thumb01.mesh' parent[1] R=38.3 exactJoint=0.00u pairs=36  (palette-wide exactWorst=4.88u)
[HANDS_ATTACH] mesh='hands_naked.mesh' owner='hands_naked.mesh' frame=1742 nb=38 wext=75.8 rebound=1
  TIER1 rest-coherence: worst=87.3deg bone[33]='bone_L-middlefinger03.mesh' count(>5deg)=34 freshRecap=0  xcheck(invOff-vs-restW) worst=87.3deg bone[33]
  TIER2 joint-attach(PRIMARY): worst=95.00u bone[13]='bone_R-hand.mesh' parent[5] R=49.4 exactJoint=0.00u pairs=30  (palette-wide exactWorst=0.00u)
[HANDS_ATTACH] mesh='hands_naked.mesh' owner='hands_naked.mesh' frame=1752 nb=40 wext=62.9 rebound=1
  TIER1 rest-coherence: worst=42.6deg bone[30]='bone_L-middlefinger03.mesh' count(>5deg)=36 freshRecap=0  xcheck(invOff-vs-restW) worst=42.6deg bone[30]
  TIER2 joint-attach(PRIMARY): worst=30.06u bone[16]='bone_R-thumb01.mesh' parent[1] R=38.3 exactJoint=0.00u pairs=36  (palette-wide exactWorst=4.88u)
[HANDS_ATTACH] mesh='hands_naked.mesh' owner='hands_naked.mesh' frame=1757 nb=38 wext=82.3 rebound=1
  TIER1 rest-coherence: worst=87.3deg bone[33]='bone_L-middlefinger03.mesh' count(>5deg)=34 freshRecap=0  xcheck(invOff-vs-restW) worst=87.3deg bone[33]
  TIER2 joint-attach(PRIMARY): worst=66.34u bone[13]='bone_R-hand.mesh' parent[5] R=49.4 exactJoint=0.33u pairs=30  (palette-wide exactWorst=5.42u)
[HANDS_ATTACH] mesh='hands_naked.mesh' owner='hands_naked.mesh' frame=1762 nb=40 wext=63.2 rebound=1
  TIER1 rest-coherence: worst=42.6deg bone[30]='bone_L-middlefinger03.mesh' count(>5deg)=36 freshRecap=0  xcheck(invOff-vs-restW) worst=42.6deg bone[30]
  TIER2 joint-attach(PRIMARY): worst=30.06u bone[16]='bone_R-thumb01.mesh' parent[1] R=38.3 exactJoint=0.00u pairs=36  (palette-wide exactWorst=4.89u)
[HANDS_ATTACH] mesh='hands_naked.mesh' owner='hands_naked.mesh' frame=1762 nb=38 wext=75.8 rebound=1
  TIER1 rest-coherence: worst=87.3deg bone[33]='bone_L-middlefinger03.mesh' count(>5deg)=34 freshRecap=0  xcheck(invOff-vs-restW) worst=87.3deg bone[33]
  TIER2 joint-attach(PRIMARY): worst=95.00u bone[13]='bone_R-hand.mesh' parent[5] R=49.4 exactJoint=0.00u pairs=30  (palette-wide exactWorst=0.00u)
[HANDS_ATTACH] mesh='hands_naked.mesh' owner='hands_naked.mesh' frame=1772 nb=40 wext=63.9 rebound=1
  TIER1 rest-coherence: worst=42.6deg bone[30]='bone_L-middlefinger03.mesh' count(>5deg)=36 freshRecap=0  xcheck(invOff-vs-restW) worst=42.6deg bone[30]
  TIER2 joint-attach(PRIMARY): worst=30.06u bone[16]='bone_R-thumb01.mesh' parent[1] R=38.3 exactJoint=0.00u pairs=36  (palette-wide exactWorst=4.89u)
[HANDS_ATTACH] mesh='hands_naked.mesh' owner='hands_naked.mesh' frame=1777 nb=38 wext=82.3 rebound=1
  TIER1 rest-coherence: worst=87.3deg bone[33]='bone_L-middlefinger03.mesh' count(>5deg)=34 freshRecap=0  xcheck(invOff-vs-restW) worst=87.3deg bone[33]
  TIER2 joint-attach(PRIMARY): worst=66.34u bone[13]='bone_R-hand.mesh' parent[5] R=49.4 exactJoint=0.33u pairs=30  (palette-wide exactWorst=5.42u)
[HANDS_ATTACH] mesh='hands_naked.mesh' owner='hands_naked.mesh' frame=1782 nb=40 wext=64.6 rebound=1
  TIER1 rest-coherence: worst=42.6deg bone[30]='bone_L-middlefinger03.mesh' count(>5deg)=36 freshRecap=0  xcheck(invOff-vs-restW) worst=42.6deg bone[30]
  TIER2 joint-attach(PRIMARY): worst=30.06u bone[16]='bone_R-thumb01.mesh' parent[1] R=38.3 exactJoint=0.00u pairs=36  (palette-wide exactWorst=4.88u)
[HANDS_ATTACH] mesh='hands_naked.mesh' owner='hands_naked.mesh' frame=1782 nb=38 wext=75.8 rebound=1
  TIER1 rest-coherence: worst=87.3deg bone[33]='bone_L-middlefinger03.mesh' count(>5deg)=34 freshRecap=0  xcheck(invOff-vs-restW) worst=87.3deg bone[33]
  TIER2 joint-attach(PRIMARY): worst=95.00u bone[13]='bone_R-hand.mesh' parent[5] R=49.4 exactJoint=0.00u pairs=30  (palette-wide exactWorst=0.00u)
[HANDS_ATTACH] mesh='hands_naked.mesh' owner='hands_naked.mesh' frame=1792 nb=40 wext=65.3 rebound=1
  TIER1 rest-coherence: worst=42.6deg bone[30]='bone_L-middlefinger03.mesh' count(>5deg)=36 freshRecap=0  xcheck(invOff-vs-restW) worst=42.6deg bone[30]
  TIER2 joint-attach(PRIMARY): worst=30.06u bone[16]='bone_R-thumb01.mesh' parent[1] R=38.3 exactJoint=0.00u pairs=36  (palette-wide exactWorst=4.88u)
[HANDS_ATTACH] mesh='hands_naked.mesh' owner='hands_naked.mesh' frame=1797 nb=38 wext=82.3 rebound=1
  TIER1 rest-coherence: worst=87.3deg bone[33]='bone_L-middlefinger03.mesh' count(>5deg)=34 freshRecap=0  xcheck(invOff-vs-restW) worst=87.3deg bone[33]
  TIER2 joint-attach(PRIMARY): worst=66.34u bone[13]='bone_R-hand.mesh' parent[5] R=49.4 exactJoint=0.33u pairs=30  (palette-wide exactWorst=5.42u)
[HANDS_ATTACH] mesh='hands_naked.mesh' owner='hands_naked.mesh' frame=1802 nb=40 wext=65.8 rebound=1
  TIER1 rest-coherence: worst=42.6deg bone[30]='bone_L-middlefinger03.mesh' count(>5deg)=36 freshRecap=0  xcheck(invOff-vs-restW) worst=42.6deg bone[30]
  TIER2 joint-attach(PRIMARY): worst=30.06u bone[16]='bone_R-thumb01.mesh' parent[1] R=38.3 exactJoint=0.00u pairs=36  (palette-wide exactWorst=4.89u)
[HANDS_ATTACH] mesh='hands_naked.mesh' owner='hands_naked.mesh' frame=1802 nb=38 wext=75.8 rebound=1
  TIER1 rest-coherence: worst=87.3deg bone[33]='bone_L-middlefinger03.mesh' count(>5deg)=34 freshRecap=0  xcheck(invOff-vs-restW) worst=87.3deg bone[33]
  TIER2 joint-attach(PRIMARY): worst=95.00u bone[13]='bone_R-hand.mesh' parent[5] R=49.4 exactJoint=0.00u pairs=30  (palette-wide exactWorst=0.00u)
[HANDS_ATTACH] mesh='hands_naked.mesh' owner='hands_naked.mesh' frame=1812 nb=40 wext=66.0 rebound=1
  TIER1 rest-coherence: worst=42.6deg bone[30]='bone_L-middlefinger03.mesh' count(>5deg)=36 freshRecap=0  xcheck(invOff-vs-restW) worst=42.6deg bone[30]
  TIER2 joint-attach(PRIMARY): worst=30.06u bone[16]='bone_R-thumb01.mesh' parent[1] R=38.3 exactJoint=0.00u pairs=36  (palette-wide exactWorst=4.89u)
[HANDS_ATTACH] mesh='hands_naked.mesh' owner='hands_naked.mesh' frame=1817 nb=38 wext=82.3 rebound=1
  TIER1 rest-coherence: worst=87.3deg bone[33]='bone_L-middlefinger03.mesh' count(>5deg)=34 freshRecap=0  xcheck(invOff-vs-restW) worst=87.3deg bone[33]
  TIER2 joint-attach(PRIMARY): worst=66.34u bone[13]='bone_R-hand.mesh' parent[5] R=49.4 exactJoint=0.33u pairs=30  (palette-wide exactWorst=5.42u)
[HANDS_ATTACH] mesh='hands_naked.mesh' owner='hands_naked.mesh' frame=1822 nb=40 wext=66.5 rebound=1
  TIER1 rest-coherence: worst=42.6deg bone[30]='bone_L-middlefinger03.mesh' count(>5deg)=36 freshRecap=0  xcheck(invOff-vs-restW) worst=42.6deg bone[30]
  TIER2 joint-attach(PRIMARY): worst=30.06u bone[16]='bone_R-thumb01.mesh' parent[1] R=38.3 exactJoint=0.00u pairs=36  (palette-wide exactWorst=4.88u)
[HANDS_ATTACH] mesh='hands_naked.mesh' owner='hands_naked.mesh' frame=1822 nb=38 wext=75.8 rebound=1
  TIER1 rest-coherence: worst=87.3deg bone[33]='bone_L-middlefinger03.mesh' count(>5deg)=34 freshRecap=0  xcheck(invOff-vs-restW) worst=87.3deg bone[33]
  TIER2 joint-attach(PRIMARY): worst=95.00u bone[13]='bone_R-hand.mesh' parent[5] R=49.4 exactJoint=0.00u pairs=30  (palette-wide exactWorst=0.00u)
[HANDS_ATTACH] mesh='hands_naked.mesh' owner='hands_naked.mesh' frame=1832 nb=40 wext=67.0 rebound=1
  TIER1 rest-coherence: worst=42.6deg bone[30]='bone_L-middlefinger03.mesh' count(>5deg)=36 freshRecap=0  xcheck(invOff-vs-restW) worst=42.6deg bone[30]
  TIER2 joint-attach(PRIMARY): worst=30.06u bone[16]='bone_R-thumb01.mesh' parent[1] R=38.3 exactJoint=0.00u pairs=36  (palette-wide exactWorst=4.89u)
[HANDS_ATTACH] mesh='hands_naked.mesh' owner='hands_naked.mesh' frame=1837 nb=38 wext=82.3 rebound=1
  TIER1 rest-coherence: worst=87.3deg bone[33]='bone_L-middlefinger03.mesh' count(>5deg)=34 freshRecap=0  xcheck(invOff-vs-restW) worst=87.3deg bone[33]
  TIER2 joint-attach(PRIMARY): worst=66.34u bone[13]='bone_R-hand.mesh' parent[5] R=49.4 exactJoint=0.33u pairs=30  (palette-wide exactWorst=5.42u)
[HANDS_ATTACH] mesh='hands_naked.mesh' owner='hands_naked.mesh' frame=1842 nb=40 wext=67.0 rebound=1
  TIER1 rest-coherence: worst=42.6deg bone[30]='bone_L-middlefinger03.mesh' count(>5deg)=36 freshRecap=0  xcheck(invOff-vs-restW) worst=42.6deg bone[30]
  TIER2 joint-attach(PRIMARY): worst=30.06u bone[16]='bone_R-thumb01.mesh' parent[1] R=38.3 exactJoint=0.00u pairs=36  (palette-wide exactWorst=5.96u)
[HANDS_ATTACH] mesh='hands_naked.mesh' owner='hands_naked.mesh' frame=1842 nb=38 wext=75.8 rebound=1
  TIER1 rest-coherence: worst=87.3deg bone[33]='bone_L-middlefinger03.mesh' count(>5deg)=34 freshRecap=0  xcheck(invOff-vs-restW) worst=87.3deg bone[33]
  TIER2 joint-attach(PRIMARY): worst=95.00u bone[13]='bone_R-hand.mesh' parent[5] R=49.4 exactJoint=0.00u pairs=30  (palette-wide exactWorst=0.00u)
[HANDS_ATTACH] mesh='hands_naked.mesh' owner='hands_naked.mesh' frame=1852 nb=40 wext=70.2 rebound=1
  TIER1 rest-coherence: worst=42.6deg bone[30]='bone_L-middlefinger03.mesh' count(>5deg)=36 freshRecap=0  xcheck(invOff-vs-restW) worst=42.6deg bone[30]
  TIER2 joint-attach(PRIMARY): worst=30.06u bone[16]='bone_R-thumb01.mesh' parent[1] R=38.3 exactJoint=0.00u pairs=36  (palette-wide exactWorst=7.10u)
[HANDS_ATTACH] mesh='hands_naked.mesh' owner='hands_naked.mesh' frame=1857 nb=38 wext=82.3 rebound=1
  TIER1 rest-coherence: worst=87.3deg bone[33]='bone_L-middlefinger03.mesh' count(>5deg)=34 freshRecap=0  xcheck(invOff-vs-restW) worst=87.3deg bone[33]
  TIER2 joint-attach(PRIMARY): worst=66.34u bone[13]='bone_R-hand.mesh' parent[5] R=49.4 exactJoint=0.33u pairs=30  (palette-wide exactWorst=5.42u)
[HANDS_ATTACH] mesh='hands_naked.mesh' owner='hands_naked.mesh' frame=1862 nb=40 wext=67.9 rebound=1
  TIER1 rest-coherence: worst=42.6deg bone[30]='bone_L-middlefinger03.mesh' count(>5deg)=36 freshRecap=0  xcheck(invOff-vs-restW) worst=42.6deg bone[30]
  TIER2 joint-attach(PRIMARY): worst=30.06u bone[16]='bone_R-thumb01.mesh' parent[1] R=38.3 exactJoint=0.00u pairs=36  (palette-wide exactWorst=6.34u)
[HANDS_ATTACH] mesh='hands_naked.mesh' owner='hands_naked.mesh' frame=1862 nb=38 wext=75.8 rebound=1
  TIER1 rest-coherence: worst=87.3deg bone[33]='bone_L-middlefinger03.mesh' count(>5deg)=34 freshRecap=0  xcheck(invOff-vs-restW) worst=87.3deg bone[33]
  TIER2 joint-attach(PRIMARY): worst=95.00u bone[13]='bone_R-hand.mesh' parent[5] R=49.4 exactJoint=0.00u pairs=30  (palette-wide exactWorst=0.00u)
[HANDS_ATTACH] mesh='hands_naked.mesh' owner='hands_naked.mesh' frame=1872 nb=40 wext=67.6 rebound=1
  TIER1 rest-coherence: worst=42.6deg bone[30]='bone_L-middlefinger03.mesh' count(>5deg)=36 freshRecap=0  xcheck(invOff-vs-restW) worst=42.6deg bone[30]
  TIER2 joint-attach(PRIMARY): worst=30.06u bone[16]='bone_R-thumb01.mesh' parent[1] R=38.3 exactJoint=0.00u pairs=36  (palette-wide exactWorst=6.60u)
[HANDS_ATTACH] mesh='hands_naked.mesh' owner='hands_naked.mesh' frame=1877 nb=38 wext=82.3 rebound=1
  TIER1 rest-coherence: worst=87.3deg bone[33]='bone_L-middlefinger03.mesh' count(>5deg)=34 freshRecap=0  xcheck(invOff-vs-restW) worst=87.3deg bone[33]
  TIER2 joint-attach(PRIMARY): worst=66.34u bone[13]='bone_R-hand.mesh' parent[5] R=49.4 exactJoint=0.33u pairs=30  (palette-wide exactWorst=5.42u)
[HANDS_ATTACH] mesh='hands_naked.mesh' owner='hands_naked.mesh' frame=1882 nb=40 wext=69.1 rebound=1
  TIER1 rest-coherence: worst=42.6deg bone[30]='bone_L-middlefinger03.mesh' count(>5deg)=36 freshRecap=0  xcheck(invOff-vs-restW) worst=42.6deg bone[30]
  TIER2 joint-attach(PRIMARY): worst=30.06u bone[16]='bone_R-thumb01.mesh' parent[1] R=38.3 exactJoint=0.00u pairs=36  (palette-wide exactWorst=7.78u)
[HANDS_ATTACH] mesh='hands_naked.mesh' owner='hands_naked.mesh' frame=1882 nb=38 wext=75.8 rebound=1
  TIER1 rest-coherence: worst=87.3deg bone[33]='bone_L-middlefinger03.mesh' count(>5deg)=34 freshRecap=0  xcheck(invOff-vs-restW) worst=87.3deg bone[33]
  TIER2 joint-attach(PRIMARY): worst=95.00u bone[13]='bone_R-hand.mesh' parent[5] R=49.4 exactJoint=0.00u pairs=30  (palette-wide exactWorst=0.00u)
[HANDS_ATTACH] mesh='hands_naked.mesh' owner='hands_naked.mesh' frame=1892 nb=40 wext=67.9 rebound=1
  TIER1 rest-coherence: worst=42.6deg bone[30]='bone_L-middlefinger03.mesh' count(>5deg)=36 freshRecap=0  xcheck(invOff-vs-restW) worst=42.6deg bone[30]
  TIER2 joint-attach(PRIMARY): worst=30.06u bone[16]='bone_R-thumb01.mesh' parent[1] R=38.3 exactJoint=0.00u pairs=36  (palette-wide exactWorst=7.04u)
[HANDS_ATTACH] mesh='hands_naked.mesh' owner='hands_naked.mesh' frame=1897 nb=38 wext=82.3 rebound=1
  TIER1 rest-coherence: worst=87.3deg bone[33]='bone_L-middlefinger03.mesh' count(>5deg)=34 freshRecap=0  xcheck(invOff-vs-restW) worst=87.3deg bone[33]
  TIER2 joint-attach(PRIMARY): worst=66.34u bone[13]='bone_R-hand.mesh' parent[5] R=49.4 exactJoint=0.33u pairs=30  (palette-wide exactWorst=5.42u)
[HANDS_ATTACH] mesh='hands_naked.mesh' owner='hands_naked.mesh' frame=1902 nb=40 wext=67.8 rebound=1
  TIER1 rest-coherence: worst=42.6deg bone[30]='bone_L-middlefinger03.mesh' count(>5deg)=36 freshRecap=0  xcheck(invOff-vs-restW) worst=42.6deg bone[30]
  TIER2 joint-attach(PRIMARY): worst=30.06u bone[16]='bone_R-thumb01.mesh' parent[1] R=38.3 exactJoint=0.00u pairs=36  (palette-wide exactWorst=6.61u)
[HANDS_ATTACH] mesh='hands_naked.mesh' owner='hands_naked.mesh' frame=1902 nb=38 wext=75.8 rebound=1
  TIER1 rest-coherence: worst=87.3deg bone[33]='bone_L-middlefinger03.mesh' count(>5deg)=34 freshRecap=0  xcheck(invOff-vs-restW) worst=87.3deg bone[33]
  TIER2 joint-attach(PRIMARY): worst=95.00u bone[13]='bone_R-hand.mesh' parent[5] R=49.4 exactJoint=0.00u pairs=30  (palette-wide exactWorst=0.00u)
[HANDS_ATTACH] mesh='hands_naked.mesh' owner='hands_naked.mesh' frame=1912 nb=40 wext=69.3 rebound=1
  TIER1 rest-coherence: worst=42.6deg bone[30]='bone_L-middlefinger03.mesh' count(>5deg)=36 freshRecap=0  xcheck(invOff-vs-restW) worst=42.6deg bone[30]
  TIER2 joint-attach(PRIMARY): worst=30.06u bone[16]='bone_R-thumb01.mesh' parent[1] R=38.3 exactJoint=0.00u pairs=36  (palette-wide exactWorst=6.22u)
[HANDS_ATTACH] mesh='hands_naked.mesh' owner='hands_naked.mesh' frame=1917 nb=38 wext=82.3 rebound=1
  TIER1 rest-coherence: worst=87.3deg bone[33]='bone_L-middlefinger03.mesh' count(>5deg)=34 freshRecap=0  xcheck(invOff-vs-restW) worst=87.3deg bone[33]
  TIER2 joint-attach(PRIMARY): worst=66.34u bone[13]='bone_R-hand.mesh' parent[5] R=49.4 exactJoint=0.33u pairs=30  (palette-wide exactWorst=5.42u)
[HANDS_ATTACH] mesh='hands_naked.mesh' owner='hands_naked.mesh' frame=1922 nb=40 wext=69.9 rebound=1
  TIER1 rest-coherence: worst=42.6deg bone[30]='bone_L-middlefinger03.mesh' count(>5deg)=36 freshRecap=0  xcheck(invOff-vs-restW) worst=42.6deg bone[30]
  TIER2 joint-attach(PRIMARY): worst=30.06u bone[16]='bone_R-thumb01.mesh' parent[1] R=38.3 exactJoint=0.00u pairs=36  (palette-wide exactWorst=6.83u)
[HANDS_ATTACH] mesh='hands_naked.mesh' owner='hands_naked.mesh' frame=1922 nb=38 wext=75.8 rebound=1
  TIER1 rest-coherence: worst=87.3deg bone[33]='bone_L-middlefinger03.mesh' count(>5deg)=34 freshRecap=0  xcheck(invOff-vs-restW) worst=87.3deg bone[33]
  TIER2 joint-attach(PRIMARY): worst=95.00u bone[13]='bone_R-hand.mesh' parent[5] R=49.4 exactJoint=0.00u pairs=30  (palette-wide exactWorst=0.00u)
[HANDS_ATTACH] mesh='hands_naked.mesh' owner='hands_naked.mesh' frame=1932 nb=40 wext=66.5 rebound=1
  TIER1 rest-coherence: worst=42.6deg bone[30]='bone_L-middlefinger03.mesh' count(>5deg)=36 freshRecap=0  xcheck(invOff-vs-restW) worst=42.6deg bone[30]
  TIER2 joint-attach(PRIMARY): worst=30.06u bone[16]='bone_R-thumb01.mesh' parent[1] R=38.3 exactJoint=0.00u pairs=36  (palette-wide exactWorst=5.98u)
[HANDS_ATTACH] mesh='hands_naked.mesh' owner='hands_naked.mesh' frame=1937 nb=38 wext=82.3 rebound=1
  TIER1 rest-coherence: worst=87.3deg bone[33]='bone_L-middlefinger03.mesh' count(>5deg)=34 freshRecap=0  xcheck(invOff-vs-restW) worst=87.3deg bone[33]
  TIER2 joint-attach(PRIMARY): worst=66.34u bone[13]='bone_R-hand.mesh' parent[5] R=49.4 exactJoint=0.33u pairs=30  (palette-wide exactWorst=5.42u)
[HANDS_ATTACH] mesh='hands_naked.mesh' owner='hands_naked.mesh' frame=1942 nb=40 wext=66.3 rebound=1
  TIER1 rest-coherence: worst=42.6deg bone[30]='bone_L-middlefinger03.mesh' count(>5deg)=36 freshRecap=0  xcheck(invOff-vs-restW) worst=42.6deg bone[30]
  TIER2 joint-attach(PRIMARY): worst=30.06u bone[16]='bone_R-thumb01.mesh' parent[1] R=38.3 exactJoint=0.00u pairs=36  (palette-wide exactWorst=4.89u)
[HANDS_ATTACH] mesh='hands_naked.mesh' owner='hands_naked.mesh' frame=1942 nb=38 wext=75.8 rebound=1
  TIER1 rest-coherence: worst=87.3deg bone[33]='bone_L-middlefinger03.mesh' count(>5deg)=34 freshRecap=0  xcheck(invOff-vs-restW) worst=87.3deg bone[33]
  TIER2 joint-attach(PRIMARY): worst=95.00u bone[13]='bone_R-hand.mesh' parent[5] R=49.4 exactJoint=0.00u pairs=30  (palette-wide exactWorst=0.00u)
[HANDS_ATTACH] mesh='hands_naked.mesh' owner='hands_naked.mesh' frame=1952 nb=40 wext=65.9 rebound=1
  TIER1 rest-coherence: worst=42.6deg bone[30]='bone_L-middlefinger03.mesh' count(>5deg)=36 freshRecap=0  xcheck(invOff-vs-restW) worst=42.6deg bone[30]
  TIER2 joint-attach(PRIMARY): worst=30.06u bone[16]='bone_R-thumb01.mesh' parent[1] R=38.3 exactJoint=0.00u pairs=36  (palette-wide exactWorst=4.88u)
[HANDS_ATTACH] mesh='hands_naked.mesh' owner='hands_naked.mesh' frame=1957 nb=38 wext=82.3 rebound=1
  TIER1 rest-coherence: worst=87.3deg bone[33]='bone_L-middlefinger03.mesh' count(>5deg)=34 freshRecap=0  xcheck(invOff-vs-restW) worst=87.3deg bone[33]
  TIER2 joint-attach(PRIMARY): worst=66.34u bone[13]='bone_R-hand.mesh' parent[5] R=49.4 exactJoint=0.33u pairs=30  (palette-wide exactWorst=5.42u)
[HANDS_ATTACH] mesh='hands_naked.mesh' owner='hands_naked.mesh' frame=1962 nb=40 wext=65.5 rebound=1
  TIER1 rest-coherence: worst=42.6deg bone[30]='bone_L-middlefinger03.mesh' count(>5deg)=36 freshRecap=0  xcheck(invOff-vs-restW) worst=42.6deg bone[30]
  TIER2 joint-attach(PRIMARY): worst=30.06u bone[16]='bone_R-thumb01.mesh' parent[1] R=38.3 exactJoint=0.00u pairs=36  (palette-wide exactWorst=4.88u)
[HANDS_ATTACH] mesh='hands_naked.mesh' owner='hands_naked.mesh' frame=1962 nb=38 wext=75.8 rebound=1
  TIER1 rest-coherence: worst=87.3deg bone[33]='bone_L-middlefinger03.mesh' count(>5deg)=34 freshRecap=0  xcheck(invOff-vs-restW) worst=87.3deg bone[33]
  TIER2 joint-attach(PRIMARY): worst=95.00u bone[13]='bone_R-hand.mesh' parent[5] R=49.4 exactJoint=0.00u pairs=30  (palette-wide exactWorst=0.00u)
[HANDS_ATTACH] mesh='hands_naked.mesh' owner='hands_naked.mesh' frame=1972 nb=40 wext=65.1 rebound=1
  TIER1 rest-coherence: worst=42.6deg bone[30]='bone_L-middlefinger03.mesh' count(>5deg)=36 freshRecap=0  xcheck(invOff-vs-restW) worst=42.6deg bone[30]
  TIER2 joint-attach(PRIMARY): worst=30.06u bone[16]='bone_R-thumb01.mesh' parent[1] R=38.3 exactJoint=0.00u pairs=36  (palette-wide exactWorst=4.88u)
[HANDS_ATTACH] mesh='hands_naked.mesh' owner='hands_naked.mesh' frame=1977 nb=38 wext=82.3 rebound=1
  TIER1 rest-coherence: worst=87.3deg bone[33]='bone_L-middlefinger03.mesh' count(>5deg)=34 freshRecap=0  xcheck(invOff-vs-restW) worst=87.3deg bone[33]
  TIER2 joint-attach(PRIMARY): worst=66.34u bone[13]='bone_R-hand.mesh' parent[5] R=49.4 exactJoint=0.33u pairs=30  (palette-wide exactWorst=5.42u)
[HANDS_ATTACH] mesh='hands_naked.mesh' owner='hands_naked.mesh' frame=1982 nb=40 wext=64.7 rebound=1
  TIER1 rest-coherence: worst=42.6deg bone[30]='bone_L-middlefinger03.mesh' count(>5deg)=36 freshRecap=0  xcheck(invOff-vs-restW) worst=42.6deg bone[30]
  TIER2 joint-attach(PRIMARY): worst=30.06u bone[16]='bone_R-thumb01.mesh' parent[1] R=38.3 exactJoint=0.00u pairs=36  (palette-wide exactWorst=4.89u)
[HANDS_ATTACH] mesh='hands_naked.mesh' owner='hands_naked.mesh' frame=1982 nb=38 wext=75.8 rebound=1
  TIER1 rest-coherence: worst=87.3deg bone[33]='bone_L-middlefinger03.mesh' count(>5deg)=34 freshRecap=0  xcheck(invOff-vs-restW) worst=87.3deg bone[33]
  TIER2 joint-attach(PRIMARY): worst=95.00u bone[13]='bone_R-hand.mesh' parent[5] R=49.4 exactJoint=0.00u pairs=30  (palette-wide exactWorst=0.00u)
[HANDS_ATTACH] mesh='hands_naked.mesh' owner='hands_naked.mesh' frame=1992 nb=40 wext=64.4 rebound=1
  TIER1 rest-coherence: worst=42.6deg bone[30]='bone_L-middlefinger03.mesh' count(>5deg)=36 freshRecap=0  xcheck(invOff-vs-restW) worst=42.6deg bone[30]
  TIER2 joint-attach(PRIMARY): worst=30.06u bone[16]='bone_R-thumb01.mesh' parent[1] R=38.3 exactJoint=0.00u pairs=36  (palette-wide exactWorst=4.89u)
[HANDS_ATTACH] mesh='hands_naked.mesh' owner='hands_naked.mesh' frame=1997 nb=38 wext=82.3 rebound=1
  TIER1 rest-coherence: worst=87.3deg bone[33]='bone_L-middlefinger03.mesh' count(>5deg)=34 freshRecap=0  xcheck(invOff-vs-restW) worst=87.3deg bone[33]
  TIER2 joint-attach(PRIMARY): worst=66.34u bone[13]='bone_R-hand.mesh' parent[5] R=49.4 exactJoint=0.33u pairs=30  (palette-wide exactWorst=5.42u)
[HANDS_ATTACH] mesh='hands_naked.mesh' owner='hands_naked.mesh' frame=2002 nb=40 wext=63.9 rebound=1
  TIER1 rest-coherence: worst=42.6deg bone[30]='bone_L-middlefinger03.mesh' count(>5deg)=36 freshRecap=0  xcheck(invOff-vs-restW) worst=42.6deg bone[30]
  TIER2 joint-attach(PRIMARY): worst=30.06u bone[16]='bone_R-thumb01.mesh' parent[1] R=38.3 exactJoint=0.00u pairs=36  (palette-wide exactWorst=4.89u)
[HANDS_ATTACH] mesh='hands_naked.mesh' owner='hands_naked.mesh' frame=2002 nb=38 wext=75.8 rebound=1
  TIER1 rest-coherence: worst=87.3deg bone[33]='bone_L-middlefinger03.mesh' count(>5deg)=34 freshRecap=0  xcheck(invOff-vs-restW) worst=87.3deg bone[33]
  TIER2 joint-attach(PRIMARY): worst=95.00u bone[13]='bone_R-hand.mesh' parent[5] R=49.4 exactJoint=0.00u pairs=30  (palette-wide exactWorst=0.00u)
[HANDS_ATTACH] mesh='hands_naked.mesh' owner='hands_naked.mesh' frame=2012 nb=40 wext=63.1 rebound=1
  TIER1 rest-coherence: worst=42.6deg bone[30]='bone_L-middlefinger03.mesh' count(>5deg)=36 freshRecap=0  xcheck(invOff-vs-restW) worst=42.6deg bone[30]
  TIER2 joint-attach(PRIMARY): worst=30.06u bone[16]='bone_R-thumb01.mesh' parent[1] R=38.3 exactJoint=0.00u pairs=36  (palette-wide exactWorst=4.89u)
[HANDS_ATTACH] mesh='hands_naked.mesh' owner='hands_naked.mesh' frame=2017 nb=38 wext=82.3 rebound=1
  TIER1 rest-coherence: worst=87.3deg bone[33]='bone_L-middlefinger03.mesh' count(>5deg)=34 freshRecap=0  xcheck(invOff-vs-restW) worst=87.3deg bone[33]
  TIER2 joint-attach(PRIMARY): worst=66.34u bone[13]='bone_R-hand.mesh' parent[5] R=49.4 exactJoint=0.33u pairs=30  (palette-wide exactWorst=5.42u)
[HANDS_ATTACH] mesh='hands_naked.mesh' owner='hands_naked.mesh' frame=2022 nb=40 wext=62.8 rebound=1
  TIER1 rest-coherence: worst=42.6deg bone[30]='bone_L-middlefinger03.mesh' count(>5deg)=36 freshRecap=0  xcheck(invOff-vs-restW) worst=42.6deg bone[30]
  TIER2 joint-attach(PRIMARY): worst=30.06u bone[16]='bone_R-thumb01.mesh' parent[1] R=38.3 exactJoint=0.00u pairs=36  (palette-wide exactWorst=4.88u)
[HANDS_ATTACH] mesh='hands_naked.mesh' owner='hands_naked.mesh' frame=2022 nb=38 wext=75.8 rebound=1
  TIER1 rest-coherence: worst=87.3deg bone[33]='bone_L-middlefinger03.mesh' count(>5deg)=34 freshRecap=0  xcheck(invOff-vs-restW) worst=87.3deg bone[33]
  TIER2 joint-attach(PRIMARY): worst=95.00u bone[13]='bone_R-hand.mesh' parent[5] R=49.4 exactJoint=0.00u pairs=30  (palette-wide exactWorst=0.00u)
[HANDS_ATTACH] mesh='hands_naked.mesh' owner='hands_naked.mesh' frame=2032 nb=40 wext=61.1 rebound=1
  TIER1 rest-coherence: worst=42.6deg bone[30]='bone_L-middlefinger03.mesh' count(>5deg)=36 freshRecap=0  xcheck(invOff-vs-restW) worst=42.6deg bone[30]
  TIER2 joint-attach(PRIMARY): worst=30.06u bone[16]='bone_R-thumb01.mesh' parent[1] R=38.3 exactJoint=0.00u pairs=36  (palette-wide exactWorst=4.88u)
[HANDS_ATTACH] mesh='hands_naked.mesh' owner='hands_naked.mesh' frame=2037 nb=38 wext=82.3 rebound=1
  TIER1 rest-coherence: worst=87.3deg bone[33]='bone_L-middlefinger03.mesh' count(>5deg)=34 freshRecap=0  xcheck(invOff-vs-restW) worst=87.3deg bone[33]
  TIER2 joint-attach(PRIMARY): worst=66.34u bone[13]='bone_R-hand.mesh' parent[5] R=49.4 exactJoint=0.33u pairs=30  (palette-wide exactWorst=5.42u)
[HANDS_ATTACH] mesh='hands_naked.mesh' owner='hands_naked.mesh' frame=2042 nb=40 wext=58.4 rebound=1
  TIER1 rest-coherence: worst=42.6deg bone[30]='bone_L-middlefinger03.mesh' count(>5deg)=36 freshRecap=0  xcheck(invOff-vs-restW) worst=42.6deg bone[30]
  TIER2 joint-attach(PRIMARY): worst=30.06u bone[16]='bone_R-thumb01.mesh' parent[1] R=38.3 exactJoint=0.00u pairs=36  (palette-wide exactWorst=4.89u)
[HANDS_ATTACH] mesh='hands_naked.mesh' owner='hands_naked.mesh' frame=2042 nb=38 wext=75.8 rebound=1
  TIER1 rest-coherence: worst=87.3deg bone[33]='bone_L-middlefinger03.mesh' count(>5deg)=34 freshRecap=0  xcheck(invOff-vs-restW) worst=87.3deg bone[33]
  TIER2 joint-attach(PRIMARY): worst=95.00u bone[13]='bone_R-hand.mesh' parent[5] R=49.4 exactJoint=0.00u pairs=30  (palette-wide exactWorst=0.00u)
[HANDS_ATTACH] mesh='hands_naked.mesh' owner='hands_naked.mesh' frame=2052 nb=40 wext=55.9 rebound=1
  TIER1 rest-coherence: worst=42.6deg bone[30]='bone_L-middlefinger03.mesh' count(>5deg)=36 freshRecap=0  xcheck(invOff-vs-restW) worst=42.6deg bone[30]
  TIER2 joint-attach(PRIMARY): worst=30.06u bone[16]='bone_R-thumb01.mesh' parent[1] R=38.3 exactJoint=0.00u pairs=36  (palette-wide exactWorst=4.88u)
[HANDS_ATTACH] mesh='hands_naked.mesh' owner='hands_naked.mesh' frame=2057 nb=38 wext=82.3 rebound=1
  TIER1 rest-coherence: worst=87.3deg bone[33]='bone_L-middlefinger03.mesh' count(>5deg)=34 freshRecap=0  xcheck(invOff-vs-restW) worst=87.3deg bone[33]
  TIER2 joint-attach(PRIMARY): worst=66.34u bone[13]='bone_R-hand.mesh' parent[5] R=49.4 exactJoint=0.33u pairs=30  (palette-wide exactWorst=5.42u)
[LOADBIND_SUBDIR] member='player1' subdir='' storedFile='char/main/bass/telebass/telebass_resource.milo' storedEmpty=0 baseAct=0 -> act=kReplace overrode=1 noshim=0 bindfix=1 skelBearing=0 bindFixExempt=0
[LOADBIND_SUBDIR] member='player3' subdir='' storedFile='char/main/drum/ludvista/ludvista_small_club_resource.milo' storedEmpty=0 baseAct=0 -> act=kReplace overrode=1 noshim=0 bindfix=1 skelBearing=0 bindFixExempt=0
[LOADBIND_SUBDIR] member='player0' subdir='' storedFile='char/main/guitar/jp80/jp80_resource.milo' storedEmpty=0 baseAct=0 -> act=kReplace overrode=1 noshim=0 bindfix=1 skelBearing=0 bindFixExempt=0
[LOADBIND_SUBDIR] member='player2' subdir='' storedFile='char/char/main/shared/colorpalettes.milo' storedEmpty=0 baseAct=0 -> act=kReplace overrode=1 noshim=0 bindfix=1 skelBearing=0 bindFixExempt=0
[HANDS_ATTACH] mesh='hands_naked.mesh' owner='hands_naked.mesh' frame=2063 nb=38 wext=71.3 rebound=1
  TIER1 rest-coherence: worst=87.3deg bone[33]='bone_L-middlefinger03.mesh' count(>5deg)=34 freshRecap=0  xcheck(invOff-vs-restW) worst=87.3deg bone[33]
  TIER2 joint-attach(PRIMARY): worst=72.47u bone[18]='bone_R-pinky02.mesh' parent[14] R=47.4 exactJoint=1.01u pairs=30  (palette-wide exactWorst=10.02u)
[HANDS_ATTACH] mesh='hands_naked.mesh' owner='hands_naked.mesh' frame=2065 nb=40 wext=66.2 rebound=1
  TIER1 rest-coherence: worst=42.6deg bone[30]='bone_L-middlefinger03.mesh' count(>5deg)=36 freshRecap=0  xcheck(invOff-vs-restW) worst=42.6deg bone[30]
  TIER2 joint-attach(PRIMARY): worst=24.01u bone[22]='bone_L-index02.mesh' parent[27] R=36.5 exactJoint=0.00u pairs=36  (palette-wide exactWorst=7.09u)
[HANDS_ATTACH] mesh='hands_naked.mesh' owner='hands_naked.mesh' frame=2070 nb=38 wext=77.5 rebound=1
  TIER1 rest-coherence: worst=87.3deg bone[33]='bone_L-middlefinger03.mesh' count(>5deg)=34 freshRecap=0  xcheck(invOff-vs-restW) worst=87.3deg bone[33]
  TIER2 joint-attach(PRIMARY): worst=33.50u bone[2]='bone_R-pinky03.mesh' parent[18] R=47.1 exactJoint=0.00u pairs=30  (palette-wide exactWorst=0.33u)
[HANDS_ATTACH] mesh='hands_naked.mesh' owner='hands_naked.mesh' frame=2073 nb=38 wext=81.6 rebound=1
  TIER1 rest-coherence: worst=87.3deg bone[33]='bone_L-middlefinger03.mesh' count(>5deg)=34 freshRecap=0  xcheck(invOff-vs-restW) worst=87.3deg bone[33]
  TIER2 joint-attach(PRIMARY): worst=71.02u bone[18]='bone_R-pinky02.mesh' parent[14] R=47.4 exactJoint=2.44u pairs=30  (palette-wide exactWorst=10.36u)
[HANDS_ATTACH] mesh='hands_naked.mesh' owner='hands_naked.mesh' frame=2075 nb=40 wext=68.1 rebound=1
  TIER1 rest-coherence: worst=42.6deg bone[30]='bone_L-middlefinger03.mesh' count(>5deg)=36 freshRecap=0  xcheck(invOff-vs-restW) worst=42.6deg bone[30]
  TIER2 joint-attach(PRIMARY): worst=23.77u bone[22]='bone_L-index02.mesh' parent[27] R=36.5 exactJoint=0.00u pairs=36  (palette-wide exactWorst=7.09u)
[HANDS_ATTACH] mesh='hands_naked.mesh' owner='hands_naked.mesh' frame=2080 nb=38 wext=78.7 rebound=1
  TIER1 rest-coherence: worst=87.3deg bone[33]='bone_L-middlefinger03.mesh' count(>5deg)=34 freshRecap=0  xcheck(invOff-vs-restW) worst=87.3deg bone[33]
  TIER2 joint-attach(PRIMARY): worst=33.50u bone[2]='bone_R-pinky03.mesh' parent[18] R=47.1 exactJoint=0.00u pairs=30  (palette-wide exactWorst=0.33u)
[HANDS_ATTACH] mesh='hands_naked.mesh' owner='hands_naked.mesh' frame=2083 nb=38 wext=88.6 rebound=1
  TIER1 rest-coherence: worst=87.3deg bone[33]='bone_L-middlefinger03.mesh' count(>5deg)=34 freshRecap=0  xcheck(invOff-vs-restW) worst=87.3deg bone[33]
  TIER2 joint-attach(PRIMARY): worst=71.02u bone[18]='bone_R-pinky02.mesh' parent[14] R=47.4 exactJoint=2.44u pairs=30  (palette-wide exactWorst=10.36u)
[HANDS_ATTACH] mesh='hands_naked.mesh' owner='hands_naked.mesh' frame=2085 nb=40 wext=66.5 rebound=1
  TIER1 rest-coherence: worst=42.6deg bone[30]='bone_L-middlefinger03.mesh' count(>5deg)=36 freshRecap=0  xcheck(invOff-vs-restW) worst=42.6deg bone[30]
  TIER2 joint-attach(PRIMARY): worst=24.12u bone[22]='bone_L-index02.mesh' parent[27] R=36.5 exactJoint=0.00u pairs=36  (palette-wide exactWorst=7.09u)
[HANDS_ATTACH] mesh='hands_naked.mesh' owner='hands_naked.mesh' frame=2090 nb=38 wext=76.2 rebound=1
  TIER1 rest-coherence: worst=87.3deg bone[33]='bone_L-middlefinger03.mesh' count(>5deg)=34 freshRecap=0  xcheck(invOff-vs-restW) worst=87.3deg bone[33]
  TIER2 joint-attach(PRIMARY): worst=33.86u bone[13]='bone_R-hand.mesh' parent[5] R=49.4 exactJoint=0.33u pairs=30  (palette-wide exactWorst=0.33u)
[HANDS_ATTACH] mesh='hands_naked.mesh' owner='hands_naked.mesh' frame=2093 nb=38 wext=87.0 rebound=1
  TIER1 rest-coherence: worst=87.3deg bone[33]='bone_L-middlefinger03.mesh' count(>5deg)=34 freshRecap=0  xcheck(invOff-vs-restW) worst=87.3deg bone[33]
  TIER2 joint-attach(PRIMARY): worst=47.12u bone[29]='bone_L-hand.mesh' parent[22] R=49.4 exactJoint=0.00u pairs=30  (palette-wide exactWorst=0.00u)
[HANDS_ATTACH] mesh='hands_naked.mesh' owner='hands_naked.mesh' frame=2095 nb=40 wext=67.7 rebound=1
  TIER1 rest-coherence: worst=42.6deg bone[30]='bone_L-middlefinger03.mesh' count(>5deg)=36 freshRecap=0  xcheck(invOff-vs-restW) worst=42.6deg bone[30]
  TIER2 joint-attach(PRIMARY): worst=23.52u bone[22]='bone_L-index02.mesh' parent[27] R=36.5 exactJoint=0.00u pairs=36  (palette-wide exactWorst=7.09u)
[HANDS_ATTACH] mesh='hands_naked.mesh' owner='hands_naked.mesh' frame=2100 nb=38 wext=74.6 rebound=1
  TIER1 rest-coherence: worst=87.3deg bone[33]='bone_L-middlefinger03.mesh' count(>5deg)=34 freshRecap=0  xcheck(invOff-vs-restW) worst=87.3deg bone[33]
  TIER2 joint-attach(PRIMARY): worst=33.53u bone[1]='bone_R-middlefinger01.mesh' parent[13] R=48.2 exactJoint=0.00u pairs=30  (palette-wide exactWorst=0.33u)
[HANDS_ATTACH] mesh='hands_naked.mesh' owner='hands_naked.mesh' frame=2103 nb=38 wext=74.9 rebound=1
  TIER1 rest-coherence: worst=87.3deg bone[33]='bone_L-middlefinger03.mesh' count(>5deg)=34 freshRecap=0  xcheck(invOff-vs-restW) worst=87.3deg bone[33]
  TIER2 joint-attach(PRIMARY): worst=71.83u bone[29]='bone_L-hand.mesh' parent[22] R=49.4 exactJoint=0.00u pairs=30  (palette-wide exactWorst=0.00u)
[HANDS_ATTACH] mesh='hands_naked.mesh' owner='hands_naked.mesh' frame=2105 nb=40 wext=64.4 rebound=1
  TIER1 rest-coherence: worst=42.6deg bone[30]='bone_L-middlefinger03.mesh' count(>5deg)=36 freshRecap=0  xcheck(invOff-vs-restW) worst=42.6deg bone[30]
  TIER2 joint-attach(PRIMARY): worst=59.02u bone[23]='bone_R-ringfinger03.mesh' parent[5] R=37.5 exactJoint=0.00u pairs=36  (palette-wide exactWorst=7.09u)
[HANDS_ATTACH] mesh='hands_naked.mesh' owner='hands_naked.mesh' frame=2110 nb=38 wext=74.8 rebound=1
  TIER1 rest-coherence: worst=87.3deg bone[33]='bone_L-middlefinger03.mesh' count(>5deg)=34 freshRecap=0  xcheck(invOff-vs-restW) worst=87.3deg bone[33]
  TIER2 joint-attach(PRIMARY): worst=33.54u bone[1]='bone_R-middlefinger01.mesh' parent[13] R=48.2 exactJoint=0.00u pairs=30  (palette-wide exactWorst=0.33u)
[HANDS_ATTACH] mesh='hands_naked.mesh' owner='hands_naked.mesh' frame=2113 nb=38 wext=55.4 rebound=1
  TIER1 rest-coherence: worst=87.3deg bone[33]='bone_L-middlefinger03.mesh' count(>5deg)=34 freshRecap=0  xcheck(invOff-vs-restW) worst=87.3deg bone[33]
  TIER2 joint-attach(PRIMARY): worst=55.57u bone[29]='bone_L-hand.mesh' parent[22] R=49.4 exactJoint=0.00u pairs=30  (palette-wide exactWorst=0.00u)
[HANDS_ATTACH] mesh='hands_naked.mesh' owner='hands_naked.mesh' frame=2115 nb=40 wext=57.8 rebound=1
  TIER1 rest-coherence: worst=42.6deg bone[30]='bone_L-middlefinger03.mesh' count(>5deg)=36 freshRecap=0  xcheck(invOff-vs-restW) worst=42.6deg bone[30]
  TIER2 joint-attach(PRIMARY): worst=67.04u bone[23]='bone_R-ringfinger03.mesh' parent[5] R=37.5 exactJoint=0.24u pairs=36  (palette-wide exactWorst=7.30u)
[HANDS_ATTACH] mesh='hands_naked.mesh' owner='hands_naked.mesh' frame=2120 nb=38 wext=76.1 rebound=1
  TIER1 rest-coherence: worst=87.3deg bone[33]='bone_L-middlefinger03.mesh' count(>5deg)=34 freshRecap=0  xcheck(invOff-vs-restW) worst=87.3deg bone[33]
  TIER2 joint-attach(PRIMARY): worst=33.56u bone[1]='bone_R-middlefinger01.mesh' parent[13] R=48.2 exactJoint=0.00u pairs=30  (palette-wide exactWorst=0.33u)
[HANDS_ATTACH] mesh='hands_naked.mesh' owner='hands_naked.mesh' frame=2123 nb=38 wext=69.0 rebound=1
  TIER1 rest-coherence: worst=87.3deg bone[33]='bone_L-middlefinger03.mesh' count(>5deg)=34 freshRecap=0  xcheck(invOff-vs-restW) worst=87.3deg bone[33]
  TIER2 joint-attach(PRIMARY): worst=62.78u bone[29]='bone_L-hand.mesh' parent[22] R=49.4 exactJoint=0.00u pairs=30  (palette-wide exactWorst=0.00u)
[HANDS_ATTACH] mesh='hands_naked.mesh' owner='hands_naked.mesh' frame=2125 nb=40 wext=63.9 rebound=1
  TIER1 rest-coherence: worst=42.6deg bone[30]='bone_L-middlefinger03.mesh' count(>5deg)=36 freshRecap=0  xcheck(invOff-vs-restW) worst=42.6deg bone[30]
  TIER2 joint-attach(PRIMARY): worst=68.21u bone[23]='bone_R-ringfinger03.mesh' parent[5] R=37.5 exactJoint=0.30u pairs=36  (palette-wide exactWorst=7.35u)
[HANDS_ATTACH] mesh='hands_naked.mesh' owner='hands_naked.mesh' frame=2130 nb=38 wext=68.2 rebound=1
  TIER1 rest-coherence: worst=87.3deg bone[33]='bone_L-middlefinger03.mesh' count(>5deg)=34 freshRecap=0  xcheck(invOff-vs-restW) worst=87.3deg bone[33]
  TIER2 joint-attach(PRIMARY): worst=33.54u bone[1]='bone_R-middlefinger01.mesh' parent[13] R=48.2 exactJoint=0.00u pairs=30  (palette-wide exactWorst=0.33u)
[HANDS_ATTACH] mesh='hands_naked.mesh' owner='hands_naked.mesh' frame=2133 nb=38 wext=71.5 rebound=1
  TIER1 rest-coherence: worst=87.3deg bone[33]='bone_L-middlefinger03.mesh' count(>5deg)=34 freshRecap=0  xcheck(invOff-vs-restW) worst=87.3deg bone[33]
  TIER2 joint-attach(PRIMARY): worst=56.41u bone[29]='bone_L-hand.mesh' parent[22] R=49.4 exactJoint=0.00u pairs=30  (palette-wide exactWorst=0.00u)
[HANDS_ATTACH] mesh='hands_naked.mesh' owner='hands_naked.mesh' frame=2135 nb=40 wext=67.4 rebound=1
  TIER1 rest-coherence: worst=42.6deg bone[30]='bone_L-middlefinger03.mesh' count(>5deg)=36 freshRecap=0  xcheck(invOff-vs-restW) worst=42.6deg bone[30]
  TIER2 joint-attach(PRIMARY): worst=68.08u bone[23]='bone_R-ringfinger03.mesh' parent[5] R=37.5 exactJoint=0.34u pairs=36  (palette-wide exactWorst=7.36u)
[HANDS_ATTACH] mesh='hands_naked.mesh' owner='hands_naked.mesh' frame=2140 nb=38 wext=60.5 rebound=1
  TIER1 rest-coherence: worst=87.3deg bone[33]='bone_L-middlefinger03.mesh' count(>5deg)=34 freshRecap=0  xcheck(invOff-vs-restW) worst=87.3deg bone[33]
  TIER2 joint-attach(PRIMARY): worst=33.51u bone[1]='bone_R-middlefinger01.mesh' parent[13] R=48.2 exactJoint=0.00u pairs=30  (palette-wide exactWorst=0.33u)
[HANDS_ATTACH] mesh='hands_naked.mesh' owner='hands_naked.mesh' frame=2143 nb=38 wext=73.3 rebound=1
  TIER1 rest-coherence: worst=87.3deg bone[33]='bone_L-middlefinger03.mesh' count(>5deg)=34 freshRecap=0  xcheck(invOff-vs-restW) worst=87.3deg bone[33]
  TIER2 joint-attach(PRIMARY): worst=55.52u bone[29]='bone_L-hand.mesh' parent[22] R=49.4 exactJoint=0.00u pairs=30  (palette-wide exactWorst=0.00u)
[HANDS_ATTACH] mesh='hands_naked.mesh' owner='hands_naked.mesh' frame=2145 nb=40 wext=52.1 rebound=1
  TIER1 rest-coherence: worst=42.6deg bone[30]='bone_L-middlefinger03.mesh' count(>5deg)=36 freshRecap=0  xcheck(invOff-vs-restW) worst=42.6deg bone[30]
  TIER2 joint-attach(PRIMARY): worst=68.40u bone[23]='bone_R-ringfinger03.mesh' parent[5] R=37.5 exactJoint=0.27u pairs=36  (palette-wide exactWorst=7.35u)
[HANDS_ATTACH] mesh='hands_naked.mesh' owner='hands_naked.mesh' frame=2150 nb=38 wext=76.6 rebound=1
  TIER1 rest-coherence: worst=87.3deg bone[33]='bone_L-middlefinger03.mesh' count(>5deg)=34 freshRecap=0  xcheck(invOff-vs-restW) worst=87.3deg bone[33]
  TIER2 joint-attach(PRIMARY): worst=38.78u bone[13]='bone_R-hand.mesh' parent[5] R=49.4 exactJoint=0.33u pairs=30  (palette-wide exactWorst=0.33u)
[HANDS_ATTACH] mesh='hands_naked.mesh' owner='hands_naked.mesh' frame=2153 nb=38 wext=65.1 rebound=1
  TIER1 rest-coherence: worst=87.3deg bone[33]='bone_L-middlefinger03.mesh' count(>5deg)=34 freshRecap=0  xcheck(invOff-vs-restW) worst=87.3deg bone[33]
  TIER2 joint-attach(PRIMARY): worst=48.40u bone[29]='bone_L-hand.mesh' parent[22] R=49.4 exactJoint=0.00u pairs=30  (palette-wide exactWorst=0.00u)
[HANDS_ATTACH] mesh='hands_naked.mesh' owner='hands_naked.mesh' frame=2155 nb=40 wext=63.1 rebound=1
  TIER1 rest-coherence: worst=42.6deg bone[30]='bone_L-middlefinger03.mesh' count(>5deg)=36 freshRecap=0  xcheck(invOff-vs-restW) worst=42.6deg bone[30]
  TIER2 joint-attach(PRIMARY): worst=68.18u bone[23]='bone_R-ringfinger03.mesh' parent[5] R=37.5 exactJoint=0.32u pairs=36  (palette-wide exactWorst=7.35u)
[HANDS_ATTACH] mesh='hands_naked.mesh' owner='hands_naked.mesh' frame=2160 nb=38 wext=72.4 rebound=1
  TIER1 rest-coherence: worst=87.3deg bone[33]='bone_L-middlefinger03.mesh' count(>5deg)=34 freshRecap=0  xcheck(invOff-vs-restW) worst=87.3deg bone[33]
  TIER2 joint-attach(PRIMARY): worst=32.87u bone[26]='bone_L-middlefinger02.mesh' parent[23] R=47.1 exactJoint=0.00u pairs=30  (palette-wide exactWorst=4.34u)
[HANDS_ATTACH] mesh='hands_naked.mesh' owner='hands_naked.mesh' frame=2163 nb=38 wext=68.6 rebound=1
  TIER1 rest-coherence: worst=87.3deg bone[33]='bone_L-middlefinger03.mesh' count(>5deg)=34 freshRecap=0  xcheck(invOff-vs-restW) worst=87.3deg bone[33]
  TIER2 joint-attach(PRIMARY): worst=44.41u bone[29]='bone_L-hand.mesh' parent[22] R=49.4 exactJoint=0.00u pairs=30  (palette-wide exactWorst=0.00u)
[HANDS_ATTACH] mesh='hands_naked.mesh' owner='hands_naked.mesh' frame=2165 nb=40 wext=55.6 rebound=1
  TIER1 rest-coherence: worst=42.6deg bone[30]='bone_L-middlefinger03.mesh' count(>5deg)=36 freshRecap=0  xcheck(invOff-vs-restW) worst=42.6deg bone[30]
  TIER2 joint-attach(PRIMARY): worst=68.29u bone[23]='bone_R-ringfinger03.mesh' parent[5] R=37.5 exactJoint=0.30u pairs=36  (palette-wide exactWorst=7.35u)
[HANDS_ATTACH] mesh='hands_naked.mesh' owner='hands_naked.mesh' frame=2170 nb=38 wext=72.8 rebound=1
  TIER1 rest-coherence: worst=87.3deg bone[33]='bone_L-middlefinger03.mesh' count(>5deg)=34 freshRecap=0  xcheck(invOff-vs-restW) worst=87.3deg bone[33]
  TIER2 joint-attach(PRIMARY): worst=31.05u bone[26]='bone_L-middlefinger02.mesh' parent[23] R=47.1 exactJoint=0.00u pairs=30  (palette-wide exactWorst=2.95u)
[HANDS_ATTACH] mesh='hands_naked.mesh' owner='hands_naked.mesh' frame=2173 nb=38 wext=62.0 rebound=1
  TIER1 rest-coherence: worst=87.3deg bone[33]='bone_L-middlefinger03.mesh' count(>5deg)=34 freshRecap=0  xcheck(invOff-vs-restW) worst=87.3deg bone[33]
  TIER2 joint-attach(PRIMARY): worst=31.66u bone[33]='bone_L-middlefinger03.mesh' parent[26] R=47.0 exactJoint=0.00u pairs=30  (palette-wide exactWorst=0.00u)
[HANDS_ATTACH] mesh='hands_naked.mesh' owner='hands_naked.mesh' frame=2175 nb=40 wext=51.4 rebound=1
  TIER1 rest-coherence: worst=42.6deg bone[30]='bone_L-middlefinger03.mesh' count(>5deg)=36 freshRecap=0  xcheck(invOff-vs-restW) worst=42.6deg bone[30]
  TIER2 joint-attach(PRIMARY): worst=68.25u bone[23]='bone_R-ringfinger03.mesh' parent[5] R=37.5 exactJoint=0.32u pairs=36  (palette-wide exactWorst=7.35u)
[HANDS_ATTACH] mesh='hands_naked.mesh' owner='hands_naked.mesh' frame=2180 nb=38 wext=76.0 rebound=1
  TIER1 rest-coherence: worst=87.3deg bone[33]='bone_L-middlefinger03.mesh' count(>5deg)=34 freshRecap=0  xcheck(invOff-vs-restW) worst=87.3deg bone[33]
  TIER2 joint-attach(PRIMARY): worst=35.88u bone[18]='bone_R-pinky02.mesh' parent[14] R=47.4 exactJoint=0.00u pairs=30  (palette-wide exactWorst=0.33u)
[HANDS_ATTACH] mesh='hands_naked.mesh' owner='hands_naked.mesh' frame=2183 nb=38 wext=55.7 rebound=1
  TIER1 rest-coherence: worst=87.3deg bone[33]='bone_L-middlefinger03.mesh' count(>5deg)=34 freshRecap=0  xcheck(invOff-vs-restW) worst=87.3deg bone[33]
  TIER2 joint-attach(PRIMARY): worst=61.26u bone[18]='bone_R-pinky02.mesh' parent[14] R=47.4 exactJoint=0.00u pairs=30  (palette-wide exactWorst=6.92u)
[HANDS_ATTACH] mesh='hands_naked.mesh' owner='hands_naked.mesh' frame=2185 nb=40 wext=58.2 rebound=1
  TIER1 rest-coherence: worst=42.6deg bone[30]='bone_L-middlefinger03.mesh' count(>5deg)=36 freshRecap=0  xcheck(invOff-vs-restW) worst=42.6deg bone[30]
  TIER2 joint-attach(PRIMARY): worst=68.10u bone[23]='bone_R-ringfinger03.mesh' parent[5] R=37.5 exactJoint=0.34u pairs=36  (palette-wide exactWorst=7.36u)
[HANDS_ATTACH] mesh='hands_naked.mesh' owner='hands_naked.mesh' frame=2190 nb=38 wext=65.7 rebound=1
  TIER1 rest-coherence: worst=87.3deg bone[33]='bone_L-middlefinger03.mesh' count(>5deg)=34 freshRecap=0  xcheck(invOff-vs-restW) worst=87.3deg bone[33]
  TIER2 joint-attach(PRIMARY): worst=40.12u bone[29]='bone_L-hand.mesh' parent[22] R=49.4 exactJoint=0.14u pairs=30  (palette-wide exactWorst=0.33u)
[HANDS_ATTACH] mesh='hands_naked.mesh' owner='hands_naked.mesh' frame=2193 nb=38 wext=57.8 rebound=1
  TIER1 rest-coherence: worst=87.3deg bone[33]='bone_L-middlefinger03.mesh' count(>5deg)=34 freshRecap=0  xcheck(invOff-vs-restW) worst=87.3deg bone[33]
  TIER2 joint-attach(PRIMARY): worst=71.02u bone[18]='bone_R-pinky02.mesh' parent[14] R=47.4 exactJoint=2.44u pairs=30  (palette-wide exactWorst=10.36u)
[HANDS_ATTACH] mesh='hands_naked.mesh' owner='hands_naked.mesh' frame=2195 nb=40 wext=65.7 rebound=1
  TIER1 rest-coherence: worst=42.6deg bone[30]='bone_L-middlefinger03.mesh' count(>5deg)=36 freshRecap=0  xcheck(invOff-vs-restW) worst=42.6deg bone[30]
  TIER2 joint-attach(PRIMARY): worst=68.18u bone[23]='bone_R-ringfinger03.mesh' parent[5] R=37.5 exactJoint=0.31u pairs=36  (palette-wide exactWorst=7.35u)
[HANDS_ATTACH] mesh='hands_naked.mesh' owner='hands_naked.mesh' frame=2200 nb=38 wext=71.1 rebound=1
  TIER1 rest-coherence: worst=87.3deg bone[33]='bone_L-middlefinger03.mesh' count(>5deg)=34 freshRecap=0  xcheck(invOff-vs-restW) worst=87.3deg bone[33]
  TIER2 joint-attach(PRIMARY): worst=46.61u bone[13]='bone_R-hand.mesh' parent[5] R=49.4 exactJoint=0.33u pairs=30  (palette-wide exactWorst=4.25u)
[HANDS_ATTACH] mesh='hands_naked.mesh' owner='hands_naked.mesh' frame=2203 nb=38 wext=69.8 rebound=1
  TIER1 rest-coherence: worst=87.3deg bone[33]='bone_L-middlefinger03.mesh' count(>5deg)=34 freshRecap=0  xcheck(invOff-vs-restW) worst=87.3deg bone[33]
  TIER2 joint-attach(PRIMARY): worst=71.02u bone[18]='bone_R-pinky02.mesh' parent[14] R=47.4 exactJoint=2.44u pairs=30  (palette-wide exactWorst=10.36u)
[HANDS_ATTACH] mesh='hands_naked.mesh' owner='hands_naked.mesh' frame=2205 nb=40 wext=45.4 rebound=1
  TIER1 rest-coherence: worst=42.6deg bone[30]='bone_L-middlefinger03.mesh' count(>5deg)=36 freshRecap=0  xcheck(invOff-vs-restW) worst=42.6deg bone[30]
  TIER2 joint-attach(PRIMARY): worst=67.87u bone[23]='bone_R-ringfinger03.mesh' parent[5] R=37.5 exactJoint=0.38u pairs=36  (palette-wide exactWorst=7.37u)
[HANDS_ATTACH] mesh='hands_naked.mesh' owner='hands_naked.mesh' frame=2210 nb=38 wext=83.3 rebound=1
  TIER1 rest-coherence: worst=87.3deg bone[33]='bone_L-middlefinger03.mesh' count(>5deg)=34 freshRecap=0  xcheck(invOff-vs-restW) worst=87.3deg bone[33]
  TIER2 joint-attach(PRIMARY): worst=35.89u bone[18]='bone_R-pinky02.mesh' parent[14] R=47.4 exactJoint=0.00u pairs=30  (palette-wide exactWorst=4.73u)
[HANDS_ATTACH] mesh='hands_naked.mesh' owner='hands_naked.mesh' frame=2213 nb=38 wext=74.1 rebound=1
  TIER1 rest-coherence: worst=87.3deg bone[33]='bone_L-middlefinger03.mesh' count(>5deg)=34 freshRecap=0  xcheck(invOff-vs-restW) worst=87.3deg bone[33]
  TIER2 joint-attach(PRIMARY): worst=71.02u bone[18]='bone_R-pinky02.mesh' parent[14] R=47.4 exactJoint=2.44u pairs=30  (palette-wide exactWorst=10.36u)
[HANDS_ATTACH] mesh='hands_naked.mesh' owner='hands_naked.mesh' frame=2215 nb=40 wext=51.3 rebound=1
  TIER1 rest-coherence: worst=42.6deg bone[30]='bone_L-middlefinger03.mesh' count(>5deg)=36 freshRecap=0  xcheck(invOff-vs-restW) worst=42.6deg bone[30]
  TIER2 joint-attach(PRIMARY): worst=68.16u bone[23]='bone_R-ringfinger03.mesh' parent[5] R=37.5 exactJoint=0.32u pairs=36  (palette-wide exactWorst=7.35u)
[HANDS_ATTACH] mesh='hands_naked.mesh' owner='hands_naked.mesh' frame=2220 nb=38 wext=76.2 rebound=1
  TIER1 rest-coherence: worst=87.3deg bone[33]='bone_L-middlefinger03.mesh' count(>5deg)=34 freshRecap=0  xcheck(invOff-vs-restW) worst=87.3deg bone[33]
  TIER2 joint-attach(PRIMARY): worst=80.11u bone[13]='bone_R-hand.mesh' parent[5] R=49.4 exactJoint=0.33u pairs=30  (palette-wide exactWorst=4.76u)
[HANDS_ATTACH] mesh='hands_naked.mesh' owner='hands_naked.mesh' frame=2223 nb=38 wext=86.1 rebound=1
  TIER1 rest-coherence: worst=87.3deg bone[33]='bone_L-middlefinger03.mesh' count(>5deg)=34 freshRecap=0  xcheck(invOff-vs-restW) worst=87.3deg bone[33]
  TIER2 joint-attach(PRIMARY): worst=70.64u bone[18]='bone_R-pinky02.mesh' parent[14] R=47.4 exactJoint=0.00u pairs=30  (palette-wide exactWorst=9.31u)
[HANDS_ATTACH] mesh='hands_naked.mesh' owner='hands_naked.mesh' frame=2225 nb=40 wext=48.0 rebound=1
  TIER1 rest-coherence: worst=42.6deg bone[30]='bone_L-middlefinger03.mesh' count(>5deg)=36 freshRecap=0  xcheck(invOff-vs-restW) worst=42.6deg bone[30]
  TIER2 joint-attach(PRIMARY): worst=67.66u bone[23]='bone_R-ringfinger03.mesh' parent[5] R=37.5 exactJoint=0.41u pairs=36  (palette-wide exactWorst=7.36u)
[HANDS_ATTACH] mesh='hands_naked.mesh' owner='hands_naked.mesh' frame=2230 nb=38 wext=94.3 rebound=1
  TIER1 rest-coherence: worst=87.3deg bone[33]='bone_L-middlefinger03.mesh' count(>5deg)=34 freshRecap=0  xcheck(invOff-vs-restW) worst=87.3deg bone[33]
  TIER2 joint-attach(PRIMARY): worst=39.71u bone[13]='bone_R-hand.mesh' parent[5] R=49.4 exactJoint=0.33u pairs=30  (palette-wide exactWorst=4.79u)
[HANDS_ATTACH] mesh='hands_naked.mesh' owner='hands_naked.mesh' frame=2233 nb=38 wext=80.4 rebound=1
  TIER1 rest-coherence: worst=87.3deg bone[33]='bone_L-middlefinger03.mesh' count(>5deg)=34 freshRecap=0  xcheck(invOff-vs-restW) worst=87.3deg bone[33]
  TIER2 joint-attach(PRIMARY): worst=41.18u bone[13]='bone_R-hand.mesh' parent[5] R=49.4 exactJoint=0.00u pairs=30  (palette-wide exactWorst=0.00u)
[HANDS_ATTACH] mesh='hands_naked.mesh' owner='hands_naked.mesh' frame=2235 nb=40 wext=64.1 rebound=1
  TIER1 rest-coherence: worst=42.6deg bone[30]='bone_L-middlefinger03.mesh' count(>5deg)=36 freshRecap=0  xcheck(invOff-vs-restW) worst=42.6deg bone[30]
  TIER2 joint-attach(PRIMARY): worst=67.81u bone[23]='bone_R-ringfinger03.mesh' parent[5] R=37.5 exactJoint=0.39u pairs=36  (palette-wide exactWorst=7.35u)
[HANDS_ATTACH] mesh='hands_naked.mesh' owner='hands_naked.mesh' frame=2240 nb=38 wext=94.4 rebound=1
  TIER1 rest-coherence: worst=87.3deg bone[33]='bone_L-middlefinger03.mesh' count(>5deg)=34 freshRecap=0  xcheck(invOff-vs-restW) worst=87.3deg bone[33]
  TIER2 joint-attach(PRIMARY): worst=37.13u bone[13]='bone_R-hand.mesh' parent[5] R=49.4 exactJoint=0.33u pairs=30  (palette-wide exactWorst=4.80u)
[HANDS_ATTACH] mesh='hands_naked.mesh' owner='hands_naked.mesh' frame=2243 nb=38 wext=86.2 rebound=1
  TIER1 rest-coherence: worst=87.3deg bone[33]='bone_L-middlefinger03.mesh' count(>5deg)=34 freshRecap=0  xcheck(invOff-vs-restW) worst=87.3deg bone[33]
  TIER2 joint-attach(PRIMARY): worst=48.37u bone[13]='bone_R-hand.mesh' parent[5] R=49.4 exactJoint=0.00u pairs=30  (palette-wide exactWorst=0.00u)
[HANDS_ATTACH] mesh='hands_naked.mesh' owner='hands_naked.mesh' frame=2245 nb=40 wext=51.1 rebound=1
  TIER1 rest-coherence: worst=42.6deg bone[30]='bone_L-middlefinger03.mesh' count(>5deg)=36 freshRecap=0  xcheck(invOff-vs-restW) worst=42.6deg bone[30]
  TIER2 joint-attach(PRIMARY): worst=67.89u bone[23]='bone_R-ringfinger03.mesh' parent[5] R=37.5 exactJoint=0.37u pairs=36  (palette-wide exactWorst=7.36u)
[HANDS_ATTACH] mesh='hands_naked.mesh' owner='hands_naked.mesh' frame=2250 nb=38 wext=92.8 rebound=1
  TIER1 rest-coherence: worst=87.3deg bone[33]='bone_L-middlefinger03.mesh' count(>5deg)=34 freshRecap=0  xcheck(invOff-vs-restW) worst=87.3deg bone[33]
  TIER2 joint-attach(PRIMARY): worst=35.92u bone[18]='bone_R-pinky02.mesh' parent[14] R=47.4 exactJoint=0.00u pairs=30  (palette-wide exactWorst=4.80u)
[HANDS_ATTACH] mesh='hands_naked.mesh' owner='hands_naked.mesh' frame=2253 nb=38 wext=77.2 rebound=1
  TIER1 rest-coherence: worst=87.3deg bone[33]='bone_L-middlefinger03.mesh' count(>5deg)=34 freshRecap=0  xcheck(invOff-vs-restW) worst=87.3deg bone[33]
  TIER2 joint-attach(PRIMARY): worst=65.50u bone[13]='bone_R-hand.mesh' parent[5] R=49.4 exactJoint=0.00u pairs=30  (palette-wide exactWorst=2.00u)
[HANDS_ATTACH] mesh='hands_naked.mesh' owner='hands_naked.mesh' frame=2255 nb=40 wext=54.4 rebound=1
  TIER1 rest-coherence: worst=42.6deg bone[30]='bone_L-middlefinger03.mesh' count(>5deg)=36 freshRecap=0  xcheck(invOff-vs-restW) worst=42.6deg bone[30]
  TIER2 joint-attach(PRIMARY): worst=67.70u bone[23]='bone_R-ringfinger03.mesh' parent[5] R=37.5 exactJoint=0.42u pairs=36  (palette-wide exactWorst=7.37u)
[HANDS_ATTACH] mesh='hands_naked.mesh' owner='hands_naked.mesh' frame=2260 nb=38 wext=92.0 rebound=1
  TIER1 rest-coherence: worst=87.3deg bone[33]='bone_L-middlefinger03.mesh' count(>5deg)=34 freshRecap=0  xcheck(invOff-vs-restW) worst=87.3deg bone[33]
  TIER2 joint-attach(PRIMARY): worst=41.68u bone[13]='bone_R-hand.mesh' parent[5] R=49.4 exactJoint=0.33u pairs=30  (palette-wide exactWorst=4.78u)
[HANDS_ATTACH] mesh='hands_naked.mesh' owner='hands_naked.mesh' frame=2263 nb=38 wext=80.5 rebound=1
  TIER1 rest-coherence: worst=87.3deg bone[33]='bone_L-middlefinger03.mesh' count(>5deg)=34 freshRecap=0  xcheck(invOff-vs-restW) worst=87.3deg bone[33]
  TIER2 joint-attach(PRIMARY): worst=62.58u bone[13]='bone_R-hand.mesh' parent[5] R=49.4 exactJoint=0.00u pairs=30  (palette-wide exactWorst=5.50u)
[HANDS_ATTACH] mesh='hands_naked.mesh' owner='hands_naked.mesh' frame=2265 nb=40 wext=49.1 rebound=1
  TIER1 rest-coherence: worst=42.6deg bone[30]='bone_L-middlefinger03.mesh' count(>5deg)=36 freshRecap=0  xcheck(invOff-vs-restW) worst=42.6deg bone[30]
  TIER2 joint-attach(PRIMARY): worst=67.97u bone[23]='bone_R-ringfinger03.mesh' parent[5] R=37.5 exactJoint=0.36u pairs=36  (palette-wide exactWorst=7.35u)
[HANDS_ATTACH] mesh='hands_naked.mesh' owner='hands_naked.mesh' frame=2270 nb=38 wext=90.6 rebound=1
  TIER1 rest-coherence: worst=87.3deg bone[33]='bone_L-middlefinger03.mesh' count(>5deg)=34 freshRecap=0  xcheck(invOff-vs-restW) worst=87.3deg bone[33]
  TIER2 joint-attach(PRIMARY): worst=38.88u bone[13]='bone_R-hand.mesh' parent[5] R=49.4 exactJoint=0.33u pairs=30  (palette-wide exactWorst=4.78u)
[HANDS_ATTACH] mesh='hands_naked.mesh' owner='hands_naked.mesh' frame=2273 nb=38 wext=87.5 rebound=1
  TIER1 rest-coherence: worst=87.3deg bone[33]='bone_L-middlefinger03.mesh' count(>5deg)=34 freshRecap=0  xcheck(invOff-vs-restW) worst=87.3deg bone[33]
  TIER2 joint-attach(PRIMARY): worst=54.66u bone[9]='bone_R-thumb01.mesh' parent[13] R=48.5 exactJoint=0.00u pairs=30  (palette-wide exactWorst=0.00u)
[HANDS_ATTACH] mesh='hands_naked.mesh' owner='hands_naked.mesh' frame=2275 nb=40 wext=55.9 rebound=1
  TIER1 rest-coherence: worst=42.6deg bone[30]='bone_L-middlefinger03.mesh' count(>5deg)=36 freshRecap=0  xcheck(invOff-vs-restW) worst=42.6deg bone[30]
  TIER2 joint-attach(PRIMARY): worst=68.11u bone[23]='bone_R-ringfinger03.mesh' parent[5] R=37.5 exactJoint=0.34u pairs=36  (palette-wide exactWorst=7.35u)
[HANDS_ATTACH] mesh='hands_naked.mesh' owner='hands_naked.mesh' frame=2280 nb=38 wext=89.2 rebound=1
  TIER1 rest-coherence: worst=87.3deg bone[33]='bone_L-middlefinger03.mesh' count(>5deg)=34 freshRecap=0  xcheck(invOff-vs-restW) worst=87.3deg bone[33]
  TIER2 joint-attach(PRIMARY): worst=39.70u bone[13]='bone_R-hand.mesh' parent[5] R=49.4 exactJoint=0.33u pairs=30  (palette-wide exactWorst=4.78u)
[HANDS_ATTACH] mesh='hands_naked.mesh' owner='hands_naked.mesh' frame=2283 nb=38 wext=61.0 rebound=1
  TIER1 rest-coherence: worst=87.3deg bone[33]='bone_L-middlefinger03.mesh' count(>5deg)=34 freshRecap=0  xcheck(invOff-vs-restW) worst=87.3deg bone[33]
  TIER2 joint-attach(PRIMARY): worst=44.39u bone[13]='bone_R-hand.mesh' parent[5] R=49.4 exactJoint=0.00u pairs=30  (palette-wide exactWorst=2.00u)
[HANDS_ATTACH] mesh='hands_naked.mesh' owner='hands_naked.mesh' frame=2285 nb=40 wext=49.7 rebound=1
  TIER1 rest-coherence: worst=42.6deg bone[30]='bone_L-middlefinger03.mesh' count(>5deg)=36 freshRecap=0  xcheck(invOff-vs-restW) worst=42.6deg bone[30]
  TIER2 joint-attach(PRIMARY): worst=68.10u bone[23]='bone_R-ringfinger03.mesh' parent[5] R=37.5 exactJoint=0.33u pairs=36  (palette-wide exactWorst=7.35u)
[HANDS_ATTACH] mesh='hands_naked.mesh' owner='hands_naked.mesh' frame=2290 nb=38 wext=87.8 rebound=1
  TIER1 rest-coherence: worst=87.3deg bone[33]='bone_L-middlefinger03.mesh' count(>5deg)=34 freshRecap=0  xcheck(invOff-vs-restW) worst=87.3deg bone[33]
  TIER2 joint-attach(PRIMARY): worst=49.58u bone[13]='bone_R-hand.mesh' parent[5] R=49.4 exactJoint=0.33u pairs=30  (palette-wide exactWorst=4.78u)
[HANDS_ATTACH] mesh='hands_naked.mesh' owner='hands_naked.mesh' frame=2293 nb=38 wext=85.5 rebound=1
  TIER1 rest-coherence: worst=87.3deg bone[33]='bone_L-middlefinger03.mesh' count(>5deg)=34 freshRecap=0  xcheck(invOff-vs-restW) worst=87.3deg bone[33]
  TIER2 joint-attach(PRIMARY): worst=71.02u bone[18]='bone_R-pinky02.mesh' parent[14] R=47.4 exactJoint=2.44u pairs=30  (palette-wide exactWorst=10.36u)
[HANDS_ATTACH] mesh='hands_naked.mesh' owner='hands_naked.mesh' frame=2295 nb=40 wext=48.5 rebound=1
  TIER1 rest-coherence: worst=42.6deg bone[30]='bone_L-middlefinger03.mesh' count(>5deg)=36 freshRecap=0  xcheck(invOff-vs-restW) worst=42.6deg bone[30]
  TIER2 joint-attach(PRIMARY): worst=67.90u bone[23]='bone_R-ringfinger03.mesh' parent[5] R=37.5 exactJoint=0.39u pairs=36  (palette-wide exactWorst=7.36u)
[HANDS_ATTACH] mesh='hands_naked.mesh' owner='hands_naked.mesh' frame=2300 nb=38 wext=87.6 rebound=1
  TIER1 rest-coherence: worst=87.3deg bone[33]='bone_L-middlefinger03.mesh' count(>5deg)=34 freshRecap=0  xcheck(invOff-vs-restW) worst=87.3deg bone[33]
  TIER2 joint-attach(PRIMARY): worst=52.25u bone[13]='bone_R-hand.mesh' parent[5] R=49.4 exactJoint=0.33u pairs=30  (palette-wide exactWorst=4.79u)
[HANDS_ATTACH] mesh='hands_naked.mesh' owner='hands_naked.mesh' frame=2303 nb=38 wext=86.3 rebound=1
  TIER1 rest-coherence: worst=87.3deg bone[33]='bone_L-middlefinger03.mesh' count(>5deg)=34 freshRecap=0  xcheck(invOff-vs-restW) worst=87.3deg bone[33]
  TIER2 joint-attach(PRIMARY): worst=71.02u bone[18]='bone_R-pinky02.mesh' parent[14] R=47.4 exactJoint=2.44u pairs=30  (palette-wide exactWorst=10.36u)
[HANDS_ATTACH] mesh='hands_naked.mesh' owner='hands_naked.mesh' frame=2305 nb=40 wext=59.6 rebound=1
  TIER1 rest-coherence: worst=42.6deg bone[30]='bone_L-middlefinger03.mesh' count(>5deg)=36 freshRecap=0  xcheck(invOff-vs-restW) worst=42.6deg bone[30]
  TIER2 joint-attach(PRIMARY): worst=68.01u bone[23]='bone_R-ringfinger03.mesh' parent[5] R=37.5 exactJoint=0.36u pairs=36  (palette-wide exactWorst=7.35u)
[HANDS_ATTACH] mesh='hands_naked.mesh' owner='hands_naked.mesh' frame=2310 nb=38 wext=88.3 rebound=1
  TIER1 rest-coherence: worst=87.3deg bone[33]='bone_L-middlefinger03.mesh' count(>5deg)=34 freshRecap=0  xcheck(invOff-vs-restW) worst=87.3deg bone[33]
  TIER2 joint-attach(PRIMARY): worst=55.12u bone[13]='bone_R-hand.mesh' parent[5] R=49.4 exactJoint=0.33u pairs=30  (palette-wide exactWorst=4.81u)
[HANDS_ATTACH] mesh='hands_naked.mesh' owner='hands_naked.mesh' frame=2313 nb=38 wext=83.0 rebound=1
  TIER1 rest-coherence: worst=87.3deg bone[33]='bone_L-middlefinger03.mesh' count(>5deg)=34 freshRecap=0  xcheck(invOff-vs-restW) worst=87.3deg bone[33]
  TIER2 joint-attach(PRIMARY): worst=71.02u bone[18]='bone_R-pinky02.mesh' parent[14] R=47.4 exactJoint=2.44u pairs=30  (palette-wide exactWorst=10.36u)
[HANDS_ATTACH] mesh='hands_naked.mesh' owner='hands_naked.mesh' frame=2315 nb=40 wext=50.3 rebound=1
  TIER1 rest-coherence: worst=42.6deg bone[30]='bone_L-middlefinger03.mesh' count(>5deg)=36 freshRecap=0  xcheck(invOff-vs-restW) worst=42.6deg bone[30]
  TIER2 joint-attach(PRIMARY): worst=67.93u bone[23]='bone_R-ringfinger03.mesh' parent[5] R=37.5 exactJoint=0.37u pairs=36  (palette-wide exactWorst=7.35u)
[HANDS_ATTACH] mesh='hands_naked.mesh' owner='hands_naked.mesh' frame=2320 nb=38 wext=89.1 rebound=1
  TIER1 rest-coherence: worst=87.3deg bone[33]='bone_L-middlefinger03.mesh' count(>5deg)=34 freshRecap=0  xcheck(invOff-vs-restW) worst=87.3deg bone[33]
  TIER2 joint-attach(PRIMARY): worst=57.78u bone[13]='bone_R-hand.mesh' parent[5] R=49.4 exactJoint=0.33u pairs=30  (palette-wide exactWorst=4.81u)
[HANDS_ATTACH] mesh='hands_naked.mesh' owner='hands_naked.mesh' frame=2323 nb=38 wext=65.9 rebound=1
  TIER1 rest-coherence: worst=87.3deg bone[33]='bone_L-middlefinger03.mesh' count(>5deg)=34 freshRecap=0  xcheck(invOff-vs-restW) worst=87.3deg bone[33]
  TIER2 joint-attach(PRIMARY): worst=62.84u bone[29]='bone_L-hand.mesh' parent[22] R=49.4 exactJoint=0.00u pairs=30  (palette-wide exactWorst=0.00u)
[HANDS_ATTACH] mesh='hands_naked.mesh' owner='hands_naked.mesh' frame=2325 nb=40 wext=42.6 rebound=1
  TIER1 rest-coherence: worst=42.6deg bone[30]='bone_L-middlefinger03.mesh' count(>5deg)=36 freshRecap=0  xcheck(invOff-vs-restW) worst=42.6deg bone[30]
  TIER2 joint-attach(PRIMARY): worst=68.41u bone[23]='bone_R-ringfinger03.mesh' parent[5] R=37.5 exactJoint=0.32u pairs=36  (palette-wide exactWorst=7.34u)
[HANDS_ATTACH] mesh='hands_naked.mesh' owner='hands_naked.mesh' frame=2330 nb=38 wext=89.5 rebound=1
  TIER1 rest-coherence: worst=87.3deg bone[33]='bone_L-middlefinger03.mesh' count(>5deg)=34 freshRecap=0  xcheck(invOff-vs-restW) worst=87.3deg bone[33]
  TIER2 joint-attach(PRIMARY): worst=56.10u bone[13]='bone_R-hand.mesh' parent[5] R=49.4 exactJoint=0.33u pairs=30  (palette-wide exactWorst=4.81u)
[HANDS_ATTACH] mesh='hands_naked.mesh' owner='hands_naked.mesh' frame=2333 nb=38 wext=62.9 rebound=1
  TIER1 rest-coherence: worst=87.3deg bone[33]='bone_L-middlefinger03.mesh' count(>5deg)=34 freshRecap=0  xcheck(invOff-vs-restW) worst=87.3deg bone[33]
  TIER2 joint-attach(PRIMARY): worst=63.90u bone[29]='bone_L-hand.mesh' parent[22] R=49.4 exactJoint=0.00u pairs=30  (palette-wide exactWorst=0.00u)
[HANDS_ATTACH] mesh='hands_naked.mesh' owner='hands_naked.mesh' frame=2335 nb=40 wext=49.2 rebound=1
  TIER1 rest-coherence: worst=42.6deg bone[30]='bone_L-middlefinger03.mesh' count(>5deg)=36 freshRecap=0  xcheck(invOff-vs-restW) worst=42.6deg bone[30]
  TIER2 joint-attach(PRIMARY): worst=68.25u bone[23]='bone_R-ringfinger03.mesh' parent[5] R=37.5 exactJoint=0.35u pairs=36  (palette-wide exactWorst=7.34u)
[HANDS_ATTACH] mesh='hands_naked.mesh' owner='hands_naked.mesh' frame=2340 nb=38 wext=88.1 rebound=1
  TIER1 rest-coherence: worst=87.3deg bone[33]='bone_L-middlefinger03.mesh' count(>5deg)=34 freshRecap=0  xcheck(invOff-vs-restW) worst=87.3deg bone[33]
  TIER2 joint-attach(PRIMARY): worst=57.39u bone[13]='bone_R-hand.mesh' parent[5] R=49.4 exactJoint=0.33u pairs=30  (palette-wide exactWorst=4.81u)
[HANDS_ATTACH] mesh='hands_naked.mesh' owner='hands_naked.mesh' frame=2343 nb=38 wext=57.2 rebound=1
  TIER1 rest-coherence: worst=87.3deg bone[33]='bone_L-middlefinger03.mesh' count(>5deg)=34 freshRecap=0  xcheck(invOff-vs-restW) worst=87.3deg bone[33]
  TIER2 joint-attach(PRIMARY): worst=57.16u bone[29]='bone_L-hand.mesh' parent[22] R=49.4 exactJoint=0.00u pairs=30  (palette-wide exactWorst=0.00u)
[HANDS_ATTACH] mesh='hands_naked.mesh' owner='hands_naked.mesh' frame=2345 nb=40 wext=43.6 rebound=1
  TIER1 rest-coherence: worst=42.6deg bone[30]='bone_L-middlefinger03.mesh' count(>5deg)=36 freshRecap=0  xcheck(invOff-vs-restW) worst=42.6deg bone[30]
  TIER2 joint-attach(PRIMARY): worst=68.30u bone[23]='bone_R-ringfinger03.mesh' parent[5] R=37.5 exactJoint=0.35u pairs=36  (palette-wide exactWorst=7.34u)
[HANDS_ATTACH] mesh='hands_naked.mesh' owner='hands_naked.mesh' frame=2350 nb=38 wext=86.8 rebound=1
  TIER1 rest-coherence: worst=87.3deg bone[33]='bone_L-middlefinger03.mesh' count(>5deg)=34 freshRecap=0  xcheck(invOff-vs-restW) worst=87.3deg bone[33]
  TIER2 joint-attach(PRIMARY): worst=62.33u bone[13]='bone_R-hand.mesh' parent[5] R=49.4 exactJoint=0.33u pairs=30  (palette-wide exactWorst=4.80u)
[HANDS_ATTACH] mesh='hands_naked.mesh' owner='hands_naked.mesh' frame=2353 nb=38 wext=68.4 rebound=1
  TIER1 rest-coherence: worst=87.3deg bone[33]='bone_L-middlefinger03.mesh' count(>5deg)=34 freshRecap=0  xcheck(invOff-vs-restW) worst=87.3deg bone[33]
  TIER2 joint-attach(PRIMARY): worst=60.50u bone[29]='bone_L-hand.mesh' parent[22] R=49.4 exactJoint=0.00u pairs=30  (palette-wide exactWorst=0.00u)
[HANDS_ATTACH] mesh='hands_naked.mesh' owner='hands_naked.mesh' frame=2355 nb=40 wext=53.4 rebound=1
  TIER1 rest-coherence: worst=42.6deg bone[30]='bone_L-middlefinger03.mesh' count(>5deg)=36 freshRecap=0  xcheck(invOff-vs-restW) worst=42.6deg bone[30]
  TIER2 joint-attach(PRIMARY): worst=52.19u bone[13]='bone_R-pinky03.mesh' parent[9] R=37.9 exactJoint=0.00u pairs=36  (palette-wide exactWorst=8.14u)
[HANDS_ATTACH] mesh='hands_naked.mesh' owner='hands_naked.mesh' frame=2360 nb=38 wext=87.2 rebound=1
  TIER1 rest-coherence: worst=87.3deg bone[33]='bone_L-middlefinger03.mesh' count(>5deg)=34 freshRecap=0  xcheck(invOff-vs-restW) worst=87.3deg bone[33]
  TIER2 joint-attach(PRIMARY): worst=66.25u bone[13]='bone_R-hand.mesh' parent[5] R=49.4 exactJoint=0.33u pairs=30  (palette-wide exactWorst=4.80u)
[HANDS_ATTACH] mesh='hands_naked.mesh' owner='hands_naked.mesh' frame=2363 nb=38 wext=68.1 rebound=1
  TIER1 rest-coherence: worst=87.3deg bone[33]='bone_L-middlefinger03.mesh' count(>5deg)=34 freshRecap=0  xcheck(invOff-vs-restW) worst=87.3deg bone[33]
  TIER2 joint-attach(PRIMARY): worst=54.67u bone[29]='bone_L-hand.mesh' parent[22] R=49.4 exactJoint=0.00u pairs=30  (palette-wide exactWorst=0.00u)
[HANDS_ATTACH] mesh='hands_naked.mesh' owner='hands_naked.mesh' frame=2365 nb=40 wext=58.6 rebound=1
  TIER1 rest-coherence: worst=42.6deg bone[30]='bone_L-middlefinger03.mesh' count(>5deg)=36 freshRecap=0  xcheck(invOff-vs-restW) worst=42.6deg bone[30]
  TIER2 joint-attach(PRIMARY): worst=44.24u bone[4]='bone_R-middlefinger01.mesh' parent[1] R=38.2 exactJoint=0.00u pairs=36  (palette-wide exactWorst=8.55u)
[HANDS_ATTACH] mesh='hands_naked.mesh' owner='hands_naked.mesh' frame=2370 nb=38 wext=86.6 rebound=1
  TIER1 rest-coherence: worst=87.3deg bone[33]='bone_L-middlefinger03.mesh' count(>5deg)=34 freshRecap=0  xcheck(invOff-vs-restW) worst=87.3deg bone[33]
  TIER2 joint-attach(PRIMARY): worst=64.54u bone[13]='bone_R-hand.mesh' parent[5] R=49.4 exactJoint=0.33u pairs=30  (palette-wide exactWorst=4.78u)
[HANDS_ATTACH] mesh='hands_naked.mesh' owner='hands_naked.mesh' frame=2373 nb=38 wext=64.7 rebound=1
  TIER1 rest-coherence: worst=87.3deg bone[33]='bone_L-middlefinger03.mesh' count(>5deg)=34 freshRecap=0  xcheck(invOff-vs-restW) worst=87.3deg bone[33]
  TIER2 joint-attach(PRIMARY): worst=52.32u bone[29]='bone_L-hand.mesh' parent[22] R=49.4 exactJoint=0.00u pairs=30  (palette-wide exactWorst=0.00u)
[HANDS_ATTACH] mesh='hands_naked.mesh' owner='hands_naked.mesh' frame=2375 nb=40 wext=59.0 rebound=1
  TIER1 rest-coherence: worst=42.6deg bone[30]='bone_L-middlefinger03.mesh' count(>5deg)=36 freshRecap=0  xcheck(invOff-vs-restW) worst=42.6deg bone[30]
  TIER2 joint-attach(PRIMARY): worst=44.22u bone[4]='bone_R-middlefinger01.mesh' parent[1] R=38.2 exactJoint=0.00u pairs=36  (palette-wide exactWorst=8.54u)
[HANDS_ATTACH] mesh='hands_naked.mesh' owner='hands_naked.mesh' frame=2380 nb=38 wext=85.3 rebound=1
  TIER1 rest-coherence: worst=87.3deg bone[33]='bone_L-middlefinger03.mesh' count(>5deg)=34 freshRecap=0  xcheck(invOff-vs-restW) worst=87.3deg bone[33]
  TIER2 joint-attach(PRIMARY): worst=61.36u bone[13]='bone_R-hand.mesh' parent[5] R=49.4 exactJoint=0.33u pairs=30  (palette-wide exactWorst=4.78u)
[HANDS_ATTACH] mesh='hands_naked.mesh' owner='hands_naked.mesh' frame=2383 nb=38 wext=60.8 rebound=1
  TIER1 rest-coherence: worst=87.3deg bone[33]='bone_L-middlefinger03.mesh' count(>5deg)=34 freshRecap=0  xcheck(invOff-vs-restW) worst=87.3deg bone[33]
  TIER2 joint-attach(PRIMARY): worst=47.63u bone[29]='bone_L-hand.mesh' parent[22] R=49.4 exactJoint=0.00u pairs=30  (palette-wide exactWorst=0.00u)
[HANDS_ATTACH] mesh='hands_naked.mesh' owner='hands_naked.mesh' frame=2385 nb=40 wext=62.1 rebound=1
  TIER1 rest-coherence: worst=42.6deg bone[30]='bone_L-middlefinger03.mesh' count(>5deg)=36 freshRecap=0  xcheck(invOff-vs-restW) worst=42.6deg bone[30]
  TIER2 joint-attach(PRIMARY): worst=46.17u bone[24]='bone_R-ringfinger01.mesh' parent[21] R=38.6 exactJoint=3.54u pairs=36  (palette-wide exactWorst=8.09u)
[HANDS_ATTACH] mesh='hands_naked.mesh' owner='hands_naked.mesh' frame=2390 nb=38 wext=81.5 rebound=1
  TIER1 rest-coherence: worst=87.3deg bone[33]='bone_L-middlefinger03.mesh' count(>5deg)=34 freshRecap=0  xcheck(invOff-vs-restW) worst=87.3deg bone[33]
  TIER2 joint-attach(PRIMARY): worst=34.80u bone[18]='bone_R-pinky02.mesh' parent[14] R=47.4 exactJoint=0.00u pairs=30  (palette-wide exactWorst=4.30u)
[HANDS_ATTACH] mesh='hands_naked.mesh' owner='hands_naked.mesh' frame=2393 nb=38 wext=58.3 rebound=1
  TIER1 rest-coherence: worst=87.3deg bone[33]='bone_L-middlefinger03.mesh' count(>5deg)=34 freshRecap=0  xcheck(invOff-vs-restW) worst=87.3deg bone[33]
  TIER2 joint-attach(PRIMARY): worst=33.22u bone[29]='bone_L-hand.mesh' parent[22] R=49.4 exactJoint=0.00u pairs=30  (palette-wide exactWorst=0.00u)
[HANDS_ATTACH] mesh='hands_naked.mesh' owner='hands_naked.mesh' frame=2395 nb=40 wext=46.3 rebound=1
  TIER1 rest-coherence: worst=42.6deg bone[30]='bone_L-middlefinger03.mesh' count(>5deg)=36 freshRecap=0  xcheck(invOff-vs-restW) worst=42.6deg bone[30]
  TIER2 joint-attach(PRIMARY): worst=53.90u bone[16]='bone_R-thumb01.mesh' parent[1] R=38.3 exactJoint=0.00u pairs=36  (palette-wide exactWorst=5.46u)
[HANDS_ATTACH] mesh='hands_naked.mesh' owner='hands_naked.mesh' frame=2400 nb=38 wext=80.9 rebound=1
  TIER1 rest-coherence: worst=87.3deg bone[33]='bone_L-middlefinger03.mesh' count(>5deg)=34 freshRecap=0  xcheck(invOff-vs-restW) worst=87.3deg bone[33]
  TIER2 joint-attach(PRIMARY): worst=33.29u bone[18]='bone_R-pinky02.mesh' parent[14] R=47.4 exactJoint=0.00u pairs=30  (palette-wide exactWorst=3.45u)
[HANDS_ATTACH] mesh='hands_naked.mesh' owner='hands_naked.mesh' frame=2403 nb=38 wext=53.3 rebound=1
  TIER1 rest-coherence: worst=87.3deg bone[33]='bone_L-middlefinger03.mesh' count(>5deg)=34 freshRecap=0  xcheck(invOff-vs-restW) worst=87.3deg bone[33]
  TIER2 joint-attach(PRIMARY): worst=31.32u bone[33]='bone_L-middlefinger03.mesh' parent[26] R=47.0 exactJoint=0.16u pairs=30  (palette-wide exactWorst=0.16u)
[HANDS_ATTACH] mesh='hands_naked.mesh' owner='hands_naked.mesh' frame=2405 nb=40 wext=44.3 rebound=1
  TIER1 rest-coherence: worst=42.6deg bone[30]='bone_L-middlefinger03.mesh' count(>5deg)=36 freshRecap=0  xcheck(invOff-vs-restW) worst=42.6deg bone[30]
  TIER2 joint-attach(PRIMARY): worst=52.93u bone[16]='bone_R-thumb01.mesh' parent[1] R=38.3 exactJoint=2.22u pairs=36  (palette-wide exactWorst=5.46u)
[HANDS_ATTACH] mesh='hands_naked.mesh' owner='hands_naked.mesh' frame=2410 nb=38 wext=81.0 rebound=1
  TIER1 rest-coherence: worst=87.3deg bone[33]='bone_L-middlefinger03.mesh' count(>5deg)=34 freshRecap=0  xcheck(invOff-vs-restW) worst=87.3deg bone[33]
  TIER2 joint-attach(PRIMARY): worst=33.01u bone[18]='bone_R-pinky02.mesh' parent[14] R=47.4 exactJoint=0.00u pairs=30  (palette-wide exactWorst=3.30u)
[HANDS_ATTACH] mesh='hands_naked.mesh' owner='hands_naked.mesh' frame=2413 nb=38 wext=64.0 rebound=1
  TIER1 rest-coherence: worst=87.3deg bone[33]='bone_L-middlefinger03.mesh' count(>5deg)=34 freshRecap=0  xcheck(invOff-vs-restW) worst=87.3deg bone[33]
  TIER2 joint-attach(PRIMARY): worst=71.02u bone[18]='bone_R-pinky02.mesh' parent[14] R=47.4 exactJoint=2.44u pairs=30  (palette-wide exactWorst=10.36u)
[HANDS_ATTACH] mesh='hands_naked.mesh' owner='hands_naked.mesh' frame=2415 nb=40 wext=45.2 rebound=1
  TIER1 rest-coherence: worst=42.6deg bone[30]='bone_L-middlefinger03.mesh' count(>5deg)=36 freshRecap=0  xcheck(invOff-vs-restW) worst=42.6deg bone[30]
  TIER2 joint-attach(PRIMARY): worst=52.95u bone[16]='bone_R-thumb01.mesh' parent[1] R=38.3 exactJoint=2.22u pairs=36  (palette-wide exactWorst=5.46u)
[HANDS_ATTACH] mesh='hands_naked.mesh' owner='hands_naked.mesh' frame=2420 nb=38 wext=78.3 rebound=1
  TIER1 rest-coherence: worst=87.3deg bone[33]='bone_L-middlefinger03.mesh' count(>5deg)=34 freshRecap=0  xcheck(invOff-vs-restW) worst=87.3deg bone[33]
  TIER2 joint-attach(PRIMARY): worst=33.01u bone[18]='bone_R-pinky02.mesh' parent[14] R=47.4 exactJoint=0.00u pairs=30  (palette-wide exactWorst=3.68u)
[HANDS_ATTACH] mesh='hands_naked.mesh' owner='hands_naked.mesh' frame=2423 nb=38 wext=70.0 rebound=1
  TIER1 rest-coherence: worst=87.3deg bone[33]='bone_L-middlefinger03.mesh' count(>5deg)=34 freshRecap=0  xcheck(invOff-vs-restW) worst=87.3deg bone[33]
  TIER2 joint-attach(PRIMARY): worst=71.02u bone[18]='bone_R-pinky02.mesh' parent[14] R=47.4 exactJoint=2.44u pairs=30  (palette-wide exactWorst=10.36u)
[HANDS_ATTACH] mesh='hands_naked.mesh' owner='hands_naked.mesh' frame=2425 nb=40 wext=43.0 rebound=1
  TIER1 rest-coherence: worst=42.6deg bone[30]='bone_L-middlefinger03.mesh' count(>5deg)=36 freshRecap=0  xcheck(invOff-vs-restW) worst=42.6deg bone[30]
  TIER2 joint-attach(PRIMARY): worst=46.98u bone[16]='bone_R-thumb01.mesh' parent[1] R=38.3 exactJoint=0.00u pairs=36  (palette-wide exactWorst=5.46u)
[HANDS_ATTACH] mesh='hands_naked.mesh' owner='hands_naked.mesh' frame=2430 nb=38 wext=75.5 rebound=1
  TIER1 rest-coherence: worst=87.3deg bone[33]='bone_L-middlefinger03.mesh' count(>5deg)=34 freshRecap=0  xcheck(invOff-vs-restW) worst=87.3deg bone[33]
  TIER2 joint-attach(PRIMARY): worst=33.05u bone[26]='bone_L-middlefinger02.mesh' parent[23] R=47.1 exactJoint=0.00u pairs=30  (palette-wide exactWorst=4.04u)
[HANDS_ATTACH] mesh='hands_naked.mesh' owner='hands_naked.mesh' frame=2433 nb=38 wext=83.4 rebound=1
  TIER1 rest-coherence: worst=87.3deg bone[33]='bone_L-middlefinger03.mesh' count(>5deg)=34 freshRecap=0  xcheck(invOff-vs-restW) worst=87.3deg bone[33]
  TIER2 joint-attach(PRIMARY): worst=71.02u bone[18]='bone_R-pinky02.mesh' parent[14] R=47.4 exactJoint=2.44u pairs=30  (palette-wide exactWorst=10.36u)
[HANDS_ATTACH] mesh='hands_naked.mesh' owner='hands_naked.mesh' frame=2435 nb=40 wext=61.1 rebound=1
  TIER1 rest-coherence: worst=42.6deg bone[30]='bone_L-middlefinger03.mesh' count(>5deg)=36 freshRecap=0  xcheck(invOff-vs-restW) worst=42.6deg bone[30]
  TIER2 joint-attach(PRIMARY): worst=35.92u bone[14]='bone_R-pinky01.mesh' parent[11] R=39.0 exactJoint=0.00u pairs=36  (palette-wide exactWorst=5.46u)
[HANDS_ATTACH] mesh='hands_naked.mesh' owner='hands_naked.mesh' frame=2440 nb=38 wext=74.7 rebound=1
  TIER1 rest-coherence: worst=87.3deg bone[33]='bone_L-middlefinger03.mesh' count(>5deg)=34 freshRecap=0  xcheck(invOff-vs-restW) worst=87.3deg bone[33]
  TIER2 joint-attach(PRIMARY): worst=33.20u bone[26]='bone_L-middlefinger02.mesh' parent[23] R=47.1 exactJoint=0.00u pairs=30  (palette-wide exactWorst=4.26u)
[HANDS_ATTACH] mesh='hands_naked.mesh' owner='hands_naked.mesh' frame=2443 nb=38 wext=86.2 rebound=1
  TIER1 rest-coherence: worst=87.3deg bone[33]='bone_L-middlefinger03.mesh' count(>5deg)=34 freshRecap=0  xcheck(invOff-vs-restW) worst=87.3deg bone[33]
  TIER2 joint-attach(PRIMARY): worst=71.02u bone[18]='bone_R-pinky02.mesh' parent[14] R=47.4 exactJoint=2.44u pairs=30  (palette-wide exactWorst=10.36u)
[HANDS_ATTACH] mesh='hands_naked.mesh' owner='hands_naked.mesh' frame=2445 nb=40 wext=56.5 rebound=1
  TIER1 rest-coherence: worst=42.6deg bone[30]='bone_L-middlefinger03.mesh' count(>5deg)=36 freshRecap=0  xcheck(invOff-vs-restW) worst=42.6deg bone[30]
  TIER2 joint-attach(PRIMARY): worst=32.52u bone[14]='bone_R-pinky01.mesh' parent[11] R=39.0 exactJoint=0.00u pairs=36  (palette-wide exactWorst=5.46u)
[HANDS_ATTACH] mesh='hands_naked.mesh' owner='hands_naked.mesh' frame=2450 nb=38 wext=77.4 rebound=1
  TIER1 rest-coherence: worst=87.3deg bone[33]='bone_L-middlefinger03.mesh' count(>5deg)=34 freshRecap=0  xcheck(invOff-vs-restW) worst=87.3deg bone[33]
  TIER2 joint-attach(PRIMARY): worst=34.84u bone[13]='bone_R-hand.mesh' parent[5] R=49.4 exactJoint=0.33u pairs=30  (palette-wide exactWorst=4.35u)
[HANDS_ATTACH] mesh='hands_naked.mesh' owner='hands_naked.mesh' frame=2453 nb=38 wext=71.1 rebound=1
  TIER1 rest-coherence: worst=87.3deg bone[33]='bone_L-middlefinger03.mesh' count(>5deg)=34 freshRecap=0  xcheck(invOff-vs-restW) worst=87.3deg bone[33]
  TIER2 joint-attach(PRIMARY): worst=66.37u bone[18]='bone_R-pinky02.mesh' parent[14] R=47.4 exactJoint=0.00u pairs=30  (palette-wide exactWorst=8.31u)
[HANDS_ATTACH] mesh='hands_naked.mesh' owner='hands_naked.mesh' frame=2455 nb=40 wext=52.5 rebound=1
  TIER1 rest-coherence: worst=42.6deg bone[30]='bone_L-middlefinger03.mesh' count(>5deg)=36 freshRecap=0  xcheck(invOff-vs-restW) worst=42.6deg bone[30]
  TIER2 joint-attach(PRIMARY): worst=44.82u bone[9]='bone_R-pinky02.mesh' parent[14] R=38.4 exactJoint=0.00u pairs=36  (palette-wide exactWorst=5.46u)
[HANDS_ATTACH] mesh='hands_naked.mesh' owner='hands_naked.mesh' frame=2460 nb=38 wext=76.0 rebound=1
  TIER1 rest-coherence: worst=87.3deg bone[33]='bone_L-middlefinger03.mesh' count(>5deg)=34 freshRecap=0  xcheck(invOff-vs-restW) worst=87.3deg bone[33]
  TIER2 joint-attach(PRIMARY): worst=39.24u bone[13]='bone_R-hand.mesh' parent[5] R=49.4 exactJoint=0.33u pairs=30  (palette-wide exactWorst=4.25u)
[HANDS_ATTACH] mesh='hands_naked.mesh' owner='hands_naked.mesh' frame=2463 nb=38 wext=84.9 rebound=1
  TIER1 rest-coherence: worst=87.3deg bone[33]='bone_L-middlefinger03.mesh' count(>5deg)=34 freshRecap=0  xcheck(invOff-vs-restW) worst=87.3deg bone[33]
  TIER2 joint-attach(PRIMARY): worst=41.07u bone[13]='bone_R-hand.mesh' parent[5] R=49.4 exactJoint=0.00u pairs=30  (palette-wide exactWorst=0.00u)
[HANDS_ATTACH] mesh='hands_naked.mesh' owner='hands_naked.mesh' frame=2465 nb=40 wext=58.2 rebound=1
  TIER1 rest-coherence: worst=42.6deg bone[30]='bone_L-middlefinger03.mesh' count(>5deg)=36 freshRecap=0  xcheck(invOff-vs-restW) worst=42.6deg bone[30]
  TIER2 joint-attach(PRIMARY): worst=57.40u bone[9]='bone_R-pinky02.mesh' parent[14] R=38.4 exactJoint=0.00u pairs=36  (palette-wide exactWorst=5.46u)
[HANDS_ATTACH] mesh='hands_naked.mesh' owner='hands_naked.mesh' frame=2470 nb=38 wext=74.0 rebound=1
  TIER1 rest-coherence: worst=87.3deg bone[33]='bone_L-middlefinger03.mesh' count(>5deg)=34 freshRecap=0  xcheck(invOff-vs-restW) worst=87.3deg bone[33]
  TIER2 joint-attach(PRIMARY): worst=39.51u bone[13]='bone_R-hand.mesh' parent[5] R=49.4 exactJoint=0.33u pairs=30  (palette-wide exactWorst=3.56u)
[HANDS_ATTACH] mesh='hands_naked.mesh' owner='hands_naked.mesh' frame=2473 nb=38 wext=90.5 rebound=1
  TIER1 rest-coherence: worst=87.3deg bone[33]='bone_L-middlefinger03.mesh' count(>5deg)=34 freshRecap=0  xcheck(invOff-vs-restW) worst=87.3deg bone[33]
  TIER2 joint-attach(PRIMARY): worst=47.54u bone[13]='bone_R-hand.mesh' parent[5] R=49.4 exactJoint=0.00u pairs=30  (palette-wide exactWorst=0.00u)
[HANDS_ATTACH] mesh='hands_naked.mesh' owner='hands_naked.mesh' frame=2475 nb=40 wext=71.7 rebound=1
  TIER1 rest-coherence: worst=42.6deg bone[30]='bone_L-middlefinger03.mesh' count(>5deg)=36 freshRecap=0  xcheck(invOff-vs-restW) worst=42.6deg bone[30]
  TIER2 joint-attach(PRIMARY): worst=26.99u bone[12]='bone_L-middlefinger02.mesh' parent[25] R=37.3 exactJoint=0.20u pairs=36  (palette-wide exactWorst=5.46u)
[HANDS_ATTACH] mesh='hands_naked.mesh' owner='hands_naked.mesh' frame=2480 nb=38 wext=75.2 rebound=1
  TIER1 rest-coherence: worst=87.3deg bone[33]='bone_L-middlefinger03.mesh' count(>5deg)=34 freshRecap=0  xcheck(invOff-vs-restW) worst=87.3deg bone[33]
  TIER2 joint-attach(PRIMARY): worst=36.20u bone[13]='bone_R-hand.mesh' parent[5] R=49.4 exactJoint=0.33u pairs=30  (palette-wide exactWorst=3.14u)
[HANDS_ATTACH] mesh='hands_naked.mesh' owner='hands_naked.mesh' frame=2483 nb=38 wext=81.2 rebound=1
  TIER1 rest-coherence: worst=87.3deg bone[33]='bone_L-middlefinger03.mesh' count(>5deg)=34 freshRecap=0  xcheck(invOff-vs-restW) worst=87.3deg bone[33]
  TIER2 joint-attach(PRIMARY): worst=62.85u bone[13]='bone_R-hand.mesh' parent[5] R=49.4 exactJoint=0.00u pairs=30  (palette-wide exactWorst=7.45u)
[HANDS_ATTACH] mesh='hands_naked.mesh' owner='hands_naked.mesh' frame=2485 nb=40 wext=59.8 rebound=1
  TIER1 rest-coherence: worst=42.6deg bone[30]='bone_L-middlefinger03.mesh' count(>5deg)=36 freshRecap=0  xcheck(invOff-vs-restW) worst=42.6deg bone[30]
  TIER2 joint-attach(PRIMARY): worst=38.48u bone[16]='bone_R-thumb01.mesh' parent[1] R=38.3 exactJoint=0.00u pairs=36  (palette-wide exactWorst=5.46u)
[HANDS_ATTACH] mesh='hands_naked.mesh' owner='hands_naked.mesh' frame=2490 nb=38 wext=76.1 rebound=1
  TIER1 rest-coherence: worst=87.3deg bone[33]='bone_L-middlefinger03.mesh' count(>5deg)=34 freshRecap=0  xcheck(invOff-vs-restW) worst=87.3deg bone[33]
  TIER2 joint-attach(PRIMARY): worst=34.60u bone[13]='bone_R-hand.mesh' parent[5] R=49.4 exactJoint=0.33u pairs=30  (palette-wide exactWorst=3.15u)
[HANDS_ATTACH] mesh='hands_naked.mesh' owner='hands_naked.mesh' frame=2493 nb=38 wext=73.6 rebound=1
  TIER1 rest-coherence: worst=87.3deg bone[33]='bone_L-middlefinger03.mesh' count(>5deg)=34 freshRecap=0  xcheck(invOff-vs-restW) worst=87.3deg bone[33]
  TIER2 joint-attach(PRIMARY): worst=65.56u bone[13]='bone_R-hand.mesh' parent[5] R=49.4 exactJoint=0.00u pairs=30  (palette-wide exactWorst=5.50u)
[HANDS_ATTACH] mesh='hands_naked.mesh' owner='hands_naked.mesh' frame=2495 nb=40 wext=46.5 rebound=1
  TIER1 rest-coherence: worst=42.6deg bone[30]='bone_L-middlefinger03.mesh' count(>5deg)=36 freshRecap=0  xcheck(invOff-vs-restW) worst=42.6deg bone[30]
  TIER2 joint-attach(PRIMARY): worst=52.59u bone[16]='bone_R-thumb01.mesh' parent[1] R=38.3 exactJoint=2.60u pairs=36  (palette-wide exactWorst=5.46u)
[HANDS_ATTACH] mesh='hands_naked.mesh' owner='hands_naked.mesh' frame=2500 nb=38 wext=75.7 rebound=1
  TIER1 rest-coherence: worst=87.3deg bone[33]='bone_L-middlefinger03.mesh' count(>5deg)=34 freshRecap=0  xcheck(invOff-vs-restW) worst=87.3deg bone[33]
  TIER2 joint-attach(PRIMARY): worst=33.00u bone[18]='bone_R-pinky02.mesh' parent[14] R=47.4 exactJoint=0.00u pairs=30  (palette-wide exactWorst=3.26u)
[HANDS_ATTACH] mesh='hands_naked.mesh' owner='hands_naked.mesh' frame=2503 nb=38 wext=86.1 rebound=1
  TIER1 rest-coherence: worst=87.3deg bone[33]='bone_L-middlefinger03.mesh' count(>5deg)=34 freshRecap=0  xcheck(invOff-vs-restW) worst=87.3deg bone[33]
  TIER2 joint-attach(PRIMARY): worst=51.98u bone[9]='bone_R-thumb01.mesh' parent[13] R=48.5 exactJoint=0.00u pairs=30  (palette-wide exactWorst=0.00u)
[HANDS_ATTACH] mesh='hands_naked.mesh' owner='hands_naked.mesh' frame=2505 nb=40 wext=55.3 rebound=1
  TIER1 rest-coherence: worst=42.6deg bone[30]='bone_L-middlefinger03.mesh' count(>5deg)=36 freshRecap=0  xcheck(invOff-vs-restW) worst=42.6deg bone[30]
  TIER2 joint-attach(PRIMARY): worst=44.88u bone[16]='bone_R-thumb01.mesh' parent[1] R=38.3 exactJoint=0.00u pairs=36  (palette-wide exactWorst=5.46u)
[HANDS_ATTACH] mesh='hands_naked.mesh' owner='hands_naked.mesh' frame=2510 nb=38 wext=77.0 rebound=1
  TIER1 rest-coherence: worst=87.3deg bone[33]='bone_L-middlefinger03.mesh' count(>5deg)=34 freshRecap=0  xcheck(invOff-vs-restW) worst=87.3deg bone[33]
  TIER2 joint-attach(PRIMARY): worst=32.97u bone[18]='bone_R-pinky02.mesh' parent[14] R=47.4 exactJoint=0.00u pairs=30  (palette-wide exactWorst=3.35u)
[HANDS_ATTACH] mesh='hands_naked.mesh' owner='hands_naked.mesh' frame=2513 nb=38 wext=67.4 rebound=1
  TIER1 rest-coherence: worst=87.3deg bone[33]='bone_L-middlefinger03.mesh' count(>5deg)=34 freshRecap=0  xcheck(invOff-vs-restW) worst=87.3deg bone[33]
  TIER2 joint-attach(PRIMARY): worst=50.20u bone[13]='bone_R-hand.mesh' parent[5] R=49.4 exactJoint=0.00u pairs=30  (palette-wide exactWorst=2.00u)
[HANDS_ATTACH] mesh='hands_naked.mesh' owner='hands_naked.mesh' frame=2515 nb=40 wext=52.4 rebound=1
  TIER1 rest-coherence: worst=42.6deg bone[30]='bone_L-middlefinger03.mesh' count(>5deg)=36 freshRecap=0  xcheck(invOff-vs-restW) worst=42.6deg bone[30]
  TIER2 joint-attach(PRIMARY): worst=44.19u bone[4]='bone_R-middlefinger01.mesh' parent[1] R=38.2 exactJoint=0.00u pairs=36  (palette-wide exactWorst=6.67u)
[HANDS_ATTACH] mesh='hands_naked.mesh' owner='hands_naked.mesh' frame=2520 nb=38 wext=75.4 rebound=1
  TIER1 rest-coherence: worst=87.3deg bone[33]='bone_L-middlefinger03.mesh' count(>5deg)=34 freshRecap=0  xcheck(invOff-vs-restW) worst=87.3deg bone[33]
  TIER2 joint-attach(PRIMARY): worst=33.34u bone[13]='bone_R-hand.mesh' parent[5] R=49.4 exactJoint=0.33u pairs=30  (palette-wide exactWorst=3.59u)
[HANDS_ATTACH] mesh='hands_naked.mesh' owner='hands_naked.mesh' frame=2523 nb=38 wext=90.5 rebound=1
  TIER1 rest-coherence: worst=87.3deg bone[33]='bone_L-middlefinger03.mesh' count(>5deg)=34 freshRecap=0  xcheck(invOff-vs-restW) worst=87.3deg bone[33]
  TIER2 joint-attach(PRIMARY): worst=71.02u bone[18]='bone_R-pinky02.mesh' parent[14] R=47.4 exactJoint=2.44u pairs=30  (palette-wide exactWorst=10.36u)
[HANDS_ATTACH] mesh='hands_naked.mesh' owner='hands_naked.mesh' frame=2525 nb=40 wext=67.1 rebound=1
  TIER1 rest-coherence: worst=42.6deg bone[30]='bone_L-middlefinger03.mesh' count(>5deg)=36 freshRecap=0  xcheck(invOff-vs-restW) worst=42.6deg bone[30]
  TIER2 joint-attach(PRIMARY): worst=29.49u bone[4]='bone_R-middlefinger01.mesh' parent[1] R=38.2 exactJoint=0.00u pairs=36  (palette-wide exactWorst=5.46u)
[HANDS_ATTACH] mesh='hands_naked.mesh' owner='hands_naked.mesh' frame=2530 nb=38 wext=73.2 rebound=1
  TIER1 rest-coherence: worst=87.3deg bone[33]='bone_L-middlefinger03.mesh' count(>5deg)=34 freshRecap=0  xcheck(invOff-vs-restW) worst=87.3deg bone[33]
  TIER2 joint-attach(PRIMARY): worst=33.21u bone[13]='bone_R-hand.mesh' parent[5] R=49.4 exactJoint=0.33u pairs=30  (palette-wide exactWorst=3.83u)
[HANDS_ATTACH] mesh='hands_naked.mesh' owner='hands_naked.mesh' frame=2533 nb=38 wext=89.1 rebound=1
  TIER1 rest-coherence: worst=87.3deg bone[33]='bone_L-middlefinger03.mesh' count(>5deg)=34 freshRecap=0  xcheck(invOff-vs-restW) worst=87.3deg bone[33]
  TIER2 joint-attach(PRIMARY): worst=71.02u bone[18]='bone_R-pinky02.mesh' parent[14] R=47.4 exactJoint=2.44u pairs=30  (palette-wide exactWorst=10.36u)
[HANDS_ATTACH] mesh='hands_naked.mesh' owner='hands_naked.mesh' frame=2535 nb=40 wext=65.4 rebound=1
  TIER1 rest-coherence: worst=42.6deg bone[30]='bone_L-middlefinger03.mesh' count(>5deg)=36 freshRecap=0  xcheck(invOff-vs-restW) worst=42.6deg bone[30]
  TIER2 joint-attach(PRIMARY): worst=26.99u bone[12]='bone_L-middlefinger02.mesh' parent[25] R=37.3 exactJoint=0.20u pairs=36  (palette-wide exactWorst=5.46u)
[HANDS_ATTACH] mesh='hands_naked.mesh' owner='hands_naked.mesh' frame=2540 nb=38 wext=70.6 rebound=1
  TIER1 rest-coherence: worst=87.3deg bone[33]='bone_L-middlefinger03.mesh' count(>5deg)=34 freshRecap=0  xcheck(invOff-vs-restW) worst=87.3deg bone[33]
  TIER2 joint-attach(PRIMARY): worst=35.34u bone[13]='bone_R-hand.mesh' parent[5] R=49.4 exactJoint=0.33u pairs=30  (palette-wide exactWorst=4.01u)
[HANDS_ATTACH] mesh='hands_naked.mesh' owner='hands_naked.mesh' frame=2543 nb=38 wext=90.2 rebound=1
  TIER1 rest-coherence: worst=87.3deg bone[33]='bone_L-middlefinger03.mesh' count(>5deg)=34 freshRecap=0  xcheck(invOff-vs-restW) worst=87.3deg bone[33]
  TIER2 joint-attach(PRIMARY): worst=71.02u bone[18]='bone_R-pinky02.mesh' parent[14] R=47.4 exactJoint=2.44u pairs=30  (palette-wide exactWorst=10.36u)
[HANDS_ATTACH] mesh='hands_naked.mesh' owner='hands_naked.mesh' frame=2545 nb=40 wext=68.1 rebound=1
  TIER1 rest-coherence: worst=42.6deg bone[30]='bone_L-middlefinger03.mesh' count(>5deg)=36 freshRecap=0  xcheck(invOff-vs-restW) worst=42.6deg bone[30]
  TIER2 joint-attach(PRIMARY): worst=39.89u bone[16]='bone_R-thumb01.mesh' parent[1] R=38.3 exactJoint=0.00u pairs=36  (palette-wide exactWorst=5.46u)
[HANDS_ATTACH] mesh='hands_naked.mesh' owner='hands_naked.mesh' frame=2550 nb=38 wext=71.5 rebound=1
  TIER1 rest-coherence: worst=87.3deg bone[33]='bone_L-middlefinger03.mesh' count(>5deg)=34 freshRecap=0  xcheck(invOff-vs-restW) worst=87.3deg bone[33]
  TIER2 joint-attach(PRIMARY): worst=37.84u bone[13]='bone_R-hand.mesh' parent[5] R=49.4 exactJoint=0.33u pairs=30  (palette-wide exactWorst=3.88u)
[HANDS_ATTACH] mesh='hands_naked.mesh' owner='hands_naked.mesh' frame=2553 nb=38 wext=82.1 rebound=1
  TIER1 rest-coherence: worst=87.3deg bone[33]='bone_L-middlefinger03.mesh' count(>5deg)=34 freshRecap=0  xcheck(invOff-vs-restW) worst=87.3deg bone[33]
  TIER2 joint-attach(PRIMARY): worst=52.01u bone[29]='bone_L-hand.mesh' parent[22] R=49.4 exactJoint=0.00u pairs=30  (palette-wide exactWorst=0.00u)
[HANDS_ATTACH] mesh='hands_naked.mesh' owner='hands_naked.mesh' frame=2555 nb=40 wext=49.7 rebound=1
  TIER1 rest-coherence: worst=42.6deg bone[30]='bone_L-middlefinger03.mesh' count(>5deg)=36 freshRecap=0  xcheck(invOff-vs-restW) worst=42.6deg bone[30]
  TIER2 joint-attach(PRIMARY): worst=45.96u bone[16]='bone_R-thumb01.mesh' parent[1] R=38.3 exactJoint=0.00u pairs=36  (palette-wide exactWorst=5.46u)
[HANDS_ATTACH] mesh='hands_naked.mesh' owner='hands_naked.mesh' frame=2560 nb=38 wext=73.2 rebound=1
  TIER1 rest-coherence: worst=87.3deg bone[33]='bone_L-middlefinger03.mesh' count(>5deg)=34 freshRecap=0  xcheck(invOff-vs-restW) worst=87.3deg bone[33]
  TIER2 joint-attach(PRIMARY): worst=38.09u bone[13]='bone_R-hand.mesh' parent[5] R=49.4 exactJoint=0.33u pairs=30  (palette-wide exactWorst=3.56u)
[HANDS_ATTACH] mesh='hands_naked.mesh' owner='hands_naked.mesh' frame=2563 nb=38 wext=77.7 rebound=1
  TIER1 rest-coherence: worst=87.3deg bone[33]='bone_L-middlefinger03.mesh' count(>5deg)=34 freshRecap=0  xcheck(invOff-vs-restW) worst=87.3deg bone[33]
  TIER2 joint-attach(PRIMARY): worst=71.20u bone[29]='bone_L-hand.mesh' parent[22] R=49.4 exactJoint=0.00u pairs=30  (palette-wide exactWorst=0.00u)
[HANDS_ATTACH] mesh='hands_naked.mesh' owner='hands_naked.mesh' frame=2565 nb=40 wext=72.2 rebound=1
  TIER1 rest-coherence: worst=42.6deg bone[30]='bone_L-middlefinger03.mesh' count(>5deg)=36 freshRecap=0  xcheck(invOff-vs-restW) worst=42.6deg bone[30]
  TIER2 joint-attach(PRIMARY): worst=44.93u bone[4]='bone_R-middlefinger01.mesh' parent[1] R=38.2 exactJoint=0.00u pairs=36  (palette-wide exactWorst=5.46u)
[HANDS_ATTACH] mesh='hands_naked.mesh' owner='hands_naked.mesh' frame=2570 nb=38 wext=76.2 rebound=1
  TIER1 rest-coherence: worst=87.3deg bone[33]='bone_L-middlefinger03.mesh' count(>5deg)=34 freshRecap=0  xcheck(invOff-vs-restW) worst=87.3deg bone[33]
  TIER2 joint-attach(PRIMARY): worst=38.12u bone[13]='bone_R-hand.mesh' parent[5] R=49.4 exactJoint=0.33u pairs=30  (palette-wide exactWorst=3.52u)
[HANDS_ATTACH] mesh='hands_naked.mesh' owner='hands_naked.mesh' frame=2573 nb=38 wext=77.7 rebound=1
  TIER1 rest-coherence: worst=87.3deg bone[33]='bone_L-middlefinger03.mesh' count(>5deg)=34 freshRecap=0  xcheck(invOff-vs-restW) worst=87.3deg bone[33]
  TIER2 joint-attach(PRIMARY): worst=71.20u bone[29]='bone_L-hand.mesh' parent[22] R=49.4 exactJoint=0.00u pairs=30  (palette-wide exactWorst=0.00u)
[HANDS_ATTACH] mesh='hands_naked.mesh' owner='hands_naked.mesh' frame=2575 nb=40 wext=72.2 rebound=1
  TIER1 rest-coherence: worst=42.6deg bone[30]='bone_L-middlefinger03.mesh' count(>5deg)=36 freshRecap=0  xcheck(invOff-vs-restW) worst=42.6deg bone[30]
  TIER2 joint-attach(PRIMARY): worst=44.93u bone[4]='bone_R-middlefinger01.mesh' parent[1] R=38.2 exactJoint=0.00u pairs=36  (palette-wide exactWorst=5.46u)
[HANDS_ATTACH] mesh='hands_naked.mesh' owner='hands_naked.mesh' frame=2580 nb=38 wext=76.2 rebound=1
  TIER1 rest-coherence: worst=87.3deg bone[33]='bone_L-middlefinger03.mesh' count(>5deg)=34 freshRecap=0  xcheck(invOff-vs-restW) worst=87.3deg bone[33]
  TIER2 joint-attach(PRIMARY): worst=38.12u bone[13]='bone_R-hand.mesh' parent[5] R=49.4 exactJoint=0.33u pairs=30  (palette-wide exactWorst=3.52u)
[HANDS_ATTACH] mesh='hands_naked.mesh' owner='hands_naked.mesh' frame=2583 nb=38 wext=77.7 rebound=1
  TIER1 rest-coherence: worst=87.3deg bone[33]='bone_L-middlefinger03.mesh' count(>5deg)=34 freshRecap=0  xcheck(invOff-vs-restW) worst=87.3deg bone[33]
  TIER2 joint-attach(PRIMARY): worst=71.20u bone[29]='bone_L-hand.mesh' parent[22] R=49.4 exactJoint=0.00u pairs=30  (palette-wide exactWorst=0.00u)
[HANDS_ATTACH] mesh='hands_naked.mesh' owner='hands_naked.mesh' frame=2585 nb=40 wext=72.2 rebound=1
  TIER1 rest-coherence: worst=42.6deg bone[30]='bone_L-middlefinger03.mesh' count(>5deg)=36 freshRecap=0  xcheck(invOff-vs-restW) worst=42.6deg bone[30]
  TIER2 joint-attach(PRIMARY): worst=44.93u bone[4]='bone_R-middlefinger01.mesh' parent[1] R=38.2 exactJoint=0.00u pairs=36  (palette-wide exactWorst=5.46u)
[HANDS_ATTACH] mesh='hands_naked.mesh' owner='hands_naked.mesh' frame=2590 nb=38 wext=76.2 rebound=1
  TIER1 rest-coherence: worst=87.3deg bone[33]='bone_L-middlefinger03.mesh' count(>5deg)=34 freshRecap=0  xcheck(invOff-vs-restW) worst=87.3deg bone[33]
  TIER2 joint-attach(PRIMARY): worst=38.12u bone[13]='bone_R-hand.mesh' parent[5] R=49.4 exactJoint=0.33u pairs=30  (palette-wide exactWorst=3.52u)
[HANDS_ATTACH] mesh='hands_naked.mesh' owner='hands_naked.mesh' frame=2593 nb=38 wext=77.7 rebound=1
  TIER1 rest-coherence: worst=87.3deg bone[33]='bone_L-middlefinger03.mesh' count(>5deg)=34 freshRecap=0  xcheck(invOff-vs-restW) worst=87.3deg bone[33]
  TIER2 joint-attach(PRIMARY): worst=71.20u bone[29]='bone_L-hand.mesh' parent[22] R=49.4 exactJoint=0.00u pairs=30  (palette-wide exactWorst=0.00u)
[HANDS_ATTACH] mesh='hands_naked.mesh' owner='hands_naked.mesh' frame=2595 nb=40 wext=72.2 rebound=1
  TIER1 rest-coherence: worst=42.6deg bone[30]='bone_L-middlefinger03.mesh' count(>5deg)=36 freshRecap=0  xcheck(invOff-vs-restW) worst=42.6deg bone[30]
  TIER2 joint-attach(PRIMARY): worst=44.93u bone[4]='bone_R-middlefinger01.mesh' parent[1] R=38.2 exactJoint=0.00u pairs=36  (palette-wide exactWorst=5.46u)
[HANDS_ATTACH] mesh='hands_naked.mesh' owner='hands_naked.mesh' frame=2600 nb=38 wext=76.2 rebound=1
  TIER1 rest-coherence: worst=87.3deg bone[33]='bone_L-middlefinger03.mesh' count(>5deg)=34 freshRecap=0  xcheck(invOff-vs-restW) worst=87.3deg bone[33]
  TIER2 joint-attach(PRIMARY): worst=38.12u bone[13]='bone_R-hand.mesh' parent[5] R=49.4 exactJoint=0.33u pairs=30  (palette-wide exactWorst=3.52u)
[HANDS_ATTACH] mesh='hands_naked.mesh' owner='hands_naked.mesh' frame=2603 nb=38 wext=77.7 rebound=1
  TIER1 rest-coherence: worst=87.3deg bone[33]='bone_L-middlefinger03.mesh' count(>5deg)=34 freshRecap=0  xcheck(invOff-vs-restW) worst=87.3deg bone[33]
  TIER2 joint-attach(PRIMARY): worst=71.20u bone[29]='bone_L-hand.mesh' parent[22] R=49.4 exactJoint=0.00u pairs=30  (palette-wide exactWorst=0.00u)
[HANDS_ATTACH] mesh='hands_naked.mesh' owner='hands_naked.mesh' frame=2605 nb=40 wext=72.2 rebound=1
  TIER1 rest-coherence: worst=42.6deg bone[30]='bone_L-middlefinger03.mesh' count(>5deg)=36 freshRecap=0  xcheck(invOff-vs-restW) worst=42.6deg bone[30]
  TIER2 joint-attach(PRIMARY): worst=44.93u bone[4]='bone_R-middlefinger01.mesh' parent[1] R=38.2 exactJoint=0.00u pairs=36  (palette-wide exactWorst=5.46u)
[HANDS_ATTACH] mesh='hands_naked.mesh' owner='hands_naked.mesh' frame=2610 nb=38 wext=81.1 rebound=1
  TIER1 rest-coherence: worst=87.3deg bone[33]='bone_L-middlefinger03.mesh' count(>5deg)=34 freshRecap=0  xcheck(invOff-vs-restW) worst=87.3deg bone[33]
  TIER2 joint-attach(PRIMARY): worst=36.82u bone[13]='bone_R-hand.mesh' parent[5] R=49.4 exactJoint=0.33u pairs=30  (palette-wide exactWorst=2.86u)
[HANDS_ATTACH] mesh='hands_naked.mesh' owner='hands_naked.mesh' frame=2613 nb=38 wext=76.2 rebound=1
  TIER1 rest-coherence: worst=87.3deg bone[33]='bone_L-middlefinger03.mesh' count(>5deg)=34 freshRecap=0  xcheck(invOff-vs-restW) worst=87.3deg bone[33]
  TIER2 joint-attach(PRIMARY): worst=54.84u bone[29]='bone_L-hand.mesh' parent[22] R=49.4 exactJoint=0.00u pairs=30  (palette-wide exactWorst=0.00u)
[HANDS_ATTACH] mesh='hands_naked.mesh' owner='hands_naked.mesh' frame=2615 nb=40 wext=47.7 rebound=1
  TIER1 rest-coherence: worst=42.6deg bone[30]='bone_L-middlefinger03.mesh' count(>5deg)=36 freshRecap=0  xcheck(invOff-vs-restW) worst=42.6deg bone[30]
  TIER2 joint-attach(PRIMARY): worst=53.88u bone[16]='bone_R-thumb01.mesh' parent[1] R=38.3 exactJoint=0.89u pairs=36  (palette-wide exactWorst=5.46u)
[HANDS_ATTACH] mesh='hands_naked.mesh' owner='hands_naked.mesh' frame=2620 nb=38 wext=80.8 rebound=1
  TIER1 rest-coherence: worst=87.3deg bone[33]='bone_L-middlefinger03.mesh' count(>5deg)=34 freshRecap=0  xcheck(invOff-vs-restW) worst=87.3deg bone[33]
  TIER2 joint-attach(PRIMARY): worst=36.80u bone[13]='bone_R-hand.mesh' parent[5] R=49.4 exactJoint=0.33u pairs=30  (palette-wide exactWorst=3.02u)
[HANDS_ATTACH] mesh='hands_naked.mesh' owner='hands_naked.mesh' frame=2623 nb=38 wext=71.7 rebound=1
  TIER1 rest-coherence: worst=87.3deg bone[33]='bone_L-middlefinger03.mesh' count(>5deg)=34 freshRecap=0  xcheck(invOff-vs-restW) worst=87.3deg bone[33]
  TIER2 joint-attach(PRIMARY): worst=47.81u bone[29]='bone_L-hand.mesh' parent[22] R=49.4 exactJoint=0.00u pairs=30  (palette-wide exactWorst=0.00u)
[HANDS_ATTACH] mesh='hands_naked.mesh' owner='hands_naked.mesh' frame=2625 nb=40 wext=41.1 rebound=1
  TIER1 rest-coherence: worst=42.6deg bone[30]='bone_L-middlefinger03.mesh' count(>5deg)=36 freshRecap=0  xcheck(invOff-vs-restW) worst=42.6deg bone[30]
  TIER2 joint-attach(PRIMARY): worst=53.89u bone[16]='bone_R-thumb01.mesh' parent[1] R=38.3 exactJoint=0.89u pairs=36  (palette-wide exactWorst=5.46u)
[HANDS_ATTACH] mesh='hands_naked.mesh' owner='hands_naked.mesh' frame=2630 nb=38 wext=80.2 rebound=1
  TIER1 rest-coherence: worst=87.3deg bone[33]='bone_L-middlefinger03.mesh' count(>5deg)=34 freshRecap=0  xcheck(invOff-vs-restW) worst=87.3deg bone[33]
  TIER2 joint-attach(PRIMARY): worst=37.54u bone[13]='bone_R-hand.mesh' parent[5] R=49.4 exactJoint=0.33u pairs=30  (palette-wide exactWorst=3.38u)
[HANDS_ATTACH] mesh='hands_naked.mesh' owner='hands_naked.mesh' frame=2633 nb=38 wext=74.5 rebound=1
  TIER1 rest-coherence: worst=87.3deg bone[33]='bone_L-middlefinger03.mesh' count(>5deg)=34 freshRecap=0  xcheck(invOff-vs-restW) worst=87.3deg bone[33]
  TIER2 joint-attach(PRIMARY): worst=44.44u bone[29]='bone_L-hand.mesh' parent[22] R=49.4 exactJoint=0.00u pairs=30  (palette-wide exactWorst=0.00u)
[HANDS_ATTACH] mesh='hands_naked.mesh' owner='hands_naked.mesh' frame=2635 nb=40 wext=42.7 rebound=1
  TIER1 rest-coherence: worst=42.6deg bone[30]='bone_L-middlefinger03.mesh' count(>5deg)=36 freshRecap=0  xcheck(invOff-vs-restW) worst=42.6deg bone[30]
  TIER2 joint-attach(PRIMARY): worst=53.89u bone[16]='bone_R-thumb01.mesh' parent[1] R=38.3 exactJoint=0.89u pairs=36  (palette-wide exactWorst=5.46u)
[HANDS_ATTACH] mesh='hands_naked.mesh' owner='hands_naked.mesh' frame=2640 nb=38 wext=78.7 rebound=1
  TIER1 rest-coherence: worst=87.3deg bone[33]='bone_L-middlefinger03.mesh' count(>5deg)=34 freshRecap=0  xcheck(invOff-vs-restW) worst=87.3deg bone[33]
  TIER2 joint-attach(PRIMARY): worst=37.57u bone[13]='bone_R-hand.mesh' parent[5] R=49.4 exactJoint=0.33u pairs=30  (palette-wide exactWorst=3.59u)
[HANDS_ATTACH] mesh='hands_naked.mesh' owner='hands_naked.mesh' frame=2643 nb=38 wext=64.3 rebound=1
  TIER1 rest-coherence: worst=87.3deg bone[33]='bone_L-middlefinger03.mesh' count(>5deg)=34 freshRecap=0  xcheck(invOff-vs-restW) worst=87.3deg bone[33]
  TIER2 joint-attach(PRIMARY): worst=31.66u bone[33]='bone_L-middlefinger03.mesh' parent[26] R=47.0 exactJoint=0.00u pairs=30  (palette-wide exactWorst=0.00u)
[HANDS_ATTACH] mesh='hands_naked.mesh' owner='hands_naked.mesh' frame=2645 nb=40 wext=35.6 rebound=1
  TIER1 rest-coherence: worst=42.6deg bone[30]='bone_L-middlefinger03.mesh' count(>5deg)=36 freshRecap=0  xcheck(invOff-vs-restW) worst=42.6deg bone[30]
  TIER2 joint-attach(PRIMARY): worst=52.18u bone[16]='bone_R-thumb01.mesh' parent[1] R=38.3 exactJoint=0.00u pairs=36  (palette-wide exactWorst=4.73u)
[HANDS_ATTACH] mesh='hands_naked.mesh' owner='hands_naked.mesh' frame=2650 nb=38 wext=77.1 rebound=1
  TIER1 rest-coherence: worst=87.3deg bone[33]='bone_L-middlefinger03.mesh' count(>5deg)=34 freshRecap=0  xcheck(invOff-vs-restW) worst=87.3deg bone[33]
  TIER2 joint-attach(PRIMARY): worst=37.80u bone[13]='bone_R-hand.mesh' parent[5] R=49.4 exactJoint=0.33u pairs=30  (palette-wide exactWorst=3.72u)
[HANDS_ATTACH] mesh='hands_naked.mesh' owner='hands_naked.mesh' frame=2653 nb=38 wext=59.8 rebound=1
  TIER1 rest-coherence: worst=87.3deg bone[33]='bone_L-middlefinger03.mesh' count(>5deg)=34 freshRecap=0  xcheck(invOff-vs-restW) worst=87.3deg bone[33]
  TIER2 joint-attach(PRIMARY): worst=30.81u bone[33]='bone_L-middlefinger03.mesh' parent[26] R=47.0 exactJoint=0.39u pairs=30  (palette-wide exactWorst=0.39u)
[HANDS_ATTACH] mesh='hands_naked.mesh' owner='hands_naked.mesh' frame=2655 nb=40 wext=51.1 rebound=1
  TIER1 rest-coherence: worst=42.6deg bone[30]='bone_L-middlefinger03.mesh' count(>5deg)=36 freshRecap=0  xcheck(invOff-vs-restW) worst=42.6deg bone[30]
  TIER2 joint-attach(PRIMARY): worst=50.61u bone[14]='bone_R-pinky01.mesh' parent[11] R=39.0 exactJoint=2.27u pairs=36  (palette-wide exactWorst=5.28u)
[HANDS_ATTACH] mesh='hands_naked.mesh' owner='hands_naked.mesh' frame=2660 nb=38 wext=75.9 rebound=1
  TIER1 rest-coherence: worst=87.3deg bone[33]='bone_L-middlefinger03.mesh' count(>5deg)=34 freshRecap=0  xcheck(invOff-vs-restW) worst=87.3deg bone[33]
  TIER2 joint-attach(PRIMARY): worst=39.33u bone[13]='bone_R-hand.mesh' parent[5] R=49.4 exactJoint=0.33u pairs=30  (palette-wide exactWorst=3.67u)
[HANDS_ATTACH] mesh='hands_naked.mesh' owner='hands_naked.mesh' frame=2663 nb=38 wext=58.3 rebound=1
  TIER1 rest-coherence: worst=87.3deg bone[33]='bone_L-middlefinger03.mesh' count(>5deg)=34 freshRecap=0  xcheck(invOff-vs-restW) worst=87.3deg bone[33]
  TIER2 joint-attach(PRIMARY): worst=71.02u bone[18]='bone_R-pinky02.mesh' parent[14] R=47.4 exactJoint=2.44u pairs=30  (palette-wide exactWorst=10.36u)
[HANDS_ATTACH] mesh='hands_naked.mesh' owner='hands_naked.mesh' frame=2665 nb=40 wext=59.4 rebound=1
  TIER1 rest-coherence: worst=42.6deg bone[30]='bone_L-middlefinger03.mesh' count(>5deg)=36 freshRecap=0  xcheck(invOff-vs-restW) worst=42.6deg bone[30]
  TIER2 joint-attach(PRIMARY): worst=50.97u bone[14]='bone_R-pinky01.mesh' parent[11] R=39.0 exactJoint=2.31u pairs=36  (palette-wide exactWorst=2.41u)
[HANDS_ATTACH] mesh='hands_naked.mesh' owner='hands_naked.mesh' frame=2670 nb=38 wext=74.7 rebound=1
  TIER1 rest-coherence: worst=87.3deg bone[33]='bone_L-middlefinger03.mesh' count(>5deg)=34 freshRecap=0  xcheck(invOff-vs-restW) worst=87.3deg bone[33]
  TIER2 joint-attach(PRIMARY): worst=37.80u bone[13]='bone_R-hand.mesh' parent[5] R=49.4 exactJoint=0.33u pairs=30  (palette-wide exactWorst=3.22u)
[HANDS_ATTACH] mesh='hands_naked.mesh' owner='hands_naked.mesh' frame=2673 nb=38 wext=51.9 rebound=1
  TIER1 rest-coherence: worst=87.3deg bone[33]='bone_L-middlefinger03.mesh' count(>5deg)=34 freshRecap=0  xcheck(invOff-vs-restW) worst=87.3deg bone[33]
  TIER2 joint-attach(PRIMARY): worst=71.02u bone[18]='bone_R-pinky02.mesh' parent[14] R=47.4 exactJoint=2.44u pairs=30  (palette-wide exactWorst=10.36u)
[HANDS_ATTACH] mesh='hands_naked.mesh' owner='hands_naked.mesh' frame=2675 nb=40 wext=63.1 rebound=1
  TIER1 rest-coherence: worst=42.6deg bone[30]='bone_L-middlefinger03.mesh' count(>5deg)=36 freshRecap=0  xcheck(invOff-vs-restW) worst=42.6deg bone[30]
  TIER2 joint-attach(PRIMARY): worst=36.82u bone[14]='bone_R-pinky01.mesh' parent[11] R=39.0 exactJoint=0.00u pairs=36  (palette-wide exactWorst=1.92u)
[HANDS_ATTACH] mesh='hands_naked.mesh' owner='hands_naked.mesh' frame=2680 nb=38 wext=74.8 rebound=1
  TIER1 rest-coherence: worst=87.3deg bone[33]='bone_L-middlefinger03.mesh' count(>5deg)=34 freshRecap=0  xcheck(invOff-vs-restW) worst=87.3deg bone[33]
  TIER2 joint-attach(PRIMARY): worst=33.01u bone[18]='bone_R-pinky02.mesh' parent[14] R=47.4 exactJoint=0.00u pairs=30  (palette-wide exactWorst=3.11u)
[HANDS_ATTACH] mesh='hands_naked.mesh' owner='hands_naked.mesh' frame=2683 nb=38 wext=62.5 rebound=1
  TIER1 rest-coherence: worst=87.3deg bone[33]='bone_L-middlefinger03.mesh' count(>5deg)=34 freshRecap=0  xcheck(invOff-vs-restW) worst=87.3deg bone[33]
  TIER2 joint-attach(PRIMARY): worst=71.02u bone[18]='bone_R-pinky02.mesh' parent[14] R=47.4 exactJoint=2.44u pairs=30  (palette-wide exactWorst=10.36u)
[HANDS_ATTACH] mesh='hands_naked.mesh' owner='hands_naked.mesh' frame=2685 nb=40 wext=60.2 rebound=1
  TIER1 rest-coherence: worst=42.6deg bone[30]='bone_L-middlefinger03.mesh' count(>5deg)=36 freshRecap=0  xcheck(invOff-vs-restW) worst=42.6deg bone[30]
  TIER2 joint-attach(PRIMARY): worst=57.22u bone[5]='bone_R-ringfinger02.mesh' parent[24] R=37.9 exactJoint=0.00u pairs=36  (palette-wide exactWorst=5.78u)
[HANDS_ATTACH] mesh='hands_naked.mesh' owner='hands_naked.mesh' frame=2690 nb=38 wext=72.7 rebound=1
  TIER1 rest-coherence: worst=87.3deg bone[33]='bone_L-middlefinger03.mesh' count(>5deg)=34 freshRecap=0  xcheck(invOff-vs-restW) worst=87.3deg bone[33]
  TIER2 joint-attach(PRIMARY): worst=33.31u bone[26]='bone_L-middlefinger02.mesh' parent[23] R=47.1 exactJoint=0.00u pairs=30  (palette-wide exactWorst=4.21u)
[HANDS_ATTACH] mesh='hands_naked.mesh' owner='hands_naked.mesh' frame=2693 nb=38 wext=67.1 rebound=1
  TIER1 rest-coherence: worst=87.3deg bone[33]='bone_L-middlefinger03.mesh' count(>5deg)=34 freshRecap=0  xcheck(invOff-vs-restW) worst=87.3deg bone[33]
  TIER2 joint-attach(PRIMARY): worst=71.02u bone[18]='bone_R-pinky02.mesh' parent[14] R=47.4 exactJoint=2.44u pairs=30  (palette-wide exactWorst=10.36u)
[HANDS_ATTACH] mesh='hands_naked.mesh' owner='hands_naked.mesh' frame=2695 nb=40 wext=67.4 rebound=1
  TIER1 rest-coherence: worst=42.6deg bone[30]='bone_L-middlefinger03.mesh' count(>5deg)=36 freshRecap=0  xcheck(invOff-vs-restW) worst=42.6deg bone[30]
  TIER2 joint-attach(PRIMARY): worst=80.71u bone[0]='bone_R-middlefinger02.mesh' parent[4] R=37.3 exactJoint=0.00u pairs=36  (palette-wide exactWorst=6.50u)
[HANDS_ATTACH] mesh='hands_naked.mesh' owner='hands_naked.mesh' frame=2700 nb=38 wext=65.5 rebound=1
  TIER1 rest-coherence: worst=87.3deg bone[33]='bone_L-middlefinger03.mesh' count(>5deg)=34 freshRecap=0  xcheck(invOff-vs-restW) worst=87.3deg bone[33]
  TIER2 joint-attach(PRIMARY): worst=34.28u bone[26]='bone_L-middlefinger02.mesh' parent[23] R=47.1 exactJoint=0.00u pairs=30  (palette-wide exactWorst=5.46u)
[HANDS_ATTACH] mesh='hands_naked.mesh' owner='hands_naked.mesh' frame=2703 nb=38 wext=62.3 rebound=1
  TIER1 rest-coherence: worst=87.3deg bone[33]='bone_L-middlefinger03.mesh' count(>5deg)=34 freshRecap=0  xcheck(invOff-vs-restW) worst=87.3deg bone[33]
  TIER2 joint-attach(PRIMARY): worst=71.02u bone[18]='bone_R-pinky02.mesh' parent[14] R=47.4 exactJoint=2.44u pairs=30  (palette-wide exactWorst=10.36u)
[HANDS_ATTACH] mesh='hands_naked.mesh' owner='hands_naked.mesh' frame=2705 nb=40 wext=67.7 rebound=1
  TIER1 rest-coherence: worst=42.6deg bone[30]='bone_L-middlefinger03.mesh' count(>5deg)=36 freshRecap=0  xcheck(invOff-vs-restW) worst=42.6deg bone[30]
  TIER2 joint-attach(PRIMARY): worst=46.77u bone[13]='bone_R-pinky03.mesh' parent[9] R=37.9 exactJoint=0.00u pairs=36  (palette-wide exactWorst=1.92u)
[HANDS_ATTACH] mesh='hands_naked.mesh' owner='hands_naked.mesh' frame=2710 nb=38 wext=65.3 rebound=1
  TIER1 rest-coherence: worst=87.3deg bone[33]='bone_L-middlefinger03.mesh' count(>5deg)=34 freshRecap=0  xcheck(invOff-vs-restW) worst=87.3deg bone[33]
  TIER2 joint-attach(PRIMARY): worst=34.23u bone[26]='bone_L-middlefinger02.mesh' parent[23] R=47.1 exactJoint=0.00u pairs=30  (palette-wide exactWorst=5.71u)
[HANDS_ATTACH] mesh='hands_naked.mesh' owner='hands_naked.mesh' frame=2713 nb=38 wext=64.1 rebound=1
  TIER1 rest-coherence: worst=87.3deg bone[33]='bone_L-middlefinger03.mesh' count(>5deg)=34 freshRecap=0  xcheck(invOff-vs-restW) worst=87.3deg bone[33]
  TIER2 joint-attach(PRIMARY): worst=39.54u bone[13]='bone_R-hand.mesh' parent[5] R=49.4 exactJoint=0.00u pairs=30  (palette-wide exactWorst=0.00u)
[HANDS_ATTACH] mesh='hands_naked.mesh' owner='hands_naked.mesh' frame=2715 nb=40 wext=65.1 rebound=1
  TIER1 rest-coherence: worst=42.6deg bone[30]='bone_L-middlefinger03.mesh' count(>5deg)=36 freshRecap=0  xcheck(invOff-vs-restW) worst=42.6deg bone[30]
  TIER2 joint-attach(PRIMARY): worst=28.51u bone[39]='bone_L-ringfinger02.mesh' parent[38] R=37.9 exactJoint=0.11u pairs=36  (palette-wide exactWorst=1.92u)
[HANDS_ATTACH] mesh='hands_naked.mesh' owner='hands_naked.mesh' frame=2720 nb=38 wext=62.7 rebound=1
  TIER1 rest-coherence: worst=87.3deg bone[33]='bone_L-middlefinger03.mesh' count(>5deg)=34 freshRecap=0  xcheck(invOff-vs-restW) worst=87.3deg bone[33]
  TIER2 joint-attach(PRIMARY): worst=33.87u bone[26]='bone_L-middlefinger02.mesh' parent[23] R=47.1 exactJoint=0.00u pairs=30  (palette-wide exactWorst=5.40u)
[HANDS_ATTACH] mesh='hands_naked.mesh' owner='hands_naked.mesh' frame=2723 nb=38 wext=87.0 rebound=1
  TIER1 rest-coherence: worst=87.3deg bone[33]='bone_L-middlefinger03.mesh' count(>5deg)=34 freshRecap=0  xcheck(invOff-vs-restW) worst=87.3deg bone[33]
  TIER2 joint-attach(PRIMARY): worst=46.34u bone[13]='bone_R-hand.mesh' parent[5] R=49.4 exactJoint=0.00u pairs=30  (palette-wide exactWorst=0.00u)
[HANDS_ATTACH] mesh='hands_naked.mesh' owner='hands_naked.mesh' frame=2725 nb=40 wext=69.3 rebound=1
  TIER1 rest-coherence: worst=42.6deg bone[30]='bone_L-middlefinger03.mesh' count(>5deg)=36 freshRecap=0  xcheck(invOff-vs-restW) worst=42.6deg bone[30]
  TIER2 joint-attach(PRIMARY): worst=28.51u bone[39]='bone_L-ringfinger02.mesh' parent[38] R=37.9 exactJoint=0.11u pairs=36  (palette-wide exactWorst=1.92u)
[HANDS_ATTACH] mesh='hands_naked.mesh' owner='hands_naked.mesh' frame=2730 nb=38 wext=67.9 rebound=1
  TIER1 rest-coherence: worst=87.3deg bone[33]='bone_L-middlefinger03.mesh' count(>5deg)=34 freshRecap=0  xcheck(invOff-vs-restW) worst=87.3deg bone[33]
  TIER2 joint-attach(PRIMARY): worst=38.58u bone[13]='bone_R-hand.mesh' parent[5] R=49.4 exactJoint=0.33u pairs=30  (palette-wide exactWorst=3.37u)
[HANDS_ATTACH] mesh='hands_naked.mesh' owner='hands_naked.mesh' frame=2733 nb=38 wext=89.4 rebound=1
  TIER1 rest-coherence: worst=87.3deg bone[33]='bone_L-middlefinger03.mesh' count(>5deg)=34 freshRecap=0  xcheck(invOff-vs-restW) worst=87.3deg bone[33]
  TIER2 joint-attach(PRIMARY): worst=48.68u bone[13]='bone_R-hand.mesh' parent[5] R=49.4 exactJoint=0.00u pairs=30  (palette-wide exactWorst=0.00u)
[HANDS_ATTACH] mesh='hands_naked.mesh' owner='hands_naked.mesh' frame=2735 nb=40 wext=51.7 rebound=1
  TIER1 rest-coherence: worst=42.6deg bone[30]='bone_L-middlefinger03.mesh' count(>5deg)=36 freshRecap=0  xcheck(invOff-vs-restW) worst=42.6deg bone[30]
  TIER2 joint-attach(PRIMARY): worst=66.67u bone[5]='bone_R-ringfinger02.mesh' parent[24] R=37.9 exactJoint=0.00u pairs=36  (palette-wide exactWorst=6.96u)
[HANDS_ATTACH] mesh='hands_naked.mesh' owner='hands_naked.mesh' frame=2740 nb=38 wext=67.8 rebound=1
  TIER1 rest-coherence: worst=87.3deg bone[33]='bone_L-middlefinger03.mesh' count(>5deg)=34 freshRecap=0  xcheck(invOff-vs-restW) worst=87.3deg bone[33]
  TIER2 joint-attach(PRIMARY): worst=37.46u bone[13]='bone_R-hand.mesh' parent[5] R=49.4 exactJoint=0.33u pairs=30  (palette-wide exactWorst=3.13u)
[HANDS_ATTACH] mesh='hands_naked.mesh' owner='hands_naked.mesh' frame=2743 nb=38 wext=85.0 rebound=1
  TIER1 rest-coherence: worst=87.3deg bone[33]='bone_L-middlefinger03.mesh' count(>5deg)=34 freshRecap=0  xcheck(invOff-vs-restW) worst=87.3deg bone[33]
  TIER2 joint-attach(PRIMARY): worst=62.69u bone[13]='bone_R-hand.mesh' parent[5] R=49.4 exactJoint=0.00u pairs=30  (palette-wide exactWorst=6.84u)
[HANDS_ATTACH] mesh='hands_naked.mesh' owner='hands_naked.mesh' frame=2745 nb=40 wext=52.4 rebound=1
  TIER1 rest-coherence: worst=42.6deg bone[30]='bone_L-middlefinger03.mesh' count(>5deg)=36 freshRecap=0  xcheck(invOff-vs-restW) worst=42.6deg bone[30]
  TIER2 joint-attach(PRIMARY): worst=82.03u bone[0]='bone_R-middlefinger02.mesh' parent[4] R=37.3 exactJoint=3.29u pairs=36  (palette-wide exactWorst=6.94u)
[HANDS_ATTACH] mesh='hands_naked.mesh' owner='hands_naked.mesh' frame=2750 nb=38 wext=68.0 rebound=1
  TIER1 rest-coherence: worst=87.3deg bone[33]='bone_L-middlefinger03.mesh' count(>5deg)=34 freshRecap=0  xcheck(invOff-vs-restW) worst=87.3deg bone[33]
  TIER2 joint-attach(PRIMARY): worst=34.85u bone[13]='bone_R-hand.mesh' parent[5] R=49.4 exactJoint=0.33u pairs=30  (palette-wide exactWorst=3.61u)
[HANDS_ATTACH] mesh='hands_naked.mesh' owner='hands_naked.mesh' frame=2753 nb=38 wext=80.9 rebound=1
  TIER1 rest-coherence: worst=87.3deg bone[33]='bone_L-middlefinger03.mesh' count(>5deg)=34 freshRecap=0  xcheck(invOff-vs-restW) worst=87.3deg bone[33]
  TIER2 joint-attach(PRIMARY): worst=67.95u bone[13]='bone_R-hand.mesh' parent[5] R=49.4 exactJoint=0.00u pairs=30  (palette-wide exactWorst=5.50u)
[HANDS_ATTACH] mesh='hands_naked.mesh' owner='hands_naked.mesh' frame=2755 nb=40 wext=46.5 rebound=1
  TIER1 rest-coherence: worst=42.6deg bone[30]='bone_L-middlefinger03.mesh' count(>5deg)=36 freshRecap=0  xcheck(invOff-vs-restW) worst=42.6deg bone[30]
  TIER2 joint-attach(PRIMARY): worst=79.40u bone[0]='bone_R-middlefinger02.mesh' parent[4] R=37.3 exactJoint=4.98u pairs=36  (palette-wide exactWorst=7.07u)
[HANDS_ATTACH] mesh='hands_naked.mesh' owner='hands_naked.mesh' frame=2760 nb=38 wext=71.0 rebound=1
  TIER1 rest-coherence: worst=87.3deg bone[33]='bone_L-middlefinger03.mesh' count(>5deg)=34 freshRecap=0  xcheck(invOff-vs-restW) worst=87.3deg bone[33]
  TIER2 joint-attach(PRIMARY): worst=33.22u bone[13]='bone_R-hand.mesh' parent[5] R=49.4 exactJoint=0.33u pairs=30  (palette-wide exactWorst=3.66u)
[HANDS_ATTACH] mesh='hands_naked.mesh' owner='hands_naked.mesh' frame=2763 nb=38 wext=83.9 rebound=1
  TIER1 rest-coherence: worst=87.3deg bone[33]='bone_L-middlefinger03.mesh' count(>5deg)=34 freshRecap=0  xcheck(invOff-vs-restW) worst=87.3deg bone[33]
  TIER2 joint-attach(PRIMARY): worst=47.55u bone[9]='bone_R-thumb01.mesh' parent[13] R=48.5 exactJoint=0.00u pairs=30  (palette-wide exactWorst=0.00u)
[HANDS_ATTACH] mesh='hands_naked.mesh' owner='hands_naked.mesh' frame=2765 nb=40 wext=51.7 rebound=1
  TIER1 rest-coherence: worst=42.6deg bone[30]='bone_L-middlefinger03.mesh' count(>5deg)=36 freshRecap=0  xcheck(invOff-vs-restW) worst=42.6deg bone[30]
  TIER2 joint-attach(PRIMARY): worst=80.18u bone[0]='bone_R-middlefinger02.mesh' parent[4] R=37.3 exactJoint=3.56u pairs=36  (palette-wide exactWorst=7.26u)
[HANDS_ATTACH] mesh='hands_naked.mesh' owner='hands_naked.mesh' frame=2770 nb=38 wext=67.5 rebound=1
  TIER1 rest-coherence: worst=87.3deg bone[33]='bone_L-middlefinger03.mesh' count(>5deg)=34 freshRecap=0  xcheck(invOff-vs-restW) worst=87.3deg bone[33]
  TIER2 joint-attach(PRIMARY): worst=34.07u bone[13]='bone_R-hand.mesh' parent[5] R=49.4 exactJoint=0.33u pairs=30  (palette-wide exactWorst=4.34u)
[HANDS_ATTACH] mesh='hands_naked.mesh' owner='hands_naked.mesh' frame=2773 nb=38 wext=78.1 rebound=1
  TIER1 rest-coherence: worst=87.3deg bone[33]='bone_L-middlefinger03.mesh' count(>5deg)=34 freshRecap=0  xcheck(invOff-vs-restW) worst=87.3deg bone[33]
  TIER2 joint-attach(PRIMARY): worst=53.34u bone[13]='bone_R-hand.mesh' parent[5] R=49.4 exactJoint=0.00u pairs=30  (palette-wide exactWorst=0.00u)
[HANDS_ATTACH] mesh='hands_naked.mesh' owner='hands_naked.mesh' frame=2775 nb=40 wext=58.0 rebound=1
  TIER1 rest-coherence: worst=42.6deg bone[30]='bone_L-middlefinger03.mesh' count(>5deg)=36 freshRecap=0  xcheck(invOff-vs-restW) worst=42.6deg bone[30]
  TIER2 joint-attach(PRIMARY): worst=73.90u bone[5]='bone_R-ringfinger02.mesh' parent[24] R=37.9 exactJoint=0.00u pairs=36  (palette-wide exactWorst=4.22u)
[HANDS_ATTACH] mesh='hands_naked.mesh' owner='hands_naked.mesh' frame=2780 nb=38 wext=67.2 rebound=1
  TIER1 rest-coherence: worst=87.3deg bone[33]='bone_L-middlefinger03.mesh' count(>5deg)=34 freshRecap=0  xcheck(invOff-vs-restW) worst=87.3deg bone[33]
  TIER2 joint-attach(PRIMARY): worst=33.11u bone[26]='bone_L-middlefinger02.mesh' parent[23] R=47.1 exactJoint=0.00u pairs=30  (palette-wide exactWorst=4.16u)
[HANDS_ATTACH] mesh='hands_naked.mesh' owner='hands_naked.mesh' frame=2783 nb=38 wext=57.6 rebound=1
  TIER1 rest-coherence: worst=87.3deg bone[33]='bone_L-middlefinger03.mesh' count(>5deg)=34 freshRecap=0  xcheck(invOff-vs-restW) worst=87.3deg bone[33]
  TIER2 joint-attach(PRIMARY): worst=71.81u bone[18]='bone_R-pinky02.mesh' parent[14] R=47.4 exactJoint=1.73u pairs=30  (palette-wide exactWorst=10.26u)
[HANDS_ATTACH] mesh='hands_naked.mesh' owner='hands_naked.mesh' frame=2785 nb=40 wext=64.3 rebound=1
  TIER1 rest-coherence: worst=42.6deg bone[30]='bone_L-middlefinger03.mesh' count(>5deg)=36 freshRecap=0  xcheck(invOff-vs-restW) worst=42.6deg bone[30]
  TIER2 joint-attach(PRIMARY): worst=35.20u bone[14]='bone_R-pinky01.mesh' parent[11] R=39.0 exactJoint=0.00u pairs=36  (palette-wide exactWorst=1.92u)
[HANDS_ATTACH] mesh='hands_naked.mesh' owner='hands_naked.mesh' frame=2790 nb=38 wext=67.8 rebound=1
  TIER1 rest-coherence: worst=87.3deg bone[33]='bone_L-middlefinger03.mesh' count(>5deg)=34 freshRecap=0  xcheck(invOff-vs-restW) worst=87.3deg bone[33]
  TIER2 joint-attach(PRIMARY): worst=32.97u bone[18]='bone_R-pinky02.mesh' parent[14] R=47.4 exactJoint=0.00u pairs=30  (palette-wide exactWorst=3.87u)
[HANDS_ATTACH] mesh='hands_naked.mesh' owner='hands_naked.mesh' frame=2793 nb=38 wext=66.0 rebound=1
  TIER1 rest-coherence: worst=87.3deg bone[33]='bone_L-middlefinger03.mesh' count(>5deg)=34 freshRecap=0  xcheck(invOff-vs-restW) worst=87.3deg bone[33]
  TIER2 joint-attach(PRIMARY): worst=71.02u bone[18]='bone_R-pinky02.mesh' parent[14] R=47.4 exactJoint=2.44u pairs=30  (palette-wide exactWorst=10.36u)
[HANDS_ATTACH] mesh='hands_naked.mesh' owner='hands_naked.mesh' frame=2795 nb=40 wext=59.2 rebound=1
  TIER1 rest-coherence: worst=42.6deg bone[30]='bone_L-middlefinger03.mesh' count(>5deg)=36 freshRecap=0  xcheck(invOff-vs-restW) worst=42.6deg bone[30]
  TIER2 joint-attach(PRIMARY): worst=33.80u bone[14]='bone_R-pinky01.mesh' parent[11] R=39.0 exactJoint=0.00u pairs=36  (palette-wide exactWorst=1.92u)
[HANDS_ATTACH] mesh='hands_naked.mesh' owner='hands_naked.mesh' frame=2800 nb=38 wext=68.2 rebound=1
  TIER1 rest-coherence: worst=87.3deg bone[33]='bone_L-middlefinger03.mesh' count(>5deg)=34 freshRecap=0  xcheck(invOff-vs-restW) worst=87.3deg bone[33]
  TIER2 joint-attach(PRIMARY): worst=32.97u bone[18]='bone_R-pinky02.mesh' parent[14] R=47.4 exactJoint=0.00u pairs=30  (palette-wide exactWorst=3.55u)
[HANDS_ATTACH] mesh='hands_naked.mesh' owner='hands_naked.mesh' frame=2803 nb=38 wext=64.8 rebound=1
  TIER1 rest-coherence: worst=87.3deg bone[33]='bone_L-middlefinger03.mesh' count(>5deg)=34 freshRecap=0  xcheck(invOff-vs-restW) worst=87.3deg bone[33]
  TIER2 joint-attach(PRIMARY): worst=71.02u bone[18]='bone_R-pinky02.mesh' parent[14] R=47.4 exactJoint=2.44u pairs=30  (palette-wide exactWorst=10.36u)
[HANDS_ATTACH] mesh='hands_naked.mesh' owner='hands_naked.mesh' frame=2805 nb=40 wext=57.4 rebound=1
  TIER1 rest-coherence: worst=42.6deg bone[30]='bone_L-middlefinger03.mesh' count(>5deg)=36 freshRecap=0  xcheck(invOff-vs-restW) worst=42.6deg bone[30]
  TIER2 joint-attach(PRIMARY): worst=32.43u bone[14]='bone_R-pinky01.mesh' parent[11] R=39.0 exactJoint=0.00u pairs=36  (palette-wide exactWorst=1.92u)
[HANDS_ATTACH] mesh='hands_naked.mesh' owner='hands_naked.mesh' frame=2810 nb=38 wext=69.4 rebound=1
  TIER1 rest-coherence: worst=87.3deg bone[33]='bone_L-middlefinger03.mesh' count(>5deg)=34 freshRecap=0  xcheck(invOff-vs-restW) worst=87.3deg bone[33]
  TIER2 joint-attach(PRIMARY): worst=32.97u bone[18]='bone_R-pinky02.mesh' parent[14] R=47.4 exactJoint=0.00u pairs=30  (palette-wide exactWorst=3.66u)
[HANDS_ATTACH] mesh='hands_naked.mesh' owner='hands_naked.mesh' frame=2813 nb=38 wext=59.6 rebound=1
  TIER1 rest-coherence: worst=87.3deg bone[33]='bone_L-middlefinger03.mesh' count(>5deg)=34 freshRecap=0  xcheck(invOff-vs-restW) worst=87.3deg bone[33]
  TIER2 joint-attach(PRIMARY): worst=71.02u bone[18]='bone_R-pinky02.mesh' parent[14] R=47.4 exactJoint=2.44u pairs=30  (palette-wide exactWorst=10.36u)
[HANDS_ATTACH] mesh='hands_naked.mesh' owner='hands_naked.mesh' frame=2815 nb=40 wext=55.9 rebound=1
  TIER1 rest-coherence: worst=42.6deg bone[30]='bone_L-middlefinger03.mesh' count(>5deg)=36 freshRecap=0  xcheck(invOff-vs-restW) worst=42.6deg bone[30]
  TIER2 joint-attach(PRIMARY): worst=31.07u bone[14]='bone_R-pinky01.mesh' parent[11] R=39.0 exactJoint=0.00u pairs=36  (palette-wide exactWorst=1.92u)
[HANDS_ATTACH] mesh='hands_naked.mesh' owner='hands_naked.mesh' frame=2820 nb=38 wext=70.1 rebound=1
  TIER1 rest-coherence: worst=87.3deg bone[33]='bone_L-middlefinger03.mesh' count(>5deg)=34 freshRecap=0  xcheck(invOff-vs-restW) worst=87.3deg bone[33]
  TIER2 joint-attach(PRIMARY): worst=35.10u bone[13]='bone_R-hand.mesh' parent[5] R=49.4 exactJoint=0.33u pairs=30  (palette-wide exactWorst=3.92u)
[HANDS_ATTACH] mesh='hands_naked.mesh' owner='hands_naked.mesh' frame=2823 nb=38 wext=83.6 rebound=1
  TIER1 rest-coherence: worst=87.3deg bone[33]='bone_L-middlefinger03.mesh' count(>5deg)=34 freshRecap=0  xcheck(invOff-vs-restW) worst=87.3deg bone[33]
  TIER2 joint-attach(PRIMARY): worst=49.17u bone[29]='bone_L-hand.mesh' parent[22] R=49.4 exactJoint=0.00u pairs=30  (palette-wide exactWorst=0.00u)
[HANDS_ATTACH] mesh='hands_naked.mesh' owner='hands_naked.mesh' frame=2825 nb=40 wext=60.3 rebound=1
  TIER1 rest-coherence: worst=42.6deg bone[30]='bone_L-middlefinger03.mesh' count(>5deg)=36 freshRecap=0  xcheck(invOff-vs-restW) worst=42.6deg bone[30]
  TIER2 joint-attach(PRIMARY): worst=29.69u bone[14]='bone_R-pinky01.mesh' parent[11] R=39.0 exactJoint=0.00u pairs=36  (palette-wide exactWorst=1.92u)
[HANDS_ATTACH] mesh='hands_naked.mesh' owner='hands_naked.mesh' frame=2830 nb=38 wext=68.4 rebound=1
  TIER1 rest-coherence: worst=87.3deg bone[33]='bone_L-middlefinger03.mesh' count(>5deg)=34 freshRecap=0  xcheck(invOff-vs-restW) worst=87.3deg bone[33]
  TIER2 joint-attach(PRIMARY): worst=35.58u bone[13]='bone_R-hand.mesh' parent[5] R=49.4 exactJoint=0.33u pairs=30  (palette-wide exactWorst=4.36u)
[HANDS_ATTACH] mesh='hands_naked.mesh' owner='hands_naked.mesh' frame=2833 nb=38 wext=75.3 rebound=1
  TIER1 rest-coherence: worst=87.3deg bone[33]='bone_L-middlefinger03.mesh' count(>5deg)=34 freshRecap=0  xcheck(invOff-vs-restW) worst=87.3deg bone[33]
  TIER2 joint-attach(PRIMARY): worst=71.28u bone[29]='bone_L-hand.mesh' parent[22] R=49.4 exactJoint=0.00u pairs=30  (palette-wide exactWorst=0.00u)
[HANDS_ATTACH] mesh='hands_naked.mesh' owner='hands_naked.mesh' frame=2835 nb=40 wext=61.6 rebound=1
  TIER1 rest-coherence: worst=42.6deg bone[30]='bone_L-middlefinger03.mesh' count(>5deg)=36 freshRecap=0  xcheck(invOff-vs-restW) worst=42.6deg bone[30]
  TIER2 joint-attach(PRIMARY): worst=28.51u bone[39]='bone_L-ringfinger02.mesh' parent[38] R=37.9 exactJoint=0.11u pairs=36  (palette-wide exactWorst=1.92u)
[HANDS_ATTACH] mesh='hands_naked.mesh' owner='hands_naked.mesh' frame=2840 nb=38 wext=67.3 rebound=1
  TIER1 rest-coherence: worst=87.3deg bone[33]='bone_L-middlefinger03.mesh' count(>5deg)=34 freshRecap=0  xcheck(invOff-vs-restW) worst=87.3deg bone[33]
  TIER2 joint-attach(PRIMARY): worst=35.62u bone[13]='bone_R-hand.mesh' parent[5] R=49.4 exactJoint=0.33u pairs=30  (palette-wide exactWorst=4.78u)
[HANDS_ATTACH] mesh='hands_naked.mesh' owner='hands_naked.mesh' frame=2843 nb=38 wext=59.8 rebound=1
  TIER1 rest-coherence: worst=87.3deg bone[33]='bone_L-middlefinger03.mesh' count(>5deg)=34 freshRecap=0  xcheck(invOff-vs-restW) worst=87.3deg bone[33]
  TIER2 joint-attach(PRIMARY): worst=57.66u bone[29]='bone_L-hand.mesh' parent[22] R=49.4 exactJoint=0.00u pairs=30  (palette-wide exactWorst=0.00u)
[HANDS_ATTACH] mesh='hands_naked.mesh' owner='hands_naked.mesh' frame=2845 nb=40 wext=64.3 rebound=1
  TIER1 rest-coherence: worst=42.6deg bone[30]='bone_L-middlefinger03.mesh' count(>5deg)=36 freshRecap=0  xcheck(invOff-vs-restW) worst=42.6deg bone[30]
  TIER2 joint-attach(PRIMARY): worst=28.51u bone[39]='bone_L-ringfinger02.mesh' parent[38] R=37.9 exactJoint=0.11u pairs=36  (palette-wide exactWorst=1.92u)
[HANDS_ATTACH] mesh='hands_naked.mesh' owner='hands_naked.mesh' frame=2850 nb=38 wext=65.9 rebound=1
  TIER1 rest-coherence: worst=87.3deg bone[33]='bone_L-middlefinger03.mesh' count(>5deg)=34 freshRecap=0  xcheck(invOff-vs-restW) worst=87.3deg bone[33]
  TIER2 joint-attach(PRIMARY): worst=36.59u bone[13]='bone_R-hand.mesh' parent[5] R=49.4 exactJoint=0.33u pairs=30  (palette-wide exactWorst=4.80u)
[HANDS_ATTACH] mesh='hands_naked.mesh' owner='hands_naked.mesh' frame=2853 nb=38 wext=66.7 rebound=1
  TIER1 rest-coherence: worst=87.3deg bone[33]='bone_L-middlefinger03.mesh' count(>5deg)=34 freshRecap=0  xcheck(invOff-vs-restW) worst=87.3deg bone[33]
  TIER2 joint-attach(PRIMARY): worst=59.14u bone[29]='bone_L-hand.mesh' parent[22] R=49.4 exactJoint=0.00u pairs=30  (palette-wide exactWorst=0.00u)
[HANDS_ATTACH] mesh='hands_naked.mesh' owner='hands_naked.mesh' frame=2855 nb=40 wext=64.4 rebound=1
  TIER1 rest-coherence: worst=42.6deg bone[30]='bone_L-middlefinger03.mesh' count(>5deg)=36 freshRecap=0  xcheck(invOff-vs-restW) worst=42.6deg bone[30]
  TIER2 joint-attach(PRIMARY): worst=28.52u bone[39]='bone_L-ringfinger02.mesh' parent[38] R=37.9 exactJoint=0.11u pairs=36  (palette-wide exactWorst=1.92u)
[HANDS_ATTACH] mesh='hands_naked.mesh' owner='hands_naked.mesh' frame=2860 nb=38 wext=66.3 rebound=1
  TIER1 rest-coherence: worst=87.3deg bone[33]='bone_L-middlefinger03.mesh' count(>5deg)=34 freshRecap=0  xcheck(invOff-vs-restW) worst=87.3deg bone[33]
  TIER2 joint-attach(PRIMARY): worst=37.65u bone[13]='bone_R-hand.mesh' parent[5] R=49.4 exactJoint=0.33u pairs=30  (palette-wide exactWorst=4.93u)
[HANDS_ATTACH] mesh='hands_naked.mesh' owner='hands_naked.mesh' frame=2863 nb=38 wext=77.0 rebound=1
  TIER1 rest-coherence: worst=87.3deg bone[33]='bone_L-middlefinger03.mesh' count(>5deg)=34 freshRecap=0  xcheck(invOff-vs-restW) worst=87.3deg bone[33]
  TIER2 joint-attach(PRIMARY): worst=60.12u bone[29]='bone_L-hand.mesh' parent[22] R=49.4 exactJoint=0.00u pairs=30  (palette-wide exactWorst=0.00u)
[HANDS_ATTACH] mesh='hands_naked.mesh' owner='hands_naked.mesh' frame=2865 nb=40 wext=64.3 rebound=1
  TIER1 rest-coherence: worst=42.6deg bone[30]='bone_L-middlefinger03.mesh' count(>5deg)=36 freshRecap=0  xcheck(invOff-vs-restW) worst=42.6deg bone[30]
  TIER2 joint-attach(PRIMARY): worst=28.52u bone[39]='bone_L-ringfinger02.mesh' parent[38] R=37.9 exactJoint=0.11u pairs=36  (palette-wide exactWorst=1.92u)
[HANDS_ATTACH] mesh='hands_naked.mesh' owner='hands_naked.mesh' frame=2870 nb=38 wext=78.6 rebound=1
  TIER1 rest-coherence: worst=87.3deg bone[33]='bone_L-middlefinger03.mesh' count(>5deg)=34 freshRecap=0  xcheck(invOff-vs-restW) worst=87.3deg bone[33]
  TIER2 joint-attach(PRIMARY): worst=33.01u bone[18]='bone_R-pinky02.mesh' parent[14] R=47.4 exactJoint=0.00u pairs=30  (palette-wide exactWorst=3.29u)
[HANDS_ATTACH] mesh='hands_naked.mesh' owner='hands_naked.mesh' frame=2873 nb=38 wext=77.3 rebound=1
  TIER1 rest-coherence: worst=87.3deg bone[33]='bone_L-middlefinger03.mesh' count(>5deg)=34 freshRecap=0  xcheck(invOff-vs-restW) worst=87.3deg bone[33]
  TIER2 joint-attach(PRIMARY): worst=54.71u bone[29]='bone_L-hand.mesh' parent[22] R=49.4 exactJoint=0.00u pairs=30  (palette-wide exactWorst=0.00u)
[HANDS_ATTACH] mesh='hands_naked.mesh' owner='hands_naked.mesh' frame=2875 nb=40 wext=61.5 rebound=1
  TIER1 rest-coherence: worst=42.6deg bone[30]='bone_L-middlefinger03.mesh' count(>5deg)=36 freshRecap=0  xcheck(invOff-vs-restW) worst=42.6deg bone[30]
  TIER2 joint-attach(PRIMARY): worst=14.70u bone[16]='bone_R-thumb01.mesh' parent[1] R=38.3 exactJoint=0.00u pairs=36  (palette-wide exactWorst=0.04u)
[HANDS_ATTACH] mesh='hands_naked.mesh' owner='hands_naked.mesh' frame=2880 nb=38 wext=79.3 rebound=1
  TIER1 rest-coherence: worst=87.3deg bone[33]='bone_L-middlefinger03.mesh' count(>5deg)=34 freshRecap=0  xcheck(invOff-vs-restW) worst=87.3deg bone[33]
  TIER2 joint-attach(PRIMARY): worst=33.01u bone[18]='bone_R-pinky02.mesh' parent[14] R=47.4 exactJoint=0.00u pairs=30  (palette-wide exactWorst=3.31u)
[HANDS_ATTACH] mesh='hands_naked.mesh' owner='hands_naked.mesh' frame=2883 nb=38 wext=78.3 rebound=1
  TIER1 rest-coherence: worst=87.3deg bone[33]='bone_L-middlefinger03.mesh' count(>5deg)=34 freshRecap=0  xcheck(invOff-vs-restW) worst=87.3deg bone[33]
  TIER2 joint-attach(PRIMARY): worst=54.68u bone[29]='bone_L-hand.mesh' parent[22] R=49.4 exactJoint=0.00u pairs=30  (palette-wide exactWorst=0.00u)
[HANDS_ATTACH] mesh='hands_naked.mesh' owner='hands_naked.mesh' frame=2885 nb=40 wext=61.6 rebound=1
  TIER1 rest-coherence: worst=42.6deg bone[30]='bone_L-middlefinger03.mesh' count(>5deg)=36 freshRecap=0  xcheck(invOff-vs-restW) worst=42.6deg bone[30]
  TIER2 joint-attach(PRIMARY): worst=16.62u bone[16]='bone_R-thumb01.mesh' parent[1] R=38.3 exactJoint=0.00u pairs=36  (palette-wide exactWorst=0.04u)
[HANDS_ATTACH] mesh='hands_naked.mesh' owner='hands_naked.mesh' frame=2890 nb=38 wext=79.8 rebound=1
  TIER1 rest-coherence: worst=87.3deg bone[33]='bone_L-middlefinger03.mesh' count(>5deg)=34 freshRecap=0  xcheck(invOff-vs-restW) worst=87.3deg bone[33]
  TIER2 joint-attach(PRIMARY): worst=33.01u bone[18]='bone_R-pinky02.mesh' parent[14] R=47.4 exactJoint=0.00u pairs=30  (palette-wide exactWorst=3.55u)
[HANDS_ATTACH] mesh='hands_naked.mesh' owner='hands_naked.mesh' frame=2893 nb=38 wext=72.5 rebound=1
  TIER1 rest-coherence: worst=87.3deg bone[33]='bone_L-middlefinger03.mesh' count(>5deg)=34 freshRecap=0  xcheck(invOff-vs-restW) worst=87.3deg bone[33]
  TIER2 joint-attach(PRIMARY): worst=49.71u bone[29]='bone_L-hand.mesh' parent[22] R=49.4 exactJoint=0.00u pairs=30  (palette-wide exactWorst=0.00u)
[HANDS_ATTACH] mesh='hands_naked.mesh' owner='hands_naked.mesh' frame=2895 nb=40 wext=62.2 rebound=1
  TIER1 rest-coherence: worst=42.6deg bone[30]='bone_L-middlefinger03.mesh' count(>5deg)=36 freshRecap=0  xcheck(invOff-vs-restW) worst=42.6deg bone[30]
  TIER2 joint-attach(PRIMARY): worst=18.72u bone[16]='bone_R-thumb01.mesh' parent[1] R=38.3 exactJoint=0.00u pairs=36  (palette-wide exactWorst=0.04u)
[HANDS_ATTACH] mesh='hands_naked.mesh' owner='hands_naked.mesh' frame=2900 nb=38 wext=80.3 rebound=1
  TIER1 rest-coherence: worst=87.3deg bone[33]='bone_L-middlefinger03.mesh' count(>5deg)=34 freshRecap=0  xcheck(invOff-vs-restW) worst=87.3deg bone[33]
  TIER2 joint-attach(PRIMARY): worst=33.01u bone[18]='bone_R-pinky02.mesh' parent[14] R=47.4 exactJoint=0.00u pairs=30  (palette-wide exactWorst=3.85u)
[HANDS_ATTACH] mesh='hands_naked.mesh' owner='hands_naked.mesh' frame=2903 nb=38 wext=69.9 rebound=1
  TIER1 rest-coherence: worst=87.3deg bone[33]='bone_L-middlefinger03.mesh' count(>5deg)=34 freshRecap=0  xcheck(invOff-vs-restW) worst=87.3deg bone[33]
  TIER2 joint-attach(PRIMARY): worst=47.55u bone[29]='bone_L-hand.mesh' parent[22] R=49.4 exactJoint=0.00u pairs=30  (palette-wide exactWorst=0.00u)
[HANDS_ATTACH] mesh='hands_naked.mesh' owner='hands_naked.mesh' frame=2905 nb=40 wext=61.6 rebound=1
  TIER1 rest-coherence: worst=42.6deg bone[30]='bone_L-middlefinger03.mesh' count(>5deg)=36 freshRecap=0  xcheck(invOff-vs-restW) worst=42.6deg bone[30]
  TIER2 joint-attach(PRIMARY): worst=20.75u bone[16]='bone_R-thumb01.mesh' parent[1] R=38.3 exactJoint=0.00u pairs=36  (palette-wide exactWorst=0.04u)
[HANDS_ATTACH] mesh='hands_naked.mesh' owner='hands_naked.mesh' frame=2910 nb=38 wext=80.9 rebound=1
  TIER1 rest-coherence: worst=87.3deg bone[33]='bone_L-middlefinger03.mesh' count(>5deg)=34 freshRecap=0  xcheck(invOff-vs-restW) worst=87.3deg bone[33]
  TIER2 joint-attach(PRIMARY): worst=33.05u bone[26]='bone_L-middlefinger02.mesh' parent[23] R=47.1 exactJoint=0.00u pairs=30  (palette-wide exactWorst=4.04u)
[HANDS_ATTACH] mesh='hands_naked.mesh' owner='hands_naked.mesh' frame=2913 nb=38 wext=69.0 rebound=1
  TIER1 rest-coherence: worst=87.3deg bone[33]='bone_L-middlefinger03.mesh' count(>5deg)=34 freshRecap=0  xcheck(invOff-vs-restW) worst=87.3deg bone[33]
  TIER2 joint-attach(PRIMARY): worst=45.40u bone[29]='bone_L-hand.mesh' parent[22] R=49.4 exactJoint=0.00u pairs=30  (palette-wide exactWorst=0.00u)
[HANDS_ATTACH] mesh='hands_naked.mesh' owner='hands_naked.mesh' frame=2915 nb=40 wext=61.3 rebound=1
  TIER1 rest-coherence: worst=42.6deg bone[30]='bone_L-middlefinger03.mesh' count(>5deg)=36 freshRecap=0  xcheck(invOff-vs-restW) worst=42.6deg bone[30]
  TIER2 joint-attach(PRIMARY): worst=22.13u bone[16]='bone_R-thumb01.mesh' parent[1] R=38.3 exactJoint=0.00u pairs=36  (palette-wide exactWorst=0.04u)
[HANDS_ATTACH] mesh='hands_naked.mesh' owner='hands_naked.mesh' frame=2920 nb=38 wext=81.5 rebound=1
  TIER1 rest-coherence: worst=87.3deg bone[33]='bone_L-middlefinger03.mesh' count(>5deg)=34 freshRecap=0  xcheck(invOff-vs-restW) worst=87.3deg bone[33]
  TIER2 joint-attach(PRIMARY): worst=33.17u bone[26]='bone_L-middlefinger02.mesh' parent[23] R=47.1 exactJoint=0.00u pairs=30  (palette-wide exactWorst=4.21u)
[HANDS_ATTACH] mesh='hands_naked.mesh' owner='hands_naked.mesh' frame=2923 nb=38 wext=59.5 rebound=1
  TIER1 rest-coherence: worst=87.3deg bone[33]='bone_L-middlefinger03.mesh' count(>5deg)=34 freshRecap=0  xcheck(invOff-vs-restW) worst=87.3deg bone[33]
  TIER2 joint-attach(PRIMARY): worst=31.66u bone[33]='bone_L-middlefinger03.mesh' parent[26] R=47.0 exactJoint=0.00u pairs=30  (palette-wide exactWorst=0.00u)
[HANDS_ATTACH] mesh='hands_naked.mesh' owner='hands_naked.mesh' frame=2925 nb=40 wext=59.0 rebound=1
  TIER1 rest-coherence: worst=42.6deg bone[30]='bone_L-middlefinger03.mesh' count(>5deg)=36 freshRecap=0  xcheck(invOff-vs-restW) worst=42.6deg bone[30]
  TIER2 joint-attach(PRIMARY): worst=22.12u bone[16]='bone_R-thumb01.mesh' parent[1] R=38.3 exactJoint=0.00u pairs=36  (palette-wide exactWorst=0.04u)
[HANDS_ATTACH] mesh='hands_naked.mesh' owner='hands_naked.mesh' frame=2930 nb=38 wext=82.0 rebound=1
  TIER1 rest-coherence: worst=87.3deg bone[33]='bone_L-middlefinger03.mesh' count(>5deg)=34 freshRecap=0  xcheck(invOff-vs-restW) worst=87.3deg bone[33]
  TIER2 joint-attach(PRIMARY): worst=33.23u bone[26]='bone_L-middlefinger02.mesh' parent[23] R=47.1 exactJoint=0.00u pairs=30  (palette-wide exactWorst=4.32u)
[HANDS_ATTACH] mesh='hands_naked.mesh' owner='hands_naked.mesh' frame=2933 nb=38 wext=55.1 rebound=1
  TIER1 rest-coherence: worst=87.3deg bone[33]='bone_L-middlefinger03.mesh' count(>5deg)=34 freshRecap=0  xcheck(invOff-vs-restW) worst=87.3deg bone[33]
  TIER2 joint-attach(PRIMARY): worst=31.66u bone[33]='bone_L-middlefinger03.mesh' parent[26] R=47.0 exactJoint=0.00u pairs=30  (palette-wide exactWorst=0.00u)
[HANDS_ATTACH] mesh='hands_naked.mesh' owner='hands_naked.mesh' frame=2935 nb=40 wext=61.0 rebound=1
  TIER1 rest-coherence: worst=42.6deg bone[30]='bone_L-middlefinger03.mesh' count(>5deg)=36 freshRecap=0  xcheck(invOff-vs-restW) worst=42.6deg bone[30]
  TIER2 joint-attach(PRIMARY): worst=20.04u bone[16]='bone_R-thumb01.mesh' parent[1] R=38.3 exactJoint=0.00u pairs=36  (palette-wide exactWorst=0.04u)
[HANDS_ATTACH] mesh='hands_naked.mesh' owner='hands_naked.mesh' frame=2940 nb=38 wext=82.6 rebound=1
  TIER1 rest-coherence: worst=87.3deg bone[33]='bone_L-middlefinger03.mesh' count(>5deg)=34 freshRecap=0  xcheck(invOff-vs-restW) worst=87.3deg bone[33]
  TIER2 joint-attach(PRIMARY): worst=34.88u bone[13]='bone_R-hand.mesh' parent[5] R=49.4 exactJoint=0.33u pairs=30  (palette-wide exactWorst=4.35u)
[HANDS_ATTACH] mesh='hands_naked.mesh' owner='hands_naked.mesh' frame=2943 nb=38 wext=62.5 rebound=1
  TIER1 rest-coherence: worst=87.3deg bone[33]='bone_L-middlefinger03.mesh' count(>5deg)=34 freshRecap=0  xcheck(invOff-vs-restW) worst=87.3deg bone[33]
  TIER2 joint-attach(PRIMARY): worst=44.14u bone[18]='bone_R-pinky02.mesh' parent[14] R=47.4 exactJoint=0.00u pairs=30  (palette-wide exactWorst=1.92u)
[HANDS_ATTACH] mesh='hands_naked.mesh' owner='hands_naked.mesh' frame=2945 nb=40 wext=60.4 rebound=1
  TIER1 rest-coherence: worst=42.6deg bone[30]='bone_L-middlefinger03.mesh' count(>5deg)=36 freshRecap=0  xcheck(invOff-vs-restW) worst=42.6deg bone[30]
  TIER2 joint-attach(PRIMARY): worst=15.22u bone[16]='bone_R-thumb01.mesh' parent[1] R=38.3 exactJoint=0.00u pairs=36  (palette-wide exactWorst=0.04u)
[HANDS_ATTACH] mesh='hands_naked.mesh' owner='hands_naked.mesh' frame=2950 nb=38 wext=82.8 rebound=1
  TIER1 rest-coherence: worst=87.3deg bone[33]='bone_L-middlefinger03.mesh' count(>5deg)=34 freshRecap=0  xcheck(invOff-vs-restW) worst=87.3deg bone[33]
  TIER2 joint-attach(PRIMARY): worst=37.63u bone[13]='bone_R-hand.mesh' parent[5] R=49.4 exactJoint=0.33u pairs=30  (palette-wide exactWorst=4.29u)
[HANDS_ATTACH] mesh='hands_naked.mesh' owner='hands_naked.mesh' frame=2953 nb=38 wext=64.3 rebound=1
  TIER1 rest-coherence: worst=87.3deg bone[33]='bone_L-middlefinger03.mesh' count(>5deg)=34 freshRecap=0  xcheck(invOff-vs-restW) worst=87.3deg bone[33]
  TIER2 joint-attach(PRIMARY): worst=71.02u bone[18]='bone_R-pinky02.mesh' parent[14] R=47.4 exactJoint=2.44u pairs=30  (palette-wide exactWorst=10.36u)
[HANDS_ATTACH] mesh='hands_naked.mesh' owner='hands_naked.mesh' frame=2955 nb=40 wext=46.3 rebound=1
  TIER1 rest-coherence: worst=42.6deg bone[30]='bone_L-middlefinger03.mesh' count(>5deg)=36 freshRecap=0  xcheck(invOff-vs-restW) worst=42.6deg bone[30]
  TIER2 joint-attach(PRIMARY): worst=31.03u bone[16]='bone_R-thumb01.mesh' parent[1] R=38.3 exactJoint=0.00u pairs=36  (palette-wide exactWorst=0.04u)
[HANDS_ATTACH] mesh='hands_naked.mesh' owner='hands_naked.mesh' frame=2960 nb=38 wext=83.6 rebound=1
  TIER1 rest-coherence: worst=87.3deg bone[33]='bone_L-middlefinger03.mesh' count(>5deg)=34 freshRecap=0  xcheck(invOff-vs-restW) worst=87.3deg bone[33]
  TIER2 joint-attach(PRIMARY): worst=40.29u bone[13]='bone_R-hand.mesh' parent[5] R=49.4 exactJoint=0.33u pairs=30  (palette-wide exactWorst=3.95u)
[HANDS_ATTACH] mesh='hands_naked.mesh' owner='hands_naked.mesh' frame=2963 nb=38 wext=60.6 rebound=1
  TIER1 rest-coherence: worst=87.3deg bone[33]='bone_L-middlefinger03.mesh' count(>5deg)=34 freshRecap=0  xcheck(invOff-vs-restW) worst=87.3deg bone[33]
  TIER2 joint-attach(PRIMARY): worst=71.02u bone[18]='bone_R-pinky02.mesh' parent[14] R=47.4 exactJoint=2.44u pairs=30  (palette-wide exactWorst=10.36u)
[HANDS_ATTACH] mesh='hands_naked.mesh' owner='hands_naked.mesh' frame=2965 nb=40 wext=38.8 rebound=1
  TIER1 rest-coherence: worst=42.6deg bone[30]='bone_L-middlefinger03.mesh' count(>5deg)=36 freshRecap=0  xcheck(invOff-vs-restW) worst=42.6deg bone[30]
  TIER2 joint-attach(PRIMARY): worst=54.07u bone[16]='bone_R-thumb01.mesh' parent[1] R=38.3 exactJoint=0.03u pairs=36  (palette-wide exactWorst=1.93u)
[HANDS_ATTACH] mesh='hands_naked.mesh' owner='hands_naked.mesh' frame=2970 nb=38 wext=83.3 rebound=1
  TIER1 rest-coherence: worst=87.3deg bone[33]='bone_L-middlefinger03.mesh' count(>5deg)=34 freshRecap=0  xcheck(invOff-vs-restW) worst=87.3deg bone[33]
  TIER2 joint-attach(PRIMARY): worst=38.98u bone[13]='bone_R-hand.mesh' parent[5] R=49.4 exactJoint=0.33u pairs=30  (palette-wide exactWorst=3.48u)
[HANDS_ATTACH] mesh='hands_naked.mesh' owner='hands_naked.mesh' frame=2973 nb=38 wext=79.3 rebound=1
  TIER1 rest-coherence: worst=87.3deg bone[33]='bone_L-middlefinger03.mesh' count(>5deg)=34 freshRecap=0  xcheck(invOff-vs-restW) worst=87.3deg bone[33]
  TIER2 joint-attach(PRIMARY): worst=71.02u bone[18]='bone_R-pinky02.mesh' parent[14] R=47.4 exactJoint=2.44u pairs=30  (palette-wide exactWorst=10.36u)
[HANDS_ATTACH] mesh='hands_naked.mesh' owner='hands_naked.mesh' frame=2975 nb=40 wext=39.2 rebound=1
  TIER1 rest-coherence: worst=42.6deg bone[30]='bone_L-middlefinger03.mesh' count(>5deg)=36 freshRecap=0  xcheck(invOff-vs-restW) worst=42.6deg bone[30]
  TIER2 joint-attach(PRIMARY): worst=49.28u bone[16]='bone_R-thumb01.mesh' parent[1] R=38.3 exactJoint=0.00u pairs=36  (palette-wide exactWorst=1.68u)
[HANDS_ATTACH] mesh='hands_naked.mesh' owner='hands_naked.mesh' frame=2980 nb=38 wext=82.4 rebound=1
  TIER1 rest-coherence: worst=87.3deg bone[33]='bone_L-middlefinger03.mesh' count(>5deg)=34 freshRecap=0  xcheck(invOff-vs-restW) worst=87.3deg bone[33]
  TIER2 joint-attach(PRIMARY): worst=36.50u bone[13]='bone_R-hand.mesh' parent[5] R=49.4 exactJoint=0.33u pairs=30  (palette-wide exactWorst=3.13u)
[HANDS_ATTACH] mesh='hands_naked.mesh' owner='hands_naked.mesh' frame=2983 nb=38 wext=87.6 rebound=1
  TIER1 rest-coherence: worst=87.3deg bone[33]='bone_L-middlefinger03.mesh' count(>5deg)=34 freshRecap=0  xcheck(invOff-vs-restW) worst=87.3deg bone[33]
  TIER2 joint-attach(PRIMARY): worst=71.02u bone[18]='bone_R-pinky02.mesh' parent[14] R=47.4 exactJoint=2.44u pairs=30  (palette-wide exactWorst=10.36u)
[HANDS_ATTACH] mesh='hands_naked.mesh' owner='hands_naked.mesh' frame=2985 nb=40 wext=42.8 rebound=1
  TIER1 rest-coherence: worst=42.6deg bone[30]='bone_L-middlefinger03.mesh' count(>5deg)=36 freshRecap=0  xcheck(invOff-vs-restW) worst=42.6deg bone[30]
  TIER2 joint-attach(PRIMARY): worst=52.62u bone[5]='bone_R-ringfinger02.mesh' parent[24] R=37.9 exactJoint=1.18u pairs=36  (palette-wide exactWorst=3.37u)
[HANDS_ATTACH] mesh='hands_naked.mesh' owner='hands_naked.mesh' frame=2990 nb=38 wext=82.4 rebound=1
  TIER1 rest-coherence: worst=87.3deg bone[33]='bone_L-middlefinger03.mesh' count(>5deg)=34 freshRecap=0  xcheck(invOff-vs-restW) worst=87.3deg bone[33]
  TIER2 joint-attach(PRIMARY): worst=35.47u bone[13]='bone_R-hand.mesh' parent[5] R=49.4 exactJoint=0.33u pairs=30  (palette-wide exactWorst=3.14u)
[HANDS_ATTACH] mesh='hands_naked.mesh' owner='hands_naked.mesh' frame=2993 nb=38 wext=89.8 rebound=1
  TIER1 rest-coherence: worst=87.3deg bone[33]='bone_L-middlefinger03.mesh' count(>5deg)=34 freshRecap=0  xcheck(invOff-vs-restW) worst=87.3deg bone[33]
  TIER2 joint-attach(PRIMARY): worst=71.02u bone[18]='bone_R-pinky02.mesh' parent[14] R=47.4 exactJoint=2.44u pairs=30  (palette-wide exactWorst=10.36u)
[HANDS_ATTACH] mesh='hands_naked.mesh' owner='hands_naked.mesh' frame=2995 nb=40 wext=43.8 rebound=1
  TIER1 rest-coherence: worst=42.6deg bone[30]='bone_L-middlefinger03.mesh' count(>5deg)=36 freshRecap=0  xcheck(invOff-vs-restW) worst=42.6deg bone[30]
  TIER2 joint-attach(PRIMARY): worst=42.49u bone[24]='bone_R-ringfinger01.mesh' parent[21] R=38.6 exactJoint=5.51u pairs=36  (palette-wide exactWorst=7.78u)
[HANDS_ATTACH] mesh='hands_naked.mesh' owner='hands_naked.mesh' frame=3000 nb=38 wext=82.6 rebound=1
  TIER1 rest-coherence: worst=87.3deg bone[33]='bone_L-middlefinger03.mesh' count(>5deg)=34 freshRecap=0  xcheck(invOff-vs-restW) worst=87.3deg bone[33]
  TIER2 joint-attach(PRIMARY): worst=34.35u bone[13]='bone_R-hand.mesh' parent[5] R=49.4 exactJoint=0.33u pairs=30  (palette-wide exactWorst=3.15u)
[HANDS_ATTACH] mesh='hands_naked.mesh' owner='hands_naked.mesh' frame=3003 nb=38 wext=94.1 rebound=1
  TIER1 rest-coherence: worst=87.3deg bone[33]='bone_L-middlefinger03.mesh' count(>5deg)=34 freshRecap=0  xcheck(invOff-vs-restW) worst=87.3deg bone[33]
  TIER2 joint-attach(PRIMARY): worst=71.02u bone[18]='bone_R-pinky02.mesh' parent[14] R=47.4 exactJoint=2.44u pairs=30  (palette-wide exactWorst=10.36u)
[HANDS_ATTACH] mesh='hands_naked.mesh' owner='hands_naked.mesh' frame=3005 nb=40 wext=60.4 rebound=1
  TIER1 rest-coherence: worst=42.6deg bone[30]='bone_L-middlefinger03.mesh' count(>5deg)=36 freshRecap=0  xcheck(invOff-vs-restW) worst=42.6deg bone[30]
  TIER2 joint-attach(PRIMARY): worst=37.84u bone[13]='bone_R-pinky03.mesh' parent[9] R=37.9 exactJoint=0.00u pairs=36  (palette-wide exactWorst=7.99u)
[HANDS_ATTACH] mesh='hands_naked.mesh' owner='hands_naked.mesh' frame=3010 nb=38 wext=82.0 rebound=1
  TIER1 rest-coherence: worst=87.3deg bone[33]='bone_L-middlefinger03.mesh' count(>5deg)=34 freshRecap=0  xcheck(invOff-vs-restW) worst=87.3deg bone[33]
  TIER2 joint-attach(PRIMARY): worst=33.01u bone[18]='bone_R-pinky02.mesh' parent[14] R=47.4 exactJoint=0.00u pairs=30  (palette-wide exactWorst=3.26u)
[HANDS_ATTACH] mesh='hands_naked.mesh' owner='hands_naked.mesh' frame=3013 nb=38 wext=73.5 rebound=1
  TIER1 rest-coherence: worst=87.3deg bone[33]='bone_L-middlefinger03.mesh' count(>5deg)=34 freshRecap=0  xcheck(invOff-vs-restW) worst=87.3deg bone[33]
  TIER2 joint-attach(PRIMARY): worst=38.03u bone[13]='bone_R-hand.mesh' parent[5] R=49.4 exactJoint=0.00u pairs=30  (palette-wide exactWorst=0.00u)
[HANDS_ATTACH] mesh='hands_naked.mesh' owner='hands_naked.mesh' frame=3015 nb=40 wext=67.3 rebound=1
  TIER1 rest-coherence: worst=42.6deg bone[30]='bone_L-middlefinger03.mesh' count(>5deg)=36 freshRecap=0  xcheck(invOff-vs-restW) worst=42.6deg bone[30]
  TIER2 joint-attach(PRIMARY): worst=23.46u bone[22]='bone_L-index02.mesh' parent[27] R=36.5 exactJoint=0.00u pairs=36  (palette-wide exactWorst=7.09u)
[HANDS_ATTACH] mesh='hands_naked.mesh' owner='hands_naked.mesh' frame=3020 nb=38 wext=62.7 rebound=1
  TIER1 rest-coherence: worst=87.3deg bone[33]='bone_L-middlefinger03.mesh' count(>5deg)=34 freshRecap=0  xcheck(invOff-vs-restW) worst=87.3deg bone[33]
  TIER2 joint-attach(PRIMARY): worst=52.31u bone[29]='bone_L-hand.mesh' parent[22] R=49.4 exactJoint=0.14u pairs=30  (palette-wide exactWorst=4.65u)
[HANDS_ATTACH] mesh='hands_naked.mesh' owner='hands_naked.mesh' frame=3023 nb=38 wext=72.9 rebound=1
  TIER1 rest-coherence: worst=87.3deg bone[33]='bone_L-middlefinger03.mesh' count(>5deg)=34 freshRecap=0  xcheck(invOff-vs-restW) worst=87.3deg bone[33]
  TIER2 joint-attach(PRIMARY): worst=39.66u bone[13]='bone_R-hand.mesh' parent[5] R=49.4 exactJoint=0.00u pairs=30  (palette-wide exactWorst=0.00u)
[HANDS_ATTACH] mesh='hands_naked.mesh' owner='hands_naked.mesh' frame=3025 nb=40 wext=73.1 rebound=1
  TIER1 rest-coherence: worst=42.6deg bone[30]='bone_L-middlefinger03.mesh' count(>5deg)=36 freshRecap=0  xcheck(invOff-vs-restW) worst=42.6deg bone[30]
  TIER2 joint-attach(PRIMARY): worst=23.00u bone[22]='bone_L-index02.mesh' parent[27] R=36.5 exactJoint=0.07u pairs=36  (palette-wide exactWorst=7.09u)
[HANDS_ATTACH] mesh='hands_naked.mesh' owner='hands_naked.mesh' frame=3030 nb=38 wext=62.3 rebound=1
  TIER1 rest-coherence: worst=87.3deg bone[33]='bone_L-middlefinger03.mesh' count(>5deg)=34 freshRecap=0  xcheck(invOff-vs-restW) worst=87.3deg bone[33]
  TIER2 joint-attach(PRIMARY): worst=59.37u bone[29]='bone_L-hand.mesh' parent[22] R=49.4 exactJoint=0.14u pairs=30  (palette-wide exactWorst=4.65u)
[HANDS_ATTACH] mesh='hands_naked.mesh' owner='hands_naked.mesh' frame=3033 nb=38 wext=90.3 rebound=1
  TIER1 rest-coherence: worst=87.3deg bone[33]='bone_L-middlefinger03.mesh' count(>5deg)=34 freshRecap=0  xcheck(invOff-vs-restW) worst=87.3deg bone[33]
  TIER2 joint-attach(PRIMARY): worst=47.57u bone[13]='bone_R-hand.mesh' parent[5] R=49.4 exactJoint=0.00u pairs=30  (palette-wide exactWorst=0.00u)
[HANDS_ATTACH] mesh='hands_naked.mesh' owner='hands_naked.mesh' frame=3035 nb=40 wext=68.2 rebound=1
  TIER1 rest-coherence: worst=42.6deg bone[30]='bone_L-middlefinger03.mesh' count(>5deg)=36 freshRecap=0  xcheck(invOff-vs-restW) worst=42.6deg bone[30]
  TIER2 joint-attach(PRIMARY): worst=23.55u bone[22]='bone_L-index02.mesh' parent[27] R=36.5 exactJoint=0.00u pairs=36  (palette-wide exactWorst=7.09u)
[HANDS_ATTACH] mesh='hands_naked.mesh' owner='hands_naked.mesh' frame=3040 nb=38 wext=62.8 rebound=1
  TIER1 rest-coherence: worst=87.3deg bone[33]='bone_L-middlefinger03.mesh' count(>5deg)=34 freshRecap=0  xcheck(invOff-vs-restW) worst=87.3deg bone[33]
  TIER2 joint-attach(PRIMARY): worst=55.55u bone[29]='bone_L-hand.mesh' parent[22] R=49.4 exactJoint=0.14u pairs=30  (palette-wide exactWorst=4.64u)
[HANDS_ATTACH] mesh='hands_naked.mesh' owner='hands_naked.mesh' frame=3043 nb=38 wext=86.3 rebound=1
  TIER1 rest-coherence: worst=87.3deg bone[33]='bone_L-middlefinger03.mesh' count(>5deg)=34 freshRecap=0  xcheck(invOff-vs-restW) worst=87.3deg bone[33]
  TIER2 joint-attach(PRIMARY): worst=60.08u bone[13]='bone_R-hand.mesh' parent[5] R=49.4 exactJoint=0.00u pairs=30  (palette-wide exactWorst=4.09u)
[HANDS_ATTACH] mesh='hands_naked.mesh' owner='hands_naked.mesh' frame=3045 nb=40 wext=70.4 rebound=1
  TIER1 rest-coherence: worst=42.6deg bone[30]='bone_L-middlefinger03.mesh' count(>5deg)=36 freshRecap=0  xcheck(invOff-vs-restW) worst=42.6deg bone[30]
  TIER2 joint-attach(PRIMARY): worst=23.49u bone[22]='bone_L-index02.mesh' parent[27] R=36.5 exactJoint=0.02u pairs=36  (palette-wide exactWorst=7.09u)
[HANDS_ATTACH] mesh='hands_naked.mesh' owner='hands_naked.mesh' frame=3050 nb=38 wext=63.7 rebound=1
  TIER1 rest-coherence: worst=87.3deg bone[33]='bone_L-middlefinger03.mesh' count(>5deg)=34 freshRecap=0  xcheck(invOff-vs-restW) worst=87.3deg bone[33]
  TIER2 joint-attach(PRIMARY): worst=56.44u bone[29]='bone_L-hand.mesh' parent[22] R=49.4 exactJoint=0.14u pairs=30  (palette-wide exactWorst=4.64u)
[HANDS_ATTACH] mesh='hands_naked.mesh' owner='hands_naked.mesh' frame=3053 nb=38 wext=80.2 rebound=1
  TIER1 rest-coherence: worst=87.3deg bone[33]='bone_L-middlefinger03.mesh' count(>5deg)=34 freshRecap=0  xcheck(invOff-vs-restW) worst=87.3deg bone[33]
  TIER2 joint-attach(PRIMARY): worst=69.87u bone[13]='bone_R-hand.mesh' parent[5] R=49.4 exactJoint=0.00u pairs=30  (palette-wide exactWorst=5.50u)
[HANDS_ATTACH] mesh='hands_naked.mesh' owner='hands_naked.mesh' frame=3055 nb=40 wext=65.4 rebound=1
  TIER1 rest-coherence: worst=42.6deg bone[30]='bone_L-middlefinger03.mesh' count(>5deg)=36 freshRecap=0  xcheck(invOff-vs-restW) worst=42.6deg bone[30]
  TIER2 joint-attach(PRIMARY): worst=24.13u bone[22]='bone_L-index02.mesh' parent[27] R=36.5 exactJoint=0.00u pairs=36  (palette-wide exactWorst=7.09u)
[HANDS_ATTACH] mesh='hands_naked.mesh' owner='hands_naked.mesh' frame=3060 nb=38 wext=61.9 rebound=1
  TIER1 rest-coherence: worst=87.3deg bone[33]='bone_L-middlefinger03.mesh' count(>5deg)=34 freshRecap=0  xcheck(invOff-vs-restW) worst=87.3deg bone[33]
  TIER2 joint-attach(PRIMARY): worst=56.06u bone[29]='bone_L-hand.mesh' parent[22] R=49.4 exactJoint=0.14u pairs=30  (palette-wide exactWorst=4.63u)
[HANDS_ATTACH] mesh='hands_naked.mesh' owner='hands_naked.mesh' frame=3063 nb=38 wext=84.9 rebound=1
  TIER1 rest-coherence: worst=87.3deg bone[33]='bone_L-middlefinger03.mesh' count(>5deg)=34 freshRecap=0  xcheck(invOff-vs-restW) worst=87.3deg bone[33]
  TIER2 joint-attach(PRIMARY): worst=46.70u bone[13]='bone_R-hand.mesh' parent[5] R=49.4 exactJoint=0.00u pairs=30  (palette-wide exactWorst=2.07u)
[HANDS_ATTACH] mesh='hands_naked.mesh' owner='hands_naked.mesh' frame=3065 nb=40 wext=57.5 rebound=1
  TIER1 rest-coherence: worst=42.6deg bone[30]='bone_L-middlefinger03.mesh' count(>5deg)=36 freshRecap=0  xcheck(invOff-vs-restW) worst=42.6deg bone[30]
  TIER2 joint-attach(PRIMARY): worst=23.89u bone[22]='bone_L-index02.mesh' parent[27] R=36.5 exactJoint=0.00u pairs=36  (palette-wide exactWorst=7.09u)
[HANDS_ATTACH] mesh='hands_naked.mesh' owner='hands_naked.mesh' frame=3070 nb=38 wext=60.8 rebound=1
  TIER1 rest-coherence: worst=87.3deg bone[33]='bone_L-middlefinger03.mesh' count(>5deg)=34 freshRecap=0  xcheck(invOff-vs-restW) worst=87.3deg bone[33]
  TIER2 joint-attach(PRIMARY): worst=55.80u bone[29]='bone_L-hand.mesh' parent[22] R=49.4 exactJoint=0.14u pairs=30  (palette-wide exactWorst=4.63u)
[HANDS_ATTACH] mesh='hands_naked.mesh' owner='hands_naked.mesh' frame=3073 nb=38 wext=77.5 rebound=1
  TIER1 rest-coherence: worst=87.3deg bone[33]='bone_L-middlefinger03.mesh' count(>5deg)=34 freshRecap=0  xcheck(invOff-vs-restW) worst=87.3deg bone[33]
  TIER2 joint-attach(PRIMARY): worst=54.12u bone[9]='bone_R-thumb01.mesh' parent[13] R=48.5 exactJoint=0.00u pairs=30  (palette-wide exactWorst=0.00u)
[HANDS_ATTACH] mesh='hands_naked.mesh' owner='hands_naked.mesh' frame=3075 nb=40 wext=65.8 rebound=1
  TIER1 rest-coherence: worst=42.6deg bone[30]='bone_L-middlefinger03.mesh' count(>5deg)=36 freshRecap=0  xcheck(invOff-vs-restW) worst=42.6deg bone[30]
  TIER2 joint-attach(PRIMARY): worst=23.76u bone[22]='bone_L-index02.mesh' parent[27] R=36.5 exactJoint=0.00u pairs=36  (palette-wide exactWorst=7.09u)
[HANDS_ATTACH] mesh='hands_naked.mesh' owner='hands_naked.mesh' frame=3080 nb=38 wext=61.2 rebound=1
  TIER1 rest-coherence: worst=87.3deg bone[33]='bone_L-middlefinger03.mesh' count(>5deg)=34 freshRecap=0  xcheck(invOff-vs-restW) worst=87.3deg bone[33]
  TIER2 joint-attach(PRIMARY): worst=67.52u bone[29]='bone_L-hand.mesh' parent[22] R=49.4 exactJoint=0.14u pairs=30  (palette-wide exactWorst=4.62u)
[HANDS_ATTACH] mesh='hands_naked.mesh' owner='hands_naked.mesh' frame=3083 nb=38 wext=57.8 rebound=1
  TIER1 rest-coherence: worst=87.3deg bone[33]='bone_L-middlefinger03.mesh' count(>5deg)=34 freshRecap=0  xcheck(invOff-vs-restW) worst=87.3deg bone[33]
  TIER2 joint-attach(PRIMARY): worst=71.77u bone[18]='bone_R-pinky02.mesh' parent[14] R=47.4 exactJoint=1.77u pairs=30  (palette-wide exactWorst=10.27u)
[HANDS_ATTACH] mesh='hands_naked.mesh' owner='hands_naked.mesh' frame=3085 nb=40 wext=67.4 rebound=1
  TIER1 rest-coherence: worst=42.6deg bone[30]='bone_L-middlefinger03.mesh' count(>5deg)=36 freshRecap=0  xcheck(invOff-vs-restW) worst=42.6deg bone[30]
  TIER2 joint-attach(PRIMARY): worst=24.07u bone[22]='bone_L-index02.mesh' parent[27] R=36.5 exactJoint=0.00u pairs=36  (palette-wide exactWorst=7.09u)
[HANDS_ATTACH] mesh='hands_naked.mesh' owner='hands_naked.mesh' frame=3090 nb=38 wext=60.4 rebound=1
  TIER1 rest-coherence: worst=87.3deg bone[33]='bone_L-middlefinger03.mesh' count(>5deg)=34 freshRecap=0  xcheck(invOff-vs-restW) worst=87.3deg bone[33]
  TIER2 joint-attach(PRIMARY): worst=63.29u bone[29]='bone_L-hand.mesh' parent[22] R=49.4 exactJoint=0.14u pairs=30  (palette-wide exactWorst=4.62u)
[HANDS_ATTACH] mesh='hands_naked.mesh' owner='hands_naked.mesh' frame=3093 nb=38 wext=62.4 rebound=1
  TIER1 rest-coherence: worst=87.3deg bone[33]='bone_L-middlefinger03.mesh' count(>5deg)=34 freshRecap=0  xcheck(invOff-vs-restW) worst=87.3deg bone[33]
  TIER2 joint-attach(PRIMARY): worst=71.02u bone[18]='bone_R-pinky02.mesh' parent[14] R=47.4 exactJoint=2.44u pairs=30  (palette-wide exactWorst=10.36u)
[HANDS_ATTACH] mesh='hands_naked.mesh' owner='hands_naked.mesh' frame=3095 nb=40 wext=68.7 rebound=1
  TIER1 rest-coherence: worst=42.6deg bone[30]='bone_L-middlefinger03.mesh' count(>5deg)=36 freshRecap=0  xcheck(invOff-vs-restW) worst=42.6deg bone[30]
  TIER2 joint-attach(PRIMARY): worst=23.52u bone[22]='bone_L-index02.mesh' parent[27] R=36.5 exactJoint=0.00u pairs=36  (palette-wide exactWorst=7.09u)
[HANDS_ATTACH] mesh='hands_naked.mesh' owner='hands_naked.mesh' frame=3100 nb=38 wext=59.5 rebound=1
  TIER1 rest-coherence: worst=87.3deg bone[33]='bone_L-middlefinger03.mesh' count(>5deg)=34 freshRecap=0  xcheck(invOff-vs-restW) worst=87.3deg bone[33]
  TIER2 joint-attach(PRIMARY): worst=59.69u bone[29]='bone_L-hand.mesh' parent[22] R=49.4 exactJoint=0.14u pairs=30  (palette-wide exactWorst=4.61u)
[HANDS_ATTACH] mesh='hands_naked.mesh' owner='hands_naked.mesh' frame=3103 nb=38 wext=61.5 rebound=1
  TIER1 rest-coherence: worst=87.3deg bone[33]='bone_L-middlefinger03.mesh' count(>5deg)=34 freshRecap=0  xcheck(invOff-vs-restW) worst=87.3deg bone[33]
  TIER2 joint-attach(PRIMARY): worst=71.02u bone[18]='bone_R-pinky02.mesh' parent[14] R=47.4 exactJoint=2.44u pairs=30  (palette-wide exactWorst=10.36u)
[HANDS_ATTACH] mesh='hands_naked.mesh' owner='hands_naked.mesh' frame=3105 nb=40 wext=65.4 rebound=1
  TIER1 rest-coherence: worst=42.6deg bone[30]='bone_L-middlefinger03.mesh' count(>5deg)=36 freshRecap=0  xcheck(invOff-vs-restW) worst=42.6deg bone[30]
  TIER2 joint-attach(PRIMARY): worst=49.40u bone[18]='bone_R-index01.mesh' parent[1] R=37.5 exactJoint=0.74u pairs=36  (palette-wide exactWorst=7.09u)
[HANDS_ATTACH] mesh='hands_naked.mesh' owner='hands_naked.mesh' frame=3110 nb=38 wext=58.7 rebound=1
  TIER1 rest-coherence: worst=87.3deg bone[33]='bone_L-middlefinger03.mesh' count(>5deg)=34 freshRecap=0  xcheck(invOff-vs-restW) worst=87.3deg bone[33]
  TIER2 joint-attach(PRIMARY): worst=71.16u bone[13]='bone_R-hand.mesh' parent[5] R=49.4 exactJoint=0.33u pairs=30  (palette-wide exactWorst=4.60u)
[HANDS_ATTACH] mesh='hands_naked.mesh' owner='hands_naked.mesh' frame=3113 nb=38 wext=61.8 rebound=1
  TIER1 rest-coherence: worst=87.3deg bone[33]='bone_L-middlefinger03.mesh' count(>5deg)=34 freshRecap=0  xcheck(invOff-vs-restW) worst=87.3deg bone[33]
  TIER2 joint-attach(PRIMARY): worst=71.02u bone[18]='bone_R-pinky02.mesh' parent[14] R=47.4 exactJoint=2.44u pairs=30  (palette-wide exactWorst=10.36u)
[HANDS_ATTACH] mesh='hands_naked.mesh' owner='hands_naked.mesh' frame=3115 nb=40 wext=60.7 rebound=1
  TIER1 rest-coherence: worst=42.6deg bone[30]='bone_L-middlefinger03.mesh' count(>5deg)=36 freshRecap=0  xcheck(invOff-vs-restW) worst=42.6deg bone[30]
  TIER2 joint-attach(PRIMARY): worst=66.64u bone[23]='bone_R-ringfinger03.mesh' parent[5] R=37.5 exactJoint=0.41u pairs=36  (palette-wide exactWorst=7.30u)
[HANDS_ATTACH] mesh='hands_naked.mesh' owner='hands_naked.mesh' frame=3120 nb=38 wext=65.2 rebound=1
  TIER1 rest-coherence: worst=87.3deg bone[33]='bone_L-middlefinger03.mesh' count(>5deg)=34 freshRecap=0  xcheck(invOff-vs-restW) worst=87.3deg bone[33]
  TIER2 joint-attach(PRIMARY): worst=84.83u bone[13]='bone_R-hand.mesh' parent[5] R=49.4 exactJoint=0.33u pairs=30  (palette-wide exactWorst=4.60u)
[HANDS_ATTACH] mesh='hands_naked.mesh' owner='hands_naked.mesh' frame=3123 nb=38 wext=85.1 rebound=1
  TIER1 rest-coherence: worst=87.3deg bone[33]='bone_L-middlefinger03.mesh' count(>5deg)=34 freshRecap=0  xcheck(invOff-vs-restW) worst=87.3deg bone[33]
  TIER2 joint-attach(PRIMARY): worst=55.86u bone[29]='bone_L-hand.mesh' parent[22] R=49.4 exactJoint=0.00u pairs=30  (palette-wide exactWorst=0.00u)
[HANDS_ATTACH] mesh='hands_naked.mesh' owner='hands_naked.mesh' frame=3125 nb=40 wext=60.6 rebound=1
  TIER1 rest-coherence: worst=42.6deg bone[30]='bone_L-middlefinger03.mesh' count(>5deg)=36 freshRecap=0  xcheck(invOff-vs-restW) worst=42.6deg bone[30]
  TIER2 joint-attach(PRIMARY): worst=68.15u bone[23]='bone_R-ringfinger03.mesh' parent[5] R=37.5 exactJoint=0.30u pairs=36  (palette-wide exactWorst=7.35u)
[HANDS_ATTACH] mesh='hands_naked.mesh' owner='hands_naked.mesh' frame=3130 nb=38 wext=66.9 rebound=1
  TIER1 rest-coherence: worst=87.3deg bone[33]='bone_L-middlefinger03.mesh' count(>5deg)=34 freshRecap=0  xcheck(invOff-vs-restW) worst=87.3deg bone[33]
  TIER2 joint-attach(PRIMARY): worst=85.35u bone[13]='bone_R-hand.mesh' parent[5] R=49.4 exactJoint=0.33u pairs=30  (palette-wide exactWorst=4.59u)
[HANDS_ATTACH] mesh='hands_naked.mesh' owner='hands_naked.mesh' frame=3133 nb=38 wext=74.0 rebound=1
  TIER1 rest-coherence: worst=87.3deg bone[33]='bone_L-middlefinger03.mesh' count(>5deg)=34 freshRecap=0  xcheck(invOff-vs-restW) worst=87.3deg bone[33]
  TIER2 joint-attach(PRIMARY): worst=70.13u bone[29]='bone_L-hand.mesh' parent[22] R=49.4 exactJoint=0.00u pairs=30  (palette-wide exactWorst=0.00u)
[HANDS_ATTACH] mesh='hands_naked.mesh' owner='hands_naked.mesh' frame=3135 nb=40 wext=67.3 rebound=1
  TIER1 rest-coherence: worst=42.6deg bone[30]='bone_L-middlefinger03.mesh' count(>5deg)=36 freshRecap=0  xcheck(invOff-vs-restW) worst=42.6deg bone[30]
  TIER2 joint-attach(PRIMARY): worst=67.98u bone[23]='bone_R-ringfinger03.mesh' parent[5] R=37.5 exactJoint=0.35u pairs=36  (palette-wide exactWorst=7.35u)
[HANDS_ATTACH] mesh='hands_naked.mesh' owner='hands_naked.mesh' frame=3140 nb=38 wext=65.1 rebound=1
  TIER1 rest-coherence: worst=87.3deg bone[33]='bone_L-middlefinger03.mesh' count(>5deg)=34 freshRecap=0  xcheck(invOff-vs-restW) worst=87.3deg bone[33]
  TIER2 joint-attach(PRIMARY): worst=78.53u bone[13]='bone_R-hand.mesh' parent[5] R=49.4 exactJoint=0.33u pairs=30  (palette-wide exactWorst=4.59u)
[HANDS_ATTACH] mesh='hands_naked.mesh' owner='hands_naked.mesh' frame=3143 nb=38 wext=62.5 rebound=1
  TIER1 rest-coherence: worst=87.3deg bone[33]='bone_L-middlefinger03.mesh' count(>5deg)=34 freshRecap=0  xcheck(invOff-vs-restW) worst=87.3deg bone[33]
  TIER2 joint-attach(PRIMARY): worst=55.63u bone[29]='bone_L-hand.mesh' parent[22] R=49.4 exactJoint=0.00u pairs=30  (palette-wide exactWorst=0.00u)
[HANDS_ATTACH] mesh='hands_naked.mesh' owner='hands_naked.mesh' frame=3145 nb=40 wext=70.6 rebound=1
  TIER1 rest-coherence: worst=42.6deg bone[30]='bone_L-middlefinger03.mesh' count(>5deg)=36 freshRecap=0  xcheck(invOff-vs-restW) worst=42.6deg bone[30]
  TIER2 joint-attach(PRIMARY): worst=68.41u bone[23]='bone_R-ringfinger03.mesh' parent[5] R=37.5 exactJoint=0.28u pairs=36  (palette-wide exactWorst=7.35u)
[HANDS_ATTACH] mesh='hands_naked.mesh' owner='hands_naked.mesh' frame=3150 nb=38 wext=63.0 rebound=1
  TIER1 rest-coherence: worst=87.3deg bone[33]='bone_L-middlefinger03.mesh' count(>5deg)=34 freshRecap=0  xcheck(invOff-vs-restW) worst=87.3deg bone[33]
  TIER2 joint-attach(PRIMARY): worst=80.45u bone[13]='bone_R-hand.mesh' parent[5] R=49.4 exactJoint=0.33u pairs=30  (palette-wide exactWorst=4.58u)
[HANDS_ATTACH] mesh='hands_naked.mesh' owner='hands_naked.mesh' frame=3153 nb=38 wext=71.6 rebound=1
  TIER1 rest-coherence: worst=87.3deg bone[33]='bone_L-middlefinger03.mesh' count(>5deg)=34 freshRecap=0  xcheck(invOff-vs-restW) worst=87.3deg bone[33]
  TIER2 joint-attach(PRIMARY): worst=61.63u bone[29]='bone_L-hand.mesh' parent[22] R=49.4 exactJoint=0.00u pairs=30  (palette-wide exactWorst=0.00u)
[HANDS_ATTACH] mesh='hands_naked.mesh' owner='hands_naked.mesh' frame=3155 nb=40 wext=67.0 rebound=1
  TIER1 rest-coherence: worst=42.6deg bone[30]='bone_L-middlefinger03.mesh' count(>5deg)=36 freshRecap=0  xcheck(invOff-vs-restW) worst=42.6deg bone[30]
  TIER2 joint-attach(PRIMARY): worst=68.32u bone[23]='bone_R-ringfinger03.mesh' parent[5] R=37.5 exactJoint=0.29u pairs=36  (palette-wide exactWorst=7.35u)
[HANDS_ATTACH] mesh='hands_naked.mesh' owner='hands_naked.mesh' frame=3160 nb=38 wext=65.2 rebound=1
  TIER1 rest-coherence: worst=87.3deg bone[33]='bone_L-middlefinger03.mesh' count(>5deg)=34 freshRecap=0  xcheck(invOff-vs-restW) worst=87.3deg bone[33]
  TIER2 joint-attach(PRIMARY): worst=80.57u bone[13]='bone_R-hand.mesh' parent[5] R=49.4 exactJoint=0.33u pairs=30  (palette-wide exactWorst=4.57u)
[HANDS_ATTACH] mesh='hands_naked.mesh' owner='hands_naked.mesh' frame=3163 nb=38 wext=77.8 rebound=1
  TIER1 rest-coherence: worst=87.3deg bone[33]='bone_L-middlefinger03.mesh' count(>5deg)=34 freshRecap=0  xcheck(invOff-vs-restW) worst=87.3deg bone[33]
  TIER2 joint-attach(PRIMARY): worst=58.37u bone[29]='bone_L-hand.mesh' parent[22] R=49.4 exactJoint=0.00u pairs=30  (palette-wide exactWorst=0.00u)
[HANDS_ATTACH] mesh='hands_naked.mesh' owner='hands_naked.mesh' frame=3165 nb=40 wext=64.2 rebound=1
  TIER1 rest-coherence: worst=42.6deg bone[30]='bone_L-middlefinger03.mesh' count(>5deg)=36 freshRecap=0  xcheck(invOff-vs-restW) worst=42.6deg bone[30]
  TIER2 joint-attach(PRIMARY): worst=68.28u bone[23]='bone_R-ringfinger03.mesh' parent[5] R=37.5 exactJoint=0.30u pairs=36  (palette-wide exactWorst=7.35u)
[HANDS_ATTACH] mesh='hands_naked.mesh' owner='hands_naked.mesh' frame=3170 nb=38 wext=71.1 rebound=1
  TIER1 rest-coherence: worst=87.3deg bone[33]='bone_L-middlefinger03.mesh' count(>5deg)=34 freshRecap=0  xcheck(invOff-vs-restW) worst=87.3deg bone[33]
  TIER2 joint-attach(PRIMARY): worst=33.01u bone[18]='bone_R-pinky02.mesh' parent[14] R=47.4 exactJoint=0.00u pairs=30  (palette-wide exactWorst=3.22u)
[HANDS_ATTACH] mesh='hands_naked.mesh' owner='hands_naked.mesh' frame=3173 nb=38 wext=63.3 rebound=1
  TIER1 rest-coherence: worst=87.3deg bone[33]='bone_L-middlefinger03.mesh' count(>5deg)=34 freshRecap=0  xcheck(invOff-vs-restW) worst=87.3deg bone[33]
  TIER2 joint-attach(PRIMARY): worst=54.65u bone[29]='bone_L-hand.mesh' parent[22] R=49.4 exactJoint=0.00u pairs=30  (palette-wide exactWorst=0.00u)
[HANDS_ATTACH] mesh='hands_naked.mesh' owner='hands_naked.mesh' frame=3175 nb=40 wext=66.0 rebound=1
  TIER1 rest-coherence: worst=42.6deg bone[30]='bone_L-middlefinger03.mesh' count(>5deg)=36 freshRecap=0  xcheck(invOff-vs-restW) worst=42.6deg bone[30]
  TIER2 joint-attach(PRIMARY): worst=24.18u bone[22]='bone_L-index02.mesh' parent[27] R=36.5 exactJoint=0.00u pairs=36  (palette-wide exactWorst=7.09u)
[HANDS_ATTACH] mesh='hands_naked.mesh' owner='hands_naked.mesh' frame=3180 nb=38 wext=72.4 rebound=1
  TIER1 rest-coherence: worst=87.3deg bone[33]='bone_L-middlefinger03.mesh' count(>5deg)=34 freshRecap=0  xcheck(invOff-vs-restW) worst=87.3deg bone[33]
  TIER2 joint-attach(PRIMARY): worst=33.01u bone[18]='bone_R-pinky02.mesh' parent[14] R=47.4 exactJoint=0.00u pairs=30  (palette-wide exactWorst=3.41u)
[HANDS_ATTACH] mesh='hands_naked.mesh' owner='hands_naked.mesh' frame=3183 nb=38 wext=59.3 rebound=1
  TIER1 rest-coherence: worst=87.3deg bone[33]='bone_L-middlefinger03.mesh' count(>5deg)=34 freshRecap=0  xcheck(invOff-vs-restW) worst=87.3deg bone[33]
  TIER2 joint-attach(PRIMARY): worst=54.43u bone[29]='bone_L-hand.mesh' parent[22] R=49.4 exactJoint=0.00u pairs=30  (palette-wide exactWorst=0.00u)
[HANDS_ATTACH] mesh='hands_naked.mesh' owner='hands_naked.mesh' frame=3185 nb=40 wext=62.8 rebound=1
  TIER1 rest-coherence: worst=42.6deg bone[30]='bone_L-middlefinger03.mesh' count(>5deg)=36 freshRecap=0  xcheck(invOff-vs-restW) worst=42.6deg bone[30]
  TIER2 joint-attach(PRIMARY): worst=24.18u bone[22]='bone_L-index02.mesh' parent[27] R=36.5 exactJoint=0.00u pairs=36  (palette-wide exactWorst=7.09u)
[HANDS_ATTACH] mesh='hands_naked.mesh' owner='hands_naked.mesh' frame=3190 nb=38 wext=73.7 rebound=1
  TIER1 rest-coherence: worst=87.3deg bone[33]='bone_L-middlefinger03.mesh' count(>5deg)=34 freshRecap=0  xcheck(invOff-vs-restW) worst=87.3deg bone[33]
  TIER2 joint-attach(PRIMARY): worst=33.01u bone[18]='bone_R-pinky02.mesh' parent[14] R=47.4 exactJoint=0.00u pairs=30  (palette-wide exactWorst=3.73u)
[HANDS_ATTACH] mesh='hands_naked.mesh' owner='hands_naked.mesh' frame=3193 nb=38 wext=51.5 rebound=1
  TIER1 rest-coherence: worst=87.3deg bone[33]='bone_L-middlefinger03.mesh' count(>5deg)=34 freshRecap=0  xcheck(invOff-vs-restW) worst=87.3deg bone[33]
  TIER2 joint-attach(PRIMARY): worst=49.18u bone[29]='bone_L-hand.mesh' parent[22] R=49.4 exactJoint=0.00u pairs=30  (palette-wide exactWorst=0.00u)
[HANDS_ATTACH] mesh='hands_naked.mesh' owner='hands_naked.mesh' frame=3195 nb=40 wext=57.8 rebound=1
  TIER1 rest-coherence: worst=42.6deg bone[30]='bone_L-middlefinger03.mesh' count(>5deg)=36 freshRecap=0  xcheck(invOff-vs-restW) worst=42.6deg bone[30]
  TIER2 joint-attach(PRIMARY): worst=24.11u bone[22]='bone_L-index02.mesh' parent[27] R=36.5 exactJoint=0.00u pairs=36  (palette-wide exactWorst=7.09u)
[HANDS_ATTACH] mesh='hands_naked.mesh' owner='hands_naked.mesh' frame=3200 nb=38 wext=74.4 rebound=1
  TIER1 rest-coherence: worst=87.3deg bone[33]='bone_L-middlefinger03.mesh' count(>5deg)=34 freshRecap=0  xcheck(invOff-vs-restW) worst=87.3deg bone[33]
  TIER2 joint-attach(PRIMARY): worst=33.01u bone[26]='bone_L-middlefinger02.mesh' parent[23] R=47.1 exactJoint=0.00u pairs=30  (palette-wide exactWorst=3.98u)
[HANDS_ATTACH] mesh='hands_naked.mesh' owner='hands_naked.mesh' frame=3203 nb=38 wext=70.3 rebound=1
  TIER1 rest-coherence: worst=87.3deg bone[33]='bone_L-middlefinger03.mesh' count(>5deg)=34 freshRecap=0  xcheck(invOff-vs-restW) worst=87.3deg bone[33]
  TIER2 joint-attach(PRIMARY): worst=47.62u bone[29]='bone_L-hand.mesh' parent[22] R=49.4 exactJoint=0.00u pairs=30  (palette-wide exactWorst=0.00u)
[HANDS_ATTACH] mesh='hands_naked.mesh' owner='hands_naked.mesh' frame=3205 nb=40 wext=54.5 rebound=1
  TIER1 rest-coherence: worst=42.6deg bone[30]='bone_L-middlefinger03.mesh' count(>5deg)=36 freshRecap=0  xcheck(invOff-vs-restW) worst=42.6deg bone[30]
  TIER2 joint-attach(PRIMARY): worst=23.94u bone[22]='bone_L-index02.mesh' parent[27] R=36.5 exactJoint=0.00u pairs=36  (palette-wide exactWorst=7.09u)
[HANDS_ATTACH] mesh='hands_naked.mesh' owner='hands_naked.mesh' frame=3210 nb=38 wext=74.8 rebound=1
  TIER1 rest-coherence: worst=87.3deg bone[33]='bone_L-middlefinger03.mesh' count(>5deg)=34 freshRecap=0  xcheck(invOff-vs-restW) worst=87.3deg bone[33]
  TIER2 joint-attach(PRIMARY): worst=33.12u bone[26]='bone_L-middlefinger02.mesh' parent[23] R=47.1 exactJoint=0.00u pairs=30  (palette-wide exactWorst=4.15u)
[HANDS_ATTACH] mesh='hands_naked.mesh' owner='hands_naked.mesh' frame=3213 nb=38 wext=67.1 rebound=1
  TIER1 rest-coherence: worst=87.3deg bone[33]='bone_L-middlefinger03.mesh' count(>5deg)=34 freshRecap=0  xcheck(invOff-vs-restW) worst=87.3deg bone[33]
  TIER2 joint-attach(PRIMARY): worst=44.08u bone[29]='bone_L-hand.mesh' parent[22] R=49.4 exactJoint=0.00u pairs=30  (palette-wide exactWorst=0.00u)
[HANDS_ATTACH] mesh='hands_naked.mesh' owner='hands_naked.mesh' frame=3215 nb=40 wext=51.1 rebound=1
  TIER1 rest-coherence: worst=42.6deg bone[30]='bone_L-middlefinger03.mesh' count(>5deg)=36 freshRecap=0  xcheck(invOff-vs-restW) worst=42.6deg bone[30]
  TIER2 joint-attach(PRIMARY): worst=23.69u bone[22]='bone_L-index02.mesh' parent[27] R=36.5 exactJoint=0.00u pairs=36  (palette-wide exactWorst=7.09u)
[HANDS_ATTACH] mesh='hands_naked.mesh' owner='hands_naked.mesh' frame=3220 nb=38 wext=75.6 rebound=1
  TIER1 rest-coherence: worst=87.3deg bone[33]='bone_L-middlefinger03.mesh' count(>5deg)=34 freshRecap=0  xcheck(invOff-vs-restW) worst=87.3deg bone[33]
  TIER2 joint-attach(PRIMARY): worst=33.21u bone[26]='bone_L-middlefinger02.mesh' parent[23] R=47.1 exactJoint=0.00u pairs=30  (palette-wide exactWorst=4.27u)
[HANDS_ATTACH] mesh='hands_naked.mesh' owner='hands_naked.mesh' frame=3223 nb=38 wext=65.7 rebound=1
  TIER1 rest-coherence: worst=87.3deg bone[33]='bone_L-middlefinger03.mesh' count(>5deg)=34 freshRecap=0  xcheck(invOff-vs-restW) worst=87.3deg bone[33]
  TIER2 joint-attach(PRIMARY): worst=31.66u bone[33]='bone_L-middlefinger03.mesh' parent[26] R=47.0 exactJoint=0.00u pairs=30  (palette-wide exactWorst=0.00u)
[HANDS_ATTACH] mesh='hands_naked.mesh' owner='hands_naked.mesh' frame=3225 nb=40 wext=50.4 rebound=1
  TIER1 rest-coherence: worst=42.6deg bone[30]='bone_L-middlefinger03.mesh' count(>5deg)=36 freshRecap=0  xcheck(invOff-vs-restW) worst=42.6deg bone[30]
  TIER2 joint-attach(PRIMARY): worst=23.16u bone[22]='bone_L-index02.mesh' parent[27] R=36.5 exactJoint=0.03u pairs=36  (palette-wide exactWorst=7.09u)
[HANDS_ATTACH] mesh='hands_naked.mesh' owner='hands_naked.mesh' frame=3230 nb=38 wext=76.8 rebound=1
  TIER1 rest-coherence: worst=87.3deg bone[33]='bone_L-middlefinger03.mesh' count(>5deg)=34 freshRecap=0  xcheck(invOff-vs-restW) worst=87.3deg bone[33]
  TIER2 joint-attach(PRIMARY): worst=34.65u bone[13]='bone_R-hand.mesh' parent[5] R=49.4 exactJoint=0.33u pairs=30  (palette-wide exactWorst=4.36u)
[HANDS_ATTACH] mesh='hands_naked.mesh' owner='hands_naked.mesh' frame=3233 nb=38 wext=59.8 rebound=1
  TIER1 rest-coherence: worst=87.3deg bone[33]='bone_L-middlefinger03.mesh' count(>5deg)=34 freshRecap=0  xcheck(invOff-vs-restW) worst=87.3deg bone[33]
  TIER2 joint-attach(PRIMARY): worst=31.66u bone[33]='bone_L-middlefinger03.mesh' parent[26] R=47.0 exactJoint=0.00u pairs=30  (palette-wide exactWorst=0.00u)
[HANDS_ATTACH] mesh='hands_naked.mesh' owner='hands_naked.mesh' frame=3235 nb=40 wext=55.8 rebound=1
  TIER1 rest-coherence: worst=42.6deg bone[30]='bone_L-middlefinger03.mesh' count(>5deg)=36 freshRecap=0  xcheck(invOff-vs-restW) worst=42.6deg bone[30]
  TIER2 joint-attach(PRIMARY): worst=23.07u bone[22]='bone_L-index02.mesh' parent[27] R=36.5 exactJoint=0.07u pairs=36  (palette-wide exactWorst=7.09u)
[HANDS_ATTACH] mesh='hands_naked.mesh' owner='hands_naked.mesh' frame=3240 nb=38 wext=77.3 rebound=1
  TIER1 rest-coherence: worst=87.3deg bone[33]='bone_L-middlefinger03.mesh' count(>5deg)=34 freshRecap=0  xcheck(invOff-vs-restW) worst=87.3deg bone[33]
  TIER2 joint-attach(PRIMARY): worst=35.39u bone[13]='bone_R-hand.mesh' parent[5] R=49.4 exactJoint=0.33u pairs=30  (palette-wide exactWorst=4.34u)
[HANDS_ATTACH] mesh='hands_naked.mesh' owner='hands_naked.mesh' frame=3243 nb=38 wext=95.6 rebound=1
  TIER1 rest-coherence: worst=87.3deg bone[33]='bone_L-middlefinger03.mesh' count(>5deg)=34 freshRecap=0  xcheck(invOff-vs-restW) worst=87.3deg bone[33]
  TIER2 joint-attach(PRIMARY): worst=44.49u bone[18]='bone_R-pinky02.mesh' parent[14] R=47.4 exactJoint=0.00u pairs=30  (palette-wide exactWorst=2.02u)
[HANDS_ATTACH] mesh='hands_naked.mesh' owner='hands_naked.mesh' frame=3245 nb=40 wext=55.3 rebound=1
  TIER1 rest-coherence: worst=42.6deg bone[30]='bone_L-middlefinger03.mesh' count(>5deg)=36 freshRecap=0  xcheck(invOff-vs-restW) worst=42.6deg bone[30]
  TIER2 joint-attach(PRIMARY): worst=23.71u bone[22]='bone_L-index02.mesh' parent[27] R=36.5 exactJoint=0.00u pairs=36  (palette-wide exactWorst=7.09u)
[HANDS_ATTACH] mesh='hands_naked.mesh' owner='hands_naked.mesh' frame=3250 nb=38 wext=76.8 rebound=1
  TIER1 rest-coherence: worst=87.3deg bone[33]='bone_L-middlefinger03.mesh' count(>5deg)=34 freshRecap=0  xcheck(invOff-vs-restW) worst=87.3deg bone[33]
  TIER2 joint-attach(PRIMARY): worst=39.30u bone[13]='bone_R-hand.mesh' parent[5] R=49.4 exactJoint=0.33u pairs=30  (palette-wide exactWorst=4.24u)
[HANDS_ATTACH] mesh='hands_naked.mesh' owner='hands_naked.mesh' frame=3253 nb=38 wext=77.7 rebound=1
  TIER1 rest-coherence: worst=87.3deg bone[33]='bone_L-middlefinger03.mesh' count(>5deg)=34 freshRecap=0  xcheck(invOff-vs-restW) worst=87.3deg bone[33]
  TIER2 joint-attach(PRIMARY): worst=71.02u bone[18]='bone_R-pinky02.mesh' parent[14] R=47.4 exactJoint=2.44u pairs=30  (palette-wide exactWorst=10.36u)
[HANDS_ATTACH] mesh='hands_naked.mesh' owner='hands_naked.mesh' frame=3255 nb=40 wext=52.1 rebound=1
  TIER1 rest-coherence: worst=42.6deg bone[30]='bone_L-middlefinger03.mesh' count(>5deg)=36 freshRecap=0  xcheck(invOff-vs-restW) worst=42.6deg bone[30]
  TIER2 joint-attach(PRIMARY): worst=23.71u bone[22]='bone_L-index02.mesh' parent[27] R=36.5 exactJoint=0.00u pairs=36  (palette-wide exactWorst=7.09u)
[HANDS_ATTACH] mesh='hands_naked.mesh' owner='hands_naked.mesh' frame=3260 nb=38 wext=77.2 rebound=1
  TIER1 rest-coherence: worst=87.3deg bone[33]='bone_L-middlefinger03.mesh' count(>5deg)=34 freshRecap=0  xcheck(invOff-vs-restW) worst=87.3deg bone[33]
  TIER2 joint-attach(PRIMARY): worst=40.82u bone[13]='bone_R-hand.mesh' parent[5] R=49.4 exactJoint=0.33u pairs=30  (palette-wide exactWorst=3.80u)
[HANDS_ATTACH] mesh='hands_naked.mesh' owner='hands_naked.mesh' frame=3263 nb=38 wext=72.0 rebound=1
  TIER1 rest-coherence: worst=87.3deg bone[33]='bone_L-middlefinger03.mesh' count(>5deg)=34 freshRecap=0  xcheck(invOff-vs-restW) worst=87.3deg bone[33]
  TIER2 joint-attach(PRIMARY): worst=71.02u bone[18]='bone_R-pinky02.mesh' parent[14] R=47.4 exactJoint=2.44u pairs=30  (palette-wide exactWorst=10.36u)
[HANDS_ATTACH] mesh='hands_naked.mesh' owner='hands_naked.mesh' frame=3265 nb=40 wext=52.1 rebound=1
  TIER1 rest-coherence: worst=42.6deg bone[30]='bone_L-middlefinger03.mesh' count(>5deg)=36 freshRecap=0  xcheck(invOff-vs-restW) worst=42.6deg bone[30]
  TIER2 joint-attach(PRIMARY): worst=24.04u bone[22]='bone_L-index02.mesh' parent[27] R=36.5 exactJoint=0.00u pairs=36  (palette-wide exactWorst=7.10u)
[HANDS_ATTACH] mesh='hands_naked.mesh' owner='hands_naked.mesh' frame=3270 nb=38 wext=75.9 rebound=1
  TIER1 rest-coherence: worst=87.3deg bone[33]='bone_L-middlefinger03.mesh' count(>5deg)=34 freshRecap=0  xcheck(invOff-vs-restW) worst=87.3deg bone[33]
  TIER2 joint-attach(PRIMARY): worst=38.24u bone[13]='bone_R-hand.mesh' parent[5] R=49.4 exactJoint=0.33u pairs=30  (palette-wide exactWorst=3.36u)
[HANDS_ATTACH] mesh='hands_naked.mesh' owner='hands_naked.mesh' frame=3273 nb=38 wext=80.7 rebound=1
  TIER1 rest-coherence: worst=87.3deg bone[33]='bone_L-middlefinger03.mesh' count(>5deg)=34 freshRecap=0  xcheck(invOff-vs-restW) worst=87.3deg bone[33]
  TIER2 joint-attach(PRIMARY): worst=71.02u bone[18]='bone_R-pinky02.mesh' parent[14] R=47.4 exactJoint=2.44u pairs=30  (palette-wide exactWorst=10.36u)
[HANDS_ATTACH] mesh='hands_naked.mesh' owner='hands_naked.mesh' frame=3275 nb=40 wext=51.2 rebound=1
  TIER1 rest-coherence: worst=42.6deg bone[30]='bone_L-middlefinger03.mesh' count(>5deg)=36 freshRecap=0  xcheck(invOff-vs-restW) worst=42.6deg bone[30]
  TIER2 joint-attach(PRIMARY): worst=24.13u bone[22]='bone_L-index02.mesh' parent[27] R=36.5 exactJoint=0.00u pairs=36  (palette-wide exactWorst=7.09u)
[HANDS_ATTACH] mesh='hands_naked.mesh' owner='hands_naked.mesh' frame=3280 nb=38 wext=75.4 rebound=1
  TIER1 rest-coherence: worst=87.3deg bone[33]='bone_L-middlefinger03.mesh' count(>5deg)=34 freshRecap=0  xcheck(invOff-vs-restW) worst=87.3deg bone[33]
  TIER2 joint-attach(PRIMARY): worst=36.32u bone[13]='bone_R-hand.mesh' parent[5] R=49.4 exactJoint=0.33u pairs=30  (palette-wide exactWorst=3.14u)
[HANDS_ATTACH] mesh='hands_naked.mesh' owner='hands_naked.mesh' frame=3283 nb=38 wext=84.4 rebound=1
  TIER1 rest-coherence: worst=87.3deg bone[33]='bone_L-middlefinger03.mesh' count(>5deg)=34 freshRecap=0  xcheck(invOff-vs-restW) worst=87.3deg bone[33]
  TIER2 joint-attach(PRIMARY): worst=71.02u bone[18]='bone_R-pinky02.mesh' parent[14] R=47.4 exactJoint=2.44u pairs=30  (palette-wide exactWorst=10.36u)
[HANDS_ATTACH] mesh='hands_naked.mesh' owner='hands_naked.mesh' frame=3285 nb=40 wext=47.6 rebound=1
  TIER1 rest-coherence: worst=42.6deg bone[30]='bone_L-middlefinger03.mesh' count(>5deg)=36 freshRecap=0  xcheck(invOff-vs-restW) worst=42.6deg bone[30]
  TIER2 joint-attach(PRIMARY): worst=23.89u bone[22]='bone_L-index02.mesh' parent[27] R=36.5 exactJoint=0.00u pairs=36  (palette-wide exactWorst=7.09u)
[HANDS_ATTACH] mesh='hands_naked.mesh' owner='hands_naked.mesh' frame=3290 nb=38 wext=75.4 rebound=1
  TIER1 rest-coherence: worst=87.3deg bone[33]='bone_L-middlefinger03.mesh' count(>5deg)=34 freshRecap=0  xcheck(invOff-vs-restW) worst=87.3deg bone[33]
  TIER2 joint-attach(PRIMARY): worst=35.36u bone[13]='bone_R-hand.mesh' parent[5] R=49.4 exactJoint=0.33u pairs=30  (palette-wide exactWorst=3.14u)
[HANDS_ATTACH] mesh='hands_naked.mesh' owner='hands_naked.mesh' frame=3293 nb=38 wext=85.1 rebound=1
  TIER1 rest-coherence: worst=87.3deg bone[33]='bone_L-middlefinger03.mesh' count(>5deg)=34 freshRecap=0  xcheck(invOff-vs-restW) worst=87.3deg bone[33]
  TIER2 joint-attach(PRIMARY): worst=71.02u bone[18]='bone_R-pinky02.mesh' parent[14] R=47.4 exactJoint=2.44u pairs=30  (palette-wide exactWorst=10.36u)
[HANDS_ATTACH] mesh='hands_naked.mesh' owner='hands_naked.mesh' frame=3295 nb=40 wext=46.7 rebound=1
  TIER1 rest-coherence: worst=42.6deg bone[30]='bone_L-middlefinger03.mesh' count(>5deg)=36 freshRecap=0  xcheck(invOff-vs-restW) worst=42.6deg bone[30]
  TIER2 joint-attach(PRIMARY): worst=23.81u bone[22]='bone_L-index02.mesh' parent[27] R=36.5 exactJoint=0.00u pairs=36  (palette-wide exactWorst=7.09u)
[HANDS_ATTACH] mesh='hands_naked.mesh' owner='hands_naked.mesh' frame=3300 nb=38 wext=75.0 rebound=1
  TIER1 rest-coherence: worst=87.3deg bone[33]='bone_L-middlefinger03.mesh' count(>5deg)=34 freshRecap=0  xcheck(invOff-vs-restW) worst=87.3deg bone[33]
  TIER2 joint-attach(PRIMARY): worst=34.26u bone[13]='bone_R-hand.mesh' parent[5] R=49.4 exactJoint=0.33u pairs=30  (palette-wide exactWorst=3.15u)
[HANDS_ATTACH] mesh='hands_naked.mesh' owner='hands_naked.mesh' frame=3303 nb=38 wext=84.7 rebound=1
  TIER1 rest-coherence: worst=87.3deg bone[33]='bone_L-middlefinger03.mesh' count(>5deg)=34 freshRecap=0  xcheck(invOff-vs-restW) worst=87.3deg bone[33]
  TIER2 joint-attach(PRIMARY): worst=71.02u bone[18]='bone_R-pinky02.mesh' parent[14] R=47.4 exactJoint=2.44u pairs=30  (palette-wide exactWorst=10.36u)
[HANDS_ATTACH] mesh='hands_naked.mesh' owner='hands_naked.mesh' frame=3305 nb=40 wext=46.4 rebound=1
  TIER1 rest-coherence: worst=42.6deg bone[30]='bone_L-middlefinger03.mesh' count(>5deg)=36 freshRecap=0  xcheck(invOff-vs-restW) worst=42.6deg bone[30]
  TIER2 joint-attach(PRIMARY): worst=23.81u bone[22]='bone_L-index02.mesh' parent[27] R=36.5 exactJoint=0.00u pairs=36  (palette-wide exactWorst=7.09u)
[HANDS_ATTACH] mesh='hands_naked.mesh' owner='hands_naked.mesh' frame=3310 nb=38 wext=73.9 rebound=1
  TIER1 rest-coherence: worst=87.3deg bone[33]='bone_L-middlefinger03.mesh' count(>5deg)=34 freshRecap=0  xcheck(invOff-vs-restW) worst=87.3deg bone[33]
  TIER2 joint-attach(PRIMARY): worst=33.01u bone[18]='bone_R-pinky02.mesh' parent[14] R=47.4 exactJoint=0.00u pairs=30  (palette-wide exactWorst=3.26u)
[HANDS_ATTACH] mesh='hands_naked.mesh' owner='hands_naked.mesh' frame=3313 nb=38 wext=78.5 rebound=1
  TIER1 rest-coherence: worst=87.3deg bone[33]='bone_L-middlefinger03.mesh' count(>5deg)=34 freshRecap=0  xcheck(invOff-vs-restW) worst=87.3deg bone[33]
  TIER2 joint-attach(PRIMARY): worst=66.55u bone[18]='bone_R-pinky02.mesh' parent[14] R=47.4 exactJoint=0.00u pairs=30  (palette-wide exactWorst=8.35u)
[HANDS_ATTACH] mesh='hands_naked.mesh' owner='hands_naked.mesh' frame=3315 nb=40 wext=42.5 rebound=1
  TIER1 rest-coherence: worst=42.6deg bone[30]='bone_L-middlefinger03.mesh' count(>5deg)=36 freshRecap=0  xcheck(invOff-vs-restW) worst=42.6deg bone[30]
  TIER2 joint-attach(PRIMARY): worst=24.12u bone[22]='bone_L-index02.mesh' parent[27] R=36.5 exactJoint=0.00u pairs=36  (palette-wide exactWorst=7.09u)
[HANDS_ATTACH] mesh='hands_naked.mesh' owner='hands_naked.mesh' frame=3320 nb=38 wext=75.0 rebound=1
  TIER1 rest-coherence: worst=87.3deg bone[33]='bone_L-middlefinger03.mesh' count(>5deg)=34 freshRecap=0  xcheck(invOff-vs-restW) worst=87.3deg bone[33]
  TIER2 joint-attach(PRIMARY): worst=32.98u bone[18]='bone_R-pinky02.mesh' parent[14] R=47.4 exactJoint=0.00u pairs=30  (palette-wide exactWorst=3.27u)
[HANDS_ATTACH] mesh='hands_naked.mesh' owner='hands_naked.mesh' frame=3323 nb=38 wext=71.5 rebound=1
  TIER1 rest-coherence: worst=87.3deg bone[33]='bone_L-middlefinger03.mesh' count(>5deg)=34 freshRecap=0  xcheck(invOff-vs-restW) worst=87.3deg bone[33]
  TIER2 joint-attach(PRIMARY): worst=35.61u bone[13]='bone_R-hand.mesh' parent[5] R=49.4 exactJoint=0.00u pairs=30  (palette-wide exactWorst=0.00u)
[HANDS_ATTACH] mesh='hands_naked.mesh' owner='hands_naked.mesh' frame=3325 nb=40 wext=59.2 rebound=1
  TIER1 rest-coherence: worst=42.6deg bone[30]='bone_L-middlefinger03.mesh' count(>5deg)=36 freshRecap=0  xcheck(invOff-vs-restW) worst=42.6deg bone[30]
  TIER2 joint-attach(PRIMARY): worst=22.90u bone[22]='bone_L-index02.mesh' parent[27] R=36.5 exactJoint=0.12u pairs=36  (palette-wide exactWorst=7.09u)
[HANDS_ATTACH] mesh='hands_naked.mesh' owner='hands_naked.mesh' frame=3330 nb=38 wext=74.9 rebound=1
  TIER1 rest-coherence: worst=87.3deg bone[33]='bone_L-middlefinger03.mesh' count(>5deg)=34 freshRecap=0  xcheck(invOff-vs-restW) worst=87.3deg bone[33]
  TIER2 joint-attach(PRIMARY): worst=32.99u bone[13]='bone_R-hand.mesh' parent[5] R=49.4 exactJoint=0.33u pairs=30  (palette-wide exactWorst=3.37u)
[HANDS_ATTACH] mesh='hands_naked.mesh' owner='hands_naked.mesh' frame=3333 nb=38 wext=79.3 rebound=1
  TIER1 rest-coherence: worst=87.3deg bone[33]='bone_L-middlefinger03.mesh' count(>5deg)=34 freshRecap=0  xcheck(invOff-vs-restW) worst=87.3deg bone[33]
  TIER2 joint-attach(PRIMARY): worst=46.40u bone[13]='bone_R-hand.mesh' parent[5] R=49.4 exactJoint=0.00u pairs=30  (palette-wide exactWorst=0.00u)
[HANDS_ATTACH] mesh='hands_naked.mesh' owner='hands_naked.mesh' frame=3335 nb=40 wext=62.3 rebound=1
  TIER1 rest-coherence: worst=42.6deg bone[30]='bone_L-middlefinger03.mesh' count(>5deg)=36 freshRecap=0  xcheck(invOff-vs-restW) worst=42.6deg bone[30]
  TIER2 joint-attach(PRIMARY): worst=23.45u bone[22]='bone_L-index02.mesh' parent[27] R=36.5 exactJoint=0.00u pairs=36  (palette-wide exactWorst=7.09u)
[HANDS_ATTACH] mesh='hands_naked.mesh' owner='hands_naked.mesh' frame=3340 nb=38 wext=74.8 rebound=1
  TIER1 rest-coherence: worst=87.3deg bone[33]='bone_L-middlefinger03.mesh' count(>5deg)=34 freshRecap=0  xcheck(invOff-vs-restW) worst=87.3deg bone[33]
  TIER2 joint-attach(PRIMARY): worst=33.43u bone[13]='bone_R-hand.mesh' parent[5] R=49.4 exactJoint=0.33u pairs=30  (palette-wide exactWorst=3.53u)
[HANDS_ATTACH] mesh='hands_naked.mesh' owner='hands_naked.mesh' frame=3343 nb=38 wext=81.9 rebound=1
  TIER1 rest-coherence: worst=87.3deg bone[33]='bone_L-middlefinger03.mesh' count(>5deg)=34 freshRecap=0  xcheck(invOff-vs-restW) worst=87.3deg bone[33]
  TIER2 joint-attach(PRIMARY): worst=47.55u bone[13]='bone_R-hand.mesh' parent[5] R=49.4 exactJoint=0.00u pairs=30  (palette-wide exactWorst=0.00u)
[HANDS_ATTACH] mesh='hands_naked.mesh' owner='hands_naked.mesh' frame=3345 nb=40 wext=61.6 rebound=1
  TIER1 rest-coherence: worst=42.6deg bone[30]='bone_L-middlefinger03.mesh' count(>5deg)=36 freshRecap=0  xcheck(invOff-vs-restW) worst=42.6deg bone[30]
  TIER2 joint-attach(PRIMARY): worst=53.55u bone[14]='bone_R-pinky01.mesh' parent[11] R=39.0 exactJoint=0.40u pairs=36  (palette-wide exactWorst=7.09u)
[HANDS_ATTACH] mesh='hands_naked.mesh' owner='hands_naked.mesh' frame=3350 nb=38 wext=74.8 rebound=1
  TIER1 rest-coherence: worst=87.3deg bone[33]='bone_L-middlefinger03.mesh' count(>5deg)=34 freshRecap=0  xcheck(invOff-vs-restW) worst=87.3deg bone[33]
  TIER2 joint-attach(PRIMARY): worst=33.22u bone[13]='bone_R-hand.mesh' parent[5] R=49.4 exactJoint=0.33u pairs=30  (palette-wide exactWorst=3.70u)
[HANDS_ATTACH] mesh='hands_naked.mesh' owner='hands_naked.mesh' frame=3353 nb=38 wext=79.7 rebound=1
  TIER1 rest-coherence: worst=87.3deg bone[33]='bone_L-middlefinger03.mesh' count(>5deg)=34 freshRecap=0  xcheck(invOff-vs-restW) worst=87.3deg bone[33]
  TIER2 joint-attach(PRIMARY): worst=56.94u bone[13]='bone_R-hand.mesh' parent[5] R=49.4 exactJoint=0.00u pairs=30  (palette-wide exactWorst=1.59u)
[HANDS_ATTACH] mesh='hands_naked.mesh' owner='hands_naked.mesh' frame=3355 nb=40 wext=59.6 rebound=1
  TIER1 rest-coherence: worst=42.6deg bone[30]='bone_L-middlefinger03.mesh' count(>5deg)=36 freshRecap=0  xcheck(invOff-vs-restW) worst=42.6deg bone[30]
  TIER2 joint-attach(PRIMARY): worst=67.72u bone[13]='bone_R-pinky03.mesh' parent[9] R=37.9 exactJoint=0.00u pairs=36  (palette-wide exactWorst=7.34u)
[HANDS_ATTACH] mesh='hands_naked.mesh' owner='hands_naked.mesh' frame=3360 nb=38 wext=75.2 rebound=1
  TIER1 rest-coherence: worst=87.3deg bone[33]='bone_L-middlefinger03.mesh' count(>5deg)=34 freshRecap=0  xcheck(invOff-vs-restW) worst=87.3deg bone[33]
  TIER2 joint-attach(PRIMARY): worst=33.22u bone[13]='bone_R-hand.mesh' parent[5] R=49.4 exactJoint=0.33u pairs=30  (palette-wide exactWorst=3.84u)
[HANDS_ATTACH] mesh='hands_naked.mesh' owner='hands_naked.mesh' frame=3363 nb=38 wext=75.3 rebound=1
  TIER1 rest-coherence: worst=87.3deg bone[33]='bone_L-middlefinger03.mesh' count(>5deg)=34 freshRecap=0  xcheck(invOff-vs-restW) worst=87.3deg bone[33]
  TIER2 joint-attach(PRIMARY): worst=67.19u bone[13]='bone_R-hand.mesh' parent[5] R=49.4 exactJoint=0.00u pairs=30  (palette-wide exactWorst=4.60u)
[HANDS_ATTACH] mesh='hands_naked.mesh' owner='hands_naked.mesh' frame=3365 nb=40 wext=61.5 rebound=1
  TIER1 rest-coherence: worst=42.6deg bone[30]='bone_L-middlefinger03.mesh' count(>5deg)=36 freshRecap=0  xcheck(invOff-vs-restW) worst=42.6deg bone[30]
  TIER2 joint-attach(PRIMARY): worst=67.58u bone[23]='bone_R-ringfinger03.mesh' parent[5] R=37.5 exactJoint=0.28u pairs=36  (palette-wide exactWorst=7.33u)
[HANDS_ATTACH] mesh='hands_naked.mesh' owner='hands_naked.mesh' frame=3370 nb=38 wext=75.0 rebound=1
  TIER1 rest-coherence: worst=87.3deg bone[33]='bone_L-middlefinger03.mesh' count(>5deg)=34 freshRecap=0  xcheck(invOff-vs-restW) worst=87.3deg bone[33]
  TIER2 joint-attach(PRIMARY): worst=34.47u bone[13]='bone_R-hand.mesh' parent[5] R=49.4 exactJoint=0.33u pairs=30  (palette-wide exactWorst=3.99u)
[HANDS_ATTACH] mesh='hands_naked.mesh' owner='hands_naked.mesh' frame=3373 nb=38 wext=78.0 rebound=1
  TIER1 rest-coherence: worst=87.3deg bone[33]='bone_L-middlefinger03.mesh' count(>5deg)=34 freshRecap=0  xcheck(invOff-vs-restW) worst=87.3deg bone[33]
  TIER2 joint-attach(PRIMARY): worst=67.92u bone[13]='bone_R-hand.mesh' parent[5] R=49.4 exactJoint=0.00u pairs=30  (palette-wide exactWorst=5.50u)
[HANDS_ATTACH] mesh='hands_naked.mesh' owner='hands_naked.mesh' frame=3375 nb=40 wext=59.3 rebound=1
  TIER1 rest-coherence: worst=42.6deg bone[30]='bone_L-middlefinger03.mesh' count(>5deg)=36 freshRecap=0  xcheck(invOff-vs-restW) worst=42.6deg bone[30]
  TIER2 joint-attach(PRIMARY): worst=68.30u bone[23]='bone_R-ringfinger03.mesh' parent[5] R=37.5 exactJoint=0.27u pairs=36  (palette-wide exactWorst=7.35u)
[HANDS_ATTACH] mesh='hands_naked.mesh' owner='hands_naked.mesh' frame=3380 nb=38 wext=75.1 rebound=1
  TIER1 rest-coherence: worst=87.3deg bone[33]='bone_L-middlefinger03.mesh' count(>5deg)=34 freshRecap=0  xcheck(invOff-vs-restW) worst=87.3deg bone[33]
  TIER2 joint-attach(PRIMARY): worst=36.68u bone[13]='bone_R-hand.mesh' parent[5] R=49.4 exactJoint=0.33u pairs=30  (palette-wide exactWorst=3.98u)
[HANDS_ATTACH] mesh='hands_naked.mesh' owner='hands_naked.mesh' frame=3383 nb=38 wext=71.2 rebound=1
  TIER1 rest-coherence: worst=87.3deg bone[33]='bone_L-middlefinger03.mesh' count(>5deg)=34 freshRecap=0  xcheck(invOff-vs-restW) worst=87.3deg bone[33]
  TIER2 joint-attach(PRIMARY): worst=48.27u bone[13]='bone_R-hand.mesh' parent[5] R=49.4 exactJoint=0.00u pairs=30  (palette-wide exactWorst=3.60u)
[HANDS_ATTACH] mesh='hands_naked.mesh' owner='hands_naked.mesh' frame=3385 nb=40 wext=65.9 rebound=1
  TIER1 rest-coherence: worst=42.6deg bone[30]='bone_L-middlefinger03.mesh' count(>5deg)=36 freshRecap=0  xcheck(invOff-vs-restW) worst=42.6deg bone[30]
  TIER2 joint-attach(PRIMARY): worst=68.00u bone[23]='bone_R-ringfinger03.mesh' parent[5] R=37.5 exactJoint=0.34u pairs=36  (palette-wide exactWorst=7.35u)
[HANDS_ATTACH] mesh='hands_naked.mesh' owner='hands_naked.mesh' frame=3390 nb=38 wext=75.2 rebound=1
  TIER1 rest-coherence: worst=87.3deg bone[33]='bone_L-middlefinger03.mesh' count(>5deg)=34 freshRecap=0  xcheck(invOff-vs-restW) worst=87.3deg bone[33]
  TIER2 joint-attach(PRIMARY): worst=37.85u bone[13]='bone_R-hand.mesh' parent[5] R=49.4 exactJoint=0.33u pairs=30  (palette-wide exactWorst=3.87u)
[HANDS_ATTACH] mesh='hands_naked.mesh' owner='hands_naked.mesh' frame=3393 nb=38 wext=79.5 rebound=1
  TIER1 rest-coherence: worst=87.3deg bone[33]='bone_L-middlefinger03.mesh' count(>5deg)=34 freshRecap=0  xcheck(invOff-vs-restW) worst=87.3deg bone[33]
  TIER2 joint-attach(PRIMARY): worst=55.65u bone[9]='bone_R-thumb01.mesh' parent[13] R=48.5 exactJoint=0.00u pairs=30  (palette-wide exactWorst=0.00u)
[HANDS_ATTACH] mesh='hands_naked.mesh' owner='hands_naked.mesh' frame=3395 nb=40 wext=65.4 rebound=1
  TIER1 rest-coherence: worst=42.6deg bone[30]='bone_L-middlefinger03.mesh' count(>5deg)=36 freshRecap=0  xcheck(invOff-vs-restW) worst=42.6deg bone[30]
  TIER2 joint-attach(PRIMARY): worst=68.13u bone[23]='bone_R-ringfinger03.mesh' parent[5] R=37.5 exactJoint=0.33u pairs=36  (palette-wide exactWorst=7.35u)
[HANDS_ATTACH] mesh='hands_naked.mesh' owner='hands_naked.mesh' frame=3400 nb=38 wext=75.3 rebound=1
  TIER1 rest-coherence: worst=87.3deg bone[33]='bone_L-middlefinger03.mesh' count(>5deg)=34 freshRecap=0  xcheck(invOff-vs-restW) worst=87.3deg bone[33]
  TIER2 joint-attach(PRIMARY): worst=37.99u bone[13]='bone_R-hand.mesh' parent[5] R=49.4 exactJoint=0.33u pairs=30  (palette-wide exactWorst=3.67u)
[HANDS_ATTACH] mesh='hands_naked.mesh' owner='hands_naked.mesh' frame=3403 nb=38 wext=71.6 rebound=1
  TIER1 rest-coherence: worst=87.3deg bone[33]='bone_L-middlefinger03.mesh' count(>5deg)=34 freshRecap=0  xcheck(invOff-vs-restW) worst=87.3deg bone[33]
  TIER2 joint-attach(PRIMARY): worst=51.74u bone[13]='bone_R-hand.mesh' parent[5] R=49.4 exactJoint=0.00u pairs=30  (palette-wide exactWorst=2.00u)
[HANDS_ATTACH] mesh='hands_naked.mesh' owner='hands_naked.mesh' frame=3405 nb=40 wext=66.7 rebound=1
  TIER1 rest-coherence: worst=42.6deg bone[30]='bone_L-middlefinger03.mesh' count(>5deg)=36 freshRecap=0  xcheck(invOff-vs-restW) worst=42.6deg bone[30]
  TIER2 joint-attach(PRIMARY): worst=68.48u bone[23]='bone_R-ringfinger03.mesh' parent[5] R=37.5 exactJoint=0.26u pairs=36  (palette-wide exactWorst=7.35u)
[HANDS_ATTACH] mesh='hands_naked.mesh' owner='hands_naked.mesh' frame=3410 nb=38 wext=75.2 rebound=1
  TIER1 rest-coherence: worst=87.3deg bone[33]='bone_L-middlefinger03.mesh' count(>5deg)=34 freshRecap=0  xcheck(invOff-vs-restW) worst=87.3deg bone[33]
  TIER2 joint-attach(PRIMARY): worst=38.17u bone[13]='bone_R-hand.mesh' parent[5] R=49.4 exactJoint=0.33u pairs=30  (palette-wide exactWorst=3.40u)
[HANDS_ATTACH] mesh='hands_naked.mesh' owner='hands_naked.mesh' frame=3413 nb=38 wext=82.4 rebound=1
  TIER1 rest-coherence: worst=87.3deg bone[33]='bone_L-middlefinger03.mesh' count(>5deg)=34 freshRecap=0  xcheck(invOff-vs-restW) worst=87.3deg bone[33]
  TIER2 joint-attach(PRIMARY): worst=71.35u bone[18]='bone_R-pinky02.mesh' parent[14] R=47.4 exactJoint=2.15u pairs=30  (palette-wide exactWorst=10.34u)
[HANDS_ATTACH] mesh='hands_naked.mesh' owner='hands_naked.mesh' frame=3415 nb=40 wext=70.4 rebound=1
  TIER1 rest-coherence: worst=42.6deg bone[30]='bone_L-middlefinger03.mesh' count(>5deg)=36 freshRecap=0  xcheck(invOff-vs-restW) worst=42.6deg bone[30]
  TIER2 joint-attach(PRIMARY): worst=68.16u bone[23]='bone_R-ringfinger03.mesh' parent[5] R=37.5 exactJoint=0.32u pairs=36  (palette-wide exactWorst=7.35u)
[HANDS_ATTACH] mesh='hands_naked.mesh' owner='hands_naked.mesh' frame=3420 nb=38 wext=73.8 rebound=1
  TIER1 rest-coherence: worst=87.3deg bone[33]='bone_L-middlefinger03.mesh' count(>5deg)=34 freshRecap=0  xcheck(invOff-vs-restW) worst=87.3deg bone[33]
  TIER2 joint-attach(PRIMARY): worst=37.52u bone[13]='bone_R-hand.mesh' parent[5] R=49.4 exactJoint=0.33u pairs=30  (palette-wide exactWorst=3.09u)
[HANDS_ATTACH] mesh='hands_naked.mesh' owner='hands_naked.mesh' frame=3423 nb=38 wext=79.0 rebound=1
  TIER1 rest-coherence: worst=87.3deg bone[33]='bone_L-middlefinger03.mesh' count(>5deg)=34 freshRecap=0  xcheck(invOff-vs-restW) worst=87.3deg bone[33]
  TIER2 joint-attach(PRIMARY): worst=71.02u bone[18]='bone_R-pinky02.mesh' parent[14] R=47.4 exactJoint=2.44u pairs=30  (palette-wide exactWorst=10.36u)
[HANDS_ATTACH] mesh='hands_naked.mesh' owner='hands_naked.mesh' frame=3425 nb=40 wext=75.1 rebound=1
  TIER1 rest-coherence: worst=42.6deg bone[30]='bone_L-middlefinger03.mesh' count(>5deg)=36 freshRecap=0  xcheck(invOff-vs-restW) worst=42.6deg bone[30]
  TIER2 joint-attach(PRIMARY): worst=68.17u bone[23]='bone_R-ringfinger03.mesh' parent[5] R=37.5 exactJoint=0.32u pairs=36  (palette-wide exactWorst=7.35u)
[HANDS_ATTACH] mesh='hands_naked.mesh' owner='hands_naked.mesh' frame=3430 nb=38 wext=72.6 rebound=1
  TIER1 rest-coherence: worst=87.3deg bone[33]='bone_L-middlefinger03.mesh' count(>5deg)=34 freshRecap=0  xcheck(invOff-vs-restW) worst=87.3deg bone[33]
  TIER2 joint-attach(PRIMARY): worst=37.04u bone[13]='bone_R-hand.mesh' parent[5] R=49.4 exactJoint=0.33u pairs=30  (palette-wide exactWorst=2.90u)
[HANDS_ATTACH] mesh='hands_naked.mesh' owner='hands_naked.mesh' frame=3433 nb=38 wext=73.6 rebound=1
  TIER1 rest-coherence: worst=87.3deg bone[33]='bone_L-middlefinger03.mesh' count(>5deg)=34 freshRecap=0  xcheck(invOff-vs-restW) worst=87.3deg bone[33]
  TIER2 joint-attach(PRIMARY): worst=71.02u bone[18]='bone_R-pinky02.mesh' parent[14] R=47.4 exactJoint=2.44u pairs=30  (palette-wide exactWorst=10.36u)
[HANDS_ATTACH] mesh='hands_naked.mesh' owner='hands_naked.mesh' frame=3435 nb=40 wext=69.0 rebound=1
  TIER1 rest-coherence: worst=42.6deg bone[30]='bone_L-middlefinger03.mesh' count(>5deg)=36 freshRecap=0  xcheck(invOff-vs-restW) worst=42.6deg bone[30]
  TIER2 joint-attach(PRIMARY): worst=68.35u bone[23]='bone_R-ringfinger03.mesh' parent[5] R=37.5 exactJoint=0.29u pairs=36  (palette-wide exactWorst=7.35u)
[HANDS_ATTACH] mesh='hands_naked.mesh' owner='hands_naked.mesh' frame=3440 nb=38 wext=71.8 rebound=1
  TIER1 rest-coherence: worst=87.3deg bone[33]='bone_L-middlefinger03.mesh' count(>5deg)=34 freshRecap=0  xcheck(invOff-vs-restW) worst=87.3deg bone[33]
  TIER2 joint-attach(PRIMARY): worst=36.70u bone[13]='bone_R-hand.mesh' parent[5] R=49.4 exactJoint=0.33u pairs=30  (palette-wide exactWorst=2.81u)
[HANDS_ATTACH] mesh='hands_naked.mesh' owner='hands_naked.mesh' frame=3443 nb=38 wext=75.0 rebound=1
  TIER1 rest-coherence: worst=87.3deg bone[33]='bone_L-middlefinger03.mesh' count(>5deg)=34 freshRecap=0  xcheck(invOff-vs-restW) worst=87.3deg bone[33]
  TIER2 joint-attach(PRIMARY): worst=71.02u bone[18]='bone_R-pinky02.mesh' parent[14] R=47.4 exactJoint=2.44u pairs=30  (palette-wide exactWorst=10.36u)
[HANDS_ATTACH] mesh='hands_naked.mesh' owner='hands_naked.mesh' frame=3445 nb=40 wext=63.7 rebound=1
  TIER1 rest-coherence: worst=42.6deg bone[30]='bone_L-middlefinger03.mesh' count(>5deg)=36 freshRecap=0  xcheck(invOff-vs-restW) worst=42.6deg bone[30]
  TIER2 joint-attach(PRIMARY): worst=67.99u bone[23]='bone_R-ringfinger03.mesh' parent[5] R=37.5 exactJoint=0.38u pairs=36  (palette-wide exactWorst=7.35u)
[HANDS_ATTACH] mesh='hands_naked.mesh' owner='hands_naked.mesh' frame=3450 nb=38 wext=72.0 rebound=1
  TIER1 rest-coherence: worst=87.3deg bone[33]='bone_L-middlefinger03.mesh' count(>5deg)=34 freshRecap=0  xcheck(invOff-vs-restW) worst=87.3deg bone[33]
  TIER2 joint-attach(PRIMARY): worst=33.83u bone[13]='bone_R-hand.mesh' parent[5] R=49.4 exactJoint=0.33u pairs=30  (palette-wide exactWorst=2.77u)
[HANDS_ATTACH] mesh='hands_naked.mesh' owner='hands_naked.mesh' frame=3453 nb=38 wext=62.5 rebound=1
  TIER1 rest-coherence: worst=87.3deg bone[33]='bone_L-middlefinger03.mesh' count(>5deg)=34 freshRecap=0  xcheck(invOff-vs-restW) worst=87.3deg bone[33]
  TIER2 joint-attach(PRIMARY): worst=71.02u bone[18]='bone_R-pinky02.mesh' parent[14] R=47.4 exactJoint=2.44u pairs=30  (palette-wide exactWorst=10.36u)
[HANDS_ATTACH] mesh='hands_naked.mesh' owner='hands_naked.mesh' frame=3455 nb=40 wext=56.8 rebound=1
  TIER1 rest-coherence: worst=42.6deg bone[30]='bone_L-middlefinger03.mesh' count(>5deg)=36 freshRecap=0  xcheck(invOff-vs-restW) worst=42.6deg bone[30]
  TIER2 joint-attach(PRIMARY): worst=68.23u bone[23]='bone_R-ringfinger03.mesh' parent[5] R=37.5 exactJoint=0.32u pairs=36  (palette-wide exactWorst=7.35u)
[HANDS_ATTACH] mesh='hands_naked.mesh' owner='hands_naked.mesh' frame=3460 nb=38 wext=74.2 rebound=1
  TIER1 rest-coherence: worst=87.3deg bone[33]='bone_L-middlefinger03.mesh' count(>5deg)=34 freshRecap=0  xcheck(invOff-vs-restW) worst=87.3deg bone[33]
  TIER2 joint-attach(PRIMARY): worst=37.00u bone[13]='bone_R-hand.mesh' parent[5] R=49.4 exactJoint=0.33u pairs=30  (palette-wide exactWorst=2.84u)
[HANDS_ATTACH] mesh='hands_naked.mesh' owner='hands_naked.mesh' frame=3463 nb=38 wext=54.6 rebound=1
  TIER1 rest-coherence: worst=87.3deg bone[33]='bone_L-middlefinger03.mesh' count(>5deg)=34 freshRecap=0  xcheck(invOff-vs-restW) worst=87.3deg bone[33]
  TIER2 joint-attach(PRIMARY): worst=57.77u bone[29]='bone_L-hand.mesh' parent[22] R=49.4 exactJoint=0.00u pairs=30  (palette-wide exactWorst=0.00u)
[HANDS_ATTACH] mesh='hands_naked.mesh' owner='hands_naked.mesh' frame=3465 nb=40 wext=59.9 rebound=1
  TIER1 rest-coherence: worst=42.6deg bone[30]='bone_L-middlefinger03.mesh' count(>5deg)=36 freshRecap=0  xcheck(invOff-vs-restW) worst=42.6deg bone[30]
  TIER2 joint-attach(PRIMARY): worst=68.46u bone[23]='bone_R-ringfinger03.mesh' parent[5] R=37.5 exactJoint=0.27u pairs=36  (palette-wide exactWorst=7.36u)
[HANDS_ATTACH] mesh='hands_naked.mesh' owner='hands_naked.mesh' frame=3470 nb=38 wext=74.4 rebound=1
  TIER1 rest-coherence: worst=87.3deg bone[33]='bone_L-middlefinger03.mesh' count(>5deg)=34 freshRecap=0  xcheck(invOff-vs-restW) worst=87.3deg bone[33]
  TIER2 joint-attach(PRIMARY): worst=36.60u bone[13]='bone_R-hand.mesh' parent[5] R=49.4 exactJoint=0.33u pairs=30  (palette-wide exactWorst=2.89u)
[HANDS_ATTACH] mesh='hands_naked.mesh' owner='hands_naked.mesh' frame=3473 nb=38 wext=77.0 rebound=1
  TIER1 rest-coherence: worst=87.3deg bone[33]='bone_L-middlefinger03.mesh' count(>5deg)=34 freshRecap=0  xcheck(invOff-vs-restW) worst=87.3deg bone[33]
  TIER2 joint-attach(PRIMARY): worst=71.64u bone[29]='bone_L-hand.mesh' parent[22] R=49.4 exactJoint=0.00u pairs=30  (palette-wide exactWorst=0.00u)
[HANDS_ATTACH] mesh='hands_naked.mesh' owner='hands_naked.mesh' frame=3475 nb=40 wext=61.9 rebound=1
  TIER1 rest-coherence: worst=42.6deg bone[30]='bone_L-middlefinger03.mesh' count(>5deg)=36 freshRecap=0  xcheck(invOff-vs-restW) worst=42.6deg bone[30]
  TIER2 joint-attach(PRIMARY): worst=67.93u bone[23]='bone_R-ringfinger03.mesh' parent[5] R=37.5 exactJoint=0.37u pairs=36  (palette-wide exactWorst=7.35u)
[HANDS_ATTACH] mesh='hands_naked.mesh' owner='hands_naked.mesh' frame=3480 nb=38 wext=74.5 rebound=1
  TIER1 rest-coherence: worst=87.3deg bone[33]='bone_L-middlefinger03.mesh' count(>5deg)=34 freshRecap=0  xcheck(invOff-vs-restW) worst=87.3deg bone[33]
  TIER2 joint-attach(PRIMARY): worst=36.97u bone[13]='bone_R-hand.mesh' parent[5] R=49.4 exactJoint=0.33u pairs=30  (palette-wide exactWorst=3.08u)
[HANDS_ATTACH] mesh='hands_naked.mesh' owner='hands_naked.mesh' frame=3483 nb=38 wext=70.1 rebound=1
  TIER1 rest-coherence: worst=87.3deg bone[33]='bone_L-middlefinger03.mesh' count(>5deg)=34 freshRecap=0  xcheck(invOff-vs-restW) worst=87.3deg bone[33]
  TIER2 joint-attach(PRIMARY): worst=59.24u bone[29]='bone_L-hand.mesh' parent[22] R=49.4 exactJoint=0.00u pairs=30  (palette-wide exactWorst=0.00u)
[HANDS_ATTACH] mesh='hands_naked.mesh' owner='hands_naked.mesh' frame=3485 nb=40 wext=66.9 rebound=1
  TIER1 rest-coherence: worst=42.6deg bone[30]='bone_L-middlefinger03.mesh' count(>5deg)=36 freshRecap=0  xcheck(invOff-vs-restW) worst=42.6deg bone[30]
  TIER2 joint-attach(PRIMARY): worst=68.15u bone[23]='bone_R-ringfinger03.mesh' parent[5] R=37.5 exactJoint=0.32u pairs=36  (palette-wide exactWorst=7.35u)
[HANDS_ATTACH] mesh='hands_naked.mesh' owner='hands_naked.mesh' frame=3490 nb=38 wext=74.4 rebound=1
  TIER1 rest-coherence: worst=87.3deg bone[33]='bone_L-middlefinger03.mesh' count(>5deg)=34 freshRecap=0  xcheck(invOff-vs-restW) worst=87.3deg bone[33]
  TIER2 joint-attach(PRIMARY): worst=37.55u bone[13]='bone_R-hand.mesh' parent[5] R=49.4 exactJoint=0.33u pairs=30  (palette-wide exactWorst=3.34u)
[HANDS_ATTACH] mesh='hands_naked.mesh' owner='hands_naked.mesh' frame=3493 nb=38 wext=73.3 rebound=1
  TIER1 rest-coherence: worst=87.3deg bone[33]='bone_L-middlefinger03.mesh' count(>5deg)=34 freshRecap=0  xcheck(invOff-vs-restW) worst=87.3deg bone[33]
  TIER2 joint-attach(PRIMARY): worst=56.51u bone[29]='bone_L-hand.mesh' parent[22] R=49.4 exactJoint=0.00u pairs=30  (palette-wide exactWorst=0.00u)
[HANDS_ATTACH] mesh='hands_naked.mesh' owner='hands_naked.mesh' frame=3495 nb=40 wext=63.5 rebound=1
  TIER1 rest-coherence: worst=42.6deg bone[30]='bone_L-middlefinger03.mesh' count(>5deg)=36 freshRecap=0  xcheck(invOff-vs-restW) worst=42.6deg bone[30]
  TIER2 joint-attach(PRIMARY): worst=67.96u bone[23]='bone_R-ringfinger03.mesh' parent[5] R=37.5 exactJoint=0.37u pairs=36  (palette-wide exactWorst=7.36u)
[HANDS_ATTACH] mesh='hands_naked.mesh' owner='hands_naked.mesh' frame=3500 nb=38 wext=73.8 rebound=1
  TIER1 rest-coherence: worst=87.3deg bone[33]='bone_L-middlefinger03.mesh' count(>5deg)=34 freshRecap=0  xcheck(invOff-vs-restW) worst=87.3deg bone[33]
  TIER2 joint-attach(PRIMARY): worst=37.52u bone[13]='bone_R-hand.mesh' parent[5] R=49.4 exactJoint=0.33u pairs=30  (palette-wide exactWorst=3.52u)
[HANDS_ATTACH] mesh='hands_naked.mesh' owner='hands_naked.mesh' frame=3503 nb=38 wext=82.2 rebound=1
  TIER1 rest-coherence: worst=87.3deg bone[33]='bone_L-middlefinger03.mesh' count(>5deg)=34 freshRecap=0  xcheck(invOff-vs-restW) worst=87.3deg bone[33]
  TIER2 joint-attach(PRIMARY): worst=62.74u bone[29]='bone_L-hand.mesh' parent[22] R=49.4 exactJoint=0.00u pairs=30  (palette-wide exactWorst=0.00u)
[HANDS_ATTACH] mesh='hands_naked.mesh' owner='hands_naked.mesh' frame=3505 nb=40 wext=70.4 rebound=1
  TIER1 rest-coherence: worst=42.6deg bone[30]='bone_L-middlefinger03.mesh' count(>5deg)=36 freshRecap=0  xcheck(invOff-vs-restW) worst=42.6deg bone[30]
  TIER2 joint-attach(PRIMARY): worst=68.25u bone[23]='bone_R-ringfinger03.mesh' parent[5] R=37.5 exactJoint=0.30u pairs=36  (palette-wide exactWorst=7.35u)
[HANDS_ATTACH] mesh='hands_naked.mesh' owner='hands_naked.mesh' frame=3510 nb=38 wext=73.0 rebound=1
  TIER1 rest-coherence: worst=87.3deg bone[33]='bone_L-middlefinger03.mesh' count(>5deg)=34 freshRecap=0  xcheck(invOff-vs-restW) worst=87.3deg bone[33]
  TIER2 joint-attach(PRIMARY): worst=37.71u bone[13]='bone_R-hand.mesh' parent[5] R=49.4 exactJoint=0.33u pairs=30  (palette-wide exactWorst=3.62u)
[HANDS_ATTACH] mesh='hands_naked.mesh' owner='hands_naked.mesh' frame=3513 nb=38 wext=86.6 rebound=1
  TIER1 rest-coherence: worst=87.3deg bone[33]='bone_L-middlefinger03.mesh' count(>5deg)=34 freshRecap=0  xcheck(invOff-vs-restW) worst=87.3deg bone[33]
  TIER2 joint-attach(PRIMARY): worst=58.84u bone[29]='bone_L-hand.mesh' parent[22] R=49.4 exactJoint=0.00u pairs=30  (palette-wide exactWorst=0.00u)
[HANDS_ATTACH] mesh='hands_naked.mesh' owner='hands_naked.mesh' frame=3515 nb=40 wext=72.2 rebound=1
  TIER1 rest-coherence: worst=42.6deg bone[30]='bone_L-middlefinger03.mesh' count(>5deg)=36 freshRecap=0  xcheck(invOff-vs-restW) worst=42.6deg bone[30]
  TIER2 joint-attach(PRIMARY): worst=68.10u bone[23]='bone_R-ringfinger03.mesh' parent[5] R=37.5 exactJoint=0.34u pairs=36  (palette-wide exactWorst=7.35u)
[HANDS_ATTACH] mesh='hands_naked.mesh' owner='hands_naked.mesh' frame=3520 nb=38 wext=72.3 rebound=1
  TIER1 rest-coherence: worst=87.3deg bone[33]='bone_L-middlefinger03.mesh' count(>5deg)=34 freshRecap=0  xcheck(invOff-vs-restW) worst=87.3deg bone[33]
  TIER2 joint-attach(PRIMARY): worst=37.77u bone[13]='bone_R-hand.mesh' parent[5] R=49.4 exactJoint=0.33u pairs=30  (palette-wide exactWorst=3.79u)
[HANDS_ATTACH] mesh='hands_naked.mesh' owner='hands_naked.mesh' frame=3523 nb=38 wext=70.7 rebound=1
  TIER1 rest-coherence: worst=87.3deg bone[33]='bone_L-middlefinger03.mesh' count(>5deg)=34 freshRecap=0  xcheck(invOff-vs-restW) worst=87.3deg bone[33]
  TIER2 joint-attach(PRIMARY): worst=54.73u bone[29]='bone_L-hand.mesh' parent[22] R=49.4 exactJoint=0.00u pairs=30  (palette-wide exactWorst=0.00u)
[HANDS_ATTACH] mesh='hands_naked.mesh' owner='hands_naked.mesh' frame=3525 nb=40 wext=48.7 rebound=1
  TIER1 rest-coherence: worst=42.6deg bone[30]='bone_L-middlefinger03.mesh' count(>5deg)=36 freshRecap=0  xcheck(invOff-vs-restW) worst=42.6deg bone[30]
  TIER2 joint-attach(PRIMARY): worst=67.80u bone[23]='bone_R-ringfinger03.mesh' parent[5] R=37.5 exactJoint=0.40u pairs=36  (palette-wide exactWorst=7.37u)
[HANDS_ATTACH] mesh='hands_naked.mesh' owner='hands_naked.mesh' frame=3530 nb=38 wext=71.4 rebound=1
  TIER1 rest-coherence: worst=87.3deg bone[33]='bone_L-middlefinger03.mesh' count(>5deg)=34 freshRecap=0  xcheck(invOff-vs-restW) worst=87.3deg bone[33]
  TIER2 joint-attach(PRIMARY): worst=39.40u bone[13]='bone_R-hand.mesh' parent[5] R=49.4 exactJoint=0.33u pairs=30  (palette-wide exactWorst=3.66u)
[HANDS_ATTACH] mesh='hands_naked.mesh' owner='hands_naked.mesh' frame=3533 nb=38 wext=69.6 rebound=1
  TIER1 rest-coherence: worst=87.3deg bone[33]='bone_L-middlefinger03.mesh' count(>5deg)=34 freshRecap=0  xcheck(invOff-vs-restW) worst=87.3deg bone[33]
  TIER2 joint-attach(PRIMARY): worst=55.40u bone[29]='bone_L-hand.mesh' parent[22] R=49.4 exactJoint=0.00u pairs=30  (palette-wide exactWorst=0.00u)
[HANDS_ATTACH] mesh='hands_naked.mesh' owner='hands_naked.mesh' frame=3535 nb=40 wext=59.5 rebound=1
  TIER1 rest-coherence: worst=42.6deg bone[30]='bone_L-middlefinger03.mesh' count(>5deg)=36 freshRecap=0  xcheck(invOff-vs-restW) worst=42.6deg bone[30]
  TIER2 joint-attach(PRIMARY): worst=67.74u bone[23]='bone_R-ringfinger03.mesh' parent[5] R=37.5 exactJoint=0.40u pairs=36  (palette-wide exactWorst=7.36u)
[HANDS_ATTACH] mesh='hands_naked.mesh' owner='hands_naked.mesh' frame=3540 nb=38 wext=71.4 rebound=1
  TIER1 rest-coherence: worst=87.3deg bone[33]='bone_L-middlefinger03.mesh' count(>5deg)=34 freshRecap=0  xcheck(invOff-vs-restW) worst=87.3deg bone[33]
  TIER2 joint-attach(PRIMARY): worst=38.57u bone[13]='bone_R-hand.mesh' parent[5] R=49.4 exactJoint=0.33u pairs=30  (palette-wide exactWorst=3.32u)
[HANDS_ATTACH] mesh='hands_naked.mesh' owner='hands_naked.mesh' frame=3543 nb=38 wext=53.6 rebound=1
  TIER1 rest-coherence: worst=87.3deg bone[33]='bone_L-middlefinger03.mesh' count(>5deg)=34 freshRecap=0  xcheck(invOff-vs-restW) worst=87.3deg bone[33]
  TIER2 joint-attach(PRIMARY): worst=51.20u bone[29]='bone_L-hand.mesh' parent[22] R=49.4 exactJoint=0.00u pairs=30  (palette-wide exactWorst=0.00u)
[HANDS_ATTACH] mesh='hands_naked.mesh' owner='hands_naked.mesh' frame=3545 nb=40 wext=56.3 rebound=1
  TIER1 rest-coherence: worst=42.6deg bone[30]='bone_L-middlefinger03.mesh' count(>5deg)=36 freshRecap=0  xcheck(invOff-vs-restW) worst=42.6deg bone[30]
  TIER2 joint-attach(PRIMARY): worst=67.80u bone[23]='bone_R-ringfinger03.mesh' parent[5] R=37.5 exactJoint=0.40u pairs=36  (palette-wide exactWorst=7.35u)
[HANDS_ATTACH] mesh='hands_naked.mesh' owner='hands_naked.mesh' frame=3550 nb=38 wext=71.7 rebound=1
  TIER1 rest-coherence: worst=87.3deg bone[33]='bone_L-middlefinger03.mesh' count(>5deg)=34 freshRecap=0  xcheck(invOff-vs-restW) worst=87.3deg bone[33]
  TIER2 joint-attach(PRIMARY): worst=35.18u bone[13]='bone_R-hand.mesh' parent[5] R=49.4 exactJoint=0.33u pairs=30  (palette-wide exactWorst=3.00u)
[HANDS_ATTACH] mesh='hands_naked.mesh' owner='hands_naked.mesh' frame=3553 nb=38 wext=72.8 rebound=1
  TIER1 rest-coherence: worst=87.3deg bone[33]='bone_L-middlefinger03.mesh' count(>5deg)=34 freshRecap=0  xcheck(invOff-vs-restW) worst=87.3deg bone[33]
  TIER2 joint-attach(PRIMARY): worst=47.73u bone[29]='bone_L-hand.mesh' parent[22] R=49.4 exactJoint=0.00u pairs=30  (palette-wide exactWorst=0.00u)
[HANDS_ATTACH] mesh='hands_naked.mesh' owner='hands_naked.mesh' frame=3555 nb=40 wext=57.8 rebound=1
  TIER1 rest-coherence: worst=42.6deg bone[30]='bone_L-middlefinger03.mesh' count(>5deg)=36 freshRecap=0  xcheck(invOff-vs-restW) worst=42.6deg bone[30]
  TIER2 joint-attach(PRIMARY): worst=67.92u bone[23]='bone_R-ringfinger03.mesh' parent[5] R=37.5 exactJoint=0.37u pairs=36  (palette-wide exactWorst=7.36u)
[HANDS_ATTACH] mesh='hands_naked.mesh' owner='hands_naked.mesh' frame=3560 nb=38 wext=71.4 rebound=1
  TIER1 rest-coherence: worst=87.3deg bone[33]='bone_L-middlefinger03.mesh' count(>5deg)=34 freshRecap=0  xcheck(invOff-vs-restW) worst=87.3deg bone[33]
  TIER2 joint-attach(PRIMARY): worst=33.01u bone[18]='bone_R-pinky02.mesh' parent[14] R=47.4 exactJoint=0.00u pairs=30  (palette-wide exactWorst=3.25u)
[HANDS_ATTACH] mesh='hands_naked.mesh' owner='hands_naked.mesh' frame=3563 nb=38 wext=75.8 rebound=1
  TIER1 rest-coherence: worst=87.3deg bone[33]='bone_L-middlefinger03.mesh' count(>5deg)=34 freshRecap=0  xcheck(invOff-vs-restW) worst=87.3deg bone[33]
  TIER2 joint-attach(PRIMARY): worst=46.84u bone[29]='bone_L-hand.mesh' parent[22] R=49.4 exactJoint=0.00u pairs=30  (palette-wide exactWorst=0.00u)
[HANDS_ATTACH] mesh='hands_naked.mesh' owner='hands_naked.mesh' frame=3565 nb=40 wext=65.4 rebound=1
  TIER1 rest-coherence: worst=42.6deg bone[30]='bone_L-middlefinger03.mesh' count(>5deg)=36 freshRecap=0  xcheck(invOff-vs-restW) worst=42.6deg bone[30]
  TIER2 joint-attach(PRIMARY): worst=67.83u bone[23]='bone_R-ringfinger03.mesh' parent[5] R=37.5 exactJoint=0.38u pairs=36  (palette-wide exactWorst=7.36u)
[HANDS_ATTACH] mesh='hands_naked.mesh' owner='hands_naked.mesh' frame=3570 nb=38 wext=70.0 rebound=1
  TIER1 rest-coherence: worst=87.3deg bone[33]='bone_L-middlefinger03.mesh' count(>5deg)=34 freshRecap=0  xcheck(invOff-vs-restW) worst=87.3deg bone[33]
  TIER2 joint-attach(PRIMARY): worst=33.64u bone[26]='bone_L-middlefinger02.mesh' parent[23] R=47.1 exactJoint=0.00u pairs=30  (palette-wide exactWorst=4.70u)
[HANDS_ATTACH] mesh='hands_naked.mesh' owner='hands_naked.mesh' frame=3573 nb=38 wext=69.9 rebound=1
  TIER1 rest-coherence: worst=87.3deg bone[33]='bone_L-middlefinger03.mesh' count(>5deg)=34 freshRecap=0  xcheck(invOff-vs-restW) worst=87.3deg bone[33]
  TIER2 joint-attach(PRIMARY): worst=31.66u bone[33]='bone_L-middlefinger03.mesh' parent[26] R=47.0 exactJoint=0.00u pairs=30  (palette-wide exactWorst=0.00u)
[HANDS_ATTACH] mesh='hands_naked.mesh' owner='hands_naked.mesh' frame=3575 nb=40 wext=60.8 rebound=1
  TIER1 rest-coherence: worst=42.6deg bone[30]='bone_L-middlefinger03.mesh' count(>5deg)=36 freshRecap=0  xcheck(invOff-vs-restW) worst=42.6deg bone[30]
  TIER2 joint-attach(PRIMARY): worst=67.66u bone[23]='bone_R-ringfinger03.mesh' parent[5] R=37.5 exactJoint=0.43u pairs=36  (palette-wide exactWorst=7.37u)
[HANDS_ATTACH] mesh='hands_naked.mesh' owner='hands_naked.mesh' frame=3580 nb=38 wext=73.5 rebound=1
  TIER1 rest-coherence: worst=87.3deg bone[33]='bone_L-middlefinger03.mesh' count(>5deg)=34 freshRecap=0  xcheck(invOff-vs-restW) worst=87.3deg bone[33]
  TIER2 joint-attach(PRIMARY): worst=34.31u bone[26]='bone_L-middlefinger02.mesh' parent[23] R=47.1 exactJoint=0.00u pairs=30  (palette-wide exactWorst=5.49u)
[HANDS_ATTACH] mesh='hands_naked.mesh' owner='hands_naked.mesh' frame=3583 nb=38 wext=58.0 rebound=1
  TIER1 rest-coherence: worst=87.3deg bone[33]='bone_L-middlefinger03.mesh' count(>5deg)=34 freshRecap=0  xcheck(invOff-vs-restW) worst=87.3deg bone[33]
  TIER2 joint-attach(PRIMARY): worst=31.66u bone[33]='bone_L-middlefinger03.mesh' parent[26] R=47.0 exactJoint=0.00u pairs=30  (palette-wide exactWorst=0.00u)
[HANDS_ATTACH] mesh='hands_naked.mesh' owner='hands_naked.mesh' frame=3585 nb=40 wext=66.0 rebound=1
  TIER1 rest-coherence: worst=42.6deg bone[30]='bone_L-middlefinger03.mesh' count(>5deg)=36 freshRecap=0  xcheck(invOff-vs-restW) worst=42.6deg bone[30]
  TIER2 joint-attach(PRIMARY): worst=67.87u bone[23]='bone_R-ringfinger03.mesh' parent[5] R=37.5 exactJoint=0.38u pairs=36  (palette-wide exactWorst=7.36u)
[HANDS_ATTACH] mesh='hands_naked.mesh' owner='hands_naked.mesh' frame=3590 nb=38 wext=72.7 rebound=1
  TIER1 rest-coherence: worst=87.3deg bone[33]='bone_L-middlefinger03.mesh' count(>5deg)=34 freshRecap=0  xcheck(invOff-vs-restW) worst=87.3deg bone[33]
  TIER2 joint-attach(PRIMARY): worst=34.31u bone[26]='bone_L-middlefinger02.mesh' parent[23] R=47.1 exactJoint=0.00u pairs=30  (palette-wide exactWorst=5.71u)
[HANDS_ATTACH] mesh='hands_naked.mesh' owner='hands_naked.mesh' frame=3593 nb=38 wext=93.3 rebound=1
  TIER1 rest-coherence: worst=87.3deg bone[33]='bone_L-middlefinger03.mesh' count(>5deg)=34 freshRecap=0  xcheck(invOff-vs-restW) worst=87.3deg bone[33]
  TIER2 joint-attach(PRIMARY): worst=39.79u bone[18]='bone_R-pinky02.mesh' parent[14] R=47.4 exactJoint=0.00u pairs=30  (palette-wide exactWorst=0.77u)
[HANDS_ATTACH] mesh='hands_naked.mesh' owner='hands_naked.mesh' frame=3595 nb=40 wext=61.1 rebound=1
  TIER1 rest-coherence: worst=42.6deg bone[30]='bone_L-middlefinger03.mesh' count(>5deg)=36 freshRecap=0  xcheck(invOff-vs-restW) worst=42.6deg bone[30]
  TIER2 joint-attach(PRIMARY): worst=67.97u bone[23]='bone_R-ringfinger03.mesh' parent[5] R=37.5 exactJoint=0.36u pairs=36  (palette-wide exactWorst=7.35u)
[HANDS_ATTACH] mesh='hands_naked.mesh' owner='hands_naked.mesh' frame=3600 nb=38 wext=69.0 rebound=1
  TIER1 rest-coherence: worst=87.3deg bone[33]='bone_L-middlefinger03.mesh' count(>5deg)=34 freshRecap=0  xcheck(invOff-vs-restW) worst=87.3deg bone[33]
  TIER2 joint-attach(PRIMARY): worst=34.68u bone[29]='bone_L-hand.mesh' parent[22] R=49.4 exactJoint=0.14u pairs=30  (palette-wide exactWorst=5.73u)
[HANDS_ATTACH] mesh='hands_naked.mesh' owner='hands_naked.mesh' frame=3603 nb=38 wext=80.3 rebound=1
  TIER1 rest-coherence: worst=87.3deg bone[33]='bone_L-middlefinger03.mesh' count(>5deg)=34 freshRecap=0  xcheck(invOff-vs-restW) worst=87.3deg bone[33]
  TIER2 joint-attach(PRIMARY): worst=71.02u bone[18]='bone_R-pinky02.mesh' parent[14] R=47.4 exactJoint=2.44u pairs=30  (palette-wide exactWorst=10.36u)
[HANDS_ATTACH] mesh='hands_naked.mesh' owner='hands_naked.mesh' frame=3605 nb=40 wext=62.0 rebound=1
  TIER1 rest-coherence: worst=42.6deg bone[30]='bone_L-middlefinger03.mesh' count(>5deg)=36 freshRecap=0  xcheck(invOff-vs-restW) worst=42.6deg bone[30]
  TIER2 joint-attach(PRIMARY): worst=68.16u bone[23]='bone_R-ringfinger03.mesh' parent[5] R=37.5 exactJoint=0.33u pairs=36  (palette-wide exactWorst=7.35u)
[HANDS_ATTACH] mesh='hands_naked.mesh' owner='hands_naked.mesh' frame=3615 nb=38 wext=76.5 rebound=1
  TIER1 rest-coherence: worst=87.3deg bone[33]='bone_L-middlefinger03.mesh' count(>5deg)=34 freshRecap=0  xcheck(invOff-vs-restW) worst=87.3deg bone[33]
  TIER2 joint-attach(PRIMARY): worst=33.01u bone[18]='bone_R-pinky02.mesh' parent[14] R=47.4 exactJoint=0.00u pairs=30  (palette-wide exactWorst=3.63u)
[HANDS_ATTACH] mesh='hands_naked.mesh' owner='hands_naked.mesh' frame=3620 nb=38 wext=56.1 rebound=1
  TIER1 rest-coherence: worst=87.3deg bone[33]='bone_L-middlefinger03.mesh' count(>5deg)=34 freshRecap=0  xcheck(invOff-vs-restW) worst=87.3deg bone[33]
  TIER2 joint-attach(PRIMARY): worst=71.02u bone[18]='bone_R-pinky02.mesh' parent[14] R=47.4 exactJoint=2.44u pairs=30  (palette-wide exactWorst=10.36u)
[HANDS_ATTACH] mesh='hands_naked.mesh' owner='hands_naked.mesh' frame=3625 nb=40 wext=60.2 rebound=1
  TIER1 rest-coherence: worst=42.6deg bone[30]='bone_L-middlefinger03.mesh' count(>5deg)=36 freshRecap=0  xcheck(invOff-vs-restW) worst=42.6deg bone[30]
  TIER2 joint-attach(PRIMARY): worst=44.20u bone[4]='bone_R-middlefinger01.mesh' parent[1] R=38.2 exactJoint=0.00u pairs=36  (palette-wide exactWorst=8.55u)
[HANDS_ATTACH] mesh='hands_naked.mesh' owner='hands_naked.mesh' frame=3635 nb=38 wext=77.6 rebound=1
  TIER1 rest-coherence: worst=87.3deg bone[33]='bone_L-middlefinger03.mesh' count(>5deg)=34 freshRecap=0  xcheck(invOff-vs-restW) worst=87.3deg bone[33]
  TIER2 joint-attach(PRIMARY): worst=33.03u bone[26]='bone_L-middlefinger02.mesh' parent[23] R=47.1 exactJoint=0.00u pairs=30  (palette-wide exactWorst=4.01u)
[HANDS_ATTACH] mesh='hands_naked.mesh' owner='hands_naked.mesh' frame=3640 nb=38 wext=57.4 rebound=1
  TIER1 rest-coherence: worst=87.3deg bone[33]='bone_L-middlefinger03.mesh' count(>5deg)=34 freshRecap=0  xcheck(invOff-vs-restW) worst=87.3deg bone[33]
  TIER2 joint-attach(PRIMARY): worst=71.02u bone[18]='bone_R-pinky02.mesh' parent[14] R=47.4 exactJoint=2.44u pairs=30  (palette-wide exactWorst=10.36u)
[HANDS_ATTACH] mesh='hands_naked.mesh' owner='hands_naked.mesh' frame=3645 nb=40 wext=60.6 rebound=1
  TIER1 rest-coherence: worst=42.6deg bone[30]='bone_L-middlefinger03.mesh' count(>5deg)=36 freshRecap=0  xcheck(invOff-vs-restW) worst=42.6deg bone[30]
  TIER2 joint-attach(PRIMARY): worst=44.19u bone[4]='bone_R-middlefinger01.mesh' parent[1] R=38.2 exactJoint=0.00u pairs=36  (palette-wide exactWorst=8.55u)
[HANDS_ATTACH] mesh='hands_naked.mesh' owner='hands_naked.mesh' frame=3655 nb=38 wext=79.8 rebound=1
  TIER1 rest-coherence: worst=87.3deg bone[33]='bone_L-middlefinger03.mesh' count(>5deg)=34 freshRecap=0  xcheck(invOff-vs-restW) worst=87.3deg bone[33]
  TIER2 joint-attach(PRIMARY): worst=33.19u bone[26]='bone_L-middlefinger02.mesh' parent[23] R=47.1 exactJoint=0.00u pairs=30  (palette-wide exactWorst=4.25u)
[HANDS_ATTACH] mesh='hands_naked.mesh' owner='hands_naked.mesh' frame=3660 nb=38 wext=54.6 rebound=1
  TIER1 rest-coherence: worst=87.3deg bone[33]='bone_L-middlefinger03.mesh' count(>5deg)=34 freshRecap=0  xcheck(invOff-vs-restW) worst=87.3deg bone[33]
  TIER2 joint-attach(PRIMARY): worst=71.02u bone[18]='bone_R-pinky02.mesh' parent[14] R=47.4 exactJoint=2.44u pairs=30  (palette-wide exactWorst=10.36u)
[HANDS_ATTACH] mesh='hands_naked.mesh' owner='hands_naked.mesh' frame=3665 nb=40 wext=63.9 rebound=1
  TIER1 rest-coherence: worst=42.6deg bone[30]='bone_L-middlefinger03.mesh' count(>5deg)=36 freshRecap=0  xcheck(invOff-vs-restW) worst=42.6deg bone[30]
  TIER2 joint-attach(PRIMARY): worst=46.56u bone[24]='bone_R-ringfinger01.mesh' parent[21] R=38.6 exactJoint=3.32u pairs=36  (palette-wide exactWorst=7.94u)
[HANDS_ATTACH] mesh='hands_naked.mesh' owner='hands_naked.mesh' frame=3675 nb=38 wext=81.8 rebound=1
  TIER1 rest-coherence: worst=87.3deg bone[33]='bone_L-middlefinger03.mesh' count(>5deg)=34 freshRecap=0  xcheck(invOff-vs-restW) worst=87.3deg bone[33]
  TIER2 joint-attach(PRIMARY): worst=34.84u bone[13]='bone_R-hand.mesh' parent[5] R=49.4 exactJoint=0.33u pairs=30  (palette-wide exactWorst=4.35u)
[HANDS_ATTACH] mesh='hands_naked.mesh' owner='hands_naked.mesh' frame=3680 nb=38 wext=73.2 rebound=1
  TIER1 rest-coherence: worst=87.3deg bone[33]='bone_L-middlefinger03.mesh' count(>5deg)=34 freshRecap=0  xcheck(invOff-vs-restW) worst=87.3deg bone[33]
  TIER2 joint-attach(PRIMARY): worst=38.50u bone[13]='bone_R-hand.mesh' parent[5] R=49.4 exactJoint=0.00u pairs=30  (palette-wide exactWorst=0.00u)
[HANDS_ATTACH] mesh='hands_naked.mesh' owner='hands_naked.mesh' frame=3685 nb=40 wext=49.1 rebound=1
  TIER1 rest-coherence: worst=42.6deg bone[30]='bone_L-middlefinger03.mesh' count(>5deg)=36 freshRecap=0  xcheck(invOff-vs-restW) worst=42.6deg bone[30]
  TIER2 joint-attach(PRIMARY): worst=54.08u bone[16]='bone_R-thumb01.mesh' parent[1] R=38.3 exactJoint=0.09u pairs=36  (palette-wide exactWorst=5.46u)
[HANDS_ATTACH] mesh='hands_naked.mesh' owner='hands_naked.mesh' frame=3695 nb=38 wext=80.3 rebound=1
  TIER1 rest-coherence: worst=87.3deg bone[33]='bone_L-middlefinger03.mesh' count(>5deg)=34 freshRecap=0  xcheck(invOff-vs-restW) worst=87.3deg bone[33]
  TIER2 joint-attach(PRIMARY): worst=39.28u bone[13]='bone_R-hand.mesh' parent[5] R=49.4 exactJoint=0.33u pairs=30  (palette-wide exactWorst=4.25u)
[HANDS_ATTACH] mesh='hands_naked.mesh' owner='hands_naked.mesh' frame=3700 nb=38 wext=78.6 rebound=1
  TIER1 rest-coherence: worst=87.3deg bone[33]='bone_L-middlefinger03.mesh' count(>5deg)=34 freshRecap=0  xcheck(invOff-vs-restW) worst=87.3deg bone[33]
  TIER2 joint-attach(PRIMARY): worst=46.49u bone[13]='bone_R-hand.mesh' parent[5] R=49.4 exactJoint=0.00u pairs=30  (palette-wide exactWorst=0.00u)
[HANDS_ATTACH] mesh='hands_naked.mesh' owner='hands_naked.mesh' frame=3705 nb=40 wext=45.4 rebound=1
  TIER1 rest-coherence: worst=42.6deg bone[30]='bone_L-middlefinger03.mesh' count(>5deg)=36 freshRecap=0  xcheck(invOff-vs-restW) worst=42.6deg bone[30]
  TIER2 joint-attach(PRIMARY): worst=52.88u bone[16]='bone_R-thumb01.mesh' parent[1] R=38.3 exactJoint=2.28u pairs=36  (palette-wide exactWorst=5.46u)
[HANDS_ATTACH] mesh='hands_naked.mesh' owner='hands_naked.mesh' frame=3715 nb=38 wext=78.8 rebound=1
  TIER1 rest-coherence: worst=87.3deg bone[33]='bone_L-middlefinger03.mesh' count(>5deg)=34 freshRecap=0  xcheck(invOff-vs-restW) worst=87.3deg bone[33]
  TIER2 joint-attach(PRIMARY): worst=39.33u bone[13]='bone_R-hand.mesh' parent[5] R=49.4 exactJoint=0.33u pairs=30  (palette-wide exactWorst=3.53u)
[HANDS_ATTACH] mesh='hands_naked.mesh' owner='hands_naked.mesh' frame=3720 nb=38 wext=86.5 rebound=1
  TIER1 rest-coherence: worst=87.3deg bone[33]='bone_L-middlefinger03.mesh' count(>5deg)=34 freshRecap=0  xcheck(invOff-vs-restW) worst=87.3deg bone[33]
  TIER2 joint-attach(PRIMARY): worst=52.11u bone[13]='bone_R-hand.mesh' parent[5] R=49.4 exactJoint=0.00u pairs=30  (palette-wide exactWorst=0.00u)
[HANDS_ATTACH] mesh='hands_naked.mesh' owner='hands_naked.mesh' frame=3725 nb=40 wext=43.3 rebound=1
  TIER1 rest-coherence: worst=42.6deg bone[30]='bone_L-middlefinger03.mesh' count(>5deg)=36 freshRecap=0  xcheck(invOff-vs-restW) worst=42.6deg bone[30]
  TIER2 joint-attach(PRIMARY): worst=53.14u bone[16]='bone_R-thumb01.mesh' parent[1] R=38.3 exactJoint=2.01u pairs=36  (palette-wide exactWorst=5.46u)
[HANDS_ATTACH] mesh='hands_naked.mesh' owner='hands_naked.mesh' frame=3735 nb=38 wext=78.7 rebound=1
  TIER1 rest-coherence: worst=87.3deg bone[33]='bone_L-middlefinger03.mesh' count(>5deg)=34 freshRecap=0  xcheck(invOff-vs-restW) worst=87.3deg bone[33]
  TIER2 joint-attach(PRIMARY): worst=36.05u bone[13]='bone_R-hand.mesh' parent[5] R=49.4 exactJoint=0.33u pairs=30  (palette-wide exactWorst=3.14u)
[HANDS_ATTACH] mesh='hands_naked.mesh' owner='hands_naked.mesh' frame=3740 nb=38 wext=80.3 rebound=1
  TIER1 rest-coherence: worst=87.3deg bone[33]='bone_L-middlefinger03.mesh' count(>5deg)=34 freshRecap=0  xcheck(invOff-vs-restW) worst=87.3deg bone[33]
  TIER2 joint-attach(PRIMARY): worst=69.14u bone[13]='bone_R-hand.mesh' parent[5] R=49.4 exactJoint=0.00u pairs=30  (palette-wide exactWorst=5.36u)
[HANDS_ATTACH] mesh='hands_naked.mesh' owner='hands_naked.mesh' frame=3745 nb=40 wext=47.5 rebound=1
  TIER1 rest-coherence: worst=42.6deg bone[30]='bone_L-middlefinger03.mesh' count(>5deg)=36 freshRecap=0  xcheck(invOff-vs-restW) worst=42.6deg bone[30]
  TIER2 joint-attach(PRIMARY): worst=29.75u bone[16]='bone_R-thumb01.mesh' parent[1] R=38.3 exactJoint=0.00u pairs=36  (palette-wide exactWorst=5.46u)
[HANDS_ATTACH] mesh='hands_naked.mesh' owner='hands_naked.mesh' frame=3755 nb=38 wext=80.9 rebound=1
  TIER1 rest-coherence: worst=87.3deg bone[33]='bone_L-middlefinger03.mesh' count(>5deg)=34 freshRecap=0  xcheck(invOff-vs-restW) worst=87.3deg bone[33]
  TIER2 joint-attach(PRIMARY): worst=34.34u bone[13]='bone_R-hand.mesh' parent[5] R=49.4 exactJoint=0.33u pairs=30  (palette-wide exactWorst=3.15u)
[HANDS_ATTACH] mesh='hands_naked.mesh' owner='hands_naked.mesh' frame=3760 nb=38 wext=85.2 rebound=1
  TIER1 rest-coherence: worst=87.3deg bone[33]='bone_L-middlefinger03.mesh' count(>5deg)=34 freshRecap=0  xcheck(invOff-vs-restW) worst=87.3deg bone[33]
  TIER2 joint-attach(PRIMARY): worst=51.59u bone[13]='bone_R-hand.mesh' parent[5] R=49.4 exactJoint=0.00u pairs=30  (palette-wide exactWorst=4.99u)
[HANDS_ATTACH] mesh='hands_naked.mesh' owner='hands_naked.mesh' frame=3765 nb=40 wext=65.3 rebound=1
  TIER1 rest-coherence: worst=42.6deg bone[30]='bone_L-middlefinger03.mesh' count(>5deg)=36 freshRecap=0  xcheck(invOff-vs-restW) worst=42.6deg bone[30]
  TIER2 joint-attach(PRIMARY): worst=35.22u bone[14]='bone_R-pinky01.mesh' parent[11] R=39.0 exactJoint=0.00u pairs=36  (palette-wide exactWorst=5.46u)
[HANDS_ATTACH] mesh='hands_naked.mesh' owner='hands_naked.mesh' frame=3775 nb=38 wext=81.3 rebound=1
  TIER1 rest-coherence: worst=87.3deg bone[33]='bone_L-middlefinger03.mesh' count(>5deg)=34 freshRecap=0  xcheck(invOff-vs-restW) worst=87.3deg bone[33]
  TIER2 joint-attach(PRIMARY): worst=32.99u bone[18]='bone_R-pinky02.mesh' parent[14] R=47.4 exactJoint=0.00u pairs=30  (palette-wide exactWorst=3.27u)
[HANDS_ATTACH] mesh='hands_naked.mesh' owner='hands_naked.mesh' frame=3780 nb=38 wext=75.2 rebound=1
  TIER1 rest-coherence: worst=87.3deg bone[33]='bone_L-middlefinger03.mesh' count(>5deg)=34 freshRecap=0  xcheck(invOff-vs-restW) worst=87.3deg bone[33]
  TIER2 joint-attach(PRIMARY): worst=56.14u bone[9]='bone_R-thumb01.mesh' parent[13] R=48.5 exactJoint=0.00u pairs=30  (palette-wide exactWorst=0.00u)
[HANDS_ATTACH] mesh='hands_naked.mesh' owner='hands_naked.mesh' frame=3785 nb=40 wext=59.9 rebound=1
  TIER1 rest-coherence: worst=42.6deg bone[30]='bone_L-middlefinger03.mesh' count(>5deg)=36 freshRecap=0  xcheck(invOff-vs-restW) worst=42.6deg bone[30]
  TIER2 joint-attach(PRIMARY): worst=32.57u bone[14]='bone_R-pinky01.mesh' parent[11] R=39.0 exactJoint=0.00u pairs=36  (palette-wide exactWorst=5.46u)
[HANDS_ATTACH] mesh='hands_naked.mesh' owner='hands_naked.mesh' frame=3795 nb=38 wext=81.2 rebound=1
  TIER1 rest-coherence: worst=87.3deg bone[33]='bone_L-middlefinger03.mesh' count(>5deg)=34 freshRecap=0  xcheck(invOff-vs-restW) worst=87.3deg bone[33]
  TIER2 joint-attach(PRIMARY): worst=33.18u bone[13]='bone_R-hand.mesh' parent[5] R=49.4 exactJoint=0.33u pairs=30  (palette-wide exactWorst=3.40u)
[HANDS_ATTACH] mesh='hands_naked.mesh' owner='hands_naked.mesh' frame=3800 nb=38 wext=57.7 rebound=1
  TIER1 rest-coherence: worst=87.3deg bone[33]='bone_L-middlefinger03.mesh' count(>5deg)=34 freshRecap=0  xcheck(invOff-vs-restW) worst=87.3deg bone[33]
  TIER2 joint-attach(PRIMARY): worst=71.82u bone[18]='bone_R-pinky02.mesh' parent[14] R=47.4 exactJoint=1.73u pairs=30  (palette-wide exactWorst=10.26u)
[HANDS_ATTACH] mesh='hands_naked.mesh' owner='hands_naked.mesh' frame=3805 nb=40 wext=56.3 rebound=1
  TIER1 rest-coherence: worst=42.6deg bone[30]='bone_L-middlefinger03.mesh' count(>5deg)=36 freshRecap=0  xcheck(invOff-vs-restW) worst=42.6deg bone[30]
  TIER2 joint-attach(PRIMARY): worst=60.57u bone[9]='bone_R-pinky02.mesh' parent[14] R=38.4 exactJoint=2.25u pairs=36  (palette-wide exactWorst=6.76u)
[HANDS_ATTACH] mesh='hands_naked.mesh' owner='hands_naked.mesh' frame=3815 nb=38 wext=79.9 rebound=1
  TIER1 rest-coherence: worst=87.3deg bone[33]='bone_L-middlefinger03.mesh' count(>5deg)=34 freshRecap=0  xcheck(invOff-vs-restW) worst=87.3deg bone[33]
  TIER2 joint-attach(PRIMARY): worst=33.26u bone[13]='bone_R-hand.mesh' parent[5] R=49.4 exactJoint=0.33u pairs=30  (palette-wide exactWorst=3.65u)
[HANDS_ATTACH] mesh='hands_naked.mesh' owner='hands_naked.mesh' frame=3820 nb=38 wext=62.2 rebound=1
  TIER1 rest-coherence: worst=87.3deg bone[33]='bone_L-middlefinger03.mesh' count(>5deg)=34 freshRecap=0  xcheck(invOff-vs-restW) worst=87.3deg bone[33]
  TIER2 joint-attach(PRIMARY): worst=71.02u bone[18]='bone_R-pinky02.mesh' parent[14] R=47.4 exactJoint=2.44u pairs=30  (palette-wide exactWorst=10.36u)
[HANDS_ATTACH] mesh='hands_naked.mesh' owner='hands_naked.mesh' frame=3825 nb=40 wext=68.5 rebound=1
  TIER1 rest-coherence: worst=42.6deg bone[30]='bone_L-middlefinger03.mesh' count(>5deg)=36 freshRecap=0  xcheck(invOff-vs-restW) worst=42.6deg bone[30]
  TIER2 joint-attach(PRIMARY): worst=41.56u bone[4]='bone_R-middlefinger01.mesh' parent[1] R=38.2 exactJoint=0.00u pairs=36  (palette-wide exactWorst=5.46u)
[HANDS_ATTACH] mesh='hands_naked.mesh' owner='hands_naked.mesh' frame=3835 nb=38 wext=77.6 rebound=1
  TIER1 rest-coherence: worst=87.3deg bone[33]='bone_L-middlefinger03.mesh' count(>5deg)=34 freshRecap=0  xcheck(invOff-vs-restW) worst=87.3deg bone[33]
  TIER2 joint-attach(PRIMARY): worst=33.43u bone[13]='bone_R-hand.mesh' parent[5] R=49.4 exactJoint=0.33u pairs=30  (palette-wide exactWorst=3.87u)
[HANDS_ATTACH] mesh='hands_naked.mesh' owner='hands_naked.mesh' frame=3840 nb=38 wext=61.2 rebound=1
  TIER1 rest-coherence: worst=87.3deg bone[33]='bone_L-middlefinger03.mesh' count(>5deg)=34 freshRecap=0  xcheck(invOff-vs-restW) worst=87.3deg bone[33]
  TIER2 joint-attach(PRIMARY): worst=71.02u bone[18]='bone_R-pinky02.mesh' parent[14] R=47.4 exactJoint=2.44u pairs=30  (palette-wide exactWorst=10.36u)
[HANDS_ATTACH] mesh='hands_naked.mesh' owner='hands_naked.mesh' frame=3845 nb=40 wext=72.9 rebound=1
  TIER1 rest-coherence: worst=42.6deg bone[30]='bone_L-middlefinger03.mesh' count(>5deg)=36 freshRecap=0  xcheck(invOff-vs-restW) worst=42.6deg bone[30]
  TIER2 joint-attach(PRIMARY): worst=26.99u bone[12]='bone_L-middlefinger02.mesh' parent[25] R=37.3 exactJoint=0.20u pairs=36  (palette-wide exactWorst=5.46u)
[HANDS_ATTACH] mesh='hands_naked.mesh' owner='hands_naked.mesh' frame=3855 nb=38 wext=75.3 rebound=1
  TIER1 rest-coherence: worst=87.3deg bone[33]='bone_L-middlefinger03.mesh' count(>5deg)=34 freshRecap=0  xcheck(invOff-vs-restW) worst=87.3deg bone[33]
  TIER2 joint-attach(PRIMARY): worst=35.74u bone[13]='bone_R-hand.mesh' parent[5] R=49.4 exactJoint=0.33u pairs=30  (palette-wide exactWorst=4.00u)
[HANDS_ATTACH] mesh='hands_naked.mesh' owner='hands_naked.mesh' frame=3860 nb=38 wext=64.0 rebound=1
  TIER1 rest-coherence: worst=87.3deg bone[33]='bone_L-middlefinger03.mesh' count(>5deg)=34 freshRecap=0  xcheck(invOff-vs-restW) worst=87.3deg bone[33]
  TIER2 joint-attach(PRIMARY): worst=71.02u bone[18]='bone_R-pinky02.mesh' parent[14] R=47.4 exactJoint=2.44u pairs=30  (palette-wide exactWorst=10.36u)
[HANDS_ATTACH] mesh='hands_naked.mesh' owner='hands_naked.mesh' frame=3865 nb=40 wext=62.7 rebound=1
  TIER1 rest-coherence: worst=42.6deg bone[30]='bone_L-middlefinger03.mesh' count(>5deg)=36 freshRecap=0  xcheck(invOff-vs-restW) worst=42.6deg bone[30]
  TIER2 joint-attach(PRIMARY): worst=46.23u bone[16]='bone_R-thumb01.mesh' parent[1] R=38.3 exactJoint=0.00u pairs=36  (palette-wide exactWorst=5.46u)
[HANDS_ATTACH] mesh='hands_naked.mesh' owner='hands_naked.mesh' frame=3875 nb=38 wext=63.7 rebound=1
  TIER1 rest-coherence: worst=87.3deg bone[33]='bone_L-middlefinger03.mesh' count(>5deg)=34 freshRecap=0  xcheck(invOff-vs-restW) worst=87.3deg bone[33]
  TIER2 joint-attach(PRIMARY): worst=48.99u bone[9]='bone_R-thumb01.mesh' parent[13] R=48.5 exactJoint=0.00u pairs=30  (palette-wide exactWorst=4.65u)
[HANDS_ATTACH] mesh='hands_naked.mesh' owner='hands_naked.mesh' frame=3880 nb=40 wext=55.2 rebound=1
  TIER1 rest-coherence: worst=42.6deg bone[30]='bone_L-middlefinger03.mesh' count(>5deg)=36 freshRecap=0  xcheck(invOff-vs-restW) worst=42.6deg bone[30]
  TIER2 joint-attach(PRIMARY): worst=34.44u bone[4]='bone_R-middlefinger01.mesh' parent[1] R=38.2 exactJoint=0.00u pairs=36  (palette-wide exactWorst=0.04u)
[HANDS_ATTACH] mesh='hands_naked.mesh' owner='hands_naked.mesh' frame=3880 nb=38 wext=72.6 rebound=1
  TIER1 rest-coherence: worst=87.3deg bone[33]='bone_L-middlefinger03.mesh' count(>5deg)=34 freshRecap=0  xcheck(invOff-vs-restW) worst=87.3deg bone[33]
  TIER2 joint-attach(PRIMARY): worst=63.52u bone[29]='bone_L-hand.mesh' parent[22] R=49.4 exactJoint=0.00u pairs=30  (palette-wide exactWorst=0.00u)
[HANDS_ATTACH] mesh='hands_naked.mesh' owner='hands_naked.mesh' frame=3890 nb=40 wext=55.1 rebound=1
  TIER1 rest-coherence: worst=42.6deg bone[30]='bone_L-middlefinger03.mesh' count(>5deg)=36 freshRecap=0  xcheck(invOff-vs-restW) worst=42.6deg bone[30]
  TIER2 joint-attach(PRIMARY): worst=30.03u bone[4]='bone_R-middlefinger01.mesh' parent[1] R=38.2 exactJoint=0.00u pairs=36  (palette-wide exactWorst=0.04u)
[HANDS_ATTACH] mesh='hands_naked.mesh' owner='hands_naked.mesh' frame=3895 nb=38 wext=62.4 rebound=1
  TIER1 rest-coherence: worst=87.3deg bone[33]='bone_L-middlefinger03.mesh' count(>5deg)=34 freshRecap=0  xcheck(invOff-vs-restW) worst=87.3deg bone[33]
  TIER2 joint-attach(PRIMARY): worst=58.96u bone[29]='bone_L-hand.mesh' parent[22] R=49.4 exactJoint=0.14u pairs=30  (palette-wide exactWorst=4.65u)
[HANDS_ATTACH] mesh='hands_naked.mesh' owner='hands_naked.mesh' frame=3900 nb=40 wext=54.4 rebound=1
  TIER1 rest-coherence: worst=42.6deg bone[30]='bone_L-middlefinger03.mesh' count(>5deg)=36 freshRecap=0  xcheck(invOff-vs-restW) worst=42.6deg bone[30]
  TIER2 joint-attach(PRIMARY): worst=24.97u bone[4]='bone_R-middlefinger01.mesh' parent[1] R=38.2 exactJoint=0.00u pairs=36  (palette-wide exactWorst=0.04u)
[HANDS_ATTACH] mesh='hands_naked.mesh' owner='hands_naked.mesh' frame=3900 nb=38 wext=68.4 rebound=1
  TIER1 rest-coherence: worst=87.3deg bone[33]='bone_L-middlefinger03.mesh' count(>5deg)=34 freshRecap=0  xcheck(invOff-vs-restW) worst=87.3deg bone[33]
  TIER2 joint-attach(PRIMARY): worst=64.72u bone[29]='bone_L-hand.mesh' parent[22] R=49.4 exactJoint=0.00u pairs=30  (palette-wide exactWorst=0.00u)
[HANDS_ATTACH] mesh='hands_naked.mesh' owner='hands_naked.mesh' frame=3910 nb=40 wext=53.3 rebound=1
  TIER1 rest-coherence: worst=42.6deg bone[30]='bone_L-middlefinger03.mesh' count(>5deg)=36 freshRecap=0  xcheck(invOff-vs-restW) worst=42.6deg bone[30]
  TIER2 joint-attach(PRIMARY): worst=20.02u bone[4]='bone_R-middlefinger01.mesh' parent[1] R=38.2 exactJoint=0.00u pairs=36  (palette-wide exactWorst=1.85u)
[HANDS_ATTACH] mesh='hands_naked.mesh' owner='hands_naked.mesh' frame=3915 nb=38 wext=63.0 rebound=1
  TIER1 rest-coherence: worst=87.3deg bone[33]='bone_L-middlefinger03.mesh' count(>5deg)=34 freshRecap=0  xcheck(invOff-vs-restW) worst=87.3deg bone[33]
  TIER2 joint-attach(PRIMARY): worst=56.83u bone[29]='bone_L-hand.mesh' parent[22] R=49.4 exactJoint=0.14u pairs=30  (palette-wide exactWorst=4.65u)
[HANDS_ATTACH] mesh='hands_naked.mesh' owner='hands_naked.mesh' frame=3920 nb=40 wext=52.2 rebound=1
  TIER1 rest-coherence: worst=42.6deg bone[30]='bone_L-middlefinger03.mesh' count(>5deg)=36 freshRecap=0  xcheck(invOff-vs-restW) worst=42.6deg bone[30]
  TIER2 joint-attach(PRIMARY): worst=16.64u bone[12]='bone_L-middlefinger02.mesh' parent[25] R=37.3 exactJoint=0.00u pairs=36  (palette-wide exactWorst=2.56u)
[HANDS_ATTACH] mesh='hands_naked.mesh' owner='hands_naked.mesh' frame=3920 nb=38 wext=66.3 rebound=1
  TIER1 rest-coherence: worst=87.3deg bone[33]='bone_L-middlefinger03.mesh' count(>5deg)=34 freshRecap=0  xcheck(invOff-vs-restW) worst=87.3deg bone[33]
  TIER2 joint-attach(PRIMARY): worst=56.78u bone[29]='bone_L-hand.mesh' parent[22] R=49.4 exactJoint=0.00u pairs=30  (palette-wide exactWorst=0.00u)
[HANDS_ATTACH] mesh='hands_naked.mesh' owner='hands_naked.mesh' frame=3930 nb=40 wext=53.4 rebound=1
  TIER1 rest-coherence: worst=42.6deg bone[30]='bone_L-middlefinger03.mesh' count(>5deg)=36 freshRecap=0  xcheck(invOff-vs-restW) worst=42.6deg bone[30]
  TIER2 joint-attach(PRIMARY): worst=13.94u bone[23]='bone_R-ringfinger03.mesh' parent[5] R=37.5 exactJoint=0.00u pairs=36  (palette-wide exactWorst=0.04u)
[HANDS_ATTACH] mesh='hands_naked.mesh' owner='hands_naked.mesh' frame=3935 nb=38 wext=63.4 rebound=1
  TIER1 rest-coherence: worst=87.3deg bone[33]='bone_L-middlefinger03.mesh' count(>5deg)=34 freshRecap=0  xcheck(invOff-vs-restW) worst=87.3deg bone[33]
  TIER2 joint-attach(PRIMARY): worst=55.35u bone[29]='bone_L-hand.mesh' parent[22] R=49.4 exactJoint=0.14u pairs=30  (palette-wide exactWorst=4.64u)
[HANDS_ATTACH] mesh='hands_naked.mesh' owner='hands_naked.mesh' frame=3940 nb=40 wext=56.6 rebound=1
  TIER1 rest-coherence: worst=42.6deg bone[30]='bone_L-middlefinger03.mesh' count(>5deg)=36 freshRecap=0  xcheck(invOff-vs-restW) worst=42.6deg bone[30]
  TIER2 joint-attach(PRIMARY): worst=14.34u bone[23]='bone_R-ringfinger03.mesh' parent[5] R=37.5 exactJoint=0.00u pairs=36  (palette-wide exactWorst=0.04u)
[HANDS_ATTACH] mesh='hands_naked.mesh' owner='hands_naked.mesh' frame=3940 nb=38 wext=78.5 rebound=1
  TIER1 rest-coherence: worst=87.3deg bone[33]='bone_L-middlefinger03.mesh' count(>5deg)=34 freshRecap=0  xcheck(invOff-vs-restW) worst=87.3deg bone[33]
  TIER2 joint-attach(PRIMARY): worst=61.23u bone[29]='bone_L-hand.mesh' parent[22] R=49.4 exactJoint=0.00u pairs=30  (palette-wide exactWorst=0.00u)
[HANDS_ATTACH] mesh='hands_naked.mesh' owner='hands_naked.mesh' frame=3950 nb=40 wext=58.8 rebound=1
  TIER1 rest-coherence: worst=42.6deg bone[30]='bone_L-middlefinger03.mesh' count(>5deg)=36 freshRecap=0  xcheck(invOff-vs-restW) worst=42.6deg bone[30]
  TIER2 joint-attach(PRIMARY): worst=17.00u bone[4]='bone_R-middlefinger01.mesh' parent[1] R=38.2 exactJoint=0.00u pairs=36  (palette-wide exactWorst=0.04u)
[HANDS_ATTACH] mesh='hands_naked.mesh' owner='hands_naked.mesh' frame=3955 nb=38 wext=61.9 rebound=1
  TIER1 rest-coherence: worst=87.3deg bone[33]='bone_L-middlefinger03.mesh' count(>5deg)=34 freshRecap=0  xcheck(invOff-vs-restW) worst=87.3deg bone[33]
  TIER2 joint-attach(PRIMARY): worst=55.82u bone[29]='bone_L-hand.mesh' parent[22] R=49.4 exactJoint=0.14u pairs=30  (palette-wide exactWorst=4.63u)
[HANDS_ATTACH] mesh='hands_naked.mesh' owner='hands_naked.mesh' frame=3960 nb=40 wext=58.3 rebound=1
  TIER1 rest-coherence: worst=42.6deg bone[30]='bone_L-middlefinger03.mesh' count(>5deg)=36 freshRecap=0  xcheck(invOff-vs-restW) worst=42.6deg bone[30]
  TIER2 joint-attach(PRIMARY): worst=25.77u bone[4]='bone_R-middlefinger01.mesh' parent[1] R=38.2 exactJoint=0.00u pairs=36  (palette-wide exactWorst=0.04u)
[HANDS_ATTACH] mesh='hands_naked.mesh' owner='hands_naked.mesh' frame=3960 nb=38 wext=75.0 rebound=1
  TIER1 rest-coherence: worst=87.3deg bone[33]='bone_L-middlefinger03.mesh' count(>5deg)=34 freshRecap=0  xcheck(invOff-vs-restW) worst=87.3deg bone[33]
  TIER2 joint-attach(PRIMARY): worst=54.69u bone[29]='bone_L-hand.mesh' parent[22] R=49.4 exactJoint=0.00u pairs=30  (palette-wide exactWorst=0.00u)
[HANDS_ATTACH] mesh='hands_naked.mesh' owner='hands_naked.mesh' frame=3970 nb=40 wext=56.3 rebound=1
  TIER1 rest-coherence: worst=42.6deg bone[30]='bone_L-middlefinger03.mesh' count(>5deg)=36 freshRecap=0  xcheck(invOff-vs-restW) worst=42.6deg bone[30]
  TIER2 joint-attach(PRIMARY): worst=38.94u bone[0]='bone_R-middlefinger02.mesh' parent[4] R=37.3 exactJoint=0.00u pairs=36  (palette-wide exactWorst=0.46u)
[HANDS_ATTACH] mesh='hands_naked.mesh' owner='hands_naked.mesh' frame=3975 nb=38 wext=60.5 rebound=1
  TIER1 rest-coherence: worst=87.3deg bone[33]='bone_L-middlefinger03.mesh' count(>5deg)=34 freshRecap=0  xcheck(invOff-vs-restW) worst=87.3deg bone[33]
  TIER2 joint-attach(PRIMARY): worst=58.36u bone[29]='bone_L-hand.mesh' parent[22] R=49.4 exactJoint=0.14u pairs=30  (palette-wide exactWorst=4.63u)
[HANDS_ATTACH] mesh='hands_naked.mesh' owner='hands_naked.mesh' frame=3980 nb=40 wext=58.3 rebound=1
  TIER1 rest-coherence: worst=42.6deg bone[30]='bone_L-middlefinger03.mesh' count(>5deg)=36 freshRecap=0  xcheck(invOff-vs-restW) worst=42.6deg bone[30]
  TIER2 joint-attach(PRIMARY): worst=46.82u bone[0]='bone_R-middlefinger02.mesh' parent[4] R=37.3 exactJoint=0.00u pairs=36  (palette-wide exactWorst=3.13u)
[HANDS_ATTACH] mesh='hands_naked.mesh' owner='hands_naked.mesh' frame=3980 nb=38 wext=73.1 rebound=1
  TIER1 rest-coherence: worst=87.3deg bone[33]='bone_L-middlefinger03.mesh' count(>5deg)=34 freshRecap=0  xcheck(invOff-vs-restW) worst=87.3deg bone[33]
  TIER2 joint-attach(PRIMARY): worst=52.57u bone[29]='bone_L-hand.mesh' parent[22] R=49.4 exactJoint=0.00u pairs=30  (palette-wide exactWorst=0.00u)
[HANDS_ATTACH] mesh='hands_naked.mesh' owner='hands_naked.mesh' frame=3990 nb=40 wext=56.3 rebound=1
  TIER1 rest-coherence: worst=42.6deg bone[30]='bone_L-middlefinger03.mesh' count(>5deg)=36 freshRecap=0  xcheck(invOff-vs-restW) worst=42.6deg bone[30]
  TIER2 joint-attach(PRIMARY): worst=42.06u bone[0]='bone_R-middlefinger02.mesh' parent[4] R=37.3 exactJoint=0.00u pairs=36  (palette-wide exactWorst=1.57u)
[HANDS_ATTACH] mesh='hands_naked.mesh' owner='hands_naked.mesh' frame=3995 nb=38 wext=61.1 rebound=1
  TIER1 rest-coherence: worst=87.3deg bone[33]='bone_L-middlefinger03.mesh' count(>5deg)=34 freshRecap=0  xcheck(invOff-vs-restW) worst=87.3deg bone[33]
  TIER2 joint-attach(PRIMARY): worst=67.78u bone[29]='bone_L-hand.mesh' parent[22] R=49.4 exactJoint=0.14u pairs=30  (palette-wide exactWorst=4.62u)
[HANDS_ATTACH] mesh='hands_naked.mesh' owner='hands_naked.mesh' frame=4000 nb=40 wext=53.4 rebound=1
  TIER1 rest-coherence: worst=42.6deg bone[30]='bone_L-middlefinger03.mesh' count(>5deg)=36 freshRecap=0  xcheck(invOff-vs-restW) worst=42.6deg bone[30]
  TIER2 joint-attach(PRIMARY): worst=28.24u bone[0]='bone_R-middlefinger02.mesh' parent[4] R=37.3 exactJoint=0.00u pairs=36  (palette-wide exactWorst=0.04u)
[HANDS_ATTACH] mesh='hands_naked.mesh' owner='hands_naked.mesh' frame=4000 nb=38 wext=72.2 rebound=1
  TIER1 rest-coherence: worst=87.3deg bone[33]='bone_L-middlefinger03.mesh' count(>5deg)=34 freshRecap=0  xcheck(invOff-vs-restW) worst=87.3deg bone[33]
  TIER2 joint-attach(PRIMARY): worst=47.63u bone[29]='bone_L-hand.mesh' parent[22] R=49.4 exactJoint=0.00u pairs=30  (palette-wide exactWorst=0.00u)
[HANDS_ATTACH] mesh='hands_naked.mesh' owner='hands_naked.mesh' frame=4010 nb=40 wext=57.7 rebound=1
  TIER1 rest-coherence: worst=42.6deg bone[30]='bone_L-middlefinger03.mesh' count(>5deg)=36 freshRecap=0  xcheck(invOff-vs-restW) worst=42.6deg bone[30]
  TIER2 joint-attach(PRIMARY): worst=17.19u bone[4]='bone_R-middlefinger01.mesh' parent[1] R=38.2 exactJoint=0.00u pairs=36  (palette-wide exactWorst=0.04u)
[HANDS_ATTACH] mesh='hands_naked.mesh' owner='hands_naked.mesh' frame=4015 nb=38 wext=60.7 rebound=1
  TIER1 rest-coherence: worst=87.3deg bone[33]='bone_L-middlefinger03.mesh' count(>5deg)=34 freshRecap=0  xcheck(invOff-vs-restW) worst=87.3deg bone[33]
  TIER2 joint-attach(PRIMARY): worst=58.01u bone[29]='bone_L-hand.mesh' parent[22] R=49.4 exactJoint=0.14u pairs=30  (palette-wide exactWorst=4.62u)
[HANDS_ATTACH] mesh='hands_naked.mesh' owner='hands_naked.mesh' frame=4020 nb=40 wext=53.1 rebound=1
  TIER1 rest-coherence: worst=42.6deg bone[30]='bone_L-middlefinger03.mesh' count(>5deg)=36 freshRecap=0  xcheck(invOff-vs-restW) worst=42.6deg bone[30]
  TIER2 joint-attach(PRIMARY): worst=14.47u bone[23]='bone_R-ringfinger03.mesh' parent[5] R=37.5 exactJoint=0.00u pairs=36  (palette-wide exactWorst=0.04u)
[HANDS_ATTACH] mesh='hands_naked.mesh' owner='hands_naked.mesh' frame=4020 nb=38 wext=68.3 rebound=1
  TIER1 rest-coherence: worst=87.3deg bone[33]='bone_L-middlefinger03.mesh' count(>5deg)=34 freshRecap=0  xcheck(invOff-vs-restW) worst=87.3deg bone[33]
  TIER2 joint-attach(PRIMARY): worst=31.66u bone[33]='bone_L-middlefinger03.mesh' parent[26] R=47.0 exactJoint=0.00u pairs=30  (palette-wide exactWorst=0.00u)
[HANDS_ATTACH] mesh='hands_naked.mesh' owner='hands_naked.mesh' frame=4030 nb=40 wext=50.1 rebound=1
  TIER1 rest-coherence: worst=42.6deg bone[30]='bone_L-middlefinger03.mesh' count(>5deg)=36 freshRecap=0  xcheck(invOff-vs-restW) worst=42.6deg bone[30]
  TIER2 joint-attach(PRIMARY): worst=14.47u bone[4]='bone_R-middlefinger01.mesh' parent[1] R=38.2 exactJoint=0.00u pairs=36  (palette-wide exactWorst=0.04u)
[HANDS_ATTACH] mesh='hands_naked.mesh' owner='hands_naked.mesh' frame=4035 nb=38 wext=58.0 rebound=1
  TIER1 rest-coherence: worst=87.3deg bone[33]='bone_L-middlefinger03.mesh' count(>5deg)=34 freshRecap=0  xcheck(invOff-vs-restW) worst=87.3deg bone[33]
  TIER2 joint-attach(PRIMARY): worst=67.22u bone[13]='bone_R-hand.mesh' parent[5] R=49.4 exactJoint=0.33u pairs=30  (palette-wide exactWorst=4.60u)
[HANDS_ATTACH] mesh='hands_naked.mesh' owner='hands_naked.mesh' frame=4040 nb=40 wext=47.7 rebound=1
  TIER1 rest-coherence: worst=42.6deg bone[30]='bone_L-middlefinger03.mesh' count(>5deg)=36 freshRecap=0  xcheck(invOff-vs-restW) worst=42.6deg bone[30]
  TIER2 joint-attach(PRIMARY): worst=19.45u bone[4]='bone_R-middlefinger01.mesh' parent[1] R=38.2 exactJoint=0.00u pairs=36  (palette-wide exactWorst=0.04u)
[HANDS_ATTACH] mesh='hands_naked.mesh' owner='hands_naked.mesh' frame=4040 nb=38 wext=61.7 rebound=1
  TIER1 rest-coherence: worst=87.3deg bone[33]='bone_L-middlefinger03.mesh' count(>5deg)=34 freshRecap=0  xcheck(invOff-vs-restW) worst=87.3deg bone[33]
  TIER2 joint-attach(PRIMARY): worst=30.93u bone[33]='bone_L-middlefinger03.mesh' parent[26] R=47.0 exactJoint=0.34u pairs=30  (palette-wide exactWorst=0.34u)
[HANDS_ATTACH] mesh='hands_naked.mesh' owner='hands_naked.mesh' frame=4050 nb=40 wext=43.4 rebound=1
  TIER1 rest-coherence: worst=42.6deg bone[30]='bone_L-middlefinger03.mesh' count(>5deg)=36 freshRecap=0  xcheck(invOff-vs-restW) worst=42.6deg bone[30]
  TIER2 joint-attach(PRIMARY): worst=25.88u bone[4]='bone_R-middlefinger01.mesh' parent[1] R=38.2 exactJoint=0.00u pairs=36  (palette-wide exactWorst=0.04u)
[HANDS_ATTACH] mesh='hands_naked.mesh' owner='hands_naked.mesh' frame=4055 nb=38 wext=65.1 rebound=1
  TIER1 rest-coherence: worst=87.3deg bone[33]='bone_L-middlefinger03.mesh' count(>5deg)=34 freshRecap=0  xcheck(invOff-vs-restW) worst=87.3deg bone[33]
  TIER2 joint-attach(PRIMARY): worst=84.51u bone[13]='bone_R-hand.mesh' parent[5] R=49.4 exactJoint=0.33u pairs=30  (palette-wide exactWorst=4.60u)
[HANDS_ATTACH] mesh='hands_naked.mesh' owner='hands_naked.mesh' frame=4060 nb=40 wext=46.0 rebound=1
  TIER1 rest-coherence: worst=42.6deg bone[30]='bone_L-middlefinger03.mesh' count(>5deg)=36 freshRecap=0  xcheck(invOff-vs-restW) worst=42.6deg bone[30]
  TIER2 joint-attach(PRIMARY): worst=31.55u bone[4]='bone_R-middlefinger01.mesh' parent[1] R=38.2 exactJoint=0.00u pairs=36  (palette-wide exactWorst=0.04u)
[HANDS_ATTACH] mesh='hands_naked.mesh' owner='hands_naked.mesh' frame=4060 nb=38 wext=55.3 rebound=1
  TIER1 rest-coherence: worst=87.3deg bone[33]='bone_L-middlefinger03.mesh' count(>5deg)=34 freshRecap=0  xcheck(invOff-vs-restW) worst=87.3deg bone[33]
  TIER2 joint-attach(PRIMARY): worst=71.02u bone[18]='bone_R-pinky02.mesh' parent[14] R=47.4 exactJoint=2.44u pairs=30  (palette-wide exactWorst=10.36u)
[HANDS_ATTACH] mesh='hands_naked.mesh' owner='hands_naked.mesh' frame=4068 nb=38 wext=76.6 rebound=1
  TIER1 rest-coherence: worst=87.3deg bone[33]='bone_L-middlefinger03.mesh' count(>5deg)=34 freshRecap=0  xcheck(invOff-vs-restW) worst=87.3deg bone[33]
  TIER2 joint-attach(PRIMARY): worst=38.01u bone[13]='bone_R-hand.mesh' parent[5] R=49.4 exactJoint=0.33u pairs=30  (palette-wide exactWorst=3.33u)
[HANDS_ATTACH] mesh='hands_naked.mesh' owner='hands_naked.mesh' frame=4070 nb=40 wext=65.3 rebound=1
  TIER1 rest-coherence: worst=42.6deg bone[30]='bone_L-middlefinger03.mesh' count(>5deg)=36 freshRecap=0  xcheck(invOff-vs-restW) worst=42.6deg bone[30]
  TIER2 joint-attach(PRIMARY): worst=28.52u bone[39]='bone_L-ringfinger02.mesh' parent[38] R=37.9 exactJoint=0.11u pairs=36  (palette-wide exactWorst=1.92u)
[HANDS_ATTACH] mesh='hands_naked.mesh' owner='hands_naked.mesh' frame=4070 nb=38 wext=72.0 rebound=1
  TIER1 rest-coherence: worst=87.3deg bone[33]='bone_L-middlefinger03.mesh' count(>5deg)=34 freshRecap=0  xcheck(invOff-vs-restW) worst=87.3deg bone[33]
  TIER2 joint-attach(PRIMARY): worst=71.02u bone[18]='bone_R-pinky02.mesh' parent[14] R=47.4 exactJoint=2.44u pairs=30  (palette-wide exactWorst=10.36u)
[HANDS_ATTACH] mesh='hands_naked.mesh' owner='hands_naked.mesh' frame=4078 nb=38 wext=76.3 rebound=1
  TIER1 rest-coherence: worst=87.3deg bone[33]='bone_L-middlefinger03.mesh' count(>5deg)=34 freshRecap=0  xcheck(invOff-vs-restW) worst=87.3deg bone[33]
  TIER2 joint-attach(PRIMARY): worst=36.25u bone[13]='bone_R-hand.mesh' parent[5] R=49.4 exactJoint=0.33u pairs=30  (palette-wide exactWorst=3.14u)
[HANDS_ATTACH] mesh='hands_naked.mesh' owner='hands_naked.mesh' frame=4080 nb=40 wext=52.9 rebound=1
  TIER1 rest-coherence: worst=42.6deg bone[30]='bone_L-middlefinger03.mesh' count(>5deg)=36 freshRecap=0  xcheck(invOff-vs-restW) worst=42.6deg bone[30]
  TIER2 joint-attach(PRIMARY): worst=54.57u bone[13]='bone_R-pinky03.mesh' parent[9] R=37.9 exactJoint=0.00u pairs=36  (palette-wide exactWorst=3.51u)
[HANDS_ATTACH] mesh='hands_naked.mesh' owner='hands_naked.mesh' frame=4080 nb=38 wext=82.6 rebound=1
  TIER1 rest-coherence: worst=87.3deg bone[33]='bone_L-middlefinger03.mesh' count(>5deg)=34 freshRecap=0  xcheck(invOff-vs-restW) worst=87.3deg bone[33]
  TIER2 joint-attach(PRIMARY): worst=71.02u bone[18]='bone_R-pinky02.mesh' parent[14] R=47.4 exactJoint=2.44u pairs=30  (palette-wide exactWorst=10.36u)
[HANDS_ATTACH] mesh='hands_naked.mesh' owner='hands_naked.mesh' frame=4088 nb=38 wext=76.7 rebound=1
  TIER1 rest-coherence: worst=87.3deg bone[33]='bone_L-middlefinger03.mesh' count(>5deg)=34 freshRecap=0  xcheck(invOff-vs-restW) worst=87.3deg bone[33]
  TIER2 joint-attach(PRIMARY): worst=35.25u bone[13]='bone_R-hand.mesh' parent[5] R=49.4 exactJoint=0.33u pairs=30  (palette-wide exactWorst=3.15u)
[HANDS_ATTACH] mesh='hands_naked.mesh' owner='hands_naked.mesh' frame=4090 nb=40 wext=57.6 rebound=1
  TIER1 rest-coherence: worst=42.6deg bone[30]='bone_L-middlefinger03.mesh' count(>5deg)=36 freshRecap=0  xcheck(invOff-vs-restW) worst=42.6deg bone[30]
  TIER2 joint-attach(PRIMARY): worst=82.58u bone[0]='bone_R-middlefinger02.mesh' parent[4] R=37.3 exactJoint=1.48u pairs=36  (palette-wide exactWorst=7.11u)
[HANDS_ATTACH] mesh='hands_naked.mesh' owner='hands_naked.mesh' frame=4090 nb=38 wext=86.3 rebound=1
  TIER1 rest-coherence: worst=87.3deg bone[33]='bone_L-middlefinger03.mesh' count(>5deg)=34 freshRecap=0  xcheck(invOff-vs-restW) worst=87.3deg bone[33]
  TIER2 joint-attach(PRIMARY): worst=71.02u bone[18]='bone_R-pinky02.mesh' parent[14] R=47.4 exactJoint=2.44u pairs=30  (palette-wide exactWorst=10.36u)
[HANDS_ATTACH] mesh='hands_naked.mesh' owner='hands_naked.mesh' frame=4098 nb=38 wext=76.8 rebound=1
  TIER1 rest-coherence: worst=87.3deg bone[33]='bone_L-middlefinger03.mesh' count(>5deg)=34 freshRecap=0  xcheck(invOff-vs-restW) worst=87.3deg bone[33]
  TIER2 joint-attach(PRIMARY): worst=34.11u bone[13]='bone_R-hand.mesh' parent[5] R=49.4 exactJoint=0.33u pairs=30  (palette-wide exactWorst=3.15u)
[HANDS_ATTACH] mesh='hands_naked.mesh' owner='hands_naked.mesh' frame=4100 nb=40 wext=56.9 rebound=1
  TIER1 rest-coherence: worst=42.6deg bone[30]='bone_L-middlefinger03.mesh' count(>5deg)=36 freshRecap=0  xcheck(invOff-vs-restW) worst=42.6deg bone[30]
  TIER2 joint-attach(PRIMARY): worst=81.17u bone[0]='bone_R-middlefinger02.mesh' parent[4] R=37.3 exactJoint=4.06u pairs=36  (palette-wide exactWorst=6.61u)
[HANDS_ATTACH] mesh='hands_naked.mesh' owner='hands_naked.mesh' frame=4100 nb=38 wext=87.1 rebound=1
  TIER1 rest-coherence: worst=87.3deg bone[33]='bone_L-middlefinger03.mesh' count(>5deg)=34 freshRecap=0  xcheck(invOff-vs-restW) worst=87.3deg bone[33]
  TIER2 joint-attach(PRIMARY): worst=71.02u bone[18]='bone_R-pinky02.mesh' parent[14] R=47.4 exactJoint=2.44u pairs=30  (palette-wide exactWorst=10.36u)
[HANDS_ATTACH] mesh='hands_naked.mesh' owner='hands_naked.mesh' frame=4108 nb=38 wext=75.9 rebound=1
  TIER1 rest-coherence: worst=87.3deg bone[33]='bone_L-middlefinger03.mesh' count(>5deg)=34 freshRecap=0  xcheck(invOff-vs-restW) worst=87.3deg bone[33]
  TIER2 joint-attach(PRIMARY): worst=33.00u bone[18]='bone_R-pinky02.mesh' parent[14] R=47.4 exactJoint=0.00u pairs=30  (palette-wide exactWorst=3.26u)
[HANDS_ATTACH] mesh='hands_naked.mesh' owner='hands_naked.mesh' frame=4110 nb=40 wext=54.4 rebound=1
  TIER1 rest-coherence: worst=42.6deg bone[30]='bone_L-middlefinger03.mesh' count(>5deg)=36 freshRecap=0  xcheck(invOff-vs-restW) worst=42.6deg bone[30]
  TIER2 joint-attach(PRIMARY): worst=79.35u bone[0]='bone_R-middlefinger02.mesh' parent[4] R=37.3 exactJoint=4.98u pairs=36  (palette-wide exactWorst=7.06u)
[HANDS_ATTACH] mesh='hands_naked.mesh' owner='hands_naked.mesh' frame=4110 nb=38 wext=87.3 rebound=1
  TIER1 rest-coherence: worst=87.3deg bone[33]='bone_L-middlefinger03.mesh' count(>5deg)=34 freshRecap=0  xcheck(invOff-vs-restW) worst=87.3deg bone[33]
  TIER2 joint-attach(PRIMARY): worst=71.02u bone[18]='bone_R-pinky02.mesh' parent[14] R=47.4 exactJoint=2.44u pairs=30  (palette-wide exactWorst=10.36u)
[HANDS_ATTACH] mesh='hands_naked.mesh' owner='hands_naked.mesh' frame=4118 nb=38 wext=76.8 rebound=1
  TIER1 rest-coherence: worst=87.3deg bone[33]='bone_L-middlefinger03.mesh' count(>5deg)=34 freshRecap=0  xcheck(invOff-vs-restW) worst=87.3deg bone[33]
  TIER2 joint-attach(PRIMARY): worst=32.97u bone[18]='bone_R-pinky02.mesh' parent[14] R=47.4 exactJoint=0.00u pairs=30  (palette-wide exactWorst=3.27u)
[HANDS_ATTACH] mesh='hands_naked.mesh' owner='hands_naked.mesh' frame=4120 nb=40 wext=56.5 rebound=1
  TIER1 rest-coherence: worst=42.6deg bone[30]='bone_L-middlefinger03.mesh' count(>5deg)=36 freshRecap=0  xcheck(invOff-vs-restW) worst=42.6deg bone[30]
  TIER2 joint-attach(PRIMARY): worst=79.86u bone[0]='bone_R-middlefinger02.mesh' parent[4] R=37.3 exactJoint=4.03u pairs=36  (palette-wide exactWorst=7.18u)
[HANDS_ATTACH] mesh='hands_naked.mesh' owner='hands_naked.mesh' frame=4120 nb=38 wext=70.7 rebound=1
  TIER1 rest-coherence: worst=87.3deg bone[33]='bone_L-middlefinger03.mesh' count(>5deg)=34 freshRecap=0  xcheck(invOff-vs-restW) worst=87.3deg bone[33]
  TIER2 joint-attach(PRIMARY): worst=51.66u bone[18]='bone_R-pinky02.mesh' parent[14] R=47.4 exactJoint=0.00u pairs=30  (palette-wide exactWorst=3.98u)
[HANDS_ATTACH] mesh='hands_naked.mesh' owner='hands_naked.mesh' frame=4128 nb=38 wext=76.3 rebound=1
  TIER1 rest-coherence: worst=87.3deg bone[33]='bone_L-middlefinger03.mesh' count(>5deg)=34 freshRecap=0  xcheck(invOff-vs-restW) worst=87.3deg bone[33]
  TIER2 joint-attach(PRIMARY): worst=33.27u bone[13]='bone_R-hand.mesh' parent[5] R=49.4 exactJoint=0.33u pairs=30  (palette-wide exactWorst=3.41u)
[HANDS_ATTACH] mesh='hands_naked.mesh' owner='hands_naked.mesh' frame=4130 nb=40 wext=54.7 rebound=1
  TIER1 rest-coherence: worst=42.6deg bone[30]='bone_L-middlefinger03.mesh' count(>5deg)=36 freshRecap=0  xcheck(invOff-vs-restW) worst=42.6deg bone[30]
  TIER2 joint-attach(PRIMARY): worst=81.25u bone[0]='bone_R-middlefinger02.mesh' parent[4] R=37.3 exactJoint=1.33u pairs=36  (palette-wide exactWorst=6.78u)
[HANDS_ATTACH] mesh='hands_naked.mesh' owner='hands_naked.mesh' frame=4130 nb=38 wext=77.6 rebound=1
  TIER1 rest-coherence: worst=87.3deg bone[33]='bone_L-middlefinger03.mesh' count(>5deg)=34 freshRecap=0  xcheck(invOff-vs-restW) worst=87.3deg bone[33]
  TIER2 joint-attach(PRIMARY): worst=36.52u bone[13]='bone_R-hand.mesh' parent[5] R=49.4 exactJoint=0.00u pairs=30  (palette-wide exactWorst=0.00u)
[HANDS_ATTACH] mesh='hands_naked.mesh' owner='hands_naked.mesh' frame=4138 nb=38 wext=76.4 rebound=1
  TIER1 rest-coherence: worst=87.3deg bone[33]='bone_L-middlefinger03.mesh' count(>5deg)=34 freshRecap=0  xcheck(invOff-vs-restW) worst=87.3deg bone[33]
  TIER2 joint-attach(PRIMARY): worst=33.37u bone[13]='bone_R-hand.mesh' parent[5] R=49.4 exactJoint=0.33u pairs=30  (palette-wide exactWorst=3.57u)
[HANDS_ATTACH] mesh='hands_naked.mesh' owner='hands_naked.mesh' frame=4140 nb=40 wext=57.0 rebound=1
  TIER1 rest-coherence: worst=42.6deg bone[30]='bone_L-middlefinger03.mesh' count(>5deg)=36 freshRecap=0  xcheck(invOff-vs-restW) worst=42.6deg bone[30]
  TIER2 joint-attach(PRIMARY): worst=56.71u bone[13]='bone_R-pinky03.mesh' parent[9] R=37.9 exactJoint=0.17u pairs=36  (palette-wide exactWorst=5.25u)
[HANDS_ATTACH] mesh='hands_naked.mesh' owner='hands_naked.mesh' frame=4140 nb=38 wext=82.4 rebound=1
  TIER1 rest-coherence: worst=87.3deg bone[33]='bone_L-middlefinger03.mesh' count(>5deg)=34 freshRecap=0  xcheck(invOff-vs-restW) worst=87.3deg bone[33]
  TIER2 joint-attach(PRIMARY): worst=46.76u bone[13]='bone_R-hand.mesh' parent[5] R=49.4 exactJoint=0.00u pairs=30  (palette-wide exactWorst=0.00u)
[HANDS_ATTACH] mesh='hands_naked.mesh' owner='hands_naked.mesh' frame=4148 nb=38 wext=76.4 rebound=1
  TIER1 rest-coherence: worst=87.3deg bone[33]='bone_L-middlefinger03.mesh' count(>5deg)=34 freshRecap=0  xcheck(invOff-vs-restW) worst=87.3deg bone[33]
  TIER2 joint-attach(PRIMARY): worst=33.21u bone[13]='bone_R-hand.mesh' parent[5] R=49.4 exactJoint=0.33u pairs=30  (palette-wide exactWorst=3.74u)
[HANDS_ATTACH] mesh='hands_naked.mesh' owner='hands_naked.mesh' frame=4150 nb=40 wext=55.5 rebound=1
  TIER1 rest-coherence: worst=42.6deg bone[30]='bone_L-middlefinger03.mesh' count(>5deg)=36 freshRecap=0  xcheck(invOff-vs-restW) worst=42.6deg bone[30]
  TIER2 joint-attach(PRIMARY): worst=35.11u bone[14]='bone_R-pinky01.mesh' parent[11] R=39.0 exactJoint=0.00u pairs=36  (palette-wide exactWorst=1.92u)
[HANDS_ATTACH] mesh='hands_naked.mesh' owner='hands_naked.mesh' frame=4150 nb=38 wext=85.7 rebound=1
  TIER1 rest-coherence: worst=87.3deg bone[33]='bone_L-middlefinger03.mesh' count(>5deg)=34 freshRecap=0  xcheck(invOff-vs-restW) worst=87.3deg bone[33]
  TIER2 joint-attach(PRIMARY): worst=48.47u bone[13]='bone_R-hand.mesh' parent[5] R=49.4 exactJoint=0.00u pairs=30  (palette-wide exactWorst=0.00u)
[HANDS_ATTACH] mesh='hands_naked.mesh' owner='hands_naked.mesh' frame=4158 nb=38 wext=75.9 rebound=1
  TIER1 rest-coherence: worst=87.3deg bone[33]='bone_L-middlefinger03.mesh' count(>5deg)=34 freshRecap=0  xcheck(invOff-vs-restW) worst=87.3deg bone[33]
  TIER2 joint-attach(PRIMARY): worst=33.64u bone[13]='bone_R-hand.mesh' parent[5] R=49.4 exactJoint=0.33u pairs=30  (palette-wide exactWorst=3.89u)
[HANDS_ATTACH] mesh='hands_naked.mesh' owner='hands_naked.mesh' frame=4160 nb=40 wext=57.2 rebound=1
  TIER1 rest-coherence: worst=42.6deg bone[30]='bone_L-middlefinger03.mesh' count(>5deg)=36 freshRecap=0  xcheck(invOff-vs-restW) worst=42.6deg bone[30]
  TIER2 joint-attach(PRIMARY): worst=33.98u bone[14]='bone_R-pinky01.mesh' parent[11] R=39.0 exactJoint=0.00u pairs=36  (palette-wide exactWorst=1.92u)
[HANDS_ATTACH] mesh='hands_naked.mesh' owner='hands_naked.mesh' frame=4160 nb=38 wext=84.1 rebound=1
  TIER1 rest-coherence: worst=87.3deg bone[33]='bone_L-middlefinger03.mesh' count(>5deg)=34 freshRecap=0  xcheck(invOff-vs-restW) worst=87.3deg bone[33]
  TIER2 joint-attach(PRIMARY): worst=60.40u bone[13]='bone_R-hand.mesh' parent[5] R=49.4 exactJoint=0.00u pairs=30  (palette-wide exactWorst=6.84u)
[HANDS_ATTACH] mesh='hands_naked.mesh' owner='hands_naked.mesh' frame=4168 nb=38 wext=75.4 rebound=1
  TIER1 rest-coherence: worst=87.3deg bone[33]='bone_L-middlefinger03.mesh' count(>5deg)=34 freshRecap=0  xcheck(invOff-vs-restW) worst=87.3deg bone[33]
  TIER2 joint-attach(PRIMARY): worst=35.13u bone[13]='bone_R-hand.mesh' parent[5] R=49.4 exactJoint=0.33u pairs=30  (palette-wide exactWorst=4.02u)
[HANDS_ATTACH] mesh='hands_naked.mesh' owner='hands_naked.mesh' frame=4170 nb=40 wext=55.7 rebound=1
  TIER1 rest-coherence: worst=42.6deg bone[30]='bone_L-middlefinger03.mesh' count(>5deg)=36 freshRecap=0  xcheck(invOff-vs-restW) worst=42.6deg bone[30]
  TIER2 joint-attach(PRIMARY): worst=32.90u bone[14]='bone_R-pinky01.mesh' parent[11] R=39.0 exactJoint=0.00u pairs=36  (palette-wide exactWorst=1.92u)
[HANDS_ATTACH] mesh='hands_naked.mesh' owner='hands_naked.mesh' frame=4170 nb=38 wext=76.6 rebound=1
  TIER1 rest-coherence: worst=87.3deg bone[33]='bone_L-middlefinger03.mesh' count(>5deg)=34 freshRecap=0  xcheck(invOff-vs-restW) worst=87.3deg bone[33]
  TIER2 joint-attach(PRIMARY): worst=69.51u bone[13]='bone_R-hand.mesh' parent[5] R=49.4 exactJoint=0.00u pairs=30  (palette-wide exactWorst=5.43u)
[HANDS_ATTACH] mesh='hands_naked.mesh' owner='hands_naked.mesh' frame=4178 nb=38 wext=75.5 rebound=1
  TIER1 rest-coherence: worst=87.3deg bone[33]='bone_L-middlefinger03.mesh' count(>5deg)=34 freshRecap=0  xcheck(invOff-vs-restW) worst=87.3deg bone[33]
  TIER2 joint-attach(PRIMARY): worst=37.64u bone[13]='bone_R-hand.mesh' parent[5] R=49.4 exactJoint=0.33u pairs=30  (palette-wide exactWorst=3.96u)
[HANDS_ATTACH] mesh='hands_naked.mesh' owner='hands_naked.mesh' frame=4180 nb=40 wext=56.7 rebound=1
  TIER1 rest-coherence: worst=42.6deg bone[30]='bone_L-middlefinger03.mesh' count(>5deg)=36 freshRecap=0  xcheck(invOff-vs-restW) worst=42.6deg bone[30]
  TIER2 joint-attach(PRIMARY): worst=31.84u bone[14]='bone_R-pinky01.mesh' parent[11] R=39.0 exactJoint=0.00u pairs=36  (palette-wide exactWorst=1.92u)
[HANDS_ATTACH] mesh='hands_naked.mesh' owner='hands_naked.mesh' frame=4180 nb=38 wext=76.5 rebound=1
  TIER1 rest-coherence: worst=87.3deg bone[33]='bone_L-middlefinger03.mesh' count(>5deg)=34 freshRecap=0  xcheck(invOff-vs-restW) worst=87.3deg bone[33]
  TIER2 joint-attach(PRIMARY): worst=62.84u bone[13]='bone_R-hand.mesh' parent[5] R=49.4 exactJoint=0.00u pairs=30  (palette-wide exactWorst=5.50u)
[HANDS_ATTACH] mesh='hands_naked.mesh' owner='hands_naked.mesh' frame=4188 nb=38 wext=75.3 rebound=1
  TIER1 rest-coherence: worst=87.3deg bone[33]='bone_L-middlefinger03.mesh' count(>5deg)=34 freshRecap=0  xcheck(invOff-vs-restW) worst=87.3deg bone[33]
  TIER2 joint-attach(PRIMARY): worst=37.87u bone[13]='bone_R-hand.mesh' parent[5] R=49.4 exactJoint=0.33u pairs=30  (palette-wide exactWorst=3.83u)
[HANDS_ATTACH] mesh='hands_naked.mesh' owner='hands_naked.mesh' frame=4190 nb=40 wext=53.8 rebound=1
  TIER1 rest-coherence: worst=42.6deg bone[30]='bone_L-middlefinger03.mesh' count(>5deg)=36 freshRecap=0  xcheck(invOff-vs-restW) worst=42.6deg bone[30]
  TIER2 joint-attach(PRIMARY): worst=30.82u bone[14]='bone_R-pinky01.mesh' parent[11] R=39.0 exactJoint=0.00u pairs=36  (palette-wide exactWorst=1.92u)
[HANDS_ATTACH] mesh='hands_naked.mesh' owner='hands_naked.mesh' frame=4190 nb=38 wext=78.0 rebound=1
  TIER1 rest-coherence: worst=87.3deg bone[33]='bone_L-middlefinger03.mesh' count(>5deg)=34 freshRecap=0  xcheck(invOff-vs-restW) worst=87.3deg bone[33]
  TIER2 joint-attach(PRIMARY): worst=47.77u bone[9]='bone_R-thumb01.mesh' parent[13] R=48.5 exactJoint=0.00u pairs=30  (palette-wide exactWorst=0.00u)
[HANDS_ATTACH] mesh='hands_naked.mesh' owner='hands_naked.mesh' frame=4198 nb=38 wext=75.3 rebound=1
  TIER1 rest-coherence: worst=87.3deg bone[33]='bone_L-middlefinger03.mesh' count(>5deg)=34 freshRecap=0  xcheck(invOff-vs-restW) worst=87.3deg bone[33]
  TIER2 joint-attach(PRIMARY): worst=38.04u bone[13]='bone_R-hand.mesh' parent[5] R=49.4 exactJoint=0.33u pairs=30  (palette-wide exactWorst=3.62u)
[HANDS_ATTACH] mesh='hands_naked.mesh' owner='hands_naked.mesh' frame=4200 nb=40 wext=57.3 rebound=1
  TIER1 rest-coherence: worst=42.6deg bone[30]='bone_L-middlefinger03.mesh' count(>5deg)=36 freshRecap=0  xcheck(invOff-vs-restW) worst=42.6deg bone[30]
  TIER2 joint-attach(PRIMARY): worst=29.83u bone[14]='bone_R-pinky01.mesh' parent[11] R=39.0 exactJoint=0.00u pairs=36  (palette-wide exactWorst=1.92u)
[HANDS_ATTACH] mesh='hands_naked.mesh' owner='hands_naked.mesh' frame=4200 nb=38 wext=84.8 rebound=1
  TIER1 rest-coherence: worst=87.3deg bone[33]='bone_L-middlefinger03.mesh' count(>5deg)=34 freshRecap=0  xcheck(invOff-vs-restW) worst=87.3deg bone[33]
  TIER2 joint-attach(PRIMARY): worst=57.12u bone[9]='bone_R-thumb01.mesh' parent[13] R=48.5 exactJoint=0.00u pairs=30  (palette-wide exactWorst=0.00u)
[HANDS_ATTACH] mesh='hands_naked.mesh' owner='hands_naked.mesh' frame=4208 nb=38 wext=75.0 rebound=1
  TIER1 rest-coherence: worst=87.3deg bone[33]='bone_L-middlefinger03.mesh' count(>5deg)=34 freshRecap=0  xcheck(invOff-vs-restW) worst=87.3deg bone[33]
  TIER2 joint-attach(PRIMARY): worst=38.09u bone[13]='bone_R-hand.mesh' parent[5] R=49.4 exactJoint=0.33u pairs=30  (palette-wide exactWorst=3.36u)
[HANDS_ATTACH] mesh='hands_naked.mesh' owner='hands_naked.mesh' frame=4210 nb=40 wext=56.5 rebound=1
  TIER1 rest-coherence: worst=42.6deg bone[30]='bone_L-middlefinger03.mesh' count(>5deg)=36 freshRecap=0  xcheck(invOff-vs-restW) worst=42.6deg bone[30]
  TIER2 joint-attach(PRIMARY): worst=28.85u bone[14]='bone_R-pinky01.mesh' parent[11] R=39.0 exactJoint=0.00u pairs=36  (palette-wide exactWorst=1.92u)
[HANDS_ATTACH] mesh='hands_naked.mesh' owner='hands_naked.mesh' frame=4210 nb=38 wext=65.0 rebound=1
  TIER1 rest-coherence: worst=87.3deg bone[33]='bone_L-middlefinger03.mesh' count(>5deg)=34 freshRecap=0  xcheck(invOff-vs-restW) worst=87.3deg bone[33]
  TIER2 joint-attach(PRIMARY): worst=48.74u bone[13]='bone_R-hand.mesh' parent[5] R=49.4 exactJoint=0.00u pairs=30  (palette-wide exactWorst=2.00u)
[HANDS_ATTACH] mesh='hands_naked.mesh' owner='hands_naked.mesh' frame=4218 nb=38 wext=74.1 rebound=1
  TIER1 rest-coherence: worst=87.3deg bone[33]='bone_L-middlefinger03.mesh' count(>5deg)=34 freshRecap=0  xcheck(invOff-vs-restW) worst=87.3deg bone[33]
  TIER2 joint-attach(PRIMARY): worst=37.48u bone[13]='bone_R-hand.mesh' parent[5] R=49.4 exactJoint=0.33u pairs=30  (palette-wide exactWorst=3.07u)
[HANDS_ATTACH] mesh='hands_naked.mesh' owner='hands_naked.mesh' frame=4220 nb=40 wext=59.7 rebound=1
  TIER1 rest-coherence: worst=42.6deg bone[30]='bone_L-middlefinger03.mesh' count(>5deg)=36 freshRecap=0  xcheck(invOff-vs-restW) worst=42.6deg bone[30]
  TIER2 joint-attach(PRIMARY): worst=28.52u bone[39]='bone_L-ringfinger02.mesh' parent[38] R=37.9 exactJoint=0.11u pairs=36  (palette-wide exactWorst=1.92u)
[HANDS_ATTACH] mesh='hands_naked.mesh' owner='hands_naked.mesh' frame=4220 nb=38 wext=87.3 rebound=1
  TIER1 rest-coherence: worst=87.3deg bone[33]='bone_L-middlefinger03.mesh' count(>5deg)=34 freshRecap=0  xcheck(invOff-vs-restW) worst=87.3deg bone[33]
  TIER2 joint-attach(PRIMARY): worst=71.23u bone[18]='bone_R-pinky02.mesh' parent[14] R=47.4 exactJoint=2.26u pairs=30  (palette-wide exactWorst=10.35u)
[HANDS_ATTACH] mesh='hands_naked.mesh' owner='hands_naked.mesh' frame=4228 nb=38 wext=73.9 rebound=1
  TIER1 rest-coherence: worst=87.3deg bone[33]='bone_L-middlefinger03.mesh' count(>5deg)=34 freshRecap=0  xcheck(invOff-vs-restW) worst=87.3deg bone[33]
  TIER2 joint-attach(PRIMARY): worst=37.03u bone[13]='bone_R-hand.mesh' parent[5] R=49.4 exactJoint=0.33u pairs=30  (palette-wide exactWorst=2.89u)
[HANDS_ATTACH] mesh='hands_naked.mesh' owner='hands_naked.mesh' frame=4230 nb=40 wext=61.0 rebound=1
  TIER1 rest-coherence: worst=42.6deg bone[30]='bone_L-middlefinger03.mesh' count(>5deg)=36 freshRecap=0  xcheck(invOff-vs-restW) worst=42.6deg bone[30]
  TIER2 joint-attach(PRIMARY): worst=28.52u bone[39]='bone_L-ringfinger02.mesh' parent[38] R=37.9 exactJoint=0.11u pairs=36  (palette-wide exactWorst=1.92u)
[HANDS_ATTACH] mesh='hands_naked.mesh' owner='hands_naked.mesh' frame=4230 nb=38 wext=86.7 rebound=1
  TIER1 rest-coherence: worst=87.3deg bone[33]='bone_L-middlefinger03.mesh' count(>5deg)=34 freshRecap=0  xcheck(invOff-vs-restW) worst=87.3deg bone[33]
  TIER2 joint-attach(PRIMARY): worst=71.02u bone[18]='bone_R-pinky02.mesh' parent[14] R=47.4 exactJoint=2.44u pairs=30  (palette-wide exactWorst=10.36u)
[HANDS_ATTACH] mesh='hands_naked.mesh' owner='hands_naked.mesh' frame=4238 nb=38 wext=73.6 rebound=1
  TIER1 rest-coherence: worst=87.3deg bone[33]='bone_L-middlefinger03.mesh' count(>5deg)=34 freshRecap=0  xcheck(invOff-vs-restW) worst=87.3deg bone[33]
  TIER2 joint-attach(PRIMARY): worst=36.70u bone[13]='bone_R-hand.mesh' parent[5] R=49.4 exactJoint=0.33u pairs=30  (palette-wide exactWorst=2.81u)
[HANDS_ATTACH] mesh='hands_naked.mesh' owner='hands_naked.mesh' frame=4240 nb=40 wext=62.6 rebound=1
  TIER1 rest-coherence: worst=42.6deg bone[30]='bone_L-middlefinger03.mesh' count(>5deg)=36 freshRecap=0  xcheck(invOff-vs-restW) worst=42.6deg bone[30]
  TIER2 joint-attach(PRIMARY): worst=28.52u bone[39]='bone_L-ringfinger02.mesh' parent[38] R=37.9 exactJoint=0.11u pairs=36  (palette-wide exactWorst=1.92u)
[HANDS_ATTACH] mesh='hands_naked.mesh' owner='hands_naked.mesh' frame=4240 nb=38 wext=85.0 rebound=1
  TIER1 rest-coherence: worst=87.3deg bone[33]='bone_L-middlefinger03.mesh' count(>5deg)=34 freshRecap=0  xcheck(invOff-vs-restW) worst=87.3deg bone[33]
  TIER2 joint-attach(PRIMARY): worst=71.02u bone[18]='bone_R-pinky02.mesh' parent[14] R=47.4 exactJoint=2.44u pairs=30  (palette-wide exactWorst=10.36u)
[HANDS_ATTACH] mesh='hands_naked.mesh' owner='hands_naked.mesh' frame=4248 nb=38 wext=73.8 rebound=1
  TIER1 rest-coherence: worst=87.3deg bone[33]='bone_L-middlefinger03.mesh' count(>5deg)=34 freshRecap=0  xcheck(invOff-vs-restW) worst=87.3deg bone[33]
  TIER2 joint-attach(PRIMARY): worst=34.04u bone[13]='bone_R-hand.mesh' parent[5] R=49.4 exactJoint=0.33u pairs=30  (palette-wide exactWorst=2.77u)
[HANDS_ATTACH] mesh='hands_naked.mesh' owner='hands_naked.mesh' frame=4250 nb=40 wext=64.3 rebound=1
  TIER1 rest-coherence: worst=42.6deg bone[30]='bone_L-middlefinger03.mesh' count(>5deg)=36 freshRecap=0  xcheck(invOff-vs-restW) worst=42.6deg bone[30]
  TIER2 joint-attach(PRIMARY): worst=28.52u bone[39]='bone_L-ringfinger02.mesh' parent[38] R=37.9 exactJoint=0.11u pairs=36  (palette-wide exactWorst=1.92u)
[HANDS_ATTACH] mesh='hands_naked.mesh' owner='hands_naked.mesh' frame=4250 nb=38 wext=83.6 rebound=1
  TIER1 rest-coherence: worst=87.3deg bone[33]='bone_L-middlefinger03.mesh' count(>5deg)=34 freshRecap=0  xcheck(invOff-vs-restW) worst=87.3deg bone[33]
  TIER2 joint-attach(PRIMARY): worst=71.02u bone[18]='bone_R-pinky02.mesh' parent[14] R=47.4 exactJoint=2.44u pairs=30  (palette-wide exactWorst=10.36u)
[HANDS_ATTACH] mesh='hands_naked.mesh' owner='hands_naked.mesh' frame=4258 nb=38 wext=75.2 rebound=1
  TIER1 rest-coherence: worst=87.3deg bone[33]='bone_L-middlefinger03.mesh' count(>5deg)=34 freshRecap=0  xcheck(invOff-vs-restW) worst=87.3deg bone[33]
  TIER2 joint-attach(PRIMARY): worst=36.60u bone[13]='bone_R-hand.mesh' parent[5] R=49.4 exactJoint=0.33u pairs=30  (palette-wide exactWorst=2.82u)
[HANDS_ATTACH] mesh='hands_naked.mesh' owner='hands_naked.mesh' frame=4260 nb=40 wext=65.4 rebound=1
  TIER1 rest-coherence: worst=42.6deg bone[30]='bone_L-middlefinger03.mesh' count(>5deg)=36 freshRecap=0  xcheck(invOff-vs-restW) worst=42.6deg bone[30]
  TIER2 joint-attach(PRIMARY): worst=28.52u bone[39]='bone_L-ringfinger02.mesh' parent[38] R=37.9 exactJoint=0.11u pairs=36  (palette-wide exactWorst=1.92u)
[HANDS_ATTACH] mesh='hands_naked.mesh' owner='hands_naked.mesh' frame=4260 nb=38 wext=79.1 rebound=1
  TIER1 rest-coherence: worst=87.3deg bone[33]='bone_L-middlefinger03.mesh' count(>5deg)=34 freshRecap=0  xcheck(invOff-vs-restW) worst=87.3deg bone[33]
  TIER2 joint-attach(PRIMARY): worst=71.02u bone[18]='bone_R-pinky02.mesh' parent[14] R=47.4 exactJoint=2.44u pairs=30  (palette-wide exactWorst=10.36u)
[HANDS_ATTACH] mesh='hands_naked.mesh' owner='hands_naked.mesh' frame=4268 nb=38 wext=75.5 rebound=1
  TIER1 rest-coherence: worst=87.3deg bone[33]='bone_L-middlefinger03.mesh' count(>5deg)=34 freshRecap=0  xcheck(invOff-vs-restW) worst=87.3deg bone[33]
  TIER2 joint-attach(PRIMARY): worst=36.72u bone[13]='bone_R-hand.mesh' parent[5] R=49.4 exactJoint=0.33u pairs=30  (palette-wide exactWorst=2.87u)
[HANDS_ATTACH] mesh='hands_naked.mesh' owner='hands_naked.mesh' frame=4270 nb=40 wext=66.1 rebound=1
  TIER1 rest-coherence: worst=42.6deg bone[30]='bone_L-middlefinger03.mesh' count(>5deg)=36 freshRecap=0  xcheck(invOff-vs-restW) worst=42.6deg bone[30]
  TIER2 joint-attach(PRIMARY): worst=28.52u bone[39]='bone_L-ringfinger02.mesh' parent[38] R=37.9 exactJoint=0.11u pairs=36  (palette-wide exactWorst=1.92u)
[HANDS_ATTACH] mesh='hands_naked.mesh' owner='hands_naked.mesh' frame=4270 nb=38 wext=64.4 rebound=1
  TIER1 rest-coherence: worst=87.3deg bone[33]='bone_L-middlefinger03.mesh' count(>5deg)=34 freshRecap=0  xcheck(invOff-vs-restW) worst=87.3deg bone[33]
  TIER2 joint-attach(PRIMARY): worst=49.23u bone[29]='bone_L-hand.mesh' parent[22] R=49.4 exactJoint=0.00u pairs=30  (palette-wide exactWorst=0.00u)
[HANDS_ATTACH] mesh='hands_naked.mesh' owner='hands_naked.mesh' frame=4278 nb=38 wext=75.7 rebound=1
  TIER1 rest-coherence: worst=87.3deg bone[33]='bone_L-middlefinger03.mesh' count(>5deg)=34 freshRecap=0  xcheck(invOff-vs-restW) worst=87.3deg bone[33]
  TIER2 joint-attach(PRIMARY): worst=36.62u bone[13]='bone_R-hand.mesh' parent[5] R=49.4 exactJoint=0.33u pairs=30  (palette-wide exactWorst=2.96u)
[HANDS_ATTACH] mesh='hands_naked.mesh' owner='hands_naked.mesh' frame=4280 nb=40 wext=65.2 rebound=1
  TIER1 rest-coherence: worst=42.6deg bone[30]='bone_L-middlefinger03.mesh' count(>5deg)=36 freshRecap=0  xcheck(invOff-vs-restW) worst=42.6deg bone[30]
  TIER2 joint-attach(PRIMARY): worst=28.52u bone[39]='bone_L-ringfinger02.mesh' parent[38] R=37.9 exactJoint=0.11u pairs=36  (palette-wide exactWorst=1.92u)
[HANDS_ATTACH] mesh='hands_naked.mesh' owner='hands_naked.mesh' frame=4280 nb=38 wext=76.4 rebound=1
  TIER1 rest-coherence: worst=87.3deg bone[33]='bone_L-middlefinger03.mesh' count(>5deg)=34 freshRecap=0  xcheck(invOff-vs-restW) worst=87.3deg bone[33]
  TIER2 joint-attach(PRIMARY): worst=69.33u bone[29]='bone_L-hand.mesh' parent[22] R=49.4 exactJoint=0.00u pairs=30  (palette-wide exactWorst=0.00u)
[HANDS_ATTACH] mesh='hands_naked.mesh' owner='hands_naked.mesh' frame=4288 nb=38 wext=75.8 rebound=1
  TIER1 rest-coherence: worst=87.3deg bone[33]='bone_L-middlefinger03.mesh' count(>5deg)=34 freshRecap=0  xcheck(invOff-vs-restW) worst=87.3deg bone[33]
  TIER2 joint-attach(PRIMARY): worst=37.37u bone[13]='bone_R-hand.mesh' parent[5] R=49.4 exactJoint=0.33u pairs=30  (palette-wide exactWorst=3.23u)
[HANDS_ATTACH] mesh='hands_naked.mesh' owner='hands_naked.mesh' frame=4290 nb=40 wext=66.5 rebound=1
  TIER1 rest-coherence: worst=42.6deg bone[30]='bone_L-middlefinger03.mesh' count(>5deg)=36 freshRecap=0  xcheck(invOff-vs-restW) worst=42.6deg bone[30]
  TIER2 joint-attach(PRIMARY): worst=28.52u bone[39]='bone_L-ringfinger02.mesh' parent[38] R=37.9 exactJoint=0.11u pairs=36  (palette-wide exactWorst=1.92u)
[HANDS_ATTACH] mesh='hands_naked.mesh' owner='hands_naked.mesh' frame=4290 nb=38 wext=69.8 rebound=1
  TIER1 rest-coherence: worst=87.3deg bone[33]='bone_L-middlefinger03.mesh' count(>5deg)=34 freshRecap=0  xcheck(invOff-vs-restW) worst=87.3deg bone[33]
  TIER2 joint-attach(PRIMARY): worst=65.86u bone[29]='bone_L-hand.mesh' parent[22] R=49.4 exactJoint=0.00u pairs=30  (palette-wide exactWorst=0.00u)
[HANDS_ATTACH] mesh='hands_naked.mesh' owner='hands_naked.mesh' frame=4298 nb=38 wext=75.3 rebound=1
  TIER1 rest-coherence: worst=87.3deg bone[33]='bone_L-middlefinger03.mesh' count(>5deg)=34 freshRecap=0  xcheck(invOff-vs-restW) worst=87.3deg bone[33]
  TIER2 joint-attach(PRIMARY): worst=37.53u bone[13]='bone_R-hand.mesh' parent[5] R=49.4 exactJoint=0.33u pairs=30  (palette-wide exactWorst=3.43u)
[HANDS_ATTACH] mesh='hands_naked.mesh' owner='hands_naked.mesh' frame=4300 nb=40 wext=65.1 rebound=1
  TIER1 rest-coherence: worst=42.6deg bone[30]='bone_L-middlefinger03.mesh' count(>5deg)=36 freshRecap=0  xcheck(invOff-vs-restW) worst=42.6deg bone[30]
  TIER2 joint-attach(PRIMARY): worst=28.52u bone[39]='bone_L-ringfinger02.mesh' parent[38] R=37.9 exactJoint=0.11u pairs=36  (palette-wide exactWorst=1.92u)
[HANDS_ATTACH] mesh='hands_naked.mesh' owner='hands_naked.mesh' frame=4300 nb=38 wext=57.1 rebound=1
  TIER1 rest-coherence: worst=87.3deg bone[33]='bone_L-middlefinger03.mesh' count(>5deg)=34 freshRecap=0  xcheck(invOff-vs-restW) worst=87.3deg bone[33]
  TIER2 joint-attach(PRIMARY): worst=55.52u bone[29]='bone_L-hand.mesh' parent[22] R=49.4 exactJoint=0.00u pairs=30  (palette-wide exactWorst=0.00u)
[HANDS_ATTACH] mesh='hands_naked.mesh' owner='hands_naked.mesh' frame=4308 nb=38 wext=74.6 rebound=1
  TIER1 rest-coherence: worst=87.3deg bone[33]='bone_L-middlefinger03.mesh' count(>5deg)=34 freshRecap=0  xcheck(invOff-vs-restW) worst=87.3deg bone[33]
  TIER2 joint-attach(PRIMARY): worst=37.56u bone[13]='bone_R-hand.mesh' parent[5] R=49.4 exactJoint=0.33u pairs=30  (palette-wide exactWorst=3.59u)
[HANDS_ATTACH] mesh='hands_naked.mesh' owner='hands_naked.mesh' frame=4310 nb=40 wext=66.4 rebound=1
  TIER1 rest-coherence: worst=42.6deg bone[30]='bone_L-middlefinger03.mesh' count(>5deg)=36 freshRecap=0  xcheck(invOff-vs-restW) worst=42.6deg bone[30]
  TIER2 joint-attach(PRIMARY): worst=28.52u bone[39]='bone_L-ringfinger02.mesh' parent[38] R=37.9 exactJoint=0.11u pairs=36  (palette-wide exactWorst=1.92u)
[HANDS_ATTACH] mesh='hands_naked.mesh' owner='hands_naked.mesh' frame=4310 nb=38 wext=74.8 rebound=1
  TIER1 rest-coherence: worst=87.3deg bone[33]='bone_L-middlefinger03.mesh' count(>5deg)=34 freshRecap=0  xcheck(invOff-vs-restW) worst=87.3deg bone[33]
  TIER2 joint-attach(PRIMARY): worst=58.77u bone[29]='bone_L-hand.mesh' parent[22] R=49.4 exactJoint=0.00u pairs=30  (palette-wide exactWorst=0.00u)
[HANDS_ATTACH] mesh='hands_naked.mesh' owner='hands_naked.mesh' frame=4322 nb=38 wext=81.1 rebound=1
  TIER1 rest-coherence: worst=87.3deg bone[33]='bone_L-middlefinger03.mesh' count(>5deg)=34 freshRecap=0  xcheck(invOff-vs-restW) worst=87.3deg bone[33]
  TIER2 joint-attach(PRIMARY): worst=36.33u bone[13]='bone_R-hand.mesh' parent[5] R=49.4 exactJoint=0.33u pairs=30  (palette-wide exactWorst=3.14u)
[HANDS_ATTACH] mesh='hands_naked.mesh' owner='hands_naked.mesh' frame=4326 nb=40 wext=59.8 rebound=1
  TIER1 rest-coherence: worst=42.6deg bone[30]='bone_L-middlefinger03.mesh' count(>5deg)=36 freshRecap=0  xcheck(invOff-vs-restW) worst=42.6deg bone[30]
  TIER2 joint-attach(PRIMARY): worst=36.85u bone[4]='bone_R-middlefinger01.mesh' parent[1] R=38.2 exactJoint=0.00u pairs=36  (palette-wide exactWorst=0.04u)
[HANDS_ATTACH] mesh='hands_naked.mesh' owner='hands_naked.mesh' frame=4327 nb=38 wext=79.2 rebound=1
  TIER1 rest-coherence: worst=87.3deg bone[33]='bone_L-middlefinger03.mesh' count(>5deg)=34 freshRecap=0  xcheck(invOff-vs-restW) worst=87.3deg bone[33]
  TIER2 joint-attach(PRIMARY): worst=59.11u bone[29]='bone_L-hand.mesh' parent[22] R=49.4 exactJoint=0.00u pairs=30  (palette-wide exactWorst=0.00u)
[HANDS_ATTACH] mesh='hands_naked.mesh' owner='hands_naked.mesh' frame=4342 nb=38 wext=83.0 rebound=1
  TIER1 rest-coherence: worst=87.3deg bone[33]='bone_L-middlefinger03.mesh' count(>5deg)=34 freshRecap=0  xcheck(invOff-vs-restW) worst=87.3deg bone[33]
  TIER2 joint-attach(PRIMARY): worst=34.78u bone[13]='bone_R-hand.mesh' parent[5] R=49.4 exactJoint=0.33u pairs=30  (palette-wide exactWorst=3.15u)
[HANDS_ATTACH] mesh='hands_naked.mesh' owner='hands_naked.mesh' frame=4346 nb=40 wext=52.8 rebound=1
  TIER1 rest-coherence: worst=42.6deg bone[30]='bone_L-middlefinger03.mesh' count(>5deg)=36 freshRecap=0  xcheck(invOff-vs-restW) worst=42.6deg bone[30]
  TIER2 joint-attach(PRIMARY): worst=36.85u bone[4]='bone_R-middlefinger01.mesh' parent[1] R=38.2 exactJoint=0.00u pairs=36  (palette-wide exactWorst=0.04u)
[HANDS_ATTACH] mesh='hands_naked.mesh' owner='hands_naked.mesh' frame=4347 nb=38 wext=75.8 rebound=1
  TIER1 rest-coherence: worst=87.3deg bone[33]='bone_L-middlefinger03.mesh' count(>5deg)=34 freshRecap=0  xcheck(invOff-vs-restW) worst=87.3deg bone[33]
  TIER2 joint-attach(PRIMARY): worst=54.65u bone[29]='bone_L-hand.mesh' parent[22] R=49.4 exactJoint=0.00u pairs=30  (palette-wide exactWorst=0.00u)
[HANDS_ATTACH] mesh='hands_naked.mesh' owner='hands_naked.mesh' frame=4362 nb=38 wext=82.7 rebound=1
  TIER1 rest-coherence: worst=87.3deg bone[33]='bone_L-middlefinger03.mesh' count(>5deg)=34 freshRecap=0  xcheck(invOff-vs-restW) worst=87.3deg bone[33]
  TIER2 joint-attach(PRIMARY): worst=33.01u bone[18]='bone_R-pinky02.mesh' parent[14] R=47.4 exactJoint=0.00u pairs=30  (palette-wide exactWorst=3.26u)
[HANDS_ATTACH] mesh='hands_naked.mesh' owner='hands_naked.mesh' frame=4366 nb=40 wext=50.0 rebound=1
  TIER1 rest-coherence: worst=42.6deg bone[30]='bone_L-middlefinger03.mesh' count(>5deg)=36 freshRecap=0  xcheck(invOff-vs-restW) worst=42.6deg bone[30]
  TIER2 joint-attach(PRIMARY): worst=36.88u bone[4]='bone_R-middlefinger01.mesh' parent[1] R=38.2 exactJoint=0.00u pairs=36  (palette-wide exactWorst=0.04u)
[HANDS_ATTACH] mesh='hands_naked.mesh' owner='hands_naked.mesh' frame=4367 nb=38 wext=73.5 rebound=1
  TIER1 rest-coherence: worst=87.3deg bone[33]='bone_L-middlefinger03.mesh' count(>5deg)=34 freshRecap=0  xcheck(invOff-vs-restW) worst=87.3deg bone[33]
  TIER2 joint-attach(PRIMARY): worst=51.98u bone[29]='bone_L-hand.mesh' parent[22] R=49.4 exactJoint=0.00u pairs=30  (palette-wide exactWorst=0.00u)
[HANDS_ATTACH] mesh='hands_naked.mesh' owner='hands_naked.mesh' frame=4382 nb=38 wext=83.4 rebound=1
  TIER1 rest-coherence: worst=87.3deg bone[33]='bone_L-middlefinger03.mesh' count(>5deg)=34 freshRecap=0  xcheck(invOff-vs-restW) worst=87.3deg bone[33]
  TIER2 joint-attach(PRIMARY): worst=32.97u bone[18]='bone_R-pinky02.mesh' parent[14] R=47.4 exactJoint=0.00u pairs=30  (palette-wide exactWorst=3.33u)
[HANDS_ATTACH] mesh='hands_naked.mesh' owner='hands_naked.mesh' frame=4386 nb=40 wext=52.8 rebound=1
  TIER1 rest-coherence: worst=42.6deg bone[30]='bone_L-middlefinger03.mesh' count(>5deg)=36 freshRecap=0  xcheck(invOff-vs-restW) worst=42.6deg bone[30]
  TIER2 joint-attach(PRIMARY): worst=35.78u bone[4]='bone_R-middlefinger01.mesh' parent[1] R=38.2 exactJoint=0.00u pairs=36  (palette-wide exactWorst=0.04u)
[HANDS_ATTACH] mesh='hands_naked.mesh' owner='hands_naked.mesh' frame=4387 nb=38 wext=70.4 rebound=1
  TIER1 rest-coherence: worst=87.3deg bone[33]='bone_L-middlefinger03.mesh' count(>5deg)=34 freshRecap=0  xcheck(invOff-vs-restW) worst=87.3deg bone[33]
  TIER2 joint-attach(PRIMARY): worst=47.61u bone[29]='bone_L-hand.mesh' parent[22] R=49.4 exactJoint=0.00u pairs=30  (palette-wide exactWorst=0.00u)
[HANDS_ATTACH] mesh='hands_naked.mesh' owner='hands_naked.mesh' frame=4402 nb=38 wext=82.0 rebound=1
  TIER1 rest-coherence: worst=87.3deg bone[33]='bone_L-middlefinger03.mesh' count(>5deg)=34 freshRecap=0  xcheck(invOff-vs-restW) worst=87.3deg bone[33]
  TIER2 joint-attach(PRIMARY): worst=33.38u bone[13]='bone_R-hand.mesh' parent[5] R=49.4 exactJoint=0.33u pairs=30  (palette-wide exactWorst=3.56u)
[HANDS_ATTACH] mesh='hands_naked.mesh' owner='hands_naked.mesh' frame=4406 nb=40 wext=58.0 rebound=1
  TIER1 rest-coherence: worst=42.6deg bone[30]='bone_L-middlefinger03.mesh' count(>5deg)=36 freshRecap=0  xcheck(invOff-vs-restW) worst=42.6deg bone[30]
  TIER2 joint-attach(PRIMARY): worst=31.08u bone[4]='bone_R-middlefinger01.mesh' parent[1] R=38.2 exactJoint=0.00u pairs=36  (palette-wide exactWorst=0.04u)
[HANDS_ATTACH] mesh='hands_naked.mesh' owner='hands_naked.mesh' frame=4407 nb=38 wext=67.3 rebound=1
  TIER1 rest-coherence: worst=87.3deg bone[33]='bone_L-middlefinger03.mesh' count(>5deg)=34 freshRecap=0  xcheck(invOff-vs-restW) worst=87.3deg bone[33]
  TIER2 joint-attach(PRIMARY): worst=35.75u bone[29]='bone_L-hand.mesh' parent[22] R=49.4 exactJoint=0.00u pairs=30  (palette-wide exactWorst=0.00u)
[HANDS_ATTACH] mesh='hands_naked.mesh' owner='hands_naked.mesh' frame=4422 nb=38 wext=80.1 rebound=1
  TIER1 rest-coherence: worst=87.3deg bone[33]='bone_L-middlefinger03.mesh' count(>5deg)=34 freshRecap=0  xcheck(invOff-vs-restW) worst=87.3deg bone[33]
  TIER2 joint-attach(PRIMARY): worst=33.20u bone[13]='bone_R-hand.mesh' parent[5] R=49.4 exactJoint=0.33u pairs=30  (palette-wide exactWorst=3.80u)
[HANDS_ATTACH] mesh='hands_naked.mesh' owner='hands_naked.mesh' frame=4426 nb=40 wext=58.1 rebound=1
  TIER1 rest-coherence: worst=42.6deg bone[30]='bone_L-middlefinger03.mesh' count(>5deg)=36 freshRecap=0  xcheck(invOff-vs-restW) worst=42.6deg bone[30]
  TIER2 joint-attach(PRIMARY): worst=22.92u bone[32]='bone_L-thumb01.mesh' parent[20] R=38.3 exactJoint=0.00u pairs=36  (palette-wide exactWorst=0.04u)
[HANDS_ATTACH] mesh='hands_naked.mesh' owner='hands_naked.mesh' frame=4427 nb=38 wext=57.3 rebound=1
  TIER1 rest-coherence: worst=87.3deg bone[33]='bone_L-middlefinger03.mesh' count(>5deg)=34 freshRecap=0  xcheck(invOff-vs-restW) worst=87.3deg bone[33]
  TIER2 joint-attach(PRIMARY): worst=31.66u bone[33]='bone_L-middlefinger03.mesh' parent[26] R=47.0 exactJoint=0.00u pairs=30  (palette-wide exactWorst=0.00u)
[HANDS_ATTACH] mesh='hands_naked.mesh' owner='hands_naked.mesh' frame=4442 nb=38 wext=77.5 rebound=1
  TIER1 rest-coherence: worst=87.3deg bone[33]='bone_L-middlefinger03.mesh' count(>5deg)=34 freshRecap=0  xcheck(invOff-vs-restW) worst=87.3deg bone[33]
  TIER2 joint-attach(PRIMARY): worst=34.80u bone[13]='bone_R-hand.mesh' parent[5] R=49.4 exactJoint=0.33u pairs=30  (palette-wide exactWorst=4.02u)
[HANDS_ATTACH] mesh='hands_naked.mesh' owner='hands_naked.mesh' frame=4446 nb=40 wext=56.3 rebound=1
  TIER1 rest-coherence: worst=42.6deg bone[30]='bone_L-middlefinger03.mesh' count(>5deg)=36 freshRecap=0  xcheck(invOff-vs-restW) worst=42.6deg bone[30]
  TIER2 joint-attach(PRIMARY): worst=33.11u bone[0]='bone_R-middlefinger02.mesh' parent[4] R=37.3 exactJoint=0.00u pairs=36  (palette-wide exactWorst=0.04u)
[HANDS_ATTACH] mesh='hands_naked.mesh' owner='hands_naked.mesh' frame=4447 nb=38 wext=66.5 rebound=1
  TIER1 rest-coherence: worst=87.3deg bone[33]='bone_L-middlefinger03.mesh' count(>5deg)=34 freshRecap=0  xcheck(invOff-vs-restW) worst=87.3deg bone[33]
  TIER2 joint-attach(PRIMARY): worst=71.02u bone[18]='bone_R-pinky02.mesh' parent[14] R=47.4 exactJoint=2.44u pairs=30  (palette-wide exactWorst=10.36u)
[HANDS_ATTACH] mesh='hands_naked.mesh' owner='hands_naked.mesh' frame=4462 nb=38 wext=76.0 rebound=1
  TIER1 rest-coherence: worst=87.3deg bone[33]='bone_L-middlefinger03.mesh' count(>5deg)=34 freshRecap=0  xcheck(invOff-vs-restW) worst=87.3deg bone[33]
  TIER2 joint-attach(PRIMARY): worst=37.82u bone[13]='bone_R-hand.mesh' parent[5] R=49.4 exactJoint=0.33u pairs=30  (palette-wide exactWorst=3.91u)
[HANDS_ATTACH] mesh='hands_naked.mesh' owner='hands_naked.mesh' frame=4466 nb=40 wext=53.1 rebound=1
  TIER1 rest-coherence: worst=42.6deg bone[30]='bone_L-middlefinger03.mesh' count(>5deg)=36 freshRecap=0  xcheck(invOff-vs-restW) worst=42.6deg bone[30]
  TIER2 joint-attach(PRIMARY): worst=71.49u bone[0]='bone_R-middlefinger02.mesh' parent[4] R=37.3 exactJoint=0.00u pairs=36  (palette-wide exactWorst=4.07u)
[HANDS_ATTACH] mesh='hands_naked.mesh' owner='hands_naked.mesh' frame=4467 nb=38 wext=52.8 rebound=1
  TIER1 rest-coherence: worst=87.3deg bone[33]='bone_L-middlefinger03.mesh' count(>5deg)=34 freshRecap=0  xcheck(invOff-vs-restW) worst=87.3deg bone[33]
  TIER2 joint-attach(PRIMARY): worst=71.02u bone[18]='bone_R-pinky02.mesh' parent[14] R=47.4 exactJoint=2.44u pairs=30  (palette-wide exactWorst=10.36u)
[HANDS_ATTACH] mesh='hands_naked.mesh' owner='hands_naked.mesh' frame=4482 nb=38 wext=75.1 rebound=1
  TIER1 rest-coherence: worst=87.3deg bone[33]='bone_L-middlefinger03.mesh' count(>5deg)=34 freshRecap=0  xcheck(invOff-vs-restW) worst=87.3deg bone[33]
  TIER2 joint-attach(PRIMARY): worst=38.01u bone[13]='bone_R-hand.mesh' parent[5] R=49.4 exactJoint=0.33u pairs=30  (palette-wide exactWorst=3.65u)
[HANDS_ATTACH] mesh='hands_naked.mesh' owner='hands_naked.mesh' frame=4486 nb=40 wext=53.4 rebound=1
  TIER1 rest-coherence: worst=42.6deg bone[30]='bone_L-middlefinger03.mesh' count(>5deg)=36 freshRecap=0  xcheck(invOff-vs-restW) worst=42.6deg bone[30]
  TIER2 joint-attach(PRIMARY): worst=22.92u bone[32]='bone_L-thumb01.mesh' parent[20] R=38.3 exactJoint=0.00u pairs=36  (palette-wide exactWorst=0.04u)
[HANDS_ATTACH] mesh='hands_naked.mesh' owner='hands_naked.mesh' frame=4487 nb=38 wext=64.5 rebound=1
  TIER1 rest-coherence: worst=87.3deg bone[33]='bone_L-middlefinger03.mesh' count(>5deg)=34 freshRecap=0  xcheck(invOff-vs-restW) worst=87.3deg bone[33]
  TIER2 joint-attach(PRIMARY): worst=71.02u bone[18]='bone_R-pinky02.mesh' parent[14] R=47.4 exactJoint=2.44u pairs=30  (palette-wide exactWorst=10.36u)
[HANDS_ATTACH] mesh='hands_naked.mesh' owner='hands_naked.mesh' frame=4502 nb=38 wext=75.8 rebound=1
  TIER1 rest-coherence: worst=87.3deg bone[33]='bone_L-middlefinger03.mesh' count(>5deg)=34 freshRecap=0  xcheck(invOff-vs-restW) worst=87.3deg bone[33]
  TIER2 joint-attach(PRIMARY): worst=37.86u bone[13]='bone_R-hand.mesh' parent[5] R=49.4 exactJoint=0.33u pairs=30  (palette-wide exactWorst=3.25u)
[HANDS_ATTACH] mesh='hands_naked.mesh' owner='hands_naked.mesh' frame=4506 nb=40 wext=45.9 rebound=1
  TIER1 rest-coherence: worst=42.6deg bone[30]='bone_L-middlefinger03.mesh' count(>5deg)=36 freshRecap=0  xcheck(invOff-vs-restW) worst=42.6deg bone[30]
  TIER2 joint-attach(PRIMARY): worst=22.92u bone[32]='bone_L-thumb01.mesh' parent[20] R=38.3 exactJoint=0.00u pairs=36  (palette-wide exactWorst=0.04u)
[HANDS_ATTACH] mesh='hands_naked.mesh' owner='hands_naked.mesh' frame=4507 nb=38 wext=66.7 rebound=1
  TIER1 rest-coherence: worst=87.3deg bone[33]='bone_L-middlefinger03.mesh' count(>5deg)=34 freshRecap=0  xcheck(invOff-vs-restW) worst=87.3deg bone[33]
  TIER2 joint-attach(PRIMARY): worst=71.02u bone[18]='bone_R-pinky02.mesh' parent[14] R=47.4 exactJoint=2.44u pairs=30  (palette-wide exactWorst=10.36u)
[HANDS_ATTACH] mesh='hands_naked.mesh' owner='hands_naked.mesh' frame=4522 nb=38 wext=76.3 rebound=1
  TIER1 rest-coherence: worst=87.3deg bone[33]='bone_L-middlefinger03.mesh' count(>5deg)=34 freshRecap=0  xcheck(invOff-vs-restW) worst=87.3deg bone[33]
  TIER2 joint-attach(PRIMARY): worst=37.09u bone[13]='bone_R-hand.mesh' parent[5] R=49.4 exactJoint=0.33u pairs=30  (palette-wide exactWorst=2.91u)
[HANDS_ATTACH] mesh='hands_naked.mesh' owner='hands_naked.mesh' frame=4526 nb=40 wext=49.6 rebound=1
  TIER1 rest-coherence: worst=42.6deg bone[30]='bone_L-middlefinger03.mesh' count(>5deg)=36 freshRecap=0  xcheck(invOff-vs-restW) worst=42.6deg bone[30]
  TIER2 joint-attach(PRIMARY): worst=70.64u bone[5]='bone_R-ringfinger02.mesh' parent[24] R=37.9 exactJoint=0.00u pairs=36  (palette-wide exactWorst=4.97u)
[HANDS_ATTACH] mesh='hands_naked.mesh' owner='hands_naked.mesh' frame=4527 nb=38 wext=82.7 rebound=1
  TIER1 rest-coherence: worst=87.3deg bone[33]='bone_L-middlefinger03.mesh' count(>5deg)=34 freshRecap=0  xcheck(invOff-vs-restW) worst=87.3deg bone[33]
  TIER2 joint-attach(PRIMARY): worst=74.02u bone[18]='bone_R-pinky02.mesh' parent[14] R=47.4 exactJoint=0.32u pairs=30  (palette-wide exactWorst=10.05u)
[HANDS_ATTACH] mesh='hands_naked.mesh' owner='hands_naked.mesh' frame=4542 nb=38 wext=77.2 rebound=1
  TIER1 rest-coherence: worst=87.3deg bone[33]='bone_L-middlefinger03.mesh' count(>5deg)=34 freshRecap=0  xcheck(invOff-vs-restW) worst=87.3deg bone[33]
  TIER2 joint-attach(PRIMARY): worst=36.39u bone[13]='bone_R-hand.mesh' parent[5] R=49.4 exactJoint=0.33u pairs=30  (palette-wide exactWorst=2.81u)
[HANDS_ATTACH] mesh='hands_naked.mesh' owner='hands_naked.mesh' frame=4546 nb=40 wext=54.1 rebound=1
  TIER1 rest-coherence: worst=42.6deg bone[30]='bone_L-middlefinger03.mesh' count(>5deg)=36 freshRecap=0  xcheck(invOff-vs-restW) worst=42.6deg bone[30]
  TIER2 joint-attach(PRIMARY): worst=57.30u bone[13]='bone_R-pinky03.mesh' parent[9] R=37.9 exactJoint=0.00u pairs=36  (palette-wide exactWorst=3.45u)
[HANDS_ATTACH] mesh='hands_naked.mesh' owner='hands_naked.mesh' frame=4547 nb=38 wext=72.0 rebound=1
  TIER1 rest-coherence: worst=87.3deg bone[33]='bone_L-middlefinger03.mesh' count(>5deg)=34 freshRecap=0  xcheck(invOff-vs-restW) worst=87.3deg bone[33]
  TIER2 joint-attach(PRIMARY): worst=36.07u bone[13]='bone_R-hand.mesh' parent[5] R=49.4 exactJoint=0.00u pairs=30  (palette-wide exactWorst=0.00u)
[HANDS_ATTACH] mesh='hands_naked.mesh' owner='hands_naked.mesh' frame=4562 nb=38 wext=79.8 rebound=1
  TIER1 rest-coherence: worst=87.3deg bone[33]='bone_L-middlefinger03.mesh' count(>5deg)=34 freshRecap=0  xcheck(invOff-vs-restW) worst=87.3deg bone[33]
  TIER2 joint-attach(PRIMARY): worst=35.27u bone[13]='bone_R-hand.mesh' parent[5] R=49.4 exactJoint=0.33u pairs=30  (palette-wide exactWorst=2.80u)
[HANDS_ATTACH] mesh='hands_naked.mesh' owner='hands_naked.mesh' frame=4566 nb=40 wext=47.5 rebound=1
  TIER1 rest-coherence: worst=42.6deg bone[30]='bone_L-middlefinger03.mesh' count(>5deg)=36 freshRecap=0  xcheck(invOff-vs-restW) worst=42.6deg bone[30]
  TIER2 joint-attach(PRIMARY): worst=32.56u bone[4]='bone_R-middlefinger01.mesh' parent[1] R=38.2 exactJoint=0.00u pairs=36  (palette-wide exactWorst=0.04u)
[HANDS_ATTACH] mesh='hands_naked.mesh' owner='hands_naked.mesh' frame=4567 nb=38 wext=88.9 rebound=1
  TIER1 rest-coherence: worst=87.3deg bone[33]='bone_L-middlefinger03.mesh' count(>5deg)=34 freshRecap=0  xcheck(invOff-vs-restW) worst=87.3deg bone[33]
  TIER2 joint-attach(PRIMARY): worst=47.59u bone[13]='bone_R-hand.mesh' parent[5] R=49.4 exactJoint=0.00u pairs=30  (palette-wide exactWorst=0.00u)
[HANDS_ATTACH] mesh='hands_naked.mesh' owner='hands_naked.mesh' frame=4581 nb=38 wext=79.9 rebound=1
  TIER1 rest-coherence: worst=87.3deg bone[33]='bone_L-middlefinger03.mesh' count(>5deg)=34 freshRecap=0  xcheck(invOff-vs-restW) worst=87.3deg bone[33]
  TIER2 joint-attach(PRIMARY): worst=36.72u bone[13]='bone_R-hand.mesh' parent[5] R=49.4 exactJoint=0.33u pairs=30  (palette-wide exactWorst=2.87u)
[HANDS_ATTACH] mesh='hands_naked.mesh' owner='hands_naked.mesh' frame=4583 nb=40 wext=44.6 rebound=1
  TIER1 rest-coherence: worst=42.6deg bone[30]='bone_L-middlefinger03.mesh' count(>5deg)=36 freshRecap=0  xcheck(invOff-vs-restW) worst=42.6deg bone[30]
  TIER2 joint-attach(PRIMARY): worst=26.97u bone[4]='bone_R-middlefinger01.mesh' parent[1] R=38.2 exactJoint=0.00u pairs=36  (palette-wide exactWorst=0.04u)
[HANDS_ATTACH] mesh='hands_naked.mesh' owner='hands_naked.mesh' frame=4584 nb=38 wext=87.5 rebound=1
  TIER1 rest-coherence: worst=87.3deg bone[33]='bone_L-middlefinger03.mesh' count(>5deg)=34 freshRecap=0  xcheck(invOff-vs-restW) worst=87.3deg bone[33]
  TIER2 joint-attach(PRIMARY): worst=54.29u bone[13]='bone_R-hand.mesh' parent[5] R=49.4 exactJoint=0.00u pairs=30  (palette-wide exactWorst=0.42u)
[HANDS_ATTACH] mesh='hands_naked.mesh' owner='hands_naked.mesh' frame=4591 nb=38 wext=79.8 rebound=1
  TIER1 rest-coherence: worst=87.3deg bone[33]='bone_L-middlefinger03.mesh' count(>5deg)=34 freshRecap=0  xcheck(invOff-vs-restW) worst=87.3deg bone[33]
  TIER2 joint-attach(PRIMARY): worst=36.53u bone[13]='bone_R-hand.mesh' parent[5] R=49.4 exactJoint=0.33u pairs=30  (palette-wide exactWorst=2.93u)
[HANDS_ATTACH] mesh='hands_naked.mesh' owner='hands_naked.mesh' frame=4593 nb=40 wext=44.4 rebound=1
  TIER1 rest-coherence: worst=42.6deg bone[30]='bone_L-middlefinger03.mesh' count(>5deg)=36 freshRecap=0  xcheck(invOff-vs-restW) worst=42.6deg bone[30]
  TIER2 joint-attach(PRIMARY): worst=39.91u bone[16]='bone_R-thumb01.mesh' parent[1] R=38.3 exactJoint=0.00u pairs=36  (palette-wide exactWorst=0.04u)
[HANDS_ATTACH] mesh='hands_naked.mesh' owner='hands_naked.mesh' frame=4594 nb=38 wext=83.9 rebound=1
  TIER1 rest-coherence: worst=87.3deg bone[33]='bone_L-middlefinger03.mesh' count(>5deg)=34 freshRecap=0  xcheck(invOff-vs-restW) worst=87.3deg bone[33]
  TIER2 joint-attach(PRIMARY): worst=65.50u bone[13]='bone_R-hand.mesh' parent[5] R=49.4 exactJoint=0.00u pairs=30  (palette-wide exactWorst=2.01u)
[HANDS_ATTACH] mesh='hands_naked.mesh' owner='hands_naked.mesh' frame=4601 nb=38 wext=80.0 rebound=1
  TIER1 rest-coherence: worst=87.3deg bone[33]='bone_L-middlefinger03.mesh' count(>5deg)=34 freshRecap=0  xcheck(invOff-vs-restW) worst=87.3deg bone[33]
  TIER2 joint-attach(PRIMARY): worst=37.46u bone[13]='bone_R-hand.mesh' parent[5] R=49.4 exactJoint=0.33u pairs=30  (palette-wide exactWorst=3.26u)
[HANDS_ATTACH] mesh='hands_naked.mesh' owner='hands_naked.mesh' frame=4603 nb=40 wext=44.1 rebound=1
  TIER1 rest-coherence: worst=42.6deg bone[30]='bone_L-middlefinger03.mesh' count(>5deg)=36 freshRecap=0  xcheck(invOff-vs-restW) worst=42.6deg bone[30]
  TIER2 joint-attach(PRIMARY): worst=51.60u bone[16]='bone_R-thumb01.mesh' parent[1] R=38.3 exactJoint=0.00u pairs=36  (palette-wide exactWorst=1.41u)
[HANDS_ATTACH] mesh='hands_naked.mesh' owner='hands_naked.mesh' frame=4604 nb=38 wext=82.4 rebound=1
  TIER1 rest-coherence: worst=87.3deg bone[33]='bone_L-middlefinger03.mesh' count(>5deg)=34 freshRecap=0  xcheck(invOff-vs-restW) worst=87.3deg bone[33]
  TIER2 joint-attach(PRIMARY): worst=65.93u bone[13]='bone_R-hand.mesh' parent[5] R=49.4 exactJoint=0.00u pairs=30  (palette-wide exactWorst=5.50u)
[HANDS_ATTACH] mesh='hands_naked.mesh' owner='hands_naked.mesh' frame=4611 nb=38 wext=78.9 rebound=1
  TIER1 rest-coherence: worst=87.3deg bone[33]='bone_L-middlefinger03.mesh' count(>5deg)=34 freshRecap=0  xcheck(invOff-vs-restW) worst=87.3deg bone[33]
  TIER2 joint-attach(PRIMARY): worst=37.52u bone[13]='bone_R-hand.mesh' parent[5] R=49.4 exactJoint=0.33u pairs=30  (palette-wide exactWorst=3.48u)
[HANDS_ATTACH] mesh='hands_naked.mesh' owner='hands_naked.mesh' frame=4613 nb=40 wext=45.9 rebound=1
  TIER1 rest-coherence: worst=42.6deg bone[30]='bone_L-middlefinger03.mesh' count(>5deg)=36 freshRecap=0  xcheck(invOff-vs-restW) worst=42.6deg bone[30]
  TIER2 joint-attach(PRIMARY): worst=52.07u bone[16]='bone_R-thumb01.mesh' parent[1] R=38.3 exactJoint=0.00u pairs=36  (palette-wide exactWorst=1.52u)
[HANDS_ATTACH] mesh='hands_naked.mesh' owner='hands_naked.mesh' frame=4614 nb=38 wext=83.8 rebound=1
  TIER1 rest-coherence: worst=87.3deg bone[33]='bone_L-middlefinger03.mesh' count(>5deg)=34 freshRecap=0  xcheck(invOff-vs-restW) worst=87.3deg bone[33]
  TIER2 joint-attach(PRIMARY): worst=47.48u bone[9]='bone_R-thumb01.mesh' parent[13] R=48.5 exactJoint=0.00u pairs=30  (palette-wide exactWorst=0.00u)
[HANDS_ATTACH] mesh='hands_naked.mesh' owner='hands_naked.mesh' frame=4621 nb=38 wext=77.3 rebound=1
  TIER1 rest-coherence: worst=87.3deg bone[33]='bone_L-middlefinger03.mesh' count(>5deg)=34 freshRecap=0  xcheck(invOff-vs-restW) worst=87.3deg bone[33]
  TIER2 joint-attach(PRIMARY): worst=37.68u bone[13]='bone_R-hand.mesh' parent[5] R=49.4 exactJoint=0.33u pairs=30  (palette-wide exactWorst=3.61u)
[HANDS_ATTACH] mesh='hands_naked.mesh' owner='hands_naked.mesh' frame=4623 nb=40 wext=49.2 rebound=1
  TIER1 rest-coherence: worst=42.6deg bone[30]='bone_L-middlefinger03.mesh' count(>5deg)=36 freshRecap=0  xcheck(invOff-vs-restW) worst=42.6deg bone[30]
  TIER2 joint-attach(PRIMARY): worst=42.80u bone[16]='bone_R-thumb01.mesh' parent[1] R=38.3 exactJoint=0.00u pairs=36  (palette-wide exactWorst=0.04u)
[HANDS_ATTACH] mesh='hands_naked.mesh' owner='hands_naked.mesh' frame=4624 nb=38 wext=77.3 rebound=1
  TIER1 rest-coherence: worst=87.3deg bone[33]='bone_L-middlefinger03.mesh' count(>5deg)=34 freshRecap=0  xcheck(invOff-vs-restW) worst=87.3deg bone[33]
  TIER2 joint-attach(PRIMARY): worst=54.65u bone[9]='bone_R-thumb01.mesh' parent[13] R=48.5 exactJoint=0.00u pairs=30  (palette-wide exactWorst=0.00u)
[HANDS_ATTACH] mesh='hands_naked.mesh' owner='hands_naked.mesh' frame=4631 nb=38 wext=76.3 rebound=1
  TIER1 rest-coherence: worst=87.3deg bone[33]='bone_L-middlefinger03.mesh' count(>5deg)=34 freshRecap=0  xcheck(invOff-vs-restW) worst=87.3deg bone[33]
  TIER2 joint-attach(PRIMARY): worst=37.76u bone[13]='bone_R-hand.mesh' parent[5] R=49.4 exactJoint=0.33u pairs=30  (palette-wide exactWorst=3.81u)
[HANDS_ATTACH] mesh='hands_naked.mesh' owner='hands_naked.mesh' frame=4633 nb=40 wext=59.5 rebound=1
  TIER1 rest-coherence: worst=42.6deg bone[30]='bone_L-middlefinger03.mesh' count(>5deg)=36 freshRecap=0  xcheck(invOff-vs-restW) worst=42.6deg bone[30]
  TIER2 joint-attach(PRIMARY): worst=29.30u bone[16]='bone_R-thumb01.mesh' parent[1] R=38.3 exactJoint=0.00u pairs=36  (palette-wide exactWorst=0.04u)
[HANDS_ATTACH] mesh='hands_naked.mesh' owner='hands_naked.mesh' frame=4634 nb=38 wext=60.3 rebound=1
  TIER1 rest-coherence: worst=87.3deg bone[33]='bone_L-middlefinger03.mesh' count(>5deg)=34 freshRecap=0  xcheck(invOff-vs-restW) worst=87.3deg bone[33]
  TIER2 joint-attach(PRIMARY): worst=59.54u bone[18]='bone_R-pinky02.mesh' parent[14] R=47.4 exactJoint=0.00u pairs=30  (palette-wide exactWorst=4.52u)
[HANDS_ATTACH] mesh='hands_naked.mesh' owner='hands_naked.mesh' frame=4641 nb=38 wext=74.6 rebound=1
  TIER1 rest-coherence: worst=87.3deg bone[33]='bone_L-middlefinger03.mesh' count(>5deg)=34 freshRecap=0  xcheck(invOff-vs-restW) worst=87.3deg bone[33]
  TIER2 joint-attach(PRIMARY): worst=40.07u bone[13]='bone_R-hand.mesh' parent[5] R=49.4 exactJoint=0.33u pairs=30  (palette-wide exactWorst=3.58u)
[HANDS_ATTACH] mesh='hands_naked.mesh' owner='hands_naked.mesh' frame=4643 nb=40 wext=63.6 rebound=1
  TIER1 rest-coherence: worst=42.6deg bone[30]='bone_L-middlefinger03.mesh' count(>5deg)=36 freshRecap=0  xcheck(invOff-vs-restW) worst=42.6deg bone[30]
  TIER2 joint-attach(PRIMARY): worst=31.39u bone[4]='bone_R-middlefinger01.mesh' parent[1] R=38.2 exactJoint=0.00u pairs=36  (palette-wide exactWorst=0.04u)
[HANDS_ATTACH] mesh='hands_naked.mesh' owner='hands_naked.mesh' frame=4644 nb=38 wext=63.8 rebound=1
  TIER1 rest-coherence: worst=87.3deg bone[33]='bone_L-middlefinger03.mesh' count(>5deg)=34 freshRecap=0  xcheck(invOff-vs-restW) worst=87.3deg bone[33]
  TIER2 joint-attach(PRIMARY): worst=71.02u bone[18]='bone_R-pinky02.mesh' parent[14] R=47.4 exactJoint=2.44u pairs=30  (palette-wide exactWorst=10.36u)
[HANDS_ATTACH] mesh='hands_naked.mesh' owner='hands_naked.mesh' frame=4651 nb=38 wext=73.6 rebound=1
  TIER1 rest-coherence: worst=87.3deg bone[33]='bone_L-middlefinger03.mesh' count(>5deg)=34 freshRecap=0  xcheck(invOff-vs-restW) worst=87.3deg bone[33]
  TIER2 joint-attach(PRIMARY): worst=36.93u bone[13]='bone_R-hand.mesh' parent[5] R=49.4 exactJoint=0.33u pairs=30  (palette-wide exactWorst=3.11u)
[HANDS_ATTACH] mesh='hands_naked.mesh' owner='hands_naked.mesh' frame=4653 nb=40 wext=64.1 rebound=1
  TIER1 rest-coherence: worst=42.6deg bone[30]='bone_L-middlefinger03.mesh' count(>5deg)=36 freshRecap=0  xcheck(invOff-vs-restW) worst=42.6deg bone[30]
  TIER2 joint-attach(PRIMARY): worst=33.71u bone[4]='bone_R-middlefinger01.mesh' parent[1] R=38.2 exactJoint=0.00u pairs=36  (palette-wide exactWorst=0.04u)
[HANDS_ATTACH] mesh='hands_naked.mesh' owner='hands_naked.mesh' frame=4654 nb=38 wext=62.8 rebound=1
  TIER1 rest-coherence: worst=87.3deg bone[33]='bone_L-middlefinger03.mesh' count(>5deg)=34 freshRecap=0  xcheck(invOff-vs-restW) worst=87.3deg bone[33]
  TIER2 joint-attach(PRIMARY): worst=71.02u bone[18]='bone_R-pinky02.mesh' parent[14] R=47.4 exactJoint=2.44u pairs=30  (palette-wide exactWorst=10.36u)
[HANDS_ATTACH] mesh='hands_naked.mesh' owner='hands_naked.mesh' frame=4661 nb=38 wext=74.2 rebound=1
  TIER1 rest-coherence: worst=87.3deg bone[33]='bone_L-middlefinger03.mesh' count(>5deg)=34 freshRecap=0  xcheck(invOff-vs-restW) worst=87.3deg bone[33]
  TIER2 joint-attach(PRIMARY): worst=33.01u bone[18]='bone_R-pinky02.mesh' parent[14] R=47.4 exactJoint=0.00u pairs=30  (palette-wide exactWorst=3.17u)
[HANDS_ATTACH] mesh='hands_naked.mesh' owner='hands_naked.mesh' frame=4663 nb=40 wext=63.7 rebound=1
  TIER1 rest-coherence: worst=42.6deg bone[30]='bone_L-middlefinger03.mesh' count(>5deg)=36 freshRecap=0  xcheck(invOff-vs-restW) worst=42.6deg bone[30]
  TIER2 joint-attach(PRIMARY): worst=34.46u bone[4]='bone_R-middlefinger01.mesh' parent[1] R=38.2 exactJoint=0.00u pairs=36  (palette-wide exactWorst=0.04u)
[HANDS_ATTACH] mesh='hands_naked.mesh' owner='hands_naked.mesh' frame=4664 nb=38 wext=59.5 rebound=1
  TIER1 rest-coherence: worst=87.3deg bone[33]='bone_L-middlefinger03.mesh' count(>5deg)=34 freshRecap=0  xcheck(invOff-vs-restW) worst=87.3deg bone[33]
  TIER2 joint-attach(PRIMARY): worst=71.02u bone[18]='bone_R-pinky02.mesh' parent[14] R=47.4 exactJoint=2.44u pairs=30  (palette-wide exactWorst=10.36u)
[HANDS_ATTACH] mesh='hands_naked.mesh' owner='hands_naked.mesh' frame=4671 nb=38 wext=71.0 rebound=1
  TIER1 rest-coherence: worst=87.3deg bone[33]='bone_L-middlefinger03.mesh' count(>5deg)=34 freshRecap=0  xcheck(invOff-vs-restW) worst=87.3deg bone[33]
  TIER2 joint-attach(PRIMARY): worst=33.49u bone[26]='bone_L-middlefinger02.mesh' parent[23] R=47.1 exactJoint=0.00u pairs=30  (palette-wide exactWorst=4.48u)
[HANDS_ATTACH] mesh='hands_naked.mesh' owner='hands_naked.mesh' frame=4673 nb=40 wext=60.7 rebound=1
  TIER1 rest-coherence: worst=42.6deg bone[30]='bone_L-middlefinger03.mesh' count(>5deg)=36 freshRecap=0  xcheck(invOff-vs-restW) worst=42.6deg bone[30]
  TIER2 joint-attach(PRIMARY): worst=34.32u bone[4]='bone_R-middlefinger01.mesh' parent[1] R=38.2 exactJoint=0.00u pairs=36  (palette-wide exactWorst=0.04u)
[HANDS_ATTACH] mesh='hands_naked.mesh' owner='hands_naked.mesh' frame=4674 nb=38 wext=66.7 rebound=1
  TIER1 rest-coherence: worst=87.3deg bone[33]='bone_L-middlefinger03.mesh' count(>5deg)=34 freshRecap=0  xcheck(invOff-vs-restW) worst=87.3deg bone[33]
  TIER2 joint-attach(PRIMARY): worst=73.18u bone[18]='bone_R-pinky02.mesh' parent[14] R=47.4 exactJoint=0.07u pairs=30  (palette-wide exactWorst=9.49u)
[HANDS_ATTACH] mesh='hands_naked.mesh' owner='hands_naked.mesh' frame=4681 nb=38 wext=65.3 rebound=1
  TIER1 rest-coherence: worst=87.3deg bone[33]='bone_L-middlefinger03.mesh' count(>5deg)=34 freshRecap=0  xcheck(invOff-vs-restW) worst=87.3deg bone[33]
  TIER2 joint-attach(PRIMARY): worst=34.31u bone[26]='bone_L-middlefinger02.mesh' parent[23] R=47.1 exactJoint=0.00u pairs=30  (palette-wide exactWorst=5.49u)
[HANDS_ATTACH] mesh='hands_naked.mesh' owner='hands_naked.mesh' frame=4683 nb=40 wext=54.9 rebound=1
  TIER1 rest-coherence: worst=42.6deg bone[30]='bone_L-middlefinger03.mesh' count(>5deg)=36 freshRecap=0  xcheck(invOff-vs-restW) worst=42.6deg bone[30]
  TIER2 joint-attach(PRIMARY): worst=33.82u bone[4]='bone_R-middlefinger01.mesh' parent[1] R=38.2 exactJoint=0.00u pairs=36  (palette-wide exactWorst=0.04u)
[HANDS_ATTACH] mesh='hands_naked.mesh' owner='hands_naked.mesh' frame=4684 nb=38 wext=75.0 rebound=1
  TIER1 rest-coherence: worst=87.3deg bone[33]='bone_L-middlefinger03.mesh' count(>5deg)=34 freshRecap=0  xcheck(invOff-vs-restW) worst=87.3deg bone[33]
  TIER2 joint-attach(PRIMARY): worst=63.77u bone[29]='bone_L-hand.mesh' parent[22] R=49.4 exactJoint=0.00u pairs=30  (palette-wide exactWorst=0.00u)
[HANDS_ATTACH] mesh='hands_naked.mesh' owner='hands_naked.mesh' frame=4691 nb=38 wext=65.1 rebound=1
  TIER1 rest-coherence: worst=87.3deg bone[33]='bone_L-middlefinger03.mesh' count(>5deg)=34 freshRecap=0  xcheck(invOff-vs-restW) worst=87.3deg bone[33]
  TIER2 joint-attach(PRIMARY): worst=34.22u bone[26]='bone_L-middlefinger02.mesh' parent[23] R=47.1 exactJoint=0.00u pairs=30  (palette-wide exactWorst=5.71u)
[HANDS_ATTACH] mesh='hands_naked.mesh' owner='hands_naked.mesh' frame=4693 nb=40 wext=51.4 rebound=1
  TIER1 rest-coherence: worst=42.6deg bone[30]='bone_L-middlefinger03.mesh' count(>5deg)=36 freshRecap=0  xcheck(invOff-vs-restW) worst=42.6deg bone[30]
  TIER2 joint-attach(PRIMARY): worst=33.45u bone[4]='bone_R-middlefinger01.mesh' parent[1] R=38.2 exactJoint=0.00u pairs=36  (palette-wide exactWorst=0.04u)
[HANDS_ATTACH] mesh='hands_naked.mesh' owner='hands_naked.mesh' frame=4694 nb=38 wext=72.7 rebound=1
  TIER1 rest-coherence: worst=87.3deg bone[33]='bone_L-middlefinger03.mesh' count(>5deg)=34 freshRecap=0  xcheck(invOff-vs-restW) worst=87.3deg bone[33]
  TIER2 joint-attach(PRIMARY): worst=68.46u bone[29]='bone_L-hand.mesh' parent[22] R=49.4 exactJoint=0.00u pairs=30  (palette-wide exactWorst=0.00u)
[HANDS_ATTACH] mesh='hands_naked.mesh' owner='hands_naked.mesh' frame=4701 nb=38 wext=62.6 rebound=1
  TIER1 rest-coherence: worst=87.3deg bone[33]='bone_L-middlefinger03.mesh' count(>5deg)=34 freshRecap=0  xcheck(invOff-vs-restW) worst=87.3deg bone[33]
  TIER2 joint-attach(PRIMARY): worst=33.95u bone[26]='bone_L-middlefinger02.mesh' parent[23] R=47.1 exactJoint=0.00u pairs=30  (palette-wide exactWorst=5.56u)
[HANDS_ATTACH] mesh='hands_naked.mesh' owner='hands_naked.mesh' frame=4703 nb=40 wext=51.6 rebound=1
  TIER1 rest-coherence: worst=42.6deg bone[30]='bone_L-middlefinger03.mesh' count(>5deg)=36 freshRecap=0  xcheck(invOff-vs-restW) worst=42.6deg bone[30]
  TIER2 joint-attach(PRIMARY): worst=33.47u bone[4]='bone_R-middlefinger01.mesh' parent[1] R=38.2 exactJoint=0.00u pairs=36  (palette-wide exactWorst=0.04u)
[HANDS_ATTACH] mesh='hands_naked.mesh' owner='hands_naked.mesh' frame=4704 nb=38 wext=63.4 rebound=1
  TIER1 rest-coherence: worst=87.3deg bone[33]='bone_L-middlefinger03.mesh' count(>5deg)=34 freshRecap=0  xcheck(invOff-vs-restW) worst=87.3deg bone[33]
  TIER2 joint-attach(PRIMARY): worst=55.93u bone[29]='bone_L-hand.mesh' parent[22] R=49.4 exactJoint=0.00u pairs=30  (palette-wide exactWorst=0.00u)
[HANDS_ATTACH] mesh='hands_naked.mesh' owner='hands_naked.mesh' frame=4711 nb=38 wext=67.2 rebound=1
  TIER1 rest-coherence: worst=87.3deg bone[33]='bone_L-middlefinger03.mesh' count(>5deg)=34 freshRecap=0  xcheck(invOff-vs-restW) worst=87.3deg bone[33]
  TIER2 joint-attach(PRIMARY): worst=37.91u bone[13]='bone_R-hand.mesh' parent[5] R=49.4 exactJoint=0.33u pairs=30  (palette-wide exactWorst=3.65u)
[HANDS_ATTACH] mesh='hands_naked.mesh' owner='hands_naked.mesh' frame=4713 nb=40 wext=53.9 rebound=1
  TIER1 rest-coherence: worst=42.6deg bone[30]='bone_L-middlefinger03.mesh' count(>5deg)=36 freshRecap=0  xcheck(invOff-vs-restW) worst=42.6deg bone[30]
  TIER2 joint-attach(PRIMARY): worst=33.58u bone[4]='bone_R-middlefinger01.mesh' parent[1] R=38.2 exactJoint=0.00u pairs=36  (palette-wide exactWorst=0.04u)
[HANDS_ATTACH] mesh='hands_naked.mesh' owner='hands_naked.mesh' frame=4714 nb=38 wext=70.6 rebound=1
  TIER1 rest-coherence: worst=87.3deg bone[33]='bone_L-middlefinger03.mesh' count(>5deg)=34 freshRecap=0  xcheck(invOff-vs-restW) worst=87.3deg bone[33]
  TIER2 joint-attach(PRIMARY): worst=59.80u bone[29]='bone_L-hand.mesh' parent[22] R=49.4 exactJoint=0.00u pairs=30  (palette-wide exactWorst=0.00u)
[HANDS_ATTACH] mesh='hands_naked.mesh' owner='hands_naked.mesh' frame=4721 nb=38 wext=68.2 rebound=1
  TIER1 rest-coherence: worst=87.3deg bone[33]='bone_L-middlefinger03.mesh' count(>5deg)=34 freshRecap=0  xcheck(invOff-vs-restW) worst=87.3deg bone[33]
  TIER2 joint-attach(PRIMARY): worst=38.21u bone[13]='bone_R-hand.mesh' parent[5] R=49.4 exactJoint=0.33u pairs=30  (palette-wide exactWorst=3.02u)
[HANDS_ATTACH] mesh='hands_naked.mesh' owner='hands_naked.mesh' frame=4723 nb=40 wext=55.0 rebound=1
  TIER1 rest-coherence: worst=42.6deg bone[30]='bone_L-middlefinger03.mesh' count(>5deg)=36 freshRecap=0  xcheck(invOff-vs-restW) worst=42.6deg bone[30]
  TIER2 joint-attach(PRIMARY): worst=34.20u bone[4]='bone_R-middlefinger01.mesh' parent[1] R=38.2 exactJoint=0.00u pairs=36  (palette-wide exactWorst=0.04u)
[HANDS_ATTACH] mesh='hands_naked.mesh' owner='hands_naked.mesh' frame=4724 nb=38 wext=78.8 rebound=1
  TIER1 rest-coherence: worst=87.3deg bone[33]='bone_L-middlefinger03.mesh' count(>5deg)=34 freshRecap=0  xcheck(invOff-vs-restW) worst=87.3deg bone[33]
  TIER2 joint-attach(PRIMARY): worst=60.57u bone[29]='bone_L-hand.mesh' parent[22] R=49.4 exactJoint=0.00u pairs=30  (palette-wide exactWorst=0.00u)
[HANDS_ATTACH] mesh='hands_naked.mesh' owner='hands_naked.mesh' frame=4731 nb=38 wext=66.2 rebound=1
  TIER1 rest-coherence: worst=87.3deg bone[33]='bone_L-middlefinger03.mesh' count(>5deg)=34 freshRecap=0  xcheck(invOff-vs-restW) worst=87.3deg bone[33]
  TIER2 joint-attach(PRIMARY): worst=35.34u bone[13]='bone_R-hand.mesh' parent[5] R=49.4 exactJoint=0.33u pairs=30  (palette-wide exactWorst=3.57u)
[HANDS_ATTACH] mesh='hands_naked.mesh' owner='hands_naked.mesh' frame=4733 nb=40 wext=56.5 rebound=1
  TIER1 rest-coherence: worst=42.6deg bone[30]='bone_L-middlefinger03.mesh' count(>5deg)=36 freshRecap=0  xcheck(invOff-vs-restW) worst=42.6deg bone[30]
  TIER2 joint-attach(PRIMARY): worst=34.19u bone[4]='bone_R-middlefinger01.mesh' parent[1] R=38.2 exactJoint=0.00u pairs=36  (palette-wide exactWorst=0.04u)
[HANDS_ATTACH] mesh='hands_naked.mesh' owner='hands_naked.mesh' frame=4734 nb=38 wext=76.4 rebound=1
  TIER1 rest-coherence: worst=87.3deg bone[33]='bone_L-middlefinger03.mesh' count(>5deg)=34 freshRecap=0  xcheck(invOff-vs-restW) worst=87.3deg bone[33]
  TIER2 joint-attach(PRIMARY): worst=54.75u bone[29]='bone_L-hand.mesh' parent[22] R=49.4 exactJoint=0.00u pairs=30  (palette-wide exactWorst=0.00u)
[HANDS_ATTACH] mesh='hands_naked.mesh' owner='hands_naked.mesh' frame=4741 nb=38 wext=71.0 rebound=1
  TIER1 rest-coherence: worst=87.3deg bone[33]='bone_L-middlefinger03.mesh' count(>5deg)=34 freshRecap=0  xcheck(invOff-vs-restW) worst=87.3deg bone[33]
  TIER2 joint-attach(PRIMARY): worst=34.39u bone[13]='bone_R-hand.mesh' parent[5] R=49.4 exactJoint=0.33u pairs=30  (palette-wide exactWorst=3.54u)
[HANDS_ATTACH] mesh='hands_naked.mesh' owner='hands_naked.mesh' frame=4743 nb=40 wext=59.3 rebound=1
  TIER1 rest-coherence: worst=42.6deg bone[30]='bone_L-middlefinger03.mesh' count(>5deg)=36 freshRecap=0  xcheck(invOff-vs-restW) worst=42.6deg bone[30]
  TIER2 joint-attach(PRIMARY): worst=33.88u bone[4]='bone_R-middlefinger01.mesh' parent[1] R=38.2 exactJoint=0.00u pairs=36  (palette-wide exactWorst=0.04u)
[HANDS_ATTACH] mesh='hands_naked.mesh' owner='hands_naked.mesh' frame=4744 nb=38 wext=76.7 rebound=1
  TIER1 rest-coherence: worst=87.3deg bone[33]='bone_L-middlefinger03.mesh' count(>5deg)=34 freshRecap=0  xcheck(invOff-vs-restW) worst=87.3deg bone[33]
  TIER2 joint-attach(PRIMARY): worst=55.50u bone[29]='bone_L-hand.mesh' parent[22] R=49.4 exactJoint=0.00u pairs=30  (palette-wide exactWorst=0.00u)
[HANDS_ATTACH] mesh='hands_naked.mesh' owner='hands_naked.mesh' frame=4751 nb=38 wext=69.6 rebound=1
  TIER1 rest-coherence: worst=87.3deg bone[33]='bone_L-middlefinger03.mesh' count(>5deg)=34 freshRecap=0  xcheck(invOff-vs-restW) worst=87.3deg bone[33]
  TIER2 joint-attach(PRIMARY): worst=33.40u bone[13]='bone_R-hand.mesh' parent[5] R=49.4 exactJoint=0.33u pairs=30  (palette-wide exactWorst=3.96u)
[HANDS_ATTACH] mesh='hands_naked.mesh' owner='hands_naked.mesh' frame=4753 nb=40 wext=59.6 rebound=1
  TIER1 rest-coherence: worst=42.6deg bone[30]='bone_L-middlefinger03.mesh' count(>5deg)=36 freshRecap=0  xcheck(invOff-vs-restW) worst=42.6deg bone[30]
  TIER2 joint-attach(PRIMARY): worst=33.74u bone[4]='bone_R-middlefinger01.mesh' parent[1] R=38.2 exactJoint=0.00u pairs=36  (palette-wide exactWorst=0.04u)
[HANDS_ATTACH] mesh='hands_naked.mesh' owner='hands_naked.mesh' frame=4754 nb=38 wext=71.2 rebound=1
  TIER1 rest-coherence: worst=87.3deg bone[33]='bone_L-middlefinger03.mesh' count(>5deg)=34 freshRecap=0  xcheck(invOff-vs-restW) worst=87.3deg bone[33]
  TIER2 joint-attach(PRIMARY): worst=49.61u bone[29]='bone_L-hand.mesh' parent[22] R=49.4 exactJoint=0.00u pairs=30  (palette-wide exactWorst=0.00u)
[HANDS_ATTACH] mesh='hands_naked.mesh' owner='hands_naked.mesh' frame=4761 nb=38 wext=67.1 rebound=1
  TIER1 rest-coherence: worst=87.3deg bone[33]='bone_L-middlefinger03.mesh' count(>5deg)=34 freshRecap=0  xcheck(invOff-vs-restW) worst=87.3deg bone[33]
  TIER2 joint-attach(PRIMARY): worst=33.22u bone[26]='bone_L-middlefinger02.mesh' parent[23] R=47.1 exactJoint=0.00u pairs=30  (palette-wide exactWorst=4.28u)
[HANDS_ATTACH] mesh='hands_naked.mesh' owner='hands_naked.mesh' frame=4763 nb=40 wext=58.4 rebound=1
  TIER1 rest-coherence: worst=42.6deg bone[30]='bone_L-middlefinger03.mesh' count(>5deg)=36 freshRecap=0  xcheck(invOff-vs-restW) worst=42.6deg bone[30]
  TIER2 joint-attach(PRIMARY): worst=33.68u bone[4]='bone_R-middlefinger01.mesh' parent[1] R=38.2 exactJoint=0.00u pairs=36  (palette-wide exactWorst=0.04u)
[HANDS_ATTACH] mesh='hands_naked.mesh' owner='hands_naked.mesh' frame=4764 nb=38 wext=72.0 rebound=1
  TIER1 rest-coherence: worst=87.3deg bone[33]='bone_L-middlefinger03.mesh' count(>5deg)=34 freshRecap=0  xcheck(invOff-vs-restW) worst=87.3deg bone[33]
  TIER2 joint-attach(PRIMARY): worst=47.64u bone[29]='bone_L-hand.mesh' parent[22] R=49.4 exactJoint=0.00u pairs=30  (palette-wide exactWorst=0.00u)
[HANDS_ATTACH] mesh='hands_naked.mesh' owner='hands_naked.mesh' frame=4771 nb=38 wext=67.3 rebound=1
  TIER1 rest-coherence: worst=87.3deg bone[33]='bone_L-middlefinger03.mesh' count(>5deg)=34 freshRecap=0  xcheck(invOff-vs-restW) worst=87.3deg bone[33]
  TIER2 joint-attach(PRIMARY): worst=33.08u bone[26]='bone_L-middlefinger02.mesh' parent[23] R=47.1 exactJoint=0.00u pairs=30  (palette-wide exactWorst=4.10u)
[HANDS_ATTACH] mesh='hands_naked.mesh' owner='hands_naked.mesh' frame=4773 nb=40 wext=55.9 rebound=1
  TIER1 rest-coherence: worst=42.6deg bone[30]='bone_L-middlefinger03.mesh' count(>5deg)=36 freshRecap=0  xcheck(invOff-vs-restW) worst=42.6deg bone[30]
  TIER2 joint-attach(PRIMARY): worst=33.64u bone[4]='bone_R-middlefinger01.mesh' parent[1] R=38.2 exactJoint=0.00u pairs=36  (palette-wide exactWorst=0.04u)
[HANDS_ATTACH] mesh='hands_naked.mesh' owner='hands_naked.mesh' frame=4774 nb=38 wext=73.2 rebound=1
  TIER1 rest-coherence: worst=87.3deg bone[33]='bone_L-middlefinger03.mesh' count(>5deg)=34 freshRecap=0  xcheck(invOff-vs-restW) worst=87.3deg bone[33]
  TIER2 joint-attach(PRIMARY): worst=40.99u bone[29]='bone_L-hand.mesh' parent[22] R=49.4 exactJoint=0.00u pairs=30  (palette-wide exactWorst=0.00u)
[HANDS_ATTACH] mesh='hands_naked.mesh' owner='hands_naked.mesh' frame=4781 nb=38 wext=67.7 rebound=1
  TIER1 rest-coherence: worst=87.3deg bone[33]='bone_L-middlefinger03.mesh' count(>5deg)=34 freshRecap=0  xcheck(invOff-vs-restW) worst=87.3deg bone[33]
  TIER2 joint-attach(PRIMARY): worst=32.97u bone[18]='bone_R-pinky02.mesh' parent[14] R=47.4 exactJoint=0.00u pairs=30  (palette-wide exactWorst=3.79u)
[HANDS_ATTACH] mesh='hands_naked.mesh' owner='hands_naked.mesh' frame=4783 nb=40 wext=51.9 rebound=1
  TIER1 rest-coherence: worst=42.6deg bone[30]='bone_L-middlefinger03.mesh' count(>5deg)=36 freshRecap=0  xcheck(invOff-vs-restW) worst=42.6deg bone[30]
  TIER2 joint-attach(PRIMARY): worst=25.56u bone[4]='bone_R-middlefinger01.mesh' parent[1] R=38.2 exactJoint=0.00u pairs=36  (palette-wide exactWorst=0.04u)
[HANDS_ATTACH] mesh='hands_naked.mesh' owner='hands_naked.mesh' frame=4784 nb=38 wext=64.4 rebound=1
  TIER1 rest-coherence: worst=87.3deg bone[33]='bone_L-middlefinger03.mesh' count(>5deg)=34 freshRecap=0  xcheck(invOff-vs-restW) worst=87.3deg bone[33]
  TIER2 joint-attach(PRIMARY): worst=31.66u bone[33]='bone_L-middlefinger03.mesh' parent[26] R=47.0 exactJoint=0.00u pairs=30  (palette-wide exactWorst=0.00u)
[HANDS_ATTACH] mesh='hands_naked.mesh' owner='hands_naked.mesh' frame=4791 nb=38 wext=68.1 rebound=1
  TIER1 rest-coherence: worst=87.3deg bone[33]='bone_L-middlefinger03.mesh' count(>5deg)=34 freshRecap=0  xcheck(invOff-vs-restW) worst=87.3deg bone[33]
  TIER2 joint-attach(PRIMARY): worst=32.97u bone[18]='bone_R-pinky02.mesh' parent[14] R=47.4 exactJoint=0.00u pairs=30  (palette-wide exactWorst=3.54u)
[HANDS_ATTACH] mesh='hands_naked.mesh' owner='hands_naked.mesh' frame=4793 nb=40 wext=61.3 rebound=1
  TIER1 rest-coherence: worst=42.6deg bone[30]='bone_L-middlefinger03.mesh' count(>5deg)=36 freshRecap=0  xcheck(invOff-vs-restW) worst=42.6deg bone[30]
  TIER2 joint-attach(PRIMARY): worst=13.41u bone[16]='bone_R-thumb01.mesh' parent[1] R=38.3 exactJoint=0.00u pairs=36  (palette-wide exactWorst=0.04u)
[HANDS_ATTACH] mesh='hands_naked.mesh' owner='hands_naked.mesh' frame=4794 nb=38 wext=56.1 rebound=1
  TIER1 rest-coherence: worst=87.3deg bone[33]='bone_L-middlefinger03.mesh' count(>5deg)=34 freshRecap=0  xcheck(invOff-vs-restW) worst=87.3deg bone[33]
  TIER2 joint-attach(PRIMARY): worst=30.82u bone[33]='bone_L-middlefinger03.mesh' parent[26] R=47.0 exactJoint=0.39u pairs=30  (palette-wide exactWorst=0.39u)
[HANDS_ATTACH] mesh='hands_naked.mesh' owner='hands_naked.mesh' frame=4801 nb=38 wext=69.3 rebound=1
  TIER1 rest-coherence: worst=87.3deg bone[33]='bone_L-middlefinger03.mesh' count(>5deg)=34 freshRecap=0  xcheck(invOff-vs-restW) worst=87.3deg bone[33]
  TIER2 joint-attach(PRIMARY): worst=32.97u bone[18]='bone_R-pinky02.mesh' parent[14] R=47.4 exactJoint=0.00u pairs=30  (palette-wide exactWorst=3.65u)
[HANDS_ATTACH] mesh='hands_naked.mesh' owner='hands_naked.mesh' frame=4803 nb=40 wext=62.6 rebound=1
  TIER1 rest-coherence: worst=42.6deg bone[30]='bone_L-middlefinger03.mesh' count(>5deg)=36 freshRecap=0  xcheck(invOff-vs-restW) worst=42.6deg bone[30]
  TIER2 joint-attach(PRIMARY): worst=17.81u bone[16]='bone_R-thumb01.mesh' parent[1] R=38.3 exactJoint=0.00u pairs=36  (palette-wide exactWorst=0.04u)
[HANDS_ATTACH] mesh='hands_naked.mesh' owner='hands_naked.mesh' frame=4804 nb=38 wext=58.8 rebound=1
  TIER1 rest-coherence: worst=87.3deg bone[33]='bone_L-middlefinger03.mesh' count(>5deg)=34 freshRecap=0  xcheck(invOff-vs-restW) worst=87.3deg bone[33]
  TIER2 joint-attach(PRIMARY): worst=71.02u bone[18]='bone_R-pinky02.mesh' parent[14] R=47.4 exactJoint=2.44u pairs=30  (palette-wide exactWorst=10.36u)
[HANDS_ATTACH] mesh='hands_naked.mesh' owner='hands_naked.mesh' frame=4811 nb=38 wext=62.7 rebound=1
  TIER1 rest-coherence: worst=87.3deg bone[33]='bone_L-middlefinger03.mesh' count(>5deg)=34 freshRecap=0  xcheck(invOff-vs-restW) worst=87.3deg bone[33]
  TIER2 joint-attach(PRIMARY): worst=70.24u bone[9]='bone_R-thumb01.mesh' parent[13] R=48.5 exactJoint=2.99u pairs=30  (palette-wide exactWorst=7.89u)
[HANDS_ATTACH] mesh='hands_naked.mesh' owner='hands_naked.mesh' frame=4813 nb=40 wext=47.4 rebound=1
  TIER1 rest-coherence: worst=42.6deg bone[30]='bone_L-middlefinger03.mesh' count(>5deg)=36 freshRecap=0  xcheck(invOff-vs-restW) worst=42.6deg bone[30]
  TIER2 joint-attach(PRIMARY): worst=50.26u bone[16]='bone_R-thumb01.mesh' parent[1] R=38.3 exactJoint=1.58u pairs=36  (palette-wide exactWorst=6.77u)
[HANDS_ATTACH] mesh='hands_naked.mesh' owner='hands_naked.mesh' frame=4814 nb=38 wext=59.9 rebound=1
  TIER1 rest-coherence: worst=87.3deg bone[33]='bone_L-middlefinger03.mesh' count(>5deg)=34 freshRecap=0  xcheck(invOff-vs-restW) worst=87.3deg bone[33]
  TIER2 joint-attach(PRIMARY): worst=71.02u bone[18]='bone_R-pinky02.mesh' parent[14] R=47.4 exactJoint=2.44u pairs=30  (palette-wide exactWorst=10.36u)
[HANDS_ATTACH] mesh='hands_naked.mesh' owner='hands_naked.mesh' frame=4821 nb=38 wext=58.0 rebound=1
  TIER1 rest-coherence: worst=87.3deg bone[33]='bone_L-middlefinger03.mesh' count(>5deg)=34 freshRecap=0  xcheck(invOff-vs-restW) worst=87.3deg bone[33]
  TIER2 joint-attach(PRIMARY): worst=70.24u bone[9]='bone_R-thumb01.mesh' parent[13] R=48.5 exactJoint=2.99u pairs=30  (palette-wide exactWorst=7.89u)
[HANDS_ATTACH] mesh='hands_naked.mesh' owner='hands_naked.mesh' frame=4823 nb=40 wext=48.3 rebound=1
  TIER1 rest-coherence: worst=42.6deg bone[30]='bone_L-middlefinger03.mesh' count(>5deg)=36 freshRecap=0  xcheck(invOff-vs-restW) worst=42.6deg bone[30]
  TIER2 joint-attach(PRIMARY): worst=50.26u bone[16]='bone_R-thumb01.mesh' parent[1] R=38.3 exactJoint=1.58u pairs=36  (palette-wide exactWorst=6.77u)
[HANDS_ATTACH] mesh='hands_naked.mesh' owner='hands_naked.mesh' frame=4824 nb=38 wext=58.0 rebound=1
  TIER1 rest-coherence: worst=87.3deg bone[33]='bone_L-middlefinger03.mesh' count(>5deg)=34 freshRecap=0  xcheck(invOff-vs-restW) worst=87.3deg bone[33]
  TIER2 joint-attach(PRIMARY): worst=71.02u bone[18]='bone_R-pinky02.mesh' parent[14] R=47.4 exactJoint=2.44u pairs=30  (palette-wide exactWorst=10.36u)
[HANDS_ATTACH] mesh='hands_naked.mesh' owner='hands_naked.mesh' frame=4831 nb=38 wext=70.1 rebound=1
  TIER1 rest-coherence: worst=87.3deg bone[33]='bone_L-middlefinger03.mesh' count(>5deg)=34 freshRecap=0  xcheck(invOff-vs-restW) worst=87.3deg bone[33]
  TIER2 joint-attach(PRIMARY): worst=70.24u bone[9]='bone_R-thumb01.mesh' parent[13] R=48.5 exactJoint=2.99u pairs=30  (palette-wide exactWorst=7.89u)
[HANDS_ATTACH] mesh='hands_naked.mesh' owner='hands_naked.mesh' frame=4833 nb=40 wext=46.8 rebound=1
  TIER1 rest-coherence: worst=42.6deg bone[30]='bone_L-middlefinger03.mesh' count(>5deg)=36 freshRecap=0  xcheck(invOff-vs-restW) worst=42.6deg bone[30]
  TIER2 joint-attach(PRIMARY): worst=50.26u bone[16]='bone_R-thumb01.mesh' parent[1] R=38.3 exactJoint=1.58u pairs=36  (palette-wide exactWorst=6.77u)
[HANDS_ATTACH] mesh='hands_naked.mesh' owner='hands_naked.mesh' frame=4834 nb=38 wext=56.9 rebound=1
  TIER1 rest-coherence: worst=87.3deg bone[33]='bone_L-middlefinger03.mesh' count(>5deg)=34 freshRecap=0  xcheck(invOff-vs-restW) worst=87.3deg bone[33]
  TIER2 joint-attach(PRIMARY): worst=71.02u bone[18]='bone_R-pinky02.mesh' parent[14] R=47.4 exactJoint=2.44u pairs=30  (palette-wide exactWorst=10.36u)
[HANDS_ATTACH] mesh='hands_naked.mesh' owner='hands_naked.mesh' frame=4841 nb=38 wext=80.7 rebound=1
  TIER1 rest-coherence: worst=87.3deg bone[33]='bone_L-middlefinger03.mesh' count(>5deg)=34 freshRecap=0  xcheck(invOff-vs-restW) worst=87.3deg bone[33]
  TIER2 joint-attach(PRIMARY): worst=70.24u bone[9]='bone_R-thumb01.mesh' parent[13] R=48.5 exactJoint=2.99u pairs=30  (palette-wide exactWorst=7.89u)
[HANDS_ATTACH] mesh='hands_naked.mesh' owner='hands_naked.mesh' frame=4843 nb=40 wext=45.4 rebound=1
  TIER1 rest-coherence: worst=42.6deg bone[30]='bone_L-middlefinger03.mesh' count(>5deg)=36 freshRecap=0  xcheck(invOff-vs-restW) worst=42.6deg bone[30]
  TIER2 joint-attach(PRIMARY): worst=50.26u bone[16]='bone_R-thumb01.mesh' parent[1] R=38.3 exactJoint=1.58u pairs=36  (palette-wide exactWorst=6.77u)
[HANDS_ATTACH] mesh='hands_naked.mesh' owner='hands_naked.mesh' frame=4844 nb=38 wext=57.8 rebound=1
  TIER1 rest-coherence: worst=87.3deg bone[33]='bone_L-middlefinger03.mesh' count(>5deg)=34 freshRecap=0  xcheck(invOff-vs-restW) worst=87.3deg bone[33]
  TIER2 joint-attach(PRIMARY): worst=71.02u bone[18]='bone_R-pinky02.mesh' parent[14] R=47.4 exactJoint=2.44u pairs=30  (palette-wide exactWorst=10.36u)
[HANDS_ATTACH] mesh='hands_naked.mesh' owner='hands_naked.mesh' frame=4851 nb=38 wext=77.9 rebound=1
  TIER1 rest-coherence: worst=87.3deg bone[33]='bone_L-middlefinger03.mesh' count(>5deg)=34 freshRecap=0  xcheck(invOff-vs-restW) worst=87.3deg bone[33]
  TIER2 joint-attach(PRIMARY): worst=70.24u bone[9]='bone_R-thumb01.mesh' parent[13] R=48.5 exactJoint=2.99u pairs=30  (palette-wide exactWorst=7.89u)
[HANDS_ATTACH] mesh='hands_naked.mesh' owner='hands_naked.mesh' frame=4853 nb=40 wext=48.0 rebound=1
  TIER1 rest-coherence: worst=42.6deg bone[30]='bone_L-middlefinger03.mesh' count(>5deg)=36 freshRecap=0  xcheck(invOff-vs-restW) worst=42.6deg bone[30]
  TIER2 joint-attach(PRIMARY): worst=50.26u bone[16]='bone_R-thumb01.mesh' parent[1] R=38.3 exactJoint=1.58u pairs=36  (palette-wide exactWorst=6.77u)
[HANDS_ATTACH] mesh='hands_naked.mesh' owner='hands_naked.mesh' frame=4854 nb=38 wext=71.7 rebound=1
  TIER1 rest-coherence: worst=87.3deg bone[33]='bone_L-middlefinger03.mesh' count(>5deg)=34 freshRecap=0  xcheck(invOff-vs-restW) worst=87.3deg bone[33]
  TIER2 joint-attach(PRIMARY): worst=71.03u bone[18]='bone_R-pinky02.mesh' parent[14] R=47.4 exactJoint=2.44u pairs=30  (palette-wide exactWorst=10.36u)
[HANDS_ATTACH] mesh='hands_naked.mesh' owner='hands_naked.mesh' frame=4861 nb=38 wext=68.9 rebound=1
  TIER1 rest-coherence: worst=87.3deg bone[33]='bone_L-middlefinger03.mesh' count(>5deg)=34 freshRecap=0  xcheck(invOff-vs-restW) worst=87.3deg bone[33]
  TIER2 joint-attach(PRIMARY): worst=70.24u bone[9]='bone_R-thumb01.mesh' parent[13] R=48.5 exactJoint=2.99u pairs=30  (palette-wide exactWorst=7.89u)
[HANDS_ATTACH] mesh='hands_naked.mesh' owner='hands_naked.mesh' frame=4863 nb=40 wext=47.4 rebound=1
  TIER1 rest-coherence: worst=42.6deg bone[30]='bone_L-middlefinger03.mesh' count(>5deg)=36 freshRecap=0  xcheck(invOff-vs-restW) worst=42.6deg bone[30]
  TIER2 joint-attach(PRIMARY): worst=50.26u bone[16]='bone_R-thumb01.mesh' parent[1] R=38.3 exactJoint=1.58u pairs=36  (palette-wide exactWorst=6.77u)
[HANDS_ATTACH] mesh='hands_naked.mesh' owner='hands_naked.mesh' frame=4864 nb=38 wext=92.7 rebound=1
  TIER1 rest-coherence: worst=87.3deg bone[33]='bone_L-middlefinger03.mesh' count(>5deg)=34 freshRecap=0  xcheck(invOff-vs-restW) worst=87.3deg bone[33]
  TIER2 joint-attach(PRIMARY): worst=45.71u bone[18]='bone_R-pinky02.mesh' parent[14] R=47.4 exactJoint=0.00u pairs=30  (palette-wide exactWorst=2.31u)
[HANDS_ATTACH] mesh='hands_naked.mesh' owner='hands_naked.mesh' frame=4871 nb=38 wext=74.1 rebound=1
  TIER1 rest-coherence: worst=87.3deg bone[33]='bone_L-middlefinger03.mesh' count(>5deg)=34 freshRecap=0  xcheck(invOff-vs-restW) worst=87.3deg bone[33]
  TIER2 joint-attach(PRIMARY): worst=70.24u bone[9]='bone_R-thumb01.mesh' parent[13] R=48.5 exactJoint=2.99u pairs=30  (palette-wide exactWorst=7.89u)
[HANDS_ATTACH] mesh='hands_naked.mesh' owner='hands_naked.mesh' frame=4873 nb=40 wext=47.1 rebound=1
  TIER1 rest-coherence: worst=42.6deg bone[30]='bone_L-middlefinger03.mesh' count(>5deg)=36 freshRecap=0  xcheck(invOff-vs-restW) worst=42.6deg bone[30]
  TIER2 joint-attach(PRIMARY): worst=50.26u bone[16]='bone_R-thumb01.mesh' parent[1] R=38.3 exactJoint=1.58u pairs=36  (palette-wide exactWorst=6.77u)
[HANDS_ATTACH] mesh='hands_naked.mesh' owner='hands_naked.mesh' frame=4874 nb=38 wext=85.0 rebound=1
  TIER1 rest-coherence: worst=87.3deg bone[33]='bone_L-middlefinger03.mesh' count(>5deg)=34 freshRecap=0  xcheck(invOff-vs-restW) worst=87.3deg bone[33]
  TIER2 joint-attach(PRIMARY): worst=36.43u bone[13]='bone_R-hand.mesh' parent[5] R=49.4 exactJoint=0.00u pairs=30  (palette-wide exactWorst=0.00u)
[HANDS_ATTACH] mesh='hands_naked.mesh' owner='hands_naked.mesh' frame=4881 nb=38 wext=71.0 rebound=1
  TIER1 rest-coherence: worst=87.3deg bone[33]='bone_L-middlefinger03.mesh' count(>5deg)=34 freshRecap=0  xcheck(invOff-vs-restW) worst=87.3deg bone[33]
  TIER2 joint-attach(PRIMARY): worst=70.24u bone[9]='bone_R-thumb01.mesh' parent[13] R=48.5 exactJoint=2.99u pairs=30  (palette-wide exactWorst=7.89u)
[HANDS_ATTACH] mesh='hands_naked.mesh' owner='hands_naked.mesh' frame=4883 nb=40 wext=49.8 rebound=1
  TIER1 rest-coherence: worst=42.6deg bone[30]='bone_L-middlefinger03.mesh' count(>5deg)=36 freshRecap=0  xcheck(invOff-vs-restW) worst=42.6deg bone[30]
  TIER2 joint-attach(PRIMARY): worst=50.26u bone[16]='bone_R-thumb01.mesh' parent[1] R=38.3 exactJoint=1.58u pairs=36  (palette-wide exactWorst=6.77u)
[HANDS_ATTACH] mesh='hands_naked.mesh' owner='hands_naked.mesh' frame=4884 nb=38 wext=69.7 rebound=1
  TIER1 rest-coherence: worst=87.3deg bone[33]='bone_L-middlefinger03.mesh' count(>5deg)=34 freshRecap=0  xcheck(invOff-vs-restW) worst=87.3deg bone[33]
  TIER2 joint-attach(PRIMARY): worst=46.60u bone[13]='bone_R-hand.mesh' parent[5] R=49.4 exactJoint=0.00u pairs=30  (palette-wide exactWorst=0.00u)
[HANDS_ATTACH] mesh='hands_naked.mesh' owner='hands_naked.mesh' frame=4891 nb=38 wext=68.0 rebound=1
  TIER1 rest-coherence: worst=87.3deg bone[33]='bone_L-middlefinger03.mesh' count(>5deg)=34 freshRecap=0  xcheck(invOff-vs-restW) worst=87.3deg bone[33]
  TIER2 joint-attach(PRIMARY): worst=70.24u bone[9]='bone_R-thumb01.mesh' parent[13] R=48.5 exactJoint=2.99u pairs=30  (palette-wide exactWorst=7.89u)
[HANDS_ATTACH] mesh='hands_naked.mesh' owner='hands_naked.mesh' frame=4893 nb=40 wext=49.2 rebound=1
  TIER1 rest-coherence: worst=42.6deg bone[30]='bone_L-middlefinger03.mesh' count(>5deg)=36 freshRecap=0  xcheck(invOff-vs-restW) worst=42.6deg bone[30]
  TIER2 joint-attach(PRIMARY): worst=50.26u bone[16]='bone_R-thumb01.mesh' parent[1] R=38.3 exactJoint=1.58u pairs=36  (palette-wide exactWorst=6.77u)
[HANDS_ATTACH] mesh='hands_naked.mesh' owner='hands_naked.mesh' frame=4894 nb=38 wext=70.4 rebound=1
  TIER1 rest-coherence: worst=87.3deg bone[33]='bone_L-middlefinger03.mesh' count(>5deg)=34 freshRecap=0  xcheck(invOff-vs-restW) worst=87.3deg bone[33]
  TIER2 joint-attach(PRIMARY): worst=47.54u bone[13]='bone_R-hand.mesh' parent[5] R=49.4 exactJoint=0.00u pairs=30  (palette-wide exactWorst=0.00u)
[HANDS_ATTACH] mesh='hands_naked.mesh' owner='hands_naked.mesh' frame=4901 nb=38 wext=67.0 rebound=1
  TIER1 rest-coherence: worst=87.3deg bone[33]='bone_L-middlefinger03.mesh' count(>5deg)=34 freshRecap=0  xcheck(invOff-vs-restW) worst=87.3deg bone[33]
  TIER2 joint-attach(PRIMARY): worst=70.24u bone[9]='bone_R-thumb01.mesh' parent[13] R=48.5 exactJoint=2.99u pairs=30  (palette-wide exactWorst=7.89u)
[HANDS_ATTACH] mesh='hands_naked.mesh' owner='hands_naked.mesh' frame=4903 nb=40 wext=48.0 rebound=1
  TIER1 rest-coherence: worst=42.6deg bone[30]='bone_L-middlefinger03.mesh' count(>5deg)=36 freshRecap=0  xcheck(invOff-vs-restW) worst=42.6deg bone[30]
  TIER2 joint-attach(PRIMARY): worst=50.26u bone[16]='bone_R-thumb01.mesh' parent[1] R=38.3 exactJoint=1.58u pairs=36  (palette-wide exactWorst=6.77u)
[HANDS_ATTACH] mesh='hands_naked.mesh' owner='hands_naked.mesh' frame=4904 nb=38 wext=60.7 rebound=1
  TIER1 rest-coherence: worst=87.3deg bone[33]='bone_L-middlefinger03.mesh' count(>5deg)=34 freshRecap=0  xcheck(invOff-vs-restW) worst=87.3deg bone[33]
  TIER2 joint-attach(PRIMARY): worst=57.93u bone[13]='bone_R-hand.mesh' parent[5] R=49.4 exactJoint=0.00u pairs=30  (palette-wide exactWorst=2.05u)
[HANDS_ATTACH] mesh='hands_naked.mesh' owner='hands_naked.mesh' frame=4911 nb=38 wext=67.5 rebound=1
  TIER1 rest-coherence: worst=87.3deg bone[33]='bone_L-middlefinger03.mesh' count(>5deg)=34 freshRecap=0  xcheck(invOff-vs-restW) worst=87.3deg bone[33]
  TIER2 joint-attach(PRIMARY): worst=70.24u bone[9]='bone_R-thumb01.mesh' parent[13] R=48.5 exactJoint=2.99u pairs=30  (palette-wide exactWorst=7.89u)
[HANDS_ATTACH] mesh='hands_naked.mesh' owner='hands_naked.mesh' frame=4913 nb=40 wext=49.3 rebound=1
  TIER1 rest-coherence: worst=42.6deg bone[30]='bone_L-middlefinger03.mesh' count(>5deg)=36 freshRecap=0  xcheck(invOff-vs-restW) worst=42.6deg bone[30]
  TIER2 joint-attach(PRIMARY): worst=50.26u bone[16]='bone_R-thumb01.mesh' parent[1] R=38.3 exactJoint=1.58u pairs=36  (palette-wide exactWorst=6.77u)
[HANDS_ATTACH] mesh='hands_naked.mesh' owner='hands_naked.mesh' frame=4914 nb=38 wext=83.0 rebound=1
  TIER1 rest-coherence: worst=87.3deg bone[33]='bone_L-middlefinger03.mesh' count(>5deg)=34 freshRecap=0  xcheck(invOff-vs-restW) worst=87.3deg bone[33]
  TIER2 joint-attach(PRIMARY): worst=67.71u bone[13]='bone_R-hand.mesh' parent[5] R=49.4 exactJoint=0.00u pairs=30  (palette-wide exactWorst=5.06u)
[HANDS_ATTACH] mesh='hands_naked.mesh' owner='hands_naked.mesh' frame=4921 nb=38 wext=73.8 rebound=1
  TIER1 rest-coherence: worst=87.3deg bone[33]='bone_L-middlefinger03.mesh' count(>5deg)=34 freshRecap=0  xcheck(invOff-vs-restW) worst=87.3deg bone[33]
  TIER2 joint-attach(PRIMARY): worst=70.24u bone[9]='bone_R-thumb01.mesh' parent[13] R=48.5 exactJoint=2.99u pairs=30  (palette-wide exactWorst=7.89u)
[HANDS_ATTACH] mesh='hands_naked.mesh' owner='hands_naked.mesh' frame=4923 nb=40 wext=50.2 rebound=1
  TIER1 rest-coherence: worst=42.6deg bone[30]='bone_L-middlefinger03.mesh' count(>5deg)=36 freshRecap=0  xcheck(invOff-vs-restW) worst=42.6deg bone[30]
  TIER2 joint-attach(PRIMARY): worst=50.26u bone[16]='bone_R-thumb01.mesh' parent[1] R=38.3 exactJoint=1.58u pairs=36  (palette-wide exactWorst=6.77u)
[HANDS_ATTACH] mesh='hands_naked.mesh' owner='hands_naked.mesh' frame=4924 nb=38 wext=83.3 rebound=1
  TIER1 rest-coherence: worst=87.3deg bone[33]='bone_L-middlefinger03.mesh' count(>5deg)=34 freshRecap=0  xcheck(invOff-vs-restW) worst=87.3deg bone[33]
  TIER2 joint-attach(PRIMARY): worst=67.20u bone[13]='bone_R-hand.mesh' parent[5] R=49.4 exactJoint=0.00u pairs=30  (palette-wide exactWorst=5.50u)
[HANDS_ATTACH] mesh='hands_naked.mesh' owner='hands_naked.mesh' frame=4931 nb=38 wext=70.3 rebound=1
  TIER1 rest-coherence: worst=87.3deg bone[33]='bone_L-middlefinger03.mesh' count(>5deg)=34 freshRecap=0  xcheck(invOff-vs-restW) worst=87.3deg bone[33]
  TIER2 joint-attach(PRIMARY): worst=70.24u bone[9]='bone_R-thumb01.mesh' parent[13] R=48.5 exactJoint=2.99u pairs=30  (palette-wide exactWorst=7.89u)
[HANDS_ATTACH] mesh='hands_naked.mesh' owner='hands_naked.mesh' frame=4933 nb=40 wext=49.3 rebound=1
  TIER1 rest-coherence: worst=42.6deg bone[30]='bone_L-middlefinger03.mesh' count(>5deg)=36 freshRecap=0  xcheck(invOff-vs-restW) worst=42.6deg bone[30]
  TIER2 joint-attach(PRIMARY): worst=50.26u bone[16]='bone_R-thumb01.mesh' parent[1] R=38.3 exactJoint=1.58u pairs=36  (palette-wide exactWorst=6.77u)
[HANDS_ATTACH] mesh='hands_naked.mesh' owner='hands_naked.mesh' frame=4934 nb=38 wext=86.0 rebound=1
  TIER1 rest-coherence: worst=87.3deg bone[33]='bone_L-middlefinger03.mesh' count(>5deg)=34 freshRecap=0  xcheck(invOff-vs-restW) worst=87.3deg bone[33]
  TIER2 joint-attach(PRIMARY): worst=47.72u bone[13]='bone_R-hand.mesh' parent[5] R=49.4 exactJoint=0.00u pairs=30  (palette-wide exactWorst=3.19u)
[HANDS_ATTACH] mesh='hands_naked.mesh' owner='hands_naked.mesh' frame=4941 nb=38 wext=67.8 rebound=1
  TIER1 rest-coherence: worst=87.3deg bone[33]='bone_L-middlefinger03.mesh' count(>5deg)=34 freshRecap=0  xcheck(invOff-vs-restW) worst=87.3deg bone[33]
  TIER2 joint-attach(PRIMARY): worst=70.24u bone[9]='bone_R-thumb01.mesh' parent[13] R=48.5 exactJoint=2.99u pairs=30  (palette-wide exactWorst=7.89u)
[HANDS_ATTACH] mesh='hands_naked.mesh' owner='hands_naked.mesh' frame=4943 nb=40 wext=47.4 rebound=1
  TIER1 rest-coherence: worst=42.6deg bone[30]='bone_L-middlefinger03.mesh' count(>5deg)=36 freshRecap=0  xcheck(invOff-vs-restW) worst=42.6deg bone[30]
  TIER2 joint-attach(PRIMARY): worst=50.26u bone[16]='bone_R-thumb01.mesh' parent[1] R=38.3 exactJoint=1.58u pairs=36  (palette-wide exactWorst=6.77u)
[HANDS_ATTACH] mesh='hands_naked.mesh' owner='hands_naked.mesh' frame=4944 nb=38 wext=56.4 rebound=1
  TIER1 rest-coherence: worst=87.3deg bone[33]='bone_L-middlefinger03.mesh' count(>5deg)=34 freshRecap=0  xcheck(invOff-vs-restW) worst=87.3deg bone[33]
  TIER2 joint-attach(PRIMARY): worst=55.46u bone[9]='bone_R-thumb01.mesh' parent[13] R=48.5 exactJoint=0.00u pairs=30  (palette-wide exactWorst=0.00u)
[HANDS_ATTACH] mesh='hands_naked.mesh' owner='hands_naked.mesh' frame=4951 nb=38 wext=57.8 rebound=1
  TIER1 rest-coherence: worst=87.3deg bone[33]='bone_L-middlefinger03.mesh' count(>5deg)=34 freshRecap=0  xcheck(invOff-vs-restW) worst=87.3deg bone[33]
  TIER2 joint-attach(PRIMARY): worst=70.24u bone[9]='bone_R-thumb01.mesh' parent[13] R=48.5 exactJoint=2.99u pairs=30  (palette-wide exactWorst=7.89u)
[HANDS_ATTACH] mesh='hands_naked.mesh' owner='hands_naked.mesh' frame=4953 nb=40 wext=47.3 rebound=1
  TIER1 rest-coherence: worst=42.6deg bone[30]='bone_L-middlefinger03.mesh' count(>5deg)=36 freshRecap=0  xcheck(invOff-vs-restW) worst=42.6deg bone[30]
  TIER2 joint-attach(PRIMARY): worst=50.26u bone[16]='bone_R-thumb01.mesh' parent[1] R=38.3 exactJoint=1.58u pairs=36  (palette-wide exactWorst=6.77u)
[HANDS_ATTACH] mesh='hands_naked.mesh' owner='hands_naked.mesh' frame=4954 nb=38 wext=70.3 rebound=1
  TIER1 rest-coherence: worst=87.3deg bone[33]='bone_L-middlefinger03.mesh' count(>5deg)=34 freshRecap=0  xcheck(invOff-vs-restW) worst=87.3deg bone[33]
  TIER2 joint-attach(PRIMARY): worst=52.48u bone[13]='bone_R-hand.mesh' parent[5] R=49.4 exactJoint=0.00u pairs=30  (palette-wide exactWorst=1.86u)
[HANDS_ATTACH] mesh='hands_naked.mesh' owner='hands_naked.mesh' frame=4961 nb=38 wext=63.4 rebound=1
  TIER1 rest-coherence: worst=87.3deg bone[33]='bone_L-middlefinger03.mesh' count(>5deg)=34 freshRecap=0  xcheck(invOff-vs-restW) worst=87.3deg bone[33]
  TIER2 joint-attach(PRIMARY): worst=70.24u bone[9]='bone_R-thumb01.mesh' parent[13] R=48.5 exactJoint=2.99u pairs=30  (palette-wide exactWorst=7.89u)
[HANDS_ATTACH] mesh='hands_naked.mesh' owner='hands_naked.mesh' frame=4963 nb=40 wext=48.3 rebound=1
  TIER1 rest-coherence: worst=42.6deg bone[30]='bone_L-middlefinger03.mesh' count(>5deg)=36 freshRecap=0  xcheck(invOff-vs-restW) worst=42.6deg bone[30]
  TIER2 joint-attach(PRIMARY): worst=50.26u bone[16]='bone_R-thumb01.mesh' parent[1] R=38.3 exactJoint=1.58u pairs=36  (palette-wide exactWorst=6.77u)
[HANDS_ATTACH] mesh='hands_naked.mesh' owner='hands_naked.mesh' frame=4964 nb=38 wext=79.1 rebound=1
  TIER1 rest-coherence: worst=87.3deg bone[33]='bone_L-middlefinger03.mesh' count(>5deg)=34 freshRecap=0  xcheck(invOff-vs-restW) worst=87.3deg bone[33]
  TIER2 joint-attach(PRIMARY): worst=71.64u bone[18]='bone_R-pinky02.mesh' parent[14] R=47.4 exactJoint=1.89u pairs=30  (palette-wide exactWorst=10.30u)
[HANDS_ATTACH] mesh='hands_naked.mesh' owner='hands_naked.mesh' frame=4971 nb=38 wext=61.5 rebound=1
  TIER1 rest-coherence: worst=87.3deg bone[33]='bone_L-middlefinger03.mesh' count(>5deg)=34 freshRecap=0  xcheck(invOff-vs-restW) worst=87.3deg bone[33]
  TIER2 joint-attach(PRIMARY): worst=70.24u bone[9]='bone_R-thumb01.mesh' parent[13] R=48.5 exactJoint=2.99u pairs=30  (palette-wide exactWorst=7.89u)
[HANDS_ATTACH] mesh='hands_naked.mesh' owner='hands_naked.mesh' frame=4973 nb=40 wext=48.5 rebound=1
  TIER1 rest-coherence: worst=42.6deg bone[30]='bone_L-middlefinger03.mesh' count(>5deg)=36 freshRecap=0  xcheck(invOff-vs-restW) worst=42.6deg bone[30]
  TIER2 joint-attach(PRIMARY): worst=50.26u bone[16]='bone_R-thumb01.mesh' parent[1] R=38.3 exactJoint=1.58u pairs=36  (palette-wide exactWorst=6.77u)
[HANDS_ATTACH] mesh='hands_naked.mesh' owner='hands_naked.mesh' frame=4974 nb=38 wext=75.8 rebound=1
  TIER1 rest-coherence: worst=87.3deg bone[33]='bone_L-middlefinger03.mesh' count(>5deg)=34 freshRecap=0  xcheck(invOff-vs-restW) worst=87.3deg bone[33]
  TIER2 joint-attach(PRIMARY): worst=71.02u bone[18]='bone_R-pinky02.mesh' parent[14] R=47.4 exactJoint=2.44u pairs=30  (palette-wide exactWorst=10.36u)
[HANDS_ATTACH] mesh='hands_naked.mesh' owner='hands_naked.mesh' frame=4981 nb=38 wext=58.4 rebound=1
  TIER1 rest-coherence: worst=87.3deg bone[33]='bone_L-middlefinger03.mesh' count(>5deg)=34 freshRecap=0  xcheck(invOff-vs-restW) worst=87.3deg bone[33]
  TIER2 joint-attach(PRIMARY): worst=70.24u bone[9]='bone_R-thumb01.mesh' parent[13] R=48.5 exactJoint=2.99u pairs=30  (palette-wide exactWorst=7.89u)
[HANDS_ATTACH] mesh='hands_naked.mesh' owner='hands_naked.mesh' frame=4983 nb=40 wext=48.5 rebound=1
  TIER1 rest-coherence: worst=42.6deg bone[30]='bone_L-middlefinger03.mesh' count(>5deg)=36 freshRecap=0  xcheck(invOff-vs-restW) worst=42.6deg bone[30]
  TIER2 joint-attach(PRIMARY): worst=50.26u bone[16]='bone_R-thumb01.mesh' parent[1] R=38.3 exactJoint=1.58u pairs=36  (palette-wide exactWorst=6.77u)
[HANDS_ATTACH] mesh='hands_naked.mesh' owner='hands_naked.mesh' frame=4984 nb=38 wext=73.2 rebound=1
  TIER1 rest-coherence: worst=87.3deg bone[33]='bone_L-middlefinger03.mesh' count(>5deg)=34 freshRecap=0  xcheck(invOff-vs-restW) worst=87.3deg bone[33]
  TIER2 joint-attach(PRIMARY): worst=71.02u bone[18]='bone_R-pinky02.mesh' parent[14] R=47.4 exactJoint=2.44u pairs=30  (palette-wide exactWorst=10.36u)
[HANDS_ATTACH] mesh='hands_naked.mesh' owner='hands_naked.mesh' frame=4991 nb=38 wext=69.7 rebound=1
  TIER1 rest-coherence: worst=87.3deg bone[33]='bone_L-middlefinger03.mesh' count(>5deg)=34 freshRecap=0  xcheck(invOff-vs-restW) worst=87.3deg bone[33]
  TIER2 joint-attach(PRIMARY): worst=70.24u bone[9]='bone_R-thumb01.mesh' parent[13] R=48.5 exactJoint=2.99u pairs=30  (palette-wide exactWorst=7.89u)
[HANDS_ATTACH] mesh='hands_naked.mesh' owner='hands_naked.mesh' frame=4993 nb=40 wext=48.7 rebound=1
  TIER1 rest-coherence: worst=42.6deg bone[30]='bone_L-middlefinger03.mesh' count(>5deg)=36 freshRecap=0  xcheck(invOff-vs-restW) worst=42.6deg bone[30]
  TIER2 joint-attach(PRIMARY): worst=50.26u bone[16]='bone_R-thumb01.mesh' parent[1] R=38.3 exactJoint=1.58u pairs=36  (palette-wide exactWorst=6.77u)
[HANDS_ATTACH] mesh='hands_naked.mesh' owner='hands_naked.mesh' frame=4994 nb=38 wext=71.7 rebound=1
  TIER1 rest-coherence: worst=87.3deg bone[33]='bone_L-middlefinger03.mesh' count(>5deg)=34 freshRecap=0  xcheck(invOff-vs-restW) worst=87.3deg bone[33]
  TIER2 joint-attach(PRIMARY): worst=71.02u bone[18]='bone_R-pinky02.mesh' parent[14] R=47.4 exactJoint=2.44u pairs=30  (palette-wide exactWorst=10.36u)
[HANDS_ATTACH] mesh='hands_naked.mesh' owner='hands_naked.mesh' frame=5001 nb=38 wext=70.7 rebound=1
  TIER1 rest-coherence: worst=87.3deg bone[33]='bone_L-middlefinger03.mesh' count(>5deg)=34 freshRecap=0  xcheck(invOff-vs-restW) worst=87.3deg bone[33]
  TIER2 joint-attach(PRIMARY): worst=70.24u bone[9]='bone_R-thumb01.mesh' parent[13] R=48.5 exactJoint=2.99u pairs=30  (palette-wide exactWorst=7.89u)
[HANDS_ATTACH] mesh='hands_naked.mesh' owner='hands_naked.mesh' frame=5003 nb=40 wext=46.8 rebound=1
  TIER1 rest-coherence: worst=42.6deg bone[30]='bone_L-middlefinger03.mesh' count(>5deg)=36 freshRecap=0  xcheck(invOff-vs-restW) worst=42.6deg bone[30]
  TIER2 joint-attach(PRIMARY): worst=50.26u bone[16]='bone_R-thumb01.mesh' parent[1] R=38.3 exactJoint=1.58u pairs=36  (palette-wide exactWorst=6.77u)
[HANDS_ATTACH] mesh='hands_naked.mesh' owner='hands_naked.mesh' frame=5004 nb=38 wext=71.4 rebound=1
  TIER1 rest-coherence: worst=87.3deg bone[33]='bone_L-middlefinger03.mesh' count(>5deg)=34 freshRecap=0  xcheck(invOff-vs-restW) worst=87.3deg bone[33]
  TIER2 joint-attach(PRIMARY): worst=71.02u bone[18]='bone_R-pinky02.mesh' parent[14] R=47.4 exactJoint=2.44u pairs=30  (palette-wide exactWorst=10.36u)
[HANDS_ATTACH] mesh='hands_naked.mesh' owner='hands_naked.mesh' frame=5011 nb=38 wext=66.0 rebound=1
  TIER1 rest-coherence: worst=87.3deg bone[33]='bone_L-middlefinger03.mesh' count(>5deg)=34 freshRecap=0  xcheck(invOff-vs-restW) worst=87.3deg bone[33]
  TIER2 joint-attach(PRIMARY): worst=70.24u bone[9]='bone_R-thumb01.mesh' parent[13] R=48.5 exactJoint=2.99u pairs=30  (palette-wide exactWorst=7.89u)
[HANDS_ATTACH] mesh='hands_naked.mesh' owner='hands_naked.mesh' frame=5013 nb=40 wext=46.3 rebound=1
  TIER1 rest-coherence: worst=42.6deg bone[30]='bone_L-middlefinger03.mesh' count(>5deg)=36 freshRecap=0  xcheck(invOff-vs-restW) worst=42.6deg bone[30]
  TIER2 joint-attach(PRIMARY): worst=50.26u bone[16]='bone_R-thumb01.mesh' parent[1] R=38.3 exactJoint=1.58u pairs=36  (palette-wide exactWorst=6.77u)
[HANDS_ATTACH] mesh='hands_naked.mesh' owner='hands_naked.mesh' frame=5014 nb=38 wext=79.1 rebound=1
  TIER1 rest-coherence: worst=87.3deg bone[33]='bone_L-middlefinger03.mesh' count(>5deg)=34 freshRecap=0  xcheck(invOff-vs-restW) worst=87.3deg bone[33]
  TIER2 joint-attach(PRIMARY): worst=54.70u bone[18]='bone_R-pinky02.mesh' parent[14] R=47.4 exactJoint=0.00u pairs=30  (palette-wide exactWorst=2.66u)
[HANDS_ATTACH] mesh='hands_naked.mesh' owner='hands_naked.mesh' frame=5021 nb=38 wext=69.3 rebound=1
  TIER1 rest-coherence: worst=87.3deg bone[33]='bone_L-middlefinger03.mesh' count(>5deg)=34 freshRecap=0  xcheck(invOff-vs-restW) worst=87.3deg bone[33]
  TIER2 joint-attach(PRIMARY): worst=70.24u bone[9]='bone_R-thumb01.mesh' parent[13] R=48.5 exactJoint=2.99u pairs=30  (palette-wide exactWorst=7.89u)
[HANDS_ATTACH] mesh='hands_naked.mesh' owner='hands_naked.mesh' frame=5023 nb=40 wext=48.0 rebound=1
  TIER1 rest-coherence: worst=42.6deg bone[30]='bone_L-middlefinger03.mesh' count(>5deg)=36 freshRecap=0  xcheck(invOff-vs-restW) worst=42.6deg bone[30]
  TIER2 joint-attach(PRIMARY): worst=50.26u bone[16]='bone_R-thumb01.mesh' parent[1] R=38.3 exactJoint=1.58u pairs=36  (palette-wide exactWorst=6.77u)
[HANDS_ATTACH] mesh='hands_naked.mesh' owner='hands_naked.mesh' frame=5024 nb=38 wext=73.7 rebound=1
  TIER1 rest-coherence: worst=87.3deg bone[33]='bone_L-middlefinger03.mesh' count(>5deg)=34 freshRecap=0  xcheck(invOff-vs-restW) worst=87.3deg bone[33]
  TIER2 joint-attach(PRIMARY): worst=66.98u bone[29]='bone_L-hand.mesh' parent[22] R=49.4 exactJoint=0.00u pairs=30  (palette-wide exactWorst=0.00u)
[HANDS_ATTACH] mesh='hands_naked.mesh' owner='hands_naked.mesh' frame=5031 nb=38 wext=71.3 rebound=1
  TIER1 rest-coherence: worst=87.3deg bone[33]='bone_L-middlefinger03.mesh' count(>5deg)=34 freshRecap=0  xcheck(invOff-vs-restW) worst=87.3deg bone[33]
  TIER2 joint-attach(PRIMARY): worst=70.24u bone[9]='bone_R-thumb01.mesh' parent[13] R=48.5 exactJoint=2.99u pairs=30  (palette-wide exactWorst=7.89u)
[HANDS_ATTACH] mesh='hands_naked.mesh' owner='hands_naked.mesh' frame=5033 nb=40 wext=49.0 rebound=1
  TIER1 rest-coherence: worst=42.6deg bone[30]='bone_L-middlefinger03.mesh' count(>5deg)=36 freshRecap=0  xcheck(invOff-vs-restW) worst=42.6deg bone[30]
  TIER2 joint-attach(PRIMARY): worst=50.26u bone[16]='bone_R-thumb01.mesh' parent[1] R=38.3 exactJoint=1.58u pairs=36  (palette-wide exactWorst=6.77u)
[HANDS_ATTACH] mesh='hands_naked.mesh' owner='hands_naked.mesh' frame=5034 nb=38 wext=71.4 rebound=1
  TIER1 rest-coherence: worst=87.3deg bone[33]='bone_L-middlefinger03.mesh' count(>5deg)=34 freshRecap=0  xcheck(invOff-vs-restW) worst=87.3deg bone[33]
  TIER2 joint-attach(PRIMARY): worst=68.72u bone[29]='bone_L-hand.mesh' parent[22] R=49.4 exactJoint=0.00u pairs=30  (palette-wide exactWorst=0.00u)
[HANDS_ATTACH] mesh='hands_naked.mesh' owner='hands_naked.mesh' frame=5041 nb=38 wext=65.7 rebound=1
  TIER1 rest-coherence: worst=87.3deg bone[33]='bone_L-middlefinger03.mesh' count(>5deg)=34 freshRecap=0  xcheck(invOff-vs-restW) worst=87.3deg bone[33]
  TIER2 joint-attach(PRIMARY): worst=70.24u bone[9]='bone_R-thumb01.mesh' parent[13] R=48.5 exactJoint=2.99u pairs=30  (palette-wide exactWorst=7.89u)
[HANDS_ATTACH] mesh='hands_naked.mesh' owner='hands_naked.mesh' frame=5043 nb=40 wext=48.4 rebound=1
  TIER1 rest-coherence: worst=42.6deg bone[30]='bone_L-middlefinger03.mesh' count(>5deg)=36 freshRecap=0  xcheck(invOff-vs-restW) worst=42.6deg bone[30]
  TIER2 joint-attach(PRIMARY): worst=50.26u bone[16]='bone_R-thumb01.mesh' parent[1] R=38.3 exactJoint=1.58u pairs=36  (palette-wide exactWorst=6.77u)
[HANDS_ATTACH] mesh='hands_naked.mesh' owner='hands_naked.mesh' frame=5044 nb=38 wext=63.5 rebound=1
  TIER1 rest-coherence: worst=87.3deg bone[33]='bone_L-middlefinger03.mesh' count(>5deg)=34 freshRecap=0  xcheck(invOff-vs-restW) worst=87.3deg bone[33]
  TIER2 joint-attach(PRIMARY): worst=57.37u bone[29]='bone_L-hand.mesh' parent[22] R=49.4 exactJoint=0.00u pairs=30  (palette-wide exactWorst=0.00u)
[HANDS_ATTACH] mesh='hands_naked.mesh' owner='hands_naked.mesh' frame=5051 nb=38 wext=68.5 rebound=1
  TIER1 rest-coherence: worst=87.3deg bone[33]='bone_L-middlefinger03.mesh' count(>5deg)=34 freshRecap=0  xcheck(invOff-vs-restW) worst=87.3deg bone[33]
  TIER2 joint-attach(PRIMARY): worst=70.24u bone[9]='bone_R-thumb01.mesh' parent[13] R=48.5 exactJoint=2.99u pairs=30  (palette-wide exactWorst=7.89u)
[HANDS_ATTACH] mesh='hands_naked.mesh' owner='hands_naked.mesh' frame=5053 nb=40 wext=47.8 rebound=1
  TIER1 rest-coherence: worst=42.6deg bone[30]='bone_L-middlefinger03.mesh' count(>5deg)=36 freshRecap=0  xcheck(invOff-vs-restW) worst=42.6deg bone[30]
  TIER2 joint-attach(PRIMARY): worst=50.26u bone[16]='bone_R-thumb01.mesh' parent[1] R=38.3 exactJoint=1.58u pairs=36  (palette-wide exactWorst=6.77u)
[HANDS_ATTACH] mesh='hands_naked.mesh' owner='hands_naked.mesh' frame=5054 nb=38 wext=65.3 rebound=1
  TIER1 rest-coherence: worst=87.3deg bone[33]='bone_L-middlefinger03.mesh' count(>5deg)=34 freshRecap=0  xcheck(invOff-vs-restW) worst=87.3deg bone[33]
  TIER2 joint-attach(PRIMARY): worst=57.20u bone[29]='bone_L-hand.mesh' parent[22] R=49.4 exactJoint=0.00u pairs=30  (palette-wide exactWorst=0.00u)
[HANDS_ATTACH] mesh='hands_naked.mesh' owner='hands_naked.mesh' frame=5061 nb=38 wext=70.2 rebound=1
  TIER1 rest-coherence: worst=87.3deg bone[33]='bone_L-middlefinger03.mesh' count(>5deg)=34 freshRecap=0  xcheck(invOff-vs-restW) worst=87.3deg bone[33]
  TIER2 joint-attach(PRIMARY): worst=70.24u bone[9]='bone_R-thumb01.mesh' parent[13] R=48.5 exactJoint=2.99u pairs=30  (palette-wide exactWorst=7.89u)
[HANDS_ATTACH] mesh='hands_naked.mesh' owner='hands_naked.mesh' frame=5063 nb=40 wext=46.8 rebound=1
  TIER1 rest-coherence: worst=42.6deg bone[30]='bone_L-middlefinger03.mesh' count(>5deg)=36 freshRecap=0  xcheck(invOff-vs-restW) worst=42.6deg bone[30]
  TIER2 joint-attach(PRIMARY): worst=50.26u bone[16]='bone_R-thumb01.mesh' parent[1] R=38.3 exactJoint=1.58u pairs=36  (palette-wide exactWorst=6.77u)
[HANDS_ATTACH] mesh='hands_naked.mesh' owner='hands_naked.mesh' frame=5064 nb=38 wext=73.9 rebound=1
  TIER1 rest-coherence: worst=87.3deg bone[33]='bone_L-middlefinger03.mesh' count(>5deg)=34 freshRecap=0  xcheck(invOff-vs-restW) worst=87.3deg bone[33]
  TIER2 joint-attach(PRIMARY): worst=62.47u bone[29]='bone_L-hand.mesh' parent[22] R=49.4 exactJoint=0.00u pairs=30  (palette-wide exactWorst=0.00u)
[HANDS_ATTACH] mesh='hands_naked.mesh' owner='hands_naked.mesh' frame=5071 nb=38 wext=62.4 rebound=1
  TIER1 rest-coherence: worst=87.3deg bone[33]='bone_L-middlefinger03.mesh' count(>5deg)=34 freshRecap=0  xcheck(invOff-vs-restW) worst=87.3deg bone[33]
  TIER2 joint-attach(PRIMARY): worst=70.24u bone[9]='bone_R-thumb01.mesh' parent[13] R=48.5 exactJoint=2.99u pairs=30  (palette-wide exactWorst=7.89u)
[HANDS_ATTACH] mesh='hands_naked.mesh' owner='hands_naked.mesh' frame=5073 nb=40 wext=47.0 rebound=1
  TIER1 rest-coherence: worst=42.6deg bone[30]='bone_L-middlefinger03.mesh' count(>5deg)=36 freshRecap=0  xcheck(invOff-vs-restW) worst=42.6deg bone[30]
  TIER2 joint-attach(PRIMARY): worst=50.26u bone[16]='bone_R-thumb01.mesh' parent[1] R=38.3 exactJoint=1.58u pairs=36  (palette-wide exactWorst=6.77u)
[HANDS_ATTACH] mesh='hands_naked.mesh' owner='hands_naked.mesh' frame=5074 nb=38 wext=74.3 rebound=1
  TIER1 rest-coherence: worst=87.3deg bone[33]='bone_L-middlefinger03.mesh' count(>5deg)=34 freshRecap=0  xcheck(invOff-vs-restW) worst=87.3deg bone[33]
  TIER2 joint-attach(PRIMARY): worst=57.76u bone[29]='bone_L-hand.mesh' parent[22] R=49.4 exactJoint=0.00u pairs=30  (palette-wide exactWorst=0.00u)
[HANDS_ATTACH] mesh='hands_naked.mesh' owner='hands_naked.mesh' frame=5081 nb=38 wext=64.8 rebound=1
  TIER1 rest-coherence: worst=87.3deg bone[33]='bone_L-middlefinger03.mesh' count(>5deg)=34 freshRecap=0  xcheck(invOff-vs-restW) worst=87.3deg bone[33]
  TIER2 joint-attach(PRIMARY): worst=70.24u bone[9]='bone_R-thumb01.mesh' parent[13] R=48.5 exactJoint=2.99u pairs=30  (palette-wide exactWorst=7.89u)
[HANDS_ATTACH] mesh='hands_naked.mesh' owner='hands_naked.mesh' frame=5083 nb=40 wext=48.0 rebound=1
  TIER1 rest-coherence: worst=42.6deg bone[30]='bone_L-middlefinger03.mesh' count(>5deg)=36 freshRecap=0  xcheck(invOff-vs-restW) worst=42.6deg bone[30]
  TIER2 joint-attach(PRIMARY): worst=50.26u bone[16]='bone_R-thumb01.mesh' parent[1] R=38.3 exactJoint=1.58u pairs=36  (palette-wide exactWorst=6.77u)
[HANDS_ATTACH] mesh='hands_naked.mesh' owner='hands_naked.mesh' frame=5084 nb=38 wext=84.9 rebound=1
  TIER1 rest-coherence: worst=87.3deg bone[33]='bone_L-middlefinger03.mesh' count(>5deg)=34 freshRecap=0  xcheck(invOff-vs-restW) worst=87.3deg bone[33]
  TIER2 joint-attach(PRIMARY): worst=42.42u bone[29]='bone_L-hand.mesh' parent[22] R=49.4 exactJoint=0.00u pairs=30  (palette-wide exactWorst=0.00u)
[HANDS_ATTACH] mesh='hands_naked.mesh' owner='hands_naked.mesh' frame=5091 nb=38 wext=71.0 rebound=1
  TIER1 rest-coherence: worst=87.3deg bone[33]='bone_L-middlefinger03.mesh' count(>5deg)=34 freshRecap=0  xcheck(invOff-vs-restW) worst=87.3deg bone[33]
  TIER2 joint-attach(PRIMARY): worst=70.24u bone[9]='bone_R-thumb01.mesh' parent[13] R=48.5 exactJoint=2.99u pairs=30  (palette-wide exactWorst=7.89u)
[HANDS_ATTACH] mesh='hands_naked.mesh' owner='hands_naked.mesh' frame=5093 nb=40 wext=45.8 rebound=1
  TIER1 rest-coherence: worst=42.6deg bone[30]='bone_L-middlefinger03.mesh' count(>5deg)=36 freshRecap=0  xcheck(invOff-vs-restW) worst=42.6deg bone[30]
  TIER2 joint-attach(PRIMARY): worst=50.26u bone[16]='bone_R-thumb01.mesh' parent[1] R=38.3 exactJoint=1.58u pairs=36  (palette-wide exactWorst=6.77u)
[HANDS_ATTACH] mesh='hands_naked.mesh' owner='hands_naked.mesh' frame=5094 nb=38 wext=76.5 rebound=1
  TIER1 rest-coherence: worst=87.3deg bone[33]='bone_L-middlefinger03.mesh' count(>5deg)=34 freshRecap=0  xcheck(invOff-vs-restW) worst=87.3deg bone[33]
  TIER2 joint-attach(PRIMARY): worst=31.66u bone[33]='bone_L-middlefinger03.mesh' parent[26] R=47.0 exactJoint=0.00u pairs=30  (palette-wide exactWorst=0.00u)
[HANDS_ATTACH] mesh='hands_naked.mesh' owner='hands_naked.mesh' frame=5101 nb=38 wext=69.5 rebound=1
  TIER1 rest-coherence: worst=87.3deg bone[33]='bone_L-middlefinger03.mesh' count(>5deg)=34 freshRecap=0  xcheck(invOff-vs-restW) worst=87.3deg bone[33]
  TIER2 joint-attach(PRIMARY): worst=70.24u bone[9]='bone_R-thumb01.mesh' parent[13] R=48.5 exactJoint=2.99u pairs=30  (palette-wide exactWorst=7.89u)
[HANDS_ATTACH] mesh='hands_naked.mesh' owner='hands_naked.mesh' frame=5103 nb=40 wext=46.1 rebound=1
  TIER1 rest-coherence: worst=42.6deg bone[30]='bone_L-middlefinger03.mesh' count(>5deg)=36 freshRecap=0  xcheck(invOff-vs-restW) worst=42.6deg bone[30]
  TIER2 joint-attach(PRIMARY): worst=50.26u bone[16]='bone_R-thumb01.mesh' parent[1] R=38.3 exactJoint=1.58u pairs=36  (palette-wide exactWorst=6.77u)
[HANDS_ATTACH] mesh='hands_naked.mesh' owner='hands_naked.mesh' frame=5104 nb=38 wext=67.9 rebound=1
  TIER1 rest-coherence: worst=87.3deg bone[33]='bone_L-middlefinger03.mesh' count(>5deg)=34 freshRecap=0  xcheck(invOff-vs-restW) worst=87.3deg bone[33]
  TIER2 joint-attach(PRIMARY): worst=32.61u bone[18]='bone_R-pinky02.mesh' parent[14] R=47.4 exactJoint=0.00u pairs=30  (palette-wide exactWorst=0.39u)
[HANDS_ATTACH] mesh='hands_naked.mesh' owner='hands_naked.mesh' frame=5111 nb=38 wext=71.5 rebound=1
  TIER1 rest-coherence: worst=87.3deg bone[33]='bone_L-middlefinger03.mesh' count(>5deg)=34 freshRecap=0  xcheck(invOff-vs-restW) worst=87.3deg bone[33]
  TIER2 joint-attach(PRIMARY): worst=70.24u bone[9]='bone_R-thumb01.mesh' parent[13] R=48.5 exactJoint=2.99u pairs=30  (palette-wide exactWorst=7.89u)
[HANDS_ATTACH] mesh='hands_naked.mesh' owner='hands_naked.mesh' frame=5113 nb=40 wext=45.5 rebound=1
  TIER1 rest-coherence: worst=42.6deg bone[30]='bone_L-middlefinger03.mesh' count(>5deg)=36 freshRecap=0  xcheck(invOff-vs-restW) worst=42.6deg bone[30]
  TIER2 joint-attach(PRIMARY): worst=50.26u bone[16]='bone_R-thumb01.mesh' parent[1] R=38.3 exactJoint=1.58u pairs=36  (palette-wide exactWorst=6.77u)
[HANDS_ATTACH] mesh='hands_naked.mesh' owner='hands_naked.mesh' frame=5114 nb=38 wext=57.7 rebound=1
  TIER1 rest-coherence: worst=87.3deg bone[33]='bone_L-middlefinger03.mesh' count(>5deg)=34 freshRecap=0  xcheck(invOff-vs-restW) worst=87.3deg bone[33]
  TIER2 joint-attach(PRIMARY): worst=71.02u bone[18]='bone_R-pinky02.mesh' parent[14] R=47.4 exactJoint=2.44u pairs=30  (palette-wide exactWorst=10.36u)
[HANDS_ATTACH] mesh='hands_naked.mesh' owner='hands_naked.mesh' frame=5121 nb=38 wext=72.2 rebound=1
  TIER1 rest-coherence: worst=87.3deg bone[33]='bone_L-middlefinger03.mesh' count(>5deg)=34 freshRecap=0  xcheck(invOff-vs-restW) worst=87.3deg bone[33]
  TIER2 joint-attach(PRIMARY): worst=70.24u bone[9]='bone_R-thumb01.mesh' parent[13] R=48.5 exactJoint=2.99u pairs=30  (palette-wide exactWorst=7.89u)
[HANDS_ATTACH] mesh='hands_naked.mesh' owner='hands_naked.mesh' frame=5123 nb=40 wext=46.8 rebound=1
  TIER1 rest-coherence: worst=42.6deg bone[30]='bone_L-middlefinger03.mesh' count(>5deg)=36 freshRecap=0  xcheck(invOff-vs-restW) worst=42.6deg bone[30]
  TIER2 joint-attach(PRIMARY): worst=50.26u bone[16]='bone_R-thumb01.mesh' parent[1] R=38.3 exactJoint=1.58u pairs=36  (palette-wide exactWorst=6.77u)
[HANDS_ATTACH] mesh='hands_naked.mesh' owner='hands_naked.mesh' frame=5124 nb=38 wext=57.0 rebound=1
  TIER1 rest-coherence: worst=87.3deg bone[33]='bone_L-middlefinger03.mesh' count(>5deg)=34 freshRecap=0  xcheck(invOff-vs-restW) worst=87.3deg bone[33]
  TIER2 joint-attach(PRIMARY): worst=71.02u bone[18]='bone_R-pinky02.mesh' parent[14] R=47.4 exactJoint=2.44u pairs=30  (palette-wide exactWorst=10.36u)
[HANDS_ATTACH] mesh='hands_naked.mesh' owner='hands_naked.mesh' frame=5131 nb=38 wext=70.1 rebound=1
  TIER1 rest-coherence: worst=87.3deg bone[33]='bone_L-middlefinger03.mesh' count(>5deg)=34 freshRecap=0  xcheck(invOff-vs-restW) worst=87.3deg bone[33]
  TIER2 joint-attach(PRIMARY): worst=70.24u bone[9]='bone_R-thumb01.mesh' parent[13] R=48.5 exactJoint=2.99u pairs=30  (palette-wide exactWorst=7.89u)
[HANDS_ATTACH] mesh='hands_naked.mesh' owner='hands_naked.mesh' frame=5133 nb=40 wext=44.3 rebound=1
  TIER1 rest-coherence: worst=42.6deg bone[30]='bone_L-middlefinger03.mesh' count(>5deg)=36 freshRecap=0  xcheck(invOff-vs-restW) worst=42.6deg bone[30]
  TIER2 joint-attach(PRIMARY): worst=50.26u bone[16]='bone_R-thumb01.mesh' parent[1] R=38.3 exactJoint=1.58u pairs=36  (palette-wide exactWorst=6.77u)
[HANDS_ATTACH] mesh='hands_naked.mesh' owner='hands_naked.mesh' frame=5134 nb=38 wext=54.1 rebound=1
  TIER1 rest-coherence: worst=87.3deg bone[33]='bone_L-middlefinger03.mesh' count(>5deg)=34 freshRecap=0  xcheck(invOff-vs-restW) worst=87.3deg bone[33]
  TIER2 joint-attach(PRIMARY): worst=71.02u bone[18]='bone_R-pinky02.mesh' parent[14] R=47.4 exactJoint=2.44u pairs=30  (palette-wide exactWorst=10.36u)
[HANDS_ATTACH] mesh='hands_naked.mesh' owner='hands_naked.mesh' frame=5141 nb=38 wext=68.7 rebound=1
  TIER1 rest-coherence: worst=87.3deg bone[33]='bone_L-middlefinger03.mesh' count(>5deg)=34 freshRecap=0  xcheck(invOff-vs-restW) worst=87.3deg bone[33]
  TIER2 joint-attach(PRIMARY): worst=70.24u bone[9]='bone_R-thumb01.mesh' parent[13] R=48.5 exactJoint=2.99u pairs=30  (palette-wide exactWorst=7.89u)
[HANDS_ATTACH] mesh='hands_naked.mesh' owner='hands_naked.mesh' frame=5143 nb=40 wext=50.7 rebound=1
  TIER1 rest-coherence: worst=42.6deg bone[30]='bone_L-middlefinger03.mesh' count(>5deg)=36 freshRecap=0  xcheck(invOff-vs-restW) worst=42.6deg bone[30]
  TIER2 joint-attach(PRIMARY): worst=50.26u bone[16]='bone_R-thumb01.mesh' parent[1] R=38.3 exactJoint=1.58u pairs=36  (palette-wide exactWorst=6.77u)
[HANDS_ATTACH] mesh='hands_naked.mesh' owner='hands_naked.mesh' frame=5144 nb=38 wext=54.2 rebound=1
  TIER1 rest-coherence: worst=87.3deg bone[33]='bone_L-middlefinger03.mesh' count(>5deg)=34 freshRecap=0  xcheck(invOff-vs-restW) worst=87.3deg bone[33]
  TIER2 joint-attach(PRIMARY): worst=71.02u bone[18]='bone_R-pinky02.mesh' parent[14] R=47.4 exactJoint=2.44u pairs=30  (palette-wide exactWorst=10.36u)
[HANDS_ATTACH] mesh='hands_naked.mesh' owner='hands_naked.mesh' frame=5151 nb=38 wext=51.8 rebound=1
  TIER1 rest-coherence: worst=87.3deg bone[33]='bone_L-middlefinger03.mesh' count(>5deg)=34 freshRecap=0  xcheck(invOff-vs-restW) worst=87.3deg bone[33]
  TIER2 joint-attach(PRIMARY): worst=70.24u bone[9]='bone_R-thumb01.mesh' parent[13] R=48.5 exactJoint=2.99u pairs=30  (palette-wide exactWorst=7.89u)
[HANDS_ATTACH] mesh='hands_naked.mesh' owner='hands_naked.mesh' frame=5153 nb=40 wext=49.2 rebound=1
  TIER1 rest-coherence: worst=42.6deg bone[30]='bone_L-middlefinger03.mesh' count(>5deg)=36 freshRecap=0  xcheck(invOff-vs-restW) worst=42.6deg bone[30]
  TIER2 joint-attach(PRIMARY): worst=50.26u bone[16]='bone_R-thumb01.mesh' parent[1] R=38.3 exactJoint=1.58u pairs=36  (palette-wide exactWorst=6.77u)
[HANDS_ATTACH] mesh='hands_naked.mesh' owner='hands_naked.mesh' frame=5154 nb=38 wext=83.1 rebound=1
  TIER1 rest-coherence: worst=87.3deg bone[33]='bone_L-middlefinger03.mesh' count(>5deg)=34 freshRecap=0  xcheck(invOff-vs-restW) worst=87.3deg bone[33]
  TIER2 joint-attach(PRIMARY): worst=57.69u bone[13]='bone_R-hand.mesh' parent[5] R=49.4 exactJoint=0.00u pairs=30  (palette-wide exactWorst=5.50u)
[HANDS_ATTACH] mesh='hands_naked.mesh' owner='hands_naked.mesh' frame=5161 nb=38 wext=82.4 rebound=1
  TIER1 rest-coherence: worst=87.3deg bone[33]='bone_L-middlefinger03.mesh' count(>5deg)=34 freshRecap=0  xcheck(invOff-vs-restW) worst=87.3deg bone[33]
  TIER2 joint-attach(PRIMARY): worst=70.24u bone[9]='bone_R-thumb01.mesh' parent[13] R=48.5 exactJoint=2.99u pairs=30  (palette-wide exactWorst=7.89u)
[HANDS_ATTACH] mesh='hands_naked.mesh' owner='hands_naked.mesh' frame=5163 nb=40 wext=46.9 rebound=1
  TIER1 rest-coherence: worst=42.6deg bone[30]='bone_L-middlefinger03.mesh' count(>5deg)=36 freshRecap=0  xcheck(invOff-vs-restW) worst=42.6deg bone[30]
  TIER2 joint-attach(PRIMARY): worst=50.26u bone[16]='bone_R-thumb01.mesh' parent[1] R=38.3 exactJoint=1.58u pairs=36  (palette-wide exactWorst=6.77u)
[HANDS_ATTACH] mesh='hands_naked.mesh' owner='hands_naked.mesh' frame=5164 nb=38 wext=58.3 rebound=1
  TIER1 rest-coherence: worst=87.3deg bone[33]='bone_L-middlefinger03.mesh' count(>5deg)=34 freshRecap=0  xcheck(invOff-vs-restW) worst=87.3deg bone[33]
  TIER2 joint-attach(PRIMARY): worst=55.19u bone[9]='bone_R-thumb01.mesh' parent[13] R=48.5 exactJoint=0.00u pairs=30  (palette-wide exactWorst=0.00u)
[HANDS_ATTACH] mesh='hands_naked.mesh' owner='hands_naked.mesh' frame=5171 nb=38 wext=78.6 rebound=1
  TIER1 rest-coherence: worst=87.3deg bone[33]='bone_L-middlefinger03.mesh' count(>5deg)=34 freshRecap=0  xcheck(invOff-vs-restW) worst=87.3deg bone[33]
  TIER2 joint-attach(PRIMARY): worst=70.24u bone[9]='bone_R-thumb01.mesh' parent[13] R=48.5 exactJoint=2.99u pairs=30  (palette-wide exactWorst=7.89u)
[HANDS_ATTACH] mesh='hands_naked.mesh' owner='hands_naked.mesh' frame=5173 nb=40 wext=47.4 rebound=1
  TIER1 rest-coherence: worst=42.6deg bone[30]='bone_L-middlefinger03.mesh' count(>5deg)=36 freshRecap=0  xcheck(invOff-vs-restW) worst=42.6deg bone[30]
  TIER2 joint-attach(PRIMARY): worst=50.26u bone[16]='bone_R-thumb01.mesh' parent[1] R=38.3 exactJoint=1.58u pairs=36  (palette-wide exactWorst=6.77u)
[HANDS_ATTACH] mesh='hands_naked.mesh' owner='hands_naked.mesh' frame=5174 nb=38 wext=63.5 rebound=1
  TIER1 rest-coherence: worst=87.3deg bone[33]='bone_L-middlefinger03.mesh' count(>5deg)=34 freshRecap=0  xcheck(invOff-vs-restW) worst=87.3deg bone[33]
  TIER2 joint-attach(PRIMARY): worst=52.62u bone[13]='bone_R-hand.mesh' parent[5] R=49.4 exactJoint=0.00u pairs=30  (palette-wide exactWorst=1.81u)
[HANDS_ATTACH] mesh='hands_naked.mesh' owner='hands_naked.mesh' frame=5181 nb=38 wext=79.9 rebound=1
  TIER1 rest-coherence: worst=87.3deg bone[33]='bone_L-middlefinger03.mesh' count(>5deg)=34 freshRecap=0  xcheck(invOff-vs-restW) worst=87.3deg bone[33]
  TIER2 joint-attach(PRIMARY): worst=70.24u bone[9]='bone_R-thumb01.mesh' parent[13] R=48.5 exactJoint=2.99u pairs=30  (palette-wide exactWorst=7.89u)
[HANDS_ATTACH] mesh='hands_naked.mesh' owner='hands_naked.mesh' frame=5183 nb=40 wext=48.2 rebound=1
  TIER1 rest-coherence: worst=42.6deg bone[30]='bone_L-middlefinger03.mesh' count(>5deg)=36 freshRecap=0  xcheck(invOff-vs-restW) worst=42.6deg bone[30]
  TIER2 joint-attach(PRIMARY): worst=50.26u bone[16]='bone_R-thumb01.mesh' parent[1] R=38.3 exactJoint=1.58u pairs=36  (palette-wide exactWorst=6.77u)
[HANDS_ATTACH] mesh='hands_naked.mesh' owner='hands_naked.mesh' frame=5184 nb=38 wext=78.6 rebound=1
  TIER1 rest-coherence: worst=87.3deg bone[33]='bone_L-middlefinger03.mesh' count(>5deg)=34 freshRecap=0  xcheck(invOff-vs-restW) worst=87.3deg bone[33]
  TIER2 joint-attach(PRIMARY): worst=71.69u bone[18]='bone_R-pinky02.mesh' parent[14] R=47.4 exactJoint=1.85u pairs=30  (palette-wide exactWorst=10.29u)
[HANDS_ATTACH] mesh='hands_naked.mesh' owner='hands_naked.mesh' frame=5191 nb=38 wext=71.9 rebound=1
  TIER1 rest-coherence: worst=87.3deg bone[33]='bone_L-middlefinger03.mesh' count(>5deg)=34 freshRecap=0  xcheck(invOff-vs-restW) worst=87.3deg bone[33]
  TIER2 joint-attach(PRIMARY): worst=70.24u bone[9]='bone_R-thumb01.mesh' parent[13] R=48.5 exactJoint=2.99u pairs=30  (palette-wide exactWorst=7.89u)
[HANDS_ATTACH] mesh='hands_naked.mesh' owner='hands_naked.mesh' frame=5195 nb=40 wext=55.8 rebound=1
  TIER1 rest-coherence: worst=42.6deg bone[30]='bone_L-middlefinger03.mesh' count(>5deg)=36 freshRecap=0  xcheck(invOff-vs-restW) worst=42.6deg bone[30]
  TIER2 joint-attach(PRIMARY): worst=45.38u bone[16]='bone_R-thumb01.mesh' parent[1] R=38.3 exactJoint=0.00u pairs=36  (palette-wide exactWorst=5.46u)
[HANDS_ATTACH] mesh='hands_naked.mesh' owner='hands_naked.mesh' frame=5196 nb=38 wext=82.1 rebound=1
  TIER1 rest-coherence: worst=87.3deg bone[33]='bone_L-middlefinger03.mesh' count(>5deg)=34 freshRecap=0  xcheck(invOff-vs-restW) worst=87.3deg bone[33]
  TIER2 joint-attach(PRIMARY): worst=47.66u bone[29]='bone_L-hand.mesh' parent[22] R=49.4 exactJoint=0.00u pairs=30  (palette-wide exactWorst=0.00u)
[HANDS_ATTACH] mesh='hands_naked.mesh' owner='hands_naked.mesh' frame=5211 nb=38 wext=63.8 rebound=1
  TIER1 rest-coherence: worst=87.3deg bone[33]='bone_L-middlefinger03.mesh' count(>5deg)=34 freshRecap=0  xcheck(invOff-vs-restW) worst=87.3deg bone[33]
  TIER2 joint-attach(PRIMARY): worst=58.60u bone[29]='bone_L-hand.mesh' parent[22] R=49.4 exactJoint=0.14u pairs=30  (palette-wide exactWorst=4.63u)
[HANDS_ATTACH] mesh='hands_naked.mesh' owner='hands_naked.mesh' frame=5215 nb=40 wext=46.5 rebound=1
  TIER1 rest-coherence: worst=42.6deg bone[30]='bone_L-middlefinger03.mesh' count(>5deg)=36 freshRecap=0  xcheck(invOff-vs-restW) worst=42.6deg bone[30]
  TIER2 joint-attach(PRIMARY): worst=53.05u bone[16]='bone_R-thumb01.mesh' parent[1] R=38.3 exactJoint=2.09u pairs=36  (palette-wide exactWorst=5.46u)
[HANDS_ATTACH] mesh='hands_naked.mesh' owner='hands_naked.mesh' frame=5216 nb=38 wext=76.0 rebound=1
  TIER1 rest-coherence: worst=87.3deg bone[33]='bone_L-middlefinger03.mesh' count(>5deg)=34 freshRecap=0  xcheck(invOff-vs-restW) worst=87.3deg bone[33]
  TIER2 joint-attach(PRIMARY): worst=71.87u bone[29]='bone_L-hand.mesh' parent[22] R=49.4 exactJoint=0.00u pairs=30  (palette-wide exactWorst=0.00u)
[HANDS_ATTACH] mesh='hands_naked.mesh' owner='hands_naked.mesh' frame=5231 nb=38 wext=61.5 rebound=1
  TIER1 rest-coherence: worst=87.3deg bone[33]='bone_L-middlefinger03.mesh' count(>5deg)=34 freshRecap=0  xcheck(invOff-vs-restW) worst=87.3deg bone[33]
  TIER2 joint-attach(PRIMARY): worst=54.80u bone[29]='bone_L-hand.mesh' parent[22] R=49.4 exactJoint=0.14u pairs=30  (palette-wide exactWorst=4.63u)
[HANDS_ATTACH] mesh='hands_naked.mesh' owner='hands_naked.mesh' frame=5235 nb=40 wext=43.8 rebound=1
  TIER1 rest-coherence: worst=42.6deg bone[30]='bone_L-middlefinger03.mesh' count(>5deg)=36 freshRecap=0  xcheck(invOff-vs-restW) worst=42.6deg bone[30]
  TIER2 joint-attach(PRIMARY): worst=52.84u bone[16]='bone_R-thumb01.mesh' parent[1] R=38.3 exactJoint=2.33u pairs=36  (palette-wide exactWorst=5.46u)
[HANDS_ATTACH] mesh='hands_naked.mesh' owner='hands_naked.mesh' frame=5236 nb=38 wext=63.1 rebound=1
  TIER1 rest-coherence: worst=87.3deg bone[33]='bone_L-middlefinger03.mesh' count(>5deg)=34 freshRecap=0  xcheck(invOff-vs-restW) worst=87.3deg bone[33]
  TIER2 joint-attach(PRIMARY): worst=56.29u bone[29]='bone_L-hand.mesh' parent[22] R=49.4 exactJoint=0.00u pairs=30  (palette-wide exactWorst=0.00u)
[HANDS_ATTACH] mesh='hands_naked.mesh' owner='hands_naked.mesh' frame=5251 nb=38 wext=57.8 rebound=1
  TIER1 rest-coherence: worst=87.3deg bone[33]='bone_L-middlefinger03.mesh' count(>5deg)=34 freshRecap=0  xcheck(invOff-vs-restW) worst=87.3deg bone[33]
  TIER2 joint-attach(PRIMARY): worst=67.99u bone[13]='bone_R-hand.mesh' parent[5] R=49.4 exactJoint=0.33u pairs=30  (palette-wide exactWorst=4.60u)
[HANDS_ATTACH] mesh='hands_naked.mesh' owner='hands_naked.mesh' frame=5255 nb=40 wext=60.9 rebound=1
  TIER1 rest-coherence: worst=42.6deg bone[30]='bone_L-middlefinger03.mesh' count(>5deg)=36 freshRecap=0  xcheck(invOff-vs-restW) worst=42.6deg bone[30]
  TIER2 joint-attach(PRIMARY): worst=39.83u bone[14]='bone_R-pinky01.mesh' parent[11] R=39.0 exactJoint=0.00u pairs=36  (palette-wide exactWorst=5.46u)
[HANDS_ATTACH] mesh='hands_naked.mesh' owner='hands_naked.mesh' frame=5256 nb=38 wext=71.4 rebound=1
  TIER1 rest-coherence: worst=87.3deg bone[33]='bone_L-middlefinger03.mesh' count(>5deg)=34 freshRecap=0  xcheck(invOff-vs-restW) worst=87.3deg bone[33]
  TIER2 joint-attach(PRIMARY): worst=49.91u bone[29]='bone_L-hand.mesh' parent[22] R=49.4 exactJoint=0.00u pairs=30  (palette-wide exactWorst=0.00u)
[HANDS_ATTACH] mesh='hands_naked.mesh' owner='hands_naked.mesh' frame=5271 nb=38 wext=65.5 rebound=1
  TIER1 rest-coherence: worst=87.3deg bone[33]='bone_L-middlefinger03.mesh' count(>5deg)=34 freshRecap=0  xcheck(invOff-vs-restW) worst=87.3deg bone[33]
  TIER2 joint-attach(PRIMARY): worst=84.83u bone[13]='bone_R-hand.mesh' parent[5] R=49.4 exactJoint=0.33u pairs=30  (palette-wide exactWorst=4.60u)
[HANDS_ATTACH] mesh='hands_naked.mesh' owner='hands_naked.mesh' frame=5275 nb=40 wext=61.0 rebound=1
  TIER1 rest-coherence: worst=42.6deg bone[30]='bone_L-middlefinger03.mesh' count(>5deg)=36 freshRecap=0  xcheck(invOff-vs-restW) worst=42.6deg bone[30]
  TIER2 joint-attach(PRIMARY): worst=63.86u bone[9]='bone_R-pinky02.mesh' parent[14] R=38.4 exactJoint=0.00u pairs=36  (palette-wide exactWorst=6.40u)
[HANDS_ATTACH] mesh='hands_naked.mesh' owner='hands_naked.mesh' frame=5276 nb=38 wext=73.0 rebound=1
  TIER1 rest-coherence: worst=87.3deg bone[33]='bone_L-middlefinger03.mesh' count(>5deg)=34 freshRecap=0  xcheck(invOff-vs-restW) worst=87.3deg bone[33]
  TIER2 joint-attach(PRIMARY): worst=47.74u bone[29]='bone_L-hand.mesh' parent[22] R=49.4 exactJoint=0.00u pairs=30  (palette-wide exactWorst=0.00u)
[HANDS_ATTACH] mesh='hands_naked.mesh' owner='hands_naked.mesh' frame=5291 nb=38 wext=65.7 rebound=1
  TIER1 rest-coherence: worst=87.3deg bone[33]='bone_L-middlefinger03.mesh' count(>5deg)=34 freshRecap=0  xcheck(invOff-vs-restW) worst=87.3deg bone[33]
  TIER2 joint-attach(PRIMARY): worst=80.86u bone[13]='bone_R-hand.mesh' parent[5] R=49.4 exactJoint=0.33u pairs=30  (palette-wide exactWorst=4.57u)
[HANDS_ATTACH] mesh='hands_naked.mesh' owner='hands_naked.mesh' frame=5295 nb=40 wext=59.6 rebound=1
  TIER1 rest-coherence: worst=42.6deg bone[30]='bone_L-middlefinger03.mesh' count(>5deg)=36 freshRecap=0  xcheck(invOff-vs-restW) worst=42.6deg bone[30]
  TIER2 joint-attach(PRIMARY): worst=48.79u bone[16]='bone_R-thumb01.mesh' parent[1] R=38.3 exactJoint=0.00u pairs=36  (palette-wide exactWorst=5.46u)
[HANDS_ATTACH] mesh='hands_naked.mesh' owner='hands_naked.mesh' frame=5296 nb=38 wext=53.0 rebound=1
  TIER1 rest-coherence: worst=87.3deg bone[33]='bone_L-middlefinger03.mesh' count(>5deg)=34 freshRecap=0  xcheck(invOff-vs-restW) worst=87.3deg bone[33]
  TIER2 joint-attach(PRIMARY): worst=71.02u bone[18]='bone_R-pinky02.mesh' parent[14] R=47.4 exactJoint=2.44u pairs=30  (palette-wide exactWorst=10.36u)
[HANDS_ATTACH] mesh='hands_naked.mesh' owner='hands_naked.mesh' frame=5307 nb=38 wext=64.8 rebound=1
  TIER1 rest-coherence: worst=87.3deg bone[33]='bone_L-middlefinger03.mesh' count(>5deg)=34 freshRecap=0  xcheck(invOff-vs-restW) worst=87.3deg bone[33]
  TIER2 joint-attach(PRIMARY): worst=83.08u bone[13]='bone_R-hand.mesh' parent[5] R=49.4 exactJoint=0.33u pairs=30  (palette-wide exactWorst=4.57u)
[HANDS_ATTACH] mesh='hands_naked.mesh' owner='hands_naked.mesh' frame=5309 nb=40 wext=68.5 rebound=1
  TIER1 rest-coherence: worst=42.6deg bone[30]='bone_L-middlefinger03.mesh' count(>5deg)=36 freshRecap=0  xcheck(invOff-vs-restW) worst=42.6deg bone[30]
  TIER2 joint-attach(PRIMARY): worst=43.21u bone[4]='bone_R-middlefinger01.mesh' parent[1] R=38.2 exactJoint=0.00u pairs=36  (palette-wide exactWorst=7.09u)
[HANDS_ATTACH] mesh='hands_naked.mesh' owner='hands_naked.mesh' frame=5309 nb=38 wext=57.6 rebound=1
  TIER1 rest-coherence: worst=87.3deg bone[33]='bone_L-middlefinger03.mesh' count(>5deg)=34 freshRecap=0  xcheck(invOff-vs-restW) worst=87.3deg bone[33]
  TIER2 joint-attach(PRIMARY): worst=71.02u bone[18]='bone_R-pinky02.mesh' parent[14] R=47.4 exactJoint=2.44u pairs=30  (palette-wide exactWorst=10.36u)
[HANDS_ATTACH] mesh='hands_naked.mesh' owner='hands_naked.mesh' frame=5317 nb=38 wext=66.8 rebound=1
  TIER1 rest-coherence: worst=87.3deg bone[33]='bone_L-middlefinger03.mesh' count(>5deg)=34 freshRecap=0  xcheck(invOff-vs-restW) worst=87.3deg bone[33]
  TIER2 joint-attach(PRIMARY): worst=85.53u bone[13]='bone_R-hand.mesh' parent[5] R=49.4 exactJoint=0.33u pairs=30  (palette-wide exactWorst=4.56u)
[HANDS_ATTACH] mesh='hands_naked.mesh' owner='hands_naked.mesh' frame=5319 nb=40 wext=74.9 rebound=1
  TIER1 rest-coherence: worst=42.6deg bone[30]='bone_L-middlefinger03.mesh' count(>5deg)=36 freshRecap=0  xcheck(invOff-vs-restW) worst=42.6deg bone[30]
  TIER2 joint-attach(PRIMARY): worst=29.21u bone[4]='bone_R-middlefinger01.mesh' parent[1] R=38.2 exactJoint=0.00u pairs=36  (palette-wide exactWorst=5.46u)
[HANDS_ATTACH] mesh='hands_naked.mesh' owner='hands_naked.mesh' frame=5319 nb=38 wext=54.3 rebound=1
  TIER1 rest-coherence: worst=87.3deg bone[33]='bone_L-middlefinger03.mesh' count(>5deg)=34 freshRecap=0  xcheck(invOff-vs-restW) worst=87.3deg bone[33]
  TIER2 joint-attach(PRIMARY): worst=71.02u bone[18]='bone_R-pinky02.mesh' parent[14] R=47.4 exactJoint=2.44u pairs=30  (palette-wide exactWorst=10.36u)
[HANDS_ATTACH] mesh='hands_naked.mesh' owner='hands_naked.mesh' frame=5327 nb=38 wext=72.7 rebound=1
  TIER1 rest-coherence: worst=87.3deg bone[33]='bone_L-middlefinger03.mesh' count(>5deg)=34 freshRecap=0  xcheck(invOff-vs-restW) worst=87.3deg bone[33]
  TIER2 joint-attach(PRIMARY): worst=86.86u bone[29]='bone_L-hand.mesh' parent[22] R=49.4 exactJoint=0.14u pairs=30  (palette-wide exactWorst=4.53u)
[HANDS_ATTACH] mesh='hands_naked.mesh' owner='hands_naked.mesh' frame=5329 nb=40 wext=78.0 rebound=1
  TIER1 rest-coherence: worst=42.6deg bone[30]='bone_L-middlefinger03.mesh' count(>5deg)=36 freshRecap=0  xcheck(invOff-vs-restW) worst=42.6deg bone[30]
  TIER2 joint-attach(PRIMARY): worst=43.55u bone[4]='bone_R-middlefinger01.mesh' parent[1] R=38.2 exactJoint=0.00u pairs=36  (palette-wide exactWorst=6.54u)
[HANDS_ATTACH] mesh='hands_naked.mesh' owner='hands_naked.mesh' frame=5329 nb=38 wext=79.6 rebound=1
  TIER1 rest-coherence: worst=87.3deg bone[33]='bone_L-middlefinger03.mesh' count(>5deg)=34 freshRecap=0  xcheck(invOff-vs-restW) worst=87.3deg bone[33]
  TIER2 joint-attach(PRIMARY): worst=67.87u bone[13]='bone_R-hand.mesh' parent[5] R=49.4 exactJoint=0.00u pairs=30  (palette-wide exactWorst=5.10u)
[HANDS_ATTACH] mesh='hands_naked.mesh' owner='hands_naked.mesh' frame=5337 nb=38 wext=68.4 rebound=1
  TIER1 rest-coherence: worst=87.3deg bone[33]='bone_L-middlefinger03.mesh' count(>5deg)=34 freshRecap=0  xcheck(invOff-vs-restW) worst=87.3deg bone[33]
  TIER2 joint-attach(PRIMARY): worst=80.05u bone[29]='bone_L-hand.mesh' parent[22] R=49.4 exactJoint=0.14u pairs=30  (palette-wide exactWorst=4.51u)
[HANDS_ATTACH] mesh='hands_naked.mesh' owner='hands_naked.mesh' frame=5339 nb=40 wext=44.5 rebound=1
  TIER1 rest-coherence: worst=42.6deg bone[30]='bone_L-middlefinger03.mesh' count(>5deg)=36 freshRecap=0  xcheck(invOff-vs-restW) worst=42.6deg bone[30]
  TIER2 joint-attach(PRIMARY): worst=52.72u bone[16]='bone_R-thumb01.mesh' parent[1] R=38.3 exactJoint=2.48u pairs=36  (palette-wide exactWorst=5.46u)
[HANDS_ATTACH] mesh='hands_naked.mesh' owner='hands_naked.mesh' frame=5339 nb=38 wext=84.9 rebound=1
  TIER1 rest-coherence: worst=87.3deg bone[33]='bone_L-middlefinger03.mesh' count(>5deg)=34 freshRecap=0  xcheck(invOff-vs-restW) worst=87.3deg bone[33]
  TIER2 joint-attach(PRIMARY): worst=51.25u bone[13]='bone_R-hand.mesh' parent[5] R=49.4 exactJoint=0.00u pairs=30  (palette-wide exactWorst=4.33u)
[HANDS_ATTACH] mesh='hands_naked.mesh' owner='hands_naked.mesh' frame=5347 nb=38 wext=67.7 rebound=1
  TIER1 rest-coherence: worst=87.3deg bone[33]='bone_L-middlefinger03.mesh' count(>5deg)=34 freshRecap=0  xcheck(invOff-vs-restW) worst=87.3deg bone[33]
  TIER2 joint-attach(PRIMARY): worst=78.07u bone[29]='bone_L-hand.mesh' parent[22] R=49.4 exactJoint=0.14u pairs=30  (palette-wide exactWorst=4.48u)
[HANDS_ATTACH] mesh='hands_naked.mesh' owner='hands_naked.mesh' frame=5349 nb=40 wext=43.7 rebound=1
  TIER1 rest-coherence: worst=42.6deg bone[30]='bone_L-middlefinger03.mesh' count(>5deg)=36 freshRecap=0  xcheck(invOff-vs-restW) worst=42.6deg bone[30]
  TIER2 joint-attach(PRIMARY): worst=53.89u bone[16]='bone_R-thumb01.mesh' parent[1] R=38.3 exactJoint=0.89u pairs=36  (palette-wide exactWorst=5.46u)
[HANDS_ATTACH] mesh='hands_naked.mesh' owner='hands_naked.mesh' frame=5349 nb=38 wext=63.0 rebound=1
  TIER1 rest-coherence: worst=87.3deg bone[33]='bone_L-middlefinger03.mesh' count(>5deg)=34 freshRecap=0  xcheck(invOff-vs-restW) worst=87.3deg bone[33]
  TIER2 joint-attach(PRIMARY): worst=71.02u bone[18]='bone_R-pinky02.mesh' parent[14] R=47.4 exactJoint=2.44u pairs=30  (palette-wide exactWorst=10.36u)
[HANDS_ATTACH] mesh='hands_naked.mesh' owner='hands_naked.mesh' frame=5357 nb=38 wext=68.1 rebound=1
  TIER1 rest-coherence: worst=87.3deg bone[33]='bone_L-middlefinger03.mesh' count(>5deg)=34 freshRecap=0  xcheck(invOff-vs-restW) worst=87.3deg bone[33]
  TIER2 joint-attach(PRIMARY): worst=79.43u bone[29]='bone_L-hand.mesh' parent[22] R=49.4 exactJoint=0.14u pairs=30  (palette-wide exactWorst=4.47u)
[HANDS_ATTACH] mesh='hands_naked.mesh' owner='hands_naked.mesh' frame=5359 nb=40 wext=43.2 rebound=1
  TIER1 rest-coherence: worst=42.6deg bone[30]='bone_L-middlefinger03.mesh' count(>5deg)=36 freshRecap=0  xcheck(invOff-vs-restW) worst=42.6deg bone[30]
  TIER2 joint-attach(PRIMARY): worst=53.89u bone[16]='bone_R-thumb01.mesh' parent[1] R=38.3 exactJoint=0.89u pairs=36  (palette-wide exactWorst=5.46u)
[HANDS_ATTACH] mesh='hands_naked.mesh' owner='hands_naked.mesh' frame=5359 nb=38 wext=67.9 rebound=1
  TIER1 rest-coherence: worst=87.3deg bone[33]='bone_L-middlefinger03.mesh' count(>5deg)=34 freshRecap=0  xcheck(invOff-vs-restW) worst=87.3deg bone[33]
  TIER2 joint-attach(PRIMARY): worst=69.54u bone[18]='bone_R-pinky02.mesh' parent[14] R=47.4 exactJoint=0.00u pairs=30  (palette-wide exactWorst=8.36u)
