# R2 PaletteFrame v1
mesh hands_naked.mesh
owner hands_naked.mesh
owner_ptr 0x55efe581b2a0
frame 3
dump_index 0
nb 38
arm bad-torn
rebound 1
# bone idx name parent  off(mx.x..mz.z,v)  world(mx.x..mz.z,v)  palette[16]
bone 0 bone_R-foreTwist1.mesh -1 0.7272136 0.1009443 -0.6789481 0.1683611 -0.9851438 0.0338608 -0.6654435 -0.1389325 -0.733405 23.72533 4.170538 47.23258 0.7272642 0.1683456 -0.6653925 0.1008819 -0.9851438 -0.1389807 -0.6789036 0.03394965 -0.7334425 14.41208 -1.474146 50.98503 1 -7.15591e-05 5.760789e-05 0 7.159635e-05 1.000001 5.485676e-05 0 -5.766749e-05 -5.483069e-05 1 0 0.02102852 0.01485765 -0.02362442 1
bone 1 bone_R-middlefinger01.mesh 13 0.4186414 -0.9080506 -0.01362404 0.04382908 0.005218262 0.9990261 -0.9070943 -0.41883 0.04198436 27.8397 39.14562 -2.166596 0.4186522 0.04409675 -0.9070159 -0.9080049 0.005207185 -0.418905 -0.01375091 0.9989505 0.04221842 23.87608 0.7648767 41.71167 0.9999669 0.0001226012 9.730412e-05 0 -0.0001265882 0.9999375 0.0002376698 0 -3.465294e-05 -0.0002405345 0.9999715 0 0.01661301 0.03203297 -0.02914429 1
bone 2 bone_R-pinky03.mesh 18 -0.2888348 -0.9571343 0.02160574 -0.1188199 0.0582319 0.9912068 -0.949977 0.2837277 -0.130546 44.13351 11.84696 6.078247 -0.2878382 -0.08654188 -0.953689 -0.9550006 0.09906326 0.2791917 0.07031525 0.991246 -0.1111809 23.99955 -1.439924 39.304 0.9987207 -0.04840394 0.005832475 0 0.04828635 0.9985813 0.01937181 0 -0.006699848 -0.01908337 0.9997112 0 0.4097767 1.939315 -0.1538506 1
bone 3 bone_R-index02.mesh 8 0.2347726 -0.9695998 -0.06897459 0.1130243 -0.04324733 0.9926507 -0.9654568 -0.2408437 0.09943506 32.72797 33.48393 -4.195203 0.2350229 0.1132909 -0.9652988 -0.9694781 -0.04322755 -0.2411743 -0.06905425 0.9925572 0.09967635 24.51301 1.94103 40.04121 0.9999456 4.979968e-05 0.0003417353 0 -5.611032e-05 0.9999366 0.000271745 0 -0.0002782084 -0.0002713948 0.999951 0 0.03259277 0.0374037 -0.04468918 1
bone 4 bone_R-middlefinger03.mesh 11 -0.2981261 -0.9544302 -0.01362451 0.03601981 -0.02551171 0.9990259 -0.953847 0.297345 0.04198482 44.18354 12.20062 -2.166957 -0.2981554 0.0362027 -0.9536731 -0.9542373 -0.02569935 0.2973049 -0.01375091 0.9989505 0.04221842 24.79721 0.9097816 38.58312 0.9998281 0.0001250478 -1.712714e-05 0 -0.0001327964 0.9999371 0.0002414174 0 7.963274e-05 -0.0002326518 0.9998329 0 0.01115608 0.0311141 -0.01771927 1
bone 5 bone_R-foreArm.mesh -1 0.7272137 0.09693131 -0.6795328 0.1683611 -0.9849269 0.03968058 -0.6654437 -0.1432632 -0.7325715 23.72533 4.449523 47.20712 0.7271936 0.1685806 -0.6653146 0.09704433 -0.9848211 -0.1434685 -0.6794877 0.03976942 -0.7326084 14.41208 -1.474146 50.98503 0.9999659 0.0001094677 9.891391e-05 0 -0.0001129415 0.9999374 0.0002226103 0 -3.5882e-05 -0.000226235 0.9999712 0 0.02013206 0.02089965 -0.02248001 1
bone 6 bone_R-foreTwist2.mesh 0 0.7272136 0.1049538 -0.6783397 0.1683611 -0.9853267 0.02803994 -0.6654436 -0.1345971 -0.7342129 18.67273 3.891413 47.25638 0.7272642 0.1683455 -0.6653923 0.1048912 -0.985327 -0.134645 -0.6782957 0.02812871 -0.7342509 18.07648 -0.6259188 47.63239 1 -7.15144e-05 5.766749e-05 0 7.15591e-05 1.000001 5.481206e-05 0 -5.790591e-05 -5.478226e-05 1 0 0.01086235 0.0124988 -0.01430511 1
bone 7 bone_L-index03.mesh 21 -0.008342717 0.9976802 -0.06755348 0.1002321 -0.06638134 -0.9927467 -0.994929 -0.01505372 -0.09944606 38.497 25.40034 4.206214 -0.008840442 0.1005118 -0.9947803 0.997541 -0.06654114 -0.01565176 -0.0677798 -0.9926433 -0.0996923 -24.75388 2.033461 39.07313 0.9998794 -0.0001688078 -0.0005817218 0 0.0001839697 0.9999349 0.0002992377 0 0.0005193437 -0.0002859011 0.9998853 0 -0.0414238 0.03742433 -0.03981781 1
bone 8 bone_R-index01.mesh 13 0.4650991 -0.8825672 -0.06897422 0.1201742 -0.01424742 0.9926509 -0.8770636 -0.4699703 0.09943537 25.46513 40.47992 -4.195221 0.4651025 0.1204266 -0.8769633 -0.8825208 -0.01419358 -0.4700444 -0.06905425 0.9925572 0.09967635 23.60883 1.706917 41.74606 0.9999656 7.624924e-05 9.58438e-05 0 -7.980317e-05 0.9999372 0.0002523661 0 -3.23453e-05 -0.0002559796 0.9999709 0 0.01805878 0.03504562 -0.03145218 1
bone 9 bone_R-thumb01.mesh 13 0.01392882 0.6867319 -0.7267773 0.7907214 -0.4524524 -0.412368 -0.6120182 -0.5689346 -0.5493156 25.84729 10.26974 39.70214 0.01389719 0.7908072 -0.6118272 0.6867643 -0.4522515 -0.5689443 -0.7267005 -0.4122699 -0.5494648 21.45755 0.5922028 43.43658 0.9999659 6.791949e-05 0.0001043081 0 -7.131696e-05 0.9999374 0.0002170652 0 -4.130602e-05 -0.0002205372 0.999971 0 0.01807785 0.01991618 -0.03533936 1
bone 10 bone_R-index03.mesh 3 0.008369944 -0.9975832 -0.06897411 0.1002447 -0.06779194 0.9926509 -0.9949278 -0.01522344 0.09943508 38.5034 25.40121 -4.195216 0.008929923 0.1005219 -0.9947785 -0.9974528 -0.0678001 -0.01586865 -0.06905425 0.9925572 0.09967635 24.74611 2.053398 39.08378 0.9998798 1.685321e-05 0.0006289692 0 -3.232807e-05 0.9999359 0.0002982765 0 -0.0005663787 -0.0002848506 0.9998856 0 0.04313278 0.03763509 -0.03982162 1
bone 11 bone_R-middlefinger02.mesh 1 0.006723399 -0.9998854 -0.01362452 0.04207848 -0.01332931 0.9990258 -0.999092 -0.007289769 0.04198482 39.51285 25.07774 -2.166601 0.006604046 0.04231247 -0.9989862 -0.9997826 -0.01345471 -0.007242411 -0.01375091 0.9989505 0.04221842 24.78961 0.8610991 39.7325 0.9998998 0.0001274329 -5.020684e-05 0 -0.0001332136 0.9999371 0.0002379976 0 0.0001128055 -0.0002352111 0.9999044 0 0.008054733 0.0312441 -0.01338196 1
bone 12 bone_R-ringfinger03.mesh 17 -0.1354629 -0.9907815 0.001636452 -0.01121335 0.003184347 0.9999326 -0.990719 0.135436 -0.01154146 41.73606 19.06154 0.7464449 -0.1352824 -0.009083485 -0.9906482 -0.9906642 0.006194974 0.1351677 0.004906412 0.9998764 -0.009842649 24.55187 -0.285804 38.72836 0.9998656 -0.003271141 0.0002582681 0 0.003268432 0.9999306 0.001696921 0 -0.0002014664 -0.001701826 0.9998742 0 0.02579308 0.1995255 -0.04822922 1
bone 13 bone_R-hand.mesh 5 0.6168389 -0.7860869 -0.03971361 0.0770203 0.01006956 0.9969794 -0.7833123 -0.6180339 0.06675594 21.25936 44.45818 -2.308194 0.6168556 0.07725474 -0.783197 -0.7860258 0.01014912 -0.6181079 -0.03980452 0.9968964 0.06698316 21.76902 0.2313647 44.25412 0.9999658 8.527935e-05 0.0001199963 0 -8.881465e-05 0.9999375 0.0002346858 0 -5.714409e-05 -0.0002383366 0.9999712 0 0.02956772 0.0239327 -0.03070831 1
bone 14 bone_R-pinky01.mesh -1 0.2465772 -0.9665621 0.07040659 -0.125529 0.04018397 0.9912764 -0.9609594 -0.2532645 -0.1114231 33.89858 33.34676 4.147588 0.2466485 -0.1252716 -0.9609272 -0.9665154 0.04014951 -0.2533762 0.07031525 0.991246 -0.1111809 23.62385 -1.175625 41.42289 0.9999657 9.414554e-05 0.0001331829 0 -9.812415e-05 0.9999374 0.0002316236 0 -6.980635e-05 -0.0002352446 0.9999713 0 0.04636955 0.02798212 -0.06158066 1
bone 15 bone_R-ringfinger01.mesh -1 0.4079659 -0.9129838 0.004990196 -0.01123379 0.0004454743 0.9999374 -0.9129285 -0.4079957 -0.01007441 28.17108 38.6558 0.6058396 0.4080268 -0.01098599 -0.9128452 -0.9129193 0.0004673582 -0.4081157 0.004906412 0.9998764 -0.009842649 23.81016 -0.2553042 41.45782 0.999966 8.097803e-05 0.0001441215 0 -8.426281e-05 0.9999374 0.0002308702 0 -8.152629e-05 -0.0002344148 0.999971 0 0.01806068 0.05903932 -0.04001617 1
bone 16 bone_R-thumb02.mesh 9 0.2872834 0.6239097 -0.726777 0.5439324 -0.7308152 -0.4123683 -0.78842 -0.276851 -0.5493158 25.69359 -0.001192701 39.70215 0.28734 0.5439583 -0.7882448 0.6238769 -0.7307023 -0.27681 -0.7267005 -0.4122699 -0.5494648 21.48953 2.411926 42.02871 0.99994 6.28829e-06 0.0001842976 0 2.31564e-05 0.9998919 0.000126943 0 -7.736683e-05 -0.00010553 0.9999328 0 0.02000618 0.02103758 -0.03873825 1
bone 17 bone_R-ringfinger02.mesh 15 -0.03575303 -0.9993485 0.004989728 -0.009889978 0.005346296 0.9999372 -0.9993118 0.03570211 -0.01007456 40.60467 23.13972 0.6058536 -0.03560862 -0.009657294 -0.9992186 -0.9992459 0.005256364 0.03549618 0.004906412 0.9998764 -0.009842649 24.58718 -0.2762254 39.71944 0.9998925 8.144928e-05 0.0002029261 0 -8.399226e-05 0.9999372 0.000229991 0 -0.0001404984 -0.0002350081 0.9998974 0 0.02200699 0.05905288 -0.03808594 1
bone 18 bone_R-pinky02.mesh 14 0.005239901 -0.9990633 0.04294946 -0.1252557 0.04195663 0.9912373 -0.9921109 -0.01057398 -0.1249185 39.42423 24.41056 5.345521 0.005705327 -0.11185 -0.993663 -0.9974593 0.06923884 -0.0135842 0.07031525 0.991246 -0.1111809 23.9957 -1.364486 39.97419 0.9995749 -0.02718659 0.003589619 0 0.02713443 0.9994749 0.01368536 0 -0.003896876 -0.01358955 0.9998561 0 0.2479553 1.214802 -0.1261253 1
bone 19 bone_R-thumb03.mesh 16 0.4102215 0.5509205 -0.726777 0.380856 -0.8275879 -0.4123685 -0.8286539 -0.107635 -0.5493159 24.00946 -5.081711 39.70216 0.4103563 0.3807001 -0.8284345 0.550748 -0.8275017 -0.107447 -0.7267005 -0.4122699 -0.5494648 21.82013 3.037776 41.12179 0.9999045 -8.797646e-05 0.0003018975 0 0.0001626909 0.9998295 -1.044571e-05 0 -0.0001349747 6.596744e-05 0.9998803 0 0.02223778 0.01529789 -0.03739548 1
bone 20 bone_L-foreTwist2.mesh 28 -0.7273377 -0.1035373 -0.6784242 0.1673323 -0.9854738 -0.02899936 -0.6655669 -0.1346147 0.7340978 18.6684 3.902233 -47.25114 -0.7273313 0.1674284 -0.6655508 -0.1036181 -0.9854587 -0.1346689 -0.6784191 -0.02898573 0.734103 -18.08272 -0.6374459 47.62318 0.9999998 -8.057244e-05 -9.864569e-06 0 8.061342e-05 1 5.593896e-05 0 1.016259e-05 -5.588122e-05 1 0 -0.009096146 0.01229262 -0.0143013 1
bone 21 bone_L-index02.mesh 30 -0.2347683 0.9697007 -0.06755328 0.1126919 -0.04187567 -0.9927469 -0.9654967 -0.2406787 -0.09944656 32.72194 33.48164 4.206239 -0.2349558 0.1129954 -0.9653499 0.9695842 -0.04200363 -0.2409635 -0.0677798 -0.9926433 -0.0996923 -24.52083 1.921386 40.03061 0.9999454 -0.0002023727 -0.0002943357 0 0.0002085939 0.9999361 0.0002726242 0 0.0002312092 -0.0002723113 0.9999509 0 -0.03087425 0.0371685 -0.04468918 1
bone 22 bone_L-foreArm.mesh -1 -0.7273378 -0.09551378 -0.6796002 0.1673323 -0.9850622 -0.04064168 -0.6655668 -0.1432794 0.7324558 23.72099 4.46028 -47.20173 -0.7272611 0.1676635 -0.6654726 -0.09577009 -0.9849426 -0.1434906 -0.6795962 -0.04062788 0.7324606 -14.41799 -1.481052 50.97663 0.9999656 -0.0002616663 -5.164742e-05 0 0.0002651252 0.9999365 0.0002236236 0 -1.147389e-05 -0.000227388 0.9999708 0 -0.01838684 0.02067769 -0.02245712 1
bone 23 bone_L-middlefinger01.mesh 29 -0.4185486 0.9081137 -0.01220369 0.04323624 0.006502282 -0.9990437 -0.9071652 -0.4186758 -0.04198582 27.83506 39.14195 2.177897 -0.4185103 0.04356945 -0.9071069 0.9080886 0.006353701 -0.4187075 -0.01248094 -0.9989669 -0.04222234 -23.88279 0.7460358 41.70121 0.9999669 -0.0002749749 -5.040964e-05 0 0.0002788398 0.9999367 0.000239525 0 -1.27175e-05 -0.0002423897 0.9999713 0 -0.01486778 0.03184289 -0.02914429 1
bone 24 bone_L-thumb03.mesh 31 -0.410619 -0.5497312 -0.7274533 0.380275 -0.828366 0.4113401 -0.8287236 -0.1077282 0.5491918 24.00133 -5.071888 -39.70286 -0.4106563 0.3801827 -0.8285235 -0.5496799 -0.828196 -0.1075675 -0.7273396 0.4113517 0.5493072 -21.82958 3.021528 41.11177 0.999905 -6.428361e-05 -0.0002546608 0 -1.010299e-05 0.9998289 -9.402633e-06 0 8.755922e-05 6.464124e-05 0.99988 0 -0.02049255 0.01509476 -0.03738403 1
bone 25 bone_L-thumb01.mesh 29 -0.01494284 -0.6859943 -0.7274535 0.7907002 -0.453423 0.4113397 -0.6120209 -0.5690508 0.5491916 25.83497 10.27302 -39.70286 -0.0147622 0.7907897 -0.6118295 -0.6860693 -0.4531172 -0.5690941 -0.7273396 0.4113517 0.5493072 -21.46442 0.5764123 43.42664 0.999966 -0.00022012 -5.763769e-05 0 0.0002234578 0.9999366 0.0002184957 0 -5.751848e-06 -0.0002221614 0.9999707 0 -0.01634026 0.01971918 -0.03533936 1
bone 26 bone_L-middlefinger02.mesh 23 -0.006612855 0.9999046 -0.01220443 0.04206736 -0.0119154 -0.9990437 -0.9990934 -0.007120013 -0.04198531 39.50712 25.07631 2.177858 -0.006440192 0.04230534 -0.9989876 0.9998003 -0.01219285 -0.007024974 -0.01248094 -0.9989669 -0.04222234 -24.79601 0.8411075 39.72184 0.9998998 -0.0002796277 9.715679e-05 0 0.0002850546 0.9999365 0.0002409033 0 -0.0001602211 -0.000238236 0.9999046 0 -0.006319046 0.03110969 -0.01340103 1
bone 27 bone_L-ringfinger01.mesh -1 -0.4077946 0.9130513 0.00640279 -0.01181121 0.001736323 -0.9999282 -0.9129971 -0.4078409 0.01007582 28.167 38.65223 -0.5942736 -0.4078141 -0.01149982 -0.912934 0.9130067 0.001620066 -0.4079171 0.006166227 -0.9998693 0.009842776 -23.81705 -0.3136136 41.44471 0.9999658 -0.0002331841 -9.665962e-05 0 0.00023627 0.9999362 0.0002325131 0 3.375799e-05 -0.0002359301 0.9999706 0 -0.01787376 0.01928598 -0.04265594 1
bone 28 bone_L-foreTwist1.mesh -1 -0.7273377 -0.09952741 -0.6790241 0.1673324 -0.9852854 -0.03482117 -0.6655669 -0.1389496 0.7332898 23.721 4.181334 -47.22727 -0.7273312 0.1674284 -0.6655508 -0.09960818 -0.98527 -0.1390037 -0.6790194 -0.03480735 0.7332945 -14.41799 -1.481052 50.97663 0.9999997 -8.059852e-05 -9.775162e-06 0 8.064136e-05 1 5.590357e-05 0 1.016259e-05 -5.582534e-05 1 0 -0.01927185 0.01463163 -0.02361679 1
bone 29 bone_L-hand.mesh 22 -0.6168138 0.7861769 -0.03829215 0.07614767 0.01118104 -0.9970338 -0.7834169 -0.6179003 -0.06676215 21.25529 44.45358 2.31939 -0.6167822 0.07647711 -0.7833312 0.7861467 0.01114193 -0.6179369 -0.03853172 -0.9969457 -0.06699276 -21.77561 0.2151804 44.24412 0.9999657 -0.0002374165 -7.301359e-05 0 0.0002408326 0.9999366 0.0002360269 0 9.788666e-06 -0.0002398267 0.9999708 0 -0.02782631 0.02371669 -0.0307045 1
bone 30 bone_L-index01.mesh 29 -0.4651192 0.8826661 -0.06755305 0.1195159 -0.0129993 -0.9927467 -0.8771424 -0.4698201 -0.09944643 25.45984 40.47621 4.20624 -0.4650633 0.1198406 -0.8770643 0.8826401 -0.01307915 -0.4698525 -0.0677798 -0.9926433 -0.0996923 -23.61674 1.688413 41.73565 0.9999651 -0.0002286136 -4.88474e-05 0 0.0002320185 0.9999362 0.0002538636 0 -1.483317e-05 -0.0002576038 0.9999704 0 -0.01634789 0.03484488 -0.03144073 1
bone 31 bone_L-thumb02.mesh 25 -0.2879182 -0.6228279 -0.7274536 0.5435248 -0.7316968 0.4113397 -0.7884693 -0.2769567 0.5491915 25.68362 0.006751803 -39.70286 -0.2878549 0.5435961 -0.7883068 -0.622894 -0.7314888 -0.2769463 -0.7273396 0.4113517 0.5493072 -21.49839 2.396095 42.01876 0.9999403 -0.000158906 -0.0001376867 0 0.0001296401 0.9998913 0.000128299 0 3.069639e-05 -0.0001072139 0.9999328 0 -0.01828575 0.02083182 -0.03874969 1
bone 32 bone_L-ringfinger02.mesh 27 0.03593663 0.9993337 0.006402741 -0.009839766 0.006759986 -0.9999282 -0.9993051 0.0358713 0.01007586 40.59942 23.13832 -0.5942767 0.03583804 -0.009611102 -0.9992108 0.9992309 0.00651747 0.03571352 0.006166227 -0.9998693 0.009842776 -24.59368 -0.3355134 39.70616 0.9998925 -0.000234168 -0.0001555234 0 0.0002363645 0.9999362 0.0002313545 0 9.270351e-05 -0.0002363324 0.9998967 0 -0.02182007 0.01928374 -0.04072189 1
bone 33 bone_L-middlefinger03.mesh 26 0.298237 0.9544149 -0.01220395 0.03643981 -0.02416108 -0.9990436 -0.9537966 0.2975069 -0.04198548 44.17764 12.20101 2.178238 0.2983168 0.03658015 -0.9536083 0.9542042 -0.02449534 0.2975124 -0.01248094 -0.9989669 -0.04222234 -24.80342 0.8897818 38.57245 0.9998281 -0.0002778182 6.422139e-05 0 0.0002850043 0.9999363 0.0002444424 0 -0.0001272819 -0.0002354532 0.999833 0 -0.009412766 0.03095114 -0.01773071 1
bone 34 bone_L-pinky02.mesh 37 -0.004894313 0.9990051 0.04432959 -0.1252636 0.04336904 -0.991175 -0.9921126 -0.01040452 0.1249266 39.42047 24.40849 -5.33353 -0.005348057 -0.1118558 -0.9936643 0.997374 0.07049769 -0.01336716 0.0715421 -0.9911566 0.1111952 -23.97487 -1.386508 39.99477 0.9995794 0.02703745 -0.003561319 0 -0.02698567 0.9994785 0.01367633 0 0.003866184 -0.01358173 0.9998572 0 -0.2228756 1.211188 -0.09527588 1
bone 35 bone_L-pinky03.mesh 34 0.289164 0.9570034 0.02298596 -0.1184115 0.05958607 -0.9911747 -0.9499288 0.2838902 0.1305503 44.12944 11.84632 -6.066169 0.2881545 -0.08617735 -0.9536264 0.954814 0.1002681 0.2793995 0.0715421 -0.9911566 0.1111952 -23.97848 -1.46195 39.32459 0.9987287 0.04825488 -0.005812265 0 -0.04813793 0.9985883 0.01935478 0 0.006675902 -0.01906832 0.9997125 0 -0.3853321 1.935424 -0.123085 1
bone 36 bone_L-ringfinger03.mesh 32 0.135647 0.9907528 0.003048585 -0.01102253 0.004585379 -0.9999284 -0.9906958 0.1356039 0.01154236 41.73074 19.06069 -0.7348776 0.1355091 -0.008911506 -0.9906188 0.9906263 0.007445124 0.1353832 0.006166227 -0.9998693 0.009842776 -24.55813 -0.3450461 38.71509 0.9998659 0.003119272 -0.0002131953 0 -0.003117042 0.9999301 0.00169784 0 0.0001556624 -0.001702671 0.999874 0 -0.02575111 0.1597609 -0.05090332 1
bone 37 bone_L-pinky01.mesh -1 -0.2462363 0.9665472 0.07178985 -0.1258782 0.04155102 -0.9911748 -0.9610012 -0.2531009 0.1114357 33.89534 33.34347 -4.135687 -0.2462812 -0.1255816 -0.960981 0.9665191 0.04136963 -0.2531659 0.0715421 -0.9911566 0.1111952 -23.60357 -1.19718 41.44356 0.9999657 -0.0002465323 -8.564908e-05 0 0.0002505556 0.9999364 0.0002333298 0 2.203882e-05 -0.0002368838 0.9999715 0 -0.02013588 0.02471125 -0.03050995 1
# vert  pos.x pos.y pos.z  idx0 idx1 idx2 idx3  w0 w1 w2 w3
nv 1876
v -21.67914 -9.085041 60.53537 31 31 31 31 1 0 0 0
v -21.77212 -5.703138 59.44205 24 24 24 24 1 0 0 0
v -21.51135 -5.522616 59.41172 24 24 24 24 1 0 0 0
v -21.44303 -8.909581 60.54707 31 31 31 31 1 0 0 0
v -22.11926 -5.697446 59.61747 24 24 24 24 1 0 0 0
v -21.98473 -9.074274 60.64951 31 31 31 31 1 0 0 0
v -22.25281 -8.912612 60.85722 31 31 31 31 1 0 0 0
v -22.38706 -5.484971 59.8218 24 24 24 24 1 0 0 0
v -21.76703 -8.36967 60.96919 31 31 31 31 1 0 0 0
v -21.50359 -8.445977 60.8543 31 31 31 31 1 0 0 0
v -21.61138 -4.981822 59.76068 24 24 24 24 1 0 0 0
v -21.86963 -4.919393 59.87517 24 24 24 24 1 0 0 0
v -21.33785 -8.580259 60.71754 31 31 31 31 1 0 0 0
v -21.4622 -5.128819 59.61336 24 24 24 24 1 0 0 0
v -22.23833 -8.635886 60.96285 31 31 31 31 1 0 0 0
v -22.35668 -5.156313 59.89748 24 24 24 24 1 0 0 0
v -22.38706 -5.484971 59.8218 24 24 24 24 1 0 0 0
v -22.25281 -8.912612 60.85722 31 31 31 31 1 0 0 0
v -21.77212 -5.703138 59.44205 24 24 24 24 1 0 0 0
v -21.67914 -9.085041 60.53537 31 31 31 31 1 0 0 0
v -22.14813 -4.980401 59.91887 24 24 24 24 1 0 0 0
v -22.05346 -8.450695 61.00349 31 31 31 31 1 0 0 0
v -21.41129 -5.32306 59.47462 24 24 24 24 1 0 0 0
v -21.31367 -8.755117 60.59349 31 31 31 31 1 0 0 0
v -21.68964 -5.043003 59.05811 24 24 24 24 1 0 0 0
v -21.74799 -4.981122 59.02835 24 24 24 24 1 0 0 0
v -21.77392 -4.942913 59.16214 24 24 24 24 1 0 0 0
v -21.67991 -5.011375 59.25689 24 24 24 24 1 0 0 0
v -21.86658 -4.852371 59.29885 24 24 24 24 1 0 0 0
v -21.78099 -4.897495 59.41998 24 24 24 24 1 0 0 0
v -21.99706 -4.825356 59.54277 24 24 24 24 1 0 0 0
v -22.04422 -4.796142 59.41056 24 24 24 24 1 0 0 0
v -22.22699 -4.80395 59.5112 24 24 24 24 1 0 0 0
v -22.208 -4.788626 59.4227 24 24 24 24 1 0 0 0
v -22.37702 -4.709741 59.28834 24 24 24 24 1 0 0 0
v -22.30315 -4.695049 59.26249 24 24 24 24 1 0 0 0
v -22.3191 -4.613678 59.10987 24 24 24 24 1 0 0 0
v -22.37931 -4.601645 59.0785 24 24 24 24 1 0 0 0
v -22.22946 -4.581907 59.02155 24 24 24 24 1 0 0 0
v -22.29159 -4.545364 58.94535 24 24 24 24 1 0 0 0
v -22.1622 -4.57563 58.83943 24 24 24 24 1 0 0 0
v -22.09844 -4.595378 58.91703 24 24 24 24 1 0 0 0
v -22.02776 -4.677733 58.75161 24 24 24 24 1 0 0 0
v -21.97182 -4.687894 58.82415 24 24 24 24 1 0 0 0
v -21.93277 -4.819259 58.73781 24 24 24 24 1 0 0 0
v -21.91325 -4.806254 58.78629 24 24 24 24 1 0 0 0
v -21.81308 -4.955451 58.83469 24 24 24 24 1 0 0 0
v -21.83619 -4.906854 58.87655 24 24 24 24 1 0 0 0
v -22.44168 -4.739182 59.34309 24 24 24 24 1 0 0 0
v -22.24216 -4.908617 59.68762 24 24 24 24 1 0 0 0
v -21.8009 -5.055503 58.85069 24 24 24 24 1 0 0 0
v -21.57035 -5.231557 59.25387 24 24 24 24 1 0 0 0
v -22.09569 -4.757945 58.70074 24 24 24 24 1 0 0 0
v -21.96467 -4.892744 58.71362 24 24 24 24 1 0 0 0
v -22.39966 -4.614952 58.92225 24 24 24 24 1 0 0 0
v -22.46491 -4.626274 59.09515 24 24 24 24 1 0 0 0
v -22.29159 -4.545364 58.94535 24 24 24 24 1 0 0 0
v -21.88586 -4.781071 58.96307 24 24 24 24 1 0 0 0
v -22.00799 -4.676247 59.06394 24 24 24 24 1 0 0 0
v -22.16922 -4.659371 59.18416 24 24 24 24 1 0 0 0
v -21.95151 -4.886723 59.70272 24 24 24 24 1 0 0 0
v -21.57207 -5.092462 59.44531 24 24 24 24 1 0 0 0
v -22.48903 -5.361543 59.53051 24 24 24 24 1 0 0 0
v -22.45526 -5.06041 59.66919 24 24 24 24 1 0 0 0
v -22.26348 -5.579602 59.32686 24 24 24 24 1 0 0 0
v -21.89706 -5.610543 59.16006 24 24 24 24 1 0 0 0
v -21.63867 -5.422094 59.17621 24 24 24 24 1 0 0 0
v -22.53354 -4.918921 59.31506 24 24 24 24 1 0 0 0
v -22.52164 -5.109839 59.16787 24 24 24 24 1 0 0 0
v -22.532 -4.788844 59.12322 24 24 24 24 1 0 0 0
v -22.50603 -4.861852 58.9849 24 24 24 24 1 0 0 0
v -22.37136 -5.253978 58.96 24 24 24 24 1 0 0 0
v -22.11115 -5.287018 58.83524 24 24 24 24 1 0 0 0
v -22.38666 -4.930211 58.79467 24 24 24 24 1 0 0 0
v -22.19098 -4.983943 58.7024 24 24 24 24 1 0 0 0
v -21.87793 -5.194857 58.83464 24 24 24 24 1 0 0 0
v -21.89706 -5.610543 59.16006 24 24 24 24 1 0 0 0
v -22.11115 -5.287018 58.83524 24 24 24 24 1 0 0 0
v -22.48903 -5.361543 59.53051 24 24 24 24 1 0 0 0
v -22.52164 -5.109839 59.16787 24 24 24 24 1 0 0 0
v -22.02455 -5.017603 58.71296 24 24 24 24 1 0 0 0
v -22.19098 -4.983943 58.7024 24 24 24 24 1 0 0 0
v -22.50603 -4.861852 58.9849 24 24 24 24 1 0 0 0
v -22.26133 -4.6502 58.7767 24 24 24 24 1 0 0 0
v -22.19098 -4.983943 58.7024 24 24 24 24 1 0 0 0
v -22.38666 -4.930211 58.79467 24 24 24 24 1 0 0 0
v -22.50603 -4.861852 58.9849 24 24 24 24 1 0 0 0
v -22.39966 -4.614952 58.92225 24 24 24 24 1 0 0 0
v -21.69781 -4.954895 59.58612 24 24 24 24 1 0 0 0
v -22.10739 -14.84344 64.12537 25 25 25 25 1 0 0 0
v -21.95217 -14.77172 64.11525 25 25 25 25 1 0 0 0
v -21.49249 -12.62414 62.73355 25 31 25 25 0.5599908 0.4399939 0 0
v -21.44181 -15.15327 64.11893 25 25 25 25 1 0 0 0
v -21.75001 -10.39121 62.77819 25 31 25 25 0.2799878 0.7199969 0 0
v -22.02324 -14.34128 64.67818 25 25 25 25 1 0 0 0
v -22.13385 -14.50814 64.88293 25 25 25 25 1 0 0 0
v -21.81034 -14.42521 65.2224 25 25 25 25 1 0 0 0
v -20.91379 -15.10381 64.43449 25 25 25 25 1 0 0 0
v -21.10687 -13.46081 63.438 25 31 25 25 0.7399862 0.2599985 0 0
v -20.95327 -12.13299 62.95517 25 31 25 25 0.5199969 0.4799878 0 0
v -20.78093 -14.99565 64.79936 25 25 25 25 1 0 0 0
v -20.9553 -11.95466 63.15471 25 31 25 25 0.5199969 0.4799878 0 0
v -20.86145 -14.87186 65.09442 25 25 25 25 1 0 0 0
v -21.10885 -11.79343 63.36172 25 31 25 25 0.5199969 0.4799878 0 0
v -21.11445 -14.69548 65.25285 25 25 25 25 1 0 0 0
v -22.06983 -14.5711 64.38794 25 25 25 25 1 0 0 0
v -21.97459 -9.215326 61.28066 31 31 31 31 1 0 0 0
v -21.92801 -9.431783 61.03425 31 31 31 31 1 0 0 0
v -21.49249 -12.62414 62.73355 25 31 25 25 0.5599908 0.4399939 0 0
v -21.53245 -9.491976 61.02147 31 31 31 31 1 0 0 0
v -21.2016 -9.371916 61.10438 31 31 31 31 1 0 0 0
v -21.78984 -8.786277 61.71786 31 31 31 31 1 0 0 0
v -21.48396 -10.17591 62.47105 25 31 25 25 0.2599985 0.7399862 0 0
v -21.55497 -8.674977 61.52331 31 31 31 31 1 0 0 0
v -21.13513 -8.885252 61.22346 31 31 31 31 1 0 0 0
v -21.07253 -10.39012 62.14905 25 31 25 25 0.2599985 0.7399862 0 0
v -21.05539 -9.180764 61.21017 31 31 31 31 1 0 0 0
v -21.41096 -10.41419 62.78352 25 31 25 25 0.2799878 0.7199969 0 0
v -21.21095 -10.26742 62.33148 25 31 25 25 0.2599985 0.7399862 0 0
v -22.02718 -8.946243 61.5382 31 31 31 31 1 0 0 0
v -21.97459 -9.215326 61.28066 31 31 31 31 1 0 0 0
v -22.06983 -14.5711 64.38794 25 25 25 25 1 0 0 0
v -21.53245 -9.491976 61.02147 31 31 31 31 1 0 0 0
v -21.44181 -15.15327 64.11893 25 25 25 25 1 0 0 0
v -21.40136 -14.5538 65.32607 25 25 25 25 1 0 0 0
v -21.27123 -8.753715 61.39066 31 31 31 31 1 0 0 0
v -22.19274 -9.00285 61.00932 31 31 31 31 1 0 0 0
v -21.95461 -9.212728 60.75813 31 31 31 31 1 0 0 0
v -22.04296 -9.111808 61.13634 31 31 31 31 1 0 0 0
v -22.04981 -8.861171 61.37535 31 31 31 31 1 0 0 0
v -22.11659 -8.753746 61.16281 31 31 31 31 1 0 0 0
v -22.19274 -9.00285 61.00932 31 31 31 31 1 0 0 0
v -21.59513 -9.188681 60.70026 31 31 31 31 1 0 0 0
v -21.35735 -9.017984 60.76453 31 31 31 31 1 0 0 0
v -21.25714 -9.216555 60.96378 31 31 31 31 1 0 0 0
v -21.54749 -9.342268 60.90162 31 31 31 31 1 0 0 0
v -21.59513 -9.188681 60.70026 31 31 31 31 1 0 0 0
v -21.93766 -8.584096 61.25258 31 31 31 31 1 0 0 0
v -21.23446 -8.873193 60.83001 31 31 31 31 1 0 0 0
v -21.84882 -8.692323 61.52661 31 31 31 31 1 0 0 0
v -21.66017 -8.509455 61.23806 31 31 31 31 1 0 0 0
v -21.24236 -8.712128 60.96603 31 31 31 31 1 0 0 0
v -21.12892 -9.055011 61.05263 31 31 31 31 1 0 0 0
v -21.38586 -8.573437 61.11978 31 31 31 31 1 0 0 0
v -21.54749 -9.342268 60.90162 31 31 31 31 1 0 0 0
v -21.92402 -9.340629 60.8892 31 31 31 31 1 0 0 0
v -22.04296 -9.111808 61.13634 31 31 31 31 1 0 0 0
v -24.66906 -0.5028794 61.94622 33 33 33 33 1 0 0 0
v -24.4622 -0.3753443 61.98795 33 33 33 33 1 0 0 0
v -24.54901 -0.4785081 63.34582 26 26 26 26 1 0 0 0
v -24.74076 -0.5483956 62.8539 26 33 26 26 0.5799954 0.4199893 0 0
v -24.45233 -0.2354201 63.36081 26 26 26 26 1 0 0 0
v -24.38189 -0.1002344 61.99948 33 33 33 33 1 0 0 0
v -24.46832 0.1693665 61.97514 33 33 33 33 1 0 0 0
v -24.53205 0.03637397 63.34859 26 26 26 26 1 0 0 0
v -24.91966 -0.4702805 61.89453 33 33 33 33 1 0 0 0
v -24.66906 -0.5028794 61.94622 33 33 33 33 1 0 0 0
v -24.74076 -0.5483956 62.8539 26 33 26 26 0.5799954 0.4199893 0 0
v -24.96972 -0.5477706 62.82984 26 33 26 26 0.5799954 0.4199893 0 0
v -24.69195 0.3068624 61.93945 33 33 33 33 1 0 0 0
v -24.93105 0.3125422 61.8749 33 33 33 33 1 0 0 0
v -24.96659 0.2597502 62.81782 33 26 33 33 0.4199893 0.5799954 0 0
v -24.73578 0.1780839 63.32771 26 26 26 26 1 0 0 0
v -25.07071 -0.3170796 61.95721 33 33 33 33 1 0 0 0
v -25.09845 -0.3956807 62.82092 26 33 26 26 0.5799954 0.4199893 0 0
v -25.12495 0.1451161 61.93008 33 33 33 33 1 0 0 0
v -25.14725 0.08707023 62.80019 33 26 33 33 0.4199893 0.5799954 0 0
v -25.12515 -0.4459661 63.52786 26 26 26 26 1 0 0 0
v -25.18412 -0.2050222 63.52827 26 26 26 26 1 0 0 0
v -25.16266 -0.1521958 62.81258 33 26 33 33 0.4199893 0.5799954 0 0
v -25.15351 0.03187275 63.51512 26 26 26 26 1 0 0 0
v -24.49604 -0.5179811 63.51931 26 26 26 26 1 0 0 0
v -24.75855 -0.6332161 63.54826 26 26 26 26 1 0 0 0
v -24.69195 0.3068624 61.93945 33 33 33 33 1 0 0 0
v -24.73578 0.1780839 63.32771 26 26 26 26 1 0 0 0
v -24.75855 -0.6332161 63.54826 26 26 26 26 1 0 0 0
v -24.99533 -0.604668 63.52692 26 26 26 26 1 0 0 0
v -24.99422 0.2108949 63.50768 26 26 26 26 1 0 0 0
v -24.74385 0.1803869 63.5156 26 26 26 26 1 0 0 0
v -25.1458 -0.08141273 61.94561 33 33 33 33 1 0 0 0
v -24.96664 0.1911041 61.54661 33 33 33 33 1 0 0 0
v -24.92955 0.154909 61.46233 33 33 33 33 1 0 0 0
v -24.98954 0.06256914 61.51722 33 33 33 33 1 0 0 0
v -25.0806 0.08725715 61.65789 33 33 33 33 1 0 0 0
v -25.02282 -0.1135318 61.54141 33 33 33 33 1 0 0 0
v -25.09111 -0.1048368 61.68906 33 33 33 33 1 0 0 0
v -25.03341 -0.3082817 61.68792 33 33 33 33 1 0 0 0
v -24.97689 -0.3003777 61.54572 33 33 33 33 1 0 0 0
v -24.93058 -0.4398226 61.60627 33 33 33 33 1 0 0 0
v -24.93838 -0.4009736 61.48918 33 33 33 33 1 0 0 0
v -24.84641 -0.4794206 61.33485 33 33 33 33 1 0 0 0
v -24.90499 -0.4075177 61.29544 33 33 33 33 1 0 0 0
v -24.86283 -0.4731507 61.18188 33 33 33 33 1 0 0 0
v -24.92418 -0.3976938 61.21817 33 33 33 33 1 0 0 0
v -24.90571 -0.3819238 61.06258 33 33 33 33 1 0 0 0
v -24.9371 -0.3310937 61.17308 33 33 33 33 1 0 0 0
v -24.95098 -0.1306008 61.07721 33 33 33 33 1 0 0 0
v -24.91653 -0.1773099 60.96409 33 33 33 33 1 0 0 0
v -24.90354 0.02299708 60.97861 33 33 33 33 1 0 0 0
v -24.91778 0.05400306 61.11541 33 33 33 33 1 0 0 0
v -24.86305 0.1750759 61.07201 33 33 33 33 1 0 0 0
v -24.90147 0.1146419 61.15554 33 33 33 33 1 0 0 0
v -24.85568 0.208721 61.23789 33 33 33 33 1 0 0 0
v -24.89195 0.145928 61.22704 33 33 33 33 1 0 0 0
v -24.76444 -0.4882506 61.39176 33 33 33 33 1 0 0 0
v -24.78881 0.2798221 61.31045 33 33 33 33 1 0 0 0
v -24.72269 0.0557031 60.92318 33 33 33 33 1 0 0 0
v -24.73584 0.2297931 61.07244 33 33 33 33 1 0 0 0
v -24.73933 -0.4791866 61.1721 33 33 33 33 1 0 0 0
v -24.75002 -0.3934048 61.00476 33 33 33 33 1 0 0 0
v -24.9155 0.09311008 61.22122 33 33 33 33 1 0 0 0
v -24.9612 -0.1235568 61.21378 33 33 33 33 1 0 0 0
v -24.92615 -0.3582128 61.26654 33 33 33 33 1 0 0 0
v -24.5953 -0.4685155 61.44043 33 33 33 33 1 0 0 0
v -24.40844 -0.3976784 61.47622 33 33 33 33 1 0 0 0
v -24.58709 -0.4477456 61.21588 33 33 33 33 1 0 0 0
v -24.48634 -0.3792986 61.12539 33 33 33 33 1 0 0 0
v -24.27972 -0.1130795 61.47544 33 33 33 33 1 0 0 0
v -24.38347 0.1273173 61.45692 33 33 33 33 1 0 0 0
v -24.39044 -0.1430357 61.05423 33 33 33 33 1 0 0 0
v -24.4497 0.07234931 61.09049 33 33 33 33 1 0 0 0
v -24.58407 0.2480311 61.40277 33 33 33 33 1 0 0 0
v -24.56338 0.1979121 61.15722 33 33 33 33 1 0 0 0
v -24.5953 -0.4685155 61.44043 33 33 33 33 1 0 0 0
v -24.58709 -0.4477456 61.21588 33 33 33 33 1 0 0 0
v -24.58407 0.2480311 61.40277 33 33 33 33 1 0 0 0
v -24.56338 0.1979121 61.15722 33 33 33 33 1 0 0 0
v -24.72321 -0.1650547 60.90453 33 33 33 33 1 0 0 0
v -24.4497 0.07234931 61.09049 33 33 33 33 1 0 0 0
v -24.39044 -0.1430357 61.05423 33 33 33 33 1 0 0 0
v -24.48634 -0.3792986 61.12539 33 33 33 33 1 0 0 0
v -24.20384 -0.2813528 61.33569 23 23 23 23 1 0 0 0
v -24.31258 -0.5543377 61.37358 23 23 23 23 1 0 0 0
v -24.46304 -0.4803134 64.17449 26 26 26 26 1 0 0 0
v -24.351 -0.2521234 64.15152 26 26 26 26 1 0 0 0
v -24.54471 0.1890554 61.52843 23 23 23 23 1 0 0 0
v -24.2806 0.04462934 61.39751 23 23 23 23 1 0 0 0
v -24.44767 0.01668763 64.20964 26 26 26 26 1 0 0 0
v -24.64439 0.2016115 64.28937 26 26 26 26 1 0 0 0
v -25.00347 -0.5230758 61.86929 23 23 23 23 1 0 0 0
v -25.10119 -0.2482747 61.94905 23 23 23 23 1 0 0 0
v -25.22497 -0.2476085 64.61771 26 26 26 26 1 0 0 0
v -25.11169 -0.5323295 64.55798 26 26 26 26 1 0 0 0
v -25.01827 0.06978536 61.89629 23 23 23 23 1 0 0 0
v -25.1203 0.07343233 64.55624 26 26 26 26 1 0 0 0
v -24.67001 -0.6387783 64.24651 26 26 26 26 1 0 0 0
v -24.56135 -0.6803048 61.50117 23 23 23 23 1 0 0 0
v -24.91698 -0.6393903 64.40855 26 26 26 26 1 0 0 0
v -24.67001 -0.6387783 64.24651 26 26 26 26 1 0 0 0
v -24.56135 -0.6803048 61.50117 23 23 23 23 1 0 0 0
v -24.82939 -0.6646048 61.68788 23 23 23 23 1 0 0 0
v -24.90935 0.2351556 64.41086 26 26 26 26 1 0 0 0
v -24.81062 0.2343595 61.70587 23 23 23 23 1 0 0 0
v -24.54471 0.1890554 61.52843 23 23 23 23 1 0 0 0
v -24.64439 0.2016115 64.28937 26 26 26 26 1 0 0 0
v -24.44148 -0.5407792 63.75491 26 26 26 26 1 0 0 0
v -24.37482 -0.2302001 63.51731 26 26 26 26 1 0 0 0
v -24.30156 -0.2375742 63.74237 26 26 26 26 1 0 0 0
v -24.42343 -0.5295453 63.98181 26 26 26 26 1 0 0 0
v -24.73222 -0.6332703 64.05234 26 26 26 26 1 0 0 0
v -24.75224 -0.6423832 63.82396 26 26 26 26 1 0 0 0
v -24.51743 0.05100894 63.52814 26 26 26 26 1 0 0 0
v -24.46661 0.08165586 63.7742 26 26 26 26 1 0 0 0
v -24.72893 0.2045149 63.80677 26 26 26 26 1 0 0 0
v -24.69675 0.2064667 64.09682 26 26 26 26 1 0 0 0
v -24.44109 0.07248068 64.02553 26 26 26 26 1 0 0 0
v -24.75224 -0.6423832 63.82396 26 26 26 26 1 0 0 0
v -25.01095 -0.5996192 63.87831 26 26 26 26 1 0 0 0
v -24.72893 0.2045149 63.80677 26 26 26 26 1 0 0 0
v -24.99406 0.2111018 63.84706 26 26 26 26 1 0 0 0
v -24.99207 -0.6067553 64.17527 26 26 26 26 1 0 0 0
v -25.15174 -0.4852354 64.25803 26 26 26 26 1 0 0 0
v -25.14432 -0.4445363 63.91104 26 26 26 26 1 0 0 0
v -25.15741 0.04548955 63.89889 26 26 26 26 1 0 0 0
v -25.13764 0.05667448 64.25862 26 26 26 26 1 0 0 0
v -24.96081 0.2257587 64.17062 26 26 26 26 1 0 0 0
v -25.22404 -0.2293394 64.28716 26 26 26 26 1 0 0 0
v -25.20547 -0.2060043 63.91302 26 26 26 26 1 0 0 0
v -24.74385 0.1803869 63.5156 26 26 26 26 1 0 0 0
v -24.34208 -0.2346953 63.97759 26 26 26 26 1 0 0 0
v -24.73222 -0.6332703 64.05234 26 26 26 26 1 0 0 0
v -24.69675 0.2064667 64.09682 26 26 26 26 1 0 0 0
v -24.73718 -0.8056968 63.44421 7 7 7 7 1 0 0 0
v -24.51621 -0.7707376 63.13453 21 30 7 21 0.07998779 0.07998779 0.8399939 0
v -24.57882 -0.8033791 63.33031 21 7 21 21 0.4599985 0.5399863 0 0
v -24.5339 -0.7023489 63.005 7 7 7 7 1 0 0 0
v -24.39325 -0.4910939 63.46376 7 7 7 7 1 0 0 0
v -24.46906 -0.608006 63.34091 21 7 21 21 0.4599985 0.5399863 0 0
v -24.75746 -1.022494 63.06336 21 7 21 21 0.8199893 0.1799954 0 0
v -24.43441 -0.2240062 63.46118 7 7 7 7 1 0 0 0
v -24.47481 -0.3620141 63.34635 21 7 21 21 0.4599985 0.5399863 0 0
v -24.58557 -0.3446329 63.12241 21 21 21 21 1 0 0 0
v -24.42155 -0.506608 63.1012 21 21 21 21 1 0 0 0
v -24.47481 -0.3620141 63.34635 21 7 21 21 0.4599985 0.5399863 0 0
v -24.61346 -0.1103034 63.58593 21 7 21 21 0.1599908 0.8399939 0 0
v -24.36111 -0.7773749 63.07987 21 21 21 21 1 0 0 0
v -24.49827 -1.026112 63.07042 21 21 21 21 1 0 0 0
v -24.95959 -0.7342718 63.43078 7 7 7 7 1 0 0 0
v -24.73718 -0.8056968 63.44421 7 7 7 7 1 0 0 0
v -24.75746 -1.022494 63.06336 21 7 21 21 0.8199893 0.1799954 0 0
v -24.97107 -1.029603 62.93721 21 21 21 21 1 0 0 0
v -24.61252 -0.06428409 63.46558 7 7 7 7 1 0 0 0
v -24.81132 -0.03157616 63.44503 7 7 7 7 1 0 0 0
v -24.80367 -0.3121746 62.96369 21 21 21 21 1 0 0 0
v -25.09607 -0.5883318 63.50792 7 7 7 7 1 0 0 0
v -25.11559 -0.8128059 63.12155 21 7 21 21 0.7799954 0.2199893 0 0
v -25.00595 -0.1247721 63.51795 7 7 7 7 1 0 0 0
v -25.00525 -0.330452 63.13313 21 7 21 21 0.7799954 0.2199893 0 0
v -25.08234 -0.877527 63.16087 21 21 21 21 1 0 0 0
v -25.07648 -0.6224442 63.1829 21 21 21 21 1 0 0 0
v -25.12845 -0.5481811 63.13651 21 7 21 21 0.7799954 0.2199893 0 0
v -24.95647 -0.4056299 63.16958 21 21 21 21 1 0 0 0
v -24.74711 -1.103706 63.12389 21 21 21 21 1 0 0 0
v -24.42155 -0.506608 63.1012 21 21 21 21 1 0 0 0
v -24.43441 -0.2240062 63.46118 7 7 7 7 1 0 0 0
v -24.74711 -1.103706 63.12389 21 21 21 21 1 0 0 0
v -24.95258 -1.039129 63.13529 21 21 21 21 1 0 0 0
v -24.77767 -0.3174245 63.15102 21 21 21 21 1 0 0 0
v -25.12013 -0.343806 63.51635 7 7 7 7 1 0 0 0
v -24.88564 -0.08417225 63.14222 7 7 7 7 1 0 0 0
v -24.89927 -0.1362123 63.05782 7 7 7 7 1 0 0 0
v -24.96701 -0.2078893 63.11986 7 7 7 7 1 0 0 0
v -25.0058 -0.168113 63.25934 7 7 7 7 1 0 0 0
v -25.03117 -0.3680892 63.13968 7 7 7 7 1 0 0 0
v -25.09023 -0.3538752 63.27743 7 7 7 7 1 0 0 0
v -25.07532 -0.5543889 63.25985 7 7 7 7 1 0 0 0
v -25.02423 -0.541351 63.13018 7 7 7 7 1 0 0 0
v -25.00311 -0.6765609 63.1614 7 7 7 7 1 0 0 0
v -24.9962 -0.6405319 63.07348 7 7 7 7 1 0 0 0
v -24.95684 -0.6972269 62.90208 7 7 7 7 1 0 0 0
v -24.9674 -0.6607101 62.88857 7 7 7 7 1 0 0 0
v -24.96658 -0.6785511 62.78053 7 7 7 7 1 0 0 0
v -24.97831 -0.6372441 62.81119 7 7 7 7 1 0 0 0
v -25.00077 -0.580263 62.70689 7 7 7 7 1 0 0 0
v -25.00342 -0.5642891 62.75053 7 7 7 7 1 0 0 0
v -25.00073 -0.3686943 62.68389 7 7 7 7 1 0 0 0
v -25.00215 -0.3675852 62.6325 7 7 7 7 1 0 0 0
v -24.93358 -0.1968822 62.71459 7 7 7 7 1 0 0 0
v -24.92045 -0.1798813 62.66253 7 7 7 7 1 0 0 0
v -24.87871 -0.1308682 62.7472 7 7 7 7 1 0 0 0
v -24.85067 -0.1030123 62.72248 7 7 7 7 1 0 0 0
v -24.83727 -0.07935238 62.85947 7 7 7 7 1 0 0 0
v -24.86318 -0.1238773 62.85425 7 7 7 7 1 0 0 0
v -24.89137 -0.7423979 62.95134 7 7 7 7 1 0 0 0
v -24.74951 -0.05732226 62.91884 7 7 7 7 1 0 0 0
v -24.81271 -0.1899934 62.6302 7 7 7 7 1 0 0 0
v -24.75249 -0.1050804 62.72213 7 7 7 7 1 0 0 0
v -24.9146 -0.6326191 62.64718 7 7 7 7 1 0 0 0
v -24.8924 -0.718202 62.76257 7 7 7 7 1 0 0 0
v -24.92247 -0.1935184 62.8435 7 7 7 7 1 0 0 0
v -25.0025 -0.3741033 62.83535 7 7 7 7 1 0 0 0
v -24.9994 -0.5763651 62.87053 7 7 7 7 1 0 0 0
v -24.74559 -0.7638619 62.98162 7 7 7 7 1 0 0 0
v -24.76824 -0.728897 62.77422 7 7 7 7 1 0 0 0
v -24.66864 -0.6648 62.69522 7 7 7 7 1 0 0 0
v -24.42607 -0.4842261 62.98955 7 7 7 7 1 0 0 0
v -24.45013 -0.2430084 62.9883 7 7 7 7 1 0 0 0
v -24.59025 -0.4662483 62.64249 7 7 7 7 1 0 0 0
v -24.59204 -0.2676313 62.70026 7 7 7 7 1 0 0 0
v -24.45013 -0.2430084 62.9883 7 7 7 7 1 0 0 0
v -24.6025 -0.1098683 62.96525 7 7 7 7 1 0 0 0
v -24.59204 -0.2676313 62.70026 7 7 7 7 1 0 0 0
v -24.63485 -0.1571083 62.75583 7 7 7 7 1 0 0 0
v -24.74559 -0.7638619 62.98162 7 7 7 7 1 0 0 0
v -24.76824 -0.728897 62.77422 7 7 7 7 1 0 0 0
v -24.89065 -0.3992693 62.56015 7 7 7 7 1 0 0 0
v -24.59204 -0.2676313 62.70026 7 7 7 7 1 0 0 0
v -24.59025 -0.4662483 62.64249 7 7 7 7 1 0 0 0
v -24.66864 -0.6648 62.69522 7 7 7 7 1 0 0 0
v -24.81271 -0.1899934 62.6302 7 7 7 7 1 0 0 0
v -24.63978 -1.158976 63.59187 21 21 21 21 1 0 0 0
v -24.36273 -1.073493 63.49554 21 21 21 21 1 0 0 0
v -24.35799 -1.071218 62.70538 30 21 30 30 0.3599908 0.6399939 0 0
v -24.58588 -1.2038 63.11299 30 21 30 30 0.2399939 0.7599909 0 0
v -24.25269 -0.7997068 63.50769 21 21 21 21 1 0 0 0
v -24.25312 -0.4980385 63.54214 21 21 21 21 1 0 0 0
v -24.23872 -0.5752742 62.74438 30 21 30 30 0.3599908 0.6399939 0 0
v -24.28847 -0.8350223 62.71854 30 21 30 30 0.3599908 0.6399939 0 0
v -24.09418 -0.9536799 61.15308 30 30 30 30 1 0 0 0
v -24.2189 -1.223667 61.1784 30 30 30 30 1 0 0 0
v -24.28173 -0.4170158 61.35019 30 30 30 30 1 0 0 0
v -24.10215 -0.6472089 61.21086 30 30 30 30 1 0 0 0
v -24.23872 -0.5752742 62.74438 30 21 30 30 0.3599908 0.6399939 0 0
v -24.39326 -0.3577321 62.90609 21 30 21 21 0.6599985 0.3399863 0 0
v -24.87905 -1.081162 63.71125 21 21 21 21 1 0 0 0
v -24.63978 -1.158976 63.59187 21 21 21 21 1 0 0 0
v -24.58588 -1.2038 63.11299 30 21 30 30 0.2399939 0.7599909 0 0
v -24.81202 -1.131073 63.26453 30 21 30 30 0.2399939 0.7599909 0 0
v -24.68342 -0.3074257 63.73278 21 21 21 21 1 0 0 0
v -24.62218 -0.325541 63.48942 21 30 21 21 0.8399939 0.1599908 0 0
v -24.45999 -0.3334768 63.64035 21 21 21 21 1 0 0 0
v -24.99306 -0.9346851 63.78835 21 21 21 21 1 0 0 0
v -24.93748 -1.007541 62.40481 30 21 30 30 0.5999848 0.4 0 0
v -24.88587 -0.3953226 63.80907 21 21 21 21 1 0 0 0
v -24.83042 -0.449693 62.43385 30 21 30 30 0.5999848 0.4 0 0
v -24.81095 -1.06978 61.57716 30 30 30 30 1 0 0 0
v -24.83934 -0.7968526 61.64074 30 30 30 30 1 0 0 0
v -24.95777 -0.7292008 62.4597 30 21 30 30 0.5999848 0.4 0 0
v -24.71034 -0.5191445 61.60917 30 30 30 30 1 0 0 0
v -24.48196 -1.313719 61.33118 30 30 30 30 1 0 0 0
v -24.10215 -0.6472089 61.21086 30 30 30 30 1 0 0 0
v -24.25312 -0.4980385 63.54214 21 21 21 21 1 0 0 0
v -24.48196 -1.313719 61.33118 30 30 30 30 1 0 0 0
v -24.69958 -1.246112 61.49397 30 30 30 30 1 0 0 0
v -24.51427 -0.3849704 61.50456 30 30 30 30 1 0 0 0
v -25.00525 -0.6685009 63.83445 21 21 21 21 1 0 0 0
v -24.41615 -1.068467 63.27983 21 21 21 21 1 0 0 0
v -24.27236 -0.7899299 63.29296 21 21 21 21 1 0 0 0
v -24.70234 -1.130561 63.36605 21 21 21 21 1 0 0 0
v -24.32989 -0.4884207 63.31992 21 21 21 21 1 0 0 0
v -24.5288 -0.3310559 63.38219 21 21 21 21 1 0 0 0
v -24.32989 -0.4884207 63.31992 21 21 21 21 1 0 0 0
v -24.70234 -1.130561 63.36605 21 21 21 21 1 0 0 0
v -24.92725 -1.057459 63.42767 21 21 21 21 1 0 0 0
v -24.73883 -0.3084538 63.4439 21 21 21 21 1 0 0 0
v -25.03794 -0.8971231 63.47772 21 21 21 21 1 0 0 0
v -24.914 -0.4041307 63.48848 21 21 21 21 1 0 0 0
v -25.04524 -0.641943 63.51062 21 21 21 21 1 0 0 0
v -23.70349 1.800093 63.34853 34 34 34 34 1 0 0 0
v -23.55456 1.572553 63.36598 34 34 34 34 1 0 0 0
v -23.60214 1.528524 63.04027 34 35 34 34 0.7199969 0.2799878 0 0
v -23.75253 1.715562 63.04469 34 35 34 34 0.7199969 0.2799878 0 0
v -23.63779 1.316993 63.3852 34 34 34 34 1 0 0 0
v -23.68433 1.295777 63.03965 34 35 34 34 0.7199969 0.2799878 0 0
v -24.16226 1.791314 63.39275 34 34 34 34 1 0 0 0
v -23.96069 1.830996 63.37426 34 34 34 34 1 0 0 0
v -23.96618 1.762456 63.03859 34 35 34 34 0.7199969 0.2799878 0 0
v -24.16379 1.697734 62.88338 34 35 34 34 0.4799878 0.5199969 0 0
v -24.00409 1.220392 63.43255 34 34 34 34 1 0 0 0
v -24.02591 1.160905 63.04927 34 35 34 34 0.7199969 0.2799878 0 0
v -23.84375 1.150683 63.04295 34 35 34 34 0.7199969 0.2799878 0 0
v -23.82525 1.209218 63.41026 34 34 34 34 1 0 0 0
v -23.82019 1.022397 62.467 35 35 35 35 1 0 0 0
v -23.67869 1.175284 62.47178 35 35 35 35 1 0 0 0
v -23.84375 1.150683 63.04295 34 35 34 34 0.7199969 0.2799878 0 0
v -23.67435 1.391612 62.48605 35 35 35 35 1 0 0 0
v -23.77389 1.569082 62.48107 35 35 35 35 1 0 0 0
v -24.2085 1.457285 62.43018 35 35 35 35 1 0 0 0
v -24.20406 1.2742 62.44252 35 35 35 35 1 0 0 0
v -24.22151 1.358634 62.88712 34 35 34 34 0.4799878 0.5199969 0 0
v -24.22154 1.550603 62.88002 34 35 34 34 0.4799878 0.5199969 0 0
v -24.1291 1.125112 62.44717 35 35 35 35 1 0 0 0
v -24.13403 1.203184 62.89628 34 35 34 34 0.4799878 0.5199969 0 0
v -23.96069 1.830996 63.37426 34 34 34 34 1 0 0 0
v -23.96618 1.762456 63.03859 34 35 34 34 0.7199969 0.2799878 0 0
v -23.93164 1.634875 62.44452 35 35 35 35 1 0 0 0
v -23.82525 1.209218 63.41026 34 34 34 34 1 0 0 0
v -24.15084 1.612069 62.41725 35 35 35 35 1 0 0 0
v -23.93164 1.634875 62.44452 35 35 35 35 1 0 0 0
v -24.01142 1.03973 62.45102 35 35 35 35 1 0 0 0
v -23.82019 1.022397 62.467 35 35 35 35 1 0 0 0
v -24.237 1.647437 63.4253 34 34 34 34 1 0 0 0
v -24.12521 1.299241 63.42937 34 34 34 34 1 0 0 0
v -24.24414 1.462322 63.43428 34 34 34 34 1 0 0 0
v -24.03455 1.163289 62.10695 35 35 35 35 1 0 0 0
v -23.99686 1.114757 62.04442 35 35 35 35 1 0 0 0
v -23.98877 1.07755 62.0997 35 35 35 35 1 0 0 0
v -24.08766 1.140611 62.20923 35 35 35 35 1 0 0 0
v -24.08164 1.288917 62.13677 35 35 35 35 1 0 0 0
v -24.15634 1.281223 62.24742 35 35 35 35 1 0 0 0
v -24.14529 1.420331 62.20657 35 35 35 35 1 0 0 0
v -24.07607 1.418697 62.11025 35 35 35 35 1 0 0 0
v -24.09104 1.510661 62.10228 35 35 35 35 1 0 0 0
v -24.05437 1.472972 62.04593 35 35 35 35 1 0 0 0
v -23.9999 1.539638 61.91603 35 35 35 35 1 0 0 0
v -24.00395 1.491986 61.87989 35 35 35 35 1 0 0 0
v -23.99171 1.477056 61.80763 35 35 35 35 1 0 0 0
v -23.9678 1.512249 61.74752 35 35 35 35 1 0 0 0
v -23.99832 1.442431 61.76102 35 35 35 35 1 0 0 0
v -23.98914 1.431072 61.64723 35 35 35 35 1 0 0 0
v -24.00297 1.28965 61.72398 35 35 35 35 1 0 0 0
v -23.99407 1.277265 61.61979 35 35 35 35 1 0 0 0
v -23.94038 1.170699 61.74942 35 35 35 35 1 0 0 0
v -23.91091 1.151151 61.65441 35 35 35 35 1 0 0 0
v -23.87712 1.097325 61.7363 35 35 35 35 1 0 0 0
v -23.94223 1.133548 61.77926 35 35 35 35 1 0 0 0
v -23.91116 1.07579 61.89668 35 35 35 35 1 0 0 0
v -23.94917 1.135163 61.85833 35 35 35 35 1 0 0 0
v -23.95228 1.591595 61.94814 35 35 35 35 1 0 0 0
v -24.10395 1.593623 62.23084 35 35 35 35 1 0 0 0
v -23.8109 1.047005 61.9264 35 35 35 35 1 0 0 0
v -23.95444 1.036748 62.2471 35 35 35 35 1 0 0 0
v -23.81298 1.15719 61.5975 35 35 35 35 1 0 0 0
v -23.76083 1.094358 61.71216 35 35 35 35 1 0 0 0
v -23.91226 1.554374 61.70144 35 35 35 35 1 0 0 0
v -23.90247 1.460969 61.57512 35 35 35 35 1 0 0 0
v -23.95145 1.155939 61.84372 35 35 35 35 1 0 0 0
v -24.0171 1.299838 61.82766 35 35 35 35 1 0 0 0
v -24.00531 1.445081 61.86253 35 35 35 35 1 0 0 0
v -24.18421 1.443388 62.30521 35 35 35 35 1 0 0 0
v -24.10881 1.128604 62.31729 35 35 35 35 1 0 0 0
v -23.85315 1.630653 62.25647 35 35 35 35 1 0 0 0
v -23.69406 1.571292 62.28898 35 35 35 35 1 0 0 0
v -23.60783 1.160801 62.3075 35 35 35 35 1 0 0 0
v -23.58643 1.389283 62.31077 35 35 35 35 1 0 0 0
v -23.85315 1.630653 62.25647 35 35 35 35 1 0 0 0
v -23.77573 1.035219 62.29335 35 35 35 35 1 0 0 0
v -23.63734 1.549632 62.00198 35 35 35 35 1 0 0 0
v -23.7927 1.593599 61.97799 35 35 35 35 1 0 0 0
v -23.69283 1.510408 61.71374 35 35 35 35 1 0 0 0
v -23.77917 1.561391 61.75431 35 35 35 35 1 0 0 0
v -23.55365 1.1692 61.99414 35 35 35 35 1 0 0 0
v -23.503 1.378804 61.99924 35 35 35 35 1 0 0 0
v -23.61033 1.209488 61.68982 35 35 35 35 1 0 0 0
v -23.61379 1.365887 61.67439 35 35 35 35 1 0 0 0
v -23.69091 1.070069 61.97178 35 35 35 35 1 0 0 0
v -23.77573 1.035219 62.29335 35 35 35 35 1 0 0 0
v -23.65272 1.114471 61.73925 35 35 35 35 1 0 0 0
v -23.7927 1.593599 61.97799 35 35 35 35 1 0 0 0
v -23.77917 1.561391 61.75431 35 35 35 35 1 0 0 0
v -23.69091 1.070069 61.97178 35 35 35 35 1 0 0 0
v -23.65272 1.114471 61.73925 35 35 35 35 1 0 0 0
v -23.61379 1.365887 61.67439 35 35 35 35 1 0 0 0
v -23.61033 1.209488 61.68982 35 35 35 35 1 0 0 0
v -23.88082 1.30168 61.53506 35 35 35 35 1 0 0 0
v -23.69283 1.510408 61.71374 35 35 35 35 1 0 0 0
v -24.18773 1.280428 62.32591 35 35 35 35 1 0 0 0
v -23.43507 1.432985 62.62737 37 37 37 37 1 0 0 0
v -23.51583 1.389735 62.83875 34 37 34 34 0.2999924 0.6999924 0 0
v -23.45633 1.642255 62.77833 34 37 34 34 0.2999924 0.6999924 0 0
v -23.39002 1.691774 62.54249 37 37 37 37 1 0 0 0
v -24.1086 1.878432 63.06908 34 37 34 34 0.4199893 0.5799954 0 0
v -24.03337 1.943055 62.75932 37 37 37 37 1 0 0 0
v -23.77989 1.996358 62.62368 37 37 37 37 1 0 0 0
v -23.86768 1.919232 62.37174 37 37 37 37 1 0 0 0
v -23.78139 1.309188 62.88184 37 37 37 37 1 0 0 0
v -23.9755 1.378161 62.97378 37 37 37 37 1 0 0 0
v -24.09308 1.323497 63.03357 34 37 34 34 0.3399863 0.6599985 0 0
v -23.90882 1.23681 62.47141 37 37 37 37 1 0 0 0
v -24.12455 1.583748 62.99278 37 37 37 37 1 0 0 0
v -24.23482 1.514862 63.0465 34 37 34 34 0.3399863 0.6599985 0 0
v -23.65205 1.775163 63.13597 34 37 34 34 0.6399939 0.3599908 0 0
v -23.64804 1.810061 63.52066 34 34 34 34 1 0 0 0
v -23.93866 1.86978 63.56069 34 34 34 34 1 0 0 0
v -23.90746 1.90594 63.71313 34 34 34 34 1 0 0 0
v -23.57367 1.587865 63.21608 34 37 34 34 0.6799878 0.319997 0 0
v -23.59237 1.348387 62.8343 34 37 34 34 0.4 0.5999848 0 0
v -23.60072 1.332751 63.58031 34 34 34 34 1 0 0 0
v -23.54345 1.577525 63.54187 34 34 34 34 1 0 0 0
v -23.57508 1.871875 62.73563 37 34 37 37 0.7199969 0.2799878 0 0
v -23.70992 1.235853 62.45301 37 37 37 37 1 0 0 0
v -23.76636 1.224563 62.92855 34 37 34 34 0.4399939 0.5599908 0 0
v -23.79118 1.222284 63.61904 34 34 34 34 1 0 0 0
v -23.76636 1.224563 62.92855 34 37 34 34 0.4399939 0.5599908 0 0
v -23.95303 1.242968 63.79891 34 34 34 34 1 0 0 0
v -24.25845 1.508914 63.84951 34 34 34 34 1 0 0 0
v -24.22313 1.713459 63.01535 34 37 34 34 0.3399863 0.6599985 0 0
v -24.24804 1.694888 63.81628 34 34 34 34 1 0 0 0
v -24.12789 1.31717 63.83389 34 34 34 34 1 0 0 0
v -23.86768 1.919232 62.37174 37 37 37 37 1 0 0 0
v -23.77989 1.996358 62.62368 37 37 37 37 1 0 0 0
v -23.49815 1.950845 62.52556 37 37 37 37 1 0 0 0
v -23.79118 1.222284 63.61904 34 34 34 34 1 0 0 0
v -23.90746 1.90594 63.71313 34 34 34 34 1 0 0 0
v -24.15416 1.856531 63.77045 34 34 34 34 1 0 0 0
v -23.70992 1.235853 62.45301 37 37 37 37 1 0 0 0
v -24.1358 1.797415 62.92239 37 37 37 37 1 0 0 0
v -24.1817 1.819988 63.61493 34 34 34 34 1 0 0 0
v -24.25895 1.668588 63.66458 34 34 34 34 1 0 0 0
v -23.97445 1.23604 63.64822 34 34 34 34 1 0 0 0
v -24.12952 1.299763 63.67276 34 34 34 34 1 0 0 0
v -24.25651 1.484667 63.68669 34 34 34 34 1 0 0 0
v -23.93866 1.86978 63.56069 34 34 34 34 1 0 0 0
v -20.7091 -3.505343 56.51529 20 28 20 20 0.9455711 0.05441367 0 0
v -20.17359 -3.449652 56.69959 0 20 28 0 0 0.7836881 0.2162966 0
v -20.35172 -3.835291 56.89229 20 28 20 20 0.8489051 0.1510796 0 0
v -20.10771 -2.693707 56.78043 20 28 20 20 0.7829556 0.2170291 0 0
v -20.11468 -3.06625 56.7346 0 20 28 0 0 0.7801328 0.219852 0
v -20.64645 -3.061745 56.48665 20 28 20 20 0.9447318 0.05526818 0 0
v -20.17359 -3.449652 56.69959 0 20 28 0 0 0.7836881 0.2162966 0
v -20.7091 -3.505343 56.51529 20 28 20 20 0.9455711 0.05441367 0 0
v -20.64945 -2.60188 56.52125 20 28 20 20 0.9491875 0.05079728 0 0
v -20.23787 -2.377692 57.06985 20 28 20 20 0.8464637 0.153521 0 0
v -20.86352 -3.816464 56.90936 29 20 28 29 0.05966277 0.8941939 0.04611276 0
v -20.99343 -3.209365 57.21127 29 20 29 29 0.1888609 0.8111238 0 0
v -20.9751 -2.6697 57.41129 29 20 28 29 0.2415961 0.7481651 0.01022355 0
v -21.16201 -4.141076 57.27546 29 20 28 29 0.09410239 0.8712901 0.03457695 0
v -21.60234 -3.792446 58.52383 29 20 29 29 0.4032654 0.5967193 0 0
v -21.15812 -3.62316 57.46426 29 20 29 29 0.2186618 0.781323 0 0
v -21.00377 -4.291621 57.54398 29 20 28 29 0.005676356 0.8883345 0.1059739 0
v -21.60573 -4.304588 57.25074 29 20 28 29 0.0081178 0.9844358 0.007431144 0
v -20.61087 -4.192436 57.18623 29 20 28 29 0.01495384 0.8590982 0.1259174 0
v -21.97409 -3.649004 58.5462 29 20 28 29 0.1882658 0.7796597 0.03204395 0
v -22.33369 -2.524611 61.3188 29 20 28 29 0.7909971 0.2061036 0.002868696 0
v -22.06234 -3.428164 59.59155 29 20 28 29 0.525124 0.4730602 0.001785306 0
v -22.08591 -2.892347 59.116 29 20 28 29 0.2538949 0.728893 0.01719692 0
v -22.39527 -2.017403 61.0534 29 20 29 29 0.7194018 0.2805829 0 0
v -21.97291 -2.218548 58.83873 29 20 28 29 0.2085145 0.7821164 0.00935378 0
v -22.25835 -1.495439 60.52785 29 20 29 29 0.6327916 0.3671931 0 0
v -21.54057 -1.745552 57.93887 29 20 28 29 0.09158465 0.9034714 0.004913405 0
v -21.91298 -1.15606 59.30015 29 20 29 29 0.4452735 0.5547112 0 0
v -20.99562 -1.694518 57.69176 29 20 28 29 0.1441978 0.8212711 0.03451591 0
v -20.73623 -2.177862 57.04683 29 20 28 29 0.07649348 0.8968033 0.02667277 0
v -20.54219 -2.029927 57.46851 20 28 20 20 0.8922255 0.1077592 0 0
v -20.99343 -3.209365 57.21127 29 20 29 29 0.1888609 0.8111238 0 0
v -21.15812 -3.62316 57.46426 29 20 29 29 0.2186618 0.781323 0 0
v -21.10328 -3.313924 58.36497 29 20 29 29 0.4538491 0.5461357 0 0
v -22.33369 -2.524611 61.3188 29 20 28 29 0.7909971 0.2061036 0.002868696 0
v -22.8095 -2.13605 61.61691 29 20 29 29 0.9283131 0.07167163 0 0
v -22.52674 -2.717706 61.51225 29 20 29 29 0.9584191 0.04156557 0 0
v -22.06234 -3.428164 59.59155 29 20 28 29 0.525124 0.4730602 0.001785306 0
v -22.39527 -2.017403 61.0534 29 20 29 29 0.7194018 0.2805829 0 0
v -22.13665 -3.238723 60.84435 29 20 29 29 0.9033036 0.09668116 0 0
v -21.60234 -3.792446 58.52383 29 20 29 29 0.4032654 0.5967193 0 0
v -20.99343 -3.209365 57.21127 29 20 29 29 0.1888609 0.8111238 0 0
v -21.39335 -4.054299 57.94717 20 28 20 20 0.9093919 0.09059282 0 0
v -21.58523 -3.443843 58.20738 20 28 20 20 0.9332876 0.06669719 0 0
v -21.53458 -2.676694 58.22756 20 28 20 20 0.9436485 0.05633631 0 0
v -21.10214 -2.022051 58.09903 29 20 28 29 0.01393149 0.9371328 0.04892042 0
v -21.38801 -10.63295 63.40031 29 20 29 25 0.08065919 0.259144 0 0.6601663
v -20.71097 -9.165194 62.1258 29 20 25 29 0.2503395 0.2296483 0.5199969 0
v -20.84903 -9.82588 63.0027 29 20 29 25 0.2191348 0.195758 0 0.5850919
v -20.91721 -9.542199 61.8838 29 20 29 25 0.1144427 0.3650111 0 0.5205157
v -21.10676 -3.992978 58.95261 29 20 28 25 0.3990387 0.4970016 0.003936828 0.09999237
v -21.20249 -2.895495 59.58054 29 20 29 29 0.7480125 0.2519722 0 0
v -21.17542 -7.361634 61.02529 29 20 25 29 0.4169986 0.2429847 0.3399863 0
v -20.9751 -2.6697 57.41129 29 20 28 29 0.2415961 0.7481651 0.01022355 0
v -21.91298 -1.15606 59.30015 29 20 29 29 0.4452735 0.5547112 0 0
v -21.38801 -10.63295 63.40031 29 20 29 25 0.08065919 0.259144 0 0.6601663
v -22.20563 -10.00358 64.37574 29 20 25 29 0.2988632 0.04112306 0.6599985 0
v -21.25604 -11.00677 64.62826 29 25 29 29 0.2599985 0.7399862 0 0
v -20.81218 -15.3047 65.60251 25 25 25 25 1 0 0 0
v -20.84903 -9.82588 63.0027 29 20 29 25 0.2191348 0.195758 0 0.5850919
v -20.65085 -15.46071 65.2011 25 25 25 25 1 0 0 0
v -20.81218 -15.3047 65.60251 25 25 25 25 1 0 0 0
v -20.91721 -9.542199 61.8838 29 20 29 25 0.1144427 0.3650111 0 0.5205157
v -20.84903 -9.82588 63.0027 29 20 29 25 0.2191348 0.195758 0 0.5850919
v -22.65422 -3.106788 59.52049 29 29 29 29 1 0 0 0
v -22.73458 -2.595306 59.28357 29 29 29 29 1 0 0 0
v -21.9194 -2.70066 59.90279 29 20 29 29 0.9674983 0.03248646 0 0
v -21.97254 -3.207793 60.23799 29 20 29 29 0.986389 0.01359579 0 0
v -21.61466 -3.163996 60.55647 29 20 29 29 0.9641718 0.03581293 0 0
v -21.47633 -2.848866 60.02624 29 20 29 29 0.8983291 0.1016556 0 0
v -21.35929 -3.226011 59.84216 29 20 29 29 0.7878844 0.2121004 0 0
v -21.38784 -3.627603 59.09179 29 20 29 29 0.5804685 0.4195163 0 0
v -21.60234 -3.792446 58.52383 29 20 29 29 0.4032654 0.5967193 0 0
v -22.85246 -1.461459 62.07924 29 29 29 29 1 0 0 0
v -22.25835 -1.495439 60.52785 29 20 29 29 0.6327916 0.3671931 0 0
v -22.73319 -0.8785717 62.04018 29 29 29 29 1 0 0 0
v -22.48676 -0.4859723 61.12347 29 20 29 29 0.857847 0.1421378 0 0
v -21.38784 -3.627603 59.09179 29 20 29 29 0.5804685 0.4195163 0 0
v -21.80471 -3.349132 60.8484 29 20 29 29 0.9605249 0.03945983 0 0
v -21.80471 -3.349132 60.8484 29 20 29 29 0.9605249 0.03945983 0 0
v -23.36613 -1.89844 61.4214 29 29 29 29 1 0 0 0
v -23.02511 -0.1944886 61.34426 29 29 29 29 1 0 0 0
v -23.23813 -0.7399037 61.44172 29 29 29 29 1 0 0 0
v -23.10625 -2.630044 61.20607 29 20 29 29 0.995758 0.004226749 0 0
v -22.59178 -3.174847 60.92004 29 29 29 29 1 0 0 0
v -22.22657 -3.379321 60.61577 29 29 29 29 1 0 0 0
v -22.22657 -3.379321 60.61577 29 29 29 29 1 0 0 0
v -22.84192 -3.288782 59.7823 29 29 29 29 1 0 0 0
v -23.76947 -2.501967 60.11103 29 29 29 29 1 0 0 0
v -23.19433 -3.183366 59.97573 29 29 29 29 1 0 0 0
v -22.0826 -4.241596 60.5883 29 25 29 29 0.8399939 0.1599908 0 0
v -21.56816 -4.316044 60.86986 29 20 25 29 0.7992981 0.04069581 0.1599908 0
v -20.84059 -13.52243 63.99959 29 20 25 29 0.1538109 0.02618448 0.8199893 0
v -21.40876 -12.18806 63.18399 29 20 25 29 0.2537423 0.00624094 0.7399862 0
v -22.80968 -6.456406 63.07743 29 25 29 29 0.5599908 0.4399939 0 0
v -22.07442 -6.32024 61.1334 29 25 29 29 0.6399939 0.3599908 0 0
v -20.76761 -15.54836 64.71445 25 25 25 25 1 0 0 0
v -21.46407 -15.48408 64.09282 25 25 25 25 1 0 0 0
v -21.96443 -10.74039 64.46582 29 25 29 29 0.2599985 0.7399862 0 0
v -22.8982 -1.730301 59.11513 29 29 29 29 1 0 0 0
v -22.4964 -7.383958 62.85576 29 25 29 29 0.4799878 0.5199969 0 0
v -22.26358 -14.63315 64.48073 25 25 25 25 1 0 0 0
v -22.55489 -6.718152 62.05978 25 29 25 25 0.4799878 0.5199969 0 0
v -22.10739 -14.84344 64.12537 25 25 25 25 1 0 0 0
v -22.34423 -9.433799 62.41836 25 29 25 25 0.6399939 0.3599908 0 0
v -22.34423 -9.433799 62.41836 25 29 25 25 0.6399939 0.3599908 0 0
v -22.10739 -14.84344 64.12537 25 25 25 25 1 0 0 0
v -22.18253 -3.177998 60.22022 29 25 29 29 0.8 0.1999847 0 0
v -22.99527 -0.7356677 58.94733 29 29 29 29 1 0 0 0
v -23.05005 -1.012343 60.00138 29 25 29 29 0.8999923 0.09999237 0 0
v -23.43052 0.3520093 60.29533 29 29 29 29 1 0 0 0
v -23.18959 -1.004411 60.37406 29 25 29 29 0.8999923 0.09999237 0 0
v -23.653 -0.01611769 60.46476 29 29 29 29 1 0 0 0
v -23.00457 -0.1986295 59.48256 29 30 29 29 0.8799878 0.119997 0 0
v -22.9944 -1.661513 60.19056 29 30 25 29 0.7567865 0.1231861 0.119997 0
v -22.9944 -1.661513 60.19056 29 30 25 29 0.7567865 0.1231861 0.119997 0
v -23.38595 -0.4869637 61.36797 29 30 29 29 0.2238651 0.7761196 0 0
v -23.47527 -0.3057604 61.67244 29 30 29 29 0.2438544 0.7561303 0 0
v -23.38595 -0.4869637 61.36797 29 30 29 29 0.2238651 0.7761196 0 0
v -23.61589 0.00567317 60.99561 29 30 29 29 0.5399863 0.4599985 0 0
v -23.83946 0.1480193 60.45679 29 30 29 29 0.7799954 0.2199893 0 0
v -20.91379 -15.10381 64.43449 25 25 25 25 1 0 0 0
v -21.44181 -15.15327 64.11893 25 25 25 25 1 0 0 0
v -22.26358 -14.63315 64.48073 25 25 25 25 1 0 0 0
v -20.78093 -14.99565 64.79936 25 25 25 25 1 0 0 0
v -20.86145 -14.87186 65.09442 25 25 25 25 1 0 0 0
v -23.39956 -0.8240801 61.03252 30 29 30 30 0.7361257 0.263859 0 0
v -23.94532 -0.5335937 60.36004 29 29 29 29 1 0 0 0
v -24.09538 -0.1694193 60.73441 29 30 29 29 0.7399862 0.2599985 0 0
v -24.1612 -0.4518454 60.52924 29 30 29 29 0.7799954 0.2199893 0 0
v -23.65993 -0.7328057 61.89105 30 30 30 30 1 0 0 0
v -23.70044 -1.075672 61.7694 30 30 30 30 1 0 0 0
v -23.77809 -1.413829 61.80977 30 30 30 30 1 0 0 0
v -23.74521 -0.5374625 62.18648 30 30 30 30 1 0 0 0
v -23.65993 -0.7328057 61.89105 30 30 30 30 1 0 0 0
v -23.9072 -0.5562944 62.46033 30 30 30 30 1 0 0 0
v -24.10537 -0.6949234 62.66572 30 30 30 30 1 0 0 0
v -24.31101 -0.9783052 62.759 30 30 30 30 1 0 0 0
v -24.33274 -1.262211 62.67374 30 30 30 30 1 0 0 0
v -23.45429 -0.6242038 60.83369 30 29 23 30 0.3120317 0.3479515 0.3399863 0
v -23.78094 -0.1003364 61.59645 23 29 23 23 0.8399939 0.1599908 0 0
v -23.43951 -0.7457339 59.95203 29 23 29 29 0.6199893 0.3799954 0 0
v -24.24454 -0.4016898 59.85486 23 29 23 23 0.03782712 0.9621576 0 0
v -24.11302 0.1159132 62.53062 23 23 23 23 1 0 0 0
v -24.26734 -1.4553 62.5236 30 30 30 30 1 0 0 0
v -24.34258 0.1553524 63.04325 23 23 23 23 1 0 0 0
v -24.069 -1.501994 62.06044 30 30 30 30 1 0 0 0
v -24.24645 -1.400496 61.72158 30 30 30 30 1 0 0 0
v -23.99009 -1.331945 61.47809 30 30 30 30 1 0 0 0
v -23.83968 -1.028708 61.41792 30 30 30 30 1 0 0 0
v -23.83923 -0.6757138 61.51231 30 30 30 30 1 0 0 0
v -24.0179 -0.4861667 61.73564 30 30 30 30 1 0 0 0
v -23.83923 -0.6757138 61.51231 30 30 30 30 1 0 0 0
v -24.24645 -1.400496 61.72158 30 30 30 30 1 0 0 0
v -24.45031 -1.357457 61.96649 30 30 30 30 1 0 0 0
v -24.23735 -0.4633656 61.96964 30 30 30 30 1 0 0 0
v -24.61125 -1.181359 62.12628 30 30 30 30 1 0 0 0
v -24.44331 -0.6034763 62.14709 30 30 30 30 1 0 0 0
v -24.60282 -0.8880984 62.21415 30 30 30 30 1 0 0 0
v -24.069 -1.501994 62.06044 30 30 30 30 1 0 0 0
v -24.11302 0.1159132 62.53062 23 23 23 23 1 0 0 0
v -24.35319 -0.4685552 60.87034 29 23 29 29 0.7199969 0.2799878 0 0
v -24.4757 -0.02197683 63.14136 23 23 23 23 1 0 0 0
v -24.35156 -1.101022 60.81629 29 23 29 29 0.7199969 0.2799878 0 0
v -24.32195 -1.503425 59.62923 29 29 29 29 1 0 0 0
v -24.04133 -1.624281 60.28862 29 29 29 29 1 0 0 0
v -24.00134 -1.11454 60.51059 29 29 29 29 1 0 0 0
v -24.45544 -0.8148394 60.92339 29 23 29 29 0.7199969 0.2799878 0 0
v -24.57649 -0.3187778 63.17315 23 23 23 23 1 0 0 0
v -24.11025 -0.6142168 61.69368 23 23 23 23 1 0 0 0
v -23.98889 -0.3216408 61.65737 23 23 23 23 1 0 0 0
v -23.78498 -0.4560864 61.49722 29 23 29 29 0.1599908 0.8399939 0 0
v -24.34928 0.1357813 61.99284 23 23 23 23 1 0 0 0
v -24.03049 -0.0148797 61.73895 23 23 23 23 1 0 0 0
v -24.50533 -0.5709519 63.06533 23 23 23 23 1 0 0 0
v -24.40211 -0.6086857 62.90292 23 27 23 23 0.8999923 0.09999237 0 0
v -24.32257 0.371946 62.86741 27 27 27 27 1 0 0 0
v -23.78732 -0.545743 61.66011 29 23 27 29 0.1311971 0.6887922 0.1799954 0
v -23.41128 -0.6873232 60.6526 29 23 27 29 0.422385 0.2175937 0.3599908 0
v -24.14339 0.392548 62.31438 27 27 27 27 1 0 0 0
v -24.20998 -0.54694 62.34808 23 27 23 23 0.8199893 0.1799954 0 0
v -23.75864 0.2700891 62.17342 27 27 27 27 1 0 0 0
v -23.36544 -0.877887 60.6833 29 27 29 29 0.4399939 0.5599908 0 0
v -24.40186 -0.7240798 61.90189 23 23 23 23 1 0 0 0
v -24.40186 -0.7240798 61.90189 23 23 23 23 1 0 0 0
v -24.6654 -0.6821508 62.20476 23 23 23 23 1 0 0 0
v -24.34928 0.1357813 61.99284 23 23 23 23 1 0 0 0
v -24.62211 0.2022383 62.25206 23 23 23 23 1 0 0 0
v -24.80026 0.05076337 62.39398 23 23 23 23 1 0 0 0
v -24.89034 -0.2812547 62.43513 23 23 23 23 1 0 0 0
v -24.817 -0.5545208 62.36092 23 23 23 23 1 0 0 0
v -24.20998 -0.54694 62.34808 23 27 23 23 0.8199893 0.1799954 0 0
v -24.14339 0.392548 62.31438 27 27 27 27 1 0 0 0
v -23.36864 -1.314029 61.47986 29 29 29 29 1 0 0 0
v -22.84192 -3.288782 59.7823 29 29 29 29 1 0 0 0
v -24.32787 -1.164387 60.8402 29 27 29 29 0.6999924 0.2999924 0 0
v -24.36574 0.1865989 63.01714 27 27 27 27 1 0 0 0
v -23.13139 -0.252326 61.60163 29 37 29 29 0.3799954 0.6199893 0 0
v -23.13799 0.04870105 61.39875 29 37 29 29 0.3799954 0.6199893 0 0
v -23.25531 -0.9720268 61.3735 29 37 29 29 0.4999924 0.4999924 0 0
v -23.40753 -0.9237159 61.56232 29 37 29 29 0.4999924 0.4999924 0 0
v -23.25531 -0.9720268 61.3735 29 37 29 29 0.4999924 0.4999924 0 0
v -23.55026 -1.194719 61.33819 29 37 29 29 0.5799954 0.4199893 0 0
v -23.85617 -0.9429658 61.40657 29 37 29 29 0.5799954 0.4199893 0 0
v -24.03201 -0.6477931 61.22638 37 29 37 37 0.3985046 0.6014801 0 0
v -24.29577 -1.571428 60.82957 29 27 29 29 0.6999924 0.2999924 0 0
v -23.36254 1.503064 62.96969 37 37 37 37 1 0 0 0
v -23.37922 1.741924 62.8392 37 37 37 37 1 0 0 0
v -23.4275 2.027603 62.72993 37 37 37 37 1 0 0 0
v -23.45874 1.347228 63.17185 37 37 37 37 1 0 0 0
v -23.60511 1.36431 63.34238 37 37 37 37 1 0 0 0
v -23.45874 1.347228 63.17185 37 37 37 37 1 0 0 0
v -23.76435 1.467045 63.47501 37 37 37 37 1 0 0 0
v -23.97016 1.677153 63.5064 37 37 37 37 1 0 0 0
v -24.40323 -0.1242371 63.04714 27 27 27 27 1 0 0 0
v -23.70727 -0.06278288 62.11248 27 27 27 27 1 0 0 0
v -23.23748 0.6302021 61.59671 29 27 37 29 0.2811933 0.09878691 0.6199893 0
v -23.60708 0.3984967 62.34612 27 37 27 27 0.7199969 0.2799878 0 0
v -24.02293 1.574994 63.31034 37 27 37 37 0.8599985 0.1399863 0 0
v -24.20543 -0.04686457 62.94967 37 27 37 37 0.1399863 0.8599985 0 0
v -23.69984 2.089865 62.80243 37 37 37 37 1 0 0 0
v -23.79906 0.2932447 62.38561 27 37 27 27 0.7199969 0.2799878 0 0
v -24.04943 0.2539586 62.70698 27 37 27 27 0.7199969 0.2799878 0 0
v -23.79906 0.2932447 62.38561 27 37 27 27 0.7199969 0.2799878 0 0
v -23.69984 2.089865 62.80243 37 37 37 37 1 0 0 0
v -23.96144 2.024045 63.07716 37 37 37 37 1 0 0 0
v -23.61157 1.296035 62.76172 37 37 37 37 1 0 0 0
v -23.61157 1.296035 62.76172 37 37 37 37 1 0 0 0
v -24.08554 -0.4475101 61.91585 27 27 27 27 1 0 0 0
v -23.87099 -0.333165 61.75101 27 27 27 27 1 0 0 0
v -24.53126 -0.3983952 62.2862 27 27 27 27 1 0 0 0
v -24.3081 -0.4620962 62.12754 27 27 27 27 1 0 0 0
v -24.65356 -0.1606052 62.36516 27 27 27 27 1 0 0 0
v -24.08554 -0.4475101 61.91585 27 27 27 27 1 0 0 0
v -23.85437 -0.05730098 61.69629 27 27 27 27 1 0 0 0
v -24.04021 -0.05372301 61.38839 27 27 27 27 1 0 0 0
v -24.13394 0.205056 61.41692 27 27 27 27 1 0 0 0
v -23.94655 0.2285291 61.72753 27 27 27 27 1 0 0 0
v -24.20271 0.319517 61.9051 27 27 27 27 1 0 0 0
v -24.5189 -0.4798612 61.69217 27 27 27 27 1 0 0 0
v -24.30852 -0.4622991 61.53434 27 27 27 27 1 0 0 0
v -24.20271 0.319517 61.9051 27 27 27 27 1 0 0 0
v -24.37251 0.311653 61.52782 27 27 27 27 1 0 0 0
v -24.67623 0.3261919 61.7257 27 27 27 27 1 0 0 0
v -24.48706 0.3165109 62.17543 27 27 27 27 1 0 0 0
v -24.83268 0.09558183 61.8844 27 27 27 27 1 0 0 0
v -24.64136 0.1331189 62.32506 27 27 27 27 1 0 0 0
v -24.8376 -0.1772162 61.92823 27 27 27 27 1 0 0 0
v -24.30852 -0.4622991 61.53434 27 27 27 27 1 0 0 0
v -24.09224 -0.327652 61.40882 27 27 27 27 1 0 0 0
v -24.37251 0.311653 61.52782 27 27 27 27 1 0 0 0
v -24.70913 -0.4078823 61.85954 27 27 27 27 1 0 0 0
v -24.22534 -0.3399013 64.04929 32 32 32 32 1 0 0 0
v -24.20866 -0.1121813 64.05186 32 32 32 32 1 0 0 0
v -24.26695 0.1220407 64.07536 32 32 32 32 1 0 0 0
v -24.4731 0.2651108 64.14651 32 32 32 32 1 0 0 0
v -24.39246 -0.4956553 64.12282 32 32 32 32 1 0 0 0
v -24.6073 -0.48918 63.14682 27 32 27 27 0.3999847 0.6 0 0
v -24.63507 -0.5017351 64.05005 32 32 32 32 1 0 0 0
v -24.77457 0.2392469 64.0415 32 32 32 32 1 0 0 0
v -24.75066 0.2848011 63.14885 32 27 32 32 0.6 0.3999847 0 0
v -24.4731 0.2651108 64.14651 32 32 32 32 1 0 0 0
v -24.84249 -0.4173291 64.13199 32 32 32 32 1 0 0 0
v -24.79565 -0.416513 63.28308 32 27 32 32 0.6 0.3999847 0 0
v -24.94057 0.03430192 64.12598 32 32 32 32 1 0 0 0
v -24.93258 0.07801405 63.28247 32 27 32 32 0.6 0.3999847 0 0
v -24.9248 -0.200902 63.32877 32 27 32 32 0.6 0.3999847 0 0
v -24.39246 -0.4956553 64.12282 32 32 32 32 1 0 0 0
v -24.95541 -0.2088001 64.15417 32 32 32 32 1 0 0 0
v -24.16633 -0.4155062 63.67882 32 32 32 32 1 0 0 0
v -24.20424 -0.4067821 63.42988 32 32 32 32 1 0 0 0
v -24.1946 -0.1205821 63.44522 32 32 32 32 1 0 0 0
v -24.14234 -0.1178282 63.66869 32 32 32 32 1 0 0 0
v -24.17931 -0.3745452 63.88587 32 32 32 32 1 0 0 0
v -24.40046 -0.5034803 63.9394 32 32 32 32 1 0 0 0
v -24.42091 -0.5237222 63.73193 32 32 32 32 1 0 0 0
v -24.30221 0.1567859 63.4497 32 32 32 32 1 0 0 0
v -24.28182 0.1812098 63.69082 32 32 32 32 1 0 0 0
v -24.54585 0.2367679 63.71557 32 32 32 32 1 0 0 0
v -24.51854 0.2561138 63.97467 32 32 32 32 1 0 0 0
v -24.27003 0.1622987 63.91528 32 32 32 32 1 0 0 0
v -24.65104 -0.517574 63.47277 32 32 32 32 1 0 0 0
v -24.42448 -0.5372191 63.47692 32 32 32 32 1 0 0 0
v -24.42091 -0.5237222 63.73193 32 32 32 32 1 0 0 0
v -24.65609 -0.501875 63.78113 32 32 32 32 1 0 0 0
v -24.54585 0.2367679 63.71557 32 32 32 32 1 0 0 0
v -24.55212 0.211686 63.45367 32 32 32 32 1 0 0 0
v -24.78689 0.1972361 63.44949 32 32 32 32 1 0 0 0
v -24.79644 0.214938 63.7483 32 32 32 32 1 0 0 0
v -24.85783 -0.390398 63.82057 32 32 32 32 1 0 0 0
v -24.93741 0.01323302 63.79992 32 32 32 32 1 0 0 0
v -24.95845 -0.200148 63.81807 32 32 32 32 1 0 0 0
v -24.1756 -0.1104913 63.87523 32 32 32 32 1 0 0 0
v -24.40046 -0.5034803 63.9394 32 32 32 32 1 0 0 0
v -24.51854 0.2561138 63.97467 32 32 32 32 1 0 0 0
v -24.42448 -0.5372191 63.47692 32 32 32 32 1 0 0 0
v -24.55212 0.211686 63.45367 32 32 32 32 1 0 0 0
v -24.84738 -0.3909189 63.47735 32 32 32 32 1 0 0 0
v -24.91615 0.01154211 63.46167 32 32 32 32 1 0 0 0
v -24.93528 -0.1909279 63.47469 32 32 32 32 1 0 0 0
v -24.34376 0.1119055 62.99018 36 36 36 36 1 0 0 0
v -24.54393 0.2329065 63.0211 36 36 36 36 1 0 0 0
v -24.27658 -0.2964943 62.96159 36 36 36 36 1 0 0 0
v -24.28746 -0.0995324 62.97426 36 36 36 36 1 0 0 0
v -24.5118 0.2082895 62.79214 36 36 36 36 1 0 0 0
v -24.74079 0.2157034 62.74258 36 36 36 36 1 0 0 0
v -24.76566 0.212088 63.14452 36 32 36 36 0.4399939 0.5599908 0 0
v -24.54393 0.2329065 63.0211 36 36 36 36 1 0 0 0
v -24.6347 -0.4996172 63.01573 36 36 36 36 1 0 0 0
v -24.82715 -0.3912458 63.15783 36 32 36 36 0.4399939 0.5599908 0 0
v -24.82854 -0.3796943 62.8255 36 36 36 36 1 0 0 0
v -24.90642 0.02820851 62.79772 36 36 36 36 1 0 0 0
v -24.90649 0.02534606 63.13448 36 32 36 36 0.4399939 0.5599908 0 0
v -24.92216 -0.1858139 63.14781 36 32 36 36 0.4399939 0.5599908 0 0
v -24.39429 -0.4868623 62.99757 36 36 36 36 1 0 0 0
v -24.39429 -0.4868623 62.99757 36 36 36 36 1 0 0 0
v -24.91659 -0.1790664 62.81984 36 36 36 36 1 0 0 0
v -24.77579 0.09039743 62.44463 36 36 36 36 1 0 0 0
v -24.77442 -0.005780607 62.33785 36 36 36 36 1 0 0 0
v -24.79952 -0.04833454 62.40117 36 36 36 36 1 0 0 0
v -24.83206 -0.02887151 62.55756 36 36 36 36 1 0 0 0
v -24.80114 -0.2087745 62.43633 36 36 36 36 1 0 0 0
v -24.84194 -0.2003815 62.58459 36 36 36 36 1 0 0 0
v -24.79057 -0.3784363 62.58781 36 36 36 36 1 0 0 0
v -24.72313 -0.3795733 62.44932 36 36 36 36 1 0 0 0
v -24.64273 -0.4785423 62.52032 36 36 36 36 1 0 0 0
v -24.66161 -0.4524543 62.40395 36 36 36 36 1 0 0 0
v -24.53176 -0.4987034 62.28146 36 36 36 36 1 0 0 0
v -24.62035 -0.4533414 62.24008 36 36 36 36 1 0 0 0
v -24.53238 -0.4858334 62.1383 36 36 36 36 1 0 0 0
v -24.6352 -0.4486184 62.16766 36 36 36 36 1 0 0 0
v -24.60681 -0.4300264 62.03342 36 36 36 36 1 0 0 0
v -24.64092 -0.3895964 62.12818 36 36 36 36 1 0 0 0
v -24.713 -0.2771075 61.94027 36 36 36 36 1 0 0 0
v -24.7427 -0.2225865 62.07117 36 36 36 36 1 0 0 0
v -24.74089 -0.09244859 61.94877 36 36 36 36 1 0 0 0
v -24.7483 -0.06985363 62.05477 36 36 36 36 1 0 0 0
v -24.68548 0.05783932 62.0243 36 36 36 36 1 0 0 0
v -24.76382 -0.01002163 62.08525 36 36 36 36 1 0 0 0
v -24.74489 0.02513638 62.14229 36 36 36 36 1 0 0 0
v -24.68358 0.1068923 62.17366 36 36 36 36 1 0 0 0
v -24.4777 -0.5081134 62.32627 36 36 36 36 1 0 0 0
v -24.61521 -0.4945013 62.76878 36 36 36 36 1 0 0 0
v -24.61146 0.1803904 62.23648 36 36 36 36 1 0 0 0
v -24.58264 -0.02742568 61.84501 36 36 36 36 1 0 0 0
v -24.59765 0.1408823 61.98996 36 36 36 36 1 0 0 0
v -24.48992 -0.4330384 61.97409 36 36 36 36 1 0 0 0
v -24.46119 -0.4912174 62.1338 36 36 36 36 1 0 0 0
v -24.7345 -0.006019622 62.14995 36 36 36 36 1 0 0 0
v -24.75338 -0.2167006 62.14651 36 36 36 36 1 0 0 0
v -24.63964 -0.4124824 62.21478 36 36 36 36 1 0 0 0
v -24.33941 -0.4916413 62.7628 36 36 36 36 1 0 0 0
v -24.16837 -0.3023084 62.7448 36 36 36 36 1 0 0 0
v -24.18798 -0.07318348 62.75301 36 36 36 36 1 0 0 0
v -24.29383 0.1174625 62.77185 36 36 36 36 1 0 0 0
v -24.33941 -0.4916413 62.7628 36 36 36 36 1 0 0 0
v -24.31157 -0.4932294 62.35815 36 36 36 36 1 0 0 0
v -24.15764 -0.3708404 62.37542 36 36 36 36 1 0 0 0
v -24.32204 -0.4625874 62.16558 36 36 36 36 1 0 0 0
v -24.2407 -0.3858305 62.07753 36 36 36 36 1 0 0 0
v -24.10833 -0.1043235 62.37051 36 36 36 36 1 0 0 0
v -24.21691 0.0888664 62.36068 36 36 36 36 1 0 0 0
v -24.20373 -0.1624936 62.00787 36 36 36 36 1 0 0 0
v -24.27723 0.03523834 62.02539 36 36 36 36 1 0 0 0
v -24.41142 0.1753194 62.32001 36 36 36 36 1 0 0 0
v -24.5118 0.2082895 62.79214 36 36 36 36 1 0 0 0
v -24.39978 0.1367893 62.08627 36 36 36 36 1 0 0 0
v -24.31157 -0.4932294 62.35815 36 36 36 36 1 0 0 0
v -24.32204 -0.4625874 62.16558 36 36 36 36 1 0 0 0
v -24.41142 0.1753194 62.32001 36 36 36 36 1 0 0 0
v -24.39978 0.1367893 62.08627 36 36 36 36 1 0 0 0
v -24.53917 -0.2421445 61.8496 36 36 36 36 1 0 0 0
v -24.27723 0.03523834 62.02539 36 36 36 36 1 0 0 0
v -24.20373 -0.1624936 62.00787 36 36 36 36 1 0 0 0
v -24.2407 -0.3858305 62.07753 36 36 36 36 1 0 0 0
v 21.51135 11.07756 21.47518 19 19 19 19 1 0 0 0
v 21.77212 10.89704 21.50551 19 19 19 19 1 0 0 0
v 21.67913 14.27189 20.19358 16 16 16 16 1 0 0 0
v 21.44302 14.44735 20.20528 16 16 16 16 1 0 0 0
v 22.11927 10.90273 21.68093 19 19 19 19 1 0 0 0
v 22.38707 11.1152 21.88526 19 19 19 19 1 0 0 0
v 22.25279 14.44432 20.51543 16 16 16 16 1 0 0 0
v 21.98471 14.28266 20.30772 16 16 16 16 1 0 0 0
v 21.76702 14.98726 20.6274 16 16 16 16 1 0 0 0
v 21.86964 11.68078 21.93862 19 19 19 19 1 0 0 0
v 21.61138 11.61835 21.82413 19 19 19 19 1 0 0 0
v 21.50358 14.91095 20.51251 16 16 16 16 1 0 0 0
v 21.46221 11.47136 21.67681 19 19 19 19 1 0 0 0
v 21.33784 14.77667 20.37575 16 16 16 16 1 0 0 0
v 22.38707 11.1152 21.88526 19 19 19 19 1 0 0 0
v 22.35668 11.44386 21.96094 19 19 19 19 1 0 0 0
v 22.23832 14.72104 20.62106 16 16 16 16 1 0 0 0
v 22.25279 14.44432 20.51543 16 16 16 16 1 0 0 0
v 21.77212 10.89704 21.50551 19 19 19 19 1 0 0 0
v 21.67913 14.27189 20.19358 16 16 16 16 1 0 0 0
v 22.14813 11.61977 21.98232 19 19 19 19 1 0 0 0
v 22.05345 14.90624 20.6617 16 16 16 16 1 0 0 0
v 21.31366 14.60181 20.2517 16 16 16 16 1 0 0 0
v 21.41129 11.27712 21.53808 19 19 19 19 1 0 0 0
v 21.77392 11.65726 21.22559 19 19 19 19 1 0 0 0
v 21.74799 11.61905 21.0918 19 19 19 19 1 0 0 0
v 21.68965 11.55717 21.12156 19 19 19 19 1 0 0 0
v 21.67991 11.5888 21.32035 19 19 19 19 1 0 0 0
v 21.86658 11.7478 21.36231 19 19 19 19 1 0 0 0
v 21.78099 11.70268 21.48344 19 19 19 19 1 0 0 0
v 21.99706 11.77482 21.60622 19 19 19 19 1 0 0 0
v 22.04422 11.80403 21.47402 19 19 19 19 1 0 0 0
v 22.227 11.79623 21.57466 19 19 19 19 1 0 0 0
v 22.208 11.81155 21.48616 19 19 19 19 1 0 0 0
v 22.37702 11.89044 21.3518 19 19 19 19 1 0 0 0
v 22.30316 11.90513 21.32594 19 19 19 19 1 0 0 0
v 22.31911 11.9865 21.17333 19 19 19 19 1 0 0 0
v 22.37931 11.99853 21.14195 19 19 19 19 1 0 0 0
v 22.22947 12.01827 21.085 19 19 19 19 1 0 0 0
v 22.29159 12.05481 21.00881 19 19 19 19 1 0 0 0
v 22.1622 12.02455 20.90288 19 19 19 19 1 0 0 0
v 22.09845 12.0048 20.98049 19 19 19 19 1 0 0 0
v 22.02776 11.92244 20.81506 19 19 19 19 1 0 0 0
v 21.97182 11.91228 20.8876 19 19 19 19 1 0 0 0
v 21.93277 11.78092 20.80127 19 19 19 19 1 0 0 0
v 21.91326 11.79392 20.84974 19 19 19 19 1 0 0 0
v 21.81308 11.64472 20.89815 19 19 19 19 1 0 0 0
v 21.83619 11.69332 20.94001 19 19 19 19 1 0 0 0
v 22.44169 11.86099 21.40655 19 19 19 19 1 0 0 0
v 22.24216 11.69156 21.75108 19 19 19 19 1 0 0 0
v 21.80091 11.54467 20.91414 19 19 19 19 1 0 0 0
v 21.57036 11.36862 21.31733 19 19 19 19 1 0 0 0
v 22.09569 11.84223 20.7642 19 19 19 19 1 0 0 0
v 21.96467 11.70743 20.77707 19 19 19 19 1 0 0 0
v 22.39967 11.98522 20.9857 19 19 19 19 1 0 0 0
v 22.29159 12.05481 21.00881 19 19 19 19 1 0 0 0
v 22.46491 11.9739 21.1586 19 19 19 19 1 0 0 0
v 21.88586 11.81911 21.02652 19 19 19 19 1 0 0 0
v 22.008 11.92393 21.1274 19 19 19 19 1 0 0 0
v 22.16922 11.9408 21.24761 19 19 19 19 1 0 0 0
v 21.95151 11.71345 21.76617 19 19 19 19 1 0 0 0
v 21.57207 11.50771 21.50876 19 19 19 19 1 0 0 0
v 22.48903 11.23863 21.59397 19 19 19 19 1 0 0 0
v 22.45527 11.53977 21.73264 19 19 19 19 1 0 0 0
v 21.89707 10.98963 21.22352 19 19 19 19 1 0 0 0
v 22.26349 11.02057 21.39031 19 19 19 19 1 0 0 0
v 21.63867 11.17808 21.23966 19 19 19 19 1 0 0 0
v 22.52165 11.49034 21.23133 19 19 19 19 1 0 0 0
v 22.53355 11.68125 21.37851 19 19 19 19 1 0 0 0
v 22.50604 11.73832 21.04836 19 19 19 19 1 0 0 0
v 22.532 11.81133 21.18667 19 19 19 19 1 0 0 0
v 22.11116 11.31316 20.89869 19 19 19 19 1 0 0 0
v 22.37136 11.3462 21.02346 19 19 19 19 1 0 0 0
v 22.19098 11.61623 20.76585 19 19 19 19 1 0 0 0
v 22.38666 11.66996 20.85812 19 19 19 19 1 0 0 0
v 21.87793 11.40532 20.8981 19 19 19 19 1 0 0 0
v 22.11116 11.31316 20.89869 19 19 19 19 1 0 0 0
v 21.89707 10.98963 21.22352 19 19 19 19 1 0 0 0
v 22.52165 11.49034 21.23133 19 19 19 19 1 0 0 0
v 22.48903 11.23863 21.59397 19 19 19 19 1 0 0 0
v 22.02456 11.58257 20.77641 19 19 19 19 1 0 0 0
v 22.19098 11.61623 20.76585 19 19 19 19 1 0 0 0
v 22.50604 11.73832 21.04836 19 19 19 19 1 0 0 0
v 22.19098 11.61623 20.76585 19 19 19 19 1 0 0 0
v 22.26133 11.94998 20.84016 19 19 19 19 1 0 0 0
v 22.38666 11.66996 20.85812 19 19 19 19 1 0 0 0
v 22.39967 11.98522 20.9857 19 19 19 19 1 0 0 0
v 22.50604 11.73832 21.04836 19 19 19 19 1 0 0 0
v 21.69781 11.64528 21.64958 19 19 19 19 1 0 0 0
v 22.10739 19.0707 18.5679 9 9 9 9 1 0 0 0
v 21.44182 18.76088 18.56146 9 9 9 9 1 0 0 0
v 21.49249 16.65311 19.46689 9 16 9 9 0.5599908 0.4399939 0 0
v 21.95218 19.14242 18.55779 9 9 9 9 1 0 0 0
v 21.75001 15.90518 20.9842 9 16 9 9 0.2799878 0.7199969 0 0
v 21.81035 19.48894 19.66493 9 9 9 9 1 0 0 0
v 22.13386 19.40601 19.32548 9 9 9 9 1 0 0 0
v 22.02325 19.57286 19.12071 9 9 9 9 1 0 0 0
v 20.9138 18.81034 18.87704 9 9 9 9 1 0 0 0
v 20.78093 18.9185 19.2419 9 9 9 9 1 0 0 0
v 20.95327 16.73025 19.89305 9 16 9 9 0.5199969 0.4799878 0 0
v 21.10687 17.72088 19.23048 9 16 9 9 0.7399862 0.2599985 0 0
v 20.86146 19.04228 19.53696 9 9 9 9 1 0 0 0
v 20.9553 16.90859 20.09259 9 16 9 9 0.5199969 0.4799878 0 0
v 21.11446 19.21866 19.69539 9 9 9 9 1 0 0 0
v 21.10885 17.06981 20.29961 9 16 9 9 0.5199969 0.4799878 0 0
v 21.92799 13.92515 20.69246 16 16 16 16 1 0 0 0
v 21.97458 14.14161 20.93887 16 16 16 16 1 0 0 0
v 22.06983 19.34304 18.83048 9 9 9 9 1 0 0 0
v 21.20159 13.98502 20.76259 16 16 16 16 1 0 0 0
v 21.53244 13.86496 20.67968 16 16 16 16 1 0 0 0
v 21.49249 16.65311 19.46689 9 16 9 9 0.5599908 0.4399939 0 0
v 21.55496 14.68195 21.18152 16 16 16 16 1 0 0 0
v 21.48396 15.91348 20.77932 9 16 9 9 0.2599985 0.7399862 0 0
v 21.78983 14.57065 21.37607 16 16 16 16 1 0 0 0
v 21.05538 14.17617 20.86838 16 16 16 16 1 0 0 0
v 21.07253 15.69927 20.45732 9 16 9 9 0.2599985 0.7399862 0 0
v 21.13512 14.47168 20.88167 16 16 16 16 1 0 0 0
v 21.21094 15.82197 20.63976 9 16 9 9 0.2599985 0.7399862 0 0
v 21.41095 15.8822 20.98952 9 16 9 9 0.2799878 0.7199969 0 0
v 22.06983 19.34304 18.83048 9 9 9 9 1 0 0 0
v 21.97458 14.14161 20.93887 16 16 16 16 1 0 0 0
v 22.02717 14.41069 21.19641 16 16 16 16 1 0 0 0
v 21.53244 13.86496 20.67968 16 16 16 16 1 0 0 0
v 21.44182 18.76088 18.56146 9 9 9 9 1 0 0 0
v 21.40136 19.36035 19.7686 9 9 9 9 1 0 0 0
v 21.27122 14.60322 21.04887 16 16 16 16 1 0 0 0
v 22.19272 14.35408 20.66753 16 16 16 16 1 0 0 0
v 21.9546 14.1442 20.41634 16 16 16 16 1 0 0 0
v 22.04295 14.24512 20.79456 16 16 16 16 1 0 0 0
v 22.19272 14.35408 20.66753 16 16 16 16 1 0 0 0
v 22.11658 14.60319 20.82102 16 16 16 16 1 0 0 0
v 22.0498 14.49576 21.03357 16 16 16 16 1 0 0 0
v 21.59511 14.16825 20.35847 16 16 16 16 1 0 0 0
v 21.35734 14.33895 20.42274 16 16 16 16 1 0 0 0
v 21.59511 14.16825 20.35847 16 16 16 16 1 0 0 0
v 21.54748 14.01466 20.55983 16 16 16 16 1 0 0 0
v 21.25713 14.14038 20.62199 16 16 16 16 1 0 0 0
v 21.93765 14.77283 20.91079 16 16 16 16 1 0 0 0
v 21.23445 14.48374 20.48822 16 16 16 16 1 0 0 0
v 21.84881 14.66461 21.18482 16 16 16 16 1 0 0 0
v 21.66016 14.84748 20.89627 16 16 16 16 1 0 0 0
v 21.24235 14.6448 20.62424 16 16 16 16 1 0 0 0
v 21.12891 14.30192 20.71084 16 16 16 16 1 0 0 0
v 21.38585 14.78349 20.77799 16 16 16 16 1 0 0 0
v 21.54748 14.01466 20.55983 16 16 16 16 1 0 0 0
v 21.92401 14.0163 20.54741 16 16 16 16 1 0 0 0
v 22.04295 14.24512 20.79456 16 16 16 16 1 0 0 0
v 24.66906 1.293467 15.196 4 4 4 4 1 0 0 0
v 24.74076 1.415722 14.48681 11 4 11 11 0.5799954 0.4199893 0 0
v 24.54901 1.606904 13.80981 11 11 11 11 1 0 0 0
v 24.46219 1.421002 15.23773 4 4 4 4 1 0 0 0
v 24.45233 1.849992 13.8248 11 11 11 11 1 0 0 0
v 24.53205 2.121786 13.81257 11 11 11 11 1 0 0 0
v 24.46832 1.965713 15.22492 4 4 4 4 1 0 0 0
v 24.38189 1.696112 15.24926 4 4 4 4 1 0 0 0
v 24.91966 1.326066 15.14431 4 4 4 4 1 0 0 0
v 24.96972 1.416347 14.46276 11 4 11 11 0.5799954 0.4199893 0 0
v 24.74076 1.415722 14.48681 11 4 11 11 0.5799954 0.4199893 0 0
v 24.66906 1.293467 15.196 4 4 4 4 1 0 0 0
v 24.69195 2.103209 15.18923 4 4 4 4 1 0 0 0
v 24.73578 2.263496 13.79169 11 11 11 11 1 0 0 0
v 24.96658 2.223868 14.45073 4 11 4 4 0.4199893 0.5799954 0 0
v 24.93105 2.108889 15.12468 4 4 4 4 1 0 0 0
v 25.07071 1.479267 15.20699 4 4 4 4 1 0 0 0
v 25.09845 1.568437 14.45385 11 4 11 11 0.5799954 0.4199893 0 0
v 25.14725 2.051188 14.4331 4 11 4 4 0.4199893 0.5799954 0 0
v 25.12494 1.941463 15.17986 4 4 4 4 1 0 0 0
v 25.12514 1.639446 13.99184 11 11 11 11 1 0 0 0
v 25.16266 1.811922 14.44551 4 11 4 4 0.4199893 0.5799954 0 0
v 25.18411 1.88039 13.99225 11 11 11 11 1 0 0 0
v 25.1535 2.117285 13.9791 11 11 11 11 1 0 0 0
v 24.49604 1.567431 13.9833 11 11 11 11 1 0 0 0
v 24.75854 1.452196 14.01225 11 11 11 11 1 0 0 0
v 24.69195 2.103209 15.18923 4 4 4 4 1 0 0 0
v 24.73578 2.263496 13.79169 11 11 11 11 1 0 0 0
v 24.99532 1.480744 13.99091 11 11 11 11 1 0 0 0
v 24.75854 1.452196 14.01225 11 11 11 11 1 0 0 0
v 24.74385 2.265799 13.97959 11 11 11 11 1 0 0 0
v 24.99421 2.296307 13.97166 11 11 11 11 1 0 0 0
v 25.1458 1.714934 15.19539 4 4 4 4 1 0 0 0
v 24.98954 1.858916 14.767 4 4 4 4 1 0 0 0
v 24.92954 1.951256 14.71211 4 4 4 4 1 0 0 0
v 24.96664 1.987451 14.79639 4 4 4 4 1 0 0 0
v 25.0806 1.883604 14.90767 4 4 4 4 1 0 0 0
v 25.02282 1.682815 14.79119 4 4 4 4 1 0 0 0
v 25.09111 1.69151 14.93884 4 4 4 4 1 0 0 0
v 25.03341 1.488065 14.9377 4 4 4 4 1 0 0 0
v 24.97689 1.495969 14.7955 4 4 4 4 1 0 0 0
v 24.93058 1.356524 14.85605 4 4 4 4 1 0 0 0
v 24.93838 1.395373 14.73896 4 4 4 4 1 0 0 0
v 24.84641 1.316926 14.58463 4 4 4 4 1 0 0 0
v 24.90498 1.388829 14.54522 4 4 4 4 1 0 0 0
v 24.86283 1.323196 14.43167 4 4 4 4 1 0 0 0
v 24.92417 1.398653 14.46795 4 4 4 4 1 0 0 0
v 24.9057 1.414423 14.31236 4 4 4 4 1 0 0 0
v 24.93709 1.465253 14.42286 4 4 4 4 1 0 0 0
v 24.95098 1.665746 14.32699 4 4 4 4 1 0 0 0
v 24.91653 1.619037 14.21387 4 4 4 4 1 0 0 0
v 24.90354 1.819344 14.22839 4 4 4 4 1 0 0 0
v 24.91777 1.85035 14.36519 4 4 4 4 1 0 0 0
v 24.86305 1.971423 14.32179 4 4 4 4 1 0 0 0
v 24.90147 1.910989 14.40532 4 4 4 4 1 0 0 0
v 24.85568 2.005068 14.48767 4 4 4 4 1 0 0 0
v 24.89195 1.942275 14.47682 4 4 4 4 1 0 0 0
v 24.76443 1.308096 14.64154 4 4 4 4 1 0 0 0
v 24.78881 2.076169 14.56023 4 4 4 4 1 0 0 0
v 24.72269 1.85205 14.17296 4 4 4 4 1 0 0 0
v 24.73584 2.02614 14.32223 4 4 4 4 1 0 0 0
v 24.73933 1.31716 14.42188 4 4 4 4 1 0 0 0
v 24.75002 1.402942 14.25454 4 4 4 4 1 0 0 0
v 24.9155 1.889457 14.471 4 4 4 4 1 0 0 0
v 24.9612 1.67279 14.46356 4 4 4 4 1 0 0 0
v 24.92615 1.438134 14.51632 4 4 4 4 1 0 0 0
v 24.40843 1.398668 14.726 4 4 4 4 1 0 0 0
v 24.5953 1.327831 14.69021 4 4 4 4 1 0 0 0
v 24.48634 1.417048 14.37517 4 4 4 4 1 0 0 0
v 24.58709 1.348601 14.46566 4 4 4 4 1 0 0 0
v 24.38346 1.923664 14.7067 4 4 4 4 1 0 0 0
v 24.27971 1.683267 14.72522 4 4 4 4 1 0 0 0
v 24.44969 1.868696 14.34027 4 4 4 4 1 0 0 0
v 24.39043 1.653311 14.30401 4 4 4 4 1 0 0 0
v 24.58407 2.044378 14.65256 4 4 4 4 1 0 0 0
v 24.56338 1.994259 14.407 4 4 4 4 1 0 0 0
v 24.5953 1.327831 14.69021 4 4 4 4 1 0 0 0
v 24.58709 1.348601 14.46566 4 4 4 4 1 0 0 0
v 24.58407 2.044378 14.65256 4 4 4 4 1 0 0 0
v 24.56338 1.994259 14.407 4 4 4 4 1 0 0 0
v 24.44969 1.868696 14.34027 4 4 4 4 1 0 0 0
v 24.7232 1.631292 14.15431 4 4 4 4 1 0 0 0
v 24.39043 1.653311 14.30401 4 4 4 4 1 0 0 0
v 24.48634 1.417048 14.37517 4 4 4 4 1 0 0 0
v 24.20384 1.796512 17.15874 1 1 1 1 1 0 0 0
v 24.351 1.833289 14.61551 11 11 11 11 1 0 0 0
v 24.46303 1.605099 14.63848 11 11 11 11 1 0 0 0
v 24.31259 1.523527 17.19664 1 1 1 1 1 0 0 0
v 24.54471 2.26692 17.35149 1 1 1 1 1 0 0 0
v 24.64439 2.287024 14.75336 11 11 11 11 1 0 0 0
v 24.44766 2.1021 14.67363 11 11 11 11 1 0 0 0
v 24.28061 2.122494 17.22057 1 1 1 1 1 0 0 0
v 25.22497 1.837804 15.0817 11 11 11 11 1 0 0 0
v 25.10119 1.82959 17.7721 1 1 1 1 1 0 0 0
v 25.00348 1.554789 17.69234 1 1 1 1 1 0 0 0
v 25.11169 1.553083 15.02196 11 11 11 11 1 0 0 0
v 25.12029 2.158845 15.02023 11 11 11 11 1 0 0 0
v 25.01827 2.14765 17.71934 1 1 1 1 1 0 0 0
v 24.67 1.446634 14.7105 11 11 11 11 1 0 0 0
v 24.56135 1.39756 17.32422 1 1 1 1 1 0 0 0
v 24.91697 1.446022 14.87254 11 11 11 11 1 0 0 0
v 24.8294 1.41326 17.51093 1 1 1 1 1 0 0 0
v 24.56135 1.39756 17.32422 1 1 1 1 1 0 0 0
v 24.67 1.446634 14.7105 11 11 11 11 1 0 0 0
v 24.54471 2.26692 17.35149 1 1 1 1 1 0 0 0
v 24.81063 2.312224 17.52892 1 1 1 1 1 0 0 0
v 24.90935 2.320568 14.87484 11 11 11 11 1 0 0 0
v 24.64439 2.287024 14.75336 11 11 11 11 1 0 0 0
v 24.44148 1.544633 14.2189 11 11 11 11 1 0 0 0
v 24.30155 1.847838 14.20635 11 11 11 11 1 0 0 0
v 24.37482 1.855212 13.98129 11 11 11 11 1 0 0 0
v 24.42342 1.555867 14.4458 11 11 11 11 1 0 0 0
v 24.75224 1.443029 14.28794 11 11 11 11 1 0 0 0
v 24.73221 1.452142 14.51632 11 11 11 11 1 0 0 0
v 24.4666 2.167068 14.23819 11 11 11 11 1 0 0 0
v 24.51742 2.136421 13.99213 11 11 11 11 1 0 0 0
v 24.72892 2.289927 14.27076 11 11 11 11 1 0 0 0
v 24.44108 2.157893 14.48951 11 11 11 11 1 0 0 0
v 24.69674 2.291879 14.5608 11 11 11 11 1 0 0 0
v 24.75224 1.443029 14.28794 11 11 11 11 1 0 0 0
v 25.01094 1.485793 14.3423 11 11 11 11 1 0 0 0
v 24.72892 2.289927 14.27076 11 11 11 11 1 0 0 0
v 24.99405 2.296514 14.31105 11 11 11 11 1 0 0 0
v 24.99206 1.478657 14.63926 11 11 11 11 1 0 0 0
v 25.14431 1.640876 14.37503 11 11 11 11 1 0 0 0
v 25.15173 1.600177 14.72201 11 11 11 11 1 0 0 0
v 25.15741 2.130902 14.36288 11 11 11 11 1 0 0 0
v 24.9608 2.311171 14.63461 11 11 11 11 1 0 0 0
v 25.13764 2.142087 14.7226 11 11 11 11 1 0 0 0
v 25.20547 1.879408 14.37701 11 11 11 11 1 0 0 0
v 25.22403 1.856073 14.75114 11 11 11 11 1 0 0 0
v 24.74385 2.265799 13.97959 11 11 11 11 1 0 0 0
v 24.34207 1.850717 14.44158 11 11 11 11 1 0 0 0
v 24.73221 1.452142 14.51632 11 11 11 11 1 0 0 0
v 24.69674 2.291879 14.5608 11 11 11 11 1 0 0 0
v 24.57882 4.416903 14.33915 3 10 3 3 0.4599985 0.5399863 0 0
v 24.51621 4.287404 14.30807 3 8 10 3 0.07998779 0.07998779 0.8399939 0
v 24.73718 4.152532 14.15506 10 10 10 10 1 0 0 0
v 24.53389 4.25588 13.71584 10 10 10 10 1 0 0 0
v 24.39325 4.467135 14.1746 10 10 10 10 1 0 0 0
v 24.46906 4.612276 14.34976 3 10 3 3 0.4599985 0.5399863 0 0
v 24.75745 4.403847 14.30653 3 10 3 3 0.8199893 0.1799954 0 0
v 24.4748 4.858268 14.3552 3 10 3 3 0.4599985 0.5399863 0 0
v 24.43441 4.734223 14.17202 10 10 10 10 1 0 0 0
v 24.58557 5.184737 14.48274 3 3 3 3 1 0 0 0
v 24.61346 4.939756 14.4012 3 10 3 3 0.1599908 0.8399939 0 0
v 24.4748 4.858268 14.3552 3 10 3 3 0.4599985 0.5399863 0 0
v 24.42155 5.022762 14.46153 3 3 3 3 1 0 0 0
v 24.49827 4.503258 14.43075 3 3 3 3 1 0 0 0
v 24.36111 4.751995 14.4402 3 3 3 3 1 0 0 0
v 24.95959 4.223957 14.14162 10 10 10 10 1 0 0 0
v 24.97107 4.499767 14.29754 3 3 3 3 1 0 0 0
v 24.75745 4.403847 14.30653 3 10 3 3 0.8199893 0.1799954 0 0
v 24.73718 4.152532 14.15506 10 10 10 10 1 0 0 0
v 24.61251 4.893945 14.17643 10 10 10 10 1 0 0 0
v 24.80367 5.217196 14.32402 3 3 3 3 1 0 0 0
v 24.81132 4.926653 14.15587 10 10 10 10 1 0 0 0
v 25.09607 4.369897 14.21876 10 10 10 10 1 0 0 0
v 25.11559 4.591137 14.33925 3 10 3 3 0.7799954 0.2199893 0 0
v 25.00524 5.073491 14.35083 3 10 3 3 0.7799954 0.2199893 0 0
v 25.00595 4.833457 14.22879 10 10 10 10 1 0 0 0
v 25.08234 4.651843 14.5212 3 3 3 3 1 0 0 0
v 25.12845 4.855762 14.35421 3 10 3 3 0.7799954 0.2199893 0 0
v 25.07648 4.906926 14.54323 3 3 3 3 1 0 0 0
v 24.95647 5.12374 14.52991 3 3 3 3 1 0 0 0
v 24.74711 4.425664 14.48422 3 3 3 3 1 0 0 0
v 24.42155 5.022762 14.46153 3 3 3 3 1 0 0 0
v 24.43441 4.734223 14.17202 10 10 10 10 1 0 0 0
v 24.95258 4.490241 14.49562 3 3 3 3 1 0 0 0
v 24.74711 4.425664 14.48422 3 3 3 3 1 0 0 0
v 24.77767 5.211946 14.51135 3 3 3 3 1 0 0 0
v 25.12012 4.614423 14.22719 10 10 10 10 1 0 0 0
v 24.967 4.75034 13.8307 10 10 10 10 1 0 0 0
v 24.89927 4.822017 13.76866 10 10 10 10 1 0 0 0
v 24.88563 4.874057 13.85307 10 10 10 10 1 0 0 0
v 25.0058 4.790116 13.97018 10 10 10 10 1 0 0 0
v 25.03116 4.59014 13.85052 10 10 10 10 1 0 0 0
v 25.09023 4.604354 13.98827 10 10 10 10 1 0 0 0
v 25.07532 4.403841 13.97069 10 10 10 10 1 0 0 0
v 25.02422 4.416878 13.84102 10 10 10 10 1 0 0 0
v 25.0031 4.281669 13.87225 10 10 10 10 1 0 0 0
v 24.99619 4.317698 13.78432 10 10 10 10 1 0 0 0
v 24.95684 4.261003 13.61292 10 10 10 10 1 0 0 0
v 24.9674 4.29752 13.59941 10 10 10 10 1 0 0 0
v 24.96657 4.279678 13.49137 10 10 10 10 1 0 0 0
v 24.9783 4.320985 13.52203 10 10 10 10 1 0 0 0
v 25.00077 4.377966 13.41774 10 10 10 10 1 0 0 0
v 25.00341 4.39394 13.46137 10 10 10 10 1 0 0 0
v 25.00072 4.589535 13.39473 10 10 10 10 1 0 0 0
v 25.00215 4.590644 13.34334 10 10 10 10 1 0 0 0
v 24.93357 4.761347 13.42543 10 10 10 10 1 0 0 0
v 24.92044 4.778348 13.37337 10 10 10 10 1 0 0 0
v 24.8787 4.827361 13.45804 10 10 10 10 1 0 0 0
v 24.85067 4.855217 13.43332 10 10 10 10 1 0 0 0
v 24.83727 4.878877 13.57031 10 10 10 10 1 0 0 0
v 24.86317 4.834352 13.56509 10 10 10 10 1 0 0 0
v 24.89137 4.215832 13.66218 10 10 10 10 1 0 0 0
v 24.74951 4.900908 13.62968 10 10 10 10 1 0 0 0
v 24.81271 4.768236 13.34104 10 10 10 10 1 0 0 0
v 24.75248 4.853149 13.43297 10 10 10 10 1 0 0 0
v 24.9146 4.325611 13.35802 10 10 10 10 1 0 0 0
v 24.8924 4.240027 13.47341 10 10 10 10 1 0 0 0
v 24.92247 4.764711 13.55434 10 10 10 10 1 0 0 0
v 25.0025 4.584126 13.54619 10 10 10 10 1 0 0 0
v 24.99939 4.381865 13.58137 10 10 10 10 1 0 0 0
v 24.74559 4.194367 13.69246 10 10 10 10 1 0 0 0
v 24.66864 4.293429 13.40606 10 10 10 10 1 0 0 0
v 24.76823 4.229332 13.48506 10 10 10 10 1 0 0 0
v 24.45013 4.715221 13.69915 10 10 10 10 1 0 0 0
v 24.42607 4.474003 13.70039 10 10 10 10 1 0 0 0
v 24.59203 4.690598 13.41111 10 10 10 10 1 0 0 0
v 24.59024 4.491982 13.35334 10 10 10 10 1 0 0 0
v 24.45013 4.715221 13.69915 10 10 10 10 1 0 0 0
v 24.60249 4.848361 13.67609 10 10 10 10 1 0 0 0
v 24.59203 4.690598 13.41111 10 10 10 10 1 0 0 0
v 24.63485 4.801122 13.46667 10 10 10 10 1 0 0 0
v 24.74559 4.194367 13.69246 10 10 10 10 1 0 0 0
v 24.76823 4.229332 13.48506 10 10 10 10 1 0 0 0
v 24.59203 4.690598 13.41111 10 10 10 10 1 0 0 0
v 24.89064 4.55896 13.27099 10 10 10 10 1 0 0 0
v 24.59024 4.491982 13.35334 10 10 10 10 1 0 0 0
v 24.66864 4.293429 13.40606 10 10 10 10 1 0 0 0
v 24.81271 4.768236 13.34104 10 10 10 10 1 0 0 0
v 24.35799 4.503828 15.71716 8 3 8 8 0.3599908 0.6399939 0 0
v 24.36273 4.455877 14.85587 3 3 3 3 1 0 0 0
v 24.63978 4.370394 14.9522 3 3 3 3 1 0 0 0
v 24.58588 4.355855 15.5683 8 3 8 8 0.2399939 0.7599909 0 0
v 24.25269 4.729663 14.86802 3 3 3 3 1 0 0 0
v 24.28846 4.740024 15.73032 8 3 8 8 0.3599908 0.6399939 0 0
v 24.23871 4.999772 15.75616 8 3 8 8 0.3599908 0.6399939 0 0
v 24.25312 5.031331 14.90248 3 3 3 3 1 0 0 0
v 24.09418 4.702292 17.0908 8 8 8 8 1 0 0 0
v 24.21889 4.432305 17.11611 8 8 8 8 1 0 0 0
v 24.28173 5.238956 17.28791 8 8 8 8 1 0 0 0
v 24.39327 5.214832 15.82812 3 8 3 3 0.6599985 0.3399863 0 0
v 24.23871 4.999772 15.75616 8 3 8 8 0.3599908 0.6399939 0 0
v 24.10215 5.008763 17.14857 8 8 8 8 1 0 0 0
v 24.58588 4.355855 15.5683 8 3 8 8 0.2399939 0.7599909 0 0
v 24.63978 4.370394 14.9522 3 3 3 3 1 0 0 0
v 24.87905 4.448208 15.07158 3 3 3 3 1 0 0 0
v 24.81202 4.428582 15.71985 8 3 8 8 0.2399939 0.7599909 0 0
v 24.62218 5.224185 15.58572 3 8 3 3 0.8399939 0.1599908 0 0
v 24.68342 5.221944 15.09311 3 3 3 3 1 0 0 0
v 24.45999 5.195893 15.00068 3 3 3 3 1 0 0 0
v 24.99306 4.594685 15.14868 3 3 3 3 1 0 0 0
v 24.93748 4.59779 16.51156 8 3 8 8 0.5999848 0.4 0 0
v 24.83042 5.155638 16.5406 8 3 8 8 0.5999848 0.4 0 0
v 24.88587 5.134047 15.1694 3 3 3 3 1 0 0 0
v 24.95777 4.87613 16.56646 8 3 8 8 0.5999848 0.4 0 0
v 24.83933 4.859119 17.57846 8 8 8 8 1 0 0 0
v 24.81094 4.586192 17.51488 8 8 8 8 1 0 0 0
v 24.71033 5.136827 17.54688 8 8 8 8 1 0 0 0
v 24.48196 4.342253 17.2689 8 8 8 8 1 0 0 0
v 24.10215 5.008763 17.14857 8 8 8 8 1 0 0 0
v 24.25312 5.031331 14.90248 3 3 3 3 1 0 0 0
v 24.69957 4.409861 17.43168 8 8 8 8 1 0 0 0
v 24.48196 4.342253 17.2689 8 8 8 8 1 0 0 0
v 24.51427 5.271001 17.44228 8 8 8 8 1 0 0 0
v 25.00525 4.860868 15.19478 3 3 3 3 1 0 0 0
v 24.41615 4.460903 14.64016 3 3 3 3 1 0 0 0
v 24.27236 4.73944 14.65329 3 3 3 3 1 0 0 0
v 24.70234 4.398809 14.72639 3 3 3 3 1 0 0 0
v 24.32989 5.04095 14.68025 3 3 3 3 1 0 0 0
v 24.5288 5.198314 14.74252 3 3 3 3 1 0 0 0
v 24.32989 5.04095 14.68025 3 3 3 3 1 0 0 0
v 24.70234 4.398809 14.72639 3 3 3 3 1 0 0 0
v 24.92725 4.471911 14.788 3 3 3 3 1 0 0 0
v 24.73883 5.220916 14.80423 3 3 3 3 1 0 0 0
v 25.03794 4.632247 14.83805 3 3 3 3 1 0 0 0
v 24.914 5.125239 14.84881 3 3 3 3 1 0 0 0
v 25.04524 4.887427 14.87095 3 3 3 3 1 0 0 0
v 23.70349 -4.20063 15.88311 18 18 18 18 1 0 0 0
v 23.75253 -4.196773 15.67497 18 2 18 18 0.7199969 0.2799878 0 0
v 23.60213 -4.383811 15.67056 18 2 18 18 0.7199969 0.2799878 0 0
v 23.55455 -4.42817 15.90056 18 18 18 18 1 0 0 0
v 23.68433 -4.616558 15.66994 18 2 18 18 0.7199969 0.2799878 0 0
v 23.63778 -4.68373 15.91978 18 18 18 18 1 0 0 0
v 24.16225 -4.209409 15.92733 18 18 18 18 1 0 0 0
v 24.16379 -4.137417 15.59723 18 2 18 18 0.4799878 0.5199969 0 0
v 23.96617 -4.149879 15.66887 18 2 18 18 0.7199969 0.2799878 0 0
v 23.96068 -4.169727 15.90884 18 18 18 18 1 0 0 0
v 23.84374 -4.761652 15.67323 18 2 18 18 0.7199969 0.2799878 0 0
v 24.0259 -4.75143 15.67956 18 2 18 18 0.7199969 0.2799878 0 0
v 24.00408 -4.780331 15.96713 18 18 18 18 1 0 0 0
v 23.82524 -4.791505 15.94484 18 18 18 18 1 0 0 0
v 23.67868 -4.507987 15.35006 2 2 2 2 1 0 0 0
v 23.82018 -4.660874 15.34529 2 2 2 2 1 0 0 0
v 23.84374 -4.761652 15.67323 18 2 18 18 0.7199969 0.2799878 0 0
v 23.67435 -4.291659 15.36433 2 2 2 2 1 0 0 0
v 23.77388 -4.11419 15.35934 2 2 2 2 1 0 0 0
v 24.22151 -4.476516 15.60096 18 2 18 18 0.4799878 0.5199969 0 0
v 24.20405 -4.409072 15.3208 2 2 2 2 1 0 0 0
v 24.20849 -4.225987 15.30846 2 2 2 2 1 0 0 0
v 24.22153 -4.284548 15.59387 18 2 18 18 0.4799878 0.5199969 0 0
v 24.13402 -4.631966 15.61013 18 2 18 18 0.4799878 0.5199969 0 0
v 24.12909 -4.558159 15.32546 2 2 2 2 1 0 0 0
v 23.96068 -4.169727 15.90884 18 18 18 18 1 0 0 0
v 23.96617 -4.149879 15.66887 18 2 18 18 0.7199969 0.2799878 0 0
v 23.93163 -4.048397 15.3228 2 2 2 2 1 0 0 0
v 23.82524 -4.791505 15.94484 18 18 18 18 1 0 0 0
v 24.15084 -4.071203 15.29553 2 2 2 2 1 0 0 0
v 23.93163 -4.048397 15.3228 2 2 2 2 1 0 0 0
v 24.01142 -4.643541 15.3293 2 2 2 2 1 0 0 0
v 23.82018 -4.660874 15.34529 2 2 2 2 1 0 0 0
v 24.23699 -4.353286 15.95989 18 18 18 18 1 0 0 0
v 24.1252 -4.701482 15.96396 18 18 18 18 1 0 0 0
v 24.24413 -4.538401 15.96887 18 18 18 18 1 0 0 0
v 23.98876 -4.605722 14.97798 2 2 2 2 1 0 0 0
v 23.99685 -4.568515 14.9227 2 2 2 2 1 0 0 0
v 24.03455 -4.519982 14.98524 2 2 2 2 1 0 0 0
v 24.08766 -4.54266 15.08752 2 2 2 2 1 0 0 0
v 24.08163 -4.394355 15.01505 2 2 2 2 1 0 0 0
v 24.15633 -4.402049 15.1257 2 2 2 2 1 0 0 0
v 24.14528 -4.262941 15.08485 2 2 2 2 1 0 0 0
v 24.07606 -4.264575 14.98853 2 2 2 2 1 0 0 0
v 24.09104 -4.172611 14.98056 2 2 2 2 1 0 0 0
v 24.05437 -4.2103 14.92421 2 2 2 2 1 0 0 0
v 23.9999 -4.143634 14.79431 2 2 2 2 1 0 0 0
v 24.00394 -4.191286 14.75817 2 2 2 2 1 0 0 0
v 23.99171 -4.206216 14.68591 2 2 2 2 1 0 0 0
v 23.96779 -4.171023 14.6258 2 2 2 2 1 0 0 0
v 23.99832 -4.240841 14.6393 2 2 2 2 1 0 0 0
v 23.98913 -4.2522 14.52551 2 2 2 2 1 0 0 0
v 24.00297 -4.393622 14.60226 2 2 2 2 1 0 0 0
v 23.99406 -4.406007 14.49807 2 2 2 2 1 0 0 0
v 23.94037 -4.512573 14.6277 2 2 2 2 1 0 0 0
v 23.9109 -4.532122 14.53269 2 2 2 2 1 0 0 0
v 23.87711 -4.585948 14.61459 2 2 2 2 1 0 0 0
v 23.94222 -4.549725 14.65755 2 2 2 2 1 0 0 0
v 23.91115 -4.607482 14.77497 2 2 2 2 1 0 0 0
v 23.94917 -4.54811 14.73662 2 2 2 2 1 0 0 0
v 23.95227 -4.091677 14.82642 2 2 2 2 1 0 0 0
v 24.10394 -4.089649 15.10912 2 2 2 2 1 0 0 0
v 23.81089 -4.636268 14.80468 2 2 2 2 1 0 0 0
v 23.95444 -4.646524 15.12538 2 2 2 2 1 0 0 0
v 23.81297 -4.526083 14.47578 2 2 2 2 1 0 0 0
v 23.76083 -4.588914 14.59044 2 2 2 2 1 0 0 0
v 23.91225 -4.128899 14.57972 2 2 2 2 1 0 0 0
v 23.90247 -4.222303 14.4534 2 2 2 2 1 0 0 0
v 23.95144 -4.527333 14.722 2 2 2 2 1 0 0 0
v 24.01709 -4.383434 14.70594 2 2 2 2 1 0 0 0
v 24.0053 -4.238192 14.74081 2 2 2 2 1 0 0 0
v 24.18421 -4.239884 15.18349 2 2 2 2 1 0 0 0
v 24.10881 -4.554667 15.19558 2 2 2 2 1 0 0 0
v 23.85315 -4.052619 15.13475 2 2 2 2 1 0 0 0
v 23.69406 -4.11198 15.16726 2 2 2 2 1 0 0 0
v 23.58642 -4.293988 15.18904 2 2 2 2 1 0 0 0
v 23.60783 -4.52247 15.18578 2 2 2 2 1 0 0 0
v 23.85315 -4.052619 15.13475 2 2 2 2 1 0 0 0
v 23.77572 -4.648052 15.17163 2 2 2 2 1 0 0 0
v 23.7927 -4.089673 14.85627 2 2 2 2 1 0 0 0
v 23.63733 -4.13364 14.88026 2 2 2 2 1 0 0 0
v 23.77917 -4.121881 14.63259 2 2 2 2 1 0 0 0
v 23.69282 -4.172864 14.59202 2 2 2 2 1 0 0 0
v 23.503 -4.304468 14.87752 2 2 2 2 1 0 0 0
v 23.55364 -4.514071 14.87242 2 2 2 2 1 0 0 0
v 23.61379 -4.317385 14.55267 2 2 2 2 1 0 0 0
v 23.61032 -4.473784 14.5681 2 2 2 2 1 0 0 0
v 23.69091 -4.613203 14.85006 2 2 2 2 1 0 0 0
v 23.77572 -4.648052 15.17163 2 2 2 2 1 0 0 0
v 23.65272 -4.5688 14.61753 2 2 2 2 1 0 0 0
v 23.7927 -4.089673 14.85627 2 2 2 2 1 0 0 0
v 23.77917 -4.121881 14.63259 2 2 2 2 1 0 0 0
v 23.69091 -4.613203 14.85006 2 2 2 2 1 0 0 0
v 23.65272 -4.5688 14.61753 2 2 2 2 1 0 0 0
v 23.61379 -4.317385 14.55267 2 2 2 2 1 0 0 0
v 23.88082 -4.381592 14.41334 2 2 2 2 1 0 0 0
v 23.61032 -4.473784 14.5681 2 2 2 2 1 0 0 0
v 23.69282 -4.172864 14.59202 2 2 2 2 1 0 0 0
v 24.18772 -4.402844 15.20419 2 2 2 2 1 0 0 0
v 23.45633 -4.308062 17.86503 18 14 18 18 0.2999924 0.6999924 0 0
v 23.51583 -4.560582 17.92546 18 14 18 18 0.2999924 0.6999924 0 0
v 23.43507 -4.49593 18.79766 14 14 14 14 1 0 0 0
v 23.39002 -4.237141 18.71278 14 14 14 14 1 0 0 0
v 24.1086 -4.080615 17.71379 18 14 18 18 0.4199893 0.5799954 0 0
v 23.86769 -4.009683 18.54203 14 14 14 14 1 0 0 0
v 23.77989 -3.932557 18.79397 14 14 14 14 1 0 0 0
v 24.03337 -3.985859 18.92961 14 14 14 14 1 0 0 0
v 24.09308 -4.629918 17.96344 18 14 18 18 0.3399863 0.6599985 0 0
v 23.97551 -4.550754 19.14407 14 14 14 14 1 0 0 0
v 23.7814 -4.619726 19.05213 14 14 14 14 1 0 0 0
v 23.90882 -4.692104 18.6417 14 14 14 14 1 0 0 0
v 24.23482 -4.438552 17.97637 18 14 18 18 0.3399863 0.6599985 0 0
v 24.12455 -4.345166 19.16307 14 14 14 14 1 0 0 0
v 23.93866 -4.130943 16.09527 18 18 18 18 1 0 0 0
v 23.64803 -4.190662 16.05524 18 18 18 18 1 0 0 0
v 23.65205 -4.199653 16.98226 18 14 18 18 0.6399939 0.3599908 0 0
v 23.90746 -4.094783 16.24771 18 18 18 18 1 0 0 0
v 23.60071 -4.667972 16.11489 18 18 18 18 1 0 0 0
v 23.59237 -4.609251 17.55031 18 14 18 18 0.4 0.5999848 0 0
v 23.57367 -4.389767 16.91979 18 14 18 18 0.6799878 0.319997 0 0
v 23.54345 -4.423198 16.07646 18 18 18 18 1 0 0 0
v 23.57507 -4.077034 17.89362 14 18 14 14 0.7199969 0.2799878 0 0
v 23.70992 -4.693061 18.6233 14 14 14 14 1 0 0 0
v 23.76636 -4.735892 17.50198 18 14 18 18 0.4399939 0.5599908 0 0
v 23.95302 -4.757755 16.33349 18 18 18 18 1 0 0 0
v 23.76636 -4.735892 17.50198 18 14 18 18 0.4399939 0.5599908 0 0
v 23.79118 -4.778439 16.15362 18 18 18 18 1 0 0 0
v 24.22313 -4.239956 17.94522 18 14 18 18 0.3399863 0.6599985 0 0
v 24.25844 -4.491809 16.3841 18 18 18 18 1 0 0 0
v 24.24804 -4.305835 16.35086 18 18 18 18 1 0 0 0
v 24.12788 -4.683553 16.36847 18 18 18 18 1 0 0 0
v 23.77989 -3.932557 18.79397 14 14 14 14 1 0 0 0
v 23.86769 -4.009683 18.54203 14 14 14 14 1 0 0 0
v 23.49816 -3.97807 18.69585 14 14 14 14 1 0 0 0
v 23.79118 -4.778439 16.15362 18 18 18 18 1 0 0 0
v 23.90746 -4.094783 16.24771 18 18 18 18 1 0 0 0
v 24.15415 -4.144192 16.30504 18 18 18 18 1 0 0 0
v 23.70992 -4.693061 18.6233 14 14 14 14 1 0 0 0
v 24.13581 -4.131499 19.09268 14 14 14 14 1 0 0 0
v 24.18169 -4.180735 16.14951 18 18 18 18 1 0 0 0
v 24.25894 -4.332135 16.19916 18 18 18 18 1 0 0 0
v 24.12951 -4.70096 16.20734 18 18 18 18 1 0 0 0
v 23.97444 -4.764683 16.1828 18 18 18 18 1 0 0 0
v 24.2565 -4.516056 16.22127 18 18 18 18 1 0 0 0
v 23.93866 -4.130943 16.09527 18 18 18 18 1 0 0 0
v 20.35173 2.042443 32.79112 6 0 6 6 0.8489051 0.1510796 0 0
v 20.1736 2.350683 32.91445 0 6 0 0 0 0.7836881 0.2162966 0
v 20.70911 2.493327 31.92033 6 0 6 6 0.9455711 0.05441367 0 0
v 20.64646 2.936926 31.89169 6 0 6 6 0.9447318 0.05526818 0 0
v 20.11469 2.729248 32.9692 0 6 0 0 0 0.7801328 0.219852 0
v 20.10772 3.106629 32.99529 6 0 6 6 0.7829556 0.2170291 0 0
v 20.1736 2.350683 32.91445 0 6 0 0 0 0.7836881 0.2162966 0
v 20.70911 2.493327 31.92033 6 0 6 6 0.9455711 0.05441367 0 0
v 20.64947 3.401628 31.90654 6 0 6 6 0.9491875 0.05079728 0 0
v 20.23787 3.500042 32.96867 6 0 6 6 0.8464637 0.153521 0 0
v 20.86353 2.030962 31.61203 13 6 0 13 0.05966277 0.8941939 0.04611276 0
v 20.99343 2.342088 30.21862 13 6 13 13 0.1888609 0.8111238 0 0
v 20.97511 2.719704 29.86971 13 6 0 13 0.2415961 0.7481651 0.01022355 0
v 21.16202 1.624311 31.52117 13 6 0 13 0.09410239 0.8712901 0.03457695 0
v 21.15813 1.842469 30.11809 13 6 13 13 0.2186618 0.781323 0 0
v 21.60235 1.168969 29.10071 13 6 13 13 0.4032654 0.5967193 0 0
v 21.60574 1.730675 32.33038 13 6 0 13 0.0081178 0.9844358 0.007431144 0
v 21.00378 1.633434 33.1616 13 6 0 13 0.005676356 0.8883345 0.1059739 0
v 20.61087 1.676248 32.77004 13 6 0 13 0.01495384 0.8590982 0.1259174 0
v 21.9741 1.86375 31.71159 13 6 0 13 0.1882658 0.7796597 0.03204395 0
v 22.06234 1.200685 28.79852 13 6 0 13 0.525124 0.4730602 0.001785306 0
v 22.33369 1.378384 27.57536 13 6 0 13 0.7909971 0.2061036 0.002868696 0
v 22.08592 2.457381 31.45112 13 6 0 13 0.2538949 0.728893 0.01719692 0
v 22.39527 2.085777 28.09502 13 6 13 13 0.7194018 0.2805829 0 0
v 21.97292 3.267314 31.65557 13 6 0 13 0.2085145 0.7821164 0.00935378 0
v 22.25836 2.843756 28.54166 13 6 13 13 0.6327916 0.3671931 0 0
v 21.54058 4.068273 32.06683 13 6 0 13 0.09158465 0.9034714 0.004913405 0
v 21.91298 3.687349 29.39092 13 6 13 13 0.4452735 0.5547112 0 0
v 20.99563 3.931406 31.36299 13 6 0 13 0.1441978 0.8212711 0.03451591 0
v 20.73624 3.641083 31.4327 13 6 0 13 0.07649348 0.8968033 0.02667277 0
v 20.5422 3.905858 33.13032 6 0 6 6 0.8922255 0.1077592 0 0
v 21.10329 1.508028 28.36736 13 6 13 13 0.4538491 0.5461357 0 0
v 21.15813 1.842469 30.11809 13 6 13 13 0.2186618 0.781323 0 0
v 20.99343 2.342088 30.21862 13 6 13 13 0.1888609 0.8111238 0 0
v 22.33369 1.378384 27.57536 13 6 0 13 0.7909971 0.2061036 0.002868696 0
v 22.06234 1.200685 28.79852 13 6 0 13 0.525124 0.4730602 0.001785306 0
v 22.52674 0.7310678 25.85825 13 6 13 13 0.9584191 0.04156557 0 0
v 22.8095 1.38782 26.27223 13 6 13 13 0.9283131 0.07167163 0 0
v 22.39527 2.085777 28.09502 13 6 13 13 0.7194018 0.2805829 0 0
v 22.13665 0.3602408 25.80901 13 6 13 13 0.9033036 0.09668116 0 0
v 21.60235 1.168969 29.10071 13 6 13 13 0.4032654 0.5967193 0 0
v 20.99343 2.342088 30.21862 13 6 13 13 0.1888609 0.8111238 0 0
v 21.39336 1.900834 33.52998 6 0 6 6 0.9093919 0.09059282 0 0
v 21.58524 2.540315 33.67168 6 0 6 6 0.9332876 0.06669719 0 0
v 21.53459 3.321976 33.6326 6 0 6 6 0.9436485 0.05633631 0 0
v 21.10215 3.943383 33.2878 13 6 0 13 0.01393149 0.9371328 0.04892042 0
v 21.38801 13.55491 23.9724 13 6 13 9 0.08065919 0.259144 0 0.6601663
v 20.71098 10.68507 23.69014 13 6 9 13 0.2503395 0.2296483 0.5199969 0
v 20.91722 10.7376 24.94162 13 6 13 9 0.1144427 0.3650111 0 0.5205157
v 20.84904 11.91157 23.56944 13 6 13 9 0.2191348 0.195758 0 0.5850919
v 21.10677 3.704499 27.56539 13 6 0 9 0.3990387 0.4970016 0.003936828 0.09999237
v 21.20249 1.12186 26.26865 13 6 13 13 0.7480125 0.2519722 0 0
v 21.17542 7.068594 24.41203 13 6 9 13 0.4169986 0.2429847 0.3399863 0
v 20.97511 2.719704 29.86971 13 6 0 13 0.2415961 0.7481651 0.01022355 0
v 22.20563 13.66327 22.45049 13 6 9 13 0.2988632 0.04112306 0.6599985 0
v 21.38801 13.55491 23.9724 13 6 13 9 0.08065919 0.259144 0 0.6601663
v 21.91298 3.687349 29.39092 13 6 13 13 0.4452735 0.5547112 0 0
v 21.25604 14.99168 21.50823 13 9 13 13 0.2599985 0.7399862 0 0
v 20.81219 18.60945 20.04505 9 9 9 9 1 0 0 0
v 20.84904 11.91157 23.56944 13 6 13 9 0.2191348 0.195758 0 0.5850919
v 20.65085 18.45343 19.64364 9 9 9 9 1 0 0 0
v 20.81219 18.60945 20.04505 9 9 9 9 1 0 0 0
v 20.91722 10.7376 24.94162 13 6 13 9 0.1144427 0.3650111 0 0.5205157
v 20.84904 11.91157 23.56944 13 6 13 9 0.2191348 0.195758 0 0.5850919
v 22.65422 0.2239779 23.38038 13 13 13 13 1 0 0 0
v 21.97254 0.1551565 24.23046 13 6 13 13 0.986389 0.01359579 0 0
v 21.9194 0.715929 24.11621 13 6 13 13 0.9674983 0.03248646 0 0
v 22.73458 0.7354599 23.14347 13 13 13 13 1 0 0 0
v 21.61467 0.2633214 24.81408 13 6 13 13 0.9641718 0.03581293 0 0
v 21.35929 0.6840649 26.08835 13 6 13 13 0.7878844 0.2121004 0 0
v 21.47633 0.7608263 25.0351 13 6 13 13 0.8983291 0.1016556 0 0
v 21.38785 0.8510548 27.68008 13 6 13 13 0.5804685 0.4195163 0 0
v 21.60235 1.168969 29.10071 13 6 13 13 0.4032654 0.5967193 0 0
v 22.85246 1.869308 25.93913 13 13 13 13 1 0 0 0
v 22.25836 2.843756 28.54166 13 6 13 13 0.6327916 0.3671931 0 0
v 22.73319 2.452195 25.90008 13 13 13 13 1 0 0 0
v 22.48677 3.231001 26.57425 13 6 13 13 0.857847 0.1421378 0 0
v 21.38785 0.8510548 27.68008 13 6 13 13 0.5804685 0.4195163 0 0
v 21.80471 0.0889138 25.15021 13 6 13 13 0.9605249 0.03945983 0 0
v 21.80471 0.0889138 25.15021 13 6 13 13 0.9605249 0.03945983 0 0
v 23.36613 1.432327 25.2813 13 13 13 13 1 0 0 0
v 23.23813 2.590863 25.30161 13 13 13 13 1 0 0 0
v 23.02511 3.136278 25.20416 13 13 13 13 1 0 0 0
v 23.10625 0.7114499 25.11016 13 6 13 13 0.995758 0.004226749 0 0
v 22.59178 0.1559197 24.77994 13 13 13 13 1 0 0 0
v 22.22657 -0.04855514 24.47567 13 13 13 13 1 0 0 0
v 22.22657 -0.04855514 24.47567 13 13 13 13 1 0 0 0
v 22.84192 0.04198384 23.64219 13 13 13 13 1 0 0 0
v 23.76947 0.8287997 23.97093 13 13 13 13 1 0 0 0
v 23.19433 0.1473998 23.83563 13 13 13 13 1 0 0 0
v 22.0826 4.006497 22.93403 13 9 13 13 0.8399939 0.1599908 0 0
v 21.56816 4.039329 23.6575 13 6 9 13 0.7992981 0.04069581 0.1599908 0
v 20.84059 14.9498 20.45028 13 6 9 13 0.1538109 0.02618448 0.8199893 0
v 21.40877 13.74321 20.17926 13 6 9 13 0.2537423 0.00624094 0.7399862 0
v 22.80968 10.30706 22.80107 13 9 13 13 0.5599908 0.4399939 0 0
v 22.07443 8.04453 21.59565 13 9 13 13 0.6399939 0.3599908 0 0
v 20.76762 18.36578 19.15699 9 9 9 9 1 0 0 0
v 21.46408 18.43007 18.53535 9 9 9 9 1 0 0 0
v 21.96444 15.25806 21.3458 13 9 13 13 0.2599985 0.7399862 0 0
v 22.8982 1.600465 22.97502 13 13 13 13 1 0 0 0
v 22.26359 19.281 18.92327 9 9 9 9 1 0 0 0
v 22.4964 11.89814 21.80385 13 9 13 13 0.4799878 0.5199969 0 0
v 22.5549 11.24466 21.41411 9 13 9 9 0.4799878 0.5199969 0 0
v 22.34424 13.44634 20.25853 9 13 9 9 0.6399939 0.3599908 0 0
v 22.10739 19.0707 18.5679 9 9 9 9 1 0 0 0
v 22.10739 19.0707 18.5679 9 9 9 9 1 0 0 0
v 22.34424 13.44634 20.25853 9 13 9 9 0.6399939 0.3599908 0 0
v 22.18253 6.269444 22.19665 13 9 13 13 0.8 0.1999847 0 0
v 22.99527 2.595099 22.80723 13 13 13 13 1 0 0 0
v 23.05005 5.436728 22.90108 13 9 13 13 0.8999923 0.09999237 0 0
v 23.43052 3.682776 24.15523 13 13 13 13 1 0 0 0
v 23.18959 5.444661 23.27376 13 9 13 13 0.8999923 0.09999237 0 0
v 23.653 3.31465 24.32466 13 13 13 13 1 0 0 0
v 23.00458 3.414809 22.37937 13 8 13 13 0.8799878 0.119997 0 0
v 22.9944 5.669904 21.94252 13 8 9 13 0.7567865 0.1231861 0.119997 0
v 22.9944 5.669904 21.94252 13 8 9 13 0.7567865 0.1231861 0.119997 0
v 23.47527 4.784867 19.53633 13 8 13 13 0.2438544 0.7561303 0 0
v 23.38594 4.649256 19.07653 13 8 13 13 0.2238651 0.7761196 0 0
v 23.38594 4.649256 19.07653 13 8 13 13 0.2238651 0.7761196 0 0
v 23.83946 3.989419 22.57691 13 8 13 13 0.7799954 0.2199893 0 0
v 23.61589 4.403299 21.22062 13 8 13 13 0.5399863 0.4599985 0 0
v 20.9138 18.81034 18.87704 9 9 9 9 1 0 0 0
v 21.44182 18.76088 18.56146 9 9 9 9 1 0 0 0
v 22.26359 19.281 18.92327 9 9 9 9 1 0 0 0
v 20.78093 18.9185 19.2419 9 9 9 9 1 0 0 0
v 20.86146 19.04228 19.53696 9 9 9 9 1 0 0 0
v 23.39956 4.220956 19.05175 8 13 8 8 0.7361257 0.263859 0 0
v 23.94532 2.797174 24.21994 13 13 13 13 1 0 0 0
v 24.1612 3.389555 22.64937 13 8 13 13 0.7799954 0.2199893 0 0
v 24.09537 3.763165 22.54386 13 8 13 13 0.7399862 0.2599985 0 0
v 23.65993 4.923166 17.82876 8 8 8 8 1 0 0 0
v 23.70044 4.5803 17.70711 8 8 8 8 1 0 0 0
v 23.77809 4.242144 17.74749 8 8 8 8 1 0 0 0
v 23.7452 5.118509 18.12419 8 8 8 8 1 0 0 0
v 23.65993 4.923166 17.82876 8 8 8 8 1 0 0 0
v 23.9072 5.099677 18.39805 8 8 8 8 1 0 0 0
v 24.10537 4.961048 18.60344 8 8 8 8 1 0 0 0
v 24.311 4.677666 18.69671 8 8 8 8 1 0 0 0
v 24.33274 4.39376 18.61146 8 8 8 8 1 0 0 0
v 23.78094 2.178975 18.7117 1 13 1 1 0.8399939 0.1599908 0 0
v 23.4543 3.007398 19.48664 8 13 1 8 0.3120317 0.3479515 0.3399863 0
v 23.43951 2.108438 20.75478 13 1 13 13 0.6199893 0.3799954 0 0
v 24.24454 2.879944 23.39959 1 13 1 1 0.03782712 0.9621576 0 0
v 24.11303 2.193778 18.35367 1 1 1 1 1 0 0 0
v 24.26733 4.200671 18.46132 8 8 8 8 1 0 0 0
v 24.34259 2.233217 18.8663 1 1 1 1 1 0 0 0
v 23.99009 4.324028 17.4158 8 8 8 8 1 0 0 0
v 24.24645 4.255476 17.6593 8 8 8 8 1 0 0 0
v 24.069 4.153978 17.99816 8 8 8 8 1 0 0 0
v 23.83968 4.627264 17.35563 8 8 8 8 1 0 0 0
v 23.83923 4.980258 17.45003 8 8 8 8 1 0 0 0
v 24.01789 5.169805 17.67336 8 8 8 8 1 0 0 0
v 23.83923 4.980258 17.45003 8 8 8 8 1 0 0 0
v 24.45031 4.298515 17.90421 8 8 8 8 1 0 0 0
v 24.24645 4.255476 17.6593 8 8 8 8 1 0 0 0
v 24.23735 5.192606 17.90736 8 8 8 8 1 0 0 0
v 24.61124 4.474612 18.064 8 8 8 8 1 0 0 0
v 24.44331 5.052495 18.08481 8 8 8 8 1 0 0 0
v 24.60282 4.767873 18.15187 8 8 8 8 1 0 0 0
v 24.069 4.153978 17.99816 8 8 8 8 1 0 0 0
v 24.11303 2.193778 18.35367 1 1 1 1 1 0 0 0
v 24.35319 2.513365 22.49252 13 1 13 13 0.7199969 0.2799878 0 0
v 24.4757 2.055888 18.96441 1 1 1 1 1 0 0 0
v 24.35157 1.880898 22.43847 13 1 13 13 0.7199969 0.2799878 0 0
v 24.04133 1.706486 24.14852 13 13 13 13 1 0 0 0
v 24.32195 1.827342 23.48913 13 13 13 13 1 0 0 0
v 24.45545 2.16708 22.54557 13 1 13 13 0.7199969 0.2799878 0 0
v 24.00134 2.216228 24.37049 13 13 13 13 1 0 0 0
v 24.57649 1.759087 18.99619 1 1 1 1 1 0 0 0
v 23.78498 1.823225 18.61247 13 1 13 13 0.1599908 0.8399939 0 0
v 23.9889 1.756224 17.48042 1 1 1 1 1 0 0 0
v 24.11026 1.463647 17.51673 1 1 1 1 1 0 0 0
v 24.34929 2.213646 17.81589 1 1 1 1 1 0 0 0
v 24.0305 2.062985 17.562 1 1 1 1 1 0 0 0
v 24.50533 1.506913 18.88838 1 1 1 1 1 0 0 0
v 24.40211 1.210685 18.81817 1 15 1 1 0.8999923 0.09999237 0 0
v 24.32257 -0.1764937 19.62735 15 15 15 15 1 0 0 0
v 23.78732 1.220497 18.69224 13 1 15 13 0.1311971 0.6887922 0.1799954 0
v 23.41128 0.9736526 20.21751 13 1 15 13 0.422385 0.2175937 0.3599908 0
v 24.14338 -0.1558919 19.07432 15 15 15 15 1 0 0 0
v 23.75863 -0.278351 18.93336 15 15 15 15 1 0 0 0
v 24.20999 1.05716 18.34014 1 15 1 1 0.8199893 0.1799954 0 0
v 23.36544 0.2774811 20.56165 13 15 13 13 0.4399939 0.5599908 0 0
v 24.40187 1.353785 17.72494 1 1 1 1 1 0 0 0
v 24.6654 1.395714 18.02781 1 1 1 1 1 0 0 0
v 24.40187 1.353785 17.72494 1 1 1 1 1 0 0 0
v 24.34929 2.213646 17.81589 1 1 1 1 1 0 0 0
v 24.62212 2.280103 18.07511 1 1 1 1 1 0 0 0
v 24.80027 2.128628 18.21703 1 1 1 1 1 0 0 0
v 24.81701 1.523344 18.18397 1 1 1 1 1 0 0 0
v 24.89034 1.79661 18.25818 1 1 1 1 1 0 0 0
v 24.14338 -0.1558919 19.07432 15 15 15 15 1 0 0 0
v 24.20999 1.05716 18.34014 1 15 1 1 0.8199893 0.1799954 0 0
v 23.36864 2.016738 25.33976 13 13 13 13 1 0 0 0
v 22.84192 0.04198384 23.64219 13 13 13 13 1 0 0 0
v 24.32787 1.010225 22.58403 13 15 13 13 0.6999924 0.2999924 0 0
v 24.36574 -0.3618407 19.77709 15 15 15 15 1 0 0 0
v 23.1314 -2.658931 20.69699 13 14 13 13 0.3799954 0.6199893 0 0
v 23.13799 -2.357904 20.4941 13 14 13 13 0.3799954 0.6199893 0 0
v 23.25532 -2.271101 21.3886 13 14 13 13 0.4999924 0.4999924 0 0
v 23.40753 -2.22279 21.57742 13 14 13 13 0.4999924 0.4999924 0 0
v 23.25532 -2.271101 21.3886 13 14 13 13 0.4999924 0.4999924 0 0
v 23.55026 -1.749387 21.97146 13 14 13 13 0.5799954 0.4199893 0 0
v 23.85618 -1.497634 22.03984 13 14 13 13 0.5799954 0.4199893 0 0
v 24.03202 -1.020899 22.01043 14 13 14 14 0.3985046 0.6014801 0 0
v 24.29577 0.6031827 22.5734 13 15 13 13 0.6999924 0.2999924 0 0
v 23.36255 -4.425851 19.13997 14 14 14 14 1 0 0 0
v 23.37922 -4.186991 19.00948 14 14 14 14 1 0 0 0
v 23.4275 -3.901312 18.90022 14 14 14 14 1 0 0 0
v 23.45874 -4.581686 19.34214 14 14 14 14 1 0 0 0
v 23.45874 -4.581686 19.34214 14 14 14 14 1 0 0 0
v 23.60511 -4.564604 19.51267 14 14 14 14 1 0 0 0
v 23.76435 -4.461869 19.6453 14 14 14 14 1 0 0 0
v 23.97016 -4.251761 19.67669 14 14 14 14 1 0 0 0
v 24.40323 -0.6726768 19.80709 15 15 15 15 1 0 0 0
v 23.70727 -0.6112231 18.87242 15 15 15 15 1 0 0 0
v 23.23748 -2.156718 19.99599 13 15 14 13 0.2811933 0.09878691 0.6199893 0
v 23.60708 -1.648037 18.94189 15 14 15 15 0.7199969 0.2799878 0 0
v 24.02292 -3.594325 19.56388 14 15 14 14 0.8599985 0.1399863 0 0
v 24.20542 -1.354901 19.62636 14 15 14 14 0.1399863 0.8599985 0 0
v 23.69984 -3.83905 18.97272 14 14 14 14 1 0 0 0
v 23.79906 -1.753289 18.98138 15 14 15 15 0.7199969 0.2799878 0 0
v 23.69984 -3.83905 18.97272 14 14 14 14 1 0 0 0
v 23.79906 -1.753289 18.98138 15 14 15 15 0.7199969 0.2799878 0 0
v 24.04943 -1.792575 19.30275 15 14 15 15 0.7199969 0.2799878 0 0
v 23.96145 -3.904871 19.24745 14 14 14 14 1 0 0 0
v 23.61157 -4.632879 18.93201 14 14 14 14 1 0 0 0
v 23.61157 -4.632879 18.93201 14 14 14 14 1 0 0 0
v 23.87099 -0.8816051 18.51095 15 15 15 15 1 0 0 0
v 24.08554 -0.9959502 18.67579 15 15 15 15 1 0 0 0
v 24.3081 -1.010536 18.88749 15 15 15 15 1 0 0 0
v 24.53126 -0.9468349 19.04614 15 15 15 15 1 0 0 0
v 24.65356 -0.7090449 19.1251 15 15 15 15 1 0 0 0
v 24.08554 -0.9959502 18.67579 15 15 15 15 1 0 0 0
v 23.85437 -0.6057412 18.45623 15 15 15 15 1 0 0 0
v 23.94654 -0.3199111 18.48747 15 15 15 15 1 0 0 0
v 24.13394 -0.3433841 18.17686 15 15 15 15 1 0 0 0
v 24.04021 -0.6021632 18.14833 15 15 15 15 1 0 0 0
v 24.2027 -0.2289229 18.66504 15 15 15 15 1 0 0 0
v 24.5189 -1.028301 18.45212 15 15 15 15 1 0 0 0
v 24.30851 -1.010739 18.29428 15 15 15 15 1 0 0 0
v 24.2027 -0.2289229 18.66504 15 15 15 15 1 0 0 0
v 24.48705 -0.2319288 18.93538 15 15 15 15 1 0 0 0
v 24.67623 -0.2222478 18.48564 15 15 15 15 1 0 0 0
v 24.3725 -0.2367869 18.28777 15 15 15 15 1 0 0 0
v 24.64135 -0.4153208 19.085 15 15 15 15 1 0 0 0
v 24.83267 -0.4528578 18.64435 15 15 15 15 1 0 0 0
v 24.83759 -0.7256559 18.68817 15 15 15 15 1 0 0 0
v 24.09224 -0.8760922 18.16876 15 15 15 15 1 0 0 0
v 24.30851 -1.010739 18.29428 15 15 15 15 1 0 0 0
v 24.3725 -0.2367869 18.28777 15 15 15 15 1 0 0 0
v 24.70913 -0.956322 18.61948 15 15 15 15 1 0 0 0
v 24.20867 -0.597044 14.9179 17 17 17 17 1 0 0 0
v 24.22534 -0.824764 14.91533 17 17 17 17 1 0 0 0
v 24.4731 -0.219752 15.01254 17 17 17 17 1 0 0 0
v 24.26696 -0.362822 14.94139 17 17 17 17 1 0 0 0
v 24.63507 -0.9865979 14.91608 17 17 17 17 1 0 0 0
v 24.6073 -0.9994737 16.37041 15 17 15 15 0.3999847 0.6 0 0
v 24.39247 -0.980518 14.98886 17 17 17 17 1 0 0 0
v 24.4731 -0.219752 15.01254 17 17 17 17 1 0 0 0
v 24.75066 -0.2254925 16.37244 17 15 17 17 0.6 0.3999847 0 0
v 24.77458 -0.2456159 14.90754 17 17 17 17 1 0 0 0
v 24.8425 -0.902192 14.99802 17 17 17 17 1 0 0 0
v 24.79565 -0.9268067 16.50667 17 15 17 17 0.6 0.3999847 0 0
v 24.93258 -0.4322795 16.50606 17 15 17 17 0.6 0.3999847 0 0
v 24.94057 -0.4505609 14.99202 17 17 17 17 1 0 0 0
v 24.9248 -0.7111956 16.55236 17 15 17 17 0.6 0.3999847 0 0
v 24.39247 -0.980518 14.98886 17 17 17 17 1 0 0 0
v 24.95542 -0.6936629 15.02021 17 17 17 17 1 0 0 0
v 24.16633 -0.900369 14.54485 17 17 17 17 1 0 0 0
v 24.14235 -0.6026911 14.53473 17 17 17 17 1 0 0 0
v 24.1946 -0.605445 14.31125 17 17 17 17 1 0 0 0
v 24.20424 -0.891645 14.29592 17 17 17 17 1 0 0 0
v 24.17932 -0.859408 14.7519 17 17 17 17 1 0 0 0
v 24.42092 -1.008585 14.59797 17 17 17 17 1 0 0 0
v 24.40047 -0.9883431 14.80543 17 17 17 17 1 0 0 0
v 24.28182 -0.303653 14.55685 17 17 17 17 1 0 0 0
v 24.30221 -0.328077 14.31573 17 17 17 17 1 0 0 0
v 24.54585 -0.2480949 14.5816 17 17 17 17 1 0 0 0
v 24.27003 -0.322564 14.78131 17 17 17 17 1 0 0 0
v 24.51855 -0.2287489 14.84071 17 17 17 17 1 0 0 0
v 24.42092 -1.008585 14.59797 17 17 17 17 1 0 0 0
v 24.42449 -1.022082 14.34296 17 17 17 17 1 0 0 0
v 24.65104 -1.002437 14.3388 17 17 17 17 1 0 0 0
v 24.6561 -0.986738 14.64716 17 17 17 17 1 0 0 0
v 24.54585 -0.2480949 14.5816 17 17 17 17 1 0 0 0
v 24.79644 -0.2699249 14.61433 17 17 17 17 1 0 0 0
v 24.7869 -0.2876269 14.31552 17 17 17 17 1 0 0 0
v 24.55213 -0.2731769 14.3197 17 17 17 17 1 0 0 0
v 24.85784 -0.8752609 14.6866 17 17 17 17 1 0 0 0
v 24.93741 -0.4716299 14.66595 17 17 17 17 1 0 0 0
v 24.95846 -0.6850109 14.6841 17 17 17 17 1 0 0 0
v 24.17561 -0.595354 14.74126 17 17 17 17 1 0 0 0
v 24.40047 -0.9883431 14.80543 17 17 17 17 1 0 0 0
v 24.51855 -0.2287489 14.84071 17 17 17 17 1 0 0 0
v 24.42449 -1.022082 14.34296 17 17 17 17 1 0 0 0
v 24.55213 -0.2731769 14.3197 17 17 17 17 1 0 0 0
v 24.84739 -0.8757819 14.34338 17 17 17 17 1 0 0 0
v 24.91616 -0.4733209 14.3277 17 17 17 17 1 0 0 0
v 24.93529 -0.6757909 14.34072 17 17 17 17 1 0 0 0
v 24.54393 -0.3127681 14.32532 12 12 12 12 1 0 0 0
v 24.34375 -0.433769 14.2944 12 12 12 12 1 0 0 0
v 24.27658 -0.842169 14.26581 12 12 12 12 1 0 0 0
v 24.28746 -0.6452069 14.27848 12 12 12 12 1 0 0 0
v 24.5118 -0.3373851 14.09636 12 12 12 12 1 0 0 0
v 24.54393 -0.3127681 14.32532 12 12 12 12 1 0 0 0
v 24.76566 -0.2994845 14.20302 12 17 12 12 0.4399939 0.5599908 0 0
v 24.74079 -0.3299711 14.0468 12 12 12 12 1 0 0 0
v 24.82854 -0.925369 14.12972 12 12 12 12 1 0 0 0
v 24.82715 -0.9028184 14.21632 12 17 12 12 0.4399939 0.5599908 0 0
v 24.6347 -1.045292 14.31995 12 12 12 12 1 0 0 0
v 24.90649 -0.4862264 14.19298 12 17 12 12 0.4399939 0.5599908 0 0
v 24.90641 -0.5174661 14.10194 12 12 12 12 1 0 0 0
v 24.92216 -0.6973864 14.2063 12 17 12 12 0.4399939 0.5599908 0 0
v 24.39429 -1.032537 14.30179 12 12 12 12 1 0 0 0
v 24.39429 -1.032537 14.30179 12 12 12 12 1 0 0 0
v 24.91658 -0.724741 14.12406 12 12 12 12 1 0 0 0
v 24.79951 -0.594009 13.70539 12 12 12 12 1 0 0 0
v 24.77441 -0.551455 13.64207 12 12 12 12 1 0 0 0
v 24.77578 -0.4552771 13.74885 12 12 12 12 1 0 0 0
v 24.83206 -0.574546 13.86178 12 12 12 12 1 0 0 0
v 24.80114 -0.754449 13.74055 12 12 12 12 1 0 0 0
v 24.84193 -0.746056 13.88881 12 12 12 12 1 0 0 0
v 24.79056 -0.9241109 13.89203 12 12 12 12 1 0 0 0
v 24.72313 -0.9252479 13.75354 12 12 12 12 1 0 0 0
v 24.64273 -1.024217 13.82454 12 12 12 12 1 0 0 0
v 24.66161 -0.998129 13.70817 12 12 12 12 1 0 0 0
v 24.53175 -1.044378 13.58568 12 12 12 12 1 0 0 0
v 24.62035 -0.9990159 13.5443 12 12 12 12 1 0 0 0
v 24.53238 -1.031508 13.44252 12 12 12 12 1 0 0 0
v 24.63519 -0.9942929 13.47188 12 12 12 12 1 0 0 0
v 24.60681 -0.9757009 13.33764 12 12 12 12 1 0 0 0
v 24.64091 -0.9352709 13.4324 12 12 12 12 1 0 0 0
v 24.71299 -0.822782 13.24449 12 12 12 12 1 0 0 0
v 24.74269 -0.768261 13.37539 12 12 12 12 1 0 0 0
v 24.74089 -0.638123 13.25299 12 12 12 12 1 0 0 0
v 24.7483 -0.615528 13.35899 12 12 12 12 1 0 0 0
v 24.68548 -0.487835 13.32852 12 12 12 12 1 0 0 0
v 24.76382 -0.555696 13.38947 12 12 12 12 1 0 0 0
v 24.74488 -0.520538 13.44651 12 12 12 12 1 0 0 0
v 24.68357 -0.438782 13.47788 12 12 12 12 1 0 0 0
v 24.4777 -1.053788 13.63049 12 12 12 12 1 0 0 0
v 24.61521 -1.040176 14.073 12 12 12 12 1 0 0 0
v 24.61146 -0.3652841 13.5407 12 12 12 12 1 0 0 0
v 24.58264 -0.5731 13.14923 12 12 12 12 1 0 0 0
v 24.59765 -0.404792 13.29418 12 12 12 12 1 0 0 0
v 24.48992 -0.9787129 13.27831 12 12 12 12 1 0 0 0
v 24.46119 -1.036892 13.43802 12 12 12 12 1 0 0 0
v 24.7345 -0.551694 13.45417 12 12 12 12 1 0 0 0
v 24.75337 -0.762375 13.45074 12 12 12 12 1 0 0 0
v 24.63964 -0.9581569 13.519 12 12 12 12 1 0 0 0
v 24.33941 -1.037316 14.06702 12 12 12 12 1 0 0 0
v 24.16837 -0.8479829 14.04902 12 12 12 12 1 0 0 0
v 24.29383 -0.428212 14.07607 12 12 12 12 1 0 0 0
v 24.18798 -0.6188579 14.05723 12 12 12 12 1 0 0 0
v 24.33941 -1.037316 14.06702 12 12 12 12 1 0 0 0
v 24.15764 -0.9165149 13.67964 12 12 12 12 1 0 0 0
v 24.31156 -1.038904 13.66237 12 12 12 12 1 0 0 0
v 24.2407 -0.9315048 13.38175 12 12 12 12 1 0 0 0
v 24.32204 -1.008262 13.4698 12 12 12 12 1 0 0 0
v 24.21691 -0.456808 13.6649 12 12 12 12 1 0 0 0
v 24.10833 -0.6499979 13.67473 12 12 12 12 1 0 0 0
v 24.27723 -0.5104359 13.32961 12 12 12 12 1 0 0 0
v 24.20372 -0.7081679 13.31209 12 12 12 12 1 0 0 0
v 24.41142 -0.370355 13.62423 12 12 12 12 1 0 0 0
v 24.5118 -0.3373851 14.09636 12 12 12 12 1 0 0 0
v 24.39977 -0.408885 13.39049 12 12 12 12 1 0 0 0
v 24.31156 -1.038904 13.66237 12 12 12 12 1 0 0 0
v 24.32204 -1.008262 13.4698 12 12 12 12 1 0 0 0
v 24.41142 -0.370355 13.62423 12 12 12 12 1 0 0 0
v 24.39977 -0.408885 13.39049 12 12 12 12 1 0 0 0
v 24.27723 -0.5104359 13.32961 12 12 12 12 1 0 0 0
v 24.53917 -0.7878189 13.15382 12 12 12 12 1 0 0 0
v 24.20372 -0.7081679 13.31209 12 12 12 12 1 0 0 0
v 24.2407 -0.9315048 13.38175 12 12 12 12 1 0 0 0
