[IK_SHARD_VERT] mesh='female_extra_body01.mesh' wext=71 worstVtx=372 domBone[18]='bone_R-toe.mesh' w=1.00 vertR=8.0 vertDevFromCentroid=32 bindVert=(4.7,6.0,-0.2)
[IK_SHARD_VERT] mesh='male_extras_body01_medium.mesh' wext=78 worstVtx=228 domBone[27]='bone_R-toe.mesh' w=1.00 vertR=9.9 vertDevFromCentroid=32 bindVert=(6.4,9.1,0.2)
[IK_SHARD_VERT] mesh='female_crowd_body01_lod02.mesh' wext=79 worstVtx=164 domBone[15]='bone_R-toe.mesh' w=1.00 vertR=7.7 vertDevFromCentroid=36 bindVert=(3.6,6.2,-0.2)
[IK_SHARD_VERT] mesh='female_crowd_body02.mesh' wext=79 worstVtx=24 domBone[4]='bone_R-ankle.mesh' w=0.77 vertR=11.6 vertDevFromCentroid=36 bindVert=(6.1,0.3,-0.2)
[IK_SHARD_VERT] mesh='female_crowd_body03.mesh' wext=85 worstVtx=102 domBone[16]='bone_L-ankle.mesh' w=1.00 vertR=4.3 vertDevFromCentroid=39 bindVert=(-3.2,-4.9,-0.2)
[IK_SHARD_VERT] mesh='female_crowd_body04.mesh' wext=80 worstVtx=48 domBone[6]='bone_R-ankle.mesh' w=1.00 vertR=10.7 vertDevFromCentroid=37 bindVert=(5.5,-3.6,-0.2)
[IK_SHARD_VERT] mesh='male_crowd_body01.mesh' wext=88 worstVtx=32 domBone[21]='bone_L-toe.mesh' w=1.00 vertR=16.2 vertDevFromCentroid=38 bindVert=(-5.8,9.1,0.1)
[IK_SHARD_VERT] mesh='male_crowd_body02.mesh' wext=89 worstVtx=155 domBone[6]='bone_L-toe.mesh' w=1.00 vertR=16.0 vertDevFromCentroid=39 bindVert=(-5.5,9.1,0.3)
[IK_SHARD_VERT] mesh='male_crowd_body03.mesh' wext=87 worstVtx=1144 domBone[3]='bone_L-ankle.mesh' w=1.00 vertR=4.9 vertDevFromCentroid=37 bindVert=(-3.6,-2.4,-0.1)
[IK_SHARD_VERT] mesh='male_crowd_body04.mesh' wext=88 worstVtx=154 domBone[18]='bone_R-ankle.mesh' w=0.55 vertR=12.7 vertDevFromCentroid=38 bindVert=(3.1,10.9,0.2)
[IK_SHARD_VERT] mesh='female_extra_body02.mesh' wext=72 worstVtx=210 domBone[22]='bone_R-ankle.mesh' w=1.00 vertR=10.2 vertDevFromCentroid=32 bindVert=(4.7,-5.3,-0.2)
[IK_SHARD_VERT] mesh='male_extras_body02_medium.mesh' wext=77 worstVtx=15 domBone[18]='bone_R-toe.mesh' w=0.85 vertR=8.7 vertDevFromCentroid=32 bindVert=(5.8,7.7,0.1)
[IK_SHARD_VERT] mesh='male_extras_body03_medium.mesh' wext=66 worstVtx=40 domBone[17]='bone_R-toe.mesh' w=1.00 vertR=11.4 vertDevFromCentroid=32 bindVert=(5.3,10.7,0.6)
[IK_SHARD_VERT] mesh='male_extras_body11_medium.mesh' wext=70 worstVtx=35 domBone[12]='bone_L-ankle.mesh' w=0.82 vertR=6.8 vertDevFromCentroid=32 bindVert=(-6.8,6.1,-0.0)
[IK_SHARD_VERT] mesh='lighter.mesh' wext=746 worstVtx=300 domBone[6]='bone_R-index02.mesh' w=0.86 vertR=76.6 vertDevFromCentroid=2912 bindVert=(23.3,-1.7,41.3)
[IK_SHARD_VERT] mesh='lighter.mesh' wext=632 worstVtx=300 domBone[6]='bone_R-index02.mesh' w=0.86 vertR=76.6 vertDevFromCentroid=2550 bindVert=(23.3,-1.7,41.3)
[IK_SHARD_VERT] mesh='male_crowd_body01.mesh' wext=87 worstVtx=32 domBone[21]='bone_L-toe.mesh' w=1.00 vertR=16.2 vertDevFromCentroid=38 bindVert=(-5.8,9.1,0.1)
[IK_SHARD_VERT] mesh='male_crowd_body02.mesh' wext=88 worstVtx=155 domBone[6]='bone_L-toe.mesh' w=1.00 vertR=16.7 vertDevFromCentroid=38 bindVert=(-5.5,9.1,0.3)
[IK_SHARD_VERT] mesh='lighter.mesh' wext=659 worstVtx=19 domBone[8]='bone_R-forearm.mesh' w=0.56 vertR=80.7 vertDevFromCentroid=2594 bindVert=(14.8,-1.3,42.1)
[IK_SHARD_VERT] mesh='female_crowd_body01_lod02.mesh' wext=80 worstVtx=48 domBone[14]='bone_L-toe.mesh' w=1.00 vertR=11.7 vertDevFromCentroid=37 bindVert=(-4.8,6.0,-0.2)
[IK_SHARD_VERT] mesh='female_crowd_body02.mesh' wext=80 worstVtx=60 domBone[4]='bone_R-ankle.mesh' w=1.00 vertR=21.1 vertDevFromCentroid=37 bindVert=(4.0,-5.4,-0.2)
[IK_SHARD_VERT] mesh='lighter.mesh' wext=610 worstVtx=19 domBone[8]='bone_R-forearm.mesh' w=0.56 vertR=80.7 vertDevFromCentroid=2632 bindVert=(14.8,-1.3,42.1)
[IK_SHARD_VERT] mesh='hands_naked.mesh' wext=106 worstVtx=1022 domBone[19]='bone_R-thumb03.mesh' w=1.00 vertR=78.5 vertDevFromCentroid=47 bindVert=(22.3,11.9,20.8)
[HANDS_ATTACH] mesh='hands_naked.mesh' owner='hands_naked.mesh' frame=3 nb=38 wext=105.8 rebound=1
  TIER1 rest-coherence: worst=87.3deg bone[33]='bone_L-middlefinger03.mesh' count(>5deg)=34 freshRecap=38  xcheck(invOff-vs-restW) worst=87.3deg bone[33]
  TIER2 joint-attach(PRIMARY): worst=57.23u bone[17]='bone_R-ringfinger02.mesh' parent[15] R=47.3 exactJoint=0.00u pairs=30  (palette-wide exactWorst=0.33u)
[HANDS_ATTACH] mesh='hands_naked.mesh' owner='hands_naked.mesh' frame=3 nb=40 wext=63.2 rebound=1
  TIER1 rest-coherence: worst=42.6deg bone[30]='bone_L-middlefinger03.mesh' count(>5deg)=36 freshRecap=40  xcheck(invOff-vs-restW) worst=42.6deg bone[30]
  TIER2 joint-attach(PRIMARY): worst=23.31u bone[5]='bone_R-ringfinger02.mesh' parent[24] R=37.9 exactJoint=0.00u pairs=36  (palette-wide exactWorst=0.04u)
[HANDS_ATTACH] mesh='hands_naked.mesh' owner='hands_naked.mesh' frame=3 nb=38 wext=104.9 rebound=1
  TIER1 rest-coherence: worst=87.3deg bone[33]='bone_L-middlefinger03.mesh' count(>5deg)=34 freshRecap=38  xcheck(invOff-vs-restW) worst=87.3deg bone[33]
  TIER2 joint-attach(PRIMARY): worst=57.23u bone[17]='bone_R-ringfinger02.mesh' parent[15] R=47.3 exactJoint=0.00u pairs=30  (palette-wide exactWorst=0.00u)
[HANDS_ATTACH] mesh='gloves_resource.1.mesh' owner='gloves_resource.1.mesh' frame=3 nb=4 wext=6.0 rebound=1
  TIER1 rest-coherence: worst=60.2deg bone[0]='bone_L-index03.mesh' count(>5deg)=4 freshRecap=4  xcheck(invOff-vs-restW) worst=60.2deg bone[0]
  TIER2 joint-attach(PRIMARY): worst=18.08u bone[3]='bone_L-index02.mesh' parent[2] R=47.0 exactJoint=0.36u pairs=3  (palette-wide exactWorst=0.37u)
[HANDS_ATTACH] mesh='gloves_resource.mesh' owner='gloves_resource.mesh' frame=3 nb=40 wext=32.9 rebound=1
  TIER1 rest-coherence: worst=68.8deg bone[32]='bone_L-middlefinger03.mesh' count(>5deg)=40 freshRecap=40  xcheck(invOff-vs-restW) worst=68.8deg bone[32]
  TIER2 joint-attach(PRIMARY): worst=41.23u bone[16]='bone_R-ringfinger02.mesh' parent[19] R=47.3 exactJoint=0.44u pairs=36  (palette-wide exactWorst=6.88u)
[HANDS_ATTACH] mesh='gloves_skin.2.mesh' owner='gloves_skin.2.mesh' frame=3 nb=9 wext=15.0 rebound=1
  TIER1 rest-coherence: worst=38.9deg bone[5]='bone_L-hand.mesh' count(>5deg)=9 freshRecap=9  xcheck(invOff-vs-restW) worst=38.9deg bone[5]
  TIER2 joint-attach(PRIMARY): worst=15.79u bone[3]='bone_R-pinky-base.mesh' parent[2] R=45.0 exactJoint=6.73u pairs=5  (palette-wide exactWorst=6.88u)
[IK_SHARD_VERT] mesh='clap.mesh' wext=710 worstVtx=6 domBone[7]='bone_R-hand.mesh' w=1.00 vertR=87.0 vertDevFromCentroid=2467 bindVert=(23.6,-1.4,41.9)
[IK_SHARD_VERT] mesh='male_crowd_body01.mesh' wext=88 worstVtx=32 domBone[21]='bone_L-toe.mesh' w=1.00 vertR=16.2 vertDevFromCentroid=38 bindVert=(-5.8,9.1,0.1)
[IK_SHARD_VERT] mesh='female_crowd_body01_lod02.mesh' wext=80 worstVtx=164 domBone[15]='bone_R-toe.mesh' w=1.00 vertR=23.7 vertDevFromCentroid=37 bindVert=(3.6,6.2,-0.2)
[IK_SHARD_VERT] mesh='clap.mesh' wext=621 worstVtx=55 domBone[11]='bone_R-index01.mesh' w=0.41 vertR=76.8 vertDevFromCentroid=2579 bindVert=(24.3,-1.3,40.8)
[IK_SHARD_VERT] mesh='male_crowd_body02.mesh' wext=88 worstVtx=155 domBone[6]='bone_L-toe.mesh' w=1.00 vertR=16.7 vertDevFromCentroid=38 bindVert=(-5.5,9.1,0.3)
[IK_SHARD_VERT] mesh='female_crowd_body02.mesh' wext=80 worstVtx=60 domBone[4]='bone_R-ankle.mesh' w=1.00 vertR=21.1 vertDevFromCentroid=37 bindVert=(4.0,-5.4,-0.2)
[IK_SHARD_VERT] mesh='clap.mesh' wext=671 worstVtx=53 domBone[11]='bone_R-index01.mesh' w=0.41 vertR=76.3 vertDevFromCentroid=2571 bindVert=(23.7,-1.7,40.8)
[IK_SHARD_VERT] mesh='male_crowd_body01.mesh' wext=88 worstVtx=32 domBone[21]='bone_L-toe.mesh' w=1.00 vertR=16.2 vertDevFromCentroid=38 bindVert=(-5.8,9.1,0.1)
[IK_SHARD_VERT] mesh='clap.mesh' wext=671 worstVtx=112 domBone[6]='bone_R-index02.mesh' w=0.58 vertR=76.3 vertDevFromCentroid=3044 bindVert=(23.9,-1.8,40.0)
[IK_SHARD_VERT] mesh='male_crowd_body02.mesh' wext=88 worstVtx=155 domBone[6]='bone_L-toe.mesh' w=1.00 vertR=16.7 vertDevFromCentroid=38 bindVert=(-5.5,9.1,0.3)
[IK_SHARD_VERT] mesh='female_crowd_body01_lod02.mesh' wext=80 worstVtx=164 domBone[15]='bone_R-toe.mesh' w=1.00 vertR=23.7 vertDevFromCentroid=37 bindVert=(3.6,6.2,-0.2)
[IK_SHARD_VERT] mesh='female_crowd_body02.mesh' wext=80 worstVtx=60 domBone[4]='bone_R-ankle.mesh' w=1.00 vertR=21.1 vertDevFromCentroid=37 bindVert=(4.0,-5.4,-0.2)
[IK_SHARD_VERT] mesh='clap.mesh' wext=748 worstVtx=112 domBone[6]='bone_R-index02.mesh' w=0.58 vertR=76.3 vertDevFromCentroid=3067 bindVert=(23.9,-1.8,40.0)
[IK_SHARD_VERT] mesh='male_crowd_body01.mesh' wext=88 worstVtx=32 domBone[21]='bone_L-toe.mesh' w=1.00 vertR=16.2 vertDevFromCentroid=37 bindVert=(-5.8,9.1,0.1)
[IK_SHARD_VERT] mesh='female_crowd_body01_lod02.mesh' wext=80 worstVtx=164 domBone[15]='bone_R-toe.mesh' w=1.00 vertR=23.7 vertDevFromCentroid=37 bindVert=(3.6,6.2,-0.2)
[IK_SHARD_VERT] mesh='clap.mesh' wext=717 worstVtx=6 domBone[7]='bone_R-hand.mesh' w=1.00 vertR=87.0 vertDevFromCentroid=2465 bindVert=(23.6,-1.4,41.9)
[IK_SHARD_VERT] mesh='male_crowd_body02.mesh' wext=88 worstVtx=155 domBone[6]='bone_L-toe.mesh' w=1.00 vertR=16.7 vertDevFromCentroid=38 bindVert=(-5.5,9.1,0.3)
[IK_SHARD_VERT] mesh='female_crowd_body02.mesh' wext=80 worstVtx=60 domBone[4]='bone_R-ankle.mesh' w=1.00 vertR=21.1 vertDevFromCentroid=37 bindVert=(4.0,-5.4,-0.2)
[IK_SHARD_VERT] mesh='clap.mesh' wext=620 worstVtx=55 domBone[11]='bone_R-index01.mesh' w=0.41 vertR=76.8 vertDevFromCentroid=2578 bindVert=(24.3,-1.3,40.8)
[IK_SHARD_VERT] mesh='male_crowd_body01.mesh' wext=88 worstVtx=32 domBone[21]='bone_L-toe.mesh' w=1.00 vertR=16.2 vertDevFromCentroid=37 bindVert=(-5.8,9.1,0.1)
[IK_SHARD_VERT] mesh='female_crowd_body01_lod02.mesh' wext=80 worstVtx=164 domBone[15]='bone_R-toe.mesh' w=1.00 vertR=23.7 vertDevFromCentroid=37 bindVert=(3.6,6.2,-0.2)
[IK_SHARD_VERT] mesh='clap.mesh' wext=684 worstVtx=37 domBone[6]='bone_R-forearm.mesh' w=0.80 vertR=93.1 vertDevFromCentroid=2614 bindVert=(21.0,-1.1,45.3)
[IK_SHARD_VERT] mesh='male_crowd_body02.mesh' wext=88 worstVtx=155 domBone[6]='bone_L-toe.mesh' w=1.00 vertR=16.7 vertDevFromCentroid=38 bindVert=(-5.5,9.1,0.3)
[IK_SHARD_VERT] mesh='female_crowd_body02.mesh' wext=80 worstVtx=60 domBone[4]='bone_R-ankle.mesh' w=1.00 vertR=21.1 vertDevFromCentroid=37 bindVert=(4.0,-5.4,-0.2)
[IK_SHARD_VERT] mesh='clap.mesh' wext=634 worstVtx=54 domBone[7]='bone_R-index01.mesh' w=0.41 vertR=78.4 vertDevFromCentroid=2669 bindVert=(24.3,-1.3,41.1)
[IK_SHARD_VERT] mesh='male_crowd_body01.mesh' wext=88 worstVtx=32 domBone[21]='bone_L-toe.mesh' w=1.00 vertR=16.2 vertDevFromCentroid=37 bindVert=(-5.8,9.1,0.1)
[IK_SHARD_VERT] mesh='clap.mesh' wext=730 worstVtx=112 domBone[6]='bone_R-index02.mesh' w=0.58 vertR=76.3 vertDevFromCentroid=2881 bindVert=(23.9,-1.8,40.0)
[IK_SHARD_VERT] mesh='female_crowd_body01_lod02.mesh' wext=80 worstVtx=164 domBone[15]='bone_R-toe.mesh' w=1.00 vertR=23.7 vertDevFromCentroid=37 bindVert=(3.6,6.2,-0.2)
[IK_SHARD_VERT] mesh='male_crowd_body02.mesh' wext=88 worstVtx=155 domBone[6]='bone_L-toe.mesh' w=1.00 vertR=16.7 vertDevFromCentroid=38 bindVert=(-5.5,9.1,0.3)
[IK_SHARD_VERT] mesh='female_crowd_body02.mesh' wext=80 worstVtx=60 domBone[4]='bone_R-ankle.mesh' w=1.00 vertR=21.1 vertDevFromCentroid=37 bindVert=(4.0,-5.4,-0.2)
[IK_SHARD_VERT] mesh='clap.mesh' wext=832 worstVtx=295 domBone[0]='bone_R-index02.mesh' w=0.56 vertR=83.4 vertDevFromCentroid=2831 bindVert=(24.4,-1.6,40.0)
[IK_SHARD_VERT] mesh='male_crowd_body01.mesh' wext=88 worstVtx=32 domBone[21]='bone_L-toe.mesh' w=1.00 vertR=16.2 vertDevFromCentroid=38 bindVert=(-5.8,9.1,0.1)
[IK_SHARD_VERT] mesh='female_crowd_body01_lod02.mesh' wext=80 worstVtx=164 domBone[15]='bone_R-toe.mesh' w=1.00 vertR=23.7 vertDevFromCentroid=37 bindVert=(3.6,6.2,-0.2)
[IK_SHARD_VERT] mesh='clap.mesh' wext=644 worstVtx=53 domBone[11]='bone_R-index01.mesh' w=0.41 vertR=76.3 vertDevFromCentroid=2878 bindVert=(23.7,-1.7,40.8)
[IK_SHARD_VERT] mesh='male_crowd_body02.mesh' wext=88 worstVtx=155 domBone[6]='bone_L-toe.mesh' w=1.00 vertR=16.7 vertDevFromCentroid=38 bindVert=(-5.5,9.1,0.3)
[IK_SHARD_VERT] mesh='female_crowd_body02.mesh' wext=80 worstVtx=60 domBone[4]='bone_R-ankle.mesh' w=1.00 vertR=21.1 vertDevFromCentroid=37 bindVert=(4.0,-5.4,-0.2)
[IK_SHARD_VERT] mesh='male_crowd_body01.mesh' wext=88 worstVtx=32 domBone[21]='bone_L-toe.mesh' w=1.00 vertR=16.2 vertDevFromCentroid=38 bindVert=(-5.8,9.1,0.1)
[IK_SHARD_VERT] mesh='clap.mesh' wext=672 worstVtx=37 domBone[6]='bone_R-forearm.mesh' w=0.80 vertR=93.1 vertDevFromCentroid=2569 bindVert=(21.0,-1.1,45.3)
[IK_SHARD_VERT] mesh='female_crowd_body01_lod02.mesh' wext=80 worstVtx=164 domBone[15]='bone_R-toe.mesh' w=1.00 vertR=23.7 vertDevFromCentroid=37 bindVert=(3.6,6.2,-0.2)
[IK_SHARD_VERT] mesh='clap.mesh' wext=672 worstVtx=112 domBone[6]='bone_R-index02.mesh' w=0.58 vertR=76.3 vertDevFromCentroid=3043 bindVert=(23.9,-1.8,40.0)
[IK_SHARD_VERT] mesh='male_crowd_body02.mesh' wext=88 worstVtx=155 domBone[6]='bone_L-toe.mesh' w=1.00 vertR=16.7 vertDevFromCentroid=38 bindVert=(-5.5,9.1,0.3)
[IK_SHARD_VERT] mesh='clap.mesh' wext=689 worstVtx=112 domBone[6]='bone_R-index02.mesh' w=0.58 vertR=76.3 vertDevFromCentroid=2656 bindVert=(23.9,-1.8,40.0)
[IK_SHARD_VERT] mesh='female_crowd_body02.mesh' wext=80 worstVtx=60 domBone[4]='bone_R-ankle.mesh' w=1.00 vertR=21.1 vertDevFromCentroid=37 bindVert=(4.0,-5.4,-0.2)
[IK_SHARD_VERT] mesh='male_crowd_body01.mesh' wext=87 worstVtx=32 domBone[21]='bone_L-toe.mesh' w=1.00 vertR=16.2 vertDevFromCentroid=38 bindVert=(-5.8,9.1,0.1)
[IK_SHARD_VERT] mesh='female_crowd_body01_lod02.mesh' wext=80 worstVtx=164 domBone[15]='bone_R-toe.mesh' w=1.00 vertR=23.7 vertDevFromCentroid=37 bindVert=(3.6,6.2,-0.2)
[IK_SHARD_VERT] mesh='clap.mesh' wext=709 worstVtx=37 domBone[6]='bone_R-forearm.mesh' w=0.80 vertR=93.1 vertDevFromCentroid=2767 bindVert=(21.0,-1.1,45.3)
[IK_SHARD_VERT] mesh='male_crowd_body02.mesh' wext=88 worstVtx=155 domBone[6]='bone_L-toe.mesh' w=1.00 vertR=16.7 vertDevFromCentroid=38 bindVert=(-5.5,9.1,0.3)
[IK_SHARD_VERT] mesh='female_crowd_body02.mesh' wext=80 worstVtx=60 domBone[4]='bone_R-ankle.mesh' w=1.00 vertR=21.1 vertDevFromCentroid=37 bindVert=(4.0,-5.4,-0.2)
[IK_SHARD_VERT] mesh='male_crowd_body01.mesh' wext=87 worstVtx=32 domBone[21]='bone_L-toe.mesh' w=1.00 vertR=16.2 vertDevFromCentroid=38 bindVert=(-5.8,9.1,0.1)
[IK_SHARD_VERT] mesh='clap.mesh' wext=636 worstVtx=37 domBone[6]='bone_R-forearm.mesh' w=0.80 vertR=93.1 vertDevFromCentroid=2794 bindVert=(21.0,-1.1,45.3)
[IK_SHARD_VERT] mesh='female_crowd_body01_lod02.mesh' wext=80 worstVtx=164 domBone[15]='bone_R-toe.mesh' w=1.00 vertR=23.7 vertDevFromCentroid=37 bindVert=(3.6,6.2,-0.2)
[IK_SHARD_VERT] mesh='female_crowd_body03.mesh' wext=88 worstVtx=48 domBone[21]='bone_R-ankle.mesh' w=1.00 vertR=24.5 vertDevFromCentroid=43 bindVert=(3.3,-4.9,-0.2)
[IK_SHARD_VERT] mesh='male_crowd_body03.mesh' wext=91 worstVtx=64 domBone[5]='bone_R-ankle.mesh' w=1.00 vertR=21.3 vertDevFromCentroid=42 bindVert=(1.2,0.1,-0.1)
[IK_SHARD_VERT] mesh='male_crowd_body04.mesh' wext=92 worstVtx=245 domBone[18]='bone_R-ankle.mesh' w=1.00 vertR=20.9 vertDevFromCentroid=43 bindVert=(1.6,0.4,-0.2)
[IK_SHARD_VERT] mesh='clap.mesh' wext=747 worstVtx=37 domBone[6]='bone_R-forearm.mesh' w=0.80 vertR=93.1 vertDevFromCentroid=3024 bindVert=(21.0,-1.1,45.3)
[IK_SHARD_VERT] mesh='male_crowd_body01.mesh' wext=87 worstVtx=32 domBone[21]='bone_L-toe.mesh' w=1.00 vertR=16.2 vertDevFromCentroid=38 bindVert=(-5.8,9.1,0.1)
[IK_SHARD_VERT] mesh='male_crowd_body02.mesh' wext=88 worstVtx=155 domBone[6]='bone_L-toe.mesh' w=1.00 vertR=16.7 vertDevFromCentroid=38 bindVert=(-5.5,9.1,0.3)
[IK_SHARD_VERT] mesh='clap.mesh' wext=682 worstVtx=112 domBone[6]='bone_R-index02.mesh' w=0.58 vertR=76.3 vertDevFromCentroid=3119 bindVert=(23.9,-1.8,40.0)
[IK_SHARD_VERT] mesh='female_crowd_body01_lod02.mesh' wext=80 worstVtx=164 domBone[15]='bone_R-toe.mesh' w=1.00 vertR=23.7 vertDevFromCentroid=37 bindVert=(3.6,6.2,-0.2)
[IK_SHARD_VERT] mesh='female_crowd_body02.mesh' wext=80 worstVtx=60 domBone[4]='bone_R-ankle.mesh' w=1.00 vertR=21.1 vertDevFromCentroid=37 bindVert=(4.0,-5.4,-0.2)
[IK_SHARD_VERT] mesh='clap.mesh' wext=701 worstVtx=112 domBone[6]='bone_R-index02.mesh' w=0.58 vertR=76.3 vertDevFromCentroid=2729 bindVert=(23.9,-1.8,40.0)
[IK_SHARD_VERT] mesh='female_crowd_body02.mesh' wext=80 worstVtx=60 domBone[4]='bone_R-ankle.mesh' w=1.00 vertR=21.1 vertDevFromCentroid=37 bindVert=(4.0,-5.4,-0.2)
[IK_SHARD_VERT] mesh='male_crowd_body02.mesh' wext=88 worstVtx=155 domBone[6]='bone_L-toe.mesh' w=1.00 vertR=16.7 vertDevFromCentroid=38 bindVert=(-5.5,9.1,0.3)
[IK_SHARD_VERT] mesh='male_crowd_body01.mesh' wext=87 worstVtx=32 domBone[21]='bone_L-toe.mesh' w=1.00 vertR=16.2 vertDevFromCentroid=38 bindVert=(-5.8,9.1,0.1)
[IK_SHARD_VERT] mesh='clap.mesh' wext=733 worstVtx=37 domBone[6]='bone_R-forearm.mesh' w=0.80 vertR=93.1 vertDevFromCentroid=2929 bindVert=(21.0,-1.1,45.3)
[IK_SHARD_VERT] mesh='female_crowd_body01_lod02.mesh' wext=80 worstVtx=164 domBone[15]='bone_R-toe.mesh' w=1.00 vertR=23.7 vertDevFromCentroid=37 bindVert=(3.6,6.2,-0.2)
[IK_SHARD_VERT] mesh='clap.mesh' wext=663 worstVtx=37 domBone[6]='bone_R-forearm.mesh' w=0.80 vertR=93.1 vertDevFromCentroid=2947 bindVert=(21.0,-1.1,45.3)
[IK_SHARD_VERT] mesh='male_crowd_body01.mesh' wext=87 worstVtx=32 domBone[21]='bone_L-toe.mesh' w=1.00 vertR=16.2 vertDevFromCentroid=38 bindVert=(-5.8,9.1,0.1)
[IK_SHARD_VERT] mesh='clap.mesh' wext=706 worstVtx=112 domBone[6]='bone_R-index02.mesh' w=0.58 vertR=76.3 vertDevFromCentroid=2703 bindVert=(23.9,-1.8,40.0)
[IK_SHARD_VERT] mesh='male_crowd_body02.mesh' wext=88 worstVtx=155 domBone[6]='bone_L-toe.mesh' w=1.00 vertR=16.7 vertDevFromCentroid=38 bindVert=(-5.5,9.1,0.3)
[IK_SHARD_VERT] mesh='female_crowd_body01_lod02.mesh' wext=80 worstVtx=164 domBone[15]='bone_R-toe.mesh' w=1.00 vertR=23.7 vertDevFromCentroid=37 bindVert=(3.6,6.2,-0.2)
[IK_SHARD_VERT] mesh='female_crowd_body02.mesh' wext=80 worstVtx=60 domBone[4]='bone_R-ankle.mesh' w=1.00 vertR=21.1 vertDevFromCentroid=37 bindVert=(4.0,-5.4,-0.2)
[IK_SHARD_VERT] mesh='clap.mesh' wext=720 worstVtx=140 domBone[0]='bone_R-index02.mesh' w=1.00 vertR=81.7 vertDevFromCentroid=2473 bindVert=(24.6,-0.7,37.8)
[IK_SHARD_VERT] mesh='male_crowd_body01.mesh' wext=87 worstVtx=32 domBone[21]='bone_L-toe.mesh' w=1.00 vertR=16.2 vertDevFromCentroid=38 bindVert=(-5.8,9.1,0.1)
[IK_SHARD_VERT] mesh='female_crowd_body01_lod02.mesh' wext=80 worstVtx=164 domBone[15]='bone_R-toe.mesh' w=1.00 vertR=23.7 vertDevFromCentroid=37 bindVert=(3.6,6.2,-0.2)
[IK_SHARD_VERT] mesh='clap.mesh' wext=623 worstVtx=37 domBone[6]='bone_R-forearm.mesh' w=0.80 vertR=93.1 vertDevFromCentroid=2574 bindVert=(21.0,-1.1,45.3)
[IK_SHARD_VERT] mesh='male_crowd_body02.mesh' wext=88 worstVtx=170 domBone[8]='bone_L-ankle.mesh' w=0.50 vertR=22.0 vertDevFromCentroid=38 bindVert=(-3.0,-2.5,0.0)
[IK_SHARD_VERT] mesh='female_crowd_body02.mesh' wext=80 worstVtx=60 domBone[4]='bone_R-ankle.mesh' w=1.00 vertR=21.1 vertDevFromCentroid=37 bindVert=(4.0,-5.4,-0.2)
[IK_SHARD_VERT] mesh='clap.mesh' wext=675 worstVtx=37 domBone[6]='bone_R-forearm.mesh' w=0.80 vertR=93.1 vertDevFromCentroid=2566 bindVert=(21.0,-1.1,45.3)
[IK_SHARD_VERT] mesh='male_crowd_body01.mesh' wext=87 worstVtx=32 domBone[21]='bone_L-toe.mesh' w=1.00 vertR=16.2 vertDevFromCentroid=38 bindVert=(-5.8,9.1,0.1)
[IK_SHARD_VERT] mesh='clap.mesh' wext=672 worstVtx=112 domBone[6]='bone_R-index02.mesh' w=0.58 vertR=76.3 vertDevFromCentroid=3042 bindVert=(23.9,-1.8,40.0)
[IK_SHARD_VERT] mesh='male_crowd_body02.mesh' wext=88 worstVtx=170 domBone[8]='bone_L-ankle.mesh' w=0.50 vertR=22.0 vertDevFromCentroid=38 bindVert=(-3.0,-2.5,0.0)
[IK_SHARD_VERT] mesh='female_crowd_body01_lod02.mesh' wext=80 worstVtx=164 domBone[15]='bone_R-toe.mesh' w=1.00 vertR=23.7 vertDevFromCentroid=37 bindVert=(3.6,6.2,-0.2)
[IK_SHARD_VERT] mesh='female_crowd_body02.mesh' wext=80 worstVtx=60 domBone[4]='bone_R-ankle.mesh' w=1.00 vertR=21.1 vertDevFromCentroid=37 bindVert=(4.0,-5.4,-0.2)
[IK_SHARD_VERT] mesh='clap.mesh' wext=701 worstVtx=112 domBone[6]='bone_R-index02.mesh' w=0.58 vertR=76.3 vertDevFromCentroid=2728 bindVert=(23.9,-1.8,40.0)
[IK_SHARD_VERT] mesh='male_crowd_body01.mesh' wext=87 worstVtx=32 domBone[21]='bone_L-toe.mesh' w=1.00 vertR=16.2 vertDevFromCentroid=38 bindVert=(-5.8,9.1,0.1)
[IK_SHARD_VERT] mesh='female_crowd_body01_lod02.mesh' wext=80 worstVtx=48 domBone[14]='bone_L-toe.mesh' w=1.00 vertR=11.7 vertDevFromCentroid=37 bindVert=(-4.8,6.0,-0.2)
[IK_SHARD_VERT] mesh='clap.mesh' wext=734 worstVtx=37 domBone[6]='bone_R-forearm.mesh' w=0.80 vertR=93.1 vertDevFromCentroid=2928 bindVert=(21.0,-1.1,45.3)
[IK_SHARD_VERT] mesh='male_crowd_body02.mesh' wext=88 worstVtx=170 domBone[8]='bone_L-ankle.mesh' w=0.50 vertR=22.0 vertDevFromCentroid=38 bindVert=(-3.0,-2.5,0.0)
[IK_SHARD_VERT] mesh='female_crowd_body02.mesh' wext=80 worstVtx=60 domBone[4]='bone_R-ankle.mesh' w=1.00 vertR=21.1 vertDevFromCentroid=37 bindVert=(4.0,-5.4,-0.2)
[IK_SHARD_VERT] mesh='clap.mesh' wext=664 worstVtx=37 domBone[6]='bone_R-forearm.mesh' w=0.80 vertR=93.1 vertDevFromCentroid=2946 bindVert=(21.0,-1.1,45.3)
[IK_SHARD_VERT] mesh='female_extra_body01.mesh' wext=71 worstVtx=372 domBone[18]='bone_R-toe.mesh' w=1.00 vertR=8.0 vertDevFromCentroid=32 bindVert=(4.7,6.0,-0.2)
[IK_SHARD_VERT] mesh='male_extras_body01_medium.mesh' wext=78 worstVtx=228 domBone[27]='bone_R-toe.mesh' w=1.00 vertR=9.9 vertDevFromCentroid=32 bindVert=(6.4,9.1,0.2)
[IK_SHARD_VERT] mesh='female_crowd_body01_lod02.mesh' wext=80 worstVtx=48 domBone[14]='bone_L-toe.mesh' w=1.00 vertR=11.7 vertDevFromCentroid=37 bindVert=(-4.8,6.0,-0.2)
[IK_SHARD_VERT] mesh='female_crowd_body04.mesh' wext=80 worstVtx=48 domBone[6]='bone_R-ankle.mesh' w=1.00 vertR=10.7 vertDevFromCentroid=37 bindVert=(5.5,-3.6,-0.2)
[IK_SHARD_VERT] mesh='male_crowd_body01.mesh' wext=88 worstVtx=32 domBone[21]='bone_L-toe.mesh' w=1.00 vertR=16.2 vertDevFromCentroid=38 bindVert=(-5.8,9.1,0.1)
[IK_SHARD_VERT] mesh='clap.mesh' wext=687 worstVtx=112 domBone[6]='bone_R-index02.mesh' w=0.58 vertR=76.3 vertDevFromCentroid=2585 bindVert=(23.9,-1.8,40.0)
[IK_SHARD_VERT] mesh='male_crowd_body02.mesh' wext=88 worstVtx=170 domBone[8]='bone_L-ankle.mesh' w=0.50 vertR=22.0 vertDevFromCentroid=38 bindVert=(-3.0,-2.5,0.0)
[IK_SHARD_VERT] mesh='female_crowd_body02.mesh' wext=80 worstVtx=60 domBone[4]='bone_R-ankle.mesh' w=1.00 vertR=21.1 vertDevFromCentroid=37 bindVert=(4.0,-5.4,-0.2)
[IK_SHARD_VERT] mesh='clap.mesh' wext=663 worstVtx=112 domBone[6]='bone_R-index02.mesh' w=0.58 vertR=76.3 vertDevFromCentroid=2998 bindVert=(23.9,-1.8,40.0)
[IK_SHARD_VERT] mesh='male_crowd_body01.mesh' wext=88 worstVtx=32 domBone[21]='bone_L-toe.mesh' w=1.00 vertR=16.2 vertDevFromCentroid=38 bindVert=(-5.8,9.1,0.1)
[IK_SHARD_VERT] mesh='female_crowd_body01_lod02.mesh' wext=80 worstVtx=48 domBone[14]='bone_L-toe.mesh' w=1.00 vertR=11.7 vertDevFromCentroid=37 bindVert=(-4.8,6.0,-0.2)
[IK_SHARD_VERT] mesh='clap.mesh' wext=659 worstVtx=37 domBone[6]='bone_R-forearm.mesh' w=0.80 vertR=93.1 vertDevFromCentroid=2967 bindVert=(21.0,-1.1,45.3)
[IK_SHARD_VERT] mesh='male_crowd_body02.mesh' wext=88 worstVtx=170 domBone[8]='bone_L-ankle.mesh' w=0.50 vertR=22.0 vertDevFromCentroid=38 bindVert=(-3.0,-2.5,0.0)
[IK_SHARD_VERT] mesh='female_crowd_body02.mesh' wext=80 worstVtx=60 domBone[4]='bone_R-ankle.mesh' w=1.00 vertR=21.1 vertDevFromCentroid=37 bindVert=(4.0,-5.4,-0.2)
[IK_SHARD_VERT] mesh='hands_naked.mesh' wext=106 worstVtx=1022 domBone[19]='bone_R-thumb03.mesh' w=1.00 vertR=78.5 vertDevFromCentroid=47 bindVert=(22.3,11.9,20.8)
[IK_SHARD_VERT] mesh='clap.mesh' wext=719 worstVtx=37 domBone[6]='bone_R-forearm.mesh' w=0.80 vertR=93.1 vertDevFromCentroid=2845 bindVert=(21.0,-1.1,45.3)
[IK_SHARD_VERT] mesh='male_crowd_body01.mesh' wext=88 worstVtx=32 domBone[21]='bone_L-toe.mesh' w=1.00 vertR=16.2 vertDevFromCentroid=38 bindVert=(-5.8,9.1,0.1)
[IK_SHARD_VERT] mesh='female_crowd_body01_lod02.mesh' wext=80 worstVtx=48 domBone[14]='bone_L-toe.mesh' w=1.00 vertR=11.7 vertDevFromCentroid=37 bindVert=(-4.8,6.0,-0.2)
[IK_SHARD_VERT] mesh='clap.mesh' wext=646 worstVtx=54 domBone[7]='bone_R-index01.mesh' w=0.41 vertR=78.4 vertDevFromCentroid=2830 bindVert=(24.3,-1.3,41.1)
[IK_SHARD_VERT] mesh='male_crowd_body02.mesh' wext=88 worstVtx=170 domBone[8]='bone_L-ankle.mesh' w=0.50 vertR=22.0 vertDevFromCentroid=38 bindVert=(-3.0,-2.5,0.0)
[IK_SHARD_VERT] mesh='female_crowd_body02.mesh' wext=80 worstVtx=60 domBone[4]='bone_R-ankle.mesh' w=1.00 vertR=21.1 vertDevFromCentroid=37 bindVert=(4.0,-5.4,-0.2)
[IK_SHARD_VERT] mesh='clap.mesh' wext=705 worstVtx=112 domBone[6]='bone_R-index02.mesh' w=0.58 vertR=76.3 vertDevFromCentroid=2704 bindVert=(23.9,-1.8,40.0)
[IK_SHARD_VERT] mesh='male_crowd_body01.mesh' wext=88 worstVtx=32 domBone[21]='bone_L-toe.mesh' w=1.00 vertR=16.2 vertDevFromCentroid=38 bindVert=(-5.8,9.1,0.1)
[IK_SHARD_VERT] mesh='female_crowd_body01_lod02.mesh' wext=80 worstVtx=48 domBone[14]='bone_L-toe.mesh' w=1.00 vertR=11.7 vertDevFromCentroid=37 bindVert=(-4.8,6.0,-0.2)
[IK_SHARD_VERT] mesh='female_crowd_body03.mesh' wext=80 worstVtx=48 domBone[21]='bone_R-ankle.mesh' w=1.00 vertR=24.5 vertDevFromCentroid=36 bindVert=(3.3,-4.9,-0.2)
[IK_SHARD_VERT] mesh='clap.mesh' wext=61 worstVtx=143 domBone[6]='bone_L-index02.mesh' w=0.36 vertR=49.8 vertDevFromCentroid=30 bindVert=(-24.0,1.2,40.7)
[IK_SHARD_VERT] mesh='male_crowd_body03.mesh' wext=86 worstVtx=1176 domBone[6]='bone_L-toe.mesh' w=1.00 vertR=14.5 vertDevFromCentroid=37 bindVert=(-1.1,9.1,-0.1)
[IK_SHARD_VERT] mesh='male_crowd_body04.mesh' wext=87 worstVtx=245 domBone[18]='bone_R-ankle.mesh' w=1.00 vertR=20.9 vertDevFromCentroid=37 bindVert=(1.6,0.4,-0.2)
[IK_SHARD_VERT] mesh='male_crowd_body02.mesh' wext=88 worstVtx=170 domBone[8]='bone_L-ankle.mesh' w=0.50 vertR=22.0 vertDevFromCentroid=38 bindVert=(-3.0,-2.5,0.0)
[IK_SHARD_VERT] mesh='female_crowd_body02.mesh' wext=80 worstVtx=60 domBone[4]='bone_R-ankle.mesh' w=1.00 vertR=21.1 vertDevFromCentroid=37 bindVert=(4.0,-5.4,-0.2)
[IK_SHARD_VERT] mesh='clap.mesh' wext=673 worstVtx=37 domBone[6]='bone_R-forearm.mesh' w=0.80 vertR=93.1 vertDevFromCentroid=3043 bindVert=(21.0,-1.1,45.3)
[IK_SHARD_VERT] mesh='male_crowd_body01.mesh' wext=88 worstVtx=32 domBone[21]='bone_L-toe.mesh' w=1.00 vertR=16.2 vertDevFromCentroid=38 bindVert=(-5.8,9.1,0.1)
[IK_SHARD_VERT] mesh='female_crowd_body01_lod02.mesh' wext=80 worstVtx=48 domBone[14]='bone_L-toe.mesh' w=1.00 vertR=11.7 vertDevFromCentroid=37 bindVert=(-4.8,6.0,-0.2)
[IK_SHARD_VERT] mesh='clap.mesh' wext=738 worstVtx=37 domBone[6]='bone_R-forearm.mesh' w=0.80 vertR=93.1 vertDevFromCentroid=2980 bindVert=(21.0,-1.1,45.3)
[IK_SHARD_VERT] mesh='male_crowd_body01.mesh' wext=88 worstVtx=32 domBone[21]='bone_L-toe.mesh' w=1.00 vertR=16.2 vertDevFromCentroid=38 bindVert=(-5.8,9.1,0.1)
[IK_SHARD_VERT] mesh='male_crowd_body02.mesh' wext=88 worstVtx=170 domBone[8]='bone_L-ankle.mesh' w=0.50 vertR=22.0 vertDevFromCentroid=38 bindVert=(-3.0,-2.5,0.0)
[IK_SHARD_VERT] mesh='clap.mesh' wext=625 worstVtx=54 domBone[7]='bone_R-index01.mesh' w=0.41 vertR=78.4 vertDevFromCentroid=2598 bindVert=(24.3,-1.3,41.1)
[IK_SHARD_VERT] mesh='female_crowd_body01_lod02.mesh' wext=80 worstVtx=48 domBone[14]='bone_L-toe.mesh' w=1.00 vertR=11.7 vertDevFromCentroid=37 bindVert=(-4.8,6.0,-0.2)
[IK_SHARD_VERT] mesh='female_crowd_body02.mesh' wext=80 worstVtx=60 domBone[4]='bone_R-ankle.mesh' w=1.00 vertR=21.1 vertDevFromCentroid=37 bindVert=(4.0,-5.4,-0.2)
[IK_SHARD_VERT] mesh='clap.mesh' wext=738 worstVtx=112 domBone[6]='bone_R-index02.mesh' w=0.58 vertR=76.3 vertDevFromCentroid=2988 bindVert=(23.9,-1.8,40.0)
[IK_SHARD_VERT] mesh='male_crowd_body02.mesh' wext=88 worstVtx=170 domBone[8]='bone_L-ankle.mesh' w=0.50 vertR=22.0 vertDevFromCentroid=38 bindVert=(-3.0,-2.5,0.0)
[IK_SHARD_VERT] mesh='female_crowd_body02.mesh' wext=80 worstVtx=60 domBone[4]='bone_R-ankle.mesh' w=1.00 vertR=21.1 vertDevFromCentroid=37 bindVert=(4.0,-5.4,-0.2)
[IK_SHARD_VERT] mesh='clap.mesh' wext=722 worstVtx=140 domBone[0]='bone_R-index02.mesh' w=1.00 vertR=81.7 vertDevFromCentroid=2475 bindVert=(24.6,-0.7,37.8)
[IK_SHARD_VERT] mesh='male_crowd_body01.mesh' wext=88 worstVtx=32 domBone[21]='bone_L-toe.mesh' w=1.00 vertR=16.2 vertDevFromCentroid=38 bindVert=(-5.8,9.1,0.1)
[IK_SHARD_VERT] mesh='female_crowd_body01_lod02.mesh' wext=80 worstVtx=48 domBone[14]='bone_L-toe.mesh' w=1.00 vertR=11.7 vertDevFromCentroid=37 bindVert=(-4.8,6.0,-0.2)
[IK_SHARD_VERT] mesh='clap.mesh' wext=623 worstVtx=37 domBone[6]='bone_R-forearm.mesh' w=0.80 vertR=93.1 vertDevFromCentroid=2575 bindVert=(21.0,-1.1,45.3)
[IK_SHARD_VERT] mesh='male_crowd_body01.mesh' wext=88 worstVtx=32 domBone[21]='bone_L-toe.mesh' w=1.00 vertR=16.2 vertDevFromCentroid=38 bindVert=(-5.8,9.1,0.1)
[IK_SHARD_VERT] mesh='clap.mesh' wext=687 worstVtx=37 domBone[6]='bone_R-forearm.mesh' w=0.80 vertR=93.1 vertDevFromCentroid=2614 bindVert=(21.0,-1.1,45.3)
[IK_SHARD_VERT] mesh='male_crowd_body02.mesh' wext=88 worstVtx=170 domBone[8]='bone_L-ankle.mesh' w=0.50 vertR=22.0 vertDevFromCentroid=38 bindVert=(-3.0,-2.5,0.0)
[IK_SHARD_VERT] mesh='female_crowd_body01_lod02.mesh' wext=80 worstVtx=48 domBone[14]='bone_L-toe.mesh' w=1.00 vertR=11.7 vertDevFromCentroid=37 bindVert=(-4.8,6.0,-0.2)
[IK_SHARD_VERT] mesh='female_crowd_body02.mesh' wext=80 worstVtx=60 domBone[4]='bone_R-ankle.mesh' w=1.00 vertR=21.1 vertDevFromCentroid=37 bindVert=(4.0,-5.4,-0.2)
[IK_SHARD_VERT] mesh='clap.mesh' wext=634 worstVtx=54 domBone[7]='bone_R-index01.mesh' w=0.41 vertR=78.4 vertDevFromCentroid=2669 bindVert=(24.3,-1.3,41.1)
[IK_SHARD_VERT] mesh='male_crowd_body01.mesh' wext=88 worstVtx=32 domBone[21]='bone_L-toe.mesh' w=1.00 vertR=16.2 vertDevFromCentroid=38 bindVert=(-5.8,9.1,0.1)
[IK_SHARD_VERT] mesh='clap.mesh' wext=730 worstVtx=112 domBone[6]='bone_R-index02.mesh' w=0.58 vertR=76.3 vertDevFromCentroid=2881 bindVert=(23.9,-1.8,40.0)
[IK_SHARD_VERT] mesh='male_crowd_body02.mesh' wext=88 worstVtx=170 domBone[8]='bone_L-ankle.mesh' w=0.50 vertR=22.0 vertDevFromCentroid=38 bindVert=(-3.0,-2.5,0.0)
[IK_SHARD_VERT] mesh='female_crowd_body01_lod02.mesh' wext=80 worstVtx=48 domBone[14]='bone_L-toe.mesh' w=1.00 vertR=11.7 vertDevFromCentroid=37 bindVert=(-4.8,6.0,-0.2)
[IK_SHARD_VERT] mesh='female_crowd_body02.mesh' wext=80 worstVtx=60 domBone[4]='bone_R-ankle.mesh' w=1.00 vertR=21.1 vertDevFromCentroid=37 bindVert=(4.0,-5.4,-0.2)
[IK_SHARD_VERT] mesh='clap.mesh' wext=835 worstVtx=220 domBone[3]='bone_R-forearm.mesh' w=1.00 vertR=86.8 vertDevFromCentroid=2827 bindVert=(21.0,-1.3,45.3)
[IK_SHARD_VERT] mesh='male_crowd_body01.mesh' wext=88 worstVtx=32 domBone[21]='bone_L-toe.mesh' w=1.00 vertR=16.2 vertDevFromCentroid=38 bindVert=(-5.8,9.1,0.1)
[IK_SHARD_VERT] mesh='clap.mesh' wext=647 worstVtx=37 domBone[6]='bone_R-forearm.mesh' w=0.80 vertR=93.1 vertDevFromCentroid=2877 bindVert=(21.0,-1.1,45.3)
[IK_SHARD_VERT] mesh='male_crowd_body02.mesh' wext=88 worstVtx=170 domBone[8]='bone_L-ankle.mesh' w=0.50 vertR=22.0 vertDevFromCentroid=38 bindVert=(-3.0,-2.5,0.0)
[IK_SHARD_VERT] mesh='female_crowd_body01_lod02.mesh' wext=80 worstVtx=48 domBone[14]='bone_L-toe.mesh' w=1.00 vertR=11.7 vertDevFromCentroid=37 bindVert=(-4.8,6.0,-0.2)
[IK_SHARD_VERT] mesh='female_crowd_body02.mesh' wext=80 worstVtx=24 domBone[4]='bone_R-ankle.mesh' w=0.77 vertR=15.2 vertDevFromCentroid=37 bindVert=(6.1,0.3,-0.2)
[IK_SHARD_VERT] mesh='clap.mesh' wext=674 worstVtx=37 domBone[6]='bone_R-forearm.mesh' w=0.80 vertR=93.1 vertDevFromCentroid=2570 bindVert=(21.0,-1.1,45.3)
[IK_SHARD_VERT] mesh='male_crowd_body01.mesh' wext=88 worstVtx=32 domBone[21]='bone_L-toe.mesh' w=1.00 vertR=16.2 vertDevFromCentroid=38 bindVert=(-5.8,9.1,0.1)
[IK_SHARD_VERT] mesh='clap.mesh' wext=671 worstVtx=112 domBone[6]='bone_R-index02.mesh' w=0.58 vertR=76.3 vertDevFromCentroid=3044 bindVert=(23.9,-1.8,40.0)
[IK_SHARD_VERT] mesh='male_crowd_body02.mesh' wext=88 worstVtx=170 domBone[8]='bone_L-ankle.mesh' w=0.50 vertR=22.0 vertDevFromCentroid=38 bindVert=(-3.0,-2.5,0.0)
[IK_SHARD_VERT] mesh='female_crowd_body01_lod02.mesh' wext=80 worstVtx=48 domBone[14]='bone_L-toe.mesh' w=1.00 vertR=11.7 vertDevFromCentroid=37 bindVert=(-4.8,6.0,-0.2)
[IK_SHARD_VERT] mesh='female_crowd_body02.mesh' wext=80 worstVtx=24 domBone[4]='bone_R-ankle.mesh' w=0.77 vertR=15.2 vertDevFromCentroid=37 bindVert=(6.1,0.3,-0.2)
[IK_SHARD_VERT] mesh='clap.mesh' wext=688 worstVtx=112 domBone[6]='bone_R-index02.mesh' w=0.58 vertR=76.3 vertDevFromCentroid=2657 bindVert=(23.9,-1.8,40.0)
[IK_SHARD_VERT] mesh='male_crowd_body01.mesh' wext=88 worstVtx=32 domBone[21]='bone_L-toe.mesh' w=1.00 vertR=16.2 vertDevFromCentroid=38 bindVert=(-5.8,9.1,0.1)
[IK_SHARD_VERT] mesh='female_crowd_body01_lod02.mesh' wext=80 worstVtx=48 domBone[14]='bone_L-toe.mesh' w=1.00 vertR=11.7 vertDevFromCentroid=37 bindVert=(-4.8,6.0,-0.2)
[IK_SHARD_VERT] mesh='clap.mesh' wext=711 worstVtx=37 domBone[6]='bone_R-forearm.mesh' w=0.80 vertR=93.1 vertDevFromCentroid=2770 bindVert=(21.0,-1.1,45.3)
[IK_SHARD_VERT] mesh='male_crowd_body02.mesh' wext=88 worstVtx=170 domBone[8]='bone_L-ankle.mesh' w=0.50 vertR=22.0 vertDevFromCentroid=38 bindVert=(-3.0,-2.5,0.0)
[IK_SHARD_VERT] mesh='female_crowd_body02.mesh' wext=80 worstVtx=24 domBone[4]='bone_R-ankle.mesh' w=0.77 vertR=15.2 vertDevFromCentroid=37 bindVert=(6.1,0.3,-0.2)
[IK_SHARD_VERT] mesh='clap.mesh' wext=637 worstVtx=37 domBone[6]='bone_R-forearm.mesh' w=0.80 vertR=93.1 vertDevFromCentroid=2794 bindVert=(21.0,-1.1,45.3)
[IK_SHARD_VERT] mesh='male_crowd_body01.mesh' wext=88 worstVtx=32 domBone[21]='bone_L-toe.mesh' w=1.00 vertR=16.2 vertDevFromCentroid=38 bindVert=(-5.8,9.1,0.1)
[IK_SHARD_VERT] mesh='clap.mesh' wext=747 worstVtx=37 domBone[6]='bone_R-forearm.mesh' w=0.80 vertR=93.1 vertDevFromCentroid=3028 bindVert=(21.0,-1.1,45.3)
[IK_SHARD_VERT] mesh='male_crowd_body02.mesh' wext=88 worstVtx=170 domBone[8]='bone_L-ankle.mesh' w=0.50 vertR=22.0 vertDevFromCentroid=38 bindVert=(-3.0,-2.5,0.0)
[IK_SHARD_VERT] mesh='female_crowd_body01_lod02.mesh' wext=80 worstVtx=48 domBone[14]='bone_L-toe.mesh' w=1.00 vertR=11.7 vertDevFromCentroid=37 bindVert=(-4.8,6.0,-0.2)
[IK_SHARD_VERT] mesh='female_crowd_body02.mesh' wext=80 worstVtx=24 domBone[4]='bone_R-ankle.mesh' w=0.77 vertR=15.2 vertDevFromCentroid=37 bindVert=(6.1,0.3,-0.2)
[IK_SHARD_VERT] mesh='clap.mesh' wext=682 worstVtx=112 domBone[6]='bone_R-index02.mesh' w=0.58 vertR=76.3 vertDevFromCentroid=3121 bindVert=(23.9,-1.8,40.0)
[IK_SHARD_VERT] mesh='male_crowd_body01.mesh' wext=88 worstVtx=32 domBone[21]='bone_L-toe.mesh' w=1.00 vertR=16.2 vertDevFromCentroid=38 bindVert=(-5.8,9.1,0.1)
[IK_SHARD_VERT] mesh='clap.mesh' wext=700 worstVtx=112 domBone[6]='bone_R-index02.mesh' w=0.58 vertR=76.3 vertDevFromCentroid=2731 bindVert=(23.9,-1.8,40.0)
[IK_SHARD_VERT] mesh='female_crowd_body01_lod02.mesh' wext=80 worstVtx=48 domBone[14]='bone_L-toe.mesh' w=1.00 vertR=11.7 vertDevFromCentroid=37 bindVert=(-4.8,6.0,-0.2)
[IK_SHARD_VERT] mesh='male_crowd_body02.mesh' wext=88 worstVtx=170 domBone[8]='bone_L-ankle.mesh' w=0.50 vertR=22.0 vertDevFromCentroid=38 bindVert=(-3.0,-2.5,0.0)
[IK_SHARD_VERT] mesh='female_crowd_body02.mesh' wext=80 worstVtx=24 domBone[4]='bone_R-ankle.mesh' w=0.77 vertR=15.2 vertDevFromCentroid=37 bindVert=(6.1,0.3,-0.2)
[IK_SHARD_VERT] mesh='female_crowd_body03.mesh' wext=80 worstVtx=102 domBone[16]='bone_L-ankle.mesh' w=1.00 vertR=9.8 vertDevFromCentroid=36 bindVert=(-3.2,-4.9,-0.2)
[IK_SHARD_VERT] mesh='male_crowd_body03.mesh' wext=86 worstVtx=1176 domBone[6]='bone_L-toe.mesh' w=1.00 vertR=14.5 vertDevFromCentroid=37 bindVert=(-1.1,9.1,-0.1)
[IK_SHARD_VERT] mesh='male_crowd_body04.mesh' wext=88 worstVtx=14 domBone[1]='bone_L-ankle.mesh' w=0.57 vertR=8.4 vertDevFromCentroid=37 bindVert=(-1.8,9.9,-0.0)
[IK_SHARD_VERT] mesh='clap.mesh' wext=701 worstVtx=37 domBone[6]='bone_R-forearm.mesh' w=0.80 vertR=93.1 vertDevFromCentroid=2766 bindVert=(21.0,-1.1,45.3)
[IK_SHARD_VERT] mesh='male_crowd_body01.mesh' wext=88 worstVtx=32 domBone[21]='bone_L-toe.mesh' w=1.00 vertR=16.2 vertDevFromCentroid=38 bindVert=(-5.8,9.1,0.1)
[IK_SHARD_VERT] mesh='female_crowd_body01_lod02.mesh' wext=80 worstVtx=48 domBone[14]='bone_L-toe.mesh' w=1.00 vertR=11.7 vertDevFromCentroid=37 bindVert=(-4.8,6.0,-0.2)
[IK_SHARD_VERT] mesh='clap.mesh' wext=628 worstVtx=37 domBone[6]='bone_R-forearm.mesh' w=0.80 vertR=93.1 vertDevFromCentroid=2707 bindVert=(21.0,-1.1,45.3)
[IK_SHARD_VERT] mesh='female_crowd_body02.mesh' wext=80 worstVtx=24 domBone[4]='bone_R-ankle.mesh' w=0.77 vertR=15.2 vertDevFromCentroid=37 bindVert=(6.1,0.3,-0.2)
[IK_SHARD_VERT] mesh='male_crowd_body02.mesh' wext=88 worstVtx=170 domBone[8]='bone_L-ankle.mesh' w=0.50 vertR=22.0 vertDevFromCentroid=38 bindVert=(-3.0,-2.5,0.0)
[IK_SHARD_VERT] mesh='clap.mesh' wext=754 worstVtx=112 domBone[6]='bone_R-index02.mesh' w=0.58 vertR=76.3 vertDevFromCentroid=3057 bindVert=(23.9,-1.8,40.0)
[IK_SHARD_VERT] mesh='male_crowd_body01.mesh' wext=88 worstVtx=32 domBone[21]='bone_L-toe.mesh' w=1.00 vertR=16.2 vertDevFromCentroid=38 bindVert=(-5.8,9.1,0.1)
[IK_SHARD_VERT] mesh='clap.mesh' wext=641 worstVtx=54 domBone[7]='bone_R-index01.mesh' w=0.41 vertR=78.4 vertDevFromCentroid=2745 bindVert=(24.3,-1.3,41.1)
[IK_SHARD_VERT] mesh='female_crowd_body01_lod02.mesh' wext=80 worstVtx=48 domBone[14]='bone_L-toe.mesh' w=1.00 vertR=11.7 vertDevFromCentroid=37 bindVert=(-4.8,6.0,-0.2)
[IK_SHARD_VERT] mesh='male_crowd_body02.mesh' wext=88 worstVtx=170 domBone[8]='bone_L-ankle.mesh' w=0.50 vertR=22.0 vertDevFromCentroid=38 bindVert=(-3.0,-2.5,0.0)
[IK_SHARD_VERT] mesh='female_crowd_body02.mesh' wext=80 worstVtx=24 domBone[4]='bone_R-ankle.mesh' w=0.77 vertR=15.2 vertDevFromCentroid=37 bindVert=(6.1,0.3,-0.2)
[IK_SHARD_VERT] mesh='clap.mesh' wext=669 worstVtx=37 domBone[6]='bone_R-forearm.mesh' w=0.80 vertR=93.1 vertDevFromCentroid=3064 bindVert=(21.0,-1.1,45.3)
[IK_SHARD_VERT] mesh='male_crowd_body01.mesh' wext=88 worstVtx=32 domBone[21]='bone_L-toe.mesh' w=1.00 vertR=16.2 vertDevFromCentroid=38 bindVert=(-5.8,9.1,0.1)
[IK_SHARD_VERT] mesh='female_crowd_body01_lod02.mesh' wext=80 worstVtx=48 domBone[14]='bone_L-toe.mesh' w=1.00 vertR=11.7 vertDevFromCentroid=37 bindVert=(-4.8,6.0,-0.2)
[IK_SHARD_VERT] mesh='clap.mesh' wext=733 worstVtx=37 domBone[6]='bone_R-forearm.mesh' w=0.80 vertR=93.1 vertDevFromCentroid=2935 bindVert=(21.0,-1.1,45.3)
[IK_SHARD_VERT] mesh='clap.mesh' wext=663 worstVtx=37 domBone[6]='bone_R-forearm.mesh' w=0.80 vertR=93.1 vertDevFromCentroid=2950 bindVert=(21.0,-1.1,45.3)
[IK_SHARD_VERT] mesh='male_crowd_body02.mesh' wext=88 worstVtx=170 domBone[8]='bone_L-ankle.mesh' w=0.50 vertR=22.0 vertDevFromCentroid=38 bindVert=(-3.0,-2.5,0.0)
[IK_SHARD_VERT] mesh='female_crowd_body02.mesh' wext=80 worstVtx=24 domBone[4]='bone_R-ankle.mesh' w=0.77 vertR=15.2 vertDevFromCentroid=37 bindVert=(6.1,0.3,-0.2)
[IK_SHARD_VERT] mesh='female_extra_body01.mesh' wext=71 worstVtx=372 domBone[18]='bone_R-toe.mesh' w=1.00 vertR=8.0 vertDevFromCentroid=32 bindVert=(4.7,6.0,-0.2)
[IK_SHARD_VERT] mesh='male_extras_body01_medium.mesh' wext=78 worstVtx=228 domBone[27]='bone_R-toe.mesh' w=1.00 vertR=9.9 vertDevFromCentroid=32 bindVert=(6.4,9.1,0.2)
[IK_SHARD_VERT] mesh='female_crowd_body01_lod02.mesh' wext=80 worstVtx=48 domBone[14]='bone_L-toe.mesh' w=1.00 vertR=11.7 vertDevFromCentroid=37 bindVert=(-4.8,6.0,-0.2)
[IK_SHARD_VERT] mesh='female_crowd_body04.mesh' wext=80 worstVtx=48 domBone[6]='bone_R-ankle.mesh' w=1.00 vertR=10.7 vertDevFromCentroid=37 bindVert=(5.5,-3.6,-0.2)
[IK_SHARD_VERT] mesh='male_crowd_body01.mesh' wext=88 worstVtx=32 domBone[21]='bone_L-toe.mesh' w=1.00 vertR=16.2 vertDevFromCentroid=38 bindVert=(-5.8,9.1,0.1)
[IK_SHARD_VERT] mesh='clap.mesh' wext=687 worstVtx=54 domBone[7]='bone_R-index01.mesh' w=0.41 vertR=78.4 vertDevFromCentroid=2587 bindVert=(24.3,-1.3,41.1)
[IK_SHARD_VERT] mesh='male_crowd_body02.mesh' wext=88 worstVtx=170 domBone[8]='bone_L-ankle.mesh' w=0.50 vertR=22.0 vertDevFromCentroid=38 bindVert=(-3.0,-2.5,0.0)
[IK_SHARD_VERT] mesh='clap.mesh' wext=663 worstVtx=112 domBone[6]='bone_R-index02.mesh' w=0.58 vertR=76.3 vertDevFromCentroid=2999 bindVert=(23.9,-1.8,40.0)
[IK_SHARD_VERT] mesh='female_crowd_body02.mesh' wext=80 worstVtx=24 domBone[4]='bone_R-ankle.mesh' w=0.77 vertR=15.2 vertDevFromCentroid=37 bindVert=(6.1,0.3,-0.2)
[IK_SHARD_VERT] mesh='male_crowd_body01.mesh' wext=88 worstVtx=32 domBone[21]='bone_L-toe.mesh' w=1.00 vertR=16.2 vertDevFromCentroid=38 bindVert=(-5.8,9.1,0.1)
[IK_SHARD_VERT] mesh='female_crowd_body01_lod02.mesh' wext=80 worstVtx=48 domBone[14]='bone_L-toe.mesh' w=1.00 vertR=11.7 vertDevFromCentroid=37 bindVert=(-4.8,6.0,-0.2)
[IK_SHARD_VERT] mesh='clap.mesh' wext=658 worstVtx=37 domBone[6]='bone_R-forearm.mesh' w=0.80 vertR=93.1 vertDevFromCentroid=2971 bindVert=(21.0,-1.1,45.3)
[IK_SHARD_VERT] mesh='hands_naked.mesh' wext=106 worstVtx=1022 domBone[19]='bone_R-thumb03.mesh' w=1.00 vertR=78.5 vertDevFromCentroid=47 bindVert=(22.3,11.9,20.8)
[HANDS_ATTACH] mesh='hands_naked.mesh' owner='hands_naked.mesh' frame=23 nb=38 wext=105.8 rebound=1
  TIER1 rest-coherence: worst=87.3deg bone[33]='bone_L-middlefinger03.mesh' count(>5deg)=34 freshRecap=0  xcheck(invOff-vs-restW) worst=87.3deg bone[33]
  TIER2 joint-attach(PRIMARY): worst=57.23u bone[17]='bone_R-ringfinger02.mesh' parent[15] R=47.3 exactJoint=0.00u pairs=30  (palette-wide exactWorst=0.33u)
[HANDS_ATTACH] mesh='hands_naked.mesh' owner='hands_naked.mesh' frame=23 nb=40 wext=63.2 rebound=1
  TIER1 rest-coherence: worst=42.6deg bone[30]='bone_L-middlefinger03.mesh' count(>5deg)=36 freshRecap=0  xcheck(invOff-vs-restW) worst=42.6deg bone[30]
  TIER2 joint-attach(PRIMARY): worst=23.31u bone[5]='bone_R-ringfinger02.mesh' parent[24] R=37.9 exactJoint=0.00u pairs=36  (palette-wide exactWorst=0.04u)
[HANDS_ATTACH] mesh='hands_naked.mesh' owner='hands_naked.mesh' frame=23 nb=38 wext=104.9 rebound=1
  TIER1 rest-coherence: worst=87.3deg bone[33]='bone_L-middlefinger03.mesh' count(>5deg)=34 freshRecap=0  xcheck(invOff-vs-restW) worst=87.3deg bone[33]
  TIER2 joint-attach(PRIMARY): worst=57.23u bone[17]='bone_R-ringfinger02.mesh' parent[15] R=47.3 exactJoint=0.00u pairs=30  (palette-wide exactWorst=0.00u)
[HANDS_ATTACH] mesh='gloves_resource.1.mesh' owner='gloves_resource.1.mesh' frame=23 nb=4 wext=6.0 rebound=1
  TIER1 rest-coherence: worst=60.2deg bone[0]='bone_L-index03.mesh' count(>5deg)=4 freshRecap=0  xcheck(invOff-vs-restW) worst=60.2deg bone[0]
  TIER2 joint-attach(PRIMARY): worst=18.08u bone[3]='bone_L-index02.mesh' parent[2] R=47.0 exactJoint=0.36u pairs=3  (palette-wide exactWorst=0.37u)
[HANDS_ATTACH] mesh='gloves_resource.mesh' owner='gloves_resource.mesh' frame=23 nb=40 wext=32.9 rebound=1
  TIER1 rest-coherence: worst=68.8deg bone[32]='bone_L-middlefinger03.mesh' count(>5deg)=40 freshRecap=0  xcheck(invOff-vs-restW) worst=68.8deg bone[32]
  TIER2 joint-attach(PRIMARY): worst=41.23u bone[16]='bone_R-ringfinger02.mesh' parent[19] R=47.3 exactJoint=0.44u pairs=36  (palette-wide exactWorst=6.88u)
[HANDS_ATTACH] mesh='gloves_skin.2.mesh' owner='gloves_skin.2.mesh' frame=23 nb=9 wext=15.0 rebound=1
  TIER1 rest-coherence: worst=38.9deg bone[5]='bone_L-hand.mesh' count(>5deg)=9 freshRecap=0  xcheck(invOff-vs-restW) worst=38.9deg bone[5]
  TIER2 joint-attach(PRIMARY): worst=15.79u bone[3]='bone_R-pinky-base.mesh' parent[2] R=45.0 exactJoint=6.73u pairs=5  (palette-wide exactWorst=6.88u)
[IK_SHARD_VERT] mesh='clap.mesh' wext=717 worstVtx=37 domBone[6]='bone_R-forearm.mesh' w=0.80 vertR=93.1 vertDevFromCentroid=2850 bindVert=(21.0,-1.1,45.3)
[IK_SHARD_VERT] mesh='male_crowd_body01.mesh' wext=88 worstVtx=32 domBone[21]='bone_L-toe.mesh' w=1.00 vertR=16.2 vertDevFromCentroid=38 bindVert=(-5.8,9.1,0.1)
[IK_SHARD_VERT] mesh='male_crowd_body02.mesh' wext=88 worstVtx=170 domBone[8]='bone_L-ankle.mesh' w=0.50 vertR=22.0 vertDevFromCentroid=38 bindVert=(-3.0,-2.5,0.0)
[IK_SHARD_VERT] mesh='female_crowd_body01_lod02.mesh' wext=80 worstVtx=48 domBone[14]='bone_L-toe.mesh' w=1.00 vertR=11.7 vertDevFromCentroid=37 bindVert=(-4.8,6.0,-0.2)
[IK_SHARD_VERT] mesh='female_crowd_body02.mesh' wext=80 worstVtx=24 domBone[4]='bone_R-ankle.mesh' w=0.77 vertR=15.2 vertDevFromCentroid=37 bindVert=(6.1,0.3,-0.2)
[IK_SHARD_VERT] mesh='clap.mesh' wext=646 worstVtx=54 domBone[7]='bone_R-index01.mesh' w=0.41 vertR=78.4 vertDevFromCentroid=2831 bindVert=(24.3,-1.3,41.1)
[IK_SHARD_VERT] mesh='clap.mesh' wext=705 worstVtx=112 domBone[6]='bone_R-index02.mesh' w=0.58 vertR=76.3 vertDevFromCentroid=2706 bindVert=(23.9,-1.8,40.0)
[IK_SHARD_VERT] mesh='male_crowd_body02.mesh' wext=88 worstVtx=170 domBone[8]='bone_L-ankle.mesh' w=0.50 vertR=22.0 vertDevFromCentroid=38 bindVert=(-3.0,-2.5,0.0)
[IK_SHARD_VERT] mesh='female_crowd_body02.mesh' wext=80 worstVtx=24 domBone[4]='bone_R-ankle.mesh' w=0.77 vertR=15.2 vertDevFromCentroid=37 bindVert=(6.1,0.3,-0.2)
[IK_SHARD_VERT] mesh='male_crowd_body01.mesh' wext=88 worstVtx=32 domBone[21]='bone_L-toe.mesh' w=1.00 vertR=16.2 vertDevFromCentroid=38 bindVert=(-5.8,9.1,0.1)
[IK_SHARD_VERT] mesh='female_crowd_body01_lod02.mesh' wext=80 worstVtx=48 domBone[14]='bone_L-toe.mesh' w=1.00 vertR=11.7 vertDevFromCentroid=37 bindVert=(-4.8,6.0,-0.2)
[IK_SHARD_VERT] mesh='clap.mesh' wext=62 worstVtx=143 domBone[6]='bone_L-index02.mesh' w=0.36 vertR=49.8 vertDevFromCentroid=31 bindVert=(-24.0,1.2,40.7)
[IK_SHARD_VERT] mesh='clap.mesh' wext=672 worstVtx=37 domBone[6]='bone_R-forearm.mesh' w=0.80 vertR=93.1 vertDevFromCentroid=3046 bindVert=(21.0,-1.1,45.3)
[IK_SHARD_VERT] mesh='male_crowd_body01.mesh' wext=88 worstVtx=32 domBone[21]='bone_L-toe.mesh' w=1.00 vertR=16.2 vertDevFromCentroid=38 bindVert=(-5.8,9.1,0.1)
[IK_SHARD_VERT] mesh='male_crowd_body02.mesh' wext=88 worstVtx=170 domBone[8]='bone_L-ankle.mesh' w=0.50 vertR=22.0 vertDevFromCentroid=38 bindVert=(-3.0,-2.5,0.0)
[IK_SHARD_VERT] mesh='female_crowd_body01_lod02.mesh' wext=80 worstVtx=48 domBone[14]='bone_L-toe.mesh' w=1.00 vertR=11.7 vertDevFromCentroid=37 bindVert=(-4.8,6.0,-0.2)
[IK_SHARD_VERT] mesh='female_crowd_body02.mesh' wext=80 worstVtx=24 domBone[4]='bone_R-ankle.mesh' w=0.77 vertR=15.2 vertDevFromCentroid=37 bindVert=(6.1,0.3,-0.2)
[IK_SHARD_VERT] mesh='clap.mesh' wext=737 worstVtx=37 domBone[6]='bone_R-forearm.mesh' w=0.80 vertR=93.1 vertDevFromCentroid=2986 bindVert=(21.0,-1.1,45.3)
[IK_SHARD_VERT] mesh='male_crowd_body01.mesh' wext=88 worstVtx=32 domBone[21]='bone_L-toe.mesh' w=1.00 vertR=16.2 vertDevFromCentroid=38 bindVert=(-5.8,9.1,0.1)
[IK_SHARD_VERT] mesh='clap.mesh' wext=625 worstVtx=54 domBone[7]='bone_R-index01.mesh' w=0.41 vertR=78.4 vertDevFromCentroid=2599 bindVert=(24.3,-1.3,41.1)
[IK_SHARD_VERT] mesh='male_crowd_body02.mesh' wext=88 worstVtx=170 domBone[8]='bone_L-ankle.mesh' w=0.50 vertR=22.0 vertDevFromCentroid=38 bindVert=(-3.0,-2.5,0.0)
[IK_SHARD_VERT] mesh='female_crowd_body01_lod02.mesh' wext=80 worstVtx=48 domBone[14]='bone_L-toe.mesh' w=1.00 vertR=11.7 vertDevFromCentroid=37 bindVert=(-4.8,6.0,-0.2)
[IK_SHARD_VERT] mesh='female_crowd_body02.mesh' wext=80 worstVtx=24 domBone[4]='bone_R-ankle.mesh' w=0.77 vertR=15.2 vertDevFromCentroid=37 bindVert=(6.1,0.3,-0.2)
[IK_SHARD_VERT] mesh='clap.mesh' wext=738 worstVtx=112 domBone[6]='bone_R-index02.mesh' w=0.58 vertR=76.3 vertDevFromCentroid=2989 bindVert=(23.9,-1.8,40.0)
[IK_SHARD_VERT] mesh='clap.mesh' wext=723 worstVtx=6 domBone[7]='bone_R-hand.mesh' w=1.00 vertR=87.0 vertDevFromCentroid=2477 bindVert=(23.6,-1.4,41.9)
[IK_SHARD_VERT] mesh='male_crowd_body01.mesh' wext=88 worstVtx=32 domBone[21]='bone_L-toe.mesh' w=1.00 vertR=16.2 vertDevFromCentroid=38 bindVert=(-5.8,9.1,0.1)
[IK_SHARD_VERT] mesh='male_crowd_body02.mesh' wext=88 worstVtx=170 domBone[8]='bone_L-ankle.mesh' w=0.50 vertR=22.0 vertDevFromCentroid=38 bindVert=(-3.0,-2.5,0.0)
[IK_SHARD_VERT] mesh='female_crowd_body01_lod02.mesh' wext=80 worstVtx=48 domBone[14]='bone_L-toe.mesh' w=1.00 vertR=11.7 vertDevFromCentroid=37 bindVert=(-4.8,6.0,-0.2)
[IK_SHARD_VERT] mesh='female_crowd_body02.mesh' wext=80 worstVtx=24 domBone[4]='bone_R-ankle.mesh' w=0.77 vertR=15.2 vertDevFromCentroid=37 bindVert=(6.1,0.3,-0.2)
[IK_SHARD_VERT] mesh='clap.mesh' wext=623 worstVtx=37 domBone[6]='bone_R-forearm.mesh' w=0.80 vertR=93.1 vertDevFromCentroid=2578 bindVert=(21.0,-1.1,45.3)
[IK_SHARD_VERT] mesh='female_crowd_body03.mesh' wext=79 worstVtx=102 domBone[16]='bone_L-ankle.mesh' w=1.00 vertR=9.8 vertDevFromCentroid=36 bindVert=(-3.2,-4.9,-0.2)
[IK_SHARD_VERT] mesh='male_crowd_body03.mesh' wext=86 worstVtx=1164 domBone[6]='bone_L-toe.mesh' w=1.00 vertR=10.7 vertDevFromCentroid=37 bindVert=(-6.5,7.0,0.8)
[IK_SHARD_VERT] mesh='male_crowd_body04.mesh' wext=88 worstVtx=21 domBone[1]='bone_L-ankle.mesh' w=0.55 vertR=9.1 vertDevFromCentroid=37 bindVert=(-3.1,10.9,0.2)
[IK_SHARD_VERT] mesh='male_crowd_body01.mesh' wext=88 worstVtx=32 domBone[21]='bone_L-toe.mesh' w=1.00 vertR=16.2 vertDevFromCentroid=38 bindVert=(-5.8,9.1,0.1)
[IK_SHARD_VERT] mesh='clap.mesh' wext=686 worstVtx=37 domBone[6]='bone_R-forearm.mesh' w=0.80 vertR=93.1 vertDevFromCentroid=2618 bindVert=(21.0,-1.1,45.3)
[IK_SHARD_VERT] mesh='male_crowd_body02.mesh' wext=88 worstVtx=170 domBone[8]='bone_L-ankle.mesh' w=0.50 vertR=22.0 vertDevFromCentroid=38 bindVert=(-3.0,-2.5,0.0)
[IK_SHARD_VERT] mesh='female_crowd_body01_lod02.mesh' wext=80 worstVtx=48 domBone[14]='bone_L-toe.mesh' w=1.00 vertR=11.7 vertDevFromCentroid=37 bindVert=(-4.8,6.0,-0.2)
[IK_SHARD_VERT] mesh='female_crowd_body02.mesh' wext=80 worstVtx=24 domBone[4]='bone_R-ankle.mesh' w=0.77 vertR=15.2 vertDevFromCentroid=37 bindVert=(6.1,0.3,-0.2)
[IK_SHARD_VERT] mesh='clap.mesh' wext=634 worstVtx=54 domBone[7]='bone_R-index01.mesh' w=0.41 vertR=78.4 vertDevFromCentroid=2669 bindVert=(24.3,-1.3,41.1)
[IK_SHARD_VERT] mesh='male_crowd_body01.mesh' wext=88 worstVtx=32 domBone[21]='bone_L-toe.mesh' w=1.00 vertR=16.2 vertDevFromCentroid=38 bindVert=(-5.8,9.1,0.1)
[IK_SHARD_VERT] mesh='clap.mesh' wext=730 worstVtx=112 domBone[6]='bone_R-index02.mesh' w=0.58 vertR=76.3 vertDevFromCentroid=2882 bindVert=(23.9,-1.8,40.0)
[IK_SHARD_VERT] mesh='female_crowd_body01_lod02.mesh' wext=80 worstVtx=48 domBone[14]='bone_L-toe.mesh' w=1.00 vertR=11.7 vertDevFromCentroid=37 bindVert=(-4.8,6.0,-0.2)
[IK_SHARD_VERT] mesh='male_crowd_body02.mesh' wext=88 worstVtx=170 domBone[8]='bone_L-ankle.mesh' w=0.50 vertR=22.0 vertDevFromCentroid=38 bindVert=(-3.0,-2.5,0.0)
[IK_SHARD_VERT] mesh='female_crowd_body02.mesh' wext=80 worstVtx=24 domBone[4]='bone_R-ankle.mesh' w=0.77 vertR=15.2 vertDevFromCentroid=37 bindVert=(6.1,0.3,-0.2)
[IK_SHARD_VERT] mesh='clap.mesh' wext=836 worstVtx=213 domBone[3]='bone_R-forearm.mesh' w=1.00 vertR=87.1 vertDevFromCentroid=2825 bindVert=(21.4,-0.9,45.6)
[IK_SHARD_VERT] mesh='male_crowd_body01.mesh' wext=88 worstVtx=32 domBone[21]='bone_L-toe.mesh' w=1.00 vertR=16.2 vertDevFromCentroid=38 bindVert=(-5.8,9.1,0.1)
[IK_SHARD_VERT] mesh='clap.mesh' wext=646 worstVtx=37 domBone[6]='bone_R-forearm.mesh' w=0.80 vertR=93.1 vertDevFromCentroid=2879 bindVert=(21.0,-1.1,45.3)
[IK_SHARD_VERT] mesh='female_crowd_body01_lod02.mesh' wext=80 worstVtx=48 domBone[14]='bone_L-toe.mesh' w=1.00 vertR=11.7 vertDevFromCentroid=37 bindVert=(-4.8,6.0,-0.2)
[IK_SHARD_VERT] mesh='clap.mesh' wext=674 worstVtx=37 domBone[6]='bone_R-forearm.mesh' w=0.80 vertR=93.1 vertDevFromCentroid=2573 bindVert=(21.0,-1.1,45.3)
[IK_SHARD_VERT] mesh='male_crowd_body02.mesh' wext=88 worstVtx=170 domBone[8]='bone_L-ankle.mesh' w=0.50 vertR=22.0 vertDevFromCentroid=38 bindVert=(-3.0,-2.5,0.0)
[IK_SHARD_VERT] mesh='female_crowd_body02.mesh' wext=80 worstVtx=24 domBone[4]='bone_R-ankle.mesh' w=0.77 vertR=15.2 vertDevFromCentroid=37 bindVert=(6.1,0.3,-0.2)
[IK_SHARD_VERT] mesh='male_crowd_body01.mesh' wext=88 worstVtx=32 domBone[21]='bone_L-toe.mesh' w=1.00 vertR=16.2 vertDevFromCentroid=38 bindVert=(-5.8,9.1,0.1)
[IK_SHARD_VERT] mesh='clap.mesh' wext=672 worstVtx=112 domBone[6]='bone_R-index02.mesh' w=0.58 vertR=76.3 vertDevFromCentroid=3045 bindVert=(23.9,-1.8,40.0)
[IK_SHARD_VERT] mesh='female_crowd_body01_lod02.mesh' wext=80 worstVtx=48 domBone[14]='bone_L-toe.mesh' w=1.00 vertR=11.7 vertDevFromCentroid=37 bindVert=(-4.8,6.0,-0.2)
[IK_SHARD_VERT] mesh='male_crowd_body02.mesh' wext=88 worstVtx=170 domBone[8]='bone_L-ankle.mesh' w=0.50 vertR=22.0 vertDevFromCentroid=38 bindVert=(-3.0,-2.5,0.0)
[IK_SHARD_VERT] mesh='clap.mesh' wext=688 worstVtx=112 domBone[6]='bone_R-index02.mesh' w=0.58 vertR=76.3 vertDevFromCentroid=2658 bindVert=(23.9,-1.8,40.0)
[IK_SHARD_VERT] mesh='female_crowd_body02.mesh' wext=80 worstVtx=24 domBone[4]='bone_R-ankle.mesh' w=0.77 vertR=15.2 vertDevFromCentroid=37 bindVert=(6.1,0.3,-0.2)
[IK_SHARD_VERT] mesh='male_crowd_body01.mesh' wext=88 worstVtx=32 domBone[21]='bone_L-toe.mesh' w=1.00 vertR=16.2 vertDevFromCentroid=38 bindVert=(-5.8,9.1,0.1)
[IK_SHARD_VERT] mesh='female_crowd_body01_lod02.mesh' wext=80 worstVtx=48 domBone[14]='bone_L-toe.mesh' w=1.00 vertR=11.7 vertDevFromCentroid=37 bindVert=(-4.8,6.0,-0.2)
[IK_SHARD_VERT] mesh='clap.mesh' wext=710 worstVtx=37 domBone[6]='bone_R-forearm.mesh' w=0.80 vertR=93.1 vertDevFromCentroid=2773 bindVert=(21.0,-1.1,45.3)
[IK_SHARD_VERT] mesh='clap.mesh' wext=637 worstVtx=37 domBone[6]='bone_R-forearm.mesh' w=0.80 vertR=93.1 vertDevFromCentroid=2796 bindVert=(21.0,-1.1,45.3)
[IK_SHARD_VERT] mesh='male_crowd_body02.mesh' wext=88 worstVtx=170 domBone[8]='bone_L-ankle.mesh' w=0.50 vertR=22.0 vertDevFromCentroid=38 bindVert=(-3.0,-2.5,0.0)
[IK_SHARD_VERT] mesh='female_crowd_body02.mesh' wext=80 worstVtx=24 domBone[4]='bone_R-ankle.mesh' w=0.77 vertR=15.2 vertDevFromCentroid=37 bindVert=(6.1,0.3,-0.2)
[IK_SHARD_VERT] mesh='male_crowd_body01.mesh' wext=88 worstVtx=32 domBone[21]='bone_L-toe.mesh' w=1.00 vertR=16.2 vertDevFromCentroid=38 bindVert=(-5.8,9.1,0.1)
[IK_SHARD_VERT] mesh='clap.mesh' wext=747 worstVtx=37 domBone[6]='bone_R-forearm.mesh' w=0.80 vertR=93.1 vertDevFromCentroid=3031 bindVert=(21.0,-1.1,45.3)
[IK_SHARD_VERT] mesh='female_crowd_body01_lod02.mesh' wext=80 worstVtx=48 domBone[14]='bone_L-toe.mesh' w=1.00 vertR=11.7 vertDevFromCentroid=37 bindVert=(-4.8,6.0,-0.2)
[IK_SHARD_VERT] mesh='clap.mesh' wext=682 worstVtx=112 domBone[6]='bone_R-index02.mesh' w=0.58 vertR=76.3 vertDevFromCentroid=3121 bindVert=(23.9,-1.8,40.0)
[IK_SHARD_VERT] mesh='male_crowd_body02.mesh' wext=88 worstVtx=170 domBone[8]='bone_L-ankle.mesh' w=0.50 vertR=22.0 vertDevFromCentroid=38 bindVert=(-3.0,-2.5,0.0)
[IK_SHARD_VERT] mesh='female_crowd_body02.mesh' wext=80 worstVtx=24 domBone[4]='bone_R-ankle.mesh' w=0.77 vertR=15.2 vertDevFromCentroid=37 bindVert=(6.1,0.3,-0.2)
[IK_SHARD_VERT] mesh='male_crowd_body01.mesh' wext=88 worstVtx=32 domBone[21]='bone_L-toe.mesh' w=1.00 vertR=16.2 vertDevFromCentroid=38 bindVert=(-5.8,9.1,0.1)
[IK_SHARD_VERT] mesh='clap.mesh' wext=700 worstVtx=112 domBone[6]='bone_R-index02.mesh' w=0.58 vertR=76.3 vertDevFromCentroid=2732 bindVert=(23.9,-1.8,40.0)
[IK_SHARD_VERT] mesh='female_crowd_body01_lod02.mesh' wext=80 worstVtx=48 domBone[14]='bone_L-toe.mesh' w=1.00 vertR=11.7 vertDevFromCentroid=37 bindVert=(-4.8,6.0,-0.2)
[IK_SHARD_VERT] mesh='clap.mesh' wext=701 worstVtx=37 domBone[6]='bone_R-forearm.mesh' w=0.80 vertR=93.1 vertDevFromCentroid=2768 bindVert=(21.0,-1.1,45.3)
[IK_SHARD_VERT] mesh='male_crowd_body01.mesh' wext=88 worstVtx=32 domBone[21]='bone_L-toe.mesh' w=1.00 vertR=16.2 vertDevFromCentroid=38 bindVert=(-5.8,9.1,0.1)
[IK_SHARD_VERT] mesh='male_crowd_body02.mesh' wext=88 worstVtx=170 domBone[8]='bone_L-ankle.mesh' w=0.50 vertR=22.0 vertDevFromCentroid=38 bindVert=(-3.0,-2.5,0.0)
[IK_SHARD_VERT] mesh='female_crowd_body01_lod02.mesh' wext=80 worstVtx=48 domBone[14]='bone_L-toe.mesh' w=1.00 vertR=11.7 vertDevFromCentroid=37 bindVert=(-4.8,6.0,-0.2)
[IK_SHARD_VERT] mesh='female_crowd_body02.mesh' wext=80 worstVtx=24 domBone[4]='bone_R-ankle.mesh' w=0.77 vertR=15.2 vertDevFromCentroid=37 bindVert=(6.1,0.3,-0.2)
[IK_SHARD_VERT] mesh='clap.mesh' wext=628 worstVtx=37 domBone[6]='bone_R-forearm.mesh' w=0.80 vertR=93.1 vertDevFromCentroid=2708 bindVert=(21.0,-1.1,45.3)
[IK_SHARD_VERT] mesh='clap.mesh' wext=754 worstVtx=112 domBone[6]='bone_R-index02.mesh' w=0.58 vertR=76.3 vertDevFromCentroid=3059 bindVert=(23.9,-1.8,40.0)
[IK_SHARD_VERT] mesh='male_crowd_body02.mesh' wext=88 worstVtx=170 domBone[8]='bone_L-ankle.mesh' w=0.50 vertR=22.0 vertDevFromCentroid=38 bindVert=(-3.0,-2.5,0.0)
[IK_SHARD_VERT] mesh='female_crowd_body02.mesh' wext=80 worstVtx=24 domBone[4]='bone_R-ankle.mesh' w=0.77 vertR=15.2 vertDevFromCentroid=37 bindVert=(6.1,0.3,-0.2)
[IK_SHARD_VERT] mesh='male_crowd_body01.mesh' wext=88 worstVtx=32 domBone[21]='bone_L-toe.mesh' w=1.00 vertR=16.2 vertDevFromCentroid=38 bindVert=(-5.8,9.1,0.1)
[IK_SHARD_VERT] mesh='clap.mesh' wext=641 worstVtx=54 domBone[7]='bone_R-index01.mesh' w=0.41 vertR=78.4 vertDevFromCentroid=2745 bindVert=(24.3,-1.3,41.1)
[IK_SHARD_VERT] mesh='female_crowd_body01_lod02.mesh' wext=80 worstVtx=48 domBone[14]='bone_L-toe.mesh' w=1.00 vertR=11.7 vertDevFromCentroid=37 bindVert=(-4.8,6.0,-0.2)
[IK_SHARD_VERT] mesh='clap.mesh' wext=669 worstVtx=37 domBone[6]='bone_R-forearm.mesh' w=0.80 vertR=93.1 vertDevFromCentroid=3065 bindVert=(21.0,-1.1,45.3)
[IK_SHARD_VERT] mesh='male_crowd_body01.mesh' wext=88 worstVtx=32 domBone[21]='bone_L-toe.mesh' w=1.00 vertR=16.2 vertDevFromCentroid=38 bindVert=(-5.8,9.1,0.1)
[IK_SHARD_VERT] mesh='male_crowd_body02.mesh' wext=88 worstVtx=170 domBone[8]='bone_L-ankle.mesh' w=0.50 vertR=22.0 vertDevFromCentroid=38 bindVert=(-3.0,-2.5,0.0)
[IK_SHARD_VERT] mesh='female_crowd_body01_lod02.mesh' wext=80 worstVtx=48 domBone[14]='bone_L-toe.mesh' w=1.00 vertR=11.7 vertDevFromCentroid=37 bindVert=(-4.8,6.0,-0.2)
[IK_SHARD_VERT] mesh='female_crowd_body02.mesh' wext=80 worstVtx=24 domBone[4]='bone_R-ankle.mesh' w=0.77 vertR=15.2 vertDevFromCentroid=37 bindVert=(6.1,0.3,-0.2)
[IK_SHARD_VERT] mesh='clap.mesh' wext=733 worstVtx=37 domBone[6]='bone_R-forearm.mesh' w=0.80 vertR=93.1 vertDevFromCentroid=2936 bindVert=(21.0,-1.1,45.3)
[IK_SHARD_VERT] mesh='clap.mesh' wext=663 worstVtx=37 domBone[6]='bone_R-forearm.mesh' w=0.80 vertR=93.1 vertDevFromCentroid=2950 bindVert=(21.0,-1.1,45.3)
[IK_SHARD_VERT] mesh='female_extra_body01.mesh' wext=71 worstVtx=372 domBone[18]='bone_R-toe.mesh' w=1.00 vertR=8.0 vertDevFromCentroid=32 bindVert=(4.7,6.0,-0.2)
[IK_SHARD_VERT] mesh='male_extras_body01_medium.mesh' wext=78 worstVtx=228 domBone[27]='bone_R-toe.mesh' w=1.00 vertR=9.9 vertDevFromCentroid=32 bindVert=(6.4,9.1,0.2)
[IK_SHARD_VERT] mesh='female_crowd_body01_lod02.mesh' wext=80 worstVtx=48 domBone[14]='bone_L-toe.mesh' w=1.00 vertR=11.7 vertDevFromCentroid=37 bindVert=(-4.8,6.0,-0.2)
[IK_SHARD_VERT] mesh='female_crowd_body02.mesh' wext=80 worstVtx=24 domBone[4]='bone_R-ankle.mesh' w=0.77 vertR=15.2 vertDevFromCentroid=37 bindVert=(6.1,0.3,-0.2)
[IK_SHARD_VERT] mesh='female_crowd_body03.mesh' wext=78 worstVtx=102 domBone[16]='bone_L-ankle.mesh' w=1.00 vertR=9.8 vertDevFromCentroid=35 bindVert=(-3.2,-4.9,-0.2)
[IK_SHARD_VERT] mesh='female_crowd_body04.mesh' wext=80 worstVtx=48 domBone[6]='bone_R-ankle.mesh' w=1.00 vertR=10.7 vertDevFromCentroid=37 bindVert=(5.5,-3.6,-0.2)
[IK_SHARD_VERT] mesh='male_crowd_body01.mesh' wext=88 worstVtx=32 domBone[21]='bone_L-toe.mesh' w=1.00 vertR=16.2 vertDevFromCentroid=38 bindVert=(-5.8,9.1,0.1)
[IK_SHARD_VERT] mesh='male_crowd_body02.mesh' wext=88 worstVtx=170 domBone[8]='bone_L-ankle.mesh' w=0.50 vertR=22.0 vertDevFromCentroid=38 bindVert=(-3.0,-2.5,0.0)
[IK_SHARD_VERT] mesh='male_crowd_body03.mesh' wext=84 worstVtx=1144 domBone[3]='bone_L-ankle.mesh' w=1.00 vertR=9.5 vertDevFromCentroid=36 bindVert=(-3.6,-2.4,-0.1)
[IK_SHARD_VERT] mesh='male_crowd_body04.mesh' wext=86 worstVtx=28 domBone[1]='bone_L-ankle.mesh' w=1.00 vertR=6.8 vertDevFromCentroid=36 bindVert=(-5.6,3.5,-0.2)
[IK_SHARD_VERT] mesh='female_extra_body02.mesh' wext=72 worstVtx=210 domBone[22]='bone_R-ankle.mesh' w=1.00 vertR=10.2 vertDevFromCentroid=32 bindVert=(4.7,-5.3,-0.2)
[IK_SHARD_VERT] mesh='male_extras_body02_medium.mesh' wext=77 worstVtx=15 domBone[18]='bone_R-toe.mesh' w=0.85 vertR=8.7 vertDevFromCentroid=32 bindVert=(5.8,7.7,0.1)
[IK_SHARD_VERT] mesh='male_extras_body03_medium.mesh' wext=66 worstVtx=40 domBone[17]='bone_R-toe.mesh' w=1.00 vertR=11.4 vertDevFromCentroid=32 bindVert=(5.3,10.7,0.6)
[IK_SHARD_VERT] mesh='male_extras_body11_medium.mesh' wext=70 worstVtx=35 domBone[12]='bone_L-ankle.mesh' w=0.82 vertR=6.8 vertDevFromCentroid=32 bindVert=(-6.8,6.1,-0.0)
[IK_SHARD_VERT] mesh='clap.mesh' wext=687 worstVtx=54 domBone[7]='bone_R-index01.mesh' w=0.41 vertR=78.4 vertDevFromCentroid=2588 bindVert=(24.3,-1.3,41.1)
[IK_SHARD_VERT] mesh='clap.mesh' wext=663 worstVtx=54 domBone[7]='bone_R-index01.mesh' w=0.41 vertR=78.4 vertDevFromCentroid=3000 bindVert=(24.3,-1.3,41.1)
[IK_SHARD_VERT] mesh='male_crowd_body01.mesh' wext=88 worstVtx=32 domBone[21]='bone_L-toe.mesh' w=1.00 vertR=16.2 vertDevFromCentroid=38 bindVert=(-5.8,9.1,0.1)
[IK_SHARD_VERT] mesh='male_crowd_body02.mesh' wext=88 worstVtx=170 domBone[8]='bone_L-ankle.mesh' w=0.50 vertR=22.0 vertDevFromCentroid=38 bindVert=(-3.0,-2.5,0.0)
[IK_SHARD_VERT] mesh='female_crowd_body01_lod02.mesh' wext=80 worstVtx=48 domBone[14]='bone_L-toe.mesh' w=1.00 vertR=11.7 vertDevFromCentroid=37 bindVert=(-4.8,6.0,-0.2)
[IK_SHARD_VERT] mesh='female_crowd_body02.mesh' wext=80 worstVtx=24 domBone[4]='bone_R-ankle.mesh' w=0.77 vertR=15.2 vertDevFromCentroid=37 bindVert=(6.1,0.3,-0.2)
[IK_SHARD_VERT] mesh='clap.mesh' wext=659 worstVtx=37 domBone[6]='bone_R-forearm.mesh' w=0.80 vertR=93.1 vertDevFromCentroid=2971 bindVert=(21.0,-1.1,45.3)
[IK_SHARD_VERT] mesh='hands_naked.mesh' wext=106 worstVtx=1022 domBone[19]='bone_R-thumb03.mesh' w=1.00 vertR=78.5 vertDevFromCentroid=47 bindVert=(22.3,11.9,20.8)
[IK_SHARD_VERT] mesh='clap.mesh' wext=718 worstVtx=37 domBone[6]='bone_R-forearm.mesh' w=0.80 vertR=93.1 vertDevFromCentroid=2851 bindVert=(21.0,-1.1,45.3)
[IK_SHARD_VERT] mesh='male_crowd_body01.mesh' wext=88 worstVtx=32 domBone[21]='bone_L-toe.mesh' w=1.00 vertR=16.2 vertDevFromCentroid=38 bindVert=(-5.8,9.1,0.1)
[IK_SHARD_VERT] mesh='female_crowd_body01_lod02.mesh' wext=80 worstVtx=48 domBone[14]='bone_L-toe.mesh' w=1.00 vertR=11.7 vertDevFromCentroid=37 bindVert=(-4.8,6.0,-0.2)
[IK_SHARD_VERT] mesh='clap.mesh' wext=646 worstVtx=54 domBone[7]='bone_R-index01.mesh' w=0.41 vertR=78.4 vertDevFromCentroid=2832 bindVert=(24.3,-1.3,41.1)
[IK_SHARD_VERT] mesh='male_crowd_body02.mesh' wext=88 worstVtx=170 domBone[8]='bone_L-ankle.mesh' w=0.50 vertR=22.0 vertDevFromCentroid=38 bindVert=(-3.0,-2.5,0.0)
[IK_SHARD_VERT] mesh='female_crowd_body02.mesh' wext=80 worstVtx=24 domBone[4]='bone_R-ankle.mesh' w=0.77 vertR=15.2 vertDevFromCentroid=37 bindVert=(6.1,0.3,-0.2)
[IK_SHARD_VERT] mesh='clap.mesh' wext=705 worstVtx=54 domBone[7]='bone_R-index01.mesh' w=0.41 vertR=78.4 vertDevFromCentroid=2707 bindVert=(24.3,-1.3,41.1)
[IK_SHARD_VERT] mesh='male_crowd_body01.mesh' wext=88 worstVtx=32 domBone[21]='bone_L-toe.mesh' w=1.00 vertR=16.2 vertDevFromCentroid=38 bindVert=(-5.8,9.1,0.1)
[IK_SHARD_VERT] mesh='male_crowd_body02.mesh' wext=88 worstVtx=170 domBone[8]='bone_L-ankle.mesh' w=0.50 vertR=22.0 vertDevFromCentroid=38 bindVert=(-3.0,-2.5,0.0)
[IK_SHARD_VERT] mesh='female_crowd_body01_lod02.mesh' wext=80 worstVtx=48 domBone[14]='bone_L-toe.mesh' w=1.00 vertR=11.7 vertDevFromCentroid=37 bindVert=(-4.8,6.0,-0.2)
[IK_SHARD_VERT] mesh='female_crowd_body02.mesh' wext=80 worstVtx=24 domBone[4]='bone_R-ankle.mesh' w=0.77 vertR=15.2 vertDevFromCentroid=37 bindVert=(6.1,0.3,-0.2)
[IK_SHARD_VERT] mesh='clap.mesh' wext=64 worstVtx=143 domBone[6]='bone_L-index02.mesh' w=0.36 vertR=49.8 vertDevFromCentroid=32 bindVert=(-24.0,1.2,40.7)
[IK_SHARD_VERT] mesh='clap.mesh' wext=672 worstVtx=37 domBone[6]='bone_R-forearm.mesh' w=0.80 vertR=93.1 vertDevFromCentroid=3046 bindVert=(21.0,-1.1,45.3)
[IK_SHARD_VERT] mesh='male_crowd_body01.mesh' wext=88 worstVtx=32 domBone[21]='bone_L-toe.mesh' w=1.00 vertR=16.2 vertDevFromCentroid=38 bindVert=(-5.8,9.1,0.1)
[IK_SHARD_VERT] mesh='female_crowd_body01_lod02.mesh' wext=80 worstVtx=48 domBone[14]='bone_L-toe.mesh' w=1.00 vertR=11.7 vertDevFromCentroid=37 bindVert=(-4.8,6.0,-0.2)
[IK_SHARD_VERT] mesh='clap.mesh' wext=737 worstVtx=37 domBone[6]='bone_R-forearm.mesh' w=0.80 vertR=93.1 vertDevFromCentroid=2986 bindVert=(21.0,-1.1,45.3)
[IK_SHARD_VERT] mesh='male_crowd_body02.mesh' wext=88 worstVtx=170 domBone[8]='bone_L-ankle.mesh' w=0.50 vertR=22.0 vertDevFromCentroid=38 bindVert=(-3.0,-2.5,0.0)
[IK_SHARD_VERT] mesh='female_crowd_body02.mesh' wext=80 worstVtx=24 domBone[4]='bone_R-ankle.mesh' w=0.77 vertR=15.2 vertDevFromCentroid=37 bindVert=(6.1,0.3,-0.2)
[IK_SHARD_VERT] mesh='male_crowd_body01.mesh' wext=88 worstVtx=32 domBone[21]='bone_L-toe.mesh' w=1.00 vertR=16.2 vertDevFromCentroid=38 bindVert=(-5.8,9.1,0.1)
[IK_SHARD_VERT] mesh='clap.mesh' wext=625 worstVtx=54 domBone[7]='bone_R-index01.mesh' w=0.41 vertR=78.4 vertDevFromCentroid=2599 bindVert=(24.3,-1.3,41.1)
[IK_SHARD_VERT] mesh='female_crowd_body01_lod02.mesh' wext=80 worstVtx=48 domBone[14]='bone_L-toe.mesh' w=1.00 vertR=11.7 vertDevFromCentroid=37 bindVert=(-4.8,6.0,-0.2)
[IK_SHARD_VERT] mesh='clap.mesh' wext=738 worstVtx=112 domBone[6]='bone_R-index02.mesh' w=0.58 vertR=76.3 vertDevFromCentroid=2990 bindVert=(23.9,-1.8,40.0)
[IK_SHARD_VERT] mesh='male_crowd_body02.mesh' wext=88 worstVtx=765 domBone[13]='bone_head.mesh' w=1.00 vertR=108.3 vertDevFromCentroid=38 bindVert=(0.8,0.4,75.0)
[IK_SHARD_VERT] mesh='female_crowd_body02.mesh' wext=80 worstVtx=24 domBone[4]='bone_R-ankle.mesh' w=0.77 vertR=15.2 vertDevFromCentroid=37 bindVert=(6.1,0.3,-0.2)
[IK_SHARD_VERT] mesh='clap.mesh' wext=726 worstVtx=6 domBone[7]='bone_R-hand.mesh' w=1.00 vertR=87.0 vertDevFromCentroid=2479 bindVert=(23.6,-1.4,41.9)
[IK_SHARD_VERT] mesh='male_crowd_body01.mesh' wext=88 worstVtx=32 domBone[21]='bone_L-toe.mesh' w=1.00 vertR=16.2 vertDevFromCentroid=38 bindVert=(-5.8,9.1,0.1)
[IK_SHARD_VERT] mesh='female_crowd_body01_lod02.mesh' wext=80 worstVtx=48 domBone[14]='bone_L-toe.mesh' w=1.00 vertR=11.7 vertDevFromCentroid=37 bindVert=(-4.8,6.0,-0.2)
[IK_SHARD_VERT] mesh='clap.mesh' wext=623 worstVtx=37 domBone[6]='bone_R-forearm.mesh' w=0.80 vertR=93.1 vertDevFromCentroid=2577 bindVert=(21.0,-1.1,45.3)
[IK_SHARD_VERT] mesh='male_crowd_body02.mesh' wext=88 worstVtx=765 domBone[13]='bone_head.mesh' w=1.00 vertR=108.3 vertDevFromCentroid=38 bindVert=(0.8,0.4,75.0)
[IK_SHARD_VERT] mesh='female_crowd_body02.mesh' wext=80 worstVtx=24 domBone[4]='bone_R-ankle.mesh' w=0.77 vertR=15.2 vertDevFromCentroid=37 bindVert=(6.1,0.3,-0.2)
[IK_SHARD_VERT] mesh='male_crowd_body01.mesh' wext=88 worstVtx=32 domBone[21]='bone_L-toe.mesh' w=1.00 vertR=16.2 vertDevFromCentroid=38 bindVert=(-5.8,9.1,0.1)
[IK_SHARD_VERT] mesh='clap.mesh' wext=687 worstVtx=37 domBone[6]='bone_R-forearm.mesh' w=0.80 vertR=93.1 vertDevFromCentroid=2617 bindVert=(21.0,-1.1,45.3)
[IK_SHARD_VERT] mesh='female_crowd_body01_lod02.mesh' wext=80 worstVtx=48 domBone[14]='bone_L-toe.mesh' w=1.00 vertR=11.7 vertDevFromCentroid=37 bindVert=(-4.8,6.0,-0.2)
[IK_SHARD_VERT] mesh='clap.mesh' wext=634 worstVtx=54 domBone[7]='bone_R-index01.mesh' w=0.41 vertR=78.4 vertDevFromCentroid=2670 bindVert=(24.3,-1.3,41.1)
[IK_SHARD_VERT] mesh='male_crowd_body02.mesh' wext=88 worstVtx=765 domBone[13]='bone_head.mesh' w=1.00 vertR=108.3 vertDevFromCentroid=38 bindVert=(0.8,0.4,75.0)
[IK_SHARD_VERT] mesh='female_crowd_body02.mesh' wext=81 worstVtx=24 domBone[4]='bone_R-ankle.mesh' w=0.77 vertR=15.2 vertDevFromCentroid=37 bindVert=(6.1,0.3,-0.2)
[IK_SHARD_VERT] mesh='male_crowd_body01.mesh' wext=88 worstVtx=32 domBone[21]='bone_L-toe.mesh' w=1.00 vertR=16.2 vertDevFromCentroid=38 bindVert=(-5.8,9.1,0.1)
[IK_SHARD_VERT] mesh='clap.mesh' wext=730 worstVtx=112 domBone[6]='bone_R-index02.mesh' w=0.58 vertR=76.3 vertDevFromCentroid=2883 bindVert=(23.9,-1.8,40.0)
[IK_SHARD_VERT] mesh='female_crowd_body01_lod02.mesh' wext=80 worstVtx=48 domBone[14]='bone_L-toe.mesh' w=1.00 vertR=11.7 vertDevFromCentroid=37 bindVert=(-4.8,6.0,-0.2)
[IK_SHARD_VERT] mesh='clap.mesh' wext=838 worstVtx=220 domBone[3]='bone_R-forearm.mesh' w=1.00 vertR=86.8 vertDevFromCentroid=2823 bindVert=(21.0,-1.3,45.3)
[IK_SHARD_VERT] mesh='male_crowd_body02.mesh' wext=88 worstVtx=765 domBone[13]='bone_head.mesh' w=1.00 vertR=108.3 vertDevFromCentroid=38 bindVert=(0.8,0.4,75.0)
[IK_SHARD_VERT] mesh='female_crowd_body02.mesh' wext=81 worstVtx=24 domBone[4]='bone_R-ankle.mesh' w=0.77 vertR=15.2 vertDevFromCentroid=37 bindVert=(6.1,0.3,-0.2)
[IK_SHARD_VERT] mesh='male_crowd_body01.mesh' wext=88 worstVtx=32 domBone[21]='bone_L-toe.mesh' w=1.00 vertR=16.2 vertDevFromCentroid=38 bindVert=(-5.8,9.1,0.1)
[IK_SHARD_VERT] mesh='clap.mesh' wext=647 worstVtx=37 domBone[6]='bone_R-forearm.mesh' w=0.80 vertR=93.1 vertDevFromCentroid=2878 bindVert=(21.0,-1.1,45.3)
[IK_SHARD_VERT] mesh='female_crowd_body01_lod02.mesh' wext=80 worstVtx=48 domBone[14]='bone_L-toe.mesh' w=1.00 vertR=11.7 vertDevFromCentroid=37 bindVert=(-4.8,6.0,-0.2)
[IK_SHARD_VERT] mesh='clap.mesh' wext=674 worstVtx=37 domBone[6]='bone_R-forearm.mesh' w=0.80 vertR=93.1 vertDevFromCentroid=2572 bindVert=(21.0,-1.1,45.3)
[IK_SHARD_VERT] mesh='male_crowd_body02.mesh' wext=88 worstVtx=765 domBone[13]='bone_head.mesh' w=1.00 vertR=108.3 vertDevFromCentroid=38 bindVert=(0.8,0.4,75.0)
[IK_SHARD_VERT] mesh='female_crowd_body02.mesh' wext=81 worstVtx=24 domBone[4]='bone_R-ankle.mesh' w=0.77 vertR=15.2 vertDevFromCentroid=37 bindVert=(6.1,0.3,-0.2)
[IK_SHARD_VERT] mesh='male_crowd_body01.mesh' wext=88 worstVtx=32 domBone[21]='bone_L-toe.mesh' w=1.00 vertR=16.2 vertDevFromCentroid=38 bindVert=(-5.8,9.1,0.1)
[IK_SHARD_VERT] mesh='clap.mesh' wext=672 worstVtx=54 domBone[7]='bone_R-index01.mesh' w=0.41 vertR=78.4 vertDevFromCentroid=3045 bindVert=(24.3,-1.3,41.1)
[IK_SHARD_VERT] mesh='female_crowd_body01_lod02.mesh' wext=80 worstVtx=48 domBone[14]='bone_L-toe.mesh' w=1.00 vertR=11.7 vertDevFromCentroid=37 bindVert=(-4.8,6.0,-0.2)
[IK_SHARD_VERT] mesh='female_crowd_body03.mesh' wext=83 worstVtx=48 domBone[21]='bone_R-ankle.mesh' w=1.00 vertR=24.5 vertDevFromCentroid=38 bindVert=(3.3,-4.9,-0.2)
[IK_SHARD_VERT] mesh='male_crowd_body03.mesh' wext=87 worstVtx=64 domBone[5]='bone_R-ankle.mesh' w=1.00 vertR=21.3 vertDevFromCentroid=37 bindVert=(1.2,0.1,-0.1)
[IK_SHARD_VERT] mesh='male_crowd_body04.mesh' wext=90 worstVtx=252 domBone[18]='bone_R-ankle.mesh' w=1.00 vertR=22.0 vertDevFromCentroid=38 bindVert=(3.1,-1.3,-0.2)
[IK_SHARD_VERT] mesh='clap.mesh' wext=688 worstVtx=54 domBone[7]='bone_R-index01.mesh' w=0.41 vertR=78.4 vertDevFromCentroid=2659 bindVert=(24.3,-1.3,41.1)
[IK_SHARD_VERT] mesh='male_crowd_body01.mesh' wext=88 worstVtx=32 domBone[21]='bone_L-toe.mesh' w=1.00 vertR=16.2 vertDevFromCentroid=38 bindVert=(-5.8,9.1,0.1)
[IK_SHARD_VERT] mesh='male_crowd_body02.mesh' wext=88 worstVtx=765 domBone[13]='bone_head.mesh' w=1.00 vertR=108.3 vertDevFromCentroid=38 bindVert=(0.8,0.4,75.0)
[IK_SHARD_VERT] mesh='female_crowd_body01_lod02.mesh' wext=80 worstVtx=48 domBone[14]='bone_L-toe.mesh' w=1.00 vertR=11.7 vertDevFromCentroid=37 bindVert=(-4.8,6.0,-0.2)
[IK_SHARD_VERT] mesh='female_crowd_body02.mesh' wext=81 worstVtx=24 domBone[4]='bone_R-ankle.mesh' w=0.77 vertR=15.2 vertDevFromCentroid=37 bindVert=(6.1,0.3,-0.2)
[IK_SHARD_VERT] mesh='clap.mesh' wext=711 worstVtx=37 domBone[6]='bone_R-forearm.mesh' w=0.80 vertR=93.1 vertDevFromCentroid=2771 bindVert=(21.0,-1.1,45.3)
[IK_SHARD_VERT] mesh='clap.mesh' wext=637 worstVtx=37 domBone[6]='bone_R-forearm.mesh' w=0.80 vertR=93.1 vertDevFromCentroid=2795 bindVert=(21.0,-1.1,45.3)
[IK_SHARD_VERT] mesh='female_crowd_body02.mesh' wext=81 worstVtx=24 domBone[4]='bone_R-ankle.mesh' w=0.77 vertR=15.2 vertDevFromCentroid=37 bindVert=(6.1,0.3,-0.2)
[IK_SHARD_VERT] mesh='male_crowd_body02.mesh' wext=88 worstVtx=765 domBone[13]='bone_head.mesh' w=1.00 vertR=108.3 vertDevFromCentroid=38 bindVert=(0.8,0.4,75.0)
[IK_SHARD_VERT] mesh='male_crowd_body01.mesh' wext=88 worstVtx=32 domBone[21]='bone_L-toe.mesh' w=1.00 vertR=16.2 vertDevFromCentroid=38 bindVert=(-5.8,9.1,0.1)
[IK_SHARD_VERT] mesh='clap.mesh' wext=710 worstVtx=37 domBone[6]='bone_R-forearm.mesh' w=0.80 vertR=93.1 vertDevFromCentroid=2831 bindVert=(21.0,-1.1,45.3)
[IK_SHARD_VERT] mesh='female_crowd_body01_lod02.mesh' wext=80 worstVtx=48 domBone[14]='bone_L-toe.mesh' w=1.00 vertR=11.7 vertDevFromCentroid=37 bindVert=(-4.8,6.0,-0.2)
[IK_SHARD_VERT] mesh='clap.mesh' wext=629 worstVtx=54 domBone[7]='bone_R-index01.mesh' w=0.41 vertR=78.4 vertDevFromCentroid=2677 bindVert=(24.3,-1.3,41.1)
[IK_SHARD_VERT] mesh='male_crowd_body01.mesh' wext=88 worstVtx=32 domBone[21]='bone_L-toe.mesh' w=1.00 vertR=16.2 vertDevFromCentroid=38 bindVert=(-5.8,9.1,0.1)
[IK_SHARD_VERT] mesh='male_crowd_body02.mesh' wext=88 worstVtx=765 domBone[13]='bone_head.mesh' w=1.00 vertR=108.3 vertDevFromCentroid=38 bindVert=(0.8,0.4,75.0)
[IK_SHARD_VERT] mesh='clap.mesh' wext=730 worstVtx=112 domBone[6]='bone_R-index02.mesh' w=0.58 vertR=76.3 vertDevFromCentroid=2883 bindVert=(23.9,-1.8,40.0)
[IK_SHARD_VERT] mesh='female_crowd_body01_lod02.mesh' wext=80 worstVtx=48 domBone[14]='bone_L-toe.mesh' w=1.00 vertR=11.7 vertDevFromCentroid=37 bindVert=(-4.8,6.0,-0.2)
[IK_SHARD_VERT] mesh='female_crowd_body02.mesh' wext=81 worstVtx=24 domBone[4]='bone_R-ankle.mesh' w=0.77 vertR=15.2 vertDevFromCentroid=37 bindVert=(6.1,0.3,-0.2)
[IK_SHARD_VERT] mesh='clap.mesh' wext=60 worstVtx=329 domBone[9]='bone_L-index02.mesh' w=1.00 vertR=49.5 vertDevFromCentroid=29 bindVert=(-25.1,1.8,38.2)
[IK_SHARD_VERT] mesh='male_crowd_body01.mesh' wext=88 worstVtx=32 domBone[21]='bone_L-toe.mesh' w=1.00 vertR=16.2 vertDevFromCentroid=38 bindVert=(-5.8,9.1,0.1)
[IK_SHARD_VERT] mesh='female_crowd_body01_lod02.mesh' wext=80 worstVtx=164 domBone[15]='bone_R-toe.mesh' w=1.00 vertR=23.7 vertDevFromCentroid=37 bindVert=(3.6,6.2,-0.2)
[IK_SHARD_VERT] mesh='clap.mesh' wext=616 worstVtx=37 domBone[6]='bone_R-forearm.mesh' w=0.80 vertR=93.1 vertDevFromCentroid=2590 bindVert=(21.0,-1.1,45.3)
[IK_SHARD_VERT] mesh='male_crowd_body02.mesh' wext=88 worstVtx=765 domBone[13]='bone_head.mesh' w=1.00 vertR=108.3 vertDevFromCentroid=38 bindVert=(0.8,0.4,75.0)
[IK_SHARD_VERT] mesh='female_crowd_body02.mesh' wext=81 worstVtx=24 domBone[4]='bone_R-ankle.mesh' w=0.77 vertR=15.2 vertDevFromCentroid=37 bindVert=(6.1,0.3,-0.2)
[IK_SHARD_VERT] mesh='clap.mesh' wext=738 worstVtx=37 domBone[6]='bone_R-forearm.mesh' w=0.80 vertR=93.1 vertDevFromCentroid=2985 bindVert=(21.0,-1.1,45.3)
[IK_SHARD_VERT] mesh='male_crowd_body01.mesh' wext=88 worstVtx=32 domBone[21]='bone_L-toe.mesh' w=1.00 vertR=16.2 vertDevFromCentroid=38 bindVert=(-5.8,9.1,0.1)
[IK_SHARD_VERT] mesh='clap.mesh' wext=625 worstVtx=54 domBone[7]='bone_R-index01.mesh' w=0.41 vertR=78.4 vertDevFromCentroid=2599 bindVert=(24.3,-1.3,41.1)
[IK_SHARD_VERT] mesh='male_crowd_body02.mesh' wext=88 worstVtx=765 domBone[13]='bone_head.mesh' w=1.00 vertR=108.3 vertDevFromCentroid=38 bindVert=(0.8,0.4,75.0)
[IK_SHARD_VERT] mesh='female_crowd_body01_lod02.mesh' wext=80 worstVtx=164 domBone[15]='bone_R-toe.mesh' w=1.00 vertR=23.7 vertDevFromCentroid=37 bindVert=(3.6,6.2,-0.2)
[IK_SHARD_VERT] mesh='female_crowd_body02.mesh' wext=81 worstVtx=24 domBone[4]='bone_R-ankle.mesh' w=0.77 vertR=15.2 vertDevFromCentroid=37 bindVert=(6.1,0.3,-0.2)
[IK_SHARD_VERT] mesh='clap.mesh' wext=713 worstVtx=112 domBone[6]='bone_R-index02.mesh' w=0.58 vertR=76.3 vertDevFromCentroid=2811 bindVert=(23.9,-1.8,40.0)
[IK_SHARD_VERT] mesh='male_crowd_body01.mesh' wext=88 worstVtx=32 domBone[21]='bone_L-toe.mesh' w=1.00 vertR=16.2 vertDevFromCentroid=38 bindVert=(-5.8,9.1,0.1)
[IK_SHARD_VERT] mesh='clap.mesh' wext=652 worstVtx=54 domBone[7]='bone_R-index01.mesh' w=0.41 vertR=78.4 vertDevFromCentroid=2818 bindVert=(24.3,-1.3,41.1)
[IK_SHARD_VERT] mesh='female_crowd_body01_lod02.mesh' wext=80 worstVtx=164 domBone[15]='bone_R-toe.mesh' w=1.00 vertR=23.7 vertDevFromCentroid=37 bindVert=(3.6,6.2,-0.2)
[IK_SHARD_VERT] mesh='male_crowd_body02.mesh' wext=88 worstVtx=765 domBone[13]='bone_head.mesh' w=1.00 vertR=108.3 vertDevFromCentroid=38 bindVert=(0.8,0.4,75.0)
[IK_SHARD_VERT] mesh='female_crowd_body02.mesh' wext=81 worstVtx=24 domBone[4]='bone_R-ankle.mesh' w=0.77 vertR=15.2 vertDevFromCentroid=37 bindVert=(6.1,0.3,-0.2)
[IK_SHARD_VERT] mesh='clap.mesh' wext=659 worstVtx=37 domBone[6]='bone_R-forearm.mesh' w=0.80 vertR=93.1 vertDevFromCentroid=2970 bindVert=(21.0,-1.1,45.3)
[IK_SHARD_VERT] mesh='female_extra_body01.mesh' wext=71 worstVtx=372 domBone[18]='bone_R-toe.mesh' w=1.00 vertR=8.0 vertDevFromCentroid=32 bindVert=(4.7,6.0,-0.2)
[IK_SHARD_VERT] mesh='male_extras_body01_medium.mesh' wext=78 worstVtx=228 domBone[27]='bone_R-toe.mesh' w=1.00 vertR=9.9 vertDevFromCentroid=32 bindVert=(6.4,9.1,0.2)
[IK_SHARD_VERT] mesh='female_crowd_body01_lod02.mesh' wext=80 worstVtx=164 domBone[15]='bone_R-toe.mesh' w=1.00 vertR=23.7 vertDevFromCentroid=37 bindVert=(3.6,6.2,-0.2)
[IK_SHARD_VERT] mesh='female_crowd_body04.mesh' wext=80 worstVtx=48 domBone[6]='bone_R-ankle.mesh' w=1.00 vertR=10.7 vertDevFromCentroid=37 bindVert=(5.5,-3.6,-0.2)
[IK_SHARD_VERT] mesh='male_crowd_body01.mesh' wext=88 worstVtx=32 domBone[21]='bone_L-toe.mesh' w=1.00 vertR=16.2 vertDevFromCentroid=38 bindVert=(-5.8,9.1,0.1)
[IK_SHARD_VERT] mesh='clap.mesh' wext=749 worstVtx=37 domBone[6]='bone_R-forearm.mesh' w=0.80 vertR=93.1 vertDevFromCentroid=3063 bindVert=(21.0,-1.1,45.3)
[IK_SHARD_VERT] mesh='male_crowd_body02.mesh' wext=88 worstVtx=765 domBone[13]='bone_head.mesh' w=1.00 vertR=108.3 vertDevFromCentroid=38 bindVert=(0.8,0.4,75.0)
[IK_SHARD_VERT] mesh='female_crowd_body02.mesh' wext=81 worstVtx=24 domBone[4]='bone_R-ankle.mesh' w=0.77 vertR=15.2 vertDevFromCentroid=37 bindVert=(6.1,0.3,-0.2)
[IK_SHARD_VERT] mesh='clap.mesh' wext=628 worstVtx=37 domBone[6]='bone_R-forearm.mesh' w=0.80 vertR=93.1 vertDevFromCentroid=2662 bindVert=(21.0,-1.1,45.3)
[IK_SHARD_VERT] mesh='male_crowd_body01.mesh' wext=88 worstVtx=32 domBone[21]='bone_L-toe.mesh' w=1.00 vertR=16.2 vertDevFromCentroid=38 bindVert=(-5.8,9.1,0.1)
[IK_SHARD_VERT] mesh='clap.mesh' wext=754 worstVtx=112 domBone[6]='bone_R-index02.mesh' w=0.58 vertR=76.3 vertDevFromCentroid=3060 bindVert=(23.9,-1.8,40.0)
[IK_SHARD_VERT] mesh='female_crowd_body01_lod02.mesh' wext=80 worstVtx=164 domBone[15]='bone_R-toe.mesh' w=1.00 vertR=23.7 vertDevFromCentroid=37 bindVert=(3.6,6.2,-0.2)
[IK_SHARD_VERT] mesh='male_crowd_body02.mesh' wext=88 worstVtx=765 domBone[13]='bone_head.mesh' w=1.00 vertR=108.3 vertDevFromCentroid=38 bindVert=(0.8,0.4,75.0)
[IK_SHARD_VERT] mesh='clap.mesh' wext=641 worstVtx=54 domBone[7]='bone_R-index01.mesh' w=0.41 vertR=78.4 vertDevFromCentroid=2746 bindVert=(24.3,-1.3,41.1)
[IK_SHARD_VERT] mesh='female_crowd_body02.mesh' wext=81 worstVtx=24 domBone[4]='bone_R-ankle.mesh' w=0.77 vertR=15.2 vertDevFromCentroid=37 bindVert=(6.1,0.3,-0.2)
[IK_SHARD_VERT] mesh='hands_naked.mesh' wext=106 worstVtx=1022 domBone[19]='bone_R-thumb03.mesh' w=1.00 vertR=78.5 vertDevFromCentroid=47 bindVert=(22.3,11.9,20.8)
[HANDS_ATTACH] mesh='hands_naked.mesh' owner='hands_naked.mesh' frame=43 nb=38 wext=105.8 rebound=1
  TIER1 rest-coherence: worst=87.3deg bone[33]='bone_L-middlefinger03.mesh' count(>5deg)=34 freshRecap=0  xcheck(invOff-vs-restW) worst=87.3deg bone[33]
  TIER2 joint-attach(PRIMARY): worst=57.23u bone[17]='bone_R-ringfinger02.mesh' parent[15] R=47.3 exactJoint=0.00u pairs=30  (palette-wide exactWorst=0.33u)
[HANDS_ATTACH] mesh='hands_naked.mesh' owner='hands_naked.mesh' frame=43 nb=40 wext=63.2 rebound=1
  TIER1 rest-coherence: worst=42.6deg bone[30]='bone_L-middlefinger03.mesh' count(>5deg)=36 freshRecap=0  xcheck(invOff-vs-restW) worst=42.6deg bone[30]
  TIER2 joint-attach(PRIMARY): worst=23.31u bone[5]='bone_R-ringfinger02.mesh' parent[24] R=37.9 exactJoint=0.00u pairs=36  (palette-wide exactWorst=0.04u)
[HANDS_ATTACH] mesh='hands_naked.mesh' owner='hands_naked.mesh' frame=43 nb=38 wext=104.9 rebound=1
  TIER1 rest-coherence: worst=87.3deg bone[33]='bone_L-middlefinger03.mesh' count(>5deg)=34 freshRecap=0  xcheck(invOff-vs-restW) worst=87.3deg bone[33]
  TIER2 joint-attach(PRIMARY): worst=57.23u bone[17]='bone_R-ringfinger02.mesh' parent[15] R=47.3 exactJoint=0.00u pairs=30  (palette-wide exactWorst=0.00u)
[HANDS_ATTACH] mesh='gloves_resource.1.mesh' owner='gloves_resource.1.mesh' frame=43 nb=4 wext=6.0 rebound=1
  TIER1 rest-coherence: worst=60.2deg bone[0]='bone_L-index03.mesh' count(>5deg)=4 freshRecap=0  xcheck(invOff-vs-restW) worst=60.2deg bone[0]
  TIER2 joint-attach(PRIMARY): worst=18.08u bone[3]='bone_L-index02.mesh' parent[2] R=47.0 exactJoint=0.36u pairs=3  (palette-wide exactWorst=0.37u)
[HANDS_ATTACH] mesh='gloves_resource.mesh' owner='gloves_resource.mesh' frame=43 nb=40 wext=32.9 rebound=1
  TIER1 rest-coherence: worst=68.8deg bone[32]='bone_L-middlefinger03.mesh' count(>5deg)=40 freshRecap=0  xcheck(invOff-vs-restW) worst=68.8deg bone[32]
  TIER2 joint-attach(PRIMARY): worst=41.23u bone[16]='bone_R-ringfinger02.mesh' parent[19] R=47.3 exactJoint=0.44u pairs=36  (palette-wide exactWorst=6.88u)
[HANDS_ATTACH] mesh='gloves_skin.2.mesh' owner='gloves_skin.2.mesh' frame=43 nb=9 wext=15.0 rebound=1
  TIER1 rest-coherence: worst=38.9deg bone[5]='bone_L-hand.mesh' count(>5deg)=9 freshRecap=0  xcheck(invOff-vs-restW) worst=38.9deg bone[5]
  TIER2 joint-attach(PRIMARY): worst=15.79u bone[3]='bone_R-pinky-base.mesh' parent[2] R=45.0 exactJoint=6.73u pairs=5  (palette-wide exactWorst=6.88u)
[IK_SHARD_VERT] mesh='male_crowd_body01.mesh' wext=87 worstVtx=32 domBone[21]='bone_L-toe.mesh' w=1.00 vertR=16.2 vertDevFromCentroid=38 bindVert=(-5.8,9.1,0.1)
[IK_SHARD_VERT] mesh='clap.mesh' wext=695 worstVtx=54 domBone[7]='bone_R-index01.mesh' w=0.41 vertR=78.4 vertDevFromCentroid=2654 bindVert=(24.3,-1.3,41.1)
[IK_SHARD_VERT] mesh='female_crowd_body01_lod02.mesh' wext=80 worstVtx=164 domBone[15]='bone_R-toe.mesh' w=1.00 vertR=23.7 vertDevFromCentroid=37 bindVert=(3.6,6.2,-0.2)
[IK_SHARD_VERT] mesh='male_crowd_body02.mesh' wext=88 worstVtx=765 domBone[13]='bone_head.mesh' w=1.00 vertR=108.3 vertDevFromCentroid=38 bindVert=(0.8,0.4,75.0)
[IK_SHARD_VERT] mesh='female_crowd_body02.mesh' wext=81 worstVtx=24 domBone[4]='bone_R-ankle.mesh' w=0.77 vertR=15.2 vertDevFromCentroid=37 bindVert=(6.1,0.3,-0.2)
[IK_SHARD_VERT] mesh='clap.mesh' wext=711 worstVtx=37 domBone[6]='bone_R-forearm.mesh' w=0.80 vertR=93.1 vertDevFromCentroid=2770 bindVert=(21.0,-1.1,45.3)
[IK_SHARD_VERT] mesh='male_crowd_body01.mesh' wext=87 worstVtx=32 domBone[21]='bone_L-toe.mesh' w=1.00 vertR=16.2 vertDevFromCentroid=38 bindVert=(-5.8,9.1,0.1)
[IK_SHARD_VERT] mesh='clap.mesh' wext=638 worstVtx=37 domBone[6]='bone_R-forearm.mesh' w=0.80 vertR=93.1 vertDevFromCentroid=2794 bindVert=(21.0,-1.1,45.3)
[IK_SHARD_VERT] mesh='female_crowd_body01_lod02.mesh' wext=80 worstVtx=164 domBone[15]='bone_R-toe.mesh' w=1.00 vertR=23.7 vertDevFromCentroid=37 bindVert=(3.6,6.2,-0.2)
[IK_SHARD_VERT] mesh='female_crowd_body03.mesh' wext=88 worstVtx=48 domBone[21]='bone_R-ankle.mesh' w=1.00 vertR=24.5 vertDevFromCentroid=39 bindVert=(3.3,-4.9,-0.2)
[IK_SHARD_VERT] mesh='male_crowd_body03.mesh' wext=92 worstVtx=64 domBone[5]='bone_R-ankle.mesh' w=1.00 vertR=21.3 vertDevFromCentroid=38 bindVert=(1.2,0.1,-0.1)
[IK_SHARD_VERT] mesh='male_crowd_body04.mesh' wext=93 worstVtx=252 domBone[18]='bone_R-ankle.mesh' w=1.00 vertR=22.0 vertDevFromCentroid=39 bindVert=(3.1,-1.3,-0.2)
[IK_SHARD_VERT] mesh='clap.mesh' wext=710 worstVtx=37 domBone[6]='bone_R-forearm.mesh' w=0.80 vertR=93.1 vertDevFromCentroid=2829 bindVert=(21.0,-1.1,45.3)
[IK_SHARD_VERT] mesh='male_crowd_body02.mesh' wext=88 worstVtx=765 domBone[13]='bone_head.mesh' w=1.00 vertR=108.3 vertDevFromCentroid=38 bindVert=(0.8,0.4,75.0)
[IK_SHARD_VERT] mesh='female_crowd_body02.mesh' wext=81 worstVtx=24 domBone[4]='bone_R-ankle.mesh' w=0.77 vertR=15.2 vertDevFromCentroid=37 bindVert=(6.1,0.3,-0.2)
[IK_SHARD_VERT] mesh='male_crowd_body01.mesh' wext=87 worstVtx=32 domBone[21]='bone_L-toe.mesh' w=1.00 vertR=16.2 vertDevFromCentroid=38 bindVert=(-5.8,9.1,0.1)
[IK_SHARD_VERT] mesh='clap.mesh' wext=629 worstVtx=54 domBone[7]='bone_R-index01.mesh' w=0.41 vertR=78.4 vertDevFromCentroid=2677 bindVert=(24.3,-1.3,41.1)
[IK_SHARD_VERT] mesh='female_crowd_body01_lod02.mesh' wext=80 worstVtx=164 domBone[15]='bone_R-toe.mesh' w=1.00 vertR=23.7 vertDevFromCentroid=37 bindVert=(3.6,6.2,-0.2)
[IK_SHARD_VERT] mesh='clap.mesh' wext=730 worstVtx=54 domBone[7]='bone_R-index01.mesh' w=0.41 vertR=78.4 vertDevFromCentroid=2884 bindVert=(24.3,-1.3,41.1)
[IK_SHARD_VERT] mesh='male_crowd_body01.mesh' wext=87 worstVtx=32 domBone[21]='bone_L-toe.mesh' w=1.00 vertR=16.2 vertDevFromCentroid=38 bindVert=(-5.8,9.1,0.1)
[IK_SHARD_VERT] mesh='male_crowd_body02.mesh' wext=88 worstVtx=765 domBone[13]='bone_head.mesh' w=1.00 vertR=108.3 vertDevFromCentroid=38 bindVert=(0.8,0.4,75.0)
[IK_SHARD_VERT] mesh='female_crowd_body01_lod02.mesh' wext=80 worstVtx=164 domBone[15]='bone_R-toe.mesh' w=1.00 vertR=23.7 vertDevFromCentroid=37 bindVert=(3.6,6.2,-0.2)
[IK_SHARD_VERT] mesh='female_crowd_body02.mesh' wext=81 worstVtx=24 domBone[4]='bone_R-ankle.mesh' w=0.77 vertR=15.2 vertDevFromCentroid=37 bindVert=(6.1,0.3,-0.2)
[IK_SHARD_VERT] mesh='clap.mesh' wext=61 worstVtx=329 domBone[9]='bone_L-index02.mesh' w=1.00 vertR=49.5 vertDevFromCentroid=29 bindVert=(-25.1,1.8,38.2)
[IK_SHARD_VERT] mesh='clap.mesh' wext=616 worstVtx=37 domBone[6]='bone_R-forearm.mesh' w=0.80 vertR=93.1 vertDevFromCentroid=2590 bindVert=(21.0,-1.1,45.3)
[IK_SHARD_VERT] mesh='male_crowd_body02.mesh' wext=88 worstVtx=765 domBone[13]='bone_head.mesh' w=1.00 vertR=108.3 vertDevFromCentroid=38 bindVert=(0.8,0.4,75.0)
[IK_SHARD_VERT] mesh='female_crowd_body02.mesh' wext=81 worstVtx=24 domBone[4]='bone_R-ankle.mesh' w=0.77 vertR=15.2 vertDevFromCentroid=37 bindVert=(6.1,0.3,-0.2)
[IK_SHARD_VERT] mesh='male_crowd_body01.mesh' wext=87 worstVtx=32 domBone[21]='bone_L-toe.mesh' w=1.00 vertR=16.2 vertDevFromCentroid=38 bindVert=(-5.8,9.1,0.1)
[IK_SHARD_VERT] mesh='clap.mesh' wext=738 worstVtx=37 domBone[6]='bone_R-forearm.mesh' w=0.80 vertR=93.1 vertDevFromCentroid=2984 bindVert=(21.0,-1.1,45.3)
[IK_SHARD_VERT] mesh='female_crowd_body01_lod02.mesh' wext=80 worstVtx=164 domBone[15]='bone_R-toe.mesh' w=1.00 vertR=23.7 vertDevFromCentroid=37 bindVert=(3.6,6.2,-0.2)
[IK_SHARD_VERT] mesh='clap.mesh' wext=625 worstVtx=54 domBone[7]='bone_R-index01.mesh' w=0.41 vertR=78.4 vertDevFromCentroid=2599 bindVert=(24.3,-1.3,41.1)
[IK_SHARD_VERT] mesh='male_crowd_body01.mesh' wext=87 worstVtx=32 domBone[21]='bone_L-toe.mesh' w=1.00 vertR=16.2 vertDevFromCentroid=38 bindVert=(-5.8,9.1,0.1)
[IK_SHARD_VERT] mesh='male_crowd_body02.mesh' wext=88 worstVtx=765 domBone[13]='bone_head.mesh' w=1.00 vertR=108.3 vertDevFromCentroid=38 bindVert=(0.8,0.4,75.0)
[IK_SHARD_VERT] mesh='clap.mesh' wext=713 worstVtx=54 domBone[7]='bone_R-index01.mesh' w=0.41 vertR=78.4 vertDevFromCentroid=2811 bindVert=(24.3,-1.3,41.1)
[IK_SHARD_VERT] mesh='female_crowd_body01_lod02.mesh' wext=80 worstVtx=164 domBone[15]='bone_R-toe.mesh' w=1.00 vertR=23.7 vertDevFromCentroid=37 bindVert=(3.6,6.2,-0.2)
[IK_SHARD_VERT] mesh='female_crowd_body02.mesh' wext=81 worstVtx=24 domBone[4]='bone_R-ankle.mesh' w=0.77 vertR=15.2 vertDevFromCentroid=37 bindVert=(6.1,0.3,-0.2)
[IK_SHARD_VERT] mesh='clap.mesh' wext=652 worstVtx=54 domBone[7]='bone_R-index01.mesh' w=0.41 vertR=78.4 vertDevFromCentroid=2818 bindVert=(24.3,-1.3,41.1)
[IK_SHARD_VERT] mesh='male_crowd_body01.mesh' wext=87 worstVtx=32 domBone[21]='bone_L-toe.mesh' w=1.00 vertR=16.2 vertDevFromCentroid=38 bindVert=(-5.8,9.1,0.1)
[IK_SHARD_VERT] mesh='male_crowd_body02.mesh' wext=88 worstVtx=765 domBone[13]='bone_head.mesh' w=1.00 vertR=108.3 vertDevFromCentroid=38 bindVert=(0.8,0.4,75.0)
[IK_SHARD_VERT] mesh='female_crowd_body01_lod02.mesh' wext=80 worstVtx=164 domBone[15]='bone_R-toe.mesh' w=1.00 vertR=23.7 vertDevFromCentroid=37 bindVert=(3.6,6.2,-0.2)
[IK_SHARD_VERT] mesh='female_crowd_body02.mesh' wext=81 worstVtx=24 domBone[4]='bone_R-ankle.mesh' w=0.77 vertR=15.2 vertDevFromCentroid=37 bindVert=(6.1,0.3,-0.2)
[IK_SHARD_VERT] mesh='clap.mesh' wext=659 worstVtx=37 domBone[6]='bone_R-forearm.mesh' w=0.80 vertR=93.1 vertDevFromCentroid=2970 bindVert=(21.0,-1.1,45.3)
[IK_SHARD_VERT] mesh='clap.mesh' wext=749 worstVtx=37 domBone[6]='bone_R-forearm.mesh' w=0.80 vertR=93.1 vertDevFromCentroid=3062 bindVert=(21.0,-1.1,45.3)
[IK_SHARD_VERT] mesh='male_crowd_body01.mesh' wext=87 worstVtx=32 domBone[21]='bone_L-toe.mesh' w=1.00 vertR=16.2 vertDevFromCentroid=38 bindVert=(-5.8,9.1,0.1)
[IK_SHARD_VERT] mesh='clap.mesh' wext=628 worstVtx=37 domBone[6]='bone_R-forearm.mesh' w=0.80 vertR=93.1 vertDevFromCentroid=2662 bindVert=(21.0,-1.1,45.3)
[IK_SHARD_VERT] mesh='male_crowd_body02.mesh' wext=88 worstVtx=765 domBone[13]='bone_head.mesh' w=1.00 vertR=108.3 vertDevFromCentroid=38 bindVert=(0.8,0.4,75.0)
[IK_SHARD_VERT] mesh='female_crowd_body01_lod02.mesh' wext=80 worstVtx=164 domBone[15]='bone_R-toe.mesh' w=1.00 vertR=23.7 vertDevFromCentroid=37 bindVert=(3.6,6.2,-0.2)
[IK_SHARD_VERT] mesh='female_crowd_body02.mesh' wext=81 worstVtx=24 domBone[4]='bone_R-ankle.mesh' w=0.77 vertR=15.2 vertDevFromCentroid=37 bindVert=(6.1,0.3,-0.2)
[IK_SHARD_VERT] mesh='clap.mesh' wext=754 worstVtx=112 domBone[6]='bone_R-index02.mesh' w=0.58 vertR=76.3 vertDevFromCentroid=3061 bindVert=(23.9,-1.8,40.0)
[IK_SHARD_VERT] mesh='male_crowd_body01.mesh' wext=87 worstVtx=32 domBone[21]='bone_L-toe.mesh' w=1.00 vertR=16.2 vertDevFromCentroid=38 bindVert=(-5.8,9.1,0.1)
[IK_SHARD_VERT] mesh='clap.mesh' wext=641 worstVtx=54 domBone[7]='bone_R-index01.mesh' w=0.41 vertR=78.4 vertDevFromCentroid=2746 bindVert=(24.3,-1.3,41.1)
[IK_SHARD_VERT] mesh='male_crowd_body02.mesh' wext=88 worstVtx=765 domBone[13]='bone_head.mesh' w=1.00 vertR=108.3 vertDevFromCentroid=38 bindVert=(0.8,0.4,75.0)
[IK_SHARD_VERT] mesh='female_crowd_body01_lod02.mesh' wext=80 worstVtx=164 domBone[15]='bone_R-toe.mesh' w=1.00 vertR=23.7 vertDevFromCentroid=37 bindVert=(3.6,6.2,-0.2)
[IK_SHARD_VERT] mesh='female_crowd_body02.mesh' wext=81 worstVtx=24 domBone[4]='bone_R-ankle.mesh' w=0.77 vertR=15.2 vertDevFromCentroid=37 bindVert=(6.1,0.3,-0.2)
[IK_SHARD_VERT] mesh='clap.mesh' wext=695 worstVtx=54 domBone[7]='bone_R-index01.mesh' w=0.41 vertR=78.4 vertDevFromCentroid=2655 bindVert=(24.3,-1.3,41.1)
[IK_SHARD_VERT] mesh='male_crowd_body01.mesh' wext=87 worstVtx=32 domBone[21]='bone_L-toe.mesh' w=1.00 vertR=16.2 vertDevFromCentroid=38 bindVert=(-5.8,9.1,0.1)
[IK_SHARD_VERT] mesh='female_crowd_body01_lod02.mesh' wext=80 worstVtx=164 domBone[15]='bone_R-toe.mesh' w=1.00 vertR=23.7 vertDevFromCentroid=37 bindVert=(3.6,6.2,-0.2)
[IK_SHARD_VERT] mesh='clap.mesh' wext=711 worstVtx=37 domBone[6]='bone_R-forearm.mesh' w=0.80 vertR=93.1 vertDevFromCentroid=2770 bindVert=(21.0,-1.1,45.3)
[IK_SHARD_VERT] mesh='male_crowd_body02.mesh' wext=88 worstVtx=765 domBone[13]='bone_head.mesh' w=1.00 vertR=108.3 vertDevFromCentroid=38 bindVert=(0.8,0.4,75.0)
[IK_SHARD_VERT] mesh='female_crowd_body02.mesh' wext=81 worstVtx=24 domBone[4]='bone_R-ankle.mesh' w=0.77 vertR=15.2 vertDevFromCentroid=37 bindVert=(6.1,0.3,-0.2)
[IK_SHARD_VERT] mesh='clap.mesh' wext=638 worstVtx=37 domBone[6]='bone_R-forearm.mesh' w=0.80 vertR=93.1 vertDevFromCentroid=2794 bindVert=(21.0,-1.1,45.3)
[IK_SHARD_VERT] mesh='male_crowd_body01.mesh' wext=87 worstVtx=32 domBone[21]='bone_L-toe.mesh' w=1.00 vertR=16.2 vertDevFromCentroid=38 bindVert=(-5.8,9.1,0.1)
[IK_SHARD_VERT] mesh='clap.mesh' wext=710 worstVtx=37 domBone[6]='bone_R-forearm.mesh' w=0.80 vertR=93.1 vertDevFromCentroid=2829 bindVert=(21.0,-1.1,45.3)
[IK_SHARD_VERT] mesh='male_crowd_body02.mesh' wext=88 worstVtx=765 domBone[13]='bone_head.mesh' w=1.00 vertR=108.3 vertDevFromCentroid=38 bindVert=(0.8,0.4,75.0)
[IK_SHARD_VERT] mesh='female_crowd_body01_lod02.mesh' wext=80 worstVtx=164 domBone[15]='bone_R-toe.mesh' w=1.00 vertR=23.7 vertDevFromCentroid=37 bindVert=(3.6,6.2,-0.2)
[IK_SHARD_VERT] mesh='female_crowd_body02.mesh' wext=81 worstVtx=24 domBone[4]='bone_R-ankle.mesh' w=0.77 vertR=15.2 vertDevFromCentroid=37 bindVert=(6.1,0.3,-0.2)
[IK_SHARD_VERT] mesh='clap.mesh' wext=629 worstVtx=54 domBone[7]='bone_R-index01.mesh' w=0.41 vertR=78.4 vertDevFromCentroid=2677 bindVert=(24.3,-1.3,41.1)
[IK_SHARD_VERT] mesh='male_crowd_body01.mesh' wext=87 worstVtx=32 domBone[21]='bone_L-toe.mesh' w=1.00 vertR=16.2 vertDevFromCentroid=38 bindVert=(-5.8,9.1,0.1)
[IK_SHARD_VERT] mesh='clap.mesh' wext=730 worstVtx=54 domBone[7]='bone_R-index01.mesh' w=0.41 vertR=78.4 vertDevFromCentroid=2885 bindVert=(24.3,-1.3,41.1)
[IK_SHARD_VERT] mesh='female_crowd_body01_lod02.mesh' wext=80 worstVtx=164 domBone[15]='bone_R-toe.mesh' w=1.00 vertR=23.7 vertDevFromCentroid=37 bindVert=(3.6,6.2,-0.2)
[IK_SHARD_VERT] mesh='male_crowd_body02.mesh' wext=88 worstVtx=765 domBone[13]='bone_head.mesh' w=1.00 vertR=108.3 vertDevFromCentroid=38 bindVert=(0.8,0.4,75.0)
[IK_SHARD_VERT] mesh='female_crowd_body02.mesh' wext=81 worstVtx=24 domBone[4]='bone_R-ankle.mesh' w=0.77 vertR=15.2 vertDevFromCentroid=37 bindVert=(6.1,0.3,-0.2)
[IK_SHARD_VERT] mesh='female_crowd_body03.mesh' wext=89 worstVtx=48 domBone[21]='bone_R-ankle.mesh' w=1.00 vertR=24.5 vertDevFromCentroid=41 bindVert=(3.3,-4.9,-0.2)
[IK_SHARD_VERT] mesh='male_crowd_body03.mesh' wext=92 worstVtx=64 domBone[5]='bone_R-ankle.mesh' w=1.00 vertR=21.3 vertDevFromCentroid=40 bindVert=(1.2,0.1,-0.1)
[IK_SHARD_VERT] mesh='male_crowd_body04.mesh' wext=93 worstVtx=252 domBone[18]='bone_R-ankle.mesh' w=1.00 vertR=22.0 vertDevFromCentroid=41 bindVert=(3.1,-1.3,-0.2)
[IK_SHARD_VERT] mesh='clap.mesh' wext=62 worstVtx=329 domBone[9]='bone_L-index02.mesh' w=1.00 vertR=49.5 vertDevFromCentroid=29 bindVert=(-25.1,1.8,38.2)
[IK_SHARD_VERT] mesh='male_crowd_body01.mesh' wext=87 worstVtx=32 domBone[21]='bone_L-toe.mesh' w=1.00 vertR=16.2 vertDevFromCentroid=38 bindVert=(-5.8,9.1,0.1)
[IK_SHARD_VERT] mesh='female_crowd_body01_lod02.mesh' wext=80 worstVtx=164 domBone[15]='bone_R-toe.mesh' w=1.00 vertR=23.7 vertDevFromCentroid=37 bindVert=(3.6,6.2,-0.2)
[IK_SHARD_VERT] mesh='clap.mesh' wext=616 worstVtx=37 domBone[6]='bone_R-forearm.mesh' w=0.80 vertR=93.1 vertDevFromCentroid=2590 bindVert=(21.0,-1.1,45.3)
[IK_SHARD_VERT] mesh='female_crowd_body02.mesh' wext=81 worstVtx=24 domBone[4]='bone_R-ankle.mesh' w=0.77 vertR=15.2 vertDevFromCentroid=37 bindVert=(6.1,0.3,-0.2)
[IK_SHARD_VERT] mesh='male_crowd_body02.mesh' wext=88 worstVtx=765 domBone[13]='bone_head.mesh' w=1.00 vertR=108.3 vertDevFromCentroid=38 bindVert=(0.8,0.4,75.0)
[IK_SHARD_VERT] mesh='clap.mesh' wext=738 worstVtx=37 domBone[6]='bone_R-forearm.mesh' w=0.80 vertR=93.1 vertDevFromCentroid=2983 bindVert=(21.0,-1.1,45.3)
[IK_SHARD_VERT] mesh='male_crowd_body01.mesh' wext=87 worstVtx=32 domBone[21]='bone_L-toe.mesh' w=1.00 vertR=16.2 vertDevFromCentroid=38 bindVert=(-5.8,9.1,0.1)
[IK_SHARD_VERT] mesh='clap.mesh' wext=625 worstVtx=54 domBone[7]='bone_R-index01.mesh' w=0.41 vertR=78.4 vertDevFromCentroid=2599 bindVert=(24.3,-1.3,41.1)
[IK_SHARD_VERT] mesh='female_crowd_body01_lod02.mesh' wext=80 worstVtx=164 domBone[15]='bone_R-toe.mesh' w=1.00 vertR=23.7 vertDevFromCentroid=37 bindVert=(3.6,6.2,-0.2)
[IK_SHARD_VERT] mesh='clap.mesh' wext=713 worstVtx=54 domBone[7]='bone_R-index01.mesh' w=0.41 vertR=78.4 vertDevFromCentroid=2812 bindVert=(24.3,-1.3,41.1)
[IK_SHARD_VERT] mesh='male_crowd_body02.mesh' wext=88 worstVtx=765 domBone[13]='bone_head.mesh' w=1.00 vertR=108.3 vertDevFromCentroid=38 bindVert=(0.8,0.4,75.0)
[IK_SHARD_VERT] mesh='female_crowd_body02.mesh' wext=81 worstVtx=24 domBone[4]='bone_R-ankle.mesh' w=0.77 vertR=15.2 vertDevFromCentroid=37 bindVert=(6.1,0.3,-0.2)
[IK_SHARD_VERT] mesh='male_crowd_body01.mesh' wext=86 worstVtx=32 domBone[21]='bone_L-toe.mesh' w=1.00 vertR=16.2 vertDevFromCentroid=38 bindVert=(-5.8,9.1,0.1)
[IK_SHARD_VERT] mesh='clap.mesh' wext=651 worstVtx=54 domBone[7]='bone_R-index01.mesh' w=0.41 vertR=78.4 vertDevFromCentroid=2818 bindVert=(24.3,-1.3,41.1)
[IK_SHARD_VERT] mesh='female_crowd_body01_lod02.mesh' wext=80 worstVtx=164 domBone[15]='bone_R-toe.mesh' w=1.00 vertR=23.7 vertDevFromCentroid=37 bindVert=(3.6,6.2,-0.2)
[IK_SHARD_VERT] mesh='clap.mesh' wext=659 worstVtx=37 domBone[6]='bone_R-forearm.mesh' w=0.80 vertR=93.1 vertDevFromCentroid=2969 bindVert=(21.0,-1.1,45.3)
[IK_SHARD_VERT] mesh='male_crowd_body02.mesh' wext=88 worstVtx=765 domBone[13]='bone_head.mesh' w=1.00 vertR=108.3 vertDevFromCentroid=38 bindVert=(0.8,0.4,75.0)
[IK_SHARD_VERT] mesh='female_crowd_body02.mesh' wext=81 worstVtx=24 domBone[4]='bone_R-ankle.mesh' w=0.77 vertR=15.2 vertDevFromCentroid=37 bindVert=(6.1,0.3,-0.2)
[IK_SHARD_VERT] mesh='female_extra_body01.mesh' wext=71 worstVtx=372 domBone[18]='bone_R-toe.mesh' w=1.00 vertR=8.0 vertDevFromCentroid=32 bindVert=(4.7,6.0,-0.2)
[IK_SHARD_VERT] mesh='male_extras_body01_medium.mesh' wext=78 worstVtx=228 domBone[27]='bone_R-toe.mesh' w=1.00 vertR=9.9 vertDevFromCentroid=32 bindVert=(6.4,9.1,0.2)
[IK_SHARD_VERT] mesh='female_crowd_body01_lod02.mesh' wext=80 worstVtx=164 domBone[15]='bone_R-toe.mesh' w=1.00 vertR=23.7 vertDevFromCentroid=37 bindVert=(3.6,6.2,-0.2)
[IK_SHARD_VERT] mesh='female_crowd_body04.mesh' wext=80 worstVtx=48 domBone[6]='bone_R-ankle.mesh' w=1.00 vertR=10.7 vertDevFromCentroid=37 bindVert=(5.5,-3.6,-0.2)
[IK_SHARD_VERT] mesh='male_crowd_body01.mesh' wext=86 worstVtx=32 domBone[21]='bone_L-toe.mesh' w=1.00 vertR=16.2 vertDevFromCentroid=38 bindVert=(-5.8,9.1,0.1)
[IK_SHARD_VERT] mesh='clap.mesh' wext=748 worstVtx=37 domBone[6]='bone_R-forearm.mesh' w=0.80 vertR=93.1 vertDevFromCentroid=3061 bindVert=(21.0,-1.1,45.3)
[IK_SHARD_VERT] mesh='clap.mesh' wext=628 worstVtx=37 domBone[6]='bone_R-forearm.mesh' w=0.80 vertR=93.1 vertDevFromCentroid=2662 bindVert=(21.0,-1.1,45.3)
[IK_SHARD_VERT] mesh='male_crowd_body02.mesh' wext=88 worstVtx=765 domBone[13]='bone_head.mesh' w=1.00 vertR=108.3 vertDevFromCentroid=38 bindVert=(0.8,0.4,75.0)
[IK_SHARD_VERT] mesh='female_crowd_body02.mesh' wext=81 worstVtx=24 domBone[4]='bone_R-ankle.mesh' w=0.77 vertR=15.2 vertDevFromCentroid=37 bindVert=(6.1,0.3,-0.2)
[IK_SHARD_VERT] mesh='male_crowd_body01.mesh' wext=86 worstVtx=32 domBone[21]='bone_L-toe.mesh' w=1.00 vertR=16.2 vertDevFromCentroid=38 bindVert=(-5.8,9.1,0.1)
[IK_SHARD_VERT] mesh='clap.mesh' wext=754 worstVtx=54 domBone[7]='bone_R-index01.mesh' w=0.41 vertR=78.4 vertDevFromCentroid=3062 bindVert=(24.3,-1.3,41.1)
[IK_SHARD_VERT] mesh='female_crowd_body01_lod02.mesh' wext=80 worstVtx=164 domBone[15]='bone_R-toe.mesh' w=1.00 vertR=23.7 vertDevFromCentroid=37 bindVert=(3.6,6.2,-0.2)
[IK_SHARD_VERT] mesh='clap.mesh' wext=641 worstVtx=54 domBone[7]='bone_R-index01.mesh' w=0.41 vertR=78.4 vertDevFromCentroid=2746 bindVert=(24.3,-1.3,41.1)
[IK_SHARD_VERT] mesh='hands_naked.mesh' wext=106 worstVtx=1022 domBone[19]='bone_R-thumb03.mesh' w=1.00 vertR=78.5 vertDevFromCentroid=47 bindVert=(22.3,11.9,20.8)
[IK_SHARD_VERT] mesh='male_crowd_body01.mesh' wext=86 worstVtx=32 domBone[21]='bone_L-toe.mesh' w=1.00 vertR=16.2 vertDevFromCentroid=38 bindVert=(-5.8,9.1,0.1)
[IK_SHARD_VERT] mesh='male_crowd_body02.mesh' wext=88 worstVtx=765 domBone[13]='bone_head.mesh' w=1.00 vertR=108.3 vertDevFromCentroid=38 bindVert=(0.8,0.4,75.0)
[IK_SHARD_VERT] mesh='clap.mesh' wext=695 worstVtx=54 domBone[7]='bone_R-index01.mesh' w=0.41 vertR=78.4 vertDevFromCentroid=2657 bindVert=(24.3,-1.3,41.1)
[IK_SHARD_VERT] mesh='female_crowd_body01_lod02.mesh' wext=80 worstVtx=164 domBone[15]='bone_R-toe.mesh' w=1.00 vertR=23.7 vertDevFromCentroid=37 bindVert=(3.6,6.2,-0.2)
[IK_SHARD_VERT] mesh='female_crowd_body02.mesh' wext=81 worstVtx=24 domBone[4]='bone_R-ankle.mesh' w=0.77 vertR=15.2 vertDevFromCentroid=37 bindVert=(6.1,0.3,-0.2)
[IK_SHARD_VERT] mesh='clap.mesh' wext=711 worstVtx=37 domBone[6]='bone_R-forearm.mesh' w=0.80 vertR=93.1 vertDevFromCentroid=2769 bindVert=(21.0,-1.1,45.3)
[IK_SHARD_VERT] mesh='male_crowd_body02.mesh' wext=88 worstVtx=765 domBone[13]='bone_head.mesh' w=1.00 vertR=108.3 vertDevFromCentroid=38 bindVert=(0.8,0.4,75.0)
[IK_SHARD_VERT] mesh='female_crowd_body02.mesh' wext=81 worstVtx=24 domBone[4]='bone_R-ankle.mesh' w=0.77 vertR=15.2 vertDevFromCentroid=37 bindVert=(6.1,0.3,-0.2)
[IK_SHARD_VERT] mesh='male_crowd_body01.mesh' wext=86 worstVtx=32 domBone[21]='bone_L-toe.mesh' w=1.00 vertR=16.2 vertDevFromCentroid=38 bindVert=(-5.8,9.1,0.1)
[IK_SHARD_VERT] mesh='clap.mesh' wext=637 worstVtx=37 domBone[6]='bone_R-forearm.mesh' w=0.80 vertR=93.1 vertDevFromCentroid=2794 bindVert=(21.0,-1.1,45.3)
[IK_SHARD_VERT] mesh='female_crowd_body01_lod02.mesh' wext=80 worstVtx=164 domBone[15]='bone_R-toe.mesh' w=1.00 vertR=23.7 vertDevFromCentroid=37 bindVert=(3.6,6.2,-0.2)
[IK_SHARD_VERT] mesh='clap.mesh' wext=710 worstVtx=37 domBone[6]='bone_R-forearm.mesh' w=0.80 vertR=93.1 vertDevFromCentroid=2829 bindVert=(21.0,-1.1,45.3)
[IK_SHARD_VERT] mesh='male_crowd_body01.mesh' wext=86 worstVtx=32 domBone[21]='bone_L-toe.mesh' w=1.00 vertR=16.2 vertDevFromCentroid=38 bindVert=(-5.8,9.1,0.1)
[IK_SHARD_VERT] mesh='male_crowd_body02.mesh' wext=88 worstVtx=765 domBone[13]='bone_head.mesh' w=1.00 vertR=108.3 vertDevFromCentroid=38 bindVert=(0.8,0.4,75.0)
[IK_SHARD_VERT] mesh='clap.mesh' wext=629 worstVtx=54 domBone[7]='bone_R-index01.mesh' w=0.41 vertR=78.4 vertDevFromCentroid=2678 bindVert=(24.3,-1.3,41.1)
[IK_SHARD_VERT] mesh='female_crowd_body01_lod02.mesh' wext=80 worstVtx=164 domBone[15]='bone_R-toe.mesh' w=1.00 vertR=23.7 vertDevFromCentroid=37 bindVert=(3.6,6.2,-0.2)
[IK_SHARD_VERT] mesh='female_crowd_body02.mesh' wext=81 worstVtx=24 domBone[4]='bone_R-ankle.mesh' w=0.77 vertR=15.2 vertDevFromCentroid=37 bindVert=(6.1,0.3,-0.2)
[IK_SHARD_VERT] mesh='clap.mesh' wext=731 worstVtx=54 domBone[7]='bone_R-index01.mesh' w=0.41 vertR=78.4 vertDevFromCentroid=2888 bindVert=(24.3,-1.3,41.1)
[IK_SHARD_VERT] mesh='male_crowd_body01.mesh' wext=86 worstVtx=32 domBone[21]='bone_L-toe.mesh' w=1.00 vertR=16.2 vertDevFromCentroid=38 bindVert=(-5.8,9.1,0.1)
[IK_SHARD_VERT] mesh='male_crowd_body02.mesh' wext=88 worstVtx=765 domBone[13]='bone_head.mesh' w=1.00 vertR=108.3 vertDevFromCentroid=38 bindVert=(0.8,0.4,75.0)
[IK_SHARD_VERT] mesh='female_crowd_body01_lod02.mesh' wext=80 worstVtx=164 domBone[15]='bone_R-toe.mesh' w=1.00 vertR=23.7 vertDevFromCentroid=37 bindVert=(3.6,6.2,-0.2)
[IK_SHARD_VERT] mesh='female_crowd_body02.mesh' wext=81 worstVtx=24 domBone[4]='bone_R-ankle.mesh' w=0.77 vertR=15.2 vertDevFromCentroid=37 bindVert=(6.1,0.3,-0.2)
[IK_SHARD_VERT] mesh='clap.mesh' wext=62 worstVtx=329 domBone[9]='bone_L-index02.mesh' w=1.00 vertR=49.5 vertDevFromCentroid=29 bindVert=(-25.1,1.8,38.2)
[IK_SHARD_VERT] mesh='clap.mesh' wext=616 worstVtx=37 domBone[6]='bone_R-forearm.mesh' w=0.80 vertR=93.1 vertDevFromCentroid=2590 bindVert=(21.0,-1.1,45.3)
[IK_SHARD_VERT] mesh='male_crowd_body01.mesh' wext=86 worstVtx=32 domBone[21]='bone_L-toe.mesh' w=1.00 vertR=16.2 vertDevFromCentroid=38 bindVert=(-5.8,9.1,0.1)
[IK_SHARD_VERT] mesh='clap.mesh' wext=737 worstVtx=37 domBone[6]='bone_R-forearm.mesh' w=0.80 vertR=93.1 vertDevFromCentroid=2983 bindVert=(21.0,-1.1,45.3)
[IK_SHARD_VERT] mesh='male_crowd_body02.mesh' wext=88 worstVtx=765 domBone[13]='bone_head.mesh' w=1.00 vertR=108.3 vertDevFromCentroid=38 bindVert=(0.8,0.4,75.0)
[IK_SHARD_VERT] mesh='female_crowd_body01_lod02.mesh' wext=80 worstVtx=164 domBone[15]='bone_R-toe.mesh' w=1.00 vertR=23.7 vertDevFromCentroid=37 bindVert=(3.6,6.2,-0.2)
[IK_SHARD_VERT] mesh='female_crowd_body02.mesh' wext=81 worstVtx=24 domBone[4]='bone_R-ankle.mesh' w=0.77 vertR=15.2 vertDevFromCentroid=37 bindVert=(6.1,0.3,-0.2)
[IK_SHARD_VERT] mesh='clap.mesh' wext=625 worstVtx=54 domBone[7]='bone_R-index01.mesh' w=0.41 vertR=78.4 vertDevFromCentroid=2601 bindVert=(24.3,-1.3,41.1)
[IK_SHARD_VERT] mesh='female_crowd_body03.mesh' wext=88 worstVtx=48 domBone[21]='bone_R-ankle.mesh' w=1.00 vertR=24.5 vertDevFromCentroid=43 bindVert=(3.3,-4.9,-0.2)
[IK_SHARD_VERT] mesh='male_crowd_body03.mesh' wext=90 worstVtx=64 domBone[5]='bone_R-ankle.mesh' w=1.00 vertR=21.3 vertDevFromCentroid=43 bindVert=(1.2,0.1,-0.1)
[IK_SHARD_VERT] mesh='male_crowd_body04.mesh' wext=91 worstVtx=252 domBone[18]='bone_R-ankle.mesh' w=1.00 vertR=22.0 vertDevFromCentroid=44 bindVert=(3.1,-1.3,-0.2)
[IK_SHARD_VERT] mesh='male_crowd_body01.mesh' wext=86 worstVtx=32 domBone[21]='bone_L-toe.mesh' w=1.00 vertR=16.2 vertDevFromCentroid=38 bindVert=(-5.8,9.1,0.1)
[IK_SHARD_VERT] mesh='clap.mesh' wext=713 worstVtx=54 domBone[7]='bone_R-index01.mesh' w=0.41 vertR=78.4 vertDevFromCentroid=2817 bindVert=(24.3,-1.3,41.1)
[IK_SHARD_VERT] mesh='male_crowd_body02.mesh' wext=87 worstVtx=765 domBone[13]='bone_head.mesh' w=1.00 vertR=108.3 vertDevFromCentroid=38 bindVert=(0.8,0.4,75.0)
[IK_SHARD_VERT] mesh='female_crowd_body01_lod02.mesh' wext=80 worstVtx=164 domBone[15]='bone_R-toe.mesh' w=1.00 vertR=23.7 vertDevFromCentroid=37 bindVert=(3.6,6.2,-0.2)
[IK_SHARD_VERT] mesh='female_crowd_body02.mesh' wext=81 worstVtx=24 domBone[4]='bone_R-ankle.mesh' w=0.77 vertR=15.2 vertDevFromCentroid=37 bindVert=(6.1,0.3,-0.2)
[IK_SHARD_VERT] mesh='clap.mesh' wext=652 worstVtx=54 domBone[7]='bone_R-index01.mesh' w=0.41 vertR=78.4 vertDevFromCentroid=2820 bindVert=(24.3,-1.3,41.1)
[IK_SHARD_VERT] mesh='male_crowd_body01.mesh' wext=86 worstVtx=32 domBone[21]='bone_L-toe.mesh' w=1.00 vertR=16.2 vertDevFromCentroid=38 bindVert=(-5.8,9.1,0.1)
[IK_SHARD_VERT] mesh='female_crowd_body01_lod02.mesh' wext=80 worstVtx=164 domBone[15]='bone_R-toe.mesh' w=1.00 vertR=23.7 vertDevFromCentroid=37 bindVert=(3.6,6.2,-0.2)
[IK_SHARD_VERT] mesh='clap.mesh' wext=659 worstVtx=37 domBone[6]='bone_R-forearm.mesh' w=0.80 vertR=93.1 vertDevFromCentroid=2970 bindVert=(21.0,-1.1,45.3)
[IK_SHARD_VERT] mesh='male_crowd_body02.mesh' wext=87 worstVtx=765 domBone[13]='bone_head.mesh' w=1.00 vertR=108.3 vertDevFromCentroid=38 bindVert=(0.8,0.4,75.0)
[IK_SHARD_VERT] mesh='female_crowd_body02.mesh' wext=81 worstVtx=24 domBone[4]='bone_R-ankle.mesh' w=0.77 vertR=15.2 vertDevFromCentroid=37 bindVert=(6.1,0.3,-0.2)
[IK_SHARD_VERT] mesh='clap.mesh' wext=748 worstVtx=37 domBone[6]='bone_R-forearm.mesh' w=0.80 vertR=93.1 vertDevFromCentroid=3062 bindVert=(21.0,-1.1,45.3)
[IK_SHARD_VERT] mesh='male_crowd_body01.mesh' wext=86 worstVtx=32 domBone[21]='bone_L-toe.mesh' w=1.00 vertR=16.2 vertDevFromCentroid=38 bindVert=(-5.8,9.1,0.1)
[IK_SHARD_VERT] mesh='clap.mesh' wext=628 worstVtx=37 domBone[6]='bone_R-forearm.mesh' w=0.80 vertR=93.1 vertDevFromCentroid=2662 bindVert=(21.0,-1.1,45.3)
[IK_SHARD_VERT] mesh='female_crowd_body01_lod02.mesh' wext=80 worstVtx=164 domBone[15]='bone_R-toe.mesh' w=1.00 vertR=23.7 vertDevFromCentroid=37 bindVert=(3.6,6.2,-0.2)
[IK_SHARD_VERT] mesh='male_crowd_body02.mesh' wext=87 worstVtx=765 domBone[13]='bone_head.mesh' w=1.00 vertR=108.3 vertDevFromCentroid=38 bindVert=(0.8,0.4,75.0)
[IK_SHARD_VERT] mesh='clap.mesh' wext=755 worstVtx=54 domBone[7]='bone_R-index01.mesh' w=0.41 vertR=78.4 vertDevFromCentroid=3067 bindVert=(24.3,-1.3,41.1)
[IK_SHARD_VERT] mesh='female_crowd_body02.mesh' wext=81 worstVtx=24 domBone[4]='bone_R-ankle.mesh' w=0.77 vertR=15.2 vertDevFromCentroid=37 bindVert=(6.1,0.3,-0.2)
[IK_SHARD_VERT] mesh='male_crowd_body01.mesh' wext=86 worstVtx=32 domBone[21]='bone_L-toe.mesh' w=1.00 vertR=16.2 vertDevFromCentroid=38 bindVert=(-5.8,9.1,0.1)
[IK_SHARD_VERT] mesh='clap.mesh' wext=641 worstVtx=54 domBone[7]='bone_R-index01.mesh' w=0.41 vertR=78.4 vertDevFromCentroid=2748 bindVert=(24.3,-1.3,41.1)
[IK_SHARD_VERT] mesh='female_crowd_body01_lod02.mesh' wext=80 worstVtx=164 domBone[15]='bone_R-toe.mesh' w=1.00 vertR=23.7 vertDevFromCentroid=37 bindVert=(3.6,6.2,-0.2)
[IK_SHARD_VERT] mesh='male_crowd_body02.mesh' wext=87 worstVtx=765 domBone[13]='bone_head.mesh' w=1.00 vertR=108.3 vertDevFromCentroid=38 bindVert=(0.8,0.4,75.0)
[IK_SHARD_VERT] mesh='clap.mesh' wext=696 worstVtx=54 domBone[7]='bone_R-index01.mesh' w=0.41 vertR=78.4 vertDevFromCentroid=2662 bindVert=(24.3,-1.3,41.1)
[IK_SHARD_VERT] mesh='female_crowd_body02.mesh' wext=81 worstVtx=24 domBone[4]='bone_R-ankle.mesh' w=0.77 vertR=15.2 vertDevFromCentroid=37 bindVert=(6.1,0.3,-0.2)
[IK_SHARD_VERT] mesh='male_crowd_body01.mesh' wext=86 worstVtx=32 domBone[21]='bone_L-toe.mesh' w=1.00 vertR=16.2 vertDevFromCentroid=38 bindVert=(-5.8,9.1,0.1)
[IK_SHARD_VERT] mesh='female_crowd_body01_lod02.mesh' wext=80 worstVtx=164 domBone[15]='bone_R-toe.mesh' w=1.00 vertR=23.7 vertDevFromCentroid=37 bindVert=(3.6,6.2,-0.2)
[IK_SHARD_VERT] mesh='clap.mesh' wext=710 worstVtx=37 domBone[6]='bone_R-forearm.mesh' w=0.80 vertR=93.1 vertDevFromCentroid=2770 bindVert=(21.0,-1.1,45.3)
[IK_SHARD_VERT] mesh='clap.mesh' wext=637 worstVtx=37 domBone[6]='bone_R-forearm.mesh' w=0.80 vertR=93.1 vertDevFromCentroid=2795 bindVert=(21.0,-1.1,45.3)
[IK_SHARD_VERT] mesh='male_crowd_body02.mesh' wext=87 worstVtx=765 domBone[13]='bone_head.mesh' w=1.00 vertR=108.3 vertDevFromCentroid=38 bindVert=(0.8,0.4,75.0)
[IK_SHARD_VERT] mesh='female_crowd_body02.mesh' wext=81 worstVtx=24 domBone[4]='bone_R-ankle.mesh' w=0.77 vertR=15.2 vertDevFromCentroid=37 bindVert=(6.1,0.3,-0.2)
[IK_SHARD_VERT] mesh='male_crowd_body01.mesh' wext=86 worstVtx=32 domBone[21]='bone_L-toe.mesh' w=1.00 vertR=16.2 vertDevFromCentroid=38 bindVert=(-5.8,9.1,0.1)
[IK_SHARD_VERT] mesh='clap.mesh' wext=710 worstVtx=37 domBone[6]='bone_R-forearm.mesh' w=0.80 vertR=93.1 vertDevFromCentroid=2830 bindVert=(21.0,-1.1,45.3)
[IK_SHARD_VERT] mesh='female_crowd_body01_lod02.mesh' wext=80 worstVtx=164 domBone[15]='bone_R-toe.mesh' w=1.00 vertR=23.7 vertDevFromCentroid=37 bindVert=(3.6,6.2,-0.2)
[IK_SHARD_VERT] mesh='clap.mesh' wext=630 worstVtx=54 domBone[7]='bone_R-index01.mesh' w=0.41 vertR=78.4 vertDevFromCentroid=2680 bindVert=(24.3,-1.3,41.1)
[IK_SHARD_VERT] mesh='male_crowd_body02.mesh' wext=87 worstVtx=765 domBone[13]='bone_head.mesh' w=1.00 vertR=108.3 vertDevFromCentroid=38 bindVert=(0.8,0.4,75.0)
[IK_SHARD_VERT] mesh='female_crowd_body02.mesh' wext=81 worstVtx=24 domBone[4]='bone_R-ankle.mesh' w=0.77 vertR=15.2 vertDevFromCentroid=37 bindVert=(6.1,0.3,-0.2)
[IK_SHARD_VERT] mesh='male_crowd_body01.mesh' wext=86 worstVtx=32 domBone[21]='bone_L-toe.mesh' w=1.00 vertR=16.2 vertDevFromCentroid=38 bindVert=(-5.8,9.1,0.1)
[IK_SHARD_VERT] mesh='clap.mesh' wext=731 worstVtx=54 domBone[7]='bone_R-index01.mesh' w=0.41 vertR=78.4 vertDevFromCentroid=2893 bindVert=(24.3,-1.3,41.1)
[IK_SHARD_VERT] mesh='female_crowd_body01_lod02.mesh' wext=80 worstVtx=164 domBone[15]='bone_R-toe.mesh' w=1.00 vertR=23.7 vertDevFromCentroid=37 bindVert=(3.6,6.2,-0.2)
[IK_SHARD_VERT] mesh='clap.mesh' wext=61 worstVtx=329 domBone[9]='bone_L-index02.mesh' w=1.00 vertR=49.5 vertDevFromCentroid=29 bindVert=(-25.1,1.8,38.2)
[IK_SHARD_VERT] mesh='male_crowd_body01.mesh' wext=86 worstVtx=32 domBone[21]='bone_L-toe.mesh' w=1.00 vertR=16.2 vertDevFromCentroid=38 bindVert=(-5.8,9.1,0.1)
[IK_SHARD_VERT] mesh='male_crowd_body02.mesh' wext=87 worstVtx=155 domBone[6]='bone_L-toe.mesh' w=1.00 vertR=16.7 vertDevFromCentroid=38 bindVert=(-5.5,9.1,0.3)
[IK_SHARD_VERT] mesh='female_crowd_body01_lod02.mesh' wext=80 worstVtx=164 domBone[15]='bone_R-toe.mesh' w=1.00 vertR=23.7 vertDevFromCentroid=37 bindVert=(3.6,6.2,-0.2)
[IK_SHARD_VERT] mesh='female_crowd_body02.mesh' wext=81 worstVtx=24 domBone[4]='bone_R-ankle.mesh' w=0.77 vertR=15.2 vertDevFromCentroid=37 bindVert=(6.1,0.3,-0.2)
[IK_SHARD_VERT] mesh='clap.mesh' wext=616 worstVtx=37 domBone[6]='bone_R-forearm.mesh' w=0.80 vertR=93.1 vertDevFromCentroid=2591 bindVert=(21.0,-1.1,45.3)
[IK_SHARD_VERT] mesh='clap.mesh' wext=737 worstVtx=37 domBone[6]='bone_R-forearm.mesh' w=0.80 vertR=93.1 vertDevFromCentroid=2984 bindVert=(21.0,-1.1,45.3)
[IK_SHARD_VERT] mesh='male_crowd_body02.mesh' wext=87 worstVtx=155 domBone[6]='bone_L-toe.mesh' w=1.00 vertR=16.7 vertDevFromCentroid=38 bindVert=(-5.5,9.1,0.3)
[IK_SHARD_VERT] mesh='female_crowd_body02.mesh' wext=81 worstVtx=24 domBone[4]='bone_R-ankle.mesh' w=0.77 vertR=15.2 vertDevFromCentroid=37 bindVert=(6.1,0.3,-0.2)
[IK_SHARD_VERT] mesh='male_crowd_body01.mesh' wext=86 worstVtx=32 domBone[21]='bone_L-toe.mesh' w=1.00 vertR=16.2 vertDevFromCentroid=38 bindVert=(-5.8,9.1,0.1)
[IK_SHARD_VERT] mesh='clap.mesh' wext=625 worstVtx=54 domBone[7]='bone_R-index01.mesh' w=0.41 vertR=78.4 vertDevFromCentroid=2602 bindVert=(24.3,-1.3,41.1)
[IK_SHARD_VERT] mesh='female_crowd_body01_lod02.mesh' wext=80 worstVtx=164 domBone[15]='bone_R-toe.mesh' w=1.00 vertR=23.7 vertDevFromCentroid=37 bindVert=(3.6,6.2,-0.2)
[IK_SHARD_VERT] mesh='clap.mesh' wext=713 worstVtx=54 domBone[7]='bone_R-index01.mesh' w=0.41 vertR=78.4 vertDevFromCentroid=2822 bindVert=(24.3,-1.3,41.1)
[IK_SHARD_VERT] mesh='male_crowd_body01.mesh' wext=86 worstVtx=32 domBone[21]='bone_L-toe.mesh' w=1.00 vertR=16.2 vertDevFromCentroid=38 bindVert=(-5.8,9.1,0.1)
[IK_SHARD_VERT] mesh='male_crowd_body02.mesh' wext=87 worstVtx=155 domBone[6]='bone_L-toe.mesh' w=1.00 vertR=16.7 vertDevFromCentroid=38 bindVert=(-5.5,9.1,0.3)
[IK_SHARD_VERT] mesh='clap.mesh' wext=652 worstVtx=54 domBone[7]='bone_R-index01.mesh' w=0.41 vertR=78.4 vertDevFromCentroid=2821 bindVert=(24.3,-1.3,41.1)
[IK_SHARD_VERT] mesh='female_crowd_body01_lod02.mesh' wext=80 worstVtx=164 domBone[15]='bone_R-toe.mesh' w=1.00 vertR=23.7 vertDevFromCentroid=37 bindVert=(3.6,6.2,-0.2)
[IK_SHARD_VERT] mesh='female_crowd_body02.mesh' wext=81 worstVtx=24 domBone[4]='bone_R-ankle.mesh' w=0.77 vertR=15.2 vertDevFromCentroid=37 bindVert=(6.1,0.3,-0.2)
[IK_SHARD_VERT] mesh='clap.mesh' wext=658 worstVtx=37 domBone[6]='bone_R-forearm.mesh' w=0.80 vertR=93.1 vertDevFromCentroid=2971 bindVert=(21.0,-1.1,45.3)
[IK_SHARD_VERT] mesh='female_extra_body01.mesh' wext=71 worstVtx=372 domBone[18]='bone_R-toe.mesh' w=1.00 vertR=8.0 vertDevFromCentroid=32 bindVert=(4.7,6.0,-0.2)
[IK_SHARD_VERT] mesh='male_extras_body01_medium.mesh' wext=78 worstVtx=228 domBone[27]='bone_R-toe.mesh' w=1.00 vertR=9.9 vertDevFromCentroid=32 bindVert=(6.4,9.1,0.2)
[IK_SHARD_VERT] mesh='female_crowd_body01_lod02.mesh' wext=80 worstVtx=164 domBone[15]='bone_R-toe.mesh' w=1.00 vertR=23.7 vertDevFromCentroid=37 bindVert=(3.6,6.2,-0.2)
[IK_SHARD_VERT] mesh='female_crowd_body02.mesh' wext=81 worstVtx=24 domBone[4]='bone_R-ankle.mesh' w=0.77 vertR=15.2 vertDevFromCentroid=37 bindVert=(6.1,0.3,-0.2)
[IK_SHARD_VERT] mesh='female_crowd_body03.mesh' wext=87 worstVtx=48 domBone[21]='bone_R-ankle.mesh' w=1.00 vertR=24.5 vertDevFromCentroid=40 bindVert=(3.3,-4.9,-0.2)
[IK_SHARD_VERT] mesh='female_crowd_body04.mesh' wext=80 worstVtx=48 domBone[6]='bone_R-ankle.mesh' w=1.00 vertR=10.7 vertDevFromCentroid=37 bindVert=(5.5,-3.6,-0.2)
[IK_SHARD_VERT] mesh='male_crowd_body01.mesh' wext=86 worstVtx=32 domBone[21]='bone_L-toe.mesh' w=1.00 vertR=16.2 vertDevFromCentroid=38 bindVert=(-5.8,9.1,0.1)
[IK_SHARD_VERT] mesh='male_crowd_body02.mesh' wext=87 worstVtx=155 domBone[6]='bone_L-toe.mesh' w=1.00 vertR=16.7 vertDevFromCentroid=38 bindVert=(-5.5,9.1,0.3)
[IK_SHARD_VERT] mesh='male_crowd_body03.mesh' wext=89 worstVtx=64 domBone[5]='bone_R-ankle.mesh' w=1.00 vertR=21.3 vertDevFromCentroid=40 bindVert=(1.2,0.1,-0.1)
[IK_SHARD_VERT] mesh='male_crowd_body04.mesh' wext=90 worstVtx=252 domBone[18]='bone_R-ankle.mesh' w=1.00 vertR=22.0 vertDevFromCentroid=41 bindVert=(3.1,-1.3,-0.2)
[IK_SHARD_VERT] mesh='female_extra_body02.mesh' wext=72 worstVtx=210 domBone[22]='bone_R-ankle.mesh' w=1.00 vertR=10.2 vertDevFromCentroid=32 bindVert=(4.7,-5.3,-0.2)
[IK_SHARD_VERT] mesh='male_extras_body02_medium.mesh' wext=77 worstVtx=15 domBone[18]='bone_R-toe.mesh' w=0.85 vertR=8.7 vertDevFromCentroid=32 bindVert=(5.8,7.7,0.1)
[IK_SHARD_VERT] mesh='male_extras_body03_medium.mesh' wext=66 worstVtx=40 domBone[17]='bone_R-toe.mesh' w=1.00 vertR=11.4 vertDevFromCentroid=32 bindVert=(5.3,10.7,0.6)
[IK_SHARD_VERT] mesh='male_extras_body11_medium.mesh' wext=70 worstVtx=35 domBone[12]='bone_L-ankle.mesh' w=0.82 vertR=6.8 vertDevFromCentroid=32 bindVert=(-6.8,6.1,-0.0)
[IK_SHARD_VERT] mesh='clap.mesh' wext=747 worstVtx=37 domBone[6]='bone_R-forearm.mesh' w=0.80 vertR=93.1 vertDevFromCentroid=3063 bindVert=(21.0,-1.1,45.3)
[IK_SHARD_VERT] mesh='clap.mesh' wext=627 worstVtx=37 domBone[6]='bone_R-forearm.mesh' w=0.80 vertR=93.1 vertDevFromCentroid=2663 bindVert=(21.0,-1.1,45.3)
[IK_SHARD_VERT] mesh='male_crowd_body01.mesh' wext=86 worstVtx=32 domBone[21]='bone_L-toe.mesh' w=1.00 vertR=16.2 vertDevFromCentroid=38 bindVert=(-5.8,9.1,0.1)
[IK_SHARD_VERT] mesh='clap.mesh' wext=755 worstVtx=54 domBone[7]='bone_R-index01.mesh' w=0.41 vertR=78.4 vertDevFromCentroid=3072 bindVert=(24.3,-1.3,41.1)
[IK_SHARD_VERT] mesh='male_crowd_body02.mesh' wext=87 worstVtx=155 domBone[6]='bone_L-toe.mesh' w=1.00 vertR=16.7 vertDevFromCentroid=38 bindVert=(-5.5,9.1,0.3)
[IK_SHARD_VERT] mesh='female_crowd_body01_lod02.mesh' wext=80 worstVtx=164 domBone[15]='bone_R-toe.mesh' w=1.00 vertR=23.7 vertDevFromCentroid=37 bindVert=(3.6,6.2,-0.2)
[IK_SHARD_VERT] mesh='female_crowd_body02.mesh' wext=81 worstVtx=24 domBone[4]='bone_R-ankle.mesh' w=0.77 vertR=15.2 vertDevFromCentroid=37 bindVert=(6.1,0.3,-0.2)
[IK_SHARD_VERT] mesh='clap.mesh' wext=641 worstVtx=54 domBone[7]='bone_R-index01.mesh' w=0.41 vertR=78.4 vertDevFromCentroid=2749 bindVert=(24.3,-1.3,41.1)
[IK_SHARD_VERT] mesh='hands_naked.mesh' wext=106 worstVtx=1022 domBone[19]='bone_R-thumb03.mesh' w=1.00 vertR=78.5 vertDevFromCentroid=47 bindVert=(22.3,11.9,20.8)
[HANDS_ATTACH] mesh='hands_naked.mesh' owner='hands_naked.mesh' frame=63 nb=38 wext=105.8 rebound=1
  TIER1 rest-coherence: worst=87.3deg bone[33]='bone_L-middlefinger03.mesh' count(>5deg)=34 freshRecap=0  xcheck(invOff-vs-restW) worst=87.3deg bone[33]
  TIER2 joint-attach(PRIMARY): worst=57.23u bone[17]='bone_R-ringfinger02.mesh' parent[15] R=47.3 exactJoint=0.00u pairs=30  (palette-wide exactWorst=0.33u)
[HANDS_ATTACH] mesh='hands_naked.mesh' owner='hands_naked.mesh' frame=63 nb=40 wext=63.2 rebound=1
  TIER1 rest-coherence: worst=42.6deg bone[30]='bone_L-middlefinger03.mesh' count(>5deg)=36 freshRecap=0  xcheck(invOff-vs-restW) worst=42.6deg bone[30]
  TIER2 joint-attach(PRIMARY): worst=23.31u bone[5]='bone_R-ringfinger02.mesh' parent[24] R=37.9 exactJoint=0.00u pairs=36  (palette-wide exactWorst=0.04u)
[HANDS_ATTACH] mesh='hands_naked.mesh' owner='hands_naked.mesh' frame=63 nb=38 wext=104.9 rebound=1
  TIER1 rest-coherence: worst=87.3deg bone[33]='bone_L-middlefinger03.mesh' count(>5deg)=34 freshRecap=0  xcheck(invOff-vs-restW) worst=87.3deg bone[33]
  TIER2 joint-attach(PRIMARY): worst=57.23u bone[17]='bone_R-ringfinger02.mesh' parent[15] R=47.3 exactJoint=0.00u pairs=30  (palette-wide exactWorst=0.00u)
[HANDS_ATTACH] mesh='gloves_resource.1.mesh' owner='gloves_resource.1.mesh' frame=63 nb=4 wext=6.0 rebound=1
  TIER1 rest-coherence: worst=60.2deg bone[0]='bone_L-index03.mesh' count(>5deg)=4 freshRecap=0  xcheck(invOff-vs-restW) worst=60.2deg bone[0]
  TIER2 joint-attach(PRIMARY): worst=18.08u bone[3]='bone_L-index02.mesh' parent[2] R=47.0 exactJoint=0.36u pairs=3  (palette-wide exactWorst=0.37u)
[HANDS_ATTACH] mesh='gloves_resource.mesh' owner='gloves_resource.mesh' frame=63 nb=40 wext=32.9 rebound=1
  TIER1 rest-coherence: worst=68.8deg bone[32]='bone_L-middlefinger03.mesh' count(>5deg)=40 freshRecap=0  xcheck(invOff-vs-restW) worst=68.8deg bone[32]
  TIER2 joint-attach(PRIMARY): worst=41.23u bone[16]='bone_R-ringfinger02.mesh' parent[19] R=47.3 exactJoint=0.44u pairs=36  (palette-wide exactWorst=6.88u)
[HANDS_ATTACH] mesh='gloves_skin.2.mesh' owner='gloves_skin.2.mesh' frame=63 nb=9 wext=15.0 rebound=1
  TIER1 rest-coherence: worst=38.9deg bone[5]='bone_L-hand.mesh' count(>5deg)=9 freshRecap=0  xcheck(invOff-vs-restW) worst=38.9deg bone[5]
  TIER2 joint-attach(PRIMARY): worst=15.79u bone[3]='bone_R-pinky-base.mesh' parent[2] R=45.0 exactJoint=6.73u pairs=5  (palette-wide exactWorst=6.88u)
[IK_SHARD_VERT] mesh='male_crowd_body01.mesh' wext=86 worstVtx=32 domBone[21]='bone_L-toe.mesh' w=1.00 vertR=16.2 vertDevFromCentroid=38 bindVert=(-5.8,9.1,0.1)
[IK_SHARD_VERT] mesh='clap.mesh' wext=696 worstVtx=54 domBone[7]='bone_R-index01.mesh' w=0.41 vertR=78.4 vertDevFromCentroid=2666 bindVert=(24.3,-1.3,41.1)
[IK_SHARD_VERT] mesh='female_crowd_body01_lod02.mesh' wext=80 worstVtx=164 domBone[15]='bone_R-toe.mesh' w=1.00 vertR=23.7 vertDevFromCentroid=37 bindVert=(3.6,6.2,-0.2)
[IK_SHARD_VERT] mesh='male_crowd_body02.mesh' wext=87 worstVtx=155 domBone[6]='bone_L-toe.mesh' w=1.00 vertR=16.7 vertDevFromCentroid=38 bindVert=(-5.5,9.1,0.3)
[IK_SHARD_VERT] mesh='female_crowd_body02.mesh' wext=81 worstVtx=24 domBone[4]='bone_R-ankle.mesh' w=0.77 vertR=15.2 vertDevFromCentroid=37 bindVert=(6.1,0.3,-0.2)
[IK_SHARD_VERT] mesh='clap.mesh' wext=710 worstVtx=37 domBone[6]='bone_R-forearm.mesh' w=0.80 vertR=93.1 vertDevFromCentroid=2771 bindVert=(21.0,-1.1,45.3)
[IK_SHARD_VERT] mesh='male_crowd_body01.mesh' wext=86 worstVtx=32 domBone[21]='bone_L-toe.mesh' w=1.00 vertR=16.2 vertDevFromCentroid=38 bindVert=(-5.8,9.1,0.1)
[IK_SHARD_VERT] mesh='clap.mesh' wext=637 worstVtx=37 domBone[6]='bone_R-forearm.mesh' w=0.80 vertR=93.1 vertDevFromCentroid=2796 bindVert=(21.0,-1.1,45.3)
[IK_SHARD_VERT] mesh='male_crowd_body02.mesh' wext=87 worstVtx=155 domBone[6]='bone_L-toe.mesh' w=1.00 vertR=16.7 vertDevFromCentroid=38 bindVert=(-5.5,9.1,0.3)
[IK_SHARD_VERT] mesh='female_crowd_body01_lod02.mesh' wext=80 worstVtx=164 domBone[15]='bone_R-toe.mesh' w=1.00 vertR=23.7 vertDevFromCentroid=37 bindVert=(3.6,6.2,-0.2)
[IK_SHARD_VERT] mesh='female_crowd_body02.mesh' wext=81 worstVtx=24 domBone[4]='bone_R-ankle.mesh' w=0.77 vertR=15.2 vertDevFromCentroid=37 bindVert=(6.1,0.3,-0.2)
[HANDS_ATTACH] mesh='fingernails_resource.mesh' owner='fingernails_resource.mesh' frame=65 nb=10 wext=47.8 rebound=1
  TIER1 rest-coherence: worst=174.5deg bone[3]='bone_R-index03.mesh' count(>5deg)=10 freshRecap=10  xcheck(invOff-vs-restW) worst=174.4deg bone[3]
  TIER2 joint-attach(PRIMARY): worst=0.00u bone[-1]='?' parent[-1] R=0.0 exactJoint=0.00u pairs=0  (palette-wide exactWorst=0.00u)
[HANDS_ATTACH] mesh='fingernails_resource.mesh' owner='fingernails_resource.mesh' frame=65 nb=10 wext=25.5 rebound=1
  TIER1 rest-coherence: worst=176.9deg bone[8]='bone_L-ringfinger03.mesh' count(>5deg)=10 freshRecap=10  xcheck(invOff-vs-restW) worst=176.7deg bone[8]
  TIER2 joint-attach(PRIMARY): worst=0.00u bone[-1]='?' parent[-1] R=0.0 exactJoint=0.00u pairs=0  (palette-wide exactWorst=0.00u)
[HANDS_ATTACH] mesh='fingernails_resource.mesh' owner='fingernails_resource.mesh' frame=65 nb=10 wext=44.6 rebound=1
  TIER1 rest-coherence: worst=168.8deg bone[7]='bone_L-middlefinger03.mesh' count(>5deg)=10 freshRecap=10  xcheck(invOff-vs-restW) worst=168.7deg bone[7]
  TIER2 joint-attach(PRIMARY): worst=0.00u bone[-1]='?' parent[-1] R=0.0 exactJoint=0.00u pairs=0  (palette-wide exactWorst=0.00u)
[IK_SHARD_VERT] mesh='hands_naked.mesh' wext=82 worstVtx=1407 domBone[2]='bone_R-pinky03.mesh' w=1.00 vertR=58.0 vertDevFromCentroid=36 bindVert=(24.0,-4.3,14.5)
[HANDS_ATTACH] mesh='hands_naked.mesh' owner='hands_naked.mesh' frame=74 nb=38 wext=81.8 rebound=1
  TIER1 rest-coherence: worst=87.3deg bone[33]='bone_L-middlefinger03.mesh' count(>5deg)=34 freshRecap=0  xcheck(invOff-vs-restW) worst=87.3deg bone[33]
  TIER2 joint-attach(PRIMARY): worst=31.26u bone[34]='bone_L-pinky02.mesh' parent[37] R=47.4 exactJoint=0.00u pairs=30  (palette-wide exactWorst=0.33u)
[HANDS_ATTACH] mesh='hands_naked.mesh' owner='hands_naked.mesh' frame=74 nb=40 wext=58.4 rebound=1
  TIER1 rest-coherence: worst=42.6deg bone[30]='bone_L-middlefinger03.mesh' count(>5deg)=36 freshRecap=0  xcheck(invOff-vs-restW) worst=42.6deg bone[30]
  TIER2 joint-attach(PRIMARY): worst=51.62u bone[9]='bone_R-pinky02.mesh' parent[14] R=38.4 exactJoint=0.00u pairs=36  (palette-wide exactWorst=0.04u)
[HANDS_ATTACH] mesh='hands_naked.mesh' owner='hands_naked.mesh' frame=74 nb=38 wext=92.9 rebound=1
  TIER1 rest-coherence: worst=87.3deg bone[33]='bone_L-middlefinger03.mesh' count(>5deg)=34 freshRecap=0  xcheck(invOff-vs-restW) worst=87.3deg bone[33]
  TIER2 joint-attach(PRIMARY): worst=64.85u bone[18]='bone_R-pinky02.mesh' parent[14] R=47.4 exactJoint=0.00u pairs=30  (palette-wide exactWorst=0.00u)
[HANDS_ATTACH] mesh='gloves_resource.1.mesh' owner='gloves_resource.1.mesh' frame=74 nb=4 wext=2.6 rebound=1
  TIER1 rest-coherence: worst=60.2deg bone[0]='bone_L-index03.mesh' count(>5deg)=4 freshRecap=0  xcheck(invOff-vs-restW) worst=60.2deg bone[0]
  TIER2 joint-attach(PRIMARY): worst=7.13u bone[0]='bone_L-index03.mesh' parent[3] R=46.7 exactJoint=0.16u pairs=3  (palette-wide exactWorst=0.37u)
[HANDS_ATTACH] mesh='gloves_resource.mesh' owner='gloves_resource.mesh' frame=74 nb=40 wext=37.1 rebound=1
  TIER1 rest-coherence: worst=68.8deg bone[32]='bone_L-middlefinger03.mesh' count(>5deg)=40 freshRecap=0  xcheck(invOff-vs-restW) worst=68.8deg bone[32]
  TIER2 joint-attach(PRIMARY): worst=48.81u bone[17]='bone_R-pinky02.mesh' parent[4] R=47.4 exactJoint=0.40u pairs=36  (palette-wide exactWorst=6.88u)
[HANDS_ATTACH] mesh='gloves_skin.2.mesh' owner='gloves_skin.2.mesh' frame=74 nb=9 wext=10.0 rebound=1
  TIER1 rest-coherence: worst=38.9deg bone[5]='bone_L-hand.mesh' count(>5deg)=9 freshRecap=0  xcheck(invOff-vs-restW) worst=38.9deg bone[5]
  TIER2 joint-attach(PRIMARY): worst=15.79u bone[3]='bone_R-pinky-base.mesh' parent[2] R=45.0 exactJoint=6.73u pairs=5  (palette-wide exactWorst=6.88u)
[IK_SHARD_VERT] mesh='hands_naked.mesh' wext=82 worstVtx=1407 domBone[2]='bone_R-pinky03.mesh' w=1.00 vertR=58.0 vertDevFromCentroid=36 bindVert=(24.0,-4.3,14.5)
[HANDS_ATTACH] mesh='hands_naked.mesh' owner='hands_naked.mesh' frame=84 nb=38 wext=82.3 rebound=1
  TIER1 rest-coherence: worst=87.3deg bone[33]='bone_L-middlefinger03.mesh' count(>5deg)=34 freshRecap=0  xcheck(invOff-vs-restW) worst=87.3deg bone[33]
  TIER2 joint-attach(PRIMARY): worst=28.16u bone[34]='bone_L-pinky02.mesh' parent[37] R=47.4 exactJoint=0.00u pairs=30  (palette-wide exactWorst=0.33u)
[HANDS_ATTACH] mesh='hands_naked.mesh' owner='hands_naked.mesh' frame=84 nb=40 wext=58.7 rebound=1
  TIER1 rest-coherence: worst=42.6deg bone[30]='bone_L-middlefinger03.mesh' count(>5deg)=36 freshRecap=0  xcheck(invOff-vs-restW) worst=42.6deg bone[30]
  TIER2 joint-attach(PRIMARY): worst=48.50u bone[9]='bone_R-pinky02.mesh' parent[14] R=38.4 exactJoint=0.00u pairs=36  (palette-wide exactWorst=0.04u)
[HANDS_ATTACH] mesh='hands_naked.mesh' owner='hands_naked.mesh' frame=84 nb=38 wext=92.6 rebound=1
  TIER1 rest-coherence: worst=87.3deg bone[33]='bone_L-middlefinger03.mesh' count(>5deg)=34 freshRecap=0  xcheck(invOff-vs-restW) worst=87.3deg bone[33]
  TIER2 joint-attach(PRIMARY): worst=65.01u bone[18]='bone_R-pinky02.mesh' parent[14] R=47.4 exactJoint=0.00u pairs=30  (palette-wide exactWorst=0.00u)
[HANDS_ATTACH] mesh='gloves_resource.1.mesh' owner='gloves_resource.1.mesh' frame=84 nb=4 wext=2.9 rebound=1
  TIER1 rest-coherence: worst=60.2deg bone[0]='bone_L-index03.mesh' count(>5deg)=4 freshRecap=0  xcheck(invOff-vs-restW) worst=60.2deg bone[0]
  TIER2 joint-attach(PRIMARY): worst=7.67u bone[2]='bone_L-index01.mesh' parent[1] R=47.9 exactJoint=0.37u pairs=3  (palette-wide exactWorst=0.37u)
[HANDS_ATTACH] mesh='gloves_resource.mesh' owner='gloves_resource.mesh' frame=84 nb=40 wext=34.8 rebound=1
  TIER1 rest-coherence: worst=68.8deg bone[32]='bone_L-middlefinger03.mesh' count(>5deg)=40 freshRecap=0  xcheck(invOff-vs-restW) worst=68.8deg bone[32]
  TIER2 joint-attach(PRIMARY): worst=49.03u bone[17]='bone_R-pinky02.mesh' parent[4] R=47.4 exactJoint=0.40u pairs=36  (palette-wide exactWorst=6.88u)
[HANDS_ATTACH] mesh='gloves_skin.2.mesh' owner='gloves_skin.2.mesh' frame=84 nb=9 wext=9.4 rebound=1
  TIER1 rest-coherence: worst=38.9deg bone[5]='bone_L-hand.mesh' count(>5deg)=9 freshRecap=0  xcheck(invOff-vs-restW) worst=38.9deg bone[5]
  TIER2 joint-attach(PRIMARY): worst=15.80u bone[3]='bone_R-pinky-base.mesh' parent[2] R=45.0 exactJoint=6.73u pairs=5  (palette-wide exactWorst=6.88u)
[HANDS_ATTACH] mesh='fingernails_resource.mesh' owner='fingernails_resource.mesh' frame=85 nb=10 wext=46.5 rebound=1
  TIER1 rest-coherence: worst=174.5deg bone[3]='bone_R-index03.mesh' count(>5deg)=10 freshRecap=0  xcheck(invOff-vs-restW) worst=174.4deg bone[3]
  TIER2 joint-attach(PRIMARY): worst=0.00u bone[-1]='?' parent[-1] R=0.0 exactJoint=0.00u pairs=0  (palette-wide exactWorst=0.00u)
[HANDS_ATTACH] mesh='fingernails_resource.mesh' owner='fingernails_resource.mesh' frame=85 nb=10 wext=24.9 rebound=1
  TIER1 rest-coherence: worst=176.9deg bone[8]='bone_L-ringfinger03.mesh' count(>5deg)=10 freshRecap=0  xcheck(invOff-vs-restW) worst=176.7deg bone[8]
  TIER2 joint-attach(PRIMARY): worst=0.00u bone[-1]='?' parent[-1] R=0.0 exactJoint=0.00u pairs=0  (palette-wide exactWorst=0.00u)
[HANDS_ATTACH] mesh='fingernails_resource.mesh' owner='fingernails_resource.mesh' frame=85 nb=10 wext=42.6 rebound=1
  TIER1 rest-coherence: worst=168.8deg bone[7]='bone_L-middlefinger03.mesh' count(>5deg)=10 freshRecap=0  xcheck(invOff-vs-restW) worst=168.7deg bone[7]
  TIER2 joint-attach(PRIMARY): worst=0.00u bone[-1]='?' parent[-1] R=0.0 exactJoint=0.00u pairs=0  (palette-wide exactWorst=0.00u)
[IK_SHARD_VERT] mesh='hands_naked.mesh' wext=82 worstVtx=1407 domBone[2]='bone_R-pinky03.mesh' w=1.00 vertR=58.0 vertDevFromCentroid=36 bindVert=(24.0,-4.3,14.5)
[IK_SHARD_VERT] mesh='hands_naked.mesh' wext=83 worstVtx=1407 domBone[2]='bone_R-pinky03.mesh' w=1.00 vertR=58.0 vertDevFromCentroid=36 bindVert=(24.0,-4.3,14.5)
[HANDS_ATTACH] mesh='hands_naked.mesh' owner='hands_naked.mesh' frame=94 nb=38 wext=83.0 rebound=1
  TIER1 rest-coherence: worst=87.3deg bone[33]='bone_L-middlefinger03.mesh' count(>5deg)=34 freshRecap=0  xcheck(invOff-vs-restW) worst=87.3deg bone[33]
  TIER2 joint-attach(PRIMARY): worst=25.04u bone[34]='bone_L-pinky02.mesh' parent[37] R=47.4 exactJoint=0.00u pairs=30  (palette-wide exactWorst=0.33u)
[HANDS_ATTACH] mesh='hands_naked.mesh' owner='hands_naked.mesh' frame=94 nb=40 wext=58.8 rebound=1
  TIER1 rest-coherence: worst=42.6deg bone[30]='bone_L-middlefinger03.mesh' count(>5deg)=36 freshRecap=0  xcheck(invOff-vs-restW) worst=42.6deg bone[30]
  TIER2 joint-attach(PRIMARY): worst=45.39u bone[9]='bone_R-pinky02.mesh' parent[14] R=38.4 exactJoint=0.00u pairs=36  (palette-wide exactWorst=0.04u)
[HANDS_ATTACH] mesh='hands_naked.mesh' owner='hands_naked.mesh' frame=94 nb=38 wext=92.2 rebound=1
  TIER1 rest-coherence: worst=87.3deg bone[33]='bone_L-middlefinger03.mesh' count(>5deg)=34 freshRecap=0  xcheck(invOff-vs-restW) worst=87.3deg bone[33]
  TIER2 joint-attach(PRIMARY): worst=65.16u bone[18]='bone_R-pinky02.mesh' parent[14] R=47.4 exactJoint=0.00u pairs=30  (palette-wide exactWorst=0.00u)
[HANDS_ATTACH] mesh='gloves_resource.1.mesh' owner='gloves_resource.1.mesh' frame=94 nb=4 wext=3.5 rebound=1
  TIER1 rest-coherence: worst=60.2deg bone[0]='bone_L-index03.mesh' count(>5deg)=4 freshRecap=0  xcheck(invOff-vs-restW) worst=60.2deg bone[0]
  TIER2 joint-attach(PRIMARY): worst=8.25u bone[2]='bone_L-index01.mesh' parent[1] R=47.9 exactJoint=0.37u pairs=3  (palette-wide exactWorst=0.37u)
[HANDS_ATTACH] mesh='gloves_resource.mesh' owner='gloves_resource.mesh' frame=94 nb=40 wext=33.8 rebound=1
  TIER1 rest-coherence: worst=68.8deg bone[32]='bone_L-middlefinger03.mesh' count(>5deg)=40 freshRecap=0  xcheck(invOff-vs-restW) worst=68.8deg bone[32]
  TIER2 joint-attach(PRIMARY): worst=49.23u bone[17]='bone_R-pinky02.mesh' parent[4] R=47.4 exactJoint=0.40u pairs=36  (palette-wide exactWorst=6.88u)
[HANDS_ATTACH] mesh='gloves_skin.2.mesh' owner='gloves_skin.2.mesh' frame=94 nb=9 wext=8.7 rebound=1
  TIER1 rest-coherence: worst=38.9deg bone[5]='bone_L-hand.mesh' count(>5deg)=9 freshRecap=0  xcheck(invOff-vs-restW) worst=38.9deg bone[5]
  TIER2 joint-attach(PRIMARY): worst=15.79u bone[3]='bone_R-pinky-base.mesh' parent[2] R=45.0 exactJoint=6.73u pairs=5  (palette-wide exactWorst=6.88u)
[IK_SHARD_VERT] mesh='hands_naked.mesh' wext=83 worstVtx=1407 domBone[2]='bone_R-pinky03.mesh' w=1.00 vertR=58.0 vertDevFromCentroid=36 bindVert=(24.0,-4.3,14.5)
[HANDS_ATTACH] mesh='hands_naked.mesh' owner='hands_naked.mesh' frame=104 nb=38 wext=83.5 rebound=1
  TIER1 rest-coherence: worst=87.3deg bone[33]='bone_L-middlefinger03.mesh' count(>5deg)=34 freshRecap=0  xcheck(invOff-vs-restW) worst=87.3deg bone[33]
  TIER2 joint-attach(PRIMARY): worst=22.60u bone[36]='bone_L-ringfinger03.mesh' parent[32] R=47.2 exactJoint=0.00u pairs=30  (palette-wide exactWorst=0.33u)
[HANDS_ATTACH] mesh='hands_naked.mesh' owner='hands_naked.mesh' frame=104 nb=40 wext=58.9 rebound=1
  TIER1 rest-coherence: worst=42.6deg bone[30]='bone_L-middlefinger03.mesh' count(>5deg)=36 freshRecap=0  xcheck(invOff-vs-restW) worst=42.6deg bone[30]
  TIER2 joint-attach(PRIMARY): worst=42.49u bone[9]='bone_R-pinky02.mesh' parent[14] R=38.4 exactJoint=0.00u pairs=36  (palette-wide exactWorst=0.04u)
[HANDS_ATTACH] mesh='hands_naked.mesh' owner='hands_naked.mesh' frame=104 nb=38 wext=91.8 rebound=1
  TIER1 rest-coherence: worst=87.3deg bone[33]='bone_L-middlefinger03.mesh' count(>5deg)=34 freshRecap=0  xcheck(invOff-vs-restW) worst=87.3deg bone[33]
  TIER2 joint-attach(PRIMARY): worst=65.30u bone[18]='bone_R-pinky02.mesh' parent[14] R=47.4 exactJoint=0.00u pairs=30  (palette-wide exactWorst=0.00u)
[HANDS_ATTACH] mesh='gloves_resource.1.mesh' owner='gloves_resource.1.mesh' frame=104 nb=4 wext=4.0 rebound=1
  TIER1 rest-coherence: worst=60.2deg bone[0]='bone_L-index03.mesh' count(>5deg)=4 freshRecap=0  xcheck(invOff-vs-restW) worst=60.2deg bone[0]
  TIER2 joint-attach(PRIMARY): worst=8.78u bone[2]='bone_L-index01.mesh' parent[1] R=47.9 exactJoint=0.37u pairs=3  (palette-wide exactWorst=0.37u)
[HANDS_ATTACH] mesh='gloves_resource.mesh' owner='gloves_resource.mesh' frame=104 nb=40 wext=32.8 rebound=1
  TIER1 rest-coherence: worst=68.8deg bone[32]='bone_L-middlefinger03.mesh' count(>5deg)=40 freshRecap=0  xcheck(invOff-vs-restW) worst=68.8deg bone[32]
  TIER2 joint-attach(PRIMARY): worst=49.41u bone[17]='bone_R-pinky02.mesh' parent[4] R=47.4 exactJoint=0.40u pairs=36  (palette-wide exactWorst=6.88u)
[HANDS_ATTACH] mesh='gloves_skin.2.mesh' owner='gloves_skin.2.mesh' frame=104 nb=9 wext=8.1 rebound=1
  TIER1 rest-coherence: worst=38.9deg bone[5]='bone_L-hand.mesh' count(>5deg)=9 freshRecap=0  xcheck(invOff-vs-restW) worst=38.9deg bone[5]
  TIER2 joint-attach(PRIMARY): worst=15.79u bone[3]='bone_R-pinky-base.mesh' parent[2] R=45.0 exactJoint=6.73u pairs=5  (palette-wide exactWorst=6.88u)
[HANDS_ATTACH] mesh='fingernails_resource.mesh' owner='fingernails_resource.mesh' frame=105 nb=10 wext=44.8 rebound=1
  TIER1 rest-coherence: worst=174.5deg bone[3]='bone_R-index03.mesh' count(>5deg)=10 freshRecap=0  xcheck(invOff-vs-restW) worst=174.4deg bone[3]
  TIER2 joint-attach(PRIMARY): worst=0.00u bone[-1]='?' parent[-1] R=0.0 exactJoint=0.00u pairs=0  (palette-wide exactWorst=0.00u)
[HANDS_ATTACH] mesh='fingernails_resource.mesh' owner='fingernails_resource.mesh' frame=105 nb=10 wext=25.1 rebound=1
  TIER1 rest-coherence: worst=176.9deg bone[8]='bone_L-ringfinger03.mesh' count(>5deg)=10 freshRecap=0  xcheck(invOff-vs-restW) worst=176.7deg bone[8]
  TIER2 joint-attach(PRIMARY): worst=0.00u bone[-1]='?' parent[-1] R=0.0 exactJoint=0.00u pairs=0  (palette-wide exactWorst=0.00u)
[HANDS_ATTACH] mesh='fingernails_resource.mesh' owner='fingernails_resource.mesh' frame=105 nb=10 wext=40.7 rebound=1
  TIER1 rest-coherence: worst=168.8deg bone[7]='bone_L-middlefinger03.mesh' count(>5deg)=10 freshRecap=0  xcheck(invOff-vs-restW) worst=168.7deg bone[7]
  TIER2 joint-attach(PRIMARY): worst=0.00u bone[-1]='?' parent[-1] R=0.0 exactJoint=0.00u pairs=0  (palette-wide exactWorst=0.00u)
[IK_SHARD_VERT] mesh='hands_naked.mesh' wext=84 worstVtx=686 domBone[25]='bone_L-thumb01.mesh' w=1.00 vertR=33.4 vertDevFromCentroid=36 bindVert=(-22.3,-14.6,64.5)
[HANDS_ATTACH] mesh='hands_naked.mesh' owner='hands_naked.mesh' frame=114 nb=38 wext=83.8 rebound=1
  TIER1 rest-coherence: worst=87.3deg bone[33]='bone_L-middlefinger03.mesh' count(>5deg)=34 freshRecap=0  xcheck(invOff-vs-restW) worst=87.3deg bone[33]
  TIER2 joint-attach(PRIMARY): worst=21.68u bone[9]='bone_R-thumb01.mesh' parent[13] R=48.5 exactJoint=0.00u pairs=30  (palette-wide exactWorst=0.33u)
[HANDS_ATTACH] mesh='hands_naked.mesh' owner='hands_naked.mesh' frame=114 nb=40 wext=58.7 rebound=1
  TIER1 rest-coherence: worst=42.6deg bone[30]='bone_L-middlefinger03.mesh' count(>5deg)=36 freshRecap=0  xcheck(invOff-vs-restW) worst=42.6deg bone[30]
  TIER2 joint-attach(PRIMARY): worst=39.67u bone[9]='bone_R-pinky02.mesh' parent[14] R=38.4 exactJoint=0.00u pairs=36  (palette-wide exactWorst=0.04u)
[HANDS_ATTACH] mesh='hands_naked.mesh' owner='hands_naked.mesh' frame=114 nb=38 wext=91.5 rebound=1
  TIER1 rest-coherence: worst=87.3deg bone[33]='bone_L-middlefinger03.mesh' count(>5deg)=34 freshRecap=0  xcheck(invOff-vs-restW) worst=87.3deg bone[33]
  TIER2 joint-attach(PRIMARY): worst=65.46u bone[18]='bone_R-pinky02.mesh' parent[14] R=47.4 exactJoint=0.00u pairs=30  (palette-wide exactWorst=0.00u)
[HANDS_ATTACH] mesh='gloves_resource.1.mesh' owner='gloves_resource.1.mesh' frame=114 nb=4 wext=4.6 rebound=1
  TIER1 rest-coherence: worst=60.2deg bone[0]='bone_L-index03.mesh' count(>5deg)=4 freshRecap=0  xcheck(invOff-vs-restW) worst=60.2deg bone[0]
  TIER2 joint-attach(PRIMARY): worst=9.30u bone[2]='bone_L-index01.mesh' parent[1] R=47.9 exactJoint=0.37u pairs=3  (palette-wide exactWorst=0.37u)
[HANDS_ATTACH] mesh='gloves_resource.mesh' owner='gloves_resource.mesh' frame=114 nb=40 wext=32.2 rebound=1
  TIER1 rest-coherence: worst=68.8deg bone[32]='bone_L-middlefinger03.mesh' count(>5deg)=40 freshRecap=0  xcheck(invOff-vs-restW) worst=68.8deg bone[32]
  TIER2 joint-attach(PRIMARY): worst=49.59u bone[17]='bone_R-pinky02.mesh' parent[4] R=47.4 exactJoint=0.40u pairs=36  (palette-wide exactWorst=6.88u)
[HANDS_ATTACH] mesh='gloves_skin.2.mesh' owner='gloves_skin.2.mesh' frame=114 nb=9 wext=7.6 rebound=1
  TIER1 rest-coherence: worst=38.9deg bone[5]='bone_L-hand.mesh' count(>5deg)=9 freshRecap=0  xcheck(invOff-vs-restW) worst=38.9deg bone[5]
  TIER2 joint-attach(PRIMARY): worst=15.80u bone[3]='bone_R-pinky-base.mesh' parent[2] R=45.0 exactJoint=6.73u pairs=5  (palette-wide exactWorst=6.88u)
[IK_SHARD_VERT] mesh='hands_naked.mesh' wext=84 worstVtx=686 domBone[25]='bone_L-thumb01.mesh' w=1.00 vertR=33.4 vertDevFromCentroid=37 bindVert=(-22.3,-14.6,64.5)
[IK_SHARD_VERT] mesh='hands_naked.mesh' wext=84 worstVtx=686 domBone[25]='bone_L-thumb01.mesh' w=1.00 vertR=33.4 vertDevFromCentroid=37 bindVert=(-22.3,-14.6,64.5)
[HANDS_ATTACH] mesh='hands_naked.mesh' owner='hands_naked.mesh' frame=124 nb=38 wext=83.7 rebound=1
  TIER1 rest-coherence: worst=87.3deg bone[33]='bone_L-middlefinger03.mesh' count(>5deg)=34 freshRecap=0  xcheck(invOff-vs-restW) worst=87.3deg bone[33]
  TIER2 joint-attach(PRIMARY): worst=21.68u bone[9]='bone_R-thumb01.mesh' parent[13] R=48.5 exactJoint=0.00u pairs=30  (palette-wide exactWorst=0.33u)
[HANDS_ATTACH] mesh='hands_naked.mesh' owner='hands_naked.mesh' frame=124 nb=40 wext=58.4 rebound=1
  TIER1 rest-coherence: worst=42.6deg bone[30]='bone_L-middlefinger03.mesh' count(>5deg)=36 freshRecap=0  xcheck(invOff-vs-restW) worst=42.6deg bone[30]
  TIER2 joint-attach(PRIMARY): worst=36.81u bone[9]='bone_R-pinky02.mesh' parent[14] R=38.4 exactJoint=0.00u pairs=36  (palette-wide exactWorst=0.04u)
[HANDS_ATTACH] mesh='hands_naked.mesh' owner='hands_naked.mesh' frame=124 nb=38 wext=91.2 rebound=1
  TIER1 rest-coherence: worst=87.3deg bone[33]='bone_L-middlefinger03.mesh' count(>5deg)=34 freshRecap=0  xcheck(invOff-vs-restW) worst=87.3deg bone[33]
  TIER2 joint-attach(PRIMARY): worst=65.58u bone[18]='bone_R-pinky02.mesh' parent[14] R=47.4 exactJoint=0.00u pairs=30  (palette-wide exactWorst=0.00u)
[HANDS_ATTACH] mesh='gloves_resource.1.mesh' owner='gloves_resource.1.mesh' frame=124 nb=4 wext=5.1 rebound=1
  TIER1 rest-coherence: worst=60.2deg bone[0]='bone_L-index03.mesh' count(>5deg)=4 freshRecap=0  xcheck(invOff-vs-restW) worst=60.2deg bone[0]
  TIER2 joint-attach(PRIMARY): worst=9.82u bone[2]='bone_L-index01.mesh' parent[1] R=47.9 exactJoint=0.37u pairs=3  (palette-wide exactWorst=0.37u)
[HANDS_ATTACH] mesh='gloves_resource.mesh' owner='gloves_resource.mesh' frame=124 nb=40 wext=32.0 rebound=1
  TIER1 rest-coherence: worst=68.8deg bone[32]='bone_L-middlefinger03.mesh' count(>5deg)=40 freshRecap=0  xcheck(invOff-vs-restW) worst=68.8deg bone[32]
  TIER2 joint-attach(PRIMARY): worst=49.76u bone[17]='bone_R-pinky02.mesh' parent[4] R=47.4 exactJoint=0.40u pairs=36  (palette-wide exactWorst=6.88u)
[HANDS_ATTACH] mesh='gloves_skin.2.mesh' owner='gloves_skin.2.mesh' frame=124 nb=9 wext=7.3 rebound=1
  TIER1 rest-coherence: worst=38.9deg bone[5]='bone_L-hand.mesh' count(>5deg)=9 freshRecap=0  xcheck(invOff-vs-restW) worst=38.9deg bone[5]
  TIER2 joint-attach(PRIMARY): worst=15.79u bone[3]='bone_R-pinky-base.mesh' parent[2] R=45.0 exactJoint=6.73u pairs=5  (palette-wide exactWorst=6.88u)
[HANDS_ATTACH] mesh='fingernails_resource.mesh' owner='fingernails_resource.mesh' frame=125 nb=10 wext=42.5 rebound=1
  TIER1 rest-coherence: worst=174.5deg bone[3]='bone_R-index03.mesh' count(>5deg)=10 freshRecap=0  xcheck(invOff-vs-restW) worst=174.4deg bone[3]
  TIER2 joint-attach(PRIMARY): worst=0.00u bone[-1]='?' parent[-1] R=0.0 exactJoint=0.00u pairs=0  (palette-wide exactWorst=0.00u)
[HANDS_ATTACH] mesh='fingernails_resource.mesh' owner='fingernails_resource.mesh' frame=125 nb=10 wext=25.4 rebound=1
  TIER1 rest-coherence: worst=176.9deg bone[8]='bone_L-ringfinger03.mesh' count(>5deg)=10 freshRecap=0  xcheck(invOff-vs-restW) worst=176.7deg bone[8]
  TIER2 joint-attach(PRIMARY): worst=0.00u bone[-1]='?' parent[-1] R=0.0 exactJoint=0.00u pairs=0  (palette-wide exactWorst=0.00u)
[HANDS_ATTACH] mesh='fingernails_resource.mesh' owner='fingernails_resource.mesh' frame=125 nb=10 wext=39.2 rebound=1
  TIER1 rest-coherence: worst=168.8deg bone[7]='bone_L-middlefinger03.mesh' count(>5deg)=10 freshRecap=0  xcheck(invOff-vs-restW) worst=168.7deg bone[7]
  TIER2 joint-attach(PRIMARY): worst=0.00u bone[-1]='?' parent[-1] R=0.0 exactJoint=0.00u pairs=0  (palette-wide exactWorst=0.00u)
[IK_SHARD_VERT] mesh='hands_naked.mesh' wext=84 worstVtx=623 domBone[25]='bone_L-thumb01.mesh' w=1.00 vertR=34.9 vertDevFromCentroid=37 bindVert=(-20.7,-15.5,65.2)
[HANDS_ATTACH] mesh='hands_naked.mesh' owner='hands_naked.mesh' frame=134 nb=38 wext=83.5 rebound=1
  TIER1 rest-coherence: worst=87.3deg bone[33]='bone_L-middlefinger03.mesh' count(>5deg)=34 freshRecap=0  xcheck(invOff-vs-restW) worst=87.3deg bone[33]
  TIER2 joint-attach(PRIMARY): worst=21.68u bone[9]='bone_R-thumb01.mesh' parent[13] R=48.5 exactJoint=0.00u pairs=30  (palette-wide exactWorst=0.33u)
[HANDS_ATTACH] mesh='hands_naked.mesh' owner='hands_naked.mesh' frame=134 nb=40 wext=58.1 rebound=1
  TIER1 rest-coherence: worst=42.6deg bone[30]='bone_L-middlefinger03.mesh' count(>5deg)=36 freshRecap=0  xcheck(invOff-vs-restW) worst=42.6deg bone[30]
  TIER2 joint-attach(PRIMARY): worst=33.88u bone[9]='bone_R-pinky02.mesh' parent[14] R=38.4 exactJoint=0.00u pairs=36  (palette-wide exactWorst=0.04u)
[HANDS_ATTACH] mesh='hands_naked.mesh' owner='hands_naked.mesh' frame=134 nb=38 wext=91.3 rebound=1
  TIER1 rest-coherence: worst=87.3deg bone[33]='bone_L-middlefinger03.mesh' count(>5deg)=34 freshRecap=0  xcheck(invOff-vs-restW) worst=87.3deg bone[33]
  TIER2 joint-attach(PRIMARY): worst=65.71u bone[18]='bone_R-pinky02.mesh' parent[14] R=47.4 exactJoint=0.00u pairs=30  (palette-wide exactWorst=0.00u)
[HANDS_ATTACH] mesh='gloves_resource.1.mesh' owner='gloves_resource.1.mesh' frame=134 nb=4 wext=5.7 rebound=1
  TIER1 rest-coherence: worst=60.2deg bone[0]='bone_L-index03.mesh' count(>5deg)=4 freshRecap=0  xcheck(invOff-vs-restW) worst=60.2deg bone[0]
  TIER2 joint-attach(PRIMARY): worst=10.86u bone[3]='bone_L-index02.mesh' parent[2] R=47.0 exactJoint=0.36u pairs=3  (palette-wide exactWorst=0.37u)
[HANDS_ATTACH] mesh='gloves_resource.mesh' owner='gloves_resource.mesh' frame=134 nb=40 wext=32.1 rebound=1
  TIER1 rest-coherence: worst=68.8deg bone[32]='bone_L-middlefinger03.mesh' count(>5deg)=40 freshRecap=0  xcheck(invOff-vs-restW) worst=68.8deg bone[32]
  TIER2 joint-attach(PRIMARY): worst=49.93u bone[17]='bone_R-pinky02.mesh' parent[4] R=47.4 exactJoint=0.40u pairs=36  (palette-wide exactWorst=6.88u)
[HANDS_ATTACH] mesh='gloves_skin.2.mesh' owner='gloves_skin.2.mesh' frame=134 nb=9 wext=7.3 rebound=1
  TIER1 rest-coherence: worst=38.9deg bone[5]='bone_L-hand.mesh' count(>5deg)=9 freshRecap=0  xcheck(invOff-vs-restW) worst=38.9deg bone[5]
  TIER2 joint-attach(PRIMARY): worst=15.80u bone[3]='bone_R-pinky-base.mesh' parent[2] R=45.0 exactJoint=6.73u pairs=5  (palette-wide exactWorst=6.88u)
[IK_SHARD_VERT] mesh='hands_naked.mesh' wext=83 worstVtx=623 domBone[25]='bone_L-thumb01.mesh' w=1.00 vertR=34.9 vertDevFromCentroid=38 bindVert=(-20.7,-15.5,65.2)
[HANDS_ATTACH] mesh='hands_naked.mesh' owner='hands_naked.mesh' frame=144 nb=38 wext=83.2 rebound=1
  TIER1 rest-coherence: worst=87.3deg bone[33]='bone_L-middlefinger03.mesh' count(>5deg)=34 freshRecap=0  xcheck(invOff-vs-restW) worst=87.3deg bone[33]
  TIER2 joint-attach(PRIMARY): worst=21.68u bone[9]='bone_R-thumb01.mesh' parent[13] R=48.5 exactJoint=0.00u pairs=30  (palette-wide exactWorst=0.33u)
[HANDS_ATTACH] mesh='hands_naked.mesh' owner='hands_naked.mesh' frame=144 nb=40 wext=57.7 rebound=1
  TIER1 rest-coherence: worst=42.6deg bone[30]='bone_L-middlefinger03.mesh' count(>5deg)=36 freshRecap=0  xcheck(invOff-vs-restW) worst=42.6deg bone[30]
  TIER2 joint-attach(PRIMARY): worst=30.96u bone[9]='bone_R-pinky02.mesh' parent[14] R=38.4 exactJoint=0.00u pairs=36  (palette-wide exactWorst=0.04u)
[HANDS_ATTACH] mesh='hands_naked.mesh' owner='hands_naked.mesh' frame=144 nb=38 wext=91.7 rebound=1
  TIER1 rest-coherence: worst=87.3deg bone[33]='bone_L-middlefinger03.mesh' count(>5deg)=34 freshRecap=0  xcheck(invOff-vs-restW) worst=87.3deg bone[33]
  TIER2 joint-attach(PRIMARY): worst=65.86u bone[18]='bone_R-pinky02.mesh' parent[14] R=47.4 exactJoint=0.00u pairs=30  (palette-wide exactWorst=0.00u)
[HANDS_ATTACH] mesh='gloves_resource.1.mesh' owner='gloves_resource.1.mesh' frame=144 nb=4 wext=6.3 rebound=1
  TIER1 rest-coherence: worst=60.2deg bone[0]='bone_L-index03.mesh' count(>5deg)=4 freshRecap=0  xcheck(invOff-vs-restW) worst=60.2deg bone[0]
  TIER2 joint-attach(PRIMARY): worst=12.65u bone[3]='bone_L-index02.mesh' parent[2] R=47.0 exactJoint=0.36u pairs=3  (palette-wide exactWorst=0.37u)
[HANDS_ATTACH] mesh='gloves_resource.mesh' owner='gloves_resource.mesh' frame=144 nb=40 wext=32.5 rebound=1
  TIER1 rest-coherence: worst=68.8deg bone[32]='bone_L-middlefinger03.mesh' count(>5deg)=40 freshRecap=0  xcheck(invOff-vs-restW) worst=68.8deg bone[32]
  TIER2 joint-attach(PRIMARY): worst=50.10u bone[17]='bone_R-pinky02.mesh' parent[4] R=47.4 exactJoint=0.40u pairs=36  (palette-wide exactWorst=6.88u)
[HANDS_ATTACH] mesh='gloves_skin.2.mesh' owner='gloves_skin.2.mesh' frame=144 nb=9 wext=7.6 rebound=1
  TIER1 rest-coherence: worst=38.9deg bone[5]='bone_L-hand.mesh' count(>5deg)=9 freshRecap=0  xcheck(invOff-vs-restW) worst=38.9deg bone[5]
  TIER2 joint-attach(PRIMARY): worst=15.79u bone[3]='bone_R-pinky-base.mesh' parent[2] R=45.0 exactJoint=6.73u pairs=5  (palette-wide exactWorst=6.88u)
[HANDS_ATTACH] mesh='fingernails_resource.mesh' owner='fingernails_resource.mesh' frame=145 nb=10 wext=40.2 rebound=1
  TIER1 rest-coherence: worst=174.5deg bone[3]='bone_R-index03.mesh' count(>5deg)=10 freshRecap=0  xcheck(invOff-vs-restW) worst=174.4deg bone[3]
  TIER2 joint-attach(PRIMARY): worst=0.00u bone[-1]='?' parent[-1] R=0.0 exactJoint=0.00u pairs=0  (palette-wide exactWorst=0.00u)
[HANDS_ATTACH] mesh='fingernails_resource.mesh' owner='fingernails_resource.mesh' frame=145 nb=10 wext=25.4 rebound=1
  TIER1 rest-coherence: worst=176.9deg bone[8]='bone_L-ringfinger03.mesh' count(>5deg)=10 freshRecap=0  xcheck(invOff-vs-restW) worst=176.7deg bone[8]
  TIER2 joint-attach(PRIMARY): worst=0.00u bone[-1]='?' parent[-1] R=0.0 exactJoint=0.00u pairs=0  (palette-wide exactWorst=0.00u)
[HANDS_ATTACH] mesh='fingernails_resource.mesh' owner='fingernails_resource.mesh' frame=145 nb=10 wext=37.7 rebound=1
  TIER1 rest-coherence: worst=168.8deg bone[7]='bone_L-middlefinger03.mesh' count(>5deg)=10 freshRecap=0  xcheck(invOff-vs-restW) worst=168.7deg bone[7]
  TIER2 joint-attach(PRIMARY): worst=0.00u bone[-1]='?' parent[-1] R=0.0 exactJoint=0.00u pairs=0  (palette-wide exactWorst=0.00u)
[IK_SHARD_VERT] mesh='hands_naked.mesh' wext=83 worstVtx=623 domBone[25]='bone_L-thumb01.mesh' w=1.00 vertR=34.9 vertDevFromCentroid=38 bindVert=(-20.7,-15.5,65.2)
[IK_SHARD_VERT] mesh='hands_naked.mesh' wext=83 worstVtx=623 domBone[25]='bone_L-thumb01.mesh' w=1.00 vertR=34.9 vertDevFromCentroid=38 bindVert=(-20.7,-15.5,65.2)
[HANDS_ATTACH] mesh='hands_naked.mesh' owner='hands_naked.mesh' frame=154 nb=38 wext=82.7 rebound=1
  TIER1 rest-coherence: worst=87.3deg bone[33]='bone_L-middlefinger03.mesh' count(>5deg)=34 freshRecap=0  xcheck(invOff-vs-restW) worst=87.3deg bone[33]
  TIER2 joint-attach(PRIMARY): worst=21.68u bone[9]='bone_R-thumb01.mesh' parent[13] R=48.5 exactJoint=0.00u pairs=30  (palette-wide exactWorst=0.33u)
[HANDS_ATTACH] mesh='hands_naked.mesh' owner='hands_naked.mesh' frame=154 nb=40 wext=57.0 rebound=1
  TIER1 rest-coherence: worst=42.6deg bone[30]='bone_L-middlefinger03.mesh' count(>5deg)=36 freshRecap=0  xcheck(invOff-vs-restW) worst=42.6deg bone[30]
  TIER2 joint-attach(PRIMARY): worst=28.00u bone[9]='bone_R-pinky02.mesh' parent[14] R=38.4 exactJoint=0.00u pairs=36  (palette-wide exactWorst=0.04u)
[HANDS_ATTACH] mesh='hands_naked.mesh' owner='hands_naked.mesh' frame=154 nb=38 wext=92.0 rebound=1
  TIER1 rest-coherence: worst=87.3deg bone[33]='bone_L-middlefinger03.mesh' count(>5deg)=34 freshRecap=0  xcheck(invOff-vs-restW) worst=87.3deg bone[33]
  TIER2 joint-attach(PRIMARY): worst=65.98u bone[18]='bone_R-pinky02.mesh' parent[14] R=47.4 exactJoint=0.00u pairs=30  (palette-wide exactWorst=0.00u)
[HANDS_ATTACH] mesh='gloves_resource.1.mesh' owner='gloves_resource.1.mesh' frame=154 nb=4 wext=6.8 rebound=1
  TIER1 rest-coherence: worst=60.2deg bone[0]='bone_L-index03.mesh' count(>5deg)=4 freshRecap=0  xcheck(invOff-vs-restW) worst=60.2deg bone[0]
  TIER2 joint-attach(PRIMARY): worst=14.40u bone[3]='bone_L-index02.mesh' parent[2] R=47.0 exactJoint=0.36u pairs=3  (palette-wide exactWorst=0.37u)
[HANDS_ATTACH] mesh='gloves_resource.mesh' owner='gloves_resource.mesh' frame=154 nb=40 wext=33.0 rebound=1
  TIER1 rest-coherence: worst=68.8deg bone[32]='bone_L-middlefinger03.mesh' count(>5deg)=40 freshRecap=0  xcheck(invOff-vs-restW) worst=68.8deg bone[32]
  TIER2 joint-attach(PRIMARY): worst=50.23u bone[17]='bone_R-pinky02.mesh' parent[4] R=47.4 exactJoint=0.40u pairs=36  (palette-wide exactWorst=6.88u)
[HANDS_ATTACH] mesh='gloves_skin.2.mesh' owner='gloves_skin.2.mesh' frame=154 nb=9 wext=8.1 rebound=1
  TIER1 rest-coherence: worst=38.9deg bone[5]='bone_L-hand.mesh' count(>5deg)=9 freshRecap=0  xcheck(invOff-vs-restW) worst=38.9deg bone[5]
  TIER2 joint-attach(PRIMARY): worst=15.79u bone[3]='bone_R-pinky-base.mesh' parent[2] R=45.0 exactJoint=6.73u pairs=5  (palette-wide exactWorst=6.88u)
[IK_SHARD_VERT] mesh='hands_naked.mesh' wext=82 worstVtx=623 domBone[25]='bone_L-thumb01.mesh' w=1.00 vertR=34.9 vertDevFromCentroid=38 bindVert=(-20.7,-15.5,65.2)
[HANDS_ATTACH] mesh='hands_naked.mesh' owner='hands_naked.mesh' frame=164 nb=38 wext=82.2 rebound=1
  TIER1 rest-coherence: worst=87.3deg bone[33]='bone_L-middlefinger03.mesh' count(>5deg)=34 freshRecap=0  xcheck(invOff-vs-restW) worst=87.3deg bone[33]
  TIER2 joint-attach(PRIMARY): worst=21.68u bone[9]='bone_R-thumb01.mesh' parent[13] R=48.5 exactJoint=0.00u pairs=30  (palette-wide exactWorst=0.33u)
[HANDS_ATTACH] mesh='hands_naked.mesh' owner='hands_naked.mesh' frame=164 nb=40 wext=56.3 rebound=1
  TIER1 rest-coherence: worst=42.6deg bone[30]='bone_L-middlefinger03.mesh' count(>5deg)=36 freshRecap=0  xcheck(invOff-vs-restW) worst=42.6deg bone[30]
  TIER2 joint-attach(PRIMARY): worst=25.09u bone[9]='bone_R-pinky02.mesh' parent[14] R=38.4 exactJoint=0.00u pairs=36  (palette-wide exactWorst=0.04u)
[HANDS_ATTACH] mesh='hands_naked.mesh' owner='hands_naked.mesh' frame=164 nb=38 wext=92.4 rebound=1
  TIER1 rest-coherence: worst=87.3deg bone[33]='bone_L-middlefinger03.mesh' count(>5deg)=34 freshRecap=0  xcheck(invOff-vs-restW) worst=87.3deg bone[33]
  TIER2 joint-attach(PRIMARY): worst=66.10u bone[18]='bone_R-pinky02.mesh' parent[14] R=47.4 exactJoint=0.00u pairs=30  (palette-wide exactWorst=0.00u)
[HANDS_ATTACH] mesh='gloves_resource.1.mesh' owner='gloves_resource.1.mesh' frame=164 nb=4 wext=7.3 rebound=1
  TIER1 rest-coherence: worst=60.2deg bone[0]='bone_L-index03.mesh' count(>5deg)=4 freshRecap=0  xcheck(invOff-vs-restW) worst=60.2deg bone[0]
  TIER2 joint-attach(PRIMARY): worst=16.08u bone[3]='bone_L-index02.mesh' parent[2] R=47.0 exactJoint=0.36u pairs=3  (palette-wide exactWorst=0.37u)
[HANDS_ATTACH] mesh='gloves_resource.mesh' owner='gloves_resource.mesh' frame=164 nb=40 wext=33.8 rebound=1
  TIER1 rest-coherence: worst=68.8deg bone[32]='bone_L-middlefinger03.mesh' count(>5deg)=40 freshRecap=0  xcheck(invOff-vs-restW) worst=68.8deg bone[32]
  TIER2 joint-attach(PRIMARY): worst=50.36u bone[17]='bone_R-pinky02.mesh' parent[4] R=47.4 exactJoint=0.40u pairs=36  (palette-wide exactWorst=6.88u)
[HANDS_ATTACH] mesh='gloves_skin.2.mesh' owner='gloves_skin.2.mesh' frame=164 nb=9 wext=8.7 rebound=1
  TIER1 rest-coherence: worst=38.9deg bone[5]='bone_L-hand.mesh' count(>5deg)=9 freshRecap=0  xcheck(invOff-vs-restW) worst=38.9deg bone[5]
  TIER2 joint-attach(PRIMARY): worst=15.79u bone[3]='bone_R-pinky-base.mesh' parent[2] R=45.0 exactJoint=6.73u pairs=5  (palette-wide exactWorst=6.88u)
[HANDS_ATTACH] mesh='fingernails_resource.mesh' owner='fingernails_resource.mesh' frame=165 nb=10 wext=38.0 rebound=1
  TIER1 rest-coherence: worst=174.5deg bone[3]='bone_R-index03.mesh' count(>5deg)=10 freshRecap=0  xcheck(invOff-vs-restW) worst=174.4deg bone[3]
  TIER2 joint-attach(PRIMARY): worst=0.00u bone[-1]='?' parent[-1] R=0.0 exactJoint=0.00u pairs=0  (palette-wide exactWorst=0.00u)
[HANDS_ATTACH] mesh='fingernails_resource.mesh' owner='fingernails_resource.mesh' frame=165 nb=10 wext=25.4 rebound=1
  TIER1 rest-coherence: worst=176.9deg bone[8]='bone_L-ringfinger03.mesh' count(>5deg)=10 freshRecap=0  xcheck(invOff-vs-restW) worst=176.7deg bone[8]
  TIER2 joint-attach(PRIMARY): worst=0.00u bone[-1]='?' parent[-1] R=0.0 exactJoint=0.00u pairs=0  (palette-wide exactWorst=0.00u)
[HANDS_ATTACH] mesh='fingernails_resource.mesh' owner='fingernails_resource.mesh' frame=165 nb=10 wext=36.2 rebound=1
  TIER1 rest-coherence: worst=168.8deg bone[7]='bone_L-middlefinger03.mesh' count(>5deg)=10 freshRecap=0  xcheck(invOff-vs-restW) worst=168.7deg bone[7]
  TIER2 joint-attach(PRIMARY): worst=0.00u bone[-1]='?' parent[-1] R=0.0 exactJoint=0.00u pairs=0  (palette-wide exactWorst=0.00u)
[IK_SHARD_VERT] mesh='hands_naked.mesh' wext=82 worstVtx=623 domBone[25]='bone_L-thumb01.mesh' w=1.00 vertR=34.9 vertDevFromCentroid=38 bindVert=(-20.7,-15.5,65.2)
[HANDS_ATTACH] mesh='hands_naked.mesh' owner='hands_naked.mesh' frame=174 nb=38 wext=81.7 rebound=1
  TIER1 rest-coherence: worst=87.3deg bone[33]='bone_L-middlefinger03.mesh' count(>5deg)=34 freshRecap=0  xcheck(invOff-vs-restW) worst=87.3deg bone[33]
  TIER2 joint-attach(PRIMARY): worst=21.68u bone[9]='bone_R-thumb01.mesh' parent[13] R=48.5 exactJoint=0.00u pairs=30  (palette-wide exactWorst=0.33u)
[HANDS_ATTACH] mesh='hands_naked.mesh' owner='hands_naked.mesh' frame=174 nb=40 wext=55.7 rebound=1
  TIER1 rest-coherence: worst=42.6deg bone[30]='bone_L-middlefinger03.mesh' count(>5deg)=36 freshRecap=0  xcheck(invOff-vs-restW) worst=42.6deg bone[30]
  TIER2 joint-attach(PRIMARY): worst=22.87u bone[13]='bone_R-pinky03.mesh' parent[9] R=37.9 exactJoint=0.00u pairs=36  (palette-wide exactWorst=0.04u)
[HANDS_ATTACH] mesh='hands_naked.mesh' owner='hands_naked.mesh' frame=174 nb=38 wext=92.4 rebound=1
  TIER1 rest-coherence: worst=87.3deg bone[33]='bone_L-middlefinger03.mesh' count(>5deg)=34 freshRecap=0  xcheck(invOff-vs-restW) worst=87.3deg bone[33]
  TIER2 joint-attach(PRIMARY): worst=66.22u bone[18]='bone_R-pinky02.mesh' parent[14] R=47.4 exactJoint=0.00u pairs=30  (palette-wide exactWorst=0.00u)
[HANDS_ATTACH] mesh='gloves_resource.1.mesh' owner='gloves_resource.1.mesh' frame=174 nb=4 wext=7.9 rebound=1
  TIER1 rest-coherence: worst=60.2deg bone[0]='bone_L-index03.mesh' count(>5deg)=4 freshRecap=0  xcheck(invOff-vs-restW) worst=60.2deg bone[0]
  TIER2 joint-attach(PRIMARY): worst=17.72u bone[3]='bone_L-index02.mesh' parent[2] R=47.0 exactJoint=0.36u pairs=3  (palette-wide exactWorst=0.37u)
[HANDS_ATTACH] mesh='gloves_resource.mesh' owner='gloves_resource.mesh' frame=174 nb=40 wext=34.7 rebound=1
  TIER1 rest-coherence: worst=68.8deg bone[32]='bone_L-middlefinger03.mesh' count(>5deg)=40 freshRecap=0  xcheck(invOff-vs-restW) worst=68.8deg bone[32]
  TIER2 joint-attach(PRIMARY): worst=50.49u bone[17]='bone_R-pinky02.mesh' parent[4] R=47.4 exactJoint=0.40u pairs=36  (palette-wide exactWorst=6.88u)
[HANDS_ATTACH] mesh='gloves_skin.2.mesh' owner='gloves_skin.2.mesh' frame=174 nb=9 wext=9.3 rebound=1
  TIER1 rest-coherence: worst=38.9deg bone[5]='bone_L-hand.mesh' count(>5deg)=9 freshRecap=0  xcheck(invOff-vs-restW) worst=38.9deg bone[5]
  TIER2 joint-attach(PRIMARY): worst=15.80u bone[3]='bone_R-pinky-base.mesh' parent[2] R=45.0 exactJoint=6.73u pairs=5  (palette-wide exactWorst=6.88u)
[IK_SHARD_VERT] mesh='hands_naked.mesh' wext=82 worstVtx=623 domBone[25]='bone_L-thumb01.mesh' w=1.00 vertR=34.9 vertDevFromCentroid=38 bindVert=(-20.7,-15.5,65.2)
[IK_SHARD_VERT] mesh='highlight_main.mesh' wext=183 worstVtx=3 domBone[2]='bone_bottom_right.mesh' w=1.00 vertR=7.0 vertDevFromCentroid=92 bindVert=(64.0,-16.0,0.0)
[IK_SHARD_VERT] mesh='hands_naked.mesh' wext=82 worstVtx=623 domBone[25]='bone_L-thumb01.mesh' w=1.00 vertR=34.9 vertDevFromCentroid=38 bindVert=(-20.7,-15.5,65.2)
[HANDS_ATTACH] mesh='hands_naked.mesh' owner='hands_naked.mesh' frame=184 nb=38 wext=81.7 rebound=1
  TIER1 rest-coherence: worst=87.3deg bone[33]='bone_L-middlefinger03.mesh' count(>5deg)=34 freshRecap=0  xcheck(invOff-vs-restW) worst=87.3deg bone[33]
  TIER2 joint-attach(PRIMARY): worst=21.68u bone[9]='bone_R-thumb01.mesh' parent[13] R=48.5 exactJoint=0.00u pairs=30  (palette-wide exactWorst=0.33u)
[HANDS_ATTACH] mesh='hands_naked.mesh' owner='hands_naked.mesh' frame=184 nb=40 wext=55.3 rebound=1
  TIER1 rest-coherence: worst=42.6deg bone[30]='bone_L-middlefinger03.mesh' count(>5deg)=36 freshRecap=0  xcheck(invOff-vs-restW) worst=42.6deg bone[30]
  TIER2 joint-attach(PRIMARY): worst=20.99u bone[13]='bone_R-pinky03.mesh' parent[9] R=37.9 exactJoint=0.00u pairs=36  (palette-wide exactWorst=0.04u)
[HANDS_ATTACH] mesh='hands_naked.mesh' owner='hands_naked.mesh' frame=184 nb=38 wext=92.0 rebound=1
  TIER1 rest-coherence: worst=87.3deg bone[33]='bone_L-middlefinger03.mesh' count(>5deg)=34 freshRecap=0  xcheck(invOff-vs-restW) worst=87.3deg bone[33]
  TIER2 joint-attach(PRIMARY): worst=66.32u bone[18]='bone_R-pinky02.mesh' parent[14] R=47.4 exactJoint=0.00u pairs=30  (palette-wide exactWorst=0.00u)
[HANDS_ATTACH] mesh='gloves_resource.1.mesh' owner='gloves_resource.1.mesh' frame=184 nb=4 wext=8.4 rebound=1
  TIER1 rest-coherence: worst=60.2deg bone[0]='bone_L-index03.mesh' count(>5deg)=4 freshRecap=0  xcheck(invOff-vs-restW) worst=60.2deg bone[0]
  TIER2 joint-attach(PRIMARY): worst=19.23u bone[3]='bone_L-index02.mesh' parent[2] R=47.0 exactJoint=0.36u pairs=3  (palette-wide exactWorst=0.37u)
[HANDS_ATTACH] mesh='gloves_resource.mesh' owner='gloves_resource.mesh' frame=184 nb=40 wext=35.6 rebound=1
  TIER1 rest-coherence: worst=68.8deg bone[32]='bone_L-middlefinger03.mesh' count(>5deg)=40 freshRecap=0  xcheck(invOff-vs-restW) worst=68.8deg bone[32]
  TIER2 joint-attach(PRIMARY): worst=50.58u bone[17]='bone_R-pinky02.mesh' parent[4] R=47.4 exactJoint=0.40u pairs=36  (palette-wide exactWorst=6.88u)
[HANDS_ATTACH] mesh='gloves_skin.2.mesh' owner='gloves_skin.2.mesh' frame=184 nb=9 wext=9.9 rebound=1
  TIER1 rest-coherence: worst=38.9deg bone[5]='bone_L-hand.mesh' count(>5deg)=9 freshRecap=0  xcheck(invOff-vs-restW) worst=38.9deg bone[5]
  TIER2 joint-attach(PRIMARY): worst=15.80u bone[3]='bone_R-pinky-base.mesh' parent[2] R=45.0 exactJoint=6.73u pairs=5  (palette-wide exactWorst=6.88u)
[HANDS_ATTACH] mesh='fingernails_resource.mesh' owner='fingernails_resource.mesh' frame=185 nb=10 wext=36.7 rebound=1
  TIER1 rest-coherence: worst=174.5deg bone[3]='bone_R-index03.mesh' count(>5deg)=10 freshRecap=0  xcheck(invOff-vs-restW) worst=174.4deg bone[3]
  TIER2 joint-attach(PRIMARY): worst=0.00u bone[-1]='?' parent[-1] R=0.0 exactJoint=0.00u pairs=0  (palette-wide exactWorst=0.00u)
[HANDS_ATTACH] mesh='fingernails_resource.mesh' owner='fingernails_resource.mesh' frame=185 nb=10 wext=26.7 rebound=1
  TIER1 rest-coherence: worst=176.9deg bone[8]='bone_L-ringfinger03.mesh' count(>5deg)=10 freshRecap=0  xcheck(invOff-vs-restW) worst=176.7deg bone[8]
  TIER2 joint-attach(PRIMARY): worst=0.00u bone[-1]='?' parent[-1] R=0.0 exactJoint=0.00u pairs=0  (palette-wide exactWorst=0.00u)
[HANDS_ATTACH] mesh='fingernails_resource.mesh' owner='fingernails_resource.mesh' frame=185 nb=10 wext=34.5 rebound=1
  TIER1 rest-coherence: worst=168.8deg bone[7]='bone_L-middlefinger03.mesh' count(>5deg)=10 freshRecap=0  xcheck(invOff-vs-restW) worst=168.7deg bone[7]
  TIER2 joint-attach(PRIMARY): worst=0.00u bone[-1]='?' parent[-1] R=0.0 exactJoint=0.00u pairs=0  (palette-wide exactWorst=0.00u)
[IK_SHARD_VERT] mesh='hands_naked.mesh' wext=82 worstVtx=623 domBone[25]='bone_L-thumb01.mesh' w=1.00 vertR=34.9 vertDevFromCentroid=38 bindVert=(-20.7,-15.5,65.2)
[HANDS_ATTACH] mesh='hands_naked.mesh' owner='hands_naked.mesh' frame=194 nb=38 wext=82.1 rebound=1
  TIER1 rest-coherence: worst=87.3deg bone[33]='bone_L-middlefinger03.mesh' count(>5deg)=34 freshRecap=0  xcheck(invOff-vs-restW) worst=87.3deg bone[33]
  TIER2 joint-attach(PRIMARY): worst=23.55u bone[2]='bone_R-pinky03.mesh' parent[18] R=47.1 exactJoint=0.00u pairs=30  (palette-wide exactWorst=0.33u)
[HANDS_ATTACH] mesh='hands_naked.mesh' owner='hands_naked.mesh' frame=194 nb=40 wext=54.7 rebound=1
  TIER1 rest-coherence: worst=42.6deg bone[30]='bone_L-middlefinger03.mesh' count(>5deg)=36 freshRecap=0  xcheck(invOff-vs-restW) worst=42.6deg bone[30]
  TIER2 joint-attach(PRIMARY): worst=21.08u bone[14]='bone_R-pinky01.mesh' parent[11] R=39.0 exactJoint=0.00u pairs=36  (palette-wide exactWorst=0.04u)
[HANDS_ATTACH] mesh='hands_naked.mesh' owner='hands_naked.mesh' frame=194 nb=38 wext=91.8 rebound=1
  TIER1 rest-coherence: worst=87.3deg bone[33]='bone_L-middlefinger03.mesh' count(>5deg)=34 freshRecap=0  xcheck(invOff-vs-restW) worst=87.3deg bone[33]
  TIER2 joint-attach(PRIMARY): worst=66.44u bone[18]='bone_R-pinky02.mesh' parent[14] R=47.4 exactJoint=0.00u pairs=30  (palette-wide exactWorst=0.00u)
[HANDS_ATTACH] mesh='gloves_resource.1.mesh' owner='gloves_resource.1.mesh' frame=194 nb=4 wext=8.8 rebound=1
  TIER1 rest-coherence: worst=60.2deg bone[0]='bone_L-index03.mesh' count(>5deg)=4 freshRecap=0  xcheck(invOff-vs-restW) worst=60.2deg bone[0]
  TIER2 joint-attach(PRIMARY): worst=20.66u bone[3]='bone_L-index02.mesh' parent[2] R=47.0 exactJoint=0.36u pairs=3  (palette-wide exactWorst=0.37u)
[HANDS_ATTACH] mesh='gloves_resource.mesh' owner='gloves_resource.mesh' frame=194 nb=40 wext=36.4 rebound=1
  TIER1 rest-coherence: worst=68.8deg bone[32]='bone_L-middlefinger03.mesh' count(>5deg)=40 freshRecap=0  xcheck(invOff-vs-restW) worst=68.8deg bone[32]
  TIER2 joint-attach(PRIMARY): worst=50.67u bone[17]='bone_R-pinky02.mesh' parent[4] R=47.4 exactJoint=0.40u pairs=36  (palette-wide exactWorst=6.88u)
[HANDS_ATTACH] mesh='gloves_skin.2.mesh' owner='gloves_skin.2.mesh' frame=194 nb=9 wext=10.6 rebound=1
  TIER1 rest-coherence: worst=38.9deg bone[5]='bone_L-hand.mesh' count(>5deg)=9 freshRecap=0  xcheck(invOff-vs-restW) worst=38.9deg bone[5]
  TIER2 joint-attach(PRIMARY): worst=15.80u bone[3]='bone_R-pinky-base.mesh' parent[2] R=45.0 exactJoint=6.73u pairs=5  (palette-wide exactWorst=6.88u)
[IK_SHARD_VERT] mesh='hands_naked.mesh' wext=82 worstVtx=623 domBone[25]='bone_L-thumb01.mesh' w=1.00 vertR=34.9 vertDevFromCentroid=38 bindVert=(-20.7,-15.5,65.2)
[HANDS_ATTACH] mesh='hands_naked.mesh' owner='hands_naked.mesh' frame=204 nb=38 wext=83.0 rebound=1
  TIER1 rest-coherence: worst=87.3deg bone[33]='bone_L-middlefinger03.mesh' count(>5deg)=34 freshRecap=0  xcheck(invOff-vs-restW) worst=87.3deg bone[33]
  TIER2 joint-attach(PRIMARY): worst=28.49u bone[18]='bone_R-pinky02.mesh' parent[14] R=47.4 exactJoint=0.00u pairs=30  (palette-wide exactWorst=0.33u)
[HANDS_ATTACH] mesh='hands_naked.mesh' owner='hands_naked.mesh' frame=204 nb=40 wext=54.4 rebound=1
  TIER1 rest-coherence: worst=42.6deg bone[30]='bone_L-middlefinger03.mesh' count(>5deg)=36 freshRecap=0  xcheck(invOff-vs-restW) worst=42.6deg bone[30]
  TIER2 joint-attach(PRIMARY): worst=21.27u bone[14]='bone_R-pinky01.mesh' parent[11] R=39.0 exactJoint=0.00u pairs=36  (palette-wide exactWorst=0.04u)
[HANDS_ATTACH] mesh='hands_naked.mesh' owner='hands_naked.mesh' frame=204 nb=38 wext=92.1 rebound=1
  TIER1 rest-coherence: worst=87.3deg bone[33]='bone_L-middlefinger03.mesh' count(>5deg)=34 freshRecap=0  xcheck(invOff-vs-restW) worst=87.3deg bone[33]
  TIER2 joint-attach(PRIMARY): worst=66.53u bone[18]='bone_R-pinky02.mesh' parent[14] R=47.4 exactJoint=0.00u pairs=30  (palette-wide exactWorst=0.00u)
[HANDS_ATTACH] mesh='gloves_resource.1.mesh' owner='gloves_resource.1.mesh' frame=204 nb=4 wext=9.3 rebound=1
  TIER1 rest-coherence: worst=60.2deg bone[0]='bone_L-index03.mesh' count(>5deg)=4 freshRecap=0  xcheck(invOff-vs-restW) worst=60.2deg bone[0]
  TIER2 joint-attach(PRIMARY): worst=21.92u bone[3]='bone_L-index02.mesh' parent[2] R=47.0 exactJoint=0.36u pairs=3  (palette-wide exactWorst=0.37u)
[HANDS_ATTACH] mesh='gloves_resource.mesh' owner='gloves_resource.mesh' frame=204 nb=40 wext=37.1 rebound=1
  TIER1 rest-coherence: worst=68.8deg bone[32]='bone_L-middlefinger03.mesh' count(>5deg)=40 freshRecap=0  xcheck(invOff-vs-restW) worst=68.8deg bone[32]
  TIER2 joint-attach(PRIMARY): worst=50.72u bone[17]='bone_R-pinky02.mesh' parent[4] R=47.4 exactJoint=0.40u pairs=36  (palette-wide exactWorst=6.88u)
[HANDS_ATTACH] mesh='gloves_skin.2.mesh' owner='gloves_skin.2.mesh' frame=204 nb=9 wext=11.2 rebound=1
  TIER1 rest-coherence: worst=38.9deg bone[5]='bone_L-hand.mesh' count(>5deg)=9 freshRecap=0  xcheck(invOff-vs-restW) worst=38.9deg bone[5]
  TIER2 joint-attach(PRIMARY): worst=15.79u bone[3]='bone_R-pinky-base.mesh' parent[2] R=45.0 exactJoint=6.73u pairs=5  (palette-wide exactWorst=6.88u)
[HANDS_ATTACH] mesh='fingernails_resource.mesh' owner='fingernails_resource.mesh' frame=205 nb=10 wext=36.2 rebound=1
  TIER1 rest-coherence: worst=174.5deg bone[3]='bone_R-index03.mesh' count(>5deg)=10 freshRecap=0  xcheck(invOff-vs-restW) worst=174.4deg bone[3]
  TIER2 joint-attach(PRIMARY): worst=0.00u bone[-1]='?' parent[-1] R=0.0 exactJoint=0.00u pairs=0  (palette-wide exactWorst=0.00u)
[HANDS_ATTACH] mesh='fingernails_resource.mesh' owner='fingernails_resource.mesh' frame=205 nb=10 wext=27.8 rebound=1
  TIER1 rest-coherence: worst=176.9deg bone[8]='bone_L-ringfinger03.mesh' count(>5deg)=10 freshRecap=0  xcheck(invOff-vs-restW) worst=176.7deg bone[8]
  TIER2 joint-attach(PRIMARY): worst=0.00u bone[-1]='?' parent[-1] R=0.0 exactJoint=0.00u pairs=0  (palette-wide exactWorst=0.00u)
[HANDS_ATTACH] mesh='fingernails_resource.mesh' owner='fingernails_resource.mesh' frame=205 nb=10 wext=33.7 rebound=1
  TIER1 rest-coherence: worst=168.8deg bone[7]='bone_L-middlefinger03.mesh' count(>5deg)=10 freshRecap=0  xcheck(invOff-vs-restW) worst=168.7deg bone[7]
  TIER2 joint-attach(PRIMARY): worst=0.00u bone[-1]='?' parent[-1] R=0.0 exactJoint=0.00u pairs=0  (palette-wide exactWorst=0.00u)
[IK_SHARD_VERT] mesh='hands_naked.mesh' wext=83 worstVtx=623 domBone[25]='bone_L-thumb01.mesh' w=1.00 vertR=34.9 vertDevFromCentroid=39 bindVert=(-20.7,-15.5,65.2)
[IK_SHARD_VERT] mesh='highlight_main.mesh' wext=183 worstVtx=3 domBone[2]='bone_bottom_right.mesh' w=1.00 vertR=7.0 vertDevFromCentroid=92 bindVert=(64.0,-16.0,0.0)
[IK_SHARD_VERT] mesh='hands_naked.mesh' wext=84 worstVtx=623 domBone[25]='bone_L-thumb01.mesh' w=1.00 vertR=34.9 vertDevFromCentroid=39 bindVert=(-20.7,-15.5,65.2)
[HANDS_ATTACH] mesh='hands_naked.mesh' owner='hands_naked.mesh' frame=214 nb=38 wext=83.9 rebound=1
  TIER1 rest-coherence: worst=87.3deg bone[33]='bone_L-middlefinger03.mesh' count(>5deg)=34 freshRecap=0  xcheck(invOff-vs-restW) worst=87.3deg bone[33]
  TIER2 joint-attach(PRIMARY): worst=34.59u bone[18]='bone_R-pinky02.mesh' parent[14] R=47.4 exactJoint=0.00u pairs=30  (palette-wide exactWorst=0.33u)
[HANDS_ATTACH] mesh='hands_naked.mesh' owner='hands_naked.mesh' frame=214 nb=40 wext=54.1 rebound=1
  TIER1 rest-coherence: worst=42.6deg bone[30]='bone_L-middlefinger03.mesh' count(>5deg)=36 freshRecap=0  xcheck(invOff-vs-restW) worst=42.6deg bone[30]
  TIER2 joint-attach(PRIMARY): worst=21.47u bone[14]='bone_R-pinky01.mesh' parent[11] R=39.0 exactJoint=0.00u pairs=36  (palette-wide exactWorst=0.04u)
[HANDS_ATTACH] mesh='hands_naked.mesh' owner='hands_naked.mesh' frame=214 nb=38 wext=92.9 rebound=1
  TIER1 rest-coherence: worst=87.3deg bone[33]='bone_L-middlefinger03.mesh' count(>5deg)=34 freshRecap=0  xcheck(invOff-vs-restW) worst=87.3deg bone[33]
  TIER2 joint-attach(PRIMARY): worst=66.61u bone[18]='bone_R-pinky02.mesh' parent[14] R=47.4 exactJoint=0.00u pairs=30  (palette-wide exactWorst=0.00u)
[HANDS_ATTACH] mesh='gloves_resource.1.mesh' owner='gloves_resource.1.mesh' frame=214 nb=4 wext=9.7 rebound=1
  TIER1 rest-coherence: worst=60.2deg bone[0]='bone_L-index03.mesh' count(>5deg)=4 freshRecap=0  xcheck(invOff-vs-restW) worst=60.2deg bone[0]
  TIER2 joint-attach(PRIMARY): worst=23.03u bone[3]='bone_L-index02.mesh' parent[2] R=47.0 exactJoint=0.36u pairs=3  (palette-wide exactWorst=0.37u)
[HANDS_ATTACH] mesh='gloves_resource.mesh' owner='gloves_resource.mesh' frame=214 nb=40 wext=37.7 rebound=1
  TIER1 rest-coherence: worst=68.8deg bone[32]='bone_L-middlefinger03.mesh' count(>5deg)=40 freshRecap=0  xcheck(invOff-vs-restW) worst=68.8deg bone[32]
  TIER2 joint-attach(PRIMARY): worst=50.76u bone[17]='bone_R-pinky02.mesh' parent[4] R=47.4 exactJoint=0.40u pairs=36  (palette-wide exactWorst=6.88u)
[HANDS_ATTACH] mesh='gloves_skin.2.mesh' owner='gloves_skin.2.mesh' frame=214 nb=9 wext=11.8 rebound=1
  TIER1 rest-coherence: worst=38.9deg bone[5]='bone_L-hand.mesh' count(>5deg)=9 freshRecap=0  xcheck(invOff-vs-restW) worst=38.9deg bone[5]
  TIER2 joint-attach(PRIMARY): worst=15.79u bone[3]='bone_R-pinky-base.mesh' parent[2] R=45.0 exactJoint=6.73u pairs=5  (palette-wide exactWorst=6.88u)
[IK_SHARD_VERT] mesh='hands_naked.mesh' wext=85 worstVtx=623 domBone[25]='bone_L-thumb01.mesh' w=1.00 vertR=34.9 vertDevFromCentroid=40 bindVert=(-20.7,-15.5,65.2)
[HANDS_ATTACH] mesh='hands_naked.mesh' owner='hands_naked.mesh' frame=224 nb=38 wext=84.9 rebound=1
  TIER1 rest-coherence: worst=87.3deg bone[33]='bone_L-middlefinger03.mesh' count(>5deg)=34 freshRecap=0  xcheck(invOff-vs-restW) worst=87.3deg bone[33]
  TIER2 joint-attach(PRIMARY): worst=40.70u bone[18]='bone_R-pinky02.mesh' parent[14] R=47.4 exactJoint=0.00u pairs=30  (palette-wide exactWorst=0.33u)
[HANDS_ATTACH] mesh='hands_naked.mesh' owner='hands_naked.mesh' frame=224 nb=40 wext=53.9 rebound=1
  TIER1 rest-coherence: worst=42.6deg bone[30]='bone_L-middlefinger03.mesh' count(>5deg)=36 freshRecap=0  xcheck(invOff-vs-restW) worst=42.6deg bone[30]
  TIER2 joint-attach(PRIMARY): worst=21.66u bone[14]='bone_R-pinky01.mesh' parent[11] R=39.0 exactJoint=0.00u pairs=36  (palette-wide exactWorst=0.04u)
[HANDS_ATTACH] mesh='hands_naked.mesh' owner='hands_naked.mesh' frame=224 nb=38 wext=93.8 rebound=1
  TIER1 rest-coherence: worst=87.3deg bone[33]='bone_L-middlefinger03.mesh' count(>5deg)=34 freshRecap=0  xcheck(invOff-vs-restW) worst=87.3deg bone[33]
  TIER2 joint-attach(PRIMARY): worst=66.65u bone[18]='bone_R-pinky02.mesh' parent[14] R=47.4 exactJoint=0.00u pairs=30  (palette-wide exactWorst=0.00u)
[HANDS_ATTACH] mesh='gloves_resource.1.mesh' owner='gloves_resource.1.mesh' frame=224 nb=4 wext=10.0 rebound=1
  TIER1 rest-coherence: worst=60.2deg bone[0]='bone_L-index03.mesh' count(>5deg)=4 freshRecap=0  xcheck(invOff-vs-restW) worst=60.2deg bone[0]
  TIER2 joint-attach(PRIMARY): worst=23.92u bone[3]='bone_L-index02.mesh' parent[2] R=47.0 exactJoint=0.36u pairs=3  (palette-wide exactWorst=0.37u)
[HANDS_ATTACH] mesh='gloves_resource.mesh' owner='gloves_resource.mesh' frame=224 nb=40 wext=38.5 rebound=1
  TIER1 rest-coherence: worst=68.8deg bone[32]='bone_L-middlefinger03.mesh' count(>5deg)=40 freshRecap=0  xcheck(invOff-vs-restW) worst=68.8deg bone[32]
  TIER2 joint-attach(PRIMARY): worst=50.76u bone[17]='bone_R-pinky02.mesh' parent[4] R=47.4 exactJoint=0.40u pairs=36  (palette-wide exactWorst=6.88u)
[HANDS_ATTACH] mesh='gloves_skin.2.mesh' owner='gloves_skin.2.mesh' frame=224 nb=9 wext=12.2 rebound=1
  TIER1 rest-coherence: worst=38.9deg bone[5]='bone_L-hand.mesh' count(>5deg)=9 freshRecap=0  xcheck(invOff-vs-restW) worst=38.9deg bone[5]
  TIER2 joint-attach(PRIMARY): worst=15.79u bone[3]='bone_R-pinky-base.mesh' parent[2] R=45.0 exactJoint=6.73u pairs=5  (palette-wide exactWorst=6.88u)
[HANDS_ATTACH] mesh='fingernails_resource.mesh' owner='fingernails_resource.mesh' frame=225 nb=10 wext=36.6 rebound=1
  TIER1 rest-coherence: worst=174.5deg bone[3]='bone_R-index03.mesh' count(>5deg)=10 freshRecap=0  xcheck(invOff-vs-restW) worst=174.4deg bone[3]
  TIER2 joint-attach(PRIMARY): worst=0.00u bone[-1]='?' parent[-1] R=0.0 exactJoint=0.00u pairs=0  (palette-wide exactWorst=0.00u)
[HANDS_ATTACH] mesh='fingernails_resource.mesh' owner='fingernails_resource.mesh' frame=225 nb=10 wext=28.4 rebound=1
  TIER1 rest-coherence: worst=176.9deg bone[8]='bone_L-ringfinger03.mesh' count(>5deg)=10 freshRecap=0  xcheck(invOff-vs-restW) worst=176.7deg bone[8]
  TIER2 joint-attach(PRIMARY): worst=0.00u bone[-1]='?' parent[-1] R=0.0 exactJoint=0.00u pairs=0  (palette-wide exactWorst=0.00u)
[HANDS_ATTACH] mesh='fingernails_resource.mesh' owner='fingernails_resource.mesh' frame=225 nb=10 wext=34.0 rebound=1
  TIER1 rest-coherence: worst=168.8deg bone[7]='bone_L-middlefinger03.mesh' count(>5deg)=10 freshRecap=0  xcheck(invOff-vs-restW) worst=168.7deg bone[7]
  TIER2 joint-attach(PRIMARY): worst=0.00u bone[-1]='?' parent[-1] R=0.0 exactJoint=0.00u pairs=0  (palette-wide exactWorst=0.00u)
[IK_SHARD_VERT] mesh='hands_naked.mesh' wext=85 worstVtx=623 domBone[25]='bone_L-thumb01.mesh' w=1.00 vertR=34.9 vertDevFromCentroid=40 bindVert=(-20.7,-15.5,65.2)
[HANDS_ATTACH] mesh='hands_naked.mesh' owner='hands_naked.mesh' frame=234 nb=38 wext=85.9 rebound=1
  TIER1 rest-coherence: worst=87.3deg bone[33]='bone_L-middlefinger03.mesh' count(>5deg)=34 freshRecap=0  xcheck(invOff-vs-restW) worst=87.3deg bone[33]
  TIER2 joint-attach(PRIMARY): worst=46.56u bone[18]='bone_R-pinky02.mesh' parent[14] R=47.4 exactJoint=0.00u pairs=30  (palette-wide exactWorst=0.33u)
[HANDS_ATTACH] mesh='hands_naked.mesh' owner='hands_naked.mesh' frame=234 nb=40 wext=53.6 rebound=1
  TIER1 rest-coherence: worst=42.6deg bone[30]='bone_L-middlefinger03.mesh' count(>5deg)=36 freshRecap=0  xcheck(invOff-vs-restW) worst=42.6deg bone[30]
  TIER2 joint-attach(PRIMARY): worst=21.84u bone[14]='bone_R-pinky01.mesh' parent[11] R=39.0 exactJoint=0.00u pairs=36  (palette-wide exactWorst=0.04u)
[HANDS_ATTACH] mesh='hands_naked.mesh' owner='hands_naked.mesh' frame=234 nb=38 wext=94.4 rebound=1
  TIER1 rest-coherence: worst=87.3deg bone[33]='bone_L-middlefinger03.mesh' count(>5deg)=34 freshRecap=0  xcheck(invOff-vs-restW) worst=87.3deg bone[33]
  TIER2 joint-attach(PRIMARY): worst=66.69u bone[18]='bone_R-pinky02.mesh' parent[14] R=47.4 exactJoint=0.00u pairs=30  (palette-wide exactWorst=0.00u)
[HANDS_ATTACH] mesh='gloves_resource.1.mesh' owner='gloves_resource.1.mesh' frame=234 nb=4 wext=10.2 rebound=1
  TIER1 rest-coherence: worst=60.2deg bone[0]='bone_L-index03.mesh' count(>5deg)=4 freshRecap=0  xcheck(invOff-vs-restW) worst=60.2deg bone[0]
  TIER2 joint-attach(PRIMARY): worst=24.63u bone[3]='bone_L-index02.mesh' parent[2] R=47.0 exactJoint=0.36u pairs=3  (palette-wide exactWorst=0.37u)
[HANDS_ATTACH] mesh='gloves_resource.mesh' owner='gloves_resource.mesh' frame=234 nb=40 wext=39.1 rebound=1
  TIER1 rest-coherence: worst=68.8deg bone[32]='bone_L-middlefinger03.mesh' count(>5deg)=40 freshRecap=0  xcheck(invOff-vs-restW) worst=68.8deg bone[32]
  TIER2 joint-attach(PRIMARY): worst=50.76u bone[17]='bone_R-pinky02.mesh' parent[4] R=47.4 exactJoint=0.40u pairs=36  (palette-wide exactWorst=6.88u)
[HANDS_ATTACH] mesh='gloves_skin.2.mesh' owner='gloves_skin.2.mesh' frame=234 nb=9 wext=12.5 rebound=1
  TIER1 rest-coherence: worst=38.9deg bone[5]='bone_L-hand.mesh' count(>5deg)=9 freshRecap=0  xcheck(invOff-vs-restW) worst=38.9deg bone[5]
  TIER2 joint-attach(PRIMARY): worst=15.79u bone[3]='bone_R-pinky-base.mesh' parent[2] R=45.0 exactJoint=6.73u pairs=5  (palette-wide exactWorst=6.88u)
[IK_SHARD_VERT] mesh='hands_naked.mesh' wext=86 worstVtx=623 domBone[25]='bone_L-thumb01.mesh' w=1.00 vertR=34.9 vertDevFromCentroid=41 bindVert=(-20.7,-15.5,65.2)
[IK_SHARD_VERT] mesh='highlight_main.mesh' wext=183 worstVtx=3 domBone[2]='bone_bottom_right.mesh' w=1.00 vertR=7.0 vertDevFromCentroid=92 bindVert=(64.0,-16.0,0.0)
[IK_SHARD_VERT] mesh='hands_naked.mesh' wext=87 worstVtx=623 domBone[25]='bone_L-thumb01.mesh' w=1.00 vertR=34.9 vertDevFromCentroid=41 bindVert=(-20.7,-15.5,65.2)
[HANDS_ATTACH] mesh='hands_naked.mesh' owner='hands_naked.mesh' frame=244 nb=38 wext=86.6 rebound=1
  TIER1 rest-coherence: worst=87.3deg bone[33]='bone_L-middlefinger03.mesh' count(>5deg)=34 freshRecap=0  xcheck(invOff-vs-restW) worst=87.3deg bone[33]
  TIER2 joint-attach(PRIMARY): worst=52.13u bone[18]='bone_R-pinky02.mesh' parent[14] R=47.4 exactJoint=0.00u pairs=30  (palette-wide exactWorst=0.33u)
[HANDS_ATTACH] mesh='hands_naked.mesh' owner='hands_naked.mesh' frame=244 nb=40 wext=53.4 rebound=1
  TIER1 rest-coherence: worst=42.6deg bone[30]='bone_L-middlefinger03.mesh' count(>5deg)=36 freshRecap=0  xcheck(invOff-vs-restW) worst=42.6deg bone[30]
  TIER2 joint-attach(PRIMARY): worst=22.01u bone[14]='bone_R-pinky01.mesh' parent[11] R=39.0 exactJoint=0.00u pairs=36  (palette-wide exactWorst=0.04u)
[HANDS_ATTACH] mesh='hands_naked.mesh' owner='hands_naked.mesh' frame=244 nb=38 wext=94.8 rebound=1
  TIER1 rest-coherence: worst=87.3deg bone[33]='bone_L-middlefinger03.mesh' count(>5deg)=34 freshRecap=0  xcheck(invOff-vs-restW) worst=87.3deg bone[33]
  TIER2 joint-attach(PRIMARY): worst=66.73u bone[18]='bone_R-pinky02.mesh' parent[14] R=47.4 exactJoint=0.00u pairs=30  (palette-wide exactWorst=0.00u)
[HANDS_ATTACH] mesh='gloves_resource.1.mesh' owner='gloves_resource.1.mesh' frame=244 nb=4 wext=10.4 rebound=1
  TIER1 rest-coherence: worst=60.2deg bone[0]='bone_L-index03.mesh' count(>5deg)=4 freshRecap=0  xcheck(invOff-vs-restW) worst=60.2deg bone[0]
  TIER2 joint-attach(PRIMARY): worst=25.17u bone[3]='bone_L-index02.mesh' parent[2] R=47.0 exactJoint=0.36u pairs=3  (palette-wide exactWorst=0.37u)
[HANDS_ATTACH] mesh='gloves_resource.mesh' owner='gloves_resource.mesh' frame=244 nb=40 wext=39.5 rebound=1
  TIER1 rest-coherence: worst=68.8deg bone[32]='bone_L-middlefinger03.mesh' count(>5deg)=40 freshRecap=0  xcheck(invOff-vs-restW) worst=68.8deg bone[32]
  TIER2 joint-attach(PRIMARY): worst=50.72u bone[17]='bone_R-pinky02.mesh' parent[4] R=47.4 exactJoint=0.40u pairs=36  (palette-wide exactWorst=6.88u)
[HANDS_ATTACH] mesh='gloves_skin.2.mesh' owner='gloves_skin.2.mesh' frame=244 nb=9 wext=12.7 rebound=1
  TIER1 rest-coherence: worst=38.9deg bone[5]='bone_L-hand.mesh' count(>5deg)=9 freshRecap=0  xcheck(invOff-vs-restW) worst=38.9deg bone[5]
  TIER2 joint-attach(PRIMARY): worst=15.80u bone[3]='bone_R-pinky-base.mesh' parent[2] R=45.0 exactJoint=6.73u pairs=5  (palette-wide exactWorst=6.88u)
[HANDS_ATTACH] mesh='fingernails_resource.mesh' owner='fingernails_resource.mesh' frame=245 nb=10 wext=37.8 rebound=1
  TIER1 rest-coherence: worst=174.5deg bone[3]='bone_R-index03.mesh' count(>5deg)=10 freshRecap=0  xcheck(invOff-vs-restW) worst=174.4deg bone[3]
  TIER2 joint-attach(PRIMARY): worst=0.00u bone[-1]='?' parent[-1] R=0.0 exactJoint=0.00u pairs=0  (palette-wide exactWorst=0.00u)
[HANDS_ATTACH] mesh='fingernails_resource.mesh' owner='fingernails_resource.mesh' frame=245 nb=10 wext=29.1 rebound=1
  TIER1 rest-coherence: worst=176.9deg bone[8]='bone_L-ringfinger03.mesh' count(>5deg)=10 freshRecap=0  xcheck(invOff-vs-restW) worst=176.7deg bone[8]
  TIER2 joint-attach(PRIMARY): worst=0.00u bone[-1]='?' parent[-1] R=0.0 exactJoint=0.00u pairs=0  (palette-wide exactWorst=0.00u)
[HANDS_ATTACH] mesh='fingernails_resource.mesh' owner='fingernails_resource.mesh' frame=245 nb=10 wext=35.8 rebound=1
  TIER1 rest-coherence: worst=168.8deg bone[7]='bone_L-middlefinger03.mesh' count(>5deg)=10 freshRecap=0  xcheck(invOff-vs-restW) worst=168.7deg bone[7]
  TIER2 joint-attach(PRIMARY): worst=0.00u bone[-1]='?' parent[-1] R=0.0 exactJoint=0.00u pairs=0  (palette-wide exactWorst=0.00u)
[IK_SHARD_VERT] mesh='hands_naked.mesh' wext=87 worstVtx=623 domBone[25]='bone_L-thumb01.mesh' w=1.00 vertR=34.9 vertDevFromCentroid=41 bindVert=(-20.7,-15.5,65.2)
[HANDS_ATTACH] mesh='hands_naked.mesh' owner='hands_naked.mesh' frame=254 nb=38 wext=87.1 rebound=1
  TIER1 rest-coherence: worst=87.3deg bone[33]='bone_L-middlefinger03.mesh' count(>5deg)=34 freshRecap=0  xcheck(invOff-vs-restW) worst=87.3deg bone[33]
  TIER2 joint-attach(PRIMARY): worst=57.10u bone[18]='bone_R-pinky02.mesh' parent[14] R=47.4 exactJoint=0.00u pairs=30  (palette-wide exactWorst=0.33u)
[HANDS_ATTACH] mesh='hands_naked.mesh' owner='hands_naked.mesh' frame=254 nb=40 wext=53.1 rebound=1
  TIER1 rest-coherence: worst=42.6deg bone[30]='bone_L-middlefinger03.mesh' count(>5deg)=36 freshRecap=0  xcheck(invOff-vs-restW) worst=42.6deg bone[30]
  TIER2 joint-attach(PRIMARY): worst=22.15u bone[14]='bone_R-pinky01.mesh' parent[11] R=39.0 exactJoint=0.00u pairs=36  (palette-wide exactWorst=0.04u)
[HANDS_ATTACH] mesh='hands_naked.mesh' owner='hands_naked.mesh' frame=254 nb=38 wext=95.2 rebound=1
  TIER1 rest-coherence: worst=87.3deg bone[33]='bone_L-middlefinger03.mesh' count(>5deg)=34 freshRecap=0  xcheck(invOff-vs-restW) worst=87.3deg bone[33]
  TIER2 joint-attach(PRIMARY): worst=66.73u bone[18]='bone_R-pinky02.mesh' parent[14] R=47.4 exactJoint=0.00u pairs=30  (palette-wide exactWorst=0.00u)
[HANDS_ATTACH] mesh='gloves_resource.1.mesh' owner='gloves_resource.1.mesh' frame=254 nb=4 wext=10.5 rebound=1
  TIER1 rest-coherence: worst=60.2deg bone[0]='bone_L-index03.mesh' count(>5deg)=4 freshRecap=0  xcheck(invOff-vs-restW) worst=60.2deg bone[0]
  TIER2 joint-attach(PRIMARY): worst=25.47u bone[3]='bone_L-index02.mesh' parent[2] R=47.0 exactJoint=0.36u pairs=3  (palette-wide exactWorst=0.37u)
[HANDS_ATTACH] mesh='gloves_resource.mesh' owner='gloves_resource.mesh' frame=254 nb=40 wext=39.9 rebound=1
  TIER1 rest-coherence: worst=68.8deg bone[32]='bone_L-middlefinger03.mesh' count(>5deg)=40 freshRecap=0  xcheck(invOff-vs-restW) worst=68.8deg bone[32]
  TIER2 joint-attach(PRIMARY): worst=50.72u bone[17]='bone_R-pinky02.mesh' parent[4] R=47.4 exactJoint=0.40u pairs=36  (palette-wide exactWorst=6.88u)
[HANDS_ATTACH] mesh='gloves_skin.2.mesh' owner='gloves_skin.2.mesh' frame=254 nb=9 wext=12.7 rebound=1
  TIER1 rest-coherence: worst=38.9deg bone[5]='bone_L-hand.mesh' count(>5deg)=9 freshRecap=0  xcheck(invOff-vs-restW) worst=38.9deg bone[5]
  TIER2 joint-attach(PRIMARY): worst=15.79u bone[3]='bone_R-pinky-base.mesh' parent[2] R=45.0 exactJoint=6.73u pairs=5  (palette-wide exactWorst=6.88u)
[IK_SHARD_VERT] mesh='hands_naked.mesh' wext=87 worstVtx=623 domBone[25]='bone_L-thumb01.mesh' w=1.00 vertR=34.9 vertDevFromCentroid=42 bindVert=(-20.7,-15.5,65.2)
[HANDS_ATTACH] mesh='hands_naked.mesh' owner='hands_naked.mesh' frame=264 nb=38 wext=87.2 rebound=1
  TIER1 rest-coherence: worst=87.3deg bone[33]='bone_L-middlefinger03.mesh' count(>5deg)=34 freshRecap=0  xcheck(invOff-vs-restW) worst=87.3deg bone[33]
  TIER2 joint-attach(PRIMARY): worst=61.30u bone[18]='bone_R-pinky02.mesh' parent[14] R=47.4 exactJoint=0.00u pairs=30  (palette-wide exactWorst=0.33u)
[HANDS_ATTACH] mesh='hands_naked.mesh' owner='hands_naked.mesh' frame=264 nb=40 wext=52.9 rebound=1
  TIER1 rest-coherence: worst=42.6deg bone[30]='bone_L-middlefinger03.mesh' count(>5deg)=36 freshRecap=0  xcheck(invOff-vs-restW) worst=42.6deg bone[30]
  TIER2 joint-attach(PRIMARY): worst=22.27u bone[14]='bone_R-pinky01.mesh' parent[11] R=39.0 exactJoint=0.00u pairs=36  (palette-wide exactWorst=0.04u)
[HANDS_ATTACH] mesh='hands_naked.mesh' owner='hands_naked.mesh' frame=264 nb=38 wext=95.5 rebound=1
  TIER1 rest-coherence: worst=87.3deg bone[33]='bone_L-middlefinger03.mesh' count(>5deg)=34 freshRecap=0  xcheck(invOff-vs-restW) worst=87.3deg bone[33]
  TIER2 joint-attach(PRIMARY): worst=66.73u bone[18]='bone_R-pinky02.mesh' parent[14] R=47.4 exactJoint=0.00u pairs=30  (palette-wide exactWorst=0.00u)
[HANDS_ATTACH] mesh='gloves_resource.1.mesh' owner='gloves_resource.1.mesh' frame=264 nb=4 wext=10.6 rebound=1
  TIER1 rest-coherence: worst=60.2deg bone[0]='bone_L-index03.mesh' count(>5deg)=4 freshRecap=0  xcheck(invOff-vs-restW) worst=60.2deg bone[0]
  TIER2 joint-attach(PRIMARY): worst=25.57u bone[3]='bone_L-index02.mesh' parent[2] R=47.0 exactJoint=0.36u pairs=3  (palette-wide exactWorst=0.37u)
[HANDS_ATTACH] mesh='gloves_resource.mesh' owner='gloves_resource.mesh' frame=264 nb=40 wext=40.1 rebound=1
  TIER1 rest-coherence: worst=68.8deg bone[32]='bone_L-middlefinger03.mesh' count(>5deg)=40 freshRecap=0  xcheck(invOff-vs-restW) worst=68.8deg bone[32]
  TIER2 joint-attach(PRIMARY): worst=50.68u bone[17]='bone_R-pinky02.mesh' parent[4] R=47.4 exactJoint=0.40u pairs=36  (palette-wide exactWorst=6.88u)
[HANDS_ATTACH] mesh='gloves_skin.2.mesh' owner='gloves_skin.2.mesh' frame=264 nb=9 wext=12.5 rebound=1
  TIER1 rest-coherence: worst=38.9deg bone[5]='bone_L-hand.mesh' count(>5deg)=9 freshRecap=0  xcheck(invOff-vs-restW) worst=38.9deg bone[5]
  TIER2 joint-attach(PRIMARY): worst=15.80u bone[3]='bone_R-pinky-base.mesh' parent[2] R=45.0 exactJoint=6.73u pairs=5  (palette-wide exactWorst=6.88u)
[HANDS_ATTACH] mesh='fingernails_resource.mesh' owner='fingernails_resource.mesh' frame=265 nb=10 wext=38.5 rebound=1
  TIER1 rest-coherence: worst=174.5deg bone[3]='bone_R-index03.mesh' count(>5deg)=10 freshRecap=0  xcheck(invOff-vs-restW) worst=174.4deg bone[3]
  TIER2 joint-attach(PRIMARY): worst=0.00u bone[-1]='?' parent[-1] R=0.0 exactJoint=0.00u pairs=0  (palette-wide exactWorst=0.00u)
[HANDS_ATTACH] mesh='fingernails_resource.mesh' owner='fingernails_resource.mesh' frame=265 nb=10 wext=29.6 rebound=1
  TIER1 rest-coherence: worst=176.9deg bone[8]='bone_L-ringfinger03.mesh' count(>5deg)=10 freshRecap=0  xcheck(invOff-vs-restW) worst=176.7deg bone[8]
  TIER2 joint-attach(PRIMARY): worst=0.00u bone[-1]='?' parent[-1] R=0.0 exactJoint=0.00u pairs=0  (palette-wide exactWorst=0.00u)
[HANDS_ATTACH] mesh='fingernails_resource.mesh' owner='fingernails_resource.mesh' frame=265 nb=10 wext=39.1 rebound=1
  TIER1 rest-coherence: worst=168.8deg bone[7]='bone_L-middlefinger03.mesh' count(>5deg)=10 freshRecap=0  xcheck(invOff-vs-restW) worst=168.7deg bone[7]
  TIER2 joint-attach(PRIMARY): worst=0.00u bone[-1]='?' parent[-1] R=0.0 exactJoint=0.00u pairs=0  (palette-wide exactWorst=0.00u)
[IK_SHARD_VERT] mesh='hands_naked.mesh' wext=87 worstVtx=623 domBone[25]='bone_L-thumb01.mesh' w=1.00 vertR=34.9 vertDevFromCentroid=42 bindVert=(-20.7,-15.5,65.2)
[IK_SHARD_VERT] mesh='highlight_main.mesh' wext=183 worstVtx=3 domBone[2]='bone_bottom_right.mesh' w=1.00 vertR=7.0 vertDevFromCentroid=92 bindVert=(64.0,-16.0,0.0)
[IK_SHARD_VERT] mesh='hands_naked.mesh' wext=87 worstVtx=623 domBone[25]='bone_L-thumb01.mesh' w=1.00 vertR=34.9 vertDevFromCentroid=42 bindVert=(-20.7,-15.5,65.2)
[HANDS_ATTACH] mesh='hands_naked.mesh' owner='hands_naked.mesh' frame=274 nb=38 wext=87.2 rebound=1
  TIER1 rest-coherence: worst=87.3deg bone[33]='bone_L-middlefinger03.mesh' count(>5deg)=34 freshRecap=0  xcheck(invOff-vs-restW) worst=87.3deg bone[33]
  TIER2 joint-attach(PRIMARY): worst=64.53u bone[18]='bone_R-pinky02.mesh' parent[14] R=47.4 exactJoint=0.00u pairs=30  (palette-wide exactWorst=0.33u)
[HANDS_ATTACH] mesh='hands_naked.mesh' owner='hands_naked.mesh' frame=274 nb=40 wext=53.1 rebound=1
  TIER1 rest-coherence: worst=42.6deg bone[30]='bone_L-middlefinger03.mesh' count(>5deg)=36 freshRecap=0  xcheck(invOff-vs-restW) worst=42.6deg bone[30]
  TIER2 joint-attach(PRIMARY): worst=22.35u bone[14]='bone_R-pinky01.mesh' parent[11] R=39.0 exactJoint=0.00u pairs=36  (palette-wide exactWorst=0.04u)
[HANDS_ATTACH] mesh='hands_naked.mesh' owner='hands_naked.mesh' frame=274 nb=38 wext=95.7 rebound=1
  TIER1 rest-coherence: worst=87.3deg bone[33]='bone_L-middlefinger03.mesh' count(>5deg)=34 freshRecap=0  xcheck(invOff-vs-restW) worst=87.3deg bone[33]
  TIER2 joint-attach(PRIMARY): worst=66.73u bone[18]='bone_R-pinky02.mesh' parent[14] R=47.4 exactJoint=0.00u pairs=30  (palette-wide exactWorst=0.00u)
[HANDS_ATTACH] mesh='gloves_resource.1.mesh' owner='gloves_resource.1.mesh' frame=274 nb=4 wext=10.5 rebound=1
  TIER1 rest-coherence: worst=60.2deg bone[0]='bone_L-index03.mesh' count(>5deg)=4 freshRecap=0  xcheck(invOff-vs-restW) worst=60.2deg bone[0]
  TIER2 joint-attach(PRIMARY): worst=25.47u bone[3]='bone_L-index02.mesh' parent[2] R=47.0 exactJoint=0.36u pairs=3  (palette-wide exactWorst=0.37u)
[HANDS_ATTACH] mesh='gloves_resource.mesh' owner='gloves_resource.mesh' frame=274 nb=40 wext=40.0 rebound=1
  TIER1 rest-coherence: worst=68.8deg bone[32]='bone_L-middlefinger03.mesh' count(>5deg)=40 freshRecap=0  xcheck(invOff-vs-restW) worst=68.8deg bone[32]
  TIER2 joint-attach(PRIMARY): worst=50.63u bone[17]='bone_R-pinky02.mesh' parent[4] R=47.4 exactJoint=0.40u pairs=36  (palette-wide exactWorst=6.88u)
[HANDS_ATTACH] mesh='gloves_skin.2.mesh' owner='gloves_skin.2.mesh' frame=274 nb=9 wext=12.1 rebound=1
  TIER1 rest-coherence: worst=38.9deg bone[5]='bone_L-hand.mesh' count(>5deg)=9 freshRecap=0  xcheck(invOff-vs-restW) worst=38.9deg bone[5]
  TIER2 joint-attach(PRIMARY): worst=15.79u bone[3]='bone_R-pinky-base.mesh' parent[2] R=45.0 exactJoint=6.73u pairs=5  (palette-wide exactWorst=6.88u)
[IK_SHARD_VERT] mesh='hands_naked.mesh' wext=87 worstVtx=623 domBone[25]='bone_L-thumb01.mesh' w=1.00 vertR=34.9 vertDevFromCentroid=42 bindVert=(-20.7,-15.5,65.2)
[HANDS_ATTACH] mesh='hands_naked.mesh' owner='hands_naked.mesh' frame=284 nb=38 wext=87.0 rebound=1
  TIER1 rest-coherence: worst=87.3deg bone[33]='bone_L-middlefinger03.mesh' count(>5deg)=34 freshRecap=0  xcheck(invOff-vs-restW) worst=87.3deg bone[33]
  TIER2 joint-attach(PRIMARY): worst=66.49u bone[18]='bone_R-pinky02.mesh' parent[14] R=47.4 exactJoint=0.00u pairs=30  (palette-wide exactWorst=0.33u)
[HANDS_ATTACH] mesh='hands_naked.mesh' owner='hands_naked.mesh' frame=284 nb=40 wext=53.3 rebound=1
  TIER1 rest-coherence: worst=42.6deg bone[30]='bone_L-middlefinger03.mesh' count(>5deg)=36 freshRecap=0  xcheck(invOff-vs-restW) worst=42.6deg bone[30]
  TIER2 joint-attach(PRIMARY): worst=22.39u bone[14]='bone_R-pinky01.mesh' parent[11] R=39.0 exactJoint=0.00u pairs=36  (palette-wide exactWorst=0.04u)
[HANDS_ATTACH] mesh='hands_naked.mesh' owner='hands_naked.mesh' frame=284 nb=38 wext=95.7 rebound=1
  TIER1 rest-coherence: worst=87.3deg bone[33]='bone_L-middlefinger03.mesh' count(>5deg)=34 freshRecap=0  xcheck(invOff-vs-restW) worst=87.3deg bone[33]
  TIER2 joint-attach(PRIMARY): worst=66.73u bone[18]='bone_R-pinky02.mesh' parent[14] R=47.4 exactJoint=0.00u pairs=30  (palette-wide exactWorst=0.00u)
[HANDS_ATTACH] mesh='gloves_resource.1.mesh' owner='gloves_resource.1.mesh' frame=284 nb=4 wext=10.4 rebound=1
  TIER1 rest-coherence: worst=60.2deg bone[0]='bone_L-index03.mesh' count(>5deg)=4 freshRecap=0  xcheck(invOff-vs-restW) worst=60.2deg bone[0]
  TIER2 joint-attach(PRIMARY): worst=25.14u bone[3]='bone_L-index02.mesh' parent[2] R=47.0 exactJoint=0.36u pairs=3  (palette-wide exactWorst=0.37u)
[HANDS_ATTACH] mesh='gloves_resource.mesh' owner='gloves_resource.mesh' frame=284 nb=40 wext=39.6 rebound=1
  TIER1 rest-coherence: worst=68.8deg bone[32]='bone_L-middlefinger03.mesh' count(>5deg)=40 freshRecap=0  xcheck(invOff-vs-restW) worst=68.8deg bone[32]
  TIER2 joint-attach(PRIMARY): worst=50.55u bone[17]='bone_R-pinky02.mesh' parent[4] R=47.4 exactJoint=0.40u pairs=36  (palette-wide exactWorst=6.88u)
[HANDS_ATTACH] mesh='gloves_skin.2.mesh' owner='gloves_skin.2.mesh' frame=284 nb=9 wext=11.5 rebound=1
  TIER1 rest-coherence: worst=38.9deg bone[5]='bone_L-hand.mesh' count(>5deg)=9 freshRecap=0  xcheck(invOff-vs-restW) worst=38.9deg bone[5]
  TIER2 joint-attach(PRIMARY): worst=15.79u bone[3]='bone_R-pinky-base.mesh' parent[2] R=45.0 exactJoint=6.73u pairs=5  (palette-wide exactWorst=6.88u)
[HANDS_ATTACH] mesh='fingernails_resource.mesh' owner='fingernails_resource.mesh' frame=285 nb=10 wext=38.9 rebound=1
  TIER1 rest-coherence: worst=174.5deg bone[3]='bone_R-index03.mesh' count(>5deg)=10 freshRecap=0  xcheck(invOff-vs-restW) worst=174.4deg bone[3]
  TIER2 joint-attach(PRIMARY): worst=0.00u bone[-1]='?' parent[-1] R=0.0 exactJoint=0.00u pairs=0  (palette-wide exactWorst=0.00u)
[HANDS_ATTACH] mesh='fingernails_resource.mesh' owner='fingernails_resource.mesh' frame=285 nb=10 wext=30.2 rebound=1
  TIER1 rest-coherence: worst=176.9deg bone[8]='bone_L-ringfinger03.mesh' count(>5deg)=10 freshRecap=0  xcheck(invOff-vs-restW) worst=176.7deg bone[8]
  TIER2 joint-attach(PRIMARY): worst=0.00u bone[-1]='?' parent[-1] R=0.0 exactJoint=0.00u pairs=0  (palette-wide exactWorst=0.00u)
[HANDS_ATTACH] mesh='fingernails_resource.mesh' owner='fingernails_resource.mesh' frame=285 nb=10 wext=42.5 rebound=1
  TIER1 rest-coherence: worst=168.8deg bone[7]='bone_L-middlefinger03.mesh' count(>5deg)=10 freshRecap=0  xcheck(invOff-vs-restW) worst=168.7deg bone[7]
  TIER2 joint-attach(PRIMARY): worst=0.00u bone[-1]='?' parent[-1] R=0.0 exactJoint=0.00u pairs=0  (palette-wide exactWorst=0.00u)
[IK_SHARD_VERT] mesh='hands_naked.mesh' wext=87 worstVtx=623 domBone[25]='bone_L-thumb01.mesh' w=1.00 vertR=34.9 vertDevFromCentroid=41 bindVert=(-20.7,-15.5,65.2)
[HANDS_ATTACH] mesh='hands_naked.mesh' owner='hands_naked.mesh' frame=294 nb=38 wext=86.6 rebound=1
  TIER1 rest-coherence: worst=87.3deg bone[33]='bone_L-middlefinger03.mesh' count(>5deg)=34 freshRecap=0  xcheck(invOff-vs-restW) worst=87.3deg bone[33]
  TIER2 joint-attach(PRIMARY): worst=67.34u bone[18]='bone_R-pinky02.mesh' parent[14] R=47.4 exactJoint=0.00u pairs=30  (palette-wide exactWorst=0.33u)
[HANDS_ATTACH] mesh='hands_naked.mesh' owner='hands_naked.mesh' frame=294 nb=40 wext=53.6 rebound=1
  TIER1 rest-coherence: worst=42.6deg bone[30]='bone_L-middlefinger03.mesh' count(>5deg)=36 freshRecap=0  xcheck(invOff-vs-restW) worst=42.6deg bone[30]
  TIER2 joint-attach(PRIMARY): worst=22.38u bone[14]='bone_R-pinky01.mesh' parent[11] R=39.0 exactJoint=0.00u pairs=36  (palette-wide exactWorst=0.04u)
[HANDS_ATTACH] mesh='hands_naked.mesh' owner='hands_naked.mesh' frame=294 nb=38 wext=95.4 rebound=1
  TIER1 rest-coherence: worst=87.3deg bone[33]='bone_L-middlefinger03.mesh' count(>5deg)=34 freshRecap=0  xcheck(invOff-vs-restW) worst=87.3deg bone[33]
  TIER2 joint-attach(PRIMARY): worst=66.70u bone[18]='bone_R-pinky02.mesh' parent[14] R=47.4 exactJoint=0.00u pairs=30  (palette-wide exactWorst=0.00u)
[HANDS_ATTACH] mesh='gloves_resource.1.mesh' owner='gloves_resource.1.mesh' frame=294 nb=4 wext=10.3 rebound=1
  TIER1 rest-coherence: worst=60.2deg bone[0]='bone_L-index03.mesh' count(>5deg)=4 freshRecap=0  xcheck(invOff-vs-restW) worst=60.2deg bone[0]
  TIER2 joint-attach(PRIMARY): worst=24.65u bone[3]='bone_L-index02.mesh' parent[2] R=47.0 exactJoint=0.36u pairs=3  (palette-wide exactWorst=0.37u)
[HANDS_ATTACH] mesh='gloves_resource.mesh' owner='gloves_resource.mesh' frame=294 nb=40 wext=38.6 rebound=1
  TIER1 rest-coherence: worst=68.8deg bone[32]='bone_L-middlefinger03.mesh' count(>5deg)=40 freshRecap=0  xcheck(invOff-vs-restW) worst=68.8deg bone[32]
  TIER2 joint-attach(PRIMARY): worst=50.51u bone[17]='bone_R-pinky02.mesh' parent[4] R=47.4 exactJoint=0.40u pairs=36  (palette-wide exactWorst=6.88u)
[HANDS_ATTACH] mesh='gloves_skin.2.mesh' owner='gloves_skin.2.mesh' frame=294 nb=9 wext=10.7 rebound=1
  TIER1 rest-coherence: worst=38.9deg bone[5]='bone_L-hand.mesh' count(>5deg)=9 freshRecap=0  xcheck(invOff-vs-restW) worst=38.9deg bone[5]
  TIER2 joint-attach(PRIMARY): worst=15.79u bone[3]='bone_R-pinky-base.mesh' parent[2] R=45.0 exactJoint=6.73u pairs=5  (palette-wide exactWorst=6.88u)
[IK_SHARD_VERT] mesh='hands_naked.mesh' wext=87 worstVtx=623 domBone[25]='bone_L-thumb01.mesh' w=1.00 vertR=34.9 vertDevFromCentroid=41 bindVert=(-20.7,-15.5,65.2)
[IK_SHARD_VERT] mesh='highlight_main.mesh' wext=183 worstVtx=3 domBone[2]='bone_bottom_right.mesh' w=1.00 vertR=7.0 vertDevFromCentroid=92 bindVert=(64.0,-16.0,0.0)
[IK_SHARD_VERT] mesh='hands_naked.mesh' wext=86 worstVtx=623 domBone[25]='bone_L-thumb01.mesh' w=1.00 vertR=34.9 vertDevFromCentroid=41 bindVert=(-20.7,-15.5,65.2)
[HANDS_ATTACH] mesh='hands_naked.mesh' owner='hands_naked.mesh' frame=304 nb=38 wext=86.4 rebound=1
  TIER1 rest-coherence: worst=87.3deg bone[33]='bone_L-middlefinger03.mesh' count(>5deg)=34 freshRecap=0  xcheck(invOff-vs-restW) worst=87.3deg bone[33]
  TIER2 joint-attach(PRIMARY): worst=67.57u bone[18]='bone_R-pinky02.mesh' parent[14] R=47.4 exactJoint=0.00u pairs=30  (palette-wide exactWorst=0.33u)
[HANDS_ATTACH] mesh='hands_naked.mesh' owner='hands_naked.mesh' frame=304 nb=40 wext=53.8 rebound=1
  TIER1 rest-coherence: worst=42.6deg bone[30]='bone_L-middlefinger03.mesh' count(>5deg)=36 freshRecap=0  xcheck(invOff-vs-restW) worst=42.6deg bone[30]
  TIER2 joint-attach(PRIMARY): worst=22.31u bone[14]='bone_R-pinky01.mesh' parent[11] R=39.0 exactJoint=0.00u pairs=36  (palette-wide exactWorst=0.04u)
[HANDS_ATTACH] mesh='hands_naked.mesh' owner='hands_naked.mesh' frame=304 nb=38 wext=95.1 rebound=1
  TIER1 rest-coherence: worst=87.3deg bone[33]='bone_L-middlefinger03.mesh' count(>5deg)=34 freshRecap=0  xcheck(invOff-vs-restW) worst=87.3deg bone[33]
  TIER2 joint-attach(PRIMARY): worst=66.69u bone[18]='bone_R-pinky02.mesh' parent[14] R=47.4 exactJoint=0.00u pairs=30  (palette-wide exactWorst=0.00u)
[HANDS_ATTACH] mesh='gloves_resource.1.mesh' owner='gloves_resource.1.mesh' frame=304 nb=4 wext=10.1 rebound=1
  TIER1 rest-coherence: worst=60.2deg bone[0]='bone_L-index03.mesh' count(>5deg)=4 freshRecap=0  xcheck(invOff-vs-restW) worst=60.2deg bone[0]
  TIER2 joint-attach(PRIMARY): worst=23.99u bone[3]='bone_L-index02.mesh' parent[2] R=47.0 exactJoint=0.36u pairs=3  (palette-wide exactWorst=0.37u)
[HANDS_ATTACH] mesh='gloves_resource.mesh' owner='gloves_resource.mesh' frame=304 nb=40 wext=37.6 rebound=1
  TIER1 rest-coherence: worst=68.8deg bone[32]='bone_L-middlefinger03.mesh' count(>5deg)=40 freshRecap=0  xcheck(invOff-vs-restW) worst=68.8deg bone[32]
  TIER2 joint-attach(PRIMARY): worst=50.42u bone[17]='bone_R-pinky02.mesh' parent[4] R=47.4 exactJoint=0.40u pairs=36  (palette-wide exactWorst=6.88u)
[HANDS_ATTACH] mesh='gloves_skin.2.mesh' owner='gloves_skin.2.mesh' frame=304 nb=9 wext=10.0 rebound=1
  TIER1 rest-coherence: worst=38.9deg bone[5]='bone_L-hand.mesh' count(>5deg)=9 freshRecap=0  xcheck(invOff-vs-restW) worst=38.9deg bone[5]
  TIER2 joint-attach(PRIMARY): worst=15.79u bone[3]='bone_R-pinky-base.mesh' parent[2] R=45.0 exactJoint=6.73u pairs=5  (palette-wide exactWorst=6.88u)
[HANDS_ATTACH] mesh='fingernails_resource.mesh' owner='fingernails_resource.mesh' frame=305 nb=10 wext=39.4 rebound=1
  TIER1 rest-coherence: worst=174.5deg bone[3]='bone_R-index03.mesh' count(>5deg)=10 freshRecap=0  xcheck(invOff-vs-restW) worst=174.4deg bone[3]
  TIER2 joint-attach(PRIMARY): worst=0.00u bone[-1]='?' parent[-1] R=0.0 exactJoint=0.00u pairs=0  (palette-wide exactWorst=0.00u)
[HANDS_ATTACH] mesh='fingernails_resource.mesh' owner='fingernails_resource.mesh' frame=305 nb=10 wext=30.7 rebound=1
  TIER1 rest-coherence: worst=176.9deg bone[8]='bone_L-ringfinger03.mesh' count(>5deg)=10 freshRecap=0  xcheck(invOff-vs-restW) worst=176.7deg bone[8]
  TIER2 joint-attach(PRIMARY): worst=0.00u bone[-1]='?' parent[-1] R=0.0 exactJoint=0.00u pairs=0  (palette-wide exactWorst=0.00u)
[HANDS_ATTACH] mesh='fingernails_resource.mesh' owner='fingernails_resource.mesh' frame=305 nb=10 wext=44.2 rebound=1
  TIER1 rest-coherence: worst=168.8deg bone[7]='bone_L-middlefinger03.mesh' count(>5deg)=10 freshRecap=0  xcheck(invOff-vs-restW) worst=168.7deg bone[7]
  TIER2 joint-attach(PRIMARY): worst=0.00u bone[-1]='?' parent[-1] R=0.0 exactJoint=0.00u pairs=0  (palette-wide exactWorst=0.00u)
[IK_SHARD_VERT] mesh='hands_naked.mesh' wext=86 worstVtx=686 domBone[25]='bone_L-thumb01.mesh' w=1.00 vertR=33.4 vertDevFromCentroid=40 bindVert=(-22.3,-14.6,64.5)
[HANDS_ATTACH] mesh='hands_naked.mesh' owner='hands_naked.mesh' frame=314 nb=38 wext=86.0 rebound=1
  TIER1 rest-coherence: worst=87.3deg bone[33]='bone_L-middlefinger03.mesh' count(>5deg)=34 freshRecap=0  xcheck(invOff-vs-restW) worst=87.3deg bone[33]
  TIER2 joint-attach(PRIMARY): worst=67.26u bone[18]='bone_R-pinky02.mesh' parent[14] R=47.4 exactJoint=0.00u pairs=30  (palette-wide exactWorst=0.33u)
[HANDS_ATTACH] mesh='hands_naked.mesh' owner='hands_naked.mesh' frame=314 nb=40 wext=54.0 rebound=1
  TIER1 rest-coherence: worst=42.6deg bone[30]='bone_L-middlefinger03.mesh' count(>5deg)=36 freshRecap=0  xcheck(invOff-vs-restW) worst=42.6deg bone[30]
  TIER2 joint-attach(PRIMARY): worst=22.17u bone[14]='bone_R-pinky01.mesh' parent[11] R=39.0 exactJoint=0.00u pairs=36  (palette-wide exactWorst=0.04u)
[HANDS_ATTACH] mesh='hands_naked.mesh' owner='hands_naked.mesh' frame=314 nb=38 wext=94.8 rebound=1
  TIER1 rest-coherence: worst=87.3deg bone[33]='bone_L-middlefinger03.mesh' count(>5deg)=34 freshRecap=0  xcheck(invOff-vs-restW) worst=87.3deg bone[33]
  TIER2 joint-attach(PRIMARY): worst=66.65u bone[18]='bone_R-pinky02.mesh' parent[14] R=47.4 exactJoint=0.00u pairs=30  (palette-wide exactWorst=0.00u)
[HANDS_ATTACH] mesh='gloves_resource.1.mesh' owner='gloves_resource.1.mesh' frame=314 nb=4 wext=9.9 rebound=1
  TIER1 rest-coherence: worst=60.2deg bone[0]='bone_L-index03.mesh' count(>5deg)=4 freshRecap=0  xcheck(invOff-vs-restW) worst=60.2deg bone[0]
  TIER2 joint-attach(PRIMARY): worst=23.16u bone[3]='bone_L-index02.mesh' parent[2] R=47.0 exactJoint=0.36u pairs=3  (palette-wide exactWorst=0.37u)
[HANDS_ATTACH] mesh='gloves_resource.mesh' owner='gloves_resource.mesh' frame=314 nb=40 wext=36.4 rebound=1
  TIER1 rest-coherence: worst=68.8deg bone[32]='bone_L-middlefinger03.mesh' count(>5deg)=40 freshRecap=0  xcheck(invOff-vs-restW) worst=68.8deg bone[32]
  TIER2 joint-attach(PRIMARY): worst=50.34u bone[17]='bone_R-pinky02.mesh' parent[4] R=47.4 exactJoint=0.40u pairs=36  (palette-wide exactWorst=6.88u)
[HANDS_ATTACH] mesh='gloves_skin.2.mesh' owner='gloves_skin.2.mesh' frame=314 nb=9 wext=9.3 rebound=1
  TIER1 rest-coherence: worst=38.9deg bone[5]='bone_L-hand.mesh' count(>5deg)=9 freshRecap=0  xcheck(invOff-vs-restW) worst=38.9deg bone[5]
  TIER2 joint-attach(PRIMARY): worst=15.79u bone[3]='bone_R-pinky-base.mesh' parent[2] R=45.0 exactJoint=6.73u pairs=5  (palette-wide exactWorst=6.88u)
[IK_SHARD_VERT] mesh='hands_naked.mesh' wext=86 worstVtx=686 domBone[25]='bone_L-thumb01.mesh' w=1.00 vertR=33.4 vertDevFromCentroid=40 bindVert=(-22.3,-14.6,64.5)
[HANDS_ATTACH] mesh='hands_naked.mesh' owner='hands_naked.mesh' frame=324 nb=38 wext=85.4 rebound=1
  TIER1 rest-coherence: worst=87.3deg bone[33]='bone_L-middlefinger03.mesh' count(>5deg)=34 freshRecap=0  xcheck(invOff-vs-restW) worst=87.3deg bone[33]
  TIER2 joint-attach(PRIMARY): worst=66.50u bone[18]='bone_R-pinky02.mesh' parent[14] R=47.4 exactJoint=0.00u pairs=30  (palette-wide exactWorst=0.33u)
[HANDS_ATTACH] mesh='hands_naked.mesh' owner='hands_naked.mesh' frame=324 nb=40 wext=54.3 rebound=1
  TIER1 rest-coherence: worst=42.6deg bone[30]='bone_L-middlefinger03.mesh' count(>5deg)=36 freshRecap=0  xcheck(invOff-vs-restW) worst=42.6deg bone[30]
  TIER2 joint-attach(PRIMARY): worst=21.99u bone[14]='bone_R-pinky01.mesh' parent[11] R=39.0 exactJoint=0.00u pairs=36  (palette-wide exactWorst=0.04u)
[HANDS_ATTACH] mesh='hands_naked.mesh' owner='hands_naked.mesh' frame=324 nb=38 wext=94.8 rebound=1
  TIER1 rest-coherence: worst=87.3deg bone[33]='bone_L-middlefinger03.mesh' count(>5deg)=34 freshRecap=0  xcheck(invOff-vs-restW) worst=87.3deg bone[33]
  TIER2 joint-attach(PRIMARY): worst=66.61u bone[18]='bone_R-pinky02.mesh' parent[14] R=47.4 exactJoint=0.00u pairs=30  (palette-wide exactWorst=0.00u)
[HANDS_ATTACH] mesh='gloves_resource.1.mesh' owner='gloves_resource.1.mesh' frame=324 nb=4 wext=9.6 rebound=1
  TIER1 rest-coherence: worst=60.2deg bone[0]='bone_L-index03.mesh' count(>5deg)=4 freshRecap=0  xcheck(invOff-vs-restW) worst=60.2deg bone[0]
  TIER2 joint-attach(PRIMARY): worst=22.18u bone[3]='bone_L-index02.mesh' parent[2] R=47.0 exactJoint=0.36u pairs=3  (palette-wide exactWorst=0.37u)
[HANDS_ATTACH] mesh='gloves_resource.mesh' owner='gloves_resource.mesh' frame=324 nb=40 wext=35.0 rebound=1
  TIER1 rest-coherence: worst=68.8deg bone[32]='bone_L-middlefinger03.mesh' count(>5deg)=40 freshRecap=0  xcheck(invOff-vs-restW) worst=68.8deg bone[32]
  TIER2 joint-attach(PRIMARY): worst=50.25u bone[17]='bone_R-pinky02.mesh' parent[4] R=47.4 exactJoint=0.40u pairs=36  (palette-wide exactWorst=6.88u)
[HANDS_ATTACH] mesh='gloves_skin.2.mesh' owner='gloves_skin.2.mesh' frame=324 nb=9 wext=8.9 rebound=1
  TIER1 rest-coherence: worst=38.9deg bone[5]='bone_L-hand.mesh' count(>5deg)=9 freshRecap=0  xcheck(invOff-vs-restW) worst=38.9deg bone[5]
  TIER2 joint-attach(PRIMARY): worst=15.79u bone[3]='bone_R-pinky-base.mesh' parent[2] R=45.0 exactJoint=6.73u pairs=5  (palette-wide exactWorst=6.88u)
[HANDS_ATTACH] mesh='fingernails_resource.mesh' owner='fingernails_resource.mesh' frame=325 nb=10 wext=39.6 rebound=1
  TIER1 rest-coherence: worst=174.5deg bone[3]='bone_R-index03.mesh' count(>5deg)=10 freshRecap=0  xcheck(invOff-vs-restW) worst=174.4deg bone[3]
  TIER2 joint-attach(PRIMARY): worst=0.00u bone[-1]='?' parent[-1] R=0.0 exactJoint=0.00u pairs=0  (palette-wide exactWorst=0.00u)
[HANDS_ATTACH] mesh='fingernails_resource.mesh' owner='fingernails_resource.mesh' frame=325 nb=10 wext=31.2 rebound=1
  TIER1 rest-coherence: worst=176.9deg bone[8]='bone_L-ringfinger03.mesh' count(>5deg)=10 freshRecap=0  xcheck(invOff-vs-restW) worst=176.7deg bone[8]
  TIER2 joint-attach(PRIMARY): worst=0.00u bone[-1]='?' parent[-1] R=0.0 exactJoint=0.00u pairs=0  (palette-wide exactWorst=0.00u)
[HANDS_ATTACH] mesh='fingernails_resource.mesh' owner='fingernails_resource.mesh' frame=325 nb=10 wext=43.7 rebound=1
  TIER1 rest-coherence: worst=168.8deg bone[7]='bone_L-middlefinger03.mesh' count(>5deg)=10 freshRecap=0  xcheck(invOff-vs-restW) worst=168.7deg bone[7]
  TIER2 joint-attach(PRIMARY): worst=0.00u bone[-1]='?' parent[-1] R=0.0 exactJoint=0.00u pairs=0  (palette-wide exactWorst=0.00u)
[IK_SHARD_VERT] mesh='hands_naked.mesh' wext=85 worstVtx=686 domBone[25]='bone_L-thumb01.mesh' w=1.00 vertR=33.4 vertDevFromCentroid=39 bindVert=(-22.3,-14.6,64.5)
[IK_SHARD_VERT] mesh='highlight_main.mesh' wext=166 worstVtx=3 domBone[2]='bone_bottom_right.mesh' w=1.00 vertR=7.0 vertDevFromCentroid=83 bindVert=(64.0,-16.0,0.0)
[IK_SHARD_VERT] mesh='hands_naked.mesh' wext=85 worstVtx=686 domBone[25]='bone_L-thumb01.mesh' w=1.00 vertR=33.4 vertDevFromCentroid=39 bindVert=(-22.3,-14.6,64.5)
[HANDS_ATTACH] mesh='hands_naked.mesh' owner='hands_naked.mesh' frame=334 nb=38 wext=84.4 rebound=1
  TIER1 rest-coherence: worst=87.3deg bone[33]='bone_L-middlefinger03.mesh' count(>5deg)=34 freshRecap=0  xcheck(invOff-vs-restW) worst=87.3deg bone[33]
  TIER2 joint-attach(PRIMARY): worst=65.23u bone[18]='bone_R-pinky02.mesh' parent[14] R=47.4 exactJoint=0.00u pairs=30  (palette-wide exactWorst=0.33u)
[HANDS_ATTACH] mesh='hands_naked.mesh' owner='hands_naked.mesh' frame=334 nb=40 wext=54.6 rebound=1
  TIER1 rest-coherence: worst=42.6deg bone[30]='bone_L-middlefinger03.mesh' count(>5deg)=36 freshRecap=0  xcheck(invOff-vs-restW) worst=42.6deg bone[30]
  TIER2 joint-attach(PRIMARY): worst=21.78u bone[14]='bone_R-pinky01.mesh' parent[11] R=39.0 exactJoint=0.00u pairs=36  (palette-wide exactWorst=0.04u)
[HANDS_ATTACH] mesh='hands_naked.mesh' owner='hands_naked.mesh' frame=334 nb=38 wext=94.9 rebound=1
  TIER1 rest-coherence: worst=87.3deg bone[33]='bone_L-middlefinger03.mesh' count(>5deg)=34 freshRecap=0  xcheck(invOff-vs-restW) worst=87.3deg bone[33]
  TIER2 joint-attach(PRIMARY): worst=66.53u bone[18]='bone_R-pinky02.mesh' parent[14] R=47.4 exactJoint=0.00u pairs=30  (palette-wide exactWorst=0.00u)
[HANDS_ATTACH] mesh='gloves_resource.1.mesh' owner='gloves_resource.1.mesh' frame=334 nb=4 wext=9.2 rebound=1
  TIER1 rest-coherence: worst=60.2deg bone[0]='bone_L-index03.mesh' count(>5deg)=4 freshRecap=0  xcheck(invOff-vs-restW) worst=60.2deg bone[0]
  TIER2 joint-attach(PRIMARY): worst=21.05u bone[3]='bone_L-index02.mesh' parent[2] R=47.0 exactJoint=0.36u pairs=3  (palette-wide exactWorst=0.37u)
[HANDS_ATTACH] mesh='gloves_resource.mesh' owner='gloves_resource.mesh' frame=334 nb=40 wext=33.8 rebound=1
  TIER1 rest-coherence: worst=68.8deg bone[32]='bone_L-middlefinger03.mesh' count(>5deg)=40 freshRecap=0  xcheck(invOff-vs-restW) worst=68.8deg bone[32]
  TIER2 joint-attach(PRIMARY): worst=50.17u bone[17]='bone_R-pinky02.mesh' parent[4] R=47.4 exactJoint=0.40u pairs=36  (palette-wide exactWorst=6.88u)
[HANDS_ATTACH] mesh='gloves_skin.2.mesh' owner='gloves_skin.2.mesh' frame=334 nb=9 wext=8.7 rebound=1
  TIER1 rest-coherence: worst=38.9deg bone[5]='bone_L-hand.mesh' count(>5deg)=9 freshRecap=0  xcheck(invOff-vs-restW) worst=38.9deg bone[5]
  TIER2 joint-attach(PRIMARY): worst=15.80u bone[3]='bone_R-pinky-base.mesh' parent[2] R=45.0 exactJoint=6.73u pairs=5  (palette-wide exactWorst=6.88u)
[IK_SHARD_VERT] mesh='hands_naked.mesh' wext=83 worstVtx=686 domBone[25]='bone_L-thumb01.mesh' w=1.00 vertR=33.4 vertDevFromCentroid=39 bindVert=(-22.3,-14.6,64.5)
[HANDS_ATTACH] mesh='hands_naked.mesh' owner='hands_naked.mesh' frame=344 nb=38 wext=82.9 rebound=1
  TIER1 rest-coherence: worst=87.3deg bone[33]='bone_L-middlefinger03.mesh' count(>5deg)=34 freshRecap=0  xcheck(invOff-vs-restW) worst=87.3deg bone[33]
  TIER2 joint-attach(PRIMARY): worst=63.55u bone[18]='bone_R-pinky02.mesh' parent[14] R=47.4 exactJoint=0.00u pairs=30  (palette-wide exactWorst=0.33u)
[HANDS_ATTACH] mesh='hands_naked.mesh' owner='hands_naked.mesh' frame=344 nb=40 wext=54.8 rebound=1
  TIER1 rest-coherence: worst=42.6deg bone[30]='bone_L-middlefinger03.mesh' count(>5deg)=36 freshRecap=0  xcheck(invOff-vs-restW) worst=42.6deg bone[30]
  TIER2 joint-attach(PRIMARY): worst=21.54u bone[14]='bone_R-pinky01.mesh' parent[11] R=39.0 exactJoint=0.00u pairs=36  (palette-wide exactWorst=0.04u)
[HANDS_ATTACH] mesh='hands_naked.mesh' owner='hands_naked.mesh' frame=344 nb=38 wext=94.5 rebound=1
  TIER1 rest-coherence: worst=87.3deg bone[33]='bone_L-middlefinger03.mesh' count(>5deg)=34 freshRecap=0  xcheck(invOff-vs-restW) worst=87.3deg bone[33]
  TIER2 joint-attach(PRIMARY): worst=66.49u bone[18]='bone_R-pinky02.mesh' parent[14] R=47.4 exactJoint=0.00u pairs=30  (palette-wide exactWorst=0.00u)
[HANDS_ATTACH] mesh='gloves_resource.1.mesh' owner='gloves_resource.1.mesh' frame=344 nb=4 wext=8.8 rebound=1
  TIER1 rest-coherence: worst=60.2deg bone[0]='bone_L-index03.mesh' count(>5deg)=4 freshRecap=0  xcheck(invOff-vs-restW) worst=60.2deg bone[0]
  TIER2 joint-attach(PRIMARY): worst=19.79u bone[3]='bone_L-index02.mesh' parent[2] R=47.0 exactJoint=0.36u pairs=3  (palette-wide exactWorst=0.37u)
[HANDS_ATTACH] mesh='gloves_resource.mesh' owner='gloves_resource.mesh' frame=344 nb=40 wext=32.9 rebound=1
  TIER1 rest-coherence: worst=68.8deg bone[32]='bone_L-middlefinger03.mesh' count(>5deg)=40 freshRecap=0  xcheck(invOff-vs-restW) worst=68.8deg bone[32]
  TIER2 joint-attach(PRIMARY): worst=50.08u bone[17]='bone_R-pinky02.mesh' parent[4] R=47.4 exactJoint=0.40u pairs=36  (palette-wide exactWorst=6.88u)
[HANDS_ATTACH] mesh='gloves_skin.2.mesh' owner='gloves_skin.2.mesh' frame=344 nb=9 wext=8.8 rebound=1
  TIER1 rest-coherence: worst=38.9deg bone[5]='bone_L-hand.mesh' count(>5deg)=9 freshRecap=0  xcheck(invOff-vs-restW) worst=38.9deg bone[5]
  TIER2 joint-attach(PRIMARY): worst=15.80u bone[3]='bone_R-pinky-base.mesh' parent[2] R=45.0 exactJoint=6.73u pairs=5  (palette-wide exactWorst=6.88u)
[HANDS_ATTACH] mesh='fingernails_resource.mesh' owner='fingernails_resource.mesh' frame=345 nb=10 wext=38.7 rebound=1
  TIER1 rest-coherence: worst=174.5deg bone[3]='bone_R-index03.mesh' count(>5deg)=10 freshRecap=0  xcheck(invOff-vs-restW) worst=174.4deg bone[3]
  TIER2 joint-attach(PRIMARY): worst=0.00u bone[-1]='?' parent[-1] R=0.0 exactJoint=0.00u pairs=0  (palette-wide exactWorst=0.00u)
[HANDS_ATTACH] mesh='fingernails_resource.mesh' owner='fingernails_resource.mesh' frame=345 nb=10 wext=31.4 rebound=1
  TIER1 rest-coherence: worst=176.9deg bone[8]='bone_L-ringfinger03.mesh' count(>5deg)=10 freshRecap=0  xcheck(invOff-vs-restW) worst=176.7deg bone[8]
  TIER2 joint-attach(PRIMARY): worst=0.00u bone[-1]='?' parent[-1] R=0.0 exactJoint=0.00u pairs=0  (palette-wide exactWorst=0.00u)
[HANDS_ATTACH] mesh='fingernails_resource.mesh' owner='fingernails_resource.mesh' frame=345 nb=10 wext=41.9 rebound=1
  TIER1 rest-coherence: worst=168.8deg bone[7]='bone_L-middlefinger03.mesh' count(>5deg)=10 freshRecap=0  xcheck(invOff-vs-restW) worst=168.7deg bone[7]
  TIER2 joint-attach(PRIMARY): worst=0.00u bone[-1]='?' parent[-1] R=0.0 exactJoint=0.00u pairs=0  (palette-wide exactWorst=0.00u)
[IK_SHARD_VERT] mesh='hands_naked.mesh' wext=82 worstVtx=623 domBone[25]='bone_L-thumb01.mesh' w=1.00 vertR=34.9 vertDevFromCentroid=38 bindVert=(-20.7,-15.5,65.2)
[HANDS_ATTACH] mesh='hands_naked.mesh' owner='hands_naked.mesh' frame=354 nb=38 wext=81.2 rebound=1
  TIER1 rest-coherence: worst=87.3deg bone[33]='bone_L-middlefinger03.mesh' count(>5deg)=34 freshRecap=0  xcheck(invOff-vs-restW) worst=87.3deg bone[33]
  TIER2 joint-attach(PRIMARY): worst=61.45u bone[18]='bone_R-pinky02.mesh' parent[14] R=47.4 exactJoint=0.00u pairs=30  (palette-wide exactWorst=0.33u)
[HANDS_ATTACH] mesh='hands_naked.mesh' owner='hands_naked.mesh' frame=354 nb=40 wext=55.1 rebound=1
  TIER1 rest-coherence: worst=42.6deg bone[30]='bone_L-middlefinger03.mesh' count(>5deg)=36 freshRecap=0  xcheck(invOff-vs-restW) worst=42.6deg bone[30]
  TIER2 joint-attach(PRIMARY): worst=21.29u bone[14]='bone_R-pinky01.mesh' parent[11] R=39.0 exactJoint=0.00u pairs=36  (palette-wide exactWorst=0.04u)
[HANDS_ATTACH] mesh='hands_naked.mesh' owner='hands_naked.mesh' frame=354 nb=38 wext=93.5 rebound=1
  TIER1 rest-coherence: worst=87.3deg bone[33]='bone_L-middlefinger03.mesh' count(>5deg)=34 freshRecap=0  xcheck(invOff-vs-restW) worst=87.3deg bone[33]
  TIER2 joint-attach(PRIMARY): worst=66.41u bone[18]='bone_R-pinky02.mesh' parent[14] R=47.4 exactJoint=0.00u pairs=30  (palette-wide exactWorst=0.00u)
[HANDS_ATTACH] mesh='gloves_resource.1.mesh' owner='gloves_resource.1.mesh' frame=354 nb=4 wext=8.3 rebound=1
  TIER1 rest-coherence: worst=60.2deg bone[0]='bone_L-index03.mesh' count(>5deg)=4 freshRecap=0  xcheck(invOff-vs-restW) worst=60.2deg bone[0]
  TIER2 joint-attach(PRIMARY): worst=18.42u bone[3]='bone_L-index02.mesh' parent[2] R=47.0 exactJoint=0.36u pairs=3  (palette-wide exactWorst=0.37u)
[HANDS_ATTACH] mesh='gloves_resource.mesh' owner='gloves_resource.mesh' frame=354 nb=40 wext=33.0 rebound=1
  TIER1 rest-coherence: worst=68.8deg bone[32]='bone_L-middlefinger03.mesh' count(>5deg)=40 freshRecap=0  xcheck(invOff-vs-restW) worst=68.8deg bone[32]
  TIER2 joint-attach(PRIMARY): worst=49.95u bone[17]='bone_R-pinky02.mesh' parent[4] R=47.4 exactJoint=0.40u pairs=36  (palette-wide exactWorst=6.88u)
[HANDS_ATTACH] mesh='gloves_skin.2.mesh' owner='gloves_skin.2.mesh' frame=354 nb=9 wext=9.2 rebound=1
  TIER1 rest-coherence: worst=38.9deg bone[5]='bone_L-hand.mesh' count(>5deg)=9 freshRecap=0  xcheck(invOff-vs-restW) worst=38.9deg bone[5]
  TIER2 joint-attach(PRIMARY): worst=15.80u bone[3]='bone_R-pinky-base.mesh' parent[2] R=45.0 exactJoint=6.73u pairs=5  (palette-wide exactWorst=6.88u)
[IK_SHARD_VERT] mesh='hands_naked.mesh' wext=81 worstVtx=623 domBone[25]='bone_L-thumb01.mesh' w=1.00 vertR=34.9 vertDevFromCentroid=38 bindVert=(-20.7,-15.5,65.2)
[IK_SHARD_VERT] mesh='highlight_main.mesh' wext=166 worstVtx=3 domBone[2]='bone_bottom_right.mesh' w=1.00 vertR=7.0 vertDevFromCentroid=83 bindVert=(64.0,-16.0,0.0)
[IK_SHARD_VERT] mesh='hands_naked.mesh' wext=80 worstVtx=623 domBone[25]='bone_L-thumb01.mesh' w=1.00 vertR=34.9 vertDevFromCentroid=37 bindVert=(-20.7,-15.5,65.2)
[HANDS_ATTACH] mesh='hands_naked.mesh' owner='hands_naked.mesh' frame=364 nb=38 wext=79.9 rebound=1
  TIER1 rest-coherence: worst=87.3deg bone[33]='bone_L-middlefinger03.mesh' count(>5deg)=34 freshRecap=0  xcheck(invOff-vs-restW) worst=87.3deg bone[33]
  TIER2 joint-attach(PRIMARY): worst=59.04u bone[18]='bone_R-pinky02.mesh' parent[14] R=47.4 exactJoint=0.00u pairs=30  (palette-wide exactWorst=0.33u)
[HANDS_ATTACH] mesh='hands_naked.mesh' owner='hands_naked.mesh' frame=364 nb=40 wext=55.4 rebound=1
  TIER1 rest-coherence: worst=42.6deg bone[30]='bone_L-middlefinger03.mesh' count(>5deg)=36 freshRecap=0  xcheck(invOff-vs-restW) worst=42.6deg bone[30]
  TIER2 joint-attach(PRIMARY): worst=21.06u bone[14]='bone_R-pinky01.mesh' parent[11] R=39.0 exactJoint=0.00u pairs=36  (palette-wide exactWorst=0.04u)
[HANDS_ATTACH] mesh='hands_naked.mesh' owner='hands_naked.mesh' frame=364 nb=38 wext=92.1 rebound=1
  TIER1 rest-coherence: worst=87.3deg bone[33]='bone_L-middlefinger03.mesh' count(>5deg)=34 freshRecap=0  xcheck(invOff-vs-restW) worst=87.3deg bone[33]
  TIER2 joint-attach(PRIMARY): worst=66.36u bone[18]='bone_R-pinky02.mesh' parent[14] R=47.4 exactJoint=0.00u pairs=30  (palette-wide exactWorst=0.00u)
[HANDS_ATTACH] mesh='gloves_resource.1.mesh' owner='gloves_resource.1.mesh' frame=364 nb=4 wext=7.9 rebound=1
  TIER1 rest-coherence: worst=60.2deg bone[0]='bone_L-index03.mesh' count(>5deg)=4 freshRecap=0  xcheck(invOff-vs-restW) worst=60.2deg bone[0]
  TIER2 joint-attach(PRIMARY): worst=16.96u bone[3]='bone_L-index02.mesh' parent[2] R=47.0 exactJoint=0.36u pairs=3  (palette-wide exactWorst=0.37u)
[HANDS_ATTACH] mesh='gloves_resource.mesh' owner='gloves_resource.mesh' frame=364 nb=40 wext=34.4 rebound=1
  TIER1 rest-coherence: worst=68.8deg bone[32]='bone_L-middlefinger03.mesh' count(>5deg)=40 freshRecap=0  xcheck(invOff-vs-restW) worst=68.8deg bone[32]
  TIER2 joint-attach(PRIMARY): worst=49.86u bone[17]='bone_R-pinky02.mesh' parent[4] R=47.4 exactJoint=0.40u pairs=36  (palette-wide exactWorst=6.88u)
[HANDS_ATTACH] mesh='gloves_skin.2.mesh' owner='gloves_skin.2.mesh' frame=364 nb=9 wext=9.7 rebound=1
  TIER1 rest-coherence: worst=38.9deg bone[5]='bone_L-hand.mesh' count(>5deg)=9 freshRecap=0  xcheck(invOff-vs-restW) worst=38.9deg bone[5]
  TIER2 joint-attach(PRIMARY): worst=15.80u bone[3]='bone_R-pinky-base.mesh' parent[2] R=45.0 exactJoint=6.73u pairs=5  (palette-wide exactWorst=6.88u)
[HANDS_ATTACH] mesh='fingernails_resource.mesh' owner='fingernails_resource.mesh' frame=365 nb=10 wext=37.3 rebound=1
  TIER1 rest-coherence: worst=174.5deg bone[3]='bone_R-index03.mesh' count(>5deg)=10 freshRecap=0  xcheck(invOff-vs-restW) worst=174.4deg bone[3]
  TIER2 joint-attach(PRIMARY): worst=0.00u bone[-1]='?' parent[-1] R=0.0 exactJoint=0.00u pairs=0  (palette-wide exactWorst=0.00u)
[HANDS_ATTACH] mesh='fingernails_resource.mesh' owner='fingernails_resource.mesh' frame=365 nb=10 wext=31.0 rebound=1
  TIER1 rest-coherence: worst=176.9deg bone[8]='bone_L-ringfinger03.mesh' count(>5deg)=10 freshRecap=0  xcheck(invOff-vs-restW) worst=176.7deg bone[8]
  TIER2 joint-attach(PRIMARY): worst=0.00u bone[-1]='?' parent[-1] R=0.0 exactJoint=0.00u pairs=0  (palette-wide exactWorst=0.00u)
[HANDS_ATTACH] mesh='fingernails_resource.mesh' owner='fingernails_resource.mesh' frame=365 nb=10 wext=39.9 rebound=1
  TIER1 rest-coherence: worst=168.8deg bone[7]='bone_L-middlefinger03.mesh' count(>5deg)=10 freshRecap=0  xcheck(invOff-vs-restW) worst=168.7deg bone[7]
  TIER2 joint-attach(PRIMARY): worst=0.00u bone[-1]='?' parent[-1] R=0.0 exactJoint=0.00u pairs=0  (palette-wide exactWorst=0.00u)
[IK_SHARD_VERT] mesh='hands_naked.mesh' wext=79 worstVtx=623 domBone[25]='bone_L-thumb01.mesh' w=1.00 vertR=34.9 vertDevFromCentroid=37 bindVert=(-20.7,-15.5,65.2)
[HANDS_ATTACH] mesh='hands_naked.mesh' owner='hands_naked.mesh' frame=374 nb=38 wext=79.1 rebound=1
  TIER1 rest-coherence: worst=87.3deg bone[33]='bone_L-middlefinger03.mesh' count(>5deg)=34 freshRecap=0  xcheck(invOff-vs-restW) worst=87.3deg bone[33]
  TIER2 joint-attach(PRIMARY): worst=56.35u bone[18]='bone_R-pinky02.mesh' parent[14] R=47.4 exactJoint=0.00u pairs=30  (palette-wide exactWorst=0.33u)
[HANDS_ATTACH] mesh='hands_naked.mesh' owner='hands_naked.mesh' frame=374 nb=40 wext=55.7 rebound=1
  TIER1 rest-coherence: worst=42.6deg bone[30]='bone_L-middlefinger03.mesh' count(>5deg)=36 freshRecap=0  xcheck(invOff-vs-restW) worst=42.6deg bone[30]
  TIER2 joint-attach(PRIMARY): worst=21.43u bone[13]='bone_R-pinky03.mesh' parent[9] R=37.9 exactJoint=0.00u pairs=36  (palette-wide exactWorst=0.04u)
[HANDS_ATTACH] mesh='hands_naked.mesh' owner='hands_naked.mesh' frame=374 nb=38 wext=91.2 rebound=1
  TIER1 rest-coherence: worst=87.3deg bone[33]='bone_L-middlefinger03.mesh' count(>5deg)=34 freshRecap=0  xcheck(invOff-vs-restW) worst=87.3deg bone[33]
  TIER2 joint-attach(PRIMARY): worst=66.28u bone[18]='bone_R-pinky02.mesh' parent[14] R=47.4 exactJoint=0.00u pairs=30  (palette-wide exactWorst=0.00u)
[HANDS_ATTACH] mesh='gloves_resource.1.mesh' owner='gloves_resource.1.mesh' frame=374 nb=4 wext=7.3 rebound=1
  TIER1 rest-coherence: worst=60.2deg bone[0]='bone_L-index03.mesh' count(>5deg)=4 freshRecap=0  xcheck(invOff-vs-restW) worst=60.2deg bone[0]
  TIER2 joint-attach(PRIMARY): worst=15.45u bone[3]='bone_L-index02.mesh' parent[2] R=47.0 exactJoint=0.36u pairs=3  (palette-wide exactWorst=0.37u)
[HANDS_ATTACH] mesh='gloves_resource.mesh' owner='gloves_resource.mesh' frame=374 nb=40 wext=35.9 rebound=1
  TIER1 rest-coherence: worst=68.8deg bone[32]='bone_L-middlefinger03.mesh' count(>5deg)=40 freshRecap=0  xcheck(invOff-vs-restW) worst=68.8deg bone[32]
  TIER2 joint-attach(PRIMARY): worst=49.77u bone[17]='bone_R-pinky02.mesh' parent[4] R=47.4 exactJoint=0.40u pairs=36  (palette-wide exactWorst=6.88u)
[HANDS_ATTACH] mesh='gloves_skin.2.mesh' owner='gloves_skin.2.mesh' frame=374 nb=9 wext=10.3 rebound=1
  TIER1 rest-coherence: worst=38.9deg bone[5]='bone_L-hand.mesh' count(>5deg)=9 freshRecap=0  xcheck(invOff-vs-restW) worst=38.9deg bone[5]
  TIER2 joint-attach(PRIMARY): worst=15.80u bone[3]='bone_R-pinky-base.mesh' parent[2] R=45.0 exactJoint=6.73u pairs=5  (palette-wide exactWorst=6.88u)
[IK_SHARD_VERT] mesh='hands_naked.mesh' wext=79 worstVtx=623 domBone[25]='bone_L-thumb01.mesh' w=1.00 vertR=34.9 vertDevFromCentroid=37 bindVert=(-20.7,-15.5,65.2)
[HANDS_ATTACH] mesh='hands_naked.mesh' owner='hands_naked.mesh' frame=384 nb=38 wext=79.0 rebound=1
  TIER1 rest-coherence: worst=87.3deg bone[33]='bone_L-middlefinger03.mesh' count(>5deg)=34 freshRecap=0  xcheck(invOff-vs-restW) worst=87.3deg bone[33]
  TIER2 joint-attach(PRIMARY): worst=53.45u bone[18]='bone_R-pinky02.mesh' parent[14] R=47.4 exactJoint=0.00u pairs=30  (palette-wide exactWorst=0.33u)
[HANDS_ATTACH] mesh='hands_naked.mesh' owner='hands_naked.mesh' frame=384 nb=40 wext=56.0 rebound=1
  TIER1 rest-coherence: worst=42.6deg bone[30]='bone_L-middlefinger03.mesh' count(>5deg)=36 freshRecap=0  xcheck(invOff-vs-restW) worst=42.6deg bone[30]
  TIER2 joint-attach(PRIMARY): worst=23.67u bone[13]='bone_R-pinky03.mesh' parent[9] R=37.9 exactJoint=0.00u pairs=36  (palette-wide exactWorst=0.04u)
[HANDS_ATTACH] mesh='hands_naked.mesh' owner='hands_naked.mesh' frame=384 nb=38 wext=90.7 rebound=1
  TIER1 rest-coherence: worst=87.3deg bone[33]='bone_L-middlefinger03.mesh' count(>5deg)=34 freshRecap=0  xcheck(invOff-vs-restW) worst=87.3deg bone[33]
  TIER2 joint-attach(PRIMARY): worst=66.20u bone[18]='bone_R-pinky02.mesh' parent[14] R=47.4 exactJoint=0.00u pairs=30  (palette-wide exactWorst=0.00u)
[HANDS_ATTACH] mesh='gloves_resource.1.mesh' owner='gloves_resource.1.mesh' frame=384 nb=4 wext=6.8 rebound=1
  TIER1 rest-coherence: worst=60.2deg bone[0]='bone_L-index03.mesh' count(>5deg)=4 freshRecap=0  xcheck(invOff-vs-restW) worst=60.2deg bone[0]
  TIER2 joint-attach(PRIMARY): worst=13.90u bone[3]='bone_L-index02.mesh' parent[2] R=47.0 exactJoint=0.36u pairs=3  (palette-wide exactWorst=0.37u)
[HANDS_ATTACH] mesh='gloves_resource.mesh' owner='gloves_resource.mesh' frame=384 nb=40 wext=37.1 rebound=1
  TIER1 rest-coherence: worst=68.8deg bone[32]='bone_L-middlefinger03.mesh' count(>5deg)=40 freshRecap=0  xcheck(invOff-vs-restW) worst=68.8deg bone[32]
  TIER2 joint-attach(PRIMARY): worst=49.64u bone[17]='bone_R-pinky02.mesh' parent[4] R=47.4 exactJoint=0.40u pairs=36  (palette-wide exactWorst=6.88u)
[HANDS_ATTACH] mesh='gloves_skin.2.mesh' owner='gloves_skin.2.mesh' frame=384 nb=9 wext=10.9 rebound=1
  TIER1 rest-coherence: worst=38.9deg bone[5]='bone_L-hand.mesh' count(>5deg)=9 freshRecap=0  xcheck(invOff-vs-restW) worst=38.9deg bone[5]
  TIER2 joint-attach(PRIMARY): worst=15.79u bone[3]='bone_R-pinky-base.mesh' parent[2] R=45.0 exactJoint=6.73u pairs=5  (palette-wide exactWorst=6.88u)
[HANDS_ATTACH] mesh='fingernails_resource.mesh' owner='fingernails_resource.mesh' frame=385 nb=10 wext=36.3 rebound=1
  TIER1 rest-coherence: worst=174.5deg bone[3]='bone_R-index03.mesh' count(>5deg)=10 freshRecap=0  xcheck(invOff-vs-restW) worst=174.4deg bone[3]
  TIER2 joint-attach(PRIMARY): worst=0.00u bone[-1]='?' parent[-1] R=0.0 exactJoint=0.00u pairs=0  (palette-wide exactWorst=0.00u)
[HANDS_ATTACH] mesh='fingernails_resource.mesh' owner='fingernails_resource.mesh' frame=385 nb=10 wext=30.6 rebound=1
  TIER1 rest-coherence: worst=176.9deg bone[8]='bone_L-ringfinger03.mesh' count(>5deg)=10 freshRecap=0  xcheck(invOff-vs-restW) worst=176.7deg bone[8]
  TIER2 joint-attach(PRIMARY): worst=0.00u bone[-1]='?' parent[-1] R=0.0 exactJoint=0.00u pairs=0  (palette-wide exactWorst=0.00u)
[HANDS_ATTACH] mesh='fingernails_resource.mesh' owner='fingernails_resource.mesh' frame=385 nb=10 wext=38.5 rebound=1
  TIER1 rest-coherence: worst=168.8deg bone[7]='bone_L-middlefinger03.mesh' count(>5deg)=10 freshRecap=0  xcheck(invOff-vs-restW) worst=168.7deg bone[7]
  TIER2 joint-attach(PRIMARY): worst=0.00u bone[-1]='?' parent[-1] R=0.0 exactJoint=0.00u pairs=0  (palette-wide exactWorst=0.00u)
[IK_SHARD_VERT] mesh='hands_naked.mesh' wext=79 worstVtx=623 domBone[25]='bone_L-thumb01.mesh' w=1.00 vertR=34.9 vertDevFromCentroid=37 bindVert=(-20.7,-15.5,65.2)
[IK_SHARD_VERT] mesh='highlight_main.mesh' wext=166 worstVtx=3 domBone[2]='bone_bottom_right.mesh' w=1.00 vertR=7.0 vertDevFromCentroid=83 bindVert=(64.0,-16.0,0.0)
[IK_SHARD_VERT] mesh='hands_naked.mesh' wext=79 worstVtx=623 domBone[25]='bone_L-thumb01.mesh' w=1.00 vertR=34.9 vertDevFromCentroid=37 bindVert=(-20.7,-15.5,65.2)
[HANDS_ATTACH] mesh='hands_naked.mesh' owner='hands_naked.mesh' frame=394 nb=38 wext=79.3 rebound=1
  TIER1 rest-coherence: worst=87.3deg bone[33]='bone_L-middlefinger03.mesh' count(>5deg)=34 freshRecap=0  xcheck(invOff-vs-restW) worst=87.3deg bone[33]
  TIER2 joint-attach(PRIMARY): worst=50.29u bone[18]='bone_R-pinky02.mesh' parent[14] R=47.4 exactJoint=0.00u pairs=30  (palette-wide exactWorst=0.33u)
[HANDS_ATTACH] mesh='hands_naked.mesh' owner='hands_naked.mesh' frame=394 nb=40 wext=56.4 rebound=1
  TIER1 rest-coherence: worst=42.6deg bone[30]='bone_L-middlefinger03.mesh' count(>5deg)=36 freshRecap=0  xcheck(invOff-vs-restW) worst=42.6deg bone[30]
  TIER2 joint-attach(PRIMARY): worst=26.65u bone[9]='bone_R-pinky02.mesh' parent[14] R=38.4 exactJoint=0.00u pairs=36  (palette-wide exactWorst=0.04u)
[HANDS_ATTACH] mesh='hands_naked.mesh' owner='hands_naked.mesh' frame=394 nb=38 wext=90.7 rebound=1
  TIER1 rest-coherence: worst=87.3deg bone[33]='bone_L-middlefinger03.mesh' count(>5deg)=34 freshRecap=0  xcheck(invOff-vs-restW) worst=87.3deg bone[33]
  TIER2 joint-attach(PRIMARY): worst=66.12u bone[18]='bone_R-pinky02.mesh' parent[14] R=47.4 exactJoint=0.00u pairs=30  (palette-wide exactWorst=0.00u)
[HANDS_ATTACH] mesh='gloves_resource.1.mesh' owner='gloves_resource.1.mesh' frame=394 nb=4 wext=6.3 rebound=1
  TIER1 rest-coherence: worst=60.2deg bone[0]='bone_L-index03.mesh' count(>5deg)=4 freshRecap=0  xcheck(invOff-vs-restW) worst=60.2deg bone[0]
  TIER2 joint-attach(PRIMARY): worst=12.27u bone[3]='bone_L-index02.mesh' parent[2] R=47.0 exactJoint=0.36u pairs=3  (palette-wide exactWorst=0.37u)
[HANDS_ATTACH] mesh='gloves_resource.mesh' owner='gloves_resource.mesh' frame=394 nb=40 wext=37.9 rebound=1
  TIER1 rest-coherence: worst=68.8deg bone[32]='bone_L-middlefinger03.mesh' count(>5deg)=40 freshRecap=0  xcheck(invOff-vs-restW) worst=68.8deg bone[32]
  TIER2 joint-attach(PRIMARY): worst=49.51u bone[17]='bone_R-pinky02.mesh' parent[4] R=47.4 exactJoint=0.40u pairs=36  (palette-wide exactWorst=6.88u)
[HANDS_ATTACH] mesh='gloves_skin.2.mesh' owner='gloves_skin.2.mesh' frame=394 nb=9 wext=11.4 rebound=1
  TIER1 rest-coherence: worst=38.9deg bone[5]='bone_L-hand.mesh' count(>5deg)=9 freshRecap=0  xcheck(invOff-vs-restW) worst=38.9deg bone[5]
  TIER2 joint-attach(PRIMARY): worst=15.79u bone[3]='bone_R-pinky-base.mesh' parent[2] R=45.0 exactJoint=6.73u pairs=5  (palette-wide exactWorst=6.88u)
[IK_SHARD_VERT] mesh='hands_naked.mesh' wext=79 worstVtx=623 domBone[25]='bone_L-thumb01.mesh' w=1.00 vertR=34.9 vertDevFromCentroid=36 bindVert=(-20.7,-15.5,65.2)
[HANDS_ATTACH] mesh='hands_naked.mesh' owner='hands_naked.mesh' frame=404 nb=38 wext=79.5 rebound=1
  TIER1 rest-coherence: worst=87.3deg bone[33]='bone_L-middlefinger03.mesh' count(>5deg)=34 freshRecap=0  xcheck(invOff-vs-restW) worst=87.3deg bone[33]
  TIER2 joint-attach(PRIMARY): worst=47.04u bone[18]='bone_R-pinky02.mesh' parent[14] R=47.4 exactJoint=0.00u pairs=30  (palette-wide exactWorst=0.33u)
[HANDS_ATTACH] mesh='hands_naked.mesh' owner='hands_naked.mesh' frame=404 nb=40 wext=56.8 rebound=1
  TIER1 rest-coherence: worst=42.6deg bone[30]='bone_L-middlefinger03.mesh' count(>5deg)=36 freshRecap=0  xcheck(invOff-vs-restW) worst=42.6deg bone[30]
  TIER2 joint-attach(PRIMARY): worst=30.04u bone[9]='bone_R-pinky02.mesh' parent[14] R=38.4 exactJoint=0.00u pairs=36  (palette-wide exactWorst=0.04u)
[HANDS_ATTACH] mesh='hands_naked.mesh' owner='hands_naked.mesh' frame=404 nb=38 wext=91.0 rebound=1
  TIER1 rest-coherence: worst=87.3deg bone[33]='bone_L-middlefinger03.mesh' count(>5deg)=34 freshRecap=0  xcheck(invOff-vs-restW) worst=87.3deg bone[33]
  TIER2 joint-attach(PRIMARY): worst=66.04u bone[18]='bone_R-pinky02.mesh' parent[14] R=47.4 exactJoint=0.00u pairs=30  (palette-wide exactWorst=0.00u)
[HANDS_ATTACH] mesh='gloves_resource.1.mesh' owner='gloves_resource.1.mesh' frame=404 nb=4 wext=5.8 rebound=1
  TIER1 rest-coherence: worst=60.2deg bone[0]='bone_L-index03.mesh' count(>5deg)=4 freshRecap=0  xcheck(invOff-vs-restW) worst=60.2deg bone[0]
  TIER2 joint-attach(PRIMARY): worst=10.66u bone[3]='bone_L-index02.mesh' parent[2] R=47.0 exactJoint=0.36u pairs=3  (palette-wide exactWorst=0.37u)
[HANDS_ATTACH] mesh='gloves_resource.mesh' owner='gloves_resource.mesh' frame=404 nb=40 wext=38.5 rebound=1
  TIER1 rest-coherence: worst=68.8deg bone[32]='bone_L-middlefinger03.mesh' count(>5deg)=40 freshRecap=0  xcheck(invOff-vs-restW) worst=68.8deg bone[32]
  TIER2 joint-attach(PRIMARY): worst=49.43u bone[17]='bone_R-pinky02.mesh' parent[4] R=47.4 exactJoint=0.40u pairs=36  (palette-wide exactWorst=6.88u)
[HANDS_ATTACH] mesh='gloves_skin.2.mesh' owner='gloves_skin.2.mesh' frame=404 nb=9 wext=11.8 rebound=1
  TIER1 rest-coherence: worst=38.9deg bone[5]='bone_L-hand.mesh' count(>5deg)=9 freshRecap=0  xcheck(invOff-vs-restW) worst=38.9deg bone[5]
  TIER2 joint-attach(PRIMARY): worst=15.80u bone[3]='bone_R-pinky-base.mesh' parent[2] R=45.0 exactJoint=6.73u pairs=5  (palette-wide exactWorst=6.88u)
[HANDS_ATTACH] mesh='fingernails_resource.mesh' owner='fingernails_resource.mesh' frame=405 nb=10 wext=36.1 rebound=1
  TIER1 rest-coherence: worst=174.5deg bone[3]='bone_R-index03.mesh' count(>5deg)=10 freshRecap=0  xcheck(invOff-vs-restW) worst=174.4deg bone[3]
  TIER2 joint-attach(PRIMARY): worst=0.00u bone[-1]='?' parent[-1] R=0.0 exactJoint=0.00u pairs=0  (palette-wide exactWorst=0.00u)
[HANDS_ATTACH] mesh='fingernails_resource.mesh' owner='fingernails_resource.mesh' frame=405 nb=10 wext=30.1 rebound=1
  TIER1 rest-coherence: worst=176.9deg bone[8]='bone_L-ringfinger03.mesh' count(>5deg)=10 freshRecap=0  xcheck(invOff-vs-restW) worst=176.7deg bone[8]
  TIER2 joint-attach(PRIMARY): worst=0.00u bone[-1]='?' parent[-1] R=0.0 exactJoint=0.00u pairs=0  (palette-wide exactWorst=0.00u)
[HANDS_ATTACH] mesh='fingernails_resource.mesh' owner='fingernails_resource.mesh' frame=405 nb=10 wext=37.7 rebound=1
  TIER1 rest-coherence: worst=168.8deg bone[7]='bone_L-middlefinger03.mesh' count(>5deg)=10 freshRecap=0  xcheck(invOff-vs-restW) worst=168.7deg bone[7]
  TIER2 joint-attach(PRIMARY): worst=0.00u bone[-1]='?' parent[-1] R=0.0 exactJoint=0.00u pairs=0  (palette-wide exactWorst=0.00u)
[IK_SHARD_VERT] mesh='hands_naked.mesh' wext=80 worstVtx=623 domBone[25]='bone_L-thumb01.mesh' w=1.00 vertR=34.9 vertDevFromCentroid=36 bindVert=(-20.7,-15.5,65.2)
[HANDS_ATTACH] mesh='hands_naked.mesh' owner='hands_naked.mesh' frame=414 nb=38 wext=79.6 rebound=1
  TIER1 rest-coherence: worst=87.3deg bone[33]='bone_L-middlefinger03.mesh' count(>5deg)=34 freshRecap=0  xcheck(invOff-vs-restW) worst=87.3deg bone[33]
  TIER2 joint-attach(PRIMARY): worst=43.59u bone[18]='bone_R-pinky02.mesh' parent[14] R=47.4 exactJoint=0.00u pairs=30  (palette-wide exactWorst=0.33u)
[HANDS_ATTACH] mesh='hands_naked.mesh' owner='hands_naked.mesh' frame=414 nb=40 wext=57.2 rebound=1
  TIER1 rest-coherence: worst=42.6deg bone[30]='bone_L-middlefinger03.mesh' count(>5deg)=36 freshRecap=0  xcheck(invOff-vs-restW) worst=42.6deg bone[30]
  TIER2 joint-attach(PRIMARY): worst=33.40u bone[9]='bone_R-pinky02.mesh' parent[14] R=38.4 exactJoint=0.00u pairs=36  (palette-wide exactWorst=0.04u)
[HANDS_ATTACH] mesh='hands_naked.mesh' owner='hands_naked.mesh' frame=414 nb=38 wext=91.3 rebound=1
  TIER1 rest-coherence: worst=87.3deg bone[33]='bone_L-middlefinger03.mesh' count(>5deg)=34 freshRecap=0  xcheck(invOff-vs-restW) worst=87.3deg bone[33]
  TIER2 joint-attach(PRIMARY): worst=65.95u bone[18]='bone_R-pinky02.mesh' parent[14] R=47.4 exactJoint=0.00u pairs=30  (palette-wide exactWorst=0.00u)
[HANDS_ATTACH] mesh='gloves_resource.1.mesh' owner='gloves_resource.1.mesh' frame=414 nb=4 wext=5.2 rebound=1
  TIER1 rest-coherence: worst=60.2deg bone[0]='bone_L-index03.mesh' count(>5deg)=4 freshRecap=0  xcheck(invOff-vs-restW) worst=60.2deg bone[0]
  TIER2 joint-attach(PRIMARY): worst=9.79u bone[2]='bone_L-index01.mesh' parent[1] R=47.9 exactJoint=0.37u pairs=3  (palette-wide exactWorst=0.37u)
[HANDS_ATTACH] mesh='gloves_resource.mesh' owner='gloves_resource.mesh' frame=414 nb=40 wext=39.1 rebound=1
  TIER1 rest-coherence: worst=68.8deg bone[32]='bone_L-middlefinger03.mesh' count(>5deg)=40 freshRecap=0  xcheck(invOff-vs-restW) worst=68.8deg bone[32]
  TIER2 joint-attach(PRIMARY): worst=49.30u bone[17]='bone_R-pinky02.mesh' parent[4] R=47.4 exactJoint=0.40u pairs=36  (palette-wide exactWorst=6.88u)
[HANDS_ATTACH] mesh='gloves_skin.2.mesh' owner='gloves_skin.2.mesh' frame=414 nb=9 wext=12.2 rebound=1
  TIER1 rest-coherence: worst=38.9deg bone[5]='bone_L-hand.mesh' count(>5deg)=9 freshRecap=0  xcheck(invOff-vs-restW) worst=38.9deg bone[5]
  TIER2 joint-attach(PRIMARY): worst=15.79u bone[3]='bone_R-pinky-base.mesh' parent[2] R=45.0 exactJoint=6.73u pairs=5  (palette-wide exactWorst=6.88u)
[IK_SHARD_VERT] mesh='hands_naked.mesh' wext=80 worstVtx=623 domBone[25]='bone_L-thumb01.mesh' w=1.00 vertR=34.9 vertDevFromCentroid=36 bindVert=(-20.7,-15.5,65.2)
[IK_SHARD_VERT] mesh='highlight_main.mesh' wext=166 worstVtx=3 domBone[2]='bone_bottom_right.mesh' w=1.00 vertR=7.0 vertDevFromCentroid=83 bindVert=(64.0,-16.0,0.0)
[IK_SHARD_VERT] mesh='hands_naked.mesh' wext=80 worstVtx=623 domBone[25]='bone_L-thumb01.mesh' w=1.00 vertR=34.9 vertDevFromCentroid=36 bindVert=(-20.7,-15.5,65.2)
[HANDS_ATTACH] mesh='hands_naked.mesh' owner='hands_naked.mesh' frame=424 nb=38 wext=79.8 rebound=1
  TIER1 rest-coherence: worst=87.3deg bone[33]='bone_L-middlefinger03.mesh' count(>5deg)=34 freshRecap=0  xcheck(invOff-vs-restW) worst=87.3deg bone[33]
  TIER2 joint-attach(PRIMARY): worst=40.00u bone[18]='bone_R-pinky02.mesh' parent[14] R=47.4 exactJoint=0.00u pairs=30  (palette-wide exactWorst=0.33u)
[HANDS_ATTACH] mesh='hands_naked.mesh' owner='hands_naked.mesh' frame=424 nb=40 wext=57.5 rebound=1
  TIER1 rest-coherence: worst=42.6deg bone[30]='bone_L-middlefinger03.mesh' count(>5deg)=36 freshRecap=0  xcheck(invOff-vs-restW) worst=42.6deg bone[30]
  TIER2 joint-attach(PRIMARY): worst=36.74u bone[9]='bone_R-pinky02.mesh' parent[14] R=38.4 exactJoint=0.00u pairs=36  (palette-wide exactWorst=0.04u)
[HANDS_ATTACH] mesh='hands_naked.mesh' owner='hands_naked.mesh' frame=424 nb=38 wext=90.9 rebound=1
  TIER1 rest-coherence: worst=87.3deg bone[33]='bone_L-middlefinger03.mesh' count(>5deg)=34 freshRecap=0  xcheck(invOff-vs-restW) worst=87.3deg bone[33]
  TIER2 joint-attach(PRIMARY): worst=65.87u bone[18]='bone_R-pinky02.mesh' parent[14] R=47.4 exactJoint=0.00u pairs=30  (palette-wide exactWorst=0.00u)
[HANDS_ATTACH] mesh='gloves_resource.1.mesh' owner='gloves_resource.1.mesh' frame=424 nb=4 wext=4.6 rebound=1
  TIER1 rest-coherence: worst=60.2deg bone[0]='bone_L-index03.mesh' count(>5deg)=4 freshRecap=0  xcheck(invOff-vs-restW) worst=60.2deg bone[0]
  TIER2 joint-attach(PRIMARY): worst=9.30u bone[2]='bone_L-index01.mesh' parent[1] R=47.9 exactJoint=0.37u pairs=3  (palette-wide exactWorst=0.37u)
[HANDS_ATTACH] mesh='gloves_resource.mesh' owner='gloves_resource.mesh' frame=424 nb=40 wext=39.4 rebound=1
  TIER1 rest-coherence: worst=68.8deg bone[32]='bone_L-middlefinger03.mesh' count(>5deg)=40 freshRecap=0  xcheck(invOff-vs-restW) worst=68.8deg bone[32]
  TIER2 joint-attach(PRIMARY): worst=49.21u bone[17]='bone_R-pinky02.mesh' parent[4] R=47.4 exactJoint=0.40u pairs=36  (palette-wide exactWorst=6.88u)
[HANDS_ATTACH] mesh='gloves_skin.2.mesh' owner='gloves_skin.2.mesh' frame=424 nb=9 wext=12.4 rebound=1
  TIER1 rest-coherence: worst=38.9deg bone[5]='bone_L-hand.mesh' count(>5deg)=9 freshRecap=0  xcheck(invOff-vs-restW) worst=38.9deg bone[5]
  TIER2 joint-attach(PRIMARY): worst=15.80u bone[3]='bone_R-pinky-base.mesh' parent[2] R=45.0 exactJoint=6.73u pairs=5  (palette-wide exactWorst=6.88u)
[HANDS_ATTACH] mesh='fingernails_resource.mesh' owner='fingernails_resource.mesh' frame=425 nb=10 wext=36.5 rebound=1
  TIER1 rest-coherence: worst=174.5deg bone[3]='bone_R-index03.mesh' count(>5deg)=10 freshRecap=0  xcheck(invOff-vs-restW) worst=174.4deg bone[3]
  TIER2 joint-attach(PRIMARY): worst=0.00u bone[-1]='?' parent[-1] R=0.0 exactJoint=0.00u pairs=0  (palette-wide exactWorst=0.00u)
[HANDS_ATTACH] mesh='fingernails_resource.mesh' owner='fingernails_resource.mesh' frame=425 nb=10 wext=28.8 rebound=1
  TIER1 rest-coherence: worst=176.9deg bone[8]='bone_L-ringfinger03.mesh' count(>5deg)=10 freshRecap=0  xcheck(invOff-vs-restW) worst=176.7deg bone[8]
  TIER2 joint-attach(PRIMARY): worst=0.00u bone[-1]='?' parent[-1] R=0.0 exactJoint=0.00u pairs=0  (palette-wide exactWorst=0.00u)
[HANDS_ATTACH] mesh='fingernails_resource.mesh' owner='fingernails_resource.mesh' frame=425 nb=10 wext=36.8 rebound=1
  TIER1 rest-coherence: worst=168.8deg bone[7]='bone_L-middlefinger03.mesh' count(>5deg)=10 freshRecap=0  xcheck(invOff-vs-restW) worst=168.7deg bone[7]
  TIER2 joint-attach(PRIMARY): worst=0.00u bone[-1]='?' parent[-1] R=0.0 exactJoint=0.00u pairs=0  (palette-wide exactWorst=0.00u)
[IK_SHARD_VERT] mesh='hands_naked.mesh' wext=80 worstVtx=623 domBone[25]='bone_L-thumb01.mesh' w=1.00 vertR=34.9 vertDevFromCentroid=36 bindVert=(-20.7,-15.5,65.2)
[HANDS_ATTACH] mesh='hands_naked.mesh' owner='hands_naked.mesh' frame=434 nb=38 wext=79.4 rebound=1
  TIER1 rest-coherence: worst=87.3deg bone[33]='bone_L-middlefinger03.mesh' count(>5deg)=34 freshRecap=0  xcheck(invOff-vs-restW) worst=87.3deg bone[33]
  TIER2 joint-attach(PRIMARY): worst=36.30u bone[18]='bone_R-pinky02.mesh' parent[14] R=47.4 exactJoint=0.00u pairs=30  (palette-wide exactWorst=0.33u)
[HANDS_ATTACH] mesh='hands_naked.mesh' owner='hands_naked.mesh' frame=434 nb=40 wext=57.6 rebound=1
  TIER1 rest-coherence: worst=42.6deg bone[30]='bone_L-middlefinger03.mesh' count(>5deg)=36 freshRecap=0  xcheck(invOff-vs-restW) worst=42.6deg bone[30]
  TIER2 joint-attach(PRIMARY): worst=40.04u bone[9]='bone_R-pinky02.mesh' parent[14] R=38.4 exactJoint=0.00u pairs=36  (palette-wide exactWorst=0.04u)
[HANDS_ATTACH] mesh='hands_naked.mesh' owner='hands_naked.mesh' frame=434 nb=38 wext=89.5 rebound=1
  TIER1 rest-coherence: worst=87.3deg bone[33]='bone_L-middlefinger03.mesh' count(>5deg)=34 freshRecap=0  xcheck(invOff-vs-restW) worst=87.3deg bone[33]
  TIER2 joint-attach(PRIMARY): worst=65.79u bone[18]='bone_R-pinky02.mesh' parent[14] R=47.4 exactJoint=0.00u pairs=30  (palette-wide exactWorst=0.00u)
[HANDS_ATTACH] mesh='gloves_resource.1.mesh' owner='gloves_resource.1.mesh' frame=434 nb=4 wext=4.1 rebound=1
  TIER1 rest-coherence: worst=60.2deg bone[0]='bone_L-index03.mesh' count(>5deg)=4 freshRecap=0  xcheck(invOff-vs-restW) worst=60.2deg bone[0]
  TIER2 joint-attach(PRIMARY): worst=8.81u bone[2]='bone_L-index01.mesh' parent[1] R=47.9 exactJoint=0.37u pairs=3  (palette-wide exactWorst=0.37u)
[HANDS_ATTACH] mesh='gloves_resource.mesh' owner='gloves_resource.mesh' frame=434 nb=40 wext=39.7 rebound=1
  TIER1 rest-coherence: worst=68.8deg bone[32]='bone_L-middlefinger03.mesh' count(>5deg)=40 freshRecap=0  xcheck(invOff-vs-restW) worst=68.8deg bone[32]
  TIER2 joint-attach(PRIMARY): worst=49.07u bone[17]='bone_R-pinky02.mesh' parent[4] R=47.4 exactJoint=0.40u pairs=36  (palette-wide exactWorst=6.88u)
[HANDS_ATTACH] mesh='gloves_skin.2.mesh' owner='gloves_skin.2.mesh' frame=434 nb=9 wext=12.3 rebound=1
  TIER1 rest-coherence: worst=38.9deg bone[5]='bone_L-hand.mesh' count(>5deg)=9 freshRecap=0  xcheck(invOff-vs-restW) worst=38.9deg bone[5]
  TIER2 joint-attach(PRIMARY): worst=15.79u bone[3]='bone_R-pinky-base.mesh' parent[2] R=45.0 exactJoint=6.73u pairs=5  (palette-wide exactWorst=6.88u)
[IK_SHARD_VERT] mesh='hands_naked.mesh' wext=79 worstVtx=623 domBone[25]='bone_L-thumb01.mesh' w=1.00 vertR=34.9 vertDevFromCentroid=36 bindVert=(-20.7,-15.5,65.2)
[HANDS_ATTACH] mesh='hands_naked.mesh' owner='hands_naked.mesh' frame=444 nb=38 wext=78.8 rebound=1
  TIER1 rest-coherence: worst=87.3deg bone[33]='bone_L-middlefinger03.mesh' count(>5deg)=34 freshRecap=0  xcheck(invOff-vs-restW) worst=87.3deg bone[33]
  TIER2 joint-attach(PRIMARY): worst=33.64u bone[34]='bone_L-pinky02.mesh' parent[37] R=47.4 exactJoint=0.00u pairs=30  (palette-wide exactWorst=0.33u)
[HANDS_ATTACH] mesh='hands_naked.mesh' owner='hands_naked.mesh' frame=444 nb=40 wext=57.7 rebound=1
  TIER1 rest-coherence: worst=42.6deg bone[30]='bone_L-middlefinger03.mesh' count(>5deg)=36 freshRecap=0  xcheck(invOff-vs-restW) worst=42.6deg bone[30]
  TIER2 joint-attach(PRIMARY): worst=43.11u bone[9]='bone_R-pinky02.mesh' parent[14] R=38.4 exactJoint=0.00u pairs=36  (palette-wide exactWorst=0.04u)
[HANDS_ATTACH] mesh='hands_naked.mesh' owner='hands_naked.mesh' frame=444 nb=38 wext=87.9 rebound=1
  TIER1 rest-coherence: worst=87.3deg bone[33]='bone_L-middlefinger03.mesh' count(>5deg)=34 freshRecap=0  xcheck(invOff-vs-restW) worst=87.3deg bone[33]
  TIER2 joint-attach(PRIMARY): worst=65.66u bone[18]='bone_R-pinky02.mesh' parent[14] R=47.4 exactJoint=0.00u pairs=30  (palette-wide exactWorst=0.00u)
[HANDS_ATTACH] mesh='gloves_resource.1.mesh' owner='gloves_resource.1.mesh' frame=444 nb=4 wext=3.6 rebound=1
  TIER1 rest-coherence: worst=60.2deg bone[0]='bone_L-index03.mesh' count(>5deg)=4 freshRecap=0  xcheck(invOff-vs-restW) worst=60.2deg bone[0]
  TIER2 joint-attach(PRIMARY): worst=8.32u bone[2]='bone_L-index01.mesh' parent[1] R=47.9 exactJoint=0.37u pairs=3  (palette-wide exactWorst=0.37u)
[HANDS_ATTACH] mesh='gloves_resource.mesh' owner='gloves_resource.mesh' frame=444 nb=40 wext=40.1 rebound=1
  TIER1 rest-coherence: worst=68.8deg bone[32]='bone_L-middlefinger03.mesh' count(>5deg)=40 freshRecap=0  xcheck(invOff-vs-restW) worst=68.8deg bone[32]
  TIER2 joint-attach(PRIMARY): worst=48.98u bone[17]='bone_R-pinky02.mesh' parent[4] R=47.4 exactJoint=0.40u pairs=36  (palette-wide exactWorst=6.88u)
[HANDS_ATTACH] mesh='gloves_skin.2.mesh' owner='gloves_skin.2.mesh' frame=444 nb=9 wext=12.1 rebound=1
  TIER1 rest-coherence: worst=38.9deg bone[5]='bone_L-hand.mesh' count(>5deg)=9 freshRecap=0  xcheck(invOff-vs-restW) worst=38.9deg bone[5]
  TIER2 joint-attach(PRIMARY): worst=15.79u bone[3]='bone_R-pinky-base.mesh' parent[2] R=45.0 exactJoint=6.73u pairs=5  (palette-wide exactWorst=6.88u)
[HANDS_ATTACH] mesh='fingernails_resource.mesh' owner='fingernails_resource.mesh' frame=445 nb=10 wext=36.8 rebound=1
  TIER1 rest-coherence: worst=174.5deg bone[3]='bone_R-index03.mesh' count(>5deg)=10 freshRecap=0  xcheck(invOff-vs-restW) worst=174.4deg bone[3]
  TIER2 joint-attach(PRIMARY): worst=0.00u bone[-1]='?' parent[-1] R=0.0 exactJoint=0.00u pairs=0  (palette-wide exactWorst=0.00u)
[HANDS_ATTACH] mesh='fingernails_resource.mesh' owner='fingernails_resource.mesh' frame=445 nb=10 wext=27.6 rebound=1
  TIER1 rest-coherence: worst=176.9deg bone[8]='bone_L-ringfinger03.mesh' count(>5deg)=10 freshRecap=0  xcheck(invOff-vs-restW) worst=176.7deg bone[8]
  TIER2 joint-attach(PRIMARY): worst=0.00u bone[-1]='?' parent[-1] R=0.0 exactJoint=0.00u pairs=0  (palette-wide exactWorst=0.00u)
[HANDS_ATTACH] mesh='fingernails_resource.mesh' owner='fingernails_resource.mesh' frame=445 nb=10 wext=36.8 rebound=1
  TIER1 rest-coherence: worst=168.8deg bone[7]='bone_L-middlefinger03.mesh' count(>5deg)=10 freshRecap=0  xcheck(invOff-vs-restW) worst=168.7deg bone[7]
  TIER2 joint-attach(PRIMARY): worst=0.00u bone[-1]='?' parent[-1] R=0.0 exactJoint=0.00u pairs=0  (palette-wide exactWorst=0.00u)
[IK_SHARD_VERT] mesh='hands_naked.mesh' wext=79 worstVtx=623 domBone[25]='bone_L-thumb01.mesh' w=1.00 vertR=34.9 vertDevFromCentroid=35 bindVert=(-20.7,-15.5,65.2)
[IK_SHARD_VERT] mesh='highlight_main.mesh' wext=166 worstVtx=3 domBone[2]='bone_bottom_right.mesh' w=1.00 vertR=7.0 vertDevFromCentroid=83 bindVert=(64.0,-16.0,0.0)
[IK_SHARD_VERT] mesh='hands_naked.mesh' wext=78 worstVtx=623 domBone[25]='bone_L-thumb01.mesh' w=1.00 vertR=34.9 vertDevFromCentroid=35 bindVert=(-20.7,-15.5,65.2)
[HANDS_ATTACH] mesh='hands_naked.mesh' owner='hands_naked.mesh' frame=454 nb=38 wext=78.3 rebound=1
  TIER1 rest-coherence: worst=87.3deg bone[33]='bone_L-middlefinger03.mesh' count(>5deg)=34 freshRecap=0  xcheck(invOff-vs-restW) worst=87.3deg bone[33]
  TIER2 joint-attach(PRIMARY): worst=34.11u bone[34]='bone_L-pinky02.mesh' parent[37] R=47.4 exactJoint=0.00u pairs=30  (palette-wide exactWorst=0.33u)
[HANDS_ATTACH] mesh='hands_naked.mesh' owner='hands_naked.mesh' frame=454 nb=40 wext=57.9 rebound=1
  TIER1 rest-coherence: worst=42.6deg bone[30]='bone_L-middlefinger03.mesh' count(>5deg)=36 freshRecap=0  xcheck(invOff-vs-restW) worst=42.6deg bone[30]
  TIER2 joint-attach(PRIMARY): worst=45.91u bone[9]='bone_R-pinky02.mesh' parent[14] R=38.4 exactJoint=0.00u pairs=36  (palette-wide exactWorst=0.04u)
[HANDS_ATTACH] mesh='hands_naked.mesh' owner='hands_naked.mesh' frame=454 nb=38 wext=87.1 rebound=1
  TIER1 rest-coherence: worst=87.3deg bone[33]='bone_L-middlefinger03.mesh' count(>5deg)=34 freshRecap=0  xcheck(invOff-vs-restW) worst=87.3deg bone[33]
  TIER2 joint-attach(PRIMARY): worst=65.57u bone[18]='bone_R-pinky02.mesh' parent[14] R=47.4 exactJoint=0.00u pairs=30  (palette-wide exactWorst=0.00u)
[HANDS_ATTACH] mesh='gloves_resource.1.mesh' owner='gloves_resource.1.mesh' frame=454 nb=4 wext=3.1 rebound=1
  TIER1 rest-coherence: worst=60.2deg bone[0]='bone_L-index03.mesh' count(>5deg)=4 freshRecap=0  xcheck(invOff-vs-restW) worst=60.2deg bone[0]
  TIER2 joint-attach(PRIMARY): worst=7.86u bone[2]='bone_L-index01.mesh' parent[1] R=47.9 exactJoint=0.37u pairs=3  (palette-wide exactWorst=0.37u)
[HANDS_ATTACH] mesh='gloves_resource.mesh' owner='gloves_resource.mesh' frame=454 nb=40 wext=40.1 rebound=1
  TIER1 rest-coherence: worst=68.8deg bone[32]='bone_L-middlefinger03.mesh' count(>5deg)=40 freshRecap=0  xcheck(invOff-vs-restW) worst=68.8deg bone[32]
  TIER2 joint-attach(PRIMARY): worst=48.89u bone[17]='bone_R-pinky02.mesh' parent[4] R=47.4 exactJoint=0.40u pairs=36  (palette-wide exactWorst=6.88u)
[HANDS_ATTACH] mesh='gloves_skin.2.mesh' owner='gloves_skin.2.mesh' frame=454 nb=9 wext=11.8 rebound=1
  TIER1 rest-coherence: worst=38.9deg bone[5]='bone_L-hand.mesh' count(>5deg)=9 freshRecap=0  xcheck(invOff-vs-restW) worst=38.9deg bone[5]
  TIER2 joint-attach(PRIMARY): worst=15.79u bone[3]='bone_R-pinky-base.mesh' parent[2] R=45.0 exactJoint=6.73u pairs=5  (palette-wide exactWorst=6.88u)
[IK_SHARD_VERT] mesh='hands_naked.mesh' wext=78 worstVtx=623 domBone[25]='bone_L-thumb01.mesh' w=1.00 vertR=34.9 vertDevFromCentroid=35 bindVert=(-20.7,-15.5,65.2)
[HANDS_ATTACH] mesh='hands_naked.mesh' owner='hands_naked.mesh' frame=464 nb=38 wext=78.1 rebound=1
  TIER1 rest-coherence: worst=87.3deg bone[33]='bone_L-middlefinger03.mesh' count(>5deg)=34 freshRecap=0  xcheck(invOff-vs-restW) worst=87.3deg bone[33]
  TIER2 joint-attach(PRIMARY): worst=34.35u bone[34]='bone_L-pinky02.mesh' parent[37] R=47.4 exactJoint=0.00u pairs=30  (palette-wide exactWorst=0.33u)
[HANDS_ATTACH] mesh='hands_naked.mesh' owner='hands_naked.mesh' frame=464 nb=40 wext=58.1 rebound=1
  TIER1 rest-coherence: worst=42.6deg bone[30]='bone_L-middlefinger03.mesh' count(>5deg)=36 freshRecap=0  xcheck(invOff-vs-restW) worst=42.6deg bone[30]
  TIER2 joint-attach(PRIMARY): worst=48.43u bone[9]='bone_R-pinky02.mesh' parent[14] R=38.4 exactJoint=0.00u pairs=36  (palette-wide exactWorst=0.04u)
[HANDS_ATTACH] mesh='hands_naked.mesh' owner='hands_naked.mesh' frame=464 nb=38 wext=86.9 rebound=1
  TIER1 rest-coherence: worst=87.3deg bone[33]='bone_L-middlefinger03.mesh' count(>5deg)=34 freshRecap=0  xcheck(invOff-vs-restW) worst=87.3deg bone[33]
  TIER2 joint-attach(PRIMARY): worst=65.49u bone[18]='bone_R-pinky02.mesh' parent[14] R=47.4 exactJoint=0.00u pairs=30  (palette-wide exactWorst=0.00u)
[HANDS_ATTACH] mesh='gloves_resource.1.mesh' owner='gloves_resource.1.mesh' frame=464 nb=4 wext=2.7 rebound=1
  TIER1 rest-coherence: worst=60.2deg bone[0]='bone_L-index03.mesh' count(>5deg)=4 freshRecap=0  xcheck(invOff-vs-restW) worst=60.2deg bone[0]
  TIER2 joint-attach(PRIMARY): worst=7.42u bone[2]='bone_L-index01.mesh' parent[1] R=47.9 exactJoint=0.37u pairs=3  (palette-wide exactWorst=0.37u)
[HANDS_ATTACH] mesh='gloves_resource.mesh' owner='gloves_resource.mesh' frame=464 nb=40 wext=40.0 rebound=1
  TIER1 rest-coherence: worst=68.8deg bone[32]='bone_L-middlefinger03.mesh' count(>5deg)=40 freshRecap=0  xcheck(invOff-vs-restW) worst=68.8deg bone[32]
  TIER2 joint-attach(PRIMARY): worst=48.78u bone[17]='bone_R-pinky02.mesh' parent[4] R=47.4 exactJoint=0.40u pairs=36  (palette-wide exactWorst=6.88u)
[HANDS_ATTACH] mesh='gloves_skin.2.mesh' owner='gloves_skin.2.mesh' frame=464 nb=9 wext=11.4 rebound=1
  TIER1 rest-coherence: worst=38.9deg bone[5]='bone_L-hand.mesh' count(>5deg)=9 freshRecap=0  xcheck(invOff-vs-restW) worst=38.9deg bone[5]
  TIER2 joint-attach(PRIMARY): worst=15.79u bone[3]='bone_R-pinky-base.mesh' parent[2] R=45.0 exactJoint=6.73u pairs=5  (palette-wide exactWorst=6.88u)
[IK_SHARD_VERT] mesh='highlight_refraction.mesh' wext=329 worstVtx=3 domBone[1]='bone_bottom_right.mesh' w=1.00 vertR=5.8 vertDevFromCentroid=499 bindVert=(62.7,-14.4,0.0)
[IK_SHARD_VERT] mesh='highlight_pattern.mesh' wext=329 worstVtx=3 domBone[1]='bone_bottom_right.mesh' w=1.00 vertR=5.8 vertDevFromCentroid=165 bindVert=(62.7,-14.4,0.0)
[HANDS_ATTACH] mesh='fingernails_resource.mesh' owner='fingernails_resource.mesh' frame=465 nb=10 wext=38.2 rebound=1
  TIER1 rest-coherence: worst=174.5deg bone[3]='bone_R-index03.mesh' count(>5deg)=10 freshRecap=0  xcheck(invOff-vs-restW) worst=174.4deg bone[3]
  TIER2 joint-attach(PRIMARY): worst=0.00u bone[-1]='?' parent[-1] R=0.0 exactJoint=0.00u pairs=0  (palette-wide exactWorst=0.00u)
[HANDS_ATTACH] mesh='fingernails_resource.mesh' owner='fingernails_resource.mesh' frame=465 nb=10 wext=27.0 rebound=1
  TIER1 rest-coherence: worst=176.9deg bone[8]='bone_L-ringfinger03.mesh' count(>5deg)=10 freshRecap=0  xcheck(invOff-vs-restW) worst=176.7deg bone[8]
  TIER2 joint-attach(PRIMARY): worst=0.00u bone[-1]='?' parent[-1] R=0.0 exactJoint=0.00u pairs=0  (palette-wide exactWorst=0.00u)
[HANDS_ATTACH] mesh='fingernails_resource.mesh' owner='fingernails_resource.mesh' frame=465 nb=10 wext=38.5 rebound=1
  TIER1 rest-coherence: worst=168.8deg bone[7]='bone_L-middlefinger03.mesh' count(>5deg)=10 freshRecap=0  xcheck(invOff-vs-restW) worst=168.7deg bone[7]
  TIER2 joint-attach(PRIMARY): worst=0.00u bone[-1]='?' parent[-1] R=0.0 exactJoint=0.00u pairs=0  (palette-wide exactWorst=0.00u)
[IK_SHARD_VERT] mesh='hands_naked.mesh' wext=78 worstVtx=1421 domBone[2]='bone_R-pinky03.mesh' w=1.00 vertR=57.7 vertDevFromCentroid=35 bindVert=(23.8,-4.6,14.6)
[IK_SHARD_VERT] mesh='highlight_main.mesh' wext=223 worstVtx=3 domBone[2]='bone_bottom_right.mesh' w=1.00 vertR=7.0 vertDevFromCentroid=112 bindVert=(64.0,-16.0,0.0)
[HANDS_ATTACH] mesh='hands_naked.mesh' owner='hands_naked.mesh' frame=474 nb=38 wext=77.8 rebound=1
  TIER1 rest-coherence: worst=87.3deg bone[33]='bone_L-middlefinger03.mesh' count(>5deg)=34 freshRecap=0  xcheck(invOff-vs-restW) worst=87.3deg bone[33]
  TIER2 joint-attach(PRIMARY): worst=34.33u bone[34]='bone_L-pinky02.mesh' parent[37] R=47.4 exactJoint=0.00u pairs=30  (palette-wide exactWorst=0.33u)
[HANDS_ATTACH] mesh='hands_naked.mesh' owner='hands_naked.mesh' frame=474 nb=40 wext=58.2 rebound=1
  TIER1 rest-coherence: worst=42.6deg bone[30]='bone_L-middlefinger03.mesh' count(>5deg)=36 freshRecap=0  xcheck(invOff-vs-restW) worst=42.6deg bone[30]
  TIER2 joint-attach(PRIMARY): worst=50.64u bone[9]='bone_R-pinky02.mesh' parent[14] R=38.4 exactJoint=0.00u pairs=36  (palette-wide exactWorst=0.04u)
[HANDS_ATTACH] mesh='hands_naked.mesh' owner='hands_naked.mesh' frame=474 nb=38 wext=87.4 rebound=1
  TIER1 rest-coherence: worst=87.3deg bone[33]='bone_L-middlefinger03.mesh' count(>5deg)=34 freshRecap=0  xcheck(invOff-vs-restW) worst=87.3deg bone[33]
  TIER2 joint-attach(PRIMARY): worst=65.40u bone[18]='bone_R-pinky02.mesh' parent[14] R=47.4 exactJoint=0.00u pairs=30  (palette-wide exactWorst=0.00u)
[HANDS_ATTACH] mesh='gloves_resource.1.mesh' owner='gloves_resource.1.mesh' frame=474 nb=4 wext=2.7 rebound=1
  TIER1 rest-coherence: worst=60.2deg bone[0]='bone_L-index03.mesh' count(>5deg)=4 freshRecap=0  xcheck(invOff-vs-restW) worst=60.2deg bone[0]
  TIER2 joint-attach(PRIMARY): worst=7.31u bone[0]='bone_L-index03.mesh' parent[3] R=46.7 exactJoint=0.16u pairs=3  (palette-wide exactWorst=0.37u)
[HANDS_ATTACH] mesh='gloves_resource.mesh' owner='gloves_resource.mesh' frame=474 nb=40 wext=39.6 rebound=1
  TIER1 rest-coherence: worst=68.8deg bone[32]='bone_L-middlefinger03.mesh' count(>5deg)=40 freshRecap=0  xcheck(invOff-vs-restW) worst=68.8deg bone[32]
  TIER2 joint-attach(PRIMARY): worst=48.67u bone[17]='bone_R-pinky02.mesh' parent[4] R=47.4 exactJoint=0.40u pairs=36  (palette-wide exactWorst=6.88u)
[HANDS_ATTACH] mesh='gloves_skin.2.mesh' owner='gloves_skin.2.mesh' frame=474 nb=9 wext=10.9 rebound=1
  TIER1 rest-coherence: worst=38.9deg bone[5]='bone_L-hand.mesh' count(>5deg)=9 freshRecap=0  xcheck(invOff-vs-restW) worst=38.9deg bone[5]
  TIER2 joint-attach(PRIMARY): worst=15.80u bone[3]='bone_R-pinky-base.mesh' parent[2] R=45.0 exactJoint=6.73u pairs=5  (palette-wide exactWorst=6.88u)
[IK_SHARD_VERT] mesh='hands_naked.mesh' wext=78 worstVtx=1421 domBone[2]='bone_R-pinky03.mesh' w=1.00 vertR=57.7 vertDevFromCentroid=35 bindVert=(23.8,-4.6,14.6)
[IK_SHARD_VERT] mesh='hands_naked.mesh' wext=77 worstVtx=1421 domBone[2]='bone_R-pinky03.mesh' w=1.00 vertR=57.7 vertDevFromCentroid=35 bindVert=(23.8,-4.6,14.6)
[HANDS_ATTACH] mesh='hands_naked.mesh' owner='hands_naked.mesh' frame=484 nb=38 wext=77.1 rebound=1
  TIER1 rest-coherence: worst=87.3deg bone[33]='bone_L-middlefinger03.mesh' count(>5deg)=34 freshRecap=0  xcheck(invOff-vs-restW) worst=87.3deg bone[33]
  TIER2 joint-attach(PRIMARY): worst=33.99u bone[34]='bone_L-pinky02.mesh' parent[37] R=47.4 exactJoint=0.00u pairs=30  (palette-wide exactWorst=0.33u)
[HANDS_ATTACH] mesh='hands_naked.mesh' owner='hands_naked.mesh' frame=484 nb=40 wext=58.3 rebound=1
  TIER1 rest-coherence: worst=42.6deg bone[30]='bone_L-middlefinger03.mesh' count(>5deg)=36 freshRecap=0  xcheck(invOff-vs-restW) worst=42.6deg bone[30]
  TIER2 joint-attach(PRIMARY): worst=52.44u bone[9]='bone_R-pinky02.mesh' parent[14] R=38.4 exactJoint=0.00u pairs=36  (palette-wide exactWorst=0.04u)
[HANDS_ATTACH] mesh='hands_naked.mesh' owner='hands_naked.mesh' frame=484 nb=38 wext=87.9 rebound=1
  TIER1 rest-coherence: worst=87.3deg bone[33]='bone_L-middlefinger03.mesh' count(>5deg)=34 freshRecap=0  xcheck(invOff-vs-restW) worst=87.3deg bone[33]
  TIER2 joint-attach(PRIMARY): worst=65.28u bone[18]='bone_R-pinky02.mesh' parent[14] R=47.4 exactJoint=0.00u pairs=30  (palette-wide exactWorst=0.00u)
[HANDS_ATTACH] mesh='gloves_resource.1.mesh' owner='gloves_resource.1.mesh' frame=484 nb=4 wext=2.8 rebound=1
  TIER1 rest-coherence: worst=60.2deg bone[0]='bone_L-index03.mesh' count(>5deg)=4 freshRecap=0  xcheck(invOff-vs-restW) worst=60.2deg bone[0]
  TIER2 joint-attach(PRIMARY): worst=8.01u bone[0]='bone_L-index03.mesh' parent[3] R=46.7 exactJoint=0.16u pairs=3  (palette-wide exactWorst=0.37u)
[HANDS_ATTACH] mesh='gloves_resource.mesh' owner='gloves_resource.mesh' frame=484 nb=40 wext=38.8 rebound=1
  TIER1 rest-coherence: worst=68.8deg bone[32]='bone_L-middlefinger03.mesh' count(>5deg)=40 freshRecap=0  xcheck(invOff-vs-restW) worst=68.8deg bone[32]
  TIER2 joint-attach(PRIMARY): worst=48.62u bone[17]='bone_R-pinky02.mesh' parent[4] R=47.4 exactJoint=0.40u pairs=36  (palette-wide exactWorst=6.88u)
[HANDS_ATTACH] mesh='gloves_skin.2.mesh' owner='gloves_skin.2.mesh' frame=484 nb=9 wext=10.5 rebound=1
  TIER1 rest-coherence: worst=38.9deg bone[5]='bone_L-hand.mesh' count(>5deg)=9 freshRecap=0  xcheck(invOff-vs-restW) worst=38.9deg bone[5]
  TIER2 joint-attach(PRIMARY): worst=15.80u bone[3]='bone_R-pinky-base.mesh' parent[2] R=45.0 exactJoint=6.73u pairs=5  (palette-wide exactWorst=6.88u)
[HANDS_ATTACH] mesh='fingernails_resource.mesh' owner='fingernails_resource.mesh' frame=485 nb=10 wext=39.1 rebound=1
  TIER1 rest-coherence: worst=174.5deg bone[3]='bone_R-index03.mesh' count(>5deg)=10 freshRecap=0  xcheck(invOff-vs-restW) worst=174.4deg bone[3]
  TIER2 joint-attach(PRIMARY): worst=0.00u bone[-1]='?' parent[-1] R=0.0 exactJoint=0.00u pairs=0  (palette-wide exactWorst=0.00u)
[HANDS_ATTACH] mesh='fingernails_resource.mesh' owner='fingernails_resource.mesh' frame=485 nb=10 wext=26.4 rebound=1
  TIER1 rest-coherence: worst=176.9deg bone[8]='bone_L-ringfinger03.mesh' count(>5deg)=10 freshRecap=0  xcheck(invOff-vs-restW) worst=176.7deg bone[8]
  TIER2 joint-attach(PRIMARY): worst=0.00u bone[-1]='?' parent[-1] R=0.0 exactJoint=0.00u pairs=0  (palette-wide exactWorst=0.00u)
[HANDS_ATTACH] mesh='fingernails_resource.mesh' owner='fingernails_resource.mesh' frame=485 nb=10 wext=39.9 rebound=1
  TIER1 rest-coherence: worst=168.8deg bone[7]='bone_L-middlefinger03.mesh' count(>5deg)=10 freshRecap=0  xcheck(invOff-vs-restW) worst=168.7deg bone[7]
  TIER2 joint-attach(PRIMARY): worst=0.00u bone[-1]='?' parent[-1] R=0.0 exactJoint=0.00u pairs=0  (palette-wide exactWorst=0.00u)
[IK_SHARD_VERT] mesh='highlight_main.mesh' wext=223 worstVtx=3 domBone[2]='bone_bottom_right.mesh' w=1.00 vertR=7.0 vertDevFromCentroid=112 bindVert=(64.0,-16.0,0.0)
[IK_SHARD_VERT] mesh='hands_naked.mesh' wext=76 worstVtx=1421 domBone[2]='bone_R-pinky03.mesh' w=1.00 vertR=57.7 vertDevFromCentroid=35 bindVert=(23.8,-4.6,14.6)
[HANDS_ATTACH] mesh='hands_naked.mesh' owner='hands_naked.mesh' frame=494 nb=38 wext=76.2 rebound=1
  TIER1 rest-coherence: worst=87.3deg bone[33]='bone_L-middlefinger03.mesh' count(>5deg)=34 freshRecap=0  xcheck(invOff-vs-restW) worst=87.3deg bone[33]
  TIER2 joint-attach(PRIMARY): worst=33.29u bone[34]='bone_L-pinky02.mesh' parent[37] R=47.4 exactJoint=0.00u pairs=30  (palette-wide exactWorst=0.33u)
[HANDS_ATTACH] mesh='hands_naked.mesh' owner='hands_naked.mesh' frame=494 nb=40 wext=58.5 rebound=1
  TIER1 rest-coherence: worst=42.6deg bone[30]='bone_L-middlefinger03.mesh' count(>5deg)=36 freshRecap=0  xcheck(invOff-vs-restW) worst=42.6deg bone[30]
  TIER2 joint-attach(PRIMARY): worst=53.73u bone[9]='bone_R-pinky02.mesh' parent[14] R=38.4 exactJoint=0.00u pairs=36  (palette-wide exactWorst=0.04u)
[HANDS_ATTACH] mesh='hands_naked.mesh' owner='hands_naked.mesh' frame=494 nb=38 wext=88.6 rebound=1
  TIER1 rest-coherence: worst=87.3deg bone[33]='bone_L-middlefinger03.mesh' count(>5deg)=34 freshRecap=0  xcheck(invOff-vs-restW) worst=87.3deg bone[33]
  TIER2 joint-attach(PRIMARY): worst=65.18u bone[18]='bone_R-pinky02.mesh' parent[14] R=47.4 exactJoint=0.00u pairs=30  (palette-wide exactWorst=0.00u)
[HANDS_ATTACH] mesh='gloves_resource.1.mesh' owner='gloves_resource.1.mesh' frame=494 nb=4 wext=2.7 rebound=1
  TIER1 rest-coherence: worst=60.2deg bone[0]='bone_L-index03.mesh' count(>5deg)=4 freshRecap=0  xcheck(invOff-vs-restW) worst=60.2deg bone[0]
  TIER2 joint-attach(PRIMARY): worst=7.51u bone[0]='bone_L-index03.mesh' parent[3] R=46.7 exactJoint=0.16u pairs=3  (palette-wide exactWorst=0.37u)
[HANDS_ATTACH] mesh='gloves_resource.mesh' owner='gloves_resource.mesh' frame=494 nb=40 wext=37.8 rebound=1
  TIER1 rest-coherence: worst=68.8deg bone[32]='bone_L-middlefinger03.mesh' count(>5deg)=40 freshRecap=0  xcheck(invOff-vs-restW) worst=68.8deg bone[32]
  TIER2 joint-attach(PRIMARY): worst=48.71u bone[17]='bone_R-pinky02.mesh' parent[4] R=47.4 exactJoint=0.40u pairs=36  (palette-wide exactWorst=6.88u)
[HANDS_ATTACH] mesh='gloves_skin.2.mesh' owner='gloves_skin.2.mesh' frame=494 nb=9 wext=10.2 rebound=1
  TIER1 rest-coherence: worst=38.9deg bone[5]='bone_L-hand.mesh' count(>5deg)=9 freshRecap=0  xcheck(invOff-vs-restW) worst=38.9deg bone[5]
  TIER2 joint-attach(PRIMARY): worst=15.79u bone[3]='bone_R-pinky-base.mesh' parent[2] R=45.0 exactJoint=6.73u pairs=5  (palette-wide exactWorst=6.88u)
[IK_SHARD_VERT] mesh='highlight_refraction.mesh' wext=329 worstVtx=3 domBone[1]='bone_bottom_right.mesh' w=1.00 vertR=5.8 vertDevFromCentroid=499 bindVert=(62.7,-14.4,0.0)
[IK_SHARD_VERT] mesh='highlight_pattern.mesh' wext=329 worstVtx=3 domBone[1]='bone_bottom_right.mesh' w=1.00 vertR=5.8 vertDevFromCentroid=165 bindVert=(62.7,-14.4,0.0)
[IK_SHARD_VERT] mesh='hands_naked.mesh' wext=76 worstVtx=1407 domBone[2]='bone_R-pinky03.mesh' w=1.00 vertR=58.0 vertDevFromCentroid=35 bindVert=(24.0,-4.3,14.5)
[IK_SHARD_VERT] mesh='highlight_main.mesh' wext=223 worstVtx=3 domBone[2]='bone_bottom_right.mesh' w=1.00 vertR=7.0 vertDevFromCentroid=112 bindVert=(64.0,-16.0,0.0)
[HANDS_ATTACH] mesh='hands_naked.mesh' owner='hands_naked.mesh' frame=504 nb=38 wext=75.3 rebound=1
  TIER1 rest-coherence: worst=87.3deg bone[33]='bone_L-middlefinger03.mesh' count(>5deg)=34 freshRecap=0  xcheck(invOff-vs-restW) worst=87.3deg bone[33]
  TIER2 joint-attach(PRIMARY): worst=32.31u bone[34]='bone_L-pinky02.mesh' parent[37] R=47.4 exactJoint=0.00u pairs=30  (palette-wide exactWorst=0.33u)
[HANDS_ATTACH] mesh='hands_naked.mesh' owner='hands_naked.mesh' frame=504 nb=40 wext=58.7 rebound=1
  TIER1 rest-coherence: worst=42.6deg bone[30]='bone_L-middlefinger03.mesh' count(>5deg)=36 freshRecap=0  xcheck(invOff-vs-restW) worst=42.6deg bone[30]
  TIER2 joint-attach(PRIMARY): worst=54.50u bone[9]='bone_R-pinky02.mesh' parent[14] R=38.4 exactJoint=0.00u pairs=36  (palette-wide exactWorst=0.04u)
[HANDS_ATTACH] mesh='hands_naked.mesh' owner='hands_naked.mesh' frame=504 nb=38 wext=89.5 rebound=1
  TIER1 rest-coherence: worst=87.3deg bone[33]='bone_L-middlefinger03.mesh' count(>5deg)=34 freshRecap=0  xcheck(invOff-vs-restW) worst=87.3deg bone[33]
  TIER2 joint-attach(PRIMARY): worst=65.10u bone[18]='bone_R-pinky02.mesh' parent[14] R=47.4 exactJoint=0.00u pairs=30  (palette-wide exactWorst=0.00u)
[HANDS_ATTACH] mesh='gloves_resource.1.mesh' owner='gloves_resource.1.mesh' frame=504 nb=4 wext=2.7 rebound=1
  TIER1 rest-coherence: worst=60.2deg bone[0]='bone_L-index03.mesh' count(>5deg)=4 freshRecap=0  xcheck(invOff-vs-restW) worst=60.2deg bone[0]
  TIER2 joint-attach(PRIMARY): worst=7.34u bone[2]='bone_L-index01.mesh' parent[1] R=47.9 exactJoint=0.37u pairs=3  (palette-wide exactWorst=0.37u)
[HANDS_ATTACH] mesh='gloves_resource.mesh' owner='gloves_resource.mesh' frame=504 nb=40 wext=36.2 rebound=1
  TIER1 rest-coherence: worst=68.8deg bone[32]='bone_L-middlefinger03.mesh' count(>5deg)=40 freshRecap=0  xcheck(invOff-vs-restW) worst=68.8deg bone[32]
  TIER2 joint-attach(PRIMARY): worst=48.89u bone[17]='bone_R-pinky02.mesh' parent[4] R=47.4 exactJoint=0.40u pairs=36  (palette-wide exactWorst=6.88u)
[HANDS_ATTACH] mesh='gloves_skin.2.mesh' owner='gloves_skin.2.mesh' frame=504 nb=9 wext=9.8 rebound=1
  TIER1 rest-coherence: worst=38.9deg bone[5]='bone_L-hand.mesh' count(>5deg)=9 freshRecap=0  xcheck(invOff-vs-restW) worst=38.9deg bone[5]
  TIER2 joint-attach(PRIMARY): worst=15.79u bone[3]='bone_R-pinky-base.mesh' parent[2] R=45.0 exactJoint=6.73u pairs=5  (palette-wide exactWorst=6.88u)
[HANDS_ATTACH] mesh='fingernails_resource.mesh' owner='fingernails_resource.mesh' frame=505 nb=10 wext=39.1 rebound=1
  TIER1 rest-coherence: worst=174.5deg bone[3]='bone_R-index03.mesh' count(>5deg)=10 freshRecap=0  xcheck(invOff-vs-restW) worst=174.4deg bone[3]
  TIER2 joint-attach(PRIMARY): worst=0.00u bone[-1]='?' parent[-1] R=0.0 exactJoint=0.00u pairs=0  (palette-wide exactWorst=0.00u)
[HANDS_ATTACH] mesh='fingernails_resource.mesh' owner='fingernails_resource.mesh' frame=505 nb=10 wext=26.2 rebound=1
  TIER1 rest-coherence: worst=176.9deg bone[8]='bone_L-ringfinger03.mesh' count(>5deg)=10 freshRecap=0  xcheck(invOff-vs-restW) worst=176.7deg bone[8]
  TIER2 joint-attach(PRIMARY): worst=0.00u bone[-1]='?' parent[-1] R=0.0 exactJoint=0.00u pairs=0  (palette-wide exactWorst=0.00u)
[HANDS_ATTACH] mesh='fingernails_resource.mesh' owner='fingernails_resource.mesh' frame=505 nb=10 wext=41.5 rebound=1
  TIER1 rest-coherence: worst=168.8deg bone[7]='bone_L-middlefinger03.mesh' count(>5deg)=10 freshRecap=0  xcheck(invOff-vs-restW) worst=168.7deg bone[7]
  TIER2 joint-attach(PRIMARY): worst=0.00u bone[-1]='?' parent[-1] R=0.0 exactJoint=0.00u pairs=0  (palette-wide exactWorst=0.00u)
[IK_SHARD_VERT] mesh='hands_naked.mesh' wext=75 worstVtx=1407 domBone[2]='bone_R-pinky03.mesh' w=1.00 vertR=58.0 vertDevFromCentroid=35 bindVert=(24.0,-4.3,14.5)
[IK_SHARD_VERT] mesh='hands_naked.mesh' wext=75 worstVtx=1407 domBone[2]='bone_R-pinky03.mesh' w=1.00 vertR=58.0 vertDevFromCentroid=35 bindVert=(24.0,-4.3,14.5)
[HANDS_ATTACH] mesh='hands_naked.mesh' owner='hands_naked.mesh' frame=514 nb=38 wext=74.4 rebound=1
  TIER1 rest-coherence: worst=87.3deg bone[33]='bone_L-middlefinger03.mesh' count(>5deg)=34 freshRecap=0  xcheck(invOff-vs-restW) worst=87.3deg bone[33]
  TIER2 joint-attach(PRIMARY): worst=31.07u bone[34]='bone_L-pinky02.mesh' parent[37] R=47.4 exactJoint=0.00u pairs=30  (palette-wide exactWorst=0.33u)
[HANDS_ATTACH] mesh='hands_naked.mesh' owner='hands_naked.mesh' frame=514 nb=40 wext=59.1 rebound=1
  TIER1 rest-coherence: worst=42.6deg bone[30]='bone_L-middlefinger03.mesh' count(>5deg)=36 freshRecap=0  xcheck(invOff-vs-restW) worst=42.6deg bone[30]
  TIER2 joint-attach(PRIMARY): worst=54.71u bone[9]='bone_R-pinky02.mesh' parent[14] R=38.4 exactJoint=0.00u pairs=36  (palette-wide exactWorst=0.04u)
[HANDS_ATTACH] mesh='hands_naked.mesh' owner='hands_naked.mesh' frame=514 nb=38 wext=90.5 rebound=1
  TIER1 rest-coherence: worst=87.3deg bone[33]='bone_L-middlefinger03.mesh' count(>5deg)=34 freshRecap=0  xcheck(invOff-vs-restW) worst=87.3deg bone[33]
  TIER2 joint-attach(PRIMARY): worst=65.01u bone[18]='bone_R-pinky02.mesh' parent[14] R=47.4 exactJoint=0.00u pairs=30  (palette-wide exactWorst=0.00u)
[HANDS_ATTACH] mesh='gloves_resource.1.mesh' owner='gloves_resource.1.mesh' frame=514 nb=4 wext=3.1 rebound=1
  TIER1 rest-coherence: worst=60.2deg bone[0]='bone_L-index03.mesh' count(>5deg)=4 freshRecap=0  xcheck(invOff-vs-restW) worst=60.2deg bone[0]
  TIER2 joint-attach(PRIMARY): worst=7.82u bone[2]='bone_L-index01.mesh' parent[1] R=47.9 exactJoint=0.37u pairs=3  (palette-wide exactWorst=0.37u)
[HANDS_ATTACH] mesh='gloves_resource.mesh' owner='gloves_resource.mesh' frame=514 nb=40 wext=34.5 rebound=1
  TIER1 rest-coherence: worst=68.8deg bone[32]='bone_L-middlefinger03.mesh' count(>5deg)=40 freshRecap=0  xcheck(invOff-vs-restW) worst=68.8deg bone[32]
  TIER2 joint-attach(PRIMARY): worst=49.07u bone[17]='bone_R-pinky02.mesh' parent[4] R=47.4 exactJoint=0.40u pairs=36  (palette-wide exactWorst=6.88u)
[HANDS_ATTACH] mesh='gloves_skin.2.mesh' owner='gloves_skin.2.mesh' frame=514 nb=9 wext=9.3 rebound=1
  TIER1 rest-coherence: worst=38.9deg bone[5]='bone_L-hand.mesh' count(>5deg)=9 freshRecap=0  xcheck(invOff-vs-restW) worst=38.9deg bone[5]
  TIER2 joint-attach(PRIMARY): worst=15.80u bone[3]='bone_R-pinky-base.mesh' parent[2] R=45.0 exactJoint=6.73u pairs=5  (palette-wide exactWorst=6.88u)
[IK_SHARD_VERT] mesh='highlight_main.mesh' wext=223 worstVtx=3 domBone[2]='bone_bottom_right.mesh' w=1.00 vertR=7.0 vertDevFromCentroid=112 bindVert=(64.0,-16.0,0.0)
[IK_SHARD_VERT] mesh='hands_naked.mesh' wext=74 worstVtx=1407 domBone[2]='bone_R-pinky03.mesh' w=1.00 vertR=58.0 vertDevFromCentroid=35 bindVert=(24.0,-4.3,14.5)
[HANDS_ATTACH] mesh='hands_naked.mesh' owner='hands_naked.mesh' frame=524 nb=38 wext=73.3 rebound=1
  TIER1 rest-coherence: worst=87.3deg bone[33]='bone_L-middlefinger03.mesh' count(>5deg)=34 freshRecap=0  xcheck(invOff-vs-restW) worst=87.3deg bone[33]
  TIER2 joint-attach(PRIMARY): worst=29.61u bone[34]='bone_L-pinky02.mesh' parent[37] R=47.4 exactJoint=0.00u pairs=30  (palette-wide exactWorst=0.33u)
[HANDS_ATTACH] mesh='hands_naked.mesh' owner='hands_naked.mesh' frame=524 nb=40 wext=59.5 rebound=1
  TIER1 rest-coherence: worst=42.6deg bone[30]='bone_L-middlefinger03.mesh' count(>5deg)=36 freshRecap=0  xcheck(invOff-vs-restW) worst=42.6deg bone[30]
  TIER2 joint-attach(PRIMARY): worst=54.29u bone[9]='bone_R-pinky02.mesh' parent[14] R=38.4 exactJoint=0.00u pairs=36  (palette-wide exactWorst=0.04u)
[HANDS_ATTACH] mesh='hands_naked.mesh' owner='hands_naked.mesh' frame=524 nb=38 wext=91.5 rebound=1
  TIER1 rest-coherence: worst=87.3deg bone[33]='bone_L-middlefinger03.mesh' count(>5deg)=34 freshRecap=0  xcheck(invOff-vs-restW) worst=87.3deg bone[33]
  TIER2 joint-attach(PRIMARY): worst=64.93u bone[18]='bone_R-pinky02.mesh' parent[14] R=47.4 exactJoint=0.00u pairs=30  (palette-wide exactWorst=0.00u)
[HANDS_ATTACH] mesh='gloves_resource.1.mesh' owner='gloves_resource.1.mesh' frame=524 nb=4 wext=3.6 rebound=1
  TIER1 rest-coherence: worst=60.2deg bone[0]='bone_L-index03.mesh' count(>5deg)=4 freshRecap=0  xcheck(invOff-vs-restW) worst=60.2deg bone[0]
  TIER2 joint-attach(PRIMARY): worst=8.33u bone[2]='bone_L-index01.mesh' parent[1] R=47.9 exactJoint=0.37u pairs=3  (palette-wide exactWorst=0.37u)
[HANDS_ATTACH] mesh='gloves_resource.mesh' owner='gloves_resource.mesh' frame=524 nb=40 wext=33.6 rebound=1
  TIER1 rest-coherence: worst=68.8deg bone[32]='bone_L-middlefinger03.mesh' count(>5deg)=40 freshRecap=0  xcheck(invOff-vs-restW) worst=68.8deg bone[32]
  TIER2 joint-attach(PRIMARY): worst=49.25u bone[17]='bone_R-pinky02.mesh' parent[4] R=47.4 exactJoint=0.40u pairs=36  (palette-wide exactWorst=6.88u)
[HANDS_ATTACH] mesh='gloves_skin.2.mesh' owner='gloves_skin.2.mesh' frame=524 nb=9 wext=8.7 rebound=1
  TIER1 rest-coherence: worst=38.9deg bone[5]='bone_L-hand.mesh' count(>5deg)=9 freshRecap=0  xcheck(invOff-vs-restW) worst=38.9deg bone[5]
  TIER2 joint-attach(PRIMARY): worst=15.79u bone[3]='bone_R-pinky-base.mesh' parent[2] R=45.0 exactJoint=6.73u pairs=5  (palette-wide exactWorst=6.88u)
[IK_SHARD_VERT] mesh='highlight_refraction.mesh' wext=329 worstVtx=3 domBone[1]='bone_bottom_right.mesh' w=1.00 vertR=5.8 vertDevFromCentroid=499 bindVert=(62.7,-14.4,0.0)
[IK_SHARD_VERT] mesh='highlight_pattern.mesh' wext=329 worstVtx=3 domBone[1]='bone_bottom_right.mesh' w=1.00 vertR=5.8 vertDevFromCentroid=165 bindVert=(62.7,-14.4,0.0)
[HANDS_ATTACH] mesh='fingernails_resource.mesh' owner='fingernails_resource.mesh' frame=525 nb=10 wext=38.6 rebound=1
  TIER1 rest-coherence: worst=174.5deg bone[3]='bone_R-index03.mesh' count(>5deg)=10 freshRecap=0  xcheck(invOff-vs-restW) worst=174.4deg bone[3]
  TIER2 joint-attach(PRIMARY): worst=0.00u bone[-1]='?' parent[-1] R=0.0 exactJoint=0.00u pairs=0  (palette-wide exactWorst=0.00u)
[HANDS_ATTACH] mesh='fingernails_resource.mesh' owner='fingernails_resource.mesh' frame=525 nb=10 wext=26.1 rebound=1
  TIER1 rest-coherence: worst=176.9deg bone[8]='bone_L-ringfinger03.mesh' count(>5deg)=10 freshRecap=0  xcheck(invOff-vs-restW) worst=176.7deg bone[8]
  TIER2 joint-attach(PRIMARY): worst=0.00u bone[-1]='?' parent[-1] R=0.0 exactJoint=0.00u pairs=0  (palette-wide exactWorst=0.00u)
[HANDS_ATTACH] mesh='fingernails_resource.mesh' owner='fingernails_resource.mesh' frame=525 nb=10 wext=43.3 rebound=1
  TIER1 rest-coherence: worst=168.8deg bone[7]='bone_L-middlefinger03.mesh' count(>5deg)=10 freshRecap=0  xcheck(invOff-vs-restW) worst=168.7deg bone[7]
  TIER2 joint-attach(PRIMARY): worst=0.00u bone[-1]='?' parent[-1] R=0.0 exactJoint=0.00u pairs=0  (palette-wide exactWorst=0.00u)
[IK_SHARD_VERT] mesh='hands_naked.mesh' wext=73 worstVtx=1421 domBone[2]='bone_R-pinky03.mesh' w=1.00 vertR=57.7 vertDevFromCentroid=35 bindVert=(23.8,-4.6,14.6)
[IK_SHARD_VERT] mesh='highlight_main.mesh' wext=223 worstVtx=3 domBone[2]='bone_bottom_right.mesh' w=1.00 vertR=7.0 vertDevFromCentroid=112 bindVert=(64.0,-16.0,0.0)
[HANDS_ATTACH] mesh='hands_naked.mesh' owner='hands_naked.mesh' frame=534 nb=38 wext=72.3 rebound=1
  TIER1 rest-coherence: worst=87.3deg bone[33]='bone_L-middlefinger03.mesh' count(>5deg)=34 freshRecap=0  xcheck(invOff-vs-restW) worst=87.3deg bone[33]
  TIER2 joint-attach(PRIMARY): worst=27.98u bone[34]='bone_L-pinky02.mesh' parent[37] R=47.4 exactJoint=0.00u pairs=30  (palette-wide exactWorst=0.33u)
[HANDS_ATTACH] mesh='hands_naked.mesh' owner='hands_naked.mesh' frame=534 nb=40 wext=59.8 rebound=1
  TIER1 rest-coherence: worst=42.6deg bone[30]='bone_L-middlefinger03.mesh' count(>5deg)=36 freshRecap=0  xcheck(invOff-vs-restW) worst=42.6deg bone[30]
  TIER2 joint-attach(PRIMARY): worst=53.19u bone[9]='bone_R-pinky02.mesh' parent[14] R=38.4 exactJoint=0.00u pairs=36  (palette-wide exactWorst=0.04u)
[HANDS_ATTACH] mesh='hands_naked.mesh' owner='hands_naked.mesh' frame=534 nb=38 wext=92.3 rebound=1
  TIER1 rest-coherence: worst=87.3deg bone[33]='bone_L-middlefinger03.mesh' count(>5deg)=34 freshRecap=0  xcheck(invOff-vs-restW) worst=87.3deg bone[33]
  TIER2 joint-attach(PRIMARY): worst=64.84u bone[18]='bone_R-pinky02.mesh' parent[14] R=47.4 exactJoint=0.00u pairs=30  (palette-wide exactWorst=0.00u)
[HANDS_ATTACH] mesh='gloves_resource.1.mesh' owner='gloves_resource.1.mesh' frame=534 nb=4 wext=4.1 rebound=1
  TIER1 rest-coherence: worst=60.2deg bone[0]='bone_L-index03.mesh' count(>5deg)=4 freshRecap=0  xcheck(invOff-vs-restW) worst=60.2deg bone[0]
  TIER2 joint-attach(PRIMARY): worst=8.85u bone[2]='bone_L-index01.mesh' parent[1] R=47.9 exactJoint=0.37u pairs=3  (palette-wide exactWorst=0.37u)
[HANDS_ATTACH] mesh='gloves_resource.mesh' owner='gloves_resource.mesh' frame=534 nb=40 wext=32.7 rebound=1
  TIER1 rest-coherence: worst=68.8deg bone[32]='bone_L-middlefinger03.mesh' count(>5deg)=40 freshRecap=0  xcheck(invOff-vs-restW) worst=68.8deg bone[32]
  TIER2 joint-attach(PRIMARY): worst=49.43u bone[17]='bone_R-pinky02.mesh' parent[4] R=47.4 exactJoint=0.40u pairs=36  (palette-wide exactWorst=6.88u)
[HANDS_ATTACH] mesh='gloves_skin.2.mesh' owner='gloves_skin.2.mesh' frame=534 nb=9 wext=8.0 rebound=1
  TIER1 rest-coherence: worst=38.9deg bone[5]='bone_L-hand.mesh' count(>5deg)=9 freshRecap=0  xcheck(invOff-vs-restW) worst=38.9deg bone[5]
  TIER2 joint-attach(PRIMARY): worst=15.79u bone[3]='bone_R-pinky-base.mesh' parent[2] R=45.0 exactJoint=6.73u pairs=5  (palette-wide exactWorst=6.88u)
[IK_SHARD_VERT] mesh='hands_naked.mesh' wext=72 worstVtx=1421 domBone[2]='bone_R-pinky03.mesh' w=1.00 vertR=57.7 vertDevFromCentroid=34 bindVert=(23.8,-4.6,14.6)
[IK_SHARD_VERT] mesh='hands_naked.mesh' wext=72 worstVtx=1421 domBone[2]='bone_R-pinky03.mesh' w=1.00 vertR=57.7 vertDevFromCentroid=34 bindVert=(23.8,-4.6,14.6)
[HANDS_ATTACH] mesh='hands_naked.mesh' owner='hands_naked.mesh' frame=544 nb=38 wext=71.7 rebound=1
  TIER1 rest-coherence: worst=87.3deg bone[33]='bone_L-middlefinger03.mesh' count(>5deg)=34 freshRecap=0  xcheck(invOff-vs-restW) worst=87.3deg bone[33]
  TIER2 joint-attach(PRIMARY): worst=26.20u bone[34]='bone_L-pinky02.mesh' parent[37] R=47.4 exactJoint=0.00u pairs=30  (palette-wide exactWorst=0.33u)
[HANDS_ATTACH] mesh='hands_naked.mesh' owner='hands_naked.mesh' frame=544 nb=40 wext=59.9 rebound=1
  TIER1 rest-coherence: worst=42.6deg bone[30]='bone_L-middlefinger03.mesh' count(>5deg)=36 freshRecap=0  xcheck(invOff-vs-restW) worst=42.6deg bone[30]
  TIER2 joint-attach(PRIMARY): worst=51.49u bone[9]='bone_R-pinky02.mesh' parent[14] R=38.4 exactJoint=0.00u pairs=36  (palette-wide exactWorst=0.04u)
[HANDS_ATTACH] mesh='hands_naked.mesh' owner='hands_naked.mesh' frame=544 nb=38 wext=92.8 rebound=1
  TIER1 rest-coherence: worst=87.3deg bone[33]='bone_L-middlefinger03.mesh' count(>5deg)=34 freshRecap=0  xcheck(invOff-vs-restW) worst=87.3deg bone[33]
  TIER2 joint-attach(PRIMARY): worst=64.80u bone[18]='bone_R-pinky02.mesh' parent[14] R=47.4 exactJoint=0.00u pairs=30  (palette-wide exactWorst=0.00u)
[HANDS_ATTACH] mesh='gloves_resource.1.mesh' owner='gloves_resource.1.mesh' frame=544 nb=4 wext=4.7 rebound=1
  TIER1 rest-coherence: worst=60.2deg bone[0]='bone_L-index03.mesh' count(>5deg)=4 freshRecap=0  xcheck(invOff-vs-restW) worst=60.2deg bone[0]
  TIER2 joint-attach(PRIMARY): worst=9.38u bone[2]='bone_L-index01.mesh' parent[1] R=47.9 exactJoint=0.37u pairs=3  (palette-wide exactWorst=0.37u)
[HANDS_ATTACH] mesh='gloves_resource.mesh' owner='gloves_resource.mesh' frame=544 nb=40 wext=32.2 rebound=1
  TIER1 rest-coherence: worst=68.8deg bone[32]='bone_L-middlefinger03.mesh' count(>5deg)=40 freshRecap=0  xcheck(invOff-vs-restW) worst=68.8deg bone[32]
  TIER2 joint-attach(PRIMARY): worst=49.60u bone[17]='bone_R-pinky02.mesh' parent[4] R=47.4 exactJoint=0.40u pairs=36  (palette-wide exactWorst=6.88u)
[HANDS_ATTACH] mesh='gloves_skin.2.mesh' owner='gloves_skin.2.mesh' frame=544 nb=9 wext=7.6 rebound=1
  TIER1 rest-coherence: worst=38.9deg bone[5]='bone_L-hand.mesh' count(>5deg)=9 freshRecap=0  xcheck(invOff-vs-restW) worst=38.9deg bone[5]
  TIER2 joint-attach(PRIMARY): worst=15.79u bone[3]='bone_R-pinky-base.mesh' parent[2] R=45.0 exactJoint=6.73u pairs=5  (palette-wide exactWorst=6.88u)
[HANDS_ATTACH] mesh='fingernails_resource.mesh' owner='fingernails_resource.mesh' frame=545 nb=10 wext=38.0 rebound=1
  TIER1 rest-coherence: worst=174.5deg bone[3]='bone_R-index03.mesh' count(>5deg)=10 freshRecap=0  xcheck(invOff-vs-restW) worst=174.4deg bone[3]
  TIER2 joint-attach(PRIMARY): worst=0.00u bone[-1]='?' parent[-1] R=0.0 exactJoint=0.00u pairs=0  (palette-wide exactWorst=0.00u)
[HANDS_ATTACH] mesh='fingernails_resource.mesh' owner='fingernails_resource.mesh' frame=545 nb=10 wext=26.3 rebound=1
  TIER1 rest-coherence: worst=176.9deg bone[8]='bone_L-ringfinger03.mesh' count(>5deg)=10 freshRecap=0  xcheck(invOff-vs-restW) worst=176.7deg bone[8]
  TIER2 joint-attach(PRIMARY): worst=0.00u bone[-1]='?' parent[-1] R=0.0 exactJoint=0.00u pairs=0  (palette-wide exactWorst=0.00u)
[HANDS_ATTACH] mesh='fingernails_resource.mesh' owner='fingernails_resource.mesh' frame=545 nb=10 wext=44.6 rebound=1
  TIER1 rest-coherence: worst=168.8deg bone[7]='bone_L-middlefinger03.mesh' count(>5deg)=10 freshRecap=0  xcheck(invOff-vs-restW) worst=168.7deg bone[7]
  TIER2 joint-attach(PRIMARY): worst=0.00u bone[-1]='?' parent[-1] R=0.0 exactJoint=0.00u pairs=0  (palette-wide exactWorst=0.00u)
[IK_SHARD_VERT] mesh='highlight_main.mesh' wext=223 worstVtx=3 domBone[2]='bone_bottom_right.mesh' w=1.00 vertR=7.0 vertDevFromCentroid=112 bindVert=(64.0,-16.0,0.0)
[IK_SHARD_VERT] mesh='hands_naked.mesh' wext=72 worstVtx=1421 domBone[2]='bone_R-pinky03.mesh' w=1.00 vertR=57.7 vertDevFromCentroid=34 bindVert=(23.8,-4.6,14.6)
[HANDS_ATTACH] mesh='hands_naked.mesh' owner='hands_naked.mesh' frame=554 nb=38 wext=71.8 rebound=1
  TIER1 rest-coherence: worst=87.3deg bone[33]='bone_L-middlefinger03.mesh' count(>5deg)=34 freshRecap=0  xcheck(invOff-vs-restW) worst=87.3deg bone[33]
  TIER2 joint-attach(PRIMARY): worst=24.31u bone[34]='bone_L-pinky02.mesh' parent[37] R=47.4 exactJoint=0.00u pairs=30  (palette-wide exactWorst=0.33u)
[HANDS_ATTACH] mesh='hands_naked.mesh' owner='hands_naked.mesh' frame=554 nb=40 wext=60.0 rebound=1
  TIER1 rest-coherence: worst=42.6deg bone[30]='bone_L-middlefinger03.mesh' count(>5deg)=36 freshRecap=0  xcheck(invOff-vs-restW) worst=42.6deg bone[30]
  TIER2 joint-attach(PRIMARY): worst=49.27u bone[9]='bone_R-pinky02.mesh' parent[14] R=38.4 exactJoint=0.00u pairs=36  (palette-wide exactWorst=0.04u)
[HANDS_ATTACH] mesh='hands_naked.mesh' owner='hands_naked.mesh' frame=554 nb=38 wext=93.0 rebound=1
  TIER1 rest-coherence: worst=87.3deg bone[33]='bone_L-middlefinger03.mesh' count(>5deg)=34 freshRecap=0  xcheck(invOff-vs-restW) worst=87.3deg bone[33]
  TIER2 joint-attach(PRIMARY): worst=64.72u bone[18]='bone_R-pinky02.mesh' parent[14] R=47.4 exactJoint=0.00u pairs=30  (palette-wide exactWorst=0.00u)
[HANDS_ATTACH] mesh='gloves_resource.1.mesh' owner='gloves_resource.1.mesh' frame=554 nb=4 wext=5.2 rebound=1
  TIER1 rest-coherence: worst=60.2deg bone[0]='bone_L-index03.mesh' count(>5deg)=4 freshRecap=0  xcheck(invOff-vs-restW) worst=60.2deg bone[0]
  TIER2 joint-attach(PRIMARY): worst=9.91u bone[2]='bone_L-index01.mesh' parent[1] R=47.9 exactJoint=0.37u pairs=3  (palette-wide exactWorst=0.37u)
[HANDS_ATTACH] mesh='gloves_resource.mesh' owner='gloves_resource.mesh' frame=554 nb=40 wext=31.9 rebound=1
  TIER1 rest-coherence: worst=68.8deg bone[32]='bone_L-middlefinger03.mesh' count(>5deg)=40 freshRecap=0  xcheck(invOff-vs-restW) worst=68.8deg bone[32]
  TIER2 joint-attach(PRIMARY): worst=49.77u bone[17]='bone_R-pinky02.mesh' parent[4] R=47.4 exactJoint=0.40u pairs=36  (palette-wide exactWorst=6.88u)
[HANDS_ATTACH] mesh='gloves_skin.2.mesh' owner='gloves_skin.2.mesh' frame=554 nb=9 wext=7.3 rebound=1
  TIER1 rest-coherence: worst=38.9deg bone[5]='bone_L-hand.mesh' count(>5deg)=9 freshRecap=0  xcheck(invOff-vs-restW) worst=38.9deg bone[5]
  TIER2 joint-attach(PRIMARY): worst=15.79u bone[3]='bone_R-pinky-base.mesh' parent[2] R=45.0 exactJoint=6.73u pairs=5  (palette-wide exactWorst=6.88u)
[IK_SHARD_VERT] mesh='highlight_refraction.mesh' wext=329 worstVtx=3 domBone[1]='bone_bottom_right.mesh' w=1.00 vertR=5.8 vertDevFromCentroid=499 bindVert=(62.7,-14.4,0.0)
[IK_SHARD_VERT] mesh='highlight_pattern.mesh' wext=329 worstVtx=3 domBone[1]='bone_bottom_right.mesh' w=1.00 vertR=5.8 vertDevFromCentroid=165 bindVert=(62.7,-14.4,0.0)
[IK_SHARD_VERT] mesh='hands_naked.mesh' wext=72 worstVtx=1421 domBone[2]='bone_R-pinky03.mesh' w=1.00 vertR=57.7 vertDevFromCentroid=34 bindVert=(23.8,-4.6,14.6)
[IK_SHARD_VERT] mesh='highlight_main.mesh' wext=223 worstVtx=3 domBone[2]='bone_bottom_right.mesh' w=1.00 vertR=7.0 vertDevFromCentroid=112 bindVert=(64.0,-16.0,0.0)
[HANDS_ATTACH] mesh='hands_naked.mesh' owner='hands_naked.mesh' frame=564 nb=38 wext=72.4 rebound=1
  TIER1 rest-coherence: worst=87.3deg bone[33]='bone_L-middlefinger03.mesh' count(>5deg)=34 freshRecap=0  xcheck(invOff-vs-restW) worst=87.3deg bone[33]
  TIER2 joint-attach(PRIMARY): worst=22.70u bone[36]='bone_L-ringfinger03.mesh' parent[32] R=47.2 exactJoint=0.00u pairs=30  (palette-wide exactWorst=0.33u)
[HANDS_ATTACH] mesh='hands_naked.mesh' owner='hands_naked.mesh' frame=564 nb=40 wext=59.8 rebound=1
  TIER1 rest-coherence: worst=42.6deg bone[30]='bone_L-middlefinger03.mesh' count(>5deg)=36 freshRecap=0  xcheck(invOff-vs-restW) worst=42.6deg bone[30]
  TIER2 joint-attach(PRIMARY): worst=46.58u bone[9]='bone_R-pinky02.mesh' parent[14] R=38.4 exactJoint=0.00u pairs=36  (palette-wide exactWorst=0.04u)
[HANDS_ATTACH] mesh='hands_naked.mesh' owner='hands_naked.mesh' frame=564 nb=38 wext=93.0 rebound=1
  TIER1 rest-coherence: worst=87.3deg bone[33]='bone_L-middlefinger03.mesh' count(>5deg)=34 freshRecap=0  xcheck(invOff-vs-restW) worst=87.3deg bone[33]
  TIER2 joint-attach(PRIMARY): worst=64.78u bone[18]='bone_R-pinky02.mesh' parent[14] R=47.4 exactJoint=0.00u pairs=30  (palette-wide exactWorst=0.00u)
[HANDS_ATTACH] mesh='gloves_resource.1.mesh' owner='gloves_resource.1.mesh' frame=564 nb=4 wext=5.8 rebound=1
  TIER1 rest-coherence: worst=60.2deg bone[0]='bone_L-index03.mesh' count(>5deg)=4 freshRecap=0  xcheck(invOff-vs-restW) worst=60.2deg bone[0]
  TIER2 joint-attach(PRIMARY): worst=11.23u bone[3]='bone_L-index02.mesh' parent[2] R=47.0 exactJoint=0.36u pairs=3  (palette-wide exactWorst=0.37u)
[HANDS_ATTACH] mesh='gloves_resource.mesh' owner='gloves_resource.mesh' frame=564 nb=40 wext=32.2 rebound=1
  TIER1 rest-coherence: worst=68.8deg bone[32]='bone_L-middlefinger03.mesh' count(>5deg)=40 freshRecap=0  xcheck(invOff-vs-restW) worst=68.8deg bone[32]
  TIER2 joint-attach(PRIMARY): worst=49.95u bone[17]='bone_R-pinky02.mesh' parent[4] R=47.4 exactJoint=0.40u pairs=36  (palette-wide exactWorst=6.88u)
[HANDS_ATTACH] mesh='gloves_skin.2.mesh' owner='gloves_skin.2.mesh' frame=564 nb=9 wext=7.4 rebound=1
  TIER1 rest-coherence: worst=38.9deg bone[5]='bone_L-hand.mesh' count(>5deg)=9 freshRecap=0  xcheck(invOff-vs-restW) worst=38.9deg bone[5]
  TIER2 joint-attach(PRIMARY): worst=15.80u bone[3]='bone_R-pinky-base.mesh' parent[2] R=45.0 exactJoint=6.73u pairs=5  (palette-wide exactWorst=6.88u)
[HANDS_ATTACH] mesh='fingernails_resource.mesh' owner='fingernails_resource.mesh' frame=565 nb=10 wext=38.5 rebound=1
  TIER1 rest-coherence: worst=174.5deg bone[3]='bone_R-index03.mesh' count(>5deg)=10 freshRecap=0  xcheck(invOff-vs-restW) worst=174.4deg bone[3]
  TIER2 joint-attach(PRIMARY): worst=0.00u bone[-1]='?' parent[-1] R=0.0 exactJoint=0.00u pairs=0  (palette-wide exactWorst=0.00u)
[HANDS_ATTACH] mesh='fingernails_resource.mesh' owner='fingernails_resource.mesh' frame=565 nb=10 wext=26.5 rebound=1
  TIER1 rest-coherence: worst=176.9deg bone[8]='bone_L-ringfinger03.mesh' count(>5deg)=10 freshRecap=0  xcheck(invOff-vs-restW) worst=176.7deg bone[8]
  TIER2 joint-attach(PRIMARY): worst=0.00u bone[-1]='?' parent[-1] R=0.0 exactJoint=0.00u pairs=0  (palette-wide exactWorst=0.00u)
[HANDS_ATTACH] mesh='fingernails_resource.mesh' owner='fingernails_resource.mesh' frame=565 nb=10 wext=44.1 rebound=1
  TIER1 rest-coherence: worst=168.8deg bone[7]='bone_L-middlefinger03.mesh' count(>5deg)=10 freshRecap=0  xcheck(invOff-vs-restW) worst=168.7deg bone[7]
  TIER2 joint-attach(PRIMARY): worst=0.00u bone[-1]='?' parent[-1] R=0.0 exactJoint=0.00u pairs=0  (palette-wide exactWorst=0.00u)
[IK_SHARD_VERT] mesh='hands_naked.mesh' wext=73 worstVtx=1421 domBone[2]='bone_R-pinky03.mesh' w=1.00 vertR=57.7 vertDevFromCentroid=35 bindVert=(23.8,-4.6,14.6)
[IK_SHARD_VERT] mesh='hands_naked.mesh' wext=73 worstVtx=1407 domBone[2]='bone_R-pinky03.mesh' w=1.00 vertR=58.0 vertDevFromCentroid=35 bindVert=(24.0,-4.3,14.5)
[HANDS_ATTACH] mesh='hands_naked.mesh' owner='hands_naked.mesh' frame=574 nb=38 wext=73.4 rebound=1
  TIER1 rest-coherence: worst=87.3deg bone[33]='bone_L-middlefinger03.mesh' count(>5deg)=34 freshRecap=0  xcheck(invOff-vs-restW) worst=87.3deg bone[33]
  TIER2 joint-attach(PRIMARY): worst=21.68u bone[9]='bone_R-thumb01.mesh' parent[13] R=48.5 exactJoint=0.00u pairs=30  (palette-wide exactWorst=0.33u)
[HANDS_ATTACH] mesh='hands_naked.mesh' owner='hands_naked.mesh' frame=574 nb=40 wext=59.4 rebound=1
  TIER1 rest-coherence: worst=42.6deg bone[30]='bone_L-middlefinger03.mesh' count(>5deg)=36 freshRecap=0  xcheck(invOff-vs-restW) worst=42.6deg bone[30]
  TIER2 joint-attach(PRIMARY): worst=43.53u bone[9]='bone_R-pinky02.mesh' parent[14] R=38.4 exactJoint=0.00u pairs=36  (palette-wide exactWorst=0.04u)
[HANDS_ATTACH] mesh='hands_naked.mesh' owner='hands_naked.mesh' frame=574 nb=38 wext=92.8 rebound=1
  TIER1 rest-coherence: worst=87.3deg bone[33]='bone_L-middlefinger03.mesh' count(>5deg)=34 freshRecap=0  xcheck(invOff-vs-restW) worst=87.3deg bone[33]
  TIER2 joint-attach(PRIMARY): worst=64.90u bone[18]='bone_R-pinky02.mesh' parent[14] R=47.4 exactJoint=0.00u pairs=30  (palette-wide exactWorst=0.00u)
[HANDS_ATTACH] mesh='gloves_resource.1.mesh' owner='gloves_resource.1.mesh' frame=574 nb=4 wext=6.4 rebound=1
  TIER1 rest-coherence: worst=60.2deg bone[0]='bone_L-index03.mesh' count(>5deg)=4 freshRecap=0  xcheck(invOff-vs-restW) worst=60.2deg bone[0]
  TIER2 joint-attach(PRIMARY): worst=13.03u bone[3]='bone_L-index02.mesh' parent[2] R=47.0 exactJoint=0.36u pairs=3  (palette-wide exactWorst=0.37u)
