[IK_SHARD_VERT] mesh='female_extra_body01.mesh' wext=71 worstVtx=372 domBone[18]='bone_R-toe.mesh' w=1.00 vertR=8.0 vertDevFromCentroid=32 bindVert=(4.7,6.0,-0.2)
[IK_SHARD_VERT] mesh='male_extras_body01_medium.mesh' wext=78 worstVtx=228 domBone[27]='bone_R-toe.mesh' w=1.00 vertR=9.9 vertDevFromCentroid=32 bindVert=(6.4,9.1,0.2)
[IK_SHARD_VERT] mesh='female_crowd_body01_lod02.mesh' wext=79 worstVtx=164 domBone[15]='bone_R-toe.mesh' w=1.00 vertR=7.7 vertDevFromCentroid=36 bindVert=(3.6,6.2,-0.2)
[IK_SHARD_VERT] mesh='female_crowd_body02.mesh' wext=79 worstVtx=24 domBone[4]='bone_R-ankle.mesh' w=0.77 vertR=11.6 vertDevFromCentroid=36 bindVert=(6.1,0.3,-0.2)
[IK_SHARD_VERT] mesh='female_crowd_body03.mesh' wext=85 worstVtx=102 domBone[16]='bone_L-ankle.mesh' w=1.00 vertR=4.3 vertDevFromCentroid=39 bindVert=(-3.2,-4.9,-0.2)
[IK_SHARD_VERT] mesh='female_crowd_body04.mesh' wext=80 worstVtx=48 domBone[6]='bone_R-ankle.mesh' w=1.00 vertR=10.7 vertDevFromCentroid=37 bindVert=(5.5,-3.6,-0.2)
[IK_SHARD_VERT] mesh='male_crowd_body01.mesh' wext=88 worstVtx=32 domBone[21]='bone_L-toe.mesh' w=1.00 vertR=16.2 vertDevFromCentroid=38 bindVert=(-5.8,9.1,0.1)
[IK_SHARD_VERT] mesh='male_crowd_body02.mesh' wext=89 worstVtx=155 domBone[6]='bone_L-toe.mesh' w=1.00 vertR=16.0 vertDevFromCentroid=39 bindVert=(-5.5,9.1,0.3)
[IK_SHARD_VERT] mesh='male_crowd_body03.mesh' wext=87 worstVtx=1144 domBone[3]='bone_L-ankle.mesh' w=1.00 vertR=4.9 vertDevFromCentroid=37 bindVert=(-3.6,-2.4,-0.1)
[IK_SHARD_VERT] mesh='male_crowd_body04.mesh' wext=88 worstVtx=154 domBone[18]='bone_R-ankle.mesh' w=0.55 vertR=12.7 vertDevFromCentroid=38 bindVert=(3.1,10.9,0.2)
[IK_SHARD_VERT] mesh='female_extra_body02.mesh' wext=72 worstVtx=210 domBone[22]='bone_R-ankle.mesh' w=1.00 vertR=10.2 vertDevFromCentroid=32 bindVert=(4.7,-5.3,-0.2)
[IK_SHARD_VERT] mesh='male_extras_body02_medium.mesh' wext=77 worstVtx=15 domBone[18]='bone_R-toe.mesh' w=0.85 vertR=8.7 vertDevFromCentroid=32 bindVert=(5.8,7.7,0.1)
[IK_SHARD_VERT] mesh='male_extras_body03_medium.mesh' wext=66 worstVtx=40 domBone[17]='bone_R-toe.mesh' w=1.00 vertR=11.4 vertDevFromCentroid=32 bindVert=(5.3,10.7,0.6)
[IK_SHARD_VERT] mesh='male_extras_body11_medium.mesh' wext=70 worstVtx=35 domBone[12]='bone_L-ankle.mesh' w=0.82 vertR=6.8 vertDevFromCentroid=32 bindVert=(-6.8,6.1,-0.0)
[IK_SHARD_VERT] mesh='lighter.mesh' wext=746 worstVtx=300 domBone[6]='bone_R-index02.mesh' w=0.86 vertR=76.6 vertDevFromCentroid=2912 bindVert=(23.3,-1.7,41.3)
[IK_SHARD_VERT] mesh='lighter.mesh' wext=632 worstVtx=300 domBone[6]='bone_R-index02.mesh' w=0.86 vertR=76.6 vertDevFromCentroid=2550 bindVert=(23.3,-1.7,41.3)
[IK_SHARD_VERT] mesh='male_crowd_body01.mesh' wext=87 worstVtx=32 domBone[21]='bone_L-toe.mesh' w=1.00 vertR=16.2 vertDevFromCentroid=38 bindVert=(-5.8,9.1,0.1)
[IK_SHARD_VERT] mesh='male_crowd_body02.mesh' wext=88 worstVtx=155 domBone[6]='bone_L-toe.mesh' w=1.00 vertR=16.7 vertDevFromCentroid=38 bindVert=(-5.5,9.1,0.3)
[IK_SHARD_VERT] mesh='lighter.mesh' wext=659 worstVtx=19 domBone[8]='bone_R-forearm.mesh' w=0.56 vertR=80.7 vertDevFromCentroid=2594 bindVert=(14.8,-1.3,42.1)
[IK_SHARD_VERT] mesh='female_crowd_body01_lod02.mesh' wext=80 worstVtx=48 domBone[14]='bone_L-toe.mesh' w=1.00 vertR=11.7 vertDevFromCentroid=37 bindVert=(-4.8,6.0,-0.2)
[IK_SHARD_VERT] mesh='female_crowd_body02.mesh' wext=80 worstVtx=60 domBone[4]='bone_R-ankle.mesh' w=1.00 vertR=21.1 vertDevFromCentroid=37 bindVert=(4.0,-5.4,-0.2)
[IK_SHARD_VERT] mesh='lighter.mesh' wext=610 worstVtx=19 domBone[8]='bone_R-forearm.mesh' w=0.56 vertR=80.7 vertDevFromCentroid=2632 bindVert=(14.8,-1.3,42.1)
[IK_SHARD_VERT] mesh='hands_naked.mesh' wext=81 worstVtx=686 domBone[25]='bone_L-thumb01.mesh' w=1.00 vertR=25.4 vertDevFromCentroid=38 bindVert=(-22.3,-14.6,64.5)
[HANDS_ATTACH] mesh='hands_naked.mesh' owner='hands_naked.mesh' frame=3 nb=38 wext=81.0 rebound=1
  TIER1 rest-coherence: worst=3.1deg bone[2]='bone_R-pinky03.mesh' count(>5deg)=0 freshRecap=38  xcheck(invOff-vs-restW) worst=3.1deg bone[2]
  TIER2 joint-attach(PRIMARY): worst=2.44u bone[18]='bone_R-pinky02.mesh' parent[14] R=46.7 exactJoint=0.01u pairs=30  (palette-wide exactWorst=0.34u)
[HANDS_ATTACH] mesh='hands_naked.mesh' owner='hands_naked.mesh' frame=3 nb=40 wext=55.7 rebound=1
  TIER1 rest-coherence: worst=28.9deg bone[29]='bone_L-thumb03.mesh' count(>5deg)=40 freshRecap=40  xcheck(invOff-vs-restW) worst=28.9deg bone[29]
  TIER2 joint-attach(PRIMARY): worst=25.32u bone[0]='bone_R-middlefinger02.mesh' parent[4] R=46.8 exactJoint=0.61u pairs=36  (palette-wide exactWorst=0.94u)
[HANDS_ATTACH] mesh='hands_naked.mesh' owner='hands_naked.mesh' frame=3 nb=38 wext=80.3 rebound=1
  TIER1 rest-coherence: worst=3.1deg bone[2]='bone_R-pinky03.mesh' count(>5deg)=0 freshRecap=38  xcheck(invOff-vs-restW) worst=3.1deg bone[2]
  TIER2 joint-attach(PRIMARY): worst=2.44u bone[18]='bone_R-pinky02.mesh' parent[14] R=46.7 exactJoint=0.01u pairs=30  (palette-wide exactWorst=0.01u)
[HANDS_ATTACH] mesh='gloves_resource.1.mesh' owner='gloves_resource.1.mesh' frame=3 nb=4 wext=5.6 rebound=1
  TIER1 rest-coherence: worst=14.6deg bone[1]='bone_L-hand.mesh' count(>5deg)=4 freshRecap=4  xcheck(invOff-vs-restW) worst=14.6deg bone[1]
  TIER2 joint-attach(PRIMARY): worst=8.03u bone[0]='bone_L-index03.mesh' parent[3] R=46.3 exactJoint=0.15u pairs=3  (palette-wide exactWorst=0.37u)
[HANDS_ATTACH] mesh='gloves_resource.mesh' owner='gloves_resource.mesh' frame=3 nb=40 wext=28.4 rebound=1
  TIER1 rest-coherence: worst=28.9deg bone[28]='bone_L-thumb03.mesh' count(>5deg)=40 freshRecap=40  xcheck(invOff-vs-restW) worst=28.9deg bone[28]
  TIER2 joint-attach(PRIMARY): worst=25.32u bone[0]='bone_R-middlefinger02.mesh' parent[11] R=46.8 exactJoint=0.61u pairs=36  (palette-wide exactWorst=0.94u)
[HANDS_ATTACH] mesh='gloves_skin.2.mesh' owner='gloves_skin.2.mesh' frame=3 nb=9 wext=15.4 rebound=1
  TIER1 rest-coherence: worst=17.9deg bone[8]='bone_L-foreTwist2.mesh' count(>5deg)=9 freshRecap=9  xcheck(invOff-vs-restW) worst=17.9deg bone[7]
  TIER2 joint-attach(PRIMARY): worst=0.94u bone[3]='bone_R-pinky-base.mesh' parent[2] R=48.7 exactJoint=0.94u pairs=5  (palette-wide exactWorst=0.94u)
[IK_SHARD_VERT] mesh='clap.mesh' wext=710 worstVtx=6 domBone[7]='bone_R-hand.mesh' w=1.00 vertR=87.0 vertDevFromCentroid=2467 bindVert=(23.6,-1.4,41.9)
[IK_SHARD_VERT] mesh='male_crowd_body01.mesh' wext=88 worstVtx=32 domBone[21]='bone_L-toe.mesh' w=1.00 vertR=16.2 vertDevFromCentroid=38 bindVert=(-5.8,9.1,0.1)
[IK_SHARD_VERT] mesh='female_crowd_body01_lod02.mesh' wext=80 worstVtx=164 domBone[15]='bone_R-toe.mesh' w=1.00 vertR=23.7 vertDevFromCentroid=37 bindVert=(3.6,6.2,-0.2)
[IK_SHARD_VERT] mesh='clap.mesh' wext=621 worstVtx=55 domBone[11]='bone_R-index01.mesh' w=0.41 vertR=76.8 vertDevFromCentroid=2579 bindVert=(24.3,-1.3,40.8)
[IK_SHARD_VERT] mesh='male_crowd_body02.mesh' wext=88 worstVtx=155 domBone[6]='bone_L-toe.mesh' w=1.00 vertR=16.7 vertDevFromCentroid=38 bindVert=(-5.5,9.1,0.3)
[IK_SHARD_VERT] mesh='female_crowd_body02.mesh' wext=80 worstVtx=60 domBone[4]='bone_R-ankle.mesh' w=1.00 vertR=21.1 vertDevFromCentroid=37 bindVert=(4.0,-5.4,-0.2)
[IK_SHARD_VERT] mesh='clap.mesh' wext=671 worstVtx=53 domBone[11]='bone_R-index01.mesh' w=0.41 vertR=76.3 vertDevFromCentroid=2571 bindVert=(23.7,-1.7,40.8)
[IK_SHARD_VERT] mesh='male_crowd_body01.mesh' wext=88 worstVtx=32 domBone[21]='bone_L-toe.mesh' w=1.00 vertR=16.2 vertDevFromCentroid=38 bindVert=(-5.8,9.1,0.1)
[IK_SHARD_VERT] mesh='clap.mesh' wext=671 worstVtx=112 domBone[6]='bone_R-index02.mesh' w=0.58 vertR=76.3 vertDevFromCentroid=3044 bindVert=(23.9,-1.8,40.0)
[IK_SHARD_VERT] mesh='male_crowd_body02.mesh' wext=88 worstVtx=155 domBone[6]='bone_L-toe.mesh' w=1.00 vertR=16.7 vertDevFromCentroid=38 bindVert=(-5.5,9.1,0.3)
[IK_SHARD_VERT] mesh='female_crowd_body01_lod02.mesh' wext=80 worstVtx=164 domBone[15]='bone_R-toe.mesh' w=1.00 vertR=23.7 vertDevFromCentroid=37 bindVert=(3.6,6.2,-0.2)
[IK_SHARD_VERT] mesh='female_crowd_body02.mesh' wext=80 worstVtx=60 domBone[4]='bone_R-ankle.mesh' w=1.00 vertR=21.1 vertDevFromCentroid=37 bindVert=(4.0,-5.4,-0.2)
[IK_SHARD_VERT] mesh='clap.mesh' wext=748 worstVtx=112 domBone[6]='bone_R-index02.mesh' w=0.58 vertR=76.3 vertDevFromCentroid=3067 bindVert=(23.9,-1.8,40.0)
[IK_SHARD_VERT] mesh='male_crowd_body01.mesh' wext=88 worstVtx=32 domBone[21]='bone_L-toe.mesh' w=1.00 vertR=16.2 vertDevFromCentroid=37 bindVert=(-5.8,9.1,0.1)
[IK_SHARD_VERT] mesh='female_crowd_body01_lod02.mesh' wext=80 worstVtx=164 domBone[15]='bone_R-toe.mesh' w=1.00 vertR=23.7 vertDevFromCentroid=37 bindVert=(3.6,6.2,-0.2)
[IK_SHARD_VERT] mesh='clap.mesh' wext=716 worstVtx=6 domBone[7]='bone_R-hand.mesh' w=1.00 vertR=87.0 vertDevFromCentroid=2465 bindVert=(23.6,-1.4,41.9)
[IK_SHARD_VERT] mesh='male_crowd_body02.mesh' wext=88 worstVtx=155 domBone[6]='bone_L-toe.mesh' w=1.00 vertR=16.7 vertDevFromCentroid=38 bindVert=(-5.5,9.1,0.3)
[IK_SHARD_VERT] mesh='female_crowd_body02.mesh' wext=80 worstVtx=60 domBone[4]='bone_R-ankle.mesh' w=1.00 vertR=21.1 vertDevFromCentroid=37 bindVert=(4.0,-5.4,-0.2)
[IK_SHARD_VERT] mesh='clap.mesh' wext=620 worstVtx=55 domBone[11]='bone_R-index01.mesh' w=0.41 vertR=76.8 vertDevFromCentroid=2578 bindVert=(24.3,-1.3,40.8)
[IK_SHARD_VERT] mesh='male_crowd_body01.mesh' wext=88 worstVtx=32 domBone[21]='bone_L-toe.mesh' w=1.00 vertR=16.2 vertDevFromCentroid=37 bindVert=(-5.8,9.1,0.1)
[IK_SHARD_VERT] mesh='female_crowd_body01_lod02.mesh' wext=80 worstVtx=164 domBone[15]='bone_R-toe.mesh' w=1.00 vertR=23.7 vertDevFromCentroid=37 bindVert=(3.6,6.2,-0.2)
[IK_SHARD_VERT] mesh='clap.mesh' wext=684 worstVtx=37 domBone[6]='bone_R-forearm.mesh' w=0.80 vertR=93.1 vertDevFromCentroid=2614 bindVert=(21.0,-1.1,45.3)
[IK_SHARD_VERT] mesh='male_crowd_body02.mesh' wext=88 worstVtx=155 domBone[6]='bone_L-toe.mesh' w=1.00 vertR=16.7 vertDevFromCentroid=38 bindVert=(-5.5,9.1,0.3)
[IK_SHARD_VERT] mesh='female_crowd_body02.mesh' wext=80 worstVtx=60 domBone[4]='bone_R-ankle.mesh' w=1.00 vertR=21.1 vertDevFromCentroid=37 bindVert=(4.0,-5.4,-0.2)
[IK_SHARD_VERT] mesh='clap.mesh' wext=634 worstVtx=54 domBone[7]='bone_R-index01.mesh' w=0.41 vertR=78.4 vertDevFromCentroid=2669 bindVert=(24.3,-1.3,41.1)
[IK_SHARD_VERT] mesh='male_crowd_body01.mesh' wext=88 worstVtx=32 domBone[21]='bone_L-toe.mesh' w=1.00 vertR=16.2 vertDevFromCentroid=37 bindVert=(-5.8,9.1,0.1)
[IK_SHARD_VERT] mesh='clap.mesh' wext=730 worstVtx=112 domBone[6]='bone_R-index02.mesh' w=0.58 vertR=76.3 vertDevFromCentroid=2881 bindVert=(23.9,-1.8,40.0)
[IK_SHARD_VERT] mesh='female_crowd_body01_lod02.mesh' wext=80 worstVtx=164 domBone[15]='bone_R-toe.mesh' w=1.00 vertR=23.7 vertDevFromCentroid=37 bindVert=(3.6,6.2,-0.2)
[IK_SHARD_VERT] mesh='male_crowd_body02.mesh' wext=88 worstVtx=155 domBone[6]='bone_L-toe.mesh' w=1.00 vertR=16.7 vertDevFromCentroid=38 bindVert=(-5.5,9.1,0.3)
[IK_SHARD_VERT] mesh='female_crowd_body02.mesh' wext=80 worstVtx=60 domBone[4]='bone_R-ankle.mesh' w=1.00 vertR=21.1 vertDevFromCentroid=37 bindVert=(4.0,-5.4,-0.2)
[IK_SHARD_VERT] mesh='clap.mesh' wext=832 worstVtx=295 domBone[0]='bone_R-index02.mesh' w=0.56 vertR=83.4 vertDevFromCentroid=2832 bindVert=(24.4,-1.6,40.0)
[IK_SHARD_VERT] mesh='male_crowd_body01.mesh' wext=88 worstVtx=32 domBone[21]='bone_L-toe.mesh' w=1.00 vertR=16.2 vertDevFromCentroid=38 bindVert=(-5.8,9.1,0.1)
[IK_SHARD_VERT] mesh='female_crowd_body01_lod02.mesh' wext=80 worstVtx=164 domBone[15]='bone_R-toe.mesh' w=1.00 vertR=23.7 vertDevFromCentroid=37 bindVert=(3.6,6.2,-0.2)
[IK_SHARD_VERT] mesh='clap.mesh' wext=644 worstVtx=53 domBone[11]='bone_R-index01.mesh' w=0.41 vertR=76.3 vertDevFromCentroid=2878 bindVert=(23.7,-1.7,40.8)
[IK_SHARD_VERT] mesh='male_crowd_body02.mesh' wext=88 worstVtx=155 domBone[6]='bone_L-toe.mesh' w=1.00 vertR=16.7 vertDevFromCentroid=38 bindVert=(-5.5,9.1,0.3)
[IK_SHARD_VERT] mesh='female_crowd_body02.mesh' wext=80 worstVtx=60 domBone[4]='bone_R-ankle.mesh' w=1.00 vertR=21.1 vertDevFromCentroid=37 bindVert=(4.0,-5.4,-0.2)
[IK_SHARD_VERT] mesh='male_crowd_body01.mesh' wext=88 worstVtx=32 domBone[21]='bone_L-toe.mesh' w=1.00 vertR=16.2 vertDevFromCentroid=38 bindVert=(-5.8,9.1,0.1)
[IK_SHARD_VERT] mesh='clap.mesh' wext=672 worstVtx=37 domBone[6]='bone_R-forearm.mesh' w=0.80 vertR=93.1 vertDevFromCentroid=2569 bindVert=(21.0,-1.1,45.3)
[IK_SHARD_VERT] mesh='female_crowd_body01_lod02.mesh' wext=80 worstVtx=164 domBone[15]='bone_R-toe.mesh' w=1.00 vertR=23.7 vertDevFromCentroid=37 bindVert=(3.6,6.2,-0.2)
[IK_SHARD_VERT] mesh='clap.mesh' wext=672 worstVtx=112 domBone[6]='bone_R-index02.mesh' w=0.58 vertR=76.3 vertDevFromCentroid=3043 bindVert=(23.9,-1.8,40.0)
[IK_SHARD_VERT] mesh='male_crowd_body02.mesh' wext=88 worstVtx=155 domBone[6]='bone_L-toe.mesh' w=1.00 vertR=16.7 vertDevFromCentroid=38 bindVert=(-5.5,9.1,0.3)
[IK_SHARD_VERT] mesh='clap.mesh' wext=689 worstVtx=112 domBone[6]='bone_R-index02.mesh' w=0.58 vertR=76.3 vertDevFromCentroid=2656 bindVert=(23.9,-1.8,40.0)
[IK_SHARD_VERT] mesh='female_crowd_body02.mesh' wext=80 worstVtx=60 domBone[4]='bone_R-ankle.mesh' w=1.00 vertR=21.1 vertDevFromCentroid=37 bindVert=(4.0,-5.4,-0.2)
[IK_SHARD_VERT] mesh='male_crowd_body01.mesh' wext=87 worstVtx=32 domBone[21]='bone_L-toe.mesh' w=1.00 vertR=16.2 vertDevFromCentroid=38 bindVert=(-5.8,9.1,0.1)
[IK_SHARD_VERT] mesh='female_crowd_body01_lod02.mesh' wext=80 worstVtx=164 domBone[15]='bone_R-toe.mesh' w=1.00 vertR=23.7 vertDevFromCentroid=37 bindVert=(3.6,6.2,-0.2)
[IK_SHARD_VERT] mesh='clap.mesh' wext=709 worstVtx=37 domBone[6]='bone_R-forearm.mesh' w=0.80 vertR=93.1 vertDevFromCentroid=2768 bindVert=(21.0,-1.1,45.3)
[IK_SHARD_VERT] mesh='male_crowd_body02.mesh' wext=88 worstVtx=155 domBone[6]='bone_L-toe.mesh' w=1.00 vertR=16.7 vertDevFromCentroid=38 bindVert=(-5.5,9.1,0.3)
[IK_SHARD_VERT] mesh='female_crowd_body02.mesh' wext=80 worstVtx=60 domBone[4]='bone_R-ankle.mesh' w=1.00 vertR=21.1 vertDevFromCentroid=37 bindVert=(4.0,-5.4,-0.2)
[IK_SHARD_VERT] mesh='male_crowd_body01.mesh' wext=87 worstVtx=32 domBone[21]='bone_L-toe.mesh' w=1.00 vertR=16.2 vertDevFromCentroid=38 bindVert=(-5.8,9.1,0.1)
[IK_SHARD_VERT] mesh='clap.mesh' wext=635 worstVtx=37 domBone[6]='bone_R-forearm.mesh' w=0.80 vertR=93.1 vertDevFromCentroid=2795 bindVert=(21.0,-1.1,45.3)
[IK_SHARD_VERT] mesh='female_crowd_body01_lod02.mesh' wext=80 worstVtx=164 domBone[15]='bone_R-toe.mesh' w=1.00 vertR=23.7 vertDevFromCentroid=37 bindVert=(3.6,6.2,-0.2)
[IK_SHARD_VERT] mesh='female_crowd_body03.mesh' wext=87 worstVtx=48 domBone[21]='bone_R-ankle.mesh' w=1.00 vertR=24.5 vertDevFromCentroid=42 bindVert=(3.3,-4.9,-0.2)
[IK_SHARD_VERT] mesh='male_crowd_body03.mesh' wext=91 worstVtx=20 domBone[17]='bone_R-toe.mesh' w=1.00 vertR=27.0 vertDevFromCentroid=42 bindVert=(1.2,9.1,-0.1)
[IK_SHARD_VERT] mesh='male_crowd_body04.mesh' wext=93 worstVtx=252 domBone[18]='bone_R-ankle.mesh' w=1.00 vertR=22.0 vertDevFromCentroid=43 bindVert=(3.1,-1.3,-0.2)
[IK_SHARD_VERT] mesh='clap.mesh' wext=747 worstVtx=37 domBone[6]='bone_R-forearm.mesh' w=0.80 vertR=93.1 vertDevFromCentroid=3024 bindVert=(21.0,-1.1,45.3)
[IK_SHARD_VERT] mesh='male_crowd_body01.mesh' wext=87 worstVtx=32 domBone[21]='bone_L-toe.mesh' w=1.00 vertR=16.2 vertDevFromCentroid=38 bindVert=(-5.8,9.1,0.1)
[IK_SHARD_VERT] mesh='male_crowd_body02.mesh' wext=88 worstVtx=155 domBone[6]='bone_L-toe.mesh' w=1.00 vertR=16.7 vertDevFromCentroid=38 bindVert=(-5.5,9.1,0.3)
[IK_SHARD_VERT] mesh='clap.mesh' wext=682 worstVtx=112 domBone[6]='bone_R-index02.mesh' w=0.58 vertR=76.3 vertDevFromCentroid=3119 bindVert=(23.9,-1.8,40.0)
[IK_SHARD_VERT] mesh='female_crowd_body01_lod02.mesh' wext=80 worstVtx=164 domBone[15]='bone_R-toe.mesh' w=1.00 vertR=23.7 vertDevFromCentroid=37 bindVert=(3.6,6.2,-0.2)
[IK_SHARD_VERT] mesh='female_crowd_body02.mesh' wext=80 worstVtx=60 domBone[4]='bone_R-ankle.mesh' w=1.00 vertR=21.1 vertDevFromCentroid=37 bindVert=(4.0,-5.4,-0.2)
[IK_SHARD_VERT] mesh='clap.mesh' wext=701 worstVtx=112 domBone[6]='bone_R-index02.mesh' w=0.58 vertR=76.3 vertDevFromCentroid=2729 bindVert=(23.9,-1.8,40.0)
[IK_SHARD_VERT] mesh='female_crowd_body02.mesh' wext=80 worstVtx=60 domBone[4]='bone_R-ankle.mesh' w=1.00 vertR=21.1 vertDevFromCentroid=37 bindVert=(4.0,-5.4,-0.2)
[IK_SHARD_VERT] mesh='male_crowd_body02.mesh' wext=88 worstVtx=155 domBone[6]='bone_L-toe.mesh' w=1.00 vertR=16.7 vertDevFromCentroid=38 bindVert=(-5.5,9.1,0.3)
[IK_SHARD_VERT] mesh='male_crowd_body01.mesh' wext=87 worstVtx=32 domBone[21]='bone_L-toe.mesh' w=1.00 vertR=16.2 vertDevFromCentroid=38 bindVert=(-5.8,9.1,0.1)
[IK_SHARD_VERT] mesh='clap.mesh' wext=733 worstVtx=37 domBone[6]='bone_R-forearm.mesh' w=0.80 vertR=93.1 vertDevFromCentroid=2929 bindVert=(21.0,-1.1,45.3)
[IK_SHARD_VERT] mesh='female_crowd_body01_lod02.mesh' wext=80 worstVtx=164 domBone[15]='bone_R-toe.mesh' w=1.00 vertR=23.7 vertDevFromCentroid=37 bindVert=(3.6,6.2,-0.2)
[IK_SHARD_VERT] mesh='clap.mesh' wext=663 worstVtx=37 domBone[6]='bone_R-forearm.mesh' w=0.80 vertR=93.1 vertDevFromCentroid=2947 bindVert=(21.0,-1.1,45.3)
[IK_SHARD_VERT] mesh='male_crowd_body01.mesh' wext=87 worstVtx=32 domBone[21]='bone_L-toe.mesh' w=1.00 vertR=16.2 vertDevFromCentroid=38 bindVert=(-5.8,9.1,0.1)
[IK_SHARD_VERT] mesh='clap.mesh' wext=706 worstVtx=112 domBone[6]='bone_R-index02.mesh' w=0.58 vertR=76.3 vertDevFromCentroid=2703 bindVert=(23.9,-1.8,40.0)
[IK_SHARD_VERT] mesh='male_crowd_body02.mesh' wext=88 worstVtx=155 domBone[6]='bone_L-toe.mesh' w=1.00 vertR=16.7 vertDevFromCentroid=38 bindVert=(-5.5,9.1,0.3)
[IK_SHARD_VERT] mesh='female_crowd_body01_lod02.mesh' wext=80 worstVtx=164 domBone[15]='bone_R-toe.mesh' w=1.00 vertR=23.7 vertDevFromCentroid=37 bindVert=(3.6,6.2,-0.2)
[IK_SHARD_VERT] mesh='female_crowd_body02.mesh' wext=80 worstVtx=60 domBone[4]='bone_R-ankle.mesh' w=1.00 vertR=21.1 vertDevFromCentroid=37 bindVert=(4.0,-5.4,-0.2)
[IK_SHARD_VERT] mesh='clap.mesh' wext=720 worstVtx=140 domBone[0]='bone_R-index02.mesh' w=1.00 vertR=81.7 vertDevFromCentroid=2473 bindVert=(24.6,-0.7,37.8)
[IK_SHARD_VERT] mesh='male_crowd_body01.mesh' wext=87 worstVtx=32 domBone[21]='bone_L-toe.mesh' w=1.00 vertR=16.2 vertDevFromCentroid=38 bindVert=(-5.8,9.1,0.1)
[IK_SHARD_VERT] mesh='female_crowd_body01_lod02.mesh' wext=80 worstVtx=164 domBone[15]='bone_R-toe.mesh' w=1.00 vertR=23.7 vertDevFromCentroid=37 bindVert=(3.6,6.2,-0.2)
[IK_SHARD_VERT] mesh='clap.mesh' wext=623 worstVtx=37 domBone[6]='bone_R-forearm.mesh' w=0.80 vertR=93.1 vertDevFromCentroid=2575 bindVert=(21.0,-1.1,45.3)
[IK_SHARD_VERT] mesh='male_crowd_body02.mesh' wext=88 worstVtx=170 domBone[8]='bone_L-ankle.mesh' w=0.50 vertR=22.0 vertDevFromCentroid=38 bindVert=(-3.0,-2.5,0.0)
[IK_SHARD_VERT] mesh='female_crowd_body02.mesh' wext=80 worstVtx=60 domBone[4]='bone_R-ankle.mesh' w=1.00 vertR=21.1 vertDevFromCentroid=37 bindVert=(4.0,-5.4,-0.2)
[IK_SHARD_VERT] mesh='clap.mesh' wext=674 worstVtx=37 domBone[6]='bone_R-forearm.mesh' w=0.80 vertR=93.1 vertDevFromCentroid=2566 bindVert=(21.0,-1.1,45.3)
[IK_SHARD_VERT] mesh='male_crowd_body01.mesh' wext=87 worstVtx=32 domBone[21]='bone_L-toe.mesh' w=1.00 vertR=16.2 vertDevFromCentroid=38 bindVert=(-5.8,9.1,0.1)
[IK_SHARD_VERT] mesh='clap.mesh' wext=672 worstVtx=112 domBone[6]='bone_R-index02.mesh' w=0.58 vertR=76.3 vertDevFromCentroid=3042 bindVert=(23.9,-1.8,40.0)
[IK_SHARD_VERT] mesh='male_crowd_body02.mesh' wext=88 worstVtx=170 domBone[8]='bone_L-ankle.mesh' w=0.50 vertR=22.0 vertDevFromCentroid=38 bindVert=(-3.0,-2.5,0.0)
[IK_SHARD_VERT] mesh='female_crowd_body01_lod02.mesh' wext=80 worstVtx=164 domBone[15]='bone_R-toe.mesh' w=1.00 vertR=23.7 vertDevFromCentroid=37 bindVert=(3.6,6.2,-0.2)
[IK_SHARD_VERT] mesh='female_crowd_body02.mesh' wext=80 worstVtx=60 domBone[4]='bone_R-ankle.mesh' w=1.00 vertR=21.1 vertDevFromCentroid=37 bindVert=(4.0,-5.4,-0.2)
[IK_SHARD_VERT] mesh='clap.mesh' wext=701 worstVtx=112 domBone[6]='bone_R-index02.mesh' w=0.58 vertR=76.3 vertDevFromCentroid=2728 bindVert=(23.9,-1.8,40.0)
[IK_SHARD_VERT] mesh='male_crowd_body01.mesh' wext=87 worstVtx=32 domBone[21]='bone_L-toe.mesh' w=1.00 vertR=16.2 vertDevFromCentroid=38 bindVert=(-5.8,9.1,0.1)
[IK_SHARD_VERT] mesh='female_crowd_body01_lod02.mesh' wext=80 worstVtx=48 domBone[14]='bone_L-toe.mesh' w=1.00 vertR=11.7 vertDevFromCentroid=37 bindVert=(-4.8,6.0,-0.2)
[IK_SHARD_VERT] mesh='clap.mesh' wext=734 worstVtx=37 domBone[6]='bone_R-forearm.mesh' w=0.80 vertR=93.1 vertDevFromCentroid=2928 bindVert=(21.0,-1.1,45.3)
[IK_SHARD_VERT] mesh='male_crowd_body02.mesh' wext=88 worstVtx=170 domBone[8]='bone_L-ankle.mesh' w=0.50 vertR=22.0 vertDevFromCentroid=38 bindVert=(-3.0,-2.5,0.0)
[IK_SHARD_VERT] mesh='female_crowd_body02.mesh' wext=80 worstVtx=60 domBone[4]='bone_R-ankle.mesh' w=1.00 vertR=21.1 vertDevFromCentroid=37 bindVert=(4.0,-5.4,-0.2)
[IK_SHARD_VERT] mesh='clap.mesh' wext=664 worstVtx=37 domBone[6]='bone_R-forearm.mesh' w=0.80 vertR=93.1 vertDevFromCentroid=2946 bindVert=(21.0,-1.1,45.3)
[IK_SHARD_VERT] mesh='female_extra_body01.mesh' wext=71 worstVtx=372 domBone[18]='bone_R-toe.mesh' w=1.00 vertR=8.0 vertDevFromCentroid=32 bindVert=(4.7,6.0,-0.2)
[IK_SHARD_VERT] mesh='male_extras_body01_medium.mesh' wext=78 worstVtx=228 domBone[27]='bone_R-toe.mesh' w=1.00 vertR=9.9 vertDevFromCentroid=32 bindVert=(6.4,9.1,0.2)
[IK_SHARD_VERT] mesh='female_crowd_body01_lod02.mesh' wext=80 worstVtx=48 domBone[14]='bone_L-toe.mesh' w=1.00 vertR=11.7 vertDevFromCentroid=37 bindVert=(-4.8,6.0,-0.2)
[IK_SHARD_VERT] mesh='female_crowd_body04.mesh' wext=80 worstVtx=48 domBone[6]='bone_R-ankle.mesh' w=1.00 vertR=10.7 vertDevFromCentroid=37 bindVert=(5.5,-3.6,-0.2)
[IK_SHARD_VERT] mesh='male_crowd_body01.mesh' wext=87 worstVtx=32 domBone[21]='bone_L-toe.mesh' w=1.00 vertR=16.2 vertDevFromCentroid=38 bindVert=(-5.8,9.1,0.1)
[IK_SHARD_VERT] mesh='clap.mesh' wext=705 worstVtx=112 domBone[6]='bone_R-index02.mesh' w=0.58 vertR=76.3 vertDevFromCentroid=2703 bindVert=(23.9,-1.8,40.0)
[IK_SHARD_VERT] mesh='male_crowd_body02.mesh' wext=88 worstVtx=170 domBone[8]='bone_L-ankle.mesh' w=0.50 vertR=22.0 vertDevFromCentroid=38 bindVert=(-3.0,-2.5,0.0)
[IK_SHARD_VERT] mesh='female_crowd_body02.mesh' wext=80 worstVtx=60 domBone[4]='bone_R-ankle.mesh' w=1.00 vertR=21.1 vertDevFromCentroid=37 bindVert=(4.0,-5.4,-0.2)
[IK_SHARD_VERT] mesh='clap.mesh' wext=721 worstVtx=140 domBone[0]='bone_R-index02.mesh' w=1.00 vertR=81.7 vertDevFromCentroid=2474 bindVert=(24.6,-0.7,37.8)
[IK_SHARD_VERT] mesh='male_crowd_body01.mesh' wext=87 worstVtx=32 domBone[21]='bone_L-toe.mesh' w=1.00 vertR=16.2 vertDevFromCentroid=38 bindVert=(-5.8,9.1,0.1)
[IK_SHARD_VERT] mesh='female_crowd_body01_lod02.mesh' wext=80 worstVtx=48 domBone[14]='bone_L-toe.mesh' w=1.00 vertR=11.7 vertDevFromCentroid=37 bindVert=(-4.8,6.0,-0.2)
[IK_SHARD_VERT] mesh='clap.mesh' wext=623 worstVtx=37 domBone[6]='bone_R-forearm.mesh' w=0.80 vertR=93.1 vertDevFromCentroid=2574 bindVert=(21.0,-1.1,45.3)
[IK_SHARD_VERT] mesh='male_crowd_body02.mesh' wext=88 worstVtx=170 domBone[8]='bone_L-ankle.mesh' w=0.50 vertR=22.0 vertDevFromCentroid=38 bindVert=(-3.0,-2.5,0.0)
[IK_SHARD_VERT] mesh='female_crowd_body02.mesh' wext=80 worstVtx=60 domBone[4]='bone_R-ankle.mesh' w=1.00 vertR=21.1 vertDevFromCentroid=37 bindVert=(4.0,-5.4,-0.2)
[IK_SHARD_VERT] mesh='male_crowd_body01.mesh' wext=88 worstVtx=32 domBone[21]='bone_L-toe.mesh' w=1.00 vertR=16.2 vertDevFromCentroid=38 bindVert=(-5.8,9.1,0.1)
[IK_SHARD_VERT] mesh='clap.mesh' wext=688 worstVtx=37 domBone[6]='bone_R-forearm.mesh' w=0.80 vertR=93.1 vertDevFromCentroid=2612 bindVert=(21.0,-1.1,45.3)
[IK_SHARD_VERT] mesh='female_crowd_body01_lod02.mesh' wext=80 worstVtx=48 domBone[14]='bone_L-toe.mesh' w=1.00 vertR=11.7 vertDevFromCentroid=37 bindVert=(-4.8,6.0,-0.2)
[IK_SHARD_VERT] mesh='clap.mesh' wext=634 worstVtx=54 domBone[7]='bone_R-index01.mesh' w=0.41 vertR=78.4 vertDevFromCentroid=2668 bindVert=(24.3,-1.3,41.1)
[IK_SHARD_VERT] mesh='male_crowd_body02.mesh' wext=88 worstVtx=170 domBone[8]='bone_L-ankle.mesh' w=0.50 vertR=22.0 vertDevFromCentroid=38 bindVert=(-3.0,-2.5,0.0)
[IK_SHARD_VERT] mesh='female_crowd_body02.mesh' wext=80 worstVtx=60 domBone[4]='bone_R-ankle.mesh' w=1.00 vertR=21.1 vertDevFromCentroid=37 bindVert=(4.0,-5.4,-0.2)
[IK_SHARD_VERT] mesh='clap.mesh' wext=731 worstVtx=112 domBone[6]='bone_R-index02.mesh' w=0.58 vertR=76.3 vertDevFromCentroid=2879 bindVert=(23.9,-1.8,40.0)
[IK_SHARD_VERT] mesh='male_crowd_body01.mesh' wext=88 worstVtx=32 domBone[21]='bone_L-toe.mesh' w=1.00 vertR=16.2 vertDevFromCentroid=38 bindVert=(-5.8,9.1,0.1)
[IK_SHARD_VERT] mesh='female_crowd_body01_lod02.mesh' wext=80 worstVtx=48 domBone[14]='bone_L-toe.mesh' w=1.00 vertR=11.7 vertDevFromCentroid=37 bindVert=(-4.8,6.0,-0.2)
[IK_SHARD_VERT] mesh='female_crowd_body03.mesh' wext=82 worstVtx=48 domBone[21]='bone_R-ankle.mesh' w=1.00 vertR=24.5 vertDevFromCentroid=37 bindVert=(3.3,-4.9,-0.2)
[IK_SHARD_VERT] mesh='male_crowd_body03.mesh' wext=87 worstVtx=64 domBone[5]='bone_R-ankle.mesh' w=1.00 vertR=21.3 vertDevFromCentroid=36 bindVert=(1.2,0.1,-0.1)
[IK_SHARD_VERT] mesh='male_crowd_body04.mesh' wext=89 worstVtx=252 domBone[18]='bone_R-ankle.mesh' w=1.00 vertR=22.0 vertDevFromCentroid=37 bindVert=(3.1,-1.3,-0.2)
[IK_SHARD_VERT] mesh='clap.mesh' wext=834 worstVtx=220 domBone[3]='bone_R-forearm.mesh' w=1.00 vertR=86.8 vertDevFromCentroid=2828 bindVert=(21.0,-1.3,45.3)
[IK_SHARD_VERT] mesh='male_crowd_body02.mesh' wext=88 worstVtx=170 domBone[8]='bone_L-ankle.mesh' w=0.50 vertR=22.0 vertDevFromCentroid=38 bindVert=(-3.0,-2.5,0.0)
[IK_SHARD_VERT] mesh='female_crowd_body02.mesh' wext=80 worstVtx=60 domBone[4]='bone_R-ankle.mesh' w=1.00 vertR=21.1 vertDevFromCentroid=37 bindVert=(4.0,-5.4,-0.2)
[IK_SHARD_VERT] mesh='male_crowd_body01.mesh' wext=88 worstVtx=32 domBone[21]='bone_L-toe.mesh' w=1.00 vertR=16.2 vertDevFromCentroid=38 bindVert=(-5.8,9.1,0.1)
[IK_SHARD_VERT] mesh='clap.mesh' wext=647 worstVtx=37 domBone[6]='bone_R-forearm.mesh' w=0.80 vertR=93.1 vertDevFromCentroid=2875 bindVert=(21.0,-1.1,45.3)
[IK_SHARD_VERT] mesh='female_crowd_body01_lod02.mesh' wext=80 worstVtx=48 domBone[14]='bone_L-toe.mesh' w=1.00 vertR=11.7 vertDevFromCentroid=37 bindVert=(-4.8,6.0,-0.2)
[IK_SHARD_VERT] mesh='clap.mesh' wext=675 worstVtx=37 domBone[6]='bone_R-forearm.mesh' w=0.80 vertR=93.1 vertDevFromCentroid=2567 bindVert=(21.0,-1.1,45.3)
[IK_SHARD_VERT] mesh='male_crowd_body01.mesh' wext=88 worstVtx=32 domBone[21]='bone_L-toe.mesh' w=1.00 vertR=16.2 vertDevFromCentroid=38 bindVert=(-5.8,9.1,0.1)
[IK_SHARD_VERT] mesh='male_crowd_body02.mesh' wext=88 worstVtx=170 domBone[8]='bone_L-ankle.mesh' w=0.50 vertR=22.0 vertDevFromCentroid=38 bindVert=(-3.0,-2.5,0.0)
[IK_SHARD_VERT] mesh='clap.mesh' wext=672 worstVtx=112 domBone[6]='bone_R-index02.mesh' w=0.58 vertR=76.3 vertDevFromCentroid=3043 bindVert=(23.9,-1.8,40.0)
[IK_SHARD_VERT] mesh='female_crowd_body01_lod02.mesh' wext=80 worstVtx=48 domBone[14]='bone_L-toe.mesh' w=1.00 vertR=11.7 vertDevFromCentroid=37 bindVert=(-4.8,6.0,-0.2)
[IK_SHARD_VERT] mesh='female_crowd_body02.mesh' wext=80 worstVtx=60 domBone[4]='bone_R-ankle.mesh' w=1.00 vertR=21.1 vertDevFromCentroid=37 bindVert=(4.0,-5.4,-0.2)
[IK_SHARD_VERT] mesh='clap.mesh' wext=688 worstVtx=112 domBone[6]='bone_R-index02.mesh' w=0.58 vertR=76.3 vertDevFromCentroid=2656 bindVert=(23.9,-1.8,40.0)
[IK_SHARD_VERT] mesh='male_crowd_body02.mesh' wext=88 worstVtx=170 domBone[8]='bone_L-ankle.mesh' w=0.50 vertR=22.0 vertDevFromCentroid=38 bindVert=(-3.0,-2.5,0.0)
[IK_SHARD_VERT] mesh='female_crowd_body02.mesh' wext=80 worstVtx=60 domBone[4]='bone_R-ankle.mesh' w=1.00 vertR=21.1 vertDevFromCentroid=37 bindVert=(4.0,-5.4,-0.2)
[IK_SHARD_VERT] mesh='male_crowd_body01.mesh' wext=88 worstVtx=32 domBone[21]='bone_L-toe.mesh' w=1.00 vertR=16.2 vertDevFromCentroid=38 bindVert=(-5.8,9.1,0.1)
[IK_SHARD_VERT] mesh='clap.mesh' wext=711 worstVtx=37 domBone[6]='bone_R-forearm.mesh' w=0.80 vertR=93.1 vertDevFromCentroid=2767 bindVert=(21.0,-1.1,45.3)
[IK_SHARD_VERT] mesh='female_crowd_body01_lod02.mesh' wext=80 worstVtx=48 domBone[14]='bone_L-toe.mesh' w=1.00 vertR=11.7 vertDevFromCentroid=37 bindVert=(-4.8,6.0,-0.2)
[IK_SHARD_VERT] mesh='clap.mesh' wext=638 worstVtx=37 domBone[6]='bone_R-forearm.mesh' w=0.80 vertR=93.1 vertDevFromCentroid=2792 bindVert=(21.0,-1.1,45.3)
[IK_SHARD_VERT] mesh='male_crowd_body01.mesh' wext=88 worstVtx=32 domBone[21]='bone_L-toe.mesh' w=1.00 vertR=16.2 vertDevFromCentroid=38 bindVert=(-5.8,9.1,0.1)
[IK_SHARD_VERT] mesh='clap.mesh' wext=748 worstVtx=37 domBone[6]='bone_R-forearm.mesh' w=0.80 vertR=93.1 vertDevFromCentroid=3025 bindVert=(21.0,-1.1,45.3)
[IK_SHARD_VERT] mesh='male_crowd_body02.mesh' wext=88 worstVtx=170 domBone[8]='bone_L-ankle.mesh' w=0.50 vertR=22.0 vertDevFromCentroid=38 bindVert=(-3.0,-2.5,0.0)
[IK_SHARD_VERT] mesh='female_crowd_body01_lod02.mesh' wext=80 worstVtx=48 domBone[14]='bone_L-toe.mesh' w=1.00 vertR=11.7 vertDevFromCentroid=37 bindVert=(-4.8,6.0,-0.2)
[IK_SHARD_VERT] mesh='female_crowd_body02.mesh' wext=80 worstVtx=60 domBone[4]='bone_R-ankle.mesh' w=1.00 vertR=21.1 vertDevFromCentroid=37 bindVert=(4.0,-5.4,-0.2)
[IK_SHARD_VERT] mesh='clap.mesh' wext=681 worstVtx=112 domBone[6]='bone_R-index02.mesh' w=0.58 vertR=76.3 vertDevFromCentroid=3120 bindVert=(23.9,-1.8,40.0)
[IK_SHARD_VERT] mesh='male_crowd_body01.mesh' wext=88 worstVtx=32 domBone[21]='bone_L-toe.mesh' w=1.00 vertR=16.2 vertDevFromCentroid=38 bindVert=(-5.8,9.1,0.1)
[IK_SHARD_VERT] mesh='male_crowd_body02.mesh' wext=88 worstVtx=170 domBone[8]='bone_L-ankle.mesh' w=0.50 vertR=22.0 vertDevFromCentroid=38 bindVert=(-3.0,-2.5,0.0)
[IK_SHARD_VERT] mesh='clap.mesh' wext=700 worstVtx=112 domBone[6]='bone_R-index02.mesh' w=0.58 vertR=76.3 vertDevFromCentroid=2730 bindVert=(23.9,-1.8,40.0)
[IK_SHARD_VERT] mesh='female_crowd_body01_lod02.mesh' wext=80 worstVtx=48 domBone[14]='bone_L-toe.mesh' w=1.00 vertR=11.7 vertDevFromCentroid=37 bindVert=(-4.8,6.0,-0.2)
[IK_SHARD_VERT] mesh='female_crowd_body02.mesh' wext=80 worstVtx=60 domBone[4]='bone_R-ankle.mesh' w=1.00 vertR=21.1 vertDevFromCentroid=37 bindVert=(4.0,-5.4,-0.2)
[IK_SHARD_VERT] mesh='clap.mesh' wext=702 worstVtx=37 domBone[6]='bone_R-forearm.mesh' w=0.80 vertR=93.1 vertDevFromCentroid=2763 bindVert=(21.0,-1.1,45.3)
[IK_SHARD_VERT] mesh='male_crowd_body01.mesh' wext=88 worstVtx=32 domBone[21]='bone_L-toe.mesh' w=1.00 vertR=16.2 vertDevFromCentroid=38 bindVert=(-5.8,9.1,0.1)
[IK_SHARD_VERT] mesh='clap.mesh' wext=628 worstVtx=37 domBone[6]='bone_R-forearm.mesh' w=0.80 vertR=93.1 vertDevFromCentroid=2705 bindVert=(21.0,-1.1,45.3)
[IK_SHARD_VERT] mesh='male_crowd_body02.mesh' wext=88 worstVtx=170 domBone[8]='bone_L-ankle.mesh' w=0.50 vertR=22.0 vertDevFromCentroid=38 bindVert=(-3.0,-2.5,0.0)
[IK_SHARD_VERT] mesh='female_crowd_body01_lod02.mesh' wext=80 worstVtx=48 domBone[14]='bone_L-toe.mesh' w=1.00 vertR=11.7 vertDevFromCentroid=37 bindVert=(-4.8,6.0,-0.2)
[IK_SHARD_VERT] mesh='female_crowd_body02.mesh' wext=80 worstVtx=60 domBone[4]='bone_R-ankle.mesh' w=1.00 vertR=21.1 vertDevFromCentroid=37 bindVert=(4.0,-5.4,-0.2)
[IK_SHARD_VERT] mesh='clap.mesh' wext=754 worstVtx=112 domBone[6]='bone_R-index02.mesh' w=0.58 vertR=76.3 vertDevFromCentroid=3057 bindVert=(23.9,-1.8,40.0)
[IK_SHARD_VERT] mesh='male_crowd_body01.mesh' wext=88 worstVtx=32 domBone[21]='bone_L-toe.mesh' w=1.00 vertR=16.2 vertDevFromCentroid=38 bindVert=(-5.8,9.1,0.1)
[IK_SHARD_VERT] mesh='clap.mesh' wext=641 worstVtx=54 domBone[7]='bone_R-index01.mesh' w=0.41 vertR=78.4 vertDevFromCentroid=2745 bindVert=(24.3,-1.3,41.1)
[IK_SHARD_VERT] mesh='male_crowd_body02.mesh' wext=88 worstVtx=170 domBone[8]='bone_L-ankle.mesh' w=0.50 vertR=22.0 vertDevFromCentroid=38 bindVert=(-3.0,-2.5,0.0)
[IK_SHARD_VERT] mesh='female_crowd_body01_lod02.mesh' wext=80 worstVtx=48 domBone[14]='bone_L-toe.mesh' w=1.00 vertR=11.7 vertDevFromCentroid=37 bindVert=(-4.8,6.0,-0.2)
[IK_SHARD_VERT] mesh='female_crowd_body02.mesh' wext=80 worstVtx=60 domBone[4]='bone_R-ankle.mesh' w=1.00 vertR=21.1 vertDevFromCentroid=37 bindVert=(4.0,-5.4,-0.2)
[IK_SHARD_VERT] mesh='hands_naked.mesh' wext=81 worstVtx=686 domBone[25]='bone_L-thumb01.mesh' w=1.00 vertR=25.4 vertDevFromCentroid=38 bindVert=(-22.3,-14.6,64.5)
[IK_SHARD_VERT] mesh='clap.mesh' wext=670 worstVtx=37 domBone[6]='bone_R-forearm.mesh' w=0.80 vertR=93.1 vertDevFromCentroid=3062 bindVert=(21.0,-1.1,45.3)
[IK_SHARD_VERT] mesh='male_crowd_body01.mesh' wext=88 worstVtx=32 domBone[21]='bone_L-toe.mesh' w=1.00 vertR=16.2 vertDevFromCentroid=38 bindVert=(-5.8,9.1,0.1)
[IK_SHARD_VERT] mesh='female_crowd_body01_lod02.mesh' wext=80 worstVtx=48 domBone[14]='bone_L-toe.mesh' w=1.00 vertR=11.7 vertDevFromCentroid=37 bindVert=(-4.8,6.0,-0.2)
[IK_SHARD_VERT] mesh='clap.mesh' wext=734 worstVtx=37 domBone[6]='bone_R-forearm.mesh' w=0.80 vertR=93.1 vertDevFromCentroid=2932 bindVert=(21.0,-1.1,45.3)
[IK_SHARD_VERT] mesh='male_crowd_body02.mesh' wext=88 worstVtx=170 domBone[8]='bone_L-ankle.mesh' w=0.50 vertR=22.0 vertDevFromCentroid=38 bindVert=(-3.0,-2.5,0.0)
[IK_SHARD_VERT] mesh='female_crowd_body02.mesh' wext=80 worstVtx=60 domBone[4]='bone_R-ankle.mesh' w=1.00 vertR=21.1 vertDevFromCentroid=37 bindVert=(4.0,-5.4,-0.2)
[IK_SHARD_VERT] mesh='clap.mesh' wext=663 worstVtx=37 domBone[6]='bone_R-forearm.mesh' w=0.80 vertR=93.1 vertDevFromCentroid=2948 bindVert=(21.0,-1.1,45.3)
[IK_SHARD_VERT] mesh='male_crowd_body01.mesh' wext=88 worstVtx=32 domBone[21]='bone_L-toe.mesh' w=1.00 vertR=16.2 vertDevFromCentroid=38 bindVert=(-5.8,9.1,0.1)
[IK_SHARD_VERT] mesh='clap.mesh' wext=687 worstVtx=112 domBone[6]='bone_R-index02.mesh' w=0.58 vertR=76.3 vertDevFromCentroid=2586 bindVert=(23.9,-1.8,40.0)
[IK_SHARD_VERT] mesh='male_crowd_body02.mesh' wext=88 worstVtx=170 domBone[8]='bone_L-ankle.mesh' w=0.50 vertR=22.0 vertDevFromCentroid=38 bindVert=(-3.0,-2.5,0.0)
[IK_SHARD_VERT] mesh='female_crowd_body01_lod02.mesh' wext=80 worstVtx=48 domBone[14]='bone_L-toe.mesh' w=1.00 vertR=11.7 vertDevFromCentroid=37 bindVert=(-4.8,6.0,-0.2)
[IK_SHARD_VERT] mesh='female_crowd_body02.mesh' wext=80 worstVtx=24 domBone[4]='bone_R-ankle.mesh' w=0.77 vertR=15.2 vertDevFromCentroid=37 bindVert=(6.1,0.3,-0.2)
[IK_SHARD_VERT] mesh='clap.mesh' wext=663 worstVtx=112 domBone[6]='bone_R-index02.mesh' w=0.58 vertR=76.3 vertDevFromCentroid=2999 bindVert=(23.9,-1.8,40.0)
[IK_SHARD_VERT] mesh='male_crowd_body01.mesh' wext=88 worstVtx=32 domBone[21]='bone_L-toe.mesh' w=1.00 vertR=16.2 vertDevFromCentroid=38 bindVert=(-5.8,9.1,0.1)
[IK_SHARD_VERT] mesh='female_crowd_body01_lod02.mesh' wext=80 worstVtx=48 domBone[14]='bone_L-toe.mesh' w=1.00 vertR=11.7 vertDevFromCentroid=37 bindVert=(-4.8,6.0,-0.2)
[IK_SHARD_VERT] mesh='clap.mesh' wext=659 worstVtx=37 domBone[6]='bone_R-forearm.mesh' w=0.80 vertR=93.1 vertDevFromCentroid=2970 bindVert=(21.0,-1.1,45.3)
[IK_SHARD_VERT] mesh='male_crowd_body02.mesh' wext=88 worstVtx=170 domBone[8]='bone_L-ankle.mesh' w=0.50 vertR=22.0 vertDevFromCentroid=38 bindVert=(-3.0,-2.5,0.0)
[IK_SHARD_VERT] mesh='female_crowd_body02.mesh' wext=80 worstVtx=24 domBone[4]='bone_R-ankle.mesh' w=0.77 vertR=15.2 vertDevFromCentroid=37 bindVert=(6.1,0.3,-0.2)
[IK_SHARD_VERT] mesh='female_crowd_body03.mesh' wext=80 worstVtx=48 domBone[21]='bone_R-ankle.mesh' w=1.00 vertR=24.5 vertDevFromCentroid=37 bindVert=(3.3,-4.9,-0.2)
[IK_SHARD_VERT] mesh='male_crowd_body03.mesh' wext=86 worstVtx=1176 domBone[6]='bone_L-toe.mesh' w=1.00 vertR=14.5 vertDevFromCentroid=37 bindVert=(-1.1,9.1,-0.1)
[IK_SHARD_VERT] mesh='male_crowd_body04.mesh' wext=87 worstVtx=14 domBone[1]='bone_L-ankle.mesh' w=0.57 vertR=8.4 vertDevFromCentroid=37 bindVert=(-1.8,9.9,-0.0)
[IK_SHARD_VERT] mesh='clap.mesh' wext=718 worstVtx=37 domBone[6]='bone_R-forearm.mesh' w=0.80 vertR=93.1 vertDevFromCentroid=2848 bindVert=(21.0,-1.1,45.3)
[IK_SHARD_VERT] mesh='male_crowd_body01.mesh' wext=88 worstVtx=32 domBone[21]='bone_L-toe.mesh' w=1.00 vertR=16.2 vertDevFromCentroid=38 bindVert=(-5.8,9.1,0.1)
[IK_SHARD_VERT] mesh='female_crowd_body01_lod02.mesh' wext=80 worstVtx=48 domBone[14]='bone_L-toe.mesh' w=1.00 vertR=11.7 vertDevFromCentroid=37 bindVert=(-4.8,6.0,-0.2)
[IK_SHARD_VERT] mesh='clap.mesh' wext=646 worstVtx=54 domBone[7]='bone_R-index01.mesh' w=0.41 vertR=78.4 vertDevFromCentroid=2831 bindVert=(24.3,-1.3,41.1)
[IK_SHARD_VERT] mesh='female_crowd_body02.mesh' wext=80 worstVtx=24 domBone[4]='bone_R-ankle.mesh' w=0.77 vertR=15.2 vertDevFromCentroid=37 bindVert=(6.1,0.3,-0.2)
[IK_SHARD_VERT] mesh='male_crowd_body02.mesh' wext=88 worstVtx=170 domBone[8]='bone_L-ankle.mesh' w=0.50 vertR=22.0 vertDevFromCentroid=38 bindVert=(-3.0,-2.5,0.0)
[IK_SHARD_VERT] mesh='clap.mesh' wext=705 worstVtx=112 domBone[6]='bone_R-index02.mesh' w=0.58 vertR=76.3 vertDevFromCentroid=2705 bindVert=(23.9,-1.8,40.0)
[IK_SHARD_VERT] mesh='male_crowd_body01.mesh' wext=88 worstVtx=32 domBone[21]='bone_L-toe.mesh' w=1.00 vertR=16.2 vertDevFromCentroid=38 bindVert=(-5.8,9.1,0.1)
[IK_SHARD_VERT] mesh='female_crowd_body01_lod02.mesh' wext=80 worstVtx=48 domBone[14]='bone_L-toe.mesh' w=1.00 vertR=11.7 vertDevFromCentroid=37 bindVert=(-4.8,6.0,-0.2)
[IK_SHARD_VERT] mesh='clap.mesh' wext=62 worstVtx=143 domBone[6]='bone_L-index02.mesh' w=0.36 vertR=49.8 vertDevFromCentroid=31 bindVert=(-24.0,1.2,40.7)
[IK_SHARD_VERT] mesh='male_crowd_body02.mesh' wext=88 worstVtx=170 domBone[8]='bone_L-ankle.mesh' w=0.50 vertR=22.0 vertDevFromCentroid=38 bindVert=(-3.0,-2.5,0.0)
[IK_SHARD_VERT] mesh='female_crowd_body02.mesh' wext=80 worstVtx=24 domBone[4]='bone_R-ankle.mesh' w=0.77 vertR=15.2 vertDevFromCentroid=37 bindVert=(6.1,0.3,-0.2)
[IK_SHARD_VERT] mesh='clap.mesh' wext=672 worstVtx=37 domBone[6]='bone_R-forearm.mesh' w=0.80 vertR=93.1 vertDevFromCentroid=3045 bindVert=(21.0,-1.1,45.3)
[IK_SHARD_VERT] mesh='male_crowd_body01.mesh' wext=88 worstVtx=32 domBone[21]='bone_L-toe.mesh' w=1.00 vertR=16.2 vertDevFromCentroid=38 bindVert=(-5.8,9.1,0.1)
[IK_SHARD_VERT] mesh='female_crowd_body01_lod02.mesh' wext=80 worstVtx=48 domBone[14]='bone_L-toe.mesh' w=1.00 vertR=11.7 vertDevFromCentroid=37 bindVert=(-4.8,6.0,-0.2)
[IK_SHARD_VERT] mesh='clap.mesh' wext=737 worstVtx=37 domBone[6]='bone_R-forearm.mesh' w=0.80 vertR=93.1 vertDevFromCentroid=2984 bindVert=(21.0,-1.1,45.3)
[IK_SHARD_VERT] mesh='male_crowd_body02.mesh' wext=88 worstVtx=170 domBone[8]='bone_L-ankle.mesh' w=0.50 vertR=22.0 vertDevFromCentroid=38 bindVert=(-3.0,-2.5,0.0)
[IK_SHARD_VERT] mesh='clap.mesh' wext=625 worstVtx=54 domBone[7]='bone_R-index01.mesh' w=0.41 vertR=78.4 vertDevFromCentroid=2599 bindVert=(24.3,-1.3,41.1)
[IK_SHARD_VERT] mesh='female_crowd_body02.mesh' wext=80 worstVtx=24 domBone[4]='bone_R-ankle.mesh' w=0.77 vertR=15.2 vertDevFromCentroid=37 bindVert=(6.1,0.3,-0.2)
[IK_SHARD_VERT] mesh='female_extra_body01.mesh' wext=71 worstVtx=372 domBone[18]='bone_R-toe.mesh' w=1.00 vertR=8.0 vertDevFromCentroid=32 bindVert=(4.7,6.0,-0.2)
[IK_SHARD_VERT] mesh='male_extras_body01_medium.mesh' wext=78 worstVtx=228 domBone[27]='bone_R-toe.mesh' w=1.00 vertR=9.9 vertDevFromCentroid=32 bindVert=(6.4,9.1,0.2)
[IK_SHARD_VERT] mesh='female_crowd_body01_lod02.mesh' wext=80 worstVtx=48 domBone[14]='bone_L-toe.mesh' w=1.00 vertR=11.7 vertDevFromCentroid=37 bindVert=(-4.8,6.0,-0.2)
[IK_SHARD_VERT] mesh='female_crowd_body04.mesh' wext=80 worstVtx=48 domBone[6]='bone_R-ankle.mesh' w=1.00 vertR=10.7 vertDevFromCentroid=37 bindVert=(5.5,-3.6,-0.2)
[IK_SHARD_VERT] mesh='male_crowd_body01.mesh' wext=88 worstVtx=32 domBone[21]='bone_L-toe.mesh' w=1.00 vertR=16.2 vertDevFromCentroid=38 bindVert=(-5.8,9.1,0.1)
[IK_SHARD_VERT] mesh='clap.mesh' wext=738 worstVtx=112 domBone[6]='bone_R-index02.mesh' w=0.58 vertR=76.3 vertDevFromCentroid=2989 bindVert=(23.9,-1.8,40.0)
[IK_SHARD_VERT] mesh='male_crowd_body02.mesh' wext=88 worstVtx=170 domBone[8]='bone_L-ankle.mesh' w=0.50 vertR=22.0 vertDevFromCentroid=38 bindVert=(-3.0,-2.5,0.0)
[IK_SHARD_VERT] mesh='female_crowd_body02.mesh' wext=80 worstVtx=24 domBone[4]='bone_R-ankle.mesh' w=0.77 vertR=15.2 vertDevFromCentroid=37 bindVert=(6.1,0.3,-0.2)
[IK_SHARD_VERT] mesh='clap.mesh' wext=722 worstVtx=6 domBone[7]='bone_R-hand.mesh' w=1.00 vertR=87.0 vertDevFromCentroid=2477 bindVert=(23.6,-1.4,41.9)
[IK_SHARD_VERT] mesh='male_crowd_body01.mesh' wext=88 worstVtx=32 domBone[21]='bone_L-toe.mesh' w=1.00 vertR=16.2 vertDevFromCentroid=38 bindVert=(-5.8,9.1,0.1)
[IK_SHARD_VERT] mesh='female_crowd_body01_lod02.mesh' wext=80 worstVtx=48 domBone[14]='bone_L-toe.mesh' w=1.00 vertR=11.7 vertDevFromCentroid=37 bindVert=(-4.8,6.0,-0.2)
[IK_SHARD_VERT] mesh='clap.mesh' wext=623 worstVtx=37 domBone[6]='bone_R-forearm.mesh' w=0.80 vertR=93.1 vertDevFromCentroid=2577 bindVert=(21.0,-1.1,45.3)
[HANDS_ATTACH] mesh='hands_naked.mesh' owner='hands_naked.mesh' frame=23 nb=38 wext=81.0 rebound=1
  TIER1 rest-coherence: worst=3.1deg bone[2]='bone_R-pinky03.mesh' count(>5deg)=0 freshRecap=0  xcheck(invOff-vs-restW) worst=3.1deg bone[2]
  TIER2 joint-attach(PRIMARY): worst=2.44u bone[18]='bone_R-pinky02.mesh' parent[14] R=46.7 exactJoint=0.01u pairs=30  (palette-wide exactWorst=0.34u)
[HANDS_ATTACH] mesh='hands_naked.mesh' owner='hands_naked.mesh' frame=23 nb=40 wext=55.7 rebound=1
  TIER1 rest-coherence: worst=28.9deg bone[29]='bone_L-thumb03.mesh' count(>5deg)=40 freshRecap=0  xcheck(invOff-vs-restW) worst=28.9deg bone[29]
  TIER2 joint-attach(PRIMARY): worst=25.32u bone[0]='bone_R-middlefinger02.mesh' parent[4] R=46.8 exactJoint=0.61u pairs=36  (palette-wide exactWorst=0.94u)
[HANDS_ATTACH] mesh='hands_naked.mesh' owner='hands_naked.mesh' frame=23 nb=38 wext=80.3 rebound=1
  TIER1 rest-coherence: worst=3.1deg bone[2]='bone_R-pinky03.mesh' count(>5deg)=0 freshRecap=0  xcheck(invOff-vs-restW) worst=3.1deg bone[2]
  TIER2 joint-attach(PRIMARY): worst=2.44u bone[18]='bone_R-pinky02.mesh' parent[14] R=46.7 exactJoint=0.01u pairs=30  (palette-wide exactWorst=0.01u)
[HANDS_ATTACH] mesh='gloves_resource.1.mesh' owner='gloves_resource.1.mesh' frame=23 nb=4 wext=5.6 rebound=1
  TIER1 rest-coherence: worst=14.6deg bone[1]='bone_L-hand.mesh' count(>5deg)=4 freshRecap=0  xcheck(invOff-vs-restW) worst=14.6deg bone[1]
  TIER2 joint-attach(PRIMARY): worst=8.03u bone[0]='bone_L-index03.mesh' parent[3] R=46.3 exactJoint=0.15u pairs=3  (palette-wide exactWorst=0.37u)
[HANDS_ATTACH] mesh='gloves_resource.mesh' owner='gloves_resource.mesh' frame=23 nb=40 wext=28.4 rebound=1
  TIER1 rest-coherence: worst=28.9deg bone[28]='bone_L-thumb03.mesh' count(>5deg)=40 freshRecap=0  xcheck(invOff-vs-restW) worst=28.9deg bone[28]
  TIER2 joint-attach(PRIMARY): worst=25.32u bone[0]='bone_R-middlefinger02.mesh' parent[11] R=46.8 exactJoint=0.61u pairs=36  (palette-wide exactWorst=0.94u)
[HANDS_ATTACH] mesh='gloves_skin.2.mesh' owner='gloves_skin.2.mesh' frame=23 nb=9 wext=15.4 rebound=1
  TIER1 rest-coherence: worst=17.9deg bone[8]='bone_L-foreTwist2.mesh' count(>5deg)=9 freshRecap=0  xcheck(invOff-vs-restW) worst=17.9deg bone[7]
  TIER2 joint-attach(PRIMARY): worst=0.94u bone[3]='bone_R-pinky-base.mesh' parent[2] R=48.7 exactJoint=0.94u pairs=5  (palette-wide exactWorst=0.94u)
[IK_SHARD_VERT] mesh='male_crowd_body01.mesh' wext=88 worstVtx=32 domBone[21]='bone_L-toe.mesh' w=1.00 vertR=16.2 vertDevFromCentroid=38 bindVert=(-5.8,9.1,0.1)
[IK_SHARD_VERT] mesh='clap.mesh' wext=687 worstVtx=37 domBone[6]='bone_R-forearm.mesh' w=0.80 vertR=93.1 vertDevFromCentroid=2617 bindVert=(21.0,-1.1,45.3)
[IK_SHARD_VERT] mesh='male_crowd_body02.mesh' wext=88 worstVtx=170 domBone[8]='bone_L-ankle.mesh' w=0.50 vertR=22.0 vertDevFromCentroid=38 bindVert=(-3.0,-2.5,0.0)
[IK_SHARD_VERT] mesh='female_crowd_body01_lod02.mesh' wext=80 worstVtx=48 domBone[14]='bone_L-toe.mesh' w=1.00 vertR=11.7 vertDevFromCentroid=37 bindVert=(-4.8,6.0,-0.2)
[IK_SHARD_VERT] mesh='female_crowd_body02.mesh' wext=80 worstVtx=24 domBone[4]='bone_R-ankle.mesh' w=0.77 vertR=15.2 vertDevFromCentroid=37 bindVert=(6.1,0.3,-0.2)
[IK_SHARD_VERT] mesh='clap.mesh' wext=634 worstVtx=54 domBone[7]='bone_R-index01.mesh' w=0.41 vertR=78.4 vertDevFromCentroid=2669 bindVert=(24.3,-1.3,41.1)
[IK_SHARD_VERT] mesh='clap.mesh' wext=730 worstVtx=112 domBone[6]='bone_R-index02.mesh' w=0.58 vertR=76.3 vertDevFromCentroid=2881 bindVert=(23.9,-1.8,40.0)
[IK_SHARD_VERT] mesh='male_crowd_body02.mesh' wext=88 worstVtx=170 domBone[8]='bone_L-ankle.mesh' w=0.50 vertR=22.0 vertDevFromCentroid=38 bindVert=(-3.0,-2.5,0.0)
[IK_SHARD_VERT] mesh='female_crowd_body02.mesh' wext=80 worstVtx=24 domBone[4]='bone_R-ankle.mesh' w=0.77 vertR=15.2 vertDevFromCentroid=37 bindVert=(6.1,0.3,-0.2)
[IK_SHARD_VERT] mesh='male_crowd_body01.mesh' wext=88 worstVtx=32 domBone[21]='bone_L-toe.mesh' w=1.00 vertR=16.2 vertDevFromCentroid=38 bindVert=(-5.8,9.1,0.1)
[IK_SHARD_VERT] mesh='female_crowd_body01_lod02.mesh' wext=80 worstVtx=48 domBone[14]='bone_L-toe.mesh' w=1.00 vertR=11.7 vertDevFromCentroid=37 bindVert=(-4.8,6.0,-0.2)
[IK_SHARD_VERT] mesh='clap.mesh' wext=835 worstVtx=220 domBone[3]='bone_R-forearm.mesh' w=1.00 vertR=86.8 vertDevFromCentroid=2825 bindVert=(21.0,-1.3,45.3)
[IK_SHARD_VERT] mesh='male_crowd_body01.mesh' wext=88 worstVtx=32 domBone[21]='bone_L-toe.mesh' w=1.00 vertR=16.2 vertDevFromCentroid=38 bindVert=(-5.8,9.1,0.1)
[IK_SHARD_VERT] mesh='clap.mesh' wext=646 worstVtx=37 domBone[6]='bone_R-forearm.mesh' w=0.80 vertR=93.1 vertDevFromCentroid=2878 bindVert=(21.0,-1.1,45.3)
[IK_SHARD_VERT] mesh='male_crowd_body02.mesh' wext=88 worstVtx=170 domBone[8]='bone_L-ankle.mesh' w=0.50 vertR=22.0 vertDevFromCentroid=38 bindVert=(-3.0,-2.5,0.0)
[IK_SHARD_VERT] mesh='female_crowd_body01_lod02.mesh' wext=80 worstVtx=48 domBone[14]='bone_L-toe.mesh' w=1.00 vertR=11.7 vertDevFromCentroid=37 bindVert=(-4.8,6.0,-0.2)
[IK_SHARD_VERT] mesh='female_crowd_body02.mesh' wext=80 worstVtx=24 domBone[4]='bone_R-ankle.mesh' w=0.77 vertR=15.2 vertDevFromCentroid=37 bindVert=(6.1,0.3,-0.2)
[IK_SHARD_VERT] mesh='clap.mesh' wext=674 worstVtx=37 domBone[6]='bone_R-forearm.mesh' w=0.80 vertR=93.1 vertDevFromCentroid=2572 bindVert=(21.0,-1.1,45.3)
[IK_SHARD_VERT] mesh='male_crowd_body01.mesh' wext=88 worstVtx=32 domBone[21]='bone_L-toe.mesh' w=1.00 vertR=16.2 vertDevFromCentroid=38 bindVert=(-5.8,9.1,0.1)
[IK_SHARD_VERT] mesh='clap.mesh' wext=671 worstVtx=112 domBone[6]='bone_R-index02.mesh' w=0.58 vertR=76.3 vertDevFromCentroid=3044 bindVert=(23.9,-1.8,40.0)
[IK_SHARD_VERT] mesh='male_crowd_body02.mesh' wext=88 worstVtx=170 domBone[8]='bone_L-ankle.mesh' w=0.50 vertR=22.0 vertDevFromCentroid=38 bindVert=(-3.0,-2.5,0.0)
[IK_SHARD_VERT] mesh='female_crowd_body01_lod02.mesh' wext=80 worstVtx=48 domBone[14]='bone_L-toe.mesh' w=1.00 vertR=11.7 vertDevFromCentroid=37 bindVert=(-4.8,6.0,-0.2)
[IK_SHARD_VERT] mesh='female_crowd_body02.mesh' wext=80 worstVtx=24 domBone[4]='bone_R-ankle.mesh' w=0.77 vertR=15.2 vertDevFromCentroid=37 bindVert=(6.1,0.3,-0.2)
[IK_SHARD_VERT] mesh='clap.mesh' wext=688 worstVtx=112 domBone[6]='bone_R-index02.mesh' w=0.58 vertR=76.3 vertDevFromCentroid=2657 bindVert=(23.9,-1.8,40.0)
[IK_SHARD_VERT] mesh='male_crowd_body01.mesh' wext=88 worstVtx=32 domBone[21]='bone_L-toe.mesh' w=1.00 vertR=16.2 vertDevFromCentroid=38 bindVert=(-5.8,9.1,0.1)
[IK_SHARD_VERT] mesh='clap.mesh' wext=710 worstVtx=37 domBone[6]='bone_R-forearm.mesh' w=0.80 vertR=93.1 vertDevFromCentroid=2772 bindVert=(21.0,-1.1,45.3)
[IK_SHARD_VERT] mesh='male_crowd_body02.mesh' wext=88 worstVtx=170 domBone[8]='bone_L-ankle.mesh' w=0.50 vertR=22.0 vertDevFromCentroid=38 bindVert=(-3.0,-2.5,0.0)
[IK_SHARD_VERT] mesh='female_crowd_body01_lod02.mesh' wext=80 worstVtx=48 domBone[14]='bone_L-toe.mesh' w=1.00 vertR=11.7 vertDevFromCentroid=37 bindVert=(-4.8,6.0,-0.2)
[IK_SHARD_VERT] mesh='female_crowd_body02.mesh' wext=80 worstVtx=24 domBone[4]='bone_R-ankle.mesh' w=0.77 vertR=15.2 vertDevFromCentroid=37 bindVert=(6.1,0.3,-0.2)
[IK_SHARD_VERT] mesh='clap.mesh' wext=637 worstVtx=37 domBone[6]='bone_R-forearm.mesh' w=0.80 vertR=93.1 vertDevFromCentroid=2796 bindVert=(21.0,-1.1,45.3)
[IK_SHARD_VERT] mesh='female_crowd_body03.mesh' wext=80 worstVtx=102 domBone[16]='bone_L-ankle.mesh' w=1.00 vertR=9.8 vertDevFromCentroid=36 bindVert=(-3.2,-4.9,-0.2)
[IK_SHARD_VERT] mesh='male_crowd_body03.mesh' wext=86 worstVtx=1176 domBone[6]='bone_L-toe.mesh' w=1.00 vertR=14.5 vertDevFromCentroid=36 bindVert=(-1.1,9.1,-0.1)
[IK_SHARD_VERT] mesh='male_crowd_body04.mesh' wext=88 worstVtx=21 domBone[1]='bone_L-ankle.mesh' w=0.55 vertR=9.1 vertDevFromCentroid=37 bindVert=(-3.1,10.9,0.2)
[IK_SHARD_VERT] mesh='male_crowd_body01.mesh' wext=88 worstVtx=32 domBone[21]='bone_L-toe.mesh' w=1.00 vertR=16.2 vertDevFromCentroid=38 bindVert=(-5.8,9.1,0.1)
[IK_SHARD_VERT] mesh='clap.mesh' wext=747 worstVtx=37 domBone[6]='bone_R-forearm.mesh' w=0.80 vertR=93.1 vertDevFromCentroid=3030 bindVert=(21.0,-1.1,45.3)
[IK_SHARD_VERT] mesh='male_crowd_body02.mesh' wext=88 worstVtx=170 domBone[8]='bone_L-ankle.mesh' w=0.50 vertR=22.0 vertDevFromCentroid=38 bindVert=(-3.0,-2.5,0.0)
[IK_SHARD_VERT] mesh='female_crowd_body01_lod02.mesh' wext=80 worstVtx=48 domBone[14]='bone_L-toe.mesh' w=1.00 vertR=11.7 vertDevFromCentroid=37 bindVert=(-4.8,6.0,-0.2)
[IK_SHARD_VERT] mesh='female_crowd_body02.mesh' wext=80 worstVtx=24 domBone[4]='bone_R-ankle.mesh' w=0.77 vertR=15.2 vertDevFromCentroid=37 bindVert=(6.1,0.3,-0.2)
[IK_SHARD_VERT] mesh='clap.mesh' wext=682 worstVtx=112 domBone[6]='bone_R-index02.mesh' w=0.58 vertR=76.3 vertDevFromCentroid=3121 bindVert=(23.9,-1.8,40.0)
[IK_SHARD_VERT] mesh='male_crowd_body01.mesh' wext=88 worstVtx=32 domBone[21]='bone_L-toe.mesh' w=1.00 vertR=16.2 vertDevFromCentroid=38 bindVert=(-5.8,9.1,0.1)
[IK_SHARD_VERT] mesh='clap.mesh' wext=700 worstVtx=112 domBone[6]='bone_R-index02.mesh' w=0.58 vertR=76.3 vertDevFromCentroid=2732 bindVert=(23.9,-1.8,40.0)
[IK_SHARD_VERT] mesh='female_crowd_body01_lod02.mesh' wext=80 worstVtx=48 domBone[14]='bone_L-toe.mesh' w=1.00 vertR=11.7 vertDevFromCentroid=37 bindVert=(-4.8,6.0,-0.2)
[IK_SHARD_VERT] mesh='male_crowd_body02.mesh' wext=88 worstVtx=170 domBone[8]='bone_L-ankle.mesh' w=0.50 vertR=22.0 vertDevFromCentroid=38 bindVert=(-3.0,-2.5,0.0)
[IK_SHARD_VERT] mesh='female_crowd_body02.mesh' wext=80 worstVtx=24 domBone[4]='bone_R-ankle.mesh' w=0.77 vertR=15.2 vertDevFromCentroid=37 bindVert=(6.1,0.3,-0.2)
[IK_SHARD_VERT] mesh='clap.mesh' wext=701 worstVtx=37 domBone[6]='bone_R-forearm.mesh' w=0.80 vertR=93.1 vertDevFromCentroid=2768 bindVert=(21.0,-1.1,45.3)
[IK_SHARD_VERT] mesh='male_crowd_body01.mesh' wext=88 worstVtx=32 domBone[21]='bone_L-toe.mesh' w=1.00 vertR=16.2 vertDevFromCentroid=38 bindVert=(-5.8,9.1,0.1)
[IK_SHARD_VERT] mesh='clap.mesh' wext=628 worstVtx=37 domBone[6]='bone_R-forearm.mesh' w=0.80 vertR=93.1 vertDevFromCentroid=2708 bindVert=(21.0,-1.1,45.3)
[IK_SHARD_VERT] mesh='female_crowd_body01_lod02.mesh' wext=80 worstVtx=48 domBone[14]='bone_L-toe.mesh' w=1.00 vertR=11.7 vertDevFromCentroid=37 bindVert=(-4.8,6.0,-0.2)
[IK_SHARD_VERT] mesh='male_crowd_body02.mesh' wext=88 worstVtx=170 domBone[8]='bone_L-ankle.mesh' w=0.50 vertR=22.0 vertDevFromCentroid=38 bindVert=(-3.0,-2.5,0.0)
[IK_SHARD_VERT] mesh='clap.mesh' wext=754 worstVtx=112 domBone[6]='bone_R-index02.mesh' w=0.58 vertR=76.3 vertDevFromCentroid=3058 bindVert=(23.9,-1.8,40.0)
[IK_SHARD_VERT] mesh='female_crowd_body02.mesh' wext=80 worstVtx=24 domBone[4]='bone_R-ankle.mesh' w=0.77 vertR=15.2 vertDevFromCentroid=37 bindVert=(6.1,0.3,-0.2)
[IK_SHARD_VERT] mesh='male_crowd_body01.mesh' wext=88 worstVtx=32 domBone[21]='bone_L-toe.mesh' w=1.00 vertR=16.2 vertDevFromCentroid=38 bindVert=(-5.8,9.1,0.1)
[IK_SHARD_VERT] mesh='clap.mesh' wext=641 worstVtx=54 domBone[7]='bone_R-index01.mesh' w=0.41 vertR=78.4 vertDevFromCentroid=2745 bindVert=(24.3,-1.3,41.1)
[IK_SHARD_VERT] mesh='female_crowd_body01_lod02.mesh' wext=80 worstVtx=48 domBone[14]='bone_L-toe.mesh' w=1.00 vertR=11.7 vertDevFromCentroid=37 bindVert=(-4.8,6.0,-0.2)
[IK_SHARD_VERT] mesh='male_crowd_body02.mesh' wext=88 worstVtx=170 domBone[8]='bone_L-ankle.mesh' w=0.50 vertR=22.0 vertDevFromCentroid=38 bindVert=(-3.0,-2.5,0.0)
[IK_SHARD_VERT] mesh='female_crowd_body02.mesh' wext=80 worstVtx=24 domBone[4]='bone_R-ankle.mesh' w=0.77 vertR=15.2 vertDevFromCentroid=37 bindVert=(6.1,0.3,-0.2)
[IK_SHARD_VERT] mesh='clap.mesh' wext=669 worstVtx=37 domBone[6]='bone_R-forearm.mesh' w=0.80 vertR=93.1 vertDevFromCentroid=3065 bindVert=(21.0,-1.1,45.3)
[IK_SHARD_VERT] mesh='male_crowd_body01.mesh' wext=88 worstVtx=32 domBone[21]='bone_L-toe.mesh' w=1.00 vertR=16.2 vertDevFromCentroid=38 bindVert=(-5.8,9.1,0.1)
[IK_SHARD_VERT] mesh='female_crowd_body01_lod02.mesh' wext=80 worstVtx=48 domBone[14]='bone_L-toe.mesh' w=1.00 vertR=11.7 vertDevFromCentroid=37 bindVert=(-4.8,6.0,-0.2)
[IK_SHARD_VERT] mesh='clap.mesh' wext=733 worstVtx=37 domBone[6]='bone_R-forearm.mesh' w=0.80 vertR=93.1 vertDevFromCentroid=2936 bindVert=(21.0,-1.1,45.3)
[IK_SHARD_VERT] mesh='clap.mesh' wext=663 worstVtx=37 domBone[6]='bone_R-forearm.mesh' w=0.80 vertR=93.1 vertDevFromCentroid=2951 bindVert=(21.0,-1.1,45.3)
[IK_SHARD_VERT] mesh='male_crowd_body02.mesh' wext=88 worstVtx=170 domBone[8]='bone_L-ankle.mesh' w=0.50 vertR=22.0 vertDevFromCentroid=38 bindVert=(-3.0,-2.5,0.0)
[IK_SHARD_VERT] mesh='female_crowd_body02.mesh' wext=80 worstVtx=24 domBone[4]='bone_R-ankle.mesh' w=0.77 vertR=15.2 vertDevFromCentroid=37 bindVert=(6.1,0.3,-0.2)
[IK_SHARD_VERT] mesh='male_crowd_body01.mesh' wext=88 worstVtx=32 domBone[21]='bone_L-toe.mesh' w=1.00 vertR=16.2 vertDevFromCentroid=38 bindVert=(-5.8,9.1,0.1)
[IK_SHARD_VERT] mesh='clap.mesh' wext=687 worstVtx=54 domBone[7]='bone_R-index01.mesh' w=0.41 vertR=78.4 vertDevFromCentroid=2588 bindVert=(24.3,-1.3,41.1)
[IK_SHARD_VERT] mesh='female_crowd_body01_lod02.mesh' wext=80 worstVtx=48 domBone[14]='bone_L-toe.mesh' w=1.00 vertR=11.7 vertDevFromCentroid=37 bindVert=(-4.8,6.0,-0.2)
[IK_SHARD_VERT] mesh='male_crowd_body02.mesh' wext=88 worstVtx=170 domBone[8]='bone_L-ankle.mesh' w=0.50 vertR=22.0 vertDevFromCentroid=38 bindVert=(-3.0,-2.5,0.0)
[IK_SHARD_VERT] mesh='clap.mesh' wext=663 worstVtx=112 domBone[6]='bone_R-index02.mesh' w=0.58 vertR=76.3 vertDevFromCentroid=2999 bindVert=(23.9,-1.8,40.0)
[IK_SHARD_VERT] mesh='female_crowd_body02.mesh' wext=80 worstVtx=24 domBone[4]='bone_R-ankle.mesh' w=0.77 vertR=15.2 vertDevFromCentroid=37 bindVert=(6.1,0.3,-0.2)
[IK_SHARD_VERT] mesh='male_crowd_body01.mesh' wext=88 worstVtx=32 domBone[21]='bone_L-toe.mesh' w=1.00 vertR=16.2 vertDevFromCentroid=38 bindVert=(-5.8,9.1,0.1)
[IK_SHARD_VERT] mesh='female_crowd_body01_lod02.mesh' wext=80 worstVtx=48 domBone[14]='bone_L-toe.mesh' w=1.00 vertR=11.7 vertDevFromCentroid=37 bindVert=(-4.8,6.0,-0.2)
[IK_SHARD_VERT] mesh='clap.mesh' wext=658 worstVtx=37 domBone[6]='bone_R-forearm.mesh' w=0.80 vertR=93.1 vertDevFromCentroid=2972 bindVert=(21.0,-1.1,45.3)
[IK_SHARD_VERT] mesh='clap.mesh' wext=717 worstVtx=37 domBone[6]='bone_R-forearm.mesh' w=0.80 vertR=93.1 vertDevFromCentroid=2851 bindVert=(21.0,-1.1,45.3)
[IK_SHARD_VERT] mesh='male_crowd_body01.mesh' wext=88 worstVtx=32 domBone[21]='bone_L-toe.mesh' w=1.00 vertR=16.2 vertDevFromCentroid=38 bindVert=(-5.8,9.1,0.1)
[IK_SHARD_VERT] mesh='male_crowd_body02.mesh' wext=88 worstVtx=170 domBone[8]='bone_L-ankle.mesh' w=0.50 vertR=22.0 vertDevFromCentroid=38 bindVert=(-3.0,-2.5,0.0)
[IK_SHARD_VERT] mesh='female_crowd_body01_lod02.mesh' wext=80 worstVtx=48 domBone[14]='bone_L-toe.mesh' w=1.00 vertR=11.7 vertDevFromCentroid=37 bindVert=(-4.8,6.0,-0.2)
[IK_SHARD_VERT] mesh='female_crowd_body02.mesh' wext=80 worstVtx=24 domBone[4]='bone_R-ankle.mesh' w=0.77 vertR=15.2 vertDevFromCentroid=37 bindVert=(6.1,0.3,-0.2)
[IK_SHARD_VERT] mesh='clap.mesh' wext=646 worstVtx=54 domBone[7]='bone_R-index01.mesh' w=0.41 vertR=78.4 vertDevFromCentroid=2831 bindVert=(24.3,-1.3,41.1)
[IK_SHARD_VERT] mesh='clap.mesh' wext=705 worstVtx=112 domBone[6]='bone_R-index02.mesh' w=0.58 vertR=76.3 vertDevFromCentroid=2706 bindVert=(23.9,-1.8,40.0)
[IK_SHARD_VERT] mesh='male_crowd_body02.mesh' wext=88 worstVtx=170 domBone[8]='bone_L-ankle.mesh' w=0.50 vertR=22.0 vertDevFromCentroid=38 bindVert=(-3.0,-2.5,0.0)
[IK_SHARD_VERT] mesh='female_crowd_body02.mesh' wext=80 worstVtx=24 domBone[4]='bone_R-ankle.mesh' w=0.77 vertR=15.2 vertDevFromCentroid=37 bindVert=(6.1,0.3,-0.2)
[IK_SHARD_VERT] mesh='male_crowd_body01.mesh' wext=88 worstVtx=32 domBone[21]='bone_L-toe.mesh' w=1.00 vertR=16.2 vertDevFromCentroid=38 bindVert=(-5.8,9.1,0.1)
[IK_SHARD_VERT] mesh='female_crowd_body01_lod02.mesh' wext=80 worstVtx=48 domBone[14]='bone_L-toe.mesh' w=1.00 vertR=11.7 vertDevFromCentroid=37 bindVert=(-4.8,6.0,-0.2)
[IK_SHARD_VERT] mesh='clap.mesh' wext=62 worstVtx=143 domBone[6]='bone_L-index02.mesh' w=0.36 vertR=49.8 vertDevFromCentroid=31 bindVert=(-24.0,1.2,40.7)
[IK_SHARD_VERT] mesh='clap.mesh' wext=672 worstVtx=37 domBone[6]='bone_R-forearm.mesh' w=0.80 vertR=93.1 vertDevFromCentroid=3047 bindVert=(21.0,-1.1,45.3)
[IK_SHARD_VERT] mesh='male_crowd_body01.mesh' wext=88 worstVtx=32 domBone[21]='bone_L-toe.mesh' w=1.00 vertR=16.2 vertDevFromCentroid=38 bindVert=(-5.8,9.1,0.1)
[IK_SHARD_VERT] mesh='male_crowd_body02.mesh' wext=88 worstVtx=170 domBone[8]='bone_L-ankle.mesh' w=0.50 vertR=22.0 vertDevFromCentroid=38 bindVert=(-3.0,-2.5,0.0)
[IK_SHARD_VERT] mesh='female_crowd_body01_lod02.mesh' wext=80 worstVtx=48 domBone[14]='bone_L-toe.mesh' w=1.00 vertR=11.7 vertDevFromCentroid=37 bindVert=(-4.8,6.0,-0.2)
[IK_SHARD_VERT] mesh='female_crowd_body02.mesh' wext=80 worstVtx=24 domBone[4]='bone_R-ankle.mesh' w=0.77 vertR=15.2 vertDevFromCentroid=37 bindVert=(6.1,0.3,-0.2)
[IK_SHARD_VERT] mesh='clap.mesh' wext=737 worstVtx=37 domBone[6]='bone_R-forearm.mesh' w=0.80 vertR=93.1 vertDevFromCentroid=2987 bindVert=(21.0,-1.1,45.3)
[IK_SHARD_VERT] mesh='clap.mesh' wext=625 worstVtx=54 domBone[7]='bone_R-index01.mesh' w=0.41 vertR=78.4 vertDevFromCentroid=2599 bindVert=(24.3,-1.3,41.1)
[IK_SHARD_VERT] mesh='female_extra_body01.mesh' wext=71 worstVtx=372 domBone[18]='bone_R-toe.mesh' w=1.00 vertR=8.0 vertDevFromCentroid=32 bindVert=(4.7,6.0,-0.2)
[IK_SHARD_VERT] mesh='male_extras_body01_medium.mesh' wext=78 worstVtx=228 domBone[27]='bone_R-toe.mesh' w=1.00 vertR=9.9 vertDevFromCentroid=32 bindVert=(6.4,9.1,0.2)
[IK_SHARD_VERT] mesh='female_crowd_body01_lod02.mesh' wext=80 worstVtx=48 domBone[14]='bone_L-toe.mesh' w=1.00 vertR=11.7 vertDevFromCentroid=37 bindVert=(-4.8,6.0,-0.2)
[IK_SHARD_VERT] mesh='female_crowd_body02.mesh' wext=80 worstVtx=24 domBone[4]='bone_R-ankle.mesh' w=0.77 vertR=15.2 vertDevFromCentroid=37 bindVert=(6.1,0.3,-0.2)
[IK_SHARD_VERT] mesh='female_crowd_body03.mesh' wext=78 worstVtx=102 domBone[16]='bone_L-ankle.mesh' w=1.00 vertR=9.8 vertDevFromCentroid=36 bindVert=(-3.2,-4.9,-0.2)
[IK_SHARD_VERT] mesh='female_crowd_body04.mesh' wext=80 worstVtx=48 domBone[6]='bone_R-ankle.mesh' w=1.00 vertR=10.7 vertDevFromCentroid=37 bindVert=(5.5,-3.6,-0.2)
[IK_SHARD_VERT] mesh='male_crowd_body01.mesh' wext=88 worstVtx=32 domBone[21]='bone_L-toe.mesh' w=1.00 vertR=16.2 vertDevFromCentroid=38 bindVert=(-5.8,9.1,0.1)
[IK_SHARD_VERT] mesh='male_crowd_body02.mesh' wext=88 worstVtx=170 domBone[8]='bone_L-ankle.mesh' w=0.50 vertR=22.0 vertDevFromCentroid=38 bindVert=(-3.0,-2.5,0.0)
[IK_SHARD_VERT] mesh='male_crowd_body03.mesh' wext=84 worstVtx=1144 domBone[3]='bone_L-ankle.mesh' w=1.00 vertR=9.5 vertDevFromCentroid=36 bindVert=(-3.6,-2.4,-0.1)
[IK_SHARD_VERT] mesh='male_crowd_body04.mesh' wext=87 worstVtx=28 domBone[1]='bone_L-ankle.mesh' w=1.00 vertR=6.8 vertDevFromCentroid=37 bindVert=(-5.6,3.5,-0.2)
[IK_SHARD_VERT] mesh='female_extra_body02.mesh' wext=72 worstVtx=210 domBone[22]='bone_R-ankle.mesh' w=1.00 vertR=10.2 vertDevFromCentroid=32 bindVert=(4.7,-5.3,-0.2)
[IK_SHARD_VERT] mesh='male_extras_body02_medium.mesh' wext=77 worstVtx=15 domBone[18]='bone_R-toe.mesh' w=0.85 vertR=8.7 vertDevFromCentroid=32 bindVert=(5.8,7.7,0.1)
[IK_SHARD_VERT] mesh='male_extras_body03_medium.mesh' wext=66 worstVtx=40 domBone[17]='bone_R-toe.mesh' w=1.00 vertR=11.4 vertDevFromCentroid=32 bindVert=(5.3,10.7,0.6)
[IK_SHARD_VERT] mesh='male_extras_body11_medium.mesh' wext=70 worstVtx=35 domBone[12]='bone_L-ankle.mesh' w=0.82 vertR=6.8 vertDevFromCentroid=32 bindVert=(-6.8,6.1,-0.0)
[IK_SHARD_VERT] mesh='clap.mesh' wext=738 worstVtx=112 domBone[6]='bone_R-index02.mesh' w=0.58 vertR=76.3 vertDevFromCentroid=2990 bindVert=(23.9,-1.8,40.0)
[IK_SHARD_VERT] mesh='clap.mesh' wext=723 worstVtx=6 domBone[7]='bone_R-hand.mesh' w=1.00 vertR=87.0 vertDevFromCentroid=2478 bindVert=(23.6,-1.4,41.9)
[IK_SHARD_VERT] mesh='male_crowd_body01.mesh' wext=88 worstVtx=32 domBone[21]='bone_L-toe.mesh' w=1.00 vertR=16.2 vertDevFromCentroid=38 bindVert=(-5.8,9.1,0.1)
[IK_SHARD_VERT] mesh='male_crowd_body02.mesh' wext=88 worstVtx=170 domBone[8]='bone_L-ankle.mesh' w=0.50 vertR=22.0 vertDevFromCentroid=38 bindVert=(-3.0,-2.5,0.0)
[IK_SHARD_VERT] mesh='female_crowd_body01_lod02.mesh' wext=80 worstVtx=48 domBone[14]='bone_L-toe.mesh' w=1.00 vertR=11.7 vertDevFromCentroid=37 bindVert=(-4.8,6.0,-0.2)
[IK_SHARD_VERT] mesh='female_crowd_body02.mesh' wext=80 worstVtx=24 domBone[4]='bone_R-ankle.mesh' w=0.77 vertR=15.2 vertDevFromCentroid=37 bindVert=(6.1,0.3,-0.2)
[IK_SHARD_VERT] mesh='clap.mesh' wext=623 worstVtx=37 domBone[6]='bone_R-forearm.mesh' w=0.80 vertR=93.1 vertDevFromCentroid=2578 bindVert=(21.0,-1.1,45.3)
[IK_SHARD_VERT] mesh='hands_naked.mesh' wext=81 worstVtx=686 domBone[25]='bone_L-thumb01.mesh' w=1.00 vertR=25.4 vertDevFromCentroid=38 bindVert=(-22.3,-14.6,64.5)
[IK_SHARD_VERT] mesh='male_crowd_body01.mesh' wext=88 worstVtx=32 domBone[21]='bone_L-toe.mesh' w=1.00 vertR=16.2 vertDevFromCentroid=38 bindVert=(-5.8,9.1,0.1)
[IK_SHARD_VERT] mesh='clap.mesh' wext=687 worstVtx=37 domBone[6]='bone_R-forearm.mesh' w=0.80 vertR=93.1 vertDevFromCentroid=2618 bindVert=(21.0,-1.1,45.3)
[IK_SHARD_VERT] mesh='female_crowd_body01_lod02.mesh' wext=80 worstVtx=48 domBone[14]='bone_L-toe.mesh' w=1.00 vertR=11.7 vertDevFromCentroid=37 bindVert=(-4.8,6.0,-0.2)
[IK_SHARD_VERT] mesh='male_crowd_body02.mesh' wext=88 worstVtx=170 domBone[8]='bone_L-ankle.mesh' w=0.50 vertR=22.0 vertDevFromCentroid=38 bindVert=(-3.0,-2.5,0.0)
[IK_SHARD_VERT] mesh='clap.mesh' wext=634 worstVtx=54 domBone[7]='bone_R-index01.mesh' w=0.41 vertR=78.4 vertDevFromCentroid=2670 bindVert=(24.3,-1.3,41.1)
[IK_SHARD_VERT] mesh='female_crowd_body02.mesh' wext=80 worstVtx=24 domBone[4]='bone_R-ankle.mesh' w=0.77 vertR=15.2 vertDevFromCentroid=37 bindVert=(6.1,0.3,-0.2)
[IK_SHARD_VERT] mesh='clap.mesh' wext=730 worstVtx=112 domBone[6]='bone_R-index02.mesh' w=0.58 vertR=76.3 vertDevFromCentroid=2883 bindVert=(23.9,-1.8,40.0)
[IK_SHARD_VERT] mesh='male_crowd_body01.mesh' wext=88 worstVtx=32 domBone[21]='bone_L-toe.mesh' w=1.00 vertR=16.2 vertDevFromCentroid=38 bindVert=(-5.8,9.1,0.1)
[IK_SHARD_VERT] mesh='male_crowd_body02.mesh' wext=88 worstVtx=170 domBone[8]='bone_L-ankle.mesh' w=0.50 vertR=22.0 vertDevFromCentroid=38 bindVert=(-3.0,-2.5,0.0)
[IK_SHARD_VERT] mesh='female_crowd_body01_lod02.mesh' wext=80 worstVtx=48 domBone[14]='bone_L-toe.mesh' w=1.00 vertR=11.7 vertDevFromCentroid=37 bindVert=(-4.8,6.0,-0.2)
[IK_SHARD_VERT] mesh='female_crowd_body02.mesh' wext=80 worstVtx=24 domBone[4]='bone_R-ankle.mesh' w=0.77 vertR=15.2 vertDevFromCentroid=37 bindVert=(6.1,0.3,-0.2)
[IK_SHARD_VERT] mesh='clap.mesh' wext=837 worstVtx=213 domBone[3]='bone_R-forearm.mesh' w=1.00 vertR=87.1 vertDevFromCentroid=2826 bindVert=(21.4,-0.9,45.6)
[IK_SHARD_VERT] mesh='male_crowd_body01.mesh' wext=88 worstVtx=32 domBone[21]='bone_L-toe.mesh' w=1.00 vertR=16.2 vertDevFromCentroid=38 bindVert=(-5.8,9.1,0.1)
[IK_SHARD_VERT] mesh='clap.mesh' wext=646 worstVtx=37 domBone[6]='bone_R-forearm.mesh' w=0.80 vertR=93.1 vertDevFromCentroid=2879 bindVert=(21.0,-1.1,45.3)
[IK_SHARD_VERT] mesh='female_crowd_body01_lod02.mesh' wext=80 worstVtx=48 domBone[14]='bone_L-toe.mesh' w=1.00 vertR=11.7 vertDevFromCentroid=37 bindVert=(-4.8,6.0,-0.2)
[IK_SHARD_VERT] mesh='clap.mesh' wext=674 worstVtx=37 domBone[6]='bone_R-forearm.mesh' w=0.80 vertR=93.1 vertDevFromCentroid=2573 bindVert=(21.0,-1.1,45.3)
[IK_SHARD_VERT] mesh='male_crowd_body02.mesh' wext=88 worstVtx=170 domBone[8]='bone_L-ankle.mesh' w=0.50 vertR=22.0 vertDevFromCentroid=38 bindVert=(-3.0,-2.5,0.0)
[IK_SHARD_VERT] mesh='female_crowd_body02.mesh' wext=80 worstVtx=24 domBone[4]='bone_R-ankle.mesh' w=0.77 vertR=15.2 vertDevFromCentroid=37 bindVert=(6.1,0.3,-0.2)
[IK_SHARD_VERT] mesh='male_crowd_body01.mesh' wext=88 worstVtx=32 domBone[21]='bone_L-toe.mesh' w=1.00 vertR=16.2 vertDevFromCentroid=38 bindVert=(-5.8,9.1,0.1)
[IK_SHARD_VERT] mesh='clap.mesh' wext=672 worstVtx=54 domBone[7]='bone_R-index01.mesh' w=0.41 vertR=78.4 vertDevFromCentroid=3045 bindVert=(24.3,-1.3,41.1)
[IK_SHARD_VERT] mesh='female_crowd_body01_lod02.mesh' wext=80 worstVtx=48 domBone[14]='bone_L-toe.mesh' w=1.00 vertR=11.7 vertDevFromCentroid=37 bindVert=(-4.8,6.0,-0.2)
[IK_SHARD_VERT] mesh='male_crowd_body02.mesh' wext=88 worstVtx=170 domBone[8]='bone_L-ankle.mesh' w=0.50 vertR=22.0 vertDevFromCentroid=38 bindVert=(-3.0,-2.5,0.0)
[IK_SHARD_VERT] mesh='clap.mesh' wext=688 worstVtx=54 domBone[7]='bone_R-index01.mesh' w=0.41 vertR=78.4 vertDevFromCentroid=2658 bindVert=(24.3,-1.3,41.1)
[IK_SHARD_VERT] mesh='female_crowd_body02.mesh' wext=80 worstVtx=24 domBone[4]='bone_R-ankle.mesh' w=0.77 vertR=15.2 vertDevFromCentroid=37 bindVert=(6.1,0.3,-0.2)
[IK_SHARD_VERT] mesh='male_crowd_body01.mesh' wext=88 worstVtx=32 domBone[21]='bone_L-toe.mesh' w=1.00 vertR=16.2 vertDevFromCentroid=38 bindVert=(-5.8,9.1,0.1)
[IK_SHARD_VERT] mesh='clap.mesh' wext=710 worstVtx=37 domBone[6]='bone_R-forearm.mesh' w=0.80 vertR=93.1 vertDevFromCentroid=2773 bindVert=(21.0,-1.1,45.3)
[IK_SHARD_VERT] mesh='female_crowd_body01_lod02.mesh' wext=80 worstVtx=48 domBone[14]='bone_L-toe.mesh' w=1.00 vertR=11.7 vertDevFromCentroid=37 bindVert=(-4.8,6.0,-0.2)
[IK_SHARD_VERT] mesh='clap.mesh' wext=637 worstVtx=37 domBone[6]='bone_R-forearm.mesh' w=0.80 vertR=93.1 vertDevFromCentroid=2796 bindVert=(21.0,-1.1,45.3)
[IK_SHARD_VERT] mesh='male_crowd_body02.mesh' wext=88 worstVtx=170 domBone[8]='bone_L-ankle.mesh' w=0.50 vertR=22.0 vertDevFromCentroid=38 bindVert=(-3.0,-2.5,0.0)
[IK_SHARD_VERT] mesh='female_crowd_body02.mesh' wext=80 worstVtx=24 domBone[4]='bone_R-ankle.mesh' w=0.77 vertR=15.2 vertDevFromCentroid=37 bindVert=(6.1,0.3,-0.2)
[IK_SHARD_VERT] mesh='male_crowd_body01.mesh' wext=88 worstVtx=32 domBone[21]='bone_L-toe.mesh' w=1.00 vertR=16.2 vertDevFromCentroid=38 bindVert=(-5.8,9.1,0.1)
[IK_SHARD_VERT] mesh='clap.mesh' wext=747 worstVtx=37 domBone[6]='bone_R-forearm.mesh' w=0.80 vertR=93.1 vertDevFromCentroid=3030 bindVert=(21.0,-1.1,45.3)
[IK_SHARD_VERT] mesh='female_crowd_body01_lod02.mesh' wext=80 worstVtx=48 domBone[14]='bone_L-toe.mesh' w=1.00 vertR=11.7 vertDevFromCentroid=37 bindVert=(-4.8,6.0,-0.2)
[IK_SHARD_VERT] mesh='clap.mesh' wext=682 worstVtx=54 domBone[7]='bone_R-index01.mesh' w=0.41 vertR=78.4 vertDevFromCentroid=3121 bindVert=(24.3,-1.3,41.1)
[IK_SHARD_VERT] mesh='male_crowd_body02.mesh' wext=88 worstVtx=170 domBone[8]='bone_L-ankle.mesh' w=0.50 vertR=22.0 vertDevFromCentroid=38 bindVert=(-3.0,-2.5,0.0)
[IK_SHARD_VERT] mesh='female_crowd_body02.mesh' wext=80 worstVtx=24 domBone[4]='bone_R-ankle.mesh' w=0.77 vertR=15.2 vertDevFromCentroid=37 bindVert=(6.1,0.3,-0.2)
[IK_SHARD_VERT] mesh='male_crowd_body01.mesh' wext=88 worstVtx=32 domBone[21]='bone_L-toe.mesh' w=1.00 vertR=16.2 vertDevFromCentroid=38 bindVert=(-5.8,9.1,0.1)
[IK_SHARD_VERT] mesh='clap.mesh' wext=700 worstVtx=112 domBone[6]='bone_R-index02.mesh' w=0.58 vertR=76.3 vertDevFromCentroid=2733 bindVert=(23.9,-1.8,40.0)
[IK_SHARD_VERT] mesh='female_crowd_body01_lod02.mesh' wext=80 worstVtx=48 domBone[14]='bone_L-toe.mesh' w=1.00 vertR=11.7 vertDevFromCentroid=37 bindVert=(-4.8,6.0,-0.2)
[IK_SHARD_VERT] mesh='clap.mesh' wext=701 worstVtx=37 domBone[6]='bone_R-forearm.mesh' w=0.80 vertR=93.1 vertDevFromCentroid=2768 bindVert=(21.0,-1.1,45.3)
[IK_SHARD_VERT] mesh='male_crowd_body02.mesh' wext=88 worstVtx=170 domBone[8]='bone_L-ankle.mesh' w=0.50 vertR=22.0 vertDevFromCentroid=38 bindVert=(-3.0,-2.5,0.0)
[IK_SHARD_VERT] mesh='female_crowd_body02.mesh' wext=80 worstVtx=24 domBone[4]='bone_R-ankle.mesh' w=0.77 vertR=15.2 vertDevFromCentroid=37 bindVert=(6.1,0.3,-0.2)
[IK_SHARD_VERT] mesh='male_crowd_body01.mesh' wext=88 worstVtx=32 domBone[21]='bone_L-toe.mesh' w=1.00 vertR=16.2 vertDevFromCentroid=38 bindVert=(-5.8,9.1,0.1)
[IK_SHARD_VERT] mesh='clap.mesh' wext=628 worstVtx=37 domBone[6]='bone_R-forearm.mesh' w=0.80 vertR=93.1 vertDevFromCentroid=2708 bindVert=(21.0,-1.1,45.3)
[IK_SHARD_VERT] mesh='female_crowd_body01_lod02.mesh' wext=80 worstVtx=48 domBone[14]='bone_L-toe.mesh' w=1.00 vertR=11.7 vertDevFromCentroid=37 bindVert=(-4.8,6.0,-0.2)
[IK_SHARD_VERT] mesh='clap.mesh' wext=754 worstVtx=112 domBone[6]='bone_R-index02.mesh' w=0.58 vertR=76.3 vertDevFromCentroid=3059 bindVert=(23.9,-1.8,40.0)
[IK_SHARD_VERT] mesh='male_crowd_body02.mesh' wext=88 worstVtx=170 domBone[8]='bone_L-ankle.mesh' w=0.50 vertR=22.0 vertDevFromCentroid=38 bindVert=(-3.0,-2.5,0.0)
[IK_SHARD_VERT] mesh='female_crowd_body02.mesh' wext=80 worstVtx=24 domBone[4]='bone_R-ankle.mesh' w=0.77 vertR=15.2 vertDevFromCentroid=37 bindVert=(6.1,0.3,-0.2)
[IK_SHARD_VERT] mesh='male_crowd_body01.mesh' wext=88 worstVtx=32 domBone[21]='bone_L-toe.mesh' w=1.00 vertR=16.2 vertDevFromCentroid=38 bindVert=(-5.8,9.1,0.1)
[IK_SHARD_VERT] mesh='clap.mesh' wext=641 worstVtx=54 domBone[7]='bone_R-index01.mesh' w=0.41 vertR=78.4 vertDevFromCentroid=2746 bindVert=(24.3,-1.3,41.1)
[IK_SHARD_VERT] mesh='female_crowd_body01_lod02.mesh' wext=80 worstVtx=48 domBone[14]='bone_L-toe.mesh' w=1.00 vertR=11.7 vertDevFromCentroid=37 bindVert=(-4.8,6.0,-0.2)
[IK_SHARD_VERT] mesh='female_crowd_body03.mesh' wext=79 worstVtx=48 domBone[21]='bone_R-ankle.mesh' w=1.00 vertR=24.5 vertDevFromCentroid=36 bindVert=(3.3,-4.9,-0.2)
[IK_SHARD_VERT] mesh='male_crowd_body03.mesh' wext=84 worstVtx=64 domBone[5]='bone_R-ankle.mesh' w=1.00 vertR=21.3 vertDevFromCentroid=36 bindVert=(1.2,0.1,-0.1)
[IK_SHARD_VERT] mesh='male_crowd_body04.mesh' wext=87 worstVtx=252 domBone[18]='bone_R-ankle.mesh' w=1.00 vertR=22.0 vertDevFromCentroid=37 bindVert=(3.1,-1.3,-0.2)
[IK_SHARD_VERT] mesh='clap.mesh' wext=669 worstVtx=37 domBone[6]='bone_R-forearm.mesh' w=0.80 vertR=93.1 vertDevFromCentroid=3064 bindVert=(21.0,-1.1,45.3)
[IK_SHARD_VERT] mesh='male_crowd_body01.mesh' wext=88 worstVtx=32 domBone[21]='bone_L-toe.mesh' w=1.00 vertR=16.2 vertDevFromCentroid=38 bindVert=(-5.8,9.1,0.1)
[IK_SHARD_VERT] mesh='male_crowd_body02.mesh' wext=88 worstVtx=765 domBone[13]='bone_head.mesh' w=1.00 vertR=108.3 vertDevFromCentroid=38 bindVert=(0.8,0.4,75.0)
[IK_SHARD_VERT] mesh='female_crowd_body01_lod02.mesh' wext=80 worstVtx=48 domBone[14]='bone_L-toe.mesh' w=1.00 vertR=11.7 vertDevFromCentroid=37 bindVert=(-4.8,6.0,-0.2)
[IK_SHARD_VERT] mesh='female_crowd_body02.mesh' wext=80 worstVtx=24 domBone[4]='bone_R-ankle.mesh' w=0.77 vertR=15.2 vertDevFromCentroid=37 bindVert=(6.1,0.3,-0.2)
[IK_SHARD_VERT] mesh='clap.mesh' wext=733 worstVtx=37 domBone[6]='bone_R-forearm.mesh' w=0.80 vertR=93.1 vertDevFromCentroid=2936 bindVert=(21.0,-1.1,45.3)
[IK_SHARD_VERT] mesh='clap.mesh' wext=663 worstVtx=37 domBone[6]='bone_R-forearm.mesh' w=0.80 vertR=93.1 vertDevFromCentroid=2950 bindVert=(21.0,-1.1,45.3)
[IK_SHARD_VERT] mesh='female_crowd_body02.mesh' wext=81 worstVtx=24 domBone[4]='bone_R-ankle.mesh' w=0.77 vertR=15.2 vertDevFromCentroid=37 bindVert=(6.1,0.3,-0.2)
[IK_SHARD_VERT] mesh='male_crowd_body02.mesh' wext=88 worstVtx=765 domBone[13]='bone_head.mesh' w=1.00 vertR=108.3 vertDevFromCentroid=38 bindVert=(0.8,0.4,75.0)
[IK_SHARD_VERT] mesh='male_crowd_body01.mesh' wext=88 worstVtx=32 domBone[21]='bone_L-toe.mesh' w=1.00 vertR=16.2 vertDevFromCentroid=38 bindVert=(-5.8,9.1,0.1)
[IK_SHARD_VERT] mesh='clap.mesh' wext=687 worstVtx=54 domBone[7]='bone_R-index01.mesh' w=0.41 vertR=78.4 vertDevFromCentroid=2589 bindVert=(24.3,-1.3,41.1)
[IK_SHARD_VERT] mesh='female_crowd_body01_lod02.mesh' wext=80 worstVtx=48 domBone[14]='bone_L-toe.mesh' w=1.00 vertR=11.7 vertDevFromCentroid=37 bindVert=(-4.8,6.0,-0.2)
[IK_SHARD_VERT] mesh='clap.mesh' wext=663 worstVtx=54 domBone[7]='bone_R-index01.mesh' w=0.41 vertR=78.4 vertDevFromCentroid=3000 bindVert=(24.3,-1.3,41.1)
[IK_SHARD_VERT] mesh='male_crowd_body01.mesh' wext=88 worstVtx=32 domBone[21]='bone_L-toe.mesh' w=1.00 vertR=16.2 vertDevFromCentroid=38 bindVert=(-5.8,9.1,0.1)
[IK_SHARD_VERT] mesh='male_crowd_body02.mesh' wext=88 worstVtx=765 domBone[13]='bone_head.mesh' w=1.00 vertR=108.3 vertDevFromCentroid=38 bindVert=(0.8,0.4,75.0)
[IK_SHARD_VERT] mesh='female_crowd_body01_lod02.mesh' wext=80 worstVtx=48 domBone[14]='bone_L-toe.mesh' w=1.00 vertR=11.7 vertDevFromCentroid=37 bindVert=(-4.8,6.0,-0.2)
[IK_SHARD_VERT] mesh='female_crowd_body02.mesh' wext=81 worstVtx=24 domBone[4]='bone_R-ankle.mesh' w=0.77 vertR=15.2 vertDevFromCentroid=37 bindVert=(6.1,0.3,-0.2)
[IK_SHARD_VERT] mesh='clap.mesh' wext=659 worstVtx=37 domBone[6]='bone_R-forearm.mesh' w=0.80 vertR=93.1 vertDevFromCentroid=2971 bindVert=(21.0,-1.1,45.3)
[IK_SHARD_VERT] mesh='clap.mesh' wext=718 worstVtx=37 domBone[6]='bone_R-forearm.mesh' w=0.80 vertR=93.1 vertDevFromCentroid=2850 bindVert=(21.0,-1.1,45.3)
[IK_SHARD_VERT] mesh='male_crowd_body01.mesh' wext=88 worstVtx=32 domBone[21]='bone_L-toe.mesh' w=1.00 vertR=16.2 vertDevFromCentroid=38 bindVert=(-5.8,9.1,0.1)
[IK_SHARD_VERT] mesh='female_crowd_body01_lod02.mesh' wext=80 worstVtx=48 domBone[14]='bone_L-toe.mesh' w=1.00 vertR=11.7 vertDevFromCentroid=37 bindVert=(-4.8,6.0,-0.2)
[IK_SHARD_VERT] mesh='clap.mesh' wext=646 worstVtx=54 domBone[7]='bone_R-index01.mesh' w=0.41 vertR=78.4 vertDevFromCentroid=2832 bindVert=(24.3,-1.3,41.1)
[IK_SHARD_VERT] mesh='male_crowd_body02.mesh' wext=88 worstVtx=765 domBone[13]='bone_head.mesh' w=1.00 vertR=108.3 vertDevFromCentroid=38 bindVert=(0.8,0.4,75.0)
[IK_SHARD_VERT] mesh='female_crowd_body02.mesh' wext=81 worstVtx=24 domBone[4]='bone_R-ankle.mesh' w=0.77 vertR=15.2 vertDevFromCentroid=37 bindVert=(6.1,0.3,-0.2)
[IK_SHARD_VERT] mesh='clap.mesh' wext=705 worstVtx=54 domBone[7]='bone_R-index01.mesh' w=0.41 vertR=78.4 vertDevFromCentroid=2707 bindVert=(24.3,-1.3,41.1)
[IK_SHARD_VERT] mesh='male_crowd_body01.mesh' wext=88 worstVtx=32 domBone[21]='bone_L-toe.mesh' w=1.00 vertR=16.2 vertDevFromCentroid=38 bindVert=(-5.8,9.1,0.1)
[IK_SHARD_VERT] mesh='male_crowd_body02.mesh' wext=88 worstVtx=765 domBone[13]='bone_head.mesh' w=1.00 vertR=108.3 vertDevFromCentroid=38 bindVert=(0.8,0.4,75.0)
[IK_SHARD_VERT] mesh='female_crowd_body01_lod02.mesh' wext=80 worstVtx=48 domBone[14]='bone_L-toe.mesh' w=1.00 vertR=11.7 vertDevFromCentroid=37 bindVert=(-4.8,6.0,-0.2)
[IK_SHARD_VERT] mesh='female_crowd_body02.mesh' wext=81 worstVtx=24 domBone[4]='bone_R-ankle.mesh' w=0.77 vertR=15.2 vertDevFromCentroid=37 bindVert=(6.1,0.3,-0.2)
[IK_SHARD_VERT] mesh='clap.mesh' wext=66 worstVtx=143 domBone[6]='bone_L-index02.mesh' w=0.36 vertR=49.8 vertDevFromCentroid=33 bindVert=(-24.0,1.2,40.7)
[IK_SHARD_VERT] mesh='clap.mesh' wext=672 worstVtx=53 domBone[11]='bone_R-index01.mesh' w=0.41 vertR=76.3 vertDevFromCentroid=3045 bindVert=(23.7,-1.7,40.8)
[IK_SHARD_VERT] mesh='male_crowd_body01.mesh' wext=88 worstVtx=32 domBone[21]='bone_L-toe.mesh' w=1.00 vertR=16.2 vertDevFromCentroid=38 bindVert=(-5.8,9.1,0.1)
[IK_SHARD_VERT] mesh='female_crowd_body01_lod02.mesh' wext=80 worstVtx=48 domBone[14]='bone_L-toe.mesh' w=1.00 vertR=11.7 vertDevFromCentroid=37 bindVert=(-4.8,6.0,-0.2)
[IK_SHARD_VERT] mesh='clap.mesh' wext=737 worstVtx=37 domBone[6]='bone_R-forearm.mesh' w=0.80 vertR=93.1 vertDevFromCentroid=2985 bindVert=(21.0,-1.1,45.3)
[IK_SHARD_VERT] mesh='male_crowd_body02.mesh' wext=88 worstVtx=765 domBone[13]='bone_head.mesh' w=1.00 vertR=108.3 vertDevFromCentroid=38 bindVert=(0.8,0.4,75.0)
[IK_SHARD_VERT] mesh='female_crowd_body02.mesh' wext=81 worstVtx=24 domBone[4]='bone_R-ankle.mesh' w=0.77 vertR=15.2 vertDevFromCentroid=37 bindVert=(6.1,0.3,-0.2)
[IK_SHARD_VERT] mesh='clap.mesh' wext=625 worstVtx=54 domBone[7]='bone_R-index01.mesh' w=0.41 vertR=78.4 vertDevFromCentroid=2599 bindVert=(24.3,-1.3,41.1)
[IK_SHARD_VERT] mesh='female_extra_body01.mesh' wext=71 worstVtx=372 domBone[18]='bone_R-toe.mesh' w=1.00 vertR=8.0 vertDevFromCentroid=32 bindVert=(4.7,6.0,-0.2)
[IK_SHARD_VERT] mesh='male_extras_body01_medium.mesh' wext=78 worstVtx=228 domBone[27]='bone_R-toe.mesh' w=1.00 vertR=9.9 vertDevFromCentroid=32 bindVert=(6.4,9.1,0.2)
[IK_SHARD_VERT] mesh='female_crowd_body01_lod02.mesh' wext=80 worstVtx=48 domBone[14]='bone_L-toe.mesh' w=1.00 vertR=11.7 vertDevFromCentroid=37 bindVert=(-4.8,6.0,-0.2)
[IK_SHARD_VERT] mesh='female_crowd_body04.mesh' wext=80 worstVtx=48 domBone[6]='bone_R-ankle.mesh' w=1.00 vertR=10.7 vertDevFromCentroid=37 bindVert=(5.5,-3.6,-0.2)
[IK_SHARD_VERT] mesh='male_crowd_body01.mesh' wext=88 worstVtx=32 domBone[21]='bone_L-toe.mesh' w=1.00 vertR=16.2 vertDevFromCentroid=38 bindVert=(-5.8,9.1,0.1)
[IK_SHARD_VERT] mesh='clap.mesh' wext=738 worstVtx=112 domBone[6]='bone_R-index02.mesh' w=0.58 vertR=76.3 vertDevFromCentroid=2991 bindVert=(23.9,-1.8,40.0)
[IK_SHARD_VERT] mesh='male_crowd_body02.mesh' wext=88 worstVtx=765 domBone[13]='bone_head.mesh' w=1.00 vertR=108.3 vertDevFromCentroid=38 bindVert=(0.8,0.4,75.0)
[IK_SHARD_VERT] mesh='female_crowd_body02.mesh' wext=81 worstVtx=24 domBone[4]='bone_R-ankle.mesh' w=0.77 vertR=15.2 vertDevFromCentroid=37 bindVert=(6.1,0.3,-0.2)
[IK_SHARD_VERT] mesh='clap.mesh' wext=728 worstVtx=6 domBone[7]='bone_R-hand.mesh' w=1.00 vertR=87.0 vertDevFromCentroid=2478 bindVert=(23.6,-1.4,41.9)
[IK_SHARD_VERT] mesh='male_crowd_body01.mesh' wext=88 worstVtx=32 domBone[21]='bone_L-toe.mesh' w=1.00 vertR=16.2 vertDevFromCentroid=38 bindVert=(-5.8,9.1,0.1)
[IK_SHARD_VERT] mesh='female_crowd_body01_lod02.mesh' wext=80 worstVtx=48 domBone[14]='bone_L-toe.mesh' w=1.00 vertR=11.7 vertDevFromCentroid=37 bindVert=(-4.8,6.0,-0.2)
[IK_SHARD_VERT] mesh='clap.mesh' wext=623 worstVtx=37 domBone[6]='bone_R-forearm.mesh' w=0.80 vertR=93.1 vertDevFromCentroid=2577 bindVert=(21.0,-1.1,45.3)
[IK_SHARD_VERT] mesh='male_crowd_body02.mesh' wext=88 worstVtx=765 domBone[13]='bone_head.mesh' w=1.00 vertR=108.3 vertDevFromCentroid=38 bindVert=(0.8,0.4,75.0)
[IK_SHARD_VERT] mesh='female_crowd_body02.mesh' wext=81 worstVtx=24 domBone[4]='bone_R-ankle.mesh' w=0.77 vertR=15.2 vertDevFromCentroid=37 bindVert=(6.1,0.3,-0.2)
[HANDS_ATTACH] mesh='hands_naked.mesh' owner='hands_naked.mesh' frame=43 nb=38 wext=81.0 rebound=1
  TIER1 rest-coherence: worst=3.1deg bone[2]='bone_R-pinky03.mesh' count(>5deg)=0 freshRecap=0  xcheck(invOff-vs-restW) worst=3.1deg bone[2]
  TIER2 joint-attach(PRIMARY): worst=2.44u bone[18]='bone_R-pinky02.mesh' parent[14] R=46.7 exactJoint=0.01u pairs=30  (palette-wide exactWorst=0.34u)
[HANDS_ATTACH] mesh='hands_naked.mesh' owner='hands_naked.mesh' frame=43 nb=40 wext=55.7 rebound=1
  TIER1 rest-coherence: worst=28.9deg bone[29]='bone_L-thumb03.mesh' count(>5deg)=40 freshRecap=0  xcheck(invOff-vs-restW) worst=28.9deg bone[29]
  TIER2 joint-attach(PRIMARY): worst=25.32u bone[0]='bone_R-middlefinger02.mesh' parent[4] R=46.8 exactJoint=0.61u pairs=36  (palette-wide exactWorst=0.94u)
[HANDS_ATTACH] mesh='hands_naked.mesh' owner='hands_naked.mesh' frame=43 nb=38 wext=80.3 rebound=1
  TIER1 rest-coherence: worst=3.1deg bone[2]='bone_R-pinky03.mesh' count(>5deg)=0 freshRecap=0  xcheck(invOff-vs-restW) worst=3.1deg bone[2]
  TIER2 joint-attach(PRIMARY): worst=2.44u bone[18]='bone_R-pinky02.mesh' parent[14] R=46.7 exactJoint=0.01u pairs=30  (palette-wide exactWorst=0.01u)
[HANDS_ATTACH] mesh='gloves_resource.1.mesh' owner='gloves_resource.1.mesh' frame=43 nb=4 wext=5.6 rebound=1
  TIER1 rest-coherence: worst=14.6deg bone[1]='bone_L-hand.mesh' count(>5deg)=4 freshRecap=0  xcheck(invOff-vs-restW) worst=14.6deg bone[1]
  TIER2 joint-attach(PRIMARY): worst=8.03u bone[0]='bone_L-index03.mesh' parent[3] R=46.3 exactJoint=0.15u pairs=3  (palette-wide exactWorst=0.37u)
[HANDS_ATTACH] mesh='gloves_resource.mesh' owner='gloves_resource.mesh' frame=43 nb=40 wext=28.4 rebound=1
  TIER1 rest-coherence: worst=28.9deg bone[28]='bone_L-thumb03.mesh' count(>5deg)=40 freshRecap=0  xcheck(invOff-vs-restW) worst=28.9deg bone[28]
  TIER2 joint-attach(PRIMARY): worst=25.32u bone[0]='bone_R-middlefinger02.mesh' parent[11] R=46.8 exactJoint=0.61u pairs=36  (palette-wide exactWorst=0.94u)
[HANDS_ATTACH] mesh='gloves_skin.2.mesh' owner='gloves_skin.2.mesh' frame=43 nb=9 wext=15.4 rebound=1
  TIER1 rest-coherence: worst=17.9deg bone[8]='bone_L-foreTwist2.mesh' count(>5deg)=9 freshRecap=0  xcheck(invOff-vs-restW) worst=17.9deg bone[7]
  TIER2 joint-attach(PRIMARY): worst=0.94u bone[3]='bone_R-pinky-base.mesh' parent[2] R=48.7 exactJoint=0.94u pairs=5  (palette-wide exactWorst=0.94u)
[IK_SHARD_VERT] mesh='clap.mesh' wext=695 worstVtx=37 domBone[6]='bone_R-forearm.mesh' w=0.80 vertR=93.1 vertDevFromCentroid=2693 bindVert=(21.0,-1.1,45.3)
[IK_SHARD_VERT] mesh='male_crowd_body01.mesh' wext=88 worstVtx=32 domBone[21]='bone_L-toe.mesh' w=1.00 vertR=16.2 vertDevFromCentroid=38 bindVert=(-5.8,9.1,0.1)
[IK_SHARD_VERT] mesh='female_crowd_body01_lod02.mesh' wext=80 worstVtx=48 domBone[14]='bone_L-toe.mesh' w=1.00 vertR=11.7 vertDevFromCentroid=37 bindVert=(-4.8,6.0,-0.2)
[IK_SHARD_VERT] mesh='clap.mesh' wext=661 worstVtx=54 domBone[7]='bone_R-index01.mesh' w=0.41 vertR=78.4 vertDevFromCentroid=2935 bindVert=(24.3,-1.3,41.1)
[IK_SHARD_VERT] mesh='male_crowd_body02.mesh' wext=88 worstVtx=765 domBone[13]='bone_head.mesh' w=1.00 vertR=108.3 vertDevFromCentroid=38 bindVert=(0.8,0.4,75.0)
[IK_SHARD_VERT] mesh='female_crowd_body02.mesh' wext=81 worstVtx=24 domBone[4]='bone_R-ankle.mesh' w=0.77 vertR=15.2 vertDevFromCentroid=37 bindVert=(6.1,0.3,-0.2)
[IK_SHARD_VERT] mesh='clap.mesh' wext=705 worstVtx=54 domBone[7]='bone_R-index01.mesh' w=0.41 vertR=78.4 vertDevFromCentroid=2707 bindVert=(24.3,-1.3,41.1)
[IK_SHARD_VERT] mesh='male_crowd_body01.mesh' wext=88 worstVtx=32 domBone[21]='bone_L-toe.mesh' w=1.00 vertR=16.2 vertDevFromCentroid=38 bindVert=(-5.8,9.1,0.1)
[IK_SHARD_VERT] mesh='female_crowd_body01_lod02.mesh' wext=80 worstVtx=48 domBone[14]='bone_L-toe.mesh' w=1.00 vertR=11.7 vertDevFromCentroid=37 bindVert=(-4.8,6.0,-0.2)
[IK_SHARD_VERT] mesh='female_crowd_body03.mesh' wext=85 worstVtx=48 domBone[21]='bone_R-ankle.mesh' w=1.00 vertR=24.5 vertDevFromCentroid=38 bindVert=(3.3,-4.9,-0.2)
[IK_SHARD_VERT] mesh='clap.mesh' wext=67 worstVtx=143 domBone[6]='bone_L-index02.mesh' w=0.36 vertR=49.8 vertDevFromCentroid=33 bindVert=(-24.0,1.2,40.7)
[IK_SHARD_VERT] mesh='male_crowd_body03.mesh' wext=89 worstVtx=64 domBone[5]='bone_R-ankle.mesh' w=1.00 vertR=21.3 vertDevFromCentroid=38 bindVert=(1.2,0.1,-0.1)
[IK_SHARD_VERT] mesh='male_crowd_body04.mesh' wext=91 worstVtx=252 domBone[18]='bone_R-ankle.mesh' w=1.00 vertR=22.0 vertDevFromCentroid=39 bindVert=(3.1,-1.3,-0.2)
[IK_SHARD_VERT] mesh='male_crowd_body02.mesh' wext=88 worstVtx=765 domBone[13]='bone_head.mesh' w=1.00 vertR=108.3 vertDevFromCentroid=38 bindVert=(0.8,0.4,75.0)
[IK_SHARD_VERT] mesh='female_crowd_body02.mesh' wext=81 worstVtx=24 domBone[4]='bone_R-ankle.mesh' w=0.77 vertR=15.2 vertDevFromCentroid=37 bindVert=(6.1,0.3,-0.2)
[IK_SHARD_VERT] mesh='clap.mesh' wext=638 worstVtx=37 domBone[6]='bone_R-forearm.mesh' w=0.80 vertR=93.1 vertDevFromCentroid=2727 bindVert=(21.0,-1.1,45.3)
[IK_SHARD_VERT] mesh='male_crowd_body01.mesh' wext=88 worstVtx=32 domBone[21]='bone_L-toe.mesh' w=1.00 vertR=16.2 vertDevFromCentroid=38 bindVert=(-5.8,9.1,0.1)
[IK_SHARD_VERT] mesh='female_crowd_body01_lod02.mesh' wext=80 worstVtx=164 domBone[15]='bone_R-toe.mesh' w=1.00 vertR=23.7 vertDevFromCentroid=37 bindVert=(3.6,6.2,-0.2)
[IK_SHARD_VERT] mesh='clap.mesh' wext=734 worstVtx=37 domBone[6]='bone_R-forearm.mesh' w=0.80 vertR=93.1 vertDevFromCentroid=2935 bindVert=(21.0,-1.1,45.3)
[IK_SHARD_VERT] mesh='male_crowd_body01.mesh' wext=88 worstVtx=32 domBone[21]='bone_L-toe.mesh' w=1.00 vertR=16.2 vertDevFromCentroid=38 bindVert=(-5.8,9.1,0.1)
[IK_SHARD_VERT] mesh='clap.mesh' wext=663 worstVtx=37 domBone[6]='bone_R-forearm.mesh' w=0.80 vertR=93.1 vertDevFromCentroid=2949 bindVert=(21.0,-1.1,45.3)
[IK_SHARD_VERT] mesh='male_crowd_body02.mesh' wext=88 worstVtx=765 domBone[13]='bone_head.mesh' w=1.00 vertR=108.3 vertDevFromCentroid=38 bindVert=(0.8,0.4,75.0)
[IK_SHARD_VERT] mesh='female_crowd_body01_lod02.mesh' wext=80 worstVtx=164 domBone[15]='bone_R-toe.mesh' w=1.00 vertR=23.7 vertDevFromCentroid=37 bindVert=(3.6,6.2,-0.2)
[IK_SHARD_VERT] mesh='female_crowd_body02.mesh' wext=81 worstVtx=24 domBone[4]='bone_R-ankle.mesh' w=0.77 vertR=15.2 vertDevFromCentroid=37 bindVert=(6.1,0.3,-0.2)
[IK_SHARD_VERT] mesh='clap.mesh' wext=728 worstVtx=112 domBone[6]='bone_R-index02.mesh' w=0.58 vertR=76.3 vertDevFromCentroid=2922 bindVert=(23.9,-1.8,40.0)
[IK_SHARD_VERT] mesh='male_crowd_body02.mesh' wext=88 worstVtx=765 domBone[13]='bone_head.mesh' w=1.00 vertR=108.3 vertDevFromCentroid=38 bindVert=(0.8,0.4,75.0)
[IK_SHARD_VERT] mesh='clap.mesh' wext=612 worstVtx=54 domBone[7]='bone_R-index01.mesh' w=0.41 vertR=78.4 vertDevFromCentroid=2543 bindVert=(24.3,-1.3,41.1)
[IK_SHARD_VERT] mesh='female_crowd_body02.mesh' wext=81 worstVtx=24 domBone[4]='bone_R-ankle.mesh' w=0.77 vertR=15.2 vertDevFromCentroid=37 bindVert=(6.1,0.3,-0.2)
[IK_SHARD_VERT] mesh='male_crowd_body01.mesh' wext=88 worstVtx=32 domBone[21]='bone_L-toe.mesh' w=1.00 vertR=16.2 vertDevFromCentroid=38 bindVert=(-5.8,9.1,0.1)
[IK_SHARD_VERT] mesh='clap.mesh' wext=700 worstVtx=54 domBone[7]='bone_R-index01.mesh' w=0.41 vertR=78.4 vertDevFromCentroid=2733 bindVert=(24.3,-1.3,41.1)
[IK_SHARD_VERT] mesh='female_crowd_body01_lod02.mesh' wext=80 worstVtx=164 domBone[15]='bone_R-toe.mesh' w=1.00 vertR=23.7 vertDevFromCentroid=37 bindVert=(3.6,6.2,-0.2)
[IK_SHARD_VERT] mesh='clap.mesh' wext=730 worstVtx=37 domBone[6]='bone_R-forearm.mesh' w=0.80 vertR=93.1 vertDevFromCentroid=2956 bindVert=(21.0,-1.1,45.3)
[IK_SHARD_VERT] mesh='male_crowd_body01.mesh' wext=88 worstVtx=32 domBone[21]='bone_L-toe.mesh' w=1.00 vertR=16.2 vertDevFromCentroid=38 bindVert=(-5.8,9.1,0.1)
[IK_SHARD_VERT] mesh='male_crowd_body02.mesh' wext=88 worstVtx=765 domBone[13]='bone_head.mesh' w=1.00 vertR=108.3 vertDevFromCentroid=38 bindVert=(0.8,0.4,75.0)
[IK_SHARD_VERT] mesh='female_crowd_body01_lod02.mesh' wext=80 worstVtx=164 domBone[15]='bone_R-toe.mesh' w=1.00 vertR=23.7 vertDevFromCentroid=37 bindVert=(3.6,6.2,-0.2)
[IK_SHARD_VERT] mesh='female_crowd_body02.mesh' wext=81 worstVtx=24 domBone[4]='bone_R-ankle.mesh' w=0.77 vertR=15.2 vertDevFromCentroid=37 bindVert=(6.1,0.3,-0.2)
[IK_SHARD_VERT] mesh='clap.mesh' wext=643 worstVtx=37 domBone[6]='bone_R-forearm.mesh' w=0.80 vertR=93.1 vertDevFromCentroid=2789 bindVert=(21.0,-1.1,45.3)
[IK_SHARD_VERT] mesh='male_crowd_body01.mesh' wext=88 worstVtx=32 domBone[21]='bone_L-toe.mesh' w=1.00 vertR=16.2 vertDevFromCentroid=38 bindVert=(-5.8,9.1,0.1)
[IK_SHARD_VERT] mesh='clap.mesh' wext=675 worstVtx=37 domBone[6]='bone_R-forearm.mesh' w=0.80 vertR=93.1 vertDevFromCentroid=2571 bindVert=(21.0,-1.1,45.3)
[IK_SHARD_VERT] mesh='male_crowd_body02.mesh' wext=88 worstVtx=765 domBone[13]='bone_head.mesh' w=1.00 vertR=108.3 vertDevFromCentroid=38 bindVert=(0.8,0.4,75.0)
[IK_SHARD_VERT] mesh='female_crowd_body01_lod02.mesh' wext=80 worstVtx=164 domBone[15]='bone_R-toe.mesh' w=1.00 vertR=23.7 vertDevFromCentroid=37 bindVert=(3.6,6.2,-0.2)
[IK_SHARD_VERT] mesh='female_crowd_body02.mesh' wext=81 worstVtx=24 domBone[4]='bone_R-ankle.mesh' w=0.77 vertR=15.2 vertDevFromCentroid=37 bindVert=(6.1,0.3,-0.2)
[IK_SHARD_VERT] mesh='clap.mesh' wext=672 worstVtx=54 domBone[7]='bone_R-index01.mesh' w=0.41 vertR=78.4 vertDevFromCentroid=3045 bindVert=(24.3,-1.3,41.1)
[IK_SHARD_VERT] mesh='clap.mesh' wext=749 worstVtx=112 domBone[6]='bone_R-index02.mesh' w=0.58 vertR=76.3 vertDevFromCentroid=3070 bindVert=(23.9,-1.8,40.0)
[IK_SHARD_VERT] mesh='male_crowd_body01.mesh' wext=87 worstVtx=32 domBone[21]='bone_L-toe.mesh' w=1.00 vertR=16.2 vertDevFromCentroid=38 bindVert=(-5.8,9.1,0.1)
[IK_SHARD_VERT] mesh='male_crowd_body02.mesh' wext=88 worstVtx=765 domBone[13]='bone_head.mesh' w=1.00 vertR=108.3 vertDevFromCentroid=38 bindVert=(0.8,0.4,75.0)
[IK_SHARD_VERT] mesh='female_crowd_body01_lod02.mesh' wext=80 worstVtx=164 domBone[15]='bone_R-toe.mesh' w=1.00 vertR=23.7 vertDevFromCentroid=37 bindVert=(3.6,6.2,-0.2)
[IK_SHARD_VERT] mesh='female_crowd_body02.mesh' wext=81 worstVtx=24 domBone[4]='bone_R-ankle.mesh' w=0.77 vertR=15.2 vertDevFromCentroid=37 bindVert=(6.1,0.3,-0.2)
[IK_SHARD_VERT] mesh='clap.mesh' wext=730 worstVtx=6 domBone[7]='bone_R-hand.mesh' w=1.00 vertR=87.0 vertDevFromCentroid=2480 bindVert=(23.6,-1.4,41.9)
[IK_SHARD_VERT] mesh='clap.mesh' wext=623 worstVtx=37 domBone[6]='bone_R-forearm.mesh' w=0.80 vertR=93.1 vertDevFromCentroid=2576 bindVert=(21.0,-1.1,45.3)
[IK_SHARD_VERT] mesh='male_crowd_body01.mesh' wext=87 worstVtx=32 domBone[21]='bone_L-toe.mesh' w=1.00 vertR=16.2 vertDevFromCentroid=38 bindVert=(-5.8,9.1,0.1)
[IK_SHARD_VERT] mesh='male_crowd_body02.mesh' wext=88 worstVtx=765 domBone[13]='bone_head.mesh' w=1.00 vertR=108.3 vertDevFromCentroid=38 bindVert=(0.8,0.4,75.0)
[IK_SHARD_VERT] mesh='female_crowd_body01_lod02.mesh' wext=80 worstVtx=164 domBone[15]='bone_R-toe.mesh' w=1.00 vertR=23.7 vertDevFromCentroid=37 bindVert=(3.6,6.2,-0.2)
[IK_SHARD_VERT] mesh='female_crowd_body02.mesh' wext=81 worstVtx=24 domBone[4]='bone_R-ankle.mesh' w=0.77 vertR=15.2 vertDevFromCentroid=37 bindVert=(6.1,0.3,-0.2)
[IK_SHARD_VERT] mesh='hands_naked.mesh' wext=81 worstVtx=686 domBone[25]='bone_L-thumb01.mesh' w=1.00 vertR=25.4 vertDevFromCentroid=38 bindVert=(-22.3,-14.6,64.5)
[IK_SHARD_VERT] mesh='clap.mesh' wext=695 worstVtx=37 domBone[6]='bone_R-forearm.mesh' w=0.80 vertR=93.1 vertDevFromCentroid=2692 bindVert=(21.0,-1.1,45.3)
[IK_SHARD_VERT] mesh='male_crowd_body01.mesh' wext=87 worstVtx=32 domBone[21]='bone_L-toe.mesh' w=1.00 vertR=16.2 vertDevFromCentroid=38 bindVert=(-5.8,9.1,0.1)
[IK_SHARD_VERT] mesh='clap.mesh' wext=661 worstVtx=54 domBone[7]='bone_R-index01.mesh' w=0.41 vertR=78.4 vertDevFromCentroid=2935 bindVert=(24.3,-1.3,41.1)
[IK_SHARD_VERT] mesh='female_crowd_body01_lod02.mesh' wext=80 worstVtx=164 domBone[15]='bone_R-toe.mesh' w=1.00 vertR=23.7 vertDevFromCentroid=37 bindVert=(3.6,6.2,-0.2)
[IK_SHARD_VERT] mesh='male_crowd_body02.mesh' wext=88 worstVtx=765 domBone[13]='bone_head.mesh' w=1.00 vertR=108.3 vertDevFromCentroid=38 bindVert=(0.8,0.4,75.0)
[IK_SHARD_VERT] mesh='clap.mesh' wext=705 worstVtx=54 domBone[7]='bone_R-index01.mesh' w=0.41 vertR=78.4 vertDevFromCentroid=2708 bindVert=(24.3,-1.3,41.1)
[IK_SHARD_VERT] mesh='female_crowd_body02.mesh' wext=81 worstVtx=24 domBone[4]='bone_R-ankle.mesh' w=0.77 vertR=15.2 vertDevFromCentroid=37 bindVert=(6.1,0.3,-0.2)
[IK_SHARD_VERT] mesh='clap.mesh' wext=69 worstVtx=143 domBone[6]='bone_L-index02.mesh' w=0.36 vertR=49.8 vertDevFromCentroid=34 bindVert=(-24.0,1.2,40.7)
[IK_SHARD_VERT] mesh='male_crowd_body01.mesh' wext=87 worstVtx=32 domBone[21]='bone_L-toe.mesh' w=1.00 vertR=16.2 vertDevFromCentroid=38 bindVert=(-5.8,9.1,0.1)
[IK_SHARD_VERT] mesh='male_crowd_body02.mesh' wext=88 worstVtx=765 domBone[13]='bone_head.mesh' w=1.00 vertR=108.3 vertDevFromCentroid=38 bindVert=(0.8,0.4,75.0)
[IK_SHARD_VERT] mesh='female_crowd_body01_lod02.mesh' wext=80 worstVtx=164 domBone[15]='bone_R-toe.mesh' w=1.00 vertR=23.7 vertDevFromCentroid=37 bindVert=(3.6,6.2,-0.2)
[IK_SHARD_VERT] mesh='female_crowd_body02.mesh' wext=81 worstVtx=24 domBone[4]='bone_R-ankle.mesh' w=0.77 vertR=15.2 vertDevFromCentroid=37 bindVert=(6.1,0.3,-0.2)
[IK_SHARD_VERT] mesh='clap.mesh' wext=639 worstVtx=37 domBone[6]='bone_R-forearm.mesh' w=0.80 vertR=93.1 vertDevFromCentroid=2727 bindVert=(21.0,-1.1,45.3)
[IK_SHARD_VERT] mesh='clap.mesh' wext=734 worstVtx=37 domBone[6]='bone_R-forearm.mesh' w=0.80 vertR=93.1 vertDevFromCentroid=2934 bindVert=(21.0,-1.1,45.3)
[IK_SHARD_VERT] mesh='male_crowd_body01.mesh' wext=87 worstVtx=32 domBone[21]='bone_L-toe.mesh' w=1.00 vertR=16.2 vertDevFromCentroid=38 bindVert=(-5.8,9.1,0.1)
[IK_SHARD_VERT] mesh='female_crowd_body01_lod02.mesh' wext=80 worstVtx=164 domBone[15]='bone_R-toe.mesh' w=1.00 vertR=23.7 vertDevFromCentroid=37 bindVert=(3.6,6.2,-0.2)
[IK_SHARD_VERT] mesh='clap.mesh' wext=664 worstVtx=37 domBone[6]='bone_R-forearm.mesh' w=0.80 vertR=93.1 vertDevFromCentroid=2949 bindVert=(21.0,-1.1,45.3)
[IK_SHARD_VERT] mesh='male_crowd_body02.mesh' wext=88 worstVtx=765 domBone[13]='bone_head.mesh' w=1.00 vertR=108.3 vertDevFromCentroid=38 bindVert=(0.8,0.4,75.0)
[IK_SHARD_VERT] mesh='female_crowd_body02.mesh' wext=81 worstVtx=24 domBone[4]='bone_R-ankle.mesh' w=0.77 vertR=15.2 vertDevFromCentroid=37 bindVert=(6.1,0.3,-0.2)
[IK_SHARD_VERT] mesh='female_crowd_body03.mesh' wext=89 worstVtx=48 domBone[21]='bone_R-ankle.mesh' w=1.00 vertR=24.5 vertDevFromCentroid=40 bindVert=(3.3,-4.9,-0.2)
[IK_SHARD_VERT] mesh='male_crowd_body03.mesh' wext=93 worstVtx=64 domBone[5]='bone_R-ankle.mesh' w=1.00 vertR=21.3 vertDevFromCentroid=39 bindVert=(1.2,0.1,-0.1)
[IK_SHARD_VERT] mesh='male_crowd_body04.mesh' wext=94 worstVtx=252 domBone[18]='bone_R-ankle.mesh' w=1.00 vertR=22.0 vertDevFromCentroid=40 bindVert=(3.1,-1.3,-0.2)
[IK_SHARD_VERT] mesh='male_crowd_body01.mesh' wext=87 worstVtx=32 domBone[21]='bone_L-toe.mesh' w=1.00 vertR=16.2 vertDevFromCentroid=38 bindVert=(-5.8,9.1,0.1)
[IK_SHARD_VERT] mesh='clap.mesh' wext=728 worstVtx=112 domBone[6]='bone_R-index02.mesh' w=0.58 vertR=76.3 vertDevFromCentroid=2923 bindVert=(23.9,-1.8,40.0)
[IK_SHARD_VERT] mesh='female_crowd_body01_lod02.mesh' wext=80 worstVtx=164 domBone[15]='bone_R-toe.mesh' w=1.00 vertR=23.7 vertDevFromCentroid=37 bindVert=(3.6,6.2,-0.2)
[IK_SHARD_VERT] mesh='clap.mesh' wext=612 worstVtx=54 domBone[7]='bone_R-index01.mesh' w=0.41 vertR=78.4 vertDevFromCentroid=2543 bindVert=(24.3,-1.3,41.1)
[IK_SHARD_VERT] mesh='female_crowd_body02.mesh' wext=81 worstVtx=24 domBone[4]='bone_R-ankle.mesh' w=0.77 vertR=15.2 vertDevFromCentroid=37 bindVert=(6.1,0.3,-0.2)
[IK_SHARD_VERT] mesh='male_crowd_body02.mesh' wext=88 worstVtx=765 domBone[13]='bone_head.mesh' w=1.00 vertR=108.3 vertDevFromCentroid=38 bindVert=(0.8,0.4,75.0)
[IK_SHARD_VERT] mesh='clap.mesh' wext=700 worstVtx=54 domBone[7]='bone_R-index01.mesh' w=0.41 vertR=78.4 vertDevFromCentroid=2734 bindVert=(24.3,-1.3,41.1)
[IK_SHARD_VERT] mesh='male_crowd_body01.mesh' wext=87 worstVtx=32 domBone[21]='bone_L-toe.mesh' w=1.00 vertR=16.2 vertDevFromCentroid=38 bindVert=(-5.8,9.1,0.1)
[IK_SHARD_VERT] mesh='female_crowd_body01_lod02.mesh' wext=80 worstVtx=164 domBone[15]='bone_R-toe.mesh' w=1.00 vertR=23.7 vertDevFromCentroid=37 bindVert=(3.6,6.2,-0.2)
[IK_SHARD_VERT] mesh='clap.mesh' wext=730 worstVtx=37 domBone[6]='bone_R-forearm.mesh' w=0.80 vertR=93.1 vertDevFromCentroid=2956 bindVert=(21.0,-1.1,45.3)
[IK_SHARD_VERT] mesh='male_crowd_body02.mesh' wext=88 worstVtx=765 domBone[13]='bone_head.mesh' w=1.00 vertR=108.3 vertDevFromCentroid=38 bindVert=(0.8,0.4,75.0)
[IK_SHARD_VERT] mesh='female_crowd_body02.mesh' wext=81 worstVtx=24 domBone[4]='bone_R-ankle.mesh' w=0.77 vertR=15.2 vertDevFromCentroid=37 bindVert=(6.1,0.3,-0.2)
[IK_SHARD_VERT] mesh='clap.mesh' wext=643 worstVtx=37 domBone[6]='bone_R-forearm.mesh' w=0.80 vertR=93.1 vertDevFromCentroid=2788 bindVert=(21.0,-1.1,45.3)
[IK_SHARD_VERT] mesh='male_crowd_body01.mesh' wext=87 worstVtx=32 domBone[21]='bone_L-toe.mesh' w=1.00 vertR=16.2 vertDevFromCentroid=38 bindVert=(-5.8,9.1,0.1)
[IK_SHARD_VERT] mesh='female_crowd_body01_lod02.mesh' wext=80 worstVtx=164 domBone[15]='bone_R-toe.mesh' w=1.00 vertR=23.7 vertDevFromCentroid=37 bindVert=(3.6,6.2,-0.2)
[IK_SHARD_VERT] mesh='clap.mesh' wext=675 worstVtx=37 domBone[6]='bone_R-forearm.mesh' w=0.80 vertR=93.1 vertDevFromCentroid=2570 bindVert=(21.0,-1.1,45.3)
[IK_SHARD_VERT] mesh='male_crowd_body02.mesh' wext=88 worstVtx=765 domBone[13]='bone_head.mesh' w=1.00 vertR=108.3 vertDevFromCentroid=38 bindVert=(0.8,0.4,75.0)
[IK_SHARD_VERT] mesh='clap.mesh' wext=672 worstVtx=54 domBone[7]='bone_R-index01.mesh' w=0.41 vertR=78.4 vertDevFromCentroid=3045 bindVert=(24.3,-1.3,41.1)
[IK_SHARD_VERT] mesh='female_crowd_body02.mesh' wext=81 worstVtx=24 domBone[4]='bone_R-ankle.mesh' w=0.77 vertR=15.2 vertDevFromCentroid=37 bindVert=(6.1,0.3,-0.2)
[IK_SHARD_VERT] mesh='female_extra_body01.mesh' wext=71 worstVtx=372 domBone[18]='bone_R-toe.mesh' w=1.00 vertR=8.0 vertDevFromCentroid=32 bindVert=(4.7,6.0,-0.2)
[IK_SHARD_VERT] mesh='male_extras_body01_medium.mesh' wext=78 worstVtx=228 domBone[27]='bone_R-toe.mesh' w=1.00 vertR=9.9 vertDevFromCentroid=32 bindVert=(6.4,9.1,0.2)
[IK_SHARD_VERT] mesh='female_crowd_body01_lod02.mesh' wext=80 worstVtx=164 domBone[15]='bone_R-toe.mesh' w=1.00 vertR=23.7 vertDevFromCentroid=37 bindVert=(3.6,6.2,-0.2)
[IK_SHARD_VERT] mesh='female_crowd_body04.mesh' wext=80 worstVtx=48 domBone[6]='bone_R-ankle.mesh' w=1.00 vertR=10.7 vertDevFromCentroid=37 bindVert=(5.5,-3.6,-0.2)
[IK_SHARD_VERT] mesh='male_crowd_body01.mesh' wext=87 worstVtx=32 domBone[21]='bone_L-toe.mesh' w=1.00 vertR=16.2 vertDevFromCentroid=38 bindVert=(-5.8,9.1,0.1)
[IK_SHARD_VERT] mesh='clap.mesh' wext=749 worstVtx=112 domBone[6]='bone_R-index02.mesh' w=0.58 vertR=76.3 vertDevFromCentroid=3071 bindVert=(23.9,-1.8,40.0)
[IK_SHARD_VERT] mesh='male_crowd_body02.mesh' wext=88 worstVtx=765 domBone[13]='bone_head.mesh' w=1.00 vertR=108.3 vertDevFromCentroid=38 bindVert=(0.8,0.4,75.0)
[IK_SHARD_VERT] mesh='female_crowd_body02.mesh' wext=81 worstVtx=24 domBone[4]='bone_R-ankle.mesh' w=0.77 vertR=15.2 vertDevFromCentroid=37 bindVert=(6.1,0.3,-0.2)
[IK_SHARD_VERT] mesh='clap.mesh' wext=732 worstVtx=6 domBone[7]='bone_R-hand.mesh' w=1.00 vertR=87.0 vertDevFromCentroid=2481 bindVert=(23.6,-1.4,41.9)
[IK_SHARD_VERT] mesh='male_crowd_body01.mesh' wext=87 worstVtx=32 domBone[21]='bone_L-toe.mesh' w=1.00 vertR=16.2 vertDevFromCentroid=38 bindVert=(-5.8,9.1,0.1)
[IK_SHARD_VERT] mesh='female_crowd_body01_lod02.mesh' wext=80 worstVtx=164 domBone[15]='bone_R-toe.mesh' w=1.00 vertR=23.7 vertDevFromCentroid=37 bindVert=(3.6,6.2,-0.2)
[IK_SHARD_VERT] mesh='clap.mesh' wext=623 worstVtx=37 domBone[6]='bone_R-forearm.mesh' w=0.80 vertR=93.1 vertDevFromCentroid=2576 bindVert=(21.0,-1.1,45.3)
[IK_SHARD_VERT] mesh='clap.mesh' wext=695 worstVtx=37 domBone[6]='bone_R-forearm.mesh' w=0.80 vertR=93.1 vertDevFromCentroid=2692 bindVert=(21.0,-1.1,45.3)
[IK_SHARD_VERT] mesh='male_crowd_body01.mesh' wext=87 worstVtx=32 domBone[21]='bone_L-toe.mesh' w=1.00 vertR=16.2 vertDevFromCentroid=38 bindVert=(-5.8,9.1,0.1)
[IK_SHARD_VERT] mesh='male_crowd_body02.mesh' wext=88 worstVtx=765 domBone[13]='bone_head.mesh' w=1.00 vertR=108.3 vertDevFromCentroid=38 bindVert=(0.8,0.4,75.0)
[IK_SHARD_VERT] mesh='female_crowd_body01_lod02.mesh' wext=80 worstVtx=164 domBone[15]='bone_R-toe.mesh' w=1.00 vertR=23.7 vertDevFromCentroid=37 bindVert=(3.6,6.2,-0.2)
[IK_SHARD_VERT] mesh='female_crowd_body02.mesh' wext=81 worstVtx=24 domBone[4]='bone_R-ankle.mesh' w=0.77 vertR=15.2 vertDevFromCentroid=37 bindVert=(6.1,0.3,-0.2)
[IK_SHARD_VERT] mesh='clap.mesh' wext=661 worstVtx=54 domBone[7]='bone_R-index01.mesh' w=0.41 vertR=78.4 vertDevFromCentroid=2935 bindVert=(24.3,-1.3,41.1)
[IK_SHARD_VERT] mesh='clap.mesh' wext=705 worstVtx=54 domBone[7]='bone_R-index01.mesh' w=0.41 vertR=78.4 vertDevFromCentroid=2708 bindVert=(24.3,-1.3,41.1)
[IK_SHARD_VERT] mesh='male_crowd_body02.mesh' wext=88 worstVtx=765 domBone[13]='bone_head.mesh' w=1.00 vertR=108.3 vertDevFromCentroid=38 bindVert=(0.8,0.4,75.0)
[IK_SHARD_VERT] mesh='female_crowd_body02.mesh' wext=81 worstVtx=24 domBone[4]='bone_R-ankle.mesh' w=0.77 vertR=15.2 vertDevFromCentroid=37 bindVert=(6.1,0.3,-0.2)
[IK_SHARD_VERT] mesh='male_crowd_body01.mesh' wext=87 worstVtx=32 domBone[21]='bone_L-toe.mesh' w=1.00 vertR=16.2 vertDevFromCentroid=38 bindVert=(-5.8,9.1,0.1)
[IK_SHARD_VERT] mesh='female_crowd_body01_lod02.mesh' wext=80 worstVtx=164 domBone[15]='bone_R-toe.mesh' w=1.00 vertR=23.7 vertDevFromCentroid=37 bindVert=(3.6,6.2,-0.2)
[IK_SHARD_VERT] mesh='clap.mesh' wext=70 worstVtx=143 domBone[6]='bone_L-index02.mesh' w=0.36 vertR=49.8 vertDevFromCentroid=35 bindVert=(-24.0,1.2,40.7)
[IK_SHARD_VERT] mesh='clap.mesh' wext=639 worstVtx=37 domBone[6]='bone_R-forearm.mesh' w=0.80 vertR=93.1 vertDevFromCentroid=2727 bindVert=(21.0,-1.1,45.3)
[IK_SHARD_VERT] mesh='male_crowd_body01.mesh' wext=87 worstVtx=32 domBone[21]='bone_L-toe.mesh' w=1.00 vertR=16.2 vertDevFromCentroid=38 bindVert=(-5.8,9.1,0.1)
[IK_SHARD_VERT] mesh='male_crowd_body02.mesh' wext=88 worstVtx=765 domBone[13]='bone_head.mesh' w=1.00 vertR=108.3 vertDevFromCentroid=38 bindVert=(0.8,0.4,75.0)
[IK_SHARD_VERT] mesh='female_crowd_body01_lod02.mesh' wext=80 worstVtx=164 domBone[15]='bone_R-toe.mesh' w=1.00 vertR=23.7 vertDevFromCentroid=37 bindVert=(3.6,6.2,-0.2)
[IK_SHARD_VERT] mesh='female_crowd_body02.mesh' wext=81 worstVtx=24 domBone[4]='bone_R-ankle.mesh' w=0.77 vertR=15.2 vertDevFromCentroid=37 bindVert=(6.1,0.3,-0.2)
[IK_SHARD_VERT] mesh='clap.mesh' wext=734 worstVtx=37 domBone[6]='bone_R-forearm.mesh' w=0.80 vertR=93.1 vertDevFromCentroid=2933 bindVert=(21.0,-1.1,45.3)
[IK_SHARD_VERT] mesh='male_crowd_body01.mesh' wext=87 worstVtx=32 domBone[21]='bone_L-toe.mesh' w=1.00 vertR=16.2 vertDevFromCentroid=38 bindVert=(-5.8,9.1,0.1)
[IK_SHARD_VERT] mesh='clap.mesh' wext=663 worstVtx=37 domBone[6]='bone_R-forearm.mesh' w=0.80 vertR=93.1 vertDevFromCentroid=2949 bindVert=(21.0,-1.1,45.3)
[IK_SHARD_VERT] mesh='male_crowd_body02.mesh' wext=88 worstVtx=765 domBone[13]='bone_head.mesh' w=1.00 vertR=108.3 vertDevFromCentroid=38 bindVert=(0.8,0.4,75.0)
[IK_SHARD_VERT] mesh='female_crowd_body01_lod02.mesh' wext=80 worstVtx=164 domBone[15]='bone_R-toe.mesh' w=1.00 vertR=23.7 vertDevFromCentroid=37 bindVert=(3.6,6.2,-0.2)
[IK_SHARD_VERT] mesh='female_crowd_body02.mesh' wext=81 worstVtx=24 domBone[4]='bone_R-ankle.mesh' w=0.77 vertR=15.2 vertDevFromCentroid=37 bindVert=(6.1,0.3,-0.2)
[IK_SHARD_VERT] mesh='clap.mesh' wext=728 worstVtx=54 domBone[7]='bone_R-index01.mesh' w=0.41 vertR=78.4 vertDevFromCentroid=2924 bindVert=(24.3,-1.3,41.1)
[IK_SHARD_VERT] mesh='clap.mesh' wext=612 worstVtx=54 domBone[7]='bone_R-index01.mesh' w=0.41 vertR=78.4 vertDevFromCentroid=2543 bindVert=(24.3,-1.3,41.1)
[IK_SHARD_VERT] mesh='male_crowd_body01.mesh' wext=86 worstVtx=32 domBone[21]='bone_L-toe.mesh' w=1.00 vertR=16.2 vertDevFromCentroid=38 bindVert=(-5.8,9.1,0.1)
[IK_SHARD_VERT] mesh='male_crowd_body02.mesh' wext=88 worstVtx=765 domBone[13]='bone_head.mesh' w=1.00 vertR=108.3 vertDevFromCentroid=38 bindVert=(0.8,0.4,75.0)
[IK_SHARD_VERT] mesh='clap.mesh' wext=700 worstVtx=54 domBone[7]='bone_R-index01.mesh' w=0.41 vertR=78.4 vertDevFromCentroid=2735 bindVert=(24.3,-1.3,41.1)
[IK_SHARD_VERT] mesh='female_crowd_body01_lod02.mesh' wext=80 worstVtx=164 domBone[15]='bone_R-toe.mesh' w=1.00 vertR=23.7 vertDevFromCentroid=37 bindVert=(3.6,6.2,-0.2)
[IK_SHARD_VERT] mesh='female_crowd_body02.mesh' wext=81 worstVtx=24 domBone[4]='bone_R-ankle.mesh' w=0.77 vertR=15.2 vertDevFromCentroid=37 bindVert=(6.1,0.3,-0.2)
[IK_SHARD_VERT] mesh='female_crowd_body03.mesh' wext=89 worstVtx=48 domBone[21]='bone_R-ankle.mesh' w=1.00 vertR=24.5 vertDevFromCentroid=42 bindVert=(3.3,-4.9,-0.2)
[IK_SHARD_VERT] mesh='male_crowd_body03.mesh' wext=92 worstVtx=64 domBone[5]='bone_R-ankle.mesh' w=1.00 vertR=21.3 vertDevFromCentroid=41 bindVert=(1.2,0.1,-0.1)
[IK_SHARD_VERT] mesh='male_crowd_body04.mesh' wext=93 worstVtx=252 domBone[18]='bone_R-ankle.mesh' w=1.00 vertR=22.0 vertDevFromCentroid=42 bindVert=(3.1,-1.3,-0.2)
[IK_SHARD_VERT] mesh='clap.mesh' wext=730 worstVtx=37 domBone[6]='bone_R-forearm.mesh' w=0.80 vertR=93.1 vertDevFromCentroid=2955 bindVert=(21.0,-1.1,45.3)
[IK_SHARD_VERT] mesh='male_crowd_body01.mesh' wext=86 worstVtx=32 domBone[21]='bone_L-toe.mesh' w=1.00 vertR=16.2 vertDevFromCentroid=38 bindVert=(-5.8,9.1,0.1)
[IK_SHARD_VERT] mesh='male_crowd_body02.mesh' wext=88 worstVtx=765 domBone[13]='bone_head.mesh' w=1.00 vertR=108.3 vertDevFromCentroid=38 bindVert=(0.8,0.4,75.0)
[IK_SHARD_VERT] mesh='female_crowd_body01_lod02.mesh' wext=80 worstVtx=164 domBone[15]='bone_R-toe.mesh' w=1.00 vertR=23.7 vertDevFromCentroid=37 bindVert=(3.6,6.2,-0.2)
[IK_SHARD_VERT] mesh='female_crowd_body02.mesh' wext=81 worstVtx=24 domBone[4]='bone_R-ankle.mesh' w=0.77 vertR=15.2 vertDevFromCentroid=37 bindVert=(6.1,0.3,-0.2)
[IK_SHARD_VERT] mesh='clap.mesh' wext=643 worstVtx=37 domBone[6]='bone_R-forearm.mesh' w=0.80 vertR=93.1 vertDevFromCentroid=2788 bindVert=(21.0,-1.1,45.3)
[IK_SHARD_VERT] mesh='male_crowd_body01.mesh' wext=86 worstVtx=32 domBone[21]='bone_L-toe.mesh' w=1.00 vertR=16.2 vertDevFromCentroid=38 bindVert=(-5.8,9.1,0.1)
[IK_SHARD_VERT] mesh='clap.mesh' wext=674 worstVtx=37 domBone[6]='bone_R-forearm.mesh' w=0.80 vertR=93.1 vertDevFromCentroid=2570 bindVert=(21.0,-1.1,45.3)
[IK_SHARD_VERT] mesh='female_crowd_body01_lod02.mesh' wext=80 worstVtx=164 domBone[15]='bone_R-toe.mesh' w=1.00 vertR=23.7 vertDevFromCentroid=37 bindVert=(3.6,6.2,-0.2)
[IK_SHARD_VERT] mesh='clap.mesh' wext=672 worstVtx=54 domBone[7]='bone_R-index01.mesh' w=0.41 vertR=78.4 vertDevFromCentroid=3046 bindVert=(24.3,-1.3,41.1)
[IK_SHARD_VERT] mesh='male_crowd_body02.mesh' wext=88 worstVtx=765 domBone[13]='bone_head.mesh' w=1.00 vertR=108.3 vertDevFromCentroid=38 bindVert=(0.8,0.4,75.0)
[IK_SHARD_VERT] mesh='female_crowd_body02.mesh' wext=81 worstVtx=24 domBone[4]='bone_R-ankle.mesh' w=0.77 vertR=15.2 vertDevFromCentroid=37 bindVert=(6.1,0.3,-0.2)
[IK_SHARD_VERT] mesh='clap.mesh' wext=749 worstVtx=54 domBone[7]='bone_R-index01.mesh' w=0.41 vertR=78.4 vertDevFromCentroid=3073 bindVert=(24.3,-1.3,41.1)
[IK_SHARD_VERT] mesh='male_crowd_body01.mesh' wext=86 worstVtx=32 domBone[21]='bone_L-toe.mesh' w=1.00 vertR=16.2 vertDevFromCentroid=38 bindVert=(-5.8,9.1,0.1)
[IK_SHARD_VERT] mesh='female_crowd_body01_lod02.mesh' wext=80 worstVtx=164 domBone[15]='bone_R-toe.mesh' w=1.00 vertR=23.7 vertDevFromCentroid=37 bindVert=(3.6,6.2,-0.2)
[IK_SHARD_VERT] mesh='clap.mesh' wext=734 worstVtx=140 domBone[0]='bone_R-index02.mesh' w=1.00 vertR=81.7 vertDevFromCentroid=2482 bindVert=(24.6,-0.7,37.8)
[IK_SHARD_VERT] mesh='male_crowd_body02.mesh' wext=88 worstVtx=765 domBone[13]='bone_head.mesh' w=1.00 vertR=108.3 vertDevFromCentroid=38 bindVert=(0.8,0.4,75.0)
[IK_SHARD_VERT] mesh='female_crowd_body02.mesh' wext=81 worstVtx=24 domBone[4]='bone_R-ankle.mesh' w=0.77 vertR=15.2 vertDevFromCentroid=37 bindVert=(6.1,0.3,-0.2)
[IK_SHARD_VERT] mesh='clap.mesh' wext=623 worstVtx=37 domBone[6]='bone_R-forearm.mesh' w=0.80 vertR=93.1 vertDevFromCentroid=2576 bindVert=(21.0,-1.1,45.3)
[IK_SHARD_VERT] mesh='male_crowd_body01.mesh' wext=86 worstVtx=32 domBone[21]='bone_L-toe.mesh' w=1.00 vertR=16.2 vertDevFromCentroid=38 bindVert=(-5.8,9.1,0.1)
[IK_SHARD_VERT] mesh='female_crowd_body01_lod02.mesh' wext=80 worstVtx=164 domBone[15]='bone_R-toe.mesh' w=1.00 vertR=23.7 vertDevFromCentroid=37 bindVert=(3.6,6.2,-0.2)
[IK_SHARD_VERT] mesh='clap.mesh' wext=695 worstVtx=37 domBone[6]='bone_R-forearm.mesh' w=0.80 vertR=93.1 vertDevFromCentroid=2691 bindVert=(21.0,-1.1,45.3)
[IK_SHARD_VERT] mesh='male_crowd_body02.mesh' wext=88 worstVtx=765 domBone[13]='bone_head.mesh' w=1.00 vertR=108.3 vertDevFromCentroid=38 bindVert=(0.8,0.4,75.0)
[IK_SHARD_VERT] mesh='female_crowd_body02.mesh' wext=81 worstVtx=24 domBone[4]='bone_R-ankle.mesh' w=0.77 vertR=15.2 vertDevFromCentroid=37 bindVert=(6.1,0.3,-0.2)
[IK_SHARD_VERT] mesh='male_crowd_body01.mesh' wext=86 worstVtx=32 domBone[21]='bone_L-toe.mesh' w=1.00 vertR=16.2 vertDevFromCentroid=38 bindVert=(-5.8,9.1,0.1)
[IK_SHARD_VERT] mesh='clap.mesh' wext=661 worstVtx=54 domBone[7]='bone_R-index01.mesh' w=0.41 vertR=78.4 vertDevFromCentroid=2936 bindVert=(24.3,-1.3,41.1)
[IK_SHARD_VERT] mesh='female_crowd_body01_lod02.mesh' wext=80 worstVtx=164 domBone[15]='bone_R-toe.mesh' w=1.00 vertR=23.7 vertDevFromCentroid=37 bindVert=(3.6,6.2,-0.2)
[IK_SHARD_VERT] mesh='clap.mesh' wext=705 worstVtx=54 domBone[7]='bone_R-index01.mesh' w=0.41 vertR=78.4 vertDevFromCentroid=2711 bindVert=(24.3,-1.3,41.1)
[IK_SHARD_VERT] mesh='male_crowd_body02.mesh' wext=88 worstVtx=765 domBone[13]='bone_head.mesh' w=1.00 vertR=108.3 vertDevFromCentroid=38 bindVert=(0.8,0.4,75.0)
[IK_SHARD_VERT] mesh='female_crowd_body02.mesh' wext=81 worstVtx=24 domBone[4]='bone_R-ankle.mesh' w=0.77 vertR=15.2 vertDevFromCentroid=37 bindVert=(6.1,0.3,-0.2)
[IK_SHARD_VERT] mesh='clap.mesh' wext=72 worstVtx=143 domBone[6]='bone_L-index02.mesh' w=0.36 vertR=49.8 vertDevFromCentroid=35 bindVert=(-24.0,1.2,40.7)
[IK_SHARD_VERT] mesh='male_crowd_body01.mesh' wext=86 worstVtx=32 domBone[21]='bone_L-toe.mesh' w=1.00 vertR=16.2 vertDevFromCentroid=38 bindVert=(-5.8,9.1,0.1)
[IK_SHARD_VERT] mesh='female_crowd_body01_lod02.mesh' wext=80 worstVtx=164 domBone[15]='bone_R-toe.mesh' w=1.00 vertR=23.7 vertDevFromCentroid=37 bindVert=(3.6,6.2,-0.2)
[IK_SHARD_VERT] mesh='clap.mesh' wext=638 worstVtx=37 domBone[6]='bone_R-forearm.mesh' w=0.80 vertR=93.1 vertDevFromCentroid=2727 bindVert=(21.0,-1.1,45.3)
[IK_SHARD_VERT] mesh='male_crowd_body02.mesh' wext=88 worstVtx=765 domBone[13]='bone_head.mesh' w=1.00 vertR=108.3 vertDevFromCentroid=38 bindVert=(0.8,0.4,75.0)
[IK_SHARD_VERT] mesh='female_crowd_body02.mesh' wext=81 worstVtx=24 domBone[4]='bone_R-ankle.mesh' w=0.77 vertR=15.2 vertDevFromCentroid=37 bindVert=(6.1,0.3,-0.2)
[IK_SHARD_VERT] mesh='clap.mesh' wext=733 worstVtx=37 domBone[6]='bone_R-forearm.mesh' w=0.80 vertR=93.1 vertDevFromCentroid=2933 bindVert=(21.0,-1.1,45.3)
[IK_SHARD_VERT] mesh='male_crowd_body01.mesh' wext=86 worstVtx=32 domBone[21]='bone_L-toe.mesh' w=1.00 vertR=16.2 vertDevFromCentroid=38 bindVert=(-5.8,9.1,0.1)
[IK_SHARD_VERT] mesh='female_crowd_body01_lod02.mesh' wext=80 worstVtx=164 domBone[15]='bone_R-toe.mesh' w=1.00 vertR=23.7 vertDevFromCentroid=37 bindVert=(3.6,6.2,-0.2)
[IK_SHARD_VERT] mesh='clap.mesh' wext=663 worstVtx=37 domBone[6]='bone_R-forearm.mesh' w=0.80 vertR=93.1 vertDevFromCentroid=2949 bindVert=(21.0,-1.1,45.3)
[IK_SHARD_VERT] mesh='male_crowd_body01.mesh' wext=86 worstVtx=32 domBone[21]='bone_L-toe.mesh' w=1.00 vertR=16.2 vertDevFromCentroid=38 bindVert=(-5.8,9.1,0.1)
[IK_SHARD_VERT] mesh='clap.mesh' wext=729 worstVtx=54 domBone[7]='bone_R-index01.mesh' w=0.41 vertR=78.4 vertDevFromCentroid=2928 bindVert=(24.3,-1.3,41.1)
[IK_SHARD_VERT] mesh='male_crowd_body02.mesh' wext=88 worstVtx=765 domBone[13]='bone_head.mesh' w=1.00 vertR=108.3 vertDevFromCentroid=38 bindVert=(0.8,0.4,75.0)
[IK_SHARD_VERT] mesh='female_crowd_body01_lod02.mesh' wext=80 worstVtx=164 domBone[15]='bone_R-toe.mesh' w=1.00 vertR=23.7 vertDevFromCentroid=37 bindVert=(3.6,6.2,-0.2)
[IK_SHARD_VERT] mesh='female_crowd_body02.mesh' wext=81 worstVtx=24 domBone[4]='bone_R-ankle.mesh' w=0.77 vertR=15.2 vertDevFromCentroid=37 bindVert=(6.1,0.3,-0.2)
[IK_SHARD_VERT] mesh='clap.mesh' wext=612 worstVtx=54 domBone[7]='bone_R-index01.mesh' w=0.41 vertR=78.4 vertDevFromCentroid=2544 bindVert=(24.3,-1.3,41.1)
[IK_SHARD_VERT] mesh='male_crowd_body02.mesh' wext=88 worstVtx=765 domBone[13]='bone_head.mesh' w=1.00 vertR=108.3 vertDevFromCentroid=38 bindVert=(0.8,0.4,75.0)
[IK_SHARD_VERT] mesh='clap.mesh' wext=701 worstVtx=54 domBone[7]='bone_R-index01.mesh' w=0.41 vertR=78.4 vertDevFromCentroid=2739 bindVert=(24.3,-1.3,41.1)
[IK_SHARD_VERT] mesh='female_crowd_body02.mesh' wext=81 worstVtx=24 domBone[4]='bone_R-ankle.mesh' w=0.77 vertR=15.2 vertDevFromCentroid=37 bindVert=(6.1,0.3,-0.2)
[IK_SHARD_VERT] mesh='male_crowd_body01.mesh' wext=86 worstVtx=32 domBone[21]='bone_L-toe.mesh' w=1.00 vertR=16.2 vertDevFromCentroid=38 bindVert=(-5.8,9.1,0.1)
[IK_SHARD_VERT] mesh='female_crowd_body01_lod02.mesh' wext=80 worstVtx=164 domBone[15]='bone_R-toe.mesh' w=1.00 vertR=23.7 vertDevFromCentroid=37 bindVert=(3.6,6.2,-0.2)
[IK_SHARD_VERT] mesh='clap.mesh' wext=730 worstVtx=37 domBone[6]='bone_R-forearm.mesh' w=0.80 vertR=93.1 vertDevFromCentroid=2955 bindVert=(21.0,-1.1,45.3)
[IK_SHARD_VERT] mesh='clap.mesh' wext=642 worstVtx=37 domBone[6]='bone_R-forearm.mesh' w=0.80 vertR=93.1 vertDevFromCentroid=2789 bindVert=(21.0,-1.1,45.3)
[IK_SHARD_VERT] mesh='male_crowd_body01.mesh' wext=86 worstVtx=32 domBone[21]='bone_L-toe.mesh' w=1.00 vertR=16.2 vertDevFromCentroid=38 bindVert=(-5.8,9.1,0.1)
[IK_SHARD_VERT] mesh='male_crowd_body02.mesh' wext=87 worstVtx=765 domBone[13]='bone_head.mesh' w=1.00 vertR=108.3 vertDevFromCentroid=38 bindVert=(0.8,0.4,75.0)
[IK_SHARD_VERT] mesh='female_crowd_body01_lod02.mesh' wext=80 worstVtx=164 domBone[15]='bone_R-toe.mesh' w=1.00 vertR=23.7 vertDevFromCentroid=37 bindVert=(3.6,6.2,-0.2)
[IK_SHARD_VERT] mesh='female_crowd_body02.mesh' wext=81 worstVtx=24 domBone[4]='bone_R-ankle.mesh' w=0.77 vertR=15.2 vertDevFromCentroid=37 bindVert=(6.1,0.3,-0.2)
[IK_SHARD_VERT] mesh='clap.mesh' wext=674 worstVtx=37 domBone[6]='bone_R-forearm.mesh' w=0.80 vertR=93.1 vertDevFromCentroid=2570 bindVert=(21.0,-1.1,45.3)
[IK_SHARD_VERT] mesh='clap.mesh' wext=672 worstVtx=54 domBone[7]='bone_R-index01.mesh' w=0.41 vertR=78.4 vertDevFromCentroid=3047 bindVert=(24.3,-1.3,41.1)
[IK_SHARD_VERT] mesh='female_extra_body01.mesh' wext=71 worstVtx=372 domBone[18]='bone_R-toe.mesh' w=1.00 vertR=8.0 vertDevFromCentroid=32 bindVert=(4.7,6.0,-0.2)
[IK_SHARD_VERT] mesh='male_extras_body01_medium.mesh' wext=78 worstVtx=228 domBone[27]='bone_R-toe.mesh' w=1.00 vertR=9.9 vertDevFromCentroid=32 bindVert=(6.4,9.1,0.2)
[IK_SHARD_VERT] mesh='female_crowd_body01_lod02.mesh' wext=80 worstVtx=164 domBone[15]='bone_R-toe.mesh' w=1.00 vertR=23.7 vertDevFromCentroid=37 bindVert=(3.6,6.2,-0.2)
[IK_SHARD_VERT] mesh='female_crowd_body02.mesh' wext=81 worstVtx=24 domBone[4]='bone_R-ankle.mesh' w=0.77 vertR=15.2 vertDevFromCentroid=37 bindVert=(6.1,0.3,-0.2)
[IK_SHARD_VERT] mesh='female_crowd_body03.mesh' wext=89 worstVtx=48 domBone[21]='bone_R-ankle.mesh' w=1.00 vertR=24.5 vertDevFromCentroid=43 bindVert=(3.3,-4.9,-0.2)
[IK_SHARD_VERT] mesh='female_crowd_body04.mesh' wext=80 worstVtx=48 domBone[6]='bone_R-ankle.mesh' w=1.00 vertR=10.7 vertDevFromCentroid=37 bindVert=(5.5,-3.6,-0.2)
[IK_SHARD_VERT] mesh='male_crowd_body01.mesh' wext=86 worstVtx=32 domBone[21]='bone_L-toe.mesh' w=1.00 vertR=16.2 vertDevFromCentroid=38 bindVert=(-5.8,9.1,0.1)
[IK_SHARD_VERT] mesh='male_crowd_body02.mesh' wext=87 worstVtx=765 domBone[13]='bone_head.mesh' w=1.00 vertR=108.3 vertDevFromCentroid=38 bindVert=(0.8,0.4,75.0)
[IK_SHARD_VERT] mesh='male_crowd_body03.mesh' wext=91 worstVtx=64 domBone[5]='bone_R-ankle.mesh' w=1.00 vertR=21.3 vertDevFromCentroid=43 bindVert=(1.2,0.1,-0.1)
[IK_SHARD_VERT] mesh='male_crowd_body04.mesh' wext=91 worstVtx=252 domBone[18]='bone_R-ankle.mesh' w=1.00 vertR=22.0 vertDevFromCentroid=44 bindVert=(3.1,-1.3,-0.2)
[IK_SHARD_VERT] mesh='female_extra_body02.mesh' wext=72 worstVtx=210 domBone[22]='bone_R-ankle.mesh' w=1.00 vertR=10.2 vertDevFromCentroid=32 bindVert=(4.7,-5.3,-0.2)
[IK_SHARD_VERT] mesh='male_extras_body02_medium.mesh' wext=77 worstVtx=15 domBone[18]='bone_R-toe.mesh' w=0.85 vertR=8.7 vertDevFromCentroid=32 bindVert=(5.8,7.7,0.1)
[IK_SHARD_VERT] mesh='male_extras_body03_medium.mesh' wext=66 worstVtx=40 domBone[17]='bone_R-toe.mesh' w=1.00 vertR=11.4 vertDevFromCentroid=32 bindVert=(5.3,10.7,0.6)
[IK_SHARD_VERT] mesh='male_extras_body11_medium.mesh' wext=70 worstVtx=35 domBone[12]='bone_L-ankle.mesh' w=0.82 vertR=6.8 vertDevFromCentroid=32 bindVert=(-6.8,6.1,-0.0)
[IK_SHARD_VERT] mesh='clap.mesh' wext=749 worstVtx=54 domBone[7]='bone_R-index01.mesh' w=0.41 vertR=78.4 vertDevFromCentroid=3077 bindVert=(24.3,-1.3,41.1)
[IK_SHARD_VERT] mesh='clap.mesh' wext=735 worstVtx=140 domBone[0]='bone_R-index02.mesh' w=1.00 vertR=81.7 vertDevFromCentroid=2483 bindVert=(24.6,-0.7,37.8)
[IK_SHARD_VERT] mesh='male_crowd_body01.mesh' wext=86 worstVtx=32 domBone[21]='bone_L-toe.mesh' w=1.00 vertR=16.2 vertDevFromCentroid=38 bindVert=(-5.8,9.1,0.1)
[IK_SHARD_VERT] mesh='male_crowd_body02.mesh' wext=87 worstVtx=765 domBone[13]='bone_head.mesh' w=1.00 vertR=108.3 vertDevFromCentroid=38 bindVert=(0.8,0.4,75.0)
[IK_SHARD_VERT] mesh='female_crowd_body01_lod02.mesh' wext=80 worstVtx=164 domBone[15]='bone_R-toe.mesh' w=1.00 vertR=23.7 vertDevFromCentroid=37 bindVert=(3.6,6.2,-0.2)
[IK_SHARD_VERT] mesh='female_crowd_body02.mesh' wext=81 worstVtx=24 domBone[4]='bone_R-ankle.mesh' w=0.77 vertR=15.2 vertDevFromCentroid=37 bindVert=(6.1,0.3,-0.2)
[IK_SHARD_VERT] mesh='clap.mesh' wext=623 worstVtx=37 domBone[6]='bone_R-forearm.mesh' w=0.80 vertR=93.1 vertDevFromCentroid=2577 bindVert=(21.0,-1.1,45.3)
[IK_SHARD_VERT] mesh='hands_naked.mesh' wext=81 worstVtx=686 domBone[25]='bone_L-thumb01.mesh' w=1.00 vertR=25.4 vertDevFromCentroid=38 bindVert=(-22.3,-14.6,64.5)
[HANDS_ATTACH] mesh='hands_naked.mesh' owner='hands_naked.mesh' frame=63 nb=38 wext=81.0 rebound=1
  TIER1 rest-coherence: worst=3.1deg bone[2]='bone_R-pinky03.mesh' count(>5deg)=0 freshRecap=0  xcheck(invOff-vs-restW) worst=3.1deg bone[2]
  TIER2 joint-attach(PRIMARY): worst=2.44u bone[18]='bone_R-pinky02.mesh' parent[14] R=46.7 exactJoint=0.01u pairs=30  (palette-wide exactWorst=0.34u)
[HANDS_ATTACH] mesh='hands_naked.mesh' owner='hands_naked.mesh' frame=63 nb=40 wext=55.7 rebound=1
  TIER1 rest-coherence: worst=28.9deg bone[29]='bone_L-thumb03.mesh' count(>5deg)=40 freshRecap=0  xcheck(invOff-vs-restW) worst=28.9deg bone[29]
  TIER2 joint-attach(PRIMARY): worst=25.32u bone[0]='bone_R-middlefinger02.mesh' parent[4] R=46.8 exactJoint=0.61u pairs=36  (palette-wide exactWorst=0.94u)
[HANDS_ATTACH] mesh='hands_naked.mesh' owner='hands_naked.mesh' frame=63 nb=38 wext=80.3 rebound=1
  TIER1 rest-coherence: worst=3.1deg bone[2]='bone_R-pinky03.mesh' count(>5deg)=0 freshRecap=0  xcheck(invOff-vs-restW) worst=3.1deg bone[2]
  TIER2 joint-attach(PRIMARY): worst=2.44u bone[18]='bone_R-pinky02.mesh' parent[14] R=46.7 exactJoint=0.01u pairs=30  (palette-wide exactWorst=0.01u)
[HANDS_ATTACH] mesh='gloves_resource.1.mesh' owner='gloves_resource.1.mesh' frame=63 nb=4 wext=5.6 rebound=1
  TIER1 rest-coherence: worst=14.6deg bone[1]='bone_L-hand.mesh' count(>5deg)=4 freshRecap=0  xcheck(invOff-vs-restW) worst=14.6deg bone[1]
  TIER2 joint-attach(PRIMARY): worst=8.03u bone[0]='bone_L-index03.mesh' parent[3] R=46.3 exactJoint=0.15u pairs=3  (palette-wide exactWorst=0.37u)
[HANDS_ATTACH] mesh='gloves_resource.mesh' owner='gloves_resource.mesh' frame=63 nb=40 wext=28.4 rebound=1
  TIER1 rest-coherence: worst=28.9deg bone[28]='bone_L-thumb03.mesh' count(>5deg)=40 freshRecap=0  xcheck(invOff-vs-restW) worst=28.9deg bone[28]
  TIER2 joint-attach(PRIMARY): worst=25.32u bone[0]='bone_R-middlefinger02.mesh' parent[11] R=46.8 exactJoint=0.61u pairs=36  (palette-wide exactWorst=0.94u)
[HANDS_ATTACH] mesh='gloves_skin.2.mesh' owner='gloves_skin.2.mesh' frame=63 nb=9 wext=15.4 rebound=1
  TIER1 rest-coherence: worst=17.9deg bone[8]='bone_L-foreTwist2.mesh' count(>5deg)=9 freshRecap=0  xcheck(invOff-vs-restW) worst=17.9deg bone[7]
  TIER2 joint-attach(PRIMARY): worst=0.94u bone[3]='bone_R-pinky-base.mesh' parent[2] R=48.7 exactJoint=0.94u pairs=5  (palette-wide exactWorst=0.94u)
[IK_SHARD_VERT] mesh='clap.mesh' wext=694 worstVtx=37 domBone[6]='bone_R-forearm.mesh' w=0.80 vertR=93.1 vertDevFromCentroid=2692 bindVert=(21.0,-1.1,45.3)
[IK_SHARD_VERT] mesh='male_crowd_body01.mesh' wext=86 worstVtx=32 domBone[21]='bone_L-toe.mesh' w=1.00 vertR=16.2 vertDevFromCentroid=38 bindVert=(-5.8,9.1,0.1)
[IK_SHARD_VERT] mesh='female_crowd_body01_lod02.mesh' wext=80 worstVtx=164 domBone[15]='bone_R-toe.mesh' w=1.00 vertR=23.7 vertDevFromCentroid=37 bindVert=(3.6,6.2,-0.2)
[IK_SHARD_VERT] mesh='male_crowd_body02.mesh' wext=87 worstVtx=765 domBone[13]='bone_head.mesh' w=1.00 vertR=108.3 vertDevFromCentroid=38 bindVert=(0.8,0.4,75.0)
[IK_SHARD_VERT] mesh='clap.mesh' wext=661 worstVtx=54 domBone[7]='bone_R-index01.mesh' w=0.41 vertR=78.4 vertDevFromCentroid=2937 bindVert=(24.3,-1.3,41.1)
[IK_SHARD_VERT] mesh='female_crowd_body02.mesh' wext=81 worstVtx=24 domBone[4]='bone_R-ankle.mesh' w=0.77 vertR=15.2 vertDevFromCentroid=37 bindVert=(6.1,0.3,-0.2)
[IK_SHARD_VERT] mesh='clap.mesh' wext=705 worstVtx=54 domBone[7]='bone_R-index01.mesh' w=0.41 vertR=78.4 vertDevFromCentroid=2715 bindVert=(24.3,-1.3,41.1)
[IK_SHARD_VERT] mesh='male_crowd_body01.mesh' wext=86 worstVtx=32 domBone[21]='bone_L-toe.mesh' w=1.00 vertR=16.2 vertDevFromCentroid=38 bindVert=(-5.8,9.1,0.1)
[IK_SHARD_VERT] mesh='male_crowd_body02.mesh' wext=87 worstVtx=765 domBone[13]='bone_head.mesh' w=1.00 vertR=108.3 vertDevFromCentroid=38 bindVert=(0.8,0.4,75.0)
[IK_SHARD_VERT] mesh='female_crowd_body01_lod02.mesh' wext=80 worstVtx=164 domBone[15]='bone_R-toe.mesh' w=1.00 vertR=23.7 vertDevFromCentroid=37 bindVert=(3.6,6.2,-0.2)
[IK_SHARD_VERT] mesh='female_crowd_body02.mesh' wext=81 worstVtx=24 domBone[4]='bone_R-ankle.mesh' w=0.77 vertR=15.2 vertDevFromCentroid=37 bindVert=(6.1,0.3,-0.2)
[HANDS_ATTACH] mesh='fingernails_resource.mesh' owner='fingernails_resource.mesh' frame=65 nb=10 wext=51.3 rebound=1
  TIER1 rest-coherence: worst=177.7deg bone[5]='bone_R-thumb03.mesh' count(>5deg)=10 freshRecap=10  xcheck(invOff-vs-restW) worst=177.7deg bone[5]
  TIER2 joint-attach(PRIMARY): worst=0.00u bone[-1]='?' parent[-1] R=0.0 exactJoint=0.00u pairs=0  (palette-wide exactWorst=0.00u)
[HANDS_ATTACH] mesh='fingernails_resource.mesh' owner='fingernails_resource.mesh' frame=65 nb=10 wext=28.4 rebound=1
  TIER1 rest-coherence: worst=177.5deg bone[9]='bone_L-index03.mesh' count(>5deg)=10 freshRecap=10  xcheck(invOff-vs-restW) worst=177.5deg bone[9]
  TIER2 joint-attach(PRIMARY): worst=0.00u bone[-1]='?' parent[-1] R=0.0 exactJoint=0.00u pairs=0  (palette-wide exactWorst=0.00u)
[HANDS_ATTACH] mesh='fingernails_resource.mesh' owner='fingernails_resource.mesh' frame=65 nb=10 wext=44.7 rebound=1
  TIER1 rest-coherence: worst=178.5deg bone[2]='bone_L-index03.mesh' count(>5deg)=10 freshRecap=10  xcheck(invOff-vs-restW) worst=178.5deg bone[2]
  TIER2 joint-attach(PRIMARY): worst=0.00u bone[-1]='?' parent[-1] R=0.0 exactJoint=0.00u pairs=0  (palette-wide exactWorst=0.00u)
[IK_SHARD_VERT] mesh='highlight_main.mesh' wext=183 worstVtx=3 domBone[2]='bone_bottom_right.mesh' w=1.00 vertR=7.0 vertDevFromCentroid=92 bindVert=(64.0,-16.0,0.0)
[IK_SHARD_VERT] mesh='hands_naked.mesh' wext=99 worstVtx=7 domBone[24]='bone_L-thumb03.mesh' w=1.00 vertR=22.8 vertDevFromCentroid=41 bindVert=(-22.4,-5.5,59.8)
[HANDS_ATTACH] mesh='hands_naked.mesh' owner='hands_naked.mesh' frame=74 nb=38 wext=100.9 rebound=1
  TIER1 rest-coherence: worst=3.1deg bone[2]='bone_R-pinky03.mesh' count(>5deg)=0 freshRecap=0  xcheck(invOff-vs-restW) worst=3.1deg bone[2]
  TIER2 joint-attach(PRIMARY): worst=76.54u bone[17]='bone_R-ringfinger02.mesh' parent[15] R=46.7 exactJoint=0.00u pairs=30  (palette-wide exactWorst=0.34u)
[HANDS_ATTACH] mesh='hands_naked.mesh' owner='hands_naked.mesh' frame=74 nb=40 wext=60.1 rebound=1
  TIER1 rest-coherence: worst=28.9deg bone[29]='bone_L-thumb03.mesh' count(>5deg)=40 freshRecap=0  xcheck(invOff-vs-restW) worst=28.9deg bone[29]
  TIER2 joint-attach(PRIMARY): worst=88.18u bone[5]='bone_R-ringfinger02.mesh' parent[24] R=46.7 exactJoint=0.44u pairs=36  (palette-wide exactWorst=0.94u)
[IK_SHARD_VERT] mesh='hands_naked.mesh' wext=98 worstVtx=7 domBone[24]='bone_L-thumb03.mesh' w=1.00 vertR=22.8 vertDevFromCentroid=41 bindVert=(-22.4,-5.5,59.8)
[HANDS_ATTACH] mesh='hands_naked.mesh' owner='hands_naked.mesh' frame=74 nb=38 wext=98.2 rebound=1
  TIER1 rest-coherence: worst=3.1deg bone[2]='bone_R-pinky03.mesh' count(>5deg)=0 freshRecap=0  xcheck(invOff-vs-restW) worst=3.1deg bone[2]
  TIER2 joint-attach(PRIMARY): worst=120.31u bone[17]='bone_R-ringfinger02.mesh' parent[15] R=46.7 exactJoint=0.00u pairs=30  (palette-wide exactWorst=0.01u)
[HANDS_ATTACH] mesh='gloves_resource.1.mesh' owner='gloves_resource.1.mesh' frame=74 nb=4 wext=9.9 rebound=1
  TIER1 rest-coherence: worst=14.6deg bone[1]='bone_L-hand.mesh' count(>5deg)=4 freshRecap=0  xcheck(invOff-vs-restW) worst=14.6deg bone[1]
  TIER2 joint-attach(PRIMARY): worst=19.69u bone[3]='bone_L-index02.mesh' parent[2] R=47.0 exactJoint=0.35u pairs=3  (palette-wide exactWorst=0.37u)
[HANDS_ATTACH] mesh='gloves_resource.mesh' owner='gloves_resource.mesh' frame=74 nb=40 wext=48.7 rebound=1
  TIER1 rest-coherence: worst=28.9deg bone[28]='bone_L-thumb03.mesh' count(>5deg)=40 freshRecap=0  xcheck(invOff-vs-restW) worst=28.9deg bone[28]
  TIER2 joint-attach(PRIMARY): worst=104.92u bone[16]='bone_R-ringfinger02.mesh' parent[19] R=46.7 exactJoint=0.44u pairs=36  (palette-wide exactWorst=0.94u)
[HANDS_ATTACH] mesh='gloves_skin.2.mesh' owner='gloves_skin.2.mesh' frame=74 nb=9 wext=10.4 rebound=1
  TIER1 rest-coherence: worst=17.9deg bone[8]='bone_L-foreTwist2.mesh' count(>5deg)=9 freshRecap=0  xcheck(invOff-vs-restW) worst=17.9deg bone[7]
  TIER2 joint-attach(PRIMARY): worst=0.94u bone[3]='bone_R-pinky-base.mesh' parent[2] R=48.7 exactJoint=0.94u pairs=5  (palette-wide exactWorst=0.94u)
[IK_SHARD_VERT] mesh='hands_naked.mesh' wext=97 worstVtx=7 domBone[24]='bone_L-thumb03.mesh' w=1.00 vertR=22.8 vertDevFromCentroid=40 bindVert=(-22.4,-5.5,59.8)
[HANDS_ATTACH] mesh='hands_naked.mesh' owner='hands_naked.mesh' frame=84 nb=38 wext=101.6 rebound=1
  TIER1 rest-coherence: worst=3.1deg bone[2]='bone_R-pinky03.mesh' count(>5deg)=0 freshRecap=0  xcheck(invOff-vs-restW) worst=3.1deg bone[2]
  TIER2 joint-attach(PRIMARY): worst=76.54u bone[17]='bone_R-ringfinger02.mesh' parent[15] R=46.7 exactJoint=0.00u pairs=30  (palette-wide exactWorst=0.34u)
[HANDS_ATTACH] mesh='hands_naked.mesh' owner='hands_naked.mesh' frame=84 nb=40 wext=59.9 rebound=1
  TIER1 rest-coherence: worst=28.9deg bone[29]='bone_L-thumb03.mesh' count(>5deg)=40 freshRecap=0  xcheck(invOff-vs-restW) worst=28.9deg bone[29]
  TIER2 joint-attach(PRIMARY): worst=85.96u bone[5]='bone_R-ringfinger02.mesh' parent[24] R=46.7 exactJoint=0.44u pairs=36  (palette-wide exactWorst=0.94u)
[HANDS_ATTACH] mesh='hands_naked.mesh' owner='hands_naked.mesh' frame=84 nb=38 wext=96.8 rebound=1
  TIER1 rest-coherence: worst=3.1deg bone[2]='bone_R-pinky03.mesh' count(>5deg)=0 freshRecap=0  xcheck(invOff-vs-restW) worst=3.1deg bone[2]
  TIER2 joint-attach(PRIMARY): worst=119.49u bone[17]='bone_R-ringfinger02.mesh' parent[15] R=46.7 exactJoint=0.00u pairs=30  (palette-wide exactWorst=0.01u)
[HANDS_ATTACH] mesh='gloves_resource.1.mesh' owner='gloves_resource.1.mesh' frame=84 nb=4 wext=10.4 rebound=1
  TIER1 rest-coherence: worst=14.6deg bone[1]='bone_L-hand.mesh' count(>5deg)=4 freshRecap=0  xcheck(invOff-vs-restW) worst=14.6deg bone[1]
  TIER2 joint-attach(PRIMARY): worst=21.69u bone[3]='bone_L-index02.mesh' parent[2] R=47.0 exactJoint=0.35u pairs=3  (palette-wide exactWorst=0.37u)
[HANDS_ATTACH] mesh='gloves_resource.mesh' owner='gloves_resource.mesh' frame=84 nb=40 wext=47.3 rebound=1
  TIER1 rest-coherence: worst=28.9deg bone[28]='bone_L-thumb03.mesh' count(>5deg)=40 freshRecap=0  xcheck(invOff-vs-restW) worst=28.9deg bone[28]
  TIER2 joint-attach(PRIMARY): worst=103.75u bone[16]='bone_R-ringfinger02.mesh' parent[19] R=46.7 exactJoint=0.44u pairs=36  (palette-wide exactWorst=0.94u)
[HANDS_ATTACH] mesh='gloves_skin.2.mesh' owner='gloves_skin.2.mesh' frame=84 nb=9 wext=9.7 rebound=1
  TIER1 rest-coherence: worst=17.9deg bone[8]='bone_L-foreTwist2.mesh' count(>5deg)=9 freshRecap=0  xcheck(invOff-vs-restW) worst=17.9deg bone[7]
  TIER2 joint-attach(PRIMARY): worst=0.94u bone[3]='bone_R-pinky-base.mesh' parent[2] R=48.7 exactJoint=0.94u pairs=5  (palette-wide exactWorst=0.94u)
[HANDS_ATTACH] mesh='fingernails_resource.mesh' owner='fingernails_resource.mesh' frame=85 nb=10 wext=50.8 rebound=1
  TIER1 rest-coherence: worst=177.7deg bone[5]='bone_R-thumb03.mesh' count(>5deg)=10 freshRecap=0  xcheck(invOff-vs-restW) worst=177.7deg bone[5]
  TIER2 joint-attach(PRIMARY): worst=0.00u bone[-1]='?' parent[-1] R=0.0 exactJoint=0.00u pairs=0  (palette-wide exactWorst=0.00u)
[HANDS_ATTACH] mesh='fingernails_resource.mesh' owner='fingernails_resource.mesh' frame=85 nb=10 wext=27.1 rebound=1
  TIER1 rest-coherence: worst=177.5deg bone[9]='bone_L-index03.mesh' count(>5deg)=10 freshRecap=0  xcheck(invOff-vs-restW) worst=177.5deg bone[9]
  TIER2 joint-attach(PRIMARY): worst=0.00u bone[-1]='?' parent[-1] R=0.0 exactJoint=0.00u pairs=0  (palette-wide exactWorst=0.00u)
[HANDS_ATTACH] mesh='fingernails_resource.mesh' owner='fingernails_resource.mesh' frame=85 nb=10 wext=43.2 rebound=1
  TIER1 rest-coherence: worst=178.5deg bone[2]='bone_L-index03.mesh' count(>5deg)=10 freshRecap=0  xcheck(invOff-vs-restW) worst=178.5deg bone[2]
  TIER2 joint-attach(PRIMARY): worst=0.00u bone[-1]='?' parent[-1] R=0.0 exactJoint=0.00u pairs=0  (palette-wide exactWorst=0.00u)
[IK_SHARD_VERT] mesh='hands_naked.mesh' wext=102 worstVtx=7 domBone[24]='bone_L-thumb03.mesh' w=1.00 vertR=22.8 vertDevFromCentroid=43 bindVert=(-22.4,-5.5,59.8)
[IK_SHARD_VERT] mesh='hands_naked.mesh' wext=102 worstVtx=7 domBone[24]='bone_L-thumb03.mesh' w=1.00 vertR=22.8 vertDevFromCentroid=43 bindVert=(-22.4,-5.5,59.8)
[HANDS_ATTACH] mesh='hands_naked.mesh' owner='hands_naked.mesh' frame=94 nb=38 wext=102.5 rebound=1
  TIER1 rest-coherence: worst=3.1deg bone[2]='bone_R-pinky03.mesh' count(>5deg)=0 freshRecap=0  xcheck(invOff-vs-restW) worst=3.1deg bone[2]
  TIER2 joint-attach(PRIMARY): worst=76.54u bone[17]='bone_R-ringfinger02.mesh' parent[15] R=46.7 exactJoint=0.00u pairs=30  (palette-wide exactWorst=0.34u)
[HANDS_ATTACH] mesh='hands_naked.mesh' owner='hands_naked.mesh' frame=94 nb=40 wext=59.7 rebound=1
  TIER1 rest-coherence: worst=28.9deg bone[29]='bone_L-thumb03.mesh' count(>5deg)=40 freshRecap=0  xcheck(invOff-vs-restW) worst=28.9deg bone[29]
  TIER2 joint-attach(PRIMARY): worst=83.75u bone[5]='bone_R-ringfinger02.mesh' parent[24] R=46.7 exactJoint=0.44u pairs=36  (palette-wide exactWorst=0.94u)
[HANDS_ATTACH] mesh='hands_naked.mesh' owner='hands_naked.mesh' frame=94 nb=38 wext=95.7 rebound=1
  TIER1 rest-coherence: worst=3.1deg bone[2]='bone_R-pinky03.mesh' count(>5deg)=0 freshRecap=0  xcheck(invOff-vs-restW) worst=3.1deg bone[2]
  TIER2 joint-attach(PRIMARY): worst=118.72u bone[17]='bone_R-ringfinger02.mesh' parent[15] R=46.7 exactJoint=0.00u pairs=30  (palette-wide exactWorst=0.02u)
[HANDS_ATTACH] mesh='gloves_resource.1.mesh' owner='gloves_resource.1.mesh' frame=94 nb=4 wext=11.0 rebound=1
  TIER1 rest-coherence: worst=14.6deg bone[1]='bone_L-hand.mesh' count(>5deg)=4 freshRecap=0  xcheck(invOff-vs-restW) worst=14.6deg bone[1]
  TIER2 joint-attach(PRIMARY): worst=23.64u bone[3]='bone_L-index02.mesh' parent[2] R=47.0 exactJoint=0.35u pairs=3  (palette-wide exactWorst=0.37u)
[HANDS_ATTACH] mesh='gloves_resource.mesh' owner='gloves_resource.mesh' frame=94 nb=40 wext=45.0 rebound=1
  TIER1 rest-coherence: worst=28.9deg bone[28]='bone_L-thumb03.mesh' count(>5deg)=40 freshRecap=0  xcheck(invOff-vs-restW) worst=28.9deg bone[28]
  TIER2 joint-attach(PRIMARY): worst=102.61u bone[16]='bone_R-ringfinger02.mesh' parent[19] R=46.7 exactJoint=0.44u pairs=36  (palette-wide exactWorst=0.94u)
[HANDS_ATTACH] mesh='gloves_skin.2.mesh' owner='gloves_skin.2.mesh' frame=94 nb=9 wext=8.7 rebound=1
  TIER1 rest-coherence: worst=17.9deg bone[8]='bone_L-foreTwist2.mesh' count(>5deg)=9 freshRecap=0  xcheck(invOff-vs-restW) worst=17.9deg bone[7]
  TIER2 joint-attach(PRIMARY): worst=0.94u bone[3]='bone_R-pinky-base.mesh' parent[2] R=48.7 exactJoint=0.94u pairs=5  (palette-wide exactWorst=0.94u)
[IK_SHARD_VERT] mesh='highlight_main.mesh' wext=166 worstVtx=3 domBone[2]='bone_bottom_right.mesh' w=1.00 vertR=7.0 vertDevFromCentroid=83 bindVert=(64.0,-16.0,0.0)
[IK_SHARD_VERT] mesh='hands_naked.mesh' wext=103 worstVtx=7 domBone[24]='bone_L-thumb03.mesh' w=1.00 vertR=22.8 vertDevFromCentroid=43 bindVert=(-22.4,-5.5,59.8)
[HANDS_ATTACH] mesh='hands_naked.mesh' owner='hands_naked.mesh' frame=104 nb=38 wext=103.2 rebound=1
  TIER1 rest-coherence: worst=3.1deg bone[2]='bone_R-pinky03.mesh' count(>5deg)=0 freshRecap=0  xcheck(invOff-vs-restW) worst=3.1deg bone[2]
  TIER2 joint-attach(PRIMARY): worst=76.54u bone[17]='bone_R-ringfinger02.mesh' parent[15] R=46.7 exactJoint=0.00u pairs=30  (palette-wide exactWorst=0.34u)
[HANDS_ATTACH] mesh='hands_naked.mesh' owner='hands_naked.mesh' frame=104 nb=40 wext=59.8 rebound=1
  TIER1 rest-coherence: worst=28.9deg bone[29]='bone_L-thumb03.mesh' count(>5deg)=40 freshRecap=0  xcheck(invOff-vs-restW) worst=28.9deg bone[29]
  TIER2 joint-attach(PRIMARY): worst=81.82u bone[5]='bone_R-ringfinger02.mesh' parent[24] R=46.7 exactJoint=0.44u pairs=36  (palette-wide exactWorst=0.94u)
[HANDS_ATTACH] mesh='hands_naked.mesh' owner='hands_naked.mesh' frame=104 nb=38 wext=95.2 rebound=1
  TIER1 rest-coherence: worst=3.1deg bone[2]='bone_R-pinky03.mesh' count(>5deg)=0 freshRecap=0  xcheck(invOff-vs-restW) worst=3.1deg bone[2]
  TIER2 joint-attach(PRIMARY): worst=118.06u bone[17]='bone_R-ringfinger02.mesh' parent[15] R=46.7 exactJoint=0.00u pairs=30  (palette-wide exactWorst=0.02u)
[HANDS_ATTACH] mesh='gloves_resource.1.mesh' owner='gloves_resource.1.mesh' frame=104 nb=4 wext=11.5 rebound=1
  TIER1 rest-coherence: worst=14.6deg bone[1]='bone_L-hand.mesh' count(>5deg)=4 freshRecap=0  xcheck(invOff-vs-restW) worst=14.6deg bone[1]
  TIER2 joint-attach(PRIMARY): worst=25.31u bone[3]='bone_L-index02.mesh' parent[2] R=47.0 exactJoint=0.35u pairs=3  (palette-wide exactWorst=0.37u)
[HANDS_ATTACH] mesh='gloves_resource.mesh' owner='gloves_resource.mesh' frame=104 nb=40 wext=42.6 rebound=1
  TIER1 rest-coherence: worst=28.9deg bone[28]='bone_L-thumb03.mesh' count(>5deg)=40 freshRecap=0  xcheck(invOff-vs-restW) worst=28.9deg bone[28]
  TIER2 joint-attach(PRIMARY): worst=101.62u bone[16]='bone_R-ringfinger02.mesh' parent[19] R=46.7 exactJoint=0.44u pairs=36  (palette-wide exactWorst=0.94u)
[HANDS_ATTACH] mesh='gloves_skin.2.mesh' owner='gloves_skin.2.mesh' frame=104 nb=9 wext=8.0 rebound=1
  TIER1 rest-coherence: worst=17.9deg bone[8]='bone_L-foreTwist2.mesh' count(>5deg)=9 freshRecap=0  xcheck(invOff-vs-restW) worst=17.9deg bone[7]
  TIER2 joint-attach(PRIMARY): worst=0.94u bone[3]='bone_R-pinky-base.mesh' parent[2] R=48.7 exactJoint=0.94u pairs=5  (palette-wide exactWorst=0.94u)
[HANDS_ATTACH] mesh='fingernails_resource.mesh' owner='fingernails_resource.mesh' frame=105 nb=10 wext=50.2 rebound=1
  TIER1 rest-coherence: worst=177.7deg bone[5]='bone_R-thumb03.mesh' count(>5deg)=10 freshRecap=0  xcheck(invOff-vs-restW) worst=177.7deg bone[5]
  TIER2 joint-attach(PRIMARY): worst=0.00u bone[-1]='?' parent[-1] R=0.0 exactJoint=0.00u pairs=0  (palette-wide exactWorst=0.00u)
[HANDS_ATTACH] mesh='fingernails_resource.mesh' owner='fingernails_resource.mesh' frame=105 nb=10 wext=26.7 rebound=1
  TIER1 rest-coherence: worst=177.5deg bone[9]='bone_L-index03.mesh' count(>5deg)=10 freshRecap=0  xcheck(invOff-vs-restW) worst=177.5deg bone[9]
  TIER2 joint-attach(PRIMARY): worst=0.00u bone[-1]='?' parent[-1] R=0.0 exactJoint=0.00u pairs=0  (palette-wide exactWorst=0.00u)
[HANDS_ATTACH] mesh='fingernails_resource.mesh' owner='fingernails_resource.mesh' frame=105 nb=10 wext=42.2 rebound=1
  TIER1 rest-coherence: worst=178.5deg bone[2]='bone_L-index03.mesh' count(>5deg)=10 freshRecap=0  xcheck(invOff-vs-restW) worst=178.5deg bone[2]
  TIER2 joint-attach(PRIMARY): worst=0.00u bone[-1]='?' parent[-1] R=0.0 exactJoint=0.00u pairs=0  (palette-wide exactWorst=0.00u)
[IK_SHARD_VERT] mesh='hands_naked.mesh' wext=103 worstVtx=7 domBone[24]='bone_L-thumb03.mesh' w=1.00 vertR=22.8 vertDevFromCentroid=43 bindVert=(-22.4,-5.5,59.8)
[HANDS_ATTACH] mesh='hands_naked.mesh' owner='hands_naked.mesh' frame=114 nb=38 wext=103.7 rebound=1
  TIER1 rest-coherence: worst=3.1deg bone[2]='bone_R-pinky03.mesh' count(>5deg)=0 freshRecap=0  xcheck(invOff-vs-restW) worst=3.1deg bone[2]
  TIER2 joint-attach(PRIMARY): worst=76.54u bone[17]='bone_R-ringfinger02.mesh' parent[15] R=46.7 exactJoint=0.00u pairs=30  (palette-wide exactWorst=0.34u)
[HANDS_ATTACH] mesh='hands_naked.mesh' owner='hands_naked.mesh' frame=114 nb=40 wext=59.8 rebound=1
  TIER1 rest-coherence: worst=28.9deg bone[29]='bone_L-thumb03.mesh' count(>5deg)=40 freshRecap=0  xcheck(invOff-vs-restW) worst=28.9deg bone[29]
  TIER2 joint-attach(PRIMARY): worst=79.87u bone[5]='bone_R-ringfinger02.mesh' parent[24] R=46.7 exactJoint=0.44u pairs=36  (palette-wide exactWorst=0.94u)
[HANDS_ATTACH] mesh='hands_naked.mesh' owner='hands_naked.mesh' frame=114 nb=38 wext=95.3 rebound=1
  TIER1 rest-coherence: worst=3.1deg bone[2]='bone_R-pinky03.mesh' count(>5deg)=0 freshRecap=0  xcheck(invOff-vs-restW) worst=3.1deg bone[2]
  TIER2 joint-attach(PRIMARY): worst=117.38u bone[17]='bone_R-ringfinger02.mesh' parent[15] R=46.7 exactJoint=0.00u pairs=30  (palette-wide exactWorst=0.01u)
[HANDS_ATTACH] mesh='gloves_resource.1.mesh' owner='gloves_resource.1.mesh' frame=114 nb=4 wext=11.9 rebound=1
  TIER1 rest-coherence: worst=14.6deg bone[1]='bone_L-hand.mesh' count(>5deg)=4 freshRecap=0  xcheck(invOff-vs-restW) worst=14.6deg bone[1]
  TIER2 joint-attach(PRIMARY): worst=26.96u bone[3]='bone_L-index02.mesh' parent[2] R=47.0 exactJoint=0.35u pairs=3  (palette-wide exactWorst=0.37u)
[HANDS_ATTACH] mesh='gloves_resource.mesh' owner='gloves_resource.mesh' frame=114 nb=40 wext=41.2 rebound=1
  TIER1 rest-coherence: worst=28.9deg bone[28]='bone_L-thumb03.mesh' count(>5deg)=40 freshRecap=0  xcheck(invOff-vs-restW) worst=28.9deg bone[28]
  TIER2 joint-attach(PRIMARY): worst=100.66u bone[16]='bone_R-ringfinger02.mesh' parent[19] R=46.7 exactJoint=0.44u pairs=36  (palette-wide exactWorst=0.94u)
[HANDS_ATTACH] mesh='gloves_skin.2.mesh' owner='gloves_skin.2.mesh' frame=114 nb=9 wext=7.5 rebound=1
  TIER1 rest-coherence: worst=17.9deg bone[8]='bone_L-foreTwist2.mesh' count(>5deg)=9 freshRecap=0  xcheck(invOff-vs-restW) worst=17.9deg bone[7]
  TIER2 joint-attach(PRIMARY): worst=0.94u bone[3]='bone_R-pinky-base.mesh' parent[2] R=48.7 exactJoint=0.94u pairs=5  (palette-wide exactWorst=0.94u)
[IK_SHARD_VERT] mesh='hands_naked.mesh' wext=104 worstVtx=7 domBone[24]='bone_L-thumb03.mesh' w=1.00 vertR=22.8 vertDevFromCentroid=43 bindVert=(-22.4,-5.5,59.8)
[IK_SHARD_VERT] mesh='hands_naked.mesh' wext=104 worstVtx=7 domBone[24]='bone_L-thumb03.mesh' w=1.00 vertR=22.8 vertDevFromCentroid=43 bindVert=(-22.4,-5.5,59.8)
[HANDS_ATTACH] mesh='hands_naked.mesh' owner='hands_naked.mesh' frame=124 nb=38 wext=104.0 rebound=1
  TIER1 rest-coherence: worst=3.1deg bone[2]='bone_R-pinky03.mesh' count(>5deg)=0 freshRecap=0  xcheck(invOff-vs-restW) worst=3.1deg bone[2]
  TIER2 joint-attach(PRIMARY): worst=76.54u bone[17]='bone_R-ringfinger02.mesh' parent[15] R=46.7 exactJoint=0.00u pairs=30  (palette-wide exactWorst=0.34u)
[HANDS_ATTACH] mesh='hands_naked.mesh' owner='hands_naked.mesh' frame=124 nb=40 wext=59.9 rebound=1
  TIER1 rest-coherence: worst=28.9deg bone[29]='bone_L-thumb03.mesh' count(>5deg)=40 freshRecap=0  xcheck(invOff-vs-restW) worst=28.9deg bone[29]
  TIER2 joint-attach(PRIMARY): worst=77.86u bone[5]='bone_R-ringfinger02.mesh' parent[24] R=46.7 exactJoint=0.44u pairs=36  (palette-wide exactWorst=0.94u)
[HANDS_ATTACH] mesh='hands_naked.mesh' owner='hands_naked.mesh' frame=124 nb=38 wext=95.2 rebound=1
  TIER1 rest-coherence: worst=3.1deg bone[2]='bone_R-pinky03.mesh' count(>5deg)=0 freshRecap=0  xcheck(invOff-vs-restW) worst=3.1deg bone[2]
  TIER2 joint-attach(PRIMARY): worst=116.69u bone[17]='bone_R-ringfinger02.mesh' parent[15] R=46.7 exactJoint=0.00u pairs=30  (palette-wide exactWorst=0.02u)
[HANDS_ATTACH] mesh='gloves_resource.1.mesh' owner='gloves_resource.1.mesh' frame=124 nb=4 wext=12.4 rebound=1
  TIER1 rest-coherence: worst=14.6deg bone[1]='bone_L-hand.mesh' count(>5deg)=4 freshRecap=0  xcheck(invOff-vs-restW) worst=14.6deg bone[1]
  TIER2 joint-attach(PRIMARY): worst=28.61u bone[3]='bone_L-index02.mesh' parent[2] R=47.0 exactJoint=0.35u pairs=3  (palette-wide exactWorst=0.37u)
[HANDS_ATTACH] mesh='gloves_resource.mesh' owner='gloves_resource.mesh' frame=124 nb=40 wext=40.4 rebound=1
  TIER1 rest-coherence: worst=28.9deg bone[28]='bone_L-thumb03.mesh' count(>5deg)=40 freshRecap=0  xcheck(invOff-vs-restW) worst=28.9deg bone[28]
  TIER2 joint-attach(PRIMARY): worst=99.70u bone[16]='bone_R-ringfinger02.mesh' parent[19] R=46.7 exactJoint=0.44u pairs=36  (palette-wide exactWorst=0.94u)
[HANDS_ATTACH] mesh='gloves_skin.2.mesh' owner='gloves_skin.2.mesh' frame=124 nb=9 wext=7.1 rebound=1
  TIER1 rest-coherence: worst=17.9deg bone[8]='bone_L-foreTwist2.mesh' count(>5deg)=9 freshRecap=0  xcheck(invOff-vs-restW) worst=17.9deg bone[7]
  TIER2 joint-attach(PRIMARY): worst=0.94u bone[3]='bone_R-pinky-base.mesh' parent[2] R=48.7 exactJoint=0.94u pairs=5  (palette-wide exactWorst=0.94u)
[HANDS_ATTACH] mesh='fingernails_resource.mesh' owner='fingernails_resource.mesh' frame=125 nb=10 wext=48.8 rebound=1
  TIER1 rest-coherence: worst=177.7deg bone[5]='bone_R-thumb03.mesh' count(>5deg)=10 freshRecap=0  xcheck(invOff-vs-restW) worst=177.7deg bone[5]
  TIER2 joint-attach(PRIMARY): worst=0.00u bone[-1]='?' parent[-1] R=0.0 exactJoint=0.00u pairs=0  (palette-wide exactWorst=0.00u)
[HANDS_ATTACH] mesh='fingernails_resource.mesh' owner='fingernails_resource.mesh' frame=125 nb=10 wext=26.3 rebound=1
  TIER1 rest-coherence: worst=177.5deg bone[9]='bone_L-index03.mesh' count(>5deg)=10 freshRecap=0  xcheck(invOff-vs-restW) worst=177.5deg bone[9]
  TIER2 joint-attach(PRIMARY): worst=0.00u bone[-1]='?' parent[-1] R=0.0 exactJoint=0.00u pairs=0  (palette-wide exactWorst=0.00u)
[HANDS_ATTACH] mesh='fingernails_resource.mesh' owner='fingernails_resource.mesh' frame=125 nb=10 wext=41.9 rebound=1
  TIER1 rest-coherence: worst=178.5deg bone[2]='bone_L-index03.mesh' count(>5deg)=10 freshRecap=0  xcheck(invOff-vs-restW) worst=178.5deg bone[2]
  TIER2 joint-attach(PRIMARY): worst=0.00u bone[-1]='?' parent[-1] R=0.0 exactJoint=0.00u pairs=0  (palette-wide exactWorst=0.00u)
[IK_SHARD_VERT] mesh='highlight_main.mesh' wext=166 worstVtx=3 domBone[2]='bone_bottom_right.mesh' w=1.00 vertR=7.0 vertDevFromCentroid=83 bindVert=(64.0,-16.0,0.0)
[IK_SHARD_VERT] mesh='hands_naked.mesh' wext=104 worstVtx=7 domBone[24]='bone_L-thumb03.mesh' w=1.00 vertR=22.8 vertDevFromCentroid=43 bindVert=(-22.4,-5.5,59.8)
[HANDS_ATTACH] mesh='hands_naked.mesh' owner='hands_naked.mesh' frame=134 nb=38 wext=104.1 rebound=1
  TIER1 rest-coherence: worst=3.1deg bone[2]='bone_R-pinky03.mesh' count(>5deg)=0 freshRecap=0  xcheck(invOff-vs-restW) worst=3.1deg bone[2]
  TIER2 joint-attach(PRIMARY): worst=76.54u bone[17]='bone_R-ringfinger02.mesh' parent[15] R=46.7 exactJoint=0.00u pairs=30  (palette-wide exactWorst=0.34u)
[HANDS_ATTACH] mesh='hands_naked.mesh' owner='hands_naked.mesh' frame=134 nb=40 wext=59.9 rebound=1
  TIER1 rest-coherence: worst=28.9deg bone[29]='bone_L-thumb03.mesh' count(>5deg)=40 freshRecap=0  xcheck(invOff-vs-restW) worst=28.9deg bone[29]
  TIER2 joint-attach(PRIMARY): worst=75.79u bone[5]='bone_R-ringfinger02.mesh' parent[24] R=46.7 exactJoint=0.44u pairs=36  (palette-wide exactWorst=0.94u)
[HANDS_ATTACH] mesh='hands_naked.mesh' owner='hands_naked.mesh' frame=134 nb=38 wext=95.0 rebound=1
  TIER1 rest-coherence: worst=3.1deg bone[2]='bone_R-pinky03.mesh' count(>5deg)=0 freshRecap=0  xcheck(invOff-vs-restW) worst=3.1deg bone[2]
  TIER2 joint-attach(PRIMARY): worst=116.01u bone[17]='bone_R-ringfinger02.mesh' parent[15] R=46.7 exactJoint=0.00u pairs=30  (palette-wide exactWorst=0.01u)
[HANDS_ATTACH] mesh='gloves_resource.1.mesh' owner='gloves_resource.1.mesh' frame=134 nb=4 wext=12.8 rebound=1
  TIER1 rest-coherence: worst=14.6deg bone[1]='bone_L-hand.mesh' count(>5deg)=4 freshRecap=0  xcheck(invOff-vs-restW) worst=14.6deg bone[1]
  TIER2 joint-attach(PRIMARY): worst=30.27u bone[3]='bone_L-index02.mesh' parent[2] R=47.0 exactJoint=0.35u pairs=3  (palette-wide exactWorst=0.37u)
[HANDS_ATTACH] mesh='gloves_resource.mesh' owner='gloves_resource.mesh' frame=134 nb=40 wext=39.9 rebound=1
  TIER1 rest-coherence: worst=28.9deg bone[28]='bone_L-thumb03.mesh' count(>5deg)=40 freshRecap=0  xcheck(invOff-vs-restW) worst=28.9deg bone[28]
  TIER2 joint-attach(PRIMARY): worst=98.74u bone[16]='bone_R-ringfinger02.mesh' parent[19] R=46.7 exactJoint=0.44u pairs=36  (palette-wide exactWorst=0.94u)
[HANDS_ATTACH] mesh='gloves_skin.2.mesh' owner='gloves_skin.2.mesh' frame=134 nb=9 wext=7.0 rebound=1
  TIER1 rest-coherence: worst=17.9deg bone[8]='bone_L-foreTwist2.mesh' count(>5deg)=9 freshRecap=0  xcheck(invOff-vs-restW) worst=17.9deg bone[7]
  TIER2 joint-attach(PRIMARY): worst=0.94u bone[3]='bone_R-pinky-base.mesh' parent[2] R=48.7 exactJoint=0.94u pairs=5  (palette-wide exactWorst=0.94u)
[IK_SHARD_VERT] mesh='hands_naked.mesh' wext=104 worstVtx=7 domBone[24]='bone_L-thumb03.mesh' w=1.00 vertR=22.8 vertDevFromCentroid=43 bindVert=(-22.4,-5.5,59.8)
[HANDS_ATTACH] mesh='hands_naked.mesh' owner='hands_naked.mesh' frame=144 nb=38 wext=104.0 rebound=1
  TIER1 rest-coherence: worst=3.1deg bone[2]='bone_R-pinky03.mesh' count(>5deg)=0 freshRecap=0  xcheck(invOff-vs-restW) worst=3.1deg bone[2]
  TIER2 joint-attach(PRIMARY): worst=76.52u bone[17]='bone_R-ringfinger02.mesh' parent[15] R=46.7 exactJoint=0.00u pairs=30  (palette-wide exactWorst=0.34u)
[HANDS_ATTACH] mesh='hands_naked.mesh' owner='hands_naked.mesh' frame=144 nb=40 wext=59.7 rebound=1
  TIER1 rest-coherence: worst=28.9deg bone[29]='bone_L-thumb03.mesh' count(>5deg)=40 freshRecap=0  xcheck(invOff-vs-restW) worst=28.9deg bone[29]
  TIER2 joint-attach(PRIMARY): worst=73.76u bone[5]='bone_R-ringfinger02.mesh' parent[24] R=46.7 exactJoint=0.44u pairs=36  (palette-wide exactWorst=0.94u)
[HANDS_ATTACH] mesh='hands_naked.mesh' owner='hands_naked.mesh' frame=144 nb=38 wext=94.4 rebound=1
  TIER1 rest-coherence: worst=3.1deg bone[2]='bone_R-pinky03.mesh' count(>5deg)=0 freshRecap=0  xcheck(invOff-vs-restW) worst=3.1deg bone[2]
  TIER2 joint-attach(PRIMARY): worst=115.34u bone[17]='bone_R-ringfinger02.mesh' parent[15] R=46.7 exactJoint=0.00u pairs=30  (palette-wide exactWorst=0.02u)
[HANDS_ATTACH] mesh='gloves_resource.1.mesh' owner='gloves_resource.1.mesh' frame=144 nb=4 wext=13.2 rebound=1
  TIER1 rest-coherence: worst=14.6deg bone[1]='bone_L-hand.mesh' count(>5deg)=4 freshRecap=0  xcheck(invOff-vs-restW) worst=14.6deg bone[1]
  TIER2 joint-attach(PRIMARY): worst=31.88u bone[3]='bone_L-index02.mesh' parent[2] R=47.0 exactJoint=0.35u pairs=3  (palette-wide exactWorst=0.37u)
[HANDS_ATTACH] mesh='gloves_resource.mesh' owner='gloves_resource.mesh' frame=144 nb=40 wext=40.0 rebound=1
  TIER1 rest-coherence: worst=28.9deg bone[28]='bone_L-thumb03.mesh' count(>5deg)=40 freshRecap=0  xcheck(invOff-vs-restW) worst=28.9deg bone[28]
  TIER2 joint-attach(PRIMARY): worst=97.84u bone[16]='bone_R-ringfinger02.mesh' parent[19] R=46.7 exactJoint=0.44u pairs=36  (palette-wide exactWorst=0.94u)
[HANDS_ATTACH] mesh='gloves_skin.2.mesh' owner='gloves_skin.2.mesh' frame=144 nb=9 wext=7.4 rebound=1
  TIER1 rest-coherence: worst=17.9deg bone[8]='bone_L-foreTwist2.mesh' count(>5deg)=9 freshRecap=0  xcheck(invOff-vs-restW) worst=17.9deg bone[7]
  TIER2 joint-attach(PRIMARY): worst=0.94u bone[3]='bone_R-pinky-base.mesh' parent[2] R=48.7 exactJoint=0.94u pairs=5  (palette-wide exactWorst=0.94u)
[HANDS_ATTACH] mesh='fingernails_resource.mesh' owner='fingernails_resource.mesh' frame=145 nb=10 wext=47.6 rebound=1
  TIER1 rest-coherence: worst=177.7deg bone[5]='bone_R-thumb03.mesh' count(>5deg)=10 freshRecap=0  xcheck(invOff-vs-restW) worst=177.7deg bone[5]
  TIER2 joint-attach(PRIMARY): worst=0.00u bone[-1]='?' parent[-1] R=0.0 exactJoint=0.00u pairs=0  (palette-wide exactWorst=0.00u)
[HANDS_ATTACH] mesh='fingernails_resource.mesh' owner='fingernails_resource.mesh' frame=145 nb=10 wext=26.2 rebound=1
  TIER1 rest-coherence: worst=177.5deg bone[9]='bone_L-index03.mesh' count(>5deg)=10 freshRecap=0  xcheck(invOff-vs-restW) worst=177.5deg bone[9]
  TIER2 joint-attach(PRIMARY): worst=0.00u bone[-1]='?' parent[-1] R=0.0 exactJoint=0.00u pairs=0  (palette-wide exactWorst=0.00u)
[HANDS_ATTACH] mesh='fingernails_resource.mesh' owner='fingernails_resource.mesh' frame=145 nb=10 wext=41.6 rebound=1
  TIER1 rest-coherence: worst=178.5deg bone[2]='bone_L-index03.mesh' count(>5deg)=10 freshRecap=0  xcheck(invOff-vs-restW) worst=178.5deg bone[2]
  TIER2 joint-attach(PRIMARY): worst=0.00u bone[-1]='?' parent[-1] R=0.0 exactJoint=0.00u pairs=0  (palette-wide exactWorst=0.00u)
[IK_SHARD_VERT] mesh='hands_naked.mesh' wext=104 worstVtx=7 domBone[24]='bone_L-thumb03.mesh' w=1.00 vertR=22.8 vertDevFromCentroid=43 bindVert=(-22.4,-5.5,59.8)
[IK_SHARD_VERT] mesh='hands_naked.mesh' wext=104 worstVtx=7 domBone[24]='bone_L-thumb03.mesh' w=1.00 vertR=22.8 vertDevFromCentroid=42 bindVert=(-22.4,-5.5,59.8)
[HANDS_ATTACH] mesh='hands_naked.mesh' owner='hands_naked.mesh' frame=154 nb=38 wext=103.7 rebound=1
  TIER1 rest-coherence: worst=3.1deg bone[2]='bone_R-pinky03.mesh' count(>5deg)=0 freshRecap=0  xcheck(invOff-vs-restW) worst=3.1deg bone[2]
  TIER2 joint-attach(PRIMARY): worst=76.57u bone[17]='bone_R-ringfinger02.mesh' parent[15] R=46.7 exactJoint=0.00u pairs=30  (palette-wide exactWorst=0.34u)
[HANDS_ATTACH] mesh='hands_naked.mesh' owner='hands_naked.mesh' frame=154 nb=40 wext=59.3 rebound=1
  TIER1 rest-coherence: worst=28.9deg bone[29]='bone_L-thumb03.mesh' count(>5deg)=40 freshRecap=0  xcheck(invOff-vs-restW) worst=28.9deg bone[29]
  TIER2 joint-attach(PRIMARY): worst=71.69u bone[5]='bone_R-ringfinger02.mesh' parent[24] R=46.7 exactJoint=0.44u pairs=36  (palette-wide exactWorst=0.94u)
[HANDS_ATTACH] mesh='hands_naked.mesh' owner='hands_naked.mesh' frame=154 nb=38 wext=93.7 rebound=1
  TIER1 rest-coherence: worst=3.1deg bone[2]='bone_R-pinky03.mesh' count(>5deg)=0 freshRecap=0  xcheck(invOff-vs-restW) worst=3.1deg bone[2]
  TIER2 joint-attach(PRIMARY): worst=114.65u bone[17]='bone_R-ringfinger02.mesh' parent[15] R=46.7 exactJoint=0.00u pairs=30  (palette-wide exactWorst=0.01u)
[HANDS_ATTACH] mesh='gloves_resource.1.mesh' owner='gloves_resource.1.mesh' frame=154 nb=4 wext=13.6 rebound=1
  TIER1 rest-coherence: worst=14.6deg bone[1]='bone_L-hand.mesh' count(>5deg)=4 freshRecap=0  xcheck(invOff-vs-restW) worst=14.6deg bone[1]
  TIER2 joint-attach(PRIMARY): worst=33.46u bone[3]='bone_L-index02.mesh' parent[2] R=47.0 exactJoint=0.35u pairs=3  (palette-wide exactWorst=0.37u)
[HANDS_ATTACH] mesh='gloves_resource.mesh' owner='gloves_resource.mesh' frame=154 nb=40 wext=40.6 rebound=1
  TIER1 rest-coherence: worst=28.9deg bone[28]='bone_L-thumb03.mesh' count(>5deg)=40 freshRecap=0  xcheck(invOff-vs-restW) worst=28.9deg bone[28]
  TIER2 joint-attach(PRIMARY): worst=96.98u bone[16]='bone_R-ringfinger02.mesh' parent[19] R=46.7 exactJoint=0.44u pairs=36  (palette-wide exactWorst=0.94u)
[HANDS_ATTACH] mesh='gloves_skin.2.mesh' owner='gloves_skin.2.mesh' frame=154 nb=9 wext=7.9 rebound=1
  TIER1 rest-coherence: worst=17.9deg bone[8]='bone_L-foreTwist2.mesh' count(>5deg)=9 freshRecap=0  xcheck(invOff-vs-restW) worst=17.9deg bone[7]
  TIER2 joint-attach(PRIMARY): worst=0.94u bone[3]='bone_R-pinky-base.mesh' parent[2] R=48.7 exactJoint=0.94u pairs=5  (palette-wide exactWorst=0.94u)
[IK_SHARD_VERT] mesh='highlight_main.mesh' wext=166 worstVtx=3 domBone[2]='bone_bottom_right.mesh' w=1.00 vertR=7.0 vertDevFromCentroid=83 bindVert=(64.0,-16.0,0.0)
[IK_SHARD_VERT] mesh='hands_naked.mesh' wext=103 worstVtx=7 domBone[24]='bone_L-thumb03.mesh' w=1.00 vertR=22.8 vertDevFromCentroid=42 bindVert=(-22.4,-5.5,59.8)
[HANDS_ATTACH] mesh='hands_naked.mesh' owner='hands_naked.mesh' frame=164 nb=38 wext=103.1 rebound=1
  TIER1 rest-coherence: worst=3.1deg bone[2]='bone_R-pinky03.mesh' count(>5deg)=0 freshRecap=0  xcheck(invOff-vs-restW) worst=3.1deg bone[2]
  TIER2 joint-attach(PRIMARY): worst=77.13u bone[17]='bone_R-ringfinger02.mesh' parent[15] R=46.7 exactJoint=0.00u pairs=30  (palette-wide exactWorst=0.34u)
[HANDS_ATTACH] mesh='hands_naked.mesh' owner='hands_naked.mesh' frame=164 nb=40 wext=58.8 rebound=1
  TIER1 rest-coherence: worst=28.9deg bone[29]='bone_L-thumb03.mesh' count(>5deg)=40 freshRecap=0  xcheck(invOff-vs-restW) worst=28.9deg bone[29]
  TIER2 joint-attach(PRIMARY): worst=69.62u bone[5]='bone_R-ringfinger02.mesh' parent[24] R=46.7 exactJoint=0.44u pairs=36  (palette-wide exactWorst=0.94u)
[HANDS_ATTACH] mesh='hands_naked.mesh' owner='hands_naked.mesh' frame=164 nb=38 wext=93.1 rebound=1
  TIER1 rest-coherence: worst=3.1deg bone[2]='bone_R-pinky03.mesh' count(>5deg)=0 freshRecap=0  xcheck(invOff-vs-restW) worst=3.1deg bone[2]
  TIER2 joint-attach(PRIMARY): worst=114.01u bone[17]='bone_R-ringfinger02.mesh' parent[15] R=46.7 exactJoint=0.00u pairs=30  (palette-wide exactWorst=0.01u)
[HANDS_ATTACH] mesh='gloves_resource.1.mesh' owner='gloves_resource.1.mesh' frame=164 nb=4 wext=13.9 rebound=1
  TIER1 rest-coherence: worst=14.6deg bone[1]='bone_L-hand.mesh' count(>5deg)=4 freshRecap=0  xcheck(invOff-vs-restW) worst=14.6deg bone[1]
  TIER2 joint-attach(PRIMARY): worst=35.00u bone[3]='bone_L-index02.mesh' parent[2] R=47.0 exactJoint=0.35u pairs=3  (palette-wide exactWorst=0.37u)
[HANDS_ATTACH] mesh='gloves_resource.mesh' owner='gloves_resource.mesh' frame=164 nb=40 wext=41.2 rebound=1
  TIER1 rest-coherence: worst=28.9deg bone[28]='bone_L-thumb03.mesh' count(>5deg)=40 freshRecap=0  xcheck(invOff-vs-restW) worst=28.9deg bone[28]
  TIER2 joint-attach(PRIMARY): worst=96.20u bone[16]='bone_R-ringfinger02.mesh' parent[19] R=46.7 exactJoint=0.44u pairs=36  (palette-wide exactWorst=0.94u)
[HANDS_ATTACH] mesh='gloves_skin.2.mesh' owner='gloves_skin.2.mesh' frame=164 nb=9 wext=8.6 rebound=1
  TIER1 rest-coherence: worst=17.9deg bone[8]='bone_L-foreTwist2.mesh' count(>5deg)=9 freshRecap=0  xcheck(invOff-vs-restW) worst=17.9deg bone[7]
  TIER2 joint-attach(PRIMARY): worst=0.94u bone[3]='bone_R-pinky-base.mesh' parent[2] R=48.7 exactJoint=0.94u pairs=5  (palette-wide exactWorst=0.94u)
[HANDS_ATTACH] mesh='fingernails_resource.mesh' owner='fingernails_resource.mesh' frame=165 nb=10 wext=46.3 rebound=1
  TIER1 rest-coherence: worst=177.7deg bone[5]='bone_R-thumb03.mesh' count(>5deg)=10 freshRecap=0  xcheck(invOff-vs-restW) worst=177.7deg bone[5]
  TIER2 joint-attach(PRIMARY): worst=0.00u bone[-1]='?' parent[-1] R=0.0 exactJoint=0.00u pairs=0  (palette-wide exactWorst=0.00u)
[HANDS_ATTACH] mesh='fingernails_resource.mesh' owner='fingernails_resource.mesh' frame=165 nb=10 wext=26.1 rebound=1
  TIER1 rest-coherence: worst=177.5deg bone[9]='bone_L-index03.mesh' count(>5deg)=10 freshRecap=0  xcheck(invOff-vs-restW) worst=177.5deg bone[9]
  TIER2 joint-attach(PRIMARY): worst=0.00u bone[-1]='?' parent[-1] R=0.0 exactJoint=0.00u pairs=0  (palette-wide exactWorst=0.00u)
[HANDS_ATTACH] mesh='fingernails_resource.mesh' owner='fingernails_resource.mesh' frame=165 nb=10 wext=41.1 rebound=1
  TIER1 rest-coherence: worst=178.5deg bone[2]='bone_L-index03.mesh' count(>5deg)=10 freshRecap=0  xcheck(invOff-vs-restW) worst=178.5deg bone[2]
  TIER2 joint-attach(PRIMARY): worst=0.00u bone[-1]='?' parent[-1] R=0.0 exactJoint=0.00u pairs=0  (palette-wide exactWorst=0.00u)
[IK_SHARD_VERT] mesh='hands_naked.mesh' wext=103 worstVtx=7 domBone[24]='bone_L-thumb03.mesh' w=1.00 vertR=22.8 vertDevFromCentroid=42 bindVert=(-22.4,-5.5,59.8)
[HANDS_ATTACH] mesh='hands_naked.mesh' owner='hands_naked.mesh' frame=174 nb=38 wext=102.3 rebound=1
  TIER1 rest-coherence: worst=3.1deg bone[2]='bone_R-pinky03.mesh' count(>5deg)=0 freshRecap=0  xcheck(invOff-vs-restW) worst=3.1deg bone[2]
  TIER2 joint-attach(PRIMARY): worst=78.57u bone[17]='bone_R-ringfinger02.mesh' parent[15] R=46.7 exactJoint=0.00u pairs=30  (palette-wide exactWorst=0.34u)
[HANDS_ATTACH] mesh='hands_naked.mesh' owner='hands_naked.mesh' frame=174 nb=40 wext=58.6 rebound=1
  TIER1 rest-coherence: worst=28.9deg bone[29]='bone_L-thumb03.mesh' count(>5deg)=40 freshRecap=0  xcheck(invOff-vs-restW) worst=28.9deg bone[29]
  TIER2 joint-attach(PRIMARY): worst=67.55u bone[5]='bone_R-ringfinger02.mesh' parent[24] R=46.7 exactJoint=0.44u pairs=36  (palette-wide exactWorst=0.94u)
[HANDS_ATTACH] mesh='hands_naked.mesh' owner='hands_naked.mesh' frame=174 nb=38 wext=92.9 rebound=1
  TIER1 rest-coherence: worst=3.1deg bone[2]='bone_R-pinky03.mesh' count(>5deg)=0 freshRecap=0  xcheck(invOff-vs-restW) worst=3.1deg bone[2]
  TIER2 joint-attach(PRIMARY): worst=113.36u bone[17]='bone_R-ringfinger02.mesh' parent[15] R=46.7 exactJoint=0.00u pairs=30  (palette-wide exactWorst=0.01u)
[HANDS_ATTACH] mesh='gloves_resource.1.mesh' owner='gloves_resource.1.mesh' frame=174 nb=4 wext=14.2 rebound=1
  TIER1 rest-coherence: worst=14.6deg bone[1]='bone_L-hand.mesh' count(>5deg)=4 freshRecap=0  xcheck(invOff-vs-restW) worst=14.6deg bone[1]
  TIER2 joint-attach(PRIMARY): worst=36.47u bone[3]='bone_L-index02.mesh' parent[2] R=47.0 exactJoint=0.35u pairs=3  (palette-wide exactWorst=0.37u)
[HANDS_ATTACH] mesh='gloves_resource.mesh' owner='gloves_resource.mesh' frame=174 nb=40 wext=41.8 rebound=1
  TIER1 rest-coherence: worst=28.9deg bone[28]='bone_L-thumb03.mesh' count(>5deg)=40 freshRecap=0  xcheck(invOff-vs-restW) worst=28.9deg bone[28]
  TIER2 joint-attach(PRIMARY): worst=95.49u bone[16]='bone_R-ringfinger02.mesh' parent[19] R=46.7 exactJoint=0.44u pairs=36  (palette-wide exactWorst=0.94u)
[HANDS_ATTACH] mesh='gloves_skin.2.mesh' owner='gloves_skin.2.mesh' frame=174 nb=9 wext=9.3 rebound=1
  TIER1 rest-coherence: worst=17.9deg bone[8]='bone_L-foreTwist2.mesh' count(>5deg)=9 freshRecap=0  xcheck(invOff-vs-restW) worst=17.9deg bone[7]
  TIER2 joint-attach(PRIMARY): worst=0.94u bone[3]='bone_R-pinky-base.mesh' parent[2] R=48.7 exactJoint=0.94u pairs=5  (palette-wide exactWorst=0.94u)
[IK_SHARD_VERT] mesh='hands_naked.mesh' wext=102 worstVtx=7 domBone[24]='bone_L-thumb03.mesh' w=1.00 vertR=22.8 vertDevFromCentroid=42 bindVert=(-22.4,-5.5,59.8)
[IK_SHARD_VERT] mesh='hands_naked.mesh' wext=102 worstVtx=7 domBone[24]='bone_L-thumb03.mesh' w=1.00 vertR=22.8 vertDevFromCentroid=41 bindVert=(-22.4,-5.5,59.8)
[HANDS_ATTACH] mesh='hands_naked.mesh' owner='hands_naked.mesh' frame=184 nb=38 wext=101.6 rebound=1
  TIER1 rest-coherence: worst=3.1deg bone[2]='bone_R-pinky03.mesh' count(>5deg)=0 freshRecap=0  xcheck(invOff-vs-restW) worst=3.1deg bone[2]
  TIER2 joint-attach(PRIMARY): worst=80.85u bone[17]='bone_R-ringfinger02.mesh' parent[15] R=46.7 exactJoint=0.00u pairs=30  (palette-wide exactWorst=0.34u)
[HANDS_ATTACH] mesh='hands_naked.mesh' owner='hands_naked.mesh' frame=184 nb=40 wext=58.6 rebound=1
  TIER1 rest-coherence: worst=28.9deg bone[29]='bone_L-thumb03.mesh' count(>5deg)=40 freshRecap=0  xcheck(invOff-vs-restW) worst=28.9deg bone[29]
  TIER2 joint-attach(PRIMARY): worst=65.55u bone[5]='bone_R-ringfinger02.mesh' parent[24] R=46.7 exactJoint=0.44u pairs=36  (palette-wide exactWorst=0.94u)
[HANDS_ATTACH] mesh='hands_naked.mesh' owner='hands_naked.mesh' frame=184 nb=38 wext=93.6 rebound=1
  TIER1 rest-coherence: worst=3.1deg bone[2]='bone_R-pinky03.mesh' count(>5deg)=0 freshRecap=0  xcheck(invOff-vs-restW) worst=3.1deg bone[2]
  TIER2 joint-attach(PRIMARY): worst=112.76u bone[17]='bone_R-ringfinger02.mesh' parent[15] R=46.7 exactJoint=0.00u pairs=30  (palette-wide exactWorst=0.01u)
[HANDS_ATTACH] mesh='gloves_resource.1.mesh' owner='gloves_resource.1.mesh' frame=184 nb=4 wext=14.5 rebound=1
  TIER1 rest-coherence: worst=14.6deg bone[1]='bone_L-hand.mesh' count(>5deg)=4 freshRecap=0  xcheck(invOff-vs-restW) worst=14.6deg bone[1]
  TIER2 joint-attach(PRIMARY): worst=37.84u bone[3]='bone_L-index02.mesh' parent[2] R=47.0 exactJoint=0.35u pairs=3  (palette-wide exactWorst=0.37u)
[HANDS_ATTACH] mesh='gloves_resource.mesh' owner='gloves_resource.mesh' frame=184 nb=40 wext=42.4 rebound=1
  TIER1 rest-coherence: worst=28.9deg bone[28]='bone_L-thumb03.mesh' count(>5deg)=40 freshRecap=0  xcheck(invOff-vs-restW) worst=28.9deg bone[28]
  TIER2 joint-attach(PRIMARY): worst=94.90u bone[16]='bone_R-ringfinger02.mesh' parent[19] R=46.7 exactJoint=0.44u pairs=36  (palette-wide exactWorst=0.94u)
[HANDS_ATTACH] mesh='gloves_skin.2.mesh' owner='gloves_skin.2.mesh' frame=184 nb=9 wext=10.1 rebound=1
  TIER1 rest-coherence: worst=17.9deg bone[8]='bone_L-foreTwist2.mesh' count(>5deg)=9 freshRecap=0  xcheck(invOff-vs-restW) worst=17.9deg bone[7]
  TIER2 joint-attach(PRIMARY): worst=0.94u bone[3]='bone_R-pinky-base.mesh' parent[2] R=48.7 exactJoint=0.94u pairs=5  (palette-wide exactWorst=0.94u)
[HANDS_ATTACH] mesh='fingernails_resource.mesh' owner='fingernails_resource.mesh' frame=185 nb=10 wext=45.1 rebound=1
  TIER1 rest-coherence: worst=177.7deg bone[5]='bone_R-thumb03.mesh' count(>5deg)=10 freshRecap=0  xcheck(invOff-vs-restW) worst=177.7deg bone[5]
  TIER2 joint-attach(PRIMARY): worst=0.00u bone[-1]='?' parent[-1] R=0.0 exactJoint=0.00u pairs=0  (palette-wide exactWorst=0.00u)
[HANDS_ATTACH] mesh='fingernails_resource.mesh' owner='fingernails_resource.mesh' frame=185 nb=10 wext=27.6 rebound=1
  TIER1 rest-coherence: worst=177.5deg bone[9]='bone_L-index03.mesh' count(>5deg)=10 freshRecap=0  xcheck(invOff-vs-restW) worst=177.5deg bone[9]
  TIER2 joint-attach(PRIMARY): worst=0.00u bone[-1]='?' parent[-1] R=0.0 exactJoint=0.00u pairs=0  (palette-wide exactWorst=0.00u)
[HANDS_ATTACH] mesh='fingernails_resource.mesh' owner='fingernails_resource.mesh' frame=185 nb=10 wext=39.8 rebound=1
  TIER1 rest-coherence: worst=178.5deg bone[2]='bone_L-index03.mesh' count(>5deg)=10 freshRecap=0  xcheck(invOff-vs-restW) worst=178.5deg bone[2]
  TIER2 joint-attach(PRIMARY): worst=0.00u bone[-1]='?' parent[-1] R=0.0 exactJoint=0.00u pairs=0  (palette-wide exactWorst=0.00u)
[IK_SHARD_VERT] mesh='highlight_main.mesh' wext=166 worstVtx=3 domBone[2]='bone_bottom_right.mesh' w=1.00 vertR=7.0 vertDevFromCentroid=83 bindVert=(64.0,-16.0,0.0)
[IK_SHARD_VERT] mesh='hands_naked.mesh' wext=101 worstVtx=7 domBone[24]='bone_L-thumb03.mesh' w=1.00 vertR=22.8 vertDevFromCentroid=41 bindVert=(-22.4,-5.5,59.8)
[HANDS_ATTACH] mesh='hands_naked.mesh' owner='hands_naked.mesh' frame=194 nb=38 wext=101.3 rebound=1
  TIER1 rest-coherence: worst=3.1deg bone[2]='bone_R-pinky03.mesh' count(>5deg)=0 freshRecap=0  xcheck(invOff-vs-restW) worst=3.1deg bone[2]
  TIER2 joint-attach(PRIMARY): worst=83.74u bone[17]='bone_R-ringfinger02.mesh' parent[15] R=46.7 exactJoint=0.00u pairs=30  (palette-wide exactWorst=0.34u)
[HANDS_ATTACH] mesh='hands_naked.mesh' owner='hands_naked.mesh' frame=194 nb=40 wext=58.7 rebound=1
  TIER1 rest-coherence: worst=28.9deg bone[29]='bone_L-thumb03.mesh' count(>5deg)=40 freshRecap=0  xcheck(invOff-vs-restW) worst=28.9deg bone[29]
  TIER2 joint-attach(PRIMARY): worst=63.64u bone[5]='bone_R-ringfinger02.mesh' parent[24] R=46.7 exactJoint=0.44u pairs=36  (palette-wide exactWorst=0.94u)
[HANDS_ATTACH] mesh='hands_naked.mesh' owner='hands_naked.mesh' frame=194 nb=38 wext=94.8 rebound=1
  TIER1 rest-coherence: worst=3.1deg bone[2]='bone_R-pinky03.mesh' count(>5deg)=0 freshRecap=0  xcheck(invOff-vs-restW) worst=3.1deg bone[2]
  TIER2 joint-attach(PRIMARY): worst=112.25u bone[17]='bone_R-ringfinger02.mesh' parent[15] R=46.7 exactJoint=0.00u pairs=30  (palette-wide exactWorst=0.02u)
[HANDS_ATTACH] mesh='gloves_resource.1.mesh' owner='gloves_resource.1.mesh' frame=194 nb=4 wext=14.9 rebound=1
  TIER1 rest-coherence: worst=14.6deg bone[1]='bone_L-hand.mesh' count(>5deg)=4 freshRecap=0  xcheck(invOff-vs-restW) worst=14.6deg bone[1]
  TIER2 joint-attach(PRIMARY): worst=39.10u bone[3]='bone_L-index02.mesh' parent[2] R=47.0 exactJoint=0.35u pairs=3  (palette-wide exactWorst=0.37u)
[HANDS_ATTACH] mesh='gloves_resource.mesh' owner='gloves_resource.mesh' frame=194 nb=40 wext=42.9 rebound=1
  TIER1 rest-coherence: worst=28.9deg bone[28]='bone_L-thumb03.mesh' count(>5deg)=40 freshRecap=0  xcheck(invOff-vs-restW) worst=28.9deg bone[28]
  TIER2 joint-attach(PRIMARY): worst=94.44u bone[16]='bone_R-ringfinger02.mesh' parent[19] R=46.7 exactJoint=0.44u pairs=36  (palette-wide exactWorst=0.94u)
[HANDS_ATTACH] mesh='gloves_skin.2.mesh' owner='gloves_skin.2.mesh' frame=194 nb=9 wext=10.9 rebound=1
  TIER1 rest-coherence: worst=17.9deg bone[8]='bone_L-foreTwist2.mesh' count(>5deg)=9 freshRecap=0  xcheck(invOff-vs-restW) worst=17.9deg bone[7]
  TIER2 joint-attach(PRIMARY): worst=0.94u bone[3]='bone_R-pinky-base.mesh' parent[2] R=48.7 exactJoint=0.94u pairs=5  (palette-wide exactWorst=0.94u)
[IK_SHARD_VERT] mesh='hands_naked.mesh' wext=101 worstVtx=7 domBone[24]='bone_L-thumb03.mesh' w=1.00 vertR=22.8 vertDevFromCentroid=41 bindVert=(-22.4,-5.5,59.8)
[HANDS_ATTACH] mesh='hands_naked.mesh' owner='hands_naked.mesh' frame=204 nb=38 wext=101.0 rebound=1
  TIER1 rest-coherence: worst=3.1deg bone[2]='bone_R-pinky03.mesh' count(>5deg)=0 freshRecap=0  xcheck(invOff-vs-restW) worst=3.1deg bone[2]
  TIER2 joint-attach(PRIMARY): worst=86.96u bone[17]='bone_R-ringfinger02.mesh' parent[15] R=46.7 exactJoint=0.00u pairs=30  (palette-wide exactWorst=0.34u)
[HANDS_ATTACH] mesh='hands_naked.mesh' owner='hands_naked.mesh' frame=204 nb=40 wext=59.3 rebound=1
  TIER1 rest-coherence: worst=28.9deg bone[29]='bone_L-thumb03.mesh' count(>5deg)=40 freshRecap=0  xcheck(invOff-vs-restW) worst=28.9deg bone[29]
  TIER2 joint-attach(PRIMARY): worst=61.83u bone[5]='bone_R-ringfinger02.mesh' parent[24] R=46.7 exactJoint=0.44u pairs=36  (palette-wide exactWorst=0.94u)
[HANDS_ATTACH] mesh='hands_naked.mesh' owner='hands_naked.mesh' frame=204 nb=38 wext=95.6 rebound=1
  TIER1 rest-coherence: worst=3.1deg bone[2]='bone_R-pinky03.mesh' count(>5deg)=0 freshRecap=0  xcheck(invOff-vs-restW) worst=3.1deg bone[2]
  TIER2 joint-attach(PRIMARY): worst=111.76u bone[17]='bone_R-ringfinger02.mesh' parent[15] R=46.7 exactJoint=0.00u pairs=30  (palette-wide exactWorst=0.02u)
[HANDS_ATTACH] mesh='gloves_resource.1.mesh' owner='gloves_resource.1.mesh' frame=204 nb=4 wext=15.1 rebound=1
  TIER1 rest-coherence: worst=14.6deg bone[1]='bone_L-hand.mesh' count(>5deg)=4 freshRecap=0  xcheck(invOff-vs-restW) worst=14.6deg bone[1]
  TIER2 joint-attach(PRIMARY): worst=40.21u bone[3]='bone_L-index02.mesh' parent[2] R=47.0 exactJoint=0.35u pairs=3  (palette-wide exactWorst=0.37u)
[HANDS_ATTACH] mesh='gloves_resource.mesh' owner='gloves_resource.mesh' frame=204 nb=40 wext=43.4 rebound=1
  TIER1 rest-coherence: worst=28.9deg bone[28]='bone_L-thumb03.mesh' count(>5deg)=40 freshRecap=0  xcheck(invOff-vs-restW) worst=28.9deg bone[28]
  TIER2 joint-attach(PRIMARY): worst=94.12u bone[16]='bone_R-ringfinger02.mesh' parent[19] R=46.7 exactJoint=0.44u pairs=36  (palette-wide exactWorst=0.94u)
[HANDS_ATTACH] mesh='gloves_skin.2.mesh' owner='gloves_skin.2.mesh' frame=204 nb=9 wext=11.6 rebound=1
  TIER1 rest-coherence: worst=17.9deg bone[8]='bone_L-foreTwist2.mesh' count(>5deg)=9 freshRecap=0  xcheck(invOff-vs-restW) worst=17.9deg bone[7]
  TIER2 joint-attach(PRIMARY): worst=0.94u bone[3]='bone_R-pinky-base.mesh' parent[2] R=48.7 exactJoint=0.94u pairs=5  (palette-wide exactWorst=0.94u)
[HANDS_ATTACH] mesh='fingernails_resource.mesh' owner='fingernails_resource.mesh' frame=205 nb=10 wext=44.4 rebound=1
  TIER1 rest-coherence: worst=177.7deg bone[5]='bone_R-thumb03.mesh' count(>5deg)=10 freshRecap=0  xcheck(invOff-vs-restW) worst=177.7deg bone[5]
  TIER2 joint-attach(PRIMARY): worst=0.00u bone[-1]='?' parent[-1] R=0.0 exactJoint=0.00u pairs=0  (palette-wide exactWorst=0.00u)
[HANDS_ATTACH] mesh='fingernails_resource.mesh' owner='fingernails_resource.mesh' frame=205 nb=10 wext=28.7 rebound=1
  TIER1 rest-coherence: worst=177.5deg bone[9]='bone_L-index03.mesh' count(>5deg)=10 freshRecap=0  xcheck(invOff-vs-restW) worst=177.5deg bone[9]
  TIER2 joint-attach(PRIMARY): worst=0.00u bone[-1]='?' parent[-1] R=0.0 exactJoint=0.00u pairs=0  (palette-wide exactWorst=0.00u)
[HANDS_ATTACH] mesh='fingernails_resource.mesh' owner='fingernails_resource.mesh' frame=205 nb=10 wext=38.7 rebound=1
  TIER1 rest-coherence: worst=178.5deg bone[2]='bone_L-index03.mesh' count(>5deg)=10 freshRecap=0  xcheck(invOff-vs-restW) worst=178.5deg bone[2]
  TIER2 joint-attach(PRIMARY): worst=0.00u bone[-1]='?' parent[-1] R=0.0 exactJoint=0.00u pairs=0  (palette-wide exactWorst=0.00u)
[IK_SHARD_VERT] mesh='hands_naked.mesh' wext=101 worstVtx=119 domBone[31]='bone_L-thumb02.mesh' w=1.00 vertR=23.9 vertDevFromCentroid=41 bindVert=(-22.0,-8.9,61.5)
[IK_SHARD_VERT] mesh='hands_naked.mesh' wext=100 worstVtx=119 domBone[31]='bone_L-thumb02.mesh' w=1.00 vertR=23.9 vertDevFromCentroid=41 bindVert=(-22.0,-8.9,61.5)
[HANDS_ATTACH] mesh='hands_naked.mesh' owner='hands_naked.mesh' frame=214 nb=38 wext=100.4 rebound=1
  TIER1 rest-coherence: worst=3.1deg bone[2]='bone_R-pinky03.mesh' count(>5deg)=0 freshRecap=0  xcheck(invOff-vs-restW) worst=3.1deg bone[2]
  TIER2 joint-attach(PRIMARY): worst=90.47u bone[17]='bone_R-ringfinger02.mesh' parent[15] R=46.7 exactJoint=0.00u pairs=30  (palette-wide exactWorst=0.34u)
[HANDS_ATTACH] mesh='hands_naked.mesh' owner='hands_naked.mesh' frame=214 nb=40 wext=59.9 rebound=1
  TIER1 rest-coherence: worst=28.9deg bone[29]='bone_L-thumb03.mesh' count(>5deg)=40 freshRecap=0  xcheck(invOff-vs-restW) worst=28.9deg bone[29]
  TIER2 joint-attach(PRIMARY): worst=60.14u bone[5]='bone_R-ringfinger02.mesh' parent[24] R=46.7 exactJoint=0.44u pairs=36  (palette-wide exactWorst=0.94u)
[HANDS_ATTACH] mesh='hands_naked.mesh' owner='hands_naked.mesh' frame=214 nb=38 wext=96.1 rebound=1
  TIER1 rest-coherence: worst=3.1deg bone[2]='bone_R-pinky03.mesh' count(>5deg)=0 freshRecap=0  xcheck(invOff-vs-restW) worst=3.1deg bone[2]
  TIER2 joint-attach(PRIMARY): worst=111.32u bone[17]='bone_R-ringfinger02.mesh' parent[15] R=46.7 exactJoint=0.00u pairs=30  (palette-wide exactWorst=0.01u)
[HANDS_ATTACH] mesh='gloves_resource.1.mesh' owner='gloves_resource.1.mesh' frame=214 nb=4 wext=15.3 rebound=1
  TIER1 rest-coherence: worst=14.6deg bone[1]='bone_L-hand.mesh' count(>5deg)=4 freshRecap=0  xcheck(invOff-vs-restW) worst=14.6deg bone[1]
  TIER2 joint-attach(PRIMARY): worst=41.19u bone[3]='bone_L-index02.mesh' parent[2] R=47.0 exactJoint=0.35u pairs=3  (palette-wide exactWorst=0.37u)
[HANDS_ATTACH] mesh='gloves_resource.mesh' owner='gloves_resource.mesh' frame=214 nb=40 wext=44.1 rebound=1
  TIER1 rest-coherence: worst=28.9deg bone[28]='bone_L-thumb03.mesh' count(>5deg)=40 freshRecap=0  xcheck(invOff-vs-restW) worst=28.9deg bone[28]
  TIER2 joint-attach(PRIMARY): worst=93.95u bone[16]='bone_R-ringfinger02.mesh' parent[19] R=46.7 exactJoint=0.44u pairs=36  (palette-wide exactWorst=0.94u)
[HANDS_ATTACH] mesh='gloves_skin.2.mesh' owner='gloves_skin.2.mesh' frame=214 nb=9 wext=12.3 rebound=1
  TIER1 rest-coherence: worst=17.9deg bone[8]='bone_L-foreTwist2.mesh' count(>5deg)=9 freshRecap=0  xcheck(invOff-vs-restW) worst=17.9deg bone[7]
  TIER2 joint-attach(PRIMARY): worst=0.94u bone[3]='bone_R-pinky-base.mesh' parent[2] R=48.7 exactJoint=0.94u pairs=5  (palette-wide exactWorst=0.94u)
[IK_SHARD_VERT] mesh='highlight_main.mesh' wext=166 worstVtx=3 domBone[2]='bone_bottom_right.mesh' w=1.00 vertR=7.0 vertDevFromCentroid=83 bindVert=(64.0,-16.0,0.0)
[IK_SHARD_VERT] mesh='hands_naked.mesh' wext=60 worstVtx=1120 domBone[35]='bone_L-pinky-base.mesh' w=0.55 vertR=68.9 vertDevFromCentroid=25 bindVert=(-16.5,-4.0,55.2)
[IK_SHARD_VERT] mesh='highlight_refraction.mesh' wext=329 worstVtx=3 domBone[1]='bone_bottom_right.mesh' w=1.00 vertR=5.8 vertDevFromCentroid=499 bindVert=(62.7,-14.4,0.0)
[IK_SHARD_VERT] mesh='highlight_pattern.mesh' wext=329 worstVtx=3 domBone[1]='bone_bottom_right.mesh' w=1.00 vertR=5.8 vertDevFromCentroid=165 bindVert=(62.7,-14.4,0.0)
[HANDS_ATTACH] mesh='hands_naked.mesh' owner='hands_naked.mesh' frame=224 nb=38 wext=99.4 rebound=1
  TIER1 rest-coherence: worst=3.1deg bone[2]='bone_R-pinky03.mesh' count(>5deg)=0 freshRecap=0  xcheck(invOff-vs-restW) worst=3.1deg bone[2]
  TIER2 joint-attach(PRIMARY): worst=94.08u bone[17]='bone_R-ringfinger02.mesh' parent[15] R=46.7 exactJoint=0.00u pairs=30  (palette-wide exactWorst=0.34u)
[HANDS_ATTACH] mesh='hands_naked.mesh' owner='hands_naked.mesh' frame=224 nb=40 wext=60.5 rebound=1
  TIER1 rest-coherence: worst=28.9deg bone[29]='bone_L-thumb03.mesh' count(>5deg)=40 freshRecap=0  xcheck(invOff-vs-restW) worst=28.9deg bone[29]
  TIER2 joint-attach(PRIMARY): worst=58.58u bone[5]='bone_R-ringfinger02.mesh' parent[24] R=46.7 exactJoint=0.44u pairs=36  (palette-wide exactWorst=0.94u)
[HANDS_ATTACH] mesh='hands_naked.mesh' owner='hands_naked.mesh' frame=224 nb=38 wext=96.5 rebound=1
  TIER1 rest-coherence: worst=3.1deg bone[2]='bone_R-pinky03.mesh' count(>5deg)=0 freshRecap=0  xcheck(invOff-vs-restW) worst=3.1deg bone[2]
  TIER2 joint-attach(PRIMARY): worst=110.99u bone[17]='bone_R-ringfinger02.mesh' parent[15] R=46.7 exactJoint=0.00u pairs=30  (palette-wide exactWorst=0.02u)
[HANDS_ATTACH] mesh='gloves_resource.1.mesh' owner='gloves_resource.1.mesh' frame=224 nb=4 wext=15.5 rebound=1
  TIER1 rest-coherence: worst=14.6deg bone[1]='bone_L-hand.mesh' count(>5deg)=4 freshRecap=0  xcheck(invOff-vs-restW) worst=14.6deg bone[1]
  TIER2 joint-attach(PRIMARY): worst=42.05u bone[3]='bone_L-index02.mesh' parent[2] R=47.0 exactJoint=0.35u pairs=3  (palette-wide exactWorst=0.37u)
[HANDS_ATTACH] mesh='gloves_resource.mesh' owner='gloves_resource.mesh' frame=224 nb=40 wext=44.9 rebound=1
  TIER1 rest-coherence: worst=28.9deg bone[28]='bone_L-thumb03.mesh' count(>5deg)=40 freshRecap=0  xcheck(invOff-vs-restW) worst=28.9deg bone[28]
  TIER2 joint-attach(PRIMARY): worst=93.85u bone[16]='bone_R-ringfinger02.mesh' parent[19] R=46.7 exactJoint=0.44u pairs=36  (palette-wide exactWorst=0.94u)
[HANDS_ATTACH] mesh='gloves_skin.2.mesh' owner='gloves_skin.2.mesh' frame=224 nb=9 wext=12.8 rebound=1
  TIER1 rest-coherence: worst=17.9deg bone[8]='bone_L-foreTwist2.mesh' count(>5deg)=9 freshRecap=0  xcheck(invOff-vs-restW) worst=17.9deg bone[7]
  TIER2 joint-attach(PRIMARY): worst=0.94u bone[3]='bone_R-pinky-base.mesh' parent[2] R=48.7 exactJoint=0.94u pairs=5  (palette-wide exactWorst=0.94u)
[IK_SHARD_VERT] mesh='hands_naked.mesh' wext=60 worstVtx=1120 domBone[35]='bone_L-pinky-base.mesh' w=0.55 vertR=68.9 vertDevFromCentroid=25 bindVert=(-16.5,-4.0,55.2)
[HANDS_ATTACH] mesh='fingernails_resource.mesh' owner='fingernails_resource.mesh' frame=225 nb=10 wext=44.4 rebound=1
  TIER1 rest-coherence: worst=177.7deg bone[5]='bone_R-thumb03.mesh' count(>5deg)=10 freshRecap=0  xcheck(invOff-vs-restW) worst=177.7deg bone[5]
  TIER2 joint-attach(PRIMARY): worst=0.00u bone[-1]='?' parent[-1] R=0.0 exactJoint=0.00u pairs=0  (palette-wide exactWorst=0.00u)
[HANDS_ATTACH] mesh='fingernails_resource.mesh' owner='fingernails_resource.mesh' frame=225 nb=10 wext=29.2 rebound=1
  TIER1 rest-coherence: worst=177.5deg bone[9]='bone_L-index03.mesh' count(>5deg)=10 freshRecap=0  xcheck(invOff-vs-restW) worst=177.5deg bone[9]
  TIER2 joint-attach(PRIMARY): worst=0.00u bone[-1]='?' parent[-1] R=0.0 exactJoint=0.00u pairs=0  (palette-wide exactWorst=0.00u)
[HANDS_ATTACH] mesh='fingernails_resource.mesh' owner='fingernails_resource.mesh' frame=225 nb=10 wext=38.8 rebound=1
  TIER1 rest-coherence: worst=178.5deg bone[2]='bone_L-index03.mesh' count(>5deg)=10 freshRecap=0  xcheck(invOff-vs-restW) worst=178.5deg bone[2]
  TIER2 joint-attach(PRIMARY): worst=0.00u bone[-1]='?' parent[-1] R=0.0 exactJoint=0.00u pairs=0  (palette-wide exactWorst=0.00u)
[IK_SHARD_VERT] mesh='hands_naked.mesh' wext=61 worstVtx=1120 domBone[35]='bone_L-pinky-base.mesh' w=0.55 vertR=68.9 vertDevFromCentroid=25 bindVert=(-16.5,-4.0,55.2)
[IK_SHARD_VERT] mesh='highlight_main.mesh' wext=301 worstVtx=3 domBone[2]='bone_bottom_right.mesh' w=1.00 vertR=7.0 vertDevFromCentroid=151 bindVert=(64.0,-16.0,0.0)
[HANDS_ATTACH] mesh='hands_naked.mesh' owner='hands_naked.mesh' frame=234 nb=38 wext=98.2 rebound=1
  TIER1 rest-coherence: worst=3.1deg bone[2]='bone_R-pinky03.mesh' count(>5deg)=0 freshRecap=0  xcheck(invOff-vs-restW) worst=3.1deg bone[2]
  TIER2 joint-attach(PRIMARY): worst=97.72u bone[17]='bone_R-ringfinger02.mesh' parent[15] R=46.7 exactJoint=0.00u pairs=30  (palette-wide exactWorst=0.34u)
[HANDS_ATTACH] mesh='hands_naked.mesh' owner='hands_naked.mesh' frame=234 nb=40 wext=60.9 rebound=1
  TIER1 rest-coherence: worst=28.9deg bone[29]='bone_L-thumb03.mesh' count(>5deg)=40 freshRecap=0  xcheck(invOff-vs-restW) worst=28.9deg bone[29]
  TIER2 joint-attach(PRIMARY): worst=57.11u bone[5]='bone_R-ringfinger02.mesh' parent[24] R=46.7 exactJoint=0.44u pairs=36  (palette-wide exactWorst=0.94u)
[HANDS_ATTACH] mesh='hands_naked.mesh' owner='hands_naked.mesh' frame=234 nb=38 wext=96.8 rebound=1
  TIER1 rest-coherence: worst=3.1deg bone[2]='bone_R-pinky03.mesh' count(>5deg)=0 freshRecap=0  xcheck(invOff-vs-restW) worst=3.1deg bone[2]
  TIER2 joint-attach(PRIMARY): worst=110.71u bone[17]='bone_R-ringfinger02.mesh' parent[15] R=46.7 exactJoint=0.00u pairs=30  (palette-wide exactWorst=0.01u)
[HANDS_ATTACH] mesh='gloves_resource.1.mesh' owner='gloves_resource.1.mesh' frame=234 nb=4 wext=15.8 rebound=1
  TIER1 rest-coherence: worst=14.6deg bone[1]='bone_L-hand.mesh' count(>5deg)=4 freshRecap=0  xcheck(invOff-vs-restW) worst=14.6deg bone[1]
  TIER2 joint-attach(PRIMARY): worst=42.76u bone[3]='bone_L-index02.mesh' parent[2] R=47.0 exactJoint=0.35u pairs=3  (palette-wide exactWorst=0.37u)
[HANDS_ATTACH] mesh='gloves_resource.mesh' owner='gloves_resource.mesh' frame=234 nb=40 wext=45.5 rebound=1
  TIER1 rest-coherence: worst=28.9deg bone[28]='bone_L-thumb03.mesh' count(>5deg)=40 freshRecap=0  xcheck(invOff-vs-restW) worst=28.9deg bone[28]
  TIER2 joint-attach(PRIMARY): worst=93.82u bone[16]='bone_R-ringfinger02.mesh' parent[19] R=46.7 exactJoint=0.44u pairs=36  (palette-wide exactWorst=0.94u)
[HANDS_ATTACH] mesh='gloves_skin.2.mesh' owner='gloves_skin.2.mesh' frame=234 nb=9 wext=13.2 rebound=1
  TIER1 rest-coherence: worst=17.9deg bone[8]='bone_L-foreTwist2.mesh' count(>5deg)=9 freshRecap=0  xcheck(invOff-vs-restW) worst=17.9deg bone[7]
  TIER2 joint-attach(PRIMARY): worst=0.94u bone[3]='bone_R-pinky-base.mesh' parent[2] R=48.7 exactJoint=0.94u pairs=5  (palette-wide exactWorst=0.94u)
[IK_SHARD_VERT] mesh='hands_naked.mesh' wext=61 worstVtx=1120 domBone[35]='bone_L-pinky-base.mesh' w=0.55 vertR=68.9 vertDevFromCentroid=25 bindVert=(-16.5,-4.0,55.2)
[IK_SHARD_VERT] mesh='hands_naked.mesh' wext=61 worstVtx=1120 domBone[35]='bone_L-pinky-base.mesh' w=0.55 vertR=68.9 vertDevFromCentroid=25 bindVert=(-16.5,-4.0,55.2)
[HANDS_ATTACH] mesh='hands_naked.mesh' owner='hands_naked.mesh' frame=244 nb=38 wext=97.0 rebound=1
  TIER1 rest-coherence: worst=3.1deg bone[2]='bone_R-pinky03.mesh' count(>5deg)=0 freshRecap=0  xcheck(invOff-vs-restW) worst=3.1deg bone[2]
  TIER2 joint-attach(PRIMARY): worst=101.20u bone[17]='bone_R-ringfinger02.mesh' parent[15] R=46.7 exactJoint=0.00u pairs=30  (palette-wide exactWorst=0.34u)
[HANDS_ATTACH] mesh='hands_naked.mesh' owner='hands_naked.mesh' frame=244 nb=40 wext=61.3 rebound=1
  TIER1 rest-coherence: worst=28.9deg bone[29]='bone_L-thumb03.mesh' count(>5deg)=40 freshRecap=0  xcheck(invOff-vs-restW) worst=28.9deg bone[29]
  TIER2 joint-attach(PRIMARY): worst=55.85u bone[5]='bone_R-ringfinger02.mesh' parent[24] R=46.7 exactJoint=0.44u pairs=36  (palette-wide exactWorst=0.94u)
[HANDS_ATTACH] mesh='hands_naked.mesh' owner='hands_naked.mesh' frame=244 nb=38 wext=97.4 rebound=1
  TIER1 rest-coherence: worst=3.1deg bone[2]='bone_R-pinky03.mesh' count(>5deg)=0 freshRecap=0  xcheck(invOff-vs-restW) worst=3.1deg bone[2]
  TIER2 joint-attach(PRIMARY): worst=110.52u bone[17]='bone_R-ringfinger02.mesh' parent[15] R=46.7 exactJoint=0.00u pairs=30  (palette-wide exactWorst=0.01u)
[HANDS_ATTACH] mesh='gloves_resource.1.mesh' owner='gloves_resource.1.mesh' frame=244 nb=4 wext=16.0 rebound=1
  TIER1 rest-coherence: worst=14.6deg bone[1]='bone_L-hand.mesh' count(>5deg)=4 freshRecap=0  xcheck(invOff-vs-restW) worst=14.6deg bone[1]
  TIER2 joint-attach(PRIMARY): worst=43.31u bone[3]='bone_L-index02.mesh' parent[2] R=47.0 exactJoint=0.35u pairs=3  (palette-wide exactWorst=0.37u)
[HANDS_ATTACH] mesh='gloves_resource.mesh' owner='gloves_resource.mesh' frame=244 nb=40 wext=46.2 rebound=1
  TIER1 rest-coherence: worst=28.9deg bone[28]='bone_L-thumb03.mesh' count(>5deg)=40 freshRecap=0  xcheck(invOff-vs-restW) worst=28.9deg bone[28]
  TIER2 joint-attach(PRIMARY): worst=93.90u bone[16]='bone_R-ringfinger02.mesh' parent[19] R=46.7 exactJoint=0.44u pairs=36  (palette-wide exactWorst=0.94u)
[HANDS_ATTACH] mesh='gloves_skin.2.mesh' owner='gloves_skin.2.mesh' frame=244 nb=9 wext=13.4 rebound=1
  TIER1 rest-coherence: worst=17.9deg bone[8]='bone_L-foreTwist2.mesh' count(>5deg)=9 freshRecap=0  xcheck(invOff-vs-restW) worst=17.9deg bone[7]
  TIER2 joint-attach(PRIMARY): worst=0.94u bone[3]='bone_R-pinky-base.mesh' parent[2] R=48.7 exactJoint=0.94u pairs=5  (palette-wide exactWorst=0.94u)
[IK_SHARD_VERT] mesh='hands_naked.mesh' wext=61 worstVtx=1120 domBone[35]='bone_L-pinky-base.mesh' w=0.55 vertR=68.9 vertDevFromCentroid=25 bindVert=(-16.5,-4.0,55.2)
[HANDS_ATTACH] mesh='fingernails_resource.mesh' owner='fingernails_resource.mesh' frame=245 nb=10 wext=45.1 rebound=1
  TIER1 rest-coherence: worst=177.7deg bone[5]='bone_R-thumb03.mesh' count(>5deg)=10 freshRecap=0  xcheck(invOff-vs-restW) worst=177.7deg bone[5]
  TIER2 joint-attach(PRIMARY): worst=0.00u bone[-1]='?' parent[-1] R=0.0 exactJoint=0.00u pairs=0  (palette-wide exactWorst=0.00u)
[HANDS_ATTACH] mesh='fingernails_resource.mesh' owner='fingernails_resource.mesh' frame=245 nb=10 wext=30.2 rebound=1
  TIER1 rest-coherence: worst=177.5deg bone[9]='bone_L-index03.mesh' count(>5deg)=10 freshRecap=0  xcheck(invOff-vs-restW) worst=177.5deg bone[9]
  TIER2 joint-attach(PRIMARY): worst=0.00u bone[-1]='?' parent[-1] R=0.0 exactJoint=0.00u pairs=0  (palette-wide exactWorst=0.00u)
[HANDS_ATTACH] mesh='fingernails_resource.mesh' owner='fingernails_resource.mesh' frame=245 nb=10 wext=40.2 rebound=1
  TIER1 rest-coherence: worst=178.5deg bone[2]='bone_L-index03.mesh' count(>5deg)=10 freshRecap=0  xcheck(invOff-vs-restW) worst=178.5deg bone[2]
  TIER2 joint-attach(PRIMARY): worst=0.00u bone[-1]='?' parent[-1] R=0.0 exactJoint=0.00u pairs=0  (palette-wide exactWorst=0.00u)
[IK_SHARD_VERT] mesh='highlight_main.mesh' wext=301 worstVtx=3 domBone[2]='bone_bottom_right.mesh' w=1.00 vertR=7.0 vertDevFromCentroid=151 bindVert=(64.0,-16.0,0.0)
[IK_SHARD_VERT] mesh='hands_naked.mesh' wext=61 worstVtx=1120 domBone[35]='bone_L-pinky-base.mesh' w=0.55 vertR=68.9 vertDevFromCentroid=25 bindVert=(-16.5,-4.0,55.2)
[IK_SHARD_VERT] mesh='highlight_refraction.mesh' wext=329 worstVtx=3 domBone[1]='bone_bottom_right.mesh' w=1.00 vertR=5.8 vertDevFromCentroid=499 bindVert=(62.7,-14.4,0.0)
[IK_SHARD_VERT] mesh='highlight_pattern.mesh' wext=329 worstVtx=3 domBone[1]='bone_bottom_right.mesh' w=1.00 vertR=5.8 vertDevFromCentroid=165 bindVert=(62.7,-14.4,0.0)
[HANDS_ATTACH] mesh='hands_naked.mesh' owner='hands_naked.mesh' frame=254 nb=38 wext=97.2 rebound=1
  TIER1 rest-coherence: worst=3.1deg bone[2]='bone_R-pinky03.mesh' count(>5deg)=0 freshRecap=0  xcheck(invOff-vs-restW) worst=3.1deg bone[2]
  TIER2 joint-attach(PRIMARY): worst=104.31u bone[17]='bone_R-ringfinger02.mesh' parent[15] R=46.7 exactJoint=0.00u pairs=30  (palette-wide exactWorst=0.34u)
[HANDS_ATTACH] mesh='hands_naked.mesh' owner='hands_naked.mesh' frame=254 nb=40 wext=61.5 rebound=1
  TIER1 rest-coherence: worst=28.9deg bone[29]='bone_L-thumb03.mesh' count(>5deg)=40 freshRecap=0  xcheck(invOff-vs-restW) worst=28.9deg bone[29]
  TIER2 joint-attach(PRIMARY): worst=54.75u bone[5]='bone_R-ringfinger02.mesh' parent[24] R=46.7 exactJoint=0.44u pairs=36  (palette-wide exactWorst=0.94u)
[HANDS_ATTACH] mesh='hands_naked.mesh' owner='hands_naked.mesh' frame=254 nb=38 wext=98.5 rebound=1
  TIER1 rest-coherence: worst=3.1deg bone[2]='bone_R-pinky03.mesh' count(>5deg)=0 freshRecap=0  xcheck(invOff-vs-restW) worst=3.1deg bone[2]
  TIER2 joint-attach(PRIMARY): worst=110.43u bone[17]='bone_R-ringfinger02.mesh' parent[15] R=46.7 exactJoint=0.00u pairs=30  (palette-wide exactWorst=0.02u)
[HANDS_ATTACH] mesh='gloves_resource.1.mesh' owner='gloves_resource.1.mesh' frame=254 nb=4 wext=16.1 rebound=1
  TIER1 rest-coherence: worst=14.6deg bone[1]='bone_L-hand.mesh' count(>5deg)=4 freshRecap=0  xcheck(invOff-vs-restW) worst=14.6deg bone[1]
  TIER2 joint-attach(PRIMARY): worst=43.65u bone[3]='bone_L-index02.mesh' parent[2] R=47.0 exactJoint=0.35u pairs=3  (palette-wide exactWorst=0.37u)
[HANDS_ATTACH] mesh='gloves_resource.mesh' owner='gloves_resource.mesh' frame=254 nb=40 wext=46.7 rebound=1
  TIER1 rest-coherence: worst=28.9deg bone[28]='bone_L-thumb03.mesh' count(>5deg)=40 freshRecap=0  xcheck(invOff-vs-restW) worst=28.9deg bone[28]
  TIER2 joint-attach(PRIMARY): worst=94.02u bone[16]='bone_R-ringfinger02.mesh' parent[19] R=46.7 exactJoint=0.44u pairs=36  (palette-wide exactWorst=0.94u)
[HANDS_ATTACH] mesh='gloves_skin.2.mesh' owner='gloves_skin.2.mesh' frame=254 nb=9 wext=13.5 rebound=1
  TIER1 rest-coherence: worst=17.9deg bone[8]='bone_L-foreTwist2.mesh' count(>5deg)=9 freshRecap=0  xcheck(invOff-vs-restW) worst=17.9deg bone[7]
  TIER2 joint-attach(PRIMARY): worst=0.94u bone[3]='bone_R-pinky-base.mesh' parent[2] R=48.7 exactJoint=0.94u pairs=5  (palette-wide exactWorst=0.94u)
[IK_SHARD_VERT] mesh='hands_naked.mesh' wext=62 worstVtx=176 domBone[7]='bone_R-middlefinger03.mesh' w=1.00 vertR=65.0 vertDevFromCentroid=25 bindVert=(17.3,3.3,16.5)
[IK_SHARD_VERT] mesh='hands_naked.mesh' wext=62 worstVtx=176 domBone[7]='bone_R-middlefinger03.mesh' w=1.00 vertR=65.0 vertDevFromCentroid=25 bindVert=(17.3,3.3,16.5)
[IK_SHARD_VERT] mesh='highlight_main.mesh' wext=301 worstVtx=3 domBone[2]='bone_bottom_right.mesh' w=1.00 vertR=7.0 vertDevFromCentroid=151 bindVert=(64.0,-16.0,0.0)
[HANDS_ATTACH] mesh='hands_naked.mesh' owner='hands_naked.mesh' frame=264 nb=38 wext=97.1 rebound=1
  TIER1 rest-coherence: worst=3.1deg bone[2]='bone_R-pinky03.mesh' count(>5deg)=0 freshRecap=0  xcheck(invOff-vs-restW) worst=3.1deg bone[2]
  TIER2 joint-attach(PRIMARY): worst=106.91u bone[17]='bone_R-ringfinger02.mesh' parent[15] R=46.7 exactJoint=0.00u pairs=30  (palette-wide exactWorst=0.34u)
[HANDS_ATTACH] mesh='hands_naked.mesh' owner='hands_naked.mesh' frame=264 nb=40 wext=61.6 rebound=1
  TIER1 rest-coherence: worst=28.9deg bone[29]='bone_L-thumb03.mesh' count(>5deg)=40 freshRecap=0  xcheck(invOff-vs-restW) worst=28.9deg bone[29]
  TIER2 joint-attach(PRIMARY): worst=53.90u bone[5]='bone_R-ringfinger02.mesh' parent[24] R=46.7 exactJoint=0.44u pairs=36  (palette-wide exactWorst=0.94u)
[HANDS_ATTACH] mesh='hands_naked.mesh' owner='hands_naked.mesh' frame=264 nb=38 wext=99.9 rebound=1
  TIER1 rest-coherence: worst=3.1deg bone[2]='bone_R-pinky03.mesh' count(>5deg)=0 freshRecap=0  xcheck(invOff-vs-restW) worst=3.1deg bone[2]
  TIER2 joint-attach(PRIMARY): worst=110.36u bone[17]='bone_R-ringfinger02.mesh' parent[15] R=46.7 exactJoint=0.00u pairs=30  (palette-wide exactWorst=0.01u)
[HANDS_ATTACH] mesh='gloves_resource.1.mesh' owner='gloves_resource.1.mesh' frame=264 nb=4 wext=16.1 rebound=1
  TIER1 rest-coherence: worst=14.6deg bone[1]='bone_L-hand.mesh' count(>5deg)=4 freshRecap=0  xcheck(invOff-vs-restW) worst=14.6deg bone[1]
  TIER2 joint-attach(PRIMARY): worst=43.79u bone[3]='bone_L-index02.mesh' parent[2] R=47.0 exactJoint=0.35u pairs=3  (palette-wide exactWorst=0.37u)
[HANDS_ATTACH] mesh='gloves_resource.mesh' owner='gloves_resource.mesh' frame=264 nb=40 wext=46.9 rebound=1
  TIER1 rest-coherence: worst=28.9deg bone[28]='bone_L-thumb03.mesh' count(>5deg)=40 freshRecap=0  xcheck(invOff-vs-restW) worst=28.9deg bone[28]
  TIER2 joint-attach(PRIMARY): worst=94.22u bone[16]='bone_R-ringfinger02.mesh' parent[19] R=46.7 exactJoint=0.44u pairs=36  (palette-wide exactWorst=0.94u)
[HANDS_ATTACH] mesh='gloves_skin.2.mesh' owner='gloves_skin.2.mesh' frame=264 nb=9 wext=13.3 rebound=1
  TIER1 rest-coherence: worst=17.9deg bone[8]='bone_L-foreTwist2.mesh' count(>5deg)=9 freshRecap=0  xcheck(invOff-vs-restW) worst=17.9deg bone[7]
  TIER2 joint-attach(PRIMARY): worst=0.94u bone[3]='bone_R-pinky-base.mesh' parent[2] R=48.7 exactJoint=0.94u pairs=5  (palette-wide exactWorst=0.94u)
[IK_SHARD_VERT] mesh='hands_naked.mesh' wext=62 worstVtx=176 domBone[7]='bone_R-middlefinger03.mesh' w=1.00 vertR=65.0 vertDevFromCentroid=26 bindVert=(17.3,3.3,16.5)
[HANDS_ATTACH] mesh='fingernails_resource.mesh' owner='fingernails_resource.mesh' frame=265 nb=10 wext=45.6 rebound=1
  TIER1 rest-coherence: worst=177.7deg bone[5]='bone_R-thumb03.mesh' count(>5deg)=10 freshRecap=0  xcheck(invOff-vs-restW) worst=177.7deg bone[5]
  TIER2 joint-attach(PRIMARY): worst=0.00u bone[-1]='?' parent[-1] R=0.0 exactJoint=0.00u pairs=0  (palette-wide exactWorst=0.00u)
[HANDS_ATTACH] mesh='fingernails_resource.mesh' owner='fingernails_resource.mesh' frame=265 nb=10 wext=30.9 rebound=1
  TIER1 rest-coherence: worst=177.5deg bone[9]='bone_L-index03.mesh' count(>5deg)=10 freshRecap=0  xcheck(invOff-vs-restW) worst=177.5deg bone[9]
  TIER2 joint-attach(PRIMARY): worst=0.00u bone[-1]='?' parent[-1] R=0.0 exactJoint=0.00u pairs=0  (palette-wide exactWorst=0.00u)
[HANDS_ATTACH] mesh='fingernails_resource.mesh' owner='fingernails_resource.mesh' frame=265 nb=10 wext=42.4 rebound=1
  TIER1 rest-coherence: worst=178.5deg bone[2]='bone_L-index03.mesh' count(>5deg)=10 freshRecap=0  xcheck(invOff-vs-restW) worst=178.5deg bone[2]
  TIER2 joint-attach(PRIMARY): worst=0.00u bone[-1]='?' parent[-1] R=0.0 exactJoint=0.00u pairs=0  (palette-wide exactWorst=0.00u)
[IK_SHARD_VERT] mesh='hands_naked.mesh' wext=62 worstVtx=176 domBone[7]='bone_R-middlefinger03.mesh' w=1.00 vertR=65.0 vertDevFromCentroid=26 bindVert=(17.3,3.3,16.5)
[HANDS_ATTACH] mesh='hands_naked.mesh' owner='hands_naked.mesh' frame=274 nb=38 wext=96.8 rebound=1
  TIER1 rest-coherence: worst=3.1deg bone[2]='bone_R-pinky03.mesh' count(>5deg)=0 freshRecap=0  xcheck(invOff-vs-restW) worst=3.1deg bone[2]
  TIER2 joint-attach(PRIMARY): worst=108.90u bone[17]='bone_R-ringfinger02.mesh' parent[15] R=46.7 exactJoint=0.00u pairs=30  (palette-wide exactWorst=0.34u)
[HANDS_ATTACH] mesh='hands_naked.mesh' owner='hands_naked.mesh' frame=274 nb=40 wext=61.6 rebound=1
  TIER1 rest-coherence: worst=28.9deg bone[29]='bone_L-thumb03.mesh' count(>5deg)=40 freshRecap=0  xcheck(invOff-vs-restW) worst=28.9deg bone[29]
  TIER2 joint-attach(PRIMARY): worst=53.33u bone[5]='bone_R-ringfinger02.mesh' parent[24] R=46.7 exactJoint=0.44u pairs=36  (palette-wide exactWorst=0.94u)
[HANDS_ATTACH] mesh='hands_naked.mesh' owner='hands_naked.mesh' frame=274 nb=38 wext=101.3 rebound=1
  TIER1 rest-coherence: worst=3.1deg bone[2]='bone_R-pinky03.mesh' count(>5deg)=0 freshRecap=0  xcheck(invOff-vs-restW) worst=3.1deg bone[2]
  TIER2 joint-attach(PRIMARY): worst=110.38u bone[17]='bone_R-ringfinger02.mesh' parent[15] R=46.7 exactJoint=0.00u pairs=30  (palette-wide exactWorst=0.01u)
[HANDS_ATTACH] mesh='gloves_resource.1.mesh' owner='gloves_resource.1.mesh' frame=274 nb=4 wext=16.1 rebound=1
  TIER1 rest-coherence: worst=14.6deg bone[1]='bone_L-hand.mesh' count(>5deg)=4 freshRecap=0  xcheck(invOff-vs-restW) worst=14.6deg bone[1]
  TIER2 joint-attach(PRIMARY): worst=43.74u bone[3]='bone_L-index02.mesh' parent[2] R=47.0 exactJoint=0.35u pairs=3  (palette-wide exactWorst=0.37u)
[HANDS_ATTACH] mesh='gloves_resource.mesh' owner='gloves_resource.mesh' frame=274 nb=40 wext=46.8 rebound=1
  TIER1 rest-coherence: worst=28.9deg bone[28]='bone_L-thumb03.mesh' count(>5deg)=40 freshRecap=0  xcheck(invOff-vs-restW) worst=28.9deg bone[28]
  TIER2 joint-attach(PRIMARY): worst=94.49u bone[16]='bone_R-ringfinger02.mesh' parent[19] R=46.7 exactJoint=0.44u pairs=36  (palette-wide exactWorst=0.94u)
[HANDS_ATTACH] mesh='gloves_skin.2.mesh' owner='gloves_skin.2.mesh' frame=274 nb=9 wext=12.9 rebound=1
  TIER1 rest-coherence: worst=17.9deg bone[8]='bone_L-foreTwist2.mesh' count(>5deg)=9 freshRecap=0  xcheck(invOff-vs-restW) worst=17.9deg bone[7]
  TIER2 joint-attach(PRIMARY): worst=0.94u bone[3]='bone_R-pinky-base.mesh' parent[2] R=48.7 exactJoint=0.94u pairs=5  (palette-wide exactWorst=0.94u)
[IK_SHARD_VERT] mesh='hands_naked.mesh' wext=62 worstVtx=176 domBone[7]='bone_R-middlefinger03.mesh' w=1.00 vertR=65.0 vertDevFromCentroid=26 bindVert=(17.3,3.3,16.5)
[IK_SHARD_VERT] mesh='highlight_main.mesh' wext=301 worstVtx=3 domBone[2]='bone_bottom_right.mesh' w=1.00 vertR=7.0 vertDevFromCentroid=151 bindVert=(64.0,-16.0,0.0)
[IK_SHARD_VERT] mesh='hands_naked.mesh' wext=62 worstVtx=176 domBone[7]='bone_R-middlefinger03.mesh' w=1.00 vertR=65.0 vertDevFromCentroid=26 bindVert=(17.3,3.3,16.5)
[IK_SHARD_VERT] mesh='highlight_refraction.mesh' wext=329 worstVtx=3 domBone[1]='bone_bottom_right.mesh' w=1.00 vertR=5.8 vertDevFromCentroid=499 bindVert=(62.7,-14.4,0.0)
[IK_SHARD_VERT] mesh='highlight_pattern.mesh' wext=329 worstVtx=3 domBone[1]='bone_bottom_right.mesh' w=1.00 vertR=5.8 vertDevFromCentroid=165 bindVert=(62.7,-14.4,0.0)
[HANDS_ATTACH] mesh='hands_naked.mesh' owner='hands_naked.mesh' frame=284 nb=38 wext=97.0 rebound=1
  TIER1 rest-coherence: worst=3.1deg bone[2]='bone_R-pinky03.mesh' count(>5deg)=0 freshRecap=0  xcheck(invOff-vs-restW) worst=3.1deg bone[2]
  TIER2 joint-attach(PRIMARY): worst=110.16u bone[17]='bone_R-ringfinger02.mesh' parent[15] R=46.7 exactJoint=0.00u pairs=30  (palette-wide exactWorst=0.34u)
[HANDS_ATTACH] mesh='hands_naked.mesh' owner='hands_naked.mesh' frame=284 nb=40 wext=61.7 rebound=1
  TIER1 rest-coherence: worst=28.9deg bone[29]='bone_L-thumb03.mesh' count(>5deg)=40 freshRecap=0  xcheck(invOff-vs-restW) worst=28.9deg bone[29]
  TIER2 joint-attach(PRIMARY): worst=53.02u bone[5]='bone_R-ringfinger02.mesh' parent[24] R=46.7 exactJoint=0.44u pairs=36  (palette-wide exactWorst=0.94u)
[HANDS_ATTACH] mesh='hands_naked.mesh' owner='hands_naked.mesh' frame=284 nb=38 wext=102.0 rebound=1
  TIER1 rest-coherence: worst=3.1deg bone[2]='bone_R-pinky03.mesh' count(>5deg)=0 freshRecap=0  xcheck(invOff-vs-restW) worst=3.1deg bone[2]
  TIER2 joint-attach(PRIMARY): worst=110.44u bone[17]='bone_R-ringfinger02.mesh' parent[15] R=46.7 exactJoint=0.00u pairs=30  (palette-wide exactWorst=0.01u)
[HANDS_ATTACH] mesh='gloves_resource.1.mesh' owner='gloves_resource.1.mesh' frame=284 nb=4 wext=15.9 rebound=1
  TIER1 rest-coherence: worst=14.6deg bone[1]='bone_L-hand.mesh' count(>5deg)=4 freshRecap=0  xcheck(invOff-vs-restW) worst=14.6deg bone[1]
  TIER2 joint-attach(PRIMARY): worst=43.50u bone[3]='bone_L-index02.mesh' parent[2] R=47.0 exactJoint=0.35u pairs=3  (palette-wide exactWorst=0.37u)
[HANDS_ATTACH] mesh='gloves_resource.mesh' owner='gloves_resource.mesh' frame=284 nb=40 wext=46.8 rebound=1
  TIER1 rest-coherence: worst=28.9deg bone[28]='bone_L-thumb03.mesh' count(>5deg)=40 freshRecap=0  xcheck(invOff-vs-restW) worst=28.9deg bone[28]
  TIER2 joint-attach(PRIMARY): worst=94.80u bone[16]='bone_R-ringfinger02.mesh' parent[19] R=46.7 exactJoint=0.44u pairs=36  (palette-wide exactWorst=0.94u)
[HANDS_ATTACH] mesh='gloves_skin.2.mesh' owner='gloves_skin.2.mesh' frame=284 nb=9 wext=12.3 rebound=1
  TIER1 rest-coherence: worst=17.9deg bone[8]='bone_L-foreTwist2.mesh' count(>5deg)=9 freshRecap=0  xcheck(invOff-vs-restW) worst=17.9deg bone[7]
  TIER2 joint-attach(PRIMARY): worst=0.94u bone[3]='bone_R-pinky-base.mesh' parent[2] R=48.7 exactJoint=0.94u pairs=5  (palette-wide exactWorst=0.94u)
[IK_SHARD_VERT] mesh='hands_naked.mesh' wext=62 worstVtx=176 domBone[7]='bone_R-middlefinger03.mesh' w=1.00 vertR=65.0 vertDevFromCentroid=26 bindVert=(17.3,3.3,16.5)
[HANDS_ATTACH] mesh='fingernails_resource.mesh' owner='fingernails_resource.mesh' frame=285 nb=10 wext=45.5 rebound=1
  TIER1 rest-coherence: worst=177.7deg bone[5]='bone_R-thumb03.mesh' count(>5deg)=10 freshRecap=0  xcheck(invOff-vs-restW) worst=177.7deg bone[5]
  TIER2 joint-attach(PRIMARY): worst=0.00u bone[-1]='?' parent[-1] R=0.0 exactJoint=0.00u pairs=0  (palette-wide exactWorst=0.00u)
[HANDS_ATTACH] mesh='fingernails_resource.mesh' owner='fingernails_resource.mesh' frame=285 nb=10 wext=31.5 rebound=1
  TIER1 rest-coherence: worst=177.5deg bone[9]='bone_L-index03.mesh' count(>5deg)=10 freshRecap=0  xcheck(invOff-vs-restW) worst=177.5deg bone[9]
  TIER2 joint-attach(PRIMARY): worst=0.00u bone[-1]='?' parent[-1] R=0.0 exactJoint=0.00u pairs=0  (palette-wide exactWorst=0.00u)
[HANDS_ATTACH] mesh='fingernails_resource.mesh' owner='fingernails_resource.mesh' frame=285 nb=10 wext=44.6 rebound=1
  TIER1 rest-coherence: worst=178.5deg bone[2]='bone_L-index03.mesh' count(>5deg)=10 freshRecap=0  xcheck(invOff-vs-restW) worst=178.5deg bone[2]
  TIER2 joint-attach(PRIMARY): worst=0.00u bone[-1]='?' parent[-1] R=0.0 exactJoint=0.00u pairs=0  (palette-wide exactWorst=0.00u)
[IK_SHARD_VERT] mesh='hands_naked.mesh' wext=62 worstVtx=176 domBone[7]='bone_R-middlefinger03.mesh' w=1.00 vertR=65.0 vertDevFromCentroid=26 bindVert=(17.3,3.3,16.5)
[IK_SHARD_VERT] mesh='highlight_main.mesh' wext=301 worstVtx=3 domBone[2]='bone_bottom_right.mesh' w=1.00 vertR=7.0 vertDevFromCentroid=151 bindVert=(64.0,-16.0,0.0)
[HANDS_ATTACH] mesh='hands_naked.mesh' owner='hands_naked.mesh' frame=294 nb=38 wext=97.0 rebound=1
  TIER1 rest-coherence: worst=3.1deg bone[2]='bone_R-pinky03.mesh' count(>5deg)=0 freshRecap=0  xcheck(invOff-vs-restW) worst=3.1deg bone[2]
  TIER2 joint-attach(PRIMARY): worst=110.78u bone[17]='bone_R-ringfinger02.mesh' parent[15] R=46.7 exactJoint=0.00u pairs=30  (palette-wide exactWorst=0.34u)
[HANDS_ATTACH] mesh='hands_naked.mesh' owner='hands_naked.mesh' frame=294 nb=40 wext=61.9 rebound=1
  TIER1 rest-coherence: worst=28.9deg bone[29]='bone_L-thumb03.mesh' count(>5deg)=40 freshRecap=0  xcheck(invOff-vs-restW) worst=28.9deg bone[29]
  TIER2 joint-attach(PRIMARY): worst=52.99u bone[5]='bone_R-ringfinger02.mesh' parent[24] R=46.7 exactJoint=0.44u pairs=36  (palette-wide exactWorst=0.94u)
[HANDS_ATTACH] mesh='hands_naked.mesh' owner='hands_naked.mesh' frame=294 nb=38 wext=102.2 rebound=1
  TIER1 rest-coherence: worst=3.1deg bone[2]='bone_R-pinky03.mesh' count(>5deg)=0 freshRecap=0  xcheck(invOff-vs-restW) worst=3.1deg bone[2]
  TIER2 joint-attach(PRIMARY): worst=110.55u bone[17]='bone_R-ringfinger02.mesh' parent[15] R=46.7 exactJoint=0.00u pairs=30  (palette-wide exactWorst=0.01u)
[HANDS_ATTACH] mesh='gloves_resource.1.mesh' owner='gloves_resource.1.mesh' frame=294 nb=4 wext=15.8 rebound=1
  TIER1 rest-coherence: worst=14.6deg bone[1]='bone_L-hand.mesh' count(>5deg)=4 freshRecap=0  xcheck(invOff-vs-restW) worst=14.6deg bone[1]
  TIER2 joint-attach(PRIMARY): worst=43.09u bone[3]='bone_L-index02.mesh' parent[2] R=47.0 exactJoint=0.35u pairs=3  (palette-wide exactWorst=0.37u)
[HANDS_ATTACH] mesh='gloves_resource.mesh' owner='gloves_resource.mesh' frame=294 nb=40 wext=46.7 rebound=1
  TIER1 rest-coherence: worst=28.9deg bone[28]='bone_L-thumb03.mesh' count(>5deg)=40 freshRecap=0  xcheck(invOff-vs-restW) worst=28.9deg bone[28]
  TIER2 joint-attach(PRIMARY): worst=95.18u bone[16]='bone_R-ringfinger02.mesh' parent[19] R=46.7 exactJoint=0.44u pairs=36  (palette-wide exactWorst=0.94u)
[HANDS_ATTACH] mesh='gloves_skin.2.mesh' owner='gloves_skin.2.mesh' frame=294 nb=9 wext=11.5 rebound=1
  TIER1 rest-coherence: worst=17.9deg bone[8]='bone_L-foreTwist2.mesh' count(>5deg)=9 freshRecap=0  xcheck(invOff-vs-restW) worst=17.9deg bone[7]
  TIER2 joint-attach(PRIMARY): worst=0.94u bone[3]='bone_R-pinky-base.mesh' parent[2] R=48.7 exactJoint=0.94u pairs=5  (palette-wide exactWorst=0.94u)
[IK_SHARD_VERT] mesh='hands_naked.mesh' wext=62 worstVtx=176 domBone[7]='bone_R-middlefinger03.mesh' w=1.00 vertR=65.0 vertDevFromCentroid=26 bindVert=(17.3,3.3,16.5)
[IK_SHARD_VERT] mesh='hands_naked.mesh' wext=62 worstVtx=176 domBone[7]='bone_R-middlefinger03.mesh' w=1.00 vertR=65.0 vertDevFromCentroid=26 bindVert=(17.3,3.3,16.5)
[HANDS_ATTACH] mesh='hands_naked.mesh' owner='hands_naked.mesh' frame=304 nb=38 wext=96.8 rebound=1
  TIER1 rest-coherence: worst=3.1deg bone[2]='bone_R-pinky03.mesh' count(>5deg)=0 freshRecap=0  xcheck(invOff-vs-restW) worst=3.1deg bone[2]
  TIER2 joint-attach(PRIMARY): worst=110.98u bone[17]='bone_R-ringfinger02.mesh' parent[15] R=46.7 exactJoint=0.00u pairs=30  (palette-wide exactWorst=0.34u)
[HANDS_ATTACH] mesh='hands_naked.mesh' owner='hands_naked.mesh' frame=304 nb=40 wext=62.1 rebound=1
  TIER1 rest-coherence: worst=28.9deg bone[29]='bone_L-thumb03.mesh' count(>5deg)=40 freshRecap=0  xcheck(invOff-vs-restW) worst=28.9deg bone[29]
  TIER2 joint-attach(PRIMARY): worst=53.37u bone[5]='bone_R-ringfinger02.mesh' parent[24] R=46.7 exactJoint=0.44u pairs=36  (palette-wide exactWorst=0.94u)
[HANDS_ATTACH] mesh='hands_naked.mesh' owner='hands_naked.mesh' frame=304 nb=38 wext=102.2 rebound=1
  TIER1 rest-coherence: worst=3.1deg bone[2]='bone_R-pinky03.mesh' count(>5deg)=0 freshRecap=0  xcheck(invOff-vs-restW) worst=3.1deg bone[2]
  TIER2 joint-attach(PRIMARY): worst=110.71u bone[17]='bone_R-ringfinger02.mesh' parent[15] R=46.7 exactJoint=0.00u pairs=30  (palette-wide exactWorst=0.01u)
[HANDS_ATTACH] mesh='gloves_resource.1.mesh' owner='gloves_resource.1.mesh' frame=304 nb=4 wext=15.7 rebound=1
  TIER1 rest-coherence: worst=14.6deg bone[1]='bone_L-hand.mesh' count(>5deg)=4 freshRecap=0  xcheck(invOff-vs-restW) worst=14.6deg bone[1]
  TIER2 joint-attach(PRIMARY): worst=42.54u bone[3]='bone_L-index02.mesh' parent[2] R=47.0 exactJoint=0.35u pairs=3  (palette-wide exactWorst=0.37u)
[HANDS_ATTACH] mesh='gloves_resource.mesh' owner='gloves_resource.mesh' frame=304 nb=40 wext=46.5 rebound=1
  TIER1 rest-coherence: worst=28.9deg bone[28]='bone_L-thumb03.mesh' count(>5deg)=40 freshRecap=0  xcheck(invOff-vs-restW) worst=28.9deg bone[28]
  TIER2 joint-attach(PRIMARY): worst=95.58u bone[16]='bone_R-ringfinger02.mesh' parent[19] R=46.7 exactJoint=0.44u pairs=36  (palette-wide exactWorst=0.94u)
[HANDS_ATTACH] mesh='gloves_skin.2.mesh' owner='gloves_skin.2.mesh' frame=304 nb=9 wext=10.6 rebound=1
  TIER1 rest-coherence: worst=17.9deg bone[8]='bone_L-foreTwist2.mesh' count(>5deg)=9 freshRecap=0  xcheck(invOff-vs-restW) worst=17.9deg bone[7]
  TIER2 joint-attach(PRIMARY): worst=0.94u bone[3]='bone_R-pinky-base.mesh' parent[2] R=48.7 exactJoint=0.94u pairs=5  (palette-wide exactWorst=0.94u)
[IK_SHARD_VERT] mesh='hands_naked.mesh' wext=62 worstVtx=176 domBone[7]='bone_R-middlefinger03.mesh' w=1.00 vertR=65.0 vertDevFromCentroid=26 bindVert=(17.3,3.3,16.5)
[HANDS_ATTACH] mesh='fingernails_resource.mesh' owner='fingernails_resource.mesh' frame=305 nb=10 wext=45.4 rebound=1
  TIER1 rest-coherence: worst=177.7deg bone[5]='bone_R-thumb03.mesh' count(>5deg)=10 freshRecap=0  xcheck(invOff-vs-restW) worst=177.7deg bone[5]
  TIER2 joint-attach(PRIMARY): worst=0.00u bone[-1]='?' parent[-1] R=0.0 exactJoint=0.00u pairs=0  (palette-wide exactWorst=0.00u)
[HANDS_ATTACH] mesh='fingernails_resource.mesh' owner='fingernails_resource.mesh' frame=305 nb=10 wext=32.6 rebound=1
  TIER1 rest-coherence: worst=177.5deg bone[9]='bone_L-index03.mesh' count(>5deg)=10 freshRecap=0  xcheck(invOff-vs-restW) worst=177.5deg bone[9]
  TIER2 joint-attach(PRIMARY): worst=0.00u bone[-1]='?' parent[-1] R=0.0 exactJoint=0.00u pairs=0  (palette-wide exactWorst=0.00u)
[HANDS_ATTACH] mesh='fingernails_resource.mesh' owner='fingernails_resource.mesh' frame=305 nb=10 wext=45.8 rebound=1
  TIER1 rest-coherence: worst=178.5deg bone[2]='bone_L-index03.mesh' count(>5deg)=10 freshRecap=0  xcheck(invOff-vs-restW) worst=178.5deg bone[2]
  TIER2 joint-attach(PRIMARY): worst=0.00u bone[-1]='?' parent[-1] R=0.0 exactJoint=0.00u pairs=0  (palette-wide exactWorst=0.00u)
[IK_SHARD_VERT] mesh='highlight_main.mesh' wext=301 worstVtx=3 domBone[2]='bone_bottom_right.mesh' w=1.00 vertR=7.0 vertDevFromCentroid=151 bindVert=(64.0,-16.0,0.0)
[IK_SHARD_VERT] mesh='hands_naked.mesh' wext=62 worstVtx=176 domBone[7]='bone_R-middlefinger03.mesh' w=1.00 vertR=65.0 vertDevFromCentroid=26 bindVert=(17.3,3.3,16.5)
[IK_SHARD_VERT] mesh='highlight_refraction.mesh' wext=329 worstVtx=3 domBone[1]='bone_bottom_right.mesh' w=1.00 vertR=5.8 vertDevFromCentroid=499 bindVert=(62.7,-14.4,0.0)
[IK_SHARD_VERT] mesh='highlight_pattern.mesh' wext=329 worstVtx=3 domBone[1]='bone_bottom_right.mesh' w=1.00 vertR=5.8 vertDevFromCentroid=165 bindVert=(62.7,-14.4,0.0)
[HANDS_ATTACH] mesh='hands_naked.mesh' owner='hands_naked.mesh' frame=314 nb=38 wext=96.3 rebound=1
  TIER1 rest-coherence: worst=3.1deg bone[2]='bone_R-pinky03.mesh' count(>5deg)=0 freshRecap=0  xcheck(invOff-vs-restW) worst=3.1deg bone[2]
  TIER2 joint-attach(PRIMARY): worst=110.88u bone[17]='bone_R-ringfinger02.mesh' parent[15] R=46.7 exactJoint=0.00u pairs=30  (palette-wide exactWorst=0.34u)
[HANDS_ATTACH] mesh='hands_naked.mesh' owner='hands_naked.mesh' frame=314 nb=40 wext=62.5 rebound=1
  TIER1 rest-coherence: worst=28.9deg bone[29]='bone_L-thumb03.mesh' count(>5deg)=40 freshRecap=0  xcheck(invOff-vs-restW) worst=28.9deg bone[29]
  TIER2 joint-attach(PRIMARY): worst=54.12u bone[5]='bone_R-ringfinger02.mesh' parent[24] R=46.7 exactJoint=0.44u pairs=36  (palette-wide exactWorst=0.94u)
[HANDS_ATTACH] mesh='hands_naked.mesh' owner='hands_naked.mesh' frame=314 nb=38 wext=102.1 rebound=1
  TIER1 rest-coherence: worst=3.1deg bone[2]='bone_R-pinky03.mesh' count(>5deg)=0 freshRecap=0  xcheck(invOff-vs-restW) worst=3.1deg bone[2]
  TIER2 joint-attach(PRIMARY): worst=110.89u bone[17]='bone_R-ringfinger02.mesh' parent[15] R=46.7 exactJoint=0.00u pairs=30  (palette-wide exactWorst=0.02u)
[HANDS_ATTACH] mesh='gloves_resource.1.mesh' owner='gloves_resource.1.mesh' frame=314 nb=4 wext=15.6 rebound=1
  TIER1 rest-coherence: worst=14.6deg bone[1]='bone_L-hand.mesh' count(>5deg)=4 freshRecap=0  xcheck(invOff-vs-restW) worst=14.6deg bone[1]
  TIER2 joint-attach(PRIMARY): worst=41.86u bone[3]='bone_L-index02.mesh' parent[2] R=47.0 exactJoint=0.35u pairs=3  (palette-wide exactWorst=0.37u)
[HANDS_ATTACH] mesh='gloves_resource.mesh' owner='gloves_resource.mesh' frame=314 nb=40 wext=46.4 rebound=1
  TIER1 rest-coherence: worst=28.9deg bone[28]='bone_L-thumb03.mesh' count(>5deg)=40 freshRecap=0  xcheck(invOff-vs-restW) worst=28.9deg bone[28]
  TIER2 joint-attach(PRIMARY): worst=96.06u bone[16]='bone_R-ringfinger02.mesh' parent[19] R=46.7 exactJoint=0.44u pairs=36  (palette-wide exactWorst=0.94u)
[HANDS_ATTACH] mesh='gloves_skin.2.mesh' owner='gloves_skin.2.mesh' frame=314 nb=9 wext=9.8 rebound=1
  TIER1 rest-coherence: worst=17.9deg bone[8]='bone_L-foreTwist2.mesh' count(>5deg)=9 freshRecap=0  xcheck(invOff-vs-restW) worst=17.9deg bone[7]
  TIER2 joint-attach(PRIMARY): worst=0.94u bone[3]='bone_R-pinky-base.mesh' parent[2] R=48.7 exactJoint=0.94u pairs=5  (palette-wide exactWorst=0.94u)
[IK_SHARD_VERT] mesh='hands_naked.mesh' wext=62 worstVtx=176 domBone[7]='bone_R-middlefinger03.mesh' w=1.00 vertR=65.0 vertDevFromCentroid=26 bindVert=(17.3,3.3,16.5)
[IK_SHARD_VERT] mesh='hands_naked.mesh' wext=63 worstVtx=176 domBone[7]='bone_R-middlefinger03.mesh' w=1.00 vertR=65.0 vertDevFromCentroid=26 bindVert=(17.3,3.3,16.5)
[IK_SHARD_VERT] mesh='highlight_main.mesh' wext=301 worstVtx=3 domBone[2]='bone_bottom_right.mesh' w=1.00 vertR=7.0 vertDevFromCentroid=151 bindVert=(64.0,-16.0,0.0)
[HANDS_ATTACH] mesh='hands_naked.mesh' owner='hands_naked.mesh' frame=324 nb=38 wext=95.8 rebound=1
  TIER1 rest-coherence: worst=3.1deg bone[2]='bone_R-pinky03.mesh' count(>5deg)=0 freshRecap=0  xcheck(invOff-vs-restW) worst=3.1deg bone[2]
  TIER2 joint-attach(PRIMARY): worst=110.52u bone[17]='bone_R-ringfinger02.mesh' parent[15] R=46.7 exactJoint=0.00u pairs=30  (palette-wide exactWorst=0.34u)
[HANDS_ATTACH] mesh='hands_naked.mesh' owner='hands_naked.mesh' frame=324 nb=40 wext=62.8 rebound=1
  TIER1 rest-coherence: worst=28.9deg bone[29]='bone_L-thumb03.mesh' count(>5deg)=40 freshRecap=0  xcheck(invOff-vs-restW) worst=28.9deg bone[29]
  TIER2 joint-attach(PRIMARY): worst=55.22u bone[5]='bone_R-ringfinger02.mesh' parent[24] R=46.7 exactJoint=0.44u pairs=36  (palette-wide exactWorst=0.94u)
[HANDS_ATTACH] mesh='hands_naked.mesh' owner='hands_naked.mesh' frame=324 nb=38 wext=102.0 rebound=1
  TIER1 rest-coherence: worst=3.1deg bone[2]='bone_R-pinky03.mesh' count(>5deg)=0 freshRecap=0  xcheck(invOff-vs-restW) worst=3.1deg bone[2]
  TIER2 joint-attach(PRIMARY): worst=111.11u bone[17]='bone_R-ringfinger02.mesh' parent[15] R=46.7 exactJoint=0.00u pairs=30  (palette-wide exactWorst=0.01u)
[HANDS_ATTACH] mesh='gloves_resource.1.mesh' owner='gloves_resource.1.mesh' frame=324 nb=4 wext=15.4 rebound=1
  TIER1 rest-coherence: worst=14.6deg bone[1]='bone_L-hand.mesh' count(>5deg)=4 freshRecap=0  xcheck(invOff-vs-restW) worst=14.6deg bone[1]
  TIER2 joint-attach(PRIMARY): worst=41.04u bone[3]='bone_L-index02.mesh' parent[2] R=47.0 exactJoint=0.35u pairs=3  (palette-wide exactWorst=0.37u)
[HANDS_ATTACH] mesh='gloves_resource.mesh' owner='gloves_resource.mesh' frame=324 nb=40 wext=46.3 rebound=1
  TIER1 rest-coherence: worst=28.9deg bone[28]='bone_L-thumb03.mesh' count(>5deg)=40 freshRecap=0  xcheck(invOff-vs-restW) worst=28.9deg bone[28]
  TIER2 joint-attach(PRIMARY): worst=96.54u bone[16]='bone_R-ringfinger02.mesh' parent[19] R=46.7 exactJoint=0.44u pairs=36  (palette-wide exactWorst=0.94u)
[HANDS_ATTACH] mesh='gloves_skin.2.mesh' owner='gloves_skin.2.mesh' frame=324 nb=9 wext=9.2 rebound=1
  TIER1 rest-coherence: worst=17.9deg bone[8]='bone_L-foreTwist2.mesh' count(>5deg)=9 freshRecap=0  xcheck(invOff-vs-restW) worst=17.9deg bone[7]
  TIER2 joint-attach(PRIMARY): worst=0.94u bone[3]='bone_R-pinky-base.mesh' parent[2] R=48.7 exactJoint=0.94u pairs=5  (palette-wide exactWorst=0.94u)
[IK_SHARD_VERT] mesh='hands_naked.mesh' wext=63 worstVtx=176 domBone[7]='bone_R-middlefinger03.mesh' w=1.00 vertR=65.0 vertDevFromCentroid=26 bindVert=(17.3,3.3,16.5)
[HANDS_ATTACH] mesh='fingernails_resource.mesh' owner='fingernails_resource.mesh' frame=325 nb=10 wext=45.2 rebound=1
  TIER1 rest-coherence: worst=177.7deg bone[5]='bone_R-thumb03.mesh' count(>5deg)=10 freshRecap=0  xcheck(invOff-vs-restW) worst=177.7deg bone[5]
  TIER2 joint-attach(PRIMARY): worst=0.00u bone[-1]='?' parent[-1] R=0.0 exactJoint=0.00u pairs=0  (palette-wide exactWorst=0.00u)
[HANDS_ATTACH] mesh='fingernails_resource.mesh' owner='fingernails_resource.mesh' frame=325 nb=10 wext=34.0 rebound=1
  TIER1 rest-coherence: worst=177.5deg bone[9]='bone_L-index03.mesh' count(>5deg)=10 freshRecap=0  xcheck(invOff-vs-restW) worst=177.5deg bone[9]
  TIER2 joint-attach(PRIMARY): worst=0.00u bone[-1]='?' parent[-1] R=0.0 exactJoint=0.00u pairs=0  (palette-wide exactWorst=0.00u)
[HANDS_ATTACH] mesh='fingernails_resource.mesh' owner='fingernails_resource.mesh' frame=325 nb=10 wext=45.8 rebound=1
  TIER1 rest-coherence: worst=178.5deg bone[2]='bone_L-index03.mesh' count(>5deg)=10 freshRecap=0  xcheck(invOff-vs-restW) worst=178.5deg bone[2]
  TIER2 joint-attach(PRIMARY): worst=0.00u bone[-1]='?' parent[-1] R=0.0 exactJoint=0.00u pairs=0  (palette-wide exactWorst=0.00u)
[IK_SHARD_VERT] mesh='hands_naked.mesh' wext=63 worstVtx=176 domBone[7]='bone_R-middlefinger03.mesh' w=1.00 vertR=65.0 vertDevFromCentroid=26 bindVert=(17.3,3.3,16.5)
[HANDS_ATTACH] mesh='hands_naked.mesh' owner='hands_naked.mesh' frame=334 nb=38 wext=95.6 rebound=1
  TIER1 rest-coherence: worst=3.1deg bone[2]='bone_R-pinky03.mesh' count(>5deg)=0 freshRecap=0  xcheck(invOff-vs-restW) worst=3.1deg bone[2]
  TIER2 joint-attach(PRIMARY): worst=109.90u bone[17]='bone_R-ringfinger02.mesh' parent[15] R=46.7 exactJoint=0.00u pairs=30  (palette-wide exactWorst=0.34u)
[HANDS_ATTACH] mesh='hands_naked.mesh' owner='hands_naked.mesh' frame=334 nb=40 wext=63.1 rebound=1
  TIER1 rest-coherence: worst=28.9deg bone[29]='bone_L-thumb03.mesh' count(>5deg)=40 freshRecap=0  xcheck(invOff-vs-restW) worst=28.9deg bone[29]
  TIER2 joint-attach(PRIMARY): worst=56.66u bone[5]='bone_R-ringfinger02.mesh' parent[24] R=46.7 exactJoint=0.44u pairs=36  (palette-wide exactWorst=0.94u)
[HANDS_ATTACH] mesh='hands_naked.mesh' owner='hands_naked.mesh' frame=334 nb=38 wext=102.0 rebound=1
  TIER1 rest-coherence: worst=3.1deg bone[2]='bone_R-pinky03.mesh' count(>5deg)=0 freshRecap=0  xcheck(invOff-vs-restW) worst=3.1deg bone[2]
  TIER2 joint-attach(PRIMARY): worst=111.41u bone[17]='bone_R-ringfinger02.mesh' parent[15] R=46.7 exactJoint=0.00u pairs=30  (palette-wide exactWorst=0.01u)
[HANDS_ATTACH] mesh='gloves_resource.1.mesh' owner='gloves_resource.1.mesh' frame=334 nb=4 wext=15.2 rebound=1
  TIER1 rest-coherence: worst=14.6deg bone[1]='bone_L-hand.mesh' count(>5deg)=4 freshRecap=0  xcheck(invOff-vs-restW) worst=14.6deg bone[1]
  TIER2 joint-attach(PRIMARY): worst=40.08u bone[3]='bone_L-index02.mesh' parent[2] R=47.0 exactJoint=0.35u pairs=3  (palette-wide exactWorst=0.37u)
[HANDS_ATTACH] mesh='gloves_resource.mesh' owner='gloves_resource.mesh' frame=334 nb=40 wext=46.2 rebound=1
  TIER1 rest-coherence: worst=28.9deg bone[28]='bone_L-thumb03.mesh' count(>5deg)=40 freshRecap=0  xcheck(invOff-vs-restW) worst=28.9deg bone[28]
  TIER2 joint-attach(PRIMARY): worst=97.09u bone[16]='bone_R-ringfinger02.mesh' parent[19] R=46.7 exactJoint=0.44u pairs=36  (palette-wide exactWorst=0.94u)
[HANDS_ATTACH] mesh='gloves_skin.2.mesh' owner='gloves_skin.2.mesh' frame=334 nb=9 wext=8.8 rebound=1
  TIER1 rest-coherence: worst=17.9deg bone[8]='bone_L-foreTwist2.mesh' count(>5deg)=9 freshRecap=0  xcheck(invOff-vs-restW) worst=17.9deg bone[7]
  TIER2 joint-attach(PRIMARY): worst=0.94u bone[3]='bone_R-pinky-base.mesh' parent[2] R=48.7 exactJoint=0.94u pairs=5  (palette-wide exactWorst=0.94u)
[IK_SHARD_VERT] mesh='hands_naked.mesh' wext=63 worstVtx=176 domBone[7]='bone_R-middlefinger03.mesh' w=1.00 vertR=65.0 vertDevFromCentroid=26 bindVert=(17.3,3.3,16.5)
[IK_SHARD_VERT] mesh='highlight_main.mesh' wext=301 worstVtx=3 domBone[2]='bone_bottom_right.mesh' w=1.00 vertR=7.0 vertDevFromCentroid=151 bindVert=(64.0,-16.0,0.0)
[IK_SHARD_VERT] mesh='hands_naked.mesh' wext=63 worstVtx=176 domBone[7]='bone_R-middlefinger03.mesh' w=1.00 vertR=65.0 vertDevFromCentroid=26 bindVert=(17.3,3.3,16.5)
[IK_SHARD_VERT] mesh='highlight_refraction.mesh' wext=329 worstVtx=3 domBone[1]='bone_bottom_right.mesh' w=1.00 vertR=5.8 vertDevFromCentroid=499 bindVert=(62.7,-14.4,0.0)
[IK_SHARD_VERT] mesh='highlight_pattern.mesh' wext=329 worstVtx=3 domBone[1]='bone_bottom_right.mesh' w=1.00 vertR=5.8 vertDevFromCentroid=165 bindVert=(62.7,-14.4,0.0)
[HANDS_ATTACH] mesh='hands_naked.mesh' owner='hands_naked.mesh' frame=344 nb=38 wext=95.4 rebound=1
  TIER1 rest-coherence: worst=3.1deg bone[2]='bone_R-pinky03.mesh' count(>5deg)=0 freshRecap=0  xcheck(invOff-vs-restW) worst=3.1deg bone[2]
  TIER2 joint-attach(PRIMARY): worst=109.03u bone[17]='bone_R-ringfinger02.mesh' parent[15] R=46.7 exactJoint=0.00u pairs=30  (palette-wide exactWorst=0.34u)
[HANDS_ATTACH] mesh='hands_naked.mesh' owner='hands_naked.mesh' frame=344 nb=40 wext=63.2 rebound=1
  TIER1 rest-coherence: worst=28.9deg bone[29]='bone_L-thumb03.mesh' count(>5deg)=40 freshRecap=0  xcheck(invOff-vs-restW) worst=28.9deg bone[29]
  TIER2 joint-attach(PRIMARY): worst=58.37u bone[5]='bone_R-ringfinger02.mesh' parent[24] R=46.7 exactJoint=0.44u pairs=36  (palette-wide exactWorst=0.94u)
[HANDS_ATTACH] mesh='hands_naked.mesh' owner='hands_naked.mesh' frame=344 nb=38 wext=101.9 rebound=1
  TIER1 rest-coherence: worst=3.1deg bone[2]='bone_R-pinky03.mesh' count(>5deg)=0 freshRecap=0  xcheck(invOff-vs-restW) worst=3.1deg bone[2]
  TIER2 joint-attach(PRIMARY): worst=111.71u bone[17]='bone_R-ringfinger02.mesh' parent[15] R=46.7 exactJoint=0.00u pairs=30  (palette-wide exactWorst=0.02u)
[HANDS_ATTACH] mesh='gloves_resource.1.mesh' owner='gloves_resource.1.mesh' frame=344 nb=4 wext=15.0 rebound=1
  TIER1 rest-coherence: worst=14.6deg bone[1]='bone_L-hand.mesh' count(>5deg)=4 freshRecap=0  xcheck(invOff-vs-restW) worst=14.6deg bone[1]
  TIER2 joint-attach(PRIMARY): worst=39.00u bone[3]='bone_L-index02.mesh' parent[2] R=47.0 exactJoint=0.35u pairs=3  (palette-wide exactWorst=0.37u)
[HANDS_ATTACH] mesh='gloves_resource.mesh' owner='gloves_resource.mesh' frame=344 nb=40 wext=46.3 rebound=1
  TIER1 rest-coherence: worst=28.9deg bone[28]='bone_L-thumb03.mesh' count(>5deg)=40 freshRecap=0  xcheck(invOff-vs-restW) worst=28.9deg bone[28]
  TIER2 joint-attach(PRIMARY): worst=97.65u bone[16]='bone_R-ringfinger02.mesh' parent[19] R=46.7 exactJoint=0.44u pairs=36  (palette-wide exactWorst=0.94u)
[HANDS_ATTACH] mesh='gloves_skin.2.mesh' owner='gloves_skin.2.mesh' frame=344 nb=9 wext=8.7 rebound=1
  TIER1 rest-coherence: worst=17.9deg bone[8]='bone_L-foreTwist2.mesh' count(>5deg)=9 freshRecap=0  xcheck(invOff-vs-restW) worst=17.9deg bone[7]
  TIER2 joint-attach(PRIMARY): worst=0.94u bone[3]='bone_R-pinky-base.mesh' parent[2] R=48.7 exactJoint=0.94u pairs=5  (palette-wide exactWorst=0.94u)
[IK_SHARD_VERT] mesh='hands_naked.mesh' wext=63 worstVtx=176 domBone[7]='bone_R-middlefinger03.mesh' w=1.00 vertR=65.0 vertDevFromCentroid=26 bindVert=(17.3,3.3,16.5)
[HANDS_ATTACH] mesh='fingernails_resource.mesh' owner='fingernails_resource.mesh' frame=345 nb=10 wext=44.5 rebound=1
  TIER1 rest-coherence: worst=177.7deg bone[5]='bone_R-thumb03.mesh' count(>5deg)=10 freshRecap=0  xcheck(invOff-vs-restW) worst=177.7deg bone[5]
  TIER2 joint-attach(PRIMARY): worst=0.00u bone[-1]='?' parent[-1] R=0.0 exactJoint=0.00u pairs=0  (palette-wide exactWorst=0.00u)
[HANDS_ATTACH] mesh='fingernails_resource.mesh' owner='fingernails_resource.mesh' frame=345 nb=10 wext=34.8 rebound=1
  TIER1 rest-coherence: worst=177.5deg bone[9]='bone_L-index03.mesh' count(>5deg)=10 freshRecap=0  xcheck(invOff-vs-restW) worst=177.5deg bone[9]
  TIER2 joint-attach(PRIMARY): worst=0.00u bone[-1]='?' parent[-1] R=0.0 exactJoint=0.00u pairs=0  (palette-wide exactWorst=0.00u)
[HANDS_ATTACH] mesh='fingernails_resource.mesh' owner='fingernails_resource.mesh' frame=345 nb=10 wext=45.3 rebound=1
  TIER1 rest-coherence: worst=178.5deg bone[2]='bone_L-index03.mesh' count(>5deg)=10 freshRecap=0  xcheck(invOff-vs-restW) worst=178.5deg bone[2]
  TIER2 joint-attach(PRIMARY): worst=0.00u bone[-1]='?' parent[-1] R=0.0 exactJoint=0.00u pairs=0  (palette-wide exactWorst=0.00u)
[IK_SHARD_VERT] mesh='hands_naked.mesh' wext=63 worstVtx=1120 domBone[35]='bone_L-pinky-base.mesh' w=0.55 vertR=68.9 vertDevFromCentroid=26 bindVert=(-16.5,-4.0,55.2)
[IK_SHARD_VERT] mesh='highlight_main.mesh' wext=301 worstVtx=3 domBone[2]='bone_bottom_right.mesh' w=1.00 vertR=7.0 vertDevFromCentroid=151 bindVert=(64.0,-16.0,0.0)
[HANDS_ATTACH] mesh='hands_naked.mesh' owner='hands_naked.mesh' frame=354 nb=38 wext=95.5 rebound=1
  TIER1 rest-coherence: worst=3.1deg bone[2]='bone_R-pinky03.mesh' count(>5deg)=0 freshRecap=0  xcheck(invOff-vs-restW) worst=3.1deg bone[2]
  TIER2 joint-attach(PRIMARY): worst=107.97u bone[17]='bone_R-ringfinger02.mesh' parent[15] R=46.7 exactJoint=0.00u pairs=30  (palette-wide exactWorst=0.34u)
[HANDS_ATTACH] mesh='hands_naked.mesh' owner='hands_naked.mesh' frame=354 nb=40 wext=63.4 rebound=1
  TIER1 rest-coherence: worst=28.9deg bone[29]='bone_L-thumb03.mesh' count(>5deg)=40 freshRecap=0  xcheck(invOff-vs-restW) worst=28.9deg bone[29]
  TIER2 joint-attach(PRIMARY): worst=60.29u bone[5]='bone_R-ringfinger02.mesh' parent[24] R=46.7 exactJoint=0.44u pairs=36  (palette-wide exactWorst=0.94u)
[HANDS_ATTACH] mesh='hands_naked.mesh' owner='hands_naked.mesh' frame=354 nb=38 wext=101.9 rebound=1
  TIER1 rest-coherence: worst=3.1deg bone[2]='bone_R-pinky03.mesh' count(>5deg)=0 freshRecap=0  xcheck(invOff-vs-restW) worst=3.1deg bone[2]
  TIER2 joint-attach(PRIMARY): worst=112.04u bone[17]='bone_R-ringfinger02.mesh' parent[15] R=46.7 exactJoint=0.00u pairs=30  (palette-wide exactWorst=0.01u)
[HANDS_ATTACH] mesh='gloves_resource.1.mesh' owner='gloves_resource.1.mesh' frame=354 nb=4 wext=14.7 rebound=1
  TIER1 rest-coherence: worst=14.6deg bone[1]='bone_L-hand.mesh' count(>5deg)=4 freshRecap=0  xcheck(invOff-vs-restW) worst=14.6deg bone[1]
  TIER2 joint-attach(PRIMARY): worst=37.84u bone[3]='bone_L-index02.mesh' parent[2] R=47.0 exactJoint=0.35u pairs=3  (palette-wide exactWorst=0.37u)
[HANDS_ATTACH] mesh='gloves_resource.mesh' owner='gloves_resource.mesh' frame=354 nb=40 wext=46.5 rebound=1
  TIER1 rest-coherence: worst=28.9deg bone[28]='bone_L-thumb03.mesh' count(>5deg)=40 freshRecap=0  xcheck(invOff-vs-restW) worst=28.9deg bone[28]
  TIER2 joint-attach(PRIMARY): worst=98.22u bone[16]='bone_R-ringfinger02.mesh' parent[19] R=46.7 exactJoint=0.44u pairs=36  (palette-wide exactWorst=0.94u)
[HANDS_ATTACH] mesh='gloves_skin.2.mesh' owner='gloves_skin.2.mesh' frame=354 nb=9 wext=8.7 rebound=1
  TIER1 rest-coherence: worst=17.9deg bone[8]='bone_L-foreTwist2.mesh' count(>5deg)=9 freshRecap=0  xcheck(invOff-vs-restW) worst=17.9deg bone[7]
  TIER2 joint-attach(PRIMARY): worst=0.94u bone[3]='bone_R-pinky-base.mesh' parent[2] R=48.7 exactJoint=0.94u pairs=5  (palette-wide exactWorst=0.94u)
[IK_SHARD_VERT] mesh='hands_naked.mesh' wext=63 worstVtx=1120 domBone[35]='bone_L-pinky-base.mesh' w=0.55 vertR=68.9 vertDevFromCentroid=26 bindVert=(-16.5,-4.0,55.2)
[IK_SHARD_VERT] mesh='hands_naked.mesh' wext=63 worstVtx=1120 domBone[35]='bone_L-pinky-base.mesh' w=0.55 vertR=68.9 vertDevFromCentroid=26 bindVert=(-16.5,-4.0,55.2)
[HANDS_ATTACH] mesh='hands_naked.mesh' owner='hands_naked.mesh' frame=364 nb=38 wext=95.6 rebound=1
  TIER1 rest-coherence: worst=3.1deg bone[2]='bone_R-pinky03.mesh' count(>5deg)=0 freshRecap=0  xcheck(invOff-vs-restW) worst=3.1deg bone[2]
  TIER2 joint-attach(PRIMARY): worst=106.26u bone[17]='bone_R-ringfinger02.mesh' parent[15] R=46.7 exactJoint=0.00u pairs=30  (palette-wide exactWorst=0.34u)
[HANDS_ATTACH] mesh='hands_naked.mesh' owner='hands_naked.mesh' frame=364 nb=40 wext=63.4 rebound=1
  TIER1 rest-coherence: worst=28.9deg bone[29]='bone_L-thumb03.mesh' count(>5deg)=40 freshRecap=0  xcheck(invOff-vs-restW) worst=28.9deg bone[29]
  TIER2 joint-attach(PRIMARY): worst=63.07u bone[5]='bone_R-ringfinger02.mesh' parent[24] R=46.7 exactJoint=0.44u pairs=36  (palette-wide exactWorst=0.94u)
[HANDS_ATTACH] mesh='hands_naked.mesh' owner='hands_naked.mesh' frame=364 nb=38 wext=101.6 rebound=1
  TIER1 rest-coherence: worst=3.1deg bone[2]='bone_R-pinky03.mesh' count(>5deg)=0 freshRecap=0  xcheck(invOff-vs-restW) worst=3.1deg bone[2]
  TIER2 joint-attach(PRIMARY): worst=112.51u bone[17]='bone_R-ringfinger02.mesh' parent[15] R=46.7 exactJoint=0.00u pairs=30  (palette-wide exactWorst=0.01u)
[HANDS_ATTACH] mesh='gloves_resource.1.mesh' owner='gloves_resource.1.mesh' frame=364 nb=4 wext=14.3 rebound=1
  TIER1 rest-coherence: worst=14.6deg bone[1]='bone_L-hand.mesh' count(>5deg)=4 freshRecap=0  xcheck(invOff-vs-restW) worst=14.6deg bone[1]
  TIER2 joint-attach(PRIMARY): worst=36.18u bone[3]='bone_L-index02.mesh' parent[2] R=47.0 exactJoint=0.35u pairs=3  (palette-wide exactWorst=0.37u)
[HANDS_ATTACH] mesh='gloves_resource.mesh' owner='gloves_resource.mesh' frame=364 nb=40 wext=48.4 rebound=1
  TIER1 rest-coherence: worst=28.9deg bone[28]='bone_L-thumb03.mesh' count(>5deg)=40 freshRecap=0  xcheck(invOff-vs-restW) worst=28.9deg bone[28]
  TIER2 joint-attach(PRIMARY): worst=98.97u bone[16]='bone_R-ringfinger02.mesh' parent[19] R=46.7 exactJoint=0.44u pairs=36  (palette-wide exactWorst=0.94u)
[HANDS_ATTACH] mesh='gloves_skin.2.mesh' owner='gloves_skin.2.mesh' frame=364 nb=9 wext=9.6 rebound=1
  TIER1 rest-coherence: worst=17.9deg bone[8]='bone_L-foreTwist2.mesh' count(>5deg)=9 freshRecap=0  xcheck(invOff-vs-restW) worst=17.9deg bone[7]
  TIER2 joint-attach(PRIMARY): worst=0.94u bone[3]='bone_R-pinky-base.mesh' parent[2] R=48.7 exactJoint=0.94u pairs=5  (palette-wide exactWorst=0.94u)
[IK_SHARD_VERT] mesh='hands_naked.mesh' wext=63 worstVtx=1120 domBone[35]='bone_L-pinky-base.mesh' w=0.55 vertR=68.9 vertDevFromCentroid=27 bindVert=(-16.5,-4.0,55.2)
[HANDS_ATTACH] mesh='fingernails_resource.mesh' owner='fingernails_resource.mesh' frame=365 nb=10 wext=43.6 rebound=1
  TIER1 rest-coherence: worst=177.7deg bone[5]='bone_R-thumb03.mesh' count(>5deg)=10 freshRecap=0  xcheck(invOff-vs-restW) worst=177.7deg bone[5]
  TIER2 joint-attach(PRIMARY): worst=0.00u bone[-1]='?' parent[-1] R=0.0 exactJoint=0.00u pairs=0  (palette-wide exactWorst=0.00u)
[HANDS_ATTACH] mesh='fingernails_resource.mesh' owner='fingernails_resource.mesh' frame=365 nb=10 wext=34.5 rebound=1
  TIER1 rest-coherence: worst=177.5deg bone[9]='bone_L-index03.mesh' count(>5deg)=10 freshRecap=0  xcheck(invOff-vs-restW) worst=177.5deg bone[9]
  TIER2 joint-attach(PRIMARY): worst=0.00u bone[-1]='?' parent[-1] R=0.0 exactJoint=0.00u pairs=0  (palette-wide exactWorst=0.00u)
[HANDS_ATTACH] mesh='fingernails_resource.mesh' owner='fingernails_resource.mesh' frame=365 nb=10 wext=44.0 rebound=1
  TIER1 rest-coherence: worst=178.5deg bone[2]='bone_L-index03.mesh' count(>5deg)=10 freshRecap=0  xcheck(invOff-vs-restW) worst=178.5deg bone[2]
  TIER2 joint-attach(PRIMARY): worst=0.00u bone[-1]='?' parent[-1] R=0.0 exactJoint=0.00u pairs=0  (palette-wide exactWorst=0.00u)
[IK_SHARD_VERT] mesh='hands_naked.mesh' wext=63 worstVtx=1120 domBone[35]='bone_L-pinky-base.mesh' w=0.55 vertR=68.9 vertDevFromCentroid=27 bindVert=(-16.5,-4.0,55.2)
[HANDS_ATTACH] mesh='hands_naked.mesh' owner='hands_naked.mesh' frame=374 nb=38 wext=95.5 rebound=1
  TIER1 rest-coherence: worst=3.1deg bone[2]='bone_R-pinky03.mesh' count(>5deg)=0 freshRecap=0  xcheck(invOff-vs-restW) worst=3.1deg bone[2]
  TIER2 joint-attach(PRIMARY): worst=104.49u bone[17]='bone_R-ringfinger02.mesh' parent[15] R=46.7 exactJoint=0.00u pairs=30  (palette-wide exactWorst=0.34u)
[HANDS_ATTACH] mesh='hands_naked.mesh' owner='hands_naked.mesh' frame=374 nb=40 wext=63.2 rebound=1
  TIER1 rest-coherence: worst=28.9deg bone[29]='bone_L-thumb03.mesh' count(>5deg)=40 freshRecap=0  xcheck(invOff-vs-restW) worst=28.9deg bone[29]
  TIER2 joint-attach(PRIMARY): worst=65.68u bone[5]='bone_R-ringfinger02.mesh' parent[24] R=46.7 exactJoint=0.44u pairs=36  (palette-wide exactWorst=0.94u)
[HANDS_ATTACH] mesh='hands_naked.mesh' owner='hands_naked.mesh' frame=374 nb=38 wext=100.8 rebound=1
  TIER1 rest-coherence: worst=3.1deg bone[2]='bone_R-pinky03.mesh' count(>5deg)=0 freshRecap=0  xcheck(invOff-vs-restW) worst=3.1deg bone[2]
  TIER2 joint-attach(PRIMARY): worst=112.98u bone[17]='bone_R-ringfinger02.mesh' parent[15] R=46.7 exactJoint=0.00u pairs=30  (palette-wide exactWorst=0.02u)
[HANDS_ATTACH] mesh='gloves_resource.1.mesh' owner='gloves_resource.1.mesh' frame=374 nb=4 wext=13.8 rebound=1
  TIER1 rest-coherence: worst=14.6deg bone[1]='bone_L-hand.mesh' count(>5deg)=4 freshRecap=0  xcheck(invOff-vs-restW) worst=14.6deg bone[1]
  TIER2 joint-attach(PRIMARY): worst=34.61u bone[3]='bone_L-index02.mesh' parent[2] R=47.0 exactJoint=0.35u pairs=3  (palette-wide exactWorst=0.37u)
[HANDS_ATTACH] mesh='gloves_resource.mesh' owner='gloves_resource.mesh' frame=374 nb=40 wext=49.4 rebound=1
  TIER1 rest-coherence: worst=28.9deg bone[28]='bone_L-thumb03.mesh' count(>5deg)=40 freshRecap=0  xcheck(invOff-vs-restW) worst=28.9deg bone[28]
  TIER2 joint-attach(PRIMARY): worst=99.70u bone[16]='bone_R-ringfinger02.mesh' parent[19] R=46.7 exactJoint=0.44u pairs=36  (palette-wide exactWorst=0.94u)
[HANDS_ATTACH] mesh='gloves_skin.2.mesh' owner='gloves_skin.2.mesh' frame=374 nb=9 wext=10.5 rebound=1
  TIER1 rest-coherence: worst=17.9deg bone[8]='bone_L-foreTwist2.mesh' count(>5deg)=9 freshRecap=0  xcheck(invOff-vs-restW) worst=17.9deg bone[7]
  TIER2 joint-attach(PRIMARY): worst=0.94u bone[3]='bone_R-pinky-base.mesh' parent[2] R=48.7 exactJoint=0.94u pairs=5  (palette-wide exactWorst=0.94u)
[IK_SHARD_VERT] mesh='hands_naked.mesh' wext=63 worstVtx=1120 domBone[35]='bone_L-pinky-base.mesh' w=0.55 vertR=68.9 vertDevFromCentroid=27 bindVert=(-16.5,-4.0,55.2)
[IK_SHARD_VERT] mesh='gloves_resource.mesh' wext=69 worstVtx=1196 domBone[14]='bone_R-ringfinger03.mesh' w=1.00 vertR=71.5 vertDevFromCentroid=31 bindVert=(17.3,0.5,34.6)
[IK_SHARD_VERT] mesh='scrollbar_bg.mesh' wext=324 worstVtx=10 domBone[1]='scrollbar_bg_bone_bottom.mesh' w=1.00 vertR=5.7 vertDevFromCentroid=632 bindVert=(-5.7,0.0,-40.0)
[IK_SHARD_VERT] mesh='hands_naked.mesh' wext=62 worstVtx=176 domBone[7]='bone_R-middlefinger03.mesh' w=1.00 vertR=65.0 vertDevFromCentroid=28 bindVert=(17.3,3.3,16.5)
[HANDS_ATTACH] mesh='gloves_resource.1.mesh' owner='gloves_resource.1.mesh' frame=386 nb=4 wext=10.1 rebound=1
  TIER1 rest-coherence: worst=14.6deg bone[1]='bone_L-hand.mesh' count(>5deg)=4 freshRecap=0  xcheck(invOff-vs-restW) worst=14.6deg bone[1]
  TIER2 joint-attach(PRIMARY): worst=21.96u bone[3]='bone_L-index02.mesh' parent[2] R=47.0 exactJoint=0.35u pairs=3  (palette-wide exactWorst=0.37u)
[HANDS_ATTACH] mesh='gloves_resource.mesh' owner='gloves_resource.mesh' frame=386 nb=40 wext=69.0 rebound=1
  TIER1 rest-coherence: worst=28.9deg bone[28]='bone_L-thumb03.mesh' count(>5deg)=40 freshRecap=0  xcheck(invOff-vs-restW) worst=28.9deg bone[28]
  TIER2 joint-attach(PRIMARY): worst=115.10u bone[16]='bone_R-ringfinger02.mesh' parent[19] R=46.7 exactJoint=0.44u pairs=36  (palette-wide exactWorst=0.94u)
[HANDS_ATTACH] mesh='gloves_skin.2.mesh' owner='gloves_skin.2.mesh' frame=386 nb=9 wext=37.6 rebound=1
  TIER1 rest-coherence: worst=17.9deg bone[8]='bone_L-foreTwist2.mesh' count(>5deg)=9 freshRecap=0  xcheck(invOff-vs-restW) worst=17.9deg bone[7]
  TIER2 joint-attach(PRIMARY): worst=0.94u bone[3]='bone_R-pinky-base.mesh' parent[2] R=48.7 exactJoint=0.94u pairs=5  (palette-wide exactWorst=0.94u)
[HANDS_ATTACH] mesh='hands_naked.mesh' owner='hands_naked.mesh' frame=386 nb=38 wext=99.2 rebound=1
  TIER1 rest-coherence: worst=3.1deg bone[2]='bone_R-pinky03.mesh' count(>5deg)=0 freshRecap=0  xcheck(invOff-vs-restW) worst=3.1deg bone[2]
  TIER2 joint-attach(PRIMARY): worst=76.58u bone[17]='bone_R-ringfinger02.mesh' parent[15] R=46.7 exactJoint=0.00u pairs=30  (palette-wide exactWorst=0.01u)
[HANDS_ATTACH] mesh='hands_naked.mesh' owner='hands_naked.mesh' frame=386 nb=40 wext=62.2 rebound=1
  TIER1 rest-coherence: worst=28.9deg bone[29]='bone_L-thumb03.mesh' count(>5deg)=40 freshRecap=0  xcheck(invOff-vs-restW) worst=28.9deg bone[29]
  TIER2 joint-attach(PRIMARY): worst=58.63u bone[5]='bone_R-ringfinger02.mesh' parent[24] R=46.7 exactJoint=0.44u pairs=36  (palette-wide exactWorst=0.94u)
[HANDS_ATTACH] mesh='hands_naked.mesh' owner='hands_naked.mesh' frame=386 nb=38 wext=96.2 rebound=1
  TIER1 rest-coherence: worst=3.1deg bone[2]='bone_R-pinky03.mesh' count(>5deg)=0 freshRecap=0  xcheck(invOff-vs-restW) worst=3.1deg bone[2]
  TIER2 joint-attach(PRIMARY): worst=102.51u bone[11]='bone_R-middlefinger02.mesh' parent[1] R=46.8 exactJoint=0.01u pairs=30  (palette-wide exactWorst=0.34u)
[IK_SHARD_VERT] mesh='hands_naked.mesh' wext=62 worstVtx=176 domBone[7]='bone_R-middlefinger03.mesh' w=1.00 vertR=65.0 vertDevFromCentroid=28 bindVert=(17.3,3.3,16.5)
[HANDS_ATTACH] mesh='fingernails_resource.mesh' owner='fingernails_resource.mesh' frame=387 nb=10 wext=50.5 rebound=1
  TIER1 rest-coherence: worst=177.7deg bone[5]='bone_R-thumb03.mesh' count(>5deg)=10 freshRecap=0  xcheck(invOff-vs-restW) worst=177.7deg bone[5]
  TIER2 joint-attach(PRIMARY): worst=0.00u bone[-1]='?' parent[-1] R=0.0 exactJoint=0.00u pairs=0  (palette-wide exactWorst=0.00u)
[HANDS_ATTACH] mesh='fingernails_resource.mesh' owner='fingernails_resource.mesh' frame=387 nb=10 wext=28.9 rebound=1
  TIER1 rest-coherence: worst=177.5deg bone[9]='bone_L-index03.mesh' count(>5deg)=10 freshRecap=0  xcheck(invOff-vs-restW) worst=177.5deg bone[9]
  TIER2 joint-attach(PRIMARY): worst=0.00u bone[-1]='?' parent[-1] R=0.0 exactJoint=0.00u pairs=0  (palette-wide exactWorst=0.00u)
[HANDS_ATTACH] mesh='fingernails_resource.mesh' owner='fingernails_resource.mesh' frame=387 nb=10 wext=39.3 rebound=1
  TIER1 rest-coherence: worst=178.5deg bone[2]='bone_L-index03.mesh' count(>5deg)=10 freshRecap=0  xcheck(invOff-vs-restW) worst=178.5deg bone[2]
  TIER2 joint-attach(PRIMARY): worst=0.00u bone[-1]='?' parent[-1] R=0.0 exactJoint=0.00u pairs=0  (palette-wide exactWorst=0.00u)
[IK_SHARD_VERT] mesh='hands_naked.mesh' wext=62 worstVtx=176 domBone[7]='bone_R-middlefinger03.mesh' w=1.00 vertR=65.0 vertDevFromCentroid=28 bindVert=(17.3,3.3,16.5)
[IK_SHARD_VERT] mesh='gloves_resource.mesh' wext=69 worstVtx=1196 domBone[14]='bone_R-ringfinger03.mesh' w=1.00 vertR=71.5 vertDevFromCentroid=31 bindVert=(17.3,0.5,34.6)
[HANDS_ATTACH] mesh='gloves_resource.1.mesh' owner='gloves_resource.1.mesh' frame=396 nb=4 wext=10.1 rebound=1
  TIER1 rest-coherence: worst=14.6deg bone[1]='bone_L-hand.mesh' count(>5deg)=4 freshRecap=0  xcheck(invOff-vs-restW) worst=14.6deg bone[1]
  TIER2 joint-attach(PRIMARY): worst=21.96u bone[3]='bone_L-index02.mesh' parent[2] R=47.0 exactJoint=0.35u pairs=3  (palette-wide exactWorst=0.37u)
[HANDS_ATTACH] mesh='gloves_resource.mesh' owner='gloves_resource.mesh' frame=396 nb=40 wext=68.9 rebound=1
  TIER1 rest-coherence: worst=28.9deg bone[28]='bone_L-thumb03.mesh' count(>5deg)=40 freshRecap=0  xcheck(invOff-vs-restW) worst=28.9deg bone[28]
  TIER2 joint-attach(PRIMARY): worst=115.10u bone[16]='bone_R-ringfinger02.mesh' parent[19] R=46.7 exactJoint=0.44u pairs=36  (palette-wide exactWorst=0.94u)
[HANDS_ATTACH] mesh='gloves_skin.2.mesh' owner='gloves_skin.2.mesh' frame=396 nb=9 wext=37.6 rebound=1
  TIER1 rest-coherence: worst=17.9deg bone[8]='bone_L-foreTwist2.mesh' count(>5deg)=9 freshRecap=0  xcheck(invOff-vs-restW) worst=17.9deg bone[7]
  TIER2 joint-attach(PRIMARY): worst=0.94u bone[3]='bone_R-pinky-base.mesh' parent[2] R=48.7 exactJoint=0.94u pairs=5  (palette-wide exactWorst=0.94u)
[HANDS_ATTACH] mesh='hands_naked.mesh' owner='hands_naked.mesh' frame=396 nb=38 wext=99.3 rebound=1
  TIER1 rest-coherence: worst=3.1deg bone[2]='bone_R-pinky03.mesh' count(>5deg)=0 freshRecap=0  xcheck(invOff-vs-restW) worst=3.1deg bone[2]
  TIER2 joint-attach(PRIMARY): worst=76.58u bone[17]='bone_R-ringfinger02.mesh' parent[15] R=46.7 exactJoint=0.00u pairs=30  (palette-wide exactWorst=0.01u)
[HANDS_ATTACH] mesh='hands_naked.mesh' owner='hands_naked.mesh' frame=396 nb=40 wext=62.3 rebound=1
  TIER1 rest-coherence: worst=28.9deg bone[29]='bone_L-thumb03.mesh' count(>5deg)=40 freshRecap=0  xcheck(invOff-vs-restW) worst=28.9deg bone[29]
  TIER2 joint-attach(PRIMARY): worst=58.63u bone[5]='bone_R-ringfinger02.mesh' parent[24] R=46.7 exactJoint=0.44u pairs=36  (palette-wide exactWorst=0.94u)
[HANDS_ATTACH] mesh='hands_naked.mesh' owner='hands_naked.mesh' frame=396 nb=38 wext=96.7 rebound=1
  TIER1 rest-coherence: worst=3.1deg bone[2]='bone_R-pinky03.mesh' count(>5deg)=0 freshRecap=0  xcheck(invOff-vs-restW) worst=3.1deg bone[2]
  TIER2 joint-attach(PRIMARY): worst=102.51u bone[11]='bone_R-middlefinger02.mesh' parent[1] R=46.8 exactJoint=0.01u pairs=30  (palette-wide exactWorst=0.34u)
[IK_SHARD_VERT] mesh='hands_naked.mesh' wext=62 worstVtx=176 domBone[7]='bone_R-middlefinger03.mesh' w=1.00 vertR=65.0 vertDevFromCentroid=28 bindVert=(17.3,3.3,16.5)
[IK_SHARD_VERT] mesh='hands_naked.mesh' wext=62 worstVtx=176 domBone[7]='bone_R-middlefinger03.mesh' w=1.00 vertR=65.0 vertDevFromCentroid=28 bindVert=(17.3,3.3,16.5)
[HANDS_ATTACH] mesh='gloves_resource.1.mesh' owner='gloves_resource.1.mesh' frame=406 nb=4 wext=10.1 rebound=1
  TIER1 rest-coherence: worst=14.6deg bone[1]='bone_L-hand.mesh' count(>5deg)=4 freshRecap=0  xcheck(invOff-vs-restW) worst=14.6deg bone[1]
  TIER2 joint-attach(PRIMARY): worst=21.96u bone[3]='bone_L-index02.mesh' parent[2] R=47.0 exactJoint=0.35u pairs=3  (palette-wide exactWorst=0.37u)
[HANDS_ATTACH] mesh='gloves_resource.mesh' owner='gloves_resource.mesh' frame=406 nb=40 wext=68.9 rebound=1
  TIER1 rest-coherence: worst=28.9deg bone[28]='bone_L-thumb03.mesh' count(>5deg)=40 freshRecap=0  xcheck(invOff-vs-restW) worst=28.9deg bone[28]
  TIER2 joint-attach(PRIMARY): worst=115.10u bone[16]='bone_R-ringfinger02.mesh' parent[19] R=46.7 exactJoint=0.44u pairs=36  (palette-wide exactWorst=0.94u)
[HANDS_ATTACH] mesh='gloves_skin.2.mesh' owner='gloves_skin.2.mesh' frame=406 nb=9 wext=37.6 rebound=1
  TIER1 rest-coherence: worst=17.9deg bone[8]='bone_L-foreTwist2.mesh' count(>5deg)=9 freshRecap=0  xcheck(invOff-vs-restW) worst=17.9deg bone[7]
  TIER2 joint-attach(PRIMARY): worst=0.94u bone[3]='bone_R-pinky-base.mesh' parent[2] R=48.7 exactJoint=0.94u pairs=5  (palette-wide exactWorst=0.94u)
[HANDS_ATTACH] mesh='hands_naked.mesh' owner='hands_naked.mesh' frame=406 nb=38 wext=99.3 rebound=1
  TIER1 rest-coherence: worst=3.1deg bone[2]='bone_R-pinky03.mesh' count(>5deg)=0 freshRecap=0  xcheck(invOff-vs-restW) worst=3.1deg bone[2]
  TIER2 joint-attach(PRIMARY): worst=76.58u bone[17]='bone_R-ringfinger02.mesh' parent[15] R=46.7 exactJoint=0.00u pairs=30  (palette-wide exactWorst=0.01u)
[HANDS_ATTACH] mesh='hands_naked.mesh' owner='hands_naked.mesh' frame=406 nb=40 wext=62.4 rebound=1
  TIER1 rest-coherence: worst=28.9deg bone[29]='bone_L-thumb03.mesh' count(>5deg)=40 freshRecap=0  xcheck(invOff-vs-restW) worst=28.9deg bone[29]
  TIER2 joint-attach(PRIMARY): worst=58.63u bone[5]='bone_R-ringfinger02.mesh' parent[24] R=46.7 exactJoint=0.44u pairs=36  (palette-wide exactWorst=0.94u)
[HANDS_ATTACH] mesh='hands_naked.mesh' owner='hands_naked.mesh' frame=406 nb=38 wext=97.1 rebound=1
  TIER1 rest-coherence: worst=3.1deg bone[2]='bone_R-pinky03.mesh' count(>5deg)=0 freshRecap=0  xcheck(invOff-vs-restW) worst=3.1deg bone[2]
  TIER2 joint-attach(PRIMARY): worst=102.51u bone[11]='bone_R-middlefinger02.mesh' parent[1] R=46.8 exactJoint=0.01u pairs=30  (palette-wide exactWorst=0.34u)
[IK_SHARD_VERT] mesh='hands_naked.mesh' wext=62 worstVtx=176 domBone[7]='bone_R-middlefinger03.mesh' w=1.00 vertR=65.0 vertDevFromCentroid=28 bindVert=(17.3,3.3,16.5)
[HANDS_ATTACH] mesh='fingernails_resource.mesh' owner='fingernails_resource.mesh' frame=407 nb=10 wext=52.0 rebound=1
  TIER1 rest-coherence: worst=177.7deg bone[5]='bone_R-thumb03.mesh' count(>5deg)=10 freshRecap=0  xcheck(invOff-vs-restW) worst=177.7deg bone[5]
  TIER2 joint-attach(PRIMARY): worst=0.00u bone[-1]='?' parent[-1] R=0.0 exactJoint=0.00u pairs=0  (palette-wide exactWorst=0.00u)
[HANDS_ATTACH] mesh='fingernails_resource.mesh' owner='fingernails_resource.mesh' frame=407 nb=10 wext=29.0 rebound=1
  TIER1 rest-coherence: worst=177.5deg bone[9]='bone_L-index03.mesh' count(>5deg)=10 freshRecap=0  xcheck(invOff-vs-restW) worst=177.5deg bone[9]
  TIER2 joint-attach(PRIMARY): worst=0.00u bone[-1]='?' parent[-1] R=0.0 exactJoint=0.00u pairs=0  (palette-wide exactWorst=0.00u)
[HANDS_ATTACH] mesh='fingernails_resource.mesh' owner='fingernails_resource.mesh' frame=407 nb=10 wext=39.2 rebound=1
  TIER1 rest-coherence: worst=178.5deg bone[2]='bone_L-index03.mesh' count(>5deg)=10 freshRecap=0  xcheck(invOff-vs-restW) worst=178.5deg bone[2]
  TIER2 joint-attach(PRIMARY): worst=0.00u bone[-1]='?' parent[-1] R=0.0 exactJoint=0.00u pairs=0  (palette-wide exactWorst=0.00u)
[IK_SHARD_VERT] mesh='gloves_resource.mesh' wext=69 worstVtx=1196 domBone[14]='bone_R-ringfinger03.mesh' w=1.00 vertR=71.5 vertDevFromCentroid=31 bindVert=(17.3,0.5,34.6)
[IK_SHARD_VERT] mesh='scrollbar_bg.mesh' wext=324 worstVtx=10 domBone[1]='scrollbar_bg_bone_bottom.mesh' w=1.00 vertR=5.7 vertDevFromCentroid=632 bindVert=(-5.7,0.0,-40.0)
[IK_SHARD_VERT] mesh='hands_naked.mesh' wext=62 worstVtx=176 domBone[7]='bone_R-middlefinger03.mesh' w=1.00 vertR=65.0 vertDevFromCentroid=28 bindVert=(17.3,3.3,16.5)
[HANDS_ATTACH] mesh='gloves_resource.1.mesh' owner='gloves_resource.1.mesh' frame=416 nb=4 wext=10.1 rebound=1
  TIER1 rest-coherence: worst=14.6deg bone[1]='bone_L-hand.mesh' count(>5deg)=4 freshRecap=0  xcheck(invOff-vs-restW) worst=14.6deg bone[1]
  TIER2 joint-attach(PRIMARY): worst=21.96u bone[3]='bone_L-index02.mesh' parent[2] R=47.0 exactJoint=0.35u pairs=3  (palette-wide exactWorst=0.37u)
[HANDS_ATTACH] mesh='gloves_resource.mesh' owner='gloves_resource.mesh' frame=416 nb=40 wext=68.9 rebound=1
  TIER1 rest-coherence: worst=28.9deg bone[28]='bone_L-thumb03.mesh' count(>5deg)=40 freshRecap=0  xcheck(invOff-vs-restW) worst=28.9deg bone[28]
  TIER2 joint-attach(PRIMARY): worst=115.10u bone[16]='bone_R-ringfinger02.mesh' parent[19] R=46.7 exactJoint=0.44u pairs=36  (palette-wide exactWorst=0.94u)
[HANDS_ATTACH] mesh='gloves_skin.2.mesh' owner='gloves_skin.2.mesh' frame=416 nb=9 wext=37.6 rebound=1
  TIER1 rest-coherence: worst=17.9deg bone[8]='bone_L-foreTwist2.mesh' count(>5deg)=9 freshRecap=0  xcheck(invOff-vs-restW) worst=17.9deg bone[7]
  TIER2 joint-attach(PRIMARY): worst=0.94u bone[3]='bone_R-pinky-base.mesh' parent[2] R=48.7 exactJoint=0.94u pairs=5  (palette-wide exactWorst=0.94u)
[HANDS_ATTACH] mesh='hands_naked.mesh' owner='hands_naked.mesh' frame=416 nb=38 wext=99.3 rebound=1
  TIER1 rest-coherence: worst=3.1deg bone[2]='bone_R-pinky03.mesh' count(>5deg)=0 freshRecap=0  xcheck(invOff-vs-restW) worst=3.1deg bone[2]
  TIER2 joint-attach(PRIMARY): worst=76.58u bone[17]='bone_R-ringfinger02.mesh' parent[15] R=46.7 exactJoint=0.00u pairs=30  (palette-wide exactWorst=0.01u)
[HANDS_ATTACH] mesh='hands_naked.mesh' owner='hands_naked.mesh' frame=416 nb=40 wext=62.4 rebound=1
  TIER1 rest-coherence: worst=28.9deg bone[29]='bone_L-thumb03.mesh' count(>5deg)=40 freshRecap=0  xcheck(invOff-vs-restW) worst=28.9deg bone[29]
  TIER2 joint-attach(PRIMARY): worst=58.63u bone[5]='bone_R-ringfinger02.mesh' parent[24] R=46.7 exactJoint=0.44u pairs=36  (palette-wide exactWorst=0.94u)
[HANDS_ATTACH] mesh='hands_naked.mesh' owner='hands_naked.mesh' frame=416 nb=38 wext=98.3 rebound=1
  TIER1 rest-coherence: worst=3.1deg bone[2]='bone_R-pinky03.mesh' count(>5deg)=0 freshRecap=0  xcheck(invOff-vs-restW) worst=3.1deg bone[2]
  TIER2 joint-attach(PRIMARY): worst=102.51u bone[11]='bone_R-middlefinger02.mesh' parent[1] R=46.8 exactJoint=0.01u pairs=30  (palette-wide exactWorst=0.34u)
[IK_SHARD_VERT] mesh='hands_naked.mesh' wext=62 worstVtx=176 domBone[7]='bone_R-middlefinger03.mesh' w=1.00 vertR=65.0 vertDevFromCentroid=28 bindVert=(17.3,3.3,16.5)
[IK_SHARD_VERT] mesh='hands_naked.mesh' wext=63 worstVtx=176 domBone[7]='bone_R-middlefinger03.mesh' w=1.00 vertR=65.0 vertDevFromCentroid=28 bindVert=(17.3,3.3,16.5)
[IK_SHARD_VERT] mesh='gloves_resource.mesh' wext=69 worstVtx=1196 domBone[14]='bone_R-ringfinger03.mesh' w=1.00 vertR=71.5 vertDevFromCentroid=31 bindVert=(17.3,0.5,34.6)
[HANDS_ATTACH] mesh='gloves_resource.1.mesh' owner='gloves_resource.1.mesh' frame=426 nb=4 wext=10.1 rebound=1
  TIER1 rest-coherence: worst=14.6deg bone[1]='bone_L-hand.mesh' count(>5deg)=4 freshRecap=0  xcheck(invOff-vs-restW) worst=14.6deg bone[1]
  TIER2 joint-attach(PRIMARY): worst=21.96u bone[3]='bone_L-index02.mesh' parent[2] R=47.0 exactJoint=0.35u pairs=3  (palette-wide exactWorst=0.37u)
[HANDS_ATTACH] mesh='gloves_resource.mesh' owner='gloves_resource.mesh' frame=426 nb=40 wext=68.9 rebound=1
  TIER1 rest-coherence: worst=28.9deg bone[28]='bone_L-thumb03.mesh' count(>5deg)=40 freshRecap=0  xcheck(invOff-vs-restW) worst=28.9deg bone[28]
  TIER2 joint-attach(PRIMARY): worst=115.10u bone[16]='bone_R-ringfinger02.mesh' parent[19] R=46.7 exactJoint=0.44u pairs=36  (palette-wide exactWorst=0.94u)
[HANDS_ATTACH] mesh='gloves_skin.2.mesh' owner='gloves_skin.2.mesh' frame=426 nb=9 wext=37.6 rebound=1
  TIER1 rest-coherence: worst=17.9deg bone[8]='bone_L-foreTwist2.mesh' count(>5deg)=9 freshRecap=0  xcheck(invOff-vs-restW) worst=17.9deg bone[7]
  TIER2 joint-attach(PRIMARY): worst=0.94u bone[3]='bone_R-pinky-base.mesh' parent[2] R=48.7 exactJoint=0.94u pairs=5  (palette-wide exactWorst=0.94u)
[HANDS_ATTACH] mesh='hands_naked.mesh' owner='hands_naked.mesh' frame=426 nb=38 wext=99.3 rebound=1
  TIER1 rest-coherence: worst=3.1deg bone[2]='bone_R-pinky03.mesh' count(>5deg)=0 freshRecap=0  xcheck(invOff-vs-restW) worst=3.1deg bone[2]
  TIER2 joint-attach(PRIMARY): worst=76.58u bone[17]='bone_R-ringfinger02.mesh' parent[15] R=46.7 exactJoint=0.00u pairs=30  (palette-wide exactWorst=0.02u)
[HANDS_ATTACH] mesh='hands_naked.mesh' owner='hands_naked.mesh' frame=426 nb=40 wext=62.7 rebound=1
  TIER1 rest-coherence: worst=28.9deg bone[29]='bone_L-thumb03.mesh' count(>5deg)=40 freshRecap=0  xcheck(invOff-vs-restW) worst=28.9deg bone[29]
  TIER2 joint-attach(PRIMARY): worst=58.63u bone[5]='bone_R-ringfinger02.mesh' parent[24] R=46.7 exactJoint=0.44u pairs=36  (palette-wide exactWorst=0.94u)
[HANDS_ATTACH] mesh='hands_naked.mesh' owner='hands_naked.mesh' frame=426 nb=38 wext=99.9 rebound=1
  TIER1 rest-coherence: worst=3.1deg bone[2]='bone_R-pinky03.mesh' count(>5deg)=0 freshRecap=0  xcheck(invOff-vs-restW) worst=3.1deg bone[2]
  TIER2 joint-attach(PRIMARY): worst=102.51u bone[11]='bone_R-middlefinger02.mesh' parent[1] R=46.8 exactJoint=0.01u pairs=30  (palette-wide exactWorst=0.34u)
[IK_SHARD_VERT] mesh='hands_naked.mesh' wext=63 worstVtx=176 domBone[7]='bone_R-middlefinger03.mesh' w=1.00 vertR=65.0 vertDevFromCentroid=28 bindVert=(17.3,3.3,16.5)
[HANDS_ATTACH] mesh='fingernails_resource.mesh' owner='fingernails_resource.mesh' frame=427 nb=10 wext=53.8 rebound=1
  TIER1 rest-coherence: worst=177.7deg bone[5]='bone_R-thumb03.mesh' count(>5deg)=10 freshRecap=0  xcheck(invOff-vs-restW) worst=177.7deg bone[5]
  TIER2 joint-attach(PRIMARY): worst=0.00u bone[-1]='?' parent[-1] R=0.0 exactJoint=0.00u pairs=0  (palette-wide exactWorst=0.00u)
[HANDS_ATTACH] mesh='fingernails_resource.mesh' owner='fingernails_resource.mesh' frame=427 nb=10 wext=29.7 rebound=1
  TIER1 rest-coherence: worst=177.5deg bone[9]='bone_L-index03.mesh' count(>5deg)=10 freshRecap=0  xcheck(invOff-vs-restW) worst=177.5deg bone[9]
  TIER2 joint-attach(PRIMARY): worst=0.00u bone[-1]='?' parent[-1] R=0.0 exactJoint=0.00u pairs=0  (palette-wide exactWorst=0.00u)
[HANDS_ATTACH] mesh='fingernails_resource.mesh' owner='fingernails_resource.mesh' frame=427 nb=10 wext=39.1 rebound=1
  TIER1 rest-coherence: worst=178.5deg bone[2]='bone_L-index03.mesh' count(>5deg)=10 freshRecap=0  xcheck(invOff-vs-restW) worst=178.5deg bone[2]
  TIER2 joint-attach(PRIMARY): worst=0.00u bone[-1]='?' parent[-1] R=0.0 exactJoint=0.00u pairs=0  (palette-wide exactWorst=0.00u)
[IK_SHARD_VERT] mesh='hands_naked.mesh' wext=63 worstVtx=176 domBone[7]='bone_R-middlefinger03.mesh' w=1.00 vertR=65.0 vertDevFromCentroid=28 bindVert=(17.3,3.3,16.5)
[HANDS_ATTACH] mesh='gloves_resource.1.mesh' owner='gloves_resource.1.mesh' frame=436 nb=4 wext=10.1 rebound=1
  TIER1 rest-coherence: worst=14.6deg bone[1]='bone_L-hand.mesh' count(>5deg)=4 freshRecap=0  xcheck(invOff-vs-restW) worst=14.6deg bone[1]
  TIER2 joint-attach(PRIMARY): worst=21.96u bone[3]='bone_L-index02.mesh' parent[2] R=47.0 exactJoint=0.35u pairs=3  (palette-wide exactWorst=0.37u)
[HANDS_ATTACH] mesh='gloves_resource.mesh' owner='gloves_resource.mesh' frame=436 nb=40 wext=68.9 rebound=1
  TIER1 rest-coherence: worst=28.9deg bone[28]='bone_L-thumb03.mesh' count(>5deg)=40 freshRecap=0  xcheck(invOff-vs-restW) worst=28.9deg bone[28]
  TIER2 joint-attach(PRIMARY): worst=115.10u bone[16]='bone_R-ringfinger02.mesh' parent[19] R=46.7 exactJoint=0.44u pairs=36  (palette-wide exactWorst=0.94u)
[HANDS_ATTACH] mesh='gloves_skin.2.mesh' owner='gloves_skin.2.mesh' frame=436 nb=9 wext=37.6 rebound=1
  TIER1 rest-coherence: worst=17.9deg bone[8]='bone_L-foreTwist2.mesh' count(>5deg)=9 freshRecap=0  xcheck(invOff-vs-restW) worst=17.9deg bone[7]
  TIER2 joint-attach(PRIMARY): worst=0.94u bone[3]='bone_R-pinky-base.mesh' parent[2] R=48.7 exactJoint=0.94u pairs=5  (palette-wide exactWorst=0.94u)
[HANDS_ATTACH] mesh='hands_naked.mesh' owner='hands_naked.mesh' frame=436 nb=38 wext=99.3 rebound=1
  TIER1 rest-coherence: worst=3.1deg bone[2]='bone_R-pinky03.mesh' count(>5deg)=0 freshRecap=0  xcheck(invOff-vs-restW) worst=3.1deg bone[2]
  TIER2 joint-attach(PRIMARY): worst=76.58u bone[17]='bone_R-ringfinger02.mesh' parent[15] R=46.7 exactJoint=0.00u pairs=30  (palette-wide exactWorst=0.01u)
[HANDS_ATTACH] mesh='hands_naked.mesh' owner='hands_naked.mesh' frame=436 nb=40 wext=63.0 rebound=1
  TIER1 rest-coherence: worst=28.9deg bone[29]='bone_L-thumb03.mesh' count(>5deg)=40 freshRecap=0  xcheck(invOff-vs-restW) worst=28.9deg bone[29]
  TIER2 joint-attach(PRIMARY): worst=58.63u bone[5]='bone_R-ringfinger02.mesh' parent[24] R=46.7 exactJoint=0.44u pairs=36  (palette-wide exactWorst=0.94u)
[HANDS_ATTACH] mesh='hands_naked.mesh' owner='hands_naked.mesh' frame=436 nb=38 wext=101.2 rebound=1
  TIER1 rest-coherence: worst=3.1deg bone[2]='bone_R-pinky03.mesh' count(>5deg)=0 freshRecap=0  xcheck(invOff-vs-restW) worst=3.1deg bone[2]
  TIER2 joint-attach(PRIMARY): worst=102.51u bone[11]='bone_R-middlefinger02.mesh' parent[1] R=46.8 exactJoint=0.01u pairs=30  (palette-wide exactWorst=0.34u)
[IK_SHARD_VERT] mesh='hands_naked.mesh' wext=63 worstVtx=176 domBone[7]='bone_R-middlefinger03.mesh' w=1.00 vertR=65.0 vertDevFromCentroid=28 bindVert=(17.3,3.3,16.5)
[IK_SHARD_VERT] mesh='gloves_resource.mesh' wext=69 worstVtx=1196 domBone[14]='bone_R-ringfinger03.mesh' w=1.00 vertR=71.5 vertDevFromCentroid=31 bindVert=(17.3,0.5,34.6)
[IK_SHARD_VERT] mesh='scrollbar_bg.mesh' wext=324 worstVtx=10 domBone[1]='scrollbar_bg_bone_bottom.mesh' w=1.00 vertR=5.7 vertDevFromCentroid=632 bindVert=(-5.7,0.0,-40.0)
[IK_SHARD_VERT] mesh='hands_naked.mesh' wext=63 worstVtx=176 domBone[7]='bone_R-middlefinger03.mesh' w=1.00 vertR=65.0 vertDevFromCentroid=28 bindVert=(17.3,3.3,16.5)
[HANDS_ATTACH] mesh='gloves_resource.1.mesh' owner='gloves_resource.1.mesh' frame=446 nb=4 wext=10.1 rebound=1
  TIER1 rest-coherence: worst=14.6deg bone[1]='bone_L-hand.mesh' count(>5deg)=4 freshRecap=0  xcheck(invOff-vs-restW) worst=14.6deg bone[1]
  TIER2 joint-attach(PRIMARY): worst=21.96u bone[3]='bone_L-index02.mesh' parent[2] R=47.0 exactJoint=0.35u pairs=3  (palette-wide exactWorst=0.37u)
[HANDS_ATTACH] mesh='gloves_resource.mesh' owner='gloves_resource.mesh' frame=446 nb=40 wext=68.9 rebound=1
  TIER1 rest-coherence: worst=28.9deg bone[28]='bone_L-thumb03.mesh' count(>5deg)=40 freshRecap=0  xcheck(invOff-vs-restW) worst=28.9deg bone[28]
  TIER2 joint-attach(PRIMARY): worst=115.10u bone[16]='bone_R-ringfinger02.mesh' parent[19] R=46.7 exactJoint=0.44u pairs=36  (palette-wide exactWorst=0.94u)
[HANDS_ATTACH] mesh='gloves_skin.2.mesh' owner='gloves_skin.2.mesh' frame=446 nb=9 wext=37.6 rebound=1
  TIER1 rest-coherence: worst=17.9deg bone[8]='bone_L-foreTwist2.mesh' count(>5deg)=9 freshRecap=0  xcheck(invOff-vs-restW) worst=17.9deg bone[7]
  TIER2 joint-attach(PRIMARY): worst=0.94u bone[3]='bone_R-pinky-base.mesh' parent[2] R=48.7 exactJoint=0.94u pairs=5  (palette-wide exactWorst=0.94u)
[HANDS_ATTACH] mesh='hands_naked.mesh' owner='hands_naked.mesh' frame=446 nb=38 wext=99.4 rebound=1
  TIER1 rest-coherence: worst=3.1deg bone[2]='bone_R-pinky03.mesh' count(>5deg)=0 freshRecap=0  xcheck(invOff-vs-restW) worst=3.1deg bone[2]
  TIER2 joint-attach(PRIMARY): worst=76.58u bone[17]='bone_R-ringfinger02.mesh' parent[15] R=46.7 exactJoint=0.00u pairs=30  (palette-wide exactWorst=0.01u)
[HANDS_ATTACH] mesh='hands_naked.mesh' owner='hands_naked.mesh' frame=446 nb=40 wext=63.2 rebound=1
  TIER1 rest-coherence: worst=28.9deg bone[29]='bone_L-thumb03.mesh' count(>5deg)=40 freshRecap=0  xcheck(invOff-vs-restW) worst=28.9deg bone[29]
  TIER2 joint-attach(PRIMARY): worst=58.63u bone[5]='bone_R-ringfinger02.mesh' parent[24] R=46.7 exactJoint=0.44u pairs=36  (palette-wide exactWorst=0.94u)
[HANDS_ATTACH] mesh='hands_naked.mesh' owner='hands_naked.mesh' frame=446 nb=38 wext=101.8 rebound=1
  TIER1 rest-coherence: worst=3.1deg bone[2]='bone_R-pinky03.mesh' count(>5deg)=0 freshRecap=0  xcheck(invOff-vs-restW) worst=3.1deg bone[2]
  TIER2 joint-attach(PRIMARY): worst=102.51u bone[11]='bone_R-middlefinger02.mesh' parent[1] R=46.8 exactJoint=0.01u pairs=30  (palette-wide exactWorst=0.34u)
[IK_SHARD_VERT] mesh='hands_naked.mesh' wext=63 worstVtx=176 domBone[7]='bone_R-middlefinger03.mesh' w=1.00 vertR=65.0 vertDevFromCentroid=28 bindVert=(17.3,3.3,16.5)
[HANDS_ATTACH] mesh='fingernails_resource.mesh' owner='fingernails_resource.mesh' frame=447 nb=10 wext=55.3 rebound=1
  TIER1 rest-coherence: worst=177.7deg bone[5]='bone_R-thumb03.mesh' count(>5deg)=10 freshRecap=0  xcheck(invOff-vs-restW) worst=177.7deg bone[5]
  TIER2 joint-attach(PRIMARY): worst=0.00u bone[-1]='?' parent[-1] R=0.0 exactJoint=0.00u pairs=0  (palette-wide exactWorst=0.00u)
[HANDS_ATTACH] mesh='fingernails_resource.mesh' owner='fingernails_resource.mesh' frame=447 nb=10 wext=31.3 rebound=1
  TIER1 rest-coherence: worst=177.5deg bone[9]='bone_L-index03.mesh' count(>5deg)=10 freshRecap=0  xcheck(invOff-vs-restW) worst=177.5deg bone[9]
  TIER2 joint-attach(PRIMARY): worst=0.00u bone[-1]='?' parent[-1] R=0.0 exactJoint=0.00u pairs=0  (palette-wide exactWorst=0.00u)
[HANDS_ATTACH] mesh='fingernails_resource.mesh' owner='fingernails_resource.mesh' frame=447 nb=10 wext=39.1 rebound=1
  TIER1 rest-coherence: worst=178.5deg bone[2]='bone_L-index03.mesh' count(>5deg)=10 freshRecap=0  xcheck(invOff-vs-restW) worst=178.5deg bone[2]
  TIER2 joint-attach(PRIMARY): worst=0.00u bone[-1]='?' parent[-1] R=0.0 exactJoint=0.00u pairs=0  (palette-wide exactWorst=0.00u)
[IK_SHARD_VERT] mesh='hands_naked.mesh' wext=63 worstVtx=176 domBone[7]='bone_R-middlefinger03.mesh' w=1.00 vertR=65.0 vertDevFromCentroid=28 bindVert=(17.3,3.3,16.5)
[IK_SHARD_VERT] mesh='gloves_resource.mesh' wext=69 worstVtx=1196 domBone[14]='bone_R-ringfinger03.mesh' w=1.00 vertR=71.5 vertDevFromCentroid=31 bindVert=(17.3,0.5,34.6)
[HANDS_ATTACH] mesh='gloves_resource.1.mesh' owner='gloves_resource.1.mesh' frame=456 nb=4 wext=10.1 rebound=1
  TIER1 rest-coherence: worst=14.6deg bone[1]='bone_L-hand.mesh' count(>5deg)=4 freshRecap=0  xcheck(invOff-vs-restW) worst=14.6deg bone[1]
  TIER2 joint-attach(PRIMARY): worst=21.96u bone[3]='bone_L-index02.mesh' parent[2] R=47.0 exactJoint=0.35u pairs=3  (palette-wide exactWorst=0.37u)
[HANDS_ATTACH] mesh='gloves_resource.mesh' owner='gloves_resource.mesh' frame=456 nb=40 wext=68.9 rebound=1
  TIER1 rest-coherence: worst=28.9deg bone[28]='bone_L-thumb03.mesh' count(>5deg)=40 freshRecap=0  xcheck(invOff-vs-restW) worst=28.9deg bone[28]
  TIER2 joint-attach(PRIMARY): worst=115.10u bone[16]='bone_R-ringfinger02.mesh' parent[19] R=46.7 exactJoint=0.44u pairs=36  (palette-wide exactWorst=0.94u)
[HANDS_ATTACH] mesh='gloves_skin.2.mesh' owner='gloves_skin.2.mesh' frame=456 nb=9 wext=37.6 rebound=1
  TIER1 rest-coherence: worst=17.9deg bone[8]='bone_L-foreTwist2.mesh' count(>5deg)=9 freshRecap=0  xcheck(invOff-vs-restW) worst=17.9deg bone[7]
  TIER2 joint-attach(PRIMARY): worst=0.94u bone[3]='bone_R-pinky-base.mesh' parent[2] R=48.7 exactJoint=0.94u pairs=5  (palette-wide exactWorst=0.94u)
[HANDS_ATTACH] mesh='hands_naked.mesh' owner='hands_naked.mesh' frame=456 nb=38 wext=99.3 rebound=1
  TIER1 rest-coherence: worst=3.1deg bone[2]='bone_R-pinky03.mesh' count(>5deg)=0 freshRecap=0  xcheck(invOff-vs-restW) worst=3.1deg bone[2]
  TIER2 joint-attach(PRIMARY): worst=76.58u bone[17]='bone_R-ringfinger02.mesh' parent[15] R=46.7 exactJoint=0.00u pairs=30  (palette-wide exactWorst=0.01u)
[HANDS_ATTACH] mesh='hands_naked.mesh' owner='hands_naked.mesh' frame=456 nb=40 wext=63.1 rebound=1
  TIER1 rest-coherence: worst=28.9deg bone[29]='bone_L-thumb03.mesh' count(>5deg)=40 freshRecap=0  xcheck(invOff-vs-restW) worst=28.9deg bone[29]
  TIER2 joint-attach(PRIMARY): worst=58.63u bone[5]='bone_R-ringfinger02.mesh' parent[24] R=46.7 exactJoint=0.44u pairs=36  (palette-wide exactWorst=0.94u)
[HANDS_ATTACH] mesh='hands_naked.mesh' owner='hands_naked.mesh' frame=456 nb=38 wext=102.2 rebound=1
  TIER1 rest-coherence: worst=3.1deg bone[2]='bone_R-pinky03.mesh' count(>5deg)=0 freshRecap=0  xcheck(invOff-vs-restW) worst=3.1deg bone[2]
  TIER2 joint-attach(PRIMARY): worst=102.51u bone[11]='bone_R-middlefinger02.mesh' parent[1] R=46.8 exactJoint=0.01u pairs=30  (palette-wide exactWorst=0.34u)
[IK_SHARD_VERT] mesh='hands_naked.mesh' wext=63 worstVtx=176 domBone[7]='bone_R-middlefinger03.mesh' w=1.00 vertR=65.0 vertDevFromCentroid=28 bindVert=(17.3,3.3,16.5)
[IK_SHARD_VERT] mesh='hands_naked.mesh' wext=63 worstVtx=176 domBone[7]='bone_R-middlefinger03.mesh' w=1.00 vertR=65.0 vertDevFromCentroid=28 bindVert=(17.3,3.3,16.5)
[HANDS_ATTACH] mesh='gloves_resource.1.mesh' owner='gloves_resource.1.mesh' frame=466 nb=4 wext=10.1 rebound=1
  TIER1 rest-coherence: worst=14.6deg bone[1]='bone_L-hand.mesh' count(>5deg)=4 freshRecap=0  xcheck(invOff-vs-restW) worst=14.6deg bone[1]
  TIER2 joint-attach(PRIMARY): worst=21.96u bone[3]='bone_L-index02.mesh' parent[2] R=47.0 exactJoint=0.35u pairs=3  (palette-wide exactWorst=0.37u)
[HANDS_ATTACH] mesh='gloves_resource.mesh' owner='gloves_resource.mesh' frame=466 nb=40 wext=68.9 rebound=1
  TIER1 rest-coherence: worst=28.9deg bone[28]='bone_L-thumb03.mesh' count(>5deg)=40 freshRecap=0  xcheck(invOff-vs-restW) worst=28.9deg bone[28]
  TIER2 joint-attach(PRIMARY): worst=115.10u bone[16]='bone_R-ringfinger02.mesh' parent[19] R=46.7 exactJoint=0.44u pairs=36  (palette-wide exactWorst=0.94u)
[HANDS_ATTACH] mesh='gloves_skin.2.mesh' owner='gloves_skin.2.mesh' frame=466 nb=9 wext=37.6 rebound=1
  TIER1 rest-coherence: worst=17.9deg bone[8]='bone_L-foreTwist2.mesh' count(>5deg)=9 freshRecap=0  xcheck(invOff-vs-restW) worst=17.9deg bone[7]
  TIER2 joint-attach(PRIMARY): worst=0.94u bone[3]='bone_R-pinky-base.mesh' parent[2] R=48.7 exactJoint=0.94u pairs=5  (palette-wide exactWorst=0.94u)
[HANDS_ATTACH] mesh='hands_naked.mesh' owner='hands_naked.mesh' frame=466 nb=38 wext=99.2 rebound=1
  TIER1 rest-coherence: worst=3.1deg bone[2]='bone_R-pinky03.mesh' count(>5deg)=0 freshRecap=0  xcheck(invOff-vs-restW) worst=3.1deg bone[2]
  TIER2 joint-attach(PRIMARY): worst=76.58u bone[17]='bone_R-ringfinger02.mesh' parent[15] R=46.7 exactJoint=0.00u pairs=30  (palette-wide exactWorst=0.01u)
[HANDS_ATTACH] mesh='hands_naked.mesh' owner='hands_naked.mesh' frame=466 nb=40 wext=63.5 rebound=1
  TIER1 rest-coherence: worst=28.9deg bone[29]='bone_L-thumb03.mesh' count(>5deg)=40 freshRecap=0  xcheck(invOff-vs-restW) worst=28.9deg bone[29]
  TIER2 joint-attach(PRIMARY): worst=58.63u bone[5]='bone_R-ringfinger02.mesh' parent[24] R=46.7 exactJoint=0.44u pairs=36  (palette-wide exactWorst=0.94u)
[HANDS_ATTACH] mesh='hands_naked.mesh' owner='hands_naked.mesh' frame=466 nb=38 wext=102.4 rebound=1
  TIER1 rest-coherence: worst=3.1deg bone[2]='bone_R-pinky03.mesh' count(>5deg)=0 freshRecap=0  xcheck(invOff-vs-restW) worst=3.1deg bone[2]
  TIER2 joint-attach(PRIMARY): worst=102.51u bone[11]='bone_R-middlefinger02.mesh' parent[1] R=46.8 exactJoint=0.01u pairs=30  (palette-wide exactWorst=0.34u)
[IK_SHARD_VERT] mesh='hands_naked.mesh' wext=64 worstVtx=176 domBone[7]='bone_R-middlefinger03.mesh' w=1.00 vertR=65.0 vertDevFromCentroid=28 bindVert=(17.3,3.3,16.5)
[HANDS_ATTACH] mesh='fingernails_resource.mesh' owner='fingernails_resource.mesh' frame=467 nb=10 wext=56.5 rebound=1
  TIER1 rest-coherence: worst=177.7deg bone[5]='bone_R-thumb03.mesh' count(>5deg)=10 freshRecap=0  xcheck(invOff-vs-restW) worst=177.7deg bone[5]
  TIER2 joint-attach(PRIMARY): worst=0.00u bone[-1]='?' parent[-1] R=0.0 exactJoint=0.00u pairs=0  (palette-wide exactWorst=0.00u)
[HANDS_ATTACH] mesh='fingernails_resource.mesh' owner='fingernails_resource.mesh' frame=467 nb=10 wext=32.1 rebound=1
  TIER1 rest-coherence: worst=177.5deg bone[9]='bone_L-index03.mesh' count(>5deg)=10 freshRecap=0  xcheck(invOff-vs-restW) worst=177.5deg bone[9]
  TIER2 joint-attach(PRIMARY): worst=0.00u bone[-1]='?' parent[-1] R=0.0 exactJoint=0.00u pairs=0  (palette-wide exactWorst=0.00u)
[HANDS_ATTACH] mesh='fingernails_resource.mesh' owner='fingernails_resource.mesh' frame=467 nb=10 wext=39.1 rebound=1
  TIER1 rest-coherence: worst=178.5deg bone[2]='bone_L-index03.mesh' count(>5deg)=10 freshRecap=0  xcheck(invOff-vs-restW) worst=178.5deg bone[2]
  TIER2 joint-attach(PRIMARY): worst=0.00u bone[-1]='?' parent[-1] R=0.0 exactJoint=0.00u pairs=0  (palette-wide exactWorst=0.00u)
[IK_SHARD_VERT] mesh='gloves_resource.mesh' wext=69 worstVtx=1196 domBone[14]='bone_R-ringfinger03.mesh' w=1.00 vertR=71.5 vertDevFromCentroid=31 bindVert=(17.3,0.5,34.6)
[IK_SHARD_VERT] mesh='scrollbar_bg.mesh' wext=324 worstVtx=10 domBone[1]='scrollbar_bg_bone_bottom.mesh' w=1.00 vertR=5.7 vertDevFromCentroid=632 bindVert=(-5.7,0.0,-40.0)
[IK_SHARD_VERT] mesh='hands_naked.mesh' wext=64 worstVtx=176 domBone[7]='bone_R-middlefinger03.mesh' w=1.00 vertR=65.0 vertDevFromCentroid=28 bindVert=(17.3,3.3,16.5)
[HANDS_ATTACH] mesh='gloves_resource.1.mesh' owner='gloves_resource.1.mesh' frame=476 nb=4 wext=10.1 rebound=1
  TIER1 rest-coherence: worst=14.6deg bone[1]='bone_L-hand.mesh' count(>5deg)=4 freshRecap=0  xcheck(invOff-vs-restW) worst=14.6deg bone[1]
  TIER2 joint-attach(PRIMARY): worst=21.96u bone[3]='bone_L-index02.mesh' parent[2] R=47.0 exactJoint=0.35u pairs=3  (palette-wide exactWorst=0.37u)
[HANDS_ATTACH] mesh='gloves_resource.mesh' owner='gloves_resource.mesh' frame=476 nb=40 wext=68.9 rebound=1
  TIER1 rest-coherence: worst=28.9deg bone[28]='bone_L-thumb03.mesh' count(>5deg)=40 freshRecap=0  xcheck(invOff-vs-restW) worst=28.9deg bone[28]
  TIER2 joint-attach(PRIMARY): worst=115.10u bone[16]='bone_R-ringfinger02.mesh' parent[19] R=46.7 exactJoint=0.44u pairs=36  (palette-wide exactWorst=0.94u)
[HANDS_ATTACH] mesh='gloves_skin.2.mesh' owner='gloves_skin.2.mesh' frame=476 nb=9 wext=37.5 rebound=1
  TIER1 rest-coherence: worst=17.9deg bone[8]='bone_L-foreTwist2.mesh' count(>5deg)=9 freshRecap=0  xcheck(invOff-vs-restW) worst=17.9deg bone[7]
  TIER2 joint-attach(PRIMARY): worst=0.94u bone[3]='bone_R-pinky-base.mesh' parent[2] R=48.7 exactJoint=0.94u pairs=5  (palette-wide exactWorst=0.94u)
[HANDS_ATTACH] mesh='hands_naked.mesh' owner='hands_naked.mesh' frame=476 nb=38 wext=99.2 rebound=1
  TIER1 rest-coherence: worst=3.1deg bone[2]='bone_R-pinky03.mesh' count(>5deg)=0 freshRecap=0  xcheck(invOff-vs-restW) worst=3.1deg bone[2]
  TIER2 joint-attach(PRIMARY): worst=76.58u bone[17]='bone_R-ringfinger02.mesh' parent[15] R=46.7 exactJoint=0.00u pairs=30  (palette-wide exactWorst=0.01u)
[HANDS_ATTACH] mesh='hands_naked.mesh' owner='hands_naked.mesh' frame=476 nb=40 wext=63.9 rebound=1
  TIER1 rest-coherence: worst=28.9deg bone[29]='bone_L-thumb03.mesh' count(>5deg)=40 freshRecap=0  xcheck(invOff-vs-restW) worst=28.9deg bone[29]
  TIER2 joint-attach(PRIMARY): worst=58.63u bone[5]='bone_R-ringfinger02.mesh' parent[24] R=46.7 exactJoint=0.44u pairs=36  (palette-wide exactWorst=0.94u)
[HANDS_ATTACH] mesh='hands_naked.mesh' owner='hands_naked.mesh' frame=476 nb=38 wext=103.3 rebound=1
  TIER1 rest-coherence: worst=3.1deg bone[2]='bone_R-pinky03.mesh' count(>5deg)=0 freshRecap=0  xcheck(invOff-vs-restW) worst=3.1deg bone[2]
  TIER2 joint-attach(PRIMARY): worst=102.51u bone[11]='bone_R-middlefinger02.mesh' parent[1] R=46.8 exactJoint=0.01u pairs=30  (palette-wide exactWorst=0.34u)
[IK_SHARD_VERT] mesh='hands_naked.mesh' wext=64 worstVtx=176 domBone[7]='bone_R-middlefinger03.mesh' w=1.00 vertR=65.0 vertDevFromCentroid=28 bindVert=(17.3,3.3,16.5)
[IK_SHARD_VERT] mesh='hands_naked.mesh' wext=64 worstVtx=176 domBone[7]='bone_R-middlefinger03.mesh' w=1.00 vertR=65.0 vertDevFromCentroid=28 bindVert=(17.3,3.3,16.5)
[IK_SHARD_VERT] mesh='gloves_resource.mesh' wext=69 worstVtx=1196 domBone[14]='bone_R-ringfinger03.mesh' w=1.00 vertR=71.5 vertDevFromCentroid=31 bindVert=(17.3,0.5,34.6)
[HANDS_ATTACH] mesh='gloves_resource.1.mesh' owner='gloves_resource.1.mesh' frame=486 nb=4 wext=10.1 rebound=1
  TIER1 rest-coherence: worst=14.6deg bone[1]='bone_L-hand.mesh' count(>5deg)=4 freshRecap=0  xcheck(invOff-vs-restW) worst=14.6deg bone[1]
  TIER2 joint-attach(PRIMARY): worst=21.96u bone[3]='bone_L-index02.mesh' parent[2] R=47.0 exactJoint=0.35u pairs=3  (palette-wide exactWorst=0.37u)
[HANDS_ATTACH] mesh='gloves_resource.mesh' owner='gloves_resource.mesh' frame=486 nb=40 wext=68.8 rebound=1
  TIER1 rest-coherence: worst=28.9deg bone[28]='bone_L-thumb03.mesh' count(>5deg)=40 freshRecap=0  xcheck(invOff-vs-restW) worst=28.9deg bone[28]
  TIER2 joint-attach(PRIMARY): worst=115.10u bone[16]='bone_R-ringfinger02.mesh' parent[19] R=46.7 exactJoint=0.44u pairs=36  (palette-wide exactWorst=0.94u)
[HANDS_ATTACH] mesh='gloves_skin.2.mesh' owner='gloves_skin.2.mesh' frame=486 nb=9 wext=37.5 rebound=1
  TIER1 rest-coherence: worst=17.9deg bone[8]='bone_L-foreTwist2.mesh' count(>5deg)=9 freshRecap=0  xcheck(invOff-vs-restW) worst=17.9deg bone[7]
  TIER2 joint-attach(PRIMARY): worst=0.94u bone[3]='bone_R-pinky-base.mesh' parent[2] R=48.7 exactJoint=0.94u pairs=5  (palette-wide exactWorst=0.94u)
[HANDS_ATTACH] mesh='hands_naked.mesh' owner='hands_naked.mesh' frame=486 nb=38 wext=99.1 rebound=1
  TIER1 rest-coherence: worst=3.1deg bone[2]='bone_R-pinky03.mesh' count(>5deg)=0 freshRecap=0  xcheck(invOff-vs-restW) worst=3.1deg bone[2]
  TIER2 joint-attach(PRIMARY): worst=76.58u bone[17]='bone_R-ringfinger02.mesh' parent[15] R=46.7 exactJoint=0.00u pairs=30  (palette-wide exactWorst=0.01u)
[HANDS_ATTACH] mesh='hands_naked.mesh' owner='hands_naked.mesh' frame=486 nb=40 wext=64.1 rebound=1
  TIER1 rest-coherence: worst=28.9deg bone[29]='bone_L-thumb03.mesh' count(>5deg)=40 freshRecap=0  xcheck(invOff-vs-restW) worst=28.9deg bone[29]
  TIER2 joint-attach(PRIMARY): worst=58.63u bone[5]='bone_R-ringfinger02.mesh' parent[24] R=46.7 exactJoint=0.44u pairs=36  (palette-wide exactWorst=0.94u)
[HANDS_ATTACH] mesh='hands_naked.mesh' owner='hands_naked.mesh' frame=486 nb=38 wext=103.5 rebound=1
  TIER1 rest-coherence: worst=3.1deg bone[2]='bone_R-pinky03.mesh' count(>5deg)=0 freshRecap=0  xcheck(invOff-vs-restW) worst=3.1deg bone[2]
  TIER2 joint-attach(PRIMARY): worst=102.51u bone[11]='bone_R-middlefinger02.mesh' parent[1] R=46.8 exactJoint=0.01u pairs=30  (palette-wide exactWorst=0.34u)
[IK_SHARD_VERT] mesh='hands_naked.mesh' wext=64 worstVtx=176 domBone[7]='bone_R-middlefinger03.mesh' w=1.00 vertR=65.0 vertDevFromCentroid=28 bindVert=(17.3,3.3,16.5)
[HANDS_ATTACH] mesh='fingernails_resource.mesh' owner='fingernails_resource.mesh' frame=487 nb=10 wext=59.1 rebound=1
  TIER1 rest-coherence: worst=177.7deg bone[5]='bone_R-thumb03.mesh' count(>5deg)=10 freshRecap=0  xcheck(invOff-vs-restW) worst=177.7deg bone[5]
  TIER2 joint-attach(PRIMARY): worst=0.00u bone[-1]='?' parent[-1] R=0.0 exactJoint=0.00u pairs=0  (palette-wide exactWorst=0.00u)
[HANDS_ATTACH] mesh='fingernails_resource.mesh' owner='fingernails_resource.mesh' frame=487 nb=10 wext=32.8 rebound=1
  TIER1 rest-coherence: worst=177.5deg bone[9]='bone_L-index03.mesh' count(>5deg)=10 freshRecap=0  xcheck(invOff-vs-restW) worst=177.5deg bone[9]
  TIER2 joint-attach(PRIMARY): worst=0.00u bone[-1]='?' parent[-1] R=0.0 exactJoint=0.00u pairs=0  (palette-wide exactWorst=0.00u)
[HANDS_ATTACH] mesh='fingernails_resource.mesh' owner='fingernails_resource.mesh' frame=487 nb=10 wext=39.0 rebound=1
  TIER1 rest-coherence: worst=178.5deg bone[2]='bone_L-index03.mesh' count(>5deg)=10 freshRecap=0  xcheck(invOff-vs-restW) worst=178.5deg bone[2]
  TIER2 joint-attach(PRIMARY): worst=0.00u bone[-1]='?' parent[-1] R=0.0 exactJoint=0.00u pairs=0  (palette-wide exactWorst=0.00u)
[IK_SHARD_VERT] mesh='hands_naked.mesh' wext=64 worstVtx=176 domBone[7]='bone_R-middlefinger03.mesh' w=1.00 vertR=65.0 vertDevFromCentroid=28 bindVert=(17.3,3.3,16.5)
[HANDS_ATTACH] mesh='gloves_resource.1.mesh' owner='gloves_resource.1.mesh' frame=496 nb=4 wext=10.1 rebound=1
  TIER1 rest-coherence: worst=14.6deg bone[1]='bone_L-hand.mesh' count(>5deg)=4 freshRecap=0  xcheck(invOff-vs-restW) worst=14.6deg bone[1]
  TIER2 joint-attach(PRIMARY): worst=21.96u bone[3]='bone_L-index02.mesh' parent[2] R=47.0 exactJoint=0.35u pairs=3  (palette-wide exactWorst=0.37u)
[HANDS_ATTACH] mesh='gloves_resource.mesh' owner='gloves_resource.mesh' frame=496 nb=40 wext=68.8 rebound=1
  TIER1 rest-coherence: worst=28.9deg bone[28]='bone_L-thumb03.mesh' count(>5deg)=40 freshRecap=0  xcheck(invOff-vs-restW) worst=28.9deg bone[28]
  TIER2 joint-attach(PRIMARY): worst=115.10u bone[16]='bone_R-ringfinger02.mesh' parent[19] R=46.7 exactJoint=0.44u pairs=36  (palette-wide exactWorst=0.94u)
[HANDS_ATTACH] mesh='gloves_skin.2.mesh' owner='gloves_skin.2.mesh' frame=496 nb=9 wext=37.5 rebound=1
  TIER1 rest-coherence: worst=17.9deg bone[8]='bone_L-foreTwist2.mesh' count(>5deg)=9 freshRecap=0  xcheck(invOff-vs-restW) worst=17.9deg bone[7]
  TIER2 joint-attach(PRIMARY): worst=0.94u bone[3]='bone_R-pinky-base.mesh' parent[2] R=48.7 exactJoint=0.94u pairs=5  (palette-wide exactWorst=0.94u)
[HANDS_ATTACH] mesh='hands_naked.mesh' owner='hands_naked.mesh' frame=496 nb=38 wext=99.0 rebound=1
  TIER1 rest-coherence: worst=3.1deg bone[2]='bone_R-pinky03.mesh' count(>5deg)=0 freshRecap=0  xcheck(invOff-vs-restW) worst=3.1deg bone[2]
  TIER2 joint-attach(PRIMARY): worst=76.58u bone[17]='bone_R-ringfinger02.mesh' parent[15] R=46.7 exactJoint=0.00u pairs=30  (palette-wide exactWorst=0.01u)
[HANDS_ATTACH] mesh='hands_naked.mesh' owner='hands_naked.mesh' frame=496 nb=40 wext=64.2 rebound=1
  TIER1 rest-coherence: worst=28.9deg bone[29]='bone_L-thumb03.mesh' count(>5deg)=40 freshRecap=0  xcheck(invOff-vs-restW) worst=28.9deg bone[29]
  TIER2 joint-attach(PRIMARY): worst=58.63u bone[5]='bone_R-ringfinger02.mesh' parent[24] R=46.7 exactJoint=0.44u pairs=36  (palette-wide exactWorst=0.94u)
[HANDS_ATTACH] mesh='hands_naked.mesh' owner='hands_naked.mesh' frame=496 nb=38 wext=103.6 rebound=1
  TIER1 rest-coherence: worst=3.1deg bone[2]='bone_R-pinky03.mesh' count(>5deg)=0 freshRecap=0  xcheck(invOff-vs-restW) worst=3.1deg bone[2]
  TIER2 joint-attach(PRIMARY): worst=102.51u bone[11]='bone_R-middlefinger02.mesh' parent[1] R=46.8 exactJoint=0.01u pairs=30  (palette-wide exactWorst=0.34u)
[IK_SHARD_VERT] mesh='hands_naked.mesh' wext=64 worstVtx=176 domBone[7]='bone_R-middlefinger03.mesh' w=1.00 vertR=65.0 vertDevFromCentroid=28 bindVert=(17.3,3.3,16.5)
[IK_SHARD_VERT] mesh='gloves_resource.mesh' wext=69 worstVtx=1196 domBone[14]='bone_R-ringfinger03.mesh' w=1.00 vertR=71.5 vertDevFromCentroid=31 bindVert=(17.3,0.5,34.6)
[IK_SHARD_VERT] mesh='scrollbar_bg.mesh' wext=324 worstVtx=10 domBone[1]='scrollbar_bg_bone_bottom.mesh' w=1.00 vertR=5.7 vertDevFromCentroid=632 bindVert=(-5.7,0.0,-40.0)
[IK_SHARD_VERT] mesh='hands_naked.mesh' wext=64 worstVtx=176 domBone[7]='bone_R-middlefinger03.mesh' w=1.00 vertR=65.0 vertDevFromCentroid=28 bindVert=(17.3,3.3,16.5)
[IK_SHARD_VERT] mesh='fingernails_resource.mesh' wext=60 worstVtx=46 domBone[7]='bone_L-middlefinger03.mesh' w=1.00 vertR=46.0 vertDevFromCentroid=29 bindVert=(-24.9,1.0,37.4)
[HANDS_ATTACH] mesh='gloves_resource.1.mesh' owner='gloves_resource.1.mesh' frame=506 nb=4 wext=10.1 rebound=1
  TIER1 rest-coherence: worst=14.6deg bone[1]='bone_L-hand.mesh' count(>5deg)=4 freshRecap=0  xcheck(invOff-vs-restW) worst=14.6deg bone[1]
  TIER2 joint-attach(PRIMARY): worst=21.96u bone[3]='bone_L-index02.mesh' parent[2] R=47.0 exactJoint=0.35u pairs=3  (palette-wide exactWorst=0.37u)
[HANDS_ATTACH] mesh='gloves_resource.mesh' owner='gloves_resource.mesh' frame=506 nb=40 wext=68.8 rebound=1
  TIER1 rest-coherence: worst=28.9deg bone[28]='bone_L-thumb03.mesh' count(>5deg)=40 freshRecap=0  xcheck(invOff-vs-restW) worst=28.9deg bone[28]
  TIER2 joint-attach(PRIMARY): worst=115.10u bone[16]='bone_R-ringfinger02.mesh' parent[19] R=46.7 exactJoint=0.44u pairs=36  (palette-wide exactWorst=0.94u)
[HANDS_ATTACH] mesh='gloves_skin.2.mesh' owner='gloves_skin.2.mesh' frame=506 nb=9 wext=37.5 rebound=1
  TIER1 rest-coherence: worst=17.9deg bone[8]='bone_L-foreTwist2.mesh' count(>5deg)=9 freshRecap=0  xcheck(invOff-vs-restW) worst=17.9deg bone[7]
  TIER2 joint-attach(PRIMARY): worst=0.94u bone[3]='bone_R-pinky-base.mesh' parent[2] R=48.7 exactJoint=0.94u pairs=5  (palette-wide exactWorst=0.94u)
[HANDS_ATTACH] mesh='hands_naked.mesh' owner='hands_naked.mesh' frame=506 nb=38 wext=99.0 rebound=1
  TIER1 rest-coherence: worst=3.1deg bone[2]='bone_R-pinky03.mesh' count(>5deg)=0 freshRecap=0  xcheck(invOff-vs-restW) worst=3.1deg bone[2]
  TIER2 joint-attach(PRIMARY): worst=76.58u bone[17]='bone_R-ringfinger02.mesh' parent[15] R=46.7 exactJoint=0.00u pairs=30  (palette-wide exactWorst=0.01u)
[HANDS_ATTACH] mesh='hands_naked.mesh' owner='hands_naked.mesh' frame=506 nb=40 wext=64.1 rebound=1
  TIER1 rest-coherence: worst=28.9deg bone[29]='bone_L-thumb03.mesh' count(>5deg)=40 freshRecap=0  xcheck(invOff-vs-restW) worst=28.9deg bone[29]
  TIER2 joint-attach(PRIMARY): worst=58.63u bone[5]='bone_R-ringfinger02.mesh' parent[24] R=46.7 exactJoint=0.44u pairs=36  (palette-wide exactWorst=0.94u)
[HANDS_ATTACH] mesh='hands_naked.mesh' owner='hands_naked.mesh' frame=506 nb=38 wext=103.3 rebound=1
  TIER1 rest-coherence: worst=3.1deg bone[2]='bone_R-pinky03.mesh' count(>5deg)=0 freshRecap=0  xcheck(invOff-vs-restW) worst=3.1deg bone[2]
  TIER2 joint-attach(PRIMARY): worst=102.51u bone[11]='bone_R-middlefinger02.mesh' parent[1] R=46.8 exactJoint=0.01u pairs=30  (palette-wide exactWorst=0.34u)
[IK_SHARD_VERT] mesh='hands_naked.mesh' wext=64 worstVtx=176 domBone[7]='bone_R-middlefinger03.mesh' w=1.00 vertR=65.0 vertDevFromCentroid=28 bindVert=(17.3,3.3,16.5)
[HANDS_ATTACH] mesh='fingernails_resource.mesh' owner='fingernails_resource.mesh' frame=507 nb=10 wext=60.0 rebound=1
  TIER1 rest-coherence: worst=177.7deg bone[5]='bone_R-thumb03.mesh' count(>5deg)=10 freshRecap=0  xcheck(invOff-vs-restW) worst=177.7deg bone[5]
  TIER2 joint-attach(PRIMARY): worst=0.00u bone[-1]='?' parent[-1] R=0.0 exactJoint=0.00u pairs=0  (palette-wide exactWorst=0.00u)
[HANDS_ATTACH] mesh='fingernails_resource.mesh' owner='fingernails_resource.mesh' frame=507 nb=10 wext=33.0 rebound=1
  TIER1 rest-coherence: worst=177.5deg bone[9]='bone_L-index03.mesh' count(>5deg)=10 freshRecap=0  xcheck(invOff-vs-restW) worst=177.5deg bone[9]
  TIER2 joint-attach(PRIMARY): worst=0.00u bone[-1]='?' parent[-1] R=0.0 exactJoint=0.00u pairs=0  (palette-wide exactWorst=0.00u)
[HANDS_ATTACH] mesh='fingernails_resource.mesh' owner='fingernails_resource.mesh' frame=507 nb=10 wext=39.1 rebound=1
  TIER1 rest-coherence: worst=178.5deg bone[2]='bone_L-index03.mesh' count(>5deg)=10 freshRecap=0  xcheck(invOff-vs-restW) worst=178.5deg bone[2]
  TIER2 joint-attach(PRIMARY): worst=0.00u bone[-1]='?' parent[-1] R=0.0 exactJoint=0.00u pairs=0  (palette-wide exactWorst=0.00u)
[IK_SHARD_VERT] mesh='hands_naked.mesh' wext=64 worstVtx=176 domBone[7]='bone_R-middlefinger03.mesh' w=1.00 vertR=65.0 vertDevFromCentroid=28 bindVert=(17.3,3.3,16.5)
[IK_SHARD_VERT] mesh='gloves_resource.mesh' wext=69 worstVtx=1196 domBone[14]='bone_R-ringfinger03.mesh' w=1.00 vertR=71.5 vertDevFromCentroid=31 bindVert=(17.3,0.5,34.6)
[HANDS_ATTACH] mesh='gloves_resource.1.mesh' owner='gloves_resource.1.mesh' frame=516 nb=4 wext=10.1 rebound=1
  TIER1 rest-coherence: worst=14.6deg bone[1]='bone_L-hand.mesh' count(>5deg)=4 freshRecap=0  xcheck(invOff-vs-restW) worst=14.6deg bone[1]
  TIER2 joint-attach(PRIMARY): worst=21.96u bone[3]='bone_L-index02.mesh' parent[2] R=47.0 exactJoint=0.35u pairs=3  (palette-wide exactWorst=0.37u)
[HANDS_ATTACH] mesh='gloves_resource.mesh' owner='gloves_resource.mesh' frame=516 nb=40 wext=68.8 rebound=1
  TIER1 rest-coherence: worst=28.9deg bone[28]='bone_L-thumb03.mesh' count(>5deg)=40 freshRecap=0  xcheck(invOff-vs-restW) worst=28.9deg bone[28]
  TIER2 joint-attach(PRIMARY): worst=115.10u bone[16]='bone_R-ringfinger02.mesh' parent[19] R=46.7 exactJoint=0.44u pairs=36  (palette-wide exactWorst=0.94u)
[HANDS_ATTACH] mesh='gloves_skin.2.mesh' owner='gloves_skin.2.mesh' frame=516 nb=9 wext=37.5 rebound=1
  TIER1 rest-coherence: worst=17.9deg bone[8]='bone_L-foreTwist2.mesh' count(>5deg)=9 freshRecap=0  xcheck(invOff-vs-restW) worst=17.9deg bone[7]
  TIER2 joint-attach(PRIMARY): worst=0.94u bone[3]='bone_R-pinky-base.mesh' parent[2] R=48.7 exactJoint=0.94u pairs=5  (palette-wide exactWorst=0.94u)
[HANDS_ATTACH] mesh='hands_naked.mesh' owner='hands_naked.mesh' frame=516 nb=38 wext=99.2 rebound=1
  TIER1 rest-coherence: worst=3.1deg bone[2]='bone_R-pinky03.mesh' count(>5deg)=0 freshRecap=0  xcheck(invOff-vs-restW) worst=3.1deg bone[2]
  TIER2 joint-attach(PRIMARY): worst=76.58u bone[17]='bone_R-ringfinger02.mesh' parent[15] R=46.7 exactJoint=0.00u pairs=30  (palette-wide exactWorst=0.01u)
[HANDS_ATTACH] mesh='hands_naked.mesh' owner='hands_naked.mesh' frame=516 nb=40 wext=63.6 rebound=1
  TIER1 rest-coherence: worst=28.9deg bone[29]='bone_L-thumb03.mesh' count(>5deg)=40 freshRecap=0  xcheck(invOff-vs-restW) worst=28.9deg bone[29]
  TIER2 joint-attach(PRIMARY): worst=58.63u bone[5]='bone_R-ringfinger02.mesh' parent[24] R=46.7 exactJoint=0.44u pairs=36  (palette-wide exactWorst=0.94u)
[HANDS_ATTACH] mesh='hands_naked.mesh' owner='hands_naked.mesh' frame=516 nb=38 wext=102.7 rebound=1
  TIER1 rest-coherence: worst=3.1deg bone[2]='bone_R-pinky03.mesh' count(>5deg)=0 freshRecap=0  xcheck(invOff-vs-restW) worst=3.1deg bone[2]
  TIER2 joint-attach(PRIMARY): worst=102.51u bone[11]='bone_R-middlefinger02.mesh' parent[1] R=46.8 exactJoint=0.01u pairs=30  (palette-wide exactWorst=0.34u)
[IK_SHARD_VERT] mesh='hands_naked.mesh' wext=64 worstVtx=176 domBone[7]='bone_R-middlefinger03.mesh' w=1.00 vertR=65.0 vertDevFromCentroid=28 bindVert=(17.3,3.3,16.5)
[IK_SHARD_VERT] mesh='hands_naked.mesh' wext=63 worstVtx=176 domBone[7]='bone_R-middlefinger03.mesh' w=1.00 vertR=65.0 vertDevFromCentroid=28 bindVert=(17.3,3.3,16.5)
[HANDS_ATTACH] mesh='gloves_resource.1.mesh' owner='gloves_resource.1.mesh' frame=526 nb=4 wext=10.1 rebound=1
  TIER1 rest-coherence: worst=14.6deg bone[1]='bone_L-hand.mesh' count(>5deg)=4 freshRecap=0  xcheck(invOff-vs-restW) worst=14.6deg bone[1]
  TIER2 joint-attach(PRIMARY): worst=21.96u bone[3]='bone_L-index02.mesh' parent[2] R=47.0 exactJoint=0.35u pairs=3  (palette-wide exactWorst=0.37u)
[HANDS_ATTACH] mesh='gloves_resource.mesh' owner='gloves_resource.mesh' frame=526 nb=40 wext=68.8 rebound=1
  TIER1 rest-coherence: worst=28.9deg bone[28]='bone_L-thumb03.mesh' count(>5deg)=40 freshRecap=0  xcheck(invOff-vs-restW) worst=28.9deg bone[28]
  TIER2 joint-attach(PRIMARY): worst=115.10u bone[16]='bone_R-ringfinger02.mesh' parent[19] R=46.7 exactJoint=0.44u pairs=36  (palette-wide exactWorst=0.94u)
[HANDS_ATTACH] mesh='gloves_skin.2.mesh' owner='gloves_skin.2.mesh' frame=526 nb=9 wext=37.5 rebound=1
  TIER1 rest-coherence: worst=17.9deg bone[8]='bone_L-foreTwist2.mesh' count(>5deg)=9 freshRecap=0  xcheck(invOff-vs-restW) worst=17.9deg bone[7]
  TIER2 joint-attach(PRIMARY): worst=0.94u bone[3]='bone_R-pinky-base.mesh' parent[2] R=48.7 exactJoint=0.94u pairs=5  (palette-wide exactWorst=0.94u)
[HANDS_ATTACH] mesh='hands_naked.mesh' owner='hands_naked.mesh' frame=526 nb=38 wext=99.3 rebound=1
  TIER1 rest-coherence: worst=3.1deg bone[2]='bone_R-pinky03.mesh' count(>5deg)=0 freshRecap=0  xcheck(invOff-vs-restW) worst=3.1deg bone[2]
  TIER2 joint-attach(PRIMARY): worst=76.58u bone[17]='bone_R-ringfinger02.mesh' parent[15] R=46.7 exactJoint=0.00u pairs=30  (palette-wide exactWorst=0.01u)
[HANDS_ATTACH] mesh='hands_naked.mesh' owner='hands_naked.mesh' frame=526 nb=40 wext=62.7 rebound=1
  TIER1 rest-coherence: worst=28.9deg bone[29]='bone_L-thumb03.mesh' count(>5deg)=40 freshRecap=0  xcheck(invOff-vs-restW) worst=28.9deg bone[29]
  TIER2 joint-attach(PRIMARY): worst=58.63u bone[5]='bone_R-ringfinger02.mesh' parent[24] R=46.7 exactJoint=0.44u pairs=36  (palette-wide exactWorst=0.94u)
[HANDS_ATTACH] mesh='hands_naked.mesh' owner='hands_naked.mesh' frame=526 nb=38 wext=102.3 rebound=1
  TIER1 rest-coherence: worst=3.1deg bone[2]='bone_R-pinky03.mesh' count(>5deg)=0 freshRecap=0  xcheck(invOff-vs-restW) worst=3.1deg bone[2]
  TIER2 joint-attach(PRIMARY): worst=102.51u bone[11]='bone_R-middlefinger02.mesh' parent[1] R=46.8 exactJoint=0.01u pairs=30  (palette-wide exactWorst=0.34u)
[IK_SHARD_VERT] mesh='hands_naked.mesh' wext=63 worstVtx=176 domBone[7]='bone_R-middlefinger03.mesh' w=1.00 vertR=65.0 vertDevFromCentroid=28 bindVert=(17.3,3.3,16.5)
[HANDS_ATTACH] mesh='fingernails_resource.mesh' owner='fingernails_resource.mesh' frame=527 nb=10 wext=59.0 rebound=1
  TIER1 rest-coherence: worst=177.7deg bone[5]='bone_R-thumb03.mesh' count(>5deg)=10 freshRecap=0  xcheck(invOff-vs-restW) worst=177.7deg bone[5]
  TIER2 joint-attach(PRIMARY): worst=0.00u bone[-1]='?' parent[-1] R=0.0 exactJoint=0.00u pairs=0  (palette-wide exactWorst=0.00u)
[HANDS_ATTACH] mesh='fingernails_resource.mesh' owner='fingernails_resource.mesh' frame=527 nb=10 wext=32.4 rebound=1
  TIER1 rest-coherence: worst=177.5deg bone[9]='bone_L-index03.mesh' count(>5deg)=10 freshRecap=0  xcheck(invOff-vs-restW) worst=177.5deg bone[9]
  TIER2 joint-attach(PRIMARY): worst=0.00u bone[-1]='?' parent[-1] R=0.0 exactJoint=0.00u pairs=0  (palette-wide exactWorst=0.00u)
[HANDS_ATTACH] mesh='fingernails_resource.mesh' owner='fingernails_resource.mesh' frame=527 nb=10 wext=39.2 rebound=1
  TIER1 rest-coherence: worst=178.5deg bone[2]='bone_L-index03.mesh' count(>5deg)=10 freshRecap=0  xcheck(invOff-vs-restW) worst=178.5deg bone[2]
  TIER2 joint-attach(PRIMARY): worst=0.00u bone[-1]='?' parent[-1] R=0.0 exactJoint=0.00u pairs=0  (palette-wide exactWorst=0.00u)
[IK_SHARD_VERT] mesh='gloves_resource.mesh' wext=69 worstVtx=1196 domBone[14]='bone_R-ringfinger03.mesh' w=1.00 vertR=71.5 vertDevFromCentroid=31 bindVert=(17.3,0.5,34.6)
[IK_SHARD_VERT] mesh='scrollbar_bg.mesh' wext=324 worstVtx=10 domBone[1]='scrollbar_bg_bone_bottom.mesh' w=1.00 vertR=5.7 vertDevFromCentroid=632 bindVert=(-5.7,0.0,-40.0)
[IK_SHARD_VERT] mesh='hands_naked.mesh' wext=62 worstVtx=176 domBone[7]='bone_R-middlefinger03.mesh' w=1.00 vertR=65.0 vertDevFromCentroid=28 bindVert=(17.3,3.3,16.5)
[HANDS_ATTACH] mesh='gloves_resource.1.mesh' owner='gloves_resource.1.mesh' frame=536 nb=4 wext=10.1 rebound=1
  TIER1 rest-coherence: worst=14.6deg bone[1]='bone_L-hand.mesh' count(>5deg)=4 freshRecap=0  xcheck(invOff-vs-restW) worst=14.6deg bone[1]
  TIER2 joint-attach(PRIMARY): worst=21.96u bone[3]='bone_L-index02.mesh' parent[2] R=47.0 exactJoint=0.35u pairs=3  (palette-wide exactWorst=0.37u)
[HANDS_ATTACH] mesh='gloves_resource.mesh' owner='gloves_resource.mesh' frame=536 nb=40 wext=68.8 rebound=1
  TIER1 rest-coherence: worst=28.9deg bone[28]='bone_L-thumb03.mesh' count(>5deg)=40 freshRecap=0  xcheck(invOff-vs-restW) worst=28.9deg bone[28]
  TIER2 joint-attach(PRIMARY): worst=115.10u bone[16]='bone_R-ringfinger02.mesh' parent[19] R=46.7 exactJoint=0.44u pairs=36  (palette-wide exactWorst=0.94u)
[HANDS_ATTACH] mesh='gloves_skin.2.mesh' owner='gloves_skin.2.mesh' frame=536 nb=9 wext=37.5 rebound=1
  TIER1 rest-coherence: worst=17.9deg bone[8]='bone_L-foreTwist2.mesh' count(>5deg)=9 freshRecap=0  xcheck(invOff-vs-restW) worst=17.9deg bone[7]
  TIER2 joint-attach(PRIMARY): worst=0.94u bone[3]='bone_R-pinky-base.mesh' parent[2] R=48.7 exactJoint=0.94u pairs=5  (palette-wide exactWorst=0.94u)
[HANDS_ATTACH] mesh='hands_naked.mesh' owner='hands_naked.mesh' frame=536 nb=38 wext=99.3 rebound=1
  TIER1 rest-coherence: worst=3.1deg bone[2]='bone_R-pinky03.mesh' count(>5deg)=0 freshRecap=0  xcheck(invOff-vs-restW) worst=3.1deg bone[2]
  TIER2 joint-attach(PRIMARY): worst=76.58u bone[17]='bone_R-ringfinger02.mesh' parent[15] R=46.7 exactJoint=0.00u pairs=30  (palette-wide exactWorst=0.01u)
[HANDS_ATTACH] mesh='hands_naked.mesh' owner='hands_naked.mesh' frame=536 nb=40 wext=62.3 rebound=1
  TIER1 rest-coherence: worst=28.9deg bone[29]='bone_L-thumb03.mesh' count(>5deg)=40 freshRecap=0  xcheck(invOff-vs-restW) worst=28.9deg bone[29]
  TIER2 joint-attach(PRIMARY): worst=58.63u bone[5]='bone_R-ringfinger02.mesh' parent[24] R=46.7 exactJoint=0.44u pairs=36  (palette-wide exactWorst=0.94u)
[HANDS_ATTACH] mesh='hands_naked.mesh' owner='hands_naked.mesh' frame=536 nb=38 wext=102.4 rebound=1
  TIER1 rest-coherence: worst=3.1deg bone[2]='bone_R-pinky03.mesh' count(>5deg)=0 freshRecap=0  xcheck(invOff-vs-restW) worst=3.1deg bone[2]
  TIER2 joint-attach(PRIMARY): worst=102.51u bone[11]='bone_R-middlefinger02.mesh' parent[1] R=46.8 exactJoint=0.01u pairs=30  (palette-wide exactWorst=0.34u)
[IK_SHARD_VERT] mesh='hands_naked.mesh' wext=62 worstVtx=176 domBone[7]='bone_R-middlefinger03.mesh' w=1.00 vertR=65.0 vertDevFromCentroid=28 bindVert=(17.3,3.3,16.5)
[IK_SHARD_VERT] mesh='hands_naked.mesh' wext=62 worstVtx=176 domBone[7]='bone_R-middlefinger03.mesh' w=1.00 vertR=65.0 vertDevFromCentroid=28 bindVert=(17.3,3.3,16.5)
[IK_SHARD_VERT] mesh='gloves_resource.mesh' wext=69 worstVtx=1196 domBone[14]='bone_R-ringfinger03.mesh' w=1.00 vertR=71.5 vertDevFromCentroid=31 bindVert=(17.3,0.5,34.6)
[HANDS_ATTACH] mesh='gloves_resource.1.mesh' owner='gloves_resource.1.mesh' frame=546 nb=4 wext=10.1 rebound=1
  TIER1 rest-coherence: worst=14.6deg bone[1]='bone_L-hand.mesh' count(>5deg)=4 freshRecap=0  xcheck(invOff-vs-restW) worst=14.6deg bone[1]
  TIER2 joint-attach(PRIMARY): worst=21.96u bone[3]='bone_L-index02.mesh' parent[2] R=47.0 exactJoint=0.35u pairs=3  (palette-wide exactWorst=0.37u)
[HANDS_ATTACH] mesh='gloves_resource.mesh' owner='gloves_resource.mesh' frame=546 nb=40 wext=68.8 rebound=1
  TIER1 rest-coherence: worst=28.9deg bone[28]='bone_L-thumb03.mesh' count(>5deg)=40 freshRecap=0  xcheck(invOff-vs-restW) worst=28.9deg bone[28]
  TIER2 joint-attach(PRIMARY): worst=115.10u bone[16]='bone_R-ringfinger02.mesh' parent[19] R=46.7 exactJoint=0.44u pairs=36  (palette-wide exactWorst=0.94u)
[HANDS_ATTACH] mesh='gloves_skin.2.mesh' owner='gloves_skin.2.mesh' frame=546 nb=9 wext=37.5 rebound=1
  TIER1 rest-coherence: worst=17.9deg bone[8]='bone_L-foreTwist2.mesh' count(>5deg)=9 freshRecap=0  xcheck(invOff-vs-restW) worst=17.9deg bone[7]
  TIER2 joint-attach(PRIMARY): worst=0.94u bone[3]='bone_R-pinky-base.mesh' parent[2] R=48.7 exactJoint=0.94u pairs=5  (palette-wide exactWorst=0.94u)
[HANDS_ATTACH] mesh='hands_naked.mesh' owner='hands_naked.mesh' frame=546 nb=38 wext=99.2 rebound=1
  TIER1 rest-coherence: worst=3.1deg bone[2]='bone_R-pinky03.mesh' count(>5deg)=0 freshRecap=0  xcheck(invOff-vs-restW) worst=3.1deg bone[2]
  TIER2 joint-attach(PRIMARY): worst=76.58u bone[17]='bone_R-ringfinger02.mesh' parent[15] R=46.7 exactJoint=0.00u pairs=30  (palette-wide exactWorst=0.02u)
[HANDS_ATTACH] mesh='hands_naked.mesh' owner='hands_naked.mesh' frame=546 nb=40 wext=62.3 rebound=1
  TIER1 rest-coherence: worst=28.9deg bone[29]='bone_L-thumb03.mesh' count(>5deg)=40 freshRecap=0  xcheck(invOff-vs-restW) worst=28.9deg bone[29]
  TIER2 joint-attach(PRIMARY): worst=58.63u bone[5]='bone_R-ringfinger02.mesh' parent[24] R=46.7 exactJoint=0.44u pairs=36  (palette-wide exactWorst=0.94u)
[HANDS_ATTACH] mesh='hands_naked.mesh' owner='hands_naked.mesh' frame=546 nb=38 wext=102.3 rebound=1
  TIER1 rest-coherence: worst=3.1deg bone[2]='bone_R-pinky03.mesh' count(>5deg)=0 freshRecap=0  xcheck(invOff-vs-restW) worst=3.1deg bone[2]
  TIER2 joint-attach(PRIMARY): worst=102.51u bone[11]='bone_R-middlefinger02.mesh' parent[1] R=46.8 exactJoint=0.01u pairs=30  (palette-wide exactWorst=0.34u)
[IK_SHARD_VERT] mesh='hands_naked.mesh' wext=62 worstVtx=176 domBone[7]='bone_R-middlefinger03.mesh' w=1.00 vertR=65.0 vertDevFromCentroid=28 bindVert=(17.3,3.3,16.5)
[HANDS_ATTACH] mesh='fingernails_resource.mesh' owner='fingernails_resource.mesh' frame=547 nb=10 wext=57.7 rebound=1
  TIER1 rest-coherence: worst=177.7deg bone[5]='bone_R-thumb03.mesh' count(>5deg)=10 freshRecap=0  xcheck(invOff-vs-restW) worst=177.7deg bone[5]
  TIER2 joint-attach(PRIMARY): worst=0.00u bone[-1]='?' parent[-1] R=0.0 exactJoint=0.00u pairs=0  (palette-wide exactWorst=0.00u)
[HANDS_ATTACH] mesh='fingernails_resource.mesh' owner='fingernails_resource.mesh' frame=547 nb=10 wext=32.1 rebound=1
  TIER1 rest-coherence: worst=177.5deg bone[9]='bone_L-index03.mesh' count(>5deg)=10 freshRecap=0  xcheck(invOff-vs-restW) worst=177.5deg bone[9]
  TIER2 joint-attach(PRIMARY): worst=0.00u bone[-1]='?' parent[-1] R=0.0 exactJoint=0.00u pairs=0  (palette-wide exactWorst=0.00u)
[HANDS_ATTACH] mesh='fingernails_resource.mesh' owner='fingernails_resource.mesh' frame=547 nb=10 wext=39.1 rebound=1
  TIER1 rest-coherence: worst=178.5deg bone[2]='bone_L-index03.mesh' count(>5deg)=10 freshRecap=0  xcheck(invOff-vs-restW) worst=178.5deg bone[2]
  TIER2 joint-attach(PRIMARY): worst=0.00u bone[-1]='?' parent[-1] R=0.0 exactJoint=0.00u pairs=0  (palette-wide exactWorst=0.00u)
[IK_SHARD_VERT] mesh='hands_naked.mesh' wext=62 worstVtx=176 domBone[7]='bone_R-middlefinger03.mesh' w=1.00 vertR=65.0 vertDevFromCentroid=28 bindVert=(17.3,3.3,16.5)
[HANDS_ATTACH] mesh='gloves_resource.1.mesh' owner='gloves_resource.1.mesh' frame=556 nb=4 wext=10.1 rebound=1
  TIER1 rest-coherence: worst=14.6deg bone[1]='bone_L-hand.mesh' count(>5deg)=4 freshRecap=0  xcheck(invOff-vs-restW) worst=14.6deg bone[1]
  TIER2 joint-attach(PRIMARY): worst=21.96u bone[3]='bone_L-index02.mesh' parent[2] R=47.0 exactJoint=0.35u pairs=3  (palette-wide exactWorst=0.37u)
[HANDS_ATTACH] mesh='gloves_resource.mesh' owner='gloves_resource.mesh' frame=556 nb=40 wext=68.8 rebound=1
  TIER1 rest-coherence: worst=28.9deg bone[28]='bone_L-thumb03.mesh' count(>5deg)=40 freshRecap=0  xcheck(invOff-vs-restW) worst=28.9deg bone[28]
  TIER2 joint-attach(PRIMARY): worst=115.10u bone[16]='bone_R-ringfinger02.mesh' parent[19] R=46.7 exactJoint=0.44u pairs=36  (palette-wide exactWorst=0.94u)
[HANDS_ATTACH] mesh='gloves_skin.2.mesh' owner='gloves_skin.2.mesh' frame=556 nb=9 wext=37.5 rebound=1
  TIER1 rest-coherence: worst=17.9deg bone[8]='bone_L-foreTwist2.mesh' count(>5deg)=9 freshRecap=0  xcheck(invOff-vs-restW) worst=17.9deg bone[7]
  TIER2 joint-attach(PRIMARY): worst=0.94u bone[3]='bone_R-pinky-base.mesh' parent[2] R=48.7 exactJoint=0.94u pairs=5  (palette-wide exactWorst=0.94u)
[HANDS_ATTACH] mesh='hands_naked.mesh' owner='hands_naked.mesh' frame=556 nb=38 wext=99.0 rebound=1
  TIER1 rest-coherence: worst=3.1deg bone[2]='bone_R-pinky03.mesh' count(>5deg)=0 freshRecap=0  xcheck(invOff-vs-restW) worst=3.1deg bone[2]
  TIER2 joint-attach(PRIMARY): worst=76.58u bone[17]='bone_R-ringfinger02.mesh' parent[15] R=46.7 exactJoint=0.00u pairs=30  (palette-wide exactWorst=0.01u)
[HANDS_ATTACH] mesh='hands_naked.mesh' owner='hands_naked.mesh' frame=556 nb=40 wext=62.6 rebound=1
  TIER1 rest-coherence: worst=28.9deg bone[29]='bone_L-thumb03.mesh' count(>5deg)=40 freshRecap=0  xcheck(invOff-vs-restW) worst=28.9deg bone[29]
  TIER2 joint-attach(PRIMARY): worst=58.63u bone[5]='bone_R-ringfinger02.mesh' parent[24] R=46.7 exactJoint=0.44u pairs=36  (palette-wide exactWorst=0.94u)
[HANDS_ATTACH] mesh='hands_naked.mesh' owner='hands_naked.mesh' frame=556 nb=38 wext=101.5 rebound=1
  TIER1 rest-coherence: worst=3.1deg bone[2]='bone_R-pinky03.mesh' count(>5deg)=0 freshRecap=0  xcheck(invOff-vs-restW) worst=3.1deg bone[2]
  TIER2 joint-attach(PRIMARY): worst=102.51u bone[11]='bone_R-middlefinger02.mesh' parent[1] R=46.8 exactJoint=0.01u pairs=30  (palette-wide exactWorst=0.34u)
[IK_SHARD_VERT] mesh='hands_naked.mesh' wext=63 worstVtx=176 domBone[7]='bone_R-middlefinger03.mesh' w=1.00 vertR=65.0 vertDevFromCentroid=28 bindVert=(17.3,3.3,16.5)
[IK_SHARD_VERT] mesh='gloves_resource.mesh' wext=69 worstVtx=1196 domBone[14]='bone_R-ringfinger03.mesh' w=1.00 vertR=71.5 vertDevFromCentroid=31 bindVert=(17.3,0.5,34.6)
[IK_SHARD_VERT] mesh='scrollbar_bg.mesh' wext=324 worstVtx=10 domBone[1]='scrollbar_bg_bone_bottom.mesh' w=1.00 vertR=5.7 vertDevFromCentroid=632 bindVert=(-5.7,0.0,-40.0)
[IK_SHARD_VERT] mesh='hands_naked.mesh' wext=63 worstVtx=176 domBone[7]='bone_R-middlefinger03.mesh' w=1.00 vertR=65.0 vertDevFromCentroid=28 bindVert=(17.3,3.3,16.5)
[HANDS_ATTACH] mesh='gloves_resource.1.mesh' owner='gloves_resource.1.mesh' frame=566 nb=4 wext=10.1 rebound=1
  TIER1 rest-coherence: worst=14.6deg bone[1]='bone_L-hand.mesh' count(>5deg)=4 freshRecap=0  xcheck(invOff-vs-restW) worst=14.6deg bone[1]
  TIER2 joint-attach(PRIMARY): worst=21.96u bone[3]='bone_L-index02.mesh' parent[2] R=47.0 exactJoint=0.35u pairs=3  (palette-wide exactWorst=0.37u)
[HANDS_ATTACH] mesh='gloves_resource.mesh' owner='gloves_resource.mesh' frame=566 nb=40 wext=68.7 rebound=1
  TIER1 rest-coherence: worst=28.9deg bone[28]='bone_L-thumb03.mesh' count(>5deg)=40 freshRecap=0  xcheck(invOff-vs-restW) worst=28.9deg bone[28]
  TIER2 joint-attach(PRIMARY): worst=115.10u bone[16]='bone_R-ringfinger02.mesh' parent[19] R=46.7 exactJoint=0.44u pairs=36  (palette-wide exactWorst=0.94u)
[HANDS_ATTACH] mesh='gloves_skin.2.mesh' owner='gloves_skin.2.mesh' frame=566 nb=9 wext=37.5 rebound=1
  TIER1 rest-coherence: worst=17.9deg bone[8]='bone_L-foreTwist2.mesh' count(>5deg)=9 freshRecap=0  xcheck(invOff-vs-restW) worst=17.9deg bone[7]
  TIER2 joint-attach(PRIMARY): worst=0.94u bone[3]='bone_R-pinky-base.mesh' parent[2] R=48.7 exactJoint=0.94u pairs=5  (palette-wide exactWorst=0.94u)
[HANDS_ATTACH] mesh='hands_naked.mesh' owner='hands_naked.mesh' frame=566 nb=38 wext=98.9 rebound=1
  TIER1 rest-coherence: worst=3.1deg bone[2]='bone_R-pinky03.mesh' count(>5deg)=0 freshRecap=0  xcheck(invOff-vs-restW) worst=3.1deg bone[2]
  TIER2 joint-attach(PRIMARY): worst=76.58u bone[17]='bone_R-ringfinger02.mesh' parent[15] R=46.7 exactJoint=0.00u pairs=30  (palette-wide exactWorst=0.01u)
[HANDS_ATTACH] mesh='hands_naked.mesh' owner='hands_naked.mesh' frame=566 nb=40 wext=62.8 rebound=1
  TIER1 rest-coherence: worst=28.9deg bone[29]='bone_L-thumb03.mesh' count(>5deg)=40 freshRecap=0  xcheck(invOff-vs-restW) worst=28.9deg bone[29]
  TIER2 joint-attach(PRIMARY): worst=58.63u bone[5]='bone_R-ringfinger02.mesh' parent[24] R=46.7 exactJoint=0.44u pairs=36  (palette-wide exactWorst=0.94u)
[HANDS_ATTACH] mesh='hands_naked.mesh' owner='hands_naked.mesh' frame=566 nb=38 wext=100.4 rebound=1
  TIER1 rest-coherence: worst=3.1deg bone[2]='bone_R-pinky03.mesh' count(>5deg)=0 freshRecap=0  xcheck(invOff-vs-restW) worst=3.1deg bone[2]
  TIER2 joint-attach(PRIMARY): worst=102.51u bone[11]='bone_R-middlefinger02.mesh' parent[1] R=46.8 exactJoint=0.01u pairs=30  (palette-wide exactWorst=0.34u)
[IK_SHARD_VERT] mesh='hands_naked.mesh' wext=63 worstVtx=176 domBone[7]='bone_R-middlefinger03.mesh' w=1.00 vertR=65.0 vertDevFromCentroid=28 bindVert=(17.3,3.3,16.5)
[HANDS_ATTACH] mesh='fingernails_resource.mesh' owner='fingernails_resource.mesh' frame=567 nb=10 wext=55.6 rebound=1
  TIER1 rest-coherence: worst=177.7deg bone[5]='bone_R-thumb03.mesh' count(>5deg)=10 freshRecap=0  xcheck(invOff-vs-restW) worst=177.7deg bone[5]
  TIER2 joint-attach(PRIMARY): worst=0.00u bone[-1]='?' parent[-1] R=0.0 exactJoint=0.00u pairs=0  (palette-wide exactWorst=0.00u)
[HANDS_ATTACH] mesh='fingernails_resource.mesh' owner='fingernails_resource.mesh' frame=567 nb=10 wext=32.5 rebound=1
  TIER1 rest-coherence: worst=177.5deg bone[9]='bone_L-index03.mesh' count(>5deg)=10 freshRecap=0  xcheck(invOff-vs-restW) worst=177.5deg bone[9]
  TIER2 joint-attach(PRIMARY): worst=0.00u bone[-1]='?' parent[-1] R=0.0 exactJoint=0.00u pairs=0  (palette-wide exactWorst=0.00u)
[HANDS_ATTACH] mesh='fingernails_resource.mesh' owner='fingernails_resource.mesh' frame=567 nb=10 wext=39.0 rebound=1
  TIER1 rest-coherence: worst=178.5deg bone[2]='bone_L-index03.mesh' count(>5deg)=10 freshRecap=0  xcheck(invOff-vs-restW) worst=178.5deg bone[2]
  TIER2 joint-attach(PRIMARY): worst=0.00u bone[-1]='?' parent[-1] R=0.0 exactJoint=0.00u pairs=0  (palette-wide exactWorst=0.00u)
[IK_SHARD_VERT] mesh='hands_naked.mesh' wext=63 worstVtx=1120 domBone[35]='bone_L-pinky-base.mesh' w=0.55 vertR=68.9 vertDevFromCentroid=28 bindVert=(-16.5,-4.0,55.2)
[IK_SHARD_VERT] mesh='gloves_resource.mesh' wext=69 worstVtx=1196 domBone[14]='bone_R-ringfinger03.mesh' w=1.00 vertR=71.5 vertDevFromCentroid=31 bindVert=(17.3,0.5,34.6)
[HANDS_ATTACH] mesh='gloves_resource.1.mesh' owner='gloves_resource.1.mesh' frame=576 nb=4 wext=10.1 rebound=1
  TIER1 rest-coherence: worst=14.6deg bone[1]='bone_L-hand.mesh' count(>5deg)=4 freshRecap=0  xcheck(invOff-vs-restW) worst=14.6deg bone[1]
  TIER2 joint-attach(PRIMARY): worst=21.96u bone[3]='bone_L-index02.mesh' parent[2] R=47.0 exactJoint=0.35u pairs=3  (palette-wide exactWorst=0.37u)
[HANDS_ATTACH] mesh='gloves_resource.mesh' owner='gloves_resource.mesh' frame=576 nb=40 wext=68.7 rebound=1
  TIER1 rest-coherence: worst=28.9deg bone[28]='bone_L-thumb03.mesh' count(>5deg)=40 freshRecap=0  xcheck(invOff-vs-restW) worst=28.9deg bone[28]
  TIER2 joint-attach(PRIMARY): worst=115.10u bone[16]='bone_R-ringfinger02.mesh' parent[19] R=46.7 exactJoint=0.44u pairs=36  (palette-wide exactWorst=0.94u)
[HANDS_ATTACH] mesh='gloves_skin.2.mesh' owner='gloves_skin.2.mesh' frame=576 nb=9 wext=37.5 rebound=1
  TIER1 rest-coherence: worst=17.9deg bone[8]='bone_L-foreTwist2.mesh' count(>5deg)=9 freshRecap=0  xcheck(invOff-vs-restW) worst=17.9deg bone[7]
  TIER2 joint-attach(PRIMARY): worst=0.94u bone[3]='bone_R-pinky-base.mesh' parent[2] R=48.7 exactJoint=0.94u pairs=5  (palette-wide exactWorst=0.94u)
[HANDS_ATTACH] mesh='hands_naked.mesh' owner='hands_naked.mesh' frame=576 nb=38 wext=98.9 rebound=1
  TIER1 rest-coherence: worst=3.1deg bone[2]='bone_R-pinky03.mesh' count(>5deg)=0 freshRecap=0  xcheck(invOff-vs-restW) worst=3.1deg bone[2]
  TIER2 joint-attach(PRIMARY): worst=76.58u bone[17]='bone_R-ringfinger02.mesh' parent[15] R=46.7 exactJoint=0.00u pairs=30  (palette-wide exactWorst=0.01u)
[HANDS_ATTACH] mesh='hands_naked.mesh' owner='hands_naked.mesh' frame=576 nb=40 wext=63.0 rebound=1
  TIER1 rest-coherence: worst=28.9deg bone[29]='bone_L-thumb03.mesh' count(>5deg)=40 freshRecap=0  xcheck(invOff-vs-restW) worst=28.9deg bone[29]
  TIER2 joint-attach(PRIMARY): worst=58.63u bone[5]='bone_R-ringfinger02.mesh' parent[24] R=46.7 exactJoint=0.44u pairs=36  (palette-wide exactWorst=0.94u)
[HANDS_ATTACH] mesh='hands_naked.mesh' owner='hands_naked.mesh' frame=576 nb=38 wext=99.9 rebound=1
  TIER1 rest-coherence: worst=3.1deg bone[2]='bone_R-pinky03.mesh' count(>5deg)=0 freshRecap=0  xcheck(invOff-vs-restW) worst=3.1deg bone[2]
  TIER2 joint-attach(PRIMARY): worst=102.51u bone[11]='bone_R-middlefinger02.mesh' parent[1] R=46.8 exactJoint=0.01u pairs=30  (palette-wide exactWorst=0.34u)
[IK_SHARD_VERT] mesh='hands_naked.mesh' wext=63 worstVtx=1120 domBone[35]='bone_L-pinky-base.mesh' w=0.55 vertR=68.9 vertDevFromCentroid=28 bindVert=(-16.5,-4.0,55.2)
[IK_SHARD_VERT] mesh='hands_naked.mesh' wext=63 worstVtx=1120 domBone[35]='bone_L-pinky-base.mesh' w=0.55 vertR=68.9 vertDevFromCentroid=28 bindVert=(-16.5,-4.0,55.2)
[HANDS_ATTACH] mesh='gloves_resource.1.mesh' owner='gloves_resource.1.mesh' frame=586 nb=4 wext=10.1 rebound=1
  TIER1 rest-coherence: worst=14.6deg bone[1]='bone_L-hand.mesh' count(>5deg)=4 freshRecap=0  xcheck(invOff-vs-restW) worst=14.6deg bone[1]
  TIER2 joint-attach(PRIMARY): worst=21.96u bone[3]='bone_L-index02.mesh' parent[2] R=47.0 exactJoint=0.35u pairs=3  (palette-wide exactWorst=0.37u)
[HANDS_ATTACH] mesh='gloves_resource.mesh' owner='gloves_resource.mesh' frame=586 nb=40 wext=68.7 rebound=1
  TIER1 rest-coherence: worst=28.9deg bone[28]='bone_L-thumb03.mesh' count(>5deg)=40 freshRecap=0  xcheck(invOff-vs-restW) worst=28.9deg bone[28]
  TIER2 joint-attach(PRIMARY): worst=115.10u bone[16]='bone_R-ringfinger02.mesh' parent[19] R=46.7 exactJoint=0.44u pairs=36  (palette-wide exactWorst=0.94u)
[HANDS_ATTACH] mesh='gloves_skin.2.mesh' owner='gloves_skin.2.mesh' frame=586 nb=9 wext=37.5 rebound=1
  TIER1 rest-coherence: worst=17.9deg bone[8]='bone_L-foreTwist2.mesh' count(>5deg)=9 freshRecap=0  xcheck(invOff-vs-restW) worst=17.9deg bone[7]
  TIER2 joint-attach(PRIMARY): worst=0.94u bone[3]='bone_R-pinky-base.mesh' parent[2] R=48.7 exactJoint=0.94u pairs=5  (palette-wide exactWorst=0.94u)
[HANDS_ATTACH] mesh='hands_naked.mesh' owner='hands_naked.mesh' frame=586 nb=38 wext=99.0 rebound=1
  TIER1 rest-coherence: worst=3.1deg bone[2]='bone_R-pinky03.mesh' count(>5deg)=0 freshRecap=0  xcheck(invOff-vs-restW) worst=3.1deg bone[2]
  TIER2 joint-attach(PRIMARY): worst=76.58u bone[17]='bone_R-ringfinger02.mesh' parent[15] R=46.7 exactJoint=0.00u pairs=30  (palette-wide exactWorst=0.02u)
[HANDS_ATTACH] mesh='hands_naked.mesh' owner='hands_naked.mesh' frame=586 nb=40 wext=63.3 rebound=1
  TIER1 rest-coherence: worst=28.9deg bone[29]='bone_L-thumb03.mesh' count(>5deg)=40 freshRecap=0  xcheck(invOff-vs-restW) worst=28.9deg bone[29]
  TIER2 joint-attach(PRIMARY): worst=58.63u bone[5]='bone_R-ringfinger02.mesh' parent[24] R=46.7 exactJoint=0.44u pairs=36  (palette-wide exactWorst=0.94u)
[HANDS_ATTACH] mesh='hands_naked.mesh' owner='hands_naked.mesh' frame=586 nb=38 wext=99.7 rebound=1
  TIER1 rest-coherence: worst=3.1deg bone[2]='bone_R-pinky03.mesh' count(>5deg)=0 freshRecap=0  xcheck(invOff-vs-restW) worst=3.1deg bone[2]
  TIER2 joint-attach(PRIMARY): worst=102.51u bone[11]='bone_R-middlefinger02.mesh' parent[1] R=46.8 exactJoint=0.01u pairs=30  (palette-wide exactWorst=0.34u)
[IK_SHARD_VERT] mesh='hands_naked.mesh' wext=63 worstVtx=1120 domBone[35]='bone_L-pinky-base.mesh' w=0.55 vertR=68.9 vertDevFromCentroid=28 bindVert=(-16.5,-4.0,55.2)
[HANDS_ATTACH] mesh='fingernails_resource.mesh' owner='fingernails_resource.mesh' frame=587 nb=10 wext=54.4 rebound=1
  TIER1 rest-coherence: worst=177.7deg bone[5]='bone_R-thumb03.mesh' count(>5deg)=10 freshRecap=0  xcheck(invOff-vs-restW) worst=177.7deg bone[5]
  TIER2 joint-attach(PRIMARY): worst=0.00u bone[-1]='?' parent[-1] R=0.0 exactJoint=0.00u pairs=0  (palette-wide exactWorst=0.00u)
[HANDS_ATTACH] mesh='fingernails_resource.mesh' owner='fingernails_resource.mesh' frame=587 nb=10 wext=33.1 rebound=1
  TIER1 rest-coherence: worst=177.5deg bone[9]='bone_L-index03.mesh' count(>5deg)=10 freshRecap=0  xcheck(invOff-vs-restW) worst=177.5deg bone[9]
  TIER2 joint-attach(PRIMARY): worst=0.00u bone[-1]='?' parent[-1] R=0.0 exactJoint=0.00u pairs=0  (palette-wide exactWorst=0.00u)
[HANDS_ATTACH] mesh='fingernails_resource.mesh' owner='fingernails_resource.mesh' frame=587 nb=10 wext=39.1 rebound=1
  TIER1 rest-coherence: worst=178.5deg bone[2]='bone_L-index03.mesh' count(>5deg)=10 freshRecap=0  xcheck(invOff-vs-restW) worst=178.5deg bone[2]
  TIER2 joint-attach(PRIMARY): worst=0.00u bone[-1]='?' parent[-1] R=0.0 exactJoint=0.00u pairs=0  (palette-wide exactWorst=0.00u)
[IK_SHARD_VERT] mesh='gloves_resource.mesh' wext=69 worstVtx=1196 domBone[14]='bone_R-ringfinger03.mesh' w=1.00 vertR=71.5 vertDevFromCentroid=31 bindVert=(17.3,0.5,34.6)
[IK_SHARD_VERT] mesh='scrollbar_bg.mesh' wext=324 worstVtx=10 domBone[1]='scrollbar_bg_bone_bottom.mesh' w=1.00 vertR=5.7 vertDevFromCentroid=632 bindVert=(-5.7,0.0,-40.0)
[IK_SHARD_VERT] mesh='hands_naked.mesh' wext=63 worstVtx=1120 domBone[35]='bone_L-pinky-base.mesh' w=0.55 vertR=68.9 vertDevFromCentroid=28 bindVert=(-16.5,-4.0,55.2)
[HANDS_ATTACH] mesh='gloves_resource.1.mesh' owner='gloves_resource.1.mesh' frame=596 nb=4 wext=10.1 rebound=1
  TIER1 rest-coherence: worst=14.6deg bone[1]='bone_L-hand.mesh' count(>5deg)=4 freshRecap=0  xcheck(invOff-vs-restW) worst=14.6deg bone[1]
  TIER2 joint-attach(PRIMARY): worst=21.96u bone[3]='bone_L-index02.mesh' parent[2] R=47.0 exactJoint=0.35u pairs=3  (palette-wide exactWorst=0.37u)
[HANDS_ATTACH] mesh='gloves_resource.mesh' owner='gloves_resource.mesh' frame=596 nb=40 wext=68.7 rebound=1
  TIER1 rest-coherence: worst=28.9deg bone[28]='bone_L-thumb03.mesh' count(>5deg)=40 freshRecap=0  xcheck(invOff-vs-restW) worst=28.9deg bone[28]
  TIER2 joint-attach(PRIMARY): worst=115.10u bone[16]='bone_R-ringfinger02.mesh' parent[19] R=46.7 exactJoint=0.44u pairs=36  (palette-wide exactWorst=0.94u)
[HANDS_ATTACH] mesh='gloves_skin.2.mesh' owner='gloves_skin.2.mesh' frame=596 nb=9 wext=37.5 rebound=1
  TIER1 rest-coherence: worst=17.9deg bone[8]='bone_L-foreTwist2.mesh' count(>5deg)=9 freshRecap=0  xcheck(invOff-vs-restW) worst=17.9deg bone[7]
  TIER2 joint-attach(PRIMARY): worst=0.94u bone[3]='bone_R-pinky-base.mesh' parent[2] R=48.7 exactJoint=0.94u pairs=5  (palette-wide exactWorst=0.94u)
[HANDS_ATTACH] mesh='hands_naked.mesh' owner='hands_naked.mesh' frame=596 nb=38 wext=99.2 rebound=1
  TIER1 rest-coherence: worst=3.1deg bone[2]='bone_R-pinky03.mesh' count(>5deg)=0 freshRecap=0  xcheck(invOff-vs-restW) worst=3.1deg bone[2]
  TIER2 joint-attach(PRIMARY): worst=76.58u bone[17]='bone_R-ringfinger02.mesh' parent[15] R=46.7 exactJoint=0.00u pairs=30  (palette-wide exactWorst=0.01u)
[HANDS_ATTACH] mesh='hands_naked.mesh' owner='hands_naked.mesh' frame=596 nb=40 wext=63.6 rebound=1
  TIER1 rest-coherence: worst=28.9deg bone[29]='bone_L-thumb03.mesh' count(>5deg)=40 freshRecap=0  xcheck(invOff-vs-restW) worst=28.9deg bone[29]
  TIER2 joint-attach(PRIMARY): worst=58.63u bone[5]='bone_R-ringfinger02.mesh' parent[24] R=46.7 exactJoint=0.44u pairs=36  (palette-wide exactWorst=0.94u)
[HANDS_ATTACH] mesh='hands_naked.mesh' owner='hands_naked.mesh' frame=596 nb=38 wext=99.6 rebound=1
  TIER1 rest-coherence: worst=3.1deg bone[2]='bone_R-pinky03.mesh' count(>5deg)=0 freshRecap=0  xcheck(invOff-vs-restW) worst=3.1deg bone[2]
  TIER2 joint-attach(PRIMARY): worst=102.51u bone[11]='bone_R-middlefinger02.mesh' parent[1] R=46.8 exactJoint=0.01u pairs=30  (palette-wide exactWorst=0.34u)
[IK_SHARD_VERT] mesh='hands_naked.mesh' wext=64 worstVtx=176 domBone[7]='bone_R-middlefinger03.mesh' w=1.00 vertR=65.0 vertDevFromCentroid=28 bindVert=(17.3,3.3,16.5)
[IK_SHARD_VERT] mesh='hands_naked.mesh' wext=64 worstVtx=176 domBone[7]='bone_R-middlefinger03.mesh' w=1.00 vertR=65.0 vertDevFromCentroid=28 bindVert=(17.3,3.3,16.5)
[IK_SHARD_VERT] mesh='gloves_resource.mesh' wext=69 worstVtx=1196 domBone[14]='bone_R-ringfinger03.mesh' w=1.00 vertR=71.5 vertDevFromCentroid=31 bindVert=(17.3,0.5,34.6)
[HANDS_ATTACH] mesh='gloves_resource.1.mesh' owner='gloves_resource.1.mesh' frame=606 nb=4 wext=10.1 rebound=1
  TIER1 rest-coherence: worst=14.6deg bone[1]='bone_L-hand.mesh' count(>5deg)=4 freshRecap=0  xcheck(invOff-vs-restW) worst=14.6deg bone[1]
  TIER2 joint-attach(PRIMARY): worst=21.96u bone[3]='bone_L-index02.mesh' parent[2] R=47.0 exactJoint=0.35u pairs=3  (palette-wide exactWorst=0.37u)
[HANDS_ATTACH] mesh='gloves_resource.mesh' owner='gloves_resource.mesh' frame=606 nb=40 wext=68.7 rebound=1
  TIER1 rest-coherence: worst=28.9deg bone[28]='bone_L-thumb03.mesh' count(>5deg)=40 freshRecap=0  xcheck(invOff-vs-restW) worst=28.9deg bone[28]
  TIER2 joint-attach(PRIMARY): worst=115.10u bone[16]='bone_R-ringfinger02.mesh' parent[19] R=46.7 exactJoint=0.44u pairs=36  (palette-wide exactWorst=0.94u)
[HANDS_ATTACH] mesh='gloves_skin.2.mesh' owner='gloves_skin.2.mesh' frame=606 nb=9 wext=37.5 rebound=1
  TIER1 rest-coherence: worst=17.9deg bone[8]='bone_L-foreTwist2.mesh' count(>5deg)=9 freshRecap=0  xcheck(invOff-vs-restW) worst=17.9deg bone[7]
  TIER2 joint-attach(PRIMARY): worst=0.94u bone[3]='bone_R-pinky-base.mesh' parent[2] R=48.7 exactJoint=0.94u pairs=5  (palette-wide exactWorst=0.94u)
[HANDS_ATTACH] mesh='hands_naked.mesh' owner='hands_naked.mesh' frame=606 nb=38 wext=99.3 rebound=1
  TIER1 rest-coherence: worst=3.1deg bone[2]='bone_R-pinky03.mesh' count(>5deg)=0 freshRecap=0  xcheck(invOff-vs-restW) worst=3.1deg bone[2]
  TIER2 joint-attach(PRIMARY): worst=76.58u bone[17]='bone_R-ringfinger02.mesh' parent[15] R=46.7 exactJoint=0.00u pairs=30  (palette-wide exactWorst=0.01u)
[HANDS_ATTACH] mesh='hands_naked.mesh' owner='hands_naked.mesh' frame=606 nb=40 wext=63.8 rebound=1
  TIER1 rest-coherence: worst=28.9deg bone[29]='bone_L-thumb03.mesh' count(>5deg)=40 freshRecap=0  xcheck(invOff-vs-restW) worst=28.9deg bone[29]
  TIER2 joint-attach(PRIMARY): worst=58.63u bone[5]='bone_R-ringfinger02.mesh' parent[24] R=46.7 exactJoint=0.44u pairs=36  (palette-wide exactWorst=0.94u)
[HANDS_ATTACH] mesh='hands_naked.mesh' owner='hands_naked.mesh' frame=606 nb=38 wext=99.1 rebound=1
  TIER1 rest-coherence: worst=3.1deg bone[2]='bone_R-pinky03.mesh' count(>5deg)=0 freshRecap=0  xcheck(invOff-vs-restW) worst=3.1deg bone[2]
  TIER2 joint-attach(PRIMARY): worst=102.51u bone[11]='bone_R-middlefinger02.mesh' parent[1] R=46.8 exactJoint=0.01u pairs=30  (palette-wide exactWorst=0.34u)
[IK_SHARD_VERT] mesh='hands_naked.mesh' wext=64 worstVtx=176 domBone[7]='bone_R-middlefinger03.mesh' w=1.00 vertR=65.0 vertDevFromCentroid=28 bindVert=(17.3,3.3,16.5)
[HANDS_ATTACH] mesh='fingernails_resource.mesh' owner='fingernails_resource.mesh' frame=607 nb=10 wext=53.7 rebound=1
  TIER1 rest-coherence: worst=177.7deg bone[5]='bone_R-thumb03.mesh' count(>5deg)=10 freshRecap=0  xcheck(invOff-vs-restW) worst=177.7deg bone[5]
  TIER2 joint-attach(PRIMARY): worst=0.00u bone[-1]='?' parent[-1] R=0.0 exactJoint=0.00u pairs=0  (palette-wide exactWorst=0.00u)
[HANDS_ATTACH] mesh='fingernails_resource.mesh' owner='fingernails_resource.mesh' frame=607 nb=10 wext=32.8 rebound=1
  TIER1 rest-coherence: worst=177.5deg bone[9]='bone_L-index03.mesh' count(>5deg)=10 freshRecap=0  xcheck(invOff-vs-restW) worst=177.5deg bone[9]
  TIER2 joint-attach(PRIMARY): worst=0.00u bone[-1]='?' parent[-1] R=0.0 exactJoint=0.00u pairs=0  (palette-wide exactWorst=0.00u)
[HANDS_ATTACH] mesh='fingernails_resource.mesh' owner='fingernails_resource.mesh' frame=607 nb=10 wext=39.1 rebound=1
  TIER1 rest-coherence: worst=178.5deg bone[2]='bone_L-index03.mesh' count(>5deg)=10 freshRecap=0  xcheck(invOff-vs-restW) worst=178.5deg bone[2]
  TIER2 joint-attach(PRIMARY): worst=0.00u bone[-1]='?' parent[-1] R=0.0 exactJoint=0.00u pairs=0  (palette-wide exactWorst=0.00u)
[IK_SHARD_VERT] mesh='hands_naked.mesh' wext=64 worstVtx=176 domBone[7]='bone_R-middlefinger03.mesh' w=1.00 vertR=65.0 vertDevFromCentroid=28 bindVert=(17.3,3.3,16.5)
[HANDS_ATTACH] mesh='gloves_resource.1.mesh' owner='gloves_resource.1.mesh' frame=616 nb=4 wext=10.1 rebound=1
  TIER1 rest-coherence: worst=14.6deg bone[1]='bone_L-hand.mesh' count(>5deg)=4 freshRecap=0  xcheck(invOff-vs-restW) worst=14.6deg bone[1]
  TIER2 joint-attach(PRIMARY): worst=21.96u bone[3]='bone_L-index02.mesh' parent[2] R=47.0 exactJoint=0.35u pairs=3  (palette-wide exactWorst=0.37u)
[HANDS_ATTACH] mesh='gloves_resource.mesh' owner='gloves_resource.mesh' frame=616 nb=40 wext=68.7 rebound=1
  TIER1 rest-coherence: worst=28.9deg bone[28]='bone_L-thumb03.mesh' count(>5deg)=40 freshRecap=0  xcheck(invOff-vs-restW) worst=28.9deg bone[28]
  TIER2 joint-attach(PRIMARY): worst=115.10u bone[16]='bone_R-ringfinger02.mesh' parent[19] R=46.7 exactJoint=0.44u pairs=36  (palette-wide exactWorst=0.94u)
[HANDS_ATTACH] mesh='gloves_skin.2.mesh' owner='gloves_skin.2.mesh' frame=616 nb=9 wext=37.4 rebound=1
  TIER1 rest-coherence: worst=17.9deg bone[8]='bone_L-foreTwist2.mesh' count(>5deg)=9 freshRecap=0  xcheck(invOff-vs-restW) worst=17.9deg bone[7]
  TIER2 joint-attach(PRIMARY): worst=0.94u bone[3]='bone_R-pinky-base.mesh' parent[2] R=48.7 exactJoint=0.94u pairs=5  (palette-wide exactWorst=0.94u)
[HANDS_ATTACH] mesh='hands_naked.mesh' owner='hands_naked.mesh' frame=616 nb=38 wext=99.3 rebound=1
  TIER1 rest-coherence: worst=3.1deg bone[2]='bone_R-pinky03.mesh' count(>5deg)=0 freshRecap=0  xcheck(invOff-vs-restW) worst=3.1deg bone[2]
  TIER2 joint-attach(PRIMARY): worst=76.58u bone[17]='bone_R-ringfinger02.mesh' parent[15] R=46.7 exactJoint=0.00u pairs=30  (palette-wide exactWorst=0.01u)
[HANDS_ATTACH] mesh='hands_naked.mesh' owner='hands_naked.mesh' frame=616 nb=40 wext=63.8 rebound=1
  TIER1 rest-coherence: worst=28.9deg bone[29]='bone_L-thumb03.mesh' count(>5deg)=40 freshRecap=0  xcheck(invOff-vs-restW) worst=28.9deg bone[29]
  TIER2 joint-attach(PRIMARY): worst=58.63u bone[5]='bone_R-ringfinger02.mesh' parent[24] R=46.7 exactJoint=0.44u pairs=36  (palette-wide exactWorst=0.94u)
[HANDS_ATTACH] mesh='hands_naked.mesh' owner='hands_naked.mesh' frame=616 nb=38 wext=98.7 rebound=1
  TIER1 rest-coherence: worst=3.1deg bone[2]='bone_R-pinky03.mesh' count(>5deg)=0 freshRecap=0  xcheck(invOff-vs-restW) worst=3.1deg bone[2]
  TIER2 joint-attach(PRIMARY): worst=102.51u bone[11]='bone_R-middlefinger02.mesh' parent[1] R=46.8 exactJoint=0.01u pairs=30  (palette-wide exactWorst=0.34u)
[IK_SHARD_VERT] mesh='hands_naked.mesh' wext=64 worstVtx=176 domBone[7]='bone_R-middlefinger03.mesh' w=1.00 vertR=65.0 vertDevFromCentroid=28 bindVert=(17.3,3.3,16.5)
[IK_SHARD_VERT] mesh='gloves_resource.mesh' wext=69 worstVtx=1196 domBone[14]='bone_R-ringfinger03.mesh' w=1.00 vertR=71.5 vertDevFromCentroid=31 bindVert=(17.3,0.5,34.6)
[IK_SHARD_VERT] mesh='scrollbar_bg.mesh' wext=324 worstVtx=10 domBone[1]='scrollbar_bg_bone_bottom.mesh' w=1.00 vertR=5.7 vertDevFromCentroid=632 bindVert=(-5.7,0.0,-40.0)
[IK_SHARD_VERT] mesh='hands_naked.mesh' wext=64 worstVtx=176 domBone[7]='bone_R-middlefinger03.mesh' w=1.00 vertR=65.0 vertDevFromCentroid=28 bindVert=(17.3,3.3,16.5)
[HANDS_ATTACH] mesh='gloves_resource.1.mesh' owner='gloves_resource.1.mesh' frame=626 nb=4 wext=10.1 rebound=1
  TIER1 rest-coherence: worst=14.6deg bone[1]='bone_L-hand.mesh' count(>5deg)=4 freshRecap=0  xcheck(invOff-vs-restW) worst=14.6deg bone[1]
  TIER2 joint-attach(PRIMARY): worst=21.96u bone[3]='bone_L-index02.mesh' parent[2] R=47.0 exactJoint=0.35u pairs=3  (palette-wide exactWorst=0.37u)
[HANDS_ATTACH] mesh='gloves_resource.mesh' owner='gloves_resource.mesh' frame=626 nb=40 wext=68.6 rebound=1
  TIER1 rest-coherence: worst=28.9deg bone[28]='bone_L-thumb03.mesh' count(>5deg)=40 freshRecap=0  xcheck(invOff-vs-restW) worst=28.9deg bone[28]
  TIER2 joint-attach(PRIMARY): worst=115.10u bone[16]='bone_R-ringfinger02.mesh' parent[19] R=46.7 exactJoint=0.44u pairs=36  (palette-wide exactWorst=0.94u)
[HANDS_ATTACH] mesh='gloves_skin.2.mesh' owner='gloves_skin.2.mesh' frame=626 nb=9 wext=37.4 rebound=1
  TIER1 rest-coherence: worst=17.9deg bone[8]='bone_L-foreTwist2.mesh' count(>5deg)=9 freshRecap=0  xcheck(invOff-vs-restW) worst=17.9deg bone[7]
  TIER2 joint-attach(PRIMARY): worst=0.94u bone[3]='bone_R-pinky-base.mesh' parent[2] R=48.7 exactJoint=0.94u pairs=5  (palette-wide exactWorst=0.94u)
[HANDS_ATTACH] mesh='hands_naked.mesh' owner='hands_naked.mesh' frame=626 nb=38 wext=99.4 rebound=1
  TIER1 rest-coherence: worst=3.1deg bone[2]='bone_R-pinky03.mesh' count(>5deg)=0 freshRecap=0  xcheck(invOff-vs-restW) worst=3.1deg bone[2]
  TIER2 joint-attach(PRIMARY): worst=76.58u bone[17]='bone_R-ringfinger02.mesh' parent[15] R=46.7 exactJoint=0.00u pairs=30  (palette-wide exactWorst=0.01u)
[HANDS_ATTACH] mesh='hands_naked.mesh' owner='hands_naked.mesh' frame=626 nb=40 wext=63.7 rebound=1
  TIER1 rest-coherence: worst=28.9deg bone[29]='bone_L-thumb03.mesh' count(>5deg)=40 freshRecap=0  xcheck(invOff-vs-restW) worst=28.9deg bone[29]
  TIER2 joint-attach(PRIMARY): worst=58.63u bone[5]='bone_R-ringfinger02.mesh' parent[24] R=46.7 exactJoint=0.44u pairs=36  (palette-wide exactWorst=0.94u)
[HANDS_ATTACH] mesh='hands_naked.mesh' owner='hands_naked.mesh' frame=626 nb=38 wext=98.5 rebound=1
  TIER1 rest-coherence: worst=3.1deg bone[2]='bone_R-pinky03.mesh' count(>5deg)=0 freshRecap=0  xcheck(invOff-vs-restW) worst=3.1deg bone[2]
  TIER2 joint-attach(PRIMARY): worst=102.51u bone[11]='bone_R-middlefinger02.mesh' parent[1] R=46.8 exactJoint=0.01u pairs=30  (palette-wide exactWorst=0.34u)
[IK_SHARD_VERT] mesh='hands_naked.mesh' wext=64 worstVtx=176 domBone[7]='bone_R-middlefinger03.mesh' w=1.00 vertR=65.0 vertDevFromCentroid=28 bindVert=(17.3,3.3,16.5)
[HANDS_ATTACH] mesh='fingernails_resource.mesh' owner='fingernails_resource.mesh' frame=627 nb=10 wext=53.1 rebound=1
  TIER1 rest-coherence: worst=177.7deg bone[5]='bone_R-thumb03.mesh' count(>5deg)=10 freshRecap=0  xcheck(invOff-vs-restW) worst=177.7deg bone[5]
  TIER2 joint-attach(PRIMARY): worst=0.00u bone[-1]='?' parent[-1] R=0.0 exactJoint=0.00u pairs=0  (palette-wide exactWorst=0.00u)
[HANDS_ATTACH] mesh='fingernails_resource.mesh' owner='fingernails_resource.mesh' frame=627 nb=10 wext=32.5 rebound=1
  TIER1 rest-coherence: worst=177.5deg bone[9]='bone_L-index03.mesh' count(>5deg)=10 freshRecap=0  xcheck(invOff-vs-restW) worst=177.5deg bone[9]
  TIER2 joint-attach(PRIMARY): worst=0.00u bone[-1]='?' parent[-1] R=0.0 exactJoint=0.00u pairs=0  (palette-wide exactWorst=0.00u)
[HANDS_ATTACH] mesh='fingernails_resource.mesh' owner='fingernails_resource.mesh' frame=627 nb=10 wext=39.2 rebound=1
  TIER1 rest-coherence: worst=178.5deg bone[2]='bone_L-index03.mesh' count(>5deg)=10 freshRecap=0  xcheck(invOff-vs-restW) worst=178.5deg bone[2]
  TIER2 joint-attach(PRIMARY): worst=0.00u bone[-1]='?' parent[-1] R=0.0 exactJoint=0.00u pairs=0  (palette-wide exactWorst=0.00u)
[IK_SHARD_VERT] mesh='hands_naked.mesh' wext=64 worstVtx=176 domBone[7]='bone_R-middlefinger03.mesh' w=1.00 vertR=65.0 vertDevFromCentroid=28 bindVert=(17.3,3.3,16.5)
[IK_SHARD_VERT] mesh='gloves_resource.mesh' wext=69 worstVtx=1196 domBone[14]='bone_R-ringfinger03.mesh' w=1.00 vertR=71.5 vertDevFromCentroid=31 bindVert=(17.3,0.5,34.6)
[HANDS_ATTACH] mesh='gloves_resource.1.mesh' owner='gloves_resource.1.mesh' frame=636 nb=4 wext=10.1 rebound=1
  TIER1 rest-coherence: worst=14.6deg bone[1]='bone_L-hand.mesh' count(>5deg)=4 freshRecap=0  xcheck(invOff-vs-restW) worst=14.6deg bone[1]
  TIER2 joint-attach(PRIMARY): worst=21.96u bone[3]='bone_L-index02.mesh' parent[2] R=47.0 exactJoint=0.35u pairs=3  (palette-wide exactWorst=0.37u)
[HANDS_ATTACH] mesh='gloves_resource.mesh' owner='gloves_resource.mesh' frame=636 nb=40 wext=68.6 rebound=1
  TIER1 rest-coherence: worst=28.9deg bone[28]='bone_L-thumb03.mesh' count(>5deg)=40 freshRecap=0  xcheck(invOff-vs-restW) worst=28.9deg bone[28]
  TIER2 joint-attach(PRIMARY): worst=115.10u bone[16]='bone_R-ringfinger02.mesh' parent[19] R=46.7 exactJoint=0.44u pairs=36  (palette-wide exactWorst=0.94u)
[HANDS_ATTACH] mesh='gloves_skin.2.mesh' owner='gloves_skin.2.mesh' frame=636 nb=9 wext=37.4 rebound=1
  TIER1 rest-coherence: worst=17.9deg bone[8]='bone_L-foreTwist2.mesh' count(>5deg)=9 freshRecap=0  xcheck(invOff-vs-restW) worst=17.9deg bone[7]
  TIER2 joint-attach(PRIMARY): worst=0.94u bone[3]='bone_R-pinky-base.mesh' parent[2] R=48.7 exactJoint=0.94u pairs=5  (palette-wide exactWorst=0.94u)
[HANDS_ATTACH] mesh='hands_naked.mesh' owner='hands_naked.mesh' frame=636 nb=38 wext=99.5 rebound=1
  TIER1 rest-coherence: worst=3.1deg bone[2]='bone_R-pinky03.mesh' count(>5deg)=0 freshRecap=0  xcheck(invOff-vs-restW) worst=3.1deg bone[2]
  TIER2 joint-attach(PRIMARY): worst=76.58u bone[17]='bone_R-ringfinger02.mesh' parent[15] R=46.7 exactJoint=0.00u pairs=30  (palette-wide exactWorst=0.02u)
[HANDS_ATTACH] mesh='hands_naked.mesh' owner='hands_naked.mesh' frame=636 nb=40 wext=63.4 rebound=1
  TIER1 rest-coherence: worst=28.9deg bone[29]='bone_L-thumb03.mesh' count(>5deg)=40 freshRecap=0  xcheck(invOff-vs-restW) worst=28.9deg bone[29]
  TIER2 joint-attach(PRIMARY): worst=58.63u bone[5]='bone_R-ringfinger02.mesh' parent[24] R=46.7 exactJoint=0.44u pairs=36  (palette-wide exactWorst=0.94u)
[HANDS_ATTACH] mesh='hands_naked.mesh' owner='hands_naked.mesh' frame=636 nb=38 wext=98.4 rebound=1
  TIER1 rest-coherence: worst=3.1deg bone[2]='bone_R-pinky03.mesh' count(>5deg)=0 freshRecap=0  xcheck(invOff-vs-restW) worst=3.1deg bone[2]
  TIER2 joint-attach(PRIMARY): worst=102.51u bone[11]='bone_R-middlefinger02.mesh' parent[1] R=46.8 exactJoint=0.01u pairs=30  (palette-wide exactWorst=0.34u)
[IK_SHARD_VERT] mesh='hands_naked.mesh' wext=63 worstVtx=176 domBone[7]='bone_R-middlefinger03.mesh' w=1.00 vertR=65.0 vertDevFromCentroid=28 bindVert=(17.3,3.3,16.5)
[IK_SHARD_VERT] mesh='hands_naked.mesh' wext=63 worstVtx=176 domBone[7]='bone_R-middlefinger03.mesh' w=1.00 vertR=65.0 vertDevFromCentroid=28 bindVert=(17.3,3.3,16.5)
[HANDS_ATTACH] mesh='gloves_resource.1.mesh' owner='gloves_resource.1.mesh' frame=646 nb=4 wext=10.1 rebound=1
  TIER1 rest-coherence: worst=14.6deg bone[1]='bone_L-hand.mesh' count(>5deg)=4 freshRecap=0  xcheck(invOff-vs-restW) worst=14.6deg bone[1]
  TIER2 joint-attach(PRIMARY): worst=21.96u bone[3]='bone_L-index02.mesh' parent[2] R=47.0 exactJoint=0.35u pairs=3  (palette-wide exactWorst=0.37u)
[HANDS_ATTACH] mesh='gloves_resource.mesh' owner='gloves_resource.mesh' frame=646 nb=40 wext=68.6 rebound=1
  TIER1 rest-coherence: worst=28.9deg bone[28]='bone_L-thumb03.mesh' count(>5deg)=40 freshRecap=0  xcheck(invOff-vs-restW) worst=28.9deg bone[28]
  TIER2 joint-attach(PRIMARY): worst=115.10u bone[16]='bone_R-ringfinger02.mesh' parent[19] R=46.7 exactJoint=0.44u pairs=36  (palette-wide exactWorst=0.94u)
[HANDS_ATTACH] mesh='gloves_skin.2.mesh' owner='gloves_skin.2.mesh' frame=646 nb=9 wext=37.4 rebound=1
  TIER1 rest-coherence: worst=17.9deg bone[8]='bone_L-foreTwist2.mesh' count(>5deg)=9 freshRecap=0  xcheck(invOff-vs-restW) worst=17.9deg bone[7]
  TIER2 joint-attach(PRIMARY): worst=0.94u bone[3]='bone_R-pinky-base.mesh' parent[2] R=48.7 exactJoint=0.94u pairs=5  (palette-wide exactWorst=0.94u)
[HANDS_ATTACH] mesh='hands_naked.mesh' owner='hands_naked.mesh' frame=646 nb=38 wext=99.7 rebound=1
  TIER1 rest-coherence: worst=3.1deg bone[2]='bone_R-pinky03.mesh' count(>5deg)=0 freshRecap=0  xcheck(invOff-vs-restW) worst=3.1deg bone[2]
  TIER2 joint-attach(PRIMARY): worst=76.58u bone[17]='bone_R-ringfinger02.mesh' parent[15] R=46.7 exactJoint=0.00u pairs=30  (palette-wide exactWorst=0.01u)
[HANDS_ATTACH] mesh='hands_naked.mesh' owner='hands_naked.mesh' frame=646 nb=40 wext=63.3 rebound=1
  TIER1 rest-coherence: worst=28.9deg bone[29]='bone_L-thumb03.mesh' count(>5deg)=40 freshRecap=0  xcheck(invOff-vs-restW) worst=28.9deg bone[29]
  TIER2 joint-attach(PRIMARY): worst=58.63u bone[5]='bone_R-ringfinger02.mesh' parent[24] R=46.7 exactJoint=0.44u pairs=36  (palette-wide exactWorst=0.94u)
[HANDS_ATTACH] mesh='hands_naked.mesh' owner='hands_naked.mesh' frame=646 nb=38 wext=98.3 rebound=1
  TIER1 rest-coherence: worst=3.1deg bone[2]='bone_R-pinky03.mesh' count(>5deg)=0 freshRecap=0  xcheck(invOff-vs-restW) worst=3.1deg bone[2]
  TIER2 joint-attach(PRIMARY): worst=102.51u bone[11]='bone_R-middlefinger02.mesh' parent[1] R=46.8 exactJoint=0.01u pairs=30  (palette-wide exactWorst=0.34u)
[IK_SHARD_VERT] mesh='hands_naked.mesh' wext=63 worstVtx=176 domBone[7]='bone_R-middlefinger03.mesh' w=1.00 vertR=65.0 vertDevFromCentroid=28 bindVert=(17.3,3.3,16.5)
[HANDS_ATTACH] mesh='fingernails_resource.mesh' owner='fingernails_resource.mesh' frame=647 nb=10 wext=53.1 rebound=1
  TIER1 rest-coherence: worst=177.7deg bone[5]='bone_R-thumb03.mesh' count(>5deg)=10 freshRecap=0  xcheck(invOff-vs-restW) worst=177.7deg bone[5]
  TIER2 joint-attach(PRIMARY): worst=0.00u bone[-1]='?' parent[-1] R=0.0 exactJoint=0.00u pairs=0  (palette-wide exactWorst=0.00u)
[HANDS_ATTACH] mesh='fingernails_resource.mesh' owner='fingernails_resource.mesh' frame=647 nb=10 wext=31.8 rebound=1
  TIER1 rest-coherence: worst=177.5deg bone[9]='bone_L-index03.mesh' count(>5deg)=10 freshRecap=0  xcheck(invOff-vs-restW) worst=177.5deg bone[9]
  TIER2 joint-attach(PRIMARY): worst=0.00u bone[-1]='?' parent[-1] R=0.0 exactJoint=0.00u pairs=0  (palette-wide exactWorst=0.00u)
[HANDS_ATTACH] mesh='fingernails_resource.mesh' owner='fingernails_resource.mesh' frame=647 nb=10 wext=39.2 rebound=1
  TIER1 rest-coherence: worst=178.5deg bone[2]='bone_L-index03.mesh' count(>5deg)=10 freshRecap=0  xcheck(invOff-vs-restW) worst=178.5deg bone[2]
  TIER2 joint-attach(PRIMARY): worst=0.00u bone[-1]='?' parent[-1] R=0.0 exactJoint=0.00u pairs=0  (palette-wide exactWorst=0.00u)
[IK_SHARD_VERT] mesh='gloves_resource.mesh' wext=69 worstVtx=1196 domBone[14]='bone_R-ringfinger03.mesh' w=1.00 vertR=71.5 vertDevFromCentroid=31 bindVert=(17.3,0.5,34.6)
[IK_SHARD_VERT] mesh='scrollbar_bg.mesh' wext=324 worstVtx=10 domBone[1]='scrollbar_bg_bone_bottom.mesh' w=1.00 vertR=5.7 vertDevFromCentroid=632 bindVert=(-5.7,0.0,-40.0)
[IK_SHARD_VERT] mesh='hands_naked.mesh' wext=63 worstVtx=176 domBone[7]='bone_R-middlefinger03.mesh' w=1.00 vertR=65.0 vertDevFromCentroid=28 bindVert=(17.3,3.3,16.5)
[HANDS_ATTACH] mesh='gloves_resource.1.mesh' owner='gloves_resource.1.mesh' frame=656 nb=4 wext=10.1 rebound=1
  TIER1 rest-coherence: worst=14.6deg bone[1]='bone_L-hand.mesh' count(>5deg)=4 freshRecap=0  xcheck(invOff-vs-restW) worst=14.6deg bone[1]
  TIER2 joint-attach(PRIMARY): worst=21.96u bone[3]='bone_L-index02.mesh' parent[2] R=47.0 exactJoint=0.35u pairs=3  (palette-wide exactWorst=0.37u)
[HANDS_ATTACH] mesh='gloves_resource.mesh' owner='gloves_resource.mesh' frame=656 nb=40 wext=68.6 rebound=1
  TIER1 rest-coherence: worst=28.9deg bone[28]='bone_L-thumb03.mesh' count(>5deg)=40 freshRecap=0  xcheck(invOff-vs-restW) worst=28.9deg bone[28]
  TIER2 joint-attach(PRIMARY): worst=115.10u bone[16]='bone_R-ringfinger02.mesh' parent[19] R=46.7 exactJoint=0.44u pairs=36  (palette-wide exactWorst=0.94u)
[HANDS_ATTACH] mesh='gloves_skin.2.mesh' owner='gloves_skin.2.mesh' frame=656 nb=9 wext=37.4 rebound=1
  TIER1 rest-coherence: worst=17.9deg bone[8]='bone_L-foreTwist2.mesh' count(>5deg)=9 freshRecap=0  xcheck(invOff-vs-restW) worst=17.9deg bone[7]
  TIER2 joint-attach(PRIMARY): worst=0.94u bone[3]='bone_R-pinky-base.mesh' parent[2] R=48.7 exactJoint=0.94u pairs=5  (palette-wide exactWorst=0.94u)
[HANDS_ATTACH] mesh='hands_naked.mesh' owner='hands_naked.mesh' frame=656 nb=38 wext=99.9 rebound=1
  TIER1 rest-coherence: worst=3.1deg bone[2]='bone_R-pinky03.mesh' count(>5deg)=0 freshRecap=0  xcheck(invOff-vs-restW) worst=3.1deg bone[2]
  TIER2 joint-attach(PRIMARY): worst=76.58u bone[17]='bone_R-ringfinger02.mesh' parent[15] R=46.7 exactJoint=0.00u pairs=30  (palette-wide exactWorst=0.01u)
[HANDS_ATTACH] mesh='hands_naked.mesh' owner='hands_naked.mesh' frame=656 nb=40 wext=63.1 rebound=1
  TIER1 rest-coherence: worst=28.9deg bone[29]='bone_L-thumb03.mesh' count(>5deg)=40 freshRecap=0  xcheck(invOff-vs-restW) worst=28.9deg bone[29]
  TIER2 joint-attach(PRIMARY): worst=58.63u bone[5]='bone_R-ringfinger02.mesh' parent[24] R=46.7 exactJoint=0.44u pairs=36  (palette-wide exactWorst=0.94u)
[HANDS_ATTACH] mesh='hands_naked.mesh' owner='hands_naked.mesh' frame=656 nb=38 wext=98.2 rebound=1
  TIER1 rest-coherence: worst=3.1deg bone[2]='bone_R-pinky03.mesh' count(>5deg)=0 freshRecap=0  xcheck(invOff-vs-restW) worst=3.1deg bone[2]
  TIER2 joint-attach(PRIMARY): worst=102.51u bone[11]='bone_R-middlefinger02.mesh' parent[1] R=46.8 exactJoint=0.01u pairs=30  (palette-wide exactWorst=0.34u)
[IK_SHARD_VERT] mesh='hands_naked.mesh' wext=63 worstVtx=176 domBone[7]='bone_R-middlefinger03.mesh' w=1.00 vertR=65.0 vertDevFromCentroid=28 bindVert=(17.3,3.3,16.5)
[IK_SHARD_VERT] mesh='hands_naked.mesh' wext=63 worstVtx=176 domBone[7]='bone_R-middlefinger03.mesh' w=1.00 vertR=65.0 vertDevFromCentroid=28 bindVert=(17.3,3.3,16.5)
[IK_SHARD_VERT] mesh='gloves_resource.mesh' wext=69 worstVtx=1196 domBone[14]='bone_R-ringfinger03.mesh' w=1.00 vertR=71.5 vertDevFromCentroid=31 bindVert=(17.3,0.5,34.6)
[HANDS_ATTACH] mesh='gloves_resource.1.mesh' owner='gloves_resource.1.mesh' frame=666 nb=4 wext=10.1 rebound=1
  TIER1 rest-coherence: worst=14.6deg bone[1]='bone_L-hand.mesh' count(>5deg)=4 freshRecap=0  xcheck(invOff-vs-restW) worst=14.6deg bone[1]
  TIER2 joint-attach(PRIMARY): worst=21.96u bone[3]='bone_L-index02.mesh' parent[2] R=47.0 exactJoint=0.35u pairs=3  (palette-wide exactWorst=0.37u)
[HANDS_ATTACH] mesh='gloves_resource.mesh' owner='gloves_resource.mesh' frame=666 nb=40 wext=68.6 rebound=1
  TIER1 rest-coherence: worst=28.9deg bone[28]='bone_L-thumb03.mesh' count(>5deg)=40 freshRecap=0  xcheck(invOff-vs-restW) worst=28.9deg bone[28]
  TIER2 joint-attach(PRIMARY): worst=115.10u bone[16]='bone_R-ringfinger02.mesh' parent[19] R=46.7 exactJoint=0.44u pairs=36  (palette-wide exactWorst=0.94u)
[HANDS_ATTACH] mesh='gloves_skin.2.mesh' owner='gloves_skin.2.mesh' frame=666 nb=9 wext=37.4 rebound=1
  TIER1 rest-coherence: worst=17.9deg bone[8]='bone_L-foreTwist2.mesh' count(>5deg)=9 freshRecap=0  xcheck(invOff-vs-restW) worst=17.9deg bone[7]
  TIER2 joint-attach(PRIMARY): worst=0.94u bone[3]='bone_R-pinky-base.mesh' parent[2] R=48.7 exactJoint=0.94u pairs=5  (palette-wide exactWorst=0.94u)
[HANDS_ATTACH] mesh='hands_naked.mesh' owner='hands_naked.mesh' frame=666 nb=38 wext=100.0 rebound=1
  TIER1 rest-coherence: worst=3.1deg bone[2]='bone_R-pinky03.mesh' count(>5deg)=0 freshRecap=0  xcheck(invOff-vs-restW) worst=3.1deg bone[2]
  TIER2 joint-attach(PRIMARY): worst=76.58u bone[17]='bone_R-ringfinger02.mesh' parent[15] R=46.7 exactJoint=0.00u pairs=30  (palette-wide exactWorst=0.02u)
[HANDS_ATTACH] mesh='hands_naked.mesh' owner='hands_naked.mesh' frame=666 nb=40 wext=62.9 rebound=1
  TIER1 rest-coherence: worst=28.9deg bone[29]='bone_L-thumb03.mesh' count(>5deg)=40 freshRecap=0  xcheck(invOff-vs-restW) worst=28.9deg bone[29]
  TIER2 joint-attach(PRIMARY): worst=58.63u bone[5]='bone_R-ringfinger02.mesh' parent[24] R=46.7 exactJoint=0.44u pairs=36  (palette-wide exactWorst=0.94u)
[HANDS_ATTACH] mesh='hands_naked.mesh' owner='hands_naked.mesh' frame=666 nb=38 wext=98.1 rebound=1
  TIER1 rest-coherence: worst=3.1deg bone[2]='bone_R-pinky03.mesh' count(>5deg)=0 freshRecap=0  xcheck(invOff-vs-restW) worst=3.1deg bone[2]
  TIER2 joint-attach(PRIMARY): worst=102.51u bone[11]='bone_R-middlefinger02.mesh' parent[1] R=46.8 exactJoint=0.01u pairs=30  (palette-wide exactWorst=0.34u)
[IK_SHARD_VERT] mesh='hands_naked.mesh' wext=63 worstVtx=176 domBone[7]='bone_R-middlefinger03.mesh' w=1.00 vertR=65.0 vertDevFromCentroid=28 bindVert=(17.3,3.3,16.5)
[HANDS_ATTACH] mesh='fingernails_resource.mesh' owner='fingernails_resource.mesh' frame=667 nb=10 wext=53.0 rebound=1
  TIER1 rest-coherence: worst=177.7deg bone[5]='bone_R-thumb03.mesh' count(>5deg)=10 freshRecap=0  xcheck(invOff-vs-restW) worst=177.7deg bone[5]
  TIER2 joint-attach(PRIMARY): worst=0.00u bone[-1]='?' parent[-1] R=0.0 exactJoint=0.00u pairs=0  (palette-wide exactWorst=0.00u)
[HANDS_ATTACH] mesh='fingernails_resource.mesh' owner='fingernails_resource.mesh' frame=667 nb=10 wext=31.6 rebound=1
  TIER1 rest-coherence: worst=177.5deg bone[9]='bone_L-index03.mesh' count(>5deg)=10 freshRecap=0  xcheck(invOff-vs-restW) worst=177.5deg bone[9]
  TIER2 joint-attach(PRIMARY): worst=0.00u bone[-1]='?' parent[-1] R=0.0 exactJoint=0.00u pairs=0  (palette-wide exactWorst=0.00u)
[HANDS_ATTACH] mesh='fingernails_resource.mesh' owner='fingernails_resource.mesh' frame=667 nb=10 wext=39.4 rebound=1
  TIER1 rest-coherence: worst=178.5deg bone[2]='bone_L-index03.mesh' count(>5deg)=10 freshRecap=0  xcheck(invOff-vs-restW) worst=178.5deg bone[2]
  TIER2 joint-attach(PRIMARY): worst=0.00u bone[-1]='?' parent[-1] R=0.0 exactJoint=0.00u pairs=0  (palette-wide exactWorst=0.00u)
[IK_SHARD_VERT] mesh='hands_naked.mesh' wext=63 worstVtx=176 domBone[7]='bone_R-middlefinger03.mesh' w=1.00 vertR=65.0 vertDevFromCentroid=28 bindVert=(17.3,3.3,16.5)
[HANDS_ATTACH] mesh='gloves_resource.1.mesh' owner='gloves_resource.1.mesh' frame=676 nb=4 wext=10.1 rebound=1
  TIER1 rest-coherence: worst=14.6deg bone[1]='bone_L-hand.mesh' count(>5deg)=4 freshRecap=0  xcheck(invOff-vs-restW) worst=14.6deg bone[1]
  TIER2 joint-attach(PRIMARY): worst=21.96u bone[3]='bone_L-index02.mesh' parent[2] R=47.0 exactJoint=0.35u pairs=3  (palette-wide exactWorst=0.37u)
[HANDS_ATTACH] mesh='gloves_resource.mesh' owner='gloves_resource.mesh' frame=676 nb=40 wext=68.6 rebound=1
  TIER1 rest-coherence: worst=28.9deg bone[28]='bone_L-thumb03.mesh' count(>5deg)=40 freshRecap=0  xcheck(invOff-vs-restW) worst=28.9deg bone[28]
  TIER2 joint-attach(PRIMARY): worst=115.10u bone[16]='bone_R-ringfinger02.mesh' parent[19] R=46.7 exactJoint=0.44u pairs=36  (palette-wide exactWorst=0.94u)
[HANDS_ATTACH] mesh='gloves_skin.2.mesh' owner='gloves_skin.2.mesh' frame=676 nb=9 wext=37.4 rebound=1
  TIER1 rest-coherence: worst=17.9deg bone[8]='bone_L-foreTwist2.mesh' count(>5deg)=9 freshRecap=0  xcheck(invOff-vs-restW) worst=17.9deg bone[7]
  TIER2 joint-attach(PRIMARY): worst=0.94u bone[3]='bone_R-pinky-base.mesh' parent[2] R=48.7 exactJoint=0.94u pairs=5  (palette-wide exactWorst=0.94u)
[HANDS_ATTACH] mesh='hands_naked.mesh' owner='hands_naked.mesh' frame=676 nb=38 wext=100.1 rebound=1
  TIER1 rest-coherence: worst=3.1deg bone[2]='bone_R-pinky03.mesh' count(>5deg)=0 freshRecap=0  xcheck(invOff-vs-restW) worst=3.1deg bone[2]
  TIER2 joint-attach(PRIMARY): worst=76.58u bone[17]='bone_R-ringfinger02.mesh' parent[15] R=46.7 exactJoint=0.00u pairs=30  (palette-wide exactWorst=0.01u)
[HANDS_ATTACH] mesh='hands_naked.mesh' owner='hands_naked.mesh' frame=676 nb=40 wext=62.7 rebound=1
  TIER1 rest-coherence: worst=28.9deg bone[29]='bone_L-thumb03.mesh' count(>5deg)=40 freshRecap=0  xcheck(invOff-vs-restW) worst=28.9deg bone[29]
  TIER2 joint-attach(PRIMARY): worst=58.63u bone[5]='bone_R-ringfinger02.mesh' parent[24] R=46.7 exactJoint=0.44u pairs=36  (palette-wide exactWorst=0.94u)
[HANDS_ATTACH] mesh='hands_naked.mesh' owner='hands_naked.mesh' frame=676 nb=38 wext=98.1 rebound=1
  TIER1 rest-coherence: worst=3.1deg bone[2]='bone_R-pinky03.mesh' count(>5deg)=0 freshRecap=0  xcheck(invOff-vs-restW) worst=3.1deg bone[2]
  TIER2 joint-attach(PRIMARY): worst=102.51u bone[11]='bone_R-middlefinger02.mesh' parent[1] R=46.8 exactJoint=0.01u pairs=30  (palette-wide exactWorst=0.34u)
[IK_SHARD_VERT] mesh='hands_naked.mesh' wext=63 worstVtx=176 domBone[7]='bone_R-middlefinger03.mesh' w=1.00 vertR=65.0 vertDevFromCentroid=28 bindVert=(17.3,3.3,16.5)
[IK_SHARD_VERT] mesh='gloves_resource.mesh' wext=69 worstVtx=1196 domBone[14]='bone_R-ringfinger03.mesh' w=1.00 vertR=71.5 vertDevFromCentroid=31 bindVert=(17.3,0.5,34.6)
[IK_SHARD_VERT] mesh='scrollbar_bg.mesh' wext=324 worstVtx=10 domBone[1]='scrollbar_bg_bone_bottom.mesh' w=1.00 vertR=5.7 vertDevFromCentroid=632 bindVert=(-5.7,0.0,-40.0)
[IK_SHARD_VERT] mesh='hands_naked.mesh' wext=63 worstVtx=176 domBone[7]='bone_R-middlefinger03.mesh' w=1.00 vertR=65.0 vertDevFromCentroid=28 bindVert=(17.3,3.3,16.5)
[HANDS_ATTACH] mesh='gloves_resource.1.mesh' owner='gloves_resource.1.mesh' frame=686 nb=4 wext=10.1 rebound=1
  TIER1 rest-coherence: worst=14.6deg bone[1]='bone_L-hand.mesh' count(>5deg)=4 freshRecap=0  xcheck(invOff-vs-restW) worst=14.6deg bone[1]
  TIER2 joint-attach(PRIMARY): worst=21.96u bone[3]='bone_L-index02.mesh' parent[2] R=47.0 exactJoint=0.35u pairs=3  (palette-wide exactWorst=0.37u)
[HANDS_ATTACH] mesh='gloves_resource.mesh' owner='gloves_resource.mesh' frame=686 nb=40 wext=68.6 rebound=1
  TIER1 rest-coherence: worst=28.9deg bone[28]='bone_L-thumb03.mesh' count(>5deg)=40 freshRecap=0  xcheck(invOff-vs-restW) worst=28.9deg bone[28]
  TIER2 joint-attach(PRIMARY): worst=115.10u bone[16]='bone_R-ringfinger02.mesh' parent[19] R=46.7 exactJoint=0.44u pairs=36  (palette-wide exactWorst=0.94u)
[HANDS_ATTACH] mesh='gloves_skin.2.mesh' owner='gloves_skin.2.mesh' frame=686 nb=9 wext=37.4 rebound=1
  TIER1 rest-coherence: worst=17.9deg bone[8]='bone_L-foreTwist2.mesh' count(>5deg)=9 freshRecap=0  xcheck(invOff-vs-restW) worst=17.9deg bone[7]
  TIER2 joint-attach(PRIMARY): worst=0.94u bone[3]='bone_R-pinky-base.mesh' parent[2] R=48.7 exactJoint=0.94u pairs=5  (palette-wide exactWorst=0.94u)
[HANDS_ATTACH] mesh='hands_naked.mesh' owner='hands_naked.mesh' frame=686 nb=38 wext=100.0 rebound=1
  TIER1 rest-coherence: worst=3.1deg bone[2]='bone_R-pinky03.mesh' count(>5deg)=0 freshRecap=0  xcheck(invOff-vs-restW) worst=3.1deg bone[2]
  TIER2 joint-attach(PRIMARY): worst=76.58u bone[17]='bone_R-ringfinger02.mesh' parent[15] R=46.7 exactJoint=0.00u pairs=30  (palette-wide exactWorst=0.02u)
[HANDS_ATTACH] mesh='hands_naked.mesh' owner='hands_naked.mesh' frame=686 nb=40 wext=62.5 rebound=1
  TIER1 rest-coherence: worst=28.9deg bone[29]='bone_L-thumb03.mesh' count(>5deg)=40 freshRecap=0  xcheck(invOff-vs-restW) worst=28.9deg bone[29]
  TIER2 joint-attach(PRIMARY): worst=58.63u bone[5]='bone_R-ringfinger02.mesh' parent[24] R=46.7 exactJoint=0.44u pairs=36  (palette-wide exactWorst=0.94u)
[HANDS_ATTACH] mesh='hands_naked.mesh' owner='hands_naked.mesh' frame=686 nb=38 wext=98.2 rebound=1
  TIER1 rest-coherence: worst=3.1deg bone[2]='bone_R-pinky03.mesh' count(>5deg)=0 freshRecap=0  xcheck(invOff-vs-restW) worst=3.1deg bone[2]
  TIER2 joint-attach(PRIMARY): worst=102.51u bone[11]='bone_R-middlefinger02.mesh' parent[1] R=46.8 exactJoint=0.01u pairs=30  (palette-wide exactWorst=0.34u)
[IK_SHARD_VERT] mesh='hands_naked.mesh' wext=62 worstVtx=176 domBone[7]='bone_R-middlefinger03.mesh' w=1.00 vertR=65.0 vertDevFromCentroid=28 bindVert=(17.3,3.3,16.5)
[HANDS_ATTACH] mesh='fingernails_resource.mesh' owner='fingernails_resource.mesh' frame=687 nb=10 wext=53.2 rebound=1
  TIER1 rest-coherence: worst=177.7deg bone[5]='bone_R-thumb03.mesh' count(>5deg)=10 freshRecap=0  xcheck(invOff-vs-restW) worst=177.7deg bone[5]
  TIER2 joint-attach(PRIMARY): worst=0.00u bone[-1]='?' parent[-1] R=0.0 exactJoint=0.00u pairs=0  (palette-wide exactWorst=0.00u)
[HANDS_ATTACH] mesh='fingernails_resource.mesh' owner='fingernails_resource.mesh' frame=687 nb=10 wext=31.6 rebound=1
  TIER1 rest-coherence: worst=177.5deg bone[9]='bone_L-index03.mesh' count(>5deg)=10 freshRecap=0  xcheck(invOff-vs-restW) worst=177.5deg bone[9]
  TIER2 joint-attach(PRIMARY): worst=0.00u bone[-1]='?' parent[-1] R=0.0 exactJoint=0.00u pairs=0  (palette-wide exactWorst=0.00u)
[HANDS_ATTACH] mesh='fingernails_resource.mesh' owner='fingernails_resource.mesh' frame=687 nb=10 wext=39.3 rebound=1
  TIER1 rest-coherence: worst=178.5deg bone[2]='bone_L-index03.mesh' count(>5deg)=10 freshRecap=0  xcheck(invOff-vs-restW) worst=178.5deg bone[2]
  TIER2 joint-attach(PRIMARY): worst=0.00u bone[-1]='?' parent[-1] R=0.0 exactJoint=0.00u pairs=0  (palette-wide exactWorst=0.00u)
[IK_SHARD_VERT] mesh='hands_naked.mesh' wext=63 worstVtx=1176 domBone[38]='bone_L-ringfinger01.mesh' w=0.97 vertR=66.6 vertDevFromCentroid=28 bindVert=(-17.3,0.3,53.6)
[IK_SHARD_VERT] mesh='gloves_resource.mesh' wext=69 worstVtx=1196 domBone[14]='bone_R-ringfinger03.mesh' w=1.00 vertR=71.5 vertDevFromCentroid=31 bindVert=(17.3,0.5,34.6)
[HANDS_ATTACH] mesh='gloves_resource.1.mesh' owner='gloves_resource.1.mesh' frame=696 nb=4 wext=10.1 rebound=1
  TIER1 rest-coherence: worst=14.6deg bone[1]='bone_L-hand.mesh' count(>5deg)=4 freshRecap=0  xcheck(invOff-vs-restW) worst=14.6deg bone[1]
  TIER2 joint-attach(PRIMARY): worst=21.96u bone[3]='bone_L-index02.mesh' parent[2] R=47.0 exactJoint=0.35u pairs=3  (palette-wide exactWorst=0.37u)
[HANDS_ATTACH] mesh='gloves_resource.mesh' owner='gloves_resource.mesh' frame=696 nb=40 wext=68.5 rebound=1
  TIER1 rest-coherence: worst=28.9deg bone[28]='bone_L-thumb03.mesh' count(>5deg)=40 freshRecap=0  xcheck(invOff-vs-restW) worst=28.9deg bone[28]
  TIER2 joint-attach(PRIMARY): worst=115.10u bone[16]='bone_R-ringfinger02.mesh' parent[19] R=46.7 exactJoint=0.44u pairs=36  (palette-wide exactWorst=0.94u)
[HANDS_ATTACH] mesh='gloves_skin.2.mesh' owner='gloves_skin.2.mesh' frame=696 nb=9 wext=37.4 rebound=1
  TIER1 rest-coherence: worst=17.9deg bone[8]='bone_L-foreTwist2.mesh' count(>5deg)=9 freshRecap=0  xcheck(invOff-vs-restW) worst=17.9deg bone[7]
  TIER2 joint-attach(PRIMARY): worst=0.94u bone[3]='bone_R-pinky-base.mesh' parent[2] R=48.7 exactJoint=0.94u pairs=5  (palette-wide exactWorst=0.94u)
[HANDS_ATTACH] mesh='hands_naked.mesh' owner='hands_naked.mesh' frame=696 nb=38 wext=99.9 rebound=1
  TIER1 rest-coherence: worst=3.1deg bone[2]='bone_R-pinky03.mesh' count(>5deg)=0 freshRecap=0  xcheck(invOff-vs-restW) worst=3.1deg bone[2]
  TIER2 joint-attach(PRIMARY): worst=76.58u bone[17]='bone_R-ringfinger02.mesh' parent[15] R=46.7 exactJoint=0.00u pairs=30  (palette-wide exactWorst=0.01u)
[HANDS_ATTACH] mesh='hands_naked.mesh' owner='hands_naked.mesh' frame=696 nb=40 wext=62.5 rebound=1
  TIER1 rest-coherence: worst=28.9deg bone[29]='bone_L-thumb03.mesh' count(>5deg)=40 freshRecap=0  xcheck(invOff-vs-restW) worst=28.9deg bone[29]
  TIER2 joint-attach(PRIMARY): worst=58.63u bone[5]='bone_R-ringfinger02.mesh' parent[24] R=46.7 exactJoint=0.44u pairs=36  (palette-wide exactWorst=0.94u)
[HANDS_ATTACH] mesh='hands_naked.mesh' owner='hands_naked.mesh' frame=696 nb=38 wext=98.0 rebound=1
  TIER1 rest-coherence: worst=3.1deg bone[2]='bone_R-pinky03.mesh' count(>5deg)=0 freshRecap=0  xcheck(invOff-vs-restW) worst=3.1deg bone[2]
  TIER2 joint-attach(PRIMARY): worst=102.51u bone[11]='bone_R-middlefinger02.mesh' parent[1] R=46.8 exactJoint=0.01u pairs=30  (palette-wide exactWorst=0.34u)
[IK_SHARD_VERT] mesh='hands_naked.mesh' wext=63 worstVtx=1176 domBone[38]='bone_L-ringfinger01.mesh' w=0.97 vertR=66.6 vertDevFromCentroid=28 bindVert=(-17.3,0.3,53.6)
[IK_SHARD_VERT] mesh='hands_naked.mesh' wext=63 worstVtx=1176 domBone[38]='bone_L-ringfinger01.mesh' w=0.97 vertR=66.6 vertDevFromCentroid=28 bindVert=(-17.3,0.3,53.6)
[HANDS_ATTACH] mesh='gloves_resource.1.mesh' owner='gloves_resource.1.mesh' frame=706 nb=4 wext=10.1 rebound=1
  TIER1 rest-coherence: worst=14.6deg bone[1]='bone_L-hand.mesh' count(>5deg)=4 freshRecap=0  xcheck(invOff-vs-restW) worst=14.6deg bone[1]
  TIER2 joint-attach(PRIMARY): worst=21.96u bone[3]='bone_L-index02.mesh' parent[2] R=47.0 exactJoint=0.35u pairs=3  (palette-wide exactWorst=0.37u)
[HANDS_ATTACH] mesh='gloves_resource.mesh' owner='gloves_resource.mesh' frame=706 nb=40 wext=68.5 rebound=1
  TIER1 rest-coherence: worst=28.9deg bone[28]='bone_L-thumb03.mesh' count(>5deg)=40 freshRecap=0  xcheck(invOff-vs-restW) worst=28.9deg bone[28]
  TIER2 joint-attach(PRIMARY): worst=115.10u bone[16]='bone_R-ringfinger02.mesh' parent[19] R=46.7 exactJoint=0.44u pairs=36  (palette-wide exactWorst=0.94u)
[HANDS_ATTACH] mesh='gloves_skin.2.mesh' owner='gloves_skin.2.mesh' frame=706 nb=9 wext=37.3 rebound=1
  TIER1 rest-coherence: worst=17.9deg bone[8]='bone_L-foreTwist2.mesh' count(>5deg)=9 freshRecap=0  xcheck(invOff-vs-restW) worst=17.9deg bone[7]
  TIER2 joint-attach(PRIMARY): worst=0.94u bone[3]='bone_R-pinky-base.mesh' parent[2] R=48.7 exactJoint=0.94u pairs=5  (palette-wide exactWorst=0.94u)
[HANDS_ATTACH] mesh='hands_naked.mesh' owner='hands_naked.mesh' frame=706 nb=38 wext=99.7 rebound=1
  TIER1 rest-coherence: worst=3.1deg bone[2]='bone_R-pinky03.mesh' count(>5deg)=0 freshRecap=0  xcheck(invOff-vs-restW) worst=3.1deg bone[2]
  TIER2 joint-attach(PRIMARY): worst=76.58u bone[17]='bone_R-ringfinger02.mesh' parent[15] R=46.7 exactJoint=0.00u pairs=30  (palette-wide exactWorst=0.02u)
[HANDS_ATTACH] mesh='hands_naked.mesh' owner='hands_naked.mesh' frame=706 nb=40 wext=62.4 rebound=1
  TIER1 rest-coherence: worst=28.9deg bone[29]='bone_L-thumb03.mesh' count(>5deg)=40 freshRecap=0  xcheck(invOff-vs-restW) worst=28.9deg bone[29]
  TIER2 joint-attach(PRIMARY): worst=58.63u bone[5]='bone_R-ringfinger02.mesh' parent[24] R=46.7 exactJoint=0.44u pairs=36  (palette-wide exactWorst=0.94u)
[HANDS_ATTACH] mesh='hands_naked.mesh' owner='hands_naked.mesh' frame=706 nb=38 wext=97.8 rebound=1
  TIER1 rest-coherence: worst=3.1deg bone[2]='bone_R-pinky03.mesh' count(>5deg)=0 freshRecap=0  xcheck(invOff-vs-restW) worst=3.1deg bone[2]
  TIER2 joint-attach(PRIMARY): worst=102.51u bone[11]='bone_R-middlefinger02.mesh' parent[1] R=46.8 exactJoint=0.01u pairs=30  (palette-wide exactWorst=0.34u)
[IK_SHARD_VERT] mesh='hands_naked.mesh' wext=62 worstVtx=1176 domBone[38]='bone_L-ringfinger01.mesh' w=0.97 vertR=66.6 vertDevFromCentroid=28 bindVert=(-17.3,0.3,53.6)
[HANDS_ATTACH] mesh='fingernails_resource.mesh' owner='fingernails_resource.mesh' frame=707 nb=10 wext=52.8 rebound=1
  TIER1 rest-coherence: worst=177.7deg bone[5]='bone_R-thumb03.mesh' count(>5deg)=10 freshRecap=0  xcheck(invOff-vs-restW) worst=177.7deg bone[5]
  TIER2 joint-attach(PRIMARY): worst=0.00u bone[-1]='?' parent[-1] R=0.0 exactJoint=0.00u pairs=0  (palette-wide exactWorst=0.00u)
[HANDS_ATTACH] mesh='fingernails_resource.mesh' owner='fingernails_resource.mesh' frame=707 nb=10 wext=31.1 rebound=1
  TIER1 rest-coherence: worst=177.5deg bone[9]='bone_L-index03.mesh' count(>5deg)=10 freshRecap=0  xcheck(invOff-vs-restW) worst=177.5deg bone[9]
  TIER2 joint-attach(PRIMARY): worst=0.00u bone[-1]='?' parent[-1] R=0.0 exactJoint=0.00u pairs=0  (palette-wide exactWorst=0.00u)
[HANDS_ATTACH] mesh='fingernails_resource.mesh' owner='fingernails_resource.mesh' frame=707 nb=10 wext=39.2 rebound=1
  TIER1 rest-coherence: worst=178.5deg bone[2]='bone_L-index03.mesh' count(>5deg)=10 freshRecap=0  xcheck(invOff-vs-restW) worst=178.5deg bone[2]
  TIER2 joint-attach(PRIMARY): worst=0.00u bone[-1]='?' parent[-1] R=0.0 exactJoint=0.00u pairs=0  (palette-wide exactWorst=0.00u)
[IK_SHARD_VERT] mesh='gloves_resource.mesh' wext=68 worstVtx=1196 domBone[14]='bone_R-ringfinger03.mesh' w=1.00 vertR=71.5 vertDevFromCentroid=31 bindVert=(17.3,0.5,34.6)
[IK_SHARD_VERT] mesh='scrollbar_bg.mesh' wext=324 worstVtx=10 domBone[1]='scrollbar_bg_bone_bottom.mesh' w=1.00 vertR=5.7 vertDevFromCentroid=632 bindVert=(-5.7,0.0,-40.0)
[IK_SHARD_VERT] mesh='hands_naked.mesh' wext=62 worstVtx=1176 domBone[38]='bone_L-ringfinger01.mesh' w=0.97 vertR=66.6 vertDevFromCentroid=28 bindVert=(-17.3,0.3,53.6)
[HANDS_ATTACH] mesh='gloves_resource.1.mesh' owner='gloves_resource.1.mesh' frame=716 nb=4 wext=10.1 rebound=1
  TIER1 rest-coherence: worst=14.6deg bone[1]='bone_L-hand.mesh' count(>5deg)=4 freshRecap=0  xcheck(invOff-vs-restW) worst=14.6deg bone[1]
  TIER2 joint-attach(PRIMARY): worst=21.96u bone[3]='bone_L-index02.mesh' parent[2] R=47.0 exactJoint=0.35u pairs=3  (palette-wide exactWorst=0.37u)
[HANDS_ATTACH] mesh='gloves_resource.mesh' owner='gloves_resource.mesh' frame=716 nb=40 wext=68.5 rebound=1
  TIER1 rest-coherence: worst=28.9deg bone[28]='bone_L-thumb03.mesh' count(>5deg)=40 freshRecap=0  xcheck(invOff-vs-restW) worst=28.9deg bone[28]
  TIER2 joint-attach(PRIMARY): worst=115.10u bone[16]='bone_R-ringfinger02.mesh' parent[19] R=46.7 exactJoint=0.44u pairs=36  (palette-wide exactWorst=0.94u)
[HANDS_ATTACH] mesh='gloves_skin.2.mesh' owner='gloves_skin.2.mesh' frame=716 nb=9 wext=37.3 rebound=1
  TIER1 rest-coherence: worst=17.9deg bone[8]='bone_L-foreTwist2.mesh' count(>5deg)=9 freshRecap=0  xcheck(invOff-vs-restW) worst=17.9deg bone[7]
  TIER2 joint-attach(PRIMARY): worst=0.94u bone[3]='bone_R-pinky-base.mesh' parent[2] R=48.7 exactJoint=0.94u pairs=5  (palette-wide exactWorst=0.94u)
[HANDS_ATTACH] mesh='hands_naked.mesh' owner='hands_naked.mesh' frame=716 nb=38 wext=99.6 rebound=1
  TIER1 rest-coherence: worst=3.1deg bone[2]='bone_R-pinky03.mesh' count(>5deg)=0 freshRecap=0  xcheck(invOff-vs-restW) worst=3.1deg bone[2]
  TIER2 joint-attach(PRIMARY): worst=76.58u bone[17]='bone_R-ringfinger02.mesh' parent[15] R=46.7 exactJoint=0.00u pairs=30  (palette-wide exactWorst=0.01u)
[HANDS_ATTACH] mesh='hands_naked.mesh' owner='hands_naked.mesh' frame=716 nb=40 wext=62.3 rebound=1
  TIER1 rest-coherence: worst=28.9deg bone[29]='bone_L-thumb03.mesh' count(>5deg)=40 freshRecap=0  xcheck(invOff-vs-restW) worst=28.9deg bone[29]
  TIER2 joint-attach(PRIMARY): worst=58.63u bone[5]='bone_R-ringfinger02.mesh' parent[24] R=46.7 exactJoint=0.44u pairs=36  (palette-wide exactWorst=0.94u)
[HANDS_ATTACH] mesh='hands_naked.mesh' owner='hands_naked.mesh' frame=716 nb=38 wext=97.5 rebound=1
  TIER1 rest-coherence: worst=3.1deg bone[2]='bone_R-pinky03.mesh' count(>5deg)=0 freshRecap=0  xcheck(invOff-vs-restW) worst=3.1deg bone[2]
  TIER2 joint-attach(PRIMARY): worst=102.51u bone[11]='bone_R-middlefinger02.mesh' parent[1] R=46.8 exactJoint=0.01u pairs=30  (palette-wide exactWorst=0.34u)
[IK_SHARD_VERT] mesh='hands_naked.mesh' wext=62 worstVtx=1176 domBone[38]='bone_L-ringfinger01.mesh' w=0.97 vertR=66.6 vertDevFromCentroid=28 bindVert=(-17.3,0.3,53.6)
[IK_SHARD_VERT] mesh='hands_naked.mesh' wext=62 worstVtx=1176 domBone[38]='bone_L-ringfinger01.mesh' w=0.97 vertR=66.6 vertDevFromCentroid=28 bindVert=(-17.3,0.3,53.6)
[IK_SHARD_VERT] mesh='gloves_resource.mesh' wext=68 worstVtx=1196 domBone[14]='bone_R-ringfinger03.mesh' w=1.00 vertR=71.5 vertDevFromCentroid=31 bindVert=(17.3,0.5,34.6)
[HANDS_ATTACH] mesh='gloves_resource.1.mesh' owner='gloves_resource.1.mesh' frame=726 nb=4 wext=10.1 rebound=1
  TIER1 rest-coherence: worst=14.6deg bone[1]='bone_L-hand.mesh' count(>5deg)=4 freshRecap=0  xcheck(invOff-vs-restW) worst=14.6deg bone[1]
  TIER2 joint-attach(PRIMARY): worst=21.96u bone[3]='bone_L-index02.mesh' parent[2] R=47.0 exactJoint=0.35u pairs=3  (palette-wide exactWorst=0.37u)
[HANDS_ATTACH] mesh='gloves_resource.mesh' owner='gloves_resource.mesh' frame=726 nb=40 wext=68.5 rebound=1
  TIER1 rest-coherence: worst=28.9deg bone[28]='bone_L-thumb03.mesh' count(>5deg)=40 freshRecap=0  xcheck(invOff-vs-restW) worst=28.9deg bone[28]
  TIER2 joint-attach(PRIMARY): worst=115.10u bone[16]='bone_R-ringfinger02.mesh' parent[19] R=46.7 exactJoint=0.44u pairs=36  (palette-wide exactWorst=0.94u)
[HANDS_ATTACH] mesh='gloves_skin.2.mesh' owner='gloves_skin.2.mesh' frame=726 nb=9 wext=37.3 rebound=1
  TIER1 rest-coherence: worst=17.9deg bone[8]='bone_L-foreTwist2.mesh' count(>5deg)=9 freshRecap=0  xcheck(invOff-vs-restW) worst=17.9deg bone[7]
  TIER2 joint-attach(PRIMARY): worst=0.94u bone[3]='bone_R-pinky-base.mesh' parent[2] R=48.7 exactJoint=0.94u pairs=5  (palette-wide exactWorst=0.94u)
[HANDS_ATTACH] mesh='hands_naked.mesh' owner='hands_naked.mesh' frame=726 nb=38 wext=99.6 rebound=1
  TIER1 rest-coherence: worst=3.1deg bone[2]='bone_R-pinky03.mesh' count(>5deg)=0 freshRecap=0  xcheck(invOff-vs-restW) worst=3.1deg bone[2]
  TIER2 joint-attach(PRIMARY): worst=76.58u bone[17]='bone_R-ringfinger02.mesh' parent[15] R=46.7 exactJoint=0.00u pairs=30  (palette-wide exactWorst=0.02u)
[HANDS_ATTACH] mesh='hands_naked.mesh' owner='hands_naked.mesh' frame=726 nb=40 wext=62.3 rebound=1
  TIER1 rest-coherence: worst=28.9deg bone[29]='bone_L-thumb03.mesh' count(>5deg)=40 freshRecap=0  xcheck(invOff-vs-restW) worst=28.9deg bone[29]
  TIER2 joint-attach(PRIMARY): worst=58.63u bone[5]='bone_R-ringfinger02.mesh' parent[24] R=46.7 exactJoint=0.44u pairs=36  (palette-wide exactWorst=0.94u)
[HANDS_ATTACH] mesh='hands_naked.mesh' owner='hands_naked.mesh' frame=726 nb=38 wext=97.2 rebound=1
  TIER1 rest-coherence: worst=3.1deg bone[2]='bone_R-pinky03.mesh' count(>5deg)=0 freshRecap=0  xcheck(invOff-vs-restW) worst=3.1deg bone[2]
  TIER2 joint-attach(PRIMARY): worst=102.51u bone[11]='bone_R-middlefinger02.mesh' parent[1] R=46.8 exactJoint=0.01u pairs=30  (palette-wide exactWorst=0.34u)
[IK_SHARD_VERT] mesh='hands_naked.mesh' wext=62 worstVtx=176 domBone[7]='bone_R-middlefinger03.mesh' w=1.00 vertR=65.0 vertDevFromCentroid=28 bindVert=(17.3,3.3,16.5)
[HANDS_ATTACH] mesh='fingernails_resource.mesh' owner='fingernails_resource.mesh' frame=727 nb=10 wext=52.3 rebound=1
  TIER1 rest-coherence: worst=177.7deg bone[5]='bone_R-thumb03.mesh' count(>5deg)=10 freshRecap=0  xcheck(invOff-vs-restW) worst=177.7deg bone[5]
  TIER2 joint-attach(PRIMARY): worst=0.00u bone[-1]='?' parent[-1] R=0.0 exactJoint=0.00u pairs=0  (palette-wide exactWorst=0.00u)
[HANDS_ATTACH] mesh='fingernails_resource.mesh' owner='fingernails_resource.mesh' frame=727 nb=10 wext=30.7 rebound=1
  TIER1 rest-coherence: worst=177.5deg bone[9]='bone_L-index03.mesh' count(>5deg)=10 freshRecap=0  xcheck(invOff-vs-restW) worst=177.5deg bone[9]
  TIER2 joint-attach(PRIMARY): worst=0.00u bone[-1]='?' parent[-1] R=0.0 exactJoint=0.00u pairs=0  (palette-wide exactWorst=0.00u)
[HANDS_ATTACH] mesh='fingernails_resource.mesh' owner='fingernails_resource.mesh' frame=727 nb=10 wext=39.2 rebound=1
  TIER1 rest-coherence: worst=178.5deg bone[2]='bone_L-index03.mesh' count(>5deg)=10 freshRecap=0  xcheck(invOff-vs-restW) worst=178.5deg bone[2]
  TIER2 joint-attach(PRIMARY): worst=0.00u bone[-1]='?' parent[-1] R=0.0 exactJoint=0.00u pairs=0  (palette-wide exactWorst=0.00u)
[IK_SHARD_VERT] mesh='hands_naked.mesh' wext=62 worstVtx=176 domBone[7]='bone_R-middlefinger03.mesh' w=1.00 vertR=65.0 vertDevFromCentroid=28 bindVert=(17.3,3.3,16.5)
[HANDS_ATTACH] mesh='gloves_resource.1.mesh' owner='gloves_resource.1.mesh' frame=736 nb=4 wext=10.1 rebound=1
  TIER1 rest-coherence: worst=14.6deg bone[1]='bone_L-hand.mesh' count(>5deg)=4 freshRecap=0  xcheck(invOff-vs-restW) worst=14.6deg bone[1]
  TIER2 joint-attach(PRIMARY): worst=21.96u bone[3]='bone_L-index02.mesh' parent[2] R=47.0 exactJoint=0.35u pairs=3  (palette-wide exactWorst=0.37u)
[HANDS_ATTACH] mesh='gloves_resource.mesh' owner='gloves_resource.mesh' frame=736 nb=40 wext=68.5 rebound=1
  TIER1 rest-coherence: worst=28.9deg bone[28]='bone_L-thumb03.mesh' count(>5deg)=40 freshRecap=0  xcheck(invOff-vs-restW) worst=28.9deg bone[28]
  TIER2 joint-attach(PRIMARY): worst=115.10u bone[16]='bone_R-ringfinger02.mesh' parent[19] R=46.7 exactJoint=0.44u pairs=36  (palette-wide exactWorst=0.94u)
[HANDS_ATTACH] mesh='gloves_skin.2.mesh' owner='gloves_skin.2.mesh' frame=736 nb=9 wext=37.3 rebound=1
  TIER1 rest-coherence: worst=17.9deg bone[8]='bone_L-foreTwist2.mesh' count(>5deg)=9 freshRecap=0  xcheck(invOff-vs-restW) worst=17.9deg bone[7]
  TIER2 joint-attach(PRIMARY): worst=0.94u bone[3]='bone_R-pinky-base.mesh' parent[2] R=48.7 exactJoint=0.94u pairs=5  (palette-wide exactWorst=0.94u)
[HANDS_ATTACH] mesh='hands_naked.mesh' owner='hands_naked.mesh' frame=736 nb=38 wext=99.6 rebound=1
  TIER1 rest-coherence: worst=3.1deg bone[2]='bone_R-pinky03.mesh' count(>5deg)=0 freshRecap=0  xcheck(invOff-vs-restW) worst=3.1deg bone[2]
  TIER2 joint-attach(PRIMARY): worst=76.58u bone[17]='bone_R-ringfinger02.mesh' parent[15] R=46.7 exactJoint=0.00u pairs=30  (palette-wide exactWorst=0.01u)
[HANDS_ATTACH] mesh='hands_naked.mesh' owner='hands_naked.mesh' frame=736 nb=40 wext=62.4 rebound=1
  TIER1 rest-coherence: worst=28.9deg bone[29]='bone_L-thumb03.mesh' count(>5deg)=40 freshRecap=0  xcheck(invOff-vs-restW) worst=28.9deg bone[29]
  TIER2 joint-attach(PRIMARY): worst=58.63u bone[5]='bone_R-ringfinger02.mesh' parent[24] R=46.7 exactJoint=0.44u pairs=36  (palette-wide exactWorst=0.94u)
[HANDS_ATTACH] mesh='hands_naked.mesh' owner='hands_naked.mesh' frame=736 nb=38 wext=97.3 rebound=1
  TIER1 rest-coherence: worst=3.1deg bone[2]='bone_R-pinky03.mesh' count(>5deg)=0 freshRecap=0  xcheck(invOff-vs-restW) worst=3.1deg bone[2]
  TIER2 joint-attach(PRIMARY): worst=102.51u bone[11]='bone_R-middlefinger02.mesh' parent[1] R=46.8 exactJoint=0.01u pairs=30  (palette-wide exactWorst=0.34u)
[IK_SHARD_VERT] mesh='hands_naked.mesh' wext=62 worstVtx=176 domBone[7]='bone_R-middlefinger03.mesh' w=1.00 vertR=65.0 vertDevFromCentroid=28 bindVert=(17.3,3.3,16.5)
[IK_SHARD_VERT] mesh='gloves_resource.mesh' wext=68 worstVtx=1196 domBone[14]='bone_R-ringfinger03.mesh' w=1.00 vertR=71.5 vertDevFromCentroid=31 bindVert=(17.3,0.5,34.6)
[IK_SHARD_VERT] mesh='scrollbar_bg.mesh' wext=324 worstVtx=10 domBone[1]='scrollbar_bg_bone_bottom.mesh' w=1.00 vertR=5.7 vertDevFromCentroid=632 bindVert=(-5.7,0.0,-40.0)
[IK_SHARD_VERT] mesh='hands_naked.mesh' wext=63 worstVtx=176 domBone[7]='bone_R-middlefinger03.mesh' w=1.00 vertR=65.0 vertDevFromCentroid=28 bindVert=(17.3,3.3,16.5)
[HANDS_ATTACH] mesh='gloves_resource.1.mesh' owner='gloves_resource.1.mesh' frame=746 nb=4 wext=10.1 rebound=1
  TIER1 rest-coherence: worst=14.6deg bone[1]='bone_L-hand.mesh' count(>5deg)=4 freshRecap=0  xcheck(invOff-vs-restW) worst=14.6deg bone[1]
  TIER2 joint-attach(PRIMARY): worst=21.96u bone[3]='bone_L-index02.mesh' parent[2] R=47.0 exactJoint=0.35u pairs=3  (palette-wide exactWorst=0.37u)
[HANDS_ATTACH] mesh='gloves_resource.mesh' owner='gloves_resource.mesh' frame=746 nb=40 wext=68.4 rebound=1
  TIER1 rest-coherence: worst=28.9deg bone[28]='bone_L-thumb03.mesh' count(>5deg)=40 freshRecap=0  xcheck(invOff-vs-restW) worst=28.9deg bone[28]
  TIER2 joint-attach(PRIMARY): worst=115.10u bone[16]='bone_R-ringfinger02.mesh' parent[19] R=46.7 exactJoint=0.44u pairs=36  (palette-wide exactWorst=0.94u)
[HANDS_ATTACH] mesh='gloves_skin.2.mesh' owner='gloves_skin.2.mesh' frame=746 nb=9 wext=37.3 rebound=1
  TIER1 rest-coherence: worst=17.9deg bone[8]='bone_L-foreTwist2.mesh' count(>5deg)=9 freshRecap=0  xcheck(invOff-vs-restW) worst=17.9deg bone[7]
  TIER2 joint-attach(PRIMARY): worst=0.94u bone[3]='bone_R-pinky-base.mesh' parent[2] R=48.7 exactJoint=0.94u pairs=5  (palette-wide exactWorst=0.94u)
[HANDS_ATTACH] mesh='hands_naked.mesh' owner='hands_naked.mesh' frame=746 nb=38 wext=99.7 rebound=1
  TIER1 rest-coherence: worst=3.1deg bone[2]='bone_R-pinky03.mesh' count(>5deg)=0 freshRecap=0  xcheck(invOff-vs-restW) worst=3.1deg bone[2]
  TIER2 joint-attach(PRIMARY): worst=76.58u bone[17]='bone_R-ringfinger02.mesh' parent[15] R=46.7 exactJoint=0.00u pairs=30  (palette-wide exactWorst=0.01u)
[HANDS_ATTACH] mesh='hands_naked.mesh' owner='hands_naked.mesh' frame=746 nb=40 wext=62.6 rebound=1
  TIER1 rest-coherence: worst=28.9deg bone[29]='bone_L-thumb03.mesh' count(>5deg)=40 freshRecap=0  xcheck(invOff-vs-restW) worst=28.9deg bone[29]
  TIER2 joint-attach(PRIMARY): worst=58.63u bone[5]='bone_R-ringfinger02.mesh' parent[24] R=46.7 exactJoint=0.44u pairs=36  (palette-wide exactWorst=0.94u)
[HANDS_ATTACH] mesh='hands_naked.mesh' owner='hands_naked.mesh' frame=746 nb=38 wext=97.2 rebound=1
  TIER1 rest-coherence: worst=3.1deg bone[2]='bone_R-pinky03.mesh' count(>5deg)=0 freshRecap=0  xcheck(invOff-vs-restW) worst=3.1deg bone[2]
  TIER2 joint-attach(PRIMARY): worst=102.51u bone[11]='bone_R-middlefinger02.mesh' parent[1] R=46.8 exactJoint=0.01u pairs=30  (palette-wide exactWorst=0.34u)
[IK_SHARD_VERT] mesh='hands_naked.mesh' wext=63 worstVtx=176 domBone[7]='bone_R-middlefinger03.mesh' w=1.00 vertR=65.0 vertDevFromCentroid=28 bindVert=(17.3,3.3,16.5)
[HANDS_ATTACH] mesh='fingernails_resource.mesh' owner='fingernails_resource.mesh' frame=747 nb=10 wext=51.6 rebound=1
  TIER1 rest-coherence: worst=177.7deg bone[5]='bone_R-thumb03.mesh' count(>5deg)=10 freshRecap=0  xcheck(invOff-vs-restW) worst=177.7deg bone[5]
  TIER2 joint-attach(PRIMARY): worst=0.00u bone[-1]='?' parent[-1] R=0.0 exactJoint=0.00u pairs=0  (palette-wide exactWorst=0.00u)
[HANDS_ATTACH] mesh='fingernails_resource.mesh' owner='fingernails_resource.mesh' frame=747 nb=10 wext=30.2 rebound=1
  TIER1 rest-coherence: worst=177.5deg bone[9]='bone_L-index03.mesh' count(>5deg)=10 freshRecap=0  xcheck(invOff-vs-restW) worst=177.5deg bone[9]
  TIER2 joint-attach(PRIMARY): worst=0.00u bone[-1]='?' parent[-1] R=0.0 exactJoint=0.00u pairs=0  (palette-wide exactWorst=0.00u)
[HANDS_ATTACH] mesh='fingernails_resource.mesh' owner='fingernails_resource.mesh' frame=747 nb=10 wext=39.3 rebound=1
  TIER1 rest-coherence: worst=178.5deg bone[2]='bone_L-index03.mesh' count(>5deg)=10 freshRecap=0  xcheck(invOff-vs-restW) worst=178.5deg bone[2]
  TIER2 joint-attach(PRIMARY): worst=0.00u bone[-1]='?' parent[-1] R=0.0 exactJoint=0.00u pairs=0  (palette-wide exactWorst=0.00u)
[IK_SHARD_VERT] mesh='hands_naked.mesh' wext=63 worstVtx=176 domBone[7]='bone_R-middlefinger03.mesh' w=1.00 vertR=65.0 vertDevFromCentroid=28 bindVert=(17.3,3.3,16.5)
[IK_SHARD_VERT] mesh='gloves_resource.mesh' wext=68 worstVtx=1196 domBone[14]='bone_R-ringfinger03.mesh' w=1.00 vertR=71.5 vertDevFromCentroid=31 bindVert=(17.3,0.5,34.6)
[HANDS_ATTACH] mesh='gloves_resource.1.mesh' owner='gloves_resource.1.mesh' frame=756 nb=4 wext=10.1 rebound=1
  TIER1 rest-coherence: worst=14.6deg bone[1]='bone_L-hand.mesh' count(>5deg)=4 freshRecap=0  xcheck(invOff-vs-restW) worst=14.6deg bone[1]
  TIER2 joint-attach(PRIMARY): worst=21.96u bone[3]='bone_L-index02.mesh' parent[2] R=47.0 exactJoint=0.35u pairs=3  (palette-wide exactWorst=0.37u)
[HANDS_ATTACH] mesh='gloves_resource.mesh' owner='gloves_resource.mesh' frame=756 nb=40 wext=68.4 rebound=1
  TIER1 rest-coherence: worst=28.9deg bone[28]='bone_L-thumb03.mesh' count(>5deg)=40 freshRecap=0  xcheck(invOff-vs-restW) worst=28.9deg bone[28]
  TIER2 joint-attach(PRIMARY): worst=115.10u bone[16]='bone_R-ringfinger02.mesh' parent[19] R=46.7 exactJoint=0.44u pairs=36  (palette-wide exactWorst=0.94u)
[HANDS_ATTACH] mesh='gloves_skin.2.mesh' owner='gloves_skin.2.mesh' frame=756 nb=9 wext=37.3 rebound=1
  TIER1 rest-coherence: worst=17.9deg bone[8]='bone_L-foreTwist2.mesh' count(>5deg)=9 freshRecap=0  xcheck(invOff-vs-restW) worst=17.9deg bone[7]
  TIER2 joint-attach(PRIMARY): worst=0.94u bone[3]='bone_R-pinky-base.mesh' parent[2] R=48.7 exactJoint=0.94u pairs=5  (palette-wide exactWorst=0.94u)
[HANDS_ATTACH] mesh='hands_naked.mesh' owner='hands_naked.mesh' frame=756 nb=38 wext=99.5 rebound=1
  TIER1 rest-coherence: worst=3.1deg bone[2]='bone_R-pinky03.mesh' count(>5deg)=0 freshRecap=0  xcheck(invOff-vs-restW) worst=3.1deg bone[2]
  TIER2 joint-attach(PRIMARY): worst=76.58u bone[17]='bone_R-ringfinger02.mesh' parent[15] R=46.7 exactJoint=0.00u pairs=30  (palette-wide exactWorst=0.02u)
[HANDS_ATTACH] mesh='hands_naked.mesh' owner='hands_naked.mesh' frame=756 nb=40 wext=62.8 rebound=1
  TIER1 rest-coherence: worst=28.9deg bone[29]='bone_L-thumb03.mesh' count(>5deg)=40 freshRecap=0  xcheck(invOff-vs-restW) worst=28.9deg bone[29]
  TIER2 joint-attach(PRIMARY): worst=58.63u bone[5]='bone_R-ringfinger02.mesh' parent[24] R=46.7 exactJoint=0.44u pairs=36  (palette-wide exactWorst=0.94u)
[HANDS_ATTACH] mesh='hands_naked.mesh' owner='hands_naked.mesh' frame=756 nb=38 wext=97.5 rebound=1
  TIER1 rest-coherence: worst=3.1deg bone[2]='bone_R-pinky03.mesh' count(>5deg)=0 freshRecap=0  xcheck(invOff-vs-restW) worst=3.1deg bone[2]
  TIER2 joint-attach(PRIMARY): worst=102.51u bone[11]='bone_R-middlefinger02.mesh' parent[1] R=46.8 exactJoint=0.01u pairs=30  (palette-wide exactWorst=0.34u)
[IK_SHARD_VERT] mesh='hands_naked.mesh' wext=63 worstVtx=176 domBone[7]='bone_R-middlefinger03.mesh' w=1.00 vertR=65.0 vertDevFromCentroid=28 bindVert=(17.3,3.3,16.5)
[IK_SHARD_VERT] mesh='hands_naked.mesh' wext=63 worstVtx=176 domBone[7]='bone_R-middlefinger03.mesh' w=1.00 vertR=65.0 vertDevFromCentroid=28 bindVert=(17.3,3.3,16.5)
[HANDS_ATTACH] mesh='gloves_resource.1.mesh' owner='gloves_resource.1.mesh' frame=766 nb=4 wext=10.1 rebound=1
  TIER1 rest-coherence: worst=14.6deg bone[1]='bone_L-hand.mesh' count(>5deg)=4 freshRecap=0  xcheck(invOff-vs-restW) worst=14.6deg bone[1]
  TIER2 joint-attach(PRIMARY): worst=21.96u bone[3]='bone_L-index02.mesh' parent[2] R=47.0 exactJoint=0.35u pairs=3  (palette-wide exactWorst=0.37u)
[HANDS_ATTACH] mesh='gloves_resource.mesh' owner='gloves_resource.mesh' frame=766 nb=40 wext=68.4 rebound=1
  TIER1 rest-coherence: worst=28.9deg bone[28]='bone_L-thumb03.mesh' count(>5deg)=40 freshRecap=0  xcheck(invOff-vs-restW) worst=28.9deg bone[28]
  TIER2 joint-attach(PRIMARY): worst=115.10u bone[16]='bone_R-ringfinger02.mesh' parent[19] R=46.7 exactJoint=0.44u pairs=36  (palette-wide exactWorst=0.94u)
[HANDS_ATTACH] mesh='gloves_skin.2.mesh' owner='gloves_skin.2.mesh' frame=766 nb=9 wext=37.3 rebound=1
  TIER1 rest-coherence: worst=17.9deg bone[8]='bone_L-foreTwist2.mesh' count(>5deg)=9 freshRecap=0  xcheck(invOff-vs-restW) worst=17.9deg bone[7]
  TIER2 joint-attach(PRIMARY): worst=0.94u bone[3]='bone_R-pinky-base.mesh' parent[2] R=48.7 exactJoint=0.94u pairs=5  (palette-wide exactWorst=0.94u)
[HANDS_ATTACH] mesh='hands_naked.mesh' owner='hands_naked.mesh' frame=766 nb=38 wext=99.4 rebound=1
  TIER1 rest-coherence: worst=3.1deg bone[2]='bone_R-pinky03.mesh' count(>5deg)=0 freshRecap=0  xcheck(invOff-vs-restW) worst=3.1deg bone[2]
  TIER2 joint-attach(PRIMARY): worst=76.58u bone[17]='bone_R-ringfinger02.mesh' parent[15] R=46.7 exactJoint=0.00u pairs=30  (palette-wide exactWorst=0.01u)
[HANDS_ATTACH] mesh='hands_naked.mesh' owner='hands_naked.mesh' frame=766 nb=40 wext=63.0 rebound=1
  TIER1 rest-coherence: worst=28.9deg bone[29]='bone_L-thumb03.mesh' count(>5deg)=40 freshRecap=0  xcheck(invOff-vs-restW) worst=28.9deg bone[29]
  TIER2 joint-attach(PRIMARY): worst=58.63u bone[5]='bone_R-ringfinger02.mesh' parent[24] R=46.7 exactJoint=0.44u pairs=36  (palette-wide exactWorst=0.94u)
[HANDS_ATTACH] mesh='hands_naked.mesh' owner='hands_naked.mesh' frame=766 nb=38 wext=98.0 rebound=1
  TIER1 rest-coherence: worst=3.1deg bone[2]='bone_R-pinky03.mesh' count(>5deg)=0 freshRecap=0  xcheck(invOff-vs-restW) worst=3.1deg bone[2]
  TIER2 joint-attach(PRIMARY): worst=102.51u bone[11]='bone_R-middlefinger02.mesh' parent[1] R=46.8 exactJoint=0.01u pairs=30  (palette-wide exactWorst=0.34u)
[IK_SHARD_VERT] mesh='hands_naked.mesh' wext=63 worstVtx=176 domBone[7]='bone_R-middlefinger03.mesh' w=1.00 vertR=65.0 vertDevFromCentroid=28 bindVert=(17.3,3.3,16.5)
[HANDS_ATTACH] mesh='fingernails_resource.mesh' owner='fingernails_resource.mesh' frame=767 nb=10 wext=52.4 rebound=1
  TIER1 rest-coherence: worst=177.7deg bone[5]='bone_R-thumb03.mesh' count(>5deg)=10 freshRecap=0  xcheck(invOff-vs-restW) worst=177.7deg bone[5]
  TIER2 joint-attach(PRIMARY): worst=0.00u bone[-1]='?' parent[-1] R=0.0 exactJoint=0.00u pairs=0  (palette-wide exactWorst=0.00u)
[HANDS_ATTACH] mesh='fingernails_resource.mesh' owner='fingernails_resource.mesh' frame=767 nb=10 wext=30.7 rebound=1
  TIER1 rest-coherence: worst=177.5deg bone[9]='bone_L-index03.mesh' count(>5deg)=10 freshRecap=0  xcheck(invOff-vs-restW) worst=177.5deg bone[9]
  TIER2 joint-attach(PRIMARY): worst=0.00u bone[-1]='?' parent[-1] R=0.0 exactJoint=0.00u pairs=0  (palette-wide exactWorst=0.00u)
[HANDS_ATTACH] mesh='fingernails_resource.mesh' owner='fingernails_resource.mesh' frame=767 nb=10 wext=39.2 rebound=1
  TIER1 rest-coherence: worst=178.5deg bone[2]='bone_L-index03.mesh' count(>5deg)=10 freshRecap=0  xcheck(invOff-vs-restW) worst=178.5deg bone[2]
  TIER2 joint-attach(PRIMARY): worst=0.00u bone[-1]='?' parent[-1] R=0.0 exactJoint=0.00u pairs=0  (palette-wide exactWorst=0.00u)
[IK_SHARD_VERT] mesh='gloves_resource.mesh' wext=68 worstVtx=1196 domBone[14]='bone_R-ringfinger03.mesh' w=1.00 vertR=71.5 vertDevFromCentroid=31 bindVert=(17.3,0.5,34.6)
[IK_SHARD_VERT] mesh='scrollbar_bg.mesh' wext=324 worstVtx=10 domBone[1]='scrollbar_bg_bone_bottom.mesh' w=1.00 vertR=5.7 vertDevFromCentroid=632 bindVert=(-5.7,0.0,-40.0)
[IK_SHARD_VERT] mesh='hands_naked.mesh' wext=63 worstVtx=176 domBone[7]='bone_R-middlefinger03.mesh' w=1.00 vertR=65.0 vertDevFromCentroid=28 bindVert=(17.3,3.3,16.5)
[HANDS_ATTACH] mesh='gloves_resource.1.mesh' owner='gloves_resource.1.mesh' frame=776 nb=4 wext=10.1 rebound=1
  TIER1 rest-coherence: worst=14.6deg bone[1]='bone_L-hand.mesh' count(>5deg)=4 freshRecap=0  xcheck(invOff-vs-restW) worst=14.6deg bone[1]
  TIER2 joint-attach(PRIMARY): worst=21.96u bone[3]='bone_L-index02.mesh' parent[2] R=47.0 exactJoint=0.35u pairs=3  (palette-wide exactWorst=0.37u)
[HANDS_ATTACH] mesh='gloves_resource.mesh' owner='gloves_resource.mesh' frame=776 nb=40 wext=68.3 rebound=1
  TIER1 rest-coherence: worst=28.9deg bone[28]='bone_L-thumb03.mesh' count(>5deg)=40 freshRecap=0  xcheck(invOff-vs-restW) worst=28.9deg bone[28]
  TIER2 joint-attach(PRIMARY): worst=115.10u bone[16]='bone_R-ringfinger02.mesh' parent[19] R=46.7 exactJoint=0.44u pairs=36  (palette-wide exactWorst=0.94u)
[HANDS_ATTACH] mesh='gloves_skin.2.mesh' owner='gloves_skin.2.mesh' frame=776 nb=9 wext=37.2 rebound=1
  TIER1 rest-coherence: worst=17.9deg bone[8]='bone_L-foreTwist2.mesh' count(>5deg)=9 freshRecap=0  xcheck(invOff-vs-restW) worst=17.9deg bone[7]
  TIER2 joint-attach(PRIMARY): worst=0.94u bone[3]='bone_R-pinky-base.mesh' parent[2] R=48.7 exactJoint=0.94u pairs=5  (palette-wide exactWorst=0.94u)
[HANDS_ATTACH] mesh='hands_naked.mesh' owner='hands_naked.mesh' frame=776 nb=38 wext=99.3 rebound=1
  TIER1 rest-coherence: worst=3.1deg bone[2]='bone_R-pinky03.mesh' count(>5deg)=0 freshRecap=0  xcheck(invOff-vs-restW) worst=3.1deg bone[2]
  TIER2 joint-attach(PRIMARY): worst=76.58u bone[17]='bone_R-ringfinger02.mesh' parent[15] R=46.7 exactJoint=0.00u pairs=30  (palette-wide exactWorst=0.01u)
[HANDS_ATTACH] mesh='hands_naked.mesh' owner='hands_naked.mesh' frame=776 nb=40 wext=63.2 rebound=1
  TIER1 rest-coherence: worst=28.9deg bone[29]='bone_L-thumb03.mesh' count(>5deg)=40 freshRecap=0  xcheck(invOff-vs-restW) worst=28.9deg bone[29]
  TIER2 joint-attach(PRIMARY): worst=58.63u bone[5]='bone_R-ringfinger02.mesh' parent[24] R=46.7 exactJoint=0.44u pairs=36  (palette-wide exactWorst=0.94u)
[HANDS_ATTACH] mesh='hands_naked.mesh' owner='hands_naked.mesh' frame=776 nb=38 wext=98.3 rebound=1
  TIER1 rest-coherence: worst=3.1deg bone[2]='bone_R-pinky03.mesh' count(>5deg)=0 freshRecap=0  xcheck(invOff-vs-restW) worst=3.1deg bone[2]
  TIER2 joint-attach(PRIMARY): worst=102.51u bone[11]='bone_R-middlefinger02.mesh' parent[1] R=46.8 exactJoint=0.01u pairs=30  (palette-wide exactWorst=0.34u)
[IK_SHARD_VERT] mesh='hands_naked.mesh' wext=63 worstVtx=176 domBone[7]='bone_R-middlefinger03.mesh' w=1.00 vertR=65.0 vertDevFromCentroid=28 bindVert=(17.3,3.3,16.5)
[IK_SHARD_VERT] mesh='hands_naked.mesh' wext=63 worstVtx=176 domBone[7]='bone_R-middlefinger03.mesh' w=1.00 vertR=65.0 vertDevFromCentroid=28 bindVert=(17.3,3.3,16.5)
[IK_SHARD_VERT] mesh='gloves_resource.mesh' wext=68 worstVtx=1196 domBone[14]='bone_R-ringfinger03.mesh' w=1.00 vertR=71.5 vertDevFromCentroid=31 bindVert=(17.3,0.5,34.6)
[HANDS_ATTACH] mesh='gloves_resource.1.mesh' owner='gloves_resource.1.mesh' frame=786 nb=4 wext=10.1 rebound=1
  TIER1 rest-coherence: worst=14.6deg bone[1]='bone_L-hand.mesh' count(>5deg)=4 freshRecap=0  xcheck(invOff-vs-restW) worst=14.6deg bone[1]
  TIER2 joint-attach(PRIMARY): worst=21.96u bone[3]='bone_L-index02.mesh' parent[2] R=47.0 exactJoint=0.35u pairs=3  (palette-wide exactWorst=0.37u)
[HANDS_ATTACH] mesh='gloves_resource.mesh' owner='gloves_resource.mesh' frame=786 nb=40 wext=68.3 rebound=1
  TIER1 rest-coherence: worst=28.9deg bone[28]='bone_L-thumb03.mesh' count(>5deg)=40 freshRecap=0  xcheck(invOff-vs-restW) worst=28.9deg bone[28]
  TIER2 joint-attach(PRIMARY): worst=115.10u bone[16]='bone_R-ringfinger02.mesh' parent[19] R=46.7 exactJoint=0.44u pairs=36  (palette-wide exactWorst=0.94u)
[HANDS_ATTACH] mesh='gloves_skin.2.mesh' owner='gloves_skin.2.mesh' frame=786 nb=9 wext=37.2 rebound=1
  TIER1 rest-coherence: worst=17.9deg bone[8]='bone_L-foreTwist2.mesh' count(>5deg)=9 freshRecap=0  xcheck(invOff-vs-restW) worst=17.9deg bone[7]
  TIER2 joint-attach(PRIMARY): worst=0.94u bone[3]='bone_R-pinky-base.mesh' parent[2] R=48.7 exactJoint=0.94u pairs=5  (palette-wide exactWorst=0.94u)
[HANDS_ATTACH] mesh='hands_naked.mesh' owner='hands_naked.mesh' frame=786 nb=38 wext=99.2 rebound=1
  TIER1 rest-coherence: worst=3.1deg bone[2]='bone_R-pinky03.mesh' count(>5deg)=0 freshRecap=0  xcheck(invOff-vs-restW) worst=3.1deg bone[2]
  TIER2 joint-attach(PRIMARY): worst=76.58u bone[17]='bone_R-ringfinger02.mesh' parent[15] R=46.7 exactJoint=0.00u pairs=30  (palette-wide exactWorst=0.01u)
[HANDS_ATTACH] mesh='hands_naked.mesh' owner='hands_naked.mesh' frame=786 nb=40 wext=63.4 rebound=1
  TIER1 rest-coherence: worst=28.9deg bone[29]='bone_L-thumb03.mesh' count(>5deg)=40 freshRecap=0  xcheck(invOff-vs-restW) worst=28.9deg bone[29]
  TIER2 joint-attach(PRIMARY): worst=58.63u bone[5]='bone_R-ringfinger02.mesh' parent[24] R=46.7 exactJoint=0.44u pairs=36  (palette-wide exactWorst=0.94u)
[HANDS_ATTACH] mesh='hands_naked.mesh' owner='hands_naked.mesh' frame=786 nb=38 wext=98.3 rebound=1
  TIER1 rest-coherence: worst=3.1deg bone[2]='bone_R-pinky03.mesh' count(>5deg)=0 freshRecap=0  xcheck(invOff-vs-restW) worst=3.1deg bone[2]
  TIER2 joint-attach(PRIMARY): worst=102.51u bone[11]='bone_R-middlefinger02.mesh' parent[1] R=46.8 exactJoint=0.01u pairs=30  (palette-wide exactWorst=0.34u)
[IK_SHARD_VERT] mesh='hands_naked.mesh' wext=63 worstVtx=176 domBone[7]='bone_R-middlefinger03.mesh' w=1.00 vertR=65.0 vertDevFromCentroid=28 bindVert=(17.3,3.3,16.5)
[HANDS_ATTACH] mesh='fingernails_resource.mesh' owner='fingernails_resource.mesh' frame=787 nb=10 wext=52.7 rebound=1
  TIER1 rest-coherence: worst=177.7deg bone[5]='bone_R-thumb03.mesh' count(>5deg)=10 freshRecap=0  xcheck(invOff-vs-restW) worst=177.7deg bone[5]
  TIER2 joint-attach(PRIMARY): worst=0.00u bone[-1]='?' parent[-1] R=0.0 exactJoint=0.00u pairs=0  (palette-wide exactWorst=0.00u)
[HANDS_ATTACH] mesh='fingernails_resource.mesh' owner='fingernails_resource.mesh' frame=787 nb=10 wext=30.9 rebound=1
  TIER1 rest-coherence: worst=177.5deg bone[9]='bone_L-index03.mesh' count(>5deg)=10 freshRecap=0  xcheck(invOff-vs-restW) worst=177.5deg bone[9]
  TIER2 joint-attach(PRIMARY): worst=0.00u bone[-1]='?' parent[-1] R=0.0 exactJoint=0.00u pairs=0  (palette-wide exactWorst=0.00u)
[HANDS_ATTACH] mesh='fingernails_resource.mesh' owner='fingernails_resource.mesh' frame=787 nb=10 wext=39.2 rebound=1
  TIER1 rest-coherence: worst=178.5deg bone[2]='bone_L-index03.mesh' count(>5deg)=10 freshRecap=0  xcheck(invOff-vs-restW) worst=178.5deg bone[2]
  TIER2 joint-attach(PRIMARY): worst=0.00u bone[-1]='?' parent[-1] R=0.0 exactJoint=0.00u pairs=0  (palette-wide exactWorst=0.00u)
[IK_SHARD_VERT] mesh='hands_naked.mesh' wext=63 worstVtx=176 domBone[7]='bone_R-middlefinger03.mesh' w=1.00 vertR=65.0 vertDevFromCentroid=28 bindVert=(17.3,3.3,16.5)
[HANDS_ATTACH] mesh='gloves_resource.1.mesh' owner='gloves_resource.1.mesh' frame=796 nb=4 wext=10.1 rebound=1
  TIER1 rest-coherence: worst=14.6deg bone[1]='bone_L-hand.mesh' count(>5deg)=4 freshRecap=0  xcheck(invOff-vs-restW) worst=14.6deg bone[1]
  TIER2 joint-attach(PRIMARY): worst=21.96u bone[3]='bone_L-index02.mesh' parent[2] R=47.0 exactJoint=0.35u pairs=3  (palette-wide exactWorst=0.37u)
[HANDS_ATTACH] mesh='gloves_resource.mesh' owner='gloves_resource.mesh' frame=796 nb=40 wext=68.3 rebound=1
  TIER1 rest-coherence: worst=28.9deg bone[28]='bone_L-thumb03.mesh' count(>5deg)=40 freshRecap=0  xcheck(invOff-vs-restW) worst=28.9deg bone[28]
  TIER2 joint-attach(PRIMARY): worst=115.10u bone[16]='bone_R-ringfinger02.mesh' parent[19] R=46.7 exactJoint=0.44u pairs=36  (palette-wide exactWorst=0.94u)
[HANDS_ATTACH] mesh='gloves_skin.2.mesh' owner='gloves_skin.2.mesh' frame=796 nb=9 wext=37.2 rebound=1
  TIER1 rest-coherence: worst=17.9deg bone[8]='bone_L-foreTwist2.mesh' count(>5deg)=9 freshRecap=0  xcheck(invOff-vs-restW) worst=17.9deg bone[7]
  TIER2 joint-attach(PRIMARY): worst=0.94u bone[3]='bone_R-pinky-base.mesh' parent[2] R=48.7 exactJoint=0.94u pairs=5  (palette-wide exactWorst=0.94u)
[HANDS_ATTACH] mesh='hands_naked.mesh' owner='hands_naked.mesh' frame=796 nb=38 wext=99.2 rebound=1
  TIER1 rest-coherence: worst=3.1deg bone[2]='bone_R-pinky03.mesh' count(>5deg)=0 freshRecap=0  xcheck(invOff-vs-restW) worst=3.1deg bone[2]
  TIER2 joint-attach(PRIMARY): worst=76.58u bone[17]='bone_R-ringfinger02.mesh' parent[15] R=46.7 exactJoint=0.00u pairs=30  (palette-wide exactWorst=0.01u)
[HANDS_ATTACH] mesh='hands_naked.mesh' owner='hands_naked.mesh' frame=796 nb=40 wext=63.4 rebound=1
  TIER1 rest-coherence: worst=28.9deg bone[29]='bone_L-thumb03.mesh' count(>5deg)=40 freshRecap=0  xcheck(invOff-vs-restW) worst=28.9deg bone[29]
  TIER2 joint-attach(PRIMARY): worst=58.63u bone[5]='bone_R-ringfinger02.mesh' parent[24] R=46.7 exactJoint=0.44u pairs=36  (palette-wide exactWorst=0.94u)
[HANDS_ATTACH] mesh='hands_naked.mesh' owner='hands_naked.mesh' frame=796 nb=38 wext=98.2 rebound=1
  TIER1 rest-coherence: worst=3.1deg bone[2]='bone_R-pinky03.mesh' count(>5deg)=0 freshRecap=0  xcheck(invOff-vs-restW) worst=3.1deg bone[2]
  TIER2 joint-attach(PRIMARY): worst=102.51u bone[11]='bone_R-middlefinger02.mesh' parent[1] R=46.8 exactJoint=0.01u pairs=30  (palette-wide exactWorst=0.34u)
[IK_SHARD_VERT] mesh='hands_naked.mesh' wext=63 worstVtx=176 domBone[7]='bone_R-middlefinger03.mesh' w=1.00 vertR=65.0 vertDevFromCentroid=28 bindVert=(17.3,3.3,16.5)
[IK_SHARD_VERT] mesh='gloves_resource.mesh' wext=68 worstVtx=1196 domBone[14]='bone_R-ringfinger03.mesh' w=1.00 vertR=71.5 vertDevFromCentroid=31 bindVert=(17.3,0.5,34.6)
[IK_SHARD_VERT] mesh='scrollbar_bg.mesh' wext=324 worstVtx=10 domBone[1]='scrollbar_bg_bone_bottom.mesh' w=1.00 vertR=5.7 vertDevFromCentroid=632 bindVert=(-5.7,0.0,-40.0)
[IK_SHARD_VERT] mesh='hands_naked.mesh' wext=63 worstVtx=176 domBone[7]='bone_R-middlefinger03.mesh' w=1.00 vertR=65.0 vertDevFromCentroid=28 bindVert=(17.3,3.3,16.5)
[HANDS_ATTACH] mesh='gloves_resource.1.mesh' owner='gloves_resource.1.mesh' frame=806 nb=4 wext=10.1 rebound=1
  TIER1 rest-coherence: worst=14.6deg bone[1]='bone_L-hand.mesh' count(>5deg)=4 freshRecap=0  xcheck(invOff-vs-restW) worst=14.6deg bone[1]
  TIER2 joint-attach(PRIMARY): worst=21.96u bone[3]='bone_L-index02.mesh' parent[2] R=47.0 exactJoint=0.35u pairs=3  (palette-wide exactWorst=0.37u)
[HANDS_ATTACH] mesh='gloves_resource.mesh' owner='gloves_resource.mesh' frame=806 nb=40 wext=68.3 rebound=1
  TIER1 rest-coherence: worst=28.9deg bone[28]='bone_L-thumb03.mesh' count(>5deg)=40 freshRecap=0  xcheck(invOff-vs-restW) worst=28.9deg bone[28]
  TIER2 joint-attach(PRIMARY): worst=115.10u bone[16]='bone_R-ringfinger02.mesh' parent[19] R=46.7 exactJoint=0.44u pairs=36  (palette-wide exactWorst=0.94u)
[HANDS_ATTACH] mesh='gloves_skin.2.mesh' owner='gloves_skin.2.mesh' frame=806 nb=9 wext=37.2 rebound=1
  TIER1 rest-coherence: worst=17.9deg bone[8]='bone_L-foreTwist2.mesh' count(>5deg)=9 freshRecap=0  xcheck(invOff-vs-restW) worst=17.9deg bone[7]
  TIER2 joint-attach(PRIMARY): worst=0.94u bone[3]='bone_R-pinky-base.mesh' parent[2] R=48.7 exactJoint=0.94u pairs=5  (palette-wide exactWorst=0.94u)
[HANDS_ATTACH] mesh='hands_naked.mesh' owner='hands_naked.mesh' frame=806 nb=38 wext=99.3 rebound=1
  TIER1 rest-coherence: worst=3.1deg bone[2]='bone_R-pinky03.mesh' count(>5deg)=0 freshRecap=0  xcheck(invOff-vs-restW) worst=3.1deg bone[2]
  TIER2 joint-attach(PRIMARY): worst=76.58u bone[17]='bone_R-ringfinger02.mesh' parent[15] R=46.7 exactJoint=0.00u pairs=30  (palette-wide exactWorst=0.01u)
[HANDS_ATTACH] mesh='hands_naked.mesh' owner='hands_naked.mesh' frame=806 nb=40 wext=63.3 rebound=1
  TIER1 rest-coherence: worst=28.9deg bone[29]='bone_L-thumb03.mesh' count(>5deg)=40 freshRecap=0  xcheck(invOff-vs-restW) worst=28.9deg bone[29]
  TIER2 joint-attach(PRIMARY): worst=58.63u bone[5]='bone_R-ringfinger02.mesh' parent[24] R=46.7 exactJoint=0.44u pairs=36  (palette-wide exactWorst=0.94u)
[HANDS_ATTACH] mesh='hands_naked.mesh' owner='hands_naked.mesh' frame=806 nb=38 wext=98.6 rebound=1
  TIER1 rest-coherence: worst=3.1deg bone[2]='bone_R-pinky03.mesh' count(>5deg)=0 freshRecap=0  xcheck(invOff-vs-restW) worst=3.1deg bone[2]
  TIER2 joint-attach(PRIMARY): worst=102.51u bone[11]='bone_R-middlefinger02.mesh' parent[1] R=46.8 exactJoint=0.01u pairs=30  (palette-wide exactWorst=0.34u)
[IK_SHARD_VERT] mesh='hands_naked.mesh' wext=63 worstVtx=176 domBone[7]='bone_R-middlefinger03.mesh' w=1.00 vertR=65.0 vertDevFromCentroid=28 bindVert=(17.3,3.3,16.5)
[HANDS_ATTACH] mesh='fingernails_resource.mesh' owner='fingernails_resource.mesh' frame=807 nb=10 wext=52.9 rebound=1
  TIER1 rest-coherence: worst=177.7deg bone[5]='bone_R-thumb03.mesh' count(>5deg)=10 freshRecap=0  xcheck(invOff-vs-restW) worst=177.7deg bone[5]
  TIER2 joint-attach(PRIMARY): worst=0.00u bone[-1]='?' parent[-1] R=0.0 exactJoint=0.00u pairs=0  (palette-wide exactWorst=0.00u)
[HANDS_ATTACH] mesh='fingernails_resource.mesh' owner='fingernails_resource.mesh' frame=807 nb=10 wext=30.9 rebound=1
  TIER1 rest-coherence: worst=177.5deg bone[9]='bone_L-index03.mesh' count(>5deg)=10 freshRecap=0  xcheck(invOff-vs-restW) worst=177.5deg bone[9]
  TIER2 joint-attach(PRIMARY): worst=0.00u bone[-1]='?' parent[-1] R=0.0 exactJoint=0.00u pairs=0  (palette-wide exactWorst=0.00u)
[HANDS_ATTACH] mesh='fingernails_resource.mesh' owner='fingernails_resource.mesh' frame=807 nb=10 wext=39.3 rebound=1
  TIER1 rest-coherence: worst=178.5deg bone[2]='bone_L-index03.mesh' count(>5deg)=10 freshRecap=0  xcheck(invOff-vs-restW) worst=178.5deg bone[2]
  TIER2 joint-attach(PRIMARY): worst=0.00u bone[-1]='?' parent[-1] R=0.0 exactJoint=0.00u pairs=0  (palette-wide exactWorst=0.00u)
[IK_SHARD_VERT] mesh='hands_naked.mesh' wext=63 worstVtx=176 domBone[7]='bone_R-middlefinger03.mesh' w=1.00 vertR=65.0 vertDevFromCentroid=28 bindVert=(17.3,3.3,16.5)
[IK_SHARD_VERT] mesh='gloves_resource.mesh' wext=68 worstVtx=1196 domBone[14]='bone_R-ringfinger03.mesh' w=1.00 vertR=71.5 vertDevFromCentroid=31 bindVert=(17.3,0.5,34.6)
[HANDS_ATTACH] mesh='gloves_resource.1.mesh' owner='gloves_resource.1.mesh' frame=816 nb=4 wext=10.1 rebound=1
  TIER1 rest-coherence: worst=14.6deg bone[1]='bone_L-hand.mesh' count(>5deg)=4 freshRecap=0  xcheck(invOff-vs-restW) worst=14.6deg bone[1]
  TIER2 joint-attach(PRIMARY): worst=21.96u bone[3]='bone_L-index02.mesh' parent[2] R=47.0 exactJoint=0.35u pairs=3  (palette-wide exactWorst=0.37u)
[HANDS_ATTACH] mesh='gloves_resource.mesh' owner='gloves_resource.mesh' frame=816 nb=40 wext=68.3 rebound=1
  TIER1 rest-coherence: worst=28.9deg bone[28]='bone_L-thumb03.mesh' count(>5deg)=40 freshRecap=0  xcheck(invOff-vs-restW) worst=28.9deg bone[28]
  TIER2 joint-attach(PRIMARY): worst=115.10u bone[16]='bone_R-ringfinger02.mesh' parent[19] R=46.7 exactJoint=0.44u pairs=36  (palette-wide exactWorst=0.94u)
[HANDS_ATTACH] mesh='gloves_skin.2.mesh' owner='gloves_skin.2.mesh' frame=816 nb=9 wext=37.2 rebound=1
  TIER1 rest-coherence: worst=17.9deg bone[8]='bone_L-foreTwist2.mesh' count(>5deg)=9 freshRecap=0  xcheck(invOff-vs-restW) worst=17.9deg bone[7]
  TIER2 joint-attach(PRIMARY): worst=0.94u bone[3]='bone_R-pinky-base.mesh' parent[2] R=48.7 exactJoint=0.94u pairs=5  (palette-wide exactWorst=0.94u)
[HANDS_ATTACH] mesh='hands_naked.mesh' owner='hands_naked.mesh' frame=816 nb=38 wext=99.3 rebound=1
  TIER1 rest-coherence: worst=3.1deg bone[2]='bone_R-pinky03.mesh' count(>5deg)=0 freshRecap=0  xcheck(invOff-vs-restW) worst=3.1deg bone[2]
  TIER2 joint-attach(PRIMARY): worst=76.58u bone[17]='bone_R-ringfinger02.mesh' parent[15] R=46.7 exactJoint=0.00u pairs=30  (palette-wide exactWorst=0.01u)
[HANDS_ATTACH] mesh='hands_naked.mesh' owner='hands_naked.mesh' frame=816 nb=40 wext=63.1 rebound=1
  TIER1 rest-coherence: worst=28.9deg bone[29]='bone_L-thumb03.mesh' count(>5deg)=40 freshRecap=0  xcheck(invOff-vs-restW) worst=28.9deg bone[29]
  TIER2 joint-attach(PRIMARY): worst=58.63u bone[5]='bone_R-ringfinger02.mesh' parent[24] R=46.7 exactJoint=0.44u pairs=36  (palette-wide exactWorst=0.94u)
[HANDS_ATTACH] mesh='hands_naked.mesh' owner='hands_naked.mesh' frame=816 nb=38 wext=99.0 rebound=1
  TIER1 rest-coherence: worst=3.1deg bone[2]='bone_R-pinky03.mesh' count(>5deg)=0 freshRecap=0  xcheck(invOff-vs-restW) worst=3.1deg bone[2]
  TIER2 joint-attach(PRIMARY): worst=102.51u bone[11]='bone_R-middlefinger02.mesh' parent[1] R=46.8 exactJoint=0.01u pairs=30  (palette-wide exactWorst=0.34u)
[IK_SHARD_VERT] mesh='hands_naked.mesh' wext=63 worstVtx=176 domBone[7]='bone_R-middlefinger03.mesh' w=1.00 vertR=65.0 vertDevFromCentroid=28 bindVert=(17.3,3.3,16.5)
[IK_SHARD_VERT] mesh='hands_naked.mesh' wext=63 worstVtx=176 domBone[7]='bone_R-middlefinger03.mesh' w=1.00 vertR=65.0 vertDevFromCentroid=28 bindVert=(17.3,3.3,16.5)
[HANDS_ATTACH] mesh='gloves_resource.1.mesh' owner='gloves_resource.1.mesh' frame=826 nb=4 wext=10.1 rebound=1
  TIER1 rest-coherence: worst=14.6deg bone[1]='bone_L-hand.mesh' count(>5deg)=4 freshRecap=0  xcheck(invOff-vs-restW) worst=14.6deg bone[1]
  TIER2 joint-attach(PRIMARY): worst=21.96u bone[3]='bone_L-index02.mesh' parent[2] R=47.0 exactJoint=0.35u pairs=3  (palette-wide exactWorst=0.37u)
[HANDS_ATTACH] mesh='gloves_resource.mesh' owner='gloves_resource.mesh' frame=826 nb=40 wext=68.2 rebound=1
  TIER1 rest-coherence: worst=28.9deg bone[28]='bone_L-thumb03.mesh' count(>5deg)=40 freshRecap=0  xcheck(invOff-vs-restW) worst=28.9deg bone[28]
  TIER2 joint-attach(PRIMARY): worst=115.10u bone[16]='bone_R-ringfinger02.mesh' parent[19] R=46.7 exactJoint=0.44u pairs=36  (palette-wide exactWorst=0.94u)
[HANDS_ATTACH] mesh='gloves_skin.2.mesh' owner='gloves_skin.2.mesh' frame=826 nb=9 wext=37.2 rebound=1
  TIER1 rest-coherence: worst=17.9deg bone[8]='bone_L-foreTwist2.mesh' count(>5deg)=9 freshRecap=0  xcheck(invOff-vs-restW) worst=17.9deg bone[7]
  TIER2 joint-attach(PRIMARY): worst=0.94u bone[3]='bone_R-pinky-base.mesh' parent[2] R=48.7 exactJoint=0.94u pairs=5  (palette-wide exactWorst=0.94u)
[HANDS_ATTACH] mesh='hands_naked.mesh' owner='hands_naked.mesh' frame=826 nb=38 wext=99.1 rebound=1
  TIER1 rest-coherence: worst=3.1deg bone[2]='bone_R-pinky03.mesh' count(>5deg)=0 freshRecap=0  xcheck(invOff-vs-restW) worst=3.1deg bone[2]
  TIER2 joint-attach(PRIMARY): worst=76.58u bone[17]='bone_R-ringfinger02.mesh' parent[15] R=46.7 exactJoint=0.00u pairs=30  (palette-wide exactWorst=0.01u)
[HANDS_ATTACH] mesh='hands_naked.mesh' owner='hands_naked.mesh' frame=826 nb=40 wext=62.9 rebound=1
  TIER1 rest-coherence: worst=28.9deg bone[29]='bone_L-thumb03.mesh' count(>5deg)=40 freshRecap=0  xcheck(invOff-vs-restW) worst=28.9deg bone[29]
  TIER2 joint-attach(PRIMARY): worst=58.63u bone[5]='bone_R-ringfinger02.mesh' parent[24] R=46.7 exactJoint=0.44u pairs=36  (palette-wide exactWorst=0.94u)
[HANDS_ATTACH] mesh='hands_naked.mesh' owner='hands_naked.mesh' frame=826 nb=38 wext=99.2 rebound=1
  TIER1 rest-coherence: worst=3.1deg bone[2]='bone_R-pinky03.mesh' count(>5deg)=0 freshRecap=0  xcheck(invOff-vs-restW) worst=3.1deg bone[2]
  TIER2 joint-attach(PRIMARY): worst=102.51u bone[11]='bone_R-middlefinger02.mesh' parent[1] R=46.8 exactJoint=0.01u pairs=30  (palette-wide exactWorst=0.34u)
[IK_SHARD_VERT] mesh='hands_naked.mesh' wext=63 worstVtx=176 domBone[7]='bone_R-middlefinger03.mesh' w=1.00 vertR=65.0 vertDevFromCentroid=28 bindVert=(17.3,3.3,16.5)
[HANDS_ATTACH] mesh='fingernails_resource.mesh' owner='fingernails_resource.mesh' frame=827 nb=10 wext=53.3 rebound=1
  TIER1 rest-coherence: worst=177.7deg bone[5]='bone_R-thumb03.mesh' count(>5deg)=10 freshRecap=0  xcheck(invOff-vs-restW) worst=177.7deg bone[5]
  TIER2 joint-attach(PRIMARY): worst=0.00u bone[-1]='?' parent[-1] R=0.0 exactJoint=0.00u pairs=0  (palette-wide exactWorst=0.00u)
[HANDS_ATTACH] mesh='fingernails_resource.mesh' owner='fingernails_resource.mesh' frame=827 nb=10 wext=30.9 rebound=1
  TIER1 rest-coherence: worst=177.5deg bone[9]='bone_L-index03.mesh' count(>5deg)=10 freshRecap=0  xcheck(invOff-vs-restW) worst=177.5deg bone[9]
  TIER2 joint-attach(PRIMARY): worst=0.00u bone[-1]='?' parent[-1] R=0.0 exactJoint=0.00u pairs=0  (palette-wide exactWorst=0.00u)
[HANDS_ATTACH] mesh='fingernails_resource.mesh' owner='fingernails_resource.mesh' frame=827 nb=10 wext=39.2 rebound=1
  TIER1 rest-coherence: worst=178.5deg bone[2]='bone_L-index03.mesh' count(>5deg)=10 freshRecap=0  xcheck(invOff-vs-restW) worst=178.5deg bone[2]
  TIER2 joint-attach(PRIMARY): worst=0.00u bone[-1]='?' parent[-1] R=0.0 exactJoint=0.00u pairs=0  (palette-wide exactWorst=0.00u)
[IK_SHARD_VERT] mesh='gloves_resource.mesh' wext=68 worstVtx=1196 domBone[14]='bone_R-ringfinger03.mesh' w=1.00 vertR=71.5 vertDevFromCentroid=31 bindVert=(17.3,0.5,34.6)
[IK_SHARD_VERT] mesh='scrollbar_bg.mesh' wext=324 worstVtx=10 domBone[1]='scrollbar_bg_bone_bottom.mesh' w=1.00 vertR=5.7 vertDevFromCentroid=632 bindVert=(-5.7,0.0,-40.0)
[IK_SHARD_VERT] mesh='hands_naked.mesh' wext=63 worstVtx=176 domBone[7]='bone_R-middlefinger03.mesh' w=1.00 vertR=65.0 vertDevFromCentroid=28 bindVert=(17.3,3.3,16.5)
[HANDS_ATTACH] mesh='gloves_resource.1.mesh' owner='gloves_resource.1.mesh' frame=836 nb=4 wext=10.1 rebound=1
  TIER1 rest-coherence: worst=14.6deg bone[1]='bone_L-hand.mesh' count(>5deg)=4 freshRecap=0  xcheck(invOff-vs-restW) worst=14.6deg bone[1]
  TIER2 joint-attach(PRIMARY): worst=21.96u bone[3]='bone_L-index02.mesh' parent[2] R=47.0 exactJoint=0.35u pairs=3  (palette-wide exactWorst=0.37u)
[HANDS_ATTACH] mesh='gloves_resource.mesh' owner='gloves_resource.mesh' frame=836 nb=40 wext=68.2 rebound=1
  TIER1 rest-coherence: worst=28.9deg bone[28]='bone_L-thumb03.mesh' count(>5deg)=40 freshRecap=0  xcheck(invOff-vs-restW) worst=28.9deg bone[28]
  TIER2 joint-attach(PRIMARY): worst=115.10u bone[16]='bone_R-ringfinger02.mesh' parent[19] R=46.7 exactJoint=0.44u pairs=36  (palette-wide exactWorst=0.94u)
[HANDS_ATTACH] mesh='gloves_skin.2.mesh' owner='gloves_skin.2.mesh' frame=836 nb=9 wext=37.2 rebound=1
  TIER1 rest-coherence: worst=17.9deg bone[8]='bone_L-foreTwist2.mesh' count(>5deg)=9 freshRecap=0  xcheck(invOff-vs-restW) worst=17.9deg bone[7]
  TIER2 joint-attach(PRIMARY): worst=0.94u bone[3]='bone_R-pinky-base.mesh' parent[2] R=48.7 exactJoint=0.94u pairs=5  (palette-wide exactWorst=0.94u)
[HANDS_ATTACH] mesh='hands_naked.mesh' owner='hands_naked.mesh' frame=836 nb=38 wext=99.0 rebound=1
  TIER1 rest-coherence: worst=3.1deg bone[2]='bone_R-pinky03.mesh' count(>5deg)=0 freshRecap=0  xcheck(invOff-vs-restW) worst=3.1deg bone[2]
  TIER2 joint-attach(PRIMARY): worst=76.58u bone[17]='bone_R-ringfinger02.mesh' parent[15] R=46.7 exactJoint=0.00u pairs=30  (palette-wide exactWorst=0.01u)
[HANDS_ATTACH] mesh='hands_naked.mesh' owner='hands_naked.mesh' frame=836 nb=40 wext=62.9 rebound=1
  TIER1 rest-coherence: worst=28.9deg bone[29]='bone_L-thumb03.mesh' count(>5deg)=40 freshRecap=0  xcheck(invOff-vs-restW) worst=28.9deg bone[29]
  TIER2 joint-attach(PRIMARY): worst=58.63u bone[5]='bone_R-ringfinger02.mesh' parent[24] R=46.7 exactJoint=0.44u pairs=36  (palette-wide exactWorst=0.94u)
[HANDS_ATTACH] mesh='hands_naked.mesh' owner='hands_naked.mesh' frame=836 nb=38 wext=99.3 rebound=1
  TIER1 rest-coherence: worst=3.1deg bone[2]='bone_R-pinky03.mesh' count(>5deg)=0 freshRecap=0  xcheck(invOff-vs-restW) worst=3.1deg bone[2]
  TIER2 joint-attach(PRIMARY): worst=102.51u bone[11]='bone_R-middlefinger02.mesh' parent[1] R=46.8 exactJoint=0.01u pairs=30  (palette-wide exactWorst=0.34u)
[IK_SHARD_VERT] mesh='hands_naked.mesh' wext=63 worstVtx=176 domBone[7]='bone_R-middlefinger03.mesh' w=1.00 vertR=65.0 vertDevFromCentroid=28 bindVert=(17.3,3.3,16.5)
[IK_SHARD_VERT] mesh='hands_naked.mesh' wext=63 worstVtx=176 domBone[7]='bone_R-middlefinger03.mesh' w=1.00 vertR=65.0 vertDevFromCentroid=28 bindVert=(17.3,3.3,16.5)
[IK_SHARD_VERT] mesh='gloves_resource.mesh' wext=68 worstVtx=1196 domBone[14]='bone_R-ringfinger03.mesh' w=1.00 vertR=71.5 vertDevFromCentroid=31 bindVert=(17.3,0.5,34.6)
[HANDS_ATTACH] mesh='gloves_resource.1.mesh' owner='gloves_resource.1.mesh' frame=846 nb=4 wext=10.1 rebound=1
  TIER1 rest-coherence: worst=14.6deg bone[1]='bone_L-hand.mesh' count(>5deg)=4 freshRecap=0  xcheck(invOff-vs-restW) worst=14.6deg bone[1]
  TIER2 joint-attach(PRIMARY): worst=21.96u bone[3]='bone_L-index02.mesh' parent[2] R=47.0 exactJoint=0.35u pairs=3  (palette-wide exactWorst=0.37u)
[HANDS_ATTACH] mesh='gloves_resource.mesh' owner='gloves_resource.mesh' frame=846 nb=40 wext=68.2 rebound=1
  TIER1 rest-coherence: worst=28.9deg bone[28]='bone_L-thumb03.mesh' count(>5deg)=40 freshRecap=0  xcheck(invOff-vs-restW) worst=28.9deg bone[28]
  TIER2 joint-attach(PRIMARY): worst=115.10u bone[16]='bone_R-ringfinger02.mesh' parent[19] R=46.7 exactJoint=0.44u pairs=36  (palette-wide exactWorst=0.94u)
[HANDS_ATTACH] mesh='gloves_skin.2.mesh' owner='gloves_skin.2.mesh' frame=846 nb=9 wext=37.1 rebound=1
  TIER1 rest-coherence: worst=17.9deg bone[8]='bone_L-foreTwist2.mesh' count(>5deg)=9 freshRecap=0  xcheck(invOff-vs-restW) worst=17.9deg bone[7]
  TIER2 joint-attach(PRIMARY): worst=0.94u bone[3]='bone_R-pinky-base.mesh' parent[2] R=48.7 exactJoint=0.94u pairs=5  (palette-wide exactWorst=0.94u)
[HANDS_ATTACH] mesh='hands_naked.mesh' owner='hands_naked.mesh' frame=846 nb=38 wext=98.9 rebound=1
  TIER1 rest-coherence: worst=3.1deg bone[2]='bone_R-pinky03.mesh' count(>5deg)=0 freshRecap=0  xcheck(invOff-vs-restW) worst=3.1deg bone[2]
  TIER2 joint-attach(PRIMARY): worst=76.58u bone[17]='bone_R-ringfinger02.mesh' parent[15] R=46.7 exactJoint=0.00u pairs=30  (palette-wide exactWorst=0.01u)
[HANDS_ATTACH] mesh='hands_naked.mesh' owner='hands_naked.mesh' frame=846 nb=40 wext=63.0 rebound=1
  TIER1 rest-coherence: worst=28.9deg bone[29]='bone_L-thumb03.mesh' count(>5deg)=40 freshRecap=0  xcheck(invOff-vs-restW) worst=28.9deg bone[29]
  TIER2 joint-attach(PRIMARY): worst=58.63u bone[5]='bone_R-ringfinger02.mesh' parent[24] R=46.7 exactJoint=0.44u pairs=36  (palette-wide exactWorst=0.94u)
[HANDS_ATTACH] mesh='hands_naked.mesh' owner='hands_naked.mesh' frame=846 nb=38 wext=99.6 rebound=1
  TIER1 rest-coherence: worst=3.1deg bone[2]='bone_R-pinky03.mesh' count(>5deg)=0 freshRecap=0  xcheck(invOff-vs-restW) worst=3.1deg bone[2]
  TIER2 joint-attach(PRIMARY): worst=102.51u bone[11]='bone_R-middlefinger02.mesh' parent[1] R=46.8 exactJoint=0.01u pairs=30  (palette-wide exactWorst=0.34u)
[IK_SHARD_VERT] mesh='hands_naked.mesh' wext=63 worstVtx=176 domBone[7]='bone_R-middlefinger03.mesh' w=1.00 vertR=65.0 vertDevFromCentroid=28 bindVert=(17.3,3.3,16.5)
[HANDS_ATTACH] mesh='fingernails_resource.mesh' owner='fingernails_resource.mesh' frame=847 nb=10 wext=53.7 rebound=1
  TIER1 rest-coherence: worst=177.7deg bone[5]='bone_R-thumb03.mesh' count(>5deg)=10 freshRecap=0  xcheck(invOff-vs-restW) worst=177.7deg bone[5]
  TIER2 joint-attach(PRIMARY): worst=0.00u bone[-1]='?' parent[-1] R=0.0 exactJoint=0.00u pairs=0  (palette-wide exactWorst=0.00u)
[HANDS_ATTACH] mesh='fingernails_resource.mesh' owner='fingernails_resource.mesh' frame=847 nb=10 wext=31.0 rebound=1
  TIER1 rest-coherence: worst=177.5deg bone[9]='bone_L-index03.mesh' count(>5deg)=10 freshRecap=0  xcheck(invOff-vs-restW) worst=177.5deg bone[9]
  TIER2 joint-attach(PRIMARY): worst=0.00u bone[-1]='?' parent[-1] R=0.0 exactJoint=0.00u pairs=0  (palette-wide exactWorst=0.00u)
[HANDS_ATTACH] mesh='fingernails_resource.mesh' owner='fingernails_resource.mesh' frame=847 nb=10 wext=39.1 rebound=1
  TIER1 rest-coherence: worst=178.5deg bone[2]='bone_L-index03.mesh' count(>5deg)=10 freshRecap=0  xcheck(invOff-vs-restW) worst=178.5deg bone[2]
  TIER2 joint-attach(PRIMARY): worst=0.00u bone[-1]='?' parent[-1] R=0.0 exactJoint=0.00u pairs=0  (palette-wide exactWorst=0.00u)
[IK_SHARD_VERT] mesh='hands_naked.mesh' wext=63 worstVtx=176 domBone[7]='bone_R-middlefinger03.mesh' w=1.00 vertR=65.0 vertDevFromCentroid=28 bindVert=(17.3,3.3,16.5)
[HANDS_ATTACH] mesh='gloves_resource.1.mesh' owner='gloves_resource.1.mesh' frame=856 nb=4 wext=10.1 rebound=1
  TIER1 rest-coherence: worst=14.6deg bone[1]='bone_L-hand.mesh' count(>5deg)=4 freshRecap=0  xcheck(invOff-vs-restW) worst=14.6deg bone[1]
  TIER2 joint-attach(PRIMARY): worst=21.96u bone[3]='bone_L-index02.mesh' parent[2] R=47.0 exactJoint=0.35u pairs=3  (palette-wide exactWorst=0.37u)
[HANDS_ATTACH] mesh='gloves_resource.mesh' owner='gloves_resource.mesh' frame=856 nb=40 wext=68.2 rebound=1
  TIER1 rest-coherence: worst=28.9deg bone[28]='bone_L-thumb03.mesh' count(>5deg)=40 freshRecap=0  xcheck(invOff-vs-restW) worst=28.9deg bone[28]
  TIER2 joint-attach(PRIMARY): worst=115.10u bone[16]='bone_R-ringfinger02.mesh' parent[19] R=46.7 exactJoint=0.44u pairs=36  (palette-wide exactWorst=0.94u)
[HANDS_ATTACH] mesh='gloves_skin.2.mesh' owner='gloves_skin.2.mesh' frame=856 nb=9 wext=37.1 rebound=1
  TIER1 rest-coherence: worst=17.9deg bone[8]='bone_L-foreTwist2.mesh' count(>5deg)=9 freshRecap=0  xcheck(invOff-vs-restW) worst=17.9deg bone[7]
  TIER2 joint-attach(PRIMARY): worst=0.94u bone[3]='bone_R-pinky-base.mesh' parent[2] R=48.7 exactJoint=0.94u pairs=5  (palette-wide exactWorst=0.94u)
[HANDS_ATTACH] mesh='hands_naked.mesh' owner='hands_naked.mesh' frame=856 nb=38 wext=99.0 rebound=1
  TIER1 rest-coherence: worst=3.1deg bone[2]='bone_R-pinky03.mesh' count(>5deg)=0 freshRecap=0  xcheck(invOff-vs-restW) worst=3.1deg bone[2]
  TIER2 joint-attach(PRIMARY): worst=76.58u bone[17]='bone_R-ringfinger02.mesh' parent[15] R=46.7 exactJoint=0.00u pairs=30  (palette-wide exactWorst=0.01u)
[HANDS_ATTACH] mesh='hands_naked.mesh' owner='hands_naked.mesh' frame=856 nb=40 wext=63.2 rebound=1
  TIER1 rest-coherence: worst=28.9deg bone[29]='bone_L-thumb03.mesh' count(>5deg)=40 freshRecap=0  xcheck(invOff-vs-restW) worst=28.9deg bone[29]
  TIER2 joint-attach(PRIMARY): worst=58.63u bone[5]='bone_R-ringfinger02.mesh' parent[24] R=46.7 exactJoint=0.44u pairs=36  (palette-wide exactWorst=0.94u)
[HANDS_ATTACH] mesh='hands_naked.mesh' owner='hands_naked.mesh' frame=856 nb=38 wext=100.1 rebound=1
  TIER1 rest-coherence: worst=3.1deg bone[2]='bone_R-pinky03.mesh' count(>5deg)=0 freshRecap=0  xcheck(invOff-vs-restW) worst=3.1deg bone[2]
  TIER2 joint-attach(PRIMARY): worst=102.51u bone[11]='bone_R-middlefinger02.mesh' parent[1] R=46.8 exactJoint=0.01u pairs=30  (palette-wide exactWorst=0.34u)
[IK_SHARD_VERT] mesh='hands_naked.mesh' wext=63 worstVtx=176 domBone[7]='bone_R-middlefinger03.mesh' w=1.00 vertR=65.0 vertDevFromCentroid=28 bindVert=(17.3,3.3,16.5)
[IK_SHARD_VERT] mesh='gloves_resource.mesh' wext=68 worstVtx=1196 domBone[14]='bone_R-ringfinger03.mesh' w=1.00 vertR=71.5 vertDevFromCentroid=31 bindVert=(17.3,0.5,34.6)
[IK_SHARD_VERT] mesh='scrollbar_bg.mesh' wext=324 worstVtx=10 domBone[1]='scrollbar_bg_bone_bottom.mesh' w=1.00 vertR=5.7 vertDevFromCentroid=632 bindVert=(-5.7,0.0,-40.0)
[IK_SHARD_VERT] mesh='hands_naked.mesh' wext=63 worstVtx=176 domBone[7]='bone_R-middlefinger03.mesh' w=1.00 vertR=65.0 vertDevFromCentroid=28 bindVert=(17.3,3.3,16.5)
[HANDS_ATTACH] mesh='gloves_resource.1.mesh' owner='gloves_resource.1.mesh' frame=866 nb=4 wext=10.1 rebound=1
  TIER1 rest-coherence: worst=14.6deg bone[1]='bone_L-hand.mesh' count(>5deg)=4 freshRecap=0  xcheck(invOff-vs-restW) worst=14.6deg bone[1]
  TIER2 joint-attach(PRIMARY): worst=21.96u bone[3]='bone_L-index02.mesh' parent[2] R=47.0 exactJoint=0.35u pairs=3  (palette-wide exactWorst=0.37u)
[HANDS_ATTACH] mesh='gloves_resource.mesh' owner='gloves_resource.mesh' frame=866 nb=40 wext=68.1 rebound=1
  TIER1 rest-coherence: worst=28.9deg bone[28]='bone_L-thumb03.mesh' count(>5deg)=40 freshRecap=0  xcheck(invOff-vs-restW) worst=28.9deg bone[28]
  TIER2 joint-attach(PRIMARY): worst=115.10u bone[16]='bone_R-ringfinger02.mesh' parent[19] R=46.7 exactJoint=0.44u pairs=36  (palette-wide exactWorst=0.94u)
[HANDS_ATTACH] mesh='gloves_skin.2.mesh' owner='gloves_skin.2.mesh' frame=866 nb=9 wext=37.1 rebound=1
  TIER1 rest-coherence: worst=17.9deg bone[8]='bone_L-foreTwist2.mesh' count(>5deg)=9 freshRecap=0  xcheck(invOff-vs-restW) worst=17.9deg bone[7]
  TIER2 joint-attach(PRIMARY): worst=0.94u bone[3]='bone_R-pinky-base.mesh' parent[2] R=48.7 exactJoint=0.94u pairs=5  (palette-wide exactWorst=0.94u)
[HANDS_ATTACH] mesh='hands_naked.mesh' owner='hands_naked.mesh' frame=866 nb=38 wext=99.0 rebound=1
  TIER1 rest-coherence: worst=3.1deg bone[2]='bone_R-pinky03.mesh' count(>5deg)=0 freshRecap=0  xcheck(invOff-vs-restW) worst=3.1deg bone[2]
  TIER2 joint-attach(PRIMARY): worst=76.58u bone[17]='bone_R-ringfinger02.mesh' parent[15] R=46.7 exactJoint=0.00u pairs=30  (palette-wide exactWorst=0.01u)
[HANDS_ATTACH] mesh='hands_naked.mesh' owner='hands_naked.mesh' frame=866 nb=40 wext=63.4 rebound=1
  TIER1 rest-coherence: worst=28.9deg bone[29]='bone_L-thumb03.mesh' count(>5deg)=40 freshRecap=0  xcheck(invOff-vs-restW) worst=28.9deg bone[29]
  TIER2 joint-attach(PRIMARY): worst=58.63u bone[5]='bone_R-ringfinger02.mesh' parent[24] R=46.7 exactJoint=0.44u pairs=36  (palette-wide exactWorst=0.94u)
[HANDS_ATTACH] mesh='hands_naked.mesh' owner='hands_naked.mesh' frame=866 nb=38 wext=100.5 rebound=1
  TIER1 rest-coherence: worst=3.1deg bone[2]='bone_R-pinky03.mesh' count(>5deg)=0 freshRecap=0  xcheck(invOff-vs-restW) worst=3.1deg bone[2]
  TIER2 joint-attach(PRIMARY): worst=102.51u bone[11]='bone_R-middlefinger02.mesh' parent[1] R=46.8 exactJoint=0.01u pairs=30  (palette-wide exactWorst=0.34u)
[IK_SHARD_VERT] mesh='hands_naked.mesh' wext=63 worstVtx=176 domBone[7]='bone_R-middlefinger03.mesh' w=1.00 vertR=65.0 vertDevFromCentroid=28 bindVert=(17.3,3.3,16.5)
[HANDS_ATTACH] mesh='fingernails_resource.mesh' owner='fingernails_resource.mesh' frame=867 nb=10 wext=54.6 rebound=1
  TIER1 rest-coherence: worst=177.7deg bone[5]='bone_R-thumb03.mesh' count(>5deg)=10 freshRecap=0  xcheck(invOff-vs-restW) worst=177.7deg bone[5]
  TIER2 joint-attach(PRIMARY): worst=0.00u bone[-1]='?' parent[-1] R=0.0 exactJoint=0.00u pairs=0  (palette-wide exactWorst=0.00u)
[HANDS_ATTACH] mesh='fingernails_resource.mesh' owner='fingernails_resource.mesh' frame=867 nb=10 wext=31.7 rebound=1
  TIER1 rest-coherence: worst=177.5deg bone[9]='bone_L-index03.mesh' count(>5deg)=10 freshRecap=0  xcheck(invOff-vs-restW) worst=177.5deg bone[9]
  TIER2 joint-attach(PRIMARY): worst=0.00u bone[-1]='?' parent[-1] R=0.0 exactJoint=0.00u pairs=0  (palette-wide exactWorst=0.00u)
[HANDS_ATTACH] mesh='fingernails_resource.mesh' owner='fingernails_resource.mesh' frame=867 nb=10 wext=39.1 rebound=1
  TIER1 rest-coherence: worst=178.5deg bone[2]='bone_L-index03.mesh' count(>5deg)=10 freshRecap=0  xcheck(invOff-vs-restW) worst=178.5deg bone[2]
  TIER2 joint-attach(PRIMARY): worst=0.00u bone[-1]='?' parent[-1] R=0.0 exactJoint=0.00u pairs=0  (palette-wide exactWorst=0.00u)
[IK_SHARD_VERT] mesh='hands_naked.mesh' wext=64 worstVtx=176 domBone[7]='bone_R-middlefinger03.mesh' w=1.00 vertR=65.0 vertDevFromCentroid=28 bindVert=(17.3,3.3,16.5)
[IK_SHARD_VERT] mesh='gloves_resource.mesh' wext=68 worstVtx=1196 domBone[14]='bone_R-ringfinger03.mesh' w=1.00 vertR=71.5 vertDevFromCentroid=31 bindVert=(17.3,0.5,34.6)
[HANDS_ATTACH] mesh='gloves_resource.1.mesh' owner='gloves_resource.1.mesh' frame=876 nb=4 wext=10.1 rebound=1
  TIER1 rest-coherence: worst=14.6deg bone[1]='bone_L-hand.mesh' count(>5deg)=4 freshRecap=0  xcheck(invOff-vs-restW) worst=14.6deg bone[1]
  TIER2 joint-attach(PRIMARY): worst=21.96u bone[3]='bone_L-index02.mesh' parent[2] R=47.0 exactJoint=0.35u pairs=3  (palette-wide exactWorst=0.37u)
[HANDS_ATTACH] mesh='gloves_resource.mesh' owner='gloves_resource.mesh' frame=876 nb=40 wext=68.1 rebound=1
  TIER1 rest-coherence: worst=28.9deg bone[28]='bone_L-thumb03.mesh' count(>5deg)=40 freshRecap=0  xcheck(invOff-vs-restW) worst=28.9deg bone[28]
  TIER2 joint-attach(PRIMARY): worst=115.10u bone[16]='bone_R-ringfinger02.mesh' parent[19] R=46.7 exactJoint=0.44u pairs=36  (palette-wide exactWorst=0.94u)
[HANDS_ATTACH] mesh='gloves_skin.2.mesh' owner='gloves_skin.2.mesh' frame=876 nb=9 wext=37.1 rebound=1
  TIER1 rest-coherence: worst=17.9deg bone[8]='bone_L-foreTwist2.mesh' count(>5deg)=9 freshRecap=0  xcheck(invOff-vs-restW) worst=17.9deg bone[7]
  TIER2 joint-attach(PRIMARY): worst=0.94u bone[3]='bone_R-pinky-base.mesh' parent[2] R=48.7 exactJoint=0.94u pairs=5  (palette-wide exactWorst=0.94u)
[HANDS_ATTACH] mesh='hands_naked.mesh' owner='hands_naked.mesh' frame=876 nb=38 wext=99.1 rebound=1
  TIER1 rest-coherence: worst=3.1deg bone[2]='bone_R-pinky03.mesh' count(>5deg)=0 freshRecap=0  xcheck(invOff-vs-restW) worst=3.1deg bone[2]
  TIER2 joint-attach(PRIMARY): worst=76.58u bone[17]='bone_R-ringfinger02.mesh' parent[15] R=46.7 exactJoint=0.00u pairs=30  (palette-wide exactWorst=0.01u)
[HANDS_ATTACH] mesh='hands_naked.mesh' owner='hands_naked.mesh' frame=876 nb=40 wext=63.6 rebound=1
  TIER1 rest-coherence: worst=28.9deg bone[29]='bone_L-thumb03.mesh' count(>5deg)=40 freshRecap=0  xcheck(invOff-vs-restW) worst=28.9deg bone[29]
  TIER2 joint-attach(PRIMARY): worst=58.63u bone[5]='bone_R-ringfinger02.mesh' parent[24] R=46.7 exactJoint=0.44u pairs=36  (palette-wide exactWorst=0.94u)
[HANDS_ATTACH] mesh='hands_naked.mesh' owner='hands_naked.mesh' frame=876 nb=38 wext=100.6 rebound=1
  TIER1 rest-coherence: worst=3.1deg bone[2]='bone_R-pinky03.mesh' count(>5deg)=0 freshRecap=0  xcheck(invOff-vs-restW) worst=3.1deg bone[2]
  TIER2 joint-attach(PRIMARY): worst=102.51u bone[11]='bone_R-middlefinger02.mesh' parent[1] R=46.8 exactJoint=0.01u pairs=30  (palette-wide exactWorst=0.34u)
[IK_SHARD_VERT] mesh='hands_naked.mesh' wext=64 worstVtx=176 domBone[7]='bone_R-middlefinger03.mesh' w=1.00 vertR=65.0 vertDevFromCentroid=28 bindVert=(17.3,3.3,16.5)
[IK_SHARD_VERT] mesh='hands_naked.mesh' wext=64 worstVtx=176 domBone[7]='bone_R-middlefinger03.mesh' w=1.00 vertR=65.0 vertDevFromCentroid=28 bindVert=(17.3,3.3,16.5)
[HANDS_ATTACH] mesh='gloves_resource.1.mesh' owner='gloves_resource.1.mesh' frame=886 nb=4 wext=10.1 rebound=1
  TIER1 rest-coherence: worst=14.6deg bone[1]='bone_L-hand.mesh' count(>5deg)=4 freshRecap=0  xcheck(invOff-vs-restW) worst=14.6deg bone[1]
  TIER2 joint-attach(PRIMARY): worst=21.96u bone[3]='bone_L-index02.mesh' parent[2] R=47.0 exactJoint=0.35u pairs=3  (palette-wide exactWorst=0.37u)
[HANDS_ATTACH] mesh='gloves_resource.mesh' owner='gloves_resource.mesh' frame=886 nb=40 wext=68.0 rebound=1
  TIER1 rest-coherence: worst=28.9deg bone[28]='bone_L-thumb03.mesh' count(>5deg)=40 freshRecap=0  xcheck(invOff-vs-restW) worst=28.9deg bone[28]
  TIER2 joint-attach(PRIMARY): worst=115.10u bone[16]='bone_R-ringfinger02.mesh' parent[19] R=46.7 exactJoint=0.44u pairs=36  (palette-wide exactWorst=0.94u)
[HANDS_ATTACH] mesh='gloves_skin.2.mesh' owner='gloves_skin.2.mesh' frame=886 nb=9 wext=37.1 rebound=1
  TIER1 rest-coherence: worst=17.9deg bone[8]='bone_L-foreTwist2.mesh' count(>5deg)=9 freshRecap=0  xcheck(invOff-vs-restW) worst=17.9deg bone[7]
  TIER2 joint-attach(PRIMARY): worst=0.94u bone[3]='bone_R-pinky-base.mesh' parent[2] R=48.7 exactJoint=0.94u pairs=5  (palette-wide exactWorst=0.94u)
[HANDS_ATTACH] mesh='hands_naked.mesh' owner='hands_naked.mesh' frame=886 nb=38 wext=99.1 rebound=1
  TIER1 rest-coherence: worst=3.1deg bone[2]='bone_R-pinky03.mesh' count(>5deg)=0 freshRecap=0  xcheck(invOff-vs-restW) worst=3.1deg bone[2]
  TIER2 joint-attach(PRIMARY): worst=76.58u bone[17]='bone_R-ringfinger02.mesh' parent[15] R=46.7 exactJoint=0.00u pairs=30  (palette-wide exactWorst=0.01u)
[HANDS_ATTACH] mesh='hands_naked.mesh' owner='hands_naked.mesh' frame=886 nb=40 wext=63.7 rebound=1
  TIER1 rest-coherence: worst=28.9deg bone[29]='bone_L-thumb03.mesh' count(>5deg)=40 freshRecap=0  xcheck(invOff-vs-restW) worst=28.9deg bone[29]
  TIER2 joint-attach(PRIMARY): worst=58.63u bone[5]='bone_R-ringfinger02.mesh' parent[24] R=46.7 exactJoint=0.44u pairs=36  (palette-wide exactWorst=0.94u)
[HANDS_ATTACH] mesh='hands_naked.mesh' owner='hands_naked.mesh' frame=886 nb=38 wext=100.6 rebound=1
  TIER1 rest-coherence: worst=3.1deg bone[2]='bone_R-pinky03.mesh' count(>5deg)=0 freshRecap=0  xcheck(invOff-vs-restW) worst=3.1deg bone[2]
  TIER2 joint-attach(PRIMARY): worst=102.51u bone[11]='bone_R-middlefinger02.mesh' parent[1] R=46.8 exactJoint=0.01u pairs=30  (palette-wide exactWorst=0.34u)
[IK_SHARD_VERT] mesh='hands_naked.mesh' wext=64 worstVtx=176 domBone[7]='bone_R-middlefinger03.mesh' w=1.00 vertR=65.0 vertDevFromCentroid=28 bindVert=(17.3,3.3,16.5)
[HANDS_ATTACH] mesh='fingernails_resource.mesh' owner='fingernails_resource.mesh' frame=887 nb=10 wext=54.9 rebound=1
  TIER1 rest-coherence: worst=177.7deg bone[5]='bone_R-thumb03.mesh' count(>5deg)=10 freshRecap=0  xcheck(invOff-vs-restW) worst=177.7deg bone[5]
  TIER2 joint-attach(PRIMARY): worst=0.00u bone[-1]='?' parent[-1] R=0.0 exactJoint=0.00u pairs=0  (palette-wide exactWorst=0.00u)
[HANDS_ATTACH] mesh='fingernails_resource.mesh' owner='fingernails_resource.mesh' frame=887 nb=10 wext=31.3 rebound=1
  TIER1 rest-coherence: worst=177.5deg bone[9]='bone_L-index03.mesh' count(>5deg)=10 freshRecap=0  xcheck(invOff-vs-restW) worst=177.5deg bone[9]
  TIER2 joint-attach(PRIMARY): worst=0.00u bone[-1]='?' parent[-1] R=0.0 exactJoint=0.00u pairs=0  (palette-wide exactWorst=0.00u)
[HANDS_ATTACH] mesh='fingernails_resource.mesh' owner='fingernails_resource.mesh' frame=887 nb=10 wext=39.1 rebound=1
  TIER1 rest-coherence: worst=178.5deg bone[2]='bone_L-index03.mesh' count(>5deg)=10 freshRecap=0  xcheck(invOff-vs-restW) worst=178.5deg bone[2]
  TIER2 joint-attach(PRIMARY): worst=0.00u bone[-1]='?' parent[-1] R=0.0 exactJoint=0.00u pairs=0  (palette-wide exactWorst=0.00u)
[IK_SHARD_VERT] mesh='gloves_resource.mesh' wext=68 worstVtx=1196 domBone[14]='bone_R-ringfinger03.mesh' w=1.00 vertR=71.5 vertDevFromCentroid=31 bindVert=(17.3,0.5,34.6)
[IK_SHARD_VERT] mesh='scrollbar_bg.mesh' wext=324 worstVtx=10 domBone[1]='scrollbar_bg_bone_bottom.mesh' w=1.00 vertR=5.7 vertDevFromCentroid=632 bindVert=(-5.7,0.0,-40.0)
[IK_SHARD_VERT] mesh='hands_naked.mesh' wext=64 worstVtx=176 domBone[7]='bone_R-middlefinger03.mesh' w=1.00 vertR=65.0 vertDevFromCentroid=28 bindVert=(17.3,3.3,16.5)
[HANDS_ATTACH] mesh='gloves_resource.1.mesh' owner='gloves_resource.1.mesh' frame=896 nb=4 wext=10.1 rebound=1
  TIER1 rest-coherence: worst=14.6deg bone[1]='bone_L-hand.mesh' count(>5deg)=4 freshRecap=0  xcheck(invOff-vs-restW) worst=14.6deg bone[1]
  TIER2 joint-attach(PRIMARY): worst=21.96u bone[3]='bone_L-index02.mesh' parent[2] R=47.0 exactJoint=0.35u pairs=3  (palette-wide exactWorst=0.37u)
[HANDS_ATTACH] mesh='gloves_resource.mesh' owner='gloves_resource.mesh' frame=896 nb=40 wext=68.0 rebound=1
  TIER1 rest-coherence: worst=28.9deg bone[28]='bone_L-thumb03.mesh' count(>5deg)=40 freshRecap=0  xcheck(invOff-vs-restW) worst=28.9deg bone[28]
  TIER2 joint-attach(PRIMARY): worst=115.10u bone[16]='bone_R-ringfinger02.mesh' parent[19] R=46.7 exactJoint=0.44u pairs=36  (palette-wide exactWorst=0.94u)
[HANDS_ATTACH] mesh='gloves_skin.2.mesh' owner='gloves_skin.2.mesh' frame=896 nb=9 wext=37.0 rebound=1
  TIER1 rest-coherence: worst=17.9deg bone[8]='bone_L-foreTwist2.mesh' count(>5deg)=9 freshRecap=0  xcheck(invOff-vs-restW) worst=17.9deg bone[7]
  TIER2 joint-attach(PRIMARY): worst=0.94u bone[3]='bone_R-pinky-base.mesh' parent[2] R=48.7 exactJoint=0.94u pairs=5  (palette-wide exactWorst=0.94u)
[HANDS_ATTACH] mesh='hands_naked.mesh' owner='hands_naked.mesh' frame=896 nb=38 wext=99.1 rebound=1
  TIER1 rest-coherence: worst=3.1deg bone[2]='bone_R-pinky03.mesh' count(>5deg)=0 freshRecap=0  xcheck(invOff-vs-restW) worst=3.1deg bone[2]
  TIER2 joint-attach(PRIMARY): worst=76.58u bone[17]='bone_R-ringfinger02.mesh' parent[15] R=46.7 exactJoint=0.00u pairs=30  (palette-wide exactWorst=0.01u)
[HANDS_ATTACH] mesh='hands_naked.mesh' owner='hands_naked.mesh' frame=896 nb=40 wext=63.7 rebound=1
  TIER1 rest-coherence: worst=28.9deg bone[29]='bone_L-thumb03.mesh' count(>5deg)=40 freshRecap=0  xcheck(invOff-vs-restW) worst=28.9deg bone[29]
  TIER2 joint-attach(PRIMARY): worst=58.63u bone[5]='bone_R-ringfinger02.mesh' parent[24] R=46.7 exactJoint=0.44u pairs=36  (palette-wide exactWorst=0.94u)
[HANDS_ATTACH] mesh='hands_naked.mesh' owner='hands_naked.mesh' frame=896 nb=38 wext=100.7 rebound=1
  TIER1 rest-coherence: worst=3.1deg bone[2]='bone_R-pinky03.mesh' count(>5deg)=0 freshRecap=0  xcheck(invOff-vs-restW) worst=3.1deg bone[2]
  TIER2 joint-attach(PRIMARY): worst=102.51u bone[11]='bone_R-middlefinger02.mesh' parent[1] R=46.8 exactJoint=0.01u pairs=30  (palette-wide exactWorst=0.34u)
[IK_SHARD_VERT] mesh='hands_naked.mesh' wext=64 worstVtx=176 domBone[7]='bone_R-middlefinger03.mesh' w=1.00 vertR=65.0 vertDevFromCentroid=28 bindVert=(17.3,3.3,16.5)
[IK_SHARD_VERT] mesh='hands_naked.mesh' wext=64 worstVtx=176 domBone[7]='bone_R-middlefinger03.mesh' w=1.00 vertR=65.0 vertDevFromCentroid=28 bindVert=(17.3,3.3,16.5)
[IK_SHARD_VERT] mesh='gloves_resource.mesh' wext=68 worstVtx=1196 domBone[14]='bone_R-ringfinger03.mesh' w=1.00 vertR=71.5 vertDevFromCentroid=31 bindVert=(17.3,0.5,34.6)
[HANDS_ATTACH] mesh='gloves_resource.1.mesh' owner='gloves_resource.1.mesh' frame=906 nb=4 wext=10.1 rebound=1
  TIER1 rest-coherence: worst=14.6deg bone[1]='bone_L-hand.mesh' count(>5deg)=4 freshRecap=0  xcheck(invOff-vs-restW) worst=14.6deg bone[1]
  TIER2 joint-attach(PRIMARY): worst=21.96u bone[3]='bone_L-index02.mesh' parent[2] R=47.0 exactJoint=0.35u pairs=3  (palette-wide exactWorst=0.37u)
[HANDS_ATTACH] mesh='gloves_resource.mesh' owner='gloves_resource.mesh' frame=906 nb=40 wext=67.9 rebound=1
  TIER1 rest-coherence: worst=28.9deg bone[28]='bone_L-thumb03.mesh' count(>5deg)=40 freshRecap=0  xcheck(invOff-vs-restW) worst=28.9deg bone[28]
  TIER2 joint-attach(PRIMARY): worst=115.10u bone[16]='bone_R-ringfinger02.mesh' parent[19] R=46.7 exactJoint=0.44u pairs=36  (palette-wide exactWorst=0.94u)
[HANDS_ATTACH] mesh='gloves_skin.2.mesh' owner='gloves_skin.2.mesh' frame=906 nb=9 wext=37.0 rebound=1
  TIER1 rest-coherence: worst=17.9deg bone[8]='bone_L-foreTwist2.mesh' count(>5deg)=9 freshRecap=0  xcheck(invOff-vs-restW) worst=17.9deg bone[7]
  TIER2 joint-attach(PRIMARY): worst=0.94u bone[3]='bone_R-pinky-base.mesh' parent[2] R=48.7 exactJoint=0.94u pairs=5  (palette-wide exactWorst=0.94u)
[HANDS_ATTACH] mesh='hands_naked.mesh' owner='hands_naked.mesh' frame=906 nb=38 wext=99.2 rebound=1
  TIER1 rest-coherence: worst=3.1deg bone[2]='bone_R-pinky03.mesh' count(>5deg)=0 freshRecap=0  xcheck(invOff-vs-restW) worst=3.1deg bone[2]
  TIER2 joint-attach(PRIMARY): worst=76.58u bone[17]='bone_R-ringfinger02.mesh' parent[15] R=46.7 exactJoint=0.00u pairs=30  (palette-wide exactWorst=0.01u)
[HANDS_ATTACH] mesh='hands_naked.mesh' owner='hands_naked.mesh' frame=906 nb=40 wext=63.7 rebound=1
  TIER1 rest-coherence: worst=28.9deg bone[29]='bone_L-thumb03.mesh' count(>5deg)=40 freshRecap=0  xcheck(invOff-vs-restW) worst=28.9deg bone[29]
  TIER2 joint-attach(PRIMARY): worst=58.63u bone[5]='bone_R-ringfinger02.mesh' parent[24] R=46.7 exactJoint=0.44u pairs=36  (palette-wide exactWorst=0.94u)
[HANDS_ATTACH] mesh='hands_naked.mesh' owner='hands_naked.mesh' frame=906 nb=38 wext=100.9 rebound=1
  TIER1 rest-coherence: worst=3.1deg bone[2]='bone_R-pinky03.mesh' count(>5deg)=0 freshRecap=0  xcheck(invOff-vs-restW) worst=3.1deg bone[2]
  TIER2 joint-attach(PRIMARY): worst=102.51u bone[11]='bone_R-middlefinger02.mesh' parent[1] R=46.8 exactJoint=0.01u pairs=30  (palette-wide exactWorst=0.34u)
[IK_SHARD_VERT] mesh='hands_naked.mesh' wext=64 worstVtx=176 domBone[7]='bone_R-middlefinger03.mesh' w=1.00 vertR=65.0 vertDevFromCentroid=28 bindVert=(17.3,3.3,16.5)
[HANDS_ATTACH] mesh='fingernails_resource.mesh' owner='fingernails_resource.mesh' frame=907 nb=10 wext=55.3 rebound=1
  TIER1 rest-coherence: worst=177.7deg bone[5]='bone_R-thumb03.mesh' count(>5deg)=10 freshRecap=0  xcheck(invOff-vs-restW) worst=177.7deg bone[5]
  TIER2 joint-attach(PRIMARY): worst=0.00u bone[-1]='?' parent[-1] R=0.0 exactJoint=0.00u pairs=0  (palette-wide exactWorst=0.00u)
[HANDS_ATTACH] mesh='fingernails_resource.mesh' owner='fingernails_resource.mesh' frame=907 nb=10 wext=31.1 rebound=1
  TIER1 rest-coherence: worst=177.5deg bone[9]='bone_L-index03.mesh' count(>5deg)=10 freshRecap=0  xcheck(invOff-vs-restW) worst=177.5deg bone[9]
  TIER2 joint-attach(PRIMARY): worst=0.00u bone[-1]='?' parent[-1] R=0.0 exactJoint=0.00u pairs=0  (palette-wide exactWorst=0.00u)
[HANDS_ATTACH] mesh='fingernails_resource.mesh' owner='fingernails_resource.mesh' frame=907 nb=10 wext=39.1 rebound=1
  TIER1 rest-coherence: worst=178.5deg bone[2]='bone_L-index03.mesh' count(>5deg)=10 freshRecap=0  xcheck(invOff-vs-restW) worst=178.5deg bone[2]
  TIER2 joint-attach(PRIMARY): worst=0.00u bone[-1]='?' parent[-1] R=0.0 exactJoint=0.00u pairs=0  (palette-wide exactWorst=0.00u)
[IK_SHARD_VERT] mesh='hands_naked.mesh' wext=64 worstVtx=176 domBone[7]='bone_R-middlefinger03.mesh' w=1.00 vertR=65.0 vertDevFromCentroid=28 bindVert=(17.3,3.3,16.5)
[HANDS_ATTACH] mesh='gloves_resource.1.mesh' owner='gloves_resource.1.mesh' frame=916 nb=4 wext=10.1 rebound=1
  TIER1 rest-coherence: worst=14.6deg bone[1]='bone_L-hand.mesh' count(>5deg)=4 freshRecap=0  xcheck(invOff-vs-restW) worst=14.6deg bone[1]
  TIER2 joint-attach(PRIMARY): worst=21.96u bone[3]='bone_L-index02.mesh' parent[2] R=47.0 exactJoint=0.35u pairs=3  (palette-wide exactWorst=0.37u)
[HANDS_ATTACH] mesh='gloves_resource.mesh' owner='gloves_resource.mesh' frame=916 nb=40 wext=67.9 rebound=1
  TIER1 rest-coherence: worst=28.9deg bone[28]='bone_L-thumb03.mesh' count(>5deg)=40 freshRecap=0  xcheck(invOff-vs-restW) worst=28.9deg bone[28]
  TIER2 joint-attach(PRIMARY): worst=115.10u bone[16]='bone_R-ringfinger02.mesh' parent[19] R=46.7 exactJoint=0.44u pairs=36  (palette-wide exactWorst=0.94u)
[HANDS_ATTACH] mesh='gloves_skin.2.mesh' owner='gloves_skin.2.mesh' frame=916 nb=9 wext=37.0 rebound=1
  TIER1 rest-coherence: worst=17.9deg bone[8]='bone_L-foreTwist2.mesh' count(>5deg)=9 freshRecap=0  xcheck(invOff-vs-restW) worst=17.9deg bone[7]
  TIER2 joint-attach(PRIMARY): worst=0.94u bone[3]='bone_R-pinky-base.mesh' parent[2] R=48.7 exactJoint=0.94u pairs=5  (palette-wide exactWorst=0.94u)
[HANDS_ATTACH] mesh='hands_naked.mesh' owner='hands_naked.mesh' frame=916 nb=38 wext=99.4 rebound=1
  TIER1 rest-coherence: worst=3.1deg bone[2]='bone_R-pinky03.mesh' count(>5deg)=0 freshRecap=0  xcheck(invOff-vs-restW) worst=3.1deg bone[2]
  TIER2 joint-attach(PRIMARY): worst=76.58u bone[17]='bone_R-ringfinger02.mesh' parent[15] R=46.7 exactJoint=0.00u pairs=30  (palette-wide exactWorst=0.01u)
[HANDS_ATTACH] mesh='hands_naked.mesh' owner='hands_naked.mesh' frame=916 nb=40 wext=63.7 rebound=1
  TIER1 rest-coherence: worst=28.9deg bone[29]='bone_L-thumb03.mesh' count(>5deg)=40 freshRecap=0  xcheck(invOff-vs-restW) worst=28.9deg bone[29]
  TIER2 joint-attach(PRIMARY): worst=58.63u bone[5]='bone_R-ringfinger02.mesh' parent[24] R=46.7 exactJoint=0.44u pairs=36  (palette-wide exactWorst=0.94u)
[HANDS_ATTACH] mesh='hands_naked.mesh' owner='hands_naked.mesh' frame=916 nb=38 wext=101.1 rebound=1
  TIER1 rest-coherence: worst=3.1deg bone[2]='bone_R-pinky03.mesh' count(>5deg)=0 freshRecap=0  xcheck(invOff-vs-restW) worst=3.1deg bone[2]
  TIER2 joint-attach(PRIMARY): worst=102.51u bone[11]='bone_R-middlefinger02.mesh' parent[1] R=46.8 exactJoint=0.01u pairs=30  (palette-wide exactWorst=0.34u)
[IK_SHARD_VERT] mesh='hands_naked.mesh' wext=64 worstVtx=176 domBone[7]='bone_R-middlefinger03.mesh' w=1.00 vertR=65.0 vertDevFromCentroid=28 bindVert=(17.3,3.3,16.5)
[IK_SHARD_VERT] mesh='gloves_resource.mesh' wext=68 worstVtx=1196 domBone[14]='bone_R-ringfinger03.mesh' w=1.00 vertR=71.5 vertDevFromCentroid=31 bindVert=(17.3,0.5,34.6)
[IK_SHARD_VERT] mesh='scrollbar_bg.mesh' wext=324 worstVtx=10 domBone[1]='scrollbar_bg_bone_bottom.mesh' w=1.00 vertR=5.7 vertDevFromCentroid=632 bindVert=(-5.7,0.0,-40.0)
[IK_SHARD_VERT] mesh='hands_naked.mesh' wext=64 worstVtx=176 domBone[7]='bone_R-middlefinger03.mesh' w=1.00 vertR=65.0 vertDevFromCentroid=28 bindVert=(17.3,3.3,16.5)
[HANDS_ATTACH] mesh='gloves_resource.1.mesh' owner='gloves_resource.1.mesh' frame=926 nb=4 wext=10.1 rebound=1
  TIER1 rest-coherence: worst=14.6deg bone[1]='bone_L-hand.mesh' count(>5deg)=4 freshRecap=0  xcheck(invOff-vs-restW) worst=14.6deg bone[1]
  TIER2 joint-attach(PRIMARY): worst=21.96u bone[3]='bone_L-index02.mesh' parent[2] R=47.0 exactJoint=0.35u pairs=3  (palette-wide exactWorst=0.37u)
[HANDS_ATTACH] mesh='gloves_resource.mesh' owner='gloves_resource.mesh' frame=926 nb=40 wext=67.9 rebound=1
  TIER1 rest-coherence: worst=28.9deg bone[28]='bone_L-thumb03.mesh' count(>5deg)=40 freshRecap=0  xcheck(invOff-vs-restW) worst=28.9deg bone[28]
  TIER2 joint-attach(PRIMARY): worst=115.10u bone[16]='bone_R-ringfinger02.mesh' parent[19] R=46.7 exactJoint=0.44u pairs=36  (palette-wide exactWorst=0.94u)
[HANDS_ATTACH] mesh='gloves_skin.2.mesh' owner='gloves_skin.2.mesh' frame=926 nb=9 wext=37.0 rebound=1
  TIER1 rest-coherence: worst=17.9deg bone[8]='bone_L-foreTwist2.mesh' count(>5deg)=9 freshRecap=0  xcheck(invOff-vs-restW) worst=17.9deg bone[7]
  TIER2 joint-attach(PRIMARY): worst=0.94u bone[3]='bone_R-pinky-base.mesh' parent[2] R=48.7 exactJoint=0.94u pairs=5  (palette-wide exactWorst=0.94u)
[HANDS_ATTACH] mesh='hands_naked.mesh' owner='hands_naked.mesh' frame=926 nb=38 wext=99.5 rebound=1
  TIER1 rest-coherence: worst=3.1deg bone[2]='bone_R-pinky03.mesh' count(>5deg)=0 freshRecap=0  xcheck(invOff-vs-restW) worst=3.1deg bone[2]
  TIER2 joint-attach(PRIMARY): worst=76.58u bone[17]='bone_R-ringfinger02.mesh' parent[15] R=46.7 exactJoint=0.00u pairs=30  (palette-wide exactWorst=0.01u)
[HANDS_ATTACH] mesh='hands_naked.mesh' owner='hands_naked.mesh' frame=926 nb=40 wext=63.9 rebound=1
  TIER1 rest-coherence: worst=28.9deg bone[29]='bone_L-thumb03.mesh' count(>5deg)=40 freshRecap=0  xcheck(invOff-vs-restW) worst=28.9deg bone[29]
  TIER2 joint-attach(PRIMARY): worst=58.63u bone[5]='bone_R-ringfinger02.mesh' parent[24] R=46.7 exactJoint=0.44u pairs=36  (palette-wide exactWorst=0.94u)
[HANDS_ATTACH] mesh='hands_naked.mesh' owner='hands_naked.mesh' frame=926 nb=38 wext=101.2 rebound=1
  TIER1 rest-coherence: worst=3.1deg bone[2]='bone_R-pinky03.mesh' count(>5deg)=0 freshRecap=0  xcheck(invOff-vs-restW) worst=3.1deg bone[2]
  TIER2 joint-attach(PRIMARY): worst=102.51u bone[11]='bone_R-middlefinger02.mesh' parent[1] R=46.8 exactJoint=0.01u pairs=30  (palette-wide exactWorst=0.34u)
[IK_SHARD_VERT] mesh='hands_naked.mesh' wext=64 worstVtx=176 domBone[7]='bone_R-middlefinger03.mesh' w=1.00 vertR=65.0 vertDevFromCentroid=28 bindVert=(17.3,3.3,16.5)
[HANDS_ATTACH] mesh='fingernails_resource.mesh' owner='fingernails_resource.mesh' frame=927 nb=10 wext=55.5 rebound=1
  TIER1 rest-coherence: worst=177.7deg bone[5]='bone_R-thumb03.mesh' count(>5deg)=10 freshRecap=0  xcheck(invOff-vs-restW) worst=177.7deg bone[5]
  TIER2 joint-attach(PRIMARY): worst=0.00u bone[-1]='?' parent[-1] R=0.0 exactJoint=0.00u pairs=0  (palette-wide exactWorst=0.00u)
[HANDS_ATTACH] mesh='fingernails_resource.mesh' owner='fingernails_resource.mesh' frame=927 nb=10 wext=31.4 rebound=1
  TIER1 rest-coherence: worst=177.5deg bone[9]='bone_L-index03.mesh' count(>5deg)=10 freshRecap=0  xcheck(invOff-vs-restW) worst=177.5deg bone[9]
  TIER2 joint-attach(PRIMARY): worst=0.00u bone[-1]='?' parent[-1] R=0.0 exactJoint=0.00u pairs=0  (palette-wide exactWorst=0.00u)
[HANDS_ATTACH] mesh='fingernails_resource.mesh' owner='fingernails_resource.mesh' frame=927 nb=10 wext=39.2 rebound=1
  TIER1 rest-coherence: worst=178.5deg bone[2]='bone_L-index03.mesh' count(>5deg)=10 freshRecap=0  xcheck(invOff-vs-restW) worst=178.5deg bone[2]
  TIER2 joint-attach(PRIMARY): worst=0.00u bone[-1]='?' parent[-1] R=0.0 exactJoint=0.00u pairs=0  (palette-wide exactWorst=0.00u)
[IK_SHARD_VERT] mesh='hands_naked.mesh' wext=64 worstVtx=176 domBone[7]='bone_R-middlefinger03.mesh' w=1.00 vertR=65.0 vertDevFromCentroid=28 bindVert=(17.3,3.3,16.5)
[IK_SHARD_VERT] mesh='gloves_resource.mesh' wext=68 worstVtx=1196 domBone[14]='bone_R-ringfinger03.mesh' w=1.00 vertR=71.5 vertDevFromCentroid=31 bindVert=(17.3,0.5,34.6)
[HANDS_ATTACH] mesh='gloves_resource.1.mesh' owner='gloves_resource.1.mesh' frame=936 nb=4 wext=10.1 rebound=1
  TIER1 rest-coherence: worst=14.6deg bone[1]='bone_L-hand.mesh' count(>5deg)=4 freshRecap=0  xcheck(invOff-vs-restW) worst=14.6deg bone[1]
  TIER2 joint-attach(PRIMARY): worst=21.96u bone[3]='bone_L-index02.mesh' parent[2] R=47.0 exactJoint=0.35u pairs=3  (palette-wide exactWorst=0.37u)
[HANDS_ATTACH] mesh='gloves_resource.mesh' owner='gloves_resource.mesh' frame=936 nb=40 wext=67.7 rebound=1
  TIER1 rest-coherence: worst=28.9deg bone[28]='bone_L-thumb03.mesh' count(>5deg)=40 freshRecap=0  xcheck(invOff-vs-restW) worst=28.9deg bone[28]
  TIER2 joint-attach(PRIMARY): worst=115.10u bone[16]='bone_R-ringfinger02.mesh' parent[19] R=46.7 exactJoint=0.44u pairs=36  (palette-wide exactWorst=0.94u)
[HANDS_ATTACH] mesh='gloves_skin.2.mesh' owner='gloves_skin.2.mesh' frame=936 nb=9 wext=36.9 rebound=1
  TIER1 rest-coherence: worst=17.9deg bone[8]='bone_L-foreTwist2.mesh' count(>5deg)=9 freshRecap=0  xcheck(invOff-vs-restW) worst=17.9deg bone[7]
  TIER2 joint-attach(PRIMARY): worst=0.94u bone[3]='bone_R-pinky-base.mesh' parent[2] R=48.7 exactJoint=0.94u pairs=5  (palette-wide exactWorst=0.94u)
[HANDS_ATTACH] mesh='hands_naked.mesh' owner='hands_naked.mesh' frame=936 nb=38 wext=98.8 rebound=1
  TIER1 rest-coherence: worst=3.1deg bone[2]='bone_R-pinky03.mesh' count(>5deg)=0 freshRecap=0  xcheck(invOff-vs-restW) worst=3.1deg bone[2]
  TIER2 joint-attach(PRIMARY): worst=76.58u bone[17]='bone_R-ringfinger02.mesh' parent[15] R=46.7 exactJoint=0.00u pairs=30  (palette-wide exactWorst=0.01u)
[HANDS_ATTACH] mesh='hands_naked.mesh' owner='hands_naked.mesh' frame=936 nb=40 wext=63.5 rebound=1
  TIER1 rest-coherence: worst=28.9deg bone[29]='bone_L-thumb03.mesh' count(>5deg)=40 freshRecap=0  xcheck(invOff-vs-restW) worst=28.9deg bone[29]
  TIER2 joint-attach(PRIMARY): worst=58.63u bone[5]='bone_R-ringfinger02.mesh' parent[24] R=46.7 exactJoint=0.44u pairs=36  (palette-wide exactWorst=0.94u)
[HANDS_ATTACH] mesh='hands_naked.mesh' owner='hands_naked.mesh' frame=936 nb=38 wext=100.5 rebound=1
  TIER1 rest-coherence: worst=3.1deg bone[2]='bone_R-pinky03.mesh' count(>5deg)=0 freshRecap=0  xcheck(invOff-vs-restW) worst=3.1deg bone[2]
  TIER2 joint-attach(PRIMARY): worst=102.51u bone[11]='bone_R-middlefinger02.mesh' parent[1] R=46.8 exactJoint=0.01u pairs=30  (palette-wide exactWorst=0.34u)
[IK_SHARD_VERT] mesh='hands_naked.mesh' wext=64 worstVtx=176 domBone[7]='bone_R-middlefinger03.mesh' w=1.00 vertR=65.0 vertDevFromCentroid=28 bindVert=(17.3,3.3,16.5)
[IK_SHARD_VERT] mesh='hands_naked.mesh' wext=64 worstVtx=176 domBone[7]='bone_R-middlefinger03.mesh' w=1.00 vertR=65.0 vertDevFromCentroid=28 bindVert=(17.3,3.3,16.5)
[HANDS_ATTACH] mesh='gloves_resource.1.mesh' owner='gloves_resource.1.mesh' frame=946 nb=4 wext=10.1 rebound=1
  TIER1 rest-coherence: worst=14.6deg bone[1]='bone_L-hand.mesh' count(>5deg)=4 freshRecap=0  xcheck(invOff-vs-restW) worst=14.6deg bone[1]
  TIER2 joint-attach(PRIMARY): worst=21.96u bone[3]='bone_L-index02.mesh' parent[2] R=47.0 exactJoint=0.35u pairs=3  (palette-wide exactWorst=0.37u)
[HANDS_ATTACH] mesh='gloves_resource.mesh' owner='gloves_resource.mesh' frame=946 nb=40 wext=67.9 rebound=1
  TIER1 rest-coherence: worst=28.9deg bone[28]='bone_L-thumb03.mesh' count(>5deg)=40 freshRecap=0  xcheck(invOff-vs-restW) worst=28.9deg bone[28]
  TIER2 joint-attach(PRIMARY): worst=115.10u bone[16]='bone_R-ringfinger02.mesh' parent[19] R=46.7 exactJoint=0.44u pairs=36  (palette-wide exactWorst=0.94u)
[HANDS_ATTACH] mesh='gloves_skin.2.mesh' owner='gloves_skin.2.mesh' frame=946 nb=9 wext=37.0 rebound=1
  TIER1 rest-coherence: worst=17.9deg bone[8]='bone_L-foreTwist2.mesh' count(>5deg)=9 freshRecap=0  xcheck(invOff-vs-restW) worst=17.9deg bone[7]
  TIER2 joint-attach(PRIMARY): worst=0.94u bone[3]='bone_R-pinky-base.mesh' parent[2] R=48.7 exactJoint=0.94u pairs=5  (palette-wide exactWorst=0.94u)
[HANDS_ATTACH] mesh='hands_naked.mesh' owner='hands_naked.mesh' frame=946 nb=38 wext=99.6 rebound=1
  TIER1 rest-coherence: worst=3.1deg bone[2]='bone_R-pinky03.mesh' count(>5deg)=0 freshRecap=0  xcheck(invOff-vs-restW) worst=3.1deg bone[2]
  TIER2 joint-attach(PRIMARY): worst=76.58u bone[17]='bone_R-ringfinger02.mesh' parent[15] R=46.7 exactJoint=0.00u pairs=30  (palette-wide exactWorst=0.01u)
[HANDS_ATTACH] mesh='hands_naked.mesh' owner='hands_naked.mesh' frame=946 nb=40 wext=63.7 rebound=1
  TIER1 rest-coherence: worst=28.9deg bone[29]='bone_L-thumb03.mesh' count(>5deg)=40 freshRecap=0  xcheck(invOff-vs-restW) worst=28.9deg bone[29]
  TIER2 joint-attach(PRIMARY): worst=58.63u bone[5]='bone_R-ringfinger02.mesh' parent[24] R=46.7 exactJoint=0.44u pairs=36  (palette-wide exactWorst=0.94u)
[HANDS_ATTACH] mesh='hands_naked.mesh' owner='hands_naked.mesh' frame=946 nb=38 wext=99.3 rebound=1
  TIER1 rest-coherence: worst=3.1deg bone[2]='bone_R-pinky03.mesh' count(>5deg)=0 freshRecap=0  xcheck(invOff-vs-restW) worst=3.1deg bone[2]
  TIER2 joint-attach(PRIMARY): worst=102.51u bone[11]='bone_R-middlefinger02.mesh' parent[1] R=46.8 exactJoint=0.01u pairs=30  (palette-wide exactWorst=0.34u)
[IK_SHARD_VERT] mesh='hands_naked.mesh' wext=64 worstVtx=176 domBone[7]='bone_R-middlefinger03.mesh' w=1.00 vertR=65.0 vertDevFromCentroid=28 bindVert=(17.3,3.3,16.5)
[HANDS_ATTACH] mesh='fingernails_resource.mesh' owner='fingernails_resource.mesh' frame=947 nb=10 wext=53.6 rebound=1
  TIER1 rest-coherence: worst=177.7deg bone[5]='bone_R-thumb03.mesh' count(>5deg)=10 freshRecap=0  xcheck(invOff-vs-restW) worst=177.7deg bone[5]
  TIER2 joint-attach(PRIMARY): worst=0.00u bone[-1]='?' parent[-1] R=0.0 exactJoint=0.00u pairs=0  (palette-wide exactWorst=0.00u)
[HANDS_ATTACH] mesh='fingernails_resource.mesh' owner='fingernails_resource.mesh' frame=947 nb=10 wext=30.9 rebound=1
  TIER1 rest-coherence: worst=177.5deg bone[9]='bone_L-index03.mesh' count(>5deg)=10 freshRecap=0  xcheck(invOff-vs-restW) worst=177.5deg bone[9]
  TIER2 joint-attach(PRIMARY): worst=0.00u bone[-1]='?' parent[-1] R=0.0 exactJoint=0.00u pairs=0  (palette-wide exactWorst=0.00u)
[HANDS_ATTACH] mesh='fingernails_resource.mesh' owner='fingernails_resource.mesh' frame=947 nb=10 wext=39.4 rebound=1
  TIER1 rest-coherence: worst=178.5deg bone[2]='bone_L-index03.mesh' count(>5deg)=10 freshRecap=0  xcheck(invOff-vs-restW) worst=178.5deg bone[2]
  TIER2 joint-attach(PRIMARY): worst=0.00u bone[-1]='?' parent[-1] R=0.0 exactJoint=0.00u pairs=0  (palette-wide exactWorst=0.00u)
[IK_SHARD_VERT] mesh='gloves_resource.mesh' wext=68 worstVtx=1196 domBone[14]='bone_R-ringfinger03.mesh' w=1.00 vertR=71.5 vertDevFromCentroid=31 bindVert=(17.3,0.5,34.6)
[IK_SHARD_VERT] mesh='hands_naked.mesh' wext=64 worstVtx=176 domBone[7]='bone_R-middlefinger03.mesh' w=1.00 vertR=65.0 vertDevFromCentroid=28 bindVert=(17.3,3.3,16.5)
[HANDS_ATTACH] mesh='gloves_resource.1.mesh' owner='gloves_resource.1.mesh' frame=956 nb=4 wext=10.1 rebound=1
