NOTIFY: Locale symbol 'error_tourprogress_owner_signed_out' redefined
[CHAR_MESH] char='player0' mesh='fingernails_resource.mesh' bones=10 rebound=0 shared=0
[CHAR_MESH] char='player0' mesh='tongue.mesh' bones=4 rebound=0 shared=0
[CHAR_MESH] char='player0' mesh='head.mesh' bones=33 rebound=0 shared=0
[CHAR_MESH] char='player0' mesh='upperteeth.mesh' bones=1 rebound=0 shared=0
[CHAR_MESH] char='player0' mesh='eyebrows1_resource.mesh' bones=6 rebound=0 shared=0
[CHAR_MESH] char='player0' mesh='youngozzie_resource.mesh' bones=17 rebound=0 shared=0
[CHAR_MESH] char='player0' mesh='hands_naked.mesh' bones=38 rebound=0 shared=0
[CHAR_MESH] char='player0' mesh='eyes.mesh' bones=2 rebound=0 shared=0
[CHAR_MESH] char='player0' mesh='male_facehair_lemmy.mesh' bones=33 rebound=0 shared=0
[CHAR_MESH] char='player0' mesh='lowerteeth.mesh' bones=1 rebound=0 shared=0
[CHAR_MESH] char='player0' mesh='vestdenim_resource.mesh' bones=18 rebound=0 shared=0
[CHAR_MESH] char='player0' mesh='vestdenim_skin.1.mesh' bones=27 rebound=0 shared=0
[CHAR_MESH] char='player0' mesh='tightdistressedpants_skin.3.mesh' bones=4 rebound=0 shared=0
[CHAR_MESH] char='player0' mesh='tightdistressedpants_resource.1.mesh' bones=4 rebound=0 shared=0
[CHAR_MESH] char='player0' mesh='tightdistressedpants_resource.mesh' bones=9 rebound=0 shared=0
[CHAR_MESH] char='player0' mesh='tightdistressedpants_skin.2.mesh' bones=4 rebound=0 shared=0
[CHAR_MESH] char='player0' mesh='cowboyboots_resource.mesh' bones=6 rebound=0 shared=0
[SKEL_REBIND] member='player0' path='player0 (char/main/main.milo)' skinMeshes=0 slots=0 reboundDiff=0 same=0 nullOwn=0
NOTIFY: --->Arvin/Diana: Skinned mesh needs to be re-exported: blownback_resource.mesh (char/main/hair/female/female_hair_blownback_resource.milo)
[CHAR_MESH] char='player1' mesh='fingernails_resource.mesh' bones=10 rebound=0 shared=0
[CHAR_MESH] char='player1' mesh='tongue.mesh' bones=4 rebound=0 shared=0
[CHAR_MESH] char='player1' mesh='head.mesh' bones=39 rebound=0 shared=0
[CHAR_MESH] char='player1' mesh='upperteeth.mesh' bones=1 rebound=0 shared=0
[CHAR_MESH] char='player1' mesh='hands_naked.mesh' bones=40 rebound=0 shared=0
[CHAR_MESH] char='player1' mesh='blownback_resource.mesh' bones=17 rebound=0 shared=0
[CHAR_MESH] char='player1' mesh='eyes.mesh' bones=2 rebound=0 shared=0
[CHAR_MESH] char='player1' mesh='female_eyebrows_09_resource.mesh' bones=6 rebound=0 shared=0
[CHAR_MESH] char='player1' mesh='lowerteeth.mesh' bones=1 rebound=0 shared=0
[CHAR_MESH] char='player1' mesh='trackjacket_resource.mesh' bones=24 rebound=0 shared=0
[CHAR_MESH] char='player1' mesh='trackjacket_skin.2.mesh' bones=11 rebound=0 shared=0
[CHAR_MESH] char='player1' mesh='buttflappants_skin.2.mesh' bones=4 rebound=0 shared=0
[CHAR_MESH] char='player1' mesh='buttflappants_belts.mesh' bones=11 rebound=0 shared=0
[CHAR_MESH] char='player1' mesh='buttflappants_saftypin.mesh' bones=2 rebound=0 shared=0
[CHAR_MESH] char='player1' mesh='buttflappants_resource.1.mesh' bones=9 rebound=0 shared=0
[CHAR_MESH] char='player1' mesh='buttflappants_resource.mesh' bones=12 rebound=0 shared=0
[CHAR_MESH] char='player1' mesh='saddleshoe_resource.mesh' bones=4 rebound=0 shared=0
[CHAR_MESH] char='player1' mesh='saddleshoe_skin.2.mesh' bones=4 rebound=0 shared=0
[SKEL_REBIND] member='player1' path='player1 (char/main/main.milo)' skinMeshes=0 slots=0 reboundDiff=0 same=0 nullOwn=0
[CHAR_MESH] char='player2' mesh='fingernails_resource.mesh' bones=10 rebound=0 shared=0
[CHAR_MESH] char='player2' mesh='tongue.mesh' bones=4 rebound=0 shared=0
[CHAR_MESH] char='player2' mesh='head.mesh' bones=33 rebound=0 shared=0
[CHAR_MESH] char='player2' mesh='upperteeth.mesh' bones=1 rebound=0 shared=0
[CHAR_MESH] char='player2' mesh='malewrist_barbedwire_right.mesh' bones=3 rebound=0 shared=0
[CHAR_MESH] char='player2' mesh='maleearrings_plug.mesh' bones=2 rebound=0 shared=0
[CHAR_MESH] char='player2' mesh='eyebrows8_resource.mesh' bones=6 rebound=0 shared=0
[CHAR_MESH] char='player2' mesh='mohawk_resource.mesh' bones=5 rebound=0 shared=0
[CHAR_MESH] char='player2' mesh='hands_naked.mesh' bones=38 rebound=0 shared=0
[CHAR_MESH] char='player2' mesh='eyes.mesh' bones=2 rebound=0 shared=0
[CHAR_MESH] char='player2' mesh='lowerteeth.mesh' bones=1 rebound=0 shared=0
[CHAR_MESH] char='player2' mesh='shred_skin.1.mesh' bones=27 rebound=0 shared=0
[CHAR_MESH] char='player2' mesh='shred_resource.mesh' bones=19 rebound=0 shared=0
[CHAR_MESH] char='player2' mesh='grungepants_skin.2.mesh' bones=2 rebound=0 shared=0
[CHAR_MESH] char='player2' mesh='grungepants_resource.mesh' bones=8 rebound=0 shared=0
[CHAR_MESH] char='player2' mesh='nailboots_resource.mesh' bones=6 rebound=0 shared=0
[SKEL_REBIND] member='player2' path='player2 (char/main/main.milo)' skinMeshes=0 slots=0 reboundDiff=0 same=0 nullOwn=0
[CHAR_MESH] char='player3' mesh='fingernails_resource.mesh' bones=10 rebound=0 shared=0
[CHAR_MESH] char='player3' mesh='tongue.mesh' bones=4 rebound=0 shared=0
[CHAR_MESH] char='player3' mesh='head.mesh' bones=33 rebound=0 shared=0
[CHAR_MESH] char='player3' mesh='eyebrows5_resource.mesh' bones=6 rebound=0 shared=0
[CHAR_MESH] char='player3' mesh='upperteeth.mesh' bones=1 rebound=0 shared=0
[CHAR_MESH] char='player3' mesh='malewrist_hercules_right.mesh' bones=3 rebound=0 shared=0
[CHAR_MESH] char='player3' mesh='hands_naked.mesh' bones=38 rebound=0 shared=0
[CHAR_MESH] char='player3' mesh='bedhead_resource.mesh' bones=10 rebound=0 shared=0
[CHAR_MESH] char='player3' mesh='eyes.mesh' bones=2 rebound=0 shared=0
[CHAR_MESH] char='player3' mesh='lowerteeth.mesh' bones=1 rebound=0 shared=0
[CHAR_MESH] char='player3' mesh='plaidshirt_skin.1.mesh' bones=21 rebound=0 shared=0
[CHAR_MESH] char='player3' mesh='plaidshirt_resource.mesh' bones=24 rebound=0 shared=0
[CHAR_MESH] char='player3' mesh='tightjeans_resource.mesh' bones=10 rebound=0 shared=0
[CHAR_MESH] char='player3' mesh='dressshoes_resource.1.mesh' bones=6 rebound=0 shared=0
[CHAR_MESH] char='player3' mesh='dressshoes_resource.mesh' bones=6 rebound=0 shared=0
[CHAR_MESH] char='player3' mesh='dressshoes_skin.2.mesh' bones=5 rebound=0 shared=0
[SKEL_REBIND] member='player3' path='player3 (char/main/main.milo)' skinMeshes=0 slots=0 reboundDiff=0 same=0 nullOwn=0
RB3 Native: entering frame loop — unbounded (RB3_HTTP keep-alive)
RB3 input: scheduled @320 (min) -> down (action 8)
[CHAR_MESH] char='player2' mesh='fingernails_resource.mesh' bones=10 rebound=0 shared=0
[CHAR_MESH] char='player2' mesh='tongue.mesh' bones=4 rebound=0 shared=0
[CHAR_MESH] char='player2' mesh='head.mesh' bones=33 rebound=0 shared=0
[CHAR_MESH] char='player2' mesh='cast_resource.mesh' bones=8 rebound=0 shared=0
[CHAR_MESH] char='player2' mesh='upperteeth.mesh' bones=1 rebound=0 shared=0
[CHAR_MESH] char='player2' mesh='powermullet_resource.mesh' bones=4 rebound=0 shared=0
[CHAR_MESH] char='player2' mesh='eyebrows1_resource.mesh' bones=6 rebound=0 shared=0
[CHAR_MESH] char='player2' mesh='powermullet_resource.1.mesh' bones=3 rebound=0 shared=0
[CHAR_MESH] char='player2' mesh='hands_naked.mesh' bones=38 rebound=0 shared=0
[CHAR_MESH] char='player2' mesh='eyes.mesh' bones=2 rebound=0 shared=0
[CHAR_MESH] char='player2' mesh='lowerteeth.mesh' bones=1 rebound=0 shared=0
[CHAR_MESH] char='player2' mesh='escapeartist_resource.mesh' bones=20 rebound=0 shared=0
[CHAR_MESH] char='player2' mesh='escapeartist_skin.1.mesh' bones=27 rebound=0 shared=0
[CHAR_MESH] char='player2' mesh='jeansripped_skin.2.mesh' bones=6 rebound=0 shared=0
[CHAR_MESH] char='player2' mesh='jeansripped_resource.mesh' bones=8 rebound=0 shared=0
[CHAR_MESH] char='player2' mesh='jeansripped_resource.1.mesh' bones=3 rebound=0 shared=0
[CHAR_MESH] char='player2' mesh='nailboots_resource.mesh' bones=6 rebound=0 shared=0
[SKEL_REBIND] member='player2' path='player2 (char/main/main.milo)' skinMeshes=0 slots=0 reboundDiff=0 same=0 nullOwn=0
[CHAR_MESH] char='player0' mesh='fingernails_resource.mesh' bones=10 rebound=0 shared=0
[CHAR_MESH] char='player0' mesh='tongue.mesh' bones=4 rebound=0 shared=0
[CHAR_MESH] char='player0' mesh='head.mesh' bones=33 rebound=0 shared=0
[CHAR_MESH] char='player0' mesh='upperteeth.mesh' bones=1 rebound=0 shared=0
[CHAR_MESH] char='player0' mesh='fauxhawk_resource.mesh' bones=7 rebound=0 shared=0
[CHAR_MESH] char='player0' mesh='hands_naked.mesh' bones=38 rebound=0 shared=0
[CHAR_MESH] char='player0' mesh='eyes.mesh' bones=2 rebound=0 shared=0
[CHAR_MESH] char='player0' mesh='eyebrows15_resource.mesh' bones=6 rebound=0 shared=0
[CHAR_MESH] char='player0' mesh='lowerteeth.mesh' bones=1 rebound=0 shared=0
[CHAR_MESH] char='player0' mesh='male_piercings_combo07.mesh' bones=33 rebound=0 shared=0
[CHAR_MESH] char='player0' mesh='greaserjacket_skin.2.mesh' bones=21 rebound=0 shared=0
[CHAR_MESH] char='player0' mesh='greaserjacket_resource.1.mesh' bones=4 rebound=0 shared=0
[CHAR_MESH] char='player0' mesh='greaserjacket_resource.mesh' bones=29 rebound=0 shared=0
[CHAR_MESH] char='player0' mesh='tightdistressedpants_skin.3.mesh' bones=4 rebound=0 shared=0
[CHAR_MESH] char='player0' mesh='tightdistressedpants_resource.1.mesh' bones=4 rebound=0 shared=0
[CHAR_MESH] char='player0' mesh='tightdistressedpants_resource.mesh' bones=9 rebound=0 shared=0
[CHAR_MESH] char='player0' mesh='tightdistressedpants_skin.2.mesh' bones=4 rebound=0 shared=0
[CHAR_MESH] char='player0' mesh='motorcycleboots_resource.mesh' bones=6 rebound=0 shared=0
[SKEL_REBIND] member='player0' path='player0 (char/main/main.milo)' skinMeshes=0 slots=0 reboundDiff=0 same=0 nullOwn=0
[CHAR_MESH] char='player1' mesh='fingernails_resource.mesh' bones=10 rebound=0 shared=0
[CHAR_MESH] char='player1' mesh='ladyfro_resource.mesh' bones=1 rebound=0 shared=0
[CHAR_MESH] char='player1' mesh='tongue.mesh' bones=4 rebound=0 shared=0
[CHAR_MESH] char='player1' mesh='head.mesh' bones=39 rebound=0 shared=0
[CHAR_MESH] char='player1' mesh='upperteeth.mesh' bones=1 rebound=0 shared=0
[CHAR_MESH] char='player1' mesh='ladyfro_toplayer_resource.mesh' bones=1 rebound=0 shared=0
[CHAR_MESH] char='player1' mesh='femaleearrings_peacock.mesh' bones=6 rebound=0 shared=0
[CHAR_MESH] char='player1' mesh='femalerings_jem.mesh' bones=2 rebound=0 shared=0
[CHAR_MESH] char='player1' mesh='hands_naked.mesh' bones=40 rebound=0 shared=0
[CHAR_MESH] char='player1' mesh='female_eyebrows_06_resource.mesh' bones=6 rebound=0 shared=0
[CHAR_MESH] char='player1' mesh='eyes.mesh' bones=2 rebound=0 shared=0
[CHAR_MESH] char='player1' mesh='lowerteeth.mesh' bones=1 rebound=0 shared=0
[CHAR_MESH] char='player1' mesh='hippyfringe_resource.2.mesh' bones=6 rebound=0 shared=0
[CHAR_MESH] char='player1' mesh='hippyfringe_resource.mesh' bones=40 rebound=0 shared=0
[CHAR_MESH] char='player1' mesh='hippyfringe_skin.2.mesh' bones=15 rebound=0 shared=0
[CHAR_MESH] char='player1' mesh='hippyfringe_resource.1.mesh' bones=13 rebound=0 shared=0
[CHAR_MESH] char='player1' mesh='jumpsuitshorts_resource.mesh' bones=4 rebound=0 shared=0
[CHAR_MESH] char='player1' mesh='jumpsuitshorts_skin.2.mesh' bones=8 rebound=0 shared=0
[CHAR_MESH] char='player1' mesh='modavengerboots_resource.mesh' bones=6 rebound=0 shared=0
[SKEL_REBIND] member='player1' path='player1 (char/main/main.milo)' skinMeshes=0 slots=0 reboundDiff=0 same=0 nullOwn=0
[CHAR_MESH] char='player3' mesh='tongue.mesh' bones=4 rebound=0 shared=0
[CHAR_MESH] char='player3' mesh='head.mesh' bones=39 rebound=0 shared=0
[CHAR_MESH] char='player3' mesh='upperteeth.mesh' bones=1 rebound=0 shared=0
[CHAR_MESH] char='player3' mesh='visor_resource.mesh' bones=9 rebound=0 shared=0
[CHAR_MESH] char='player3' mesh='eyes.mesh' bones=2 rebound=0 shared=0
[CHAR_MESH] char='player3' mesh='female_eyebrows_09_resource.mesh' bones=6 rebound=0 shared=0
[CHAR_MESH] char='player3' mesh='lowerteeth.mesh' bones=1 rebound=0 shared=0
[CHAR_MESH] char='player3' mesh='clearcoat_resource.mesh' bones=25 rebound=0 shared=0
[CHAR_MESH] char='player3' mesh='clearcoat_shirt.mesh' bones=16 rebound=0 shared=0
[CHAR_MESH] char='player3' mesh='clearcoat_resource.2.mesh' bones=3 rebound=0 shared=0
[CHAR_MESH] char='player3' mesh='clearcoat_skin.1.mesh' bones=23 rebound=0 shared=0
[CHAR_MESH] char='player3' mesh='clearcoat_resource.1.mesh' bones=25 rebound=0 shared=0
[CHAR_MESH] char='player3' mesh='bikinistockings_resource.mesh' bones=5 rebound=0 shared=0
[CHAR_MESH] char='player3' mesh='bikinistockings_skin.2.mesh' bones=5 rebound=0 shared=0
[CHAR_MESH] char='player3' mesh='thighboots_resource.mesh' bones=6 rebound=0 shared=0
[CHAR_MESH] char='player3' mesh='gloves_resource.1.mesh' bones=4 rebound=0 shared=0
[CHAR_MESH] char='player3' mesh='gloves_resource.mesh' bones=40 rebound=0 shared=0
[CHAR_MESH] char='player3' mesh='gloves_skin.2.mesh' bones=9 rebound=0 shared=0
[SKEL_REBIND] member='player3' path='player3 (char/main/main.milo)' skinMeshes=0 slots=0 reboundDiff=0 same=0 nullOwn=0
[APD_DIAG] member='player0' mesh='fingernails_resource.mesh' bone='bone_R-pinky03.mesh' distinct=1 cached=1 bakedRest.ang=115.1 ownNow.ang=115.1 boundNow.ang=132.9 own=0x560a82d60cc0 bound=0x560a818d72c0
[APD_DIAG] member='player0' mesh='fingernails_resource.mesh' bone='bone_R-middlefinger03.mesh' distinct=1 cached=1 bakedRest.ang=106.0 ownNow.ang=106.0 boundNow.ang=129.9 own=0x560a82d5fbe0 bound=0x560a80730140
[APD_DIAG] member='player0' mesh='fingernails_resource.mesh' bone='bone_L-index03.mesh' distinct=1 cached=1 bakedRest.ang=141.5 ownNow.ang=141.5 boundNow.ang=126.0 own=0x560a82d4dd00 bound=0x560a81879ec0
[APD_DIAG] member='player0' mesh='fingernails_resource.mesh' bone='bone_R-index03.mesh' distinct=1 cached=1 bakedRest.ang=103.8 ownNow.ang=103.8 boundNow.ang=118.7 own=0x560a82d5e440 bound=0x560a81ed7060
[APD_DIAG] member='player0' mesh='fingernails_resource.mesh' bone='bone_R-ringfinger03.mesh' distinct=1 cached=1 bakedRest.ang=109.3 ownNow.ang=109.3 boundNow.ang=124.9 own=0x560a82d61a40 bound=0x560a806e4700
[APD_DIAG] member='player0' mesh='fingernails_resource.mesh' bone='bone_R-thumb03.mesh' distinct=1 cached=1 bakedRest.ang=158.2 ownNow.ang=158.2 boundNow.ang=169.5 own=0x560a82d63c00 bound=0x560a8057c6e0
[APD_DIAG] member='player0' mesh='fingernails_resource.mesh' bone='bone_L-thumb03.mesh' distinct=1 cached=1 bakedRest.ang=115.8 ownNow.ang=115.8 boundNow.ang=147.7 own=0x560a82d534c0 bound=0x560a80c7b4e0
[APD_DIAG] member='player0' mesh='fingernails_resource.mesh' bone='bone_L-middlefinger03.mesh' distinct=1 cached=1 bakedRest.ang=147.6 ownNow.ang=147.6 boundNow.ang=112.6 own=0x560a82d4f4a0 bound=0x560a8066fa40
[APD_DIAG] member='player0' mesh='fingernails_resource.mesh' bone='bone_L-pinky03.mesh' distinct=1 cached=1 bakedRest.ang=125.7 ownNow.ang=125.7 boundNow.ang=105.1 own=0x560a82d50580 bound=0x560a8073db00
[APD_DIAG] member='player0' mesh='fingernails_resource.mesh' bone='bone_L-ringfinger03.mesh' distinct=1 cached=1 bakedRest.ang=137.7 ownNow.ang=137.7 boundNow.ang=115.1 own=0x560a82d51300 bound=0x560a81634d60
[APD_DIAG] member='player0' mesh='hands_naked.mesh' bone='bone_R-foreTwist1.mesh' distinct=1 cached=1 bakedRest.ang=174.7 ownNow.ang=174.7 boundNow.ang=174.7 own=0x560a82d5bf20 bound=0x560a816bc180
[APD_DIAG] member='player0' mesh='hands_naked.mesh' bone='bone_R-middlefinger01.mesh' distinct=1 cached=1 bakedRest.ang=112.0 ownNow.ang=112.0 boundNow.ang=105.5 own=0x560a82d5f520 bound=0x560a81797b40
[APD_DIAG] member='player0' mesh='hands_naked.mesh' bone='bone_R-pinky03.mesh' distinct=1 cached=1 bakedRest.ang=115.1 ownNow.ang=115.1 boundNow.ang=132.9 own=0x560a82d60cc0 bound=0x560a818d72c0
[APD_DIAG] member='player0' mesh='hands_naked.mesh' bone='bone_R-index02.mesh' distinct=1 cached=1 bakedRest.ang=105.9 ownNow.ang=105.9 boundNow.ang=110.8 own=0x560a82d5e0e0 bound=0x560a81ed6d00
[APD_DIAG] member='player0' mesh='hands_naked.mesh' bone='bone_R-middlefinger03.mesh' distinct=1 cached=1 bakedRest.ang=106.0 ownNow.ang=106.0 boundNow.ang=129.9 own=0x560a82d5fbe0 bound=0x560a80730140
[APD_DIAG] member='player0' mesh='hands_naked.mesh' bone='bone_R-foreArm.mesh' distinct=1 cached=1 bakedRest.ang=175.7 ownNow.ang=175.7 boundNow.ang=174.4 own=0x560a82d5bbc0 bound=0x560a816bbe20
[APD_DIAG] member='player0' mesh='hands_naked.mesh' bone='bone_R-foreTwist2.mesh' distinct=1 cached=1 bakedRest.ang=175.0 ownNow.ang=175.0 boundNow.ang=175.0 own=0x560a82d5c280 bound=0x560a805d5ee0
[APD_DIAG] member='player0' mesh='hands_naked.mesh' bone='bone_L-index03.mesh' distinct=1 cached=1 bakedRest.ang=141.5 ownNow.ang=141.5 boundNow.ang=126.0 own=0x560a82d4dd00 bound=0x560a81879ec0
[APD_DIAG] member='player0' mesh='hands_naked.mesh' bone='bone_R-index01.mesh' distinct=1 cached=1 bakedRest.ang=109.5 ownNow.ang=109.5 boundNow.ang=103.0 own=0x560a82d5dd80 bound=0x560a8147a080
[APD_DIAG] member='player0' mesh='hands_naked.mesh' bone='bone_R-thumb01.mesh' distinct=1 cached=1 bakedRest.ang=177.0 ownNow.ang=177.0 boundNow.ang=173.7 own=0x560a82d63540 bound=0x560a82664960
[APD_DIAG] member='player0' mesh='hands_naked.mesh' bone='bone_R-index03.mesh' distinct=1 cached=1 bakedRest.ang=103.8 ownNow.ang=103.8 boundNow.ang=118.7 own=0x560a82d5e440 bound=0x560a81ed7060
[APD_DIAG] member='player0' mesh='hands_naked.mesh' bone='bone_R-middlefinger02.mesh' distinct=1 cached=1 bakedRest.ang=107.2 ownNow.ang=107.2 boundNow.ang=118.8 own=0x560a82d5f880 bound=0x560a8072fe80
[APD_DIAG] member='player0' mesh='hands_naked.mesh' bone='bone_R-ringfinger03.mesh' distinct=1 cached=1 bakedRest.ang=109.3 ownNow.ang=109.3 boundNow.ang=124.9 own=0x560a82d61a40 bound=0x560a806e4700
[APD_DIAG] member='player0' mesh='hands_naked.mesh' bone='bone_R-hand.mesh' distinct=1 cached=1 bakedRest.ang=108.0 ownNow.ang=108.0 boundNow.ang=98.8 own=0x560a82d5c5e0 bound=0x560a805d6240
[APD_DIAG] member='player0' mesh='hands_naked.mesh' bone='bone_R-pinky01.mesh' distinct=1 cached=1 bakedRest.ang=120.3 ownNow.ang=120.3 boundNow.ang=114.4 own=0x560a82d60600 bound=0x560a806482a0
[APD_DIAG] member='player0' mesh='hands_naked.mesh' bone='bone_R-ringfinger01.mesh' distinct=1 cached=1 bakedRest.ang=114.4 ownNow.ang=114.4 boundNow.ang=107.5 own=0x560a82d61380 bound=0x560a8052ec80
[APD_DIAG] member='player0' mesh='hands_naked.mesh' bone='bone_R-thumb02.mesh' distinct=1 cached=1 bakedRest.ang=164.4 ownNow.ang=164.4 boundNow.ang=175.2 own=0x560a82d638a0 bound=0x560a8057c380
[APD_DIAG] member='player0' mesh='hands_naked.mesh' bone='bone_R-ringfinger02.mesh' distinct=1 cached=1 bakedRest.ang=109.7 ownNow.ang=109.7 boundNow.ang=121.3 own=0x560a82d616e0 bound=0x560a8052efe0
[APD_DIAG] member='player0' mesh='hands_naked.mesh' bone='bone_R-pinky02.mesh' distinct=1 cached=1 bakedRest.ang=117.4 ownNow.ang=117.4 boundNow.ang=122.6 own=0x560a82d60960 bound=0x560a818d6f60
[APD_DIAG] member='player0' mesh='hands_naked.mesh' bone='bone_R-thumb03.mesh' distinct=1 cached=1 bakedRest.ang=158.2 ownNow.ang=158.2 boundNow.ang=169.5 own=0x560a82d63c00 bound=0x560a8057c6e0
[APD_DIAG] member='player0' mesh='hands_naked.mesh' bone='bone_L-foreTwist2.mesh' distinct=1 cached=1 bakedRest.ang=171.6 ownNow.ang=171.6 boundNow.ang=171.6 own=0x560a82d4bb40 bound=0x560a8151c260
[APD_DIAG] member='player0' mesh='hands_naked.mesh' bone='bone_L-index02.mesh' distinct=1 cached=1 bakedRest.ang=131.8 ownNow.ang=131.8 boundNow.ang=133.5 own=0x560a82d4d9a0 bound=0x560a81879b60
[APD_DIAG] member='player0' mesh='hands_naked.mesh' bone='bone_L-foreArm.mesh' distinct=1 cached=1 bakedRest.ang=162.8 ownNow.ang=162.8 boundNow.ang=171.9 own=0x560a82d4b480 bound=0x560a81820780
[APD_DIAG] member='player0' mesh='hands_naked.mesh' bone='bone_L-middlefinger01.mesh' distinct=1 cached=1 bakedRest.ang=116.2 ownNow.ang=116.2 boundNow.ang=136.6 own=0x560a82d4ede0 bound=0x560a8060f860
[APD_DIAG] member='player0' mesh='hands_naked.mesh' bone='bone_L-thumb03.mesh' distinct=1 cached=1 bakedRest.ang=115.8 ownNow.ang=115.8 boundNow.ang=147.7 own=0x560a82d534c0 bound=0x560a80c7b4e0
[APD_DIAG] member='player0' mesh='hands_naked.mesh' bone='bone_L-thumb01.mesh' distinct=1 cached=1 bakedRest.ang=144.3 ownNow.ang=144.3 boundNow.ang=117.4 own=0x560a82d52e00 bound=0x560a809495e0
[APD_DIAG] member='player0' mesh='hands_naked.mesh' bone='bone_L-middlefinger02.mesh' distinct=1 cached=1 bakedRest.ang=134.0 ownNow.ang=134.0 boundNow.ang=122.0 own=0x560a82d4f140 bound=0x560a8060fbc0
[APD_DIAG] member='player0' mesh='hands_naked.mesh' bone='bone_L-ringfinger01.mesh' distinct=1 cached=1 bakedRest.ang=113.7 ownNow.ang=113.7 boundNow.ang=134.3 own=0x560a82d50c40 bound=0x560a8094f240
[APD_DIAG] member='player0' mesh='hands_naked.mesh' bone='bone_L-foreTwist1.mesh' distinct=1 cached=1 bakedRest.ang=171.8 ownNow.ang=171.8 boundNow.ang=171.8 own=0x560a82d4b7e0 bound=0x560a8151bf00
[APD_DIAG] member='player0' mesh='hands_naked.mesh' bone='bone_L-hand.mesh' distinct=1 cached=1 bakedRest.ang=127.2 ownNow.ang=127.2 boundNow.ang=146.7 own=0x560a82d4bea0 bound=0x560a81861dc0
[APD_DIAG] member='player0' mesh='hands_naked.mesh' bone='bone_L-index01.mesh' distinct=1 cached=1 bakedRest.ang=121.6 ownNow.ang=121.6 boundNow.ang=142.1 own=0x560a82d4d640 bound=0x560a818c3700
[APD_DIAG] member='player0' mesh='hands_naked.mesh' bone='bone_L-thumb02.mesh' distinct=1 cached=1 bakedRest.ang=125.2 ownNow.ang=125.2 boundNow.ang=137.3 own=0x560a82d53160 bound=0x560a80c7b2c0
[APD_DIAG] member='player0' mesh='hands_naked.mesh' bone='bone_L-ringfinger02.mesh' distinct=1 cached=1 bakedRest.ang=133.2 ownNow.ang=133.2 boundNow.ang=118.3 own=0x560a82d50fa0 bound=0x560a81634a00
[APD_DIAG] member='player0' mesh='hands_naked.mesh' bone='bone_L-middlefinger03.mesh' distinct=1 cached=1 bakedRest.ang=147.6 ownNow.ang=147.6 boundNow.ang=112.6 own=0x560a82d4f4a0 bound=0x560a8066fa40
[APD_DIAG] member='player0' mesh='hands_naked.mesh' bone='bone_L-pinky02.mesh' distinct=1 cached=1 bakedRest.ang=112.4 ownNow.ang=112.4 boundNow.ang=114.7 own=0x560a82d50220 bound=0x560a8073d7a0
[APD_DIAG] member='player0' mesh='hands_naked.mesh' bone='bone_L-pinky03.mesh' distinct=1 cached=1 bakedRest.ang=125.7 ownNow.ang=125.7 boundNow.ang=105.1 own=0x560a82d50580 bound=0x560a8073db00
[APD_DIAG] member='player0' mesh='hands_naked.mesh' bone='bone_L-ringfinger03.mesh' distinct=1 cached=1 bakedRest.ang=137.7 ownNow.ang=137.7 boundNow.ang=115.1 own=0x560a82d51300 bound=0x560a81634d60
[APD_DIAG] member='player0' mesh='hands_naked.mesh' bone='bone_L-pinky01.mesh' distinct=1 cached=1 bakedRest.ang=102.1 ownNow.ang=102.1 boundNow.ang=123.1 own=0x560a82d4fec0 bound=0x560a80498300
[HEAD_REBIND] member='player0' targets=18 slots=216 reboundBones=205 reboundMeshes=16 pending=2 restPose=105 quiet=0 latched=0
[APD_DIAG] member='player1' mesh='fingernails_resource.mesh' bone='bone_R-middlefinger03.mesh' distinct=1 cached=1 bakedRest.ang=119.7 ownNow.ang=119.7 boundNow.ang=129.9 own=0x560a837a2a60 bound=0x560a80730140
[APD_DIAG] member='player1' mesh='fingernails_resource.mesh' bone='bone_R-pinky03.mesh' distinct=1 cached=1 bakedRest.ang=134.4 ownNow.ang=134.4 boundNow.ang=132.9 own=0x560a837a3b40 bound=0x560a818d72c0
[APD_DIAG] member='player1' mesh='fingernails_resource.mesh' bone='bone_R-thumb03.mesh' distinct=1 cached=1 bakedRest.ang=174.0 ownNow.ang=174.0 boundNow.ang=169.5 own=0x560a837a6a80 bound=0x560a8057c6e0
[APD_DIAG] member='player1' mesh='fingernails_resource.mesh' bone='bone_R-index03.mesh' distinct=1 cached=1 bakedRest.ang=115.9 ownNow.ang=115.9 boundNow.ang=118.7 own=0x560a837a12c0 bound=0x560a81ed7060
[APD_DIAG] member='player1' mesh='fingernails_resource.mesh' bone='bone_R-ringfinger03.mesh' distinct=1 cached=1 bakedRest.ang=124.5 ownNow.ang=124.5 boundNow.ang=124.9 own=0x560a837a48c0 bound=0x560a806e4700
[APD_DIAG] member='player1' mesh='fingernails_resource.mesh' bone='bone_L-pinky03.mesh' distinct=1 cached=1 bakedRest.ang=102.8 ownNow.ang=102.8 boundNow.ang=105.1 own=0x560a82d2e0c0 bound=0x560a8073db00
[APD_DIAG] member='player1' mesh='fingernails_resource.mesh' bone='bone_L-thumb03.mesh' distinct=1 cached=1 bakedRest.ang=145.0 ownNow.ang=145.0 boundNow.ang=147.7 own=0x560a82d31000 bound=0x560a80c7b4e0
[APD_DIAG] member='player1' mesh='fingernails_resource.mesh' bone='bone_L-middlefinger03.mesh' distinct=1 cached=1 bakedRest.ang=127.2 ownNow.ang=127.2 boundNow.ang=112.6 own=0x560a82d2cfe0 bound=0x560a8066fa40
[APD_DIAG] member='player1' mesh='fingernails_resource.mesh' bone='bone_L-ringfinger03.mesh' distinct=1 cached=1 bakedRest.ang=118.6 ownNow.ang=118.6 boundNow.ang=115.1 own=0x560a82d2ee40 bound=0x560a81634d60
[APD_DIAG] member='player1' mesh='fingernails_resource.mesh' bone='bone_L-index03.mesh' distinct=1 cached=1 bakedRest.ang=129.4 ownNow.ang=129.4 boundNow.ang=126.0 own=0x560a82d2b840 bound=0x560a81879ec0
[APD_DIAG] member='player1' mesh='hands_naked.mesh' bone='bone_R-middlefinger02.mesh' distinct=1 cached=1 bakedRest.ang=122.2 ownNow.ang=122.2 boundNow.ang=118.8 own=0x560a837a2700 bound=0x560a8072fe80
[APD_DIAG] member='player1' mesh='hands_naked.mesh' bone='bone_R-hand.mesh' distinct=1 cached=1 bakedRest.ang=116.8 ownNow.ang=116.8 boundNow.ang=98.8 own=0x560a8379f460 bound=0x560a805d6240
[APD_DIAG] member='player1' mesh='hands_naked.mesh' bone='bone_R-foreTwist2.mesh' distinct=1 cached=1 bakedRest.ang=179.0 ownNow.ang=179.0 boundNow.ang=175.0 own=0x560a8379f100 bound=0x560a805d5ee0
[APD_DIAG] member='player1' mesh='hands_naked.mesh' bone='bone_R-foreTwist1.mesh' distinct=1 cached=1 bakedRest.ang=178.7 ownNow.ang=178.7 boundNow.ang=174.7 own=0x560a8379eda0 bound=0x560a816bc180
[APD_DIAG] member='player1' mesh='hands_naked.mesh' bone='bone_R-middlefinger01.mesh' distinct=1 cached=1 bakedRest.ang=123.4 ownNow.ang=123.4 boundNow.ang=105.5 own=0x560a837a23a0 bound=0x560a81797b40
[APD_DIAG] member='player1' mesh='hands_naked.mesh' bone='bone_R-ringfinger02.mesh' distinct=1 cached=1 bakedRest.ang=124.2 ownNow.ang=124.2 boundNow.ang=121.3 own=0x560a837a4560 bound=0x560a8052efe0
[APD_DIAG] member='player1' mesh='hands_naked.mesh' bone='bone_R-thumb02.mesh' distinct=1 cached=1 bakedRest.ang=169.8 ownNow.ang=169.8 boundNow.ang=175.2 own=0x560a837a6720 bound=0x560a8057c380
[APD_DIAG] member='player1' mesh='hands_naked.mesh' bone='bone_R-middlefinger03.mesh' distinct=1 cached=1 bakedRest.ang=119.7 ownNow.ang=119.7 boundNow.ang=129.9 own=0x560a837a2a60 bound=0x560a80730140
[APD_DIAG] member='player1' mesh='hands_naked.mesh' bone='bone_L-foreTwist1.mesh' distinct=1 cached=1 bakedRest.ang=168.5 ownNow.ang=168.5 boundNow.ang=171.8 own=0x560a82d29320 bound=0x560a8151bf00
[APD_DIAG] member='player1' mesh='hands_naked.mesh' bone='bone_R-pinky02.mesh' distinct=1 cached=1 bakedRest.ang=135.9 ownNow.ang=135.9 boundNow.ang=122.6 own=0x560a837a37e0 bound=0x560a818d6f60
[APD_DIAG] member='player1' mesh='hands_naked.mesh' bone='bone_L-pinky01.mesh' distinct=1 cached=1 bakedRest.ang=95.8 ownNow.ang=95.8 boundNow.ang=123.1 own=0x560a82d2da00 bound=0x560a80498300
[APD_DIAG] member='player1' mesh='hands_naked.mesh' bone='bone_R-pinky-base.mesh' distinct=1 cached=1 bakedRest.ang=116.8 ownNow.ang=116.8 boundNow.ang=98.8 own=0x560a837a3120 bound=0x560a80647f40
[APD_DIAG] member='player1' mesh='hands_naked.mesh' bone='bone_L-middlefinger02.mesh' distinct=1 cached=1 bakedRest.ang=119.8 ownNow.ang=119.8 boundNow.ang=122.0 own=0x560a82d2cc80 bound=0x560a8060fbc0
[APD_DIAG] member='player1' mesh='hands_naked.mesh' bone='bone_R-pinky03.mesh' distinct=1 cached=1 bakedRest.ang=134.4 ownNow.ang=134.4 boundNow.ang=132.9 own=0x560a837a3b40 bound=0x560a818d72c0
[APD_DIAG] member='player1' mesh='hands_naked.mesh' bone='bone_R-pinky01.mesh' distinct=1 cached=1 bakedRest.ang=136.0 ownNow.ang=136.0 boundNow.ang=114.4 own=0x560a837a3480 bound=0x560a806482a0
[APD_DIAG] member='player1' mesh='hands_naked.mesh' bone='bone_R-thumb03.mesh' distinct=1 cached=1 bakedRest.ang=174.0 ownNow.ang=174.0 boundNow.ang=169.5 own=0x560a837a6a80 bound=0x560a8057c6e0
[APD_DIAG] member='player1' mesh='hands_naked.mesh' bone='bone_R-thumb01.mesh' distinct=1 cached=1 bakedRest.ang=167.5 ownNow.ang=167.5 boundNow.ang=173.7 own=0x560a837a63c0 bound=0x560a82664960
[APD_DIAG] member='player1' mesh='hands_naked.mesh' bone='bone_R-index03.mesh' distinct=1 cached=1 bakedRest.ang=115.9 ownNow.ang=115.9 boundNow.ang=118.7 own=0x560a837a12c0 bound=0x560a81ed7060
[APD_DIAG] member='player1' mesh='hands_naked.mesh' bone='bone_R-index01.mesh' distinct=1 cached=1 bakedRest.ang=120.1 ownNow.ang=120.1 boundNow.ang=103.0 own=0x560a837a0c00 bound=0x560a8147a080
[APD_DIAG] member='player1' mesh='hands_naked.mesh' bone='bone_R-index02.mesh' distinct=1 cached=1 bakedRest.ang=116.6 ownNow.ang=116.6 boundNow.ang=110.8 own=0x560a837a0f60 bound=0x560a81ed6d00
[APD_DIAG] member='player1' mesh='hands_naked.mesh' bone='bone_L-hand.mesh' distinct=1 cached=1 bakedRest.ang=127.5 ownNow.ang=127.5 boundNow.ang=146.7 own=0x560a82d299e0 bound=0x560a81861dc0
[APD_DIAG] member='player1' mesh='hands_naked.mesh' bone='bone_R-ringfinger-base.mesh' distinct=1 cached=1 bakedRest.ang=116.8 ownNow.ang=116.8 boundNow.ang=98.8 own=0x560a837a3ea0 bound=0x560a818d7620
[APD_DIAG] member='player1' mesh='hands_naked.mesh' bone='bone_L-index02.mesh' distinct=1 cached=1 bakedRest.ang=127.7 ownNow.ang=127.7 boundNow.ang=133.5 own=0x560a82d2b4e0 bound=0x560a81879b60
[APD_DIAG] member='player1' mesh='hands_naked.mesh' bone='bone_R-ringfinger03.mesh' distinct=1 cached=1 bakedRest.ang=124.5 ownNow.ang=124.5 boundNow.ang=124.9 own=0x560a837a48c0 bound=0x560a806e4700
[APD_DIAG] member='player1' mesh='hands_naked.mesh' bone='bone_R-ringfinger01.mesh' distinct=1 cached=1 bakedRest.ang=126.5 ownNow.ang=126.5 boundNow.ang=107.5 own=0x560a837a4200 bound=0x560a8052ec80
[APD_DIAG] member='player1' mesh='hands_naked.mesh' bone='bone_L-middlefinger01.mesh' distinct=1 cached=1 bakedRest.ang=116.5 ownNow.ang=116.5 boundNow.ang=136.6 own=0x560a82d2c920 bound=0x560a8060f860
[APD_DIAG] member='player1' mesh='hands_naked.mesh' bone='bone_L-foreTwist2.mesh' distinct=1 cached=1 bakedRest.ang=168.4 ownNow.ang=168.4 boundNow.ang=171.6 own=0x560a82d29680 bound=0x560a8151c260
[APD_DIAG] member='player1' mesh='hands_naked.mesh' bone='bone_L-index01.mesh' distinct=1 cached=1 bakedRest.ang=119.6 ownNow.ang=119.6 boundNow.ang=142.1 own=0x560a82d2b180 bound=0x560a818c3700
[APD_DIAG] member='player1' mesh='hands_naked.mesh' bone='bone_L-pinky03.mesh' distinct=1 cached=1 bakedRest.ang=102.8 ownNow.ang=102.8 boundNow.ang=105.1 own=0x560a82d2e0c0 bound=0x560a8073db00
[APD_DIAG] member='player1' mesh='hands_naked.mesh' bone='bone_L-thumb03.mesh' distinct=1 cached=1 bakedRest.ang=145.0 ownNow.ang=145.0 boundNow.ang=147.7 own=0x560a82d31000 bound=0x560a80c7b4e0
[APD_DIAG] member='player1' mesh='hands_naked.mesh' bone='bone_L-middlefinger03.mesh' distinct=1 cached=1 bakedRest.ang=127.2 ownNow.ang=127.2 boundNow.ang=112.6 own=0x560a82d2cfe0 bound=0x560a8066fa40
[APD_DIAG] member='player1' mesh='hands_naked.mesh' bone='bone_L-ringfinger03.mesh' distinct=1 cached=1 bakedRest.ang=118.6 ownNow.ang=118.6 boundNow.ang=115.1 own=0x560a82d2ee40 bound=0x560a81634d60
[APD_DIAG] member='player1' mesh='hands_naked.mesh' bone='bone_L-thumb01.mesh' distinct=1 cached=1 bakedRest.ang=151.9 ownNow.ang=151.9 boundNow.ang=117.4 own=0x560a82d30940 bound=0x560a809495e0
[APD_DIAG] member='player1' mesh='hands_naked.mesh' bone='bone_L-thumb02.mesh' distinct=1 cached=1 bakedRest.ang=149.4 ownNow.ang=149.4 boundNow.ang=137.3 own=0x560a82d30ca0 bound=0x560a80c7b2c0
[APD_DIAG] member='player1' mesh='hands_naked.mesh' bone='bone_L-index03.mesh' distinct=1 cached=1 bakedRest.ang=129.4 ownNow.ang=129.4 boundNow.ang=126.0 own=0x560a82d2b840 bound=0x560a81879ec0
[APD_DIAG] member='player1' mesh='hands_naked.mesh' bone='bone_L-pinky-base.mesh' distinct=1 cached=1 bakedRest.ang=127.5 ownNow.ang=127.5 boundNow.ang=146.7 own=0x560a82d2d6a0 bound=0x560a80497fa0
[APD_DIAG] member='player1' mesh='hands_naked.mesh' bone='bone_L-pinky02.mesh' distinct=1 cached=1 bakedRest.ang=96.5 ownNow.ang=96.5 boundNow.ang=114.7 own=0x560a82d2dd60 bound=0x560a8073d7a0
[APD_DIAG] member='player1' mesh='hands_naked.mesh' bone='bone_L-ringfinger-base.mesh' distinct=1 cached=1 bakedRest.ang=127.5 ownNow.ang=127.5 boundNow.ang=146.7 own=0x560a82d2e420 bound=0x560a8094eee0
[APD_DIAG] member='player1' mesh='hands_naked.mesh' bone='bone_L-ringfinger01.mesh' distinct=1 cached=1 bakedRest.ang=111.2 ownNow.ang=111.2 boundNow.ang=134.3 own=0x560a82d2e780 bound=0x560a8094f240
[APD_DIAG] member='player1' mesh='hands_naked.mesh' bone='bone_L-ringfinger02.mesh' distinct=1 cached=1 bakedRest.ang=119.7 ownNow.ang=119.7 boundNow.ang=118.3 own=0x560a82d2eae0 bound=0x560a81634a00
[HEAD_REBIND] member='player1' targets=19 slots=205 reboundBones=146 reboundMeshes=16 pending=3 restPose=111 quiet=0 latched=0
[APD_DIAG] member='player2' mesh='fingernails_resource.mesh' bone='bone_R-pinky03.mesh' distinct=1 cached=1 bakedRest.ang=115.1 ownNow.ang=115.1 boundNow.ang=132.9 own=0x560a84c91480 bound=0x560a818d72c0
[APD_DIAG] member='player2' mesh='fingernails_resource.mesh' bone='bone_R-middlefinger03.mesh' distinct=1 cached=1 bakedRest.ang=106.0 ownNow.ang=106.0 boundNow.ang=129.9 own=0x560a84c903a0 bound=0x560a80730140
[APD_DIAG] member='player2' mesh='fingernails_resource.mesh' bone='bone_L-index03.mesh' distinct=1 cached=1 bakedRest.ang=141.5 ownNow.ang=141.5 boundNow.ang=126.0 own=0x560a848db760 bound=0x560a81879ec0
[APD_DIAG] member='player2' mesh='fingernails_resource.mesh' bone='bone_R-index03.mesh' distinct=1 cached=1 bakedRest.ang=103.8 ownNow.ang=103.8 boundNow.ang=118.7 own=0x560a84c8ec00 bound=0x560a81ed7060
[APD_DIAG] member='player2' mesh='fingernails_resource.mesh' bone='bone_R-ringfinger03.mesh' distinct=1 cached=1 bakedRest.ang=109.3 ownNow.ang=109.3 boundNow.ang=124.9 own=0x560a84c92200 bound=0x560a806e4700
[APD_DIAG] member='player2' mesh='fingernails_resource.mesh' bone='bone_R-thumb03.mesh' distinct=1 cached=1 bakedRest.ang=158.2 ownNow.ang=158.2 boundNow.ang=169.5 own=0x560a84c943c0 bound=0x560a8057c6e0
[APD_DIAG] member='player2' mesh='fingernails_resource.mesh' bone='bone_L-thumb03.mesh' distinct=1 cached=1 bakedRest.ang=115.8 ownNow.ang=115.8 boundNow.ang=147.7 own=0x560a848e80a0 bound=0x560a80c7b4e0
[APD_DIAG] member='player2' mesh='fingernails_resource.mesh' bone='bone_L-middlefinger03.mesh' distinct=1 cached=1 bakedRest.ang=147.6 ownNow.ang=147.6 boundNow.ang=112.6 own=0x560a848dcf00 bound=0x560a8066fa40
[APD_DIAG] member='player2' mesh='fingernails_resource.mesh' bone='bone_L-pinky03.mesh' distinct=1 cached=1 bakedRest.ang=125.7 ownNow.ang=125.7 boundNow.ang=105.1 own=0x560a848ddfe0 bound=0x560a8073db00
[APD_DIAG] member='player2' mesh='fingernails_resource.mesh' bone='bone_L-ringfinger03.mesh' distinct=1 cached=1 bakedRest.ang=137.7 ownNow.ang=137.7 boundNow.ang=115.1 own=0x560a848ded60 bound=0x560a81634d60
[APD_DIAG] member='player2' mesh='hands_naked.mesh' bone='bone_R-foreTwist1.mesh' distinct=1 cached=1 bakedRest.ang=174.7 ownNow.ang=174.7 boundNow.ang=174.7 own=0x560a848f0b00 bound=0x560a816bc180
[APD_DIAG] member='player2' mesh='hands_naked.mesh' bone='bone_R-middlefinger01.mesh' distinct=1 cached=1 bakedRest.ang=112.0 ownNow.ang=112.0 boundNow.ang=105.5 own=0x560a84c8fce0 bound=0x560a81797b40
[APD_DIAG] member='player2' mesh='hands_naked.mesh' bone='bone_R-pinky03.mesh' distinct=1 cached=1 bakedRest.ang=115.1 ownNow.ang=115.1 boundNow.ang=132.9 own=0x560a84c91480 bound=0x560a818d72c0
[APD_DIAG] member='player2' mesh='hands_naked.mesh' bone='bone_R-index02.mesh' distinct=1 cached=1 bakedRest.ang=105.9 ownNow.ang=105.9 boundNow.ang=110.8 own=0x560a84c8e8a0 bound=0x560a81ed6d00
[APD_DIAG] member='player2' mesh='hands_naked.mesh' bone='bone_R-middlefinger03.mesh' distinct=1 cached=1 bakedRest.ang=106.0 ownNow.ang=106.0 boundNow.ang=129.9 own=0x560a84c903a0 bound=0x560a80730140
[APD_DIAG] member='player2' mesh='hands_naked.mesh' bone='bone_R-foreArm.mesh' distinct=1 cached=1 bakedRest.ang=175.7 ownNow.ang=175.7 boundNow.ang=174.4 own=0x560a848f07a0 bound=0x560a816bbe20
[APD_DIAG] member='player2' mesh='hands_naked.mesh' bone='bone_R-foreTwist2.mesh' distinct=1 cached=1 bakedRest.ang=175.0 ownNow.ang=175.0 boundNow.ang=175.0 own=0x560a848f0e60 bound=0x560a805d5ee0
[APD_DIAG] member='player2' mesh='hands_naked.mesh' bone='bone_L-index03.mesh' distinct=1 cached=1 bakedRest.ang=141.5 ownNow.ang=141.5 boundNow.ang=126.0 own=0x560a848db760 bound=0x560a81879ec0
[APD_DIAG] member='player2' mesh='hands_naked.mesh' bone='bone_R-index01.mesh' distinct=1 cached=1 bakedRest.ang=109.5 ownNow.ang=109.5 boundNow.ang=103.0 own=0x560a84c8e540 bound=0x560a8147a080
[APD_DIAG] member='player2' mesh='hands_naked.mesh' bone='bone_R-thumb01.mesh' distinct=1 cached=1 bakedRest.ang=177.0 ownNow.ang=177.0 boundNow.ang=173.7 own=0x560a84c93d00 bound=0x560a82664960
[APD_DIAG] member='player2' mesh='hands_naked.mesh' bone='bone_R-index03.mesh' distinct=1 cached=1 bakedRest.ang=103.8 ownNow.ang=103.8 boundNow.ang=118.7 own=0x560a84c8ec00 bound=0x560a81ed7060
[APD_DIAG] member='player2' mesh='hands_naked.mesh' bone='bone_R-middlefinger02.mesh' distinct=1 cached=1 bakedRest.ang=107.2 ownNow.ang=107.2 boundNow.ang=118.8 own=0x560a84c90040 bound=0x560a8072fe80
[APD_DIAG] member='player2' mesh='hands_naked.mesh' bone='bone_R-ringfinger03.mesh' distinct=1 cached=1 bakedRest.ang=109.3 ownNow.ang=109.3 boundNow.ang=124.9 own=0x560a84c92200 bound=0x560a806e4700
[APD_DIAG] member='player2' mesh='hands_naked.mesh' bone='bone_R-hand.mesh' distinct=1 cached=1 bakedRest.ang=108.0 ownNow.ang=108.0 boundNow.ang=98.8 own=0x560a848f11c0 bound=0x560a805d6240
[APD_DIAG] member='player2' mesh='hands_naked.mesh' bone='bone_R-pinky01.mesh' distinct=1 cached=1 bakedRest.ang=120.3 ownNow.ang=120.3 boundNow.ang=114.4 own=0x560a84c90dc0 bound=0x560a806482a0
[APD_DIAG] member='player2' mesh='hands_naked.mesh' bone='bone_R-ringfinger01.mesh' distinct=1 cached=1 bakedRest.ang=114.4 ownNow.ang=114.4 boundNow.ang=107.5 own=0x560a84c91b40 bound=0x560a8052ec80
[APD_DIAG] member='player2' mesh='hands_naked.mesh' bone='bone_R-thumb02.mesh' distinct=1 cached=1 bakedRest.ang=164.4 ownNow.ang=164.4 boundNow.ang=175.2 own=0x560a84c94060 bound=0x560a8057c380
[APD_DIAG] member='player2' mesh='hands_naked.mesh' bone='bone_R-ringfinger02.mesh' distinct=1 cached=1 bakedRest.ang=109.7 ownNow.ang=109.7 boundNow.ang=121.3 own=0x560a84c91ea0 bound=0x560a8052efe0
[APD_DIAG] member='player2' mesh='hands_naked.mesh' bone='bone_R-pinky02.mesh' distinct=1 cached=1 bakedRest.ang=117.4 ownNow.ang=117.4 boundNow.ang=122.6 own=0x560a84c91120 bound=0x560a818d6f60
[APD_DIAG] member='player2' mesh='hands_naked.mesh' bone='bone_R-thumb03.mesh' distinct=1 cached=1 bakedRest.ang=158.2 ownNow.ang=158.2 boundNow.ang=169.5 own=0x560a84c943c0 bound=0x560a8057c6e0
[APD_DIAG] member='player2' mesh='hands_naked.mesh' bone='bone_L-foreTwist2.mesh' distinct=1 cached=1 bakedRest.ang=171.6 ownNow.ang=171.6 boundNow.ang=171.6 own=0x560a848d95a0 bound=0x560a8151c260
[APD_DIAG] member='player2' mesh='hands_naked.mesh' bone='bone_L-index02.mesh' distinct=1 cached=1 bakedRest.ang=131.8 ownNow.ang=131.8 boundNow.ang=133.5 own=0x560a848db400 bound=0x560a81879b60
[APD_DIAG] member='player2' mesh='hands_naked.mesh' bone='bone_L-foreArm.mesh' distinct=1 cached=1 bakedRest.ang=162.8 ownNow.ang=162.8 boundNow.ang=171.9 own=0x560a848d8ee0 bound=0x560a81820780
[APD_DIAG] member='player2' mesh='hands_naked.mesh' bone='bone_L-middlefinger01.mesh' distinct=1 cached=1 bakedRest.ang=116.2 ownNow.ang=116.2 boundNow.ang=136.6 own=0x560a848dc840 bound=0x560a8060f860
[APD_DIAG] member='player2' mesh='hands_naked.mesh' bone='bone_L-thumb03.mesh' distinct=1 cached=1 bakedRest.ang=115.8 ownNow.ang=115.8 boundNow.ang=147.7 own=0x560a848e80a0 bound=0x560a80c7b4e0
[APD_DIAG] member='player2' mesh='hands_naked.mesh' bone='bone_L-thumb01.mesh' distinct=1 cached=1 bakedRest.ang=144.3 ownNow.ang=144.3 boundNow.ang=117.4 own=0x560a848e79e0 bound=0x560a809495e0
[APD_DIAG] member='player2' mesh='hands_naked.mesh' bone='bone_L-middlefinger02.mesh' distinct=1 cached=1 bakedRest.ang=134.0 ownNow.ang=134.0 boundNow.ang=122.0 own=0x560a848dcba0 bound=0x560a8060fbc0
[APD_DIAG] member='player2' mesh='hands_naked.mesh' bone='bone_L-ringfinger01.mesh' distinct=1 cached=1 bakedRest.ang=113.7 ownNow.ang=113.7 boundNow.ang=134.3 own=0x560a848de6a0 bound=0x560a8094f240
[APD_DIAG] member='player2' mesh='hands_naked.mesh' bone='bone_L-foreTwist1.mesh' distinct=1 cached=1 bakedRest.ang=171.8 ownNow.ang=171.8 boundNow.ang=171.8 own=0x560a848d9240 bound=0x560a8151bf00
[APD_DIAG] member='player2' mesh='hands_naked.mesh' bone='bone_L-hand.mesh' distinct=1 cached=1 bakedRest.ang=127.2 ownNow.ang=127.2 boundNow.ang=146.7 own=0x560a848d9900 bound=0x560a81861dc0
[APD_DIAG] member='player2' mesh='hands_naked.mesh' bone='bone_L-index01.mesh' distinct=1 cached=1 bakedRest.ang=121.6 ownNow.ang=121.6 boundNow.ang=142.1 own=0x560a848db0a0 bound=0x560a818c3700
[APD_DIAG] member='player2' mesh='hands_naked.mesh' bone='bone_L-thumb02.mesh' distinct=1 cached=1 bakedRest.ang=125.2 ownNow.ang=125.2 boundNow.ang=137.3 own=0x560a848e7d40 bound=0x560a80c7b2c0
[APD_DIAG] member='player2' mesh='hands_naked.mesh' bone='bone_L-ringfinger02.mesh' distinct=1 cached=1 bakedRest.ang=133.2 ownNow.ang=133.2 boundNow.ang=118.3 own=0x560a848dea00 bound=0x560a81634a00
[APD_DIAG] member='player2' mesh='hands_naked.mesh' bone='bone_L-middlefinger03.mesh' distinct=1 cached=1 bakedRest.ang=147.6 ownNow.ang=147.6 boundNow.ang=112.6 own=0x560a848dcf00 bound=0x560a8066fa40
[APD_DIAG] member='player2' mesh='hands_naked.mesh' bone='bone_L-pinky02.mesh' distinct=1 cached=1 bakedRest.ang=112.4 ownNow.ang=112.4 boundNow.ang=114.7 own=0x560a848ddc80 bound=0x560a8073d7a0
[APD_DIAG] member='player2' mesh='hands_naked.mesh' bone='bone_L-pinky03.mesh' distinct=1 cached=1 bakedRest.ang=125.7 ownNow.ang=125.7 boundNow.ang=105.1 own=0x560a848ddfe0 bound=0x560a8073db00
[APD_DIAG] member='player2' mesh='hands_naked.mesh' bone='bone_L-ringfinger03.mesh' distinct=1 cached=1 bakedRest.ang=137.7 ownNow.ang=137.7 boundNow.ang=115.1 own=0x560a848ded60 bound=0x560a81634d60
[APD_DIAG] member='player2' mesh='hands_naked.mesh' bone='bone_L-pinky01.mesh' distinct=1 cached=1 bakedRest.ang=102.1 ownNow.ang=102.1 boundNow.ang=123.1 own=0x560a848dd920 bound=0x560a80498300
[APD_DIAG] member='player2' mesh='nailboots_resource.mesh' bone='bone_R-ankle.mesh' distinct=1 cached=1 bakedRest.ang=90.5 ownNow.ang=90.5 boundNow.ang=90.0 own=0x560a848eb6a0 bound=0x560a8096b9e0
[APD_DIAG] member='player2' mesh='nailboots_resource.mesh' bone='bone_L-ankle.mesh' distinct=1 cached=1 bakedRest.ang=90.6 ownNow.ang=90.6 boundNow.ang=90.0 own=0x560a849881c0 bound=0x560a80825d00
[APD_DIAG] member='player2' mesh='nailboots_resource.mesh' bone='bone_R-knee.mesh' distinct=1 cached=1 bakedRest.ang=90.2 ownNow.ang=90.2 boundNow.ang=90.0 own=0x560a84c8ef60 bound=0x560a81ed73c0
[APD_DIAG] member='player2' mesh='nailboots_resource.mesh' bone='bone_R-toe.mesh' distinct=1 cached=1 bakedRest.ang=126.5 ownNow.ang=126.5 boundNow.ang=120.0 own=0x560a84c96c40 bound=0x560a805604e0
[APD_DIAG] member='player2' mesh='nailboots_resource.mesh' bone='bone_L-knee.mesh' distinct=1 cached=1 bakedRest.ang=90.3 ownNow.ang=90.3 boundNow.ang=90.1 own=0x560a848dbac0 bound=0x560a808c7e60
[APD_DIAG] member='player2' mesh='nailboots_resource.mesh' bone='bone_L-toe.mesh' distinct=1 cached=1 bakedRest.ang=126.5 ownNow.ang=126.5 boundNow.ang=120.0 own=0x560a848ea260 bound=0x560a80b203e0
[HEAD_REBIND] member='player2' targets=17 slots=180 reboundBones=173 reboundMeshes=15 pending=2 restPose=107 quiet=0 latched=0
[APD_DIAG] member='player3' mesh='gloves_resource.1.mesh' bone='bone_L-index03.mesh' distinct=1 cached=1 bakedRest.ang=141.5 ownNow.ang=129.4 boundNow.ang=126.0 own=0x560a85155600 bound=0x560a81879ec0
[APD_DIAG] member='player3' mesh='gloves_resource.1.mesh' bone='bone_L-hand.mesh' distinct=1 cached=1 bakedRest.ang=127.2 ownNow.ang=127.5 boundNow.ang=146.7 own=0x560a851537a0 bound=0x560a81861dc0
[APD_DIAG] member='player3' mesh='gloves_resource.1.mesh' bone='bone_L-index01.mesh' distinct=1 cached=1 bakedRest.ang=121.6 ownNow.ang=119.6 boundNow.ang=142.1 own=0x560a85154f40 bound=0x560a818c3700
[APD_DIAG] member='player3' mesh='gloves_resource.1.mesh' bone='bone_L-index02.mesh' distinct=1 cached=1 bakedRest.ang=131.8 ownNow.ang=127.7 boundNow.ang=133.5 own=0x560a851552a0 bound=0x560a81879b60
[APD_DIAG] member='player3' mesh='gloves_resource.mesh' bone='bone_R-middlefinger02.mesh' distinct=1 cached=1 bakedRest.ang=107.2 ownNow.ang=122.2 boundNow.ang=118.8 own=0x560a8519a8c0 bound=0x560a8072fe80
[APD_DIAG] member='player3' mesh='gloves_resource.mesh' bone='bone_R-foreTwist2.mesh' distinct=1 cached=1 bakedRest.ang=175.0 ownNow.ang=179.0 boundNow.ang=175.0 own=0x560a851972c0 bound=0x560a805d5ee0
[APD_DIAG] member='player3' mesh='gloves_resource.mesh' bone='bone_R-foreArm.mesh' distinct=1 cached=1 bakedRest.ang=175.7 ownNow.ang=166.6 boundNow.ang=174.4 own=0x560a85196c00 bound=0x560a816bbe20
[APD_DIAG] member='player3' mesh='gloves_resource.mesh' bone='bone_R-thumb02.mesh' distinct=1 cached=1 bakedRest.ang=164.4 ownNow.ang=169.8 boundNow.ang=175.2 own=0x560a8519e8e0 bound=0x560a8057c380
[APD_DIAG] member='player3' mesh='gloves_resource.mesh' bone='bone_R-pinky01.mesh' distinct=1 cached=1 bakedRest.ang=120.3 ownNow.ang=136.0 boundNow.ang=114.4 own=0x560a8519b640 bound=0x560a806482a0
[APD_DIAG] member='player3' mesh='gloves_resource.mesh' bone='bone_R-foreTwist1.mesh' distinct=1 cached=1 bakedRest.ang=174.7 ownNow.ang=178.7 boundNow.ang=174.7 own=0x560a85196f60 bound=0x560a816bc180
[APD_DIAG] member='player3' mesh='gloves_resource.mesh' bone='bone_R-index03.mesh' distinct=1 cached=1 bakedRest.ang=103.8 ownNow.ang=115.9 boundNow.ang=118.7 own=0x560a85199480 bound=0x560a81ed7060
[APD_DIAG] member='player3' mesh='gloves_resource.mesh' bone='bone_R-index01.mesh' distinct=1 cached=1 bakedRest.ang=109.5 ownNow.ang=120.1 boundNow.ang=103.0 own=0x560a85198dc0 bound=0x560a8147a080
[APD_DIAG] member='player3' mesh='gloves_resource.mesh' bone='bone_R-thumb01.mesh' distinct=1 cached=1 bakedRest.ang=177.0 ownNow.ang=167.5 boundNow.ang=173.7 own=0x560a8519e580 bound=0x560a82664960
[APD_DIAG] member='player3' mesh='gloves_resource.mesh' bone='bone_R-hand.mesh' distinct=1 cached=1 bakedRest.ang=108.0 ownNow.ang=116.8 boundNow.ang=98.8 own=0x560a85197620 bound=0x560a805d6240
[APD_DIAG] member='player3' mesh='gloves_resource.mesh' bone='bone_R-thumb03.mesh' distinct=1 cached=1 bakedRest.ang=158.2 ownNow.ang=174.0 boundNow.ang=169.5 own=0x560a8519ec40 bound=0x560a8057c6e0
[APD_DIAG] member='player3' mesh='gloves_resource.mesh' bone='bone_R-middlefinger01.mesh' distinct=1 cached=1 bakedRest.ang=112.0 ownNow.ang=123.4 boundNow.ang=105.5 own=0x560a8519a560 bound=0x560a81797b40
[APD_DIAG] member='player3' mesh='gloves_resource.mesh' bone='bone_R-middlefinger03.mesh' distinct=1 cached=1 bakedRest.ang=106.0 ownNow.ang=119.7 boundNow.ang=129.9 own=0x560a8519ac20 bound=0x560a80730140
[APD_DIAG] member='player3' mesh='gloves_resource.mesh' bone='bone_R-pinky-base.mesh' distinct=1 cached=1 bakedRest.ang=116.8 ownNow.ang=116.8 boundNow.ang=98.8 own=0x560a8519b2e0 bound=0x560a80647f40
[APD_DIAG] member='player3' mesh='gloves_resource.mesh' bone='bone_R-ringfinger03.mesh' distinct=1 cached=1 bakedRest.ang=109.3 ownNow.ang=124.5 boundNow.ang=124.9 own=0x560a8519ca80 bound=0x560a806e4700
[APD_DIAG] member='player3' mesh='gloves_resource.mesh' bone='bone_R-index02.mesh' distinct=1 cached=1 bakedRest.ang=105.9 ownNow.ang=116.6 boundNow.ang=110.8 own=0x560a85199120 bound=0x560a81ed6d00
[APD_DIAG] member='player3' mesh='gloves_resource.mesh' bone='bone_R-ringfinger02.mesh' distinct=1 cached=1 bakedRest.ang=109.7 ownNow.ang=124.2 boundNow.ang=121.3 own=0x560a8519c720 bound=0x560a8052efe0
[APD_DIAG] member='player3' mesh='gloves_resource.mesh' bone='bone_R-pinky02.mesh' distinct=1 cached=1 bakedRest.ang=117.4 ownNow.ang=135.9 boundNow.ang=122.6 own=0x560a8519b9a0 bound=0x560a818d6f60
[APD_DIAG] member='player3' mesh='gloves_resource.mesh' bone='bone_R-pinky03.mesh' distinct=1 cached=1 bakedRest.ang=115.1 ownNow.ang=134.4 boundNow.ang=132.9 own=0x560a8519bd00 bound=0x560a818d72c0
[APD_DIAG] member='player3' mesh='gloves_resource.mesh' bone='bone_R-ringfinger01.mesh' distinct=1 cached=1 bakedRest.ang=114.4 ownNow.ang=126.5 boundNow.ang=107.5 own=0x560a8519c3c0 bound=0x560a8052ec80
[APD_DIAG] member='player3' mesh='gloves_resource.mesh' bone='bone_R-ringfinger-base.mesh' distinct=1 cached=1 bakedRest.ang=116.8 ownNow.ang=116.8 boundNow.ang=98.8 own=0x560a8519c060 bound=0x560a818d7620
[APD_DIAG] member='player3' mesh='gloves_resource.mesh' bone='bone_L-thumb02.mesh' distinct=1 cached=1 bakedRest.ang=125.2 ownNow.ang=149.4 boundNow.ang=137.3 own=0x560a8517e5a0 bound=0x560a80c7b2c0
[APD_DIAG] member='player3' mesh='gloves_resource.mesh' bone='bone_L-hand.mesh' distinct=1 cached=1 bakedRest.ang=127.2 ownNow.ang=127.5 boundNow.ang=146.7 own=0x560a851537a0 bound=0x560a81861dc0
[APD_DIAG] member='player3' mesh='gloves_resource.mesh' bone='bone_L-middlefinger02.mesh' distinct=1 cached=1 bakedRest.ang=134.0 ownNow.ang=119.8 boundNow.ang=122.0 own=0x560a85156a40 bound=0x560a8060fbc0
[APD_DIAG] member='player3' mesh='gloves_resource.mesh' bone='bone_L-pinky02.mesh' distinct=1 cached=1 bakedRest.ang=112.4 ownNow.ang=96.5 boundNow.ang=114.7 own=0x560a85157b20 bound=0x560a8073d7a0
[APD_DIAG] member='player3' mesh='gloves_resource.mesh' bone='bone_L-pinky-base.mesh' distinct=1 cached=1 bakedRest.ang=127.5 ownNow.ang=127.5 boundNow.ang=146.7 own=0x560a85157460 bound=0x560a80497fa0
[APD_DIAG] member='player3' mesh='gloves_resource.mesh' bone='bone_L-index01.mesh' distinct=1 cached=1 bakedRest.ang=121.6 ownNow.ang=119.6 boundNow.ang=142.1 own=0x560a85154f40 bound=0x560a818c3700
[APD_DIAG] member='player3' mesh='gloves_resource.mesh' bone='bone_L-thumb01.mesh' distinct=1 cached=1 bakedRest.ang=144.3 ownNow.ang=151.9 boundNow.ang=117.4 own=0x560a8517e240 bound=0x560a809495e0
[APD_DIAG] member='player3' mesh='gloves_resource.mesh' bone='bone_L-thumb03.mesh' distinct=1 cached=1 bakedRest.ang=115.8 ownNow.ang=145.0 boundNow.ang=147.7 own=0x560a8517e900 bound=0x560a80c7b4e0
[APD_DIAG] member='player3' mesh='gloves_resource.mesh' bone='bone_L-foreTwist1.mesh' distinct=1 cached=1 bakedRest.ang=171.8 ownNow.ang=168.5 boundNow.ang=171.8 own=0x560a84c85cc0 bound=0x560a8151bf00
[APD_DIAG] member='player3' mesh='gloves_resource.mesh' bone='bone_L-foreTwist2.mesh' distinct=1 cached=1 bakedRest.ang=171.6 ownNow.ang=168.4 boundNow.ang=171.6 own=0x560a85153440 bound=0x560a8151c260
[APD_DIAG] member='player3' mesh='gloves_resource.mesh' bone='bone_L-pinky01.mesh' distinct=1 cached=1 bakedRest.ang=102.1 ownNow.ang=95.8 boundNow.ang=123.1 own=0x560a851577c0 bound=0x560a80498300
[APD_DIAG] member='player3' mesh='gloves_resource.mesh' bone='bone_L-middlefinger03.mesh' distinct=1 cached=1 bakedRest.ang=147.6 ownNow.ang=127.2 boundNow.ang=112.6 own=0x560a85156da0 bound=0x560a8066fa40
[APD_DIAG] member='player3' mesh='gloves_resource.mesh' bone='bone_L-middlefinger01.mesh' distinct=1 cached=1 bakedRest.ang=116.2 ownNow.ang=116.5 boundNow.ang=136.6 own=0x560a851566e0 bound=0x560a8060f860
[APD_DIAG] member='player3' mesh='gloves_resource.mesh' bone='bone_L-foreArm.mesh' distinct=1 cached=1 bakedRest.ang=162.8 ownNow.ang=165.1 boundNow.ang=171.9 own=0x560a84c85960 bound=0x560a81820780
[APD_DIAG] member='player3' mesh='gloves_resource.mesh' bone='bone_L-ringfinger02.mesh' distinct=1 cached=1 bakedRest.ang=133.2 ownNow.ang=119.7 boundNow.ang=118.3 own=0x560a851588a0 bound=0x560a81634a00
[APD_DIAG] member='player3' mesh='gloves_resource.mesh' bone='bone_L-pinky03.mesh' distinct=1 cached=1 bakedRest.ang=125.7 ownNow.ang=102.8 boundNow.ang=105.1 own=0x560a85157e80 bound=0x560a8073db00
[APD_DIAG] member='player3' mesh='gloves_resource.mesh' bone='bone_L-ringfinger03.mesh' distinct=1 cached=1 bakedRest.ang=137.7 ownNow.ang=118.6 boundNow.ang=115.1 own=0x560a85158c00 bound=0x560a81634d60
[APD_DIAG] member='player3' mesh='gloves_resource.mesh' bone='bone_L-ringfinger01.mesh' distinct=1 cached=1 bakedRest.ang=113.7 ownNow.ang=111.2 boundNow.ang=134.3 own=0x560a85158540 bound=0x560a8094f240
[APD_DIAG] member='player3' mesh='gloves_resource.mesh' bone='bone_L-ringfinger-base.mesh' distinct=1 cached=1 bakedRest.ang=127.5 ownNow.ang=127.5 boundNow.ang=146.7 own=0x560a851581e0 bound=0x560a8094eee0
[APD_DIAG] member='player3' mesh='gloves_skin.2.mesh' bone='bone_R-foreTwist2.mesh' distinct=1 cached=1 bakedRest.ang=175.0 ownNow.ang=179.0 boundNow.ang=175.0 own=0x560a851972c0 bound=0x560a805d5ee0
[APD_DIAG] member='player3' mesh='gloves_skin.2.mesh' bone='bone_R-foreTwist1.mesh' distinct=1 cached=1 bakedRest.ang=174.7 ownNow.ang=178.7 boundNow.ang=174.7 own=0x560a85196f60 bound=0x560a816bc180
[APD_DIAG] member='player3' mesh='gloves_skin.2.mesh' bone='bone_R-hand.mesh' distinct=1 cached=1 bakedRest.ang=108.0 ownNow.ang=116.8 boundNow.ang=98.8 own=0x560a85197620 bound=0x560a805d6240
[APD_DIAG] member='player3' mesh='gloves_skin.2.mesh' bone='bone_R-pinky-base.mesh' distinct=1 cached=1 bakedRest.ang=116.8 ownNow.ang=116.8 boundNow.ang=98.8 own=0x560a8519b2e0 bound=0x560a80647f40
[APD_DIAG] member='player3' mesh='gloves_skin.2.mesh' bone='bone_R-ringfinger-base.mesh' distinct=1 cached=1 bakedRest.ang=116.8 ownNow.ang=116.8 boundNow.ang=98.8 own=0x560a8519c060 bound=0x560a818d7620
[APD_DIAG] member='player3' mesh='gloves_skin.2.mesh' bone='bone_L-hand.mesh' distinct=1 cached=1 bakedRest.ang=127.2 ownNow.ang=127.5 boundNow.ang=146.7 own=0x560a851537a0 bound=0x560a81861dc0
[APD_DIAG] member='player3' mesh='gloves_skin.2.mesh' bone='bone_L-pinky-base.mesh' distinct=1 cached=1 bakedRest.ang=127.5 ownNow.ang=127.5 boundNow.ang=146.7 own=0x560a85157460 bound=0x560a80497fa0
[APD_DIAG] member='player3' mesh='gloves_skin.2.mesh' bone='bone_L-foreTwist1.mesh' distinct=1 cached=1 bakedRest.ang=171.8 ownNow.ang=168.5 boundNow.ang=171.8 own=0x560a84c85cc0 bound=0x560a8151bf00
[APD_DIAG] member='player3' mesh='gloves_skin.2.mesh' bone='bone_L-foreTwist2.mesh' distinct=1 cached=1 bakedRest.ang=171.6 ownNow.ang=168.4 boundNow.ang=171.6 own=0x560a85153440 bound=0x560a8151c260
[HEAD_REBIND] member='player3' targets=18 slots=223 reboundBones=214 reboundMeshes=17 pending=1 restPose=111 quiet=0 latched=0
[HEAD_REBIND] member='player0' targets=18 slots=11 reboundBones=0 reboundMeshes=0 pending=2 restPose=105 quiet=1 latched=0
[HEAD_REBIND] member='player1' targets=19 slots=59 reboundBones=0 reboundMeshes=0 pending=3 restPose=111 quiet=1 latched=0
[HEAD_REBIND] member='player2' targets=17 slots=7 reboundBones=0 reboundMeshes=0 pending=2 restPose=107 quiet=1 latched=0
[HEAD_REBIND] member='player3' targets=18 slots=9 reboundBones=0 reboundMeshes=0 pending=1 restPose=111 quiet=1 latched=0
[HEAD_REBIND] member='player0' targets=18 slots=11 reboundBones=0 reboundMeshes=0 pending=2 restPose=105 quiet=2 latched=0
[HEAD_REBIND] member='player1' targets=19 slots=59 reboundBones=0 reboundMeshes=0 pending=3 restPose=111 quiet=2 latched=0
[HEAD_REBIND] member='player2' targets=17 slots=7 reboundBones=0 reboundMeshes=0 pending=2 restPose=107 quiet=2 latched=0
[HEAD_REBIND] member='player3' targets=18 slots=9 reboundBones=0 reboundMeshes=0 pending=1 restPose=111 quiet=2 latched=0
[HEAD_REBIND] member='player0' targets=18 slots=11 reboundBones=0 reboundMeshes=0 pending=2 restPose=105 quiet=3 latched=0
[HEAD_REBIND] member='player1' targets=19 slots=59 reboundBones=0 reboundMeshes=0 pending=3 restPose=111 quiet=3 latched=0
[HEAD_REBIND] member='player2' targets=17 slots=7 reboundBones=0 reboundMeshes=0 pending=2 restPose=107 quiet=3 latched=0
[HEAD_REBIND] member='player3' targets=18 slots=9 reboundBones=0 reboundMeshes=0 pending=1 restPose=111 quiet=3 latched=0
[HEAD_REBIND] member='player0' targets=18 slots=11 reboundBones=0 reboundMeshes=0 pending=2 restPose=105 quiet=4 latched=0
[HEAD_REBIND] member='player1' targets=19 slots=59 reboundBones=0 reboundMeshes=0 pending=3 restPose=111 quiet=4 latched=0
[HEAD_REBIND] member='player2' targets=17 slots=7 reboundBones=0 reboundMeshes=0 pending=2 restPose=107 quiet=4 latched=0
[HEAD_REBIND] member='player3' targets=18 slots=9 reboundBones=0 reboundMeshes=0 pending=1 restPose=111 quiet=4 latched=0
[HEAD_REBIND] member='player0' targets=18 slots=11 reboundBones=0 reboundMeshes=0 pending=2 restPose=105 quiet=5 latched=0
[HEAD_REBIND] member='player1' targets=19 slots=59 reboundBones=0 reboundMeshes=0 pending=3 restPose=111 quiet=5 latched=0
[HEAD_REBIND] member='player2' targets=17 slots=7 reboundBones=0 reboundMeshes=0 pending=2 restPose=107 quiet=5 latched=0
[HEAD_REBIND] member='player3' targets=18 slots=9 reboundBones=0 reboundMeshes=0 pending=1 restPose=111 quiet=5 latched=0
[HEAD_REBIND] member='player0' targets=18 slots=11 reboundBones=0 reboundMeshes=0 pending=2 restPose=105 quiet=6 latched=0
[HEAD_REBIND] member='player1' targets=19 slots=59 reboundBones=0 reboundMeshes=0 pending=3 restPose=111 quiet=6 latched=0
[HEAD_REBIND] member='player2' targets=17 slots=7 reboundBones=0 reboundMeshes=0 pending=2 restPose=107 quiet=6 latched=0
[HEAD_REBIND] member='player3' targets=18 slots=9 reboundBones=0 reboundMeshes=0 pending=1 restPose=111 quiet=6 latched=0
[HEAD_REBIND] member='player0' targets=18 slots=11 reboundBones=0 reboundMeshes=0 pending=2 restPose=105 quiet=7 latched=0
[HEAD_REBIND] member='player1' targets=19 slots=59 reboundBones=0 reboundMeshes=0 pending=3 restPose=111 quiet=7 latched=0
[HEAD_REBIND] member='player2' targets=17 slots=7 reboundBones=0 reboundMeshes=0 pending=2 restPose=107 quiet=7 latched=0
[HEAD_REBIND] member='player3' targets=18 slots=9 reboundBones=0 reboundMeshes=0 pending=1 restPose=111 quiet=7 latched=0
[HEAD_REBIND] member='player0' targets=18 slots=11 reboundBones=0 reboundMeshes=0 pending=2 restPose=105 quiet=8 latched=0
[HEAD_REBIND] member='player1' targets=19 slots=59 reboundBones=0 reboundMeshes=0 pending=3 restPose=111 quiet=8 latched=0
[HEAD_REBIND] member='player2' targets=17 slots=7 reboundBones=0 reboundMeshes=0 pending=2 restPose=107 quiet=8 latched=0
[HEAD_REBIND] member='player3' targets=18 slots=9 reboundBones=0 reboundMeshes=0 pending=1 restPose=111 quiet=8 latched=0
RB3 input: bound synthetic user 0x560a80741140 to pad 0 (connected, controller=guitar)
[HEAD_REBIND] member='player0' targets=18 slots=11 reboundBones=0 reboundMeshes=0 pending=2 restPose=105 quiet=9 latched=0
[HEAD_REBIND] member='player1' targets=19 slots=59 reboundBones=0 reboundMeshes=0 pending=3 restPose=111 quiet=9 latched=0
[HEAD_REBIND] member='player2' targets=17 slots=7 reboundBones=0 reboundMeshes=0 pending=2 restPose=107 quiet=9 latched=0
[HEAD_REBIND] member='player3' targets=18 slots=9 reboundBones=0 reboundMeshes=0 pending=1 restPose=111 quiet=9 latched=0
[HEAD_REBIND] member='player0' targets=18 slots=11 reboundBones=0 reboundMeshes=0 pending=2 restPose=105 quiet=1 latched=0
[HEAD_REBIND] member='player1' targets=19 slots=59 reboundBones=0 reboundMeshes=0 pending=3 restPose=111 quiet=1 latched=0
[HEAD_REBIND] member='player2' targets=17 slots=7 reboundBones=0 reboundMeshes=0 pending=2 restPose=107 quiet=1 latched=0
[HEAD_REBIND] member='player3' targets=18 slots=9 reboundBones=0 reboundMeshes=0 pending=1 restPose=111 quiet=1 latched=0
[HEAD_REBIND] member='player0' targets=18 slots=11 reboundBones=0 reboundMeshes=0 pending=2 restPose=105 quiet=2 latched=0
[HEAD_REBIND] member='player1' targets=19 slots=59 reboundBones=0 reboundMeshes=0 pending=3 restPose=111 quiet=2 latched=0
[HEAD_REBIND] member='player2' targets=17 slots=7 reboundBones=0 reboundMeshes=0 pending=2 restPose=107 quiet=2 latched=0
[HEAD_REBIND] member='player3' targets=18 slots=9 reboundBones=0 reboundMeshes=0 pending=1 restPose=111 quiet=2 latched=0
[HEAD_REBIND] member='player0' targets=18 slots=11 reboundBones=0 reboundMeshes=0 pending=2 restPose=105 quiet=3 latched=0
[HEAD_REBIND] member='player1' targets=19 slots=59 reboundBones=0 reboundMeshes=0 pending=3 restPose=111 quiet=3 latched=0
[HEAD_REBIND] member='player2' targets=17 slots=7 reboundBones=0 reboundMeshes=0 pending=2 restPose=107 quiet=3 latched=0
[HEAD_REBIND] member='player3' targets=18 slots=9 reboundBones=0 reboundMeshes=0 pending=1 restPose=111 quiet=3 latched=0
[HEAD_REBIND] member='player0' targets=18 slots=11 reboundBones=0 reboundMeshes=0 pending=2 restPose=105 quiet=4 latched=0
[HEAD_REBIND] member='player1' targets=19 slots=59 reboundBones=0 reboundMeshes=0 pending=3 restPose=111 quiet=4 latched=0
[HEAD_REBIND] member='player2' targets=17 slots=7 reboundBones=0 reboundMeshes=0 pending=2 restPose=107 quiet=4 latched=0
[HEAD_REBIND] member='player3' targets=18 slots=9 reboundBones=0 reboundMeshes=0 pending=1 restPose=111 quiet=4 latched=0
[HEAD_REBIND] member='player0' targets=18 slots=11 reboundBones=0 reboundMeshes=0 pending=2 restPose=105 quiet=5 latched=0
[HEAD_REBIND] member='player1' targets=19 slots=59 reboundBones=0 reboundMeshes=0 pending=3 restPose=111 quiet=5 latched=0
[HEAD_REBIND] member='player2' targets=17 slots=7 reboundBones=0 reboundMeshes=0 pending=2 restPose=107 quiet=5 latched=0
[HEAD_REBIND] member='player3' targets=18 slots=9 reboundBones=0 reboundMeshes=0 pending=1 restPose=111 quiet=5 latched=0
[HEAD_REBIND] member='player0' targets=18 slots=11 reboundBones=0 reboundMeshes=0 pending=2 restPose=105 quiet=6 latched=0
[HEAD_REBIND] member='player1' targets=19 slots=59 reboundBones=0 reboundMeshes=0 pending=3 restPose=111 quiet=6 latched=0
[HEAD_REBIND] member='player2' targets=17 slots=7 reboundBones=0 reboundMeshes=0 pending=2 restPose=107 quiet=6 latched=0
[HEAD_REBIND] member='player3' targets=18 slots=9 reboundBones=0 reboundMeshes=0 pending=1 restPose=111 quiet=6 latched=0
[HEAD_REBIND] member='player0' targets=18 slots=11 reboundBones=0 reboundMeshes=0 pending=2 restPose=105 quiet=7 latched=0
[HEAD_REBIND] member='player1' targets=19 slots=59 reboundBones=0 reboundMeshes=0 pending=3 restPose=111 quiet=7 latched=0
[HEAD_REBIND] member='player2' targets=17 slots=7 reboundBones=0 reboundMeshes=0 pending=2 restPose=107 quiet=7 latched=0
[HEAD_REBIND] member='player3' targets=18 slots=9 reboundBones=0 reboundMeshes=0 pending=1 restPose=111 quiet=7 latched=0
[HEAD_REBIND] member='player0' targets=18 slots=11 reboundBones=0 reboundMeshes=0 pending=2 restPose=105 quiet=8 latched=0
[HEAD_REBIND] member='player1' targets=19 slots=59 reboundBones=0 reboundMeshes=0 pending=3 restPose=111 quiet=8 latched=0
[HEAD_REBIND] member='player2' targets=17 slots=7 reboundBones=0 reboundMeshes=0 pending=2 restPose=107 quiet=8 latched=0
[HEAD_REBIND] member='player3' targets=18 slots=9 reboundBones=0 reboundMeshes=0 pending=1 restPose=111 quiet=8 latched=0
[HEAD_REBIND] member='player0' targets=18 slots=11 reboundBones=0 reboundMeshes=0 pending=2 restPose=105 quiet=9 latched=0
[HEAD_REBIND] member='player1' targets=19 slots=59 reboundBones=0 reboundMeshes=0 pending=3 restPose=111 quiet=9 latched=0
[HEAD_REBIND] member='player2' targets=17 slots=7 reboundBones=0 reboundMeshes=0 pending=2 restPose=107 quiet=9 latched=0
[HEAD_REBIND] member='player3' targets=18 slots=9 reboundBones=0 reboundMeshes=0 pending=1 restPose=111 quiet=9 latched=0
[HEAD_REBIND] member='player0' targets=18 slots=11 reboundBones=0 reboundMeshes=0 pending=2 restPose=105 quiet=10 latched=0
[HEAD_REBIND] member='player1' targets=19 slots=59 reboundBones=0 reboundMeshes=0 pending=3 restPose=111 quiet=10 latched=0
[HEAD_REBIND] member='player2' targets=17 slots=7 reboundBones=0 reboundMeshes=0 pending=2 restPose=107 quiet=10 latched=0
[HEAD_REBIND] member='player3' targets=18 slots=9 reboundBones=0 reboundMeshes=0 pending=1 restPose=111 quiet=10 latched=0
[HEAD_REBIND] member='player0' targets=18 slots=11 reboundBones=0 reboundMeshes=0 pending=2 restPose=105 quiet=11 latched=0
[HEAD_REBIND] member='player1' targets=19 slots=59 reboundBones=0 reboundMeshes=0 pending=3 restPose=111 quiet=11 latched=0
[HEAD_REBIND] member='player2' targets=17 slots=7 reboundBones=0 reboundMeshes=0 pending=2 restPose=107 quiet=11 latched=0
[HEAD_REBIND] member='player3' targets=18 slots=9 reboundBones=0 reboundMeshes=0 pending=1 restPose=111 quiet=11 latched=0
[HEAD_REBIND] member='player0' targets=18 slots=11 reboundBones=0 reboundMeshes=0 pending=2 restPose=105 quiet=12 latched=0
[HEAD_REBIND] member='player1' targets=19 slots=59 reboundBones=0 reboundMeshes=0 pending=3 restPose=111 quiet=12 latched=0
[HEAD_REBIND] member='player2' targets=17 slots=7 reboundBones=0 reboundMeshes=0 pending=2 restPose=107 quiet=12 latched=0
[HEAD_REBIND] member='player3' targets=18 slots=9 reboundBones=0 reboundMeshes=0 pending=1 restPose=111 quiet=12 latched=0
[HEAD_REBIND] member='player0' targets=18 slots=11 reboundBones=0 reboundMeshes=0 pending=2 restPose=105 quiet=13 latched=0
[HEAD_REBIND] member='player1' targets=19 slots=59 reboundBones=0 reboundMeshes=0 pending=3 restPose=111 quiet=13 latched=0
[HEAD_REBIND] member='player2' targets=17 slots=7 reboundBones=0 reboundMeshes=0 pending=2 restPose=107 quiet=13 latched=0
[HEAD_REBIND] member='player3' targets=18 slots=9 reboundBones=0 reboundMeshes=0 pending=1 restPose=111 quiet=13 latched=0
[HEAD_REBIND] member='player0' targets=18 slots=11 reboundBones=0 reboundMeshes=0 pending=2 restPose=105 quiet=14 latched=0
[HEAD_REBIND] member='player1' targets=19 slots=59 reboundBones=0 reboundMeshes=0 pending=3 restPose=111 quiet=14 latched=0
[HEAD_REBIND] member='player2' targets=17 slots=7 reboundBones=0 reboundMeshes=0 pending=2 restPose=107 quiet=14 latched=0
[HEAD_REBIND] member='player3' targets=18 slots=9 reboundBones=0 reboundMeshes=0 pending=1 restPose=111 quiet=14 latched=0
[HEAD_REBIND] member='player0' targets=18 slots=11 reboundBones=0 reboundMeshes=0 pending=2 restPose=105 quiet=15 latched=0
[HEAD_REBIND] member='player1' targets=19 slots=59 reboundBones=0 reboundMeshes=0 pending=3 restPose=111 quiet=15 latched=0
[HEAD_REBIND] member='player2' targets=17 slots=7 reboundBones=0 reboundMeshes=0 pending=2 restPose=107 quiet=15 latched=0
[HEAD_REBIND] member='player3' targets=18 slots=9 reboundBones=0 reboundMeshes=0 pending=1 restPose=111 quiet=15 latched=0
[HEAD_REBIND] member='player0' targets=18 slots=11 reboundBones=0 reboundMeshes=0 pending=2 restPose=105 quiet=16 latched=0
[HEAD_REBIND] member='player1' targets=19 slots=59 reboundBones=0 reboundMeshes=0 pending=3 restPose=111 quiet=16 latched=0
[HEAD_REBIND] member='player2' targets=17 slots=7 reboundBones=0 reboundMeshes=0 pending=2 restPose=107 quiet=16 latched=0
[HEAD_REBIND] member='player3' targets=18 slots=9 reboundBones=0 reboundMeshes=0 pending=1 restPose=111 quiet=16 latched=0
[HEAD_REBIND] member='player0' targets=18 slots=11 reboundBones=0 reboundMeshes=0 pending=2 restPose=105 quiet=17 latched=0
[HEAD_REBIND] member='player1' targets=19 slots=59 reboundBones=0 reboundMeshes=0 pending=3 restPose=111 quiet=17 latched=0
[HEAD_REBIND] member='player2' targets=17 slots=7 reboundBones=0 reboundMeshes=0 pending=2 restPose=107 quiet=17 latched=0
[HEAD_REBIND] member='player3' targets=18 slots=9 reboundBones=0 reboundMeshes=0 pending=1 restPose=111 quiet=17 latched=0
[HEAD_REBIND] member='player0' targets=18 slots=11 reboundBones=0 reboundMeshes=0 pending=2 restPose=105 quiet=18 latched=0
[HEAD_REBIND] member='player1' targets=19 slots=59 reboundBones=0 reboundMeshes=0 pending=3 restPose=111 quiet=18 latched=0
[HEAD_REBIND] member='player2' targets=17 slots=7 reboundBones=0 reboundMeshes=0 pending=2 restPose=107 quiet=18 latched=0
[HEAD_REBIND] member='player3' targets=18 slots=9 reboundBones=0 reboundMeshes=0 pending=1 restPose=111 quiet=18 latched=0
[HEAD_REBIND] member='player0' targets=18 slots=11 reboundBones=0 reboundMeshes=0 pending=2 restPose=105 quiet=19 latched=0
[HEAD_REBIND] member='player1' targets=19 slots=59 reboundBones=0 reboundMeshes=0 pending=3 restPose=111 quiet=19 latched=0
[HEAD_REBIND] member='player2' targets=17 slots=7 reboundBones=0 reboundMeshes=0 pending=2 restPose=107 quiet=19 latched=0
[HEAD_REBIND] member='player3' targets=18 slots=9 reboundBones=0 reboundMeshes=0 pending=1 restPose=111 quiet=19 latched=0
[HEAD_REBIND] member='player0' targets=18 slots=11 reboundBones=0 reboundMeshes=0 pending=2 restPose=105 quiet=20 latched=0
[HEAD_REBIND] member='player1' targets=19 slots=59 reboundBones=0 reboundMeshes=0 pending=3 restPose=111 quiet=20 latched=0
[HEAD_REBIND] member='player2' targets=17 slots=7 reboundBones=0 reboundMeshes=0 pending=2 restPose=107 quiet=20 latched=0
[HEAD_REBIND] member='player3' targets=18 slots=9 reboundBones=0 reboundMeshes=0 pending=1 restPose=111 quiet=20 latched=0
[HEAD_REBIND] member='player0' targets=18 slots=11 reboundBones=0 reboundMeshes=0 pending=2 restPose=105 quiet=21 latched=0
[HEAD_REBIND] member='player1' targets=19 slots=59 reboundBones=0 reboundMeshes=0 pending=3 restPose=111 quiet=21 latched=0
[HEAD_REBIND] member='player2' targets=17 slots=7 reboundBones=0 reboundMeshes=0 pending=2 restPose=107 quiet=21 latched=0
[HEAD_REBIND] member='player3' targets=18 slots=9 reboundBones=0 reboundMeshes=0 pending=1 restPose=111 quiet=21 latched=0
[HEAD_REBIND] member='player0' targets=18 slots=11 reboundBones=0 reboundMeshes=0 pending=2 restPose=105 quiet=22 latched=0
[HEAD_REBIND] member='player1' targets=19 slots=59 reboundBones=0 reboundMeshes=0 pending=3 restPose=111 quiet=22 latched=0
[HEAD_REBIND] member='player2' targets=17 slots=7 reboundBones=0 reboundMeshes=0 pending=2 restPose=107 quiet=22 latched=0
[HEAD_REBIND] member='player3' targets=18 slots=9 reboundBones=0 reboundMeshes=0 pending=1 restPose=111 quiet=22 latched=0
[HEAD_REBIND] member='player0' targets=18 slots=11 reboundBones=0 reboundMeshes=0 pending=2 restPose=105 quiet=23 latched=0
[HEAD_REBIND] member='player1' targets=19 slots=59 reboundBones=0 reboundMeshes=0 pending=3 restPose=111 quiet=23 latched=0
[HEAD_REBIND] member='player2' targets=17 slots=7 reboundBones=0 reboundMeshes=0 pending=2 restPose=107 quiet=23 latched=0
[HEAD_REBIND] member='player3' targets=18 slots=9 reboundBones=0 reboundMeshes=0 pending=1 restPose=111 quiet=23 latched=0
[HEAD_REBIND] member='player0' targets=18 slots=11 reboundBones=0 reboundMeshes=0 pending=2 restPose=105 quiet=24 latched=0
[HEAD_REBIND] member='player1' targets=19 slots=59 reboundBones=0 reboundMeshes=0 pending=3 restPose=111 quiet=24 latched=0
[HEAD_REBIND] member='player2' targets=17 slots=7 reboundBones=0 reboundMeshes=0 pending=2 restPose=107 quiet=24 latched=0
[HEAD_REBIND] member='player3' targets=18 slots=9 reboundBones=0 reboundMeshes=0 pending=1 restPose=111 quiet=24 latched=0
[HEAD_REBIND] member='player0' targets=18 slots=11 reboundBones=0 reboundMeshes=0 pending=2 restPose=105 quiet=25 latched=0
[HEAD_REBIND] member='player1' targets=19 slots=59 reboundBones=0 reboundMeshes=0 pending=3 restPose=111 quiet=25 latched=0
[HEAD_REBIND] member='player2' targets=17 slots=7 reboundBones=0 reboundMeshes=0 pending=2 restPose=107 quiet=25 latched=0
[HEAD_REBIND] member='player3' targets=18 slots=9 reboundBones=0 reboundMeshes=0 pending=1 restPose=111 quiet=25 latched=0
[HEAD_REBIND] member='player0' targets=18 slots=11 reboundBones=0 reboundMeshes=0 pending=2 restPose=105 quiet=26 latched=0
[HEAD_REBIND] member='player1' targets=19 slots=59 reboundBones=0 reboundMeshes=0 pending=3 restPose=111 quiet=26 latched=0
[HEAD_REBIND] member='player2' targets=17 slots=7 reboundBones=0 reboundMeshes=0 pending=2 restPose=107 quiet=26 latched=0
[HEAD_REBIND] member='player3' targets=18 slots=9 reboundBones=0 reboundMeshes=0 pending=1 restPose=111 quiet=26 latched=0
[HEAD_REBIND] member='player0' targets=18 slots=11 reboundBones=0 reboundMeshes=0 pending=2 restPose=105 quiet=27 latched=0
[HEAD_REBIND] member='player1' targets=19 slots=59 reboundBones=0 reboundMeshes=0 pending=3 restPose=111 quiet=27 latched=0
[HEAD_REBIND] member='player2' targets=17 slots=7 reboundBones=0 reboundMeshes=0 pending=2 restPose=107 quiet=27 latched=0
[HEAD_REBIND] member='player3' targets=18 slots=9 reboundBones=0 reboundMeshes=0 pending=1 restPose=111 quiet=27 latched=0
[HEAD_REBIND] member='player0' targets=18 slots=11 reboundBones=0 reboundMeshes=0 pending=2 restPose=105 quiet=28 latched=0
[HEAD_REBIND] member='player1' targets=19 slots=59 reboundBones=0 reboundMeshes=0 pending=3 restPose=111 quiet=28 latched=0
[HEAD_REBIND] member='player2' targets=17 slots=7 reboundBones=0 reboundMeshes=0 pending=2 restPose=107 quiet=28 latched=0
[HEAD_REBIND] member='player3' targets=18 slots=9 reboundBones=0 reboundMeshes=0 pending=1 restPose=111 quiet=28 latched=0
[HEAD_REBIND] member='player0' targets=18 slots=11 reboundBones=0 reboundMeshes=0 pending=2 restPose=105 quiet=29 latched=0
[HEAD_REBIND] member='player1' targets=19 slots=59 reboundBones=0 reboundMeshes=0 pending=3 restPose=111 quiet=29 latched=0
[HEAD_REBIND] member='player2' targets=17 slots=7 reboundBones=0 reboundMeshes=0 pending=2 restPose=107 quiet=29 latched=0
[HEAD_REBIND] member='player3' targets=18 slots=9 reboundBones=0 reboundMeshes=0 pending=1 restPose=111 quiet=29 latched=0
[HEAD_REBIND] member='player0' targets=18 slots=11 reboundBones=0 reboundMeshes=0 pending=2 restPose=105 quiet=30 latched=0
[HEAD_REBIND] member='player1' targets=19 slots=59 reboundBones=0 reboundMeshes=0 pending=3 restPose=111 quiet=30 latched=0
[HEAD_REBIND] member='player2' targets=17 slots=7 reboundBones=0 reboundMeshes=0 pending=2 restPose=107 quiet=30 latched=0
[HEAD_REBIND] member='player3' targets=18 slots=9 reboundBones=0 reboundMeshes=0 pending=1 restPose=111 quiet=30 latched=0
[HEAD_REBIND] member='player0' targets=18 slots=11 reboundBones=0 reboundMeshes=0 pending=2 restPose=105 quiet=31 latched=0
[HEAD_REBIND] member='player1' targets=19 slots=59 reboundBones=0 reboundMeshes=0 pending=3 restPose=111 quiet=31 latched=0
[HEAD_REBIND] member='player2' targets=17 slots=7 reboundBones=0 reboundMeshes=0 pending=2 restPose=107 quiet=31 latched=0
[HEAD_REBIND] member='player3' targets=18 slots=9 reboundBones=0 reboundMeshes=0 pending=1 restPose=111 quiet=31 latched=0
[HEAD_REBIND] member='player0' targets=18 slots=11 reboundBones=0 reboundMeshes=0 pending=2 restPose=105 quiet=32 latched=0
[HEAD_REBIND] member='player1' targets=19 slots=59 reboundBones=0 reboundMeshes=0 pending=3 restPose=111 quiet=32 latched=0
[HEAD_REBIND] member='player2' targets=17 slots=7 reboundBones=0 reboundMeshes=0 pending=2 restPose=107 quiet=32 latched=0
[HEAD_REBIND] member='player3' targets=18 slots=9 reboundBones=0 reboundMeshes=0 pending=1 restPose=111 quiet=32 latched=0
[HEAD_REBIND] member='player0' targets=18 slots=11 reboundBones=0 reboundMeshes=0 pending=2 restPose=105 quiet=33 latched=0
[HEAD_REBIND] member='player1' targets=19 slots=59 reboundBones=0 reboundMeshes=0 pending=3 restPose=111 quiet=33 latched=0
[HEAD_REBIND] member='player2' targets=17 slots=7 reboundBones=0 reboundMeshes=0 pending=2 restPose=107 quiet=33 latched=0
[HEAD_REBIND] member='player3' targets=18 slots=9 reboundBones=0 reboundMeshes=0 pending=1 restPose=111 quiet=33 latched=0
[HEAD_REBIND] member='player0' targets=18 slots=11 reboundBones=0 reboundMeshes=0 pending=2 restPose=105 quiet=34 latched=0
[HEAD_REBIND] member='player1' targets=19 slots=59 reboundBones=0 reboundMeshes=0 pending=3 restPose=111 quiet=34 latched=0
[HEAD_REBIND] member='player2' targets=17 slots=7 reboundBones=0 reboundMeshes=0 pending=2 restPose=107 quiet=34 latched=0
[HEAD_REBIND] member='player3' targets=18 slots=9 reboundBones=0 reboundMeshes=0 pending=1 restPose=111 quiet=34 latched=0
[HEAD_REBIND] member='player0' targets=18 slots=11 reboundBones=0 reboundMeshes=0 pending=2 restPose=105 quiet=35 latched=0
[HEAD_REBIND] member='player1' targets=19 slots=59 reboundBones=0 reboundMeshes=0 pending=3 restPose=111 quiet=35 latched=0
[HEAD_REBIND] member='player2' targets=17 slots=7 reboundBones=0 reboundMeshes=0 pending=2 restPose=107 quiet=35 latched=0
[HEAD_REBIND] member='player3' targets=18 slots=9 reboundBones=0 reboundMeshes=0 pending=1 restPose=111 quiet=35 latched=0
[HEAD_REBIND] member='player0' targets=18 slots=11 reboundBones=0 reboundMeshes=0 pending=2 restPose=105 quiet=36 latched=0
[HEAD_REBIND] member='player1' targets=19 slots=59 reboundBones=0 reboundMeshes=0 pending=3 restPose=111 quiet=36 latched=0
[HEAD_REBIND] member='player2' targets=17 slots=7 reboundBones=0 reboundMeshes=0 pending=2 restPose=107 quiet=36 latched=0
[HEAD_REBIND] member='player3' targets=18 slots=9 reboundBones=0 reboundMeshes=0 pending=1 restPose=111 quiet=36 latched=0
[HEAD_REBIND] member='player0' targets=18 slots=11 reboundBones=0 reboundMeshes=0 pending=2 restPose=105 quiet=37 latched=0
[HEAD_REBIND] member='player1' targets=19 slots=59 reboundBones=0 reboundMeshes=0 pending=3 restPose=111 quiet=37 latched=0
[HEAD_REBIND] member='player2' targets=17 slots=7 reboundBones=0 reboundMeshes=0 pending=2 restPose=107 quiet=37 latched=0
[HEAD_REBIND] member='player3' targets=18 slots=9 reboundBones=0 reboundMeshes=0 pending=1 restPose=111 quiet=37 latched=0
[HEAD_REBIND] member='player0' targets=18 slots=11 reboundBones=0 reboundMeshes=0 pending=2 restPose=105 quiet=38 latched=0
[HEAD_REBIND] member='player1' targets=19 slots=59 reboundBones=0 reboundMeshes=0 pending=3 restPose=111 quiet=38 latched=0
[HEAD_REBIND] member='player2' targets=17 slots=7 reboundBones=0 reboundMeshes=0 pending=2 restPose=107 quiet=38 latched=0
[HEAD_REBIND] member='player3' targets=18 slots=9 reboundBones=0 reboundMeshes=0 pending=1 restPose=111 quiet=38 latched=0
[HEAD_REBIND] member='player0' targets=18 slots=11 reboundBones=0 reboundMeshes=0 pending=2 restPose=105 quiet=39 latched=0
[HEAD_REBIND] member='player1' targets=19 slots=59 reboundBones=0 reboundMeshes=0 pending=3 restPose=111 quiet=39 latched=0
[HEAD_REBIND] member='player2' targets=17 slots=7 reboundBones=0 reboundMeshes=0 pending=2 restPose=107 quiet=39 latched=0
[HEAD_REBIND] member='player3' targets=18 slots=9 reboundBones=0 reboundMeshes=0 pending=1 restPose=111 quiet=39 latched=0
[HEAD_REBIND] member='player0' targets=18 slots=11 reboundBones=0 reboundMeshes=0 pending=2 restPose=105 quiet=40 latched=0
[HEAD_REBIND] member='player1' targets=19 slots=59 reboundBones=0 reboundMeshes=0 pending=3 restPose=111 quiet=40 latched=0
[HEAD_REBIND] member='player2' targets=17 slots=7 reboundBones=0 reboundMeshes=0 pending=2 restPose=107 quiet=40 latched=0
[HEAD_REBIND] member='player3' targets=18 slots=9 reboundBones=0 reboundMeshes=0 pending=1 restPose=111 quiet=40 latched=0
[HEAD_REBIND] member='player0' targets=18 slots=11 reboundBones=0 reboundMeshes=0 pending=2 restPose=105 quiet=41 latched=0
[HEAD_REBIND] member='player1' targets=19 slots=59 reboundBones=0 reboundMeshes=0 pending=3 restPose=111 quiet=41 latched=0
[HEAD_REBIND] member='player2' targets=17 slots=7 reboundBones=0 reboundMeshes=0 pending=2 restPose=107 quiet=41 latched=0
[HEAD_REBIND] member='player3' targets=18 slots=9 reboundBones=0 reboundMeshes=0 pending=1 restPose=111 quiet=41 latched=0
[HEAD_REBIND] member='player0' targets=18 slots=11 reboundBones=0 reboundMeshes=0 pending=2 restPose=105 quiet=42 latched=0
[HEAD_REBIND] member='player1' targets=19 slots=59 reboundBones=0 reboundMeshes=0 pending=3 restPose=111 quiet=42 latched=0
[HEAD_REBIND] member='player2' targets=17 slots=7 reboundBones=0 reboundMeshes=0 pending=2 restPose=107 quiet=42 latched=0
[HEAD_REBIND] member='player3' targets=18 slots=9 reboundBones=0 reboundMeshes=0 pending=1 restPose=111 quiet=42 latched=0
[HEAD_REBIND] member='player0' targets=18 slots=11 reboundBones=0 reboundMeshes=0 pending=2 restPose=105 quiet=43 latched=0
[HEAD_REBIND] member='player1' targets=19 slots=59 reboundBones=0 reboundMeshes=0 pending=3 restPose=111 quiet=43 latched=0
[HEAD_REBIND] member='player2' targets=17 slots=7 reboundBones=0 reboundMeshes=0 pending=2 restPose=107 quiet=43 latched=0
[HEAD_REBIND] member='player3' targets=18 slots=9 reboundBones=0 reboundMeshes=0 pending=1 restPose=111 quiet=43 latched=0
[HEAD_REBIND] member='player0' targets=18 slots=11 reboundBones=0 reboundMeshes=0 pending=2 restPose=105 quiet=44 latched=0
[HEAD_REBIND] member='player1' targets=19 slots=59 reboundBones=0 reboundMeshes=0 pending=3 restPose=111 quiet=44 latched=0
[HEAD_REBIND] member='player2' targets=17 slots=7 reboundBones=0 reboundMeshes=0 pending=2 restPose=107 quiet=44 latched=0
[HEAD_REBIND] member='player3' targets=18 slots=9 reboundBones=0 reboundMeshes=0 pending=1 restPose=111 quiet=44 latched=0
[HEAD_REBIND] member='player0' targets=18 slots=11 reboundBones=0 reboundMeshes=0 pending=2 restPose=105 quiet=45 latched=0
[HEAD_REBIND] member='player1' targets=19 slots=59 reboundBones=0 reboundMeshes=0 pending=3 restPose=111 quiet=45 latched=0
[HEAD_REBIND] member='player2' targets=17 slots=7 reboundBones=0 reboundMeshes=0 pending=2 restPose=107 quiet=45 latched=0
[HEAD_REBIND] member='player3' targets=18 slots=9 reboundBones=0 reboundMeshes=0 pending=1 restPose=111 quiet=45 latched=0
[HEAD_REBIND] member='player0' targets=18 slots=11 reboundBones=0 reboundMeshes=0 pending=2 restPose=105 quiet=46 latched=0
[HEAD_REBIND] member='player1' targets=19 slots=59 reboundBones=0 reboundMeshes=0 pending=3 restPose=111 quiet=46 latched=0
[HEAD_REBIND] member='player2' targets=17 slots=7 reboundBones=0 reboundMeshes=0 pending=2 restPose=107 quiet=46 latched=0
[HEAD_REBIND] member='player3' targets=18 slots=9 reboundBones=0 reboundMeshes=0 pending=1 restPose=111 quiet=46 latched=0
[HEAD_REBIND] member='player0' targets=18 slots=11 reboundBones=0 reboundMeshes=0 pending=2 restPose=105 quiet=47 latched=0
[HEAD_REBIND] member='player1' targets=19 slots=59 reboundBones=0 reboundMeshes=0 pending=3 restPose=111 quiet=47 latched=0
[HEAD_REBIND] member='player2' targets=17 slots=7 reboundBones=0 reboundMeshes=0 pending=2 restPose=107 quiet=47 latched=0
[HEAD_REBIND] member='player3' targets=18 slots=9 reboundBones=0 reboundMeshes=0 pending=1 restPose=111 quiet=47 latched=0
[HEAD_REBIND] member='player0' targets=18 slots=11 reboundBones=0 reboundMeshes=0 pending=2 restPose=105 quiet=48 latched=0
[HEAD_REBIND] member='player1' targets=19 slots=59 reboundBones=0 reboundMeshes=0 pending=3 restPose=111 quiet=48 latched=0
[HEAD_REBIND] member='player2' targets=17 slots=7 reboundBones=0 reboundMeshes=0 pending=2 restPose=107 quiet=48 latched=0
[HEAD_REBIND] member='player3' targets=18 slots=9 reboundBones=0 reboundMeshes=0 pending=1 restPose=111 quiet=48 latched=0
[HEAD_REBIND] member='player0' targets=18 slots=11 reboundBones=0 reboundMeshes=0 pending=2 restPose=105 quiet=49 latched=0
[HEAD_REBIND] member='player1' targets=19 slots=59 reboundBones=0 reboundMeshes=0 pending=3 restPose=111 quiet=49 latched=0
[HEAD_REBIND] member='player2' targets=17 slots=7 reboundBones=0 reboundMeshes=0 pending=2 restPose=107 quiet=49 latched=0
[HEAD_REBIND] member='player3' targets=18 slots=9 reboundBones=0 reboundMeshes=0 pending=1 restPose=111 quiet=49 latched=0
[HEAD_REBIND] member='player0' targets=18 slots=11 reboundBones=0 reboundMeshes=0 pending=2 restPose=105 quiet=50 latched=0
[HEAD_REBIND] member='player1' targets=19 slots=59 reboundBones=0 reboundMeshes=0 pending=3 restPose=111 quiet=50 latched=0
[HEAD_REBIND] member='player2' targets=17 slots=7 reboundBones=0 reboundMeshes=0 pending=2 restPose=107 quiet=50 latched=0
[HEAD_REBIND] member='player3' targets=18 slots=9 reboundBones=0 reboundMeshes=0 pending=1 restPose=111 quiet=50 latched=0
[HEAD_REBIND] member='player0' targets=18 slots=11 reboundBones=0 reboundMeshes=0 pending=2 restPose=105 quiet=51 latched=0
[HEAD_REBIND] member='player1' targets=19 slots=59 reboundBones=0 reboundMeshes=0 pending=3 restPose=111 quiet=51 latched=0
[HEAD_REBIND] member='player2' targets=17 slots=7 reboundBones=0 reboundMeshes=0 pending=2 restPose=107 quiet=51 latched=0
[HEAD_REBIND] member='player3' targets=18 slots=9 reboundBones=0 reboundMeshes=0 pending=1 restPose=111 quiet=51 latched=0
[HEAD_REBIND] member='player0' targets=18 slots=11 reboundBones=0 reboundMeshes=0 pending=2 restPose=105 quiet=52 latched=0
[HEAD_REBIND] member='player1' targets=19 slots=59 reboundBones=0 reboundMeshes=0 pending=3 restPose=111 quiet=52 latched=0
[HEAD_REBIND] member='player2' targets=17 slots=7 reboundBones=0 reboundMeshes=0 pending=2 restPose=107 quiet=52 latched=0
[HEAD_REBIND] member='player3' targets=18 slots=9 reboundBones=0 reboundMeshes=0 pending=1 restPose=111 quiet=52 latched=0
[HEAD_REBIND] member='player0' targets=18 slots=11 reboundBones=0 reboundMeshes=0 pending=2 restPose=105 quiet=53 latched=0
[HEAD_REBIND] member='player1' targets=19 slots=59 reboundBones=0 reboundMeshes=0 pending=3 restPose=111 quiet=53 latched=0
[HEAD_REBIND] member='player2' targets=17 slots=7 reboundBones=0 reboundMeshes=0 pending=2 restPose=107 quiet=53 latched=0
[HEAD_REBIND] member='player3' targets=18 slots=9 reboundBones=0 reboundMeshes=0 pending=1 restPose=111 quiet=53 latched=0
[HEAD_REBIND] member='player0' targets=18 slots=11 reboundBones=0 reboundMeshes=0 pending=2 restPose=105 quiet=54 latched=0
[HEAD_REBIND] member='player1' targets=19 slots=59 reboundBones=0 reboundMeshes=0 pending=3 restPose=111 quiet=54 latched=0
[HEAD_REBIND] member='player2' targets=17 slots=7 reboundBones=0 reboundMeshes=0 pending=2 restPose=107 quiet=54 latched=0
[HEAD_REBIND] member='player3' targets=18 slots=9 reboundBones=0 reboundMeshes=0 pending=1 restPose=111 quiet=54 latched=0
[HEAD_REBIND] member='player0' targets=18 slots=11 reboundBones=0 reboundMeshes=0 pending=2 restPose=105 quiet=55 latched=0
[HEAD_REBIND] member='player1' targets=19 slots=59 reboundBones=0 reboundMeshes=0 pending=3 restPose=111 quiet=55 latched=0
[HEAD_REBIND] member='player2' targets=17 slots=7 reboundBones=0 reboundMeshes=0 pending=2 restPose=107 quiet=55 latched=0
[HEAD_REBIND] member='player3' targets=18 slots=9 reboundBones=0 reboundMeshes=0 pending=1 restPose=111 quiet=55 latched=0
[HEAD_REBIND] member='player0' targets=18 slots=11 reboundBones=0 reboundMeshes=0 pending=2 restPose=105 quiet=56 latched=0
[HEAD_REBIND] member='player1' targets=19 slots=59 reboundBones=0 reboundMeshes=0 pending=3 restPose=111 quiet=56 latched=0
[HEAD_REBIND] member='player2' targets=17 slots=7 reboundBones=0 reboundMeshes=0 pending=2 restPose=107 quiet=56 latched=0
[HEAD_REBIND] member='player3' targets=18 slots=9 reboundBones=0 reboundMeshes=0 pending=1 restPose=111 quiet=56 latched=0
[HEAD_REBIND] member='player0' targets=18 slots=11 reboundBones=0 reboundMeshes=0 pending=2 restPose=105 quiet=57 latched=0
[HEAD_REBIND] member='player1' targets=19 slots=59 reboundBones=0 reboundMeshes=0 pending=3 restPose=111 quiet=57 latched=0
[HEAD_REBIND] member='player2' targets=17 slots=7 reboundBones=0 reboundMeshes=0 pending=2 restPose=107 quiet=57 latched=0
[HEAD_REBIND] member='player3' targets=18 slots=9 reboundBones=0 reboundMeshes=0 pending=1 restPose=111 quiet=57 latched=0
[HEAD_REBIND] member='player0' targets=18 slots=11 reboundBones=0 reboundMeshes=0 pending=2 restPose=105 quiet=58 latched=0
[HEAD_REBIND] member='player1' targets=19 slots=59 reboundBones=0 reboundMeshes=0 pending=3 restPose=111 quiet=58 latched=0
[HEAD_REBIND] member='player2' targets=17 slots=7 reboundBones=0 reboundMeshes=0 pending=2 restPose=107 quiet=58 latched=0
[HEAD_REBIND] member='player3' targets=18 slots=9 reboundBones=0 reboundMeshes=0 pending=1 restPose=111 quiet=58 latched=0
[HEAD_REBIND] member='player0' targets=18 slots=11 reboundBones=0 reboundMeshes=0 pending=2 restPose=105 quiet=59 latched=0
[HEAD_REBIND] member='player1' targets=19 slots=59 reboundBones=0 reboundMeshes=0 pending=3 restPose=111 quiet=59 latched=0
[HEAD_REBIND] member='player2' targets=17 slots=7 reboundBones=0 reboundMeshes=0 pending=2 restPose=107 quiet=59 latched=0
[HEAD_REBIND] member='player3' targets=18 slots=9 reboundBones=0 reboundMeshes=0 pending=1 restPose=111 quiet=59 latched=0
[HEAD_REBIND] member='player0' targets=18 slots=11 reboundBones=0 reboundMeshes=0 pending=2 restPose=105 quiet=60 latched=0
[HEAD_REBIND] member='player1' targets=19 slots=59 reboundBones=0 reboundMeshes=0 pending=3 restPose=111 quiet=60 latched=0
[HEAD_REBIND] member='player2' targets=17 slots=7 reboundBones=0 reboundMeshes=0 pending=2 restPose=107 quiet=60 latched=0
[HEAD_REBIND] member='player3' targets=18 slots=9 reboundBones=0 reboundMeshes=0 pending=1 restPose=111 quiet=60 latched=0
[HEAD_REBIND] member='player0' targets=18 slots=11 reboundBones=0 reboundMeshes=0 pending=2 restPose=105 quiet=61 latched=0
[HEAD_REBIND] member='player1' targets=19 slots=59 reboundBones=0 reboundMeshes=0 pending=3 restPose=111 quiet=61 latched=0
[HEAD_REBIND] member='player2' targets=17 slots=7 reboundBones=0 reboundMeshes=0 pending=2 restPose=107 quiet=61 latched=0
[HEAD_REBIND] member='player3' targets=18 slots=9 reboundBones=0 reboundMeshes=0 pending=1 restPose=111 quiet=61 latched=0
[HEAD_REBIND] member='player0' targets=18 slots=11 reboundBones=0 reboundMeshes=0 pending=2 restPose=105 quiet=62 latched=0
[HEAD_REBIND] member='player1' targets=19 slots=59 reboundBones=0 reboundMeshes=0 pending=3 restPose=111 quiet=62 latched=0
[HEAD_REBIND] member='player3' targets=18 slots=9 reboundBones=0 reboundMeshes=0 pending=1 restPose=111 quiet=62 latched=0
[HEAD_REBIND] member='player2' targets=17 slots=7 reboundBones=0 reboundMeshes=0 pending=2 restPose=107 quiet=62 latched=0
[HEAD_REBIND] member='player0' targets=18 slots=11 reboundBones=0 reboundMeshes=0 pending=2 restPose=105 quiet=1 latched=0
[HEAD_REBIND] member='player1' targets=19 slots=59 reboundBones=0 reboundMeshes=0 pending=3 restPose=111 quiet=1 latched=0
[HEAD_REBIND] member='player3' targets=18 slots=9 reboundBones=0 reboundMeshes=0 pending=1 restPose=111 quiet=1 latched=0
[HEAD_REBIND] member='player2' targets=17 slots=7 reboundBones=0 reboundMeshes=0 pending=2 restPose=107 quiet=1 latched=0
[HEAD_REBIND] member='player0' targets=18 slots=11 reboundBones=0 reboundMeshes=0 pending=2 restPose=105 quiet=2 latched=0
[HEAD_REBIND] member='player1' targets=19 slots=59 reboundBones=0 reboundMeshes=0 pending=3 restPose=111 quiet=2 latched=0
[HEAD_REBIND] member='player3' targets=18 slots=9 reboundBones=0 reboundMeshes=0 pending=1 restPose=111 quiet=2 latched=0
[HEAD_REBIND] member='player2' targets=17 slots=7 reboundBones=0 reboundMeshes=0 pending=2 restPose=107 quiet=2 latched=0
[HEAD_REBIND] member='player0' targets=18 slots=11 reboundBones=0 reboundMeshes=0 pending=2 restPose=105 quiet=3 latched=0
[HEAD_REBIND] member='player1' targets=19 slots=59 reboundBones=0 reboundMeshes=0 pending=3 restPose=111 quiet=3 latched=0
[HEAD_REBIND] member='player3' targets=18 slots=9 reboundBones=0 reboundMeshes=0 pending=1 restPose=111 quiet=3 latched=0
[HEAD_REBIND] member='player2' targets=17 slots=7 reboundBones=0 reboundMeshes=0 pending=2 restPose=107 quiet=3 latched=0
[HEAD_REBIND] member='player0' targets=18 slots=11 reboundBones=0 reboundMeshes=0 pending=2 restPose=105 quiet=4 latched=0
[HEAD_REBIND] member='player1' targets=19 slots=59 reboundBones=0 reboundMeshes=0 pending=3 restPose=111 quiet=4 latched=0
[HEAD_REBIND] member='player3' targets=18 slots=9 reboundBones=0 reboundMeshes=0 pending=1 restPose=111 quiet=4 latched=0
[HEAD_REBIND] member='player2' targets=17 slots=7 reboundBones=0 reboundMeshes=0 pending=2 restPose=107 quiet=4 latched=0
[HEAD_REBIND] member='player0' targets=18 slots=11 reboundBones=0 reboundMeshes=0 pending=2 restPose=105 quiet=5 latched=0
[HEAD_REBIND] member='player1' targets=19 slots=59 reboundBones=0 reboundMeshes=0 pending=3 restPose=111 quiet=5 latched=0
[HEAD_REBIND] member='player3' targets=18 slots=9 reboundBones=0 reboundMeshes=0 pending=1 restPose=111 quiet=5 latched=0
[HEAD_REBIND] member='player2' targets=17 slots=7 reboundBones=0 reboundMeshes=0 pending=2 restPose=107 quiet=5 latched=0
[HEAD_REBIND] member='player0' targets=18 slots=11 reboundBones=0 reboundMeshes=0 pending=2 restPose=105 quiet=6 latched=0
[HEAD_REBIND] member='player1' targets=19 slots=59 reboundBones=0 reboundMeshes=0 pending=3 restPose=111 quiet=6 latched=0
[HEAD_REBIND] member='player3' targets=18 slots=9 reboundBones=0 reboundMeshes=0 pending=1 restPose=111 quiet=6 latched=0
[HEAD_REBIND] member='player2' targets=17 slots=7 reboundBones=0 reboundMeshes=0 pending=2 restPose=107 quiet=6 latched=0
[HEAD_REBIND] member='player0' targets=18 slots=11 reboundBones=0 reboundMeshes=0 pending=2 restPose=105 quiet=7 latched=0
[HEAD_REBIND] member='player1' targets=19 slots=59 reboundBones=0 reboundMeshes=0 pending=3 restPose=111 quiet=7 latched=0
[HEAD_REBIND] member='player3' targets=18 slots=9 reboundBones=0 reboundMeshes=0 pending=1 restPose=111 quiet=7 latched=0
[HEAD_REBIND] member='player2' targets=17 slots=7 reboundBones=0 reboundMeshes=0 pending=2 restPose=107 quiet=7 latched=0
[HEAD_REBIND] member='player0' targets=18 slots=11 reboundBones=0 reboundMeshes=0 pending=2 restPose=105 quiet=8 latched=0
[HEAD_REBIND] member='player1' targets=19 slots=59 reboundBones=0 reboundMeshes=0 pending=3 restPose=111 quiet=8 latched=0
[HEAD_REBIND] member='player3' targets=18 slots=9 reboundBones=0 reboundMeshes=0 pending=1 restPose=111 quiet=8 latched=0
[HEAD_REBIND] member='player2' targets=17 slots=7 reboundBones=0 reboundMeshes=0 pending=2 restPose=107 quiet=8 latched=0
[HEAD_REBIND] member='player0' targets=18 slots=11 reboundBones=0 reboundMeshes=0 pending=2 restPose=105 quiet=9 latched=0
[HEAD_REBIND] member='player1' targets=19 slots=59 reboundBones=0 reboundMeshes=0 pending=3 restPose=111 quiet=9 latched=0
[HEAD_REBIND] member='player3' targets=18 slots=9 reboundBones=0 reboundMeshes=0 pending=1 restPose=111 quiet=9 latched=0
[HEAD_REBIND] member='player2' targets=17 slots=7 reboundBones=0 reboundMeshes=0 pending=2 restPose=107 quiet=9 latched=0
[HEAD_REBIND] member='player0' targets=18 slots=11 reboundBones=0 reboundMeshes=0 pending=2 restPose=105 quiet=10 latched=0
[HEAD_REBIND] member='player1' targets=19 slots=59 reboundBones=0 reboundMeshes=0 pending=3 restPose=111 quiet=10 latched=0
[HEAD_REBIND] member='player3' targets=18 slots=9 reboundBones=0 reboundMeshes=0 pending=1 restPose=111 quiet=10 latched=0
[HEAD_REBIND] member='player2' targets=17 slots=7 reboundBones=0 reboundMeshes=0 pending=2 restPose=107 quiet=10 latched=0
[HEAD_REBIND] member='player0' targets=18 slots=11 reboundBones=0 reboundMeshes=0 pending=2 restPose=105 quiet=11 latched=0
[HEAD_REBIND] member='player1' targets=19 slots=59 reboundBones=0 reboundMeshes=0 pending=3 restPose=111 quiet=11 latched=0
[HEAD_REBIND] member='player3' targets=18 slots=9 reboundBones=0 reboundMeshes=0 pending=1 restPose=111 quiet=11 latched=0
[HEAD_REBIND] member='player2' targets=17 slots=7 reboundBones=0 reboundMeshes=0 pending=2 restPose=107 quiet=11 latched=0
[HEAD_REBIND] member='player0' targets=18 slots=11 reboundBones=0 reboundMeshes=0 pending=2 restPose=105 quiet=12 latched=0
[HEAD_REBIND] member='player1' targets=19 slots=59 reboundBones=0 reboundMeshes=0 pending=3 restPose=111 quiet=12 latched=0
[HEAD_REBIND] member='player3' targets=18 slots=9 reboundBones=0 reboundMeshes=0 pending=1 restPose=111 quiet=12 latched=0
[HEAD_REBIND] member='player2' targets=17 slots=7 reboundBones=0 reboundMeshes=0 pending=2 restPose=107 quiet=12 latched=0
[HEAD_REBIND] member='player0' targets=18 slots=11 reboundBones=0 reboundMeshes=0 pending=2 restPose=105 quiet=13 latched=0
[HEAD_REBIND] member='player1' targets=19 slots=59 reboundBones=0 reboundMeshes=0 pending=3 restPose=111 quiet=13 latched=0
[HEAD_REBIND] member='player3' targets=18 slots=9 reboundBones=0 reboundMeshes=0 pending=1 restPose=111 quiet=13 latched=0
[HEAD_REBIND] member='player2' targets=17 slots=7 reboundBones=0 reboundMeshes=0 pending=2 restPose=107 quiet=13 latched=0
[HEAD_REBIND] member='player0' targets=18 slots=11 reboundBones=0 reboundMeshes=0 pending=2 restPose=105 quiet=14 latched=0
[HEAD_REBIND] member='player1' targets=19 slots=59 reboundBones=0 reboundMeshes=0 pending=3 restPose=111 quiet=14 latched=0
[HEAD_REBIND] member='player3' targets=18 slots=9 reboundBones=0 reboundMeshes=0 pending=1 restPose=111 quiet=14 latched=0
[HEAD_REBIND] member='player2' targets=17 slots=7 reboundBones=0 reboundMeshes=0 pending=2 restPose=107 quiet=14 latched=0
[HEAD_REBIND] member='player0' targets=18 slots=11 reboundBones=0 reboundMeshes=0 pending=2 restPose=105 quiet=15 latched=0
[HEAD_REBIND] member='player1' targets=19 slots=59 reboundBones=0 reboundMeshes=0 pending=3 restPose=111 quiet=15 latched=0
[HEAD_REBIND] member='player3' targets=18 slots=9 reboundBones=0 reboundMeshes=0 pending=1 restPose=111 quiet=15 latched=0
[HEAD_REBIND] member='player2' targets=17 slots=7 reboundBones=0 reboundMeshes=0 pending=2 restPose=107 quiet=15 latched=0
[HEAD_REBIND] member='player0' targets=18 slots=11 reboundBones=0 reboundMeshes=0 pending=2 restPose=105 quiet=16 latched=0
[HEAD_REBIND] member='player1' targets=19 slots=59 reboundBones=0 reboundMeshes=0 pending=3 restPose=111 quiet=16 latched=0
[HEAD_REBIND] member='player3' targets=18 slots=9 reboundBones=0 reboundMeshes=0 pending=1 restPose=111 quiet=16 latched=0
[HEAD_REBIND] member='player2' targets=17 slots=7 reboundBones=0 reboundMeshes=0 pending=2 restPose=107 quiet=16 latched=0
[HEAD_REBIND] member='player0' targets=18 slots=11 reboundBones=0 reboundMeshes=0 pending=2 restPose=105 quiet=17 latched=0
[HEAD_REBIND] member='player1' targets=19 slots=59 reboundBones=0 reboundMeshes=0 pending=3 restPose=111 quiet=17 latched=0
[HEAD_REBIND] member='player3' targets=18 slots=9 reboundBones=0 reboundMeshes=0 pending=1 restPose=111 quiet=17 latched=0
[HEAD_REBIND] member='player2' targets=17 slots=7 reboundBones=0 reboundMeshes=0 pending=2 restPose=107 quiet=17 latched=0
[HEAD_REBIND] member='player0' targets=18 slots=11 reboundBones=0 reboundMeshes=0 pending=2 restPose=105 quiet=18 latched=0
[HEAD_REBIND] member='player1' targets=19 slots=59 reboundBones=0 reboundMeshes=0 pending=3 restPose=111 quiet=18 latched=0
[HEAD_REBIND] member='player3' targets=18 slots=9 reboundBones=0 reboundMeshes=0 pending=1 restPose=111 quiet=18 latched=0
[HEAD_REBIND] member='player2' targets=17 slots=7 reboundBones=0 reboundMeshes=0 pending=2 restPose=107 quiet=18 latched=0
[HEAD_REBIND] member='player0' targets=18 slots=11 reboundBones=0 reboundMeshes=0 pending=2 restPose=105 quiet=19 latched=0
[HEAD_REBIND] member='player1' targets=19 slots=59 reboundBones=0 reboundMeshes=0 pending=3 restPose=111 quiet=19 latched=0
[HEAD_REBIND] member='player3' targets=18 slots=9 reboundBones=0 reboundMeshes=0 pending=1 restPose=111 quiet=19 latched=0
[HEAD_REBIND] member='player2' targets=17 slots=7 reboundBones=0 reboundMeshes=0 pending=2 restPose=107 quiet=19 latched=0
[HEAD_REBIND] member='player0' targets=18 slots=11 reboundBones=0 reboundMeshes=0 pending=2 restPose=105 quiet=20 latched=0
[HEAD_REBIND] member='player1' targets=19 slots=59 reboundBones=0 reboundMeshes=0 pending=3 restPose=111 quiet=20 latched=0
[HEAD_REBIND] member='player3' targets=18 slots=9 reboundBones=0 reboundMeshes=0 pending=1 restPose=111 quiet=20 latched=0
[HEAD_REBIND] member='player2' targets=17 slots=7 reboundBones=0 reboundMeshes=0 pending=2 restPose=107 quiet=20 latched=0
[HEAD_REBIND] member='player0' targets=18 slots=11 reboundBones=0 reboundMeshes=0 pending=2 restPose=105 quiet=21 latched=0
[HEAD_REBIND] member='player1' targets=19 slots=59 reboundBones=0 reboundMeshes=0 pending=3 restPose=111 quiet=21 latched=0
[HEAD_REBIND] member='player3' targets=18 slots=9 reboundBones=0 reboundMeshes=0 pending=1 restPose=111 quiet=21 latched=0
[HEAD_REBIND] member='player2' targets=17 slots=7 reboundBones=0 reboundMeshes=0 pending=2 restPose=107 quiet=21 latched=0
[HEAD_REBIND] member='player0' targets=18 slots=11 reboundBones=0 reboundMeshes=0 pending=2 restPose=105 quiet=22 latched=0
[HEAD_REBIND] member='player1' targets=19 slots=59 reboundBones=0 reboundMeshes=0 pending=3 restPose=111 quiet=22 latched=0
[HEAD_REBIND] member='player3' targets=18 slots=9 reboundBones=0 reboundMeshes=0 pending=1 restPose=111 quiet=22 latched=0
[HEAD_REBIND] member='player2' targets=17 slots=7 reboundBones=0 reboundMeshes=0 pending=2 restPose=107 quiet=22 latched=0
[HEAD_REBIND] member='player0' targets=18 slots=11 reboundBones=0 reboundMeshes=0 pending=2 restPose=105 quiet=23 latched=0
[HEAD_REBIND] member='player1' targets=19 slots=59 reboundBones=0 reboundMeshes=0 pending=3 restPose=111 quiet=23 latched=0
[HEAD_REBIND] member='player3' targets=18 slots=9 reboundBones=0 reboundMeshes=0 pending=1 restPose=111 quiet=23 latched=0
[HEAD_REBIND] member='player2' targets=17 slots=7 reboundBones=0 reboundMeshes=0 pending=2 restPose=107 quiet=23 latched=0
[HEAD_REBIND] member='player0' targets=18 slots=11 reboundBones=0 reboundMeshes=0 pending=2 restPose=105 quiet=24 latched=0
[HEAD_REBIND] member='player1' targets=19 slots=59 reboundBones=0 reboundMeshes=0 pending=3 restPose=111 quiet=24 latched=0
[HEAD_REBIND] member='player3' targets=18 slots=9 reboundBones=0 reboundMeshes=0 pending=1 restPose=111 quiet=24 latched=0
[HEAD_REBIND] member='player2' targets=17 slots=7 reboundBones=0 reboundMeshes=0 pending=2 restPose=107 quiet=24 latched=0
[HEAD_REBIND] member='player0' targets=18 slots=11 reboundBones=0 reboundMeshes=0 pending=2 restPose=105 quiet=25 latched=0
[HEAD_REBIND] member='player1' targets=19 slots=59 reboundBones=0 reboundMeshes=0 pending=3 restPose=111 quiet=25 latched=0
[HEAD_REBIND] member='player3' targets=18 slots=9 reboundBones=0 reboundMeshes=0 pending=1 restPose=111 quiet=25 latched=0
[HEAD_REBIND] member='player2' targets=17 slots=7 reboundBones=0 reboundMeshes=0 pending=2 restPose=107 quiet=25 latched=0
[HEAD_REBIND] member='player0' targets=18 slots=11 reboundBones=0 reboundMeshes=0 pending=2 restPose=105 quiet=26 latched=0
[HEAD_REBIND] member='player1' targets=19 slots=59 reboundBones=0 reboundMeshes=0 pending=3 restPose=111 quiet=26 latched=0
[HEAD_REBIND] member='player3' targets=18 slots=9 reboundBones=0 reboundMeshes=0 pending=1 restPose=111 quiet=26 latched=0
[HEAD_REBIND] member='player2' targets=17 slots=7 reboundBones=0 reboundMeshes=0 pending=2 restPose=107 quiet=26 latched=0
[HEAD_REBIND] member='player0' targets=18 slots=11 reboundBones=0 reboundMeshes=0 pending=2 restPose=105 quiet=27 latched=0
[HEAD_REBIND] member='player1' targets=19 slots=59 reboundBones=0 reboundMeshes=0 pending=3 restPose=111 quiet=27 latched=0
[HEAD_REBIND] member='player3' targets=18 slots=9 reboundBones=0 reboundMeshes=0 pending=1 restPose=111 quiet=27 latched=0
[HEAD_REBIND] member='player2' targets=17 slots=7 reboundBones=0 reboundMeshes=0 pending=2 restPose=107 quiet=27 latched=0
[HEAD_REBIND] member='player0' targets=18 slots=11 reboundBones=0 reboundMeshes=0 pending=2 restPose=105 quiet=28 latched=0
[HEAD_REBIND] member='player1' targets=19 slots=59 reboundBones=0 reboundMeshes=0 pending=3 restPose=111 quiet=28 latched=0
[HEAD_REBIND] member='player3' targets=18 slots=9 reboundBones=0 reboundMeshes=0 pending=1 restPose=111 quiet=28 latched=0
[HEAD_REBIND] member='player2' targets=17 slots=7 reboundBones=0 reboundMeshes=0 pending=2 restPose=107 quiet=28 latched=0
[HEAD_REBIND] member='player0' targets=18 slots=11 reboundBones=0 reboundMeshes=0 pending=2 restPose=105 quiet=29 latched=0
[HEAD_REBIND] member='player1' targets=19 slots=59 reboundBones=0 reboundMeshes=0 pending=3 restPose=111 quiet=29 latched=0
[HEAD_REBIND] member='player3' targets=18 slots=9 reboundBones=0 reboundMeshes=0 pending=1 restPose=111 quiet=29 latched=0
[HEAD_REBIND] member='player2' targets=17 slots=7 reboundBones=0 reboundMeshes=0 pending=2 restPose=107 quiet=29 latched=0
[HEAD_REBIND] member='player0' targets=18 slots=11 reboundBones=0 reboundMeshes=0 pending=2 restPose=105 quiet=30 latched=0
[HEAD_REBIND] member='player1' targets=19 slots=59 reboundBones=0 reboundMeshes=0 pending=3 restPose=111 quiet=30 latched=0
[HEAD_REBIND] member='player3' targets=18 slots=9 reboundBones=0 reboundMeshes=0 pending=1 restPose=111 quiet=30 latched=0
[HEAD_REBIND] member='player2' targets=17 slots=7 reboundBones=0 reboundMeshes=0 pending=2 restPose=107 quiet=30 latched=0
[HEAD_REBIND] member='player0' targets=18 slots=11 reboundBones=0 reboundMeshes=0 pending=2 restPose=105 quiet=31 latched=0
[HEAD_REBIND] member='player1' targets=19 slots=59 reboundBones=0 reboundMeshes=0 pending=3 restPose=111 quiet=31 latched=0
[HEAD_REBIND] member='player3' targets=18 slots=9 reboundBones=0 reboundMeshes=0 pending=1 restPose=111 quiet=31 latched=0
[HEAD_REBIND] member='player2' targets=17 slots=7 reboundBones=0 reboundMeshes=0 pending=2 restPose=107 quiet=31 latched=0
[HEAD_REBIND] member='player0' targets=18 slots=11 reboundBones=0 reboundMeshes=0 pending=2 restPose=105 quiet=32 latched=0
[HEAD_REBIND] member='player1' targets=19 slots=59 reboundBones=0 reboundMeshes=0 pending=3 restPose=111 quiet=32 latched=0
[HEAD_REBIND] member='player3' targets=18 slots=9 reboundBones=0 reboundMeshes=0 pending=1 restPose=111 quiet=32 latched=0
[HEAD_REBIND] member='player2' targets=17 slots=7 reboundBones=0 reboundMeshes=0 pending=2 restPose=107 quiet=32 latched=0
[HEAD_REBIND] member='player0' targets=18 slots=11 reboundBones=0 reboundMeshes=0 pending=2 restPose=105 quiet=33 latched=0
[HEAD_REBIND] member='player1' targets=19 slots=59 reboundBones=0 reboundMeshes=0 pending=3 restPose=111 quiet=33 latched=0
[HEAD_REBIND] member='player3' targets=18 slots=9 reboundBones=0 reboundMeshes=0 pending=1 restPose=111 quiet=33 latched=0
[HEAD_REBIND] member='player2' targets=17 slots=7 reboundBones=0 reboundMeshes=0 pending=2 restPose=107 quiet=33 latched=0
[HEAD_REBIND] member='player0' targets=18 slots=11 reboundBones=0 reboundMeshes=0 pending=2 restPose=105 quiet=34 latched=0
[HEAD_REBIND] member='player1' targets=19 slots=59 reboundBones=0 reboundMeshes=0 pending=3 restPose=111 quiet=34 latched=0
[HEAD_REBIND] member='player3' targets=18 slots=9 reboundBones=0 reboundMeshes=0 pending=1 restPose=111 quiet=34 latched=0
[HEAD_REBIND] member='player2' targets=17 slots=7 reboundBones=0 reboundMeshes=0 pending=2 restPose=107 quiet=34 latched=0
[HEAD_REBIND] member='player0' targets=18 slots=11 reboundBones=0 reboundMeshes=0 pending=2 restPose=105 quiet=35 latched=0
[HEAD_REBIND] member='player1' targets=19 slots=59 reboundBones=0 reboundMeshes=0 pending=3 restPose=111 quiet=35 latched=0
[HEAD_REBIND] member='player3' targets=18 slots=9 reboundBones=0 reboundMeshes=0 pending=1 restPose=111 quiet=35 latched=0
[HEAD_REBIND] member='player2' targets=17 slots=7 reboundBones=0 reboundMeshes=0 pending=2 restPose=107 quiet=35 latched=0
[HEAD_REBIND] member='player0' targets=18 slots=11 reboundBones=0 reboundMeshes=0 pending=2 restPose=105 quiet=36 latched=0
[HEAD_REBIND] member='player1' targets=19 slots=59 reboundBones=0 reboundMeshes=0 pending=3 restPose=111 quiet=36 latched=0
[HEAD_REBIND] member='player3' targets=18 slots=9 reboundBones=0 reboundMeshes=0 pending=1 restPose=111 quiet=36 latched=0
[HEAD_REBIND] member='player2' targets=17 slots=7 reboundBones=0 reboundMeshes=0 pending=2 restPose=107 quiet=36 latched=0
[HEAD_REBIND] member='player0' targets=18 slots=11 reboundBones=0 reboundMeshes=0 pending=2 restPose=105 quiet=37 latched=0
[HEAD_REBIND] member='player1' targets=19 slots=59 reboundBones=0 reboundMeshes=0 pending=3 restPose=111 quiet=37 latched=0
[HEAD_REBIND] member='player3' targets=18 slots=9 reboundBones=0 reboundMeshes=0 pending=1 restPose=111 quiet=37 latched=0
[HEAD_REBIND] member='player2' targets=17 slots=7 reboundBones=0 reboundMeshes=0 pending=2 restPose=107 quiet=37 latched=0
[HEAD_REBIND] member='player0' targets=18 slots=11 reboundBones=0 reboundMeshes=0 pending=2 restPose=105 quiet=38 latched=0
[HEAD_REBIND] member='player1' targets=19 slots=59 reboundBones=0 reboundMeshes=0 pending=3 restPose=111 quiet=38 latched=0
[HEAD_REBIND] member='player3' targets=18 slots=9 reboundBones=0 reboundMeshes=0 pending=1 restPose=111 quiet=38 latched=0
[HEAD_REBIND] member='player2' targets=17 slots=7 reboundBones=0 reboundMeshes=0 pending=2 restPose=107 quiet=38 latched=0
[HEAD_REBIND] member='player0' targets=18 slots=11 reboundBones=0 reboundMeshes=0 pending=2 restPose=105 quiet=39 latched=0
[HEAD_REBIND] member='player1' targets=19 slots=59 reboundBones=0 reboundMeshes=0 pending=3 restPose=111 quiet=39 latched=0
[HEAD_REBIND] member='player3' targets=18 slots=9 reboundBones=0 reboundMeshes=0 pending=1 restPose=111 quiet=39 latched=0
[HEAD_REBIND] member='player2' targets=17 slots=7 reboundBones=0 reboundMeshes=0 pending=2 restPose=107 quiet=39 latched=0
[HEAD_REBIND] member='player0' targets=18 slots=11 reboundBones=0 reboundMeshes=0 pending=2 restPose=105 quiet=40 latched=0
[HEAD_REBIND] member='player1' targets=19 slots=59 reboundBones=0 reboundMeshes=0 pending=3 restPose=111 quiet=40 latched=0
[HEAD_REBIND] member='player3' targets=18 slots=9 reboundBones=0 reboundMeshes=0 pending=1 restPose=111 quiet=40 latched=0
[HEAD_REBIND] member='player2' targets=17 slots=7 reboundBones=0 reboundMeshes=0 pending=2 restPose=107 quiet=40 latched=0
[HEAD_REBIND] member='player0' targets=18 slots=11 reboundBones=0 reboundMeshes=0 pending=2 restPose=105 quiet=41 latched=0
[HEAD_REBIND] member='player1' targets=19 slots=59 reboundBones=0 reboundMeshes=0 pending=3 restPose=111 quiet=41 latched=0
[HEAD_REBIND] member='player3' targets=18 slots=9 reboundBones=0 reboundMeshes=0 pending=1 restPose=111 quiet=41 latched=0
[HEAD_REBIND] member='player2' targets=17 slots=7 reboundBones=0 reboundMeshes=0 pending=2 restPose=107 quiet=41 latched=0
[HEAD_REBIND] member='player0' targets=18 slots=11 reboundBones=0 reboundMeshes=0 pending=2 restPose=105 quiet=42 latched=0
[HEAD_REBIND] member='player1' targets=19 slots=59 reboundBones=0 reboundMeshes=0 pending=3 restPose=111 quiet=42 latched=0
[HEAD_REBIND] member='player3' targets=18 slots=9 reboundBones=0 reboundMeshes=0 pending=1 restPose=111 quiet=42 latched=0
[HEAD_REBIND] member='player2' targets=17 slots=7 reboundBones=0 reboundMeshes=0 pending=2 restPose=107 quiet=42 latched=0
[HEAD_REBIND] member='player0' targets=18 slots=11 reboundBones=0 reboundMeshes=0 pending=2 restPose=105 quiet=43 latched=0
[HEAD_REBIND] member='player1' targets=19 slots=59 reboundBones=0 reboundMeshes=0 pending=3 restPose=111 quiet=43 latched=0
[HEAD_REBIND] member='player3' targets=18 slots=9 reboundBones=0 reboundMeshes=0 pending=1 restPose=111 quiet=43 latched=0
[HEAD_REBIND] member='player2' targets=17 slots=7 reboundBones=0 reboundMeshes=0 pending=2 restPose=107 quiet=43 latched=0
[HEAD_REBIND] member='player0' targets=18 slots=11 reboundBones=0 reboundMeshes=0 pending=2 restPose=105 quiet=44 latched=0
[HEAD_REBIND] member='player1' targets=19 slots=59 reboundBones=0 reboundMeshes=0 pending=3 restPose=111 quiet=44 latched=0
[HEAD_REBIND] member='player3' targets=18 slots=9 reboundBones=0 reboundMeshes=0 pending=1 restPose=111 quiet=44 latched=0
[HEAD_REBIND] member='player2' targets=17 slots=7 reboundBones=0 reboundMeshes=0 pending=2 restPose=107 quiet=44 latched=0
[HEAD_REBIND] member='player0' targets=18 slots=11 reboundBones=0 reboundMeshes=0 pending=2 restPose=105 quiet=45 latched=0
[HEAD_REBIND] member='player1' targets=19 slots=59 reboundBones=0 reboundMeshes=0 pending=3 restPose=111 quiet=45 latched=0
[HEAD_REBIND] member='player3' targets=18 slots=9 reboundBones=0 reboundMeshes=0 pending=1 restPose=111 quiet=45 latched=0
[HEAD_REBIND] member='player2' targets=17 slots=7 reboundBones=0 reboundMeshes=0 pending=2 restPose=107 quiet=45 latched=0
[HEAD_REBIND] member='player0' targets=18 slots=11 reboundBones=0 reboundMeshes=0 pending=2 restPose=105 quiet=46 latched=0
[HEAD_REBIND] member='player1' targets=19 slots=59 reboundBones=0 reboundMeshes=0 pending=3 restPose=111 quiet=46 latched=0
[HEAD_REBIND] member='player3' targets=18 slots=9 reboundBones=0 reboundMeshes=0 pending=1 restPose=111 quiet=46 latched=0
[HEAD_REBIND] member='player2' targets=17 slots=7 reboundBones=0 reboundMeshes=0 pending=2 restPose=107 quiet=46 latched=0
[HEAD_REBIND] member='player0' targets=18 slots=11 reboundBones=0 reboundMeshes=0 pending=2 restPose=105 quiet=47 latched=0
[HEAD_REBIND] member='player1' targets=19 slots=59 reboundBones=0 reboundMeshes=0 pending=3 restPose=111 quiet=47 latched=0
[HEAD_REBIND] member='player3' targets=18 slots=9 reboundBones=0 reboundMeshes=0 pending=1 restPose=111 quiet=47 latched=0
[HEAD_REBIND] member='player2' targets=17 slots=7 reboundBones=0 reboundMeshes=0 pending=2 restPose=107 quiet=47 latched=0
[HEAD_REBIND] member='player0' targets=18 slots=11 reboundBones=0 reboundMeshes=0 pending=2 restPose=105 quiet=48 latched=0
[HEAD_REBIND] member='player1' targets=19 slots=59 reboundBones=0 reboundMeshes=0 pending=3 restPose=111 quiet=48 latched=0
[HEAD_REBIND] member='player3' targets=18 slots=9 reboundBones=0 reboundMeshes=0 pending=1 restPose=111 quiet=48 latched=0
[HEAD_REBIND] member='player2' targets=17 slots=7 reboundBones=0 reboundMeshes=0 pending=2 restPose=107 quiet=48 latched=0
[HEAD_REBIND] member='player0' targets=18 slots=11 reboundBones=0 reboundMeshes=0 pending=2 restPose=105 quiet=49 latched=0
[HEAD_REBIND] member='player1' targets=19 slots=59 reboundBones=0 reboundMeshes=0 pending=3 restPose=111 quiet=49 latched=0
[HEAD_REBIND] member='player3' targets=18 slots=9 reboundBones=0 reboundMeshes=0 pending=1 restPose=111 quiet=49 latched=0
[HEAD_REBIND] member='player2' targets=17 slots=7 reboundBones=0 reboundMeshes=0 pending=2 restPose=107 quiet=49 latched=0
[HEAD_REBIND] member='player0' targets=18 slots=11 reboundBones=0 reboundMeshes=0 pending=2 restPose=105 quiet=50 latched=0
[HEAD_REBIND] member='player1' targets=19 slots=59 reboundBones=0 reboundMeshes=0 pending=3 restPose=111 quiet=50 latched=0
[HEAD_REBIND] member='player3' targets=18 slots=9 reboundBones=0 reboundMeshes=0 pending=1 restPose=111 quiet=50 latched=0
[HEAD_REBIND] member='player2' targets=17 slots=7 reboundBones=0 reboundMeshes=0 pending=2 restPose=107 quiet=50 latched=0
[HEAD_REBIND] member='player0' targets=18 slots=11 reboundBones=0 reboundMeshes=0 pending=2 restPose=105 quiet=51 latched=0
[HEAD_REBIND] member='player1' targets=19 slots=59 reboundBones=0 reboundMeshes=0 pending=3 restPose=111 quiet=51 latched=0
[HEAD_REBIND] member='player3' targets=18 slots=9 reboundBones=0 reboundMeshes=0 pending=1 restPose=111 quiet=51 latched=0
[HEAD_REBIND] member='player2' targets=17 slots=7 reboundBones=0 reboundMeshes=0 pending=2 restPose=107 quiet=51 latched=0
[HEAD_REBIND] member='player0' targets=18 slots=11 reboundBones=0 reboundMeshes=0 pending=2 restPose=105 quiet=52 latched=0
[HEAD_REBIND] member='player1' targets=19 slots=59 reboundBones=0 reboundMeshes=0 pending=3 restPose=111 quiet=52 latched=0
[HEAD_REBIND] member='player3' targets=18 slots=9 reboundBones=0 reboundMeshes=0 pending=1 restPose=111 quiet=52 latched=0
[HEAD_REBIND] member='player2' targets=17 slots=7 reboundBones=0 reboundMeshes=0 pending=2 restPose=107 quiet=52 latched=0
[HEAD_REBIND] member='player0' targets=18 slots=11 reboundBones=0 reboundMeshes=0 pending=2 restPose=105 quiet=53 latched=0
[HEAD_REBIND] member='player1' targets=19 slots=59 reboundBones=0 reboundMeshes=0 pending=3 restPose=111 quiet=53 latched=0
[HEAD_REBIND] member='player3' targets=18 slots=9 reboundBones=0 reboundMeshes=0 pending=1 restPose=111 quiet=53 latched=0
[HEAD_REBIND] member='player2' targets=17 slots=7 reboundBones=0 reboundMeshes=0 pending=2 restPose=107 quiet=53 latched=0
[HEAD_REBIND] member='player0' targets=18 slots=11 reboundBones=0 reboundMeshes=0 pending=2 restPose=105 quiet=54 latched=0
[HEAD_REBIND] member='player1' targets=19 slots=59 reboundBones=0 reboundMeshes=0 pending=3 restPose=111 quiet=54 latched=0
[HEAD_REBIND] member='player3' targets=18 slots=9 reboundBones=0 reboundMeshes=0 pending=1 restPose=111 quiet=54 latched=0
[HEAD_REBIND] member='player2' targets=17 slots=7 reboundBones=0 reboundMeshes=0 pending=2 restPose=107 quiet=54 latched=0
[HEAD_REBIND] member='player0' targets=18 slots=11 reboundBones=0 reboundMeshes=0 pending=2 restPose=105 quiet=55 latched=0
[HEAD_REBIND] member='player1' targets=19 slots=59 reboundBones=0 reboundMeshes=0 pending=3 restPose=111 quiet=55 latched=0
[HEAD_REBIND] member='player3' targets=18 slots=9 reboundBones=0 reboundMeshes=0 pending=1 restPose=111 quiet=55 latched=0
[HEAD_REBIND] member='player2' targets=17 slots=7 reboundBones=0 reboundMeshes=0 pending=2 restPose=107 quiet=55 latched=0
[HEAD_REBIND] member='player0' targets=18 slots=11 reboundBones=0 reboundMeshes=0 pending=2 restPose=105 quiet=56 latched=0
[HEAD_REBIND] member='player1' targets=19 slots=59 reboundBones=0 reboundMeshes=0 pending=3 restPose=111 quiet=56 latched=0
[HEAD_REBIND] member='player3' targets=18 slots=9 reboundBones=0 reboundMeshes=0 pending=1 restPose=111 quiet=56 latched=0
[HEAD_REBIND] member='player2' targets=17 slots=7 reboundBones=0 reboundMeshes=0 pending=2 restPose=107 quiet=56 latched=0
[HEAD_REBIND] member='player0' targets=18 slots=11 reboundBones=0 reboundMeshes=0 pending=2 restPose=105 quiet=57 latched=0
[HEAD_REBIND] member='player1' targets=19 slots=59 reboundBones=0 reboundMeshes=0 pending=3 restPose=111 quiet=57 latched=0
[HEAD_REBIND] member='player3' targets=18 slots=9 reboundBones=0 reboundMeshes=0 pending=1 restPose=111 quiet=57 latched=0
[HEAD_REBIND] member='player2' targets=17 slots=7 reboundBones=0 reboundMeshes=0 pending=2 restPose=107 quiet=57 latched=0
[HEAD_REBIND] member='player0' targets=18 slots=11 reboundBones=0 reboundMeshes=0 pending=2 restPose=105 quiet=58 latched=0
[HEAD_REBIND] member='player1' targets=19 slots=59 reboundBones=0 reboundMeshes=0 pending=3 restPose=111 quiet=58 latched=0
[HEAD_REBIND] member='player3' targets=18 slots=9 reboundBones=0 reboundMeshes=0 pending=1 restPose=111 quiet=58 latched=0
[HEAD_REBIND] member='player2' targets=17 slots=7 reboundBones=0 reboundMeshes=0 pending=2 restPose=107 quiet=58 latched=0
[HEAD_REBIND] member='player0' targets=18 slots=11 reboundBones=0 reboundMeshes=0 pending=2 restPose=105 quiet=59 latched=0
[HEAD_REBIND] member='player1' targets=19 slots=59 reboundBones=0 reboundMeshes=0 pending=3 restPose=111 quiet=59 latched=0
[HEAD_REBIND] member='player3' targets=18 slots=9 reboundBones=0 reboundMeshes=0 pending=1 restPose=111 quiet=59 latched=0
[HEAD_REBIND] member='player2' targets=17 slots=7 reboundBones=0 reboundMeshes=0 pending=2 restPose=107 quiet=59 latched=0
[HEAD_REBIND] member='player0' targets=18 slots=11 reboundBones=0 reboundMeshes=0 pending=2 restPose=105 quiet=60 latched=0
[HEAD_REBIND] member='player1' targets=19 slots=59 reboundBones=0 reboundMeshes=0 pending=3 restPose=111 quiet=60 latched=0
[HEAD_REBIND] member='player3' targets=18 slots=9 reboundBones=0 reboundMeshes=0 pending=1 restPose=111 quiet=60 latched=0
[HEAD_REBIND] member='player2' targets=17 slots=7 reboundBones=0 reboundMeshes=0 pending=2 restPose=107 quiet=60 latched=0
[HEAD_REBIND] member='player0' targets=18 slots=11 reboundBones=0 reboundMeshes=0 pending=2 restPose=105 quiet=61 latched=0
[HEAD_REBIND] member='player1' targets=19 slots=59 reboundBones=0 reboundMeshes=0 pending=3 restPose=111 quiet=61 latched=0
[HEAD_REBIND] member='player3' targets=18 slots=9 reboundBones=0 reboundMeshes=0 pending=1 restPose=111 quiet=61 latched=0
[HEAD_REBIND] member='player2' targets=17 slots=7 reboundBones=0 reboundMeshes=0 pending=2 restPose=107 quiet=61 latched=0
[HEAD_REBIND] member='player0' targets=18 slots=11 reboundBones=0 reboundMeshes=0 pending=2 restPose=105 quiet=62 latched=0
[HEAD_REBIND] member='player1' targets=19 slots=59 reboundBones=0 reboundMeshes=0 pending=3 restPose=111 quiet=62 latched=0
[HEAD_REBIND] member='player3' targets=18 slots=9 reboundBones=0 reboundMeshes=0 pending=1 restPose=111 quiet=62 latched=0
[HEAD_REBIND] member='player2' targets=17 slots=7 reboundBones=0 reboundMeshes=0 pending=2 restPose=107 quiet=62 latched=0
[HEAD_REBIND] member='player0' targets=18 slots=11 reboundBones=0 reboundMeshes=0 pending=2 restPose=105 quiet=63 latched=0
[HEAD_REBIND] member='player1' targets=19 slots=59 reboundBones=0 reboundMeshes=0 pending=3 restPose=111 quiet=63 latched=0
[HEAD_REBIND] member='player3' targets=18 slots=9 reboundBones=0 reboundMeshes=0 pending=1 restPose=111 quiet=63 latched=0
[HEAD_REBIND] member='player2' targets=17 slots=7 reboundBones=0 reboundMeshes=0 pending=2 restPose=107 quiet=63 latched=0
[HEAD_REBIND] member='player0' targets=18 slots=11 reboundBones=0 reboundMeshes=0 pending=2 restPose=105 quiet=64 latched=0
[HEAD_REBIND] member='player1' targets=19 slots=59 reboundBones=0 reboundMeshes=0 pending=3 restPose=111 quiet=64 latched=0
[HEAD_REBIND] member='player3' targets=18 slots=9 reboundBones=0 reboundMeshes=0 pending=1 restPose=111 quiet=64 latched=0
[HEAD_REBIND] member='player2' targets=17 slots=7 reboundBones=0 reboundMeshes=0 pending=2 restPose=107 quiet=64 latched=0
[HEAD_REBIND] member='player0' targets=18 slots=11 reboundBones=0 reboundMeshes=0 pending=2 restPose=105 quiet=65 latched=0
[HEAD_REBIND] member='player1' targets=19 slots=59 reboundBones=0 reboundMeshes=0 pending=3 restPose=111 quiet=65 latched=0
[HEAD_REBIND] member='player3' targets=18 slots=9 reboundBones=0 reboundMeshes=0 pending=1 restPose=111 quiet=65 latched=0
[HEAD_REBIND] member='player2' targets=17 slots=7 reboundBones=0 reboundMeshes=0 pending=2 restPose=107 quiet=65 latched=0
[HEAD_REBIND] member='player0' targets=18 slots=11 reboundBones=0 reboundMeshes=0 pending=2 restPose=105 quiet=66 latched=0
[HEAD_REBIND] member='player1' targets=19 slots=59 reboundBones=0 reboundMeshes=0 pending=3 restPose=111 quiet=66 latched=0
[HEAD_REBIND] member='player3' targets=18 slots=9 reboundBones=0 reboundMeshes=0 pending=1 restPose=111 quiet=66 latched=0
[HEAD_REBIND] member='player2' targets=17 slots=7 reboundBones=0 reboundMeshes=0 pending=2 restPose=107 quiet=66 latched=0
[HEAD_REBIND] member='player0' targets=18 slots=11 reboundBones=0 reboundMeshes=0 pending=2 restPose=105 quiet=67 latched=0
[HEAD_REBIND] member='player1' targets=19 slots=59 reboundBones=0 reboundMeshes=0 pending=3 restPose=111 quiet=67 latched=0
[HEAD_REBIND] member='player3' targets=18 slots=9 reboundBones=0 reboundMeshes=0 pending=1 restPose=111 quiet=67 latched=0
[HEAD_REBIND] member='player2' targets=17 slots=7 reboundBones=0 reboundMeshes=0 pending=2 restPose=107 quiet=67 latched=0
[HEAD_REBIND] member='player0' targets=18 slots=11 reboundBones=0 reboundMeshes=0 pending=2 restPose=105 quiet=68 latched=0
[HEAD_REBIND] member='player1' targets=19 slots=59 reboundBones=0 reboundMeshes=0 pending=3 restPose=111 quiet=68 latched=0
[HEAD_REBIND] member='player3' targets=18 slots=9 reboundBones=0 reboundMeshes=0 pending=1 restPose=111 quiet=68 latched=0
[HEAD_REBIND] member='player2' targets=17 slots=7 reboundBones=0 reboundMeshes=0 pending=2 restPose=107 quiet=68 latched=0
[HEAD_REBIND] member='player0' targets=18 slots=11 reboundBones=0 reboundMeshes=0 pending=2 restPose=105 quiet=69 latched=0
[HEAD_REBIND] member='player1' targets=19 slots=59 reboundBones=0 reboundMeshes=0 pending=3 restPose=111 quiet=69 latched=0
[HEAD_REBIND] member='player3' targets=18 slots=9 reboundBones=0 reboundMeshes=0 pending=1 restPose=111 quiet=69 latched=0
[HEAD_REBIND] member='player2' targets=17 slots=7 reboundBones=0 reboundMeshes=0 pending=2 restPose=107 quiet=69 latched=0
[HEAD_REBIND] member='player0' targets=18 slots=11 reboundBones=0 reboundMeshes=0 pending=2 restPose=105 quiet=70 latched=0
[HEAD_REBIND] member='player1' targets=19 slots=59 reboundBones=0 reboundMeshes=0 pending=3 restPose=111 quiet=70 latched=0
[HEAD_REBIND] member='player3' targets=18 slots=9 reboundBones=0 reboundMeshes=0 pending=1 restPose=111 quiet=70 latched=0
[HEAD_REBIND] member='player2' targets=17 slots=7 reboundBones=0 reboundMeshes=0 pending=2 restPose=107 quiet=70 latched=0
[HEAD_REBIND] member='player0' targets=18 slots=11 reboundBones=0 reboundMeshes=0 pending=2 restPose=105 quiet=71 latched=0
[HEAD_REBIND] member='player1' targets=19 slots=59 reboundBones=0 reboundMeshes=0 pending=3 restPose=111 quiet=71 latched=0
[HEAD_REBIND] member='player3' targets=18 slots=9 reboundBones=0 reboundMeshes=0 pending=1 restPose=111 quiet=71 latched=0
[HEAD_REBIND] member='player2' targets=17 slots=7 reboundBones=0 reboundMeshes=0 pending=2 restPose=107 quiet=71 latched=0
[HEAD_REBIND] member='player0' targets=18 slots=11 reboundBones=0 reboundMeshes=0 pending=2 restPose=105 quiet=72 latched=0
[HEAD_REBIND] member='player1' targets=19 slots=59 reboundBones=0 reboundMeshes=0 pending=3 restPose=111 quiet=72 latched=0
[HEAD_REBIND] member='player3' targets=18 slots=9 reboundBones=0 reboundMeshes=0 pending=1 restPose=111 quiet=72 latched=0
[HEAD_REBIND] member='player2' targets=17 slots=7 reboundBones=0 reboundMeshes=0 pending=2 restPose=107 quiet=72 latched=0
[HEAD_REBIND] member='player0' targets=18 slots=11 reboundBones=0 reboundMeshes=0 pending=2 restPose=105 quiet=73 latched=0
[HEAD_REBIND] member='player1' targets=19 slots=59 reboundBones=0 reboundMeshes=0 pending=3 restPose=111 quiet=73 latched=0
[HEAD_REBIND] member='player3' targets=18 slots=9 reboundBones=0 reboundMeshes=0 pending=1 restPose=111 quiet=73 latched=0
[HEAD_REBIND] member='player2' targets=17 slots=7 reboundBones=0 reboundMeshes=0 pending=2 restPose=107 quiet=73 latched=0
[HEAD_REBIND] member='player0' targets=18 slots=11 reboundBones=0 reboundMeshes=0 pending=2 restPose=105 quiet=74 latched=0
[HEAD_REBIND] member='player1' targets=19 slots=59 reboundBones=0 reboundMeshes=0 pending=3 restPose=111 quiet=74 latched=0
[HEAD_REBIND] member='player3' targets=18 slots=9 reboundBones=0 reboundMeshes=0 pending=1 restPose=111 quiet=74 latched=0
[HEAD_REBIND] member='player2' targets=17 slots=7 reboundBones=0 reboundMeshes=0 pending=2 restPose=107 quiet=74 latched=0
[HEAD_REBIND] member='player0' targets=18 slots=11 reboundBones=0 reboundMeshes=0 pending=2 restPose=105 quiet=75 latched=0
[HEAD_REBIND] member='player1' targets=19 slots=59 reboundBones=0 reboundMeshes=0 pending=3 restPose=111 quiet=75 latched=0
[HEAD_REBIND] member='player3' targets=18 slots=9 reboundBones=0 reboundMeshes=0 pending=1 restPose=111 quiet=75 latched=0
[HEAD_REBIND] member='player2' targets=17 slots=7 reboundBones=0 reboundMeshes=0 pending=2 restPose=107 quiet=75 latched=0
[HEAD_REBIND] member='player0' targets=18 slots=11 reboundBones=0 reboundMeshes=0 pending=2 restPose=105 quiet=76 latched=0
[HEAD_REBIND] member='player1' targets=19 slots=59 reboundBones=0 reboundMeshes=0 pending=3 restPose=111 quiet=76 latched=0
[HEAD_REBIND] member='player3' targets=18 slots=9 reboundBones=0 reboundMeshes=0 pending=1 restPose=111 quiet=76 latched=0
[HEAD_REBIND] member='player2' targets=17 slots=7 reboundBones=0 reboundMeshes=0 pending=2 restPose=107 quiet=76 latched=0
[HEAD_REBIND] member='player0' targets=18 slots=11 reboundBones=0 reboundMeshes=0 pending=2 restPose=105 quiet=77 latched=0
[HEAD_REBIND] member='player1' targets=19 slots=59 reboundBones=0 reboundMeshes=0 pending=3 restPose=111 quiet=77 latched=0
[HEAD_REBIND] member='player3' targets=18 slots=9 reboundBones=0 reboundMeshes=0 pending=1 restPose=111 quiet=77 latched=0
[HEAD_REBIND] member='player2' targets=17 slots=7 reboundBones=0 reboundMeshes=0 pending=2 restPose=107 quiet=77 latched=0
[HEAD_REBIND] member='player0' targets=18 slots=11 reboundBones=0 reboundMeshes=0 pending=2 restPose=105 quiet=78 latched=0
[HEAD_REBIND] member='player1' targets=19 slots=59 reboundBones=0 reboundMeshes=0 pending=3 restPose=111 quiet=78 latched=0
[HEAD_REBIND] member='player3' targets=18 slots=9 reboundBones=0 reboundMeshes=0 pending=1 restPose=111 quiet=78 latched=0
[HEAD_REBIND] member='player2' targets=17 slots=7 reboundBones=0 reboundMeshes=0 pending=2 restPose=107 quiet=78 latched=0
[HEAD_REBIND] member='player0' targets=18 slots=11 reboundBones=0 reboundMeshes=0 pending=2 restPose=105 quiet=79 latched=0
[HEAD_REBIND] member='player1' targets=19 slots=59 reboundBones=0 reboundMeshes=0 pending=3 restPose=111 quiet=79 latched=0
[HEAD_REBIND] member='player3' targets=18 slots=9 reboundBones=0 reboundMeshes=0 pending=1 restPose=111 quiet=79 latched=0
[HEAD_REBIND] member='player2' targets=17 slots=7 reboundBones=0 reboundMeshes=0 pending=2 restPose=107 quiet=79 latched=0
[HEAD_REBIND] member='player0' targets=18 slots=11 reboundBones=0 reboundMeshes=0 pending=2 restPose=105 quiet=80 latched=0
[HEAD_REBIND] member='player1' targets=19 slots=59 reboundBones=0 reboundMeshes=0 pending=3 restPose=111 quiet=80 latched=0
[HEAD_REBIND] member='player3' targets=18 slots=9 reboundBones=0 reboundMeshes=0 pending=1 restPose=111 quiet=80 latched=0
[HEAD_REBIND] member='player2' targets=17 slots=7 reboundBones=0 reboundMeshes=0 pending=2 restPose=107 quiet=80 latched=0
[HEAD_REBIND] member='player0' targets=18 slots=11 reboundBones=0 reboundMeshes=0 pending=2 restPose=105 quiet=81 latched=0
[HEAD_REBIND] member='player1' targets=19 slots=59 reboundBones=0 reboundMeshes=0 pending=3 restPose=111 quiet=81 latched=0
[HEAD_REBIND] member='player3' targets=18 slots=9 reboundBones=0 reboundMeshes=0 pending=1 restPose=111 quiet=81 latched=0
[HEAD_REBIND] member='player2' targets=17 slots=7 reboundBones=0 reboundMeshes=0 pending=2 restPose=107 quiet=81 latched=0
[HEAD_REBIND] member='player0' targets=18 slots=11 reboundBones=0 reboundMeshes=0 pending=2 restPose=105 quiet=82 latched=0
[HEAD_REBIND] member='player1' targets=19 slots=59 reboundBones=0 reboundMeshes=0 pending=3 restPose=111 quiet=82 latched=0
[HEAD_REBIND] member='player3' targets=18 slots=9 reboundBones=0 reboundMeshes=0 pending=1 restPose=111 quiet=82 latched=0
[HEAD_REBIND] member='player2' targets=17 slots=7 reboundBones=0 reboundMeshes=0 pending=2 restPose=107 quiet=82 latched=0
[HEAD_REBIND] member='player0' targets=18 slots=11 reboundBones=0 reboundMeshes=0 pending=2 restPose=105 quiet=83 latched=0
[HEAD_REBIND] member='player1' targets=19 slots=59 reboundBones=0 reboundMeshes=0 pending=3 restPose=111 quiet=83 latched=0
[HEAD_REBIND] member='player3' targets=18 slots=9 reboundBones=0 reboundMeshes=0 pending=1 restPose=111 quiet=83 latched=0
[HEAD_REBIND] member='player2' targets=17 slots=7 reboundBones=0 reboundMeshes=0 pending=2 restPose=107 quiet=83 latched=0
[HEAD_REBIND] member='player0' targets=18 slots=11 reboundBones=0 reboundMeshes=0 pending=2 restPose=105 quiet=84 latched=0
[HEAD_REBIND] member='player1' targets=19 slots=59 reboundBones=0 reboundMeshes=0 pending=3 restPose=111 quiet=84 latched=0
[HEAD_REBIND] member='player3' targets=18 slots=9 reboundBones=0 reboundMeshes=0 pending=1 restPose=111 quiet=84 latched=0
[HEAD_REBIND] member='player2' targets=17 slots=7 reboundBones=0 reboundMeshes=0 pending=2 restPose=107 quiet=84 latched=0
[HEAD_REBIND] member='player0' targets=18 slots=11 reboundBones=0 reboundMeshes=0 pending=2 restPose=105 quiet=85 latched=0
[HEAD_REBIND] member='player1' targets=19 slots=59 reboundBones=0 reboundMeshes=0 pending=3 restPose=111 quiet=85 latched=0
[HEAD_REBIND] member='player3' targets=18 slots=9 reboundBones=0 reboundMeshes=0 pending=1 restPose=111 quiet=85 latched=0
[HEAD_REBIND] member='player2' targets=17 slots=7 reboundBones=0 reboundMeshes=0 pending=2 restPose=107 quiet=85 latched=0
[HEAD_REBIND] member='player0' targets=18 slots=11 reboundBones=0 reboundMeshes=0 pending=2 restPose=105 quiet=86 latched=0
[HEAD_REBIND] member='player1' targets=19 slots=59 reboundBones=0 reboundMeshes=0 pending=3 restPose=111 quiet=86 latched=0
[HEAD_REBIND] member='player3' targets=18 slots=9 reboundBones=0 reboundMeshes=0 pending=1 restPose=111 quiet=86 latched=0
[HEAD_REBIND] member='player2' targets=17 slots=7 reboundBones=0 reboundMeshes=0 pending=2 restPose=107 quiet=86 latched=0
[HEAD_REBIND] member='player0' targets=18 slots=11 reboundBones=0 reboundMeshes=0 pending=2 restPose=105 quiet=87 latched=0
[HEAD_REBIND] member='player1' targets=19 slots=59 reboundBones=0 reboundMeshes=0 pending=3 restPose=111 quiet=87 latched=0
[HEAD_REBIND] member='player3' targets=18 slots=9 reboundBones=0 reboundMeshes=0 pending=1 restPose=111 quiet=87 latched=0
[HEAD_REBIND] member='player2' targets=17 slots=7 reboundBones=0 reboundMeshes=0 pending=2 restPose=107 quiet=87 latched=0
[HEAD_REBIND] member='player0' targets=18 slots=11 reboundBones=0 reboundMeshes=0 pending=2 restPose=105 quiet=88 latched=0
[HEAD_REBIND] member='player1' targets=19 slots=59 reboundBones=0 reboundMeshes=0 pending=3 restPose=111 quiet=88 latched=0
[HEAD_REBIND] member='player3' targets=18 slots=9 reboundBones=0 reboundMeshes=0 pending=1 restPose=111 quiet=88 latched=0
[HEAD_REBIND] member='player2' targets=17 slots=7 reboundBones=0 reboundMeshes=0 pending=2 restPose=107 quiet=88 latched=0
[HEAD_REBIND] member='player0' targets=18 slots=11 reboundBones=0 reboundMeshes=0 pending=2 restPose=105 quiet=89 latched=0
[HEAD_REBIND] member='player1' targets=19 slots=59 reboundBones=0 reboundMeshes=0 pending=3 restPose=111 quiet=89 latched=0
[HEAD_REBIND] member='player3' targets=18 slots=9 reboundBones=0 reboundMeshes=0 pending=1 restPose=111 quiet=89 latched=0
[HEAD_REBIND] member='player2' targets=17 slots=7 reboundBones=0 reboundMeshes=0 pending=2 restPose=107 quiet=89 latched=0
[HEAD_REBIND] member='player0' targets=18 slots=11 reboundBones=0 reboundMeshes=0 pending=2 restPose=105 quiet=90 latched=0
[HEAD_REBIND] member='player1' targets=19 slots=59 reboundBones=0 reboundMeshes=0 pending=3 restPose=111 quiet=90 latched=0
[HEAD_REBIND] member='player3' targets=18 slots=9 reboundBones=0 reboundMeshes=0 pending=1 restPose=111 quiet=90 latched=0
[HEAD_REBIND] member='player2' targets=17 slots=7 reboundBones=0 reboundMeshes=0 pending=2 restPose=107 quiet=90 latched=0
[HEAD_REBIND] member='player0' targets=18 slots=11 reboundBones=0 reboundMeshes=0 pending=2 restPose=105 quiet=91 latched=0
[HEAD_REBIND] member='player1' targets=19 slots=59 reboundBones=0 reboundMeshes=0 pending=3 restPose=111 quiet=91 latched=0
[HEAD_REBIND] member='player3' targets=18 slots=9 reboundBones=0 reboundMeshes=0 pending=1 restPose=111 quiet=91 latched=0
[HEAD_REBIND] member='player2' targets=17 slots=7 reboundBones=0 reboundMeshes=0 pending=2 restPose=107 quiet=91 latched=0
[HEAD_REBIND] member='player0' targets=18 slots=11 reboundBones=0 reboundMeshes=0 pending=2 restPose=105 quiet=92 latched=0
[HEAD_REBIND] member='player1' targets=19 slots=59 reboundBones=0 reboundMeshes=0 pending=3 restPose=111 quiet=92 latched=0
[HEAD_REBIND] member='player3' targets=18 slots=9 reboundBones=0 reboundMeshes=0 pending=1 restPose=111 quiet=92 latched=0
[HEAD_REBIND] member='player2' targets=17 slots=7 reboundBones=0 reboundMeshes=0 pending=2 restPose=107 quiet=92 latched=0
[HEAD_REBIND] member='player0' targets=18 slots=11 reboundBones=0 reboundMeshes=0 pending=2 restPose=105 quiet=93 latched=0
[HEAD_REBIND] member='player1' targets=19 slots=59 reboundBones=0 reboundMeshes=0 pending=3 restPose=111 quiet=93 latched=0
[HEAD_REBIND] member='player3' targets=18 slots=9 reboundBones=0 reboundMeshes=0 pending=1 restPose=111 quiet=93 latched=0
[HEAD_REBIND] member='player2' targets=17 slots=7 reboundBones=0 reboundMeshes=0 pending=2 restPose=107 quiet=93 latched=0
[HEAD_REBIND] member='player0' targets=18 slots=11 reboundBones=0 reboundMeshes=0 pending=2 restPose=105 quiet=94 latched=0
[HEAD_REBIND] member='player1' targets=19 slots=59 reboundBones=0 reboundMeshes=0 pending=3 restPose=111 quiet=94 latched=0
[HEAD_REBIND] member='player3' targets=18 slots=9 reboundBones=0 reboundMeshes=0 pending=1 restPose=111 quiet=94 latched=0
[HEAD_REBIND] member='player2' targets=17 slots=7 reboundBones=0 reboundMeshes=0 pending=2 restPose=107 quiet=94 latched=0
[HEAD_REBIND] member='player0' targets=18 slots=11 reboundBones=0 reboundMeshes=0 pending=2 restPose=105 quiet=95 latched=0
[HEAD_REBIND] member='player1' targets=19 slots=59 reboundBones=0 reboundMeshes=0 pending=3 restPose=111 quiet=95 latched=0
[HEAD_REBIND] member='player3' targets=18 slots=9 reboundBones=0 reboundMeshes=0 pending=1 restPose=111 quiet=95 latched=0
[HEAD_REBIND] member='player2' targets=17 slots=7 reboundBones=0 reboundMeshes=0 pending=2 restPose=107 quiet=95 latched=0
[HEAD_REBIND] member='player0' targets=18 slots=11 reboundBones=0 reboundMeshes=0 pending=2 restPose=105 quiet=96 latched=0
[HEAD_REBIND] member='player1' targets=19 slots=59 reboundBones=0 reboundMeshes=0 pending=3 restPose=111 quiet=96 latched=0
[HEAD_REBIND] member='player3' targets=18 slots=9 reboundBones=0 reboundMeshes=0 pending=1 restPose=111 quiet=96 latched=0
[HEAD_REBIND] member='player2' targets=17 slots=7 reboundBones=0 reboundMeshes=0 pending=2 restPose=107 quiet=96 latched=0
[HEAD_REBIND] member='player0' targets=18 slots=11 reboundBones=0 reboundMeshes=0 pending=2 restPose=105 quiet=97 latched=0
[HEAD_REBIND] member='player1' targets=19 slots=59 reboundBones=0 reboundMeshes=0 pending=3 restPose=111 quiet=97 latched=0
[HEAD_REBIND] member='player3' targets=18 slots=9 reboundBones=0 reboundMeshes=0 pending=1 restPose=111 quiet=97 latched=0
[HEAD_REBIND] member='player2' targets=17 slots=7 reboundBones=0 reboundMeshes=0 pending=2 restPose=107 quiet=97 latched=0
[HEAD_REBIND] member='player0' targets=18 slots=11 reboundBones=0 reboundMeshes=0 pending=2 restPose=105 quiet=98 latched=0
[HEAD_REBIND] member='player1' targets=19 slots=59 reboundBones=0 reboundMeshes=0 pending=3 restPose=111 quiet=98 latched=0
[HEAD_REBIND] member='player3' targets=18 slots=9 reboundBones=0 reboundMeshes=0 pending=1 restPose=111 quiet=98 latched=0
[HEAD_REBIND] member='player2' targets=17 slots=7 reboundBones=0 reboundMeshes=0 pending=2 restPose=107 quiet=98 latched=0
[HEAD_REBIND] member='player0' targets=18 slots=11 reboundBones=0 reboundMeshes=0 pending=2 restPose=105 quiet=99 latched=0
[HEAD_REBIND] member='player1' targets=19 slots=59 reboundBones=0 reboundMeshes=0 pending=3 restPose=111 quiet=99 latched=0
[HEAD_REBIND] member='player3' targets=18 slots=9 reboundBones=0 reboundMeshes=0 pending=1 restPose=111 quiet=99 latched=0
[HEAD_REBIND] member='player2' targets=17 slots=7 reboundBones=0 reboundMeshes=0 pending=2 restPose=107 quiet=99 latched=0
[HEAD_REBIND] member='player0' targets=18 slots=11 reboundBones=0 reboundMeshes=0 pending=2 restPose=105 quiet=100 latched=0
[HEAD_REBIND] member='player1' targets=19 slots=59 reboundBones=0 reboundMeshes=0 pending=3 restPose=111 quiet=100 latched=0
[HEAD_REBIND] member='player3' targets=18 slots=9 reboundBones=0 reboundMeshes=0 pending=1 restPose=111 quiet=100 latched=0
[HEAD_REBIND] member='player2' targets=17 slots=7 reboundBones=0 reboundMeshes=0 pending=2 restPose=107 quiet=100 latched=0
[HEAD_REBIND] member='player0' targets=18 slots=11 reboundBones=0 reboundMeshes=0 pending=2 restPose=105 quiet=101 latched=0
[HEAD_REBIND] member='player1' targets=19 slots=59 reboundBones=0 reboundMeshes=0 pending=3 restPose=111 quiet=101 latched=0
[HEAD_REBIND] member='player3' targets=18 slots=9 reboundBones=0 reboundMeshes=0 pending=1 restPose=111 quiet=101 latched=0
[HEAD_REBIND] member='player2' targets=17 slots=7 reboundBones=0 reboundMeshes=0 pending=2 restPose=107 quiet=101 latched=0
[HEAD_REBIND] member='player0' targets=18 slots=11 reboundBones=0 reboundMeshes=0 pending=2 restPose=105 quiet=102 latched=0
[HEAD_REBIND] member='player1' targets=19 slots=59 reboundBones=0 reboundMeshes=0 pending=3 restPose=111 quiet=102 latched=0
[HEAD_REBIND] member='player3' targets=18 slots=9 reboundBones=0 reboundMeshes=0 pending=1 restPose=111 quiet=102 latched=0
[HEAD_REBIND] member='player2' targets=17 slots=7 reboundBones=0 reboundMeshes=0 pending=2 restPose=107 quiet=102 latched=0
[HEAD_REBIND] member='player0' targets=18 slots=11 reboundBones=0 reboundMeshes=0 pending=2 restPose=105 quiet=103 latched=0
[HEAD_REBIND] member='player1' targets=19 slots=59 reboundBones=0 reboundMeshes=0 pending=3 restPose=111 quiet=103 latched=0
[HEAD_REBIND] member='player3' targets=18 slots=9 reboundBones=0 reboundMeshes=0 pending=1 restPose=111 quiet=103 latched=0
[HEAD_REBIND] member='player2' targets=17 slots=7 reboundBones=0 reboundMeshes=0 pending=2 restPose=107 quiet=103 latched=0
[HEAD_REBIND] member='player0' targets=18 slots=11 reboundBones=0 reboundMeshes=0 pending=2 restPose=105 quiet=104 latched=0
[HEAD_REBIND] member='player1' targets=19 slots=59 reboundBones=0 reboundMeshes=0 pending=3 restPose=111 quiet=104 latched=0
[HEAD_REBIND] member='player3' targets=18 slots=9 reboundBones=0 reboundMeshes=0 pending=1 restPose=111 quiet=104 latched=0
[HEAD_REBIND] member='player2' targets=17 slots=7 reboundBones=0 reboundMeshes=0 pending=2 restPose=107 quiet=104 latched=0
[HEAD_REBIND] member='player0' targets=18 slots=11 reboundBones=0 reboundMeshes=0 pending=2 restPose=105 quiet=105 latched=0
[HEAD_REBIND] member='player1' targets=19 slots=59 reboundBones=0 reboundMeshes=0 pending=3 restPose=111 quiet=105 latched=0
[HEAD_REBIND] member='player3' targets=18 slots=9 reboundBones=0 reboundMeshes=0 pending=1 restPose=111 quiet=105 latched=0
[HEAD_REBIND] member='player2' targets=17 slots=7 reboundBones=0 reboundMeshes=0 pending=2 restPose=107 quiet=105 latched=0
[HEAD_REBIND] member='player0' targets=18 slots=11 reboundBones=0 reboundMeshes=0 pending=2 restPose=105 quiet=106 latched=0
[HEAD_REBIND] member='player1' targets=19 slots=59 reboundBones=0 reboundMeshes=0 pending=3 restPose=111 quiet=106 latched=0
[HEAD_REBIND] member='player3' targets=18 slots=9 reboundBones=0 reboundMeshes=0 pending=1 restPose=111 quiet=106 latched=0
[HEAD_REBIND] member='player2' targets=17 slots=7 reboundBones=0 reboundMeshes=0 pending=2 restPose=107 quiet=106 latched=0
[HEAD_REBIND] member='player0' targets=18 slots=11 reboundBones=0 reboundMeshes=0 pending=2 restPose=105 quiet=107 latched=0
[HEAD_REBIND] member='player1' targets=19 slots=59 reboundBones=0 reboundMeshes=0 pending=3 restPose=111 quiet=107 latched=0
[HEAD_REBIND] member='player3' targets=18 slots=9 reboundBones=0 reboundMeshes=0 pending=1 restPose=111 quiet=107 latched=0
[HEAD_REBIND] member='player2' targets=17 slots=7 reboundBones=0 reboundMeshes=0 pending=2 restPose=107 quiet=107 latched=0
[HEAD_REBIND] member='player0' targets=18 slots=11 reboundBones=0 reboundMeshes=0 pending=2 restPose=105 quiet=108 latched=0
[HEAD_REBIND] member='player1' targets=19 slots=59 reboundBones=0 reboundMeshes=0 pending=3 restPose=111 quiet=108 latched=0
[HEAD_REBIND] member='player3' targets=18 slots=9 reboundBones=0 reboundMeshes=0 pending=1 restPose=111 quiet=108 latched=0
[HEAD_REBIND] member='player2' targets=17 slots=7 reboundBones=0 reboundMeshes=0 pending=2 restPose=107 quiet=108 latched=0
[HEAD_REBIND] member='player0' targets=18 slots=11 reboundBones=0 reboundMeshes=0 pending=2 restPose=105 quiet=109 latched=0
[HEAD_REBIND] member='player1' targets=19 slots=59 reboundBones=0 reboundMeshes=0 pending=3 restPose=111 quiet=109 latched=0
[HEAD_REBIND] member='player3' targets=18 slots=9 reboundBones=0 reboundMeshes=0 pending=1 restPose=111 quiet=109 latched=0
[HEAD_REBIND] member='player2' targets=17 slots=7 reboundBones=0 reboundMeshes=0 pending=2 restPose=107 quiet=109 latched=0
[HEAD_REBIND] member='player0' targets=18 slots=11 reboundBones=0 reboundMeshes=0 pending=2 restPose=105 quiet=110 latched=0
[HEAD_REBIND] member='player1' targets=19 slots=59 reboundBones=0 reboundMeshes=0 pending=3 restPose=111 quiet=110 latched=0
[HEAD_REBIND] member='player3' targets=18 slots=9 reboundBones=0 reboundMeshes=0 pending=1 restPose=111 quiet=110 latched=0
[HEAD_REBIND] member='player2' targets=17 slots=7 reboundBones=0 reboundMeshes=0 pending=2 restPose=107 quiet=110 latched=0
[HEAD_REBIND] member='player0' targets=18 slots=11 reboundBones=0 reboundMeshes=0 pending=2 restPose=105 quiet=111 latched=0
[HEAD_REBIND] member='player1' targets=19 slots=59 reboundBones=0 reboundMeshes=0 pending=3 restPose=111 quiet=111 latched=0
[HEAD_REBIND] member='player3' targets=18 slots=9 reboundBones=0 reboundMeshes=0 pending=1 restPose=111 quiet=111 latched=0
[HEAD_REBIND] member='player2' targets=17 slots=7 reboundBones=0 reboundMeshes=0 pending=2 restPose=107 quiet=111 latched=0
[HEAD_REBIND] member='player0' targets=18 slots=11 reboundBones=0 reboundMeshes=0 pending=2 restPose=105 quiet=112 latched=0
[HEAD_REBIND] member='player1' targets=19 slots=59 reboundBones=0 reboundMeshes=0 pending=3 restPose=111 quiet=112 latched=0
[HEAD_REBIND] member='player3' targets=18 slots=9 reboundBones=0 reboundMeshes=0 pending=1 restPose=111 quiet=112 latched=0
[HEAD_REBIND] member='player2' targets=17 slots=7 reboundBones=0 reboundMeshes=0 pending=2 restPose=107 quiet=112 latched=0
[HEAD_REBIND] member='player0' targets=18 slots=11 reboundBones=0 reboundMeshes=0 pending=2 restPose=105 quiet=113 latched=0
[HEAD_REBIND] member='player1' targets=19 slots=59 reboundBones=0 reboundMeshes=0 pending=3 restPose=111 quiet=113 latched=0
[HEAD_REBIND] member='player3' targets=18 slots=9 reboundBones=0 reboundMeshes=0 pending=1 restPose=111 quiet=113 latched=0
[HEAD_REBIND] member='player2' targets=17 slots=7 reboundBones=0 reboundMeshes=0 pending=2 restPose=107 quiet=113 latched=0
[HEAD_REBIND] member='player0' targets=18 slots=11 reboundBones=0 reboundMeshes=0 pending=2 restPose=105 quiet=114 latched=0
[HEAD_REBIND] member='player1' targets=19 slots=59 reboundBones=0 reboundMeshes=0 pending=3 restPose=111 quiet=114 latched=0
[HEAD_REBIND] member='player3' targets=18 slots=9 reboundBones=0 reboundMeshes=0 pending=1 restPose=111 quiet=114 latched=0
[HEAD_REBIND] member='player2' targets=17 slots=7 reboundBones=0 reboundMeshes=0 pending=2 restPose=107 quiet=114 latched=0
[HEAD_REBIND] member='player0' targets=18 slots=11 reboundBones=0 reboundMeshes=0 pending=2 restPose=105 quiet=115 latched=0
[HEAD_REBIND] member='player1' targets=19 slots=59 reboundBones=0 reboundMeshes=0 pending=3 restPose=111 quiet=115 latched=0
[HEAD_REBIND] member='player3' targets=18 slots=9 reboundBones=0 reboundMeshes=0 pending=1 restPose=111 quiet=115 latched=0
[HEAD_REBIND] member='player2' targets=17 slots=7 reboundBones=0 reboundMeshes=0 pending=2 restPose=107 quiet=115 latched=0
[HEAD_REBIND] member='player0' targets=18 slots=11 reboundBones=0 reboundMeshes=0 pending=2 restPose=105 quiet=116 latched=0
[HEAD_REBIND] member='player1' targets=19 slots=59 reboundBones=0 reboundMeshes=0 pending=3 restPose=111 quiet=116 latched=0
[HEAD_REBIND] member='player3' targets=18 slots=9 reboundBones=0 reboundMeshes=0 pending=1 restPose=111 quiet=116 latched=0
[HEAD_REBIND] member='player2' targets=17 slots=7 reboundBones=0 reboundMeshes=0 pending=2 restPose=107 quiet=116 latched=0
[HEAD_REBIND] member='player0' targets=18 slots=11 reboundBones=0 reboundMeshes=0 pending=2 restPose=105 quiet=117 latched=0
[HEAD_REBIND] member='player1' targets=19 slots=59 reboundBones=0 reboundMeshes=0 pending=3 restPose=111 quiet=117 latched=0
[HEAD_REBIND] member='player3' targets=18 slots=9 reboundBones=0 reboundMeshes=0 pending=1 restPose=111 quiet=117 latched=0
[HEAD_REBIND] member='player2' targets=17 slots=7 reboundBones=0 reboundMeshes=0 pending=2 restPose=107 quiet=117 latched=0
[HEAD_REBIND] member='player0' targets=18 slots=11 reboundBones=0 reboundMeshes=0 pending=2 restPose=105 quiet=118 latched=0
[HEAD_REBIND] member='player1' targets=19 slots=59 reboundBones=0 reboundMeshes=0 pending=3 restPose=111 quiet=118 latched=0
[HEAD_REBIND] member='player3' targets=18 slots=9 reboundBones=0 reboundMeshes=0 pending=1 restPose=111 quiet=118 latched=0
[HEAD_REBIND] member='player2' targets=17 slots=7 reboundBones=0 reboundMeshes=0 pending=2 restPose=107 quiet=118 latched=0
[HEAD_REBIND] member='player0' targets=18 slots=11 reboundBones=0 reboundMeshes=0 pending=2 restPose=105 quiet=119 latched=0
[HEAD_REBIND] member='player1' targets=19 slots=59 reboundBones=0 reboundMeshes=0 pending=3 restPose=111 quiet=119 latched=0
[HEAD_REBIND] member='player3' targets=18 slots=9 reboundBones=0 reboundMeshes=0 pending=1 restPose=111 quiet=119 latched=0
[HEAD_REBIND] member='player2' targets=17 slots=7 reboundBones=0 reboundMeshes=0 pending=2 restPose=107 quiet=119 latched=0
[HEAD_REBIND] member='player0' targets=18 slots=11 reboundBones=0 reboundMeshes=0 pending=2 restPose=105 quiet=120 latched=0
[HEAD_REBIND] member='player1' targets=19 slots=59 reboundBones=0 reboundMeshes=0 pending=3 restPose=111 quiet=120 latched=0
[HEAD_REBIND] member='player3' targets=18 slots=9 reboundBones=0 reboundMeshes=0 pending=1 restPose=111 quiet=120 latched=0
[HEAD_REBIND] member='player2' targets=17 slots=7 reboundBones=0 reboundMeshes=0 pending=2 restPose=107 quiet=120 latched=0
[HEAD_REBIND] member='player0' targets=18 slots=11 reboundBones=0 reboundMeshes=0 pending=2 restPose=105 quiet=121 latched=0
[HEAD_REBIND] member='player1' targets=19 slots=59 reboundBones=0 reboundMeshes=0 pending=3 restPose=111 quiet=121 latched=0
[HEAD_REBIND] member='player3' targets=18 slots=9 reboundBones=0 reboundMeshes=0 pending=1 restPose=111 quiet=121 latched=0
[HEAD_REBIND] member='player2' targets=17 slots=7 reboundBones=0 reboundMeshes=0 pending=2 restPose=107 quiet=121 latched=0
[HEAD_REBIND] member='player0' targets=18 slots=11 reboundBones=0 reboundMeshes=0 pending=2 restPose=105 quiet=122 latched=0
[HEAD_REBIND] member='player1' targets=19 slots=59 reboundBones=0 reboundMeshes=0 pending=3 restPose=111 quiet=122 latched=0
[HEAD_REBIND] member='player3' targets=18 slots=9 reboundBones=0 reboundMeshes=0 pending=1 restPose=111 quiet=122 latched=0
[HEAD_REBIND] member='player2' targets=17 slots=7 reboundBones=0 reboundMeshes=0 pending=2 restPose=107 quiet=122 latched=0
[HEAD_REBIND] member='player0' targets=18 slots=11 reboundBones=0 reboundMeshes=0 pending=2 restPose=105 quiet=123 latched=0
[HEAD_REBIND] member='player1' targets=19 slots=59 reboundBones=0 reboundMeshes=0 pending=3 restPose=111 quiet=123 latched=0
[HEAD_REBIND] member='player3' targets=18 slots=9 reboundBones=0 reboundMeshes=0 pending=1 restPose=111 quiet=123 latched=0
[HEAD_REBIND] member='player2' targets=17 slots=7 reboundBones=0 reboundMeshes=0 pending=2 restPose=107 quiet=123 latched=0
[HEAD_REBIND] member='player0' targets=18 slots=11 reboundBones=0 reboundMeshes=0 pending=2 restPose=105 quiet=124 latched=0
[HEAD_REBIND] member='player1' targets=19 slots=59 reboundBones=0 reboundMeshes=0 pending=3 restPose=111 quiet=124 latched=0
[HEAD_REBIND] member='player3' targets=18 slots=9 reboundBones=0 reboundMeshes=0 pending=1 restPose=111 quiet=124 latched=0
[HEAD_REBIND] member='player2' targets=17 slots=7 reboundBones=0 reboundMeshes=0 pending=2 restPose=107 quiet=124 latched=0
[HEAD_REBIND] member='player0' targets=18 slots=11 reboundBones=0 reboundMeshes=0 pending=2 restPose=105 quiet=125 latched=0
[HEAD_REBIND] member='player1' targets=19 slots=59 reboundBones=0 reboundMeshes=0 pending=3 restPose=111 quiet=125 latched=0
[HEAD_REBIND] member='player3' targets=18 slots=9 reboundBones=0 reboundMeshes=0 pending=1 restPose=111 quiet=125 latched=0
[HEAD_REBIND] member='player2' targets=17 slots=7 reboundBones=0 reboundMeshes=0 pending=2 restPose=107 quiet=125 latched=0
[HEAD_REBIND] member='player0' targets=18 slots=11 reboundBones=0 reboundMeshes=0 pending=2 restPose=105 quiet=126 latched=0
[HEAD_REBIND] member='player1' targets=19 slots=59 reboundBones=0 reboundMeshes=0 pending=3 restPose=111 quiet=126 latched=0
[HEAD_REBIND] member='player3' targets=18 slots=9 reboundBones=0 reboundMeshes=0 pending=1 restPose=111 quiet=126 latched=0
[HEAD_REBIND] member='player2' targets=17 slots=7 reboundBones=0 reboundMeshes=0 pending=2 restPose=107 quiet=126 latched=0
[HEAD_REBIND] member='player0' targets=18 slots=11 reboundBones=0 reboundMeshes=0 pending=2 restPose=105 quiet=127 latched=0
[HEAD_REBIND] member='player1' targets=19 slots=59 reboundBones=0 reboundMeshes=0 pending=3 restPose=111 quiet=127 latched=0
[HEAD_REBIND] member='player3' targets=18 slots=9 reboundBones=0 reboundMeshes=0 pending=1 restPose=111 quiet=127 latched=0
[HEAD_REBIND] member='player2' targets=17 slots=7 reboundBones=0 reboundMeshes=0 pending=2 restPose=107 quiet=127 latched=0
[HEAD_REBIND] member='player0' targets=18 slots=11 reboundBones=0 reboundMeshes=0 pending=2 restPose=105 quiet=128 latched=0
[HEAD_REBIND] member='player1' targets=19 slots=59 reboundBones=0 reboundMeshes=0 pending=3 restPose=111 quiet=128 latched=0
[HEAD_REBIND] member='player3' targets=18 slots=9 reboundBones=0 reboundMeshes=0 pending=1 restPose=111 quiet=128 latched=0
[HEAD_REBIND] member='player2' targets=17 slots=7 reboundBones=0 reboundMeshes=0 pending=2 restPose=107 quiet=128 latched=0
[HEAD_REBIND] member='player0' targets=18 slots=11 reboundBones=0 reboundMeshes=0 pending=2 restPose=105 quiet=129 latched=0
[HEAD_REBIND] member='player1' targets=19 slots=59 reboundBones=0 reboundMeshes=0 pending=3 restPose=111 quiet=129 latched=0
[HEAD_REBIND] member='player3' targets=18 slots=9 reboundBones=0 reboundMeshes=0 pending=1 restPose=111 quiet=129 latched=0
[HEAD_REBIND] member='player2' targets=17 slots=7 reboundBones=0 reboundMeshes=0 pending=2 restPose=107 quiet=129 latched=0
[HEAD_REBIND] member='player0' targets=18 slots=11 reboundBones=0 reboundMeshes=0 pending=2 restPose=105 quiet=130 latched=0
[HEAD_REBIND] member='player1' targets=19 slots=59 reboundBones=0 reboundMeshes=0 pending=3 restPose=111 quiet=130 latched=0
[HEAD_REBIND] member='player3' targets=18 slots=9 reboundBones=0 reboundMeshes=0 pending=1 restPose=111 quiet=130 latched=0
[HEAD_REBIND] member='player2' targets=17 slots=7 reboundBones=0 reboundMeshes=0 pending=2 restPose=107 quiet=130 latched=0
[HEAD_REBIND] member='player0' targets=18 slots=11 reboundBones=0 reboundMeshes=0 pending=2 restPose=105 quiet=131 latched=0
[HEAD_REBIND] member='player1' targets=19 slots=59 reboundBones=0 reboundMeshes=0 pending=3 restPose=111 quiet=131 latched=0
[HEAD_REBIND] member='player3' targets=18 slots=9 reboundBones=0 reboundMeshes=0 pending=1 restPose=111 quiet=131 latched=0
[HEAD_REBIND] member='player2' targets=17 slots=7 reboundBones=0 reboundMeshes=0 pending=2 restPose=107 quiet=131 latched=0
[HEAD_REBIND] member='player0' targets=18 slots=11 reboundBones=0 reboundMeshes=0 pending=2 restPose=105 quiet=132 latched=0
[HEAD_REBIND] member='player1' targets=19 slots=59 reboundBones=0 reboundMeshes=0 pending=3 restPose=111 quiet=132 latched=0
[HEAD_REBIND] member='player3' targets=18 slots=9 reboundBones=0 reboundMeshes=0 pending=1 restPose=111 quiet=132 latched=0
[HEAD_REBIND] member='player2' targets=17 slots=7 reboundBones=0 reboundMeshes=0 pending=2 restPose=107 quiet=132 latched=0
[HEAD_REBIND] member='player0' targets=18 slots=11 reboundBones=0 reboundMeshes=0 pending=2 restPose=105 quiet=133 latched=0
[HEAD_REBIND] member='player1' targets=19 slots=59 reboundBones=0 reboundMeshes=0 pending=3 restPose=111 quiet=133 latched=0
[HEAD_REBIND] member='player3' targets=18 slots=9 reboundBones=0 reboundMeshes=0 pending=1 restPose=111 quiet=133 latched=0
[HEAD_REBIND] member='player2' targets=17 slots=7 reboundBones=0 reboundMeshes=0 pending=2 restPose=107 quiet=133 latched=0
[HEAD_REBIND] member='player0' targets=18 slots=11 reboundBones=0 reboundMeshes=0 pending=2 restPose=105 quiet=134 latched=0
[HEAD_REBIND] member='player1' targets=19 slots=59 reboundBones=0 reboundMeshes=0 pending=3 restPose=111 quiet=134 latched=0
[HEAD_REBIND] member='player3' targets=18 slots=9 reboundBones=0 reboundMeshes=0 pending=1 restPose=111 quiet=134 latched=0
[HEAD_REBIND] member='player2' targets=17 slots=7 reboundBones=0 reboundMeshes=0 pending=2 restPose=107 quiet=134 latched=0
[HEAD_REBIND] member='player0' targets=18 slots=11 reboundBones=0 reboundMeshes=0 pending=2 restPose=105 quiet=135 latched=0
[HEAD_REBIND] member='player1' targets=19 slots=59 reboundBones=0 reboundMeshes=0 pending=3 restPose=111 quiet=135 latched=0
[HEAD_REBIND] member='player3' targets=18 slots=9 reboundBones=0 reboundMeshes=0 pending=1 restPose=111 quiet=135 latched=0
[HEAD_REBIND] member='player2' targets=17 slots=7 reboundBones=0 reboundMeshes=0 pending=2 restPose=107 quiet=135 latched=0
[HEAD_REBIND] member='player0' targets=18 slots=11 reboundBones=0 reboundMeshes=0 pending=2 restPose=105 quiet=136 latched=0
[HEAD_REBIND] member='player1' targets=19 slots=59 reboundBones=0 reboundMeshes=0 pending=3 restPose=111 quiet=136 latched=0
[HEAD_REBIND] member='player3' targets=18 slots=9 reboundBones=0 reboundMeshes=0 pending=1 restPose=111 quiet=136 latched=0
[HEAD_REBIND] member='player2' targets=17 slots=7 reboundBones=0 reboundMeshes=0 pending=2 restPose=107 quiet=136 latched=0
[HEAD_REBIND] member='player0' targets=18 slots=11 reboundBones=0 reboundMeshes=0 pending=2 restPose=105 quiet=137 latched=0
[HEAD_REBIND] member='player1' targets=19 slots=59 reboundBones=0 reboundMeshes=0 pending=3 restPose=111 quiet=137 latched=0
[HEAD_REBIND] member='player3' targets=18 slots=9 reboundBones=0 reboundMeshes=0 pending=1 restPose=111 quiet=137 latched=0
[HEAD_REBIND] member='player2' targets=17 slots=7 reboundBones=0 reboundMeshes=0 pending=2 restPose=107 quiet=137 latched=0
[HEAD_REBIND] member='player0' targets=18 slots=11 reboundBones=0 reboundMeshes=0 pending=2 restPose=105 quiet=138 latched=0
[HEAD_REBIND] member='player1' targets=19 slots=59 reboundBones=0 reboundMeshes=0 pending=3 restPose=111 quiet=138 latched=0
[HEAD_REBIND] member='player3' targets=18 slots=9 reboundBones=0 reboundMeshes=0 pending=1 restPose=111 quiet=138 latched=0
[HEAD_REBIND] member='player2' targets=17 slots=7 reboundBones=0 reboundMeshes=0 pending=2 restPose=107 quiet=138 latched=0
[HEAD_REBIND] member='player0' targets=18 slots=11 reboundBones=0 reboundMeshes=0 pending=2 restPose=105 quiet=139 latched=0
[HEAD_REBIND] member='player1' targets=19 slots=59 reboundBones=0 reboundMeshes=0 pending=3 restPose=111 quiet=139 latched=0
[HEAD_REBIND] member='player3' targets=18 slots=9 reboundBones=0 reboundMeshes=0 pending=1 restPose=111 quiet=139 latched=0
[HEAD_REBIND] member='player2' targets=17 slots=7 reboundBones=0 reboundMeshes=0 pending=2 restPose=107 quiet=139 latched=0
[HEAD_REBIND] member='player0' targets=18 slots=11 reboundBones=0 reboundMeshes=0 pending=2 restPose=105 quiet=140 latched=0
[HEAD_REBIND] member='player1' targets=19 slots=59 reboundBones=0 reboundMeshes=0 pending=3 restPose=111 quiet=140 latched=0
[HEAD_REBIND] member='player3' targets=18 slots=9 reboundBones=0 reboundMeshes=0 pending=1 restPose=111 quiet=140 latched=0
[HEAD_REBIND] member='player2' targets=17 slots=7 reboundBones=0 reboundMeshes=0 pending=2 restPose=107 quiet=140 latched=0
[HEAD_REBIND] member='player0' targets=18 slots=11 reboundBones=0 reboundMeshes=0 pending=2 restPose=105 quiet=141 latched=0
[HEAD_REBIND] member='player1' targets=19 slots=59 reboundBones=0 reboundMeshes=0 pending=3 restPose=111 quiet=141 latched=0
[HEAD_REBIND] member='player3' targets=18 slots=9 reboundBones=0 reboundMeshes=0 pending=1 restPose=111 quiet=141 latched=0
[HEAD_REBIND] member='player2' targets=17 slots=7 reboundBones=0 reboundMeshes=0 pending=2 restPose=107 quiet=141 latched=0
[HEAD_REBIND] member='player0' targets=18 slots=11 reboundBones=0 reboundMeshes=0 pending=2 restPose=105 quiet=142 latched=0
[HEAD_REBIND] member='player1' targets=19 slots=59 reboundBones=0 reboundMeshes=0 pending=3 restPose=111 quiet=142 latched=0
[HEAD_REBIND] member='player3' targets=18 slots=9 reboundBones=0 reboundMeshes=0 pending=1 restPose=111 quiet=142 latched=0
[HEAD_REBIND] member='player2' targets=17 slots=7 reboundBones=0 reboundMeshes=0 pending=2 restPose=107 quiet=142 latched=0
[HEAD_REBIND] member='player0' targets=18 slots=11 reboundBones=0 reboundMeshes=0 pending=2 restPose=105 quiet=143 latched=0
[HEAD_REBIND] member='player1' targets=19 slots=59 reboundBones=0 reboundMeshes=0 pending=3 restPose=111 quiet=143 latched=0
[HEAD_REBIND] member='player3' targets=18 slots=9 reboundBones=0 reboundMeshes=0 pending=1 restPose=111 quiet=143 latched=0
[HEAD_REBIND] member='player2' targets=17 slots=7 reboundBones=0 reboundMeshes=0 pending=2 restPose=107 quiet=143 latched=0
[HEAD_REBIND] member='player0' targets=18 slots=11 reboundBones=0 reboundMeshes=0 pending=2 restPose=105 quiet=144 latched=0
[HEAD_REBIND] member='player1' targets=19 slots=59 reboundBones=0 reboundMeshes=0 pending=3 restPose=111 quiet=144 latched=0
[HEAD_REBIND] member='player3' targets=18 slots=9 reboundBones=0 reboundMeshes=0 pending=1 restPose=111 quiet=144 latched=0
[HEAD_REBIND] member='player2' targets=17 slots=7 reboundBones=0 reboundMeshes=0 pending=2 restPose=107 quiet=144 latched=0
[HEAD_REBIND] member='player0' targets=18 slots=11 reboundBones=0 reboundMeshes=0 pending=2 restPose=105 quiet=145 latched=0
[HEAD_REBIND] member='player1' targets=19 slots=59 reboundBones=0 reboundMeshes=0 pending=3 restPose=111 quiet=145 latched=0
[HEAD_REBIND] member='player3' targets=18 slots=9 reboundBones=0 reboundMeshes=0 pending=1 restPose=111 quiet=145 latched=0
[HEAD_REBIND] member='player2' targets=17 slots=7 reboundBones=0 reboundMeshes=0 pending=2 restPose=107 quiet=145 latched=0
[HEAD_REBIND] member='player0' targets=18 slots=11 reboundBones=0 reboundMeshes=0 pending=2 restPose=105 quiet=146 latched=0
[HEAD_REBIND] member='player1' targets=19 slots=59 reboundBones=0 reboundMeshes=0 pending=3 restPose=111 quiet=146 latched=0
[HEAD_REBIND] member='player3' targets=18 slots=9 reboundBones=0 reboundMeshes=0 pending=1 restPose=111 quiet=146 latched=0
[HEAD_REBIND] member='player2' targets=17 slots=7 reboundBones=0 reboundMeshes=0 pending=2 restPose=107 quiet=146 latched=0
[HEAD_REBIND] member='player0' targets=18 slots=11 reboundBones=0 reboundMeshes=0 pending=2 restPose=105 quiet=147 latched=0
[HEAD_REBIND] member='player1' targets=19 slots=59 reboundBones=0 reboundMeshes=0 pending=3 restPose=111 quiet=147 latched=0
[HEAD_REBIND] member='player3' targets=18 slots=9 reboundBones=0 reboundMeshes=0 pending=1 restPose=111 quiet=147 latched=0
[HEAD_REBIND] member='player2' targets=17 slots=7 reboundBones=0 reboundMeshes=0 pending=2 restPose=107 quiet=147 latched=0
[HEAD_REBIND] member='player0' targets=18 slots=11 reboundBones=0 reboundMeshes=0 pending=2 restPose=105 quiet=148 latched=0
[HEAD_REBIND] member='player1' targets=19 slots=59 reboundBones=0 reboundMeshes=0 pending=3 restPose=111 quiet=148 latched=0
[HEAD_REBIND] member='player3' targets=18 slots=9 reboundBones=0 reboundMeshes=0 pending=1 restPose=111 quiet=148 latched=0
[HEAD_REBIND] member='player2' targets=17 slots=7 reboundBones=0 reboundMeshes=0 pending=2 restPose=107 quiet=148 latched=0
[HEAD_REBIND] member='player0' targets=18 slots=11 reboundBones=0 reboundMeshes=0 pending=2 restPose=105 quiet=1 latched=0
[HEAD_REBIND] member='player1' targets=19 slots=59 reboundBones=0 reboundMeshes=0 pending=3 restPose=111 quiet=1 latched=0
[HEAD_REBIND] member='player3' targets=18 slots=9 reboundBones=0 reboundMeshes=0 pending=1 restPose=111 quiet=1 latched=0
[HEAD_REBIND] member='player2' targets=17 slots=7 reboundBones=0 reboundMeshes=0 pending=2 restPose=107 quiet=1 latched=0
[HEAD_REBIND] member='player0' targets=18 slots=11 reboundBones=0 reboundMeshes=0 pending=2 restPose=105 quiet=2 latched=0
[HEAD_REBIND] member='player1' targets=19 slots=59 reboundBones=0 reboundMeshes=0 pending=3 restPose=111 quiet=2 latched=0
[HEAD_REBIND] member='player3' targets=18 slots=9 reboundBones=0 reboundMeshes=0 pending=1 restPose=111 quiet=2 latched=0
[HEAD_REBIND] member='player2' targets=17 slots=7 reboundBones=0 reboundMeshes=0 pending=2 restPose=107 quiet=2 latched=0
[HEAD_REBIND] member='player0' targets=18 slots=11 reboundBones=0 reboundMeshes=0 pending=2 restPose=105 quiet=3 latched=0
[HEAD_REBIND] member='player1' targets=19 slots=59 reboundBones=0 reboundMeshes=0 pending=3 restPose=111 quiet=3 latched=0
[HEAD_REBIND] member='player3' targets=18 slots=9 reboundBones=0 reboundMeshes=0 pending=1 restPose=111 quiet=3 latched=0
[HEAD_REBIND] member='player2' targets=17 slots=7 reboundBones=0 reboundMeshes=0 pending=2 restPose=107 quiet=3 latched=0
[HEAD_REBIND] member='player0' targets=18 slots=11 reboundBones=0 reboundMeshes=0 pending=2 restPose=105 quiet=4 latched=0
[HEAD_REBIND] member='player1' targets=19 slots=59 reboundBones=0 reboundMeshes=0 pending=3 restPose=111 quiet=4 latched=0
[HEAD_REBIND] member='player3' targets=18 slots=9 reboundBones=0 reboundMeshes=0 pending=1 restPose=111 quiet=4 latched=0
[HEAD_REBIND] member='player2' targets=17 slots=7 reboundBones=0 reboundMeshes=0 pending=2 restPose=107 quiet=4 latched=0
[HEAD_REBIND] member='player0' targets=18 slots=11 reboundBones=0 reboundMeshes=0 pending=2 restPose=105 quiet=5 latched=0
[HEAD_REBIND] member='player1' targets=19 slots=59 reboundBones=0 reboundMeshes=0 pending=3 restPose=111 quiet=5 latched=0
[HEAD_REBIND] member='player3' targets=18 slots=9 reboundBones=0 reboundMeshes=0 pending=1 restPose=111 quiet=5 latched=0
[HEAD_REBIND] member='player2' targets=17 slots=7 reboundBones=0 reboundMeshes=0 pending=2 restPose=107 quiet=5 latched=0
[HEAD_REBIND] member='player0' targets=18 slots=11 reboundBones=0 reboundMeshes=0 pending=2 restPose=105 quiet=6 latched=0
[HEAD_REBIND] member='player1' targets=19 slots=59 reboundBones=0 reboundMeshes=0 pending=3 restPose=111 quiet=6 latched=0
[HEAD_REBIND] member='player3' targets=18 slots=9 reboundBones=0 reboundMeshes=0 pending=1 restPose=111 quiet=6 latched=0
[HEAD_REBIND] member='player2' targets=17 slots=7 reboundBones=0 reboundMeshes=0 pending=2 restPose=107 quiet=6 latched=0
[HEAD_REBIND] member='player0' targets=18 slots=11 reboundBones=0 reboundMeshes=0 pending=2 restPose=105 quiet=7 latched=0
[HEAD_REBIND] member='player1' targets=19 slots=59 reboundBones=0 reboundMeshes=0 pending=3 restPose=111 quiet=7 latched=0
[HEAD_REBIND] member='player3' targets=18 slots=9 reboundBones=0 reboundMeshes=0 pending=1 restPose=111 quiet=7 latched=0
[HEAD_REBIND] member='player2' targets=17 slots=7 reboundBones=0 reboundMeshes=0 pending=2 restPose=107 quiet=7 latched=0
[HEAD_REBIND] member='player0' targets=18 slots=11 reboundBones=0 reboundMeshes=0 pending=2 restPose=105 quiet=8 latched=0
[HEAD_REBIND] member='player1' targets=19 slots=59 reboundBones=0 reboundMeshes=0 pending=3 restPose=111 quiet=8 latched=0
[HEAD_REBIND] member='player3' targets=18 slots=9 reboundBones=0 reboundMeshes=0 pending=1 restPose=111 quiet=8 latched=0
[HEAD_REBIND] member='player2' targets=17 slots=7 reboundBones=0 reboundMeshes=0 pending=2 restPose=107 quiet=8 latched=0
[HEAD_REBIND] member='player0' targets=18 slots=11 reboundBones=0 reboundMeshes=0 pending=2 restPose=105 quiet=9 latched=0
[HEAD_REBIND] member='player1' targets=19 slots=59 reboundBones=0 reboundMeshes=0 pending=3 restPose=111 quiet=9 latched=0
[HEAD_REBIND] member='player3' targets=18 slots=9 reboundBones=0 reboundMeshes=0 pending=1 restPose=111 quiet=9 latched=0
[HEAD_REBIND] member='player2' targets=17 slots=7 reboundBones=0 reboundMeshes=0 pending=2 restPose=107 quiet=9 latched=0
[HEAD_REBIND] member='player0' targets=18 slots=11 reboundBones=0 reboundMeshes=0 pending=2 restPose=105 quiet=10 latched=0
[HEAD_REBIND] member='player1' targets=19 slots=59 reboundBones=0 reboundMeshes=0 pending=3 restPose=111 quiet=10 latched=0
[HEAD_REBIND] member='player3' targets=18 slots=9 reboundBones=0 reboundMeshes=0 pending=1 restPose=111 quiet=10 latched=0
[HEAD_REBIND] member='player2' targets=17 slots=7 reboundBones=0 reboundMeshes=0 pending=2 restPose=107 quiet=10 latched=0
[HEAD_REBIND] member='player0' targets=18 slots=11 reboundBones=0 reboundMeshes=0 pending=2 restPose=105 quiet=11 latched=0
[HEAD_REBIND] member='player1' targets=19 slots=59 reboundBones=0 reboundMeshes=0 pending=3 restPose=111 quiet=11 latched=0
[HEAD_REBIND] member='player3' targets=18 slots=9 reboundBones=0 reboundMeshes=0 pending=1 restPose=111 quiet=11 latched=0
[HEAD_REBIND] member='player2' targets=17 slots=7 reboundBones=0 reboundMeshes=0 pending=2 restPose=107 quiet=11 latched=0
[HEAD_REBIND] member='player0' targets=18 slots=11 reboundBones=0 reboundMeshes=0 pending=2 restPose=105 quiet=12 latched=0
[HEAD_REBIND] member='player1' targets=19 slots=59 reboundBones=0 reboundMeshes=0 pending=3 restPose=111 quiet=12 latched=0
[HEAD_REBIND] member='player3' targets=18 slots=9 reboundBones=0 reboundMeshes=0 pending=1 restPose=111 quiet=12 latched=0
[HEAD_REBIND] member='player2' targets=17 slots=7 reboundBones=0 reboundMeshes=0 pending=2 restPose=107 quiet=12 latched=0
[HEAD_REBIND] member='player0' targets=18 slots=11 reboundBones=0 reboundMeshes=0 pending=2 restPose=105 quiet=13 latched=0
[HEAD_REBIND] member='player1' targets=19 slots=59 reboundBones=0 reboundMeshes=0 pending=3 restPose=111 quiet=13 latched=0
[HEAD_REBIND] member='player3' targets=18 slots=9 reboundBones=0 reboundMeshes=0 pending=1 restPose=111 quiet=13 latched=0
[HEAD_REBIND] member='player2' targets=17 slots=7 reboundBones=0 reboundMeshes=0 pending=2 restPose=107 quiet=13 latched=0
[HEAD_REBIND] member='player0' targets=18 slots=11 reboundBones=0 reboundMeshes=0 pending=2 restPose=105 quiet=14 latched=0
[HEAD_REBIND] member='player1' targets=19 slots=59 reboundBones=0 reboundMeshes=0 pending=3 restPose=111 quiet=14 latched=0
[HEAD_REBIND] member='player3' targets=18 slots=9 reboundBones=0 reboundMeshes=0 pending=1 restPose=111 quiet=14 latched=0
[HEAD_REBIND] member='player2' targets=17 slots=7 reboundBones=0 reboundMeshes=0 pending=2 restPose=107 quiet=14 latched=0
[HEAD_REBIND] member='player0' targets=18 slots=11 reboundBones=0 reboundMeshes=0 pending=2 restPose=105 quiet=15 latched=0
[HEAD_REBIND] member='player1' targets=19 slots=59 reboundBones=0 reboundMeshes=0 pending=3 restPose=111 quiet=15 latched=0
[HEAD_REBIND] member='player3' targets=18 slots=9 reboundBones=0 reboundMeshes=0 pending=1 restPose=111 quiet=15 latched=0
[HEAD_REBIND] member='player2' targets=17 slots=7 reboundBones=0 reboundMeshes=0 pending=2 restPose=107 quiet=15 latched=0
[HEAD_REBIND] member='player0' targets=18 slots=11 reboundBones=0 reboundMeshes=0 pending=2 restPose=105 quiet=16 latched=0
[HEAD_REBIND] member='player1' targets=19 slots=59 reboundBones=0 reboundMeshes=0 pending=3 restPose=111 quiet=16 latched=0
[HEAD_REBIND] member='player3' targets=18 slots=9 reboundBones=0 reboundMeshes=0 pending=1 restPose=111 quiet=16 latched=0
[HEAD_REBIND] member='player2' targets=17 slots=7 reboundBones=0 reboundMeshes=0 pending=2 restPose=107 quiet=16 latched=0
[HEAD_REBIND] member='player0' targets=18 slots=11 reboundBones=0 reboundMeshes=0 pending=2 restPose=105 quiet=17 latched=0
[HEAD_REBIND] member='player1' targets=19 slots=59 reboundBones=0 reboundMeshes=0 pending=3 restPose=111 quiet=17 latched=0
[HEAD_REBIND] member='player3' targets=18 slots=9 reboundBones=0 reboundMeshes=0 pending=1 restPose=111 quiet=17 latched=0
[HEAD_REBIND] member='player2' targets=17 slots=7 reboundBones=0 reboundMeshes=0 pending=2 restPose=107 quiet=17 latched=0
[HEAD_REBIND] member='player0' targets=18 slots=11 reboundBones=0 reboundMeshes=0 pending=2 restPose=105 quiet=18 latched=0
[HEAD_REBIND] member='player1' targets=19 slots=59 reboundBones=0 reboundMeshes=0 pending=3 restPose=111 quiet=18 latched=0
[HEAD_REBIND] member='player3' targets=18 slots=9 reboundBones=0 reboundMeshes=0 pending=1 restPose=111 quiet=18 latched=0
[HEAD_REBIND] member='player2' targets=17 slots=7 reboundBones=0 reboundMeshes=0 pending=2 restPose=107 quiet=18 latched=0
[HEAD_REBIND] member='player0' targets=18 slots=11 reboundBones=0 reboundMeshes=0 pending=2 restPose=105 quiet=19 latched=0
[HEAD_REBIND] member='player1' targets=19 slots=59 reboundBones=0 reboundMeshes=0 pending=3 restPose=111 quiet=19 latched=0
[HEAD_REBIND] member='player3' targets=18 slots=9 reboundBones=0 reboundMeshes=0 pending=1 restPose=111 quiet=19 latched=0
[HEAD_REBIND] member='player2' targets=17 slots=7 reboundBones=0 reboundMeshes=0 pending=2 restPose=107 quiet=19 latched=0
[HEAD_REBIND] member='player0' targets=18 slots=11 reboundBones=0 reboundMeshes=0 pending=2 restPose=105 quiet=20 latched=0
[HEAD_REBIND] member='player1' targets=19 slots=59 reboundBones=0 reboundMeshes=0 pending=3 restPose=111 quiet=20 latched=0
[HEAD_REBIND] member='player3' targets=18 slots=9 reboundBones=0 reboundMeshes=0 pending=1 restPose=111 quiet=20 latched=0
[HEAD_REBIND] member='player2' targets=17 slots=7 reboundBones=0 reboundMeshes=0 pending=2 restPose=107 quiet=20 latched=0
[HEAD_REBIND] member='player0' targets=18 slots=11 reboundBones=0 reboundMeshes=0 pending=2 restPose=105 quiet=21 latched=0
[HEAD_REBIND] member='player1' targets=19 slots=59 reboundBones=0 reboundMeshes=0 pending=3 restPose=111 quiet=21 latched=0
[HEAD_REBIND] member='player3' targets=18 slots=9 reboundBones=0 reboundMeshes=0 pending=1 restPose=111 quiet=21 latched=0
[HEAD_REBIND] member='player2' targets=17 slots=7 reboundBones=0 reboundMeshes=0 pending=2 restPose=107 quiet=21 latched=0
[HEAD_REBIND] member='player0' targets=18 slots=11 reboundBones=0 reboundMeshes=0 pending=2 restPose=105 quiet=22 latched=0
[HEAD_REBIND] member='player1' targets=19 slots=59 reboundBones=0 reboundMeshes=0 pending=3 restPose=111 quiet=22 latched=0
[HEAD_REBIND] member='player3' targets=18 slots=9 reboundBones=0 reboundMeshes=0 pending=1 restPose=111 quiet=22 latched=0
[HEAD_REBIND] member='player2' targets=17 slots=7 reboundBones=0 reboundMeshes=0 pending=2 restPose=107 quiet=22 latched=0
[HEAD_REBIND] member='player3' targets=18 slots=9 reboundBones=0 reboundMeshes=0 pending=1 restPose=111 quiet=23 latched=0
[HEAD_REBIND] member='player1' targets=19 slots=59 reboundBones=0 reboundMeshes=0 pending=3 restPose=111 quiet=23 latched=0
[HEAD_REBIND] member='player2' targets=17 slots=7 reboundBones=0 reboundMeshes=0 pending=2 restPose=107 quiet=23 latched=0
[HEAD_REBIND] member='player0' targets=18 slots=11 reboundBones=0 reboundMeshes=0 pending=2 restPose=105 quiet=23 latched=0
[HEAD_REBIND] member='player3' targets=18 slots=9 reboundBones=0 reboundMeshes=0 pending=1 restPose=111 quiet=24 latched=0
[HEAD_REBIND] member='player1' targets=19 slots=59 reboundBones=0 reboundMeshes=0 pending=3 restPose=111 quiet=24 latched=0
[HEAD_REBIND] member='player2' targets=17 slots=7 reboundBones=0 reboundMeshes=0 pending=2 restPose=107 quiet=24 latched=0
[HEAD_REBIND] member='player0' targets=18 slots=11 reboundBones=0 reboundMeshes=0 pending=2 restPose=105 quiet=24 latched=0
[HEAD_REBIND] member='player3' targets=18 slots=9 reboundBones=0 reboundMeshes=0 pending=1 restPose=111 quiet=25 latched=0
[HEAD_REBIND] member='player1' targets=19 slots=59 reboundBones=0 reboundMeshes=0 pending=3 restPose=111 quiet=25 latched=0
[HEAD_REBIND] member='player2' targets=17 slots=7 reboundBones=0 reboundMeshes=0 pending=2 restPose=107 quiet=25 latched=0
[HEAD_REBIND] member='player0' targets=18 slots=11 reboundBones=0 reboundMeshes=0 pending=2 restPose=105 quiet=25 latched=0
[HEAD_REBIND] member='player3' targets=18 slots=9 reboundBones=0 reboundMeshes=0 pending=1 restPose=111 quiet=26 latched=0
[HEAD_REBIND] member='player1' targets=19 slots=59 reboundBones=0 reboundMeshes=0 pending=3 restPose=111 quiet=26 latched=0
[HEAD_REBIND] member='player2' targets=17 slots=7 reboundBones=0 reboundMeshes=0 pending=2 restPose=107 quiet=26 latched=0
[HEAD_REBIND] member='player0' targets=18 slots=11 reboundBones=0 reboundMeshes=0 pending=2 restPose=105 quiet=26 latched=0
[HEAD_REBIND] member='player3' targets=18 slots=9 reboundBones=0 reboundMeshes=0 pending=1 restPose=111 quiet=27 latched=0
[HEAD_REBIND] member='player1' targets=19 slots=59 reboundBones=0 reboundMeshes=0 pending=3 restPose=111 quiet=27 latched=0
[HEAD_REBIND] member='player2' targets=17 slots=7 reboundBones=0 reboundMeshes=0 pending=2 restPose=107 quiet=27 latched=0
[HEAD_REBIND] member='player0' targets=18 slots=11 reboundBones=0 reboundMeshes=0 pending=2 restPose=105 quiet=27 latched=0
[HEAD_REBIND] member='player3' targets=18 slots=9 reboundBones=0 reboundMeshes=0 pending=1 restPose=111 quiet=28 latched=0
[HEAD_REBIND] member='player1' targets=19 slots=59 reboundBones=0 reboundMeshes=0 pending=3 restPose=111 quiet=28 latched=0
[HEAD_REBIND] member='player2' targets=17 slots=7 reboundBones=0 reboundMeshes=0 pending=2 restPose=107 quiet=28 latched=0
[HEAD_REBIND] member='player0' targets=18 slots=11 reboundBones=0 reboundMeshes=0 pending=2 restPose=105 quiet=28 latched=0
[HEAD_REBIND] member='player3' targets=18 slots=9 reboundBones=0 reboundMeshes=0 pending=1 restPose=111 quiet=29 latched=0
[HEAD_REBIND] member='player1' targets=19 slots=59 reboundBones=0 reboundMeshes=0 pending=3 restPose=111 quiet=29 latched=0
[HEAD_REBIND] member='player2' targets=17 slots=7 reboundBones=0 reboundMeshes=0 pending=2 restPose=107 quiet=29 latched=0
[HEAD_REBIND] member='player0' targets=18 slots=11 reboundBones=0 reboundMeshes=0 pending=2 restPose=105 quiet=29 latched=0
[HEAD_REBIND] member='player3' targets=18 slots=9 reboundBones=0 reboundMeshes=0 pending=1 restPose=111 quiet=30 latched=0
[HEAD_REBIND] member='player1' targets=19 slots=59 reboundBones=0 reboundMeshes=0 pending=3 restPose=111 quiet=30 latched=0
[HEAD_REBIND] member='player2' targets=17 slots=7 reboundBones=0 reboundMeshes=0 pending=2 restPose=107 quiet=30 latched=0
[HEAD_REBIND] member='player0' targets=18 slots=11 reboundBones=0 reboundMeshes=0 pending=2 restPose=105 quiet=30 latched=0
[HEAD_REBIND] member='player3' targets=18 slots=9 reboundBones=0 reboundMeshes=0 pending=1 restPose=111 quiet=31 latched=0
[HEAD_REBIND] member='player1' targets=19 slots=59 reboundBones=0 reboundMeshes=0 pending=3 restPose=111 quiet=31 latched=0
[HEAD_REBIND] member='player2' targets=17 slots=7 reboundBones=0 reboundMeshes=0 pending=2 restPose=107 quiet=31 latched=0
[HEAD_REBIND] member='player0' targets=18 slots=11 reboundBones=0 reboundMeshes=0 pending=2 restPose=105 quiet=31 latched=0
[HEAD_REBIND] member='player3' targets=18 slots=9 reboundBones=0 reboundMeshes=0 pending=1 restPose=111 quiet=32 latched=0
[HEAD_REBIND] member='player1' targets=19 slots=59 reboundBones=0 reboundMeshes=0 pending=3 restPose=111 quiet=32 latched=0
[HEAD_REBIND] member='player2' targets=17 slots=7 reboundBones=0 reboundMeshes=0 pending=2 restPose=107 quiet=32 latched=0
[HEAD_REBIND] member='player0' targets=18 slots=11 reboundBones=0 reboundMeshes=0 pending=2 restPose=105 quiet=32 latched=0
[HEAD_REBIND] member='player3' targets=18 slots=9 reboundBones=0 reboundMeshes=0 pending=1 restPose=111 quiet=33 latched=0
[HEAD_REBIND] member='player1' targets=19 slots=59 reboundBones=0 reboundMeshes=0 pending=3 restPose=111 quiet=33 latched=0
[HEAD_REBIND] member='player2' targets=17 slots=7 reboundBones=0 reboundMeshes=0 pending=2 restPose=107 quiet=33 latched=0
[HEAD_REBIND] member='player0' targets=18 slots=11 reboundBones=0 reboundMeshes=0 pending=2 restPose=105 quiet=33 latched=0
[HEAD_REBIND] member='player3' targets=18 slots=9 reboundBones=0 reboundMeshes=0 pending=1 restPose=111 quiet=34 latched=0
[HEAD_REBIND] member='player1' targets=19 slots=59 reboundBones=0 reboundMeshes=0 pending=3 restPose=111 quiet=34 latched=0
[HEAD_REBIND] member='player2' targets=17 slots=7 reboundBones=0 reboundMeshes=0 pending=2 restPose=107 quiet=34 latched=0
[HEAD_REBIND] member='player0' targets=18 slots=11 reboundBones=0 reboundMeshes=0 pending=2 restPose=105 quiet=34 latched=0
[HEAD_REBIND] member='player3' targets=18 slots=9 reboundBones=0 reboundMeshes=0 pending=1 restPose=111 quiet=35 latched=0
[HEAD_REBIND] member='player1' targets=19 slots=59 reboundBones=0 reboundMeshes=0 pending=3 restPose=111 quiet=35 latched=0
[HEAD_REBIND] member='player2' targets=17 slots=7 reboundBones=0 reboundMeshes=0 pending=2 restPose=107 quiet=35 latched=0
[HEAD_REBIND] member='player0' targets=18 slots=11 reboundBones=0 reboundMeshes=0 pending=2 restPose=105 quiet=35 latched=0
[HEAD_REBIND] member='player3' targets=18 slots=9 reboundBones=0 reboundMeshes=0 pending=1 restPose=111 quiet=36 latched=0
[HEAD_REBIND] member='player1' targets=19 slots=59 reboundBones=0 reboundMeshes=0 pending=3 restPose=111 quiet=36 latched=0
[HEAD_REBIND] member='player2' targets=17 slots=7 reboundBones=0 reboundMeshes=0 pending=2 restPose=107 quiet=36 latched=0
[HEAD_REBIND] member='player0' targets=18 slots=11 reboundBones=0 reboundMeshes=0 pending=2 restPose=105 quiet=36 latched=0
[HEAD_REBIND] member='player3' targets=18 slots=9 reboundBones=0 reboundMeshes=0 pending=1 restPose=111 quiet=37 latched=0
[HEAD_REBIND] member='player1' targets=19 slots=59 reboundBones=0 reboundMeshes=0 pending=3 restPose=111 quiet=37 latched=0
[HEAD_REBIND] member='player2' targets=17 slots=7 reboundBones=0 reboundMeshes=0 pending=2 restPose=107 quiet=37 latched=0
[HEAD_REBIND] member='player0' targets=18 slots=11 reboundBones=0 reboundMeshes=0 pending=2 restPose=105 quiet=37 latched=0
[HEAD_REBIND] member='player3' targets=18 slots=9 reboundBones=0 reboundMeshes=0 pending=1 restPose=111 quiet=38 latched=0
[HEAD_REBIND] member='player1' targets=19 slots=59 reboundBones=0 reboundMeshes=0 pending=3 restPose=111 quiet=38 latched=0
[HEAD_REBIND] member='player2' targets=17 slots=7 reboundBones=0 reboundMeshes=0 pending=2 restPose=107 quiet=38 latched=0
[HEAD_REBIND] member='player0' targets=18 slots=11 reboundBones=0 reboundMeshes=0 pending=2 restPose=105 quiet=38 latched=0
[HEAD_REBIND] member='player3' targets=18 slots=9 reboundBones=0 reboundMeshes=0 pending=1 restPose=111 quiet=39 latched=0
[HEAD_REBIND] member='player1' targets=19 slots=59 reboundBones=0 reboundMeshes=0 pending=3 restPose=111 quiet=39 latched=0
[HEAD_REBIND] member='player2' targets=17 slots=7 reboundBones=0 reboundMeshes=0 pending=2 restPose=107 quiet=39 latched=0
[HEAD_REBIND] member='player0' targets=18 slots=11 reboundBones=0 reboundMeshes=0 pending=2 restPose=105 quiet=39 latched=0
[HEAD_REBIND] member='player3' targets=18 slots=9 reboundBones=0 reboundMeshes=0 pending=1 restPose=111 quiet=40 latched=0
[HEAD_REBIND] member='player1' targets=19 slots=59 reboundBones=0 reboundMeshes=0 pending=3 restPose=111 quiet=40 latched=0
[HEAD_REBIND] member='player2' targets=17 slots=7 reboundBones=0 reboundMeshes=0 pending=2 restPose=107 quiet=40 latched=0
[HEAD_REBIND] member='player0' targets=18 slots=11 reboundBones=0 reboundMeshes=0 pending=2 restPose=105 quiet=40 latched=0
[HEAD_REBIND] member='player3' targets=18 slots=9 reboundBones=0 reboundMeshes=0 pending=1 restPose=111 quiet=41 latched=0
[HEAD_REBIND] member='player1' targets=19 slots=59 reboundBones=0 reboundMeshes=0 pending=3 restPose=111 quiet=41 latched=0
[HEAD_REBIND] member='player2' targets=17 slots=7 reboundBones=0 reboundMeshes=0 pending=2 restPose=107 quiet=41 latched=0
[HEAD_REBIND] member='player0' targets=18 slots=11 reboundBones=0 reboundMeshes=0 pending=2 restPose=105 quiet=41 latched=0
[HEAD_REBIND] member='player3' targets=18 slots=9 reboundBones=0 reboundMeshes=0 pending=1 restPose=111 quiet=42 latched=0
[HEAD_REBIND] member='player1' targets=19 slots=59 reboundBones=0 reboundMeshes=0 pending=3 restPose=111 quiet=42 latched=0
[HEAD_REBIND] member='player2' targets=17 slots=7 reboundBones=0 reboundMeshes=0 pending=2 restPose=107 quiet=42 latched=0
[HEAD_REBIND] member='player0' targets=18 slots=11 reboundBones=0 reboundMeshes=0 pending=2 restPose=105 quiet=42 latched=0
[HEAD_REBIND] member='player3' targets=18 slots=9 reboundBones=0 reboundMeshes=0 pending=1 restPose=111 quiet=43 latched=0
[HEAD_REBIND] member='player1' targets=19 slots=59 reboundBones=0 reboundMeshes=0 pending=3 restPose=111 quiet=43 latched=0
[HEAD_REBIND] member='player2' targets=17 slots=7 reboundBones=0 reboundMeshes=0 pending=2 restPose=107 quiet=43 latched=0
[HEAD_REBIND] member='player0' targets=18 slots=11 reboundBones=0 reboundMeshes=0 pending=2 restPose=105 quiet=43 latched=0
[HEAD_REBIND] member='player3' targets=18 slots=9 reboundBones=0 reboundMeshes=0 pending=1 restPose=111 quiet=44 latched=0
[HEAD_REBIND] member='player1' targets=19 slots=59 reboundBones=0 reboundMeshes=0 pending=3 restPose=111 quiet=44 latched=0
[HEAD_REBIND] member='player2' targets=17 slots=7 reboundBones=0 reboundMeshes=0 pending=2 restPose=107 quiet=44 latched=0
[HEAD_REBIND] member='player0' targets=18 slots=11 reboundBones=0 reboundMeshes=0 pending=2 restPose=105 quiet=44 latched=0
[HEAD_REBIND] member='player3' targets=18 slots=9 reboundBones=0 reboundMeshes=0 pending=1 restPose=111 quiet=45 latched=0
[HEAD_REBIND] member='player1' targets=19 slots=59 reboundBones=0 reboundMeshes=0 pending=3 restPose=111 quiet=45 latched=0
[HEAD_REBIND] member='player2' targets=17 slots=7 reboundBones=0 reboundMeshes=0 pending=2 restPose=107 quiet=45 latched=0
[HEAD_REBIND] member='player0' targets=18 slots=11 reboundBones=0 reboundMeshes=0 pending=2 restPose=105 quiet=45 latched=0
[HEAD_REBIND] member='player3' targets=18 slots=9 reboundBones=0 reboundMeshes=0 pending=1 restPose=111 quiet=46 latched=0
[HEAD_REBIND] member='player1' targets=19 slots=59 reboundBones=0 reboundMeshes=0 pending=3 restPose=111 quiet=46 latched=0
[HEAD_REBIND] member='player2' targets=17 slots=7 reboundBones=0 reboundMeshes=0 pending=2 restPose=107 quiet=46 latched=0
[HEAD_REBIND] member='player0' targets=18 slots=11 reboundBones=0 reboundMeshes=0 pending=2 restPose=105 quiet=46 latched=0
[HEAD_REBIND] member='player3' targets=18 slots=9 reboundBones=0 reboundMeshes=0 pending=1 restPose=111 quiet=47 latched=0
[HEAD_REBIND] member='player1' targets=19 slots=59 reboundBones=0 reboundMeshes=0 pending=3 restPose=111 quiet=47 latched=0
[HEAD_REBIND] member='player2' targets=17 slots=7 reboundBones=0 reboundMeshes=0 pending=2 restPose=107 quiet=47 latched=0
[HEAD_REBIND] member='player0' targets=18 slots=11 reboundBones=0 reboundMeshes=0 pending=2 restPose=105 quiet=47 latched=0
[HEAD_REBIND] member='player3' targets=18 slots=9 reboundBones=0 reboundMeshes=0 pending=1 restPose=111 quiet=48 latched=0
[HEAD_REBIND] member='player1' targets=19 slots=59 reboundBones=0 reboundMeshes=0 pending=3 restPose=111 quiet=48 latched=0
[HEAD_REBIND] member='player2' targets=17 slots=7 reboundBones=0 reboundMeshes=0 pending=2 restPose=107 quiet=48 latched=0
[HEAD_REBIND] member='player0' targets=18 slots=11 reboundBones=0 reboundMeshes=0 pending=2 restPose=105 quiet=48 latched=0
[HEAD_REBIND] member='player3' targets=18 slots=9 reboundBones=0 reboundMeshes=0 pending=1 restPose=111 quiet=1 latched=0
[HEAD_REBIND] member='player1' targets=19 slots=59 reboundBones=0 reboundMeshes=0 pending=3 restPose=111 quiet=1 latched=0
[HEAD_REBIND] member='player2' targets=17 slots=7 reboundBones=0 reboundMeshes=0 pending=2 restPose=107 quiet=1 latched=0
[HEAD_REBIND] member='player0' targets=18 slots=11 reboundBones=0 reboundMeshes=0 pending=2 restPose=105 quiet=1 latched=0
[HEAD_REBIND] member='player3' targets=18 slots=9 reboundBones=0 reboundMeshes=0 pending=1 restPose=111 quiet=2 latched=0
[HEAD_REBIND] member='player1' targets=19 slots=59 reboundBones=0 reboundMeshes=0 pending=3 restPose=111 quiet=2 latched=0
[HEAD_REBIND] member='player2' targets=17 slots=7 reboundBones=0 reboundMeshes=0 pending=2 restPose=107 quiet=2 latched=0
[HEAD_REBIND] member='player0' targets=18 slots=11 reboundBones=0 reboundMeshes=0 pending=2 restPose=105 quiet=2 latched=0
[HEAD_REBIND] member='player3' targets=18 slots=9 reboundBones=0 reboundMeshes=0 pending=1 restPose=111 quiet=3 latched=0
[HEAD_REBIND] member='player1' targets=19 slots=59 reboundBones=0 reboundMeshes=0 pending=3 restPose=111 quiet=3 latched=0
[HEAD_REBIND] member='player2' targets=17 slots=7 reboundBones=0 reboundMeshes=0 pending=2 restPose=107 quiet=3 latched=0
[HEAD_REBIND] member='player0' targets=18 slots=11 reboundBones=0 reboundMeshes=0 pending=2 restPose=105 quiet=3 latched=0
[HEAD_REBIND] member='player3' targets=18 slots=9 reboundBones=0 reboundMeshes=0 pending=1 restPose=111 quiet=4 latched=0
[HEAD_REBIND] member='player1' targets=19 slots=59 reboundBones=0 reboundMeshes=0 pending=3 restPose=111 quiet=4 latched=0
[HEAD_REBIND] member='player2' targets=17 slots=7 reboundBones=0 reboundMeshes=0 pending=2 restPose=107 quiet=4 latched=0
[HEAD_REBIND] member='player0' targets=18 slots=11 reboundBones=0 reboundMeshes=0 pending=2 restPose=105 quiet=4 latched=0
[HEAD_REBIND] member='player3' targets=18 slots=9 reboundBones=0 reboundMeshes=0 pending=1 restPose=111 quiet=5 latched=0
[HEAD_REBIND] member='player1' targets=19 slots=59 reboundBones=0 reboundMeshes=0 pending=3 restPose=111 quiet=5 latched=0
[HEAD_REBIND] member='player2' targets=17 slots=7 reboundBones=0 reboundMeshes=0 pending=2 restPose=107 quiet=5 latched=0
[HEAD_REBIND] member='player0' targets=18 slots=11 reboundBones=0 reboundMeshes=0 pending=2 restPose=105 quiet=5 latched=0
[HEAD_REBIND] member='player3' targets=18 slots=9 reboundBones=0 reboundMeshes=0 pending=1 restPose=111 quiet=6 latched=0
[HEAD_REBIND] member='player1' targets=19 slots=59 reboundBones=0 reboundMeshes=0 pending=3 restPose=111 quiet=6 latched=0
[HEAD_REBIND] member='player2' targets=17 slots=7 reboundBones=0 reboundMeshes=0 pending=2 restPose=107 quiet=6 latched=0
[HEAD_REBIND] member='player0' targets=18 slots=11 reboundBones=0 reboundMeshes=0 pending=2 restPose=105 quiet=6 latched=0
[HEAD_REBIND] member='player3' targets=18 slots=9 reboundBones=0 reboundMeshes=0 pending=1 restPose=111 quiet=7 latched=0
[HEAD_REBIND] member='player1' targets=19 slots=59 reboundBones=0 reboundMeshes=0 pending=3 restPose=111 quiet=7 latched=0
[HEAD_REBIND] member='player2' targets=17 slots=7 reboundBones=0 reboundMeshes=0 pending=2 restPose=107 quiet=7 latched=0
[HEAD_REBIND] member='player0' targets=18 slots=11 reboundBones=0 reboundMeshes=0 pending=2 restPose=105 quiet=7 latched=0
[HEAD_REBIND] member='player3' targets=18 slots=9 reboundBones=0 reboundMeshes=0 pending=1 restPose=111 quiet=8 latched=0
[HEAD_REBIND] member='player1' targets=19 slots=59 reboundBones=0 reboundMeshes=0 pending=3 restPose=111 quiet=8 latched=0
[HEAD_REBIND] member='player2' targets=17 slots=7 reboundBones=0 reboundMeshes=0 pending=2 restPose=107 quiet=8 latched=0
[HEAD_REBIND] member='player0' targets=18 slots=11 reboundBones=0 reboundMeshes=0 pending=2 restPose=105 quiet=8 latched=0
[HEAD_REBIND] member='player3' targets=18 slots=9 reboundBones=0 reboundMeshes=0 pending=1 restPose=111 quiet=9 latched=0
[HEAD_REBIND] member='player1' targets=19 slots=59 reboundBones=0 reboundMeshes=0 pending=3 restPose=111 quiet=9 latched=0
[HEAD_REBIND] member='player2' targets=17 slots=7 reboundBones=0 reboundMeshes=0 pending=2 restPose=107 quiet=9 latched=0
[HEAD_REBIND] member='player0' targets=18 slots=11 reboundBones=0 reboundMeshes=0 pending=2 restPose=105 quiet=9 latched=0
[HEAD_REBIND] member='player3' targets=18 slots=9 reboundBones=0 reboundMeshes=0 pending=1 restPose=111 quiet=10 latched=0
[HEAD_REBIND] member='player1' targets=19 slots=59 reboundBones=0 reboundMeshes=0 pending=3 restPose=111 quiet=10 latched=0
[HEAD_REBIND] member='player2' targets=17 slots=7 reboundBones=0 reboundMeshes=0 pending=2 restPose=107 quiet=10 latched=0
[HEAD_REBIND] member='player0' targets=18 slots=11 reboundBones=0 reboundMeshes=0 pending=2 restPose=105 quiet=10 latched=0
[HEAD_REBIND] member='player3' targets=18 slots=9 reboundBones=0 reboundMeshes=0 pending=1 restPose=111 quiet=11 latched=0
[HEAD_REBIND] member='player1' targets=19 slots=59 reboundBones=0 reboundMeshes=0 pending=3 restPose=111 quiet=11 latched=0
[HEAD_REBIND] member='player2' targets=17 slots=7 reboundBones=0 reboundMeshes=0 pending=2 restPose=107 quiet=11 latched=0
[HEAD_REBIND] member='player0' targets=18 slots=11 reboundBones=0 reboundMeshes=0 pending=2 restPose=105 quiet=11 latched=0
[HEAD_REBIND] member='player3' targets=18 slots=9 reboundBones=0 reboundMeshes=0 pending=1 restPose=111 quiet=12 latched=0
[HEAD_REBIND] member='player1' targets=19 slots=59 reboundBones=0 reboundMeshes=0 pending=3 restPose=111 quiet=12 latched=0
[HEAD_REBIND] member='player2' targets=17 slots=7 reboundBones=0 reboundMeshes=0 pending=2 restPose=107 quiet=12 latched=0
[HEAD_REBIND] member='player0' targets=18 slots=11 reboundBones=0 reboundMeshes=0 pending=2 restPose=105 quiet=12 latched=0
[HEAD_REBIND] member='player3' targets=18 slots=9 reboundBones=0 reboundMeshes=0 pending=1 restPose=111 quiet=13 latched=0
[HEAD_REBIND] member='player1' targets=19 slots=59 reboundBones=0 reboundMeshes=0 pending=3 restPose=111 quiet=13 latched=0
[HEAD_REBIND] member='player2' targets=17 slots=7 reboundBones=0 reboundMeshes=0 pending=2 restPose=107 quiet=13 latched=0
[HEAD_REBIND] member='player0' targets=18 slots=11 reboundBones=0 reboundMeshes=0 pending=2 restPose=105 quiet=13 latched=0
[HEAD_REBIND] member='player3' targets=18 slots=9 reboundBones=0 reboundMeshes=0 pending=1 restPose=111 quiet=14 latched=0
[HEAD_REBIND] member='player1' targets=19 slots=59 reboundBones=0 reboundMeshes=0 pending=3 restPose=111 quiet=14 latched=0
[HEAD_REBIND] member='player2' targets=17 slots=7 reboundBones=0 reboundMeshes=0 pending=2 restPose=107 quiet=14 latched=0
[HEAD_REBIND] member='player0' targets=18 slots=11 reboundBones=0 reboundMeshes=0 pending=2 restPose=105 quiet=14 latched=0
[HEAD_REBIND] member='player3' targets=18 slots=9 reboundBones=0 reboundMeshes=0 pending=1 restPose=111 quiet=15 latched=0
[HEAD_REBIND] member='player1' targets=19 slots=59 reboundBones=0 reboundMeshes=0 pending=3 restPose=111 quiet=15 latched=0
[HEAD_REBIND] member='player2' targets=17 slots=7 reboundBones=0 reboundMeshes=0 pending=2 restPose=107 quiet=15 latched=0
[HEAD_REBIND] member='player0' targets=18 slots=11 reboundBones=0 reboundMeshes=0 pending=2 restPose=105 quiet=15 latched=0
[HEAD_REBIND] member='player3' targets=18 slots=9 reboundBones=0 reboundMeshes=0 pending=1 restPose=111 quiet=16 latched=0
[HEAD_REBIND] member='player1' targets=19 slots=59 reboundBones=0 reboundMeshes=0 pending=3 restPose=111 quiet=16 latched=0
[HEAD_REBIND] member='player2' targets=17 slots=7 reboundBones=0 reboundMeshes=0 pending=2 restPose=107 quiet=16 latched=0
[HEAD_REBIND] member='player0' targets=18 slots=11 reboundBones=0 reboundMeshes=0 pending=2 restPose=105 quiet=16 latched=0
[HEAD_REBIND] member='player3' targets=18 slots=9 reboundBones=0 reboundMeshes=0 pending=1 restPose=111 quiet=17 latched=0
[HEAD_REBIND] member='player1' targets=19 slots=59 reboundBones=0 reboundMeshes=0 pending=3 restPose=111 quiet=17 latched=0
[HEAD_REBIND] member='player2' targets=17 slots=7 reboundBones=0 reboundMeshes=0 pending=2 restPose=107 quiet=17 latched=0
[HEAD_REBIND] member='player0' targets=18 slots=11 reboundBones=0 reboundMeshes=0 pending=2 restPose=105 quiet=17 latched=0
[HEAD_REBIND] member='player3' targets=18 slots=9 reboundBones=0 reboundMeshes=0 pending=1 restPose=111 quiet=18 latched=0
[HEAD_REBIND] member='player1' targets=19 slots=59 reboundBones=0 reboundMeshes=0 pending=3 restPose=111 quiet=18 latched=0
[HEAD_REBIND] member='player2' targets=17 slots=7 reboundBones=0 reboundMeshes=0 pending=2 restPose=107 quiet=18 latched=0
[HEAD_REBIND] member='player0' targets=18 slots=11 reboundBones=0 reboundMeshes=0 pending=2 restPose=105 quiet=18 latched=0
[HEAD_REBIND] member='player3' targets=18 slots=9 reboundBones=0 reboundMeshes=0 pending=1 restPose=111 quiet=19 latched=0
[HEAD_REBIND] member='player1' targets=19 slots=59 reboundBones=0 reboundMeshes=0 pending=3 restPose=111 quiet=19 latched=0
[HEAD_REBIND] member='player2' targets=17 slots=7 reboundBones=0 reboundMeshes=0 pending=2 restPose=107 quiet=19 latched=0
[HEAD_REBIND] member='player0' targets=18 slots=11 reboundBones=0 reboundMeshes=0 pending=2 restPose=105 quiet=19 latched=0
[HEAD_REBIND] member='player3' targets=18 slots=9 reboundBones=0 reboundMeshes=0 pending=1 restPose=111 quiet=20 latched=0
[HEAD_REBIND] member='player1' targets=19 slots=59 reboundBones=0 reboundMeshes=0 pending=3 restPose=111 quiet=20 latched=0
[HEAD_REBIND] member='player2' targets=17 slots=7 reboundBones=0 reboundMeshes=0 pending=2 restPose=107 quiet=20 latched=0
[HEAD_REBIND] member='player0' targets=18 slots=11 reboundBones=0 reboundMeshes=0 pending=2 restPose=105 quiet=20 latched=0
[HEAD_REBIND] member='player3' targets=18 slots=9 reboundBones=0 reboundMeshes=0 pending=1 restPose=111 quiet=21 latched=0
[HEAD_REBIND] member='player1' targets=19 slots=59 reboundBones=0 reboundMeshes=0 pending=3 restPose=111 quiet=21 latched=0
[HEAD_REBIND] member='player2' targets=17 slots=7 reboundBones=0 reboundMeshes=0 pending=2 restPose=107 quiet=21 latched=0
[HEAD_REBIND] member='player0' targets=18 slots=11 reboundBones=0 reboundMeshes=0 pending=2 restPose=105 quiet=21 latched=0
[HEAD_REBIND] member='player3' targets=18 slots=9 reboundBones=0 reboundMeshes=0 pending=1 restPose=111 quiet=22 latched=0
[HEAD_REBIND] member='player1' targets=19 slots=59 reboundBones=0 reboundMeshes=0 pending=3 restPose=111 quiet=22 latched=0
[HEAD_REBIND] member='player2' targets=17 slots=7 reboundBones=0 reboundMeshes=0 pending=2 restPose=107 quiet=22 latched=0
[HEAD_REBIND] member='player0' targets=18 slots=11 reboundBones=0 reboundMeshes=0 pending=2 restPose=105 quiet=22 latched=0
[HEAD_REBIND] member='player3' targets=18 slots=9 reboundBones=0 reboundMeshes=0 pending=1 restPose=111 quiet=23 latched=0
[HEAD_REBIND] member='player1' targets=19 slots=59 reboundBones=0 reboundMeshes=0 pending=3 restPose=111 quiet=23 latched=0
[HEAD_REBIND] member='player2' targets=17 slots=7 reboundBones=0 reboundMeshes=0 pending=2 restPose=107 quiet=23 latched=0
[HEAD_REBIND] member='player0' targets=18 slots=11 reboundBones=0 reboundMeshes=0 pending=2 restPose=105 quiet=23 latched=0
[HEAD_REBIND] member='player3' targets=18 slots=9 reboundBones=0 reboundMeshes=0 pending=1 restPose=111 quiet=24 latched=0
[HEAD_REBIND] member='player1' targets=19 slots=59 reboundBones=0 reboundMeshes=0 pending=3 restPose=111 quiet=24 latched=0
[HEAD_REBIND] member='player2' targets=17 slots=7 reboundBones=0 reboundMeshes=0 pending=2 restPose=107 quiet=24 latched=0
[HEAD_REBIND] member='player0' targets=18 slots=11 reboundBones=0 reboundMeshes=0 pending=2 restPose=105 quiet=24 latched=0
[HEAD_REBIND] member='player3' targets=18 slots=9 reboundBones=0 reboundMeshes=0 pending=1 restPose=111 quiet=25 latched=0
[HEAD_REBIND] member='player1' targets=19 slots=59 reboundBones=0 reboundMeshes=0 pending=3 restPose=111 quiet=25 latched=0
[HEAD_REBIND] member='player2' targets=17 slots=7 reboundBones=0 reboundMeshes=0 pending=2 restPose=107 quiet=25 latched=0
[HEAD_REBIND] member='player0' targets=18 slots=11 reboundBones=0 reboundMeshes=0 pending=2 restPose=105 quiet=25 latched=0
[HEAD_REBIND] member='player3' targets=18 slots=9 reboundBones=0 reboundMeshes=0 pending=1 restPose=111 quiet=26 latched=0
[HEAD_REBIND] member='player1' targets=19 slots=59 reboundBones=0 reboundMeshes=0 pending=3 restPose=111 quiet=26 latched=0
[HEAD_REBIND] member='player2' targets=17 slots=7 reboundBones=0 reboundMeshes=0 pending=2 restPose=107 quiet=26 latched=0
[HEAD_REBIND] member='player0' targets=18 slots=11 reboundBones=0 reboundMeshes=0 pending=2 restPose=105 quiet=26 latched=0
[HEAD_REBIND] member='player3' targets=18 slots=9 reboundBones=0 reboundMeshes=0 pending=1 restPose=111 quiet=27 latched=0
[HEAD_REBIND] member='player1' targets=19 slots=59 reboundBones=0 reboundMeshes=0 pending=3 restPose=111 quiet=27 latched=0
[HEAD_REBIND] member='player2' targets=17 slots=7 reboundBones=0 reboundMeshes=0 pending=2 restPose=107 quiet=27 latched=0
[HEAD_REBIND] member='player0' targets=18 slots=11 reboundBones=0 reboundMeshes=0 pending=2 restPose=105 quiet=27 latched=0
[HEAD_REBIND] member='player3' targets=18 slots=9 reboundBones=0 reboundMeshes=0 pending=1 restPose=111 quiet=28 latched=0
[HEAD_REBIND] member='player1' targets=19 slots=59 reboundBones=0 reboundMeshes=0 pending=3 restPose=111 quiet=28 latched=0
[HEAD_REBIND] member='player2' targets=17 slots=7 reboundBones=0 reboundMeshes=0 pending=2 restPose=107 quiet=28 latched=0
[HEAD_REBIND] member='player0' targets=18 slots=11 reboundBones=0 reboundMeshes=0 pending=2 restPose=105 quiet=28 latched=0
[HEAD_REBIND] member='player3' targets=18 slots=9 reboundBones=0 reboundMeshes=0 pending=1 restPose=111 quiet=29 latched=0
[HEAD_REBIND] member='player1' targets=19 slots=59 reboundBones=0 reboundMeshes=0 pending=3 restPose=111 quiet=29 latched=0
[HEAD_REBIND] member='player2' targets=17 slots=7 reboundBones=0 reboundMeshes=0 pending=2 restPose=107 quiet=29 latched=0
[HEAD_REBIND] member='player0' targets=18 slots=11 reboundBones=0 reboundMeshes=0 pending=2 restPose=105 quiet=29 latched=0
[HEAD_REBIND] member='player3' targets=18 slots=9 reboundBones=0 reboundMeshes=0 pending=1 restPose=111 quiet=30 latched=0
[HEAD_REBIND] member='player1' targets=19 slots=59 reboundBones=0 reboundMeshes=0 pending=3 restPose=111 quiet=30 latched=0
[HEAD_REBIND] member='player2' targets=17 slots=7 reboundBones=0 reboundMeshes=0 pending=2 restPose=107 quiet=30 latched=0
[HEAD_REBIND] member='player0' targets=18 slots=11 reboundBones=0 reboundMeshes=0 pending=2 restPose=105 quiet=30 latched=0
[HEAD_REBIND] member='player3' targets=18 slots=9 reboundBones=0 reboundMeshes=0 pending=1 restPose=111 quiet=31 latched=0
[HEAD_REBIND] member='player1' targets=19 slots=59 reboundBones=0 reboundMeshes=0 pending=3 restPose=111 quiet=31 latched=0
[HEAD_REBIND] member='player2' targets=17 slots=7 reboundBones=0 reboundMeshes=0 pending=2 restPose=107 quiet=31 latched=0
[HEAD_REBIND] member='player0' targets=18 slots=11 reboundBones=0 reboundMeshes=0 pending=2 restPose=105 quiet=31 latched=0
[HEAD_REBIND] member='player3' targets=18 slots=9 reboundBones=0 reboundMeshes=0 pending=1 restPose=111 quiet=32 latched=0
[HEAD_REBIND] member='player1' targets=19 slots=59 reboundBones=0 reboundMeshes=0 pending=3 restPose=111 quiet=32 latched=0
[HEAD_REBIND] member='player2' targets=17 slots=7 reboundBones=0 reboundMeshes=0 pending=2 restPose=107 quiet=32 latched=0
[HEAD_REBIND] member='player0' targets=18 slots=11 reboundBones=0 reboundMeshes=0 pending=2 restPose=105 quiet=32 latched=0
[HEAD_REBIND] member='player3' targets=18 slots=9 reboundBones=0 reboundMeshes=0 pending=1 restPose=111 quiet=33 latched=0
[HEAD_REBIND] member='player1' targets=19 slots=59 reboundBones=0 reboundMeshes=0 pending=3 restPose=111 quiet=33 latched=0
[HEAD_REBIND] member='player2' targets=17 slots=7 reboundBones=0 reboundMeshes=0 pending=2 restPose=107 quiet=33 latched=0
[HEAD_REBIND] member='player0' targets=18 slots=11 reboundBones=0 reboundMeshes=0 pending=2 restPose=105 quiet=33 latched=0
[HEAD_REBIND] member='player3' targets=18 slots=9 reboundBones=0 reboundMeshes=0 pending=1 restPose=111 quiet=34 latched=0
[HEAD_REBIND] member='player1' targets=19 slots=59 reboundBones=0 reboundMeshes=0 pending=3 restPose=111 quiet=34 latched=0
[HEAD_REBIND] member='player2' targets=17 slots=7 reboundBones=0 reboundMeshes=0 pending=2 restPose=107 quiet=34 latched=0
[HEAD_REBIND] member='player0' targets=18 slots=11 reboundBones=0 reboundMeshes=0 pending=2 restPose=105 quiet=34 latched=0
[HEAD_REBIND] member='player3' targets=18 slots=9 reboundBones=0 reboundMeshes=0 pending=1 restPose=111 quiet=35 latched=0
[HEAD_REBIND] member='player1' targets=19 slots=59 reboundBones=0 reboundMeshes=0 pending=3 restPose=111 quiet=35 latched=0
[HEAD_REBIND] member='player2' targets=17 slots=7 reboundBones=0 reboundMeshes=0 pending=2 restPose=107 quiet=35 latched=0
[HEAD_REBIND] member='player0' targets=18 slots=11 reboundBones=0 reboundMeshes=0 pending=2 restPose=105 quiet=35 latched=0
[HEAD_REBIND] member='player3' targets=18 slots=9 reboundBones=0 reboundMeshes=0 pending=1 restPose=111 quiet=36 latched=0
[HEAD_REBIND] member='player1' targets=19 slots=59 reboundBones=0 reboundMeshes=0 pending=3 restPose=111 quiet=36 latched=0
[HEAD_REBIND] member='player2' targets=17 slots=7 reboundBones=0 reboundMeshes=0 pending=2 restPose=107 quiet=36 latched=0
[HEAD_REBIND] member='player0' targets=18 slots=11 reboundBones=0 reboundMeshes=0 pending=2 restPose=105 quiet=36 latched=0
[HEAD_REBIND] member='player3' targets=18 slots=9 reboundBones=0 reboundMeshes=0 pending=1 restPose=111 quiet=37 latched=0
[HEAD_REBIND] member='player1' targets=19 slots=59 reboundBones=0 reboundMeshes=0 pending=3 restPose=111 quiet=37 latched=0
[HEAD_REBIND] member='player2' targets=17 slots=7 reboundBones=0 reboundMeshes=0 pending=2 restPose=107 quiet=37 latched=0
[HEAD_REBIND] member='player0' targets=18 slots=11 reboundBones=0 reboundMeshes=0 pending=2 restPose=105 quiet=37 latched=0
[HEAD_REBIND] member='player3' targets=18 slots=9 reboundBones=0 reboundMeshes=0 pending=1 restPose=111 quiet=38 latched=0
[HEAD_REBIND] member='player1' targets=19 slots=59 reboundBones=0 reboundMeshes=0 pending=3 restPose=111 quiet=38 latched=0
[HEAD_REBIND] member='player2' targets=17 slots=7 reboundBones=0 reboundMeshes=0 pending=2 restPose=107 quiet=38 latched=0
[HEAD_REBIND] member='player0' targets=18 slots=11 reboundBones=0 reboundMeshes=0 pending=2 restPose=105 quiet=38 latched=0
[HEAD_REBIND] member='player3' targets=18 slots=9 reboundBones=0 reboundMeshes=0 pending=1 restPose=111 quiet=39 latched=0
[HEAD_REBIND] member='player1' targets=19 slots=59 reboundBones=0 reboundMeshes=0 pending=3 restPose=111 quiet=39 latched=0
[HEAD_REBIND] member='player2' targets=17 slots=7 reboundBones=0 reboundMeshes=0 pending=2 restPose=107 quiet=39 latched=0
[HEAD_REBIND] member='player0' targets=18 slots=11 reboundBones=0 reboundMeshes=0 pending=2 restPose=105 quiet=39 latched=0
[HEAD_REBIND] member='player3' targets=18 slots=9 reboundBones=0 reboundMeshes=0 pending=1 restPose=111 quiet=40 latched=0
[HEAD_REBIND] member='player1' targets=19 slots=59 reboundBones=0 reboundMeshes=0 pending=3 restPose=111 quiet=40 latched=0
[HEAD_REBIND] member='player2' targets=17 slots=7 reboundBones=0 reboundMeshes=0 pending=2 restPose=107 quiet=40 latched=0
[HEAD_REBIND] member='player0' targets=18 slots=11 reboundBones=0 reboundMeshes=0 pending=2 restPose=105 quiet=40 latched=0
[HEAD_REBIND] member='player3' targets=18 slots=9 reboundBones=0 reboundMeshes=0 pending=1 restPose=111 quiet=41 latched=0
[HEAD_REBIND] member='player1' targets=19 slots=59 reboundBones=0 reboundMeshes=0 pending=3 restPose=111 quiet=41 latched=0
[HEAD_REBIND] member='player2' targets=17 slots=7 reboundBones=0 reboundMeshes=0 pending=2 restPose=107 quiet=41 latched=0
[HEAD_REBIND] member='player0' targets=18 slots=11 reboundBones=0 reboundMeshes=0 pending=2 restPose=105 quiet=41 latched=0
[HEAD_REBIND] member='player3' targets=18 slots=9 reboundBones=0 reboundMeshes=0 pending=1 restPose=111 quiet=42 latched=0
[HEAD_REBIND] member='player1' targets=19 slots=59 reboundBones=0 reboundMeshes=0 pending=3 restPose=111 quiet=42 latched=0
[HEAD_REBIND] member='player2' targets=17 slots=7 reboundBones=0 reboundMeshes=0 pending=2 restPose=107 quiet=42 latched=0
[HEAD_REBIND] member='player0' targets=18 slots=11 reboundBones=0 reboundMeshes=0 pending=2 restPose=105 quiet=42 latched=0
[HEAD_REBIND] member='player3' targets=18 slots=9 reboundBones=0 reboundMeshes=0 pending=1 restPose=111 quiet=43 latched=0
[HEAD_REBIND] member='player1' targets=19 slots=59 reboundBones=0 reboundMeshes=0 pending=3 restPose=111 quiet=43 latched=0
[HEAD_REBIND] member='player2' targets=17 slots=7 reboundBones=0 reboundMeshes=0 pending=2 restPose=107 quiet=43 latched=0
[HEAD_REBIND] member='player0' targets=18 slots=11 reboundBones=0 reboundMeshes=0 pending=2 restPose=105 quiet=43 latched=0
[HEAD_REBIND] member='player3' targets=18 slots=9 reboundBones=0 reboundMeshes=0 pending=1 restPose=111 quiet=44 latched=0
[HEAD_REBIND] member='player1' targets=19 slots=59 reboundBones=0 reboundMeshes=0 pending=3 restPose=111 quiet=44 latched=0
[HEAD_REBIND] member='player2' targets=17 slots=7 reboundBones=0 reboundMeshes=0 pending=2 restPose=107 quiet=44 latched=0
[HEAD_REBIND] member='player0' targets=18 slots=11 reboundBones=0 reboundMeshes=0 pending=2 restPose=105 quiet=44 latched=0
[HEAD_REBIND] member='player3' targets=18 slots=9 reboundBones=0 reboundMeshes=0 pending=1 restPose=111 quiet=45 latched=0
[HEAD_REBIND] member='player1' targets=19 slots=59 reboundBones=0 reboundMeshes=0 pending=3 restPose=111 quiet=45 latched=0
[HEAD_REBIND] member='player2' targets=17 slots=7 reboundBones=0 reboundMeshes=0 pending=2 restPose=107 quiet=45 latched=0
[HEAD_REBIND] member='player0' targets=18 slots=11 reboundBones=0 reboundMeshes=0 pending=2 restPose=105 quiet=45 latched=0
[HEAD_REBIND] member='player3' targets=18 slots=9 reboundBones=0 reboundMeshes=0 pending=1 restPose=111 quiet=46 latched=0
[HEAD_REBIND] member='player1' targets=19 slots=59 reboundBones=0 reboundMeshes=0 pending=3 restPose=111 quiet=46 latched=0
[HEAD_REBIND] member='player2' targets=17 slots=7 reboundBones=0 reboundMeshes=0 pending=2 restPose=107 quiet=46 latched=0
[HEAD_REBIND] member='player0' targets=18 slots=11 reboundBones=0 reboundMeshes=0 pending=2 restPose=105 quiet=46 latched=0
[HEAD_REBIND] member='player3' targets=18 slots=9 reboundBones=0 reboundMeshes=0 pending=1 restPose=111 quiet=47 latched=0
[HEAD_REBIND] member='player1' targets=19 slots=59 reboundBones=0 reboundMeshes=0 pending=3 restPose=111 quiet=47 latched=0
[HEAD_REBIND] member='player2' targets=17 slots=7 reboundBones=0 reboundMeshes=0 pending=2 restPose=107 quiet=47 latched=0
[HEAD_REBIND] member='player0' targets=18 slots=11 reboundBones=0 reboundMeshes=0 pending=2 restPose=105 quiet=47 latched=0
[HEAD_REBIND] member='player3' targets=18 slots=9 reboundBones=0 reboundMeshes=0 pending=1 restPose=111 quiet=48 latched=0
[HEAD_REBIND] member='player1' targets=19 slots=59 reboundBones=0 reboundMeshes=0 pending=3 restPose=111 quiet=48 latched=0
[HEAD_REBIND] member='player2' targets=17 slots=7 reboundBones=0 reboundMeshes=0 pending=2 restPose=107 quiet=48 latched=0
[HEAD_REBIND] member='player0' targets=18 slots=11 reboundBones=0 reboundMeshes=0 pending=2 restPose=105 quiet=48 latched=0
[HEAD_REBIND] member='player3' targets=18 slots=9 reboundBones=0 reboundMeshes=0 pending=1 restPose=111 quiet=49 latched=0
[HEAD_REBIND] member='player1' targets=19 slots=59 reboundBones=0 reboundMeshes=0 pending=3 restPose=111 quiet=49 latched=0
[HEAD_REBIND] member='player2' targets=17 slots=7 reboundBones=0 reboundMeshes=0 pending=2 restPose=107 quiet=49 latched=0
[HEAD_REBIND] member='player0' targets=18 slots=11 reboundBones=0 reboundMeshes=0 pending=2 restPose=105 quiet=49 latched=0
[HEAD_REBIND] member='player3' targets=18 slots=9 reboundBones=0 reboundMeshes=0 pending=1 restPose=111 quiet=50 latched=0
[HEAD_REBIND] member='player1' targets=19 slots=59 reboundBones=0 reboundMeshes=0 pending=3 restPose=111 quiet=50 latched=0
[HEAD_REBIND] member='player2' targets=17 slots=7 reboundBones=0 reboundMeshes=0 pending=2 restPose=107 quiet=50 latched=0
[HEAD_REBIND] member='player0' targets=18 slots=11 reboundBones=0 reboundMeshes=0 pending=2 restPose=105 quiet=50 latched=0
[HEAD_REBIND] member='player3' targets=18 slots=9 reboundBones=0 reboundMeshes=0 pending=1 restPose=111 quiet=51 latched=0
[HEAD_REBIND] member='player1' targets=19 slots=59 reboundBones=0 reboundMeshes=0 pending=3 restPose=111 quiet=51 latched=0
[HEAD_REBIND] member='player2' targets=17 slots=7 reboundBones=0 reboundMeshes=0 pending=2 restPose=107 quiet=51 latched=0
[HEAD_REBIND] member='player0' targets=18 slots=11 reboundBones=0 reboundMeshes=0 pending=2 restPose=105 quiet=51 latched=0
[HEAD_REBIND] member='player3' targets=18 slots=9 reboundBones=0 reboundMeshes=0 pending=1 restPose=111 quiet=52 latched=0
[HEAD_REBIND] member='player1' targets=19 slots=59 reboundBones=0 reboundMeshes=0 pending=3 restPose=111 quiet=52 latched=0
[HEAD_REBIND] member='player2' targets=17 slots=7 reboundBones=0 reboundMeshes=0 pending=2 restPose=107 quiet=52 latched=0
[HEAD_REBIND] member='player0' targets=18 slots=11 reboundBones=0 reboundMeshes=0 pending=2 restPose=105 quiet=52 latched=0
[HEAD_REBIND] member='player3' targets=18 slots=9 reboundBones=0 reboundMeshes=0 pending=1 restPose=111 quiet=53 latched=0
[HEAD_REBIND] member='player1' targets=19 slots=59 reboundBones=0 reboundMeshes=0 pending=3 restPose=111 quiet=53 latched=0
[HEAD_REBIND] member='player2' targets=17 slots=7 reboundBones=0 reboundMeshes=0 pending=2 restPose=107 quiet=53 latched=0
[HEAD_REBIND] member='player0' targets=18 slots=11 reboundBones=0 reboundMeshes=0 pending=2 restPose=105 quiet=53 latched=0
[HEAD_REBIND] member='player3' targets=18 slots=9 reboundBones=0 reboundMeshes=0 pending=1 restPose=111 quiet=54 latched=0
[HEAD_REBIND] member='player1' targets=19 slots=59 reboundBones=0 reboundMeshes=0 pending=3 restPose=111 quiet=54 latched=0
[HEAD_REBIND] member='player2' targets=17 slots=7 reboundBones=0 reboundMeshes=0 pending=2 restPose=107 quiet=54 latched=0
[HEAD_REBIND] member='player0' targets=18 slots=11 reboundBones=0 reboundMeshes=0 pending=2 restPose=105 quiet=54 latched=0
[HEAD_REBIND] member='player3' targets=18 slots=9 reboundBones=0 reboundMeshes=0 pending=1 restPose=111 quiet=55 latched=0
[HEAD_REBIND] member='player1' targets=19 slots=59 reboundBones=0 reboundMeshes=0 pending=3 restPose=111 quiet=55 latched=0
[HEAD_REBIND] member='player2' targets=17 slots=7 reboundBones=0 reboundMeshes=0 pending=2 restPose=107 quiet=55 latched=0
[HEAD_REBIND] member='player0' targets=18 slots=11 reboundBones=0 reboundMeshes=0 pending=2 restPose=105 quiet=55 latched=0
[HEAD_REBIND] member='player3' targets=18 slots=9 reboundBones=0 reboundMeshes=0 pending=1 restPose=111 quiet=56 latched=0
[HEAD_REBIND] member='player1' targets=19 slots=59 reboundBones=0 reboundMeshes=0 pending=3 restPose=111 quiet=56 latched=0
[HEAD_REBIND] member='player2' targets=17 slots=7 reboundBones=0 reboundMeshes=0 pending=2 restPose=107 quiet=56 latched=0
[HEAD_REBIND] member='player0' targets=18 slots=11 reboundBones=0 reboundMeshes=0 pending=2 restPose=105 quiet=56 latched=0
[HEAD_REBIND] member='player3' targets=18 slots=9 reboundBones=0 reboundMeshes=0 pending=1 restPose=111 quiet=57 latched=0
[HEAD_REBIND] member='player1' targets=19 slots=59 reboundBones=0 reboundMeshes=0 pending=3 restPose=111 quiet=57 latched=0
[HEAD_REBIND] member='player2' targets=17 slots=7 reboundBones=0 reboundMeshes=0 pending=2 restPose=107 quiet=57 latched=0
[HEAD_REBIND] member='player0' targets=18 slots=11 reboundBones=0 reboundMeshes=0 pending=2 restPose=105 quiet=57 latched=0
[HEAD_REBIND] member='player3' targets=18 slots=9 reboundBones=0 reboundMeshes=0 pending=1 restPose=111 quiet=58 latched=0
[HEAD_REBIND] member='player1' targets=19 slots=59 reboundBones=0 reboundMeshes=0 pending=3 restPose=111 quiet=58 latched=0
[HEAD_REBIND] member='player2' targets=17 slots=7 reboundBones=0 reboundMeshes=0 pending=2 restPose=107 quiet=58 latched=0
[HEAD_REBIND] member='player0' targets=18 slots=11 reboundBones=0 reboundMeshes=0 pending=2 restPose=105 quiet=58 latched=0
[HEAD_REBIND] member='player3' targets=18 slots=9 reboundBones=0 reboundMeshes=0 pending=1 restPose=111 quiet=59 latched=0
[HEAD_REBIND] member='player1' targets=19 slots=59 reboundBones=0 reboundMeshes=0 pending=3 restPose=111 quiet=59 latched=0
[HEAD_REBIND] member='player2' targets=17 slots=7 reboundBones=0 reboundMeshes=0 pending=2 restPose=107 quiet=59 latched=0
[HEAD_REBIND] member='player0' targets=18 slots=11 reboundBones=0 reboundMeshes=0 pending=2 restPose=105 quiet=59 latched=0
[HEAD_REBIND] member='player3' targets=18 slots=9 reboundBones=0 reboundMeshes=0 pending=1 restPose=111 quiet=60 latched=0
[HEAD_REBIND] member='player1' targets=19 slots=59 reboundBones=0 reboundMeshes=0 pending=3 restPose=111 quiet=60 latched=0
[HEAD_REBIND] member='player2' targets=17 slots=7 reboundBones=0 reboundMeshes=0 pending=2 restPose=107 quiet=60 latched=0
[HEAD_REBIND] member='player0' targets=18 slots=11 reboundBones=0 reboundMeshes=0 pending=2 restPose=105 quiet=60 latched=0
[HEAD_REBIND] member='player3' targets=18 slots=9 reboundBones=0 reboundMeshes=0 pending=1 restPose=111 quiet=61 latched=0
[HEAD_REBIND] member='player1' targets=19 slots=59 reboundBones=0 reboundMeshes=0 pending=3 restPose=111 quiet=61 latched=0
[HEAD_REBIND] member='player2' targets=17 slots=7 reboundBones=0 reboundMeshes=0 pending=2 restPose=107 quiet=61 latched=0
[HEAD_REBIND] member='player0' targets=18 slots=11 reboundBones=0 reboundMeshes=0 pending=2 restPose=105 quiet=61 latched=0
[HEAD_REBIND] member='player3' targets=18 slots=9 reboundBones=0 reboundMeshes=0 pending=1 restPose=111 quiet=62 latched=0
[HEAD_REBIND] member='player1' targets=19 slots=59 reboundBones=0 reboundMeshes=0 pending=3 restPose=111 quiet=62 latched=0
[HEAD_REBIND] member='player2' targets=17 slots=7 reboundBones=0 reboundMeshes=0 pending=2 restPose=107 quiet=62 latched=0
[HEAD_REBIND] member='player0' targets=18 slots=11 reboundBones=0 reboundMeshes=0 pending=2 restPose=105 quiet=62 latched=0
[HEAD_REBIND] member='player3' targets=18 slots=9 reboundBones=0 reboundMeshes=0 pending=1 restPose=111 quiet=63 latched=0
[HEAD_REBIND] member='player1' targets=19 slots=59 reboundBones=0 reboundMeshes=0 pending=3 restPose=111 quiet=63 latched=0
[HEAD_REBIND] member='player2' targets=17 slots=7 reboundBones=0 reboundMeshes=0 pending=2 restPose=107 quiet=63 latched=0
[HEAD_REBIND] member='player0' targets=18 slots=11 reboundBones=0 reboundMeshes=0 pending=2 restPose=105 quiet=63 latched=0
[HEAD_REBIND] member='player3' targets=18 slots=9 reboundBones=0 reboundMeshes=0 pending=1 restPose=111 quiet=64 latched=0
[HEAD_REBIND] member='player1' targets=19 slots=59 reboundBones=0 reboundMeshes=0 pending=3 restPose=111 quiet=64 latched=0
[HEAD_REBIND] member='player2' targets=17 slots=7 reboundBones=0 reboundMeshes=0 pending=2 restPose=107 quiet=64 latched=0
[HEAD_REBIND] member='player0' targets=18 slots=11 reboundBones=0 reboundMeshes=0 pending=2 restPose=105 quiet=64 latched=0
[HEAD_REBIND] member='player3' targets=18 slots=9 reboundBones=0 reboundMeshes=0 pending=1 restPose=111 quiet=65 latched=0
[HEAD_REBIND] member='player1' targets=19 slots=59 reboundBones=0 reboundMeshes=0 pending=3 restPose=111 quiet=65 latched=0
[HEAD_REBIND] member='player2' targets=17 slots=7 reboundBones=0 reboundMeshes=0 pending=2 restPose=107 quiet=65 latched=0
[HEAD_REBIND] member='player0' targets=18 slots=11 reboundBones=0 reboundMeshes=0 pending=2 restPose=105 quiet=65 latched=0
[HEAD_REBIND] member='player3' targets=18 slots=9 reboundBones=0 reboundMeshes=0 pending=1 restPose=111 quiet=66 latched=0
[HEAD_REBIND] member='player1' targets=19 slots=59 reboundBones=0 reboundMeshes=0 pending=3 restPose=111 quiet=66 latched=0
[HEAD_REBIND] member='player2' targets=17 slots=7 reboundBones=0 reboundMeshes=0 pending=2 restPose=107 quiet=66 latched=0
[HEAD_REBIND] member='player0' targets=18 slots=11 reboundBones=0 reboundMeshes=0 pending=2 restPose=105 quiet=66 latched=0
[HEAD_REBIND] member='player3' targets=18 slots=9 reboundBones=0 reboundMeshes=0 pending=1 restPose=111 quiet=67 latched=0
[HEAD_REBIND] member='player1' targets=19 slots=59 reboundBones=0 reboundMeshes=0 pending=3 restPose=111 quiet=67 latched=0
[HEAD_REBIND] member='player2' targets=17 slots=7 reboundBones=0 reboundMeshes=0 pending=2 restPose=107 quiet=67 latched=0
[HEAD_REBIND] member='player0' targets=18 slots=11 reboundBones=0 reboundMeshes=0 pending=2 restPose=105 quiet=67 latched=0
[HEAD_REBIND] member='player3' targets=18 slots=9 reboundBones=0 reboundMeshes=0 pending=1 restPose=111 quiet=68 latched=0
[HEAD_REBIND] member='player1' targets=19 slots=59 reboundBones=0 reboundMeshes=0 pending=3 restPose=111 quiet=68 latched=0
[HEAD_REBIND] member='player2' targets=17 slots=7 reboundBones=0 reboundMeshes=0 pending=2 restPose=107 quiet=68 latched=0
[HEAD_REBIND] member='player0' targets=18 slots=11 reboundBones=0 reboundMeshes=0 pending=2 restPose=105 quiet=68 latched=0
[HEAD_REBIND] member='player3' targets=18 slots=9 reboundBones=0 reboundMeshes=0 pending=1 restPose=111 quiet=69 latched=0
[HEAD_REBIND] member='player1' targets=19 slots=59 reboundBones=0 reboundMeshes=0 pending=3 restPose=111 quiet=69 latched=0
[HEAD_REBIND] member='player2' targets=17 slots=7 reboundBones=0 reboundMeshes=0 pending=2 restPose=107 quiet=69 latched=0
[HEAD_REBIND] member='player0' targets=18 slots=11 reboundBones=0 reboundMeshes=0 pending=2 restPose=105 quiet=69 latched=0
[HEAD_REBIND] member='player3' targets=18 slots=9 reboundBones=0 reboundMeshes=0 pending=1 restPose=111 quiet=70 latched=0
[HEAD_REBIND] member='player1' targets=19 slots=59 reboundBones=0 reboundMeshes=0 pending=3 restPose=111 quiet=70 latched=0
[HEAD_REBIND] member='player2' targets=17 slots=7 reboundBones=0 reboundMeshes=0 pending=2 restPose=107 quiet=70 latched=0
[HEAD_REBIND] member='player0' targets=18 slots=11 reboundBones=0 reboundMeshes=0 pending=2 restPose=105 quiet=70 latched=0
[HEAD_REBIND] member='player3' targets=18 slots=9 reboundBones=0 reboundMeshes=0 pending=1 restPose=111 quiet=71 latched=0
[HEAD_REBIND] member='player1' targets=19 slots=59 reboundBones=0 reboundMeshes=0 pending=3 restPose=111 quiet=71 latched=0
[HEAD_REBIND] member='player2' targets=17 slots=7 reboundBones=0 reboundMeshes=0 pending=2 restPose=107 quiet=71 latched=0
[HEAD_REBIND] member='player0' targets=18 slots=11 reboundBones=0 reboundMeshes=0 pending=2 restPose=105 quiet=71 latched=0
[HEAD_REBIND] member='player3' targets=18 slots=9 reboundBones=0 reboundMeshes=0 pending=1 restPose=111 quiet=72 latched=0
[HEAD_REBIND] member='player1' targets=19 slots=59 reboundBones=0 reboundMeshes=0 pending=3 restPose=111 quiet=72 latched=0
[HEAD_REBIND] member='player2' targets=17 slots=7 reboundBones=0 reboundMeshes=0 pending=2 restPose=107 quiet=72 latched=0
[HEAD_REBIND] member='player0' targets=18 slots=11 reboundBones=0 reboundMeshes=0 pending=2 restPose=105 quiet=72 latched=0
[HEAD_REBIND] member='player3' targets=18 slots=9 reboundBones=0 reboundMeshes=0 pending=1 restPose=111 quiet=73 latched=0
[HEAD_REBIND] member='player1' targets=19 slots=59 reboundBones=0 reboundMeshes=0 pending=3 restPose=111 quiet=73 latched=0
[HEAD_REBIND] member='player2' targets=17 slots=7 reboundBones=0 reboundMeshes=0 pending=2 restPose=107 quiet=73 latched=0
[HEAD_REBIND] member='player0' targets=18 slots=11 reboundBones=0 reboundMeshes=0 pending=2 restPose=105 quiet=73 latched=0
[HEAD_REBIND] member='player3' targets=18 slots=9 reboundBones=0 reboundMeshes=0 pending=1 restPose=111 quiet=74 latched=0
[HEAD_REBIND] member='player1' targets=19 slots=59 reboundBones=0 reboundMeshes=0 pending=3 restPose=111 quiet=74 latched=0
[HEAD_REBIND] member='player2' targets=17 slots=7 reboundBones=0 reboundMeshes=0 pending=2 restPose=107 quiet=74 latched=0
[HEAD_REBIND] member='player0' targets=18 slots=11 reboundBones=0 reboundMeshes=0 pending=2 restPose=105 quiet=74 latched=0
[HEAD_REBIND] member='player3' targets=18 slots=9 reboundBones=0 reboundMeshes=0 pending=1 restPose=111 quiet=75 latched=0
[HEAD_REBIND] member='player1' targets=19 slots=59 reboundBones=0 reboundMeshes=0 pending=3 restPose=111 quiet=75 latched=0
[HEAD_REBIND] member='player2' targets=17 slots=7 reboundBones=0 reboundMeshes=0 pending=2 restPose=107 quiet=75 latched=0
[HEAD_REBIND] member='player0' targets=18 slots=11 reboundBones=0 reboundMeshes=0 pending=2 restPose=105 quiet=75 latched=0
[HEAD_REBIND] member='player3' targets=18 slots=9 reboundBones=0 reboundMeshes=0 pending=1 restPose=111 quiet=76 latched=0
[HEAD_REBIND] member='player1' targets=19 slots=59 reboundBones=0 reboundMeshes=0 pending=3 restPose=111 quiet=76 latched=0
[HEAD_REBIND] member='player2' targets=17 slots=7 reboundBones=0 reboundMeshes=0 pending=2 restPose=107 quiet=76 latched=0
[HEAD_REBIND] member='player0' targets=18 slots=11 reboundBones=0 reboundMeshes=0 pending=2 restPose=105 quiet=76 latched=0
[HEAD_REBIND] member='player3' targets=18 slots=9 reboundBones=0 reboundMeshes=0 pending=1 restPose=111 quiet=77 latched=0
[HEAD_REBIND] member='player1' targets=19 slots=59 reboundBones=0 reboundMeshes=0 pending=3 restPose=111 quiet=77 latched=0
[HEAD_REBIND] member='player2' targets=17 slots=7 reboundBones=0 reboundMeshes=0 pending=2 restPose=107 quiet=77 latched=0
[HEAD_REBIND] member='player0' targets=18 slots=11 reboundBones=0 reboundMeshes=0 pending=2 restPose=105 quiet=77 latched=0
[HEAD_REBIND] member='player3' targets=18 slots=9 reboundBones=0 reboundMeshes=0 pending=1 restPose=111 quiet=78 latched=0
[HEAD_REBIND] member='player1' targets=19 slots=59 reboundBones=0 reboundMeshes=0 pending=3 restPose=111 quiet=78 latched=0
[HEAD_REBIND] member='player2' targets=17 slots=7 reboundBones=0 reboundMeshes=0 pending=2 restPose=107 quiet=78 latched=0
[HEAD_REBIND] member='player0' targets=18 slots=11 reboundBones=0 reboundMeshes=0 pending=2 restPose=105 quiet=78 latched=0
[HEAD_REBIND] member='player3' targets=18 slots=9 reboundBones=0 reboundMeshes=0 pending=1 restPose=111 quiet=79 latched=0
[HEAD_REBIND] member='player1' targets=19 slots=59 reboundBones=0 reboundMeshes=0 pending=3 restPose=111 quiet=79 latched=0
[HEAD_REBIND] member='player2' targets=17 slots=7 reboundBones=0 reboundMeshes=0 pending=2 restPose=107 quiet=79 latched=0
[HEAD_REBIND] member='player0' targets=18 slots=11 reboundBones=0 reboundMeshes=0 pending=2 restPose=105 quiet=79 latched=0
[HEAD_REBIND] member='player3' targets=18 slots=9 reboundBones=0 reboundMeshes=0 pending=1 restPose=111 quiet=80 latched=0
[HEAD_REBIND] member='player1' targets=19 slots=59 reboundBones=0 reboundMeshes=0 pending=3 restPose=111 quiet=80 latched=0
[HEAD_REBIND] member='player2' targets=17 slots=7 reboundBones=0 reboundMeshes=0 pending=2 restPose=107 quiet=80 latched=0
[HEAD_REBIND] member='player0' targets=18 slots=11 reboundBones=0 reboundMeshes=0 pending=2 restPose=105 quiet=80 latched=0
[HEAD_REBIND] member='player3' targets=18 slots=9 reboundBones=0 reboundMeshes=0 pending=1 restPose=111 quiet=81 latched=0
[HEAD_REBIND] member='player1' targets=19 slots=59 reboundBones=0 reboundMeshes=0 pending=3 restPose=111 quiet=81 latched=0
[HEAD_REBIND] member='player2' targets=17 slots=7 reboundBones=0 reboundMeshes=0 pending=2 restPose=107 quiet=81 latched=0
[HEAD_REBIND] member='player0' targets=18 slots=11 reboundBones=0 reboundMeshes=0 pending=2 restPose=105 quiet=81 latched=0
[HEAD_REBIND] member='player3' targets=18 slots=9 reboundBones=0 reboundMeshes=0 pending=1 restPose=111 quiet=82 latched=0
[HEAD_REBIND] member='player1' targets=19 slots=59 reboundBones=0 reboundMeshes=0 pending=3 restPose=111 quiet=82 latched=0
[HEAD_REBIND] member='player2' targets=17 slots=7 reboundBones=0 reboundMeshes=0 pending=2 restPose=107 quiet=82 latched=0
[HEAD_REBIND] member='player0' targets=18 slots=11 reboundBones=0 reboundMeshes=0 pending=2 restPose=105 quiet=82 latched=0
[HEAD_REBIND] member='player3' targets=18 slots=9 reboundBones=0 reboundMeshes=0 pending=1 restPose=111 quiet=83 latched=0
[HEAD_REBIND] member='player1' targets=19 slots=59 reboundBones=0 reboundMeshes=0 pending=3 restPose=111 quiet=83 latched=0
[HEAD_REBIND] member='player2' targets=17 slots=7 reboundBones=0 reboundMeshes=0 pending=2 restPose=107 quiet=83 latched=0
[HEAD_REBIND] member='player0' targets=18 slots=11 reboundBones=0 reboundMeshes=0 pending=2 restPose=105 quiet=83 latched=0
[HEAD_REBIND] member='player3' targets=18 slots=9 reboundBones=0 reboundMeshes=0 pending=1 restPose=111 quiet=84 latched=0
[HEAD_REBIND] member='player1' targets=19 slots=59 reboundBones=0 reboundMeshes=0 pending=3 restPose=111 quiet=84 latched=0
[HEAD_REBIND] member='player2' targets=17 slots=7 reboundBones=0 reboundMeshes=0 pending=2 restPose=107 quiet=84 latched=0
[HEAD_REBIND] member='player0' targets=18 slots=11 reboundBones=0 reboundMeshes=0 pending=2 restPose=105 quiet=84 latched=0
[HEAD_REBIND] member='player3' targets=18 slots=9 reboundBones=0 reboundMeshes=0 pending=1 restPose=111 quiet=85 latched=0
[HEAD_REBIND] member='player1' targets=19 slots=59 reboundBones=0 reboundMeshes=0 pending=3 restPose=111 quiet=85 latched=0
[HEAD_REBIND] member='player2' targets=17 slots=7 reboundBones=0 reboundMeshes=0 pending=2 restPose=107 quiet=85 latched=0
[HEAD_REBIND] member='player0' targets=18 slots=11 reboundBones=0 reboundMeshes=0 pending=2 restPose=105 quiet=85 latched=0
[HEAD_REBIND] member='player3' targets=18 slots=9 reboundBones=0 reboundMeshes=0 pending=1 restPose=111 quiet=86 latched=0
[HEAD_REBIND] member='player1' targets=19 slots=59 reboundBones=0 reboundMeshes=0 pending=3 restPose=111 quiet=86 latched=0
[HEAD_REBIND] member='player2' targets=17 slots=7 reboundBones=0 reboundMeshes=0 pending=2 restPose=107 quiet=86 latched=0
[HEAD_REBIND] member='player0' targets=18 slots=11 reboundBones=0 reboundMeshes=0 pending=2 restPose=105 quiet=86 latched=0
[HEAD_REBIND] member='player3' targets=18 slots=9 reboundBones=0 reboundMeshes=0 pending=1 restPose=111 quiet=87 latched=0
[HEAD_REBIND] member='player1' targets=19 slots=59 reboundBones=0 reboundMeshes=0 pending=3 restPose=111 quiet=87 latched=0
[HEAD_REBIND] member='player2' targets=17 slots=7 reboundBones=0 reboundMeshes=0 pending=2 restPose=107 quiet=87 latched=0
[HEAD_REBIND] member='player0' targets=18 slots=11 reboundBones=0 reboundMeshes=0 pending=2 restPose=105 quiet=87 latched=0
[HEAD_REBIND] member='player3' targets=18 slots=9 reboundBones=0 reboundMeshes=0 pending=1 restPose=111 quiet=88 latched=0
[HEAD_REBIND] member='player1' targets=19 slots=59 reboundBones=0 reboundMeshes=0 pending=3 restPose=111 quiet=88 latched=0
[HEAD_REBIND] member='player2' targets=17 slots=7 reboundBones=0 reboundMeshes=0 pending=2 restPose=107 quiet=88 latched=0
[HEAD_REBIND] member='player0' targets=18 slots=11 reboundBones=0 reboundMeshes=0 pending=2 restPose=105 quiet=88 latched=0
[HEAD_REBIND] member='player3' targets=18 slots=9 reboundBones=0 reboundMeshes=0 pending=1 restPose=111 quiet=89 latched=0
[HEAD_REBIND] member='player1' targets=19 slots=59 reboundBones=0 reboundMeshes=0 pending=3 restPose=111 quiet=89 latched=0
[HEAD_REBIND] member='player2' targets=17 slots=7 reboundBones=0 reboundMeshes=0 pending=2 restPose=107 quiet=89 latched=0
[HEAD_REBIND] member='player0' targets=18 slots=11 reboundBones=0 reboundMeshes=0 pending=2 restPose=105 quiet=89 latched=0
[HEAD_REBIND] member='player3' targets=18 slots=9 reboundBones=0 reboundMeshes=0 pending=1 restPose=111 quiet=90 latched=0
[HEAD_REBIND] member='player1' targets=19 slots=59 reboundBones=0 reboundMeshes=0 pending=3 restPose=111 quiet=90 latched=0
[HEAD_REBIND] member='player2' targets=17 slots=7 reboundBones=0 reboundMeshes=0 pending=2 restPose=107 quiet=90 latched=0
[HEAD_REBIND] member='player0' targets=18 slots=11 reboundBones=0 reboundMeshes=0 pending=2 restPose=105 quiet=90 latched=0
[HEAD_REBIND] member='player3' targets=18 slots=9 reboundBones=0 reboundMeshes=0 pending=1 restPose=111 quiet=91 latched=0
[HEAD_REBIND] member='player1' targets=19 slots=59 reboundBones=0 reboundMeshes=0 pending=3 restPose=111 quiet=91 latched=0
[HEAD_REBIND] member='player2' targets=17 slots=7 reboundBones=0 reboundMeshes=0 pending=2 restPose=107 quiet=91 latched=0
[HEAD_REBIND] member='player0' targets=18 slots=11 reboundBones=0 reboundMeshes=0 pending=2 restPose=105 quiet=91 latched=0
[HEAD_REBIND] member='player3' targets=18 slots=9 reboundBones=0 reboundMeshes=0 pending=1 restPose=111 quiet=92 latched=0
[HEAD_REBIND] member='player1' targets=19 slots=59 reboundBones=0 reboundMeshes=0 pending=3 restPose=111 quiet=92 latched=0
[HEAD_REBIND] member='player2' targets=17 slots=7 reboundBones=0 reboundMeshes=0 pending=2 restPose=107 quiet=92 latched=0
[HEAD_REBIND] member='player0' targets=18 slots=11 reboundBones=0 reboundMeshes=0 pending=2 restPose=105 quiet=92 latched=0
[HEAD_REBIND] member='player3' targets=18 slots=9 reboundBones=0 reboundMeshes=0 pending=1 restPose=111 quiet=93 latched=0
[HEAD_REBIND] member='player1' targets=19 slots=59 reboundBones=0 reboundMeshes=0 pending=3 restPose=111 quiet=93 latched=0
[HEAD_REBIND] member='player2' targets=17 slots=7 reboundBones=0 reboundMeshes=0 pending=2 restPose=107 quiet=93 latched=0
[HEAD_REBIND] member='player0' targets=18 slots=11 reboundBones=0 reboundMeshes=0 pending=2 restPose=105 quiet=93 latched=0
[HEAD_REBIND] member='player3' targets=18 slots=9 reboundBones=0 reboundMeshes=0 pending=1 restPose=111 quiet=94 latched=0
[HEAD_REBIND] member='player1' targets=19 slots=59 reboundBones=0 reboundMeshes=0 pending=3 restPose=111 quiet=94 latched=0
[HEAD_REBIND] member='player2' targets=17 slots=7 reboundBones=0 reboundMeshes=0 pending=2 restPose=107 quiet=94 latched=0
[HEAD_REBIND] member='player0' targets=18 slots=11 reboundBones=0 reboundMeshes=0 pending=2 restPose=105 quiet=94 latched=0
[HEAD_REBIND] member='player3' targets=18 slots=9 reboundBones=0 reboundMeshes=0 pending=1 restPose=111 quiet=95 latched=0
[HEAD_REBIND] member='player1' targets=19 slots=59 reboundBones=0 reboundMeshes=0 pending=3 restPose=111 quiet=95 latched=0
[HEAD_REBIND] member='player2' targets=17 slots=7 reboundBones=0 reboundMeshes=0 pending=2 restPose=107 quiet=95 latched=0
[HEAD_REBIND] member='player0' targets=18 slots=11 reboundBones=0 reboundMeshes=0 pending=2 restPose=105 quiet=95 latched=0
[HEAD_REBIND] member='player3' targets=18 slots=9 reboundBones=0 reboundMeshes=0 pending=1 restPose=111 quiet=96 latched=0
[HEAD_REBIND] member='player1' targets=19 slots=59 reboundBones=0 reboundMeshes=0 pending=3 restPose=111 quiet=96 latched=0
[HEAD_REBIND] member='player2' targets=17 slots=7 reboundBones=0 reboundMeshes=0 pending=2 restPose=107 quiet=96 latched=0
[HEAD_REBIND] member='player0' targets=18 slots=11 reboundBones=0 reboundMeshes=0 pending=2 restPose=105 quiet=96 latched=0
[HEAD_REBIND] member='player3' targets=18 slots=9 reboundBones=0 reboundMeshes=0 pending=1 restPose=111 quiet=97 latched=0
[HEAD_REBIND] member='player1' targets=19 slots=59 reboundBones=0 reboundMeshes=0 pending=3 restPose=111 quiet=97 latched=0
[HEAD_REBIND] member='player2' targets=17 slots=7 reboundBones=0 reboundMeshes=0 pending=2 restPose=107 quiet=97 latched=0
[HEAD_REBIND] member='player0' targets=18 slots=11 reboundBones=0 reboundMeshes=0 pending=2 restPose=105 quiet=97 latched=0
[HEAD_REBIND] member='player3' targets=18 slots=9 reboundBones=0 reboundMeshes=0 pending=1 restPose=111 quiet=98 latched=0
[HEAD_REBIND] member='player1' targets=19 slots=59 reboundBones=0 reboundMeshes=0 pending=3 restPose=111 quiet=98 latched=0
[HEAD_REBIND] member='player2' targets=17 slots=7 reboundBones=0 reboundMeshes=0 pending=2 restPose=107 quiet=98 latched=0
[HEAD_REBIND] member='player0' targets=18 slots=11 reboundBones=0 reboundMeshes=0 pending=2 restPose=105 quiet=98 latched=0
[HEAD_REBIND] member='player3' targets=18 slots=9 reboundBones=0 reboundMeshes=0 pending=1 restPose=111 quiet=99 latched=0
[HEAD_REBIND] member='player1' targets=19 slots=59 reboundBones=0 reboundMeshes=0 pending=3 restPose=111 quiet=99 latched=0
[HEAD_REBIND] member='player2' targets=17 slots=7 reboundBones=0 reboundMeshes=0 pending=2 restPose=107 quiet=99 latched=0
[HEAD_REBIND] member='player0' targets=18 slots=11 reboundBones=0 reboundMeshes=0 pending=2 restPose=105 quiet=99 latched=0
[HEAD_REBIND] member='player3' targets=18 slots=9 reboundBones=0 reboundMeshes=0 pending=1 restPose=111 quiet=100 latched=0
[HEAD_REBIND] member='player1' targets=19 slots=59 reboundBones=0 reboundMeshes=0 pending=3 restPose=111 quiet=100 latched=0
[HEAD_REBIND] member='player2' targets=17 slots=7 reboundBones=0 reboundMeshes=0 pending=2 restPose=107 quiet=100 latched=0
[HEAD_REBIND] member='player0' targets=18 slots=11 reboundBones=0 reboundMeshes=0 pending=2 restPose=105 quiet=100 latched=0
[HEAD_REBIND] member='player3' targets=18 slots=9 reboundBones=0 reboundMeshes=0 pending=1 restPose=111 quiet=101 latched=0
[HEAD_REBIND] member='player1' targets=19 slots=59 reboundBones=0 reboundMeshes=0 pending=3 restPose=111 quiet=101 latched=0
[HEAD_REBIND] member='player2' targets=17 slots=7 reboundBones=0 reboundMeshes=0 pending=2 restPose=107 quiet=101 latched=0
[HEAD_REBIND] member='player0' targets=18 slots=11 reboundBones=0 reboundMeshes=0 pending=2 restPose=105 quiet=101 latched=0
[HEAD_REBIND] member='player3' targets=18 slots=9 reboundBones=0 reboundMeshes=0 pending=1 restPose=111 quiet=102 latched=0
[HEAD_REBIND] member='player1' targets=19 slots=59 reboundBones=0 reboundMeshes=0 pending=3 restPose=111 quiet=102 latched=0
[HEAD_REBIND] member='player2' targets=17 slots=7 reboundBones=0 reboundMeshes=0 pending=2 restPose=107 quiet=102 latched=0
[HEAD_REBIND] member='player0' targets=18 slots=11 reboundBones=0 reboundMeshes=0 pending=2 restPose=105 quiet=102 latched=0
[HEAD_REBIND] member='player3' targets=18 slots=9 reboundBones=0 reboundMeshes=0 pending=1 restPose=111 quiet=103 latched=0
[HEAD_REBIND] member='player1' targets=19 slots=59 reboundBones=0 reboundMeshes=0 pending=3 restPose=111 quiet=103 latched=0
[HEAD_REBIND] member='player2' targets=17 slots=7 reboundBones=0 reboundMeshes=0 pending=2 restPose=107 quiet=103 latched=0
[HEAD_REBIND] member='player0' targets=18 slots=11 reboundBones=0 reboundMeshes=0 pending=2 restPose=105 quiet=103 latched=0
[HEAD_REBIND] member='player3' targets=18 slots=9 reboundBones=0 reboundMeshes=0 pending=1 restPose=111 quiet=104 latched=0
[HEAD_REBIND] member='player1' targets=19 slots=59 reboundBones=0 reboundMeshes=0 pending=3 restPose=111 quiet=104 latched=0
[HEAD_REBIND] member='player2' targets=17 slots=7 reboundBones=0 reboundMeshes=0 pending=2 restPose=107 quiet=104 latched=0
[HEAD_REBIND] member='player0' targets=18 slots=11 reboundBones=0 reboundMeshes=0 pending=2 restPose=105 quiet=104 latched=0
[HEAD_REBIND] member='player3' targets=18 slots=9 reboundBones=0 reboundMeshes=0 pending=1 restPose=111 quiet=105 latched=0
[HEAD_REBIND] member='player1' targets=19 slots=59 reboundBones=0 reboundMeshes=0 pending=3 restPose=111 quiet=105 latched=0
[HEAD_REBIND] member='player2' targets=17 slots=7 reboundBones=0 reboundMeshes=0 pending=2 restPose=107 quiet=105 latched=0
[HEAD_REBIND] member='player0' targets=18 slots=11 reboundBones=0 reboundMeshes=0 pending=2 restPose=105 quiet=105 latched=0
[HEAD_REBIND] member='player3' targets=18 slots=9 reboundBones=0 reboundMeshes=0 pending=1 restPose=111 quiet=106 latched=0
[HEAD_REBIND] member='player1' targets=19 slots=59 reboundBones=0 reboundMeshes=0 pending=3 restPose=111 quiet=106 latched=0
[HEAD_REBIND] member='player2' targets=17 slots=7 reboundBones=0 reboundMeshes=0 pending=2 restPose=107 quiet=106 latched=0
[HEAD_REBIND] member='player0' targets=18 slots=11 reboundBones=0 reboundMeshes=0 pending=2 restPose=105 quiet=106 latched=0
[HEAD_REBIND] member='player3' targets=18 slots=9 reboundBones=0 reboundMeshes=0 pending=1 restPose=111 quiet=107 latched=0
[HEAD_REBIND] member='player1' targets=19 slots=59 reboundBones=0 reboundMeshes=0 pending=3 restPose=111 quiet=107 latched=0
[HEAD_REBIND] member='player2' targets=17 slots=7 reboundBones=0 reboundMeshes=0 pending=2 restPose=107 quiet=107 latched=0
[HEAD_REBIND] member='player0' targets=18 slots=11 reboundBones=0 reboundMeshes=0 pending=2 restPose=105 quiet=107 latched=0
[HEAD_REBIND] member='player3' targets=18 slots=9 reboundBones=0 reboundMeshes=0 pending=1 restPose=111 quiet=108 latched=0
[HEAD_REBIND] member='player1' targets=19 slots=59 reboundBones=0 reboundMeshes=0 pending=3 restPose=111 quiet=108 latched=0
[HEAD_REBIND] member='player2' targets=17 slots=7 reboundBones=0 reboundMeshes=0 pending=2 restPose=107 quiet=108 latched=0
[HEAD_REBIND] member='player0' targets=18 slots=11 reboundBones=0 reboundMeshes=0 pending=2 restPose=105 quiet=108 latched=0
[HEAD_REBIND] member='player3' targets=18 slots=9 reboundBones=0 reboundMeshes=0 pending=1 restPose=111 quiet=109 latched=0
[HEAD_REBIND] member='player1' targets=19 slots=59 reboundBones=0 reboundMeshes=0 pending=3 restPose=111 quiet=109 latched=0
[HEAD_REBIND] member='player2' targets=17 slots=7 reboundBones=0 reboundMeshes=0 pending=2 restPose=107 quiet=109 latched=0
[HEAD_REBIND] member='player0' targets=18 slots=11 reboundBones=0 reboundMeshes=0 pending=2 restPose=105 quiet=109 latched=0
[HEAD_REBIND] member='player3' targets=18 slots=9 reboundBones=0 reboundMeshes=0 pending=1 restPose=111 quiet=110 latched=0
[HEAD_REBIND] member='player1' targets=19 slots=59 reboundBones=0 reboundMeshes=0 pending=3 restPose=111 quiet=110 latched=0
[HEAD_REBIND] member='player2' targets=17 slots=7 reboundBones=0 reboundMeshes=0 pending=2 restPose=107 quiet=110 latched=0
[HEAD_REBIND] member='player0' targets=18 slots=11 reboundBones=0 reboundMeshes=0 pending=2 restPose=105 quiet=110 latched=0
[HEAD_REBIND] member='player3' targets=18 slots=9 reboundBones=0 reboundMeshes=0 pending=1 restPose=111 quiet=111 latched=0
[HEAD_REBIND] member='player1' targets=19 slots=59 reboundBones=0 reboundMeshes=0 pending=3 restPose=111 quiet=111 latched=0
[HEAD_REBIND] member='player2' targets=17 slots=7 reboundBones=0 reboundMeshes=0 pending=2 restPose=107 quiet=111 latched=0
[HEAD_REBIND] member='player0' targets=18 slots=11 reboundBones=0 reboundMeshes=0 pending=2 restPose=105 quiet=111 latched=0
[HEAD_REBIND] member='player3' targets=18 slots=9 reboundBones=0 reboundMeshes=0 pending=1 restPose=111 quiet=112 latched=0
[HEAD_REBIND] member='player1' targets=19 slots=59 reboundBones=0 reboundMeshes=0 pending=3 restPose=111 quiet=112 latched=0
[HEAD_REBIND] member='player2' targets=17 slots=7 reboundBones=0 reboundMeshes=0 pending=2 restPose=107 quiet=112 latched=0
[HEAD_REBIND] member='player0' targets=18 slots=11 reboundBones=0 reboundMeshes=0 pending=2 restPose=105 quiet=112 latched=0
[HEAD_REBIND] member='player3' targets=18 slots=9 reboundBones=0 reboundMeshes=0 pending=1 restPose=111 quiet=113 latched=0
[HEAD_REBIND] member='player1' targets=19 slots=59 reboundBones=0 reboundMeshes=0 pending=3 restPose=111 quiet=113 latched=0
[HEAD_REBIND] member='player2' targets=17 slots=7 reboundBones=0 reboundMeshes=0 pending=2 restPose=107 quiet=113 latched=0
[HEAD_REBIND] member='player0' targets=18 slots=11 reboundBones=0 reboundMeshes=0 pending=2 restPose=105 quiet=113 latched=0
[HEAD_REBIND] member='player3' targets=18 slots=9 reboundBones=0 reboundMeshes=0 pending=1 restPose=111 quiet=114 latched=0
[HEAD_REBIND] member='player1' targets=19 slots=59 reboundBones=0 reboundMeshes=0 pending=3 restPose=111 quiet=114 latched=0
[HEAD_REBIND] member='player2' targets=17 slots=7 reboundBones=0 reboundMeshes=0 pending=2 restPose=107 quiet=114 latched=0
[HEAD_REBIND] member='player0' targets=18 slots=11 reboundBones=0 reboundMeshes=0 pending=2 restPose=105 quiet=114 latched=0
[HEAD_REBIND] member='player3' targets=18 slots=9 reboundBones=0 reboundMeshes=0 pending=1 restPose=111 quiet=115 latched=0
[HEAD_REBIND] member='player1' targets=19 slots=59 reboundBones=0 reboundMeshes=0 pending=3 restPose=111 quiet=115 latched=0
[HEAD_REBIND] member='player2' targets=17 slots=7 reboundBones=0 reboundMeshes=0 pending=2 restPose=107 quiet=115 latched=0
[HEAD_REBIND] member='player0' targets=18 slots=11 reboundBones=0 reboundMeshes=0 pending=2 restPose=105 quiet=115 latched=0
[HEAD_REBIND] member='player3' targets=18 slots=9 reboundBones=0 reboundMeshes=0 pending=1 restPose=111 quiet=116 latched=0
[HEAD_REBIND] member='player1' targets=19 slots=59 reboundBones=0 reboundMeshes=0 pending=3 restPose=111 quiet=116 latched=0
[HEAD_REBIND] member='player2' targets=17 slots=7 reboundBones=0 reboundMeshes=0 pending=2 restPose=107 quiet=116 latched=0
[HEAD_REBIND] member='player0' targets=18 slots=11 reboundBones=0 reboundMeshes=0 pending=2 restPose=105 quiet=116 latched=0
[HEAD_REBIND] member='player3' targets=18 slots=9 reboundBones=0 reboundMeshes=0 pending=1 restPose=111 quiet=117 latched=0
[HEAD_REBIND] member='player1' targets=19 slots=59 reboundBones=0 reboundMeshes=0 pending=3 restPose=111 quiet=117 latched=0
[HEAD_REBIND] member='player2' targets=17 slots=7 reboundBones=0 reboundMeshes=0 pending=2 restPose=107 quiet=117 latched=0
[HEAD_REBIND] member='player0' targets=18 slots=11 reboundBones=0 reboundMeshes=0 pending=2 restPose=105 quiet=117 latched=0
[HEAD_REBIND] member='player3' targets=18 slots=9 reboundBones=0 reboundMeshes=0 pending=1 restPose=111 quiet=118 latched=0
[HEAD_REBIND] member='player1' targets=19 slots=59 reboundBones=0 reboundMeshes=0 pending=3 restPose=111 quiet=118 latched=0
[HEAD_REBIND] member='player2' targets=17 slots=7 reboundBones=0 reboundMeshes=0 pending=2 restPose=107 quiet=118 latched=0
[HEAD_REBIND] member='player0' targets=18 slots=11 reboundBones=0 reboundMeshes=0 pending=2 restPose=105 quiet=118 latched=0
[HEAD_REBIND] member='player3' targets=18 slots=9 reboundBones=0 reboundMeshes=0 pending=1 restPose=111 quiet=119 latched=0
[HEAD_REBIND] member='player1' targets=19 slots=59 reboundBones=0 reboundMeshes=0 pending=3 restPose=111 quiet=119 latched=0
[HEAD_REBIND] member='player2' targets=17 slots=7 reboundBones=0 reboundMeshes=0 pending=2 restPose=107 quiet=119 latched=0
[HEAD_REBIND] member='player0' targets=18 slots=11 reboundBones=0 reboundMeshes=0 pending=2 restPose=105 quiet=119 latched=0
[HEAD_REBIND] member='player3' targets=18 slots=9 reboundBones=0 reboundMeshes=0 pending=1 restPose=111 quiet=120 latched=0
[HEAD_REBIND] member='player1' targets=19 slots=59 reboundBones=0 reboundMeshes=0 pending=3 restPose=111 quiet=120 latched=0
[HEAD_REBIND] member='player2' targets=17 slots=7 reboundBones=0 reboundMeshes=0 pending=2 restPose=107 quiet=120 latched=0
[HEAD_REBIND] member='player0' targets=18 slots=11 reboundBones=0 reboundMeshes=0 pending=2 restPose=105 quiet=120 latched=0
[HEAD_REBIND] member='player3' targets=18 slots=9 reboundBones=0 reboundMeshes=0 pending=1 restPose=111 quiet=121 latched=0
[HEAD_REBIND] member='player1' targets=19 slots=59 reboundBones=0 reboundMeshes=0 pending=3 restPose=111 quiet=121 latched=0
[HEAD_REBIND] member='player2' targets=17 slots=7 reboundBones=0 reboundMeshes=0 pending=2 restPose=107 quiet=121 latched=0
[HEAD_REBIND] member='player0' targets=18 slots=11 reboundBones=0 reboundMeshes=0 pending=2 restPose=105 quiet=121 latched=0
[HEAD_REBIND] member='player3' targets=18 slots=9 reboundBones=0 reboundMeshes=0 pending=1 restPose=111 quiet=122 latched=0
[HEAD_REBIND] member='player1' targets=19 slots=59 reboundBones=0 reboundMeshes=0 pending=3 restPose=111 quiet=122 latched=0
[HEAD_REBIND] member='player2' targets=17 slots=7 reboundBones=0 reboundMeshes=0 pending=2 restPose=107 quiet=122 latched=0
[HEAD_REBIND] member='player0' targets=18 slots=11 reboundBones=0 reboundMeshes=0 pending=2 restPose=105 quiet=122 latched=0
[HEAD_REBIND] member='player3' targets=18 slots=9 reboundBones=0 reboundMeshes=0 pending=1 restPose=111 quiet=123 latched=0
[HEAD_REBIND] member='player1' targets=19 slots=59 reboundBones=0 reboundMeshes=0 pending=3 restPose=111 quiet=123 latched=0
[HEAD_REBIND] member='player2' targets=17 slots=7 reboundBones=0 reboundMeshes=0 pending=2 restPose=107 quiet=123 latched=0
[HEAD_REBIND] member='player0' targets=18 slots=11 reboundBones=0 reboundMeshes=0 pending=2 restPose=105 quiet=123 latched=0
[HEAD_REBIND] member='player3' targets=18 slots=9 reboundBones=0 reboundMeshes=0 pending=1 restPose=111 quiet=124 latched=0
[HEAD_REBIND] member='player1' targets=19 slots=59 reboundBones=0 reboundMeshes=0 pending=3 restPose=111 quiet=124 latched=0
[HEAD_REBIND] member='player2' targets=17 slots=7 reboundBones=0 reboundMeshes=0 pending=2 restPose=107 quiet=124 latched=0
[HEAD_REBIND] member='player0' targets=18 slots=11 reboundBones=0 reboundMeshes=0 pending=2 restPose=105 quiet=124 latched=0
[HEAD_REBIND] member='player3' targets=18 slots=9 reboundBones=0 reboundMeshes=0 pending=1 restPose=111 quiet=125 latched=0
[HEAD_REBIND] member='player1' targets=19 slots=59 reboundBones=0 reboundMeshes=0 pending=3 restPose=111 quiet=125 latched=0
[HEAD_REBIND] member='player2' targets=17 slots=7 reboundBones=0 reboundMeshes=0 pending=2 restPose=107 quiet=125 latched=0
[HEAD_REBIND] member='player0' targets=18 slots=11 reboundBones=0 reboundMeshes=0 pending=2 restPose=105 quiet=125 latched=0
[HEAD_REBIND] member='player3' targets=18 slots=9 reboundBones=0 reboundMeshes=0 pending=1 restPose=111 quiet=126 latched=0
[HEAD_REBIND] member='player1' targets=19 slots=59 reboundBones=0 reboundMeshes=0 pending=3 restPose=111 quiet=126 latched=0
[HEAD_REBIND] member='player2' targets=17 slots=7 reboundBones=0 reboundMeshes=0 pending=2 restPose=107 quiet=126 latched=0
[HEAD_REBIND] member='player0' targets=18 slots=11 reboundBones=0 reboundMeshes=0 pending=2 restPose=105 quiet=126 latched=0
[HEAD_REBIND] member='player3' targets=18 slots=9 reboundBones=0 reboundMeshes=0 pending=1 restPose=111 quiet=127 latched=0
[HEAD_REBIND] member='player1' targets=19 slots=59 reboundBones=0 reboundMeshes=0 pending=3 restPose=111 quiet=127 latched=0
[HEAD_REBIND] member='player2' targets=17 slots=7 reboundBones=0 reboundMeshes=0 pending=2 restPose=107 quiet=127 latched=0
[HEAD_REBIND] member='player0' targets=18 slots=11 reboundBones=0 reboundMeshes=0 pending=2 restPose=105 quiet=127 latched=0
[HEAD_REBIND] member='player3' targets=18 slots=9 reboundBones=0 reboundMeshes=0 pending=1 restPose=111 quiet=128 latched=0
[HEAD_REBIND] member='player1' targets=19 slots=59 reboundBones=0 reboundMeshes=0 pending=3 restPose=111 quiet=128 latched=0
[HEAD_REBIND] member='player2' targets=17 slots=7 reboundBones=0 reboundMeshes=0 pending=2 restPose=107 quiet=128 latched=0
[HEAD_REBIND] member='player0' targets=18 slots=11 reboundBones=0 reboundMeshes=0 pending=2 restPose=105 quiet=128 latched=0
[HEAD_REBIND] member='player3' targets=18 slots=9 reboundBones=0 reboundMeshes=0 pending=1 restPose=111 quiet=129 latched=0
[HEAD_REBIND] member='player1' targets=19 slots=59 reboundBones=0 reboundMeshes=0 pending=3 restPose=111 quiet=129 latched=0
[HEAD_REBIND] member='player2' targets=17 slots=7 reboundBones=0 reboundMeshes=0 pending=2 restPose=107 quiet=129 latched=0
[HEAD_REBIND] member='player0' targets=18 slots=11 reboundBones=0 reboundMeshes=0 pending=2 restPose=105 quiet=129 latched=0
[HEAD_REBIND] member='player3' targets=18 slots=9 reboundBones=0 reboundMeshes=0 pending=1 restPose=111 quiet=130 latched=0
[HEAD_REBIND] member='player1' targets=19 slots=59 reboundBones=0 reboundMeshes=0 pending=3 restPose=111 quiet=130 latched=0
[HEAD_REBIND] member='player2' targets=17 slots=7 reboundBones=0 reboundMeshes=0 pending=2 restPose=107 quiet=130 latched=0
[HEAD_REBIND] member='player0' targets=18 slots=11 reboundBones=0 reboundMeshes=0 pending=2 restPose=105 quiet=130 latched=0
[HEAD_REBIND] member='player3' targets=18 slots=9 reboundBones=0 reboundMeshes=0 pending=1 restPose=111 quiet=131 latched=0
[HEAD_REBIND] member='player1' targets=19 slots=59 reboundBones=0 reboundMeshes=0 pending=3 restPose=111 quiet=131 latched=0
[HEAD_REBIND] member='player2' targets=17 slots=7 reboundBones=0 reboundMeshes=0 pending=2 restPose=107 quiet=131 latched=0
[HEAD_REBIND] member='player0' targets=18 slots=11 reboundBones=0 reboundMeshes=0 pending=2 restPose=105 quiet=131 latched=0
[HEAD_REBIND] member='player3' targets=18 slots=9 reboundBones=0 reboundMeshes=0 pending=1 restPose=111 quiet=132 latched=0
[HEAD_REBIND] member='player1' targets=19 slots=59 reboundBones=0 reboundMeshes=0 pending=3 restPose=111 quiet=132 latched=0
[HEAD_REBIND] member='player2' targets=17 slots=7 reboundBones=0 reboundMeshes=0 pending=2 restPose=107 quiet=132 latched=0
[HEAD_REBIND] member='player0' targets=18 slots=11 reboundBones=0 reboundMeshes=0 pending=2 restPose=105 quiet=132 latched=0
[HEAD_REBIND] member='player3' targets=18 slots=9 reboundBones=0 reboundMeshes=0 pending=1 restPose=111 quiet=133 latched=0
[HEAD_REBIND] member='player1' targets=19 slots=59 reboundBones=0 reboundMeshes=0 pending=3 restPose=111 quiet=133 latched=0
[HEAD_REBIND] member='player2' targets=17 slots=7 reboundBones=0 reboundMeshes=0 pending=2 restPose=107 quiet=133 latched=0
[HEAD_REBIND] member='player0' targets=18 slots=11 reboundBones=0 reboundMeshes=0 pending=2 restPose=105 quiet=133 latched=0
[HEAD_REBIND] member='player3' targets=18 slots=9 reboundBones=0 reboundMeshes=0 pending=1 restPose=111 quiet=134 latched=0
[HEAD_REBIND] member='player1' targets=19 slots=59 reboundBones=0 reboundMeshes=0 pending=3 restPose=111 quiet=134 latched=0
[HEAD_REBIND] member='player2' targets=17 slots=7 reboundBones=0 reboundMeshes=0 pending=2 restPose=107 quiet=134 latched=0
[HEAD_REBIND] member='player0' targets=18 slots=11 reboundBones=0 reboundMeshes=0 pending=2 restPose=105 quiet=134 latched=0
[HEAD_REBIND] member='player3' targets=18 slots=9 reboundBones=0 reboundMeshes=0 pending=1 restPose=111 quiet=135 latched=0
[HEAD_REBIND] member='player1' targets=19 slots=59 reboundBones=0 reboundMeshes=0 pending=3 restPose=111 quiet=135 latched=0
[HEAD_REBIND] member='player2' targets=17 slots=7 reboundBones=0 reboundMeshes=0 pending=2 restPose=107 quiet=135 latched=0
[HEAD_REBIND] member='player0' targets=18 slots=11 reboundBones=0 reboundMeshes=0 pending=2 restPose=105 quiet=135 latched=0
[HEAD_REBIND] member='player3' targets=18 slots=9 reboundBones=0 reboundMeshes=0 pending=1 restPose=111 quiet=136 latched=0
[HEAD_REBIND] member='player1' targets=19 slots=59 reboundBones=0 reboundMeshes=0 pending=3 restPose=111 quiet=136 latched=0
[HEAD_REBIND] member='player2' targets=17 slots=7 reboundBones=0 reboundMeshes=0 pending=2 restPose=107 quiet=136 latched=0
[HEAD_REBIND] member='player0' targets=18 slots=11 reboundBones=0 reboundMeshes=0 pending=2 restPose=105 quiet=136 latched=0
[HEAD_REBIND] member='player3' targets=18 slots=9 reboundBones=0 reboundMeshes=0 pending=1 restPose=111 quiet=137 latched=0
[HEAD_REBIND] member='player1' targets=19 slots=59 reboundBones=0 reboundMeshes=0 pending=3 restPose=111 quiet=137 latched=0
[HEAD_REBIND] member='player2' targets=17 slots=7 reboundBones=0 reboundMeshes=0 pending=2 restPose=107 quiet=137 latched=0
[HEAD_REBIND] member='player0' targets=18 slots=11 reboundBones=0 reboundMeshes=0 pending=2 restPose=105 quiet=137 latched=0
[HEAD_REBIND] member='player3' targets=18 slots=9 reboundBones=0 reboundMeshes=0 pending=1 restPose=111 quiet=138 latched=0
[HEAD_REBIND] member='player1' targets=19 slots=59 reboundBones=0 reboundMeshes=0 pending=3 restPose=111 quiet=138 latched=0
[HEAD_REBIND] member='player2' targets=17 slots=7 reboundBones=0 reboundMeshes=0 pending=2 restPose=107 quiet=138 latched=0
[HEAD_REBIND] member='player0' targets=18 slots=11 reboundBones=0 reboundMeshes=0 pending=2 restPose=105 quiet=138 latched=0
[HEAD_REBIND] member='player3' targets=18 slots=9 reboundBones=0 reboundMeshes=0 pending=1 restPose=111 quiet=139 latched=0
[HEAD_REBIND] member='player1' targets=19 slots=59 reboundBones=0 reboundMeshes=0 pending=3 restPose=111 quiet=139 latched=0
[HEAD_REBIND] member='player2' targets=17 slots=7 reboundBones=0 reboundMeshes=0 pending=2 restPose=107 quiet=139 latched=0
[HEAD_REBIND] member='player0' targets=18 slots=11 reboundBones=0 reboundMeshes=0 pending=2 restPose=105 quiet=139 latched=0
[HEAD_REBIND] member='player3' targets=18 slots=9 reboundBones=0 reboundMeshes=0 pending=1 restPose=111 quiet=140 latched=0
[HEAD_REBIND] member='player1' targets=19 slots=59 reboundBones=0 reboundMeshes=0 pending=3 restPose=111 quiet=140 latched=0
[HEAD_REBIND] member='player2' targets=17 slots=7 reboundBones=0 reboundMeshes=0 pending=2 restPose=107 quiet=140 latched=0
[HEAD_REBIND] member='player0' targets=18 slots=11 reboundBones=0 reboundMeshes=0 pending=2 restPose=105 quiet=140 latched=0
[HEAD_REBIND] member='player3' targets=18 slots=9 reboundBones=0 reboundMeshes=0 pending=1 restPose=111 quiet=141 latched=0
[HEAD_REBIND] member='player1' targets=19 slots=59 reboundBones=0 reboundMeshes=0 pending=3 restPose=111 quiet=141 latched=0
[HEAD_REBIND] member='player2' targets=17 slots=7 reboundBones=0 reboundMeshes=0 pending=2 restPose=107 quiet=141 latched=0
[HEAD_REBIND] member='player0' targets=18 slots=11 reboundBones=0 reboundMeshes=0 pending=2 restPose=105 quiet=141 latched=0
[HEAD_REBIND] member='player3' targets=18 slots=9 reboundBones=0 reboundMeshes=0 pending=1 restPose=111 quiet=142 latched=0
[HEAD_REBIND] member='player1' targets=19 slots=59 reboundBones=0 reboundMeshes=0 pending=3 restPose=111 quiet=142 latched=0
[HEAD_REBIND] member='player2' targets=17 slots=7 reboundBones=0 reboundMeshes=0 pending=2 restPose=107 quiet=142 latched=0
[HEAD_REBIND] member='player0' targets=18 slots=11 reboundBones=0 reboundMeshes=0 pending=2 restPose=105 quiet=142 latched=0
[HEAD_REBIND] member='player3' targets=18 slots=9 reboundBones=0 reboundMeshes=0 pending=1 restPose=111 quiet=143 latched=0
[HEAD_REBIND] member='player1' targets=19 slots=59 reboundBones=0 reboundMeshes=0 pending=3 restPose=111 quiet=143 latched=0
[HEAD_REBIND] member='player2' targets=17 slots=7 reboundBones=0 reboundMeshes=0 pending=2 restPose=107 quiet=143 latched=0
[HEAD_REBIND] member='player0' targets=18 slots=11 reboundBones=0 reboundMeshes=0 pending=2 restPose=105 quiet=143 latched=0
[HEAD_REBIND] member='player3' targets=18 slots=9 reboundBones=0 reboundMeshes=0 pending=1 restPose=111 quiet=144 latched=0
[HEAD_REBIND] member='player1' targets=19 slots=59 reboundBones=0 reboundMeshes=0 pending=3 restPose=111 quiet=144 latched=0
[HEAD_REBIND] member='player2' targets=17 slots=7 reboundBones=0 reboundMeshes=0 pending=2 restPose=107 quiet=144 latched=0
[HEAD_REBIND] member='player0' targets=18 slots=11 reboundBones=0 reboundMeshes=0 pending=2 restPose=105 quiet=144 latched=0
[HEAD_REBIND] member='player3' targets=18 slots=9 reboundBones=0 reboundMeshes=0 pending=1 restPose=111 quiet=145 latched=0
[HEAD_REBIND] member='player1' targets=19 slots=59 reboundBones=0 reboundMeshes=0 pending=3 restPose=111 quiet=145 latched=0
[HEAD_REBIND] member='player2' targets=17 slots=7 reboundBones=0 reboundMeshes=0 pending=2 restPose=107 quiet=145 latched=0
[HEAD_REBIND] member='player0' targets=18 slots=11 reboundBones=0 reboundMeshes=0 pending=2 restPose=105 quiet=145 latched=0
[HEAD_REBIND] member='player3' targets=18 slots=9 reboundBones=0 reboundMeshes=0 pending=1 restPose=111 quiet=146 latched=0
[HEAD_REBIND] member='player1' targets=19 slots=59 reboundBones=0 reboundMeshes=0 pending=3 restPose=111 quiet=146 latched=0
[HEAD_REBIND] member='player2' targets=17 slots=7 reboundBones=0 reboundMeshes=0 pending=2 restPose=107 quiet=146 latched=0
[HEAD_REBIND] member='player0' targets=18 slots=11 reboundBones=0 reboundMeshes=0 pending=2 restPose=105 quiet=146 latched=0
[HEAD_REBIND] member='player3' targets=18 slots=9 reboundBones=0 reboundMeshes=0 pending=1 restPose=111 quiet=147 latched=0
[HEAD_REBIND] member='player1' targets=19 slots=59 reboundBones=0 reboundMeshes=0 pending=3 restPose=111 quiet=147 latched=0
[HEAD_REBIND] member='player2' targets=17 slots=7 reboundBones=0 reboundMeshes=0 pending=2 restPose=107 quiet=147 latched=0
[HEAD_REBIND] member='player0' targets=18 slots=11 reboundBones=0 reboundMeshes=0 pending=2 restPose=105 quiet=147 latched=0
[HEAD_REBIND] member='player3' targets=18 slots=9 reboundBones=0 reboundMeshes=0 pending=1 restPose=111 quiet=148 latched=0
[HEAD_REBIND] member='player1' targets=19 slots=59 reboundBones=0 reboundMeshes=0 pending=3 restPose=111 quiet=148 latched=0
[HEAD_REBIND] member='player2' targets=17 slots=7 reboundBones=0 reboundMeshes=0 pending=2 restPose=107 quiet=148 latched=0
[HEAD_REBIND] member='player0' targets=18 slots=11 reboundBones=0 reboundMeshes=0 pending=2 restPose=105 quiet=148 latched=0
[HEAD_REBIND] member='player3' targets=18 slots=9 reboundBones=0 reboundMeshes=0 pending=1 restPose=111 quiet=149 latched=0
[HEAD_REBIND] member='player1' targets=19 slots=59 reboundBones=0 reboundMeshes=0 pending=3 restPose=111 quiet=149 latched=0
[HEAD_REBIND] member='player2' targets=17 slots=7 reboundBones=0 reboundMeshes=0 pending=2 restPose=107 quiet=149 latched=0
[HEAD_REBIND] member='player0' targets=18 slots=11 reboundBones=0 reboundMeshes=0 pending=2 restPose=105 quiet=149 latched=0
[HEAD_REBIND] member='player3' targets=18 slots=9 reboundBones=0 reboundMeshes=0 pending=1 restPose=111 quiet=150 latched=0
[HEAD_REBIND] member='player1' targets=19 slots=59 reboundBones=0 reboundMeshes=0 pending=3 restPose=111 quiet=150 latched=0
[HEAD_REBIND] member='player2' targets=17 slots=7 reboundBones=0 reboundMeshes=0 pending=2 restPose=107 quiet=150 latched=0
[HEAD_REBIND] member='player0' targets=18 slots=11 reboundBones=0 reboundMeshes=0 pending=2 restPose=105 quiet=150 latched=0
[HEAD_REBIND] member='player3' targets=18 slots=9 reboundBones=0 reboundMeshes=0 pending=1 restPose=111 quiet=151 latched=0
[HEAD_REBIND] member='player1' targets=19 slots=59 reboundBones=0 reboundMeshes=0 pending=3 restPose=111 quiet=151 latched=0
[HEAD_REBIND] member='player2' targets=17 slots=7 reboundBones=0 reboundMeshes=0 pending=2 restPose=107 quiet=151 latched=0
[HEAD_REBIND] member='player0' targets=18 slots=11 reboundBones=0 reboundMeshes=0 pending=2 restPose=105 quiet=151 latched=0
[HEAD_REBIND] member='player3' targets=18 slots=9 reboundBones=0 reboundMeshes=0 pending=1 restPose=111 quiet=152 latched=0
[HEAD_REBIND] member='player1' targets=19 slots=59 reboundBones=0 reboundMeshes=0 pending=3 restPose=111 quiet=152 latched=0
[HEAD_REBIND] member='player2' targets=17 slots=7 reboundBones=0 reboundMeshes=0 pending=2 restPose=107 quiet=152 latched=0
[HEAD_REBIND] member='player0' targets=18 slots=11 reboundBones=0 reboundMeshes=0 pending=2 restPose=105 quiet=152 latched=0
[HEAD_REBIND] member='player3' targets=18 slots=9 reboundBones=0 reboundMeshes=0 pending=1 restPose=111 quiet=153 latched=0
[HEAD_REBIND] member='player1' targets=19 slots=59 reboundBones=0 reboundMeshes=0 pending=3 restPose=111 quiet=153 latched=0
[HEAD_REBIND] member='player2' targets=17 slots=7 reboundBones=0 reboundMeshes=0 pending=2 restPose=107 quiet=153 latched=0
[HEAD_REBIND] member='player0' targets=18 slots=11 reboundBones=0 reboundMeshes=0 pending=2 restPose=105 quiet=153 latched=0
[HEAD_REBIND] member='player3' targets=18 slots=9 reboundBones=0 reboundMeshes=0 pending=1 restPose=111 quiet=154 latched=0
[HEAD_REBIND] member='player1' targets=19 slots=59 reboundBones=0 reboundMeshes=0 pending=3 restPose=111 quiet=154 latched=0
[HEAD_REBIND] member='player2' targets=17 slots=7 reboundBones=0 reboundMeshes=0 pending=2 restPose=107 quiet=154 latched=0
[HEAD_REBIND] member='player0' targets=18 slots=11 reboundBones=0 reboundMeshes=0 pending=2 restPose=105 quiet=154 latched=0
[HEAD_REBIND] member='player3' targets=18 slots=9 reboundBones=0 reboundMeshes=0 pending=1 restPose=111 quiet=155 latched=0
[HEAD_REBIND] member='player1' targets=19 slots=59 reboundBones=0 reboundMeshes=0 pending=3 restPose=111 quiet=155 latched=0
[HEAD_REBIND] member='player2' targets=17 slots=7 reboundBones=0 reboundMeshes=0 pending=2 restPose=107 quiet=155 latched=0
[HEAD_REBIND] member='player0' targets=18 slots=11 reboundBones=0 reboundMeshes=0 pending=2 restPose=105 quiet=155 latched=0
[HEAD_REBIND] member='player3' targets=18 slots=9 reboundBones=0 reboundMeshes=0 pending=1 restPose=111 quiet=156 latched=0
[HEAD_REBIND] member='player1' targets=19 slots=59 reboundBones=0 reboundMeshes=0 pending=3 restPose=111 quiet=156 latched=0
[HEAD_REBIND] member='player2' targets=17 slots=7 reboundBones=0 reboundMeshes=0 pending=2 restPose=107 quiet=156 latched=0
[HEAD_REBIND] member='player0' targets=18 slots=11 reboundBones=0 reboundMeshes=0 pending=2 restPose=105 quiet=156 latched=0
[HEAD_REBIND] member='player3' targets=18 slots=9 reboundBones=0 reboundMeshes=0 pending=1 restPose=111 quiet=157 latched=0
[HEAD_REBIND] member='player1' targets=19 slots=59 reboundBones=0 reboundMeshes=0 pending=3 restPose=111 quiet=157 latched=0
[HEAD_REBIND] member='player2' targets=17 slots=7 reboundBones=0 reboundMeshes=0 pending=2 restPose=107 quiet=157 latched=0
[HEAD_REBIND] member='player0' targets=18 slots=11 reboundBones=0 reboundMeshes=0 pending=2 restPose=105 quiet=157 latched=0
[HEAD_REBIND] member='player3' targets=18 slots=9 reboundBones=0 reboundMeshes=0 pending=1 restPose=111 quiet=158 latched=0
[HEAD_REBIND] member='player1' targets=19 slots=59 reboundBones=0 reboundMeshes=0 pending=3 restPose=111 quiet=158 latched=0
[HEAD_REBIND] member='player2' targets=17 slots=7 reboundBones=0 reboundMeshes=0 pending=2 restPose=107 quiet=158 latched=0
[HEAD_REBIND] member='player0' targets=18 slots=11 reboundBones=0 reboundMeshes=0 pending=2 restPose=105 quiet=158 latched=0
[HEAD_REBIND] member='player3' targets=18 slots=9 reboundBones=0 reboundMeshes=0 pending=1 restPose=111 quiet=159 latched=0
[HEAD_REBIND] member='player1' targets=19 slots=59 reboundBones=0 reboundMeshes=0 pending=3 restPose=111 quiet=159 latched=0
[HEAD_REBIND] member='player2' targets=17 slots=7 reboundBones=0 reboundMeshes=0 pending=2 restPose=107 quiet=159 latched=0
[HEAD_REBIND] member='player0' targets=18 slots=11 reboundBones=0 reboundMeshes=0 pending=2 restPose=105 quiet=159 latched=0
[HEAD_REBIND] member='player3' targets=18 slots=9 reboundBones=0 reboundMeshes=0 pending=1 restPose=111 quiet=160 latched=0
[HEAD_REBIND] member='player1' targets=19 slots=59 reboundBones=0 reboundMeshes=0 pending=3 restPose=111 quiet=160 latched=0
[HEAD_REBIND] member='player2' targets=17 slots=7 reboundBones=0 reboundMeshes=0 pending=2 restPose=107 quiet=160 latched=0
[HEAD_REBIND] member='player0' targets=18 slots=11 reboundBones=0 reboundMeshes=0 pending=2 restPose=105 quiet=160 latched=0
[HEAD_REBIND] member='player3' targets=18 slots=9 reboundBones=0 reboundMeshes=0 pending=1 restPose=111 quiet=161 latched=0
[HEAD_REBIND] member='player1' targets=19 slots=59 reboundBones=0 reboundMeshes=0 pending=3 restPose=111 quiet=161 latched=0
[HEAD_REBIND] member='player2' targets=17 slots=7 reboundBones=0 reboundMeshes=0 pending=2 restPose=107 quiet=161 latched=0
[HEAD_REBIND] member='player0' targets=18 slots=11 reboundBones=0 reboundMeshes=0 pending=2 restPose=105 quiet=161 latched=0
[HEAD_REBIND] member='player3' targets=18 slots=9 reboundBones=0 reboundMeshes=0 pending=1 restPose=111 quiet=162 latched=0
[HEAD_REBIND] member='player1' targets=19 slots=59 reboundBones=0 reboundMeshes=0 pending=3 restPose=111 quiet=162 latched=0
[HEAD_REBIND] member='player2' targets=17 slots=7 reboundBones=0 reboundMeshes=0 pending=2 restPose=107 quiet=162 latched=0
[HEAD_REBIND] member='player0' targets=18 slots=11 reboundBones=0 reboundMeshes=0 pending=2 restPose=105 quiet=162 latched=0
[HEAD_REBIND] member='player3' targets=18 slots=9 reboundBones=0 reboundMeshes=0 pending=1 restPose=111 quiet=163 latched=0
[HEAD_REBIND] member='player1' targets=19 slots=59 reboundBones=0 reboundMeshes=0 pending=3 restPose=111 quiet=163 latched=0
[HEAD_REBIND] member='player2' targets=17 slots=7 reboundBones=0 reboundMeshes=0 pending=2 restPose=107 quiet=163 latched=0
[HEAD_REBIND] member='player0' targets=18 slots=11 reboundBones=0 reboundMeshes=0 pending=2 restPose=105 quiet=163 latched=0
[HEAD_REBIND] member='player3' targets=18 slots=9 reboundBones=0 reboundMeshes=0 pending=1 restPose=111 quiet=164 latched=0
[HEAD_REBIND] member='player1' targets=19 slots=59 reboundBones=0 reboundMeshes=0 pending=3 restPose=111 quiet=164 latched=0
[HEAD_REBIND] member='player2' targets=17 slots=7 reboundBones=0 reboundMeshes=0 pending=2 restPose=107 quiet=164 latched=0
[HEAD_REBIND] member='player0' targets=18 slots=11 reboundBones=0 reboundMeshes=0 pending=2 restPose=105 quiet=164 latched=0
[HEAD_REBIND] member='player3' targets=18 slots=9 reboundBones=0 reboundMeshes=0 pending=1 restPose=111 quiet=165 latched=0
[HEAD_REBIND] member='player1' targets=19 slots=59 reboundBones=0 reboundMeshes=0 pending=3 restPose=111 quiet=165 latched=0
[HEAD_REBIND] member='player2' targets=17 slots=7 reboundBones=0 reboundMeshes=0 pending=2 restPose=107 quiet=165 latched=0
[HEAD_REBIND] member='player0' targets=18 slots=11 reboundBones=0 reboundMeshes=0 pending=2 restPose=105 quiet=165 latched=0
[HEAD_REBIND] member='player3' targets=18 slots=9 reboundBones=0 reboundMeshes=0 pending=1 restPose=111 quiet=166 latched=0
[HEAD_REBIND] member='player1' targets=19 slots=59 reboundBones=0 reboundMeshes=0 pending=3 restPose=111 quiet=166 latched=0
[HEAD_REBIND] member='player2' targets=17 slots=7 reboundBones=0 reboundMeshes=0 pending=2 restPose=107 quiet=166 latched=0
[HEAD_REBIND] member='player0' targets=18 slots=11 reboundBones=0 reboundMeshes=0 pending=2 restPose=105 quiet=166 latched=0
[HEAD_REBIND] member='player3' targets=18 slots=9 reboundBones=0 reboundMeshes=0 pending=1 restPose=111 quiet=167 latched=0
[HEAD_REBIND] member='player1' targets=19 slots=59 reboundBones=0 reboundMeshes=0 pending=3 restPose=111 quiet=167 latched=0
[HEAD_REBIND] member='player2' targets=17 slots=7 reboundBones=0 reboundMeshes=0 pending=2 restPose=107 quiet=167 latched=0
[HEAD_REBIND] member='player0' targets=18 slots=11 reboundBones=0 reboundMeshes=0 pending=2 restPose=105 quiet=167 latched=0
[HEAD_REBIND] member='player3' targets=18 slots=9 reboundBones=0 reboundMeshes=0 pending=1 restPose=111 quiet=168 latched=0
[HEAD_REBIND] member='player1' targets=19 slots=59 reboundBones=0 reboundMeshes=0 pending=3 restPose=111 quiet=168 latched=0
[HEAD_REBIND] member='player2' targets=17 slots=7 reboundBones=0 reboundMeshes=0 pending=2 restPose=107 quiet=168 latched=0
[HEAD_REBIND] member='player0' targets=18 slots=11 reboundBones=0 reboundMeshes=0 pending=2 restPose=105 quiet=168 latched=0
[HEAD_REBIND] member='player3' targets=18 slots=9 reboundBones=0 reboundMeshes=0 pending=1 restPose=111 quiet=169 latched=0
[HEAD_REBIND] member='player1' targets=19 slots=59 reboundBones=0 reboundMeshes=0 pending=3 restPose=111 quiet=169 latched=0
[HEAD_REBIND] member='player2' targets=17 slots=7 reboundBones=0 reboundMeshes=0 pending=2 restPose=107 quiet=169 latched=0
[HEAD_REBIND] member='player0' targets=18 slots=11 reboundBones=0 reboundMeshes=0 pending=2 restPose=105 quiet=169 latched=0
[HEAD_REBIND] member='player3' targets=18 slots=9 reboundBones=0 reboundMeshes=0 pending=1 restPose=111 quiet=170 latched=0
[HEAD_REBIND] member='player1' targets=19 slots=59 reboundBones=0 reboundMeshes=0 pending=3 restPose=111 quiet=170 latched=0
[HEAD_REBIND] member='player2' targets=17 slots=7 reboundBones=0 reboundMeshes=0 pending=2 restPose=107 quiet=170 latched=0
[HEAD_REBIND] member='player0' targets=18 slots=11 reboundBones=0 reboundMeshes=0 pending=2 restPose=105 quiet=170 latched=0
[HEAD_REBIND] member='player3' targets=18 slots=9 reboundBones=0 reboundMeshes=0 pending=1 restPose=111 quiet=171 latched=0
[HEAD_REBIND] member='player1' targets=19 slots=59 reboundBones=0 reboundMeshes=0 pending=3 restPose=111 quiet=171 latched=0
[HEAD_REBIND] member='player2' targets=17 slots=7 reboundBones=0 reboundMeshes=0 pending=2 restPose=107 quiet=171 latched=0
[HEAD_REBIND] member='player0' targets=18 slots=11 reboundBones=0 reboundMeshes=0 pending=2 restPose=105 quiet=171 latched=0
[HEAD_REBIND] member='player3' targets=18 slots=9 reboundBones=0 reboundMeshes=0 pending=1 restPose=111 quiet=172 latched=0
[HEAD_REBIND] member='player1' targets=19 slots=59 reboundBones=0 reboundMeshes=0 pending=3 restPose=111 quiet=172 latched=0
[HEAD_REBIND] member='player2' targets=17 slots=7 reboundBones=0 reboundMeshes=0 pending=2 restPose=107 quiet=172 latched=0
[HEAD_REBIND] member='player0' targets=18 slots=11 reboundBones=0 reboundMeshes=0 pending=2 restPose=105 quiet=172 latched=0
[HEAD_REBIND] member='player3' targets=18 slots=9 reboundBones=0 reboundMeshes=0 pending=1 restPose=111 quiet=173 latched=0
[HEAD_REBIND] member='player2' targets=17 slots=7 reboundBones=0 reboundMeshes=0 pending=2 restPose=107 quiet=173 latched=0
[HEAD_REBIND] member='player1' targets=19 slots=59 reboundBones=0 reboundMeshes=0 pending=3 restPose=111 quiet=173 latched=0
[HEAD_REBIND] member='player0' targets=18 slots=11 reboundBones=0 reboundMeshes=0 pending=2 restPose=105 quiet=173 latched=0
[HEAD_REBIND] member='player3' targets=18 slots=9 reboundBones=0 reboundMeshes=0 pending=1 restPose=111 quiet=174 latched=0
[HEAD_REBIND] member='player2' targets=17 slots=7 reboundBones=0 reboundMeshes=0 pending=2 restPose=107 quiet=174 latched=0
[HEAD_REBIND] member='player1' targets=19 slots=59 reboundBones=0 reboundMeshes=0 pending=3 restPose=111 quiet=174 latched=0
[HEAD_REBIND] member='player0' targets=18 slots=11 reboundBones=0 reboundMeshes=0 pending=2 restPose=105 quiet=174 latched=0
[HEAD_REBIND] member='player3' targets=18 slots=9 reboundBones=0 reboundMeshes=0 pending=1 restPose=111 quiet=175 latched=0
[HEAD_REBIND] member='player2' targets=17 slots=7 reboundBones=0 reboundMeshes=0 pending=2 restPose=107 quiet=175 latched=0
[HEAD_REBIND] member='player1' targets=19 slots=59 reboundBones=0 reboundMeshes=0 pending=3 restPose=111 quiet=175 latched=0
[HEAD_REBIND] member='player0' targets=18 slots=11 reboundBones=0 reboundMeshes=0 pending=2 restPose=105 quiet=175 latched=0
[HEAD_REBIND] member='player3' targets=18 slots=9 reboundBones=0 reboundMeshes=0 pending=1 restPose=111 quiet=176 latched=0
[HEAD_REBIND] member='player2' targets=17 slots=7 reboundBones=0 reboundMeshes=0 pending=2 restPose=107 quiet=176 latched=0
[HEAD_REBIND] member='player1' targets=19 slots=59 reboundBones=0 reboundMeshes=0 pending=3 restPose=111 quiet=176 latched=0
[HEAD_REBIND] member='player0' targets=18 slots=11 reboundBones=0 reboundMeshes=0 pending=2 restPose=105 quiet=176 latched=0
[HEAD_REBIND] member='player3' targets=18 slots=9 reboundBones=0 reboundMeshes=0 pending=1 restPose=111 quiet=177 latched=0
[HEAD_REBIND] member='player2' targets=17 slots=7 reboundBones=0 reboundMeshes=0 pending=2 restPose=107 quiet=177 latched=0
[HEAD_REBIND] member='player1' targets=19 slots=59 reboundBones=0 reboundMeshes=0 pending=3 restPose=111 quiet=177 latched=0
[HEAD_REBIND] member='player0' targets=18 slots=11 reboundBones=0 reboundMeshes=0 pending=2 restPose=105 quiet=177 latched=0
[HEAD_REBIND] member='player3' targets=18 slots=9 reboundBones=0 reboundMeshes=0 pending=1 restPose=111 quiet=178 latched=0
[HEAD_REBIND] member='player2' targets=17 slots=7 reboundBones=0 reboundMeshes=0 pending=2 restPose=107 quiet=178 latched=0
[HEAD_REBIND] member='player1' targets=19 slots=59 reboundBones=0 reboundMeshes=0 pending=3 restPose=111 quiet=178 latched=0
[HEAD_REBIND] member='player0' targets=18 slots=11 reboundBones=0 reboundMeshes=0 pending=2 restPose=105 quiet=178 latched=0
[HEAD_REBIND] member='player3' targets=18 slots=9 reboundBones=0 reboundMeshes=0 pending=1 restPose=111 quiet=179 latched=0
[HEAD_REBIND] member='player2' targets=17 slots=7 reboundBones=0 reboundMeshes=0 pending=2 restPose=107 quiet=179 latched=0
[HEAD_REBIND] member='player1' targets=19 slots=59 reboundBones=0 reboundMeshes=0 pending=3 restPose=111 quiet=179 latched=0
[HEAD_REBIND] member='player0' targets=18 slots=11 reboundBones=0 reboundMeshes=0 pending=2 restPose=105 quiet=179 latched=0
[HEAD_REBIND] member='player3' targets=18 slots=9 reboundBones=0 reboundMeshes=0 pending=1 restPose=111 quiet=180 latched=0
[HEAD_REBIND] member='player2' targets=17 slots=7 reboundBones=0 reboundMeshes=0 pending=2 restPose=107 quiet=180 latched=0
[HEAD_REBIND] member='player1' targets=19 slots=59 reboundBones=0 reboundMeshes=0 pending=3 restPose=111 quiet=180 latched=0
[HEAD_REBIND] member='player0' targets=18 slots=11 reboundBones=0 reboundMeshes=0 pending=2 restPose=105 quiet=180 latched=0
[HEAD_REBIND] member='player3' targets=18 slots=9 reboundBones=0 reboundMeshes=0 pending=1 restPose=111 quiet=181 latched=0
[HEAD_REBIND] member='player2' targets=17 slots=7 reboundBones=0 reboundMeshes=0 pending=2 restPose=107 quiet=181 latched=0
[HEAD_REBIND] member='player1' targets=19 slots=59 reboundBones=0 reboundMeshes=0 pending=3 restPose=111 quiet=181 latched=0
[HEAD_REBIND] member='player0' targets=18 slots=11 reboundBones=0 reboundMeshes=0 pending=2 restPose=105 quiet=181 latched=0
[HEAD_REBIND] member='player3' targets=18 slots=9 reboundBones=0 reboundMeshes=0 pending=1 restPose=111 quiet=182 latched=0
[HEAD_REBIND] member='player2' targets=17 slots=7 reboundBones=0 reboundMeshes=0 pending=2 restPose=107 quiet=182 latched=0
[HEAD_REBIND] member='player1' targets=19 slots=59 reboundBones=0 reboundMeshes=0 pending=3 restPose=111 quiet=182 latched=0
[HEAD_REBIND] member='player0' targets=18 slots=11 reboundBones=0 reboundMeshes=0 pending=2 restPose=105 quiet=182 latched=0
[HEAD_REBIND] member='player3' targets=18 slots=9 reboundBones=0 reboundMeshes=0 pending=1 restPose=111 quiet=183 latched=0
[HEAD_REBIND] member='player2' targets=17 slots=7 reboundBones=0 reboundMeshes=0 pending=2 restPose=107 quiet=183 latched=0
[HEAD_REBIND] member='player1' targets=19 slots=59 reboundBones=0 reboundMeshes=0 pending=3 restPose=111 quiet=183 latched=0
[HEAD_REBIND] member='player0' targets=18 slots=11 reboundBones=0 reboundMeshes=0 pending=2 restPose=105 quiet=183 latched=0
[HEAD_REBIND] member='player3' targets=18 slots=9 reboundBones=0 reboundMeshes=0 pending=1 restPose=111 quiet=184 latched=0
[HEAD_REBIND] member='player2' targets=17 slots=7 reboundBones=0 reboundMeshes=0 pending=2 restPose=107 quiet=184 latched=0
[HEAD_REBIND] member='player1' targets=19 slots=59 reboundBones=0 reboundMeshes=0 pending=3 restPose=111 quiet=184 latched=0
[HEAD_REBIND] member='player0' targets=18 slots=11 reboundBones=0 reboundMeshes=0 pending=2 restPose=105 quiet=184 latched=0
[HEAD_REBIND] member='player3' targets=18 slots=9 reboundBones=0 reboundMeshes=0 pending=1 restPose=111 quiet=185 latched=0
[HEAD_REBIND] member='player2' targets=17 slots=7 reboundBones=0 reboundMeshes=0 pending=2 restPose=107 quiet=185 latched=0
[HEAD_REBIND] member='player1' targets=19 slots=59 reboundBones=0 reboundMeshes=0 pending=3 restPose=111 quiet=185 latched=0
[HEAD_REBIND] member='player0' targets=18 slots=11 reboundBones=0 reboundMeshes=0 pending=2 restPose=105 quiet=185 latched=0
[HEAD_REBIND] member='player3' targets=18 slots=9 reboundBones=0 reboundMeshes=0 pending=1 restPose=111 quiet=186 latched=0
[HEAD_REBIND] member='player2' targets=17 slots=7 reboundBones=0 reboundMeshes=0 pending=2 restPose=107 quiet=186 latched=0
[HEAD_REBIND] member='player1' targets=19 slots=59 reboundBones=0 reboundMeshes=0 pending=3 restPose=111 quiet=186 latched=0
[HEAD_REBIND] member='player0' targets=18 slots=11 reboundBones=0 reboundMeshes=0 pending=2 restPose=105 quiet=186 latched=0
[HEAD_REBIND] member='player3' targets=18 slots=9 reboundBones=0 reboundMeshes=0 pending=1 restPose=111 quiet=187 latched=0
[HEAD_REBIND] member='player2' targets=17 slots=7 reboundBones=0 reboundMeshes=0 pending=2 restPose=107 quiet=187 latched=0
[HEAD_REBIND] member='player1' targets=19 slots=59 reboundBones=0 reboundMeshes=0 pending=3 restPose=111 quiet=187 latched=0
[HEAD_REBIND] member='player0' targets=18 slots=11 reboundBones=0 reboundMeshes=0 pending=2 restPose=105 quiet=187 latched=0
[HEAD_REBIND] member='player3' targets=18 slots=9 reboundBones=0 reboundMeshes=0 pending=1 restPose=111 quiet=188 latched=0
[HEAD_REBIND] member='player2' targets=17 slots=7 reboundBones=0 reboundMeshes=0 pending=2 restPose=107 quiet=188 latched=0
[HEAD_REBIND] member='player1' targets=19 slots=59 reboundBones=0 reboundMeshes=0 pending=3 restPose=111 quiet=188 latched=0
[HEAD_REBIND] member='player0' targets=18 slots=11 reboundBones=0 reboundMeshes=0 pending=2 restPose=105 quiet=188 latched=0
[HEAD_REBIND] member='player3' targets=18 slots=9 reboundBones=0 reboundMeshes=0 pending=1 restPose=111 quiet=189 latched=0
[HEAD_REBIND] member='player2' targets=17 slots=7 reboundBones=0 reboundMeshes=0 pending=2 restPose=107 quiet=189 latched=0
[HEAD_REBIND] member='player1' targets=19 slots=59 reboundBones=0 reboundMeshes=0 pending=3 restPose=111 quiet=189 latched=0
[HEAD_REBIND] member='player0' targets=18 slots=11 reboundBones=0 reboundMeshes=0 pending=2 restPose=105 quiet=189 latched=0
[HEAD_REBIND] member='player3' targets=18 slots=9 reboundBones=0 reboundMeshes=0 pending=1 restPose=111 quiet=190 latched=0
[HEAD_REBIND] member='player2' targets=17 slots=7 reboundBones=0 reboundMeshes=0 pending=2 restPose=107 quiet=190 latched=0
[HEAD_REBIND] member='player1' targets=19 slots=59 reboundBones=0 reboundMeshes=0 pending=3 restPose=111 quiet=190 latched=0
[HEAD_REBIND] member='player0' targets=18 slots=11 reboundBones=0 reboundMeshes=0 pending=2 restPose=105 quiet=190 latched=0
[HEAD_REBIND] member='player3' targets=18 slots=9 reboundBones=0 reboundMeshes=0 pending=1 restPose=111 quiet=191 latched=0
[HEAD_REBIND] member='player2' targets=17 slots=7 reboundBones=0 reboundMeshes=0 pending=2 restPose=107 quiet=191 latched=0
[HEAD_REBIND] member='player1' targets=19 slots=59 reboundBones=0 reboundMeshes=0 pending=3 restPose=111 quiet=191 latched=0
[HEAD_REBIND] member='player0' targets=18 slots=11 reboundBones=0 reboundMeshes=0 pending=2 restPose=105 quiet=191 latched=0
[HEAD_REBIND] member='player3' targets=18 slots=9 reboundBones=0 reboundMeshes=0 pending=1 restPose=111 quiet=192 latched=0
[HEAD_REBIND] member='player2' targets=17 slots=7 reboundBones=0 reboundMeshes=0 pending=2 restPose=107 quiet=192 latched=0
[HEAD_REBIND] member='player1' targets=19 slots=59 reboundBones=0 reboundMeshes=0 pending=3 restPose=111 quiet=192 latched=0
[HEAD_REBIND] member='player0' targets=18 slots=11 reboundBones=0 reboundMeshes=0 pending=2 restPose=105 quiet=192 latched=0
[HEAD_REBIND] member='player3' targets=18 slots=9 reboundBones=0 reboundMeshes=0 pending=1 restPose=111 quiet=193 latched=0
[HEAD_REBIND] member='player2' targets=17 slots=7 reboundBones=0 reboundMeshes=0 pending=2 restPose=107 quiet=193 latched=0
[HEAD_REBIND] member='player1' targets=19 slots=59 reboundBones=0 reboundMeshes=0 pending=3 restPose=111 quiet=193 latched=0
[HEAD_REBIND] member='player0' targets=18 slots=11 reboundBones=0 reboundMeshes=0 pending=2 restPose=105 quiet=193 latched=0
[HEAD_REBIND] member='player3' targets=18 slots=9 reboundBones=0 reboundMeshes=0 pending=1 restPose=111 quiet=194 latched=0
[HEAD_REBIND] member='player2' targets=17 slots=7 reboundBones=0 reboundMeshes=0 pending=2 restPose=107 quiet=194 latched=0
[HEAD_REBIND] member='player1' targets=19 slots=59 reboundBones=0 reboundMeshes=0 pending=3 restPose=111 quiet=194 latched=0
[HEAD_REBIND] member='player0' targets=18 slots=11 reboundBones=0 reboundMeshes=0 pending=2 restPose=105 quiet=194 latched=0
[HEAD_REBIND] member='player3' targets=18 slots=9 reboundBones=0 reboundMeshes=0 pending=1 restPose=111 quiet=195 latched=0
[HEAD_REBIND] member='player2' targets=17 slots=7 reboundBones=0 reboundMeshes=0 pending=2 restPose=107 quiet=195 latched=0
[HEAD_REBIND] member='player1' targets=19 slots=59 reboundBones=0 reboundMeshes=0 pending=3 restPose=111 quiet=195 latched=0
[HEAD_REBIND] member='player0' targets=18 slots=11 reboundBones=0 reboundMeshes=0 pending=2 restPose=105 quiet=195 latched=0
[HEAD_REBIND] member='player3' targets=18 slots=9 reboundBones=0 reboundMeshes=0 pending=1 restPose=111 quiet=196 latched=0
[HEAD_REBIND] member='player2' targets=17 slots=7 reboundBones=0 reboundMeshes=0 pending=2 restPose=107 quiet=196 latched=0
[HEAD_REBIND] member='player1' targets=19 slots=59 reboundBones=0 reboundMeshes=0 pending=3 restPose=111 quiet=196 latched=0
[HEAD_REBIND] member='player0' targets=18 slots=11 reboundBones=0 reboundMeshes=0 pending=2 restPose=105 quiet=196 latched=0
[HEAD_REBIND] member='player3' targets=18 slots=9 reboundBones=0 reboundMeshes=0 pending=1 restPose=111 quiet=197 latched=0
[HEAD_REBIND] member='player2' targets=17 slots=7 reboundBones=0 reboundMeshes=0 pending=2 restPose=107 quiet=197 latched=0
[HEAD_REBIND] member='player1' targets=19 slots=59 reboundBones=0 reboundMeshes=0 pending=3 restPose=111 quiet=197 latched=0
[HEAD_REBIND] member='player0' targets=18 slots=11 reboundBones=0 reboundMeshes=0 pending=2 restPose=105 quiet=197 latched=0
[HEAD_REBIND] member='player3' targets=18 slots=9 reboundBones=0 reboundMeshes=0 pending=1 restPose=111 quiet=198 latched=0
[HEAD_REBIND] member='player2' targets=17 slots=7 reboundBones=0 reboundMeshes=0 pending=2 restPose=107 quiet=198 latched=0
[HEAD_REBIND] member='player1' targets=19 slots=59 reboundBones=0 reboundMeshes=0 pending=3 restPose=111 quiet=198 latched=0
[HEAD_REBIND] member='player0' targets=18 slots=11 reboundBones=0 reboundMeshes=0 pending=2 restPose=105 quiet=198 latched=0
[HEAD_REBIND] member='player3' targets=18 slots=9 reboundBones=0 reboundMeshes=0 pending=1 restPose=111 quiet=199 latched=0
[HEAD_REBIND] member='player2' targets=17 slots=7 reboundBones=0 reboundMeshes=0 pending=2 restPose=107 quiet=199 latched=0
[HEAD_REBIND] member='player1' targets=19 slots=59 reboundBones=0 reboundMeshes=0 pending=3 restPose=111 quiet=199 latched=0
[HEAD_REBIND] member='player0' targets=18 slots=11 reboundBones=0 reboundMeshes=0 pending=2 restPose=105 quiet=199 latched=0
[HEAD_REBIND] member='player3' targets=18 slots=9 reboundBones=0 reboundMeshes=0 pending=1 restPose=111 quiet=200 latched=0
[HEAD_REBIND] member='player2' targets=17 slots=7 reboundBones=0 reboundMeshes=0 pending=2 restPose=107 quiet=200 latched=0
[HEAD_REBIND] member='player1' targets=19 slots=59 reboundBones=0 reboundMeshes=0 pending=3 restPose=111 quiet=200 latched=0
[HEAD_REBIND] member='player0' targets=18 slots=11 reboundBones=0 reboundMeshes=0 pending=2 restPose=105 quiet=200 latched=0
[HEAD_REBIND] member='player3' targets=18 slots=9 reboundBones=0 reboundMeshes=0 pending=1 restPose=111 quiet=201 latched=0
[HEAD_REBIND] member='player2' targets=17 slots=7 reboundBones=0 reboundMeshes=0 pending=2 restPose=107 quiet=201 latched=0
[HEAD_REBIND] member='player1' targets=19 slots=59 reboundBones=0 reboundMeshes=0 pending=3 restPose=111 quiet=201 latched=0
[HEAD_REBIND] member='player0' targets=18 slots=11 reboundBones=0 reboundMeshes=0 pending=2 restPose=105 quiet=201 latched=0
[HEAD_REBIND] member='player3' targets=18 slots=9 reboundBones=0 reboundMeshes=0 pending=1 restPose=111 quiet=202 latched=0
[HEAD_REBIND] member='player2' targets=17 slots=7 reboundBones=0 reboundMeshes=0 pending=2 restPose=107 quiet=202 latched=0
[HEAD_REBIND] member='player1' targets=19 slots=59 reboundBones=0 reboundMeshes=0 pending=3 restPose=111 quiet=202 latched=0
[HEAD_REBIND] member='player0' targets=18 slots=11 reboundBones=0 reboundMeshes=0 pending=2 restPose=105 quiet=202 latched=0
[HEAD_REBIND] member='player3' targets=18 slots=9 reboundBones=0 reboundMeshes=0 pending=1 restPose=111 quiet=203 latched=0
[HEAD_REBIND] member='player2' targets=17 slots=7 reboundBones=0 reboundMeshes=0 pending=2 restPose=107 quiet=203 latched=0
[HEAD_REBIND] member='player1' targets=19 slots=59 reboundBones=0 reboundMeshes=0 pending=3 restPose=111 quiet=203 latched=0
[HEAD_REBIND] member='player0' targets=18 slots=11 reboundBones=0 reboundMeshes=0 pending=2 restPose=105 quiet=203 latched=0
[HEAD_REBIND] member='player3' targets=18 slots=9 reboundBones=0 reboundMeshes=0 pending=1 restPose=111 quiet=204 latched=0
[HEAD_REBIND] member='player2' targets=17 slots=7 reboundBones=0 reboundMeshes=0 pending=2 restPose=107 quiet=204 latched=0
[HEAD_REBIND] member='player1' targets=19 slots=59 reboundBones=0 reboundMeshes=0 pending=3 restPose=111 quiet=204 latched=0
[HEAD_REBIND] member='player0' targets=18 slots=11 reboundBones=0 reboundMeshes=0 pending=2 restPose=105 quiet=204 latched=0
[HEAD_REBIND] member='player3' targets=18 slots=9 reboundBones=0 reboundMeshes=0 pending=1 restPose=111 quiet=205 latched=0
[HEAD_REBIND] member='player2' targets=17 slots=7 reboundBones=0 reboundMeshes=0 pending=2 restPose=107 quiet=205 latched=0
[HEAD_REBIND] member='player1' targets=19 slots=59 reboundBones=0 reboundMeshes=0 pending=3 restPose=111 quiet=205 latched=0
[HEAD_REBIND] member='player0' targets=18 slots=11 reboundBones=0 reboundMeshes=0 pending=2 restPose=105 quiet=205 latched=0
[HEAD_REBIND] member='player3' targets=18 slots=9 reboundBones=0 reboundMeshes=0 pending=1 restPose=111 quiet=206 latched=0
[HEAD_REBIND] member='player2' targets=17 slots=7 reboundBones=0 reboundMeshes=0 pending=2 restPose=107 quiet=206 latched=0
[HEAD_REBIND] member='player1' targets=19 slots=59 reboundBones=0 reboundMeshes=0 pending=3 restPose=111 quiet=206 latched=0
[HEAD_REBIND] member='player0' targets=18 slots=11 reboundBones=0 reboundMeshes=0 pending=2 restPose=105 quiet=206 latched=0
[HEAD_REBIND] member='player3' targets=18 slots=9 reboundBones=0 reboundMeshes=0 pending=1 restPose=111 quiet=207 latched=0
[HEAD_REBIND] member='player2' targets=17 slots=7 reboundBones=0 reboundMeshes=0 pending=2 restPose=107 quiet=207 latched=0
[HEAD_REBIND] member='player1' targets=19 slots=59 reboundBones=0 reboundMeshes=0 pending=3 restPose=111 quiet=207 latched=0
[HEAD_REBIND] member='player0' targets=18 slots=11 reboundBones=0 reboundMeshes=0 pending=2 restPose=105 quiet=207 latched=0
[HEAD_REBIND] member='player3' targets=18 slots=9 reboundBones=0 reboundMeshes=0 pending=1 restPose=111 quiet=208 latched=0
[HEAD_REBIND] member='player2' targets=17 slots=7 reboundBones=0 reboundMeshes=0 pending=2 restPose=107 quiet=208 latched=0
[HEAD_REBIND] member='player1' targets=19 slots=59 reboundBones=0 reboundMeshes=0 pending=3 restPose=111 quiet=208 latched=0
[HEAD_REBIND] member='player0' targets=18 slots=11 reboundBones=0 reboundMeshes=0 pending=2 restPose=105 quiet=208 latched=0
[HEAD_REBIND] member='player3' targets=18 slots=9 reboundBones=0 reboundMeshes=0 pending=1 restPose=111 quiet=209 latched=0
[HEAD_REBIND] member='player2' targets=17 slots=7 reboundBones=0 reboundMeshes=0 pending=2 restPose=107 quiet=209 latched=0
[HEAD_REBIND] member='player1' targets=19 slots=59 reboundBones=0 reboundMeshes=0 pending=3 restPose=111 quiet=209 latched=0
[HEAD_REBIND] member='player0' targets=18 slots=11 reboundBones=0 reboundMeshes=0 pending=2 restPose=105 quiet=209 latched=0
[HEAD_REBIND] member='player3' targets=18 slots=9 reboundBones=0 reboundMeshes=0 pending=1 restPose=111 quiet=210 latched=0
[HEAD_REBIND] member='player2' targets=17 slots=7 reboundBones=0 reboundMeshes=0 pending=2 restPose=107 quiet=210 latched=0
[HEAD_REBIND] member='player1' targets=19 slots=59 reboundBones=0 reboundMeshes=0 pending=3 restPose=111 quiet=210 latched=0
[HEAD_REBIND] member='player0' targets=18 slots=11 reboundBones=0 reboundMeshes=0 pending=2 restPose=105 quiet=210 latched=0
[HEAD_REBIND] member='player3' targets=18 slots=9 reboundBones=0 reboundMeshes=0 pending=1 restPose=111 quiet=211 latched=0
[HEAD_REBIND] member='player2' targets=17 slots=7 reboundBones=0 reboundMeshes=0 pending=2 restPose=107 quiet=211 latched=0
[HEAD_REBIND] member='player1' targets=19 slots=59 reboundBones=0 reboundMeshes=0 pending=3 restPose=111 quiet=211 latched=0
[HEAD_REBIND] member='player0' targets=18 slots=11 reboundBones=0 reboundMeshes=0 pending=2 restPose=105 quiet=211 latched=0
[HEAD_REBIND] member='player3' targets=18 slots=9 reboundBones=0 reboundMeshes=0 pending=1 restPose=111 quiet=212 latched=0
[HEAD_REBIND] member='player2' targets=17 slots=7 reboundBones=0 reboundMeshes=0 pending=2 restPose=107 quiet=212 latched=0
[HEAD_REBIND] member='player1' targets=19 slots=59 reboundBones=0 reboundMeshes=0 pending=3 restPose=111 quiet=212 latched=0
[HEAD_REBIND] member='player0' targets=18 slots=11 reboundBones=0 reboundMeshes=0 pending=2 restPose=105 quiet=212 latched=0
[HEAD_REBIND] member='player3' targets=18 slots=9 reboundBones=0 reboundMeshes=0 pending=1 restPose=111 quiet=213 latched=0
[HEAD_REBIND] member='player2' targets=17 slots=7 reboundBones=0 reboundMeshes=0 pending=2 restPose=107 quiet=213 latched=0
[HEAD_REBIND] member='player1' targets=19 slots=59 reboundBones=0 reboundMeshes=0 pending=3 restPose=111 quiet=213 latched=0
[HEAD_REBIND] member='player0' targets=18 slots=11 reboundBones=0 reboundMeshes=0 pending=2 restPose=105 quiet=213 latched=0
[HEAD_REBIND] member='player3' targets=18 slots=9 reboundBones=0 reboundMeshes=0 pending=1 restPose=111 quiet=214 latched=0
[HEAD_REBIND] member='player2' targets=17 slots=7 reboundBones=0 reboundMeshes=0 pending=2 restPose=107 quiet=214 latched=0
[HEAD_REBIND] member='player1' targets=19 slots=59 reboundBones=0 reboundMeshes=0 pending=3 restPose=111 quiet=214 latched=0
[HEAD_REBIND] member='player0' targets=18 slots=11 reboundBones=0 reboundMeshes=0 pending=2 restPose=105 quiet=214 latched=0
[HEAD_REBIND] member='player3' targets=18 slots=9 reboundBones=0 reboundMeshes=0 pending=1 restPose=111 quiet=215 latched=0
[HEAD_REBIND] member='player2' targets=17 slots=7 reboundBones=0 reboundMeshes=0 pending=2 restPose=107 quiet=215 latched=0
[HEAD_REBIND] member='player1' targets=19 slots=59 reboundBones=0 reboundMeshes=0 pending=3 restPose=111 quiet=215 latched=0
[HEAD_REBIND] member='player0' targets=18 slots=11 reboundBones=0 reboundMeshes=0 pending=2 restPose=105 quiet=215 latched=0
[HEAD_REBIND] member='player3' targets=18 slots=9 reboundBones=0 reboundMeshes=0 pending=1 restPose=111 quiet=216 latched=0
[HEAD_REBIND] member='player2' targets=17 slots=7 reboundBones=0 reboundMeshes=0 pending=2 restPose=107 quiet=216 latched=0
[HEAD_REBIND] member='player1' targets=19 slots=59 reboundBones=0 reboundMeshes=0 pending=3 restPose=111 quiet=216 latched=0
[HEAD_REBIND] member='player0' targets=18 slots=11 reboundBones=0 reboundMeshes=0 pending=2 restPose=105 quiet=216 latched=0
[HEAD_REBIND] member='player3' targets=18 slots=9 reboundBones=0 reboundMeshes=0 pending=1 restPose=111 quiet=217 latched=0
[HEAD_REBIND] member='player2' targets=17 slots=7 reboundBones=0 reboundMeshes=0 pending=2 restPose=107 quiet=217 latched=0
[HEAD_REBIND] member='player1' targets=19 slots=59 reboundBones=0 reboundMeshes=0 pending=3 restPose=111 quiet=217 latched=0
[HEAD_REBIND] member='player0' targets=18 slots=11 reboundBones=0 reboundMeshes=0 pending=2 restPose=105 quiet=217 latched=0
[HEAD_REBIND] member='player3' targets=18 slots=9 reboundBones=0 reboundMeshes=0 pending=1 restPose=111 quiet=218 latched=0
[HEAD_REBIND] member='player2' targets=17 slots=7 reboundBones=0 reboundMeshes=0 pending=2 restPose=107 quiet=218 latched=0
[HEAD_REBIND] member='player1' targets=19 slots=59 reboundBones=0 reboundMeshes=0 pending=3 restPose=111 quiet=218 latched=0
[HEAD_REBIND] member='player0' targets=18 slots=11 reboundBones=0 reboundMeshes=0 pending=2 restPose=105 quiet=218 latched=0
[HEAD_REBIND] member='player3' targets=18 slots=9 reboundBones=0 reboundMeshes=0 pending=1 restPose=111 quiet=219 latched=0
[HEAD_REBIND] member='player2' targets=17 slots=7 reboundBones=0 reboundMeshes=0 pending=2 restPose=107 quiet=219 latched=0
[HEAD_REBIND] member='player1' targets=19 slots=59 reboundBones=0 reboundMeshes=0 pending=3 restPose=111 quiet=219 latched=0
[HEAD_REBIND] member='player0' targets=18 slots=11 reboundBones=0 reboundMeshes=0 pending=2 restPose=105 quiet=219 latched=0
[HEAD_REBIND] member='player3' targets=18 slots=9 reboundBones=0 reboundMeshes=0 pending=1 restPose=111 quiet=220 latched=0
[HEAD_REBIND] member='player2' targets=17 slots=7 reboundBones=0 reboundMeshes=0 pending=2 restPose=107 quiet=220 latched=0
[HEAD_REBIND] member='player1' targets=19 slots=59 reboundBones=0 reboundMeshes=0 pending=3 restPose=111 quiet=220 latched=0
[HEAD_REBIND] member='player0' targets=18 slots=11 reboundBones=0 reboundMeshes=0 pending=2 restPose=105 quiet=220 latched=0
[HEAD_REBIND] member='player3' targets=18 slots=9 reboundBones=0 reboundMeshes=0 pending=1 restPose=111 quiet=221 latched=0
[HEAD_REBIND] member='player2' targets=17 slots=7 reboundBones=0 reboundMeshes=0 pending=2 restPose=107 quiet=221 latched=0
[HEAD_REBIND] member='player1' targets=19 slots=59 reboundBones=0 reboundMeshes=0 pending=3 restPose=111 quiet=221 latched=0
[HEAD_REBIND] member='player0' targets=18 slots=11 reboundBones=0 reboundMeshes=0 pending=2 restPose=105 quiet=221 latched=0
[HEAD_REBIND] member='player3' targets=18 slots=9 reboundBones=0 reboundMeshes=0 pending=1 restPose=111 quiet=222 latched=0
[HEAD_REBIND] member='player2' targets=17 slots=7 reboundBones=0 reboundMeshes=0 pending=2 restPose=107 quiet=222 latched=0
[HEAD_REBIND] member='player1' targets=19 slots=59 reboundBones=0 reboundMeshes=0 pending=3 restPose=111 quiet=222 latched=0
[HEAD_REBIND] member='player0' targets=18 slots=11 reboundBones=0 reboundMeshes=0 pending=2 restPose=105 quiet=222 latched=0
[HEAD_REBIND] member='player3' targets=18 slots=9 reboundBones=0 reboundMeshes=0 pending=1 restPose=111 quiet=223 latched=0
[HEAD_REBIND] member='player2' targets=17 slots=7 reboundBones=0 reboundMeshes=0 pending=2 restPose=107 quiet=223 latched=0
[HEAD_REBIND] member='player1' targets=19 slots=59 reboundBones=0 reboundMeshes=0 pending=3 restPose=111 quiet=223 latched=0
[HEAD_REBIND] member='player0' targets=18 slots=11 reboundBones=0 reboundMeshes=0 pending=2 restPose=105 quiet=223 latched=0
[HEAD_REBIND] member='player3' targets=18 slots=9 reboundBones=0 reboundMeshes=0 pending=1 restPose=111 quiet=224 latched=0
[HEAD_REBIND] member='player2' targets=17 slots=7 reboundBones=0 reboundMeshes=0 pending=2 restPose=107 quiet=224 latched=0
[HEAD_REBIND] member='player1' targets=19 slots=59 reboundBones=0 reboundMeshes=0 pending=3 restPose=111 quiet=224 latched=0
[HEAD_REBIND] member='player0' targets=18 slots=11 reboundBones=0 reboundMeshes=0 pending=2 restPose=105 quiet=224 latched=0
[HEAD_REBIND] member='player3' targets=18 slots=9 reboundBones=0 reboundMeshes=0 pending=1 restPose=111 quiet=225 latched=0
[HEAD_REBIND] member='player2' targets=17 slots=7 reboundBones=0 reboundMeshes=0 pending=2 restPose=107 quiet=225 latched=0
[HEAD_REBIND] member='player1' targets=19 slots=59 reboundBones=0 reboundMeshes=0 pending=3 restPose=111 quiet=225 latched=0
[HEAD_REBIND] member='player0' targets=18 slots=11 reboundBones=0 reboundMeshes=0 pending=2 restPose=105 quiet=225 latched=0
[HEAD_REBIND] member='player3' targets=18 slots=9 reboundBones=0 reboundMeshes=0 pending=1 restPose=111 quiet=226 latched=0
[HEAD_REBIND] member='player2' targets=17 slots=7 reboundBones=0 reboundMeshes=0 pending=2 restPose=107 quiet=226 latched=0
[HEAD_REBIND] member='player1' targets=19 slots=59 reboundBones=0 reboundMeshes=0 pending=3 restPose=111 quiet=226 latched=0
[HEAD_REBIND] member='player0' targets=18 slots=11 reboundBones=0 reboundMeshes=0 pending=2 restPose=105 quiet=226 latched=0
[HEAD_REBIND] member='player3' targets=18 slots=9 reboundBones=0 reboundMeshes=0 pending=1 restPose=111 quiet=227 latched=0
[HEAD_REBIND] member='player2' targets=17 slots=7 reboundBones=0 reboundMeshes=0 pending=2 restPose=107 quiet=227 latched=0
[HEAD_REBIND] member='player1' targets=19 slots=59 reboundBones=0 reboundMeshes=0 pending=3 restPose=111 quiet=227 latched=0
[HEAD_REBIND] member='player0' targets=18 slots=11 reboundBones=0 reboundMeshes=0 pending=2 restPose=105 quiet=227 latched=0
[HEAD_REBIND] member='player3' targets=18 slots=9 reboundBones=0 reboundMeshes=0 pending=1 restPose=111 quiet=228 latched=0
[HEAD_REBIND] member='player2' targets=17 slots=7 reboundBones=0 reboundMeshes=0 pending=2 restPose=107 quiet=228 latched=0
[HEAD_REBIND] member='player1' targets=19 slots=59 reboundBones=0 reboundMeshes=0 pending=3 restPose=111 quiet=228 latched=0
[HEAD_REBIND] member='player0' targets=18 slots=11 reboundBones=0 reboundMeshes=0 pending=2 restPose=105 quiet=228 latched=0
[HEAD_REBIND] member='player3' targets=18 slots=9 reboundBones=0 reboundMeshes=0 pending=1 restPose=111 quiet=229 latched=0
[HEAD_REBIND] member='player2' targets=17 slots=7 reboundBones=0 reboundMeshes=0 pending=2 restPose=107 quiet=229 latched=0
[HEAD_REBIND] member='player1' targets=19 slots=59 reboundBones=0 reboundMeshes=0 pending=3 restPose=111 quiet=229 latched=0
[HEAD_REBIND] member='player0' targets=18 slots=11 reboundBones=0 reboundMeshes=0 pending=2 restPose=105 quiet=229 latched=0
[HEAD_REBIND] member='player3' targets=18 slots=9 reboundBones=0 reboundMeshes=0 pending=1 restPose=111 quiet=230 latched=0
[HEAD_REBIND] member='player2' targets=17 slots=7 reboundBones=0 reboundMeshes=0 pending=2 restPose=107 quiet=230 latched=0
[HEAD_REBIND] member='player1' targets=19 slots=59 reboundBones=0 reboundMeshes=0 pending=3 restPose=111 quiet=230 latched=0
[HEAD_REBIND] member='player0' targets=18 slots=11 reboundBones=0 reboundMeshes=0 pending=2 restPose=105 quiet=230 latched=0
[HEAD_REBIND] member='player3' targets=18 slots=9 reboundBones=0 reboundMeshes=0 pending=1 restPose=111 quiet=231 latched=0
[HEAD_REBIND] member='player2' targets=17 slots=7 reboundBones=0 reboundMeshes=0 pending=2 restPose=107 quiet=231 latched=0
[HEAD_REBIND] member='player1' targets=19 slots=59 reboundBones=0 reboundMeshes=0 pending=3 restPose=111 quiet=231 latched=0
[HEAD_REBIND] member='player0' targets=18 slots=11 reboundBones=0 reboundMeshes=0 pending=2 restPose=105 quiet=231 latched=0
[HEAD_REBIND] member='player3' targets=18 slots=9 reboundBones=0 reboundMeshes=0 pending=1 restPose=111 quiet=232 latched=0
[HEAD_REBIND] member='player2' targets=17 slots=7 reboundBones=0 reboundMeshes=0 pending=2 restPose=107 quiet=232 latched=0
[HEAD_REBIND] member='player1' targets=19 slots=59 reboundBones=0 reboundMeshes=0 pending=3 restPose=111 quiet=232 latched=0
[HEAD_REBIND] member='player0' targets=18 slots=11 reboundBones=0 reboundMeshes=0 pending=2 restPose=105 quiet=232 latched=0
[HEAD_REBIND] member='player3' targets=18 slots=9 reboundBones=0 reboundMeshes=0 pending=1 restPose=111 quiet=233 latched=0
[HEAD_REBIND] member='player2' targets=17 slots=7 reboundBones=0 reboundMeshes=0 pending=2 restPose=107 quiet=233 latched=0
[HEAD_REBIND] member='player1' targets=19 slots=59 reboundBones=0 reboundMeshes=0 pending=3 restPose=111 quiet=233 latched=0
[HEAD_REBIND] member='player0' targets=18 slots=11 reboundBones=0 reboundMeshes=0 pending=2 restPose=105 quiet=233 latched=0
[HEAD_REBIND] member='player3' targets=18 slots=9 reboundBones=0 reboundMeshes=0 pending=1 restPose=111 quiet=234 latched=0
[HEAD_REBIND] member='player2' targets=17 slots=7 reboundBones=0 reboundMeshes=0 pending=2 restPose=107 quiet=234 latched=0
[HEAD_REBIND] member='player1' targets=19 slots=59 reboundBones=0 reboundMeshes=0 pending=3 restPose=111 quiet=234 latched=0
[HEAD_REBIND] member='player0' targets=18 slots=11 reboundBones=0 reboundMeshes=0 pending=2 restPose=105 quiet=234 latched=0
[HEAD_REBIND] member='player3' targets=18 slots=9 reboundBones=0 reboundMeshes=0 pending=1 restPose=111 quiet=235 latched=0
[HEAD_REBIND] member='player2' targets=17 slots=7 reboundBones=0 reboundMeshes=0 pending=2 restPose=107 quiet=235 latched=0
[HEAD_REBIND] member='player1' targets=19 slots=59 reboundBones=0 reboundMeshes=0 pending=3 restPose=111 quiet=235 latched=0
[HEAD_REBIND] member='player0' targets=18 slots=11 reboundBones=0 reboundMeshes=0 pending=2 restPose=105 quiet=235 latched=0
[HEAD_REBIND] member='player3' targets=18 slots=9 reboundBones=0 reboundMeshes=0 pending=1 restPose=111 quiet=236 latched=0
[HEAD_REBIND] member='player2' targets=17 slots=7 reboundBones=0 reboundMeshes=0 pending=2 restPose=107 quiet=236 latched=0
[HEAD_REBIND] member='player1' targets=19 slots=59 reboundBones=0 reboundMeshes=0 pending=3 restPose=111 quiet=236 latched=0
[HEAD_REBIND] member='player0' targets=18 slots=11 reboundBones=0 reboundMeshes=0 pending=2 restPose=105 quiet=236 latched=0
[HEAD_REBIND] member='player3' targets=18 slots=9 reboundBones=0 reboundMeshes=0 pending=1 restPose=111 quiet=237 latched=0
[HEAD_REBIND] member='player2' targets=17 slots=7 reboundBones=0 reboundMeshes=0 pending=2 restPose=107 quiet=237 latched=0
[HEAD_REBIND] member='player1' targets=19 slots=59 reboundBones=0 reboundMeshes=0 pending=3 restPose=111 quiet=237 latched=0
[HEAD_REBIND] member='player0' targets=18 slots=11 reboundBones=0 reboundMeshes=0 pending=2 restPose=105 quiet=237 latched=0
[HEAD_REBIND] member='player3' targets=18 slots=9 reboundBones=0 reboundMeshes=0 pending=1 restPose=111 quiet=238 latched=0
[HEAD_REBIND] member='player2' targets=17 slots=7 reboundBones=0 reboundMeshes=0 pending=2 restPose=107 quiet=238 latched=0
[HEAD_REBIND] member='player1' targets=19 slots=59 reboundBones=0 reboundMeshes=0 pending=3 restPose=111 quiet=238 latched=0
[HEAD_REBIND] member='player0' targets=18 slots=11 reboundBones=0 reboundMeshes=0 pending=2 restPose=105 quiet=238 latched=0
[HEAD_REBIND] member='player3' targets=18 slots=9 reboundBones=0 reboundMeshes=0 pending=1 restPose=111 quiet=239 latched=0
[HEAD_REBIND] member='player2' targets=17 slots=7 reboundBones=0 reboundMeshes=0 pending=2 restPose=107 quiet=239 latched=0
[HEAD_REBIND] member='player1' targets=19 slots=59 reboundBones=0 reboundMeshes=0 pending=3 restPose=111 quiet=239 latched=0
[HEAD_REBIND] member='player0' targets=18 slots=11 reboundBones=0 reboundMeshes=0 pending=2 restPose=105 quiet=239 latched=0
[HEAD_REBIND] member='player3' targets=18 slots=9 reboundBones=0 reboundMeshes=0 pending=1 restPose=111 quiet=240 latched=0
[HEAD_REBIND] member='player2' targets=17 slots=7 reboundBones=0 reboundMeshes=0 pending=2 restPose=107 quiet=240 latched=0
[HEAD_REBIND] member='player1' targets=19 slots=59 reboundBones=0 reboundMeshes=0 pending=3 restPose=111 quiet=240 latched=0
[HEAD_REBIND] member='player0' targets=18 slots=11 reboundBones=0 reboundMeshes=0 pending=2 restPose=105 quiet=240 latched=0
[HEAD_REBIND] member='player3' targets=18 slots=9 reboundBones=0 reboundMeshes=0 pending=1 restPose=111 quiet=241 latched=0
[HEAD_REBIND] member='player2' targets=17 slots=7 reboundBones=0 reboundMeshes=0 pending=2 restPose=107 quiet=241 latched=0
[HEAD_REBIND] member='player1' targets=19 slots=59 reboundBones=0 reboundMeshes=0 pending=3 restPose=111 quiet=241 latched=0
[HEAD_REBIND] member='player0' targets=18 slots=11 reboundBones=0 reboundMeshes=0 pending=2 restPose=105 quiet=241 latched=0
[HEAD_REBIND] member='player3' targets=18 slots=9 reboundBones=0 reboundMeshes=0 pending=1 restPose=111 quiet=242 latched=0
[HEAD_REBIND] member='player2' targets=17 slots=7 reboundBones=0 reboundMeshes=0 pending=2 restPose=107 quiet=242 latched=0
[HEAD_REBIND] member='player1' targets=19 slots=59 reboundBones=0 reboundMeshes=0 pending=3 restPose=111 quiet=242 latched=0
[HEAD_REBIND] member='player0' targets=18 slots=11 reboundBones=0 reboundMeshes=0 pending=2 restPose=105 quiet=242 latched=0
[HEAD_REBIND] member='player3' targets=18 slots=9 reboundBones=0 reboundMeshes=0 pending=1 restPose=111 quiet=243 latched=0
[HEAD_REBIND] member='player2' targets=17 slots=7 reboundBones=0 reboundMeshes=0 pending=2 restPose=107 quiet=243 latched=0
[HEAD_REBIND] member='player1' targets=19 slots=59 reboundBones=0 reboundMeshes=0 pending=3 restPose=111 quiet=243 latched=0
[HEAD_REBIND] member='player0' targets=18 slots=11 reboundBones=0 reboundMeshes=0 pending=2 restPose=105 quiet=243 latched=0
[HEAD_REBIND] member='player3' targets=18 slots=9 reboundBones=0 reboundMeshes=0 pending=1 restPose=111 quiet=244 latched=0
[HEAD_REBIND] member='player2' targets=17 slots=7 reboundBones=0 reboundMeshes=0 pending=2 restPose=107 quiet=244 latched=0
[HEAD_REBIND] member='player1' targets=19 slots=59 reboundBones=0 reboundMeshes=0 pending=3 restPose=111 quiet=244 latched=0
[HEAD_REBIND] member='player0' targets=18 slots=11 reboundBones=0 reboundMeshes=0 pending=2 restPose=105 quiet=244 latched=0
[HEAD_REBIND] member='player3' targets=18 slots=9 reboundBones=0 reboundMeshes=0 pending=1 restPose=111 quiet=245 latched=0
[HEAD_REBIND] member='player2' targets=17 slots=7 reboundBones=0 reboundMeshes=0 pending=2 restPose=107 quiet=245 latched=0
[HEAD_REBIND] member='player1' targets=19 slots=59 reboundBones=0 reboundMeshes=0 pending=3 restPose=111 quiet=245 latched=0
[HEAD_REBIND] member='player0' targets=18 slots=11 reboundBones=0 reboundMeshes=0 pending=2 restPose=105 quiet=245 latched=0
[HEAD_REBIND] member='player3' targets=18 slots=9 reboundBones=0 reboundMeshes=0 pending=1 restPose=111 quiet=246 latched=0
[HEAD_REBIND] member='player2' targets=17 slots=7 reboundBones=0 reboundMeshes=0 pending=2 restPose=107 quiet=246 latched=0
[HEAD_REBIND] member='player1' targets=19 slots=59 reboundBones=0 reboundMeshes=0 pending=3 restPose=111 quiet=246 latched=0
[HEAD_REBIND] member='player0' targets=18 slots=11 reboundBones=0 reboundMeshes=0 pending=2 restPose=105 quiet=246 latched=0
[HEAD_REBIND] member='player3' targets=18 slots=9 reboundBones=0 reboundMeshes=0 pending=1 restPose=111 quiet=247 latched=0
[HEAD_REBIND] member='player2' targets=17 slots=7 reboundBones=0 reboundMeshes=0 pending=2 restPose=107 quiet=247 latched=0
[HEAD_REBIND] member='player1' targets=19 slots=59 reboundBones=0 reboundMeshes=0 pending=3 restPose=111 quiet=247 latched=0
[HEAD_REBIND] member='player0' targets=18 slots=11 reboundBones=0 reboundMeshes=0 pending=2 restPose=105 quiet=247 latched=0
[HEAD_REBIND] member='player3' targets=18 slots=9 reboundBones=0 reboundMeshes=0 pending=1 restPose=111 quiet=248 latched=0
[HEAD_REBIND] member='player2' targets=17 slots=7 reboundBones=0 reboundMeshes=0 pending=2 restPose=107 quiet=248 latched=0
[HEAD_REBIND] member='player1' targets=19 slots=59 reboundBones=0 reboundMeshes=0 pending=3 restPose=111 quiet=248 latched=0
[HEAD_REBIND] member='player0' targets=18 slots=11 reboundBones=0 reboundMeshes=0 pending=2 restPose=105 quiet=248 latched=0
[HEAD_REBIND] member='player3' targets=18 slots=9 reboundBones=0 reboundMeshes=0 pending=1 restPose=111 quiet=249 latched=0
[HEAD_REBIND] member='player2' targets=17 slots=7 reboundBones=0 reboundMeshes=0 pending=2 restPose=107 quiet=249 latched=0
[HEAD_REBIND] member='player1' targets=19 slots=59 reboundBones=0 reboundMeshes=0 pending=3 restPose=111 quiet=249 latched=0
[HEAD_REBIND] member='player0' targets=18 slots=11 reboundBones=0 reboundMeshes=0 pending=2 restPose=105 quiet=249 latched=0
[HEAD_REBIND] member='player3' targets=18 slots=9 reboundBones=0 reboundMeshes=0 pending=1 restPose=111 quiet=250 latched=0
[HEAD_REBIND] member='player2' targets=17 slots=7 reboundBones=0 reboundMeshes=0 pending=2 restPose=107 quiet=250 latched=0
[HEAD_REBIND] member='player1' targets=19 slots=59 reboundBones=0 reboundMeshes=0 pending=3 restPose=111 quiet=250 latched=0
[HEAD_REBIND] member='player0' targets=18 slots=11 reboundBones=0 reboundMeshes=0 pending=2 restPose=105 quiet=250 latched=0
[HEAD_REBIND] member='player3' targets=18 slots=9 reboundBones=0 reboundMeshes=0 pending=1 restPose=111 quiet=251 latched=0
[HEAD_REBIND] member='player2' targets=17 slots=7 reboundBones=0 reboundMeshes=0 pending=2 restPose=107 quiet=251 latched=0
[HEAD_REBIND] member='player1' targets=19 slots=59 reboundBones=0 reboundMeshes=0 pending=3 restPose=111 quiet=251 latched=0
[HEAD_REBIND] member='player0' targets=18 slots=11 reboundBones=0 reboundMeshes=0 pending=2 restPose=105 quiet=251 latched=0
[HEAD_REBIND] member='player3' targets=18 slots=9 reboundBones=0 reboundMeshes=0 pending=1 restPose=111 quiet=252 latched=0
[HEAD_REBIND] member='player2' targets=17 slots=7 reboundBones=0 reboundMeshes=0 pending=2 restPose=107 quiet=252 latched=0
[HEAD_REBIND] member='player1' targets=19 slots=59 reboundBones=0 reboundMeshes=0 pending=3 restPose=111 quiet=252 latched=0
[HEAD_REBIND] member='player0' targets=18 slots=11 reboundBones=0 reboundMeshes=0 pending=2 restPose=105 quiet=252 latched=0
[HEAD_REBIND] member='player3' targets=18 slots=9 reboundBones=0 reboundMeshes=0 pending=1 restPose=111 quiet=253 latched=0
[HEAD_REBIND] member='player2' targets=17 slots=7 reboundBones=0 reboundMeshes=0 pending=2 restPose=107 quiet=253 latched=0
[HEAD_REBIND] member='player1' targets=19 slots=59 reboundBones=0 reboundMeshes=0 pending=3 restPose=111 quiet=253 latched=0
[HEAD_REBIND] member='player0' targets=18 slots=11 reboundBones=0 reboundMeshes=0 pending=2 restPose=105 quiet=253 latched=0
[HEAD_REBIND] member='player3' targets=18 slots=9 reboundBones=0 reboundMeshes=0 pending=1 restPose=111 quiet=254 latched=0
[HEAD_REBIND] member='player2' targets=17 slots=7 reboundBones=0 reboundMeshes=0 pending=2 restPose=107 quiet=254 latched=0
[HEAD_REBIND] member='player1' targets=19 slots=59 reboundBones=0 reboundMeshes=0 pending=3 restPose=111 quiet=254 latched=0
[HEAD_REBIND] member='player0' targets=18 slots=11 reboundBones=0 reboundMeshes=0 pending=2 restPose=105 quiet=254 latched=0
[HEAD_REBIND] member='player3' targets=18 slots=9 reboundBones=0 reboundMeshes=0 pending=1 restPose=111 quiet=255 latched=0
[HEAD_REBIND] member='player2' targets=17 slots=7 reboundBones=0 reboundMeshes=0 pending=2 restPose=107 quiet=255 latched=0
[HEAD_REBIND] member='player1' targets=19 slots=59 reboundBones=0 reboundMeshes=0 pending=3 restPose=111 quiet=255 latched=0
[HEAD_REBIND] member='player0' targets=18 slots=11 reboundBones=0 reboundMeshes=0 pending=2 restPose=105 quiet=255 latched=0
[HEAD_REBIND] member='player3' targets=18 slots=9 reboundBones=0 reboundMeshes=0 pending=1 restPose=111 quiet=256 latched=0
[HEAD_REBIND] member='player2' targets=17 slots=7 reboundBones=0 reboundMeshes=0 pending=2 restPose=107 quiet=256 latched=0
[HEAD_REBIND] member='player1' targets=19 slots=59 reboundBones=0 reboundMeshes=0 pending=3 restPose=111 quiet=256 latched=0
[HEAD_REBIND] member='player0' targets=18 slots=11 reboundBones=0 reboundMeshes=0 pending=2 restPose=105 quiet=256 latched=0
[HEAD_REBIND] member='player3' targets=18 slots=9 reboundBones=0 reboundMeshes=0 pending=1 restPose=111 quiet=257 latched=0
[HEAD_REBIND] member='player2' targets=17 slots=7 reboundBones=0 reboundMeshes=0 pending=2 restPose=107 quiet=257 latched=0
[HEAD_REBIND] member='player1' targets=19 slots=59 reboundBones=0 reboundMeshes=0 pending=3 restPose=111 quiet=257 latched=0
[HEAD_REBIND] member='player0' targets=18 slots=11 reboundBones=0 reboundMeshes=0 pending=2 restPose=105 quiet=257 latched=0
[HEAD_REBIND] member='player3' targets=18 slots=9 reboundBones=0 reboundMeshes=0 pending=1 restPose=111 quiet=258 latched=0
[HEAD_REBIND] member='player2' targets=17 slots=7 reboundBones=0 reboundMeshes=0 pending=2 restPose=107 quiet=258 latched=0
[HEAD_REBIND] member='player1' targets=19 slots=59 reboundBones=0 reboundMeshes=0 pending=3 restPose=111 quiet=258 latched=0
[HEAD_REBIND] member='player0' targets=18 slots=11 reboundBones=0 reboundMeshes=0 pending=2 restPose=105 quiet=258 latched=0
[HEAD_REBIND] member='player3' targets=18 slots=9 reboundBones=0 reboundMeshes=0 pending=1 restPose=111 quiet=259 latched=0
[HEAD_REBIND] member='player2' targets=17 slots=7 reboundBones=0 reboundMeshes=0 pending=2 restPose=107 quiet=259 latched=0
[HEAD_REBIND] member='player1' targets=19 slots=59 reboundBones=0 reboundMeshes=0 pending=3 restPose=111 quiet=259 latched=0
[HEAD_REBIND] member='player0' targets=18 slots=11 reboundBones=0 reboundMeshes=0 pending=2 restPose=105 quiet=259 latched=0
[HEAD_REBIND] member='player3' targets=18 slots=9 reboundBones=0 reboundMeshes=0 pending=1 restPose=111 quiet=260 latched=0
[HEAD_REBIND] member='player2' targets=17 slots=7 reboundBones=0 reboundMeshes=0 pending=2 restPose=107 quiet=260 latched=0
[HEAD_REBIND] member='player1' targets=19 slots=59 reboundBones=0 reboundMeshes=0 pending=3 restPose=111 quiet=260 latched=0
[HEAD_REBIND] member='player0' targets=18 slots=11 reboundBones=0 reboundMeshes=0 pending=2 restPose=105 quiet=260 latched=0
[HEAD_REBIND] member='player3' targets=18 slots=9 reboundBones=0 reboundMeshes=0 pending=1 restPose=111 quiet=261 latched=0
[HEAD_REBIND] member='player2' targets=17 slots=7 reboundBones=0 reboundMeshes=0 pending=2 restPose=107 quiet=261 latched=0
[HEAD_REBIND] member='player1' targets=19 slots=59 reboundBones=0 reboundMeshes=0 pending=3 restPose=111 quiet=261 latched=0
[HEAD_REBIND] member='player0' targets=18 slots=11 reboundBones=0 reboundMeshes=0 pending=2 restPose=105 quiet=261 latched=0
[HEAD_REBIND] member='player3' targets=18 slots=9 reboundBones=0 reboundMeshes=0 pending=1 restPose=111 quiet=262 latched=0
[HEAD_REBIND] member='player2' targets=17 slots=7 reboundBones=0 reboundMeshes=0 pending=2 restPose=107 quiet=262 latched=0
[HEAD_REBIND] member='player1' targets=19 slots=59 reboundBones=0 reboundMeshes=0 pending=3 restPose=111 quiet=262 latched=0
[HEAD_REBIND] member='player0' targets=18 slots=11 reboundBones=0 reboundMeshes=0 pending=2 restPose=105 quiet=262 latched=0
[HEAD_REBIND] member='player3' targets=18 slots=9 reboundBones=0 reboundMeshes=0 pending=1 restPose=111 quiet=263 latched=0
[HEAD_REBIND] member='player2' targets=17 slots=7 reboundBones=0 reboundMeshes=0 pending=2 restPose=107 quiet=263 latched=0
[HEAD_REBIND] member='player1' targets=19 slots=59 reboundBones=0 reboundMeshes=0 pending=3 restPose=111 quiet=263 latched=0
[HEAD_REBIND] member='player0' targets=18 slots=11 reboundBones=0 reboundMeshes=0 pending=2 restPose=105 quiet=263 latched=0
[HEAD_REBIND] member='player3' targets=18 slots=9 reboundBones=0 reboundMeshes=0 pending=1 restPose=111 quiet=264 latched=0
[HEAD_REBIND] member='player2' targets=17 slots=7 reboundBones=0 reboundMeshes=0 pending=2 restPose=107 quiet=264 latched=0
[HEAD_REBIND] member='player1' targets=19 slots=59 reboundBones=0 reboundMeshes=0 pending=3 restPose=111 quiet=264 latched=0
[HEAD_REBIND] member='player0' targets=18 slots=11 reboundBones=0 reboundMeshes=0 pending=2 restPose=105 quiet=264 latched=0
[HEAD_REBIND] member='player3' targets=18 slots=9 reboundBones=0 reboundMeshes=0 pending=1 restPose=111 quiet=265 latched=0
[HEAD_REBIND] member='player2' targets=17 slots=7 reboundBones=0 reboundMeshes=0 pending=2 restPose=107 quiet=265 latched=0
[HEAD_REBIND] member='player1' targets=19 slots=59 reboundBones=0 reboundMeshes=0 pending=3 restPose=111 quiet=265 latched=0
[HEAD_REBIND] member='player0' targets=18 slots=11 reboundBones=0 reboundMeshes=0 pending=2 restPose=105 quiet=265 latched=0
[HEAD_REBIND] member='player3' targets=18 slots=9 reboundBones=0 reboundMeshes=0 pending=1 restPose=111 quiet=266 latched=0
[HEAD_REBIND] member='player2' targets=17 slots=7 reboundBones=0 reboundMeshes=0 pending=2 restPose=107 quiet=266 latched=0
[HEAD_REBIND] member='player1' targets=19 slots=59 reboundBones=0 reboundMeshes=0 pending=3 restPose=111 quiet=266 latched=0
[HEAD_REBIND] member='player0' targets=18 slots=11 reboundBones=0 reboundMeshes=0 pending=2 restPose=105 quiet=266 latched=0
[HEAD_REBIND] member='player3' targets=18 slots=9 reboundBones=0 reboundMeshes=0 pending=1 restPose=111 quiet=267 latched=0
[HEAD_REBIND] member='player2' targets=17 slots=7 reboundBones=0 reboundMeshes=0 pending=2 restPose=107 quiet=267 latched=0
[HEAD_REBIND] member='player1' targets=19 slots=59 reboundBones=0 reboundMeshes=0 pending=3 restPose=111 quiet=267 latched=0
[HEAD_REBIND] member='player0' targets=18 slots=11 reboundBones=0 reboundMeshes=0 pending=2 restPose=105 quiet=267 latched=0
[HEAD_REBIND] member='player3' targets=18 slots=9 reboundBones=0 reboundMeshes=0 pending=1 restPose=111 quiet=268 latched=0
[HEAD_REBIND] member='player2' targets=17 slots=7 reboundBones=0 reboundMeshes=0 pending=2 restPose=107 quiet=268 latched=0
[HEAD_REBIND] member='player1' targets=19 slots=59 reboundBones=0 reboundMeshes=0 pending=3 restPose=111 quiet=268 latched=0
[HEAD_REBIND] member='player0' targets=18 slots=11 reboundBones=0 reboundMeshes=0 pending=2 restPose=105 quiet=268 latched=0
[HEAD_REBIND] member='player3' targets=18 slots=9 reboundBones=0 reboundMeshes=0 pending=1 restPose=111 quiet=269 latched=0
[HEAD_REBIND] member='player2' targets=17 slots=7 reboundBones=0 reboundMeshes=0 pending=2 restPose=107 quiet=269 latched=0
[HEAD_REBIND] member='player1' targets=19 slots=59 reboundBones=0 reboundMeshes=0 pending=3 restPose=111 quiet=269 latched=0
[HEAD_REBIND] member='player0' targets=18 slots=11 reboundBones=0 reboundMeshes=0 pending=2 restPose=105 quiet=269 latched=0
[HEAD_REBIND] member='player3' targets=18 slots=9 reboundBones=0 reboundMeshes=0 pending=1 restPose=111 quiet=270 latched=0
[HEAD_REBIND] member='player2' targets=17 slots=7 reboundBones=0 reboundMeshes=0 pending=2 restPose=107 quiet=270 latched=0
[HEAD_REBIND] member='player1' targets=19 slots=59 reboundBones=0 reboundMeshes=0 pending=3 restPose=111 quiet=270 latched=0
[HEAD_REBIND] member='player0' targets=18 slots=11 reboundBones=0 reboundMeshes=0 pending=2 restPose=105 quiet=270 latched=0
[HEAD_REBIND] member='player3' targets=18 slots=9 reboundBones=0 reboundMeshes=0 pending=1 restPose=111 quiet=271 latched=0
[HEAD_REBIND] member='player2' targets=17 slots=7 reboundBones=0 reboundMeshes=0 pending=2 restPose=107 quiet=271 latched=0
[HEAD_REBIND] member='player1' targets=19 slots=59 reboundBones=0 reboundMeshes=0 pending=3 restPose=111 quiet=271 latched=0
[HEAD_REBIND] member='player0' targets=18 slots=11 reboundBones=0 reboundMeshes=0 pending=2 restPose=105 quiet=271 latched=0
[HEAD_REBIND] member='player3' targets=18 slots=9 reboundBones=0 reboundMeshes=0 pending=1 restPose=111 quiet=272 latched=0
[HEAD_REBIND] member='player2' targets=17 slots=7 reboundBones=0 reboundMeshes=0 pending=2 restPose=107 quiet=272 latched=0
[HEAD_REBIND] member='player1' targets=19 slots=59 reboundBones=0 reboundMeshes=0 pending=3 restPose=111 quiet=272 latched=0
[HEAD_REBIND] member='player0' targets=18 slots=11 reboundBones=0 reboundMeshes=0 pending=2 restPose=105 quiet=272 latched=0
[HEAD_REBIND] member='player3' targets=18 slots=9 reboundBones=0 reboundMeshes=0 pending=1 restPose=111 quiet=273 latched=0
[HEAD_REBIND] member='player2' targets=17 slots=7 reboundBones=0 reboundMeshes=0 pending=2 restPose=107 quiet=273 latched=0
[HEAD_REBIND] member='player1' targets=19 slots=59 reboundBones=0 reboundMeshes=0 pending=3 restPose=111 quiet=273 latched=0
[HEAD_REBIND] member='player0' targets=18 slots=11 reboundBones=0 reboundMeshes=0 pending=2 restPose=105 quiet=273 latched=0
[HEAD_REBIND] member='player3' targets=18 slots=9 reboundBones=0 reboundMeshes=0 pending=1 restPose=111 quiet=274 latched=0
[HEAD_REBIND] member='player2' targets=17 slots=7 reboundBones=0 reboundMeshes=0 pending=2 restPose=107 quiet=274 latched=0
[HEAD_REBIND] member='player1' targets=19 slots=59 reboundBones=0 reboundMeshes=0 pending=3 restPose=111 quiet=274 latched=0
[HEAD_REBIND] member='player0' targets=18 slots=11 reboundBones=0 reboundMeshes=0 pending=2 restPose=105 quiet=274 latched=0
[HEAD_REBIND] member='player3' targets=18 slots=9 reboundBones=0 reboundMeshes=0 pending=1 restPose=111 quiet=275 latched=0
[HEAD_REBIND] member='player2' targets=17 slots=7 reboundBones=0 reboundMeshes=0 pending=2 restPose=107 quiet=275 latched=0
[HEAD_REBIND] member='player1' targets=19 slots=59 reboundBones=0 reboundMeshes=0 pending=3 restPose=111 quiet=275 latched=0
[HEAD_REBIND] member='player0' targets=18 slots=11 reboundBones=0 reboundMeshes=0 pending=2 restPose=105 quiet=275 latched=0
[HEAD_REBIND] member='player3' targets=18 slots=9 reboundBones=0 reboundMeshes=0 pending=1 restPose=111 quiet=276 latched=0
[HEAD_REBIND] member='player2' targets=17 slots=7 reboundBones=0 reboundMeshes=0 pending=2 restPose=107 quiet=276 latched=0
[HEAD_REBIND] member='player1' targets=19 slots=59 reboundBones=0 reboundMeshes=0 pending=3 restPose=111 quiet=276 latched=0
[HEAD_REBIND] member='player0' targets=18 slots=11 reboundBones=0 reboundMeshes=0 pending=2 restPose=105 quiet=276 latched=0
[HEAD_REBIND] member='player3' targets=18 slots=9 reboundBones=0 reboundMeshes=0 pending=1 restPose=111 quiet=277 latched=0
[HEAD_REBIND] member='player2' targets=17 slots=7 reboundBones=0 reboundMeshes=0 pending=2 restPose=107 quiet=277 latched=0
[HEAD_REBIND] member='player1' targets=19 slots=59 reboundBones=0 reboundMeshes=0 pending=3 restPose=111 quiet=277 latched=0
[HEAD_REBIND] member='player0' targets=18 slots=11 reboundBones=0 reboundMeshes=0 pending=2 restPose=105 quiet=277 latched=0
[HEAD_REBIND] member='player3' targets=18 slots=9 reboundBones=0 reboundMeshes=0 pending=1 restPose=111 quiet=278 latched=0
[HEAD_REBIND] member='player2' targets=17 slots=7 reboundBones=0 reboundMeshes=0 pending=2 restPose=107 quiet=278 latched=0
[HEAD_REBIND] member='player1' targets=19 slots=59 reboundBones=0 reboundMeshes=0 pending=3 restPose=111 quiet=278 latched=0
[HEAD_REBIND] member='player0' targets=18 slots=11 reboundBones=0 reboundMeshes=0 pending=2 restPose=105 quiet=278 latched=0
[HEAD_REBIND] member='player3' targets=18 slots=9 reboundBones=0 reboundMeshes=0 pending=1 restPose=111 quiet=279 latched=0
[HEAD_REBIND] member='player2' targets=17 slots=7 reboundBones=0 reboundMeshes=0 pending=2 restPose=107 quiet=279 latched=0
[HEAD_REBIND] member='player1' targets=19 slots=59 reboundBones=0 reboundMeshes=0 pending=3 restPose=111 quiet=279 latched=0
[HEAD_REBIND] member='player0' targets=18 slots=11 reboundBones=0 reboundMeshes=0 pending=2 restPose=105 quiet=279 latched=0
[HEAD_REBIND] member='player3' targets=18 slots=9 reboundBones=0 reboundMeshes=0 pending=1 restPose=111 quiet=280 latched=0
[HEAD_REBIND] member='player2' targets=17 slots=7 reboundBones=0 reboundMeshes=0 pending=2 restPose=107 quiet=280 latched=0
[HEAD_REBIND] member='player1' targets=19 slots=59 reboundBones=0 reboundMeshes=0 pending=3 restPose=111 quiet=280 latched=0
[HEAD_REBIND] member='player0' targets=18 slots=11 reboundBones=0 reboundMeshes=0 pending=2 restPose=105 quiet=280 latched=0
[HEAD_REBIND] member='player3' targets=18 slots=9 reboundBones=0 reboundMeshes=0 pending=1 restPose=111 quiet=281 latched=0
[HEAD_REBIND] member='player2' targets=17 slots=7 reboundBones=0 reboundMeshes=0 pending=2 restPose=107 quiet=281 latched=0
[HEAD_REBIND] member='player1' targets=19 slots=59 reboundBones=0 reboundMeshes=0 pending=3 restPose=111 quiet=281 latched=0
[HEAD_REBIND] member='player0' targets=18 slots=11 reboundBones=0 reboundMeshes=0 pending=2 restPose=105 quiet=281 latched=0
[HEAD_REBIND] member='player3' targets=18 slots=9 reboundBones=0 reboundMeshes=0 pending=1 restPose=111 quiet=282 latched=0
[HEAD_REBIND] member='player2' targets=17 slots=7 reboundBones=0 reboundMeshes=0 pending=2 restPose=107 quiet=282 latched=0
[HEAD_REBIND] member='player1' targets=19 slots=59 reboundBones=0 reboundMeshes=0 pending=3 restPose=111 quiet=282 latched=0
[HEAD_REBIND] member='player0' targets=18 slots=11 reboundBones=0 reboundMeshes=0 pending=2 restPose=105 quiet=282 latched=0
[HEAD_REBIND] member='player3' targets=18 slots=9 reboundBones=0 reboundMeshes=0 pending=1 restPose=111 quiet=283 latched=0
[HEAD_REBIND] member='player2' targets=17 slots=7 reboundBones=0 reboundMeshes=0 pending=2 restPose=107 quiet=283 latched=0
[HEAD_REBIND] member='player1' targets=19 slots=59 reboundBones=0 reboundMeshes=0 pending=3 restPose=111 quiet=283 latched=0
[HEAD_REBIND] member='player0' targets=18 slots=11 reboundBones=0 reboundMeshes=0 pending=2 restPose=105 quiet=283 latched=0
[HEAD_REBIND] member='player3' targets=18 slots=9 reboundBones=0 reboundMeshes=0 pending=1 restPose=111 quiet=284 latched=0
[HEAD_REBIND] member='player2' targets=17 slots=7 reboundBones=0 reboundMeshes=0 pending=2 restPose=107 quiet=284 latched=0
[HEAD_REBIND] member='player1' targets=19 slots=59 reboundBones=0 reboundMeshes=0 pending=3 restPose=111 quiet=284 latched=0
[HEAD_REBIND] member='player0' targets=18 slots=11 reboundBones=0 reboundMeshes=0 pending=2 restPose=105 quiet=284 latched=0
[HEAD_REBIND] member='player3' targets=18 slots=9 reboundBones=0 reboundMeshes=0 pending=1 restPose=111 quiet=285 latched=0
[HEAD_REBIND] member='player2' targets=17 slots=7 reboundBones=0 reboundMeshes=0 pending=2 restPose=107 quiet=285 latched=0
[HEAD_REBIND] member='player1' targets=19 slots=59 reboundBones=0 reboundMeshes=0 pending=3 restPose=111 quiet=285 latched=0
[HEAD_REBIND] member='player0' targets=18 slots=11 reboundBones=0 reboundMeshes=0 pending=2 restPose=105 quiet=285 latched=0
[HEAD_REBIND] member='player3' targets=18 slots=9 reboundBones=0 reboundMeshes=0 pending=1 restPose=111 quiet=286 latched=0
[HEAD_REBIND] member='player2' targets=17 slots=7 reboundBones=0 reboundMeshes=0 pending=2 restPose=107 quiet=286 latched=0
[HEAD_REBIND] member='player1' targets=19 slots=59 reboundBones=0 reboundMeshes=0 pending=3 restPose=111 quiet=286 latched=0
[HEAD_REBIND] member='player0' targets=18 slots=11 reboundBones=0 reboundMeshes=0 pending=2 restPose=105 quiet=286 latched=0
[HEAD_REBIND] member='player3' targets=18 slots=9 reboundBones=0 reboundMeshes=0 pending=1 restPose=111 quiet=287 latched=0
[HEAD_REBIND] member='player2' targets=17 slots=7 reboundBones=0 reboundMeshes=0 pending=2 restPose=107 quiet=287 latched=0
[HEAD_REBIND] member='player1' targets=19 slots=59 reboundBones=0 reboundMeshes=0 pending=3 restPose=111 quiet=287 latched=0
[HEAD_REBIND] member='player0' targets=18 slots=11 reboundBones=0 reboundMeshes=0 pending=2 restPose=105 quiet=287 latched=0
[HEAD_REBIND] member='player3' targets=18 slots=9 reboundBones=0 reboundMeshes=0 pending=1 restPose=111 quiet=288 latched=0
[HEAD_REBIND] member='player2' targets=17 slots=7 reboundBones=0 reboundMeshes=0 pending=2 restPose=107 quiet=288 latched=0
[HEAD_REBIND] member='player1' targets=19 slots=59 reboundBones=0 reboundMeshes=0 pending=3 restPose=111 quiet=288 latched=0
[HEAD_REBIND] member='player0' targets=18 slots=11 reboundBones=0 reboundMeshes=0 pending=2 restPose=105 quiet=288 latched=0
[HEAD_REBIND] member='player3' targets=18 slots=9 reboundBones=0 reboundMeshes=0 pending=1 restPose=111 quiet=289 latched=0
[HEAD_REBIND] member='player2' targets=17 slots=7 reboundBones=0 reboundMeshes=0 pending=2 restPose=107 quiet=289 latched=0
[HEAD_REBIND] member='player1' targets=19 slots=59 reboundBones=0 reboundMeshes=0 pending=3 restPose=111 quiet=289 latched=0
[HEAD_REBIND] member='player0' targets=18 slots=11 reboundBones=0 reboundMeshes=0 pending=2 restPose=105 quiet=289 latched=0
[HEAD_REBIND] member='player3' targets=18 slots=9 reboundBones=0 reboundMeshes=0 pending=1 restPose=111 quiet=290 latched=0
[HEAD_REBIND] member='player2' targets=17 slots=7 reboundBones=0 reboundMeshes=0 pending=2 restPose=107 quiet=290 latched=0
[HEAD_REBIND] member='player1' targets=19 slots=59 reboundBones=0 reboundMeshes=0 pending=3 restPose=111 quiet=290 latched=0
[HEAD_REBIND] member='player0' targets=18 slots=11 reboundBones=0 reboundMeshes=0 pending=2 restPose=105 quiet=290 latched=0
[HEAD_REBIND] member='player3' targets=18 slots=9 reboundBones=0 reboundMeshes=0 pending=1 restPose=111 quiet=291 latched=0
[HEAD_REBIND] member='player2' targets=17 slots=7 reboundBones=0 reboundMeshes=0 pending=2 restPose=107 quiet=291 latched=0
[HEAD_REBIND] member='player1' targets=19 slots=59 reboundBones=0 reboundMeshes=0 pending=3 restPose=111 quiet=291 latched=0
[HEAD_REBIND] member='player0' targets=18 slots=11 reboundBones=0 reboundMeshes=0 pending=2 restPose=105 quiet=291 latched=0
[HEAD_REBIND] member='player3' targets=18 slots=9 reboundBones=0 reboundMeshes=0 pending=1 restPose=111 quiet=292 latched=0
[HEAD_REBIND] member='player2' targets=17 slots=7 reboundBones=0 reboundMeshes=0 pending=2 restPose=107 quiet=292 latched=0
[HEAD_REBIND] member='player1' targets=19 slots=59 reboundBones=0 reboundMeshes=0 pending=3 restPose=111 quiet=292 latched=0
[HEAD_REBIND] member='player0' targets=18 slots=11 reboundBones=0 reboundMeshes=0 pending=2 restPose=105 quiet=292 latched=0
[HEAD_REBIND] member='player3' targets=18 slots=9 reboundBones=0 reboundMeshes=0 pending=1 restPose=111 quiet=293 latched=0
[HEAD_REBIND] member='player2' targets=17 slots=7 reboundBones=0 reboundMeshes=0 pending=2 restPose=107 quiet=293 latched=0
[HEAD_REBIND] member='player1' targets=19 slots=59 reboundBones=0 reboundMeshes=0 pending=3 restPose=111 quiet=293 latched=0
[HEAD_REBIND] member='player0' targets=18 slots=11 reboundBones=0 reboundMeshes=0 pending=2 restPose=105 quiet=293 latched=0
[HEAD_REBIND] member='player3' targets=18 slots=9 reboundBones=0 reboundMeshes=0 pending=1 restPose=111 quiet=294 latched=0
[HEAD_REBIND] member='player2' targets=17 slots=7 reboundBones=0 reboundMeshes=0 pending=2 restPose=107 quiet=294 latched=0
[HEAD_REBIND] member='player1' targets=19 slots=59 reboundBones=0 reboundMeshes=0 pending=3 restPose=111 quiet=294 latched=0
[HEAD_REBIND] member='player0' targets=18 slots=11 reboundBones=0 reboundMeshes=0 pending=2 restPose=105 quiet=294 latched=0
[HEAD_REBIND] member='player3' targets=18 slots=9 reboundBones=0 reboundMeshes=0 pending=1 restPose=111 quiet=295 latched=0
[HEAD_REBIND] member='player2' targets=17 slots=7 reboundBones=0 reboundMeshes=0 pending=2 restPose=107 quiet=295 latched=0
[HEAD_REBIND] member='player1' targets=19 slots=59 reboundBones=0 reboundMeshes=0 pending=3 restPose=111 quiet=295 latched=0
[HEAD_REBIND] member='player0' targets=18 slots=11 reboundBones=0 reboundMeshes=0 pending=2 restPose=105 quiet=295 latched=0
[HEAD_REBIND] member='player3' targets=18 slots=9 reboundBones=0 reboundMeshes=0 pending=1 restPose=111 quiet=296 latched=0
[HEAD_REBIND] member='player2' targets=17 slots=7 reboundBones=0 reboundMeshes=0 pending=2 restPose=107 quiet=296 latched=0
[HEAD_REBIND] member='player1' targets=19 slots=59 reboundBones=0 reboundMeshes=0 pending=3 restPose=111 quiet=296 latched=0
[HEAD_REBIND] member='player0' targets=18 slots=11 reboundBones=0 reboundMeshes=0 pending=2 restPose=105 quiet=296 latched=0
[HEAD_REBIND] member='player3' targets=18 slots=9 reboundBones=0 reboundMeshes=0 pending=1 restPose=111 quiet=297 latched=0
[HEAD_REBIND] member='player2' targets=17 slots=7 reboundBones=0 reboundMeshes=0 pending=2 restPose=107 quiet=297 latched=0
[HEAD_REBIND] member='player1' targets=19 slots=59 reboundBones=0 reboundMeshes=0 pending=3 restPose=111 quiet=297 latched=0
[HEAD_REBIND] member='player0' targets=18 slots=11 reboundBones=0 reboundMeshes=0 pending=2 restPose=105 quiet=297 latched=0
[HEAD_REBIND] member='player3' targets=18 slots=9 reboundBones=0 reboundMeshes=0 pending=1 restPose=111 quiet=298 latched=0
[HEAD_REBIND] member='player2' targets=17 slots=7 reboundBones=0 reboundMeshes=0 pending=2 restPose=107 quiet=298 latched=0
[HEAD_REBIND] member='player1' targets=19 slots=59 reboundBones=0 reboundMeshes=0 pending=3 restPose=111 quiet=298 latched=0
[HEAD_REBIND] member='player0' targets=18 slots=11 reboundBones=0 reboundMeshes=0 pending=2 restPose=105 quiet=298 latched=0
[HEAD_REBIND] member='player3' targets=18 slots=9 reboundBones=0 reboundMeshes=0 pending=1 restPose=111 quiet=299 latched=0
[HEAD_REBIND] member='player2' targets=17 slots=7 reboundBones=0 reboundMeshes=0 pending=2 restPose=107 quiet=299 latched=0
[HEAD_REBIND] member='player1' targets=19 slots=59 reboundBones=0 reboundMeshes=0 pending=3 restPose=111 quiet=299 latched=0
[HEAD_REBIND] member='player0' targets=18 slots=11 reboundBones=0 reboundMeshes=0 pending=2 restPose=105 quiet=299 latched=0
[HEAD_REBIND] member='player3' targets=18 slots=9 reboundBones=0 reboundMeshes=0 pending=1 restPose=111 quiet=300 latched=0
[HEAD_REBIND] member='player2' targets=17 slots=7 reboundBones=0 reboundMeshes=0 pending=2 restPose=107 quiet=300 latched=0
[HEAD_REBIND] member='player1' targets=19 slots=59 reboundBones=0 reboundMeshes=0 pending=3 restPose=111 quiet=300 latched=0
[HEAD_REBIND] member='player0' targets=18 slots=11 reboundBones=0 reboundMeshes=0 pending=2 restPose=105 quiet=300 latched=0
[HEAD_REBIND] member='player3' targets=18 slots=9 reboundBones=0 reboundMeshes=0 pending=1 restPose=111 quiet=301 latched=0
[HEAD_REBIND] member='player2' targets=17 slots=7 reboundBones=0 reboundMeshes=0 pending=2 restPose=107 quiet=301 latched=0
[HEAD_REBIND] member='player1' targets=19 slots=59 reboundBones=0 reboundMeshes=0 pending=3 restPose=111 quiet=301 latched=0
[HEAD_REBIND] member='player0' targets=18 slots=11 reboundBones=0 reboundMeshes=0 pending=2 restPose=105 quiet=301 latched=0
[HEAD_REBIND] member='player3' targets=18 slots=9 reboundBones=0 reboundMeshes=0 pending=1 restPose=111 quiet=302 latched=0
[HEAD_REBIND] member='player2' targets=17 slots=7 reboundBones=0 reboundMeshes=0 pending=2 restPose=107 quiet=302 latched=0
[HEAD_REBIND] member='player1' targets=19 slots=59 reboundBones=0 reboundMeshes=0 pending=3 restPose=111 quiet=302 latched=0
[HEAD_REBIND] member='player0' targets=18 slots=11 reboundBones=0 reboundMeshes=0 pending=2 restPose=105 quiet=302 latched=0
[HEAD_REBIND] member='player3' targets=18 slots=9 reboundBones=0 reboundMeshes=0 pending=1 restPose=111 quiet=303 latched=0
[HEAD_REBIND] member='player2' targets=17 slots=7 reboundBones=0 reboundMeshes=0 pending=2 restPose=107 quiet=303 latched=0
[HEAD_REBIND] member='player1' targets=19 slots=59 reboundBones=0 reboundMeshes=0 pending=3 restPose=111 quiet=303 latched=0
[HEAD_REBIND] member='player0' targets=18 slots=11 reboundBones=0 reboundMeshes=0 pending=2 restPose=105 quiet=303 latched=0
[HEAD_REBIND] member='player3' targets=18 slots=9 reboundBones=0 reboundMeshes=0 pending=1 restPose=111 quiet=304 latched=0
[HEAD_REBIND] member='player2' targets=17 slots=7 reboundBones=0 reboundMeshes=0 pending=2 restPose=107 quiet=304 latched=0
[HEAD_REBIND] member='player1' targets=19 slots=59 reboundBones=0 reboundMeshes=0 pending=3 restPose=111 quiet=304 latched=0
[HEAD_REBIND] member='player0' targets=18 slots=11 reboundBones=0 reboundMeshes=0 pending=2 restPose=105 quiet=304 latched=0
[HEAD_REBIND] member='player3' targets=18 slots=9 reboundBones=0 reboundMeshes=0 pending=1 restPose=111 quiet=305 latched=0
[HEAD_REBIND] member='player2' targets=17 slots=7 reboundBones=0 reboundMeshes=0 pending=2 restPose=107 quiet=305 latched=0
[HEAD_REBIND] member='player1' targets=19 slots=59 reboundBones=0 reboundMeshes=0 pending=3 restPose=111 quiet=305 latched=0
[HEAD_REBIND] member='player0' targets=18 slots=11 reboundBones=0 reboundMeshes=0 pending=2 restPose=105 quiet=305 latched=0
[HEAD_REBIND] member='player3' targets=18 slots=9 reboundBones=0 reboundMeshes=0 pending=1 restPose=111 quiet=306 latched=0
[HEAD_REBIND] member='player2' targets=17 slots=7 reboundBones=0 reboundMeshes=0 pending=2 restPose=107 quiet=306 latched=0
[HEAD_REBIND] member='player1' targets=19 slots=59 reboundBones=0 reboundMeshes=0 pending=3 restPose=111 quiet=306 latched=0
[HEAD_REBIND] member='player0' targets=18 slots=11 reboundBones=0 reboundMeshes=0 pending=2 restPose=105 quiet=306 latched=0
[HEAD_REBIND] member='player3' targets=18 slots=9 reboundBones=0 reboundMeshes=0 pending=1 restPose=111 quiet=307 latched=0
[HEAD_REBIND] member='player2' targets=17 slots=7 reboundBones=0 reboundMeshes=0 pending=2 restPose=107 quiet=307 latched=0
[HEAD_REBIND] member='player1' targets=19 slots=59 reboundBones=0 reboundMeshes=0 pending=3 restPose=111 quiet=307 latched=0
[HEAD_REBIND] member='player0' targets=18 slots=11 reboundBones=0 reboundMeshes=0 pending=2 restPose=105 quiet=307 latched=0
[HEAD_REBIND] member='player3' targets=18 slots=9 reboundBones=0 reboundMeshes=0 pending=1 restPose=111 quiet=308 latched=0
[HEAD_REBIND] member='player2' targets=17 slots=7 reboundBones=0 reboundMeshes=0 pending=2 restPose=107 quiet=308 latched=0
[HEAD_REBIND] member='player1' targets=19 slots=59 reboundBones=0 reboundMeshes=0 pending=3 restPose=111 quiet=308 latched=0
[HEAD_REBIND] member='player0' targets=18 slots=11 reboundBones=0 reboundMeshes=0 pending=2 restPose=105 quiet=308 latched=0
[HEAD_REBIND] member='player3' targets=18 slots=9 reboundBones=0 reboundMeshes=0 pending=1 restPose=111 quiet=309 latched=0
[HEAD_REBIND] member='player2' targets=17 slots=7 reboundBones=0 reboundMeshes=0 pending=2 restPose=107 quiet=309 latched=0
[HEAD_REBIND] member='player1' targets=19 slots=59 reboundBones=0 reboundMeshes=0 pending=3 restPose=111 quiet=309 latched=0
[HEAD_REBIND] member='player0' targets=18 slots=11 reboundBones=0 reboundMeshes=0 pending=2 restPose=105 quiet=309 latched=0
[HEAD_REBIND] member='player3' targets=18 slots=9 reboundBones=0 reboundMeshes=0 pending=1 restPose=111 quiet=310 latched=0
[HEAD_REBIND] member='player2' targets=17 slots=7 reboundBones=0 reboundMeshes=0 pending=2 restPose=107 quiet=310 latched=0
[HEAD_REBIND] member='player1' targets=19 slots=59 reboundBones=0 reboundMeshes=0 pending=3 restPose=111 quiet=310 latched=0
[HEAD_REBIND] member='player0' targets=18 slots=11 reboundBones=0 reboundMeshes=0 pending=2 restPose=105 quiet=310 latched=0
[HEAD_REBIND] member='player3' targets=18 slots=9 reboundBones=0 reboundMeshes=0 pending=1 restPose=111 quiet=311 latched=0
[HEAD_REBIND] member='player2' targets=17 slots=7 reboundBones=0 reboundMeshes=0 pending=2 restPose=107 quiet=311 latched=0
[HEAD_REBIND] member='player1' targets=19 slots=59 reboundBones=0 reboundMeshes=0 pending=3 restPose=111 quiet=311 latched=0
[HEAD_REBIND] member='player0' targets=18 slots=11 reboundBones=0 reboundMeshes=0 pending=2 restPose=105 quiet=311 latched=0
[HEAD_REBIND] member='player3' targets=18 slots=9 reboundBones=0 reboundMeshes=0 pending=1 restPose=111 quiet=312 latched=0
[HEAD_REBIND] member='player2' targets=17 slots=7 reboundBones=0 reboundMeshes=0 pending=2 restPose=107 quiet=312 latched=0
[HEAD_REBIND] member='player1' targets=19 slots=59 reboundBones=0 reboundMeshes=0 pending=3 restPose=111 quiet=312 latched=0
[HEAD_REBIND] member='player0' targets=18 slots=11 reboundBones=0 reboundMeshes=0 pending=2 restPose=105 quiet=312 latched=0
[HEAD_REBIND] member='player3' targets=18 slots=9 reboundBones=0 reboundMeshes=0 pending=1 restPose=111 quiet=313 latched=0
[HEAD_REBIND] member='player2' targets=17 slots=7 reboundBones=0 reboundMeshes=0 pending=2 restPose=107 quiet=313 latched=0
[HEAD_REBIND] member='player1' targets=19 slots=59 reboundBones=0 reboundMeshes=0 pending=3 restPose=111 quiet=313 latched=0
[HEAD_REBIND] member='player0' targets=18 slots=11 reboundBones=0 reboundMeshes=0 pending=2 restPose=105 quiet=313 latched=0
[HEAD_REBIND] member='player3' targets=18 slots=9 reboundBones=0 reboundMeshes=0 pending=1 restPose=111 quiet=314 latched=0
[HEAD_REBIND] member='player2' targets=17 slots=7 reboundBones=0 reboundMeshes=0 pending=2 restPose=107 quiet=314 latched=0
[HEAD_REBIND] member='player1' targets=19 slots=59 reboundBones=0 reboundMeshes=0 pending=3 restPose=111 quiet=314 latched=0
[HEAD_REBIND] member='player0' targets=18 slots=11 reboundBones=0 reboundMeshes=0 pending=2 restPose=105 quiet=314 latched=0
[HEAD_REBIND] member='player3' targets=18 slots=9 reboundBones=0 reboundMeshes=0 pending=1 restPose=111 quiet=315 latched=0
[HEAD_REBIND] member='player2' targets=17 slots=7 reboundBones=0 reboundMeshes=0 pending=2 restPose=107 quiet=315 latched=0
[HEAD_REBIND] member='player1' targets=19 slots=59 reboundBones=0 reboundMeshes=0 pending=3 restPose=111 quiet=315 latched=0
[HEAD_REBIND] member='player0' targets=18 slots=11 reboundBones=0 reboundMeshes=0 pending=2 restPose=105 quiet=315 latched=0
[HEAD_REBIND] member='player3' targets=18 slots=9 reboundBones=0 reboundMeshes=0 pending=1 restPose=111 quiet=316 latched=0
[HEAD_REBIND] member='player2' targets=17 slots=7 reboundBones=0 reboundMeshes=0 pending=2 restPose=107 quiet=316 latched=0
[HEAD_REBIND] member='player1' targets=19 slots=59 reboundBones=0 reboundMeshes=0 pending=3 restPose=111 quiet=316 latched=0
[HEAD_REBIND] member='player0' targets=18 slots=11 reboundBones=0 reboundMeshes=0 pending=2 restPose=105 quiet=316 latched=0
[HEAD_REBIND] member='player3' targets=18 slots=9 reboundBones=0 reboundMeshes=0 pending=1 restPose=111 quiet=317 latched=0
[HEAD_REBIND] member='player2' targets=17 slots=7 reboundBones=0 reboundMeshes=0 pending=2 restPose=107 quiet=317 latched=0
[HEAD_REBIND] member='player1' targets=19 slots=59 reboundBones=0 reboundMeshes=0 pending=3 restPose=111 quiet=317 latched=0
[HEAD_REBIND] member='player0' targets=18 slots=11 reboundBones=0 reboundMeshes=0 pending=2 restPose=105 quiet=317 latched=0
[HEAD_REBIND] member='player3' targets=18 slots=9 reboundBones=0 reboundMeshes=0 pending=1 restPose=111 quiet=318 latched=0
[HEAD_REBIND] member='player2' targets=17 slots=7 reboundBones=0 reboundMeshes=0 pending=2 restPose=107 quiet=318 latched=0
[HEAD_REBIND] member='player1' targets=19 slots=59 reboundBones=0 reboundMeshes=0 pending=3 restPose=111 quiet=318 latched=0
[HEAD_REBIND] member='player0' targets=18 slots=11 reboundBones=0 reboundMeshes=0 pending=2 restPose=105 quiet=318 latched=0
[HEAD_REBIND] member='player3' targets=18 slots=9 reboundBones=0 reboundMeshes=0 pending=1 restPose=111 quiet=319 latched=0
[HEAD_REBIND] member='player2' targets=17 slots=7 reboundBones=0 reboundMeshes=0 pending=2 restPose=107 quiet=319 latched=0
[HEAD_REBIND] member='player1' targets=19 slots=59 reboundBones=0 reboundMeshes=0 pending=3 restPose=111 quiet=319 latched=0
[HEAD_REBIND] member='player0' targets=18 slots=11 reboundBones=0 reboundMeshes=0 pending=2 restPose=105 quiet=319 latched=0
[HEAD_REBIND] member='player3' targets=18 slots=9 reboundBones=0 reboundMeshes=0 pending=1 restPose=111 quiet=320 latched=0
[HEAD_REBIND] member='player2' targets=17 slots=7 reboundBones=0 reboundMeshes=0 pending=2 restPose=107 quiet=320 latched=0
[HEAD_REBIND] member='player1' targets=19 slots=59 reboundBones=0 reboundMeshes=0 pending=3 restPose=111 quiet=320 latched=0
[HEAD_REBIND] member='player0' targets=18 slots=11 reboundBones=0 reboundMeshes=0 pending=2 restPose=105 quiet=320 latched=0
[HEAD_REBIND] member='player3' targets=18 slots=9 reboundBones=0 reboundMeshes=0 pending=1 restPose=111 quiet=321 latched=0
[HEAD_REBIND] member='player2' targets=17 slots=7 reboundBones=0 reboundMeshes=0 pending=2 restPose=107 quiet=321 latched=0
[HEAD_REBIND] member='player1' targets=19 slots=59 reboundBones=0 reboundMeshes=0 pending=3 restPose=111 quiet=321 latched=0
[HEAD_REBIND] member='player0' targets=18 slots=11 reboundBones=0 reboundMeshes=0 pending=2 restPose=105 quiet=321 latched=0
[HEAD_REBIND] member='player3' targets=18 slots=9 reboundBones=0 reboundMeshes=0 pending=1 restPose=111 quiet=322 latched=0
[HEAD_REBIND] member='player2' targets=17 slots=7 reboundBones=0 reboundMeshes=0 pending=2 restPose=107 quiet=322 latched=0
[HEAD_REBIND] member='player1' targets=19 slots=59 reboundBones=0 reboundMeshes=0 pending=3 restPose=111 quiet=322 latched=0
[HEAD_REBIND] member='player0' targets=18 slots=11 reboundBones=0 reboundMeshes=0 pending=2 restPose=105 quiet=322 latched=0
[HEAD_REBIND] member='player3' targets=18 slots=9 reboundBones=0 reboundMeshes=0 pending=1 restPose=111 quiet=323 latched=0
[HEAD_REBIND] member='player2' targets=17 slots=7 reboundBones=0 reboundMeshes=0 pending=2 restPose=107 quiet=323 latched=0
[HEAD_REBIND] member='player1' targets=19 slots=59 reboundBones=0 reboundMeshes=0 pending=3 restPose=111 quiet=323 latched=0
[HEAD_REBIND] member='player0' targets=18 slots=11 reboundBones=0 reboundMeshes=0 pending=2 restPose=105 quiet=323 latched=0
[HEAD_REBIND] member='player3' targets=18 slots=9 reboundBones=0 reboundMeshes=0 pending=1 restPose=111 quiet=324 latched=0
[HEAD_REBIND] member='player2' targets=17 slots=7 reboundBones=0 reboundMeshes=0 pending=2 restPose=107 quiet=324 latched=0
[HEAD_REBIND] member='player1' targets=19 slots=59 reboundBones=0 reboundMeshes=0 pending=3 restPose=111 quiet=324 latched=0
[HEAD_REBIND] member='player0' targets=18 slots=11 reboundBones=0 reboundMeshes=0 pending=2 restPose=105 quiet=324 latched=0
[HEAD_REBIND] member='player3' targets=18 slots=9 reboundBones=0 reboundMeshes=0 pending=1 restPose=111 quiet=325 latched=0
[HEAD_REBIND] member='player2' targets=17 slots=7 reboundBones=0 reboundMeshes=0 pending=2 restPose=107 quiet=325 latched=0
[HEAD_REBIND] member='player1' targets=19 slots=59 reboundBones=0 reboundMeshes=0 pending=3 restPose=111 quiet=325 latched=0
[HEAD_REBIND] member='player0' targets=18 slots=11 reboundBones=0 reboundMeshes=0 pending=2 restPose=105 quiet=325 latched=0
[HEAD_REBIND] member='player3' targets=18 slots=9 reboundBones=0 reboundMeshes=0 pending=1 restPose=111 quiet=326 latched=0
[HEAD_REBIND] member='player2' targets=17 slots=7 reboundBones=0 reboundMeshes=0 pending=2 restPose=107 quiet=326 latched=0
[HEAD_REBIND] member='player1' targets=19 slots=59 reboundBones=0 reboundMeshes=0 pending=3 restPose=111 quiet=326 latched=0
[HEAD_REBIND] member='player0' targets=18 slots=11 reboundBones=0 reboundMeshes=0 pending=2 restPose=105 quiet=326 latched=0
[HEAD_REBIND] member='player3' targets=18 slots=9 reboundBones=0 reboundMeshes=0 pending=1 restPose=111 quiet=327 latched=0
[HEAD_REBIND] member='player2' targets=17 slots=7 reboundBones=0 reboundMeshes=0 pending=2 restPose=107 quiet=327 latched=0
[HEAD_REBIND] member='player1' targets=19 slots=59 reboundBones=0 reboundMeshes=0 pending=3 restPose=111 quiet=327 latched=0
[HEAD_REBIND] member='player0' targets=18 slots=11 reboundBones=0 reboundMeshes=0 pending=2 restPose=105 quiet=327 latched=0
[HEAD_REBIND] member='player3' targets=18 slots=9 reboundBones=0 reboundMeshes=0 pending=1 restPose=111 quiet=328 latched=0
[HEAD_REBIND] member='player2' targets=17 slots=7 reboundBones=0 reboundMeshes=0 pending=2 restPose=107 quiet=328 latched=0
[HEAD_REBIND] member='player1' targets=19 slots=59 reboundBones=0 reboundMeshes=0 pending=3 restPose=111 quiet=328 latched=0
[HEAD_REBIND] member='player0' targets=18 slots=11 reboundBones=0 reboundMeshes=0 pending=2 restPose=105 quiet=328 latched=0
[HEAD_REBIND] member='player3' targets=18 slots=9 reboundBones=0 reboundMeshes=0 pending=1 restPose=111 quiet=329 latched=0
[HEAD_REBIND] member='player2' targets=17 slots=7 reboundBones=0 reboundMeshes=0 pending=2 restPose=107 quiet=329 latched=0
[HEAD_REBIND] member='player1' targets=19 slots=59 reboundBones=0 reboundMeshes=0 pending=3 restPose=111 quiet=329 latched=0
[HEAD_REBIND] member='player0' targets=18 slots=11 reboundBones=0 reboundMeshes=0 pending=2 restPose=105 quiet=329 latched=0
[HEAD_REBIND] member='player3' targets=18 slots=9 reboundBones=0 reboundMeshes=0 pending=1 restPose=111 quiet=330 latched=0
[HEAD_REBIND] member='player2' targets=17 slots=7 reboundBones=0 reboundMeshes=0 pending=2 restPose=107 quiet=330 latched=0
[HEAD_REBIND] member='player1' targets=19 slots=59 reboundBones=0 reboundMeshes=0 pending=3 restPose=111 quiet=330 latched=0
[HEAD_REBIND] member='player0' targets=18 slots=11 reboundBones=0 reboundMeshes=0 pending=2 restPose=105 quiet=330 latched=0
[HEAD_REBIND] member='player3' targets=18 slots=9 reboundBones=0 reboundMeshes=0 pending=1 restPose=111 quiet=331 latched=0
[HEAD_REBIND] member='player2' targets=17 slots=7 reboundBones=0 reboundMeshes=0 pending=2 restPose=107 quiet=331 latched=0
[HEAD_REBIND] member='player1' targets=19 slots=59 reboundBones=0 reboundMeshes=0 pending=3 restPose=111 quiet=331 latched=0
[HEAD_REBIND] member='player0' targets=18 slots=11 reboundBones=0 reboundMeshes=0 pending=2 restPose=105 quiet=331 latched=0
[HEAD_REBIND] member='player3' targets=18 slots=9 reboundBones=0 reboundMeshes=0 pending=1 restPose=111 quiet=332 latched=0
[HEAD_REBIND] member='player2' targets=17 slots=7 reboundBones=0 reboundMeshes=0 pending=2 restPose=107 quiet=332 latched=0
[HEAD_REBIND] member='player1' targets=19 slots=59 reboundBones=0 reboundMeshes=0 pending=3 restPose=111 quiet=332 latched=0
[HEAD_REBIND] member='player0' targets=18 slots=11 reboundBones=0 reboundMeshes=0 pending=2 restPose=105 quiet=332 latched=0
[HEAD_REBIND] member='player3' targets=18 slots=9 reboundBones=0 reboundMeshes=0 pending=1 restPose=111 quiet=333 latched=0
[HEAD_REBIND] member='player2' targets=17 slots=7 reboundBones=0 reboundMeshes=0 pending=2 restPose=107 quiet=333 latched=0
[HEAD_REBIND] member='player1' targets=19 slots=59 reboundBones=0 reboundMeshes=0 pending=3 restPose=111 quiet=333 latched=0
[HEAD_REBIND] member='player0' targets=18 slots=11 reboundBones=0 reboundMeshes=0 pending=2 restPose=105 quiet=333 latched=0
[HEAD_REBIND] member='player3' targets=18 slots=9 reboundBones=0 reboundMeshes=0 pending=1 restPose=111 quiet=334 latched=0
[HEAD_REBIND] member='player2' targets=17 slots=7 reboundBones=0 reboundMeshes=0 pending=2 restPose=107 quiet=334 latched=0
[HEAD_REBIND] member='player1' targets=19 slots=59 reboundBones=0 reboundMeshes=0 pending=3 restPose=111 quiet=334 latched=0
[HEAD_REBIND] member='player0' targets=18 slots=11 reboundBones=0 reboundMeshes=0 pending=2 restPose=105 quiet=334 latched=0
[HEAD_REBIND] member='player3' targets=18 slots=9 reboundBones=0 reboundMeshes=0 pending=1 restPose=111 quiet=335 latched=0
[HEAD_REBIND] member='player2' targets=17 slots=7 reboundBones=0 reboundMeshes=0 pending=2 restPose=107 quiet=335 latched=0
[HEAD_REBIND] member='player1' targets=19 slots=59 reboundBones=0 reboundMeshes=0 pending=3 restPose=111 quiet=335 latched=0
[HEAD_REBIND] member='player0' targets=18 slots=11 reboundBones=0 reboundMeshes=0 pending=2 restPose=105 quiet=335 latched=0
[HEAD_REBIND] member='player3' targets=18 slots=9 reboundBones=0 reboundMeshes=0 pending=1 restPose=111 quiet=336 latched=0
[HEAD_REBIND] member='player2' targets=17 slots=7 reboundBones=0 reboundMeshes=0 pending=2 restPose=107 quiet=336 latched=0
[HEAD_REBIND] member='player1' targets=19 slots=59 reboundBones=0 reboundMeshes=0 pending=3 restPose=111 quiet=336 latched=0
[HEAD_REBIND] member='player0' targets=18 slots=11 reboundBones=0 reboundMeshes=0 pending=2 restPose=105 quiet=336 latched=0
[HEAD_REBIND] member='player3' targets=18 slots=9 reboundBones=0 reboundMeshes=0 pending=1 restPose=111 quiet=337 latched=0
[HEAD_REBIND] member='player2' targets=17 slots=7 reboundBones=0 reboundMeshes=0 pending=2 restPose=107 quiet=337 latched=0
[HEAD_REBIND] member='player1' targets=19 slots=59 reboundBones=0 reboundMeshes=0 pending=3 restPose=111 quiet=337 latched=0
[HEAD_REBIND] member='player0' targets=18 slots=11 reboundBones=0 reboundMeshes=0 pending=2 restPose=105 quiet=337 latched=0
[HEAD_REBIND] member='player3' targets=18 slots=9 reboundBones=0 reboundMeshes=0 pending=1 restPose=111 quiet=338 latched=0
[HEAD_REBIND] member='player2' targets=17 slots=7 reboundBones=0 reboundMeshes=0 pending=2 restPose=107 quiet=338 latched=0
[HEAD_REBIND] member='player1' targets=19 slots=59 reboundBones=0 reboundMeshes=0 pending=3 restPose=111 quiet=338 latched=0
[HEAD_REBIND] member='player0' targets=18 slots=11 reboundBones=0 reboundMeshes=0 pending=2 restPose=105 quiet=338 latched=0
[HEAD_REBIND] member='player3' targets=18 slots=9 reboundBones=0 reboundMeshes=0 pending=1 restPose=111 quiet=339 latched=0
[HEAD_REBIND] member='player2' targets=17 slots=7 reboundBones=0 reboundMeshes=0 pending=2 restPose=107 quiet=339 latched=0
[HEAD_REBIND] member='player1' targets=19 slots=59 reboundBones=0 reboundMeshes=0 pending=3 restPose=111 quiet=339 latched=0
[HEAD_REBIND] member='player0' targets=18 slots=11 reboundBones=0 reboundMeshes=0 pending=2 restPose=105 quiet=339 latched=0
[HEAD_REBIND] member='player3' targets=18 slots=9 reboundBones=0 reboundMeshes=0 pending=1 restPose=111 quiet=340 latched=0
[HEAD_REBIND] member='player2' targets=17 slots=7 reboundBones=0 reboundMeshes=0 pending=2 restPose=107 quiet=340 latched=0
[HEAD_REBIND] member='player1' targets=19 slots=59 reboundBones=0 reboundMeshes=0 pending=3 restPose=111 quiet=340 latched=0
[HEAD_REBIND] member='player0' targets=18 slots=11 reboundBones=0 reboundMeshes=0 pending=2 restPose=105 quiet=340 latched=0
[HEAD_REBIND] member='player3' targets=18 slots=9 reboundBones=0 reboundMeshes=0 pending=1 restPose=111 quiet=341 latched=0
[HEAD_REBIND] member='player2' targets=17 slots=7 reboundBones=0 reboundMeshes=0 pending=2 restPose=107 quiet=341 latched=0
[HEAD_REBIND] member='player1' targets=19 slots=59 reboundBones=0 reboundMeshes=0 pending=3 restPose=111 quiet=341 latched=0
[HEAD_REBIND] member='player0' targets=18 slots=11 reboundBones=0 reboundMeshes=0 pending=2 restPose=105 quiet=341 latched=0
[HEAD_REBIND] member='player3' targets=18 slots=9 reboundBones=0 reboundMeshes=0 pending=1 restPose=111 quiet=342 latched=0
[HEAD_REBIND] member='player2' targets=17 slots=7 reboundBones=0 reboundMeshes=0 pending=2 restPose=107 quiet=342 latched=0
[HEAD_REBIND] member='player1' targets=19 slots=59 reboundBones=0 reboundMeshes=0 pending=3 restPose=111 quiet=342 latched=0
[HEAD_REBIND] member='player0' targets=18 slots=11 reboundBones=0 reboundMeshes=0 pending=2 restPose=105 quiet=342 latched=0
[HEAD_REBIND] member='player3' targets=18 slots=9 reboundBones=0 reboundMeshes=0 pending=1 restPose=111 quiet=343 latched=0
[HEAD_REBIND] member='player2' targets=17 slots=7 reboundBones=0 reboundMeshes=0 pending=2 restPose=107 quiet=343 latched=0
[HEAD_REBIND] member='player1' targets=19 slots=59 reboundBones=0 reboundMeshes=0 pending=3 restPose=111 quiet=343 latched=0
[HEAD_REBIND] member='player0' targets=18 slots=11 reboundBones=0 reboundMeshes=0 pending=2 restPose=105 quiet=343 latched=0
[HEAD_REBIND] member='player3' targets=18 slots=9 reboundBones=0 reboundMeshes=0 pending=1 restPose=111 quiet=344 latched=0
[HEAD_REBIND] member='player2' targets=17 slots=7 reboundBones=0 reboundMeshes=0 pending=2 restPose=107 quiet=344 latched=0
[HEAD_REBIND] member='player1' targets=19 slots=59 reboundBones=0 reboundMeshes=0 pending=3 restPose=111 quiet=344 latched=0
[HEAD_REBIND] member='player0' targets=18 slots=11 reboundBones=0 reboundMeshes=0 pending=2 restPose=105 quiet=344 latched=0
[HEAD_REBIND] member='player3' targets=18 slots=9 reboundBones=0 reboundMeshes=0 pending=1 restPose=111 quiet=345 latched=0
[HEAD_REBIND] member='player2' targets=17 slots=7 reboundBones=0 reboundMeshes=0 pending=2 restPose=107 quiet=345 latched=0
[HEAD_REBIND] member='player1' targets=19 slots=59 reboundBones=0 reboundMeshes=0 pending=3 restPose=111 quiet=345 latched=0
[HEAD_REBIND] member='player0' targets=18 slots=11 reboundBones=0 reboundMeshes=0 pending=2 restPose=105 quiet=345 latched=0
[HEAD_REBIND] member='player3' targets=18 slots=9 reboundBones=0 reboundMeshes=0 pending=1 restPose=111 quiet=346 latched=0
[HEAD_REBIND] member='player2' targets=17 slots=7 reboundBones=0 reboundMeshes=0 pending=2 restPose=107 quiet=346 latched=0
[HEAD_REBIND] member='player1' targets=19 slots=59 reboundBones=0 reboundMeshes=0 pending=3 restPose=111 quiet=346 latched=0
[HEAD_REBIND] member='player0' targets=18 slots=11 reboundBones=0 reboundMeshes=0 pending=2 restPose=105 quiet=346 latched=0
[HEAD_REBIND] member='player3' targets=18 slots=9 reboundBones=0 reboundMeshes=0 pending=1 restPose=111 quiet=347 latched=0
[HEAD_REBIND] member='player2' targets=17 slots=7 reboundBones=0 reboundMeshes=0 pending=2 restPose=107 quiet=347 latched=0
[HEAD_REBIND] member='player1' targets=19 slots=59 reboundBones=0 reboundMeshes=0 pending=3 restPose=111 quiet=347 latched=0
[HEAD_REBIND] member='player0' targets=18 slots=11 reboundBones=0 reboundMeshes=0 pending=2 restPose=105 quiet=347 latched=0
[HEAD_REBIND] member='player3' targets=18 slots=9 reboundBones=0 reboundMeshes=0 pending=1 restPose=111 quiet=348 latched=0
[HEAD_REBIND] member='player2' targets=17 slots=7 reboundBones=0 reboundMeshes=0 pending=2 restPose=107 quiet=348 latched=0
[HEAD_REBIND] member='player1' targets=19 slots=59 reboundBones=0 reboundMeshes=0 pending=3 restPose=111 quiet=348 latched=0
[HEAD_REBIND] member='player0' targets=18 slots=11 reboundBones=0 reboundMeshes=0 pending=2 restPose=105 quiet=348 latched=0
[HEAD_REBIND] member='player3' targets=18 slots=9 reboundBones=0 reboundMeshes=0 pending=1 restPose=111 quiet=349 latched=0
[HEAD_REBIND] member='player2' targets=17 slots=7 reboundBones=0 reboundMeshes=0 pending=2 restPose=107 quiet=349 latched=0
[HEAD_REBIND] member='player1' targets=19 slots=59 reboundBones=0 reboundMeshes=0 pending=3 restPose=111 quiet=349 latched=0
[HEAD_REBIND] member='player0' targets=18 slots=11 reboundBones=0 reboundMeshes=0 pending=2 restPose=105 quiet=349 latched=0
[HEAD_REBIND] member='player3' targets=18 slots=9 reboundBones=0 reboundMeshes=0 pending=1 restPose=111 quiet=350 latched=0
[HEAD_REBIND] member='player2' targets=17 slots=7 reboundBones=0 reboundMeshes=0 pending=2 restPose=107 quiet=350 latched=0
[HEAD_REBIND] member='player1' targets=19 slots=59 reboundBones=0 reboundMeshes=0 pending=3 restPose=111 quiet=350 latched=0
[HEAD_REBIND] member='player0' targets=18 slots=11 reboundBones=0 reboundMeshes=0 pending=2 restPose=105 quiet=350 latched=0
[HEAD_REBIND] member='player3' targets=18 slots=9 reboundBones=0 reboundMeshes=0 pending=1 restPose=111 quiet=351 latched=0
[HEAD_REBIND] member='player2' targets=17 slots=7 reboundBones=0 reboundMeshes=0 pending=2 restPose=107 quiet=351 latched=0
[HEAD_REBIND] member='player1' targets=19 slots=59 reboundBones=0 reboundMeshes=0 pending=3 restPose=111 quiet=351 latched=0
[HEAD_REBIND] member='player0' targets=18 slots=11 reboundBones=0 reboundMeshes=0 pending=2 restPose=105 quiet=351 latched=0
[HEAD_REBIND] member='player3' targets=18 slots=9 reboundBones=0 reboundMeshes=0 pending=1 restPose=111 quiet=352 latched=0
[HEAD_REBIND] member='player2' targets=17 slots=7 reboundBones=0 reboundMeshes=0 pending=2 restPose=107 quiet=352 latched=0
[HEAD_REBIND] member='player1' targets=19 slots=59 reboundBones=0 reboundMeshes=0 pending=3 restPose=111 quiet=352 latched=0
[HEAD_REBIND] member='player0' targets=18 slots=11 reboundBones=0 reboundMeshes=0 pending=2 restPose=105 quiet=352 latched=0
[HEAD_REBIND] member='player3' targets=18 slots=9 reboundBones=0 reboundMeshes=0 pending=1 restPose=111 quiet=353 latched=0
[HEAD_REBIND] member='player2' targets=17 slots=7 reboundBones=0 reboundMeshes=0 pending=2 restPose=107 quiet=353 latched=0
[HEAD_REBIND] member='player1' targets=19 slots=59 reboundBones=0 reboundMeshes=0 pending=3 restPose=111 quiet=353 latched=0
[HEAD_REBIND] member='player0' targets=18 slots=11 reboundBones=0 reboundMeshes=0 pending=2 restPose=105 quiet=353 latched=0
[HEAD_REBIND] member='player3' targets=18 slots=9 reboundBones=0 reboundMeshes=0 pending=1 restPose=111 quiet=354 latched=0
[HEAD_REBIND] member='player2' targets=17 slots=7 reboundBones=0 reboundMeshes=0 pending=2 restPose=107 quiet=354 latched=0
[HEAD_REBIND] member='player1' targets=19 slots=59 reboundBones=0 reboundMeshes=0 pending=3 restPose=111 quiet=354 latched=0
[HEAD_REBIND] member='player0' targets=18 slots=11 reboundBones=0 reboundMeshes=0 pending=2 restPose=105 quiet=354 latched=0
[HEAD_REBIND] member='player3' targets=18 slots=9 reboundBones=0 reboundMeshes=0 pending=1 restPose=111 quiet=355 latched=0
[HEAD_REBIND] member='player2' targets=17 slots=7 reboundBones=0 reboundMeshes=0 pending=2 restPose=107 quiet=355 latched=0
[HEAD_REBIND] member='player1' targets=19 slots=59 reboundBones=0 reboundMeshes=0 pending=3 restPose=111 quiet=355 latched=0
[HEAD_REBIND] member='player0' targets=18 slots=11 reboundBones=0 reboundMeshes=0 pending=2 restPose=105 quiet=355 latched=0
[HEAD_REBIND] member='player3' targets=18 slots=9 reboundBones=0 reboundMeshes=0 pending=1 restPose=111 quiet=356 latched=0
[HEAD_REBIND] member='player2' targets=17 slots=7 reboundBones=0 reboundMeshes=0 pending=2 restPose=107 quiet=356 latched=0
[HEAD_REBIND] member='player1' targets=19 slots=59 reboundBones=0 reboundMeshes=0 pending=3 restPose=111 quiet=356 latched=0
[HEAD_REBIND] member='player0' targets=18 slots=11 reboundBones=0 reboundMeshes=0 pending=2 restPose=105 quiet=356 latched=0
[HEAD_REBIND] member='player3' targets=18 slots=9 reboundBones=0 reboundMeshes=0 pending=1 restPose=111 quiet=357 latched=0
[HEAD_REBIND] member='player2' targets=17 slots=7 reboundBones=0 reboundMeshes=0 pending=2 restPose=107 quiet=357 latched=0
[HEAD_REBIND] member='player1' targets=19 slots=59 reboundBones=0 reboundMeshes=0 pending=3 restPose=111 quiet=357 latched=0
[HEAD_REBIND] member='player0' targets=18 slots=11 reboundBones=0 reboundMeshes=0 pending=2 restPose=105 quiet=357 latched=0
[HEAD_REBIND] member='player3' targets=18 slots=9 reboundBones=0 reboundMeshes=0 pending=1 restPose=111 quiet=358 latched=0
[HEAD_REBIND] member='player2' targets=17 slots=7 reboundBones=0 reboundMeshes=0 pending=2 restPose=107 quiet=358 latched=0
[HEAD_REBIND] member='player1' targets=19 slots=59 reboundBones=0 reboundMeshes=0 pending=3 restPose=111 quiet=358 latched=0
[HEAD_REBIND] member='player0' targets=18 slots=11 reboundBones=0 reboundMeshes=0 pending=2 restPose=105 quiet=358 latched=0
[HEAD_REBIND] member='player3' targets=18 slots=9 reboundBones=0 reboundMeshes=0 pending=1 restPose=111 quiet=359 latched=0
[HEAD_REBIND] member='player2' targets=17 slots=7 reboundBones=0 reboundMeshes=0 pending=2 restPose=107 quiet=359 latched=0
[HEAD_REBIND] member='player1' targets=19 slots=59 reboundBones=0 reboundMeshes=0 pending=3 restPose=111 quiet=359 latched=0
[HEAD_REBIND] member='player0' targets=18 slots=11 reboundBones=0 reboundMeshes=0 pending=2 restPose=105 quiet=359 latched=0
[HEAD_REBIND] member='player3' targets=18 slots=9 reboundBones=0 reboundMeshes=0 pending=1 restPose=111 quiet=360 latched=0
[HEAD_REBIND] member='player2' targets=17 slots=7 reboundBones=0 reboundMeshes=0 pending=2 restPose=107 quiet=360 latched=0
[HEAD_REBIND] member='player1' targets=19 slots=59 reboundBones=0 reboundMeshes=0 pending=3 restPose=111 quiet=360 latched=0
[HEAD_REBIND] member='player0' targets=18 slots=11 reboundBones=0 reboundMeshes=0 pending=2 restPose=105 quiet=360 latched=0
[HEAD_REBIND] member='player3' targets=18 slots=9 reboundBones=0 reboundMeshes=0 pending=1 restPose=111 quiet=361 latched=0
[HEAD_REBIND] member='player2' targets=17 slots=7 reboundBones=0 reboundMeshes=0 pending=2 restPose=107 quiet=361 latched=0
[HEAD_REBIND] member='player1' targets=19 slots=59 reboundBones=0 reboundMeshes=0 pending=3 restPose=111 quiet=361 latched=0
[HEAD_REBIND] member='player0' targets=18 slots=11 reboundBones=0 reboundMeshes=0 pending=2 restPose=105 quiet=361 latched=0
[HEAD_REBIND] member='player3' targets=18 slots=9 reboundBones=0 reboundMeshes=0 pending=1 restPose=111 quiet=362 latched=0
[HEAD_REBIND] member='player2' targets=17 slots=7 reboundBones=0 reboundMeshes=0 pending=2 restPose=107 quiet=362 latched=0
[HEAD_REBIND] member='player1' targets=19 slots=59 reboundBones=0 reboundMeshes=0 pending=3 restPose=111 quiet=362 latched=0
[HEAD_REBIND] member='player0' targets=18 slots=11 reboundBones=0 reboundMeshes=0 pending=2 restPose=105 quiet=362 latched=0
[HEAD_REBIND] member='player3' targets=18 slots=9 reboundBones=0 reboundMeshes=0 pending=1 restPose=111 quiet=363 latched=0
[HEAD_REBIND] member='player2' targets=17 slots=7 reboundBones=0 reboundMeshes=0 pending=2 restPose=107 quiet=363 latched=0
[HEAD_REBIND] member='player1' targets=19 slots=59 reboundBones=0 reboundMeshes=0 pending=3 restPose=111 quiet=363 latched=0
[HEAD_REBIND] member='player0' targets=18 slots=11 reboundBones=0 reboundMeshes=0 pending=2 restPose=105 quiet=363 latched=0
[HEAD_REBIND] member='player3' targets=18 slots=9 reboundBones=0 reboundMeshes=0 pending=1 restPose=111 quiet=364 latched=0
[HEAD_REBIND] member='player2' targets=17 slots=7 reboundBones=0 reboundMeshes=0 pending=2 restPose=107 quiet=364 latched=0
[HEAD_REBIND] member='player1' targets=19 slots=59 reboundBones=0 reboundMeshes=0 pending=3 restPose=111 quiet=364 latched=0
[HEAD_REBIND] member='player0' targets=18 slots=11 reboundBones=0 reboundMeshes=0 pending=2 restPose=105 quiet=364 latched=0
[HEAD_REBIND] member='player3' targets=18 slots=9 reboundBones=0 reboundMeshes=0 pending=1 restPose=111 quiet=365 latched=0
[HEAD_REBIND] member='player2' targets=17 slots=7 reboundBones=0 reboundMeshes=0 pending=2 restPose=107 quiet=365 latched=0
[HEAD_REBIND] member='player1' targets=19 slots=59 reboundBones=0 reboundMeshes=0 pending=3 restPose=111 quiet=365 latched=0
[HEAD_REBIND] member='player0' targets=18 slots=11 reboundBones=0 reboundMeshes=0 pending=2 restPose=105 quiet=365 latched=0
[HEAD_REBIND] member='player3' targets=18 slots=9 reboundBones=0 reboundMeshes=0 pending=1 restPose=111 quiet=366 latched=0
[HEAD_REBIND] member='player2' targets=17 slots=7 reboundBones=0 reboundMeshes=0 pending=2 restPose=107 quiet=366 latched=0
[HEAD_REBIND] member='player1' targets=19 slots=59 reboundBones=0 reboundMeshes=0 pending=3 restPose=111 quiet=366 latched=0
[HEAD_REBIND] member='player0' targets=18 slots=11 reboundBones=0 reboundMeshes=0 pending=2 restPose=105 quiet=366 latched=0
[HEAD_REBIND] member='player3' targets=18 slots=9 reboundBones=0 reboundMeshes=0 pending=1 restPose=111 quiet=367 latched=0
[HEAD_REBIND] member='player2' targets=17 slots=7 reboundBones=0 reboundMeshes=0 pending=2 restPose=107 quiet=367 latched=0
[HEAD_REBIND] member='player1' targets=19 slots=59 reboundBones=0 reboundMeshes=0 pending=3 restPose=111 quiet=367 latched=0
[HEAD_REBIND] member='player0' targets=18 slots=11 reboundBones=0 reboundMeshes=0 pending=2 restPose=105 quiet=367 latched=0
[HEAD_REBIND] member='player3' targets=18 slots=9 reboundBones=0 reboundMeshes=0 pending=1 restPose=111 quiet=368 latched=0
[HEAD_REBIND] member='player2' targets=17 slots=7 reboundBones=0 reboundMeshes=0 pending=2 restPose=107 quiet=368 latched=0
[HEAD_REBIND] member='player1' targets=19 slots=59 reboundBones=0 reboundMeshes=0 pending=3 restPose=111 quiet=368 latched=0
[HEAD_REBIND] member='player0' targets=18 slots=11 reboundBones=0 reboundMeshes=0 pending=2 restPose=105 quiet=368 latched=0
[HEAD_REBIND] member='player3' targets=18 slots=9 reboundBones=0 reboundMeshes=0 pending=1 restPose=111 quiet=369 latched=0
[HEAD_REBIND] member='player2' targets=17 slots=7 reboundBones=0 reboundMeshes=0 pending=2 restPose=107 quiet=369 latched=0
[HEAD_REBIND] member='player1' targets=19 slots=59 reboundBones=0 reboundMeshes=0 pending=3 restPose=111 quiet=369 latched=0
[HEAD_REBIND] member='player0' targets=18 slots=11 reboundBones=0 reboundMeshes=0 pending=2 restPose=105 quiet=369 latched=0
[HEAD_REBIND] member='player3' targets=18 slots=9 reboundBones=0 reboundMeshes=0 pending=1 restPose=111 quiet=370 latched=0
[HEAD_REBIND] member='player2' targets=17 slots=7 reboundBones=0 reboundMeshes=0 pending=2 restPose=107 quiet=370 latched=0
[HEAD_REBIND] member='player1' targets=19 slots=59 reboundBones=0 reboundMeshes=0 pending=3 restPose=111 quiet=370 latched=0
[HEAD_REBIND] member='player0' targets=18 slots=11 reboundBones=0 reboundMeshes=0 pending=2 restPose=105 quiet=370 latched=0
[HEAD_REBIND] member='player3' targets=18 slots=9 reboundBones=0 reboundMeshes=0 pending=1 restPose=111 quiet=371 latched=0
[HEAD_REBIND] member='player2' targets=17 slots=7 reboundBones=0 reboundMeshes=0 pending=2 restPose=107 quiet=371 latched=0
[HEAD_REBIND] member='player1' targets=19 slots=59 reboundBones=0 reboundMeshes=0 pending=3 restPose=111 quiet=371 latched=0
[HEAD_REBIND] member='player0' targets=18 slots=11 reboundBones=0 reboundMeshes=0 pending=2 restPose=105 quiet=371 latched=0
[HEAD_REBIND] member='player3' targets=18 slots=9 reboundBones=0 reboundMeshes=0 pending=1 restPose=111 quiet=372 latched=0
[HEAD_REBIND] member='player2' targets=17 slots=7 reboundBones=0 reboundMeshes=0 pending=2 restPose=107 quiet=372 latched=0
[HEAD_REBIND] member='player1' targets=19 slots=59 reboundBones=0 reboundMeshes=0 pending=3 restPose=111 quiet=372 latched=0
[HEAD_REBIND] member='player0' targets=18 slots=11 reboundBones=0 reboundMeshes=0 pending=2 restPose=105 quiet=372 latched=0
[HEAD_REBIND] member='player3' targets=18 slots=9 reboundBones=0 reboundMeshes=0 pending=1 restPose=111 quiet=373 latched=0
[HEAD_REBIND] member='player2' targets=17 slots=7 reboundBones=0 reboundMeshes=0 pending=2 restPose=107 quiet=373 latched=0
[HEAD_REBIND] member='player1' targets=19 slots=59 reboundBones=0 reboundMeshes=0 pending=3 restPose=111 quiet=373 latched=0
[HEAD_REBIND] member='player0' targets=18 slots=11 reboundBones=0 reboundMeshes=0 pending=2 restPose=105 quiet=373 latched=0
[HEAD_REBIND] member='player3' targets=18 slots=9 reboundBones=0 reboundMeshes=0 pending=1 restPose=111 quiet=374 latched=0
[HEAD_REBIND] member='player2' targets=17 slots=7 reboundBones=0 reboundMeshes=0 pending=2 restPose=107 quiet=374 latched=0
[HEAD_REBIND] member='player1' targets=19 slots=59 reboundBones=0 reboundMeshes=0 pending=3 restPose=111 quiet=374 latched=0
[HEAD_REBIND] member='player0' targets=18 slots=11 reboundBones=0 reboundMeshes=0 pending=2 restPose=105 quiet=374 latched=0
[HEAD_REBIND] member='player3' targets=18 slots=9 reboundBones=0 reboundMeshes=0 pending=1 restPose=111 quiet=375 latched=0
[HEAD_REBIND] member='player2' targets=17 slots=7 reboundBones=0 reboundMeshes=0 pending=2 restPose=107 quiet=375 latched=0
[HEAD_REBIND] member='player1' targets=19 slots=59 reboundBones=0 reboundMeshes=0 pending=3 restPose=111 quiet=375 latched=0
[HEAD_REBIND] member='player0' targets=18 slots=11 reboundBones=0 reboundMeshes=0 pending=2 restPose=105 quiet=375 latched=0
[HEAD_REBIND] member='player3' targets=18 slots=9 reboundBones=0 reboundMeshes=0 pending=1 restPose=111 quiet=376 latched=0
[HEAD_REBIND] member='player2' targets=17 slots=7 reboundBones=0 reboundMeshes=0 pending=2 restPose=107 quiet=376 latched=0
[HEAD_REBIND] member='player1' targets=19 slots=59 reboundBones=0 reboundMeshes=0 pending=3 restPose=111 quiet=376 latched=0
[HEAD_REBIND] member='player0' targets=18 slots=11 reboundBones=0 reboundMeshes=0 pending=2 restPose=105 quiet=376 latched=0
[HEAD_REBIND] member='player3' targets=18 slots=9 reboundBones=0 reboundMeshes=0 pending=1 restPose=111 quiet=377 latched=0
[HEAD_REBIND] member='player2' targets=17 slots=7 reboundBones=0 reboundMeshes=0 pending=2 restPose=107 quiet=377 latched=0
[HEAD_REBIND] member='player1' targets=19 slots=59 reboundBones=0 reboundMeshes=0 pending=3 restPose=111 quiet=377 latched=0
[HEAD_REBIND] member='player0' targets=18 slots=11 reboundBones=0 reboundMeshes=0 pending=2 restPose=105 quiet=377 latched=0
[HEAD_REBIND] member='player3' targets=18 slots=9 reboundBones=0 reboundMeshes=0 pending=1 restPose=111 quiet=378 latched=0
[HEAD_REBIND] member='player2' targets=17 slots=7 reboundBones=0 reboundMeshes=0 pending=2 restPose=107 quiet=378 latched=0
[HEAD_REBIND] member='player1' targets=19 slots=59 reboundBones=0 reboundMeshes=0 pending=3 restPose=111 quiet=378 latched=0
[HEAD_REBIND] member='player0' targets=18 slots=11 reboundBones=0 reboundMeshes=0 pending=2 restPose=105 quiet=378 latched=0
[HEAD_REBIND] member='player3' targets=18 slots=9 reboundBones=0 reboundMeshes=0 pending=1 restPose=111 quiet=379 latched=0
[HEAD_REBIND] member='player2' targets=17 slots=7 reboundBones=0 reboundMeshes=0 pending=2 restPose=107 quiet=379 latched=0
[HEAD_REBIND] member='player1' targets=19 slots=59 reboundBones=0 reboundMeshes=0 pending=3 restPose=111 quiet=379 latched=0
[HEAD_REBIND] member='player0' targets=18 slots=11 reboundBones=0 reboundMeshes=0 pending=2 restPose=105 quiet=379 latched=0
[HEAD_REBIND] member='player3' targets=18 slots=9 reboundBones=0 reboundMeshes=0 pending=1 restPose=111 quiet=380 latched=0
[HEAD_REBIND] member='player2' targets=17 slots=7 reboundBones=0 reboundMeshes=0 pending=2 restPose=107 quiet=380 latched=0
[HEAD_REBIND] member='player1' targets=19 slots=59 reboundBones=0 reboundMeshes=0 pending=3 restPose=111 quiet=380 latched=0
[HEAD_REBIND] member='player0' targets=18 slots=11 reboundBones=0 reboundMeshes=0 pending=2 restPose=105 quiet=380 latched=0
[HEAD_REBIND] member='player3' targets=18 slots=9 reboundBones=0 reboundMeshes=0 pending=1 restPose=111 quiet=381 latched=0
[HEAD_REBIND] member='player2' targets=17 slots=7 reboundBones=0 reboundMeshes=0 pending=2 restPose=107 quiet=381 latched=0
[HEAD_REBIND] member='player1' targets=19 slots=59 reboundBones=0 reboundMeshes=0 pending=3 restPose=111 quiet=381 latched=0
[HEAD_REBIND] member='player0' targets=18 slots=11 reboundBones=0 reboundMeshes=0 pending=2 restPose=105 quiet=381 latched=0
[HEAD_REBIND] member='player3' targets=18 slots=9 reboundBones=0 reboundMeshes=0 pending=1 restPose=111 quiet=382 latched=0
[HEAD_REBIND] member='player2' targets=17 slots=7 reboundBones=0 reboundMeshes=0 pending=2 restPose=107 quiet=382 latched=0
[HEAD_REBIND] member='player1' targets=19 slots=59 reboundBones=0 reboundMeshes=0 pending=3 restPose=111 quiet=382 latched=0
[HEAD_REBIND] member='player0' targets=18 slots=11 reboundBones=0 reboundMeshes=0 pending=2 restPose=105 quiet=382 latched=0
[HEAD_REBIND] member='player3' targets=18 slots=9 reboundBones=0 reboundMeshes=0 pending=1 restPose=111 quiet=383 latched=0
[HEAD_REBIND] member='player2' targets=17 slots=7 reboundBones=0 reboundMeshes=0 pending=2 restPose=107 quiet=383 latched=0
[HEAD_REBIND] member='player1' targets=19 slots=59 reboundBones=0 reboundMeshes=0 pending=3 restPose=111 quiet=383 latched=0
[HEAD_REBIND] member='player0' targets=18 slots=11 reboundBones=0 reboundMeshes=0 pending=2 restPose=105 quiet=383 latched=0
[HEAD_REBIND] member='player3' targets=18 slots=9 reboundBones=0 reboundMeshes=0 pending=1 restPose=111 quiet=384 latched=0
[HEAD_REBIND] member='player2' targets=17 slots=7 reboundBones=0 reboundMeshes=0 pending=2 restPose=107 quiet=384 latched=0
[HEAD_REBIND] member='player1' targets=19 slots=59 reboundBones=0 reboundMeshes=0 pending=3 restPose=111 quiet=384 latched=0
[HEAD_REBIND] member='player0' targets=18 slots=11 reboundBones=0 reboundMeshes=0 pending=2 restPose=105 quiet=384 latched=0
[HEAD_REBIND] member='player3' targets=18 slots=9 reboundBones=0 reboundMeshes=0 pending=1 restPose=111 quiet=385 latched=0
[HEAD_REBIND] member='player2' targets=17 slots=7 reboundBones=0 reboundMeshes=0 pending=2 restPose=107 quiet=385 latched=0
[HEAD_REBIND] member='player1' targets=19 slots=59 reboundBones=0 reboundMeshes=0 pending=3 restPose=111 quiet=385 latched=0
[HEAD_REBIND] member='player0' targets=18 slots=11 reboundBones=0 reboundMeshes=0 pending=2 restPose=105 quiet=385 latched=0
[HEAD_REBIND] member='player3' targets=18 slots=9 reboundBones=0 reboundMeshes=0 pending=1 restPose=111 quiet=386 latched=0
[HEAD_REBIND] member='player2' targets=17 slots=7 reboundBones=0 reboundMeshes=0 pending=2 restPose=107 quiet=386 latched=0
[HEAD_REBIND] member='player1' targets=19 slots=59 reboundBones=0 reboundMeshes=0 pending=3 restPose=111 quiet=386 latched=0
[HEAD_REBIND] member='player0' targets=18 slots=11 reboundBones=0 reboundMeshes=0 pending=2 restPose=105 quiet=386 latched=0
[HEAD_REBIND] member='player3' targets=18 slots=9 reboundBones=0 reboundMeshes=0 pending=1 restPose=111 quiet=387 latched=0
[HEAD_REBIND] member='player2' targets=17 slots=7 reboundBones=0 reboundMeshes=0 pending=2 restPose=107 quiet=387 latched=0
[HEAD_REBIND] member='player1' targets=19 slots=59 reboundBones=0 reboundMeshes=0 pending=3 restPose=111 quiet=387 latched=0
[HEAD_REBIND] member='player0' targets=18 slots=11 reboundBones=0 reboundMeshes=0 pending=2 restPose=105 quiet=387 latched=0
[HEAD_REBIND] member='player3' targets=18 slots=9 reboundBones=0 reboundMeshes=0 pending=1 restPose=111 quiet=388 latched=0
[HEAD_REBIND] member='player2' targets=17 slots=7 reboundBones=0 reboundMeshes=0 pending=2 restPose=107 quiet=388 latched=0
[HEAD_REBIND] member='player1' targets=19 slots=59 reboundBones=0 reboundMeshes=0 pending=3 restPose=111 quiet=388 latched=0
[HEAD_REBIND] member='player0' targets=18 slots=11 reboundBones=0 reboundMeshes=0 pending=2 restPose=105 quiet=388 latched=0
[HEAD_REBIND] member='player3' targets=18 slots=9 reboundBones=0 reboundMeshes=0 pending=1 restPose=111 quiet=389 latched=0
[HEAD_REBIND] member='player2' targets=17 slots=7 reboundBones=0 reboundMeshes=0 pending=2 restPose=107 quiet=389 latched=0
[HEAD_REBIND] member='player1' targets=19 slots=59 reboundBones=0 reboundMeshes=0 pending=3 restPose=111 quiet=389 latched=0
[HEAD_REBIND] member='player0' targets=18 slots=11 reboundBones=0 reboundMeshes=0 pending=2 restPose=105 quiet=389 latched=0
[HEAD_REBIND] member='player3' targets=18 slots=9 reboundBones=0 reboundMeshes=0 pending=1 restPose=111 quiet=390 latched=0
[HEAD_REBIND] member='player2' targets=17 slots=7 reboundBones=0 reboundMeshes=0 pending=2 restPose=107 quiet=390 latched=0
[HEAD_REBIND] member='player1' targets=19 slots=59 reboundBones=0 reboundMeshes=0 pending=3 restPose=111 quiet=390 latched=0
[HEAD_REBIND] member='player0' targets=18 slots=11 reboundBones=0 reboundMeshes=0 pending=2 restPose=105 quiet=390 latched=0
[HEAD_REBIND] member='player3' targets=18 slots=9 reboundBones=0 reboundMeshes=0 pending=1 restPose=111 quiet=391 latched=0
[HEAD_REBIND] member='player2' targets=17 slots=7 reboundBones=0 reboundMeshes=0 pending=2 restPose=107 quiet=391 latched=0
[HEAD_REBIND] member='player1' targets=19 slots=59 reboundBones=0 reboundMeshes=0 pending=3 restPose=111 quiet=391 latched=0
[HEAD_REBIND] member='player0' targets=18 slots=11 reboundBones=0 reboundMeshes=0 pending=2 restPose=105 quiet=391 latched=0
[HEAD_REBIND] member='player3' targets=18 slots=9 reboundBones=0 reboundMeshes=0 pending=1 restPose=111 quiet=392 latched=0
[HEAD_REBIND] member='player2' targets=17 slots=7 reboundBones=0 reboundMeshes=0 pending=2 restPose=107 quiet=392 latched=0
[HEAD_REBIND] member='player1' targets=19 slots=59 reboundBones=0 reboundMeshes=0 pending=3 restPose=111 quiet=392 latched=0
[HEAD_REBIND] member='player0' targets=18 slots=11 reboundBones=0 reboundMeshes=0 pending=2 restPose=105 quiet=392 latched=0
[HEAD_REBIND] member='player3' targets=18 slots=9 reboundBones=0 reboundMeshes=0 pending=1 restPose=111 quiet=393 latched=0
[HEAD_REBIND] member='player2' targets=17 slots=7 reboundBones=0 reboundMeshes=0 pending=2 restPose=107 quiet=393 latched=0
[HEAD_REBIND] member='player1' targets=19 slots=59 reboundBones=0 reboundMeshes=0 pending=3 restPose=111 quiet=393 latched=0
[HEAD_REBIND] member='player0' targets=18 slots=11 reboundBones=0 reboundMeshes=0 pending=2 restPose=105 quiet=393 latched=0
[HEAD_REBIND] member='player3' targets=18 slots=9 reboundBones=0 reboundMeshes=0 pending=1 restPose=111 quiet=394 latched=0
[HEAD_REBIND] member='player2' targets=17 slots=7 reboundBones=0 reboundMeshes=0 pending=2 restPose=107 quiet=394 latched=0
[HEAD_REBIND] member='player1' targets=19 slots=59 reboundBones=0 reboundMeshes=0 pending=3 restPose=111 quiet=394 latched=0
[HEAD_REBIND] member='player0' targets=18 slots=11 reboundBones=0 reboundMeshes=0 pending=2 restPose=105 quiet=394 latched=0
[HEAD_REBIND] member='player3' targets=18 slots=9 reboundBones=0 reboundMeshes=0 pending=1 restPose=111 quiet=395 latched=0
[HEAD_REBIND] member='player2' targets=17 slots=7 reboundBones=0 reboundMeshes=0 pending=2 restPose=107 quiet=395 latched=0
[HEAD_REBIND] member='player1' targets=19 slots=59 reboundBones=0 reboundMeshes=0 pending=3 restPose=111 quiet=395 latched=0
[HEAD_REBIND] member='player0' targets=18 slots=11 reboundBones=0 reboundMeshes=0 pending=2 restPose=105 quiet=395 latched=0
[HEAD_REBIND] member='player3' targets=18 slots=9 reboundBones=0 reboundMeshes=0 pending=1 restPose=111 quiet=396 latched=0
[HEAD_REBIND] member='player2' targets=17 slots=7 reboundBones=0 reboundMeshes=0 pending=2 restPose=107 quiet=396 latched=0
[HEAD_REBIND] member='player1' targets=19 slots=59 reboundBones=0 reboundMeshes=0 pending=3 restPose=111 quiet=396 latched=0
[HEAD_REBIND] member='player0' targets=18 slots=11 reboundBones=0 reboundMeshes=0 pending=2 restPose=105 quiet=396 latched=0
[HEAD_REBIND] member='player3' targets=18 slots=9 reboundBones=0 reboundMeshes=0 pending=1 restPose=111 quiet=397 latched=0
[HEAD_REBIND] member='player2' targets=17 slots=7 reboundBones=0 reboundMeshes=0 pending=2 restPose=107 quiet=397 latched=0
[HEAD_REBIND] member='player1' targets=19 slots=59 reboundBones=0 reboundMeshes=0 pending=3 restPose=111 quiet=397 latched=0
[HEAD_REBIND] member='player0' targets=18 slots=11 reboundBones=0 reboundMeshes=0 pending=2 restPose=105 quiet=397 latched=0
[HEAD_REBIND] member='player3' targets=18 slots=9 reboundBones=0 reboundMeshes=0 pending=1 restPose=111 quiet=398 latched=0
[HEAD_REBIND] member='player2' targets=17 slots=7 reboundBones=0 reboundMeshes=0 pending=2 restPose=107 quiet=398 latched=0
[HEAD_REBIND] member='player1' targets=19 slots=59 reboundBones=0 reboundMeshes=0 pending=3 restPose=111 quiet=398 latched=0
[HEAD_REBIND] member='player0' targets=18 slots=11 reboundBones=0 reboundMeshes=0 pending=2 restPose=105 quiet=398 latched=0
[HEAD_REBIND] member='player3' targets=18 slots=9 reboundBones=0 reboundMeshes=0 pending=1 restPose=111 quiet=399 latched=0
[HEAD_REBIND] member='player2' targets=17 slots=7 reboundBones=0 reboundMeshes=0 pending=2 restPose=107 quiet=399 latched=0
[HEAD_REBIND] member='player1' targets=19 slots=59 reboundBones=0 reboundMeshes=0 pending=3 restPose=111 quiet=399 latched=0
[HEAD_REBIND] member='player0' targets=18 slots=11 reboundBones=0 reboundMeshes=0 pending=2 restPose=105 quiet=399 latched=0
[HEAD_REBIND] member='player3' targets=18 slots=9 reboundBones=0 reboundMeshes=0 pending=1 restPose=111 quiet=400 latched=0
[HEAD_REBIND] member='player2' targets=17 slots=7 reboundBones=0 reboundMeshes=0 pending=2 restPose=107 quiet=400 latched=0
[HEAD_REBIND] member='player1' targets=19 slots=59 reboundBones=0 reboundMeshes=0 pending=3 restPose=111 quiet=400 latched=0
[HEAD_REBIND] member='player0' targets=18 slots=11 reboundBones=0 reboundMeshes=0 pending=2 restPose=105 quiet=400 latched=0
[HEAD_REBIND] member='player3' targets=18 slots=9 reboundBones=0 reboundMeshes=0 pending=1 restPose=111 quiet=401 latched=0
[HEAD_REBIND] member='player2' targets=17 slots=7 reboundBones=0 reboundMeshes=0 pending=2 restPose=107 quiet=401 latched=0
[HEAD_REBIND] member='player1' targets=19 slots=59 reboundBones=0 reboundMeshes=0 pending=3 restPose=111 quiet=401 latched=0
[HEAD_REBIND] member='player0' targets=18 slots=11 reboundBones=0 reboundMeshes=0 pending=2 restPose=105 quiet=401 latched=0
[HEAD_REBIND] member='player3' targets=18 slots=9 reboundBones=0 reboundMeshes=0 pending=1 restPose=111 quiet=402 latched=0
[HEAD_REBIND] member='player2' targets=17 slots=7 reboundBones=0 reboundMeshes=0 pending=2 restPose=107 quiet=402 latched=0
[HEAD_REBIND] member='player1' targets=19 slots=59 reboundBones=0 reboundMeshes=0 pending=3 restPose=111 quiet=402 latched=0
[HEAD_REBIND] member='player0' targets=18 slots=11 reboundBones=0 reboundMeshes=0 pending=2 restPose=105 quiet=402 latched=0
[HEAD_REBIND] member='player3' targets=18 slots=9 reboundBones=0 reboundMeshes=0 pending=1 restPose=111 quiet=403 latched=0
[HEAD_REBIND] member='player2' targets=17 slots=7 reboundBones=0 reboundMeshes=0 pending=2 restPose=107 quiet=403 latched=0
[HEAD_REBIND] member='player1' targets=19 slots=59 reboundBones=0 reboundMeshes=0 pending=3 restPose=111 quiet=403 latched=0
[HEAD_REBIND] member='player0' targets=18 slots=11 reboundBones=0 reboundMeshes=0 pending=2 restPose=105 quiet=403 latched=0
[HEAD_REBIND] member='player3' targets=18 slots=9 reboundBones=0 reboundMeshes=0 pending=1 restPose=111 quiet=404 latched=0
[HEAD_REBIND] member='player2' targets=17 slots=7 reboundBones=0 reboundMeshes=0 pending=2 restPose=107 quiet=404 latched=0
[HEAD_REBIND] member='player1' targets=19 slots=59 reboundBones=0 reboundMeshes=0 pending=3 restPose=111 quiet=404 latched=0
[HEAD_REBIND] member='player0' targets=18 slots=11 reboundBones=0 reboundMeshes=0 pending=2 restPose=105 quiet=404 latched=0
[HEAD_REBIND] member='player3' targets=18 slots=9 reboundBones=0 reboundMeshes=0 pending=1 restPose=111 quiet=405 latched=0
[HEAD_REBIND] member='player2' targets=17 slots=7 reboundBones=0 reboundMeshes=0 pending=2 restPose=107 quiet=405 latched=0
[HEAD_REBIND] member='player1' targets=19 slots=59 reboundBones=0 reboundMeshes=0 pending=3 restPose=111 quiet=405 latched=0
[HEAD_REBIND] member='player0' targets=18 slots=11 reboundBones=0 reboundMeshes=0 pending=2 restPose=105 quiet=405 latched=0
[HEAD_REBIND] member='player3' targets=18 slots=9 reboundBones=0 reboundMeshes=0 pending=1 restPose=111 quiet=406 latched=0
[HEAD_REBIND] member='player2' targets=17 slots=7 reboundBones=0 reboundMeshes=0 pending=2 restPose=107 quiet=406 latched=0
[HEAD_REBIND] member='player1' targets=19 slots=59 reboundBones=0 reboundMeshes=0 pending=3 restPose=111 quiet=406 latched=0
[HEAD_REBIND] member='player0' targets=18 slots=11 reboundBones=0 reboundMeshes=0 pending=2 restPose=105 quiet=406 latched=0
[HEAD_REBIND] member='player3' targets=18 slots=9 reboundBones=0 reboundMeshes=0 pending=1 restPose=111 quiet=407 latched=0
[HEAD_REBIND] member='player2' targets=17 slots=7 reboundBones=0 reboundMeshes=0 pending=2 restPose=107 quiet=407 latched=0
[HEAD_REBIND] member='player1' targets=19 slots=59 reboundBones=0 reboundMeshes=0 pending=3 restPose=111 quiet=407 latched=0
[HEAD_REBIND] member='player0' targets=18 slots=11 reboundBones=0 reboundMeshes=0 pending=2 restPose=105 quiet=407 latched=0
[HEAD_REBIND] member='player3' targets=18 slots=9 reboundBones=0 reboundMeshes=0 pending=1 restPose=111 quiet=408 latched=0
[HEAD_REBIND] member='player2' targets=17 slots=7 reboundBones=0 reboundMeshes=0 pending=2 restPose=107 quiet=408 latched=0
[HEAD_REBIND] member='player1' targets=19 slots=59 reboundBones=0 reboundMeshes=0 pending=3 restPose=111 quiet=408 latched=0
[HEAD_REBIND] member='player0' targets=18 slots=11 reboundBones=0 reboundMeshes=0 pending=2 restPose=105 quiet=408 latched=0
[HEAD_REBIND] member='player3' targets=18 slots=9 reboundBones=0 reboundMeshes=0 pending=1 restPose=111 quiet=409 latched=0
[HEAD_REBIND] member='player2' targets=17 slots=7 reboundBones=0 reboundMeshes=0 pending=2 restPose=107 quiet=409 latched=0
[HEAD_REBIND] member='player1' targets=19 slots=59 reboundBones=0 reboundMeshes=0 pending=3 restPose=111 quiet=409 latched=0
[HEAD_REBIND] member='player0' targets=18 slots=11 reboundBones=0 reboundMeshes=0 pending=2 restPose=105 quiet=409 latched=0
[HEAD_REBIND] member='player3' targets=18 slots=9 reboundBones=0 reboundMeshes=0 pending=1 restPose=111 quiet=410 latched=0
[HEAD_REBIND] member='player2' targets=17 slots=7 reboundBones=0 reboundMeshes=0 pending=2 restPose=107 quiet=410 latched=0
[HEAD_REBIND] member='player1' targets=19 slots=59 reboundBones=0 reboundMeshes=0 pending=3 restPose=111 quiet=410 latched=0
[HEAD_REBIND] member='player0' targets=18 slots=11 reboundBones=0 reboundMeshes=0 pending=2 restPose=105 quiet=410 latched=0
[HEAD_REBIND] member='player3' targets=18 slots=9 reboundBones=0 reboundMeshes=0 pending=1 restPose=111 quiet=411 latched=0
[HEAD_REBIND] member='player2' targets=17 slots=7 reboundBones=0 reboundMeshes=0 pending=2 restPose=107 quiet=411 latched=0
[HEAD_REBIND] member='player1' targets=19 slots=59 reboundBones=0 reboundMeshes=0 pending=3 restPose=111 quiet=411 latched=0
[HEAD_REBIND] member='player0' targets=18 slots=11 reboundBones=0 reboundMeshes=0 pending=2 restPose=105 quiet=411 latched=0
[HEAD_REBIND] member='player3' targets=18 slots=9 reboundBones=0 reboundMeshes=0 pending=1 restPose=111 quiet=412 latched=0
[HEAD_REBIND] member='player2' targets=17 slots=7 reboundBones=0 reboundMeshes=0 pending=2 restPose=107 quiet=412 latched=0
[HEAD_REBIND] member='player1' targets=19 slots=59 reboundBones=0 reboundMeshes=0 pending=3 restPose=111 quiet=412 latched=0
[HEAD_REBIND] member='player0' targets=18 slots=11 reboundBones=0 reboundMeshes=0 pending=2 restPose=105 quiet=412 latched=0
[HEAD_REBIND] member='player3' targets=18 slots=9 reboundBones=0 reboundMeshes=0 pending=1 restPose=111 quiet=413 latched=0
[HEAD_REBIND] member='player2' targets=17 slots=7 reboundBones=0 reboundMeshes=0 pending=2 restPose=107 quiet=413 latched=0
[HEAD_REBIND] member='player1' targets=19 slots=59 reboundBones=0 reboundMeshes=0 pending=3 restPose=111 quiet=413 latched=0
[HEAD_REBIND] member='player0' targets=18 slots=11 reboundBones=0 reboundMeshes=0 pending=2 restPose=105 quiet=413 latched=0
[HEAD_REBIND] member='player3' targets=18 slots=9 reboundBones=0 reboundMeshes=0 pending=1 restPose=111 quiet=414 latched=0
[HEAD_REBIND] member='player2' targets=17 slots=7 reboundBones=0 reboundMeshes=0 pending=2 restPose=107 quiet=414 latched=0
[HEAD_REBIND] member='player1' targets=19 slots=59 reboundBones=0 reboundMeshes=0 pending=3 restPose=111 quiet=414 latched=0
[HEAD_REBIND] member='player0' targets=18 slots=11 reboundBones=0 reboundMeshes=0 pending=2 restPose=105 quiet=414 latched=0
[HEAD_REBIND] member='player3' targets=18 slots=9 reboundBones=0 reboundMeshes=0 pending=1 restPose=111 quiet=415 latched=0
[HEAD_REBIND] member='player2' targets=17 slots=7 reboundBones=0 reboundMeshes=0 pending=2 restPose=107 quiet=415 latched=0
[HEAD_REBIND] member='player1' targets=19 slots=59 reboundBones=0 reboundMeshes=0 pending=3 restPose=111 quiet=415 latched=0
[HEAD_REBIND] member='player0' targets=18 slots=11 reboundBones=0 reboundMeshes=0 pending=2 restPose=105 quiet=415 latched=0
[HEAD_REBIND] member='player3' targets=18 slots=9 reboundBones=0 reboundMeshes=0 pending=1 restPose=111 quiet=416 latched=0
[HEAD_REBIND] member='player2' targets=17 slots=7 reboundBones=0 reboundMeshes=0 pending=2 restPose=107 quiet=416 latched=0
[HEAD_REBIND] member='player1' targets=19 slots=59 reboundBones=0 reboundMeshes=0 pending=3 restPose=111 quiet=416 latched=0
[HEAD_REBIND] member='player0' targets=18 slots=11 reboundBones=0 reboundMeshes=0 pending=2 restPose=105 quiet=416 latched=0
[HEAD_REBIND] member='player3' targets=18 slots=9 reboundBones=0 reboundMeshes=0 pending=1 restPose=111 quiet=417 latched=0
[HEAD_REBIND] member='player2' targets=17 slots=7 reboundBones=0 reboundMeshes=0 pending=2 restPose=107 quiet=417 latched=0
[HEAD_REBIND] member='player1' targets=19 slots=59 reboundBones=0 reboundMeshes=0 pending=3 restPose=111 quiet=417 latched=0
[HEAD_REBIND] member='player0' targets=18 slots=11 reboundBones=0 reboundMeshes=0 pending=2 restPose=105 quiet=417 latched=0
[HEAD_REBIND] member='player3' targets=18 slots=9 reboundBones=0 reboundMeshes=0 pending=1 restPose=111 quiet=418 latched=0
[HEAD_REBIND] member='player2' targets=17 slots=7 reboundBones=0 reboundMeshes=0 pending=2 restPose=107 quiet=418 latched=0
[HEAD_REBIND] member='player1' targets=19 slots=59 reboundBones=0 reboundMeshes=0 pending=3 restPose=111 quiet=418 latched=0
[HEAD_REBIND] member='player0' targets=18 slots=11 reboundBones=0 reboundMeshes=0 pending=2 restPose=105 quiet=418 latched=0
[HEAD_REBIND] member='player3' targets=18 slots=9 reboundBones=0 reboundMeshes=0 pending=1 restPose=111 quiet=419 latched=0
[HEAD_REBIND] member='player2' targets=17 slots=7 reboundBones=0 reboundMeshes=0 pending=2 restPose=107 quiet=419 latched=0
[HEAD_REBIND] member='player1' targets=19 slots=59 reboundBones=0 reboundMeshes=0 pending=3 restPose=111 quiet=419 latched=0
[HEAD_REBIND] member='player0' targets=18 slots=11 reboundBones=0 reboundMeshes=0 pending=2 restPose=105 quiet=419 latched=0
[HEAD_REBIND] member='player3' targets=18 slots=9 reboundBones=0 reboundMeshes=0 pending=1 restPose=111 quiet=420 latched=0
[HEAD_REBIND] member='player2' targets=17 slots=7 reboundBones=0 reboundMeshes=0 pending=2 restPose=107 quiet=420 latched=0
[HEAD_REBIND] member='player1' targets=19 slots=59 reboundBones=0 reboundMeshes=0 pending=3 restPose=111 quiet=420 latched=0
[HEAD_REBIND] member='player0' targets=18 slots=11 reboundBones=0 reboundMeshes=0 pending=2 restPose=105 quiet=420 latched=0
[HEAD_REBIND] member='player3' targets=18 slots=9 reboundBones=0 reboundMeshes=0 pending=1 restPose=111 quiet=421 latched=0
[HEAD_REBIND] member='player2' targets=17 slots=7 reboundBones=0 reboundMeshes=0 pending=2 restPose=107 quiet=421 latched=0
[HEAD_REBIND] member='player1' targets=19 slots=59 reboundBones=0 reboundMeshes=0 pending=3 restPose=111 quiet=421 latched=0
[HEAD_REBIND] member='player0' targets=18 slots=11 reboundBones=0 reboundMeshes=0 pending=2 restPose=105 quiet=421 latched=0
[HEAD_REBIND] member='player3' targets=18 slots=9 reboundBones=0 reboundMeshes=0 pending=1 restPose=111 quiet=422 latched=0
[HEAD_REBIND] member='player2' targets=17 slots=7 reboundBones=0 reboundMeshes=0 pending=2 restPose=107 quiet=422 latched=0
[HEAD_REBIND] member='player1' targets=19 slots=59 reboundBones=0 reboundMeshes=0 pending=3 restPose=111 quiet=422 latched=0
[HEAD_REBIND] member='player0' targets=18 slots=11 reboundBones=0 reboundMeshes=0 pending=2 restPose=105 quiet=422 latched=0
[HEAD_REBIND] member='player3' targets=18 slots=9 reboundBones=0 reboundMeshes=0 pending=1 restPose=111 quiet=423 latched=0
[HEAD_REBIND] member='player2' targets=17 slots=7 reboundBones=0 reboundMeshes=0 pending=2 restPose=107 quiet=423 latched=0
[HEAD_REBIND] member='player1' targets=19 slots=59 reboundBones=0 reboundMeshes=0 pending=3 restPose=111 quiet=423 latched=0
[HEAD_REBIND] member='player0' targets=18 slots=11 reboundBones=0 reboundMeshes=0 pending=2 restPose=105 quiet=423 latched=0
[HEAD_REBIND] member='player3' targets=18 slots=9 reboundBones=0 reboundMeshes=0 pending=1 restPose=111 quiet=424 latched=0
[HEAD_REBIND] member='player2' targets=17 slots=7 reboundBones=0 reboundMeshes=0 pending=2 restPose=107 quiet=424 latched=0
[HEAD_REBIND] member='player1' targets=19 slots=59 reboundBones=0 reboundMeshes=0 pending=3 restPose=111 quiet=424 latched=0
[HEAD_REBIND] member='player0' targets=18 slots=11 reboundBones=0 reboundMeshes=0 pending=2 restPose=105 quiet=424 latched=0
[HEAD_REBIND] member='player3' targets=18 slots=9 reboundBones=0 reboundMeshes=0 pending=1 restPose=111 quiet=425 latched=0
[HEAD_REBIND] member='player2' targets=17 slots=7 reboundBones=0 reboundMeshes=0 pending=2 restPose=107 quiet=425 latched=0
[HEAD_REBIND] member='player1' targets=19 slots=59 reboundBones=0 reboundMeshes=0 pending=3 restPose=111 quiet=425 latched=0
[HEAD_REBIND] member='player0' targets=18 slots=11 reboundBones=0 reboundMeshes=0 pending=2 restPose=105 quiet=425 latched=0
[HEAD_REBIND] member='player3' targets=18 slots=9 reboundBones=0 reboundMeshes=0 pending=1 restPose=111 quiet=426 latched=0
[HEAD_REBIND] member='player0' targets=18 slots=11 reboundBones=0 reboundMeshes=0 pending=2 restPose=105 quiet=426 latched=0
[HEAD_REBIND] member='player1' targets=19 slots=59 reboundBones=0 reboundMeshes=0 pending=3 restPose=111 quiet=426 latched=0
[HEAD_REBIND] member='player2' targets=17 slots=7 reboundBones=0 reboundMeshes=0 pending=2 restPose=107 quiet=426 latched=0
[HEAD_REBIND] member='player3' targets=18 slots=9 reboundBones=0 reboundMeshes=0 pending=1 restPose=111 quiet=427 latched=0
[HEAD_REBIND] member='player0' targets=18 slots=11 reboundBones=0 reboundMeshes=0 pending=2 restPose=105 quiet=427 latched=0
[HEAD_REBIND] member='player1' targets=19 slots=59 reboundBones=0 reboundMeshes=0 pending=3 restPose=111 quiet=427 latched=0
[HEAD_REBIND] member='player2' targets=17 slots=7 reboundBones=0 reboundMeshes=0 pending=2 restPose=107 quiet=427 latched=0
[HEAD_REBIND] member='player3' targets=18 slots=9 reboundBones=0 reboundMeshes=0 pending=1 restPose=111 quiet=428 latched=0
[HEAD_REBIND] member='player0' targets=18 slots=11 reboundBones=0 reboundMeshes=0 pending=2 restPose=105 quiet=428 latched=0
[HEAD_REBIND] member='player1' targets=19 slots=59 reboundBones=0 reboundMeshes=0 pending=3 restPose=111 quiet=428 latched=0
[HEAD_REBIND] member='player2' targets=17 slots=7 reboundBones=0 reboundMeshes=0 pending=2 restPose=107 quiet=428 latched=0
[HEAD_REBIND] member='player3' targets=18 slots=9 reboundBones=0 reboundMeshes=0 pending=1 restPose=111 quiet=429 latched=0
[HEAD_REBIND] member='player0' targets=18 slots=11 reboundBones=0 reboundMeshes=0 pending=2 restPose=105 quiet=429 latched=0
[HEAD_REBIND] member='player1' targets=19 slots=59 reboundBones=0 reboundMeshes=0 pending=3 restPose=111 quiet=429 latched=0
[HEAD_REBIND] member='player2' targets=17 slots=7 reboundBones=0 reboundMeshes=0 pending=2 restPose=107 quiet=429 latched=0
[HEAD_REBIND] member='player3' targets=18 slots=9 reboundBones=0 reboundMeshes=0 pending=1 restPose=111 quiet=430 latched=0
[HEAD_REBIND] member='player0' targets=18 slots=11 reboundBones=0 reboundMeshes=0 pending=2 restPose=105 quiet=430 latched=0
[HEAD_REBIND] member='player1' targets=19 slots=59 reboundBones=0 reboundMeshes=0 pending=3 restPose=111 quiet=430 latched=0
[HEAD_REBIND] member='player2' targets=17 slots=7 reboundBones=0 reboundMeshes=0 pending=2 restPose=107 quiet=430 latched=0
[HEAD_REBIND] member='player3' targets=18 slots=9 reboundBones=0 reboundMeshes=0 pending=1 restPose=111 quiet=431 latched=0
[HEAD_REBIND] member='player0' targets=18 slots=11 reboundBones=0 reboundMeshes=0 pending=2 restPose=105 quiet=431 latched=0
[HEAD_REBIND] member='player1' targets=19 slots=59 reboundBones=0 reboundMeshes=0 pending=3 restPose=111 quiet=431 latched=0
[HEAD_REBIND] member='player2' targets=17 slots=7 reboundBones=0 reboundMeshes=0 pending=2 restPose=107 quiet=431 latched=0
[HEAD_REBIND] member='player3' targets=18 slots=9 reboundBones=0 reboundMeshes=0 pending=1 restPose=111 quiet=432 latched=0
[HEAD_REBIND] member='player0' targets=18 slots=11 reboundBones=0 reboundMeshes=0 pending=2 restPose=105 quiet=432 latched=0
[HEAD_REBIND] member='player1' targets=19 slots=59 reboundBones=0 reboundMeshes=0 pending=3 restPose=111 quiet=432 latched=0
[HEAD_REBIND] member='player2' targets=17 slots=7 reboundBones=0 reboundMeshes=0 pending=2 restPose=107 quiet=432 latched=0
[HEAD_REBIND] member='player3' targets=18 slots=9 reboundBones=0 reboundMeshes=0 pending=1 restPose=111 quiet=433 latched=0
[HEAD_REBIND] member='player0' targets=18 slots=11 reboundBones=0 reboundMeshes=0 pending=2 restPose=105 quiet=433 latched=0
[HEAD_REBIND] member='player1' targets=19 slots=59 reboundBones=0 reboundMeshes=0 pending=3 restPose=111 quiet=433 latched=0
[HEAD_REBIND] member='player2' targets=17 slots=7 reboundBones=0 reboundMeshes=0 pending=2 restPose=107 quiet=433 latched=0
[HEAD_REBIND] member='player3' targets=18 slots=9 reboundBones=0 reboundMeshes=0 pending=1 restPose=111 quiet=434 latched=0
[HEAD_REBIND] member='player0' targets=18 slots=11 reboundBones=0 reboundMeshes=0 pending=2 restPose=105 quiet=434 latched=0
[HEAD_REBIND] member='player1' targets=19 slots=59 reboundBones=0 reboundMeshes=0 pending=3 restPose=111 quiet=434 latched=0
[HEAD_REBIND] member='player2' targets=17 slots=7 reboundBones=0 reboundMeshes=0 pending=2 restPose=107 quiet=434 latched=0
[HEAD_REBIND] member='player3' targets=18 slots=9 reboundBones=0 reboundMeshes=0 pending=1 restPose=111 quiet=435 latched=0
[HEAD_REBIND] member='player0' targets=18 slots=11 reboundBones=0 reboundMeshes=0 pending=2 restPose=105 quiet=435 latched=0
[HEAD_REBIND] member='player1' targets=19 slots=59 reboundBones=0 reboundMeshes=0 pending=3 restPose=111 quiet=435 latched=0
[HEAD_REBIND] member='player2' targets=17 slots=7 reboundBones=0 reboundMeshes=0 pending=2 restPose=107 quiet=435 latched=0
[HEAD_REBIND] member='player3' targets=18 slots=9 reboundBones=0 reboundMeshes=0 pending=1 restPose=111 quiet=436 latched=0
[HEAD_REBIND] member='player0' targets=18 slots=11 reboundBones=0 reboundMeshes=0 pending=2 restPose=105 quiet=436 latched=0
[HEAD_REBIND] member='player1' targets=19 slots=59 reboundBones=0 reboundMeshes=0 pending=3 restPose=111 quiet=436 latched=0
[HEAD_REBIND] member='player2' targets=17 slots=7 reboundBones=0 reboundMeshes=0 pending=2 restPose=107 quiet=436 latched=0
[HEAD_REBIND] member='player3' targets=18 slots=9 reboundBones=0 reboundMeshes=0 pending=1 restPose=111 quiet=437 latched=0
[HEAD_REBIND] member='player0' targets=18 slots=11 reboundBones=0 reboundMeshes=0 pending=2 restPose=105 quiet=437 latched=0
[HEAD_REBIND] member='player1' targets=19 slots=59 reboundBones=0 reboundMeshes=0 pending=3 restPose=111 quiet=437 latched=0
[HEAD_REBIND] member='player2' targets=17 slots=7 reboundBones=0 reboundMeshes=0 pending=2 restPose=107 quiet=437 latched=0
[HEAD_REBIND] member='player3' targets=18 slots=9 reboundBones=0 reboundMeshes=0 pending=1 restPose=111 quiet=438 latched=0
[HEAD_REBIND] member='player0' targets=18 slots=11 reboundBones=0 reboundMeshes=0 pending=2 restPose=105 quiet=438 latched=0
[HEAD_REBIND] member='player1' targets=19 slots=59 reboundBones=0 reboundMeshes=0 pending=3 restPose=111 quiet=438 latched=0
[HEAD_REBIND] member='player2' targets=17 slots=7 reboundBones=0 reboundMeshes=0 pending=2 restPose=107 quiet=438 latched=0
[HEAD_REBIND] member='player3' targets=18 slots=9 reboundBones=0 reboundMeshes=0 pending=1 restPose=111 quiet=439 latched=0
[HEAD_REBIND] member='player0' targets=18 slots=11 reboundBones=0 reboundMeshes=0 pending=2 restPose=105 quiet=439 latched=0
[HEAD_REBIND] member='player1' targets=19 slots=59 reboundBones=0 reboundMeshes=0 pending=3 restPose=111 quiet=439 latched=0
[HEAD_REBIND] member='player2' targets=17 slots=7 reboundBones=0 reboundMeshes=0 pending=2 restPose=107 quiet=439 latched=0
[HEAD_REBIND] member='player3' targets=18 slots=9 reboundBones=0 reboundMeshes=0 pending=1 restPose=111 quiet=440 latched=0
[HEAD_REBIND] member='player0' targets=18 slots=11 reboundBones=0 reboundMeshes=0 pending=2 restPose=105 quiet=440 latched=0
[HEAD_REBIND] member='player1' targets=19 slots=59 reboundBones=0 reboundMeshes=0 pending=3 restPose=111 quiet=440 latched=0
[HEAD_REBIND] member='player2' targets=17 slots=7 reboundBones=0 reboundMeshes=0 pending=2 restPose=107 quiet=440 latched=0
[HEAD_REBIND] member='player3' targets=18 slots=9 reboundBones=0 reboundMeshes=0 pending=1 restPose=111 quiet=441 latched=0
[HEAD_REBIND] member='player0' targets=18 slots=11 reboundBones=0 reboundMeshes=0 pending=2 restPose=105 quiet=441 latched=0
[HEAD_REBIND] member='player1' targets=19 slots=59 reboundBones=0 reboundMeshes=0 pending=3 restPose=111 quiet=441 latched=0
[HEAD_REBIND] member='player2' targets=17 slots=7 reboundBones=0 reboundMeshes=0 pending=2 restPose=107 quiet=441 latched=0
[HEAD_REBIND] member='player3' targets=18 slots=9 reboundBones=0 reboundMeshes=0 pending=1 restPose=111 quiet=442 latched=0
[HEAD_REBIND] member='player0' targets=18 slots=11 reboundBones=0 reboundMeshes=0 pending=2 restPose=105 quiet=442 latched=0
[HEAD_REBIND] member='player1' targets=19 slots=59 reboundBones=0 reboundMeshes=0 pending=3 restPose=111 quiet=442 latched=0
[HEAD_REBIND] member='player2' targets=17 slots=7 reboundBones=0 reboundMeshes=0 pending=2 restPose=107 quiet=442 latched=0
[HEAD_REBIND] member='player3' targets=18 slots=9 reboundBones=0 reboundMeshes=0 pending=1 restPose=111 quiet=443 latched=0
[HEAD_REBIND] member='player0' targets=18 slots=11 reboundBones=0 reboundMeshes=0 pending=2 restPose=105 quiet=443 latched=0
[HEAD_REBIND] member='player1' targets=19 slots=59 reboundBones=0 reboundMeshes=0 pending=3 restPose=111 quiet=443 latched=0
[HEAD_REBIND] member='player2' targets=17 slots=7 reboundBones=0 reboundMeshes=0 pending=2 restPose=107 quiet=443 latched=0
[HEAD_REBIND] member='player3' targets=18 slots=9 reboundBones=0 reboundMeshes=0 pending=1 restPose=111 quiet=444 latched=0
[HEAD_REBIND] member='player0' targets=18 slots=11 reboundBones=0 reboundMeshes=0 pending=2 restPose=105 quiet=444 latched=0
[HEAD_REBIND] member='player1' targets=19 slots=59 reboundBones=0 reboundMeshes=0 pending=3 restPose=111 quiet=444 latched=0
[HEAD_REBIND] member='player2' targets=17 slots=7 reboundBones=0 reboundMeshes=0 pending=2 restPose=107 quiet=444 latched=0
[HEAD_REBIND] member='player3' targets=18 slots=9 reboundBones=0 reboundMeshes=0 pending=1 restPose=111 quiet=445 latched=0
[HEAD_REBIND] member='player0' targets=18 slots=11 reboundBones=0 reboundMeshes=0 pending=2 restPose=105 quiet=445 latched=0
[HEAD_REBIND] member='player1' targets=19 slots=59 reboundBones=0 reboundMeshes=0 pending=3 restPose=111 quiet=445 latched=0
[HEAD_REBIND] member='player2' targets=17 slots=7 reboundBones=0 reboundMeshes=0 pending=2 restPose=107 quiet=445 latched=0
[HEAD_REBIND] member='player3' targets=18 slots=9 reboundBones=0 reboundMeshes=0 pending=1 restPose=111 quiet=446 latched=0
[HEAD_REBIND] member='player0' targets=18 slots=11 reboundBones=0 reboundMeshes=0 pending=2 restPose=105 quiet=446 latched=0
[HEAD_REBIND] member='player1' targets=19 slots=59 reboundBones=0 reboundMeshes=0 pending=3 restPose=111 quiet=446 latched=0
[HEAD_REBIND] member='player2' targets=17 slots=7 reboundBones=0 reboundMeshes=0 pending=2 restPose=107 quiet=446 latched=0
[HEAD_REBIND] member='player3' targets=18 slots=9 reboundBones=0 reboundMeshes=0 pending=1 restPose=111 quiet=447 latched=0
[HEAD_REBIND] member='player0' targets=18 slots=11 reboundBones=0 reboundMeshes=0 pending=2 restPose=105 quiet=447 latched=0
[HEAD_REBIND] member='player1' targets=19 slots=59 reboundBones=0 reboundMeshes=0 pending=3 restPose=111 quiet=447 latched=0
[HEAD_REBIND] member='player2' targets=17 slots=7 reboundBones=0 reboundMeshes=0 pending=2 restPose=107 quiet=447 latched=0
[HEAD_REBIND] member='player3' targets=18 slots=9 reboundBones=0 reboundMeshes=0 pending=1 restPose=111 quiet=448 latched=0
[HEAD_REBIND] member='player0' targets=18 slots=11 reboundBones=0 reboundMeshes=0 pending=2 restPose=105 quiet=448 latched=0
[HEAD_REBIND] member='player1' targets=19 slots=59 reboundBones=0 reboundMeshes=0 pending=3 restPose=111 quiet=448 latched=0
[HEAD_REBIND] member='player2' targets=17 slots=7 reboundBones=0 reboundMeshes=0 pending=2 restPose=107 quiet=448 latched=0
[HEAD_REBIND] member='player3' targets=18 slots=9 reboundBones=0 reboundMeshes=0 pending=1 restPose=111 quiet=449 latched=0
[HEAD_REBIND] member='player0' targets=18 slots=11 reboundBones=0 reboundMeshes=0 pending=2 restPose=105 quiet=449 latched=0
[HEAD_REBIND] member='player1' targets=19 slots=59 reboundBones=0 reboundMeshes=0 pending=3 restPose=111 quiet=449 latched=0
[HEAD_REBIND] member='player2' targets=17 slots=7 reboundBones=0 reboundMeshes=0 pending=2 restPose=107 quiet=449 latched=0
[HEAD_REBIND] member='player3' targets=18 slots=9 reboundBones=0 reboundMeshes=0 pending=1 restPose=111 quiet=450 latched=0
[HEAD_REBIND] member='player0' targets=18 slots=11 reboundBones=0 reboundMeshes=0 pending=2 restPose=105 quiet=450 latched=0
[HEAD_REBIND] member='player1' targets=19 slots=59 reboundBones=0 reboundMeshes=0 pending=3 restPose=111 quiet=450 latched=0
[HEAD_REBIND] member='player2' targets=17 slots=7 reboundBones=0 reboundMeshes=0 pending=2 restPose=107 quiet=450 latched=0
[HEAD_REBIND] member='player3' targets=18 slots=9 reboundBones=0 reboundMeshes=0 pending=1 restPose=111 quiet=451 latched=0
[HEAD_REBIND] member='player0' targets=18 slots=11 reboundBones=0 reboundMeshes=0 pending=2 restPose=105 quiet=451 latched=0
[HEAD_REBIND] member='player1' targets=19 slots=59 reboundBones=0 reboundMeshes=0 pending=3 restPose=111 quiet=451 latched=0
[HEAD_REBIND] member='player2' targets=17 slots=7 reboundBones=0 reboundMeshes=0 pending=2 restPose=107 quiet=451 latched=0
[HEAD_REBIND] member='player3' targets=18 slots=9 reboundBones=0 reboundMeshes=0 pending=1 restPose=111 quiet=452 latched=0
[HEAD_REBIND] member='player0' targets=18 slots=11 reboundBones=0 reboundMeshes=0 pending=2 restPose=105 quiet=452 latched=0
[HEAD_REBIND] member='player1' targets=19 slots=59 reboundBones=0 reboundMeshes=0 pending=3 restPose=111 quiet=452 latched=0
[HEAD_REBIND] member='player2' targets=17 slots=7 reboundBones=0 reboundMeshes=0 pending=2 restPose=107 quiet=452 latched=0
[HEAD_REBIND] member='player3' targets=18 slots=9 reboundBones=0 reboundMeshes=0 pending=1 restPose=111 quiet=453 latched=0
[HEAD_REBIND] member='player0' targets=18 slots=11 reboundBones=0 reboundMeshes=0 pending=2 restPose=105 quiet=453 latched=0
[HEAD_REBIND] member='player1' targets=19 slots=59 reboundBones=0 reboundMeshes=0 pending=3 restPose=111 quiet=453 latched=0
[HEAD_REBIND] member='player2' targets=17 slots=7 reboundBones=0 reboundMeshes=0 pending=2 restPose=107 quiet=453 latched=0
[HEAD_REBIND] member='player3' targets=18 slots=9 reboundBones=0 reboundMeshes=0 pending=1 restPose=111 quiet=454 latched=0
[HEAD_REBIND] member='player0' targets=18 slots=11 reboundBones=0 reboundMeshes=0 pending=2 restPose=105 quiet=454 latched=0
[HEAD_REBIND] member='player1' targets=19 slots=59 reboundBones=0 reboundMeshes=0 pending=3 restPose=111 quiet=454 latched=0
[HEAD_REBIND] member='player2' targets=17 slots=7 reboundBones=0 reboundMeshes=0 pending=2 restPose=107 quiet=454 latched=0
[HEAD_REBIND] member='player3' targets=18 slots=9 reboundBones=0 reboundMeshes=0 pending=1 restPose=111 quiet=455 latched=0
[HEAD_REBIND] member='player0' targets=18 slots=11 reboundBones=0 reboundMeshes=0 pending=2 restPose=105 quiet=455 latched=0
[HEAD_REBIND] member='player1' targets=19 slots=59 reboundBones=0 reboundMeshes=0 pending=3 restPose=111 quiet=455 latched=0
[HEAD_REBIND] member='player2' targets=17 slots=7 reboundBones=0 reboundMeshes=0 pending=2 restPose=107 quiet=455 latched=0
[HEAD_REBIND] member='player3' targets=18 slots=9 reboundBones=0 reboundMeshes=0 pending=1 restPose=111 quiet=456 latched=0
[HEAD_REBIND] member='player0' targets=18 slots=11 reboundBones=0 reboundMeshes=0 pending=2 restPose=105 quiet=456 latched=0
[HEAD_REBIND] member='player1' targets=19 slots=59 reboundBones=0 reboundMeshes=0 pending=3 restPose=111 quiet=456 latched=0
[HEAD_REBIND] member='player2' targets=17 slots=7 reboundBones=0 reboundMeshes=0 pending=2 restPose=107 quiet=456 latched=0
[HEAD_REBIND] member='player3' targets=18 slots=9 reboundBones=0 reboundMeshes=0 pending=1 restPose=111 quiet=457 latched=0
[HEAD_REBIND] member='player0' targets=18 slots=11 reboundBones=0 reboundMeshes=0 pending=2 restPose=105 quiet=457 latched=0
[HEAD_REBIND] member='player1' targets=19 slots=59 reboundBones=0 reboundMeshes=0 pending=3 restPose=111 quiet=457 latched=0
[HEAD_REBIND] member='player2' targets=17 slots=7 reboundBones=0 reboundMeshes=0 pending=2 restPose=107 quiet=457 latched=0
[HEAD_REBIND] member='player3' targets=18 slots=9 reboundBones=0 reboundMeshes=0 pending=1 restPose=111 quiet=458 latched=0
[HEAD_REBIND] member='player0' targets=18 slots=11 reboundBones=0 reboundMeshes=0 pending=2 restPose=105 quiet=458 latched=0
[HEAD_REBIND] member='player1' targets=19 slots=59 reboundBones=0 reboundMeshes=0 pending=3 restPose=111 quiet=458 latched=0
[HEAD_REBIND] member='player2' targets=17 slots=7 reboundBones=0 reboundMeshes=0 pending=2 restPose=107 quiet=458 latched=0
[HEAD_REBIND] member='player3' targets=18 slots=9 reboundBones=0 reboundMeshes=0 pending=1 restPose=111 quiet=459 latched=0
[HEAD_REBIND] member='player0' targets=18 slots=11 reboundBones=0 reboundMeshes=0 pending=2 restPose=105 quiet=459 latched=0
[HEAD_REBIND] member='player1' targets=19 slots=59 reboundBones=0 reboundMeshes=0 pending=3 restPose=111 quiet=459 latched=0
[HEAD_REBIND] member='player2' targets=17 slots=7 reboundBones=0 reboundMeshes=0 pending=2 restPose=107 quiet=459 latched=0
[HEAD_REBIND] member='player3' targets=18 slots=9 reboundBones=0 reboundMeshes=0 pending=1 restPose=111 quiet=460 latched=0
[HEAD_REBIND] member='player0' targets=18 slots=11 reboundBones=0 reboundMeshes=0 pending=2 restPose=105 quiet=460 latched=0
[HEAD_REBIND] member='player1' targets=19 slots=59 reboundBones=0 reboundMeshes=0 pending=3 restPose=111 quiet=460 latched=0
[HEAD_REBIND] member='player2' targets=17 slots=7 reboundBones=0 reboundMeshes=0 pending=2 restPose=107 quiet=460 latched=0
[HEAD_REBIND] member='player3' targets=18 slots=9 reboundBones=0 reboundMeshes=0 pending=1 restPose=111 quiet=461 latched=0
[HEAD_REBIND] member='player0' targets=18 slots=11 reboundBones=0 reboundMeshes=0 pending=2 restPose=105 quiet=461 latched=0
[HEAD_REBIND] member='player1' targets=19 slots=59 reboundBones=0 reboundMeshes=0 pending=3 restPose=111 quiet=461 latched=0
[HEAD_REBIND] member='player2' targets=17 slots=7 reboundBones=0 reboundMeshes=0 pending=2 restPose=107 quiet=461 latched=0
[HEAD_REBIND] member='player3' targets=18 slots=9 reboundBones=0 reboundMeshes=0 pending=1 restPose=111 quiet=462 latched=0
[HEAD_REBIND] member='player0' targets=18 slots=11 reboundBones=0 reboundMeshes=0 pending=2 restPose=105 quiet=462 latched=0
[HEAD_REBIND] member='player1' targets=19 slots=59 reboundBones=0 reboundMeshes=0 pending=3 restPose=111 quiet=462 latched=0
[HEAD_REBIND] member='player2' targets=17 slots=7 reboundBones=0 reboundMeshes=0 pending=2 restPose=107 quiet=462 latched=0
[HEAD_REBIND] member='player3' targets=18 slots=9 reboundBones=0 reboundMeshes=0 pending=1 restPose=111 quiet=463 latched=0
[HEAD_REBIND] member='player0' targets=18 slots=11 reboundBones=0 reboundMeshes=0 pending=2 restPose=105 quiet=463 latched=0
[HEAD_REBIND] member='player1' targets=19 slots=59 reboundBones=0 reboundMeshes=0 pending=3 restPose=111 quiet=463 latched=0
[HEAD_REBIND] member='player2' targets=17 slots=7 reboundBones=0 reboundMeshes=0 pending=2 restPose=107 quiet=463 latched=0
[HEAD_REBIND] member='player3' targets=18 slots=9 reboundBones=0 reboundMeshes=0 pending=1 restPose=111 quiet=464 latched=0
[HEAD_REBIND] member='player0' targets=18 slots=11 reboundBones=0 reboundMeshes=0 pending=2 restPose=105 quiet=464 latched=0
[HEAD_REBIND] member='player1' targets=19 slots=59 reboundBones=0 reboundMeshes=0 pending=3 restPose=111 quiet=464 latched=0
[HEAD_REBIND] member='player2' targets=17 slots=7 reboundBones=0 reboundMeshes=0 pending=2 restPose=107 quiet=464 latched=0
[HEAD_REBIND] member='player3' targets=18 slots=9 reboundBones=0 reboundMeshes=0 pending=1 restPose=111 quiet=465 latched=0
[HEAD_REBIND] member='player0' targets=18 slots=11 reboundBones=0 reboundMeshes=0 pending=2 restPose=105 quiet=465 latched=0
[HEAD_REBIND] member='player1' targets=19 slots=59 reboundBones=0 reboundMeshes=0 pending=3 restPose=111 quiet=465 latched=0
[HEAD_REBIND] member='player2' targets=17 slots=7 reboundBones=0 reboundMeshes=0 pending=2 restPose=107 quiet=465 latched=0
[HEAD_REBIND] member='player3' targets=18 slots=9 reboundBones=0 reboundMeshes=0 pending=1 restPose=111 quiet=466 latched=0
[HEAD_REBIND] member='player0' targets=18 slots=11 reboundBones=0 reboundMeshes=0 pending=2 restPose=105 quiet=466 latched=0
[HEAD_REBIND] member='player1' targets=19 slots=59 reboundBones=0 reboundMeshes=0 pending=3 restPose=111 quiet=466 latched=0
[HEAD_REBIND] member='player2' targets=17 slots=7 reboundBones=0 reboundMeshes=0 pending=2 restPose=107 quiet=466 latched=0
[HEAD_REBIND] member='player3' targets=18 slots=9 reboundBones=0 reboundMeshes=0 pending=1 restPose=111 quiet=467 latched=0
[HEAD_REBIND] member='player0' targets=18 slots=11 reboundBones=0 reboundMeshes=0 pending=2 restPose=105 quiet=467 latched=0
[HEAD_REBIND] member='player1' targets=19 slots=59 reboundBones=0 reboundMeshes=0 pending=3 restPose=111 quiet=467 latched=0
[HEAD_REBIND] member='player2' targets=17 slots=7 reboundBones=0 reboundMeshes=0 pending=2 restPose=107 quiet=467 latched=0
[HEAD_REBIND] member='player3' targets=18 slots=9 reboundBones=0 reboundMeshes=0 pending=1 restPose=111 quiet=468 latched=0
[HEAD_REBIND] member='player0' targets=18 slots=11 reboundBones=0 reboundMeshes=0 pending=2 restPose=105 quiet=468 latched=0
[HEAD_REBIND] member='player1' targets=19 slots=59 reboundBones=0 reboundMeshes=0 pending=3 restPose=111 quiet=468 latched=0
[HEAD_REBIND] member='player2' targets=17 slots=7 reboundBones=0 reboundMeshes=0 pending=2 restPose=107 quiet=468 latched=0
[HEAD_REBIND] member='player3' targets=18 slots=9 reboundBones=0 reboundMeshes=0 pending=1 restPose=111 quiet=469 latched=0
[HEAD_REBIND] member='player0' targets=18 slots=11 reboundBones=0 reboundMeshes=0 pending=2 restPose=105 quiet=469 latched=0
[HEAD_REBIND] member='player1' targets=19 slots=59 reboundBones=0 reboundMeshes=0 pending=3 restPose=111 quiet=469 latched=0
[HEAD_REBIND] member='player2' targets=17 slots=7 reboundBones=0 reboundMeshes=0 pending=2 restPose=107 quiet=469 latched=0
[HEAD_REBIND] member='player3' targets=18 slots=9 reboundBones=0 reboundMeshes=0 pending=1 restPose=111 quiet=470 latched=0
[HEAD_REBIND] member='player0' targets=18 slots=11 reboundBones=0 reboundMeshes=0 pending=2 restPose=105 quiet=470 latched=0
[HEAD_REBIND] member='player1' targets=19 slots=59 reboundBones=0 reboundMeshes=0 pending=3 restPose=111 quiet=470 latched=0
[HEAD_REBIND] member='player2' targets=17 slots=7 reboundBones=0 reboundMeshes=0 pending=2 restPose=107 quiet=470 latched=0
[HEAD_REBIND] member='player3' targets=18 slots=9 reboundBones=0 reboundMeshes=0 pending=1 restPose=111 quiet=471 latched=0
[HEAD_REBIND] member='player0' targets=18 slots=11 reboundBones=0 reboundMeshes=0 pending=2 restPose=105 quiet=471 latched=0
[HEAD_REBIND] member='player1' targets=19 slots=59 reboundBones=0 reboundMeshes=0 pending=3 restPose=111 quiet=471 latched=0
[HEAD_REBIND] member='player2' targets=17 slots=7 reboundBones=0 reboundMeshes=0 pending=2 restPose=107 quiet=471 latched=0
[HEAD_REBIND] member='player3' targets=18 slots=9 reboundBones=0 reboundMeshes=0 pending=1 restPose=111 quiet=472 latched=0
[HEAD_REBIND] member='player0' targets=18 slots=11 reboundBones=0 reboundMeshes=0 pending=2 restPose=105 quiet=472 latched=0
[HEAD_REBIND] member='player1' targets=19 slots=59 reboundBones=0 reboundMeshes=0 pending=3 restPose=111 quiet=472 latched=0
[HEAD_REBIND] member='player2' targets=17 slots=7 reboundBones=0 reboundMeshes=0 pending=2 restPose=107 quiet=472 latched=0
[HEAD_REBIND] member='player3' targets=18 slots=9 reboundBones=0 reboundMeshes=0 pending=1 restPose=111 quiet=473 latched=0
[HEAD_REBIND] member='player0' targets=18 slots=11 reboundBones=0 reboundMeshes=0 pending=2 restPose=105 quiet=473 latched=0
[HEAD_REBIND] member='player1' targets=19 slots=59 reboundBones=0 reboundMeshes=0 pending=3 restPose=111 quiet=473 latched=0
[HEAD_REBIND] member='player2' targets=17 slots=7 reboundBones=0 reboundMeshes=0 pending=2 restPose=107 quiet=473 latched=0
[HEAD_REBIND] member='player3' targets=18 slots=9 reboundBones=0 reboundMeshes=0 pending=1 restPose=111 quiet=474 latched=0
[HEAD_REBIND] member='player0' targets=18 slots=11 reboundBones=0 reboundMeshes=0 pending=2 restPose=105 quiet=474 latched=0
[HEAD_REBIND] member='player1' targets=19 slots=59 reboundBones=0 reboundMeshes=0 pending=3 restPose=111 quiet=474 latched=0
[HEAD_REBIND] member='player2' targets=17 slots=7 reboundBones=0 reboundMeshes=0 pending=2 restPose=107 quiet=474 latched=0
[HEAD_REBIND] member='player3' targets=18 slots=9 reboundBones=0 reboundMeshes=0 pending=1 restPose=111 quiet=475 latched=0
[HEAD_REBIND] member='player0' targets=18 slots=11 reboundBones=0 reboundMeshes=0 pending=2 restPose=105 quiet=475 latched=0
[HEAD_REBIND] member='player1' targets=19 slots=59 reboundBones=0 reboundMeshes=0 pending=3 restPose=111 quiet=475 latched=0
[HEAD_REBIND] member='player2' targets=17 slots=7 reboundBones=0 reboundMeshes=0 pending=2 restPose=107 quiet=475 latched=0
[HEAD_REBIND] member='player3' targets=18 slots=9 reboundBones=0 reboundMeshes=0 pending=1 restPose=111 quiet=476 latched=0
[HEAD_REBIND] member='player0' targets=18 slots=11 reboundBones=0 reboundMeshes=0 pending=2 restPose=105 quiet=476 latched=0
[HEAD_REBIND] member='player1' targets=19 slots=59 reboundBones=0 reboundMeshes=0 pending=3 restPose=111 quiet=476 latched=0
[HEAD_REBIND] member='player2' targets=17 slots=7 reboundBones=0 reboundMeshes=0 pending=2 restPose=107 quiet=476 latched=0
[HEAD_REBIND] member='player3' targets=18 slots=9 reboundBones=0 reboundMeshes=0 pending=1 restPose=111 quiet=477 latched=0
[HEAD_REBIND] member='player0' targets=18 slots=11 reboundBones=0 reboundMeshes=0 pending=2 restPose=105 quiet=477 latched=0
[HEAD_REBIND] member='player1' targets=19 slots=59 reboundBones=0 reboundMeshes=0 pending=3 restPose=111 quiet=477 latched=0
[HEAD_REBIND] member='player2' targets=17 slots=7 reboundBones=0 reboundMeshes=0 pending=2 restPose=107 quiet=477 latched=0
[HEAD_REBIND] member='player3' targets=18 slots=9 reboundBones=0 reboundMeshes=0 pending=1 restPose=111 quiet=478 latched=0
[HEAD_REBIND] member='player0' targets=18 slots=11 reboundBones=0 reboundMeshes=0 pending=2 restPose=105 quiet=478 latched=0
[HEAD_REBIND] member='player1' targets=19 slots=59 reboundBones=0 reboundMeshes=0 pending=3 restPose=111 quiet=478 latched=0
[HEAD_REBIND] member='player2' targets=17 slots=7 reboundBones=0 reboundMeshes=0 pending=2 restPose=107 quiet=478 latched=0
[HEAD_REBIND] member='player3' targets=18 slots=9 reboundBones=0 reboundMeshes=0 pending=1 restPose=111 quiet=479 latched=0
[HEAD_REBIND] member='player0' targets=18 slots=11 reboundBones=0 reboundMeshes=0 pending=2 restPose=105 quiet=479 latched=0
[HEAD_REBIND] member='player1' targets=19 slots=59 reboundBones=0 reboundMeshes=0 pending=3 restPose=111 quiet=479 latched=0
[HEAD_REBIND] member='player2' targets=17 slots=7 reboundBones=0 reboundMeshes=0 pending=2 restPose=107 quiet=479 latched=0
[HEAD_REBIND] member='player3' targets=18 slots=9 reboundBones=0 reboundMeshes=0 pending=1 restPose=111 quiet=480 latched=0
[HEAD_REBIND] member='player0' targets=18 slots=11 reboundBones=0 reboundMeshes=0 pending=2 restPose=105 quiet=480 latched=0
[HEAD_REBIND] member='player1' targets=19 slots=59 reboundBones=0 reboundMeshes=0 pending=3 restPose=111 quiet=480 latched=0
[HEAD_REBIND] member='player2' targets=17 slots=7 reboundBones=0 reboundMeshes=0 pending=2 restPose=107 quiet=480 latched=0
[HEAD_REBIND] member='player3' targets=18 slots=9 reboundBones=0 reboundMeshes=0 pending=1 restPose=111 quiet=481 latched=0
[HEAD_REBIND] member='player0' targets=18 slots=11 reboundBones=0 reboundMeshes=0 pending=2 restPose=105 quiet=481 latched=0
[HEAD_REBIND] member='player1' targets=19 slots=59 reboundBones=0 reboundMeshes=0 pending=3 restPose=111 quiet=481 latched=0
[HEAD_REBIND] member='player2' targets=17 slots=7 reboundBones=0 reboundMeshes=0 pending=2 restPose=107 quiet=481 latched=0
[HEAD_REBIND] member='player3' targets=18 slots=9 reboundBones=0 reboundMeshes=0 pending=1 restPose=111 quiet=482 latched=0
[HEAD_REBIND] member='player0' targets=18 slots=11 reboundBones=0 reboundMeshes=0 pending=2 restPose=105 quiet=482 latched=0
[HEAD_REBIND] member='player1' targets=19 slots=59 reboundBones=0 reboundMeshes=0 pending=3 restPose=111 quiet=482 latched=0
[HEAD_REBIND] member='player2' targets=17 slots=7 reboundBones=0 reboundMeshes=0 pending=2 restPose=107 quiet=482 latched=0
[HEAD_REBIND] member='player3' targets=18 slots=9 reboundBones=0 reboundMeshes=0 pending=1 restPose=111 quiet=483 latched=0
[HEAD_REBIND] member='player0' targets=18 slots=11 reboundBones=0 reboundMeshes=0 pending=2 restPose=105 quiet=483 latched=0
[HEAD_REBIND] member='player1' targets=19 slots=59 reboundBones=0 reboundMeshes=0 pending=3 restPose=111 quiet=483 latched=0
[HEAD_REBIND] member='player2' targets=17 slots=7 reboundBones=0 reboundMeshes=0 pending=2 restPose=107 quiet=483 latched=0
[HEAD_REBIND] member='player3' targets=18 slots=9 reboundBones=0 reboundMeshes=0 pending=1 restPose=111 quiet=484 latched=0
[HEAD_REBIND] member='player0' targets=18 slots=11 reboundBones=0 reboundMeshes=0 pending=2 restPose=105 quiet=484 latched=0
[HEAD_REBIND] member='player1' targets=19 slots=59 reboundBones=0 reboundMeshes=0 pending=3 restPose=111 quiet=484 latched=0
[HEAD_REBIND] member='player2' targets=17 slots=7 reboundBones=0 reboundMeshes=0 pending=2 restPose=107 quiet=484 latched=0
[HEAD_REBIND] member='player3' targets=18 slots=9 reboundBones=0 reboundMeshes=0 pending=1 restPose=111 quiet=485 latched=0
[HEAD_REBIND] member='player0' targets=18 slots=11 reboundBones=0 reboundMeshes=0 pending=2 restPose=105 quiet=485 latched=0
[HEAD_REBIND] member='player1' targets=19 slots=59 reboundBones=0 reboundMeshes=0 pending=3 restPose=111 quiet=485 latched=0
[HEAD_REBIND] member='player2' targets=17 slots=7 reboundBones=0 reboundMeshes=0 pending=2 restPose=107 quiet=485 latched=0
[HEAD_REBIND] member='player3' targets=18 slots=9 reboundBones=0 reboundMeshes=0 pending=1 restPose=111 quiet=486 latched=0
[HEAD_REBIND] member='player0' targets=18 slots=11 reboundBones=0 reboundMeshes=0 pending=2 restPose=105 quiet=486 latched=0
[HEAD_REBIND] member='player1' targets=19 slots=59 reboundBones=0 reboundMeshes=0 pending=3 restPose=111 quiet=486 latched=0
[HEAD_REBIND] member='player2' targets=17 slots=7 reboundBones=0 reboundMeshes=0 pending=2 restPose=107 quiet=486 latched=0
[HEAD_REBIND] member='player3' targets=18 slots=9 reboundBones=0 reboundMeshes=0 pending=1 restPose=111 quiet=487 latched=0
[HEAD_REBIND] member='player0' targets=18 slots=11 reboundBones=0 reboundMeshes=0 pending=2 restPose=105 quiet=487 latched=0
[HEAD_REBIND] member='player1' targets=19 slots=59 reboundBones=0 reboundMeshes=0 pending=3 restPose=111 quiet=487 latched=0
[HEAD_REBIND] member='player2' targets=17 slots=7 reboundBones=0 reboundMeshes=0 pending=2 restPose=107 quiet=487 latched=0
[HEAD_REBIND] member='player3' targets=18 slots=9 reboundBones=0 reboundMeshes=0 pending=1 restPose=111 quiet=488 latched=0
[HEAD_REBIND] member='player0' targets=18 slots=11 reboundBones=0 reboundMeshes=0 pending=2 restPose=105 quiet=488 latched=0
[HEAD_REBIND] member='player1' targets=19 slots=59 reboundBones=0 reboundMeshes=0 pending=3 restPose=111 quiet=488 latched=0
[HEAD_REBIND] member='player2' targets=17 slots=7 reboundBones=0 reboundMeshes=0 pending=2 restPose=107 quiet=488 latched=0
[HEAD_REBIND] member='player3' targets=18 slots=9 reboundBones=0 reboundMeshes=0 pending=1 restPose=111 quiet=489 latched=0
[HEAD_REBIND] member='player0' targets=18 slots=11 reboundBones=0 reboundMeshes=0 pending=2 restPose=105 quiet=489 latched=0
[HEAD_REBIND] member='player1' targets=19 slots=59 reboundBones=0 reboundMeshes=0 pending=3 restPose=111 quiet=489 latched=0
[HEAD_REBIND] member='player2' targets=17 slots=7 reboundBones=0 reboundMeshes=0 pending=2 restPose=107 quiet=489 latched=0
[HEAD_REBIND] member='player3' targets=18 slots=9 reboundBones=0 reboundMeshes=0 pending=1 restPose=111 quiet=490 latched=0
[HEAD_REBIND] member='player0' targets=18 slots=11 reboundBones=0 reboundMeshes=0 pending=2 restPose=105 quiet=490 latched=0
[HEAD_REBIND] member='player1' targets=19 slots=59 reboundBones=0 reboundMeshes=0 pending=3 restPose=111 quiet=490 latched=0
[HEAD_REBIND] member='player2' targets=17 slots=7 reboundBones=0 reboundMeshes=0 pending=2 restPose=107 quiet=490 latched=0
[HEAD_REBIND] member='player3' targets=18 slots=9 reboundBones=0 reboundMeshes=0 pending=1 restPose=111 quiet=491 latched=0
[HEAD_REBIND] member='player0' targets=18 slots=11 reboundBones=0 reboundMeshes=0 pending=2 restPose=105 quiet=491 latched=0
[HEAD_REBIND] member='player1' targets=19 slots=59 reboundBones=0 reboundMeshes=0 pending=3 restPose=111 quiet=491 latched=0
[HEAD_REBIND] member='player2' targets=17 slots=7 reboundBones=0 reboundMeshes=0 pending=2 restPose=107 quiet=491 latched=0
[HEAD_REBIND] member='player3' targets=18 slots=9 reboundBones=0 reboundMeshes=0 pending=1 restPose=111 quiet=492 latched=0
[HEAD_REBIND] member='player0' targets=18 slots=11 reboundBones=0 reboundMeshes=0 pending=2 restPose=105 quiet=492 latched=0
[HEAD_REBIND] member='player1' targets=19 slots=59 reboundBones=0 reboundMeshes=0 pending=3 restPose=111 quiet=492 latched=0
[HEAD_REBIND] member='player2' targets=17 slots=7 reboundBones=0 reboundMeshes=0 pending=2 restPose=107 quiet=492 latched=0
[HEAD_REBIND] member='player3' targets=18 slots=9 reboundBones=0 reboundMeshes=0 pending=1 restPose=111 quiet=493 latched=0
[HEAD_REBIND] member='player0' targets=18 slots=11 reboundBones=0 reboundMeshes=0 pending=2 restPose=105 quiet=493 latched=0
[HEAD_REBIND] member='player1' targets=19 slots=59 reboundBones=0 reboundMeshes=0 pending=3 restPose=111 quiet=493 latched=0
[HEAD_REBIND] member='player2' targets=17 slots=7 reboundBones=0 reboundMeshes=0 pending=2 restPose=107 quiet=493 latched=0
[HEAD_REBIND] member='player3' targets=18 slots=9 reboundBones=0 reboundMeshes=0 pending=1 restPose=111 quiet=494 latched=0
[HEAD_REBIND] member='player0' targets=18 slots=11 reboundBones=0 reboundMeshes=0 pending=2 restPose=105 quiet=494 latched=0
[HEAD_REBIND] member='player1' targets=19 slots=59 reboundBones=0 reboundMeshes=0 pending=3 restPose=111 quiet=494 latched=0
[HEAD_REBIND] member='player2' targets=17 slots=7 reboundBones=0 reboundMeshes=0 pending=2 restPose=107 quiet=494 latched=0
[HEAD_REBIND] member='player3' targets=18 slots=9 reboundBones=0 reboundMeshes=0 pending=1 restPose=111 quiet=495 latched=0
[HEAD_REBIND] member='player0' targets=18 slots=11 reboundBones=0 reboundMeshes=0 pending=2 restPose=105 quiet=495 latched=0
[HEAD_REBIND] member='player1' targets=19 slots=59 reboundBones=0 reboundMeshes=0 pending=3 restPose=111 quiet=495 latched=0
[HEAD_REBIND] member='player2' targets=17 slots=7 reboundBones=0 reboundMeshes=0 pending=2 restPose=107 quiet=495 latched=0
[HEAD_REBIND] member='player3' targets=18 slots=9 reboundBones=0 reboundMeshes=0 pending=1 restPose=111 quiet=496 latched=0
[HEAD_REBIND] member='player0' targets=18 slots=11 reboundBones=0 reboundMeshes=0 pending=2 restPose=105 quiet=496 latched=0
[HEAD_REBIND] member='player1' targets=19 slots=59 reboundBones=0 reboundMeshes=0 pending=3 restPose=111 quiet=496 latched=0
[HEAD_REBIND] member='player2' targets=17 slots=7 reboundBones=0 reboundMeshes=0 pending=2 restPose=107 quiet=496 latched=0
[HEAD_REBIND] member='player3' targets=18 slots=9 reboundBones=0 reboundMeshes=0 pending=1 restPose=111 quiet=497 latched=0
[HEAD_REBIND] member='player0' targets=18 slots=11 reboundBones=0 reboundMeshes=0 pending=2 restPose=105 quiet=497 latched=0
[HEAD_REBIND] member='player1' targets=19 slots=59 reboundBones=0 reboundMeshes=0 pending=3 restPose=111 quiet=497 latched=0
[HEAD_REBIND] member='player2' targets=17 slots=7 reboundBones=0 reboundMeshes=0 pending=2 restPose=107 quiet=497 latched=0
[HEAD_REBIND] member='player3' targets=18 slots=9 reboundBones=0 reboundMeshes=0 pending=1 restPose=111 quiet=498 latched=0
[HEAD_REBIND] member='player0' targets=18 slots=11 reboundBones=0 reboundMeshes=0 pending=2 restPose=105 quiet=498 latched=0
[HEAD_REBIND] member='player1' targets=19 slots=59 reboundBones=0 reboundMeshes=0 pending=3 restPose=111 quiet=498 latched=0
[HEAD_REBIND] member='player2' targets=17 slots=7 reboundBones=0 reboundMeshes=0 pending=2 restPose=107 quiet=498 latched=0
[HEAD_REBIND] member='player3' targets=18 slots=9 reboundBones=0 reboundMeshes=0 pending=1 restPose=111 quiet=499 latched=0
[HEAD_REBIND] member='player0' targets=18 slots=11 reboundBones=0 reboundMeshes=0 pending=2 restPose=105 quiet=499 latched=0
[HEAD_REBIND] member='player1' targets=19 slots=59 reboundBones=0 reboundMeshes=0 pending=3 restPose=111 quiet=499 latched=0
[HEAD_REBIND] member='player2' targets=17 slots=7 reboundBones=0 reboundMeshes=0 pending=2 restPose=107 quiet=499 latched=0
[HEAD_REBIND] member='player3' targets=18 slots=9 reboundBones=0 reboundMeshes=0 pending=1 restPose=111 quiet=500 latched=0
[HEAD_REBIND] member='player0' targets=18 slots=11 reboundBones=0 reboundMeshes=0 pending=2 restPose=105 quiet=500 latched=0
[HEAD_REBIND] member='player1' targets=19 slots=59 reboundBones=0 reboundMeshes=0 pending=3 restPose=111 quiet=500 latched=0
[HEAD_REBIND] member='player2' targets=17 slots=7 reboundBones=0 reboundMeshes=0 pending=2 restPose=107 quiet=500 latched=0
[HEAD_REBIND] member='player3' targets=18 slots=9 reboundBones=0 reboundMeshes=0 pending=1 restPose=111 quiet=501 latched=0
[HEAD_REBIND] member='player0' targets=18 slots=11 reboundBones=0 reboundMeshes=0 pending=2 restPose=105 quiet=501 latched=0
[HEAD_REBIND] member='player1' targets=19 slots=59 reboundBones=0 reboundMeshes=0 pending=3 restPose=111 quiet=501 latched=0
[HEAD_REBIND] member='player2' targets=17 slots=7 reboundBones=0 reboundMeshes=0 pending=2 restPose=107 quiet=501 latched=0
[HEAD_REBIND] member='player3' targets=18 slots=9 reboundBones=0 reboundMeshes=0 pending=1 restPose=111 quiet=502 latched=0
[HEAD_REBIND] member='player0' targets=18 slots=11 reboundBones=0 reboundMeshes=0 pending=2 restPose=105 quiet=502 latched=0
[HEAD_REBIND] member='player1' targets=19 slots=59 reboundBones=0 reboundMeshes=0 pending=3 restPose=111 quiet=502 latched=0
[HEAD_REBIND] member='player2' targets=17 slots=7 reboundBones=0 reboundMeshes=0 pending=2 restPose=107 quiet=502 latched=0
[HEAD_REBIND] member='player3' targets=18 slots=9 reboundBones=0 reboundMeshes=0 pending=1 restPose=111 quiet=503 latched=0
[HEAD_REBIND] member='player0' targets=18 slots=11 reboundBones=0 reboundMeshes=0 pending=2 restPose=105 quiet=503 latched=0
[HEAD_REBIND] member='player1' targets=19 slots=59 reboundBones=0 reboundMeshes=0 pending=3 restPose=111 quiet=503 latched=0
[HEAD_REBIND] member='player2' targets=17 slots=7 reboundBones=0 reboundMeshes=0 pending=2 restPose=107 quiet=503 latched=0
[HEAD_REBIND] member='player3' targets=18 slots=9 reboundBones=0 reboundMeshes=0 pending=1 restPose=111 quiet=504 latched=0
[HEAD_REBIND] member='player0' targets=18 slots=11 reboundBones=0 reboundMeshes=0 pending=2 restPose=105 quiet=504 latched=0
[HEAD_REBIND] member='player1' targets=19 slots=59 reboundBones=0 reboundMeshes=0 pending=3 restPose=111 quiet=504 latched=0
[HEAD_REBIND] member='player2' targets=17 slots=7 reboundBones=0 reboundMeshes=0 pending=2 restPose=107 quiet=504 latched=0
[HEAD_REBIND] member='player3' targets=18 slots=9 reboundBones=0 reboundMeshes=0 pending=1 restPose=111 quiet=505 latched=0
[HEAD_REBIND] member='player0' targets=18 slots=11 reboundBones=0 reboundMeshes=0 pending=2 restPose=105 quiet=505 latched=0
[HEAD_REBIND] member='player1' targets=19 slots=59 reboundBones=0 reboundMeshes=0 pending=3 restPose=111 quiet=505 latched=0
[HEAD_REBIND] member='player2' targets=17 slots=7 reboundBones=0 reboundMeshes=0 pending=2 restPose=107 quiet=505 latched=0
[HEAD_REBIND] member='player3' targets=18 slots=9 reboundBones=0 reboundMeshes=0 pending=1 restPose=111 quiet=506 latched=0
[HEAD_REBIND] member='player0' targets=18 slots=11 reboundBones=0 reboundMeshes=0 pending=2 restPose=105 quiet=506 latched=0
[HEAD_REBIND] member='player1' targets=19 slots=59 reboundBones=0 reboundMeshes=0 pending=3 restPose=111 quiet=506 latched=0
[HEAD_REBIND] member='player2' targets=17 slots=7 reboundBones=0 reboundMeshes=0 pending=2 restPose=107 quiet=506 latched=0
[HEAD_REBIND] member='player3' targets=18 slots=9 reboundBones=0 reboundMeshes=0 pending=1 restPose=111 quiet=507 latched=0
[HEAD_REBIND] member='player0' targets=18 slots=11 reboundBones=0 reboundMeshes=0 pending=2 restPose=105 quiet=507 latched=0
[HEAD_REBIND] member='player1' targets=19 slots=59 reboundBones=0 reboundMeshes=0 pending=3 restPose=111 quiet=507 latched=0
[HEAD_REBIND] member='player2' targets=17 slots=7 reboundBones=0 reboundMeshes=0 pending=2 restPose=107 quiet=507 latched=0
[HEAD_REBIND] member='player3' targets=18 slots=9 reboundBones=0 reboundMeshes=0 pending=1 restPose=111 quiet=508 latched=0
[HEAD_REBIND] member='player0' targets=18 slots=11 reboundBones=0 reboundMeshes=0 pending=2 restPose=105 quiet=508 latched=0
[HEAD_REBIND] member='player1' targets=19 slots=59 reboundBones=0 reboundMeshes=0 pending=3 restPose=111 quiet=508 latched=0
[HEAD_REBIND] member='player2' targets=17 slots=7 reboundBones=0 reboundMeshes=0 pending=2 restPose=107 quiet=508 latched=0
[HEAD_REBIND] member='player3' targets=18 slots=9 reboundBones=0 reboundMeshes=0 pending=1 restPose=111 quiet=509 latched=0
[HEAD_REBIND] member='player0' targets=18 slots=11 reboundBones=0 reboundMeshes=0 pending=2 restPose=105 quiet=509 latched=0
[HEAD_REBIND] member='player1' targets=19 slots=59 reboundBones=0 reboundMeshes=0 pending=3 restPose=111 quiet=509 latched=0
[HEAD_REBIND] member='player2' targets=17 slots=7 reboundBones=0 reboundMeshes=0 pending=2 restPose=107 quiet=509 latched=0
[HEAD_REBIND] member='player3' targets=18 slots=9 reboundBones=0 reboundMeshes=0 pending=1 restPose=111 quiet=510 latched=0
[HEAD_REBIND] member='player0' targets=18 slots=11 reboundBones=0 reboundMeshes=0 pending=2 restPose=105 quiet=510 latched=0
[HEAD_REBIND] member='player1' targets=19 slots=59 reboundBones=0 reboundMeshes=0 pending=3 restPose=111 quiet=510 latched=0
[HEAD_REBIND] member='player2' targets=17 slots=7 reboundBones=0 reboundMeshes=0 pending=2 restPose=107 quiet=510 latched=0
[HEAD_REBIND] member='player3' targets=18 slots=9 reboundBones=0 reboundMeshes=0 pending=1 restPose=111 quiet=511 latched=0
[HEAD_REBIND] member='player0' targets=18 slots=11 reboundBones=0 reboundMeshes=0 pending=2 restPose=105 quiet=511 latched=0
[HEAD_REBIND] member='player1' targets=19 slots=59 reboundBones=0 reboundMeshes=0 pending=3 restPose=111 quiet=511 latched=0
[HEAD_REBIND] member='player2' targets=17 slots=7 reboundBones=0 reboundMeshes=0 pending=2 restPose=107 quiet=511 latched=0
[HEAD_REBIND] member='player3' targets=18 slots=9 reboundBones=0 reboundMeshes=0 pending=1 restPose=111 quiet=512 latched=0
[HEAD_REBIND] member='player0' targets=18 slots=11 reboundBones=0 reboundMeshes=0 pending=2 restPose=105 quiet=512 latched=0
[HEAD_REBIND] member='player1' targets=19 slots=59 reboundBones=0 reboundMeshes=0 pending=3 restPose=111 quiet=512 latched=0
[HEAD_REBIND] member='player2' targets=17 slots=7 reboundBones=0 reboundMeshes=0 pending=2 restPose=107 quiet=512 latched=0
[HEAD_REBIND] member='player3' targets=18 slots=9 reboundBones=0 reboundMeshes=0 pending=1 restPose=111 quiet=513 latched=0
[HEAD_REBIND] member='player0' targets=18 slots=11 reboundBones=0 reboundMeshes=0 pending=2 restPose=105 quiet=513 latched=0
[HEAD_REBIND] member='player1' targets=19 slots=59 reboundBones=0 reboundMeshes=0 pending=3 restPose=111 quiet=513 latched=0
[HEAD_REBIND] member='player2' targets=17 slots=7 reboundBones=0 reboundMeshes=0 pending=2 restPose=107 quiet=513 latched=0
[HEAD_REBIND] member='player3' targets=18 slots=9 reboundBones=0 reboundMeshes=0 pending=1 restPose=111 quiet=514 latched=0
[HEAD_REBIND] member='player0' targets=18 slots=11 reboundBones=0 reboundMeshes=0 pending=2 restPose=105 quiet=514 latched=0
[HEAD_REBIND] member='player1' targets=19 slots=59 reboundBones=0 reboundMeshes=0 pending=3 restPose=111 quiet=514 latched=0
[HEAD_REBIND] member='player2' targets=17 slots=7 reboundBones=0 reboundMeshes=0 pending=2 restPose=107 quiet=514 latched=0
[HEAD_REBIND] member='player3' targets=18 slots=9 reboundBones=0 reboundMeshes=0 pending=1 restPose=111 quiet=515 latched=0
[HEAD_REBIND] member='player0' targets=18 slots=11 reboundBones=0 reboundMeshes=0 pending=2 restPose=105 quiet=515 latched=0
[HEAD_REBIND] member='player1' targets=19 slots=59 reboundBones=0 reboundMeshes=0 pending=3 restPose=111 quiet=515 latched=0
[HEAD_REBIND] member='player2' targets=17 slots=7 reboundBones=0 reboundMeshes=0 pending=2 restPose=107 quiet=515 latched=0
[HEAD_REBIND] member='player3' targets=18 slots=9 reboundBones=0 reboundMeshes=0 pending=1 restPose=111 quiet=516 latched=0
[HEAD_REBIND] member='player0' targets=18 slots=11 reboundBones=0 reboundMeshes=0 pending=2 restPose=105 quiet=516 latched=0
[HEAD_REBIND] member='player1' targets=19 slots=59 reboundBones=0 reboundMeshes=0 pending=3 restPose=111 quiet=516 latched=0
[HEAD_REBIND] member='player2' targets=17 slots=7 reboundBones=0 reboundMeshes=0 pending=2 restPose=107 quiet=516 latched=0
[HEAD_REBIND] member='player3' targets=18 slots=9 reboundBones=0 reboundMeshes=0 pending=1 restPose=111 quiet=517 latched=0
[HEAD_REBIND] member='player0' targets=18 slots=11 reboundBones=0 reboundMeshes=0 pending=2 restPose=105 quiet=517 latched=0
[HEAD_REBIND] member='player1' targets=19 slots=59 reboundBones=0 reboundMeshes=0 pending=3 restPose=111 quiet=517 latched=0
[HEAD_REBIND] member='player2' targets=17 slots=7 reboundBones=0 reboundMeshes=0 pending=2 restPose=107 quiet=517 latched=0
[HEAD_REBIND] member='player3' targets=18 slots=9 reboundBones=0 reboundMeshes=0 pending=1 restPose=111 quiet=518 latched=0
[HEAD_REBIND] member='player0' targets=18 slots=11 reboundBones=0 reboundMeshes=0 pending=2 restPose=105 quiet=518 latched=0
[HEAD_REBIND] member='player1' targets=19 slots=59 reboundBones=0 reboundMeshes=0 pending=3 restPose=111 quiet=518 latched=0
[HEAD_REBIND] member='player2' targets=17 slots=7 reboundBones=0 reboundMeshes=0 pending=2 restPose=107 quiet=518 latched=0
[HEAD_REBIND] member='player3' targets=18 slots=9 reboundBones=0 reboundMeshes=0 pending=1 restPose=111 quiet=519 latched=0
[HEAD_REBIND] member='player0' targets=18 slots=11 reboundBones=0 reboundMeshes=0 pending=2 restPose=105 quiet=519 latched=0
[HEAD_REBIND] member='player1' targets=19 slots=59 reboundBones=0 reboundMeshes=0 pending=3 restPose=111 quiet=519 latched=0
[HEAD_REBIND] member='player2' targets=17 slots=7 reboundBones=0 reboundMeshes=0 pending=2 restPose=107 quiet=519 latched=0
[HEAD_REBIND] member='player3' targets=18 slots=9 reboundBones=0 reboundMeshes=0 pending=1 restPose=111 quiet=520 latched=0
[HEAD_REBIND] member='player0' targets=18 slots=11 reboundBones=0 reboundMeshes=0 pending=2 restPose=105 quiet=520 latched=0
[HEAD_REBIND] member='player1' targets=19 slots=59 reboundBones=0 reboundMeshes=0 pending=3 restPose=111 quiet=520 latched=0
[HEAD_REBIND] member='player2' targets=17 slots=7 reboundBones=0 reboundMeshes=0 pending=2 restPose=107 quiet=520 latched=0
[HEAD_REBIND] member='player3' targets=18 slots=9 reboundBones=0 reboundMeshes=0 pending=1 restPose=111 quiet=521 latched=0
[HEAD_REBIND] member='player0' targets=18 slots=11 reboundBones=0 reboundMeshes=0 pending=2 restPose=105 quiet=521 latched=0
[HEAD_REBIND] member='player1' targets=19 slots=59 reboundBones=0 reboundMeshes=0 pending=3 restPose=111 quiet=521 latched=0
[HEAD_REBIND] member='player2' targets=17 slots=7 reboundBones=0 reboundMeshes=0 pending=2 restPose=107 quiet=521 latched=0
[HEAD_REBIND] member='player3' targets=18 slots=9 reboundBones=0 reboundMeshes=0 pending=1 restPose=111 quiet=522 latched=0
[HEAD_REBIND] member='player0' targets=18 slots=11 reboundBones=0 reboundMeshes=0 pending=2 restPose=105 quiet=522 latched=0
[HEAD_REBIND] member='player1' targets=19 slots=59 reboundBones=0 reboundMeshes=0 pending=3 restPose=111 quiet=522 latched=0
[HEAD_REBIND] member='player2' targets=17 slots=7 reboundBones=0 reboundMeshes=0 pending=2 restPose=107 quiet=522 latched=0
[HEAD_REBIND] member='player3' targets=18 slots=9 reboundBones=0 reboundMeshes=0 pending=1 restPose=111 quiet=523 latched=0
[HEAD_REBIND] member='player0' targets=18 slots=11 reboundBones=0 reboundMeshes=0 pending=2 restPose=105 quiet=523 latched=0
[HEAD_REBIND] member='player1' targets=19 slots=59 reboundBones=0 reboundMeshes=0 pending=3 restPose=111 quiet=523 latched=0
[HEAD_REBIND] member='player2' targets=17 slots=7 reboundBones=0 reboundMeshes=0 pending=2 restPose=107 quiet=523 latched=0
[HEAD_REBIND] member='player3' targets=18 slots=9 reboundBones=0 reboundMeshes=0 pending=1 restPose=111 quiet=524 latched=0
[HEAD_REBIND] member='player0' targets=18 slots=11 reboundBones=0 reboundMeshes=0 pending=2 restPose=105 quiet=524 latched=0
[HEAD_REBIND] member='player1' targets=19 slots=59 reboundBones=0 reboundMeshes=0 pending=3 restPose=111 quiet=524 latched=0
[HEAD_REBIND] member='player2' targets=17 slots=7 reboundBones=0 reboundMeshes=0 pending=2 restPose=107 quiet=524 latched=0
[HEAD_REBIND] member='player3' targets=18 slots=9 reboundBones=0 reboundMeshes=0 pending=1 restPose=111 quiet=525 latched=0
[HEAD_REBIND] member='player0' targets=18 slots=11 reboundBones=0 reboundMeshes=0 pending=2 restPose=105 quiet=525 latched=0
[HEAD_REBIND] member='player1' targets=19 slots=59 reboundBones=0 reboundMeshes=0 pending=3 restPose=111 quiet=525 latched=0
[HEAD_REBIND] member='player2' targets=17 slots=7 reboundBones=0 reboundMeshes=0 pending=2 restPose=107 quiet=525 latched=0
[HEAD_REBIND] member='player3' targets=18 slots=9 reboundBones=0 reboundMeshes=0 pending=1 restPose=111 quiet=526 latched=0
[HEAD_REBIND] member='player0' targets=18 slots=11 reboundBones=0 reboundMeshes=0 pending=2 restPose=105 quiet=526 latched=0
[HEAD_REBIND] member='player1' targets=19 slots=59 reboundBones=0 reboundMeshes=0 pending=3 restPose=111 quiet=526 latched=0
[HEAD_REBIND] member='player2' targets=17 slots=7 reboundBones=0 reboundMeshes=0 pending=2 restPose=107 quiet=526 latched=0
[HEAD_REBIND] member='player3' targets=18 slots=9 reboundBones=0 reboundMeshes=0 pending=1 restPose=111 quiet=527 latched=0
[HEAD_REBIND] member='player0' targets=18 slots=11 reboundBones=0 reboundMeshes=0 pending=2 restPose=105 quiet=527 latched=0
[HEAD_REBIND] member='player1' targets=19 slots=59 reboundBones=0 reboundMeshes=0 pending=3 restPose=111 quiet=527 latched=0
[HEAD_REBIND] member='player2' targets=17 slots=7 reboundBones=0 reboundMeshes=0 pending=2 restPose=107 quiet=527 latched=0
[HEAD_REBIND] member='player3' targets=18 slots=9 reboundBones=0 reboundMeshes=0 pending=1 restPose=111 quiet=528 latched=0
[HEAD_REBIND] member='player0' targets=18 slots=11 reboundBones=0 reboundMeshes=0 pending=2 restPose=105 quiet=528 latched=0
[HEAD_REBIND] member='player1' targets=19 slots=59 reboundBones=0 reboundMeshes=0 pending=3 restPose=111 quiet=528 latched=0
[HEAD_REBIND] member='player2' targets=17 slots=7 reboundBones=0 reboundMeshes=0 pending=2 restPose=107 quiet=528 latched=0
[HEAD_REBIND] member='player3' targets=18 slots=9 reboundBones=0 reboundMeshes=0 pending=1 restPose=111 quiet=529 latched=0
[HEAD_REBIND] member='player0' targets=18 slots=11 reboundBones=0 reboundMeshes=0 pending=2 restPose=105 quiet=529 latched=0
[HEAD_REBIND] member='player1' targets=19 slots=59 reboundBones=0 reboundMeshes=0 pending=3 restPose=111 quiet=529 latched=0
[HEAD_REBIND] member='player2' targets=17 slots=7 reboundBones=0 reboundMeshes=0 pending=2 restPose=107 quiet=529 latched=0
[HEAD_REBIND] member='player3' targets=18 slots=9 reboundBones=0 reboundMeshes=0 pending=1 restPose=111 quiet=530 latched=0
[HEAD_REBIND] member='player0' targets=18 slots=11 reboundBones=0 reboundMeshes=0 pending=2 restPose=105 quiet=530 latched=0
[HEAD_REBIND] member='player1' targets=19 slots=59 reboundBones=0 reboundMeshes=0 pending=3 restPose=111 quiet=530 latched=0
[HEAD_REBIND] member='player2' targets=17 slots=7 reboundBones=0 reboundMeshes=0 pending=2 restPose=107 quiet=530 latched=0
[HEAD_REBIND] member='player3' targets=18 slots=9 reboundBones=0 reboundMeshes=0 pending=1 restPose=111 quiet=531 latched=0
[HEAD_REBIND] member='player0' targets=18 slots=11 reboundBones=0 reboundMeshes=0 pending=2 restPose=105 quiet=531 latched=0
[HEAD_REBIND] member='player1' targets=19 slots=59 reboundBones=0 reboundMeshes=0 pending=3 restPose=111 quiet=531 latched=0
[HEAD_REBIND] member='player2' targets=17 slots=7 reboundBones=0 reboundMeshes=0 pending=2 restPose=107 quiet=531 latched=0
[HEAD_REBIND] member='player3' targets=18 slots=9 reboundBones=0 reboundMeshes=0 pending=1 restPose=111 quiet=532 latched=0
[HEAD_REBIND] member='player0' targets=18 slots=11 reboundBones=0 reboundMeshes=0 pending=2 restPose=105 quiet=532 latched=0
[HEAD_REBIND] member='player1' targets=19 slots=59 reboundBones=0 reboundMeshes=0 pending=3 restPose=111 quiet=532 latched=0
[HEAD_REBIND] member='player2' targets=17 slots=7 reboundBones=0 reboundMeshes=0 pending=2 restPose=107 quiet=532 latched=0
[HEAD_REBIND] member='player3' targets=18 slots=9 reboundBones=0 reboundMeshes=0 pending=1 restPose=111 quiet=533 latched=0
[HEAD_REBIND] member='player0' targets=18 slots=11 reboundBones=0 reboundMeshes=0 pending=2 restPose=105 quiet=533 latched=0
[HEAD_REBIND] member='player1' targets=19 slots=59 reboundBones=0 reboundMeshes=0 pending=3 restPose=111 quiet=533 latched=0
[HEAD_REBIND] member='player2' targets=17 slots=7 reboundBones=0 reboundMeshes=0 pending=2 restPose=107 quiet=533 latched=0
[HEAD_REBIND] member='player3' targets=18 slots=9 reboundBones=0 reboundMeshes=0 pending=1 restPose=111 quiet=534 latched=0
[HEAD_REBIND] member='player0' targets=18 slots=11 reboundBones=0 reboundMeshes=0 pending=2 restPose=105 quiet=534 latched=0
[HEAD_REBIND] member='player1' targets=19 slots=59 reboundBones=0 reboundMeshes=0 pending=3 restPose=111 quiet=534 latched=0
[HEAD_REBIND] member='player2' targets=17 slots=7 reboundBones=0 reboundMeshes=0 pending=2 restPose=107 quiet=534 latched=0
[HEAD_REBIND] member='player3' targets=18 slots=9 reboundBones=0 reboundMeshes=0 pending=1 restPose=111 quiet=535 latched=0
[HEAD_REBIND] member='player0' targets=18 slots=11 reboundBones=0 reboundMeshes=0 pending=2 restPose=105 quiet=535 latched=0
[HEAD_REBIND] member='player1' targets=19 slots=59 reboundBones=0 reboundMeshes=0 pending=3 restPose=111 quiet=535 latched=0
[HEAD_REBIND] member='player2' targets=17 slots=7 reboundBones=0 reboundMeshes=0 pending=2 restPose=107 quiet=535 latched=0
[HEAD_REBIND] member='player3' targets=18 slots=9 reboundBones=0 reboundMeshes=0 pending=1 restPose=111 quiet=536 latched=0
[HEAD_REBIND] member='player0' targets=18 slots=11 reboundBones=0 reboundMeshes=0 pending=2 restPose=105 quiet=536 latched=0
[HEAD_REBIND] member='player1' targets=19 slots=59 reboundBones=0 reboundMeshes=0 pending=3 restPose=111 quiet=536 latched=0
[HEAD_REBIND] member='player2' targets=17 slots=7 reboundBones=0 reboundMeshes=0 pending=2 restPose=107 quiet=536 latched=0
[HEAD_REBIND] member='player3' targets=18 slots=9 reboundBones=0 reboundMeshes=0 pending=1 restPose=111 quiet=537 latched=0
[HEAD_REBIND] member='player0' targets=18 slots=11 reboundBones=0 reboundMeshes=0 pending=2 restPose=105 quiet=537 latched=0
[HEAD_REBIND] member='player1' targets=19 slots=59 reboundBones=0 reboundMeshes=0 pending=3 restPose=111 quiet=537 latched=0
[HEAD_REBIND] member='player2' targets=17 slots=7 reboundBones=0 reboundMeshes=0 pending=2 restPose=107 quiet=537 latched=0
[HEAD_REBIND] member='player3' targets=18 slots=9 reboundBones=0 reboundMeshes=0 pending=1 restPose=111 quiet=538 latched=0
[HEAD_REBIND] member='player0' targets=18 slots=11 reboundBones=0 reboundMeshes=0 pending=2 restPose=105 quiet=538 latched=0
[HEAD_REBIND] member='player1' targets=19 slots=59 reboundBones=0 reboundMeshes=0 pending=3 restPose=111 quiet=538 latched=0
[HEAD_REBIND] member='player2' targets=17 slots=7 reboundBones=0 reboundMeshes=0 pending=2 restPose=107 quiet=538 latched=0
[HEAD_REBIND] member='player3' targets=18 slots=9 reboundBones=0 reboundMeshes=0 pending=1 restPose=111 quiet=539 latched=0
[HEAD_REBIND] member='player0' targets=18 slots=11 reboundBones=0 reboundMeshes=0 pending=2 restPose=105 quiet=539 latched=0
[HEAD_REBIND] member='player1' targets=19 slots=59 reboundBones=0 reboundMeshes=0 pending=3 restPose=111 quiet=539 latched=0
[HEAD_REBIND] member='player2' targets=17 slots=7 reboundBones=0 reboundMeshes=0 pending=2 restPose=107 quiet=539 latched=0
[HEAD_REBIND] member='player3' targets=18 slots=9 reboundBones=0 reboundMeshes=0 pending=1 restPose=111 quiet=540 latched=0
[HEAD_REBIND] member='player0' targets=18 slots=11 reboundBones=0 reboundMeshes=0 pending=2 restPose=105 quiet=540 latched=0
[HEAD_REBIND] member='player1' targets=19 slots=59 reboundBones=0 reboundMeshes=0 pending=3 restPose=111 quiet=540 latched=0
[HEAD_REBIND] member='player2' targets=17 slots=7 reboundBones=0 reboundMeshes=0 pending=2 restPose=107 quiet=540 latched=0
[HEAD_REBIND] member='player3' targets=18 slots=9 reboundBones=0 reboundMeshes=0 pending=1 restPose=111 quiet=541 latched=0
[HEAD_REBIND] member='player0' targets=18 slots=11 reboundBones=0 reboundMeshes=0 pending=2 restPose=105 quiet=541 latched=0
[HEAD_REBIND] member='player1' targets=19 slots=59 reboundBones=0 reboundMeshes=0 pending=3 restPose=111 quiet=541 latched=0
[HEAD_REBIND] member='player2' targets=17 slots=7 reboundBones=0 reboundMeshes=0 pending=2 restPose=107 quiet=541 latched=0
[HEAD_REBIND] member='player3' targets=18 slots=9 reboundBones=0 reboundMeshes=0 pending=1 restPose=111 quiet=542 latched=0
[HEAD_REBIND] member='player0' targets=18 slots=11 reboundBones=0 reboundMeshes=0 pending=2 restPose=105 quiet=542 latched=0
[HEAD_REBIND] member='player1' targets=19 slots=59 reboundBones=0 reboundMeshes=0 pending=3 restPose=111 quiet=542 latched=0
[HEAD_REBIND] member='player2' targets=17 slots=7 reboundBones=0 reboundMeshes=0 pending=2 restPose=107 quiet=542 latched=0
[HEAD_REBIND] member='player3' targets=18 slots=9 reboundBones=0 reboundMeshes=0 pending=1 restPose=111 quiet=543 latched=0
[HEAD_REBIND] member='player0' targets=18 slots=11 reboundBones=0 reboundMeshes=0 pending=2 restPose=105 quiet=543 latched=0
[HEAD_REBIND] member='player1' targets=19 slots=59 reboundBones=0 reboundMeshes=0 pending=3 restPose=111 quiet=543 latched=0
[HEAD_REBIND] member='player2' targets=17 slots=7 reboundBones=0 reboundMeshes=0 pending=2 restPose=107 quiet=543 latched=0
[HEAD_REBIND] member='player3' targets=18 slots=9 reboundBones=0 reboundMeshes=0 pending=1 restPose=111 quiet=544 latched=0
[HEAD_REBIND] member='player0' targets=18 slots=11 reboundBones=0 reboundMeshes=0 pending=2 restPose=105 quiet=544 latched=0
[HEAD_REBIND] member='player1' targets=19 slots=59 reboundBones=0 reboundMeshes=0 pending=3 restPose=111 quiet=544 latched=0
[HEAD_REBIND] member='player2' targets=17 slots=7 reboundBones=0 reboundMeshes=0 pending=2 restPose=107 quiet=544 latched=0
[HEAD_REBIND] member='player3' targets=18 slots=9 reboundBones=0 reboundMeshes=0 pending=1 restPose=111 quiet=545 latched=0
[HEAD_REBIND] member='player0' targets=18 slots=11 reboundBones=0 reboundMeshes=0 pending=2 restPose=105 quiet=545 latched=0
[HEAD_REBIND] member='player1' targets=19 slots=59 reboundBones=0 reboundMeshes=0 pending=3 restPose=111 quiet=545 latched=0
[HEAD_REBIND] member='player2' targets=17 slots=7 reboundBones=0 reboundMeshes=0 pending=2 restPose=107 quiet=545 latched=0
[HEAD_REBIND] member='player3' targets=18 slots=9 reboundBones=0 reboundMeshes=0 pending=1 restPose=111 quiet=546 latched=0
[HEAD_REBIND] member='player0' targets=18 slots=11 reboundBones=0 reboundMeshes=0 pending=2 restPose=105 quiet=546 latched=0
[HEAD_REBIND] member='player1' targets=19 slots=59 reboundBones=0 reboundMeshes=0 pending=3 restPose=111 quiet=546 latched=0
[HEAD_REBIND] member='player2' targets=17 slots=7 reboundBones=0 reboundMeshes=0 pending=2 restPose=107 quiet=546 latched=0
[HEAD_REBIND] member='player3' targets=18 slots=9 reboundBones=0 reboundMeshes=0 pending=1 restPose=111 quiet=547 latched=0
[HEAD_REBIND] member='player0' targets=18 slots=11 reboundBones=0 reboundMeshes=0 pending=2 restPose=105 quiet=547 latched=0
[HEAD_REBIND] member='player1' targets=19 slots=59 reboundBones=0 reboundMeshes=0 pending=3 restPose=111 quiet=547 latched=0
[HEAD_REBIND] member='player2' targets=17 slots=7 reboundBones=0 reboundMeshes=0 pending=2 restPose=107 quiet=547 latched=0
[HEAD_REBIND] member='player3' targets=18 slots=9 reboundBones=0 reboundMeshes=0 pending=1 restPose=111 quiet=548 latched=0
[HEAD_REBIND] member='player0' targets=18 slots=11 reboundBones=0 reboundMeshes=0 pending=2 restPose=105 quiet=548 latched=0
[HEAD_REBIND] member='player1' targets=19 slots=59 reboundBones=0 reboundMeshes=0 pending=3 restPose=111 quiet=548 latched=0
[HEAD_REBIND] member='player2' targets=17 slots=7 reboundBones=0 reboundMeshes=0 pending=2 restPose=107 quiet=548 latched=0
[HEAD_REBIND] member='player3' targets=18 slots=9 reboundBones=0 reboundMeshes=0 pending=1 restPose=111 quiet=549 latched=0
[HEAD_REBIND] member='player0' targets=18 slots=11 reboundBones=0 reboundMeshes=0 pending=2 restPose=105 quiet=549 latched=0
[HEAD_REBIND] member='player1' targets=19 slots=59 reboundBones=0 reboundMeshes=0 pending=3 restPose=111 quiet=549 latched=0
[HEAD_REBIND] member='player2' targets=17 slots=7 reboundBones=0 reboundMeshes=0 pending=2 restPose=107 quiet=549 latched=0
[HEAD_REBIND] member='player3' targets=18 slots=9 reboundBones=0 reboundMeshes=0 pending=1 restPose=111 quiet=550 latched=0
[HEAD_REBIND] member='player0' targets=18 slots=11 reboundBones=0 reboundMeshes=0 pending=2 restPose=105 quiet=550 latched=0
[HEAD_REBIND] member='player1' targets=19 slots=59 reboundBones=0 reboundMeshes=0 pending=3 restPose=111 quiet=550 latched=0
[HEAD_REBIND] member='player2' targets=17 slots=7 reboundBones=0 reboundMeshes=0 pending=2 restPose=107 quiet=550 latched=0
[HEAD_REBIND] member='player3' targets=18 slots=9 reboundBones=0 reboundMeshes=0 pending=1 restPose=111 quiet=551 latched=0
[HEAD_REBIND] member='player0' targets=18 slots=11 reboundBones=0 reboundMeshes=0 pending=2 restPose=105 quiet=551 latched=0
[HEAD_REBIND] member='player1' targets=19 slots=59 reboundBones=0 reboundMeshes=0 pending=3 restPose=111 quiet=551 latched=0
[HEAD_REBIND] member='player2' targets=17 slots=7 reboundBones=0 reboundMeshes=0 pending=2 restPose=107 quiet=551 latched=0
[HEAD_REBIND] member='player3' targets=18 slots=9 reboundBones=0 reboundMeshes=0 pending=1 restPose=111 quiet=552 latched=0
[HEAD_REBIND] member='player0' targets=18 slots=11 reboundBones=0 reboundMeshes=0 pending=2 restPose=105 quiet=552 latched=0
[HEAD_REBIND] member='player1' targets=19 slots=59 reboundBones=0 reboundMeshes=0 pending=3 restPose=111 quiet=552 latched=0
[HEAD_REBIND] member='player2' targets=17 slots=7 reboundBones=0 reboundMeshes=0 pending=2 restPose=107 quiet=552 latched=0
[HEAD_REBIND] member='player3' targets=18 slots=9 reboundBones=0 reboundMeshes=0 pending=1 restPose=111 quiet=553 latched=0
[HEAD_REBIND] member='player0' targets=18 slots=11 reboundBones=0 reboundMeshes=0 pending=2 restPose=105 quiet=553 latched=0
[HEAD_REBIND] member='player1' targets=19 slots=59 reboundBones=0 reboundMeshes=0 pending=3 restPose=111 quiet=553 latched=0
[HEAD_REBIND] member='player2' targets=17 slots=7 reboundBones=0 reboundMeshes=0 pending=2 restPose=107 quiet=553 latched=0
[HEAD_REBIND] member='player3' targets=18 slots=9 reboundBones=0 reboundMeshes=0 pending=1 restPose=111 quiet=554 latched=0
[HEAD_REBIND] member='player0' targets=18 slots=11 reboundBones=0 reboundMeshes=0 pending=2 restPose=105 quiet=554 latched=0
[HEAD_REBIND] member='player1' targets=19 slots=59 reboundBones=0 reboundMeshes=0 pending=3 restPose=111 quiet=554 latched=0
[HEAD_REBIND] member='player2' targets=17 slots=7 reboundBones=0 reboundMeshes=0 pending=2 restPose=107 quiet=554 latched=0
[HEAD_REBIND] member='player3' targets=18 slots=9 reboundBones=0 reboundMeshes=0 pending=1 restPose=111 quiet=555 latched=0
[HEAD_REBIND] member='player0' targets=18 slots=11 reboundBones=0 reboundMeshes=0 pending=2 restPose=105 quiet=555 latched=0
[HEAD_REBIND] member='player1' targets=19 slots=59 reboundBones=0 reboundMeshes=0 pending=3 restPose=111 quiet=555 latched=0
[HEAD_REBIND] member='player2' targets=17 slots=7 reboundBones=0 reboundMeshes=0 pending=2 restPose=107 quiet=555 latched=0
[HEAD_REBIND] member='player3' targets=18 slots=9 reboundBones=0 reboundMeshes=0 pending=1 restPose=111 quiet=556 latched=0
[HEAD_REBIND] member='player0' targets=18 slots=11 reboundBones=0 reboundMeshes=0 pending=2 restPose=105 quiet=556 latched=0
[HEAD_REBIND] member='player1' targets=19 slots=59 reboundBones=0 reboundMeshes=0 pending=3 restPose=111 quiet=556 latched=0
[HEAD_REBIND] member='player2' targets=17 slots=7 reboundBones=0 reboundMeshes=0 pending=2 restPose=107 quiet=556 latched=0
[HEAD_REBIND] member='player3' targets=18 slots=9 reboundBones=0 reboundMeshes=0 pending=1 restPose=111 quiet=557 latched=0
[HEAD_REBIND] member='player0' targets=18 slots=11 reboundBones=0 reboundMeshes=0 pending=2 restPose=105 quiet=557 latched=0
[HEAD_REBIND] member='player1' targets=19 slots=59 reboundBones=0 reboundMeshes=0 pending=3 restPose=111 quiet=557 latched=0
[HEAD_REBIND] member='player2' targets=17 slots=7 reboundBones=0 reboundMeshes=0 pending=2 restPose=107 quiet=557 latched=0
[HEAD_REBIND] member='player3' targets=18 slots=9 reboundBones=0 reboundMeshes=0 pending=1 restPose=111 quiet=558 latched=0
[HEAD_REBIND] member='player0' targets=18 slots=11 reboundBones=0 reboundMeshes=0 pending=2 restPose=105 quiet=558 latched=0
[HEAD_REBIND] member='player1' targets=19 slots=59 reboundBones=0 reboundMeshes=0 pending=3 restPose=111 quiet=558 latched=0
[HEAD_REBIND] member='player2' targets=17 slots=7 reboundBones=0 reboundMeshes=0 pending=2 restPose=107 quiet=558 latched=0
[HEAD_REBIND] member='player3' targets=18 slots=9 reboundBones=0 reboundMeshes=0 pending=1 restPose=111 quiet=559 latched=0
[HEAD_REBIND] member='player0' targets=18 slots=11 reboundBones=0 reboundMeshes=0 pending=2 restPose=105 quiet=559 latched=0
[HEAD_REBIND] member='player1' targets=19 slots=59 reboundBones=0 reboundMeshes=0 pending=3 restPose=111 quiet=559 latched=0
[HEAD_REBIND] member='player2' targets=17 slots=7 reboundBones=0 reboundMeshes=0 pending=2 restPose=107 quiet=559 latched=0
[HEAD_REBIND] member='player3' targets=18 slots=9 reboundBones=0 reboundMeshes=0 pending=1 restPose=111 quiet=560 latched=0
[HEAD_REBIND] member='player0' targets=18 slots=11 reboundBones=0 reboundMeshes=0 pending=2 restPose=105 quiet=560 latched=0
[HEAD_REBIND] member='player1' targets=19 slots=59 reboundBones=0 reboundMeshes=0 pending=3 restPose=111 quiet=560 latched=0
[HEAD_REBIND] member='player2' targets=17 slots=7 reboundBones=0 reboundMeshes=0 pending=2 restPose=107 quiet=560 latched=0
[HEAD_REBIND] member='player3' targets=18 slots=9 reboundBones=0 reboundMeshes=0 pending=1 restPose=111 quiet=561 latched=0
[HEAD_REBIND] member='player0' targets=18 slots=11 reboundBones=0 reboundMeshes=0 pending=2 restPose=105 quiet=561 latched=0
[HEAD_REBIND] member='player1' targets=19 slots=59 reboundBones=0 reboundMeshes=0 pending=3 restPose=111 quiet=561 latched=0
[HEAD_REBIND] member='player2' targets=17 slots=7 reboundBones=0 reboundMeshes=0 pending=2 restPose=107 quiet=561 latched=0
[HEAD_REBIND] member='player3' targets=18 slots=9 reboundBones=0 reboundMeshes=0 pending=1 restPose=111 quiet=562 latched=0
[HEAD_REBIND] member='player0' targets=18 slots=11 reboundBones=0 reboundMeshes=0 pending=2 restPose=105 quiet=562 latched=0
[HEAD_REBIND] member='player1' targets=19 slots=59 reboundBones=0 reboundMeshes=0 pending=3 restPose=111 quiet=562 latched=0
[HEAD_REBIND] member='player2' targets=17 slots=7 reboundBones=0 reboundMeshes=0 pending=2 restPose=107 quiet=562 latched=0
[HEAD_REBIND] member='player3' targets=18 slots=9 reboundBones=0 reboundMeshes=0 pending=1 restPose=111 quiet=563 latched=0
[HEAD_REBIND] member='player0' targets=18 slots=11 reboundBones=0 reboundMeshes=0 pending=2 restPose=105 quiet=563 latched=0
[HEAD_REBIND] member='player1' targets=19 slots=59 reboundBones=0 reboundMeshes=0 pending=3 restPose=111 quiet=563 latched=0
[HEAD_REBIND] member='player2' targets=17 slots=7 reboundBones=0 reboundMeshes=0 pending=2 restPose=107 quiet=563 latched=0
[HEAD_REBIND] member='player3' targets=18 slots=9 reboundBones=0 reboundMeshes=0 pending=1 restPose=111 quiet=564 latched=0
[HEAD_REBIND] member='player0' targets=18 slots=11 reboundBones=0 reboundMeshes=0 pending=2 restPose=105 quiet=564 latched=0
[HEAD_REBIND] member='player1' targets=19 slots=59 reboundBones=0 reboundMeshes=0 pending=3 restPose=111 quiet=564 latched=0
[HEAD_REBIND] member='player2' targets=17 slots=7 reboundBones=0 reboundMeshes=0 pending=2 restPose=107 quiet=564 latched=0
[HEAD_REBIND] member='player3' targets=18 slots=9 reboundBones=0 reboundMeshes=0 pending=1 restPose=111 quiet=565 latched=0
[HEAD_REBIND] member='player0' targets=18 slots=11 reboundBones=0 reboundMeshes=0 pending=2 restPose=105 quiet=565 latched=0
[HEAD_REBIND] member='player1' targets=19 slots=59 reboundBones=0 reboundMeshes=0 pending=3 restPose=111 quiet=565 latched=0
[HEAD_REBIND] member='player2' targets=17 slots=7 reboundBones=0 reboundMeshes=0 pending=2 restPose=107 quiet=565 latched=0
[HEAD_REBIND] member='player3' targets=18 slots=9 reboundBones=0 reboundMeshes=0 pending=1 restPose=111 quiet=566 latched=0
[HEAD_REBIND] member='player0' targets=18 slots=11 reboundBones=0 reboundMeshes=0 pending=2 restPose=105 quiet=566 latched=0
[HEAD_REBIND] member='player1' targets=19 slots=59 reboundBones=0 reboundMeshes=0 pending=3 restPose=111 quiet=566 latched=0
[HEAD_REBIND] member='player2' targets=17 slots=7 reboundBones=0 reboundMeshes=0 pending=2 restPose=107 quiet=566 latched=0
[HEAD_REBIND] member='player3' targets=18 slots=9 reboundBones=0 reboundMeshes=0 pending=1 restPose=111 quiet=567 latched=0
[HEAD_REBIND] member='player0' targets=18 slots=11 reboundBones=0 reboundMeshes=0 pending=2 restPose=105 quiet=567 latched=0
[HEAD_REBIND] member='player1' targets=19 slots=59 reboundBones=0 reboundMeshes=0 pending=3 restPose=111 quiet=567 latched=0
[HEAD_REBIND] member='player2' targets=17 slots=7 reboundBones=0 reboundMeshes=0 pending=2 restPose=107 quiet=567 latched=0
[HEAD_REBIND] member='player3' targets=18 slots=9 reboundBones=0 reboundMeshes=0 pending=1 restPose=111 quiet=568 latched=0
[HEAD_REBIND] member='player0' targets=18 slots=11 reboundBones=0 reboundMeshes=0 pending=2 restPose=105 quiet=568 latched=0
[HEAD_REBIND] member='player1' targets=19 slots=59 reboundBones=0 reboundMeshes=0 pending=3 restPose=111 quiet=568 latched=0
[HEAD_REBIND] member='player2' targets=17 slots=7 reboundBones=0 reboundMeshes=0 pending=2 restPose=107 quiet=568 latched=0
[HEAD_REBIND] member='player3' targets=18 slots=9 reboundBones=0 reboundMeshes=0 pending=1 restPose=111 quiet=569 latched=0
[HEAD_REBIND] member='player0' targets=18 slots=11 reboundBones=0 reboundMeshes=0 pending=2 restPose=105 quiet=569 latched=0
[HEAD_REBIND] member='player1' targets=19 slots=59 reboundBones=0 reboundMeshes=0 pending=3 restPose=111 quiet=569 latched=0
[HEAD_REBIND] member='player2' targets=17 slots=7 reboundBones=0 reboundMeshes=0 pending=2 restPose=107 quiet=569 latched=0
[HEAD_REBIND] member='player3' targets=18 slots=9 reboundBones=0 reboundMeshes=0 pending=1 restPose=111 quiet=570 latched=0
[HEAD_REBIND] member='player0' targets=18 slots=11 reboundBones=0 reboundMeshes=0 pending=2 restPose=105 quiet=570 latched=0
[HEAD_REBIND] member='player1' targets=19 slots=59 reboundBones=0 reboundMeshes=0 pending=3 restPose=111 quiet=570 latched=0
[HEAD_REBIND] member='player2' targets=17 slots=7 reboundBones=0 reboundMeshes=0 pending=2 restPose=107 quiet=570 latched=0
[HEAD_REBIND] member='player3' targets=18 slots=9 reboundBones=0 reboundMeshes=0 pending=1 restPose=111 quiet=571 latched=0
[HEAD_REBIND] member='player0' targets=18 slots=11 reboundBones=0 reboundMeshes=0 pending=2 restPose=105 quiet=571 latched=0
[HEAD_REBIND] member='player1' targets=19 slots=59 reboundBones=0 reboundMeshes=0 pending=3 restPose=111 quiet=571 latched=0
[HEAD_REBIND] member='player2' targets=17 slots=7 reboundBones=0 reboundMeshes=0 pending=2 restPose=107 quiet=571 latched=0
[HEAD_REBIND] member='player3' targets=18 slots=9 reboundBones=0 reboundMeshes=0 pending=1 restPose=111 quiet=572 latched=0
[HEAD_REBIND] member='player0' targets=18 slots=11 reboundBones=0 reboundMeshes=0 pending=2 restPose=105 quiet=572 latched=0
[HEAD_REBIND] member='player1' targets=19 slots=59 reboundBones=0 reboundMeshes=0 pending=3 restPose=111 quiet=572 latched=0
[HEAD_REBIND] member='player2' targets=17 slots=7 reboundBones=0 reboundMeshes=0 pending=2 restPose=107 quiet=572 latched=0
[HEAD_REBIND] member='player3' targets=18 slots=9 reboundBones=0 reboundMeshes=0 pending=1 restPose=111 quiet=573 latched=0
[HEAD_REBIND] member='player0' targets=18 slots=11 reboundBones=0 reboundMeshes=0 pending=2 restPose=105 quiet=573 latched=0
[HEAD_REBIND] member='player1' targets=19 slots=59 reboundBones=0 reboundMeshes=0 pending=3 restPose=111 quiet=573 latched=0
[HEAD_REBIND] member='player2' targets=17 slots=7 reboundBones=0 reboundMeshes=0 pending=2 restPose=107 quiet=573 latched=0
[HEAD_REBIND] member='player3' targets=18 slots=9 reboundBones=0 reboundMeshes=0 pending=1 restPose=111 quiet=574 latched=0
[HEAD_REBIND] member='player0' targets=18 slots=11 reboundBones=0 reboundMeshes=0 pending=2 restPose=105 quiet=574 latched=0
[HEAD_REBIND] member='player1' targets=19 slots=59 reboundBones=0 reboundMeshes=0 pending=3 restPose=111 quiet=574 latched=0
[HEAD_REBIND] member='player2' targets=17 slots=7 reboundBones=0 reboundMeshes=0 pending=2 restPose=107 quiet=574 latched=0
[HEAD_REBIND] member='player3' targets=18 slots=9 reboundBones=0 reboundMeshes=0 pending=1 restPose=111 quiet=575 latched=0
[HEAD_REBIND] member='player0' targets=18 slots=11 reboundBones=0 reboundMeshes=0 pending=2 restPose=105 quiet=575 latched=0
[HEAD_REBIND] member='player1' targets=19 slots=59 reboundBones=0 reboundMeshes=0 pending=3 restPose=111 quiet=575 latched=0
[HEAD_REBIND] member='player2' targets=17 slots=7 reboundBones=0 reboundMeshes=0 pending=2 restPose=107 quiet=575 latched=0
[HEAD_REBIND] member='player3' targets=18 slots=9 reboundBones=0 reboundMeshes=0 pending=1 restPose=111 quiet=576 latched=0
[HEAD_REBIND] member='player0' targets=18 slots=11 reboundBones=0 reboundMeshes=0 pending=2 restPose=105 quiet=576 latched=0
[HEAD_REBIND] member='player1' targets=19 slots=59 reboundBones=0 reboundMeshes=0 pending=3 restPose=111 quiet=576 latched=0
[HEAD_REBIND] member='player2' targets=17 slots=7 reboundBones=0 reboundMeshes=0 pending=2 restPose=107 quiet=576 latched=0
[HEAD_REBIND] member='player3' targets=18 slots=9 reboundBones=0 reboundMeshes=0 pending=1 restPose=111 quiet=577 latched=0
[HEAD_REBIND] member='player0' targets=18 slots=11 reboundBones=0 reboundMeshes=0 pending=2 restPose=105 quiet=577 latched=0
[HEAD_REBIND] member='player1' targets=19 slots=59 reboundBones=0 reboundMeshes=0 pending=3 restPose=111 quiet=577 latched=0
[HEAD_REBIND] member='player2' targets=17 slots=7 reboundBones=0 reboundMeshes=0 pending=2 restPose=107 quiet=577 latched=0
[HEAD_REBIND] member='player3' targets=18 slots=9 reboundBones=0 reboundMeshes=0 pending=1 restPose=111 quiet=578 latched=0
[HEAD_REBIND] member='player0' targets=18 slots=11 reboundBones=0 reboundMeshes=0 pending=2 restPose=105 quiet=578 latched=0
[HEAD_REBIND] member='player1' targets=19 slots=59 reboundBones=0 reboundMeshes=0 pending=3 restPose=111 quiet=578 latched=0
[HEAD_REBIND] member='player2' targets=17 slots=7 reboundBones=0 reboundMeshes=0 pending=2 restPose=107 quiet=578 latched=0
[HEAD_REBIND] member='player3' targets=18 slots=9 reboundBones=0 reboundMeshes=0 pending=1 restPose=111 quiet=579 latched=0
[HEAD_REBIND] member='player0' targets=18 slots=11 reboundBones=0 reboundMeshes=0 pending=2 restPose=105 quiet=579 latched=0
[HEAD_REBIND] member='player1' targets=19 slots=59 reboundBones=0 reboundMeshes=0 pending=3 restPose=111 quiet=579 latched=0
[HEAD_REBIND] member='player2' targets=17 slots=7 reboundBones=0 reboundMeshes=0 pending=2 restPose=107 quiet=579 latched=0
[HEAD_REBIND] member='player3' targets=18 slots=9 reboundBones=0 reboundMeshes=0 pending=1 restPose=111 quiet=580 latched=0
[HEAD_REBIND] member='player0' targets=18 slots=11 reboundBones=0 reboundMeshes=0 pending=2 restPose=105 quiet=580 latched=0
[HEAD_REBIND] member='player1' targets=19 slots=59 reboundBones=0 reboundMeshes=0 pending=3 restPose=111 quiet=580 latched=0
[HEAD_REBIND] member='player2' targets=17 slots=7 reboundBones=0 reboundMeshes=0 pending=2 restPose=107 quiet=580 latched=0
[HEAD_REBIND] member='player3' targets=18 slots=9 reboundBones=0 reboundMeshes=0 pending=1 restPose=111 quiet=581 latched=0
[HEAD_REBIND] member='player0' targets=18 slots=11 reboundBones=0 reboundMeshes=0 pending=2 restPose=105 quiet=581 latched=0
[HEAD_REBIND] member='player1' targets=19 slots=59 reboundBones=0 reboundMeshes=0 pending=3 restPose=111 quiet=581 latched=0
[HEAD_REBIND] member='player2' targets=17 slots=7 reboundBones=0 reboundMeshes=0 pending=2 restPose=107 quiet=581 latched=0
[HEAD_REBIND] member='player3' targets=18 slots=9 reboundBones=0 reboundMeshes=0 pending=1 restPose=111 quiet=582 latched=0
[HEAD_REBIND] member='player0' targets=18 slots=11 reboundBones=0 reboundMeshes=0 pending=2 restPose=105 quiet=582 latched=0
[HEAD_REBIND] member='player1' targets=19 slots=59 reboundBones=0 reboundMeshes=0 pending=3 restPose=111 quiet=582 latched=0
[HEAD_REBIND] member='player2' targets=17 slots=7 reboundBones=0 reboundMeshes=0 pending=2 restPose=107 quiet=582 latched=0
[HEAD_REBIND] member='player3' targets=18 slots=9 reboundBones=0 reboundMeshes=0 pending=1 restPose=111 quiet=583 latched=0
[HEAD_REBIND] member='player0' targets=18 slots=11 reboundBones=0 reboundMeshes=0 pending=2 restPose=105 quiet=583 latched=0
[HEAD_REBIND] member='player1' targets=19 slots=59 reboundBones=0 reboundMeshes=0 pending=3 restPose=111 quiet=583 latched=0
[HEAD_REBIND] member='player2' targets=17 slots=7 reboundBones=0 reboundMeshes=0 pending=2 restPose=107 quiet=583 latched=0
[HEAD_REBIND] member='player3' targets=18 slots=9 reboundBones=0 reboundMeshes=0 pending=1 restPose=111 quiet=584 latched=0
[HEAD_REBIND] member='player0' targets=18 slots=11 reboundBones=0 reboundMeshes=0 pending=2 restPose=105 quiet=584 latched=0
[HEAD_REBIND] member='player1' targets=19 slots=59 reboundBones=0 reboundMeshes=0 pending=3 restPose=111 quiet=584 latched=0
[HEAD_REBIND] member='player2' targets=17 slots=7 reboundBones=0 reboundMeshes=0 pending=2 restPose=107 quiet=584 latched=0
[HEAD_REBIND] member='player3' targets=18 slots=9 reboundBones=0 reboundMeshes=0 pending=1 restPose=111 quiet=585 latched=0
[HEAD_REBIND] member='player0' targets=18 slots=11 reboundBones=0 reboundMeshes=0 pending=2 restPose=105 quiet=585 latched=0
[HEAD_REBIND] member='player1' targets=19 slots=59 reboundBones=0 reboundMeshes=0 pending=3 restPose=111 quiet=585 latched=0
[HEAD_REBIND] member='player2' targets=17 slots=7 reboundBones=0 reboundMeshes=0 pending=2 restPose=107 quiet=585 latched=0
[HEAD_REBIND] member='player3' targets=18 slots=9 reboundBones=0 reboundMeshes=0 pending=1 restPose=111 quiet=586 latched=0
[HEAD_REBIND] member='player0' targets=18 slots=11 reboundBones=0 reboundMeshes=0 pending=2 restPose=105 quiet=586 latched=0
[HEAD_REBIND] member='player1' targets=19 slots=59 reboundBones=0 reboundMeshes=0 pending=3 restPose=111 quiet=586 latched=0
[HEAD_REBIND] member='player2' targets=17 slots=7 reboundBones=0 reboundMeshes=0 pending=2 restPose=107 quiet=586 latched=0
[HEAD_REBIND] member='player3' targets=18 slots=9 reboundBones=0 reboundMeshes=0 pending=1 restPose=111 quiet=587 latched=0
[HEAD_REBIND] member='player0' targets=18 slots=11 reboundBones=0 reboundMeshes=0 pending=2 restPose=105 quiet=587 latched=0
[HEAD_REBIND] member='player1' targets=19 slots=59 reboundBones=0 reboundMeshes=0 pending=3 restPose=111 quiet=587 latched=0
[HEAD_REBIND] member='player2' targets=17 slots=7 reboundBones=0 reboundMeshes=0 pending=2 restPose=107 quiet=587 latched=0
[HEAD_REBIND] member='player3' targets=18 slots=9 reboundBones=0 reboundMeshes=0 pending=1 restPose=111 quiet=588 latched=0
[HEAD_REBIND] member='player0' targets=18 slots=11 reboundBones=0 reboundMeshes=0 pending=2 restPose=105 quiet=588 latched=0
[HEAD_REBIND] member='player1' targets=19 slots=59 reboundBones=0 reboundMeshes=0 pending=3 restPose=111 quiet=588 latched=0
[HEAD_REBIND] member='player2' targets=17 slots=7 reboundBones=0 reboundMeshes=0 pending=2 restPose=107 quiet=588 latched=0
[HEAD_REBIND] member='player3' targets=18 slots=9 reboundBones=0 reboundMeshes=0 pending=1 restPose=111 quiet=589 latched=0
[HEAD_REBIND] member='player0' targets=18 slots=11 reboundBones=0 reboundMeshes=0 pending=2 restPose=105 quiet=589 latched=0
[HEAD_REBIND] member='player1' targets=19 slots=59 reboundBones=0 reboundMeshes=0 pending=3 restPose=111 quiet=589 latched=0
[HEAD_REBIND] member='player2' targets=17 slots=7 reboundBones=0 reboundMeshes=0 pending=2 restPose=107 quiet=589 latched=0
[HEAD_REBIND] member='player3' targets=18 slots=9 reboundBones=0 reboundMeshes=0 pending=1 restPose=111 quiet=590 latched=0
[HEAD_REBIND] member='player0' targets=18 slots=11 reboundBones=0 reboundMeshes=0 pending=2 restPose=105 quiet=590 latched=0
[HEAD_REBIND] member='player1' targets=19 slots=59 reboundBones=0 reboundMeshes=0 pending=3 restPose=111 quiet=590 latched=0
[HEAD_REBIND] member='player2' targets=17 slots=7 reboundBones=0 reboundMeshes=0 pending=2 restPose=107 quiet=590 latched=0
[HEAD_REBIND] member='player3' targets=18 slots=9 reboundBones=0 reboundMeshes=0 pending=1 restPose=111 quiet=591 latched=0
[HEAD_REBIND] member='player0' targets=18 slots=11 reboundBones=0 reboundMeshes=0 pending=2 restPose=105 quiet=591 latched=0
[HEAD_REBIND] member='player1' targets=19 slots=59 reboundBones=0 reboundMeshes=0 pending=3 restPose=111 quiet=591 latched=0
[HEAD_REBIND] member='player2' targets=17 slots=7 reboundBones=0 reboundMeshes=0 pending=2 restPose=107 quiet=591 latched=0
[HEAD_REBIND] member='player3' targets=18 slots=9 reboundBones=0 reboundMeshes=0 pending=1 restPose=111 quiet=592 latched=0
[HEAD_REBIND] member='player0' targets=18 slots=11 reboundBones=0 reboundMeshes=0 pending=2 restPose=105 quiet=592 latched=0
[HEAD_REBIND] member='player1' targets=19 slots=59 reboundBones=0 reboundMeshes=0 pending=3 restPose=111 quiet=592 latched=0
[HEAD_REBIND] member='player2' targets=17 slots=7 reboundBones=0 reboundMeshes=0 pending=2 restPose=107 quiet=592 latched=0
[HEAD_REBIND] member='player3' targets=18 slots=9 reboundBones=0 reboundMeshes=0 pending=1 restPose=111 quiet=593 latched=0
[HEAD_REBIND] member='player0' targets=18 slots=11 reboundBones=0 reboundMeshes=0 pending=2 restPose=105 quiet=593 latched=0
[HEAD_REBIND] member='player1' targets=19 slots=59 reboundBones=0 reboundMeshes=0 pending=3 restPose=111 quiet=593 latched=0
[HEAD_REBIND] member='player2' targets=17 slots=7 reboundBones=0 reboundMeshes=0 pending=2 restPose=107 quiet=593 latched=0
[HEAD_REBIND] member='player3' targets=18 slots=9 reboundBones=0 reboundMeshes=0 pending=1 restPose=111 quiet=594 latched=0
[HEAD_REBIND] member='player0' targets=18 slots=11 reboundBones=0 reboundMeshes=0 pending=2 restPose=105 quiet=594 latched=0
[HEAD_REBIND] member='player1' targets=19 slots=59 reboundBones=0 reboundMeshes=0 pending=3 restPose=111 quiet=594 latched=0
[HEAD_REBIND] member='player2' targets=17 slots=7 reboundBones=0 reboundMeshes=0 pending=2 restPose=107 quiet=594 latched=0
[HEAD_REBIND] member='player3' targets=18 slots=9 reboundBones=0 reboundMeshes=0 pending=1 restPose=111 quiet=595 latched=0
[HEAD_REBIND] member='player0' targets=18 slots=11 reboundBones=0 reboundMeshes=0 pending=2 restPose=105 quiet=595 latched=0
[HEAD_REBIND] member='player1' targets=19 slots=59 reboundBones=0 reboundMeshes=0 pending=3 restPose=111 quiet=595 latched=0
[HEAD_REBIND] member='player2' targets=17 slots=7 reboundBones=0 reboundMeshes=0 pending=2 restPose=107 quiet=595 latched=0
[HEAD_REBIND] member='player3' targets=18 slots=9 reboundBones=0 reboundMeshes=0 pending=1 restPose=111 quiet=596 latched=0
[HEAD_REBIND] member='player0' targets=18 slots=11 reboundBones=0 reboundMeshes=0 pending=2 restPose=105 quiet=596 latched=0
[HEAD_REBIND] member='player1' targets=19 slots=59 reboundBones=0 reboundMeshes=0 pending=3 restPose=111 quiet=596 latched=0
[HEAD_REBIND] member='player2' targets=17 slots=7 reboundBones=0 reboundMeshes=0 pending=2 restPose=107 quiet=596 latched=0
[HEAD_REBIND] member='player3' targets=18 slots=9 reboundBones=0 reboundMeshes=0 pending=1 restPose=111 quiet=597 latched=0
[HEAD_REBIND] member='player0' targets=18 slots=11 reboundBones=0 reboundMeshes=0 pending=2 restPose=105 quiet=597 latched=0
[HEAD_REBIND] member='player1' targets=19 slots=59 reboundBones=0 reboundMeshes=0 pending=3 restPose=111 quiet=597 latched=0
[HEAD_REBIND] member='player2' targets=17 slots=7 reboundBones=0 reboundMeshes=0 pending=2 restPose=107 quiet=597 latched=0
[HEAD_REBIND] member='player3' targets=18 slots=9 reboundBones=0 reboundMeshes=0 pending=1 restPose=111 quiet=598 latched=0
[HEAD_REBIND] member='player0' targets=18 slots=11 reboundBones=0 reboundMeshes=0 pending=2 restPose=105 quiet=598 latched=0
[HEAD_REBIND] member='player1' targets=19 slots=59 reboundBones=0 reboundMeshes=0 pending=3 restPose=111 quiet=598 latched=0
[HEAD_REBIND] member='player2' targets=17 slots=7 reboundBones=0 reboundMeshes=0 pending=2 restPose=107 quiet=598 latched=0
[HEAD_REBIND] member='player3' targets=18 slots=9 reboundBones=0 reboundMeshes=0 pending=1 restPose=111 quiet=599 latched=0
[HEAD_REBIND] member='player0' targets=18 slots=11 reboundBones=0 reboundMeshes=0 pending=2 restPose=105 quiet=599 latched=0
[HEAD_REBIND] member='player1' targets=19 slots=59 reboundBones=0 reboundMeshes=0 pending=3 restPose=111 quiet=599 latched=0
[HEAD_REBIND] member='player2' targets=17 slots=7 reboundBones=0 reboundMeshes=0 pending=2 restPose=107 quiet=599 latched=0
[HEAD_REBIND] member='player3' targets=18 slots=9 reboundBones=0 reboundMeshes=0 pending=1 restPose=111 quiet=600 latched=1
[HEAD_REBIND] member='player0' targets=18 slots=11 reboundBones=0 reboundMeshes=0 pending=2 restPose=105 quiet=600 latched=1
[HEAD_REBIND] member='player1' targets=19 slots=59 reboundBones=0 reboundMeshes=0 pending=3 restPose=111 quiet=600 latched=1
[HEAD_REBIND] member='player2' targets=17 slots=7 reboundBones=0 reboundMeshes=0 pending=2 restPose=107 quiet=600 latched=1
[HEAD_REBIND] member='player0' targets=18 slots=11 reboundBones=0 reboundMeshes=0 pending=2 restPose=105 quiet=1 latched=0
[HEAD_REBIND] member='player1' targets=19 slots=59 reboundBones=0 reboundMeshes=0 pending=3 restPose=111 quiet=1 latched=0
[HEAD_REBIND] member='player2' targets=17 slots=7 reboundBones=0 reboundMeshes=0 pending=2 restPose=107 quiet=1 latched=0
[HEAD_REBIND] member='player3' targets=18 slots=9 reboundBones=0 reboundMeshes=0 pending=1 restPose=111 quiet=1 latched=0
[HEAD_REBIND] member='player0' targets=18 slots=11 reboundBones=0 reboundMeshes=0 pending=2 restPose=105 quiet=2 latched=0
[HEAD_REBIND] member='player1' targets=19 slots=59 reboundBones=0 reboundMeshes=0 pending=3 restPose=111 quiet=2 latched=0
[HEAD_REBIND] member='player2' targets=17 slots=7 reboundBones=0 reboundMeshes=0 pending=2 restPose=107 quiet=2 latched=0
[HEAD_REBIND] member='player3' targets=18 slots=9 reboundBones=0 reboundMeshes=0 pending=1 restPose=111 quiet=2 latched=0
[CHAR_MESH] char='player3' mesh='tongue.mesh' bones=4 rebound=1 shared=0
[CHAR_MESH] char='player3' mesh='head.mesh' bones=39 rebound=1 shared=0
[CHAR_MESH] char='player3' mesh='upperteeth.mesh' bones=1 rebound=1 shared=0
[CHAR_MESH] char='player3' mesh='visor_resource.mesh' bones=9 rebound=0 shared=0
[CHAR_MESH] char='player3' mesh='eyes.mesh' bones=2 rebound=1 shared=0
[CHAR_MESH] char='player3' mesh='female_eyebrows_09_resource.mesh' bones=6 rebound=1 shared=0
[CHAR_MESH] char='player3' mesh='lowerteeth.mesh' bones=1 rebound=1 shared=0
[CHAR_MESH] char='player3' mesh='clearcoat_resource.mesh' bones=25 rebound=1 shared=0
[CHAR_MESH] char='player3' mesh='clearcoat_shirt.mesh' bones=16 rebound=1 shared=0
[CHAR_MESH] char='player3' mesh='clearcoat_resource.2.mesh' bones=3 rebound=1 shared=0
[CHAR_MESH] char='player3' mesh='clearcoat_skin.1.mesh' bones=23 rebound=1 shared=0
[CHAR_MESH] char='player3' mesh='clearcoat_resource.1.mesh' bones=25 rebound=1 shared=0
[CHAR_MESH] char='player3' mesh='bikinistockings_resource.mesh' bones=5 rebound=1 shared=0
[CHAR_MESH] char='player3' mesh='bikinistockings_skin.2.mesh' bones=5 rebound=1 shared=0
[CHAR_MESH] char='player3' mesh='thighboots_resource.mesh' bones=6 rebound=1 shared=0
[CHAR_MESH] char='player3' mesh='gloves_resource.1.mesh' bones=4 rebound=1 shared=0
[CHAR_MESH] char='player3' mesh='gloves_resource.mesh' bones=40 rebound=1 shared=0
[CHAR_MESH] char='player3' mesh='gloves_skin.2.mesh' bones=9 rebound=1 shared=0
[SKEL_REBIND] member='player3' path='player3 (char/main/main.milo)' skinMeshes=0 slots=0 reboundDiff=0 same=0 nullOwn=0
[CHAR_MESH] char='player3' mesh='tongue.mesh' bones=4 rebound=1 shared=0
[CHAR_MESH] char='player3' mesh='head.mesh' bones=39 rebound=1 shared=0
[CHAR_MESH] char='player3' mesh='upperteeth.mesh' bones=1 rebound=1 shared=0
[CHAR_MESH] char='player3' mesh='visor_resource.mesh' bones=9 rebound=0 shared=0
[CHAR_MESH] char='player3' mesh='eyes.mesh' bones=2 rebound=1 shared=0
[CHAR_MESH] char='player3' mesh='female_eyebrows_09_resource.mesh' bones=6 rebound=1 shared=0
[CHAR_MESH] char='player3' mesh='lowerteeth.mesh' bones=1 rebound=1 shared=0
[CHAR_MESH] char='player3' mesh='clearcoat_resource.mesh' bones=25 rebound=1 shared=0
[CHAR_MESH] char='player3' mesh='clearcoat_shirt.mesh' bones=16 rebound=1 shared=0
[CHAR_MESH] char='player3' mesh='clearcoat_resource.2.mesh' bones=3 rebound=1 shared=0
[CHAR_MESH] char='player3' mesh='clearcoat_skin.1.mesh' bones=23 rebound=1 shared=0
[CHAR_MESH] char='player3' mesh='clearcoat_resource.1.mesh' bones=25 rebound=1 shared=0
[CHAR_MESH] char='player3' mesh='bikinistockings_resource.mesh' bones=5 rebound=1 shared=0
[CHAR_MESH] char='player3' mesh='bikinistockings_skin.2.mesh' bones=5 rebound=1 shared=0
[CHAR_MESH] char='player3' mesh='thighboots_resource.mesh' bones=6 rebound=1 shared=0
[CHAR_MESH] char='player3' mesh='gloves_resource.1.mesh' bones=4 rebound=1 shared=0
[CHAR_MESH] char='player3' mesh='gloves_resource.mesh' bones=40 rebound=1 shared=0
[CHAR_MESH] char='player3' mesh='gloves_skin.2.mesh' bones=9 rebound=1 shared=0
[SKEL_REBIND] member='player3' path='player3 (char/main/main.milo)' skinMeshes=0 slots=0 reboundDiff=0 same=0 nullOwn=0
[CHAR_MESH] char='player3' mesh='tongue.mesh' bones=4 rebound=1 shared=0
[CHAR_MESH] char='player3' mesh='head.mesh' bones=39 rebound=1 shared=0
[CHAR_MESH] char='player3' mesh='upperteeth.mesh' bones=1 rebound=1 shared=0
[CHAR_MESH] char='player3' mesh='visor_resource.mesh' bones=9 rebound=0 shared=0
[CHAR_MESH] char='player3' mesh='eyes.mesh' bones=2 rebound=1 shared=0
[CHAR_MESH] char='player3' mesh='female_eyebrows_09_resource.mesh' bones=6 rebound=1 shared=0
[CHAR_MESH] char='player3' mesh='lowerteeth.mesh' bones=1 rebound=1 shared=0
[CHAR_MESH] char='player3' mesh='clearcoat_resource.mesh' bones=25 rebound=1 shared=0
[CHAR_MESH] char='player3' mesh='clearcoat_shirt.mesh' bones=16 rebound=1 shared=0
[CHAR_MESH] char='player3' mesh='clearcoat_resource.2.mesh' bones=3 rebound=1 shared=0
[CHAR_MESH] char='player3' mesh='clearcoat_skin.1.mesh' bones=23 rebound=1 shared=0
[CHAR_MESH] char='player3' mesh='clearcoat_resource.1.mesh' bones=25 rebound=1 shared=0
[CHAR_MESH] char='player3' mesh='bikinistockings_resource.mesh' bones=5 rebound=1 shared=0
[CHAR_MESH] char='player3' mesh='bikinistockings_skin.2.mesh' bones=5 rebound=1 shared=0
[CHAR_MESH] char='player3' mesh='thighboots_resource.mesh' bones=6 rebound=1 shared=0
[CHAR_MESH] char='player3' mesh='gloves_resource.1.mesh' bones=4 rebound=1 shared=0
[CHAR_MESH] char='player3' mesh='gloves_resource.mesh' bones=40 rebound=1 shared=0
[CHAR_MESH] char='player3' mesh='gloves_skin.2.mesh' bones=9 rebound=1 shared=0
[SKEL_REBIND] member='player3' path='player3 (char/main/main.milo)' skinMeshes=0 slots=0 reboundDiff=0 same=0 nullOwn=0
[CHAR_MESH] char='player3' mesh='tongue.mesh' bones=4 rebound=1 shared=0
[CHAR_MESH] char='player3' mesh='head.mesh' bones=39 rebound=1 shared=0
[CHAR_MESH] char='player3' mesh='upperteeth.mesh' bones=1 rebound=1 shared=0
[CHAR_MESH] char='player3' mesh='visor_resource.mesh' bones=9 rebound=0 shared=0
[CHAR_MESH] char='player3' mesh='eyes.mesh' bones=2 rebound=1 shared=0
[CHAR_MESH] char='player3' mesh='female_eyebrows_09_resource.mesh' bones=6 rebound=1 shared=0
[CHAR_MESH] char='player3' mesh='lowerteeth.mesh' bones=1 rebound=1 shared=0
[CHAR_MESH] char='player3' mesh='clearcoat_resource.mesh' bones=25 rebound=1 shared=0
[CHAR_MESH] char='player3' mesh='clearcoat_shirt.mesh' bones=16 rebound=1 shared=0
[CHAR_MESH] char='player3' mesh='clearcoat_resource.2.mesh' bones=3 rebound=1 shared=0
[CHAR_MESH] char='player3' mesh='clearcoat_skin.1.mesh' bones=23 rebound=1 shared=0
[CHAR_MESH] char='player3' mesh='clearcoat_resource.1.mesh' bones=25 rebound=1 shared=0
[CHAR_MESH] char='player3' mesh='bikinistockings_resource.mesh' bones=5 rebound=1 shared=0
[CHAR_MESH] char='player3' mesh='bikinistockings_skin.2.mesh' bones=5 rebound=1 shared=0
[CHAR_MESH] char='player3' mesh='thighboots_resource.mesh' bones=6 rebound=1 shared=0
[CHAR_MESH] char='player3' mesh='gloves_resource.1.mesh' bones=4 rebound=1 shared=0
[CHAR_MESH] char='player3' mesh='gloves_resource.mesh' bones=40 rebound=1 shared=0
[CHAR_MESH] char='player3' mesh='gloves_skin.2.mesh' bones=9 rebound=1 shared=0
[SKEL_REBIND] member='player3' path='player3 (char/main/main.milo)' skinMeshes=0 slots=0 reboundDiff=0 same=0 nullOwn=0
[CHAR_MESH] char='player1' mesh='fingernails_resource.mesh' bones=10 rebound=1 shared=0
[CHAR_MESH] char='player1' mesh='ladyfro_resource.mesh' bones=1 rebound=1 shared=0
[CHAR_MESH] char='player1' mesh='tongue.mesh' bones=4 rebound=1 shared=0
[CHAR_MESH] char='player1' mesh='head.mesh' bones=39 rebound=1 shared=0
[CHAR_MESH] char='player1' mesh='upperteeth.mesh' bones=1 rebound=1 shared=0
[CHAR_MESH] char='player1' mesh='ladyfro_toplayer_resource.mesh' bones=1 rebound=1 shared=0
[CHAR_MESH] char='player1' mesh='femaleearrings_peacock.mesh' bones=6 rebound=0 shared=0
[CHAR_MESH] char='player1' mesh='femalerings_jem.mesh' bones=2 rebound=1 shared=0
[CHAR_MESH] char='player1' mesh='hands_naked.mesh' bones=40 rebound=1 shared=0
[CHAR_MESH] char='player1' mesh='female_eyebrows_06_resource.mesh' bones=6 rebound=1 shared=0
[CHAR_MESH] char='player1' mesh='eyes.mesh' bones=2 rebound=1 shared=0
[CHAR_MESH] char='player1' mesh='lowerteeth.mesh' bones=1 rebound=1 shared=0
[CHAR_MESH] char='player1' mesh='hippyfringe_resource.2.mesh' bones=6 rebound=1 shared=0
[CHAR_MESH] char='player1' mesh='hippyfringe_resource.mesh' bones=40 rebound=0 shared=0
[CHAR_MESH] char='player1' mesh='hippyfringe_skin.2.mesh' bones=15 rebound=1 shared=0
[CHAR_MESH] char='player1' mesh='hippyfringe_resource.1.mesh' bones=13 rebound=0 shared=0
[CHAR_MESH] char='player1' mesh='jumpsuitshorts_resource.mesh' bones=4 rebound=1 shared=0
[CHAR_MESH] char='player1' mesh='jumpsuitshorts_skin.2.mesh' bones=8 rebound=1 shared=0
[CHAR_MESH] char='player1' mesh='modavengerboots_resource.mesh' bones=6 rebound=1 shared=0
[SKEL_REBIND] member='player1' path='player1 (char/main/main.milo)' skinMeshes=0 slots=0 reboundDiff=0 same=0 nullOwn=0
[CHAR_MESH] char='player1' mesh='fingernails_resource.mesh' bones=10 rebound=1 shared=0
[CHAR_MESH] char='player1' mesh='ladyfro_resource.mesh' bones=1 rebound=1 shared=0
[CHAR_MESH] char='player1' mesh='tongue.mesh' bones=4 rebound=1 shared=0
[CHAR_MESH] char='player1' mesh='head.mesh' bones=39 rebound=1 shared=0
[CHAR_MESH] char='player1' mesh='upperteeth.mesh' bones=1 rebound=1 shared=0
[CHAR_MESH] char='player1' mesh='ladyfro_toplayer_resource.mesh' bones=1 rebound=1 shared=0
[CHAR_MESH] char='player1' mesh='femaleearrings_peacock.mesh' bones=6 rebound=0 shared=0
[CHAR_MESH] char='player1' mesh='femalerings_jem.mesh' bones=2 rebound=1 shared=0
[CHAR_MESH] char='player1' mesh='hands_naked.mesh' bones=40 rebound=1 shared=0
[CHAR_MESH] char='player1' mesh='female_eyebrows_06_resource.mesh' bones=6 rebound=1 shared=0
[CHAR_MESH] char='player1' mesh='eyes.mesh' bones=2 rebound=1 shared=0
[CHAR_MESH] char='player1' mesh='lowerteeth.mesh' bones=1 rebound=1 shared=0
[CHAR_MESH] char='player1' mesh='hippyfringe_resource.2.mesh' bones=6 rebound=1 shared=0
[CHAR_MESH] char='player1' mesh='hippyfringe_resource.mesh' bones=40 rebound=0 shared=0
[CHAR_MESH] char='player1' mesh='hippyfringe_skin.2.mesh' bones=15 rebound=1 shared=0
[CHAR_MESH] char='player1' mesh='hippyfringe_resource.1.mesh' bones=13 rebound=0 shared=0
[CHAR_MESH] char='player1' mesh='jumpsuitshorts_resource.mesh' bones=4 rebound=1 shared=0
[CHAR_MESH] char='player1' mesh='jumpsuitshorts_skin.2.mesh' bones=8 rebound=1 shared=0
[CHAR_MESH] char='player1' mesh='modavengerboots_resource.mesh' bones=6 rebound=1 shared=0
[SKEL_REBIND] member='player1' path='player1 (char/main/main.milo)' skinMeshes=0 slots=0 reboundDiff=0 same=0 nullOwn=0
[CHAR_MESH] char='player0' mesh='fingernails_resource.mesh' bones=10 rebound=1 shared=0
[CHAR_MESH] char='player0' mesh='tongue.mesh' bones=4 rebound=1 shared=0
[CHAR_MESH] char='player0' mesh='head.mesh' bones=33 rebound=1 shared=0
[CHAR_MESH] char='player0' mesh='upperteeth.mesh' bones=1 rebound=1 shared=0
[CHAR_MESH] char='player0' mesh='fauxhawk_resource.mesh' bones=7 rebound=0 shared=0
[CHAR_MESH] char='player0' mesh='hands_naked.mesh' bones=38 rebound=1 shared=0
[CHAR_MESH] char='player0' mesh='eyes.mesh' bones=2 rebound=1 shared=0
[CHAR_MESH] char='player0' mesh='eyebrows15_resource.mesh' bones=6 rebound=1 shared=0
[CHAR_MESH] char='player0' mesh='lowerteeth.mesh' bones=1 rebound=1 shared=0
[CHAR_MESH] char='player0' mesh='male_piercings_combo07.mesh' bones=33 rebound=1 shared=0
[CHAR_MESH] char='player0' mesh='greaserjacket_skin.2.mesh' bones=21 rebound=1 shared=0
[CHAR_MESH] char='player0' mesh='greaserjacket_resource.1.mesh' bones=4 rebound=1 shared=0
[CHAR_MESH] char='player0' mesh='greaserjacket_resource.mesh' bones=29 rebound=1 shared=0
[CHAR_MESH] char='player0' mesh='tightdistressedpants_skin.3.mesh' bones=4 rebound=1 shared=0
[CHAR_MESH] char='player0' mesh='tightdistressedpants_resource.1.mesh' bones=4 rebound=0 shared=0
[CHAR_MESH] char='player0' mesh='tightdistressedpants_resource.mesh' bones=9 rebound=1 shared=0
[CHAR_MESH] char='player0' mesh='tightdistressedpants_skin.2.mesh' bones=4 rebound=1 shared=0
[CHAR_MESH] char='player0' mesh='motorcycleboots_resource.mesh' bones=6 rebound=1 shared=0
[SKEL_REBIND] member='player0' path='player0 (char/main/main.milo)' skinMeshes=0 slots=0 reboundDiff=0 same=0 nullOwn=0
[CHAR_MESH] char='player0' mesh='fingernails_resource.mesh' bones=10 rebound=1 shared=0
[CHAR_MESH] char='player0' mesh='tongue.mesh' bones=4 rebound=1 shared=0
[CHAR_MESH] char='player0' mesh='head.mesh' bones=33 rebound=1 shared=0
[CHAR_MESH] char='player0' mesh='upperteeth.mesh' bones=1 rebound=1 shared=0
[CHAR_MESH] char='player0' mesh='fauxhawk_resource.mesh' bones=7 rebound=0 shared=0
[CHAR_MESH] char='player0' mesh='hands_naked.mesh' bones=38 rebound=1 shared=0
[CHAR_MESH] char='player0' mesh='eyes.mesh' bones=2 rebound=1 shared=0
[CHAR_MESH] char='player0' mesh='eyebrows15_resource.mesh' bones=6 rebound=1 shared=0
[CHAR_MESH] char='player0' mesh='lowerteeth.mesh' bones=1 rebound=1 shared=0
[CHAR_MESH] char='player0' mesh='male_piercings_combo07.mesh' bones=33 rebound=1 shared=0
[CHAR_MESH] char='player0' mesh='greaserjacket_skin.2.mesh' bones=21 rebound=1 shared=0
[CHAR_MESH] char='player0' mesh='greaserjacket_resource.1.mesh' bones=4 rebound=1 shared=0
[CHAR_MESH] char='player0' mesh='greaserjacket_resource.mesh' bones=29 rebound=1 shared=0
[CHAR_MESH] char='player0' mesh='tightdistressedpants_skin.3.mesh' bones=4 rebound=1 shared=0
[CHAR_MESH] char='player0' mesh='tightdistressedpants_resource.1.mesh' bones=4 rebound=0 shared=0
[CHAR_MESH] char='player0' mesh='tightdistressedpants_resource.mesh' bones=9 rebound=1 shared=0
[CHAR_MESH] char='player0' mesh='tightdistressedpants_skin.2.mesh' bones=4 rebound=1 shared=0
[CHAR_MESH] char='player0' mesh='motorcycleboots_resource.mesh' bones=6 rebound=1 shared=0
[SKEL_REBIND] member='player0' path='player0 (char/main/main.milo)' skinMeshes=0 slots=0 reboundDiff=0 same=0 nullOwn=0
[CHAR_MESH] char='player1' mesh='fingernails_resource.mesh' bones=10 rebound=1 shared=0
[CHAR_MESH] char='player1' mesh='ladyfro_resource.mesh' bones=1 rebound=1 shared=0
[CHAR_MESH] char='player1' mesh='tongue.mesh' bones=4 rebound=1 shared=0
[CHAR_MESH] char='player1' mesh='head.mesh' bones=39 rebound=1 shared=0
[CHAR_MESH] char='player1' mesh='upperteeth.mesh' bones=1 rebound=1 shared=0
[CHAR_MESH] char='player1' mesh='ladyfro_toplayer_resource.mesh' bones=1 rebound=1 shared=0
[CHAR_MESH] char='player1' mesh='femaleearrings_peacock.mesh' bones=6 rebound=0 shared=0
[CHAR_MESH] char='player1' mesh='femalerings_jem.mesh' bones=2 rebound=1 shared=0
[CHAR_MESH] char='player1' mesh='hands_naked.mesh' bones=40 rebound=1 shared=0
[CHAR_MESH] char='player1' mesh='female_eyebrows_06_resource.mesh' bones=6 rebound=1 shared=0
[CHAR_MESH] char='player1' mesh='eyes.mesh' bones=2 rebound=1 shared=0
[CHAR_MESH] char='player1' mesh='lowerteeth.mesh' bones=1 rebound=1 shared=0
[CHAR_MESH] char='player1' mesh='hippyfringe_resource.2.mesh' bones=6 rebound=1 shared=0
[CHAR_MESH] char='player1' mesh='hippyfringe_resource.mesh' bones=40 rebound=0 shared=0
[CHAR_MESH] char='player1' mesh='hippyfringe_skin.2.mesh' bones=15 rebound=1 shared=0
[CHAR_MESH] char='player1' mesh='hippyfringe_resource.1.mesh' bones=13 rebound=0 shared=0
[CHAR_MESH] char='player1' mesh='jumpsuitshorts_resource.mesh' bones=4 rebound=1 shared=0
[CHAR_MESH] char='player1' mesh='jumpsuitshorts_skin.2.mesh' bones=8 rebound=1 shared=0
[CHAR_MESH] char='player1' mesh='modavengerboots_resource.mesh' bones=6 rebound=1 shared=0
[SKEL_REBIND] member='player1' path='player1 (char/main/main.milo)' skinMeshes=0 slots=0 reboundDiff=0 same=0 nullOwn=0
[CHAR_MESH] char='player0' mesh='fingernails_resource.mesh' bones=10 rebound=1 shared=0
[CHAR_MESH] char='player0' mesh='tongue.mesh' bones=4 rebound=1 shared=0
[CHAR_MESH] char='player0' mesh='head.mesh' bones=33 rebound=1 shared=0
[CHAR_MESH] char='player0' mesh='upperteeth.mesh' bones=1 rebound=1 shared=0
[CHAR_MESH] char='player0' mesh='fauxhawk_resource.mesh' bones=7 rebound=0 shared=0
[CHAR_MESH] char='player0' mesh='hands_naked.mesh' bones=38 rebound=1 shared=0
[CHAR_MESH] char='player0' mesh='eyes.mesh' bones=2 rebound=1 shared=0
[CHAR_MESH] char='player0' mesh='eyebrows15_resource.mesh' bones=6 rebound=1 shared=0
[CHAR_MESH] char='player0' mesh='lowerteeth.mesh' bones=1 rebound=1 shared=0
[CHAR_MESH] char='player0' mesh='male_piercings_combo07.mesh' bones=33 rebound=1 shared=0
[CHAR_MESH] char='player0' mesh='greaserjacket_skin.2.mesh' bones=21 rebound=1 shared=0
[CHAR_MESH] char='player0' mesh='greaserjacket_resource.1.mesh' bones=4 rebound=1 shared=0
[CHAR_MESH] char='player0' mesh='greaserjacket_resource.mesh' bones=29 rebound=1 shared=0
[CHAR_MESH] char='player0' mesh='tightdistressedpants_skin.3.mesh' bones=4 rebound=1 shared=0
[CHAR_MESH] char='player0' mesh='tightdistressedpants_resource.1.mesh' bones=4 rebound=0 shared=0
[CHAR_MESH] char='player0' mesh='tightdistressedpants_resource.mesh' bones=9 rebound=1 shared=0
[CHAR_MESH] char='player0' mesh='tightdistressedpants_skin.2.mesh' bones=4 rebound=1 shared=0
[CHAR_MESH] char='player0' mesh='motorcycleboots_resource.mesh' bones=6 rebound=1 shared=0
[SKEL_REBIND] member='player0' path='player0 (char/main/main.milo)' skinMeshes=0 slots=0 reboundDiff=0 same=0 nullOwn=0
[CHAR_MESH] char='player2' mesh='cowbell_stick.mesh' bones=1 rebound=0 shared=0
[CHAR_MESH] char='player2' mesh='tamborine_cymbals.mesh' bones=1 rebound=0 shared=0
[CHAR_MESH] char='player2' mesh='cowbell.mesh' bones=1 rebound=0 shared=0
[CHAR_MESH] char='player2' mesh='tamborine_body.mesh' bones=1 rebound=0 shared=0
[CHAR_MESH] char='player2' mesh='fingernails_resource.mesh' bones=10 rebound=1 shared=0
[CHAR_MESH] char='player2' mesh='tongue.mesh' bones=4 rebound=1 shared=0
[CHAR_MESH] char='player2' mesh='head.mesh' bones=33 rebound=1 shared=0
[CHAR_MESH] char='player2' mesh='cast_resource.mesh' bones=8 rebound=1 shared=0
[CHAR_MESH] char='player2' mesh='upperteeth.mesh' bones=1 rebound=1 shared=0
[CHAR_MESH] char='player2' mesh='powermullet_resource.mesh' bones=4 rebound=0 shared=0
[CHAR_MESH] char='player2' mesh='eyebrows1_resource.mesh' bones=6 rebound=1 shared=0
[CHAR_MESH] char='player2' mesh='powermullet_resource.1.mesh' bones=3 rebound=0 shared=0
[CHAR_MESH] char='player2' mesh='hands_naked.mesh' bones=38 rebound=1 shared=0
[CHAR_MESH] char='player2' mesh='eyes.mesh' bones=2 rebound=1 shared=0
[CHAR_MESH] char='player2' mesh='lowerteeth.mesh' bones=1 rebound=1 shared=0
[CHAR_MESH] char='player2' mesh='escapeartist_resource.mesh' bones=20 rebound=1 shared=0
[CHAR_MESH] char='player2' mesh='escapeartist_skin.1.mesh' bones=27 rebound=1 shared=0
[CHAR_MESH] char='player2' mesh='jeansripped_skin.2.mesh' bones=6 rebound=1 shared=0
[CHAR_MESH] char='player2' mesh='jeansripped_resource.mesh' bones=8 rebound=1 shared=0
[CHAR_MESH] char='player2' mesh='jeansripped_resource.1.mesh' bones=3 rebound=1 shared=0
[CHAR_MESH] char='player2' mesh='nailboots_resource.mesh' bones=6 rebound=1 shared=0
[SKEL_REBIND] member='player2' path='player2 (char/main/main.milo)' skinMeshes=4 slots=4 reboundDiff=0 same=4 nullOwn=0
[CHAR_MESH] char='player2' mesh='cowbell_stick.mesh' bones=1 rebound=0 shared=0
[CHAR_MESH] char='player2' mesh='tamborine_cymbals.mesh' bones=1 rebound=0 shared=0
[CHAR_MESH] char='player2' mesh='cowbell.mesh' bones=1 rebound=0 shared=0
[CHAR_MESH] char='player2' mesh='tamborine_body.mesh' bones=1 rebound=0 shared=0
[CHAR_MESH] char='player2' mesh='fingernails_resource.mesh' bones=10 rebound=1 shared=0
[CHAR_MESH] char='player2' mesh='tongue.mesh' bones=4 rebound=1 shared=0
[CHAR_MESH] char='player2' mesh='head.mesh' bones=33 rebound=1 shared=0
[CHAR_MESH] char='player2' mesh='cast_resource.mesh' bones=8 rebound=1 shared=0
[CHAR_MESH] char='player2' mesh='upperteeth.mesh' bones=1 rebound=1 shared=0
[CHAR_MESH] char='player2' mesh='powermullet_resource.mesh' bones=4 rebound=0 shared=0
[CHAR_MESH] char='player2' mesh='eyebrows1_resource.mesh' bones=6 rebound=1 shared=0
[CHAR_MESH] char='player2' mesh='powermullet_resource.1.mesh' bones=3 rebound=0 shared=0
[CHAR_MESH] char='player2' mesh='hands_naked.mesh' bones=38 rebound=1 shared=0
[CHAR_MESH] char='player2' mesh='eyes.mesh' bones=2 rebound=1 shared=0
[CHAR_MESH] char='player2' mesh='lowerteeth.mesh' bones=1 rebound=1 shared=0
[CHAR_MESH] char='player2' mesh='escapeartist_resource.mesh' bones=20 rebound=1 shared=0
[CHAR_MESH] char='player2' mesh='escapeartist_skin.1.mesh' bones=27 rebound=1 shared=0
[CHAR_MESH] char='player2' mesh='jeansripped_skin.2.mesh' bones=6 rebound=1 shared=0
[CHAR_MESH] char='player2' mesh='jeansripped_resource.mesh' bones=8 rebound=1 shared=0
[CHAR_MESH] char='player2' mesh='jeansripped_resource.1.mesh' bones=3 rebound=1 shared=0
[CHAR_MESH] char='player2' mesh='nailboots_resource.mesh' bones=6 rebound=1 shared=0
[SKEL_REBIND] member='player2' path='player2 (char/main/main.milo)' skinMeshes=4 slots=4 reboundDiff=0 same=4 nullOwn=0
[CHAR_MESH] char='player2' mesh='cowbell_stick.mesh' bones=1 rebound=0 shared=0
[CHAR_MESH] char='player2' mesh='tamborine_cymbals.mesh' bones=1 rebound=0 shared=0
[CHAR_MESH] char='player2' mesh='cowbell.mesh' bones=1 rebound=0 shared=0
[CHAR_MESH] char='player2' mesh='tamborine_body.mesh' bones=1 rebound=0 shared=0
[CHAR_MESH] char='player2' mesh='fingernails_resource.mesh' bones=10 rebound=1 shared=0
[CHAR_MESH] char='player2' mesh='tongue.mesh' bones=4 rebound=1 shared=0
[CHAR_MESH] char='player2' mesh='head.mesh' bones=33 rebound=1 shared=0
[CHAR_MESH] char='player2' mesh='cast_resource.mesh' bones=8 rebound=1 shared=0
[CHAR_MESH] char='player2' mesh='upperteeth.mesh' bones=1 rebound=1 shared=0
[CHAR_MESH] char='player2' mesh='powermullet_resource.mesh' bones=4 rebound=0 shared=0
[CHAR_MESH] char='player2' mesh='eyebrows1_resource.mesh' bones=6 rebound=1 shared=0
[CHAR_MESH] char='player2' mesh='powermullet_resource.1.mesh' bones=3 rebound=0 shared=0
[CHAR_MESH] char='player2' mesh='hands_naked.mesh' bones=38 rebound=1 shared=0
[CHAR_MESH] char='player2' mesh='eyes.mesh' bones=2 rebound=1 shared=0
[CHAR_MESH] char='player2' mesh='lowerteeth.mesh' bones=1 rebound=1 shared=0
[CHAR_MESH] char='player2' mesh='escapeartist_resource.mesh' bones=20 rebound=1 shared=0
[CHAR_MESH] char='player2' mesh='escapeartist_skin.1.mesh' bones=27 rebound=1 shared=0
[CHAR_MESH] char='player2' mesh='jeansripped_skin.2.mesh' bones=6 rebound=1 shared=0
[CHAR_MESH] char='player2' mesh='jeansripped_resource.mesh' bones=8 rebound=1 shared=0
[CHAR_MESH] char='player2' mesh='jeansripped_resource.1.mesh' bones=3 rebound=1 shared=0
[CHAR_MESH] char='player2' mesh='nailboots_resource.mesh' bones=6 rebound=1 shared=0
[SKEL_REBIND] member='player2' path='player2 (char/main/main.milo)' skinMeshes=4 slots=4 reboundDiff=0 same=4 nullOwn=0
[CHAR_MESH] char='player3' mesh='tongue.mesh' bones=4 rebound=1 shared=0
[CHAR_MESH] char='player3' mesh='head.mesh' bones=39 rebound=1 shared=0
[CHAR_MESH] char='player3' mesh='upperteeth.mesh' bones=1 rebound=1 shared=0
[CHAR_MESH] char='player3' mesh='visor_resource.mesh' bones=9 rebound=0 shared=0
[CHAR_MESH] char='player3' mesh='eyes.mesh' bones=2 rebound=1 shared=0
[CHAR_MESH] char='player3' mesh='female_eyebrows_09_resource.mesh' bones=6 rebound=1 shared=0
[CHAR_MESH] char='player3' mesh='lowerteeth.mesh' bones=1 rebound=1 shared=0
[CHAR_MESH] char='player3' mesh='clearcoat_resource.mesh' bones=25 rebound=1 shared=0
[CHAR_MESH] char='player3' mesh='clearcoat_shirt.mesh' bones=16 rebound=1 shared=0
[CHAR_MESH] char='player3' mesh='clearcoat_resource.2.mesh' bones=3 rebound=1 shared=0
[CHAR_MESH] char='player3' mesh='clearcoat_skin.1.mesh' bones=23 rebound=1 shared=0
[CHAR_MESH] char='player3' mesh='clearcoat_resource.1.mesh' bones=25 rebound=1 shared=0
[CHAR_MESH] char='player3' mesh='bikinistockings_resource.mesh' bones=5 rebound=1 shared=0
[CHAR_MESH] char='player3' mesh='bikinistockings_skin.2.mesh' bones=5 rebound=1 shared=0
[CHAR_MESH] char='player3' mesh='thighboots_resource.mesh' bones=6 rebound=1 shared=0
[CHAR_MESH] char='player3' mesh='gloves_resource.1.mesh' bones=4 rebound=1 shared=0
[CHAR_MESH] char='player3' mesh='gloves_resource.mesh' bones=40 rebound=1 shared=0
[CHAR_MESH] char='player3' mesh='gloves_skin.2.mesh' bones=9 rebound=1 shared=0
[SKEL_REBIND] member='player3' path='player3 (char/main/main.milo)' skinMeshes=0 slots=0 reboundDiff=0 same=0 nullOwn=0
[CHAR_MESH] char='player3' mesh='tongue.mesh' bones=4 rebound=1 shared=0
[CHAR_MESH] char='player3' mesh='head.mesh' bones=39 rebound=1 shared=0
[CHAR_MESH] char='player3' mesh='upperteeth.mesh' bones=1 rebound=1 shared=0
[CHAR_MESH] char='player3' mesh='visor_resource.mesh' bones=9 rebound=0 shared=0
[CHAR_MESH] char='player3' mesh='eyes.mesh' bones=2 rebound=1 shared=0
[CHAR_MESH] char='player3' mesh='female_eyebrows_09_resource.mesh' bones=6 rebound=1 shared=0
[CHAR_MESH] char='player3' mesh='lowerteeth.mesh' bones=1 rebound=1 shared=0
[CHAR_MESH] char='player3' mesh='clearcoat_resource.mesh' bones=25 rebound=1 shared=0
[CHAR_MESH] char='player3' mesh='clearcoat_shirt.mesh' bones=16 rebound=1 shared=0
[CHAR_MESH] char='player3' mesh='clearcoat_resource.2.mesh' bones=3 rebound=1 shared=0
[CHAR_MESH] char='player3' mesh='clearcoat_skin.1.mesh' bones=23 rebound=1 shared=0
[CHAR_MESH] char='player3' mesh='clearcoat_resource.1.mesh' bones=25 rebound=1 shared=0
[CHAR_MESH] char='player3' mesh='bikinistockings_resource.mesh' bones=5 rebound=1 shared=0
[CHAR_MESH] char='player3' mesh='bikinistockings_skin.2.mesh' bones=5 rebound=1 shared=0
[CHAR_MESH] char='player3' mesh='thighboots_resource.mesh' bones=6 rebound=1 shared=0
[CHAR_MESH] char='player3' mesh='gloves_resource.1.mesh' bones=4 rebound=1 shared=0
[CHAR_MESH] char='player3' mesh='gloves_resource.mesh' bones=40 rebound=1 shared=0
[CHAR_MESH] char='player3' mesh='gloves_skin.2.mesh' bones=9 rebound=1 shared=0
[SKEL_REBIND] member='player3' path='player3 (char/main/main.milo)' skinMeshes=0 slots=0 reboundDiff=0 same=0 nullOwn=0
[CHAR_MESH] char='player3' mesh='tongue.mesh' bones=4 rebound=1 shared=0
[CHAR_MESH] char='player3' mesh='head.mesh' bones=39 rebound=1 shared=0
[CHAR_MESH] char='player3' mesh='upperteeth.mesh' bones=1 rebound=1 shared=0
[CHAR_MESH] char='player3' mesh='visor_resource.mesh' bones=9 rebound=0 shared=0
[CHAR_MESH] char='player3' mesh='eyes.mesh' bones=2 rebound=1 shared=0
[CHAR_MESH] char='player3' mesh='female_eyebrows_09_resource.mesh' bones=6 rebound=1 shared=0
[CHAR_MESH] char='player3' mesh='lowerteeth.mesh' bones=1 rebound=1 shared=0
[CHAR_MESH] char='player3' mesh='clearcoat_resource.mesh' bones=25 rebound=1 shared=0
[CHAR_MESH] char='player3' mesh='clearcoat_shirt.mesh' bones=16 rebound=1 shared=0
[CHAR_MESH] char='player3' mesh='clearcoat_resource.2.mesh' bones=3 rebound=1 shared=0
[CHAR_MESH] char='player3' mesh='clearcoat_skin.1.mesh' bones=23 rebound=1 shared=0
[CHAR_MESH] char='player3' mesh='clearcoat_resource.1.mesh' bones=25 rebound=1 shared=0
[CHAR_MESH] char='player3' mesh='bikinistockings_resource.mesh' bones=5 rebound=1 shared=0
[CHAR_MESH] char='player3' mesh='bikinistockings_skin.2.mesh' bones=5 rebound=1 shared=0
[CHAR_MESH] char='player3' mesh='thighboots_resource.mesh' bones=6 rebound=1 shared=0
[CHAR_MESH] char='player3' mesh='gloves_resource.1.mesh' bones=4 rebound=1 shared=0
[CHAR_MESH] char='player3' mesh='gloves_resource.mesh' bones=40 rebound=1 shared=0
[CHAR_MESH] char='player3' mesh='gloves_skin.2.mesh' bones=9 rebound=1 shared=0
[SKEL_REBIND] member='player3' path='player3 (char/main/main.milo)' skinMeshes=0 slots=0 reboundDiff=0 same=0 nullOwn=0
[CHAR_MESH] char='player3' mesh='tongue.mesh' bones=4 rebound=1 shared=0
[CHAR_MESH] char='player3' mesh='head.mesh' bones=39 rebound=1 shared=0
[CHAR_MESH] char='player3' mesh='upperteeth.mesh' bones=1 rebound=1 shared=0
[CHAR_MESH] char='player3' mesh='visor_resource.mesh' bones=9 rebound=0 shared=0
[CHAR_MESH] char='player3' mesh='eyes.mesh' bones=2 rebound=1 shared=0
[CHAR_MESH] char='player3' mesh='female_eyebrows_09_resource.mesh' bones=6 rebound=1 shared=0
[CHAR_MESH] char='player3' mesh='lowerteeth.mesh' bones=1 rebound=1 shared=0
[CHAR_MESH] char='player3' mesh='clearcoat_resource.mesh' bones=25 rebound=1 shared=0
[CHAR_MESH] char='player3' mesh='clearcoat_shirt.mesh' bones=16 rebound=1 shared=0
[CHAR_MESH] char='player3' mesh='clearcoat_resource.2.mesh' bones=3 rebound=1 shared=0
[CHAR_MESH] char='player3' mesh='clearcoat_skin.1.mesh' bones=23 rebound=1 shared=0
[CHAR_MESH] char='player3' mesh='clearcoat_resource.1.mesh' bones=25 rebound=1 shared=0
[CHAR_MESH] char='player3' mesh='bikinistockings_resource.mesh' bones=5 rebound=1 shared=0
[CHAR_MESH] char='player3' mesh='bikinistockings_skin.2.mesh' bones=5 rebound=1 shared=0
[CHAR_MESH] char='player3' mesh='thighboots_resource.mesh' bones=6 rebound=1 shared=0
[CHAR_MESH] char='player3' mesh='gloves_resource.1.mesh' bones=4 rebound=1 shared=0
[CHAR_MESH] char='player3' mesh='gloves_resource.mesh' bones=40 rebound=1 shared=0
[CHAR_MESH] char='player3' mesh='gloves_skin.2.mesh' bones=9 rebound=1 shared=0
[SKEL_REBIND] member='player3' path='player3 (char/main/main.milo)' skinMeshes=0 slots=0 reboundDiff=0 same=0 nullOwn=0
[CHAR_MESH] char='player1' mesh='fingernails_resource.mesh' bones=10 rebound=1 shared=0
[CHAR_MESH] char='player1' mesh='ladyfro_resource.mesh' bones=1 rebound=1 shared=0
[CHAR_MESH] char='player1' mesh='tongue.mesh' bones=4 rebound=1 shared=0
[CHAR_MESH] char='player1' mesh='head.mesh' bones=39 rebound=1 shared=0
[CHAR_MESH] char='player1' mesh='upperteeth.mesh' bones=1 rebound=1 shared=0
[CHAR_MESH] char='player1' mesh='ladyfro_toplayer_resource.mesh' bones=1 rebound=1 shared=0
[CHAR_MESH] char='player1' mesh='femaleearrings_peacock.mesh' bones=6 rebound=0 shared=0
[CHAR_MESH] char='player1' mesh='femalerings_jem.mesh' bones=2 rebound=1 shared=0
[CHAR_MESH] char='player1' mesh='hands_naked.mesh' bones=40 rebound=1 shared=0
[CHAR_MESH] char='player1' mesh='female_eyebrows_06_resource.mesh' bones=6 rebound=1 shared=0
[CHAR_MESH] char='player1' mesh='eyes.mesh' bones=2 rebound=1 shared=0
[CHAR_MESH] char='player1' mesh='lowerteeth.mesh' bones=1 rebound=1 shared=0
[CHAR_MESH] char='player1' mesh='hippyfringe_resource.2.mesh' bones=6 rebound=1 shared=0
[CHAR_MESH] char='player1' mesh='hippyfringe_resource.mesh' bones=40 rebound=0 shared=0
[CHAR_MESH] char='player1' mesh='hippyfringe_skin.2.mesh' bones=15 rebound=1 shared=0
[CHAR_MESH] char='player1' mesh='hippyfringe_resource.1.mesh' bones=13 rebound=0 shared=0
[CHAR_MESH] char='player1' mesh='jumpsuitshorts_resource.mesh' bones=4 rebound=1 shared=0
[CHAR_MESH] char='player1' mesh='jumpsuitshorts_skin.2.mesh' bones=8 rebound=1 shared=0
[CHAR_MESH] char='player1' mesh='modavengerboots_resource.mesh' bones=6 rebound=1 shared=0
[SKEL_REBIND] member='player1' path='player1 (char/main/main.milo)' skinMeshes=0 slots=0 reboundDiff=0 same=0 nullOwn=0
[CHAR_MESH] char='player1' mesh='fingernails_resource.mesh' bones=10 rebound=1 shared=0
[CHAR_MESH] char='player1' mesh='ladyfro_resource.mesh' bones=1 rebound=1 shared=0
[CHAR_MESH] char='player1' mesh='tongue.mesh' bones=4 rebound=1 shared=0
[CHAR_MESH] char='player1' mesh='head.mesh' bones=39 rebound=1 shared=0
[CHAR_MESH] char='player1' mesh='upperteeth.mesh' bones=1 rebound=1 shared=0
[CHAR_MESH] char='player1' mesh='ladyfro_toplayer_resource.mesh' bones=1 rebound=1 shared=0
[CHAR_MESH] char='player1' mesh='femaleearrings_peacock.mesh' bones=6 rebound=0 shared=0
[CHAR_MESH] char='player1' mesh='femalerings_jem.mesh' bones=2 rebound=1 shared=0
[CHAR_MESH] char='player1' mesh='hands_naked.mesh' bones=40 rebound=1 shared=0
[CHAR_MESH] char='player1' mesh='female_eyebrows_06_resource.mesh' bones=6 rebound=1 shared=0
[CHAR_MESH] char='player1' mesh='eyes.mesh' bones=2 rebound=1 shared=0
[CHAR_MESH] char='player1' mesh='lowerteeth.mesh' bones=1 rebound=1 shared=0
[CHAR_MESH] char='player1' mesh='hippyfringe_resource.2.mesh' bones=6 rebound=1 shared=0
[CHAR_MESH] char='player1' mesh='hippyfringe_resource.mesh' bones=40 rebound=0 shared=0
[CHAR_MESH] char='player1' mesh='hippyfringe_skin.2.mesh' bones=15 rebound=1 shared=0
[CHAR_MESH] char='player1' mesh='hippyfringe_resource.1.mesh' bones=13 rebound=0 shared=0
[CHAR_MESH] char='player1' mesh='jumpsuitshorts_resource.mesh' bones=4 rebound=1 shared=0
[CHAR_MESH] char='player1' mesh='jumpsuitshorts_skin.2.mesh' bones=8 rebound=1 shared=0
[CHAR_MESH] char='player1' mesh='modavengerboots_resource.mesh' bones=6 rebound=1 shared=0
[SKEL_REBIND] member='player1' path='player1 (char/main/main.milo)' skinMeshes=0 slots=0 reboundDiff=0 same=0 nullOwn=0
[CHAR_MESH] char='player3' mesh='tongue.mesh' bones=4 rebound=1 shared=0
[CHAR_MESH] char='player3' mesh='head.mesh' bones=39 rebound=1 shared=0
[CHAR_MESH] char='player3' mesh='upperteeth.mesh' bones=1 rebound=1 shared=0
[CHAR_MESH] char='player3' mesh='visor_resource.mesh' bones=9 rebound=0 shared=0
[CHAR_MESH] char='player3' mesh='eyes.mesh' bones=2 rebound=1 shared=0
[CHAR_MESH] char='player3' mesh='female_eyebrows_09_resource.mesh' bones=6 rebound=1 shared=0
[CHAR_MESH] char='player3' mesh='lowerteeth.mesh' bones=1 rebound=1 shared=0
[CHAR_MESH] char='player3' mesh='clearcoat_resource.mesh' bones=25 rebound=1 shared=0
[CHAR_MESH] char='player3' mesh='clearcoat_shirt.mesh' bones=16 rebound=1 shared=0
[CHAR_MESH] char='player3' mesh='clearcoat_resource.2.mesh' bones=3 rebound=1 shared=0
[CHAR_MESH] char='player3' mesh='clearcoat_skin.1.mesh' bones=23 rebound=1 shared=0
[CHAR_MESH] char='player3' mesh='clearcoat_resource.1.mesh' bones=25 rebound=1 shared=0
[CHAR_MESH] char='player3' mesh='bikinistockings_resource.mesh' bones=5 rebound=1 shared=0
[CHAR_MESH] char='player3' mesh='bikinistockings_skin.2.mesh' bones=5 rebound=1 shared=0
[CHAR_MESH] char='player3' mesh='thighboots_resource.mesh' bones=6 rebound=1 shared=0
[CHAR_MESH] char='player3' mesh='gloves_resource.1.mesh' bones=4 rebound=1 shared=0
[CHAR_MESH] char='player3' mesh='gloves_resource.mesh' bones=40 rebound=1 shared=0
[CHAR_MESH] char='player3' mesh='gloves_skin.2.mesh' bones=9 rebound=1 shared=0
[SKEL_REBIND] member='player3' path='player3 (char/main/main.milo)' skinMeshes=0 slots=0 reboundDiff=0 same=0 nullOwn=0
[CHAR_MESH] char='player3' mesh='tongue.mesh' bones=4 rebound=1 shared=0
[CHAR_MESH] char='player3' mesh='head.mesh' bones=39 rebound=1 shared=0
[CHAR_MESH] char='player3' mesh='upperteeth.mesh' bones=1 rebound=1 shared=0
[CHAR_MESH] char='player3' mesh='visor_resource.mesh' bones=9 rebound=0 shared=0
[CHAR_MESH] char='player3' mesh='eyes.mesh' bones=2 rebound=1 shared=0
[CHAR_MESH] char='player3' mesh='female_eyebrows_09_resource.mesh' bones=6 rebound=1 shared=0
[CHAR_MESH] char='player3' mesh='lowerteeth.mesh' bones=1 rebound=1 shared=0
[CHAR_MESH] char='player3' mesh='clearcoat_resource.mesh' bones=25 rebound=1 shared=0
[CHAR_MESH] char='player3' mesh='clearcoat_shirt.mesh' bones=16 rebound=1 shared=0
[CHAR_MESH] char='player3' mesh='clearcoat_resource.2.mesh' bones=3 rebound=1 shared=0
[CHAR_MESH] char='player3' mesh='clearcoat_skin.1.mesh' bones=23 rebound=1 shared=0
[CHAR_MESH] char='player3' mesh='clearcoat_resource.1.mesh' bones=25 rebound=1 shared=0
[CHAR_MESH] char='player3' mesh='bikinistockings_resource.mesh' bones=5 rebound=1 shared=0
[CHAR_MESH] char='player3' mesh='bikinistockings_skin.2.mesh' bones=5 rebound=1 shared=0
[CHAR_MESH] char='player3' mesh='thighboots_resource.mesh' bones=6 rebound=1 shared=0
[CHAR_MESH] char='player3' mesh='gloves_resource.1.mesh' bones=4 rebound=1 shared=0
[CHAR_MESH] char='player3' mesh='gloves_resource.mesh' bones=40 rebound=1 shared=0
[CHAR_MESH] char='player3' mesh='gloves_skin.2.mesh' bones=9 rebound=1 shared=0
[SKEL_REBIND] member='player3' path='player3 (char/main/main.milo)' skinMeshes=0 slots=0 reboundDiff=0 same=0 nullOwn=0
[CHAR_MESH] char='player0' mesh='fingernails_resource.mesh' bones=10 rebound=1 shared=0
[CHAR_MESH] char='player0' mesh='tongue.mesh' bones=4 rebound=1 shared=0
[CHAR_MESH] char='player0' mesh='head.mesh' bones=33 rebound=1 shared=0
[CHAR_MESH] char='player0' mesh='upperteeth.mesh' bones=1 rebound=1 shared=0
[CHAR_MESH] char='player0' mesh='fauxhawk_resource.mesh' bones=7 rebound=0 shared=0
[CHAR_MESH] char='player0' mesh='hands_naked.mesh' bones=38 rebound=1 shared=0
[CHAR_MESH] char='player0' mesh='eyes.mesh' bones=2 rebound=1 shared=0
[CHAR_MESH] char='player0' mesh='eyebrows15_resource.mesh' bones=6 rebound=1 shared=0
[CHAR_MESH] char='player0' mesh='lowerteeth.mesh' bones=1 rebound=1 shared=0
[CHAR_MESH] char='player0' mesh='male_piercings_combo07.mesh' bones=33 rebound=1 shared=0
[CHAR_MESH] char='player0' mesh='greaserjacket_skin.2.mesh' bones=21 rebound=1 shared=0
[CHAR_MESH] char='player0' mesh='greaserjacket_resource.1.mesh' bones=4 rebound=1 shared=0
[CHAR_MESH] char='player0' mesh='greaserjacket_resource.mesh' bones=29 rebound=1 shared=0
[CHAR_MESH] char='player0' mesh='tightdistressedpants_skin.3.mesh' bones=4 rebound=1 shared=0
[CHAR_MESH] char='player0' mesh='tightdistressedpants_resource.1.mesh' bones=4 rebound=0 shared=0
[CHAR_MESH] char='player0' mesh='tightdistressedpants_resource.mesh' bones=9 rebound=1 shared=0
[CHAR_MESH] char='player0' mesh='tightdistressedpants_skin.2.mesh' bones=4 rebound=1 shared=0
[CHAR_MESH] char='player0' mesh='motorcycleboots_resource.mesh' bones=6 rebound=1 shared=0
[SKEL_REBIND] member='player0' path='player0 (char/main/main.milo)' skinMeshes=0 slots=0 reboundDiff=0 same=0 nullOwn=0
[CHAR_MESH] char='player0' mesh='fingernails_resource.mesh' bones=10 rebound=1 shared=0
[CHAR_MESH] char='player0' mesh='tongue.mesh' bones=4 rebound=1 shared=0
[CHAR_MESH] char='player0' mesh='head.mesh' bones=33 rebound=1 shared=0
[CHAR_MESH] char='player0' mesh='upperteeth.mesh' bones=1 rebound=1 shared=0
[CHAR_MESH] char='player0' mesh='fauxhawk_resource.mesh' bones=7 rebound=0 shared=0
[CHAR_MESH] char='player0' mesh='hands_naked.mesh' bones=38 rebound=1 shared=0
[CHAR_MESH] char='player0' mesh='eyes.mesh' bones=2 rebound=1 shared=0
[CHAR_MESH] char='player0' mesh='eyebrows15_resource.mesh' bones=6 rebound=1 shared=0
[CHAR_MESH] char='player0' mesh='lowerteeth.mesh' bones=1 rebound=1 shared=0
[CHAR_MESH] char='player0' mesh='male_piercings_combo07.mesh' bones=33 rebound=1 shared=0
[CHAR_MESH] char='player0' mesh='greaserjacket_skin.2.mesh' bones=21 rebound=1 shared=0
[CHAR_MESH] char='player0' mesh='greaserjacket_resource.1.mesh' bones=4 rebound=1 shared=0
[CHAR_MESH] char='player0' mesh='greaserjacket_resource.mesh' bones=29 rebound=1 shared=0
[CHAR_MESH] char='player0' mesh='tightdistressedpants_skin.3.mesh' bones=4 rebound=1 shared=0
[CHAR_MESH] char='player0' mesh='tightdistressedpants_resource.1.mesh' bones=4 rebound=0 shared=0
[CHAR_MESH] char='player0' mesh='tightdistressedpants_resource.mesh' bones=9 rebound=1 shared=0
[CHAR_MESH] char='player0' mesh='tightdistressedpants_skin.2.mesh' bones=4 rebound=1 shared=0
[CHAR_MESH] char='player0' mesh='motorcycleboots_resource.mesh' bones=6 rebound=1 shared=0
[SKEL_REBIND] member='player0' path='player0 (char/main/main.milo)' skinMeshes=0 slots=0 reboundDiff=0 same=0 nullOwn=0
[CHAR_MESH] char='player2' mesh='cowbell_stick.mesh' bones=1 rebound=0 shared=0
[CHAR_MESH] char='player2' mesh='tamborine_cymbals.mesh' bones=1 rebound=0 shared=0
[CHAR_MESH] char='player2' mesh='cowbell.mesh' bones=1 rebound=0 shared=0
[CHAR_MESH] char='player2' mesh='tamborine_body.mesh' bones=1 rebound=0 shared=0
[CHAR_MESH] char='player2' mesh='fingernails_resource.mesh' bones=10 rebound=1 shared=0
[CHAR_MESH] char='player2' mesh='tongue.mesh' bones=4 rebound=1 shared=0
[CHAR_MESH] char='player2' mesh='head.mesh' bones=33 rebound=1 shared=0
[CHAR_MESH] char='player2' mesh='cast_resource.mesh' bones=8 rebound=1 shared=0
[CHAR_MESH] char='player2' mesh='upperteeth.mesh' bones=1 rebound=1 shared=0
[CHAR_MESH] char='player2' mesh='powermullet_resource.mesh' bones=4 rebound=0 shared=0
[CHAR_MESH] char='player2' mesh='eyebrows1_resource.mesh' bones=6 rebound=1 shared=0
[CHAR_MESH] char='player2' mesh='powermullet_resource.1.mesh' bones=3 rebound=0 shared=0
[CHAR_MESH] char='player2' mesh='hands_naked.mesh' bones=38 rebound=1 shared=0
[CHAR_MESH] char='player2' mesh='eyes.mesh' bones=2 rebound=1 shared=0
[CHAR_MESH] char='player2' mesh='lowerteeth.mesh' bones=1 rebound=1 shared=0
[CHAR_MESH] char='player2' mesh='escapeartist_resource.mesh' bones=20 rebound=1 shared=0
[CHAR_MESH] char='player2' mesh='escapeartist_skin.1.mesh' bones=27 rebound=1 shared=0
[CHAR_MESH] char='player2' mesh='jeansripped_skin.2.mesh' bones=6 rebound=1 shared=0
[CHAR_MESH] char='player2' mesh='jeansripped_resource.mesh' bones=8 rebound=1 shared=0
[CHAR_MESH] char='player2' mesh='jeansripped_resource.1.mesh' bones=3 rebound=1 shared=0
[CHAR_MESH] char='player2' mesh='nailboots_resource.mesh' bones=6 rebound=1 shared=0
[SKEL_REBIND] member='player2' path='player2 (char/main/main.milo)' skinMeshes=4 slots=4 reboundDiff=0 same=4 nullOwn=0
[HEAD_REBIND] member='player0' targets=18 slots=11 reboundBones=0 reboundMeshes=0 pending=2 restPose=105 quiet=1 latched=0
[HEAD_REBIND] member='player1' targets=19 slots=59 reboundBones=0 reboundMeshes=0 pending=3 restPose=111 quiet=1 latched=0
[HEAD_REBIND_PENDING] member='player2' mesh='cowbell_stick.mesh' miss=1 resolvable=0/1 firstMiss='bone_L-stick.mesh' why=boundRebakeOff
[HEAD_REBIND_PENDING] member='player2' mesh='tamborine_cymbals.mesh' miss=1 resolvable=0/1 firstMiss='bone_mic.mesh' why=boundRebakeOff
[HEAD_REBIND_PENDING] member='player2' mesh='cowbell.mesh' miss=1 resolvable=0/1 firstMiss='bone_mic.mesh' why=boundRebakeOff
[HEAD_REBIND_PENDING] member='player2' mesh='tamborine_body.mesh' miss=1 resolvable=0/1 firstMiss='bone_mic.mesh' why=boundRebakeOff
[HEAD_REBIND] member='player2' targets=21 slots=11 reboundBones=0 reboundMeshes=0 pending=6 restPose=109 quiet=1 latched=0
[HEAD_REBIND] member='player3' targets=18 slots=9 reboundBones=0 reboundMeshes=0 pending=1 restPose=111 quiet=1 latched=0
[HEAD_REBIND] member='player0' targets=18 slots=11 reboundBones=0 reboundMeshes=0 pending=2 restPose=105 quiet=2 latched=0
[HEAD_REBIND] member='player1' targets=19 slots=59 reboundBones=0 reboundMeshes=0 pending=3 restPose=111 quiet=2 latched=0
[HEAD_REBIND] member='player2' targets=21 slots=11 reboundBones=0 reboundMeshes=0 pending=6 restPose=109 quiet=2 latched=0
[HEAD_REBIND] member='player3' targets=18 slots=9 reboundBones=0 reboundMeshes=0 pending=1 restPose=111 quiet=2 latched=0
[HEAD_REBIND] member='player0' targets=18 slots=11 reboundBones=0 reboundMeshes=0 pending=2 restPose=105 quiet=3 latched=0
[HEAD_REBIND] member='player1' targets=19 slots=59 reboundBones=0 reboundMeshes=0 pending=3 restPose=111 quiet=3 latched=0
[HEAD_REBIND] member='player2' targets=21 slots=11 reboundBones=0 reboundMeshes=0 pending=6 restPose=109 quiet=3 latched=0
[HEAD_REBIND] member='player3' targets=18 slots=9 reboundBones=0 reboundMeshes=0 pending=1 restPose=111 quiet=3 latched=0
[HEAD_REBIND] member='player0' targets=18 slots=11 reboundBones=0 reboundMeshes=0 pending=2 restPose=105 quiet=4 latched=0
[HEAD_REBIND] member='player1' targets=19 slots=59 reboundBones=0 reboundMeshes=0 pending=3 restPose=111 quiet=4 latched=0
[HEAD_REBIND] member='player2' targets=21 slots=11 reboundBones=0 reboundMeshes=0 pending=6 restPose=109 quiet=4 latched=0
[HEAD_REBIND] member='player3' targets=18 slots=9 reboundBones=0 reboundMeshes=0 pending=1 restPose=111 quiet=4 latched=0
[HEAD_REBIND] member='player0' targets=18 slots=11 reboundBones=0 reboundMeshes=0 pending=2 restPose=105 quiet=5 latched=0
[HEAD_REBIND] member='player1' targets=19 slots=59 reboundBones=0 reboundMeshes=0 pending=3 restPose=111 quiet=5 latched=0
[HEAD_REBIND] member='player2' targets=21 slots=11 reboundBones=0 reboundMeshes=0 pending=6 restPose=109 quiet=5 latched=0
[HEAD_REBIND] member='player3' targets=18 slots=9 reboundBones=0 reboundMeshes=0 pending=1 restPose=111 quiet=5 latched=0
[HEAD_REBIND] member='player0' targets=18 slots=11 reboundBones=0 reboundMeshes=0 pending=2 restPose=105 quiet=6 latched=0
[HEAD_REBIND] member='player1' targets=19 slots=59 reboundBones=0 reboundMeshes=0 pending=3 restPose=111 quiet=6 latched=0
[HEAD_REBIND] member='player2' targets=21 slots=11 reboundBones=0 reboundMeshes=0 pending=6 restPose=109 quiet=6 latched=0
[HEAD_REBIND] member='player3' targets=18 slots=9 reboundBones=0 reboundMeshes=0 pending=1 restPose=111 quiet=6 latched=0
[HEAD_REBIND] member='player0' targets=18 slots=11 reboundBones=0 reboundMeshes=0 pending=2 restPose=105 quiet=7 latched=0
[HEAD_REBIND] member='player1' targets=19 slots=59 reboundBones=0 reboundMeshes=0 pending=3 restPose=111 quiet=7 latched=0
[HEAD_REBIND] member='player2' targets=21 slots=11 reboundBones=0 reboundMeshes=0 pending=6 restPose=109 quiet=7 latched=0
[HEAD_REBIND] member='player3' targets=18 slots=9 reboundBones=0 reboundMeshes=0 pending=1 restPose=111 quiet=7 latched=0
[HEAD_REBIND] member='player0' targets=18 slots=11 reboundBones=0 reboundMeshes=0 pending=2 restPose=105 quiet=8 latched=0
[HEAD_REBIND] member='player1' targets=19 slots=59 reboundBones=0 reboundMeshes=0 pending=3 restPose=111 quiet=8 latched=0
[HEAD_REBIND] member='player2' targets=21 slots=11 reboundBones=0 reboundMeshes=0 pending=6 restPose=109 quiet=8 latched=0
[HEAD_REBIND] member='player3' targets=18 slots=9 reboundBones=0 reboundMeshes=0 pending=1 restPose=111 quiet=8 latched=0
[HEAD_REBIND] member='player0' targets=18 slots=11 reboundBones=0 reboundMeshes=0 pending=2 restPose=105 quiet=9 latched=0
[HEAD_REBIND] member='player1' targets=19 slots=59 reboundBones=0 reboundMeshes=0 pending=3 restPose=111 quiet=9 latched=0
[HEAD_REBIND] member='player2' targets=21 slots=11 reboundBones=0 reboundMeshes=0 pending=6 restPose=109 quiet=9 latched=0
[HEAD_REBIND] member='player3' targets=18 slots=9 reboundBones=0 reboundMeshes=0 pending=1 restPose=111 quiet=9 latched=0
[HEAD_REBIND] member='player0' targets=18 slots=11 reboundBones=0 reboundMeshes=0 pending=2 restPose=105 quiet=10 latched=0
[HEAD_REBIND] member='player1' targets=19 slots=59 reboundBones=0 reboundMeshes=0 pending=3 restPose=111 quiet=10 latched=0
[HEAD_REBIND] member='player2' targets=21 slots=11 reboundBones=0 reboundMeshes=0 pending=6 restPose=109 quiet=10 latched=0
[HEAD_REBIND] member='player3' targets=18 slots=9 reboundBones=0 reboundMeshes=0 pending=1 restPose=111 quiet=10 latched=0
[HEAD_REBIND] member='player0' targets=18 slots=11 reboundBones=0 reboundMeshes=0 pending=2 restPose=105 quiet=11 latched=0
[HEAD_REBIND] member='player1' targets=19 slots=59 reboundBones=0 reboundMeshes=0 pending=3 restPose=111 quiet=11 latched=0
[HEAD_REBIND] member='player2' targets=21 slots=11 reboundBones=0 reboundMeshes=0 pending=6 restPose=109 quiet=11 latched=0
[HEAD_REBIND] member='player3' targets=18 slots=9 reboundBones=0 reboundMeshes=0 pending=1 restPose=111 quiet=11 latched=0
[HEAD_REBIND] member='player0' targets=18 slots=11 reboundBones=0 reboundMeshes=0 pending=2 restPose=105 quiet=12 latched=0
[HEAD_REBIND] member='player1' targets=19 slots=59 reboundBones=0 reboundMeshes=0 pending=3 restPose=111 quiet=12 latched=0
[HEAD_REBIND] member='player2' targets=21 slots=11 reboundBones=0 reboundMeshes=0 pending=6 restPose=109 quiet=12 latched=0
[HEAD_REBIND] member='player3' targets=18 slots=9 reboundBones=0 reboundMeshes=0 pending=1 restPose=111 quiet=12 latched=0
[HEAD_REBIND] member='player0' targets=18 slots=11 reboundBones=0 reboundMeshes=0 pending=2 restPose=105 quiet=13 latched=0
[HEAD_REBIND] member='player1' targets=19 slots=59 reboundBones=0 reboundMeshes=0 pending=3 restPose=111 quiet=13 latched=0
[HEAD_REBIND] member='player2' targets=21 slots=11 reboundBones=0 reboundMeshes=0 pending=6 restPose=109 quiet=13 latched=0
[HEAD_REBIND] member='player3' targets=18 slots=9 reboundBones=0 reboundMeshes=0 pending=1 restPose=111 quiet=13 latched=0
[HEAD_REBIND] member='player0' targets=18 slots=11 reboundBones=0 reboundMeshes=0 pending=2 restPose=105 quiet=14 latched=0
[HEAD_REBIND] member='player1' targets=19 slots=59 reboundBones=0 reboundMeshes=0 pending=3 restPose=111 quiet=14 latched=0
[HEAD_REBIND] member='player2' targets=21 slots=11 reboundBones=0 reboundMeshes=0 pending=6 restPose=109 quiet=14 latched=0
[HEAD_REBIND] member='player3' targets=18 slots=9 reboundBones=0 reboundMeshes=0 pending=1 restPose=111 quiet=14 latched=0
[HEAD_REBIND] member='player0' targets=18 slots=11 reboundBones=0 reboundMeshes=0 pending=2 restPose=105 quiet=15 latched=0
[HEAD_REBIND] member='player1' targets=19 slots=59 reboundBones=0 reboundMeshes=0 pending=3 restPose=111 quiet=15 latched=0
[HEAD_REBIND] member='player2' targets=21 slots=11 reboundBones=0 reboundMeshes=0 pending=6 restPose=109 quiet=15 latched=0
[HEAD_REBIND] member='player3' targets=18 slots=9 reboundBones=0 reboundMeshes=0 pending=1 restPose=111 quiet=15 latched=0
[HEAD_REBIND] member='player0' targets=18 slots=11 reboundBones=0 reboundMeshes=0 pending=2 restPose=105 quiet=16 latched=0
[HEAD_REBIND] member='player1' targets=19 slots=59 reboundBones=0 reboundMeshes=0 pending=3 restPose=111 quiet=16 latched=0
[HEAD_REBIND] member='player2' targets=21 slots=11 reboundBones=0 reboundMeshes=0 pending=6 restPose=109 quiet=16 latched=0
[HEAD_REBIND] member='player3' targets=18 slots=9 reboundBones=0 reboundMeshes=0 pending=1 restPose=111 quiet=16 latched=0
[HEAD_REBIND] member='player0' targets=18 slots=11 reboundBones=0 reboundMeshes=0 pending=2 restPose=105 quiet=17 latched=0
[HEAD_REBIND] member='player1' targets=19 slots=59 reboundBones=0 reboundMeshes=0 pending=3 restPose=111 quiet=17 latched=0
[HEAD_REBIND] member='player2' targets=21 slots=11 reboundBones=0 reboundMeshes=0 pending=6 restPose=109 quiet=17 latched=0
[HEAD_REBIND] member='player3' targets=18 slots=9 reboundBones=0 reboundMeshes=0 pending=1 restPose=111 quiet=17 latched=0
[HEAD_REBIND] member='player0' targets=18 slots=11 reboundBones=0 reboundMeshes=0 pending=2 restPose=105 quiet=18 latched=0
[HEAD_REBIND] member='player1' targets=19 slots=59 reboundBones=0 reboundMeshes=0 pending=3 restPose=111 quiet=18 latched=0
[HEAD_REBIND] member='player2' targets=21 slots=11 reboundBones=0 reboundMeshes=0 pending=6 restPose=109 quiet=18 latched=0
[HEAD_REBIND] member='player3' targets=18 slots=9 reboundBones=0 reboundMeshes=0 pending=1 restPose=111 quiet=18 latched=0
[HEAD_REBIND] member='player0' targets=18 slots=11 reboundBones=0 reboundMeshes=0 pending=2 restPose=105 quiet=19 latched=0
[HEAD_REBIND] member='player1' targets=19 slots=59 reboundBones=0 reboundMeshes=0 pending=3 restPose=111 quiet=19 latched=0
[HEAD_REBIND] member='player2' targets=21 slots=11 reboundBones=0 reboundMeshes=0 pending=6 restPose=109 quiet=19 latched=0
[HEAD_REBIND] member='player3' targets=18 slots=9 reboundBones=0 reboundMeshes=0 pending=1 restPose=111 quiet=19 latched=0
[HEAD_REBIND] member='player0' targets=18 slots=11 reboundBones=0 reboundMeshes=0 pending=2 restPose=105 quiet=20 latched=0
[HEAD_REBIND] member='player1' targets=19 slots=59 reboundBones=0 reboundMeshes=0 pending=3 restPose=111 quiet=20 latched=0
[HEAD_REBIND] member='player2' targets=21 slots=11 reboundBones=0 reboundMeshes=0 pending=6 restPose=109 quiet=20 latched=0
[HEAD_REBIND] member='player3' targets=18 slots=9 reboundBones=0 reboundMeshes=0 pending=1 restPose=111 quiet=20 latched=0
[HEAD_REBIND] member='player0' targets=18 slots=11 reboundBones=0 reboundMeshes=0 pending=2 restPose=105 quiet=21 latched=0
[HEAD_REBIND] member='player1' targets=19 slots=59 reboundBones=0 reboundMeshes=0 pending=3 restPose=111 quiet=21 latched=0
[HEAD_REBIND] member='player2' targets=21 slots=11 reboundBones=0 reboundMeshes=0 pending=6 restPose=109 quiet=21 latched=0
[HEAD_REBIND] member='player3' targets=18 slots=9 reboundBones=0 reboundMeshes=0 pending=1 restPose=111 quiet=21 latched=0
[HEAD_REBIND] member='player0' targets=18 slots=11 reboundBones=0 reboundMeshes=0 pending=2 restPose=105 quiet=22 latched=0
[HEAD_REBIND] member='player1' targets=19 slots=59 reboundBones=0 reboundMeshes=0 pending=3 restPose=111 quiet=22 latched=0
[HEAD_REBIND] member='player2' targets=21 slots=11 reboundBones=0 reboundMeshes=0 pending=6 restPose=109 quiet=22 latched=0
[HEAD_REBIND] member='player3' targets=18 slots=9 reboundBones=0 reboundMeshes=0 pending=1 restPose=111 quiet=22 latched=0
[HEAD_REBIND] member='player0' targets=18 slots=11 reboundBones=0 reboundMeshes=0 pending=2 restPose=105 quiet=23 latched=0
[HEAD_REBIND] member='player1' targets=19 slots=59 reboundBones=0 reboundMeshes=0 pending=3 restPose=111 quiet=23 latched=0
[HEAD_REBIND] member='player2' targets=21 slots=11 reboundBones=0 reboundMeshes=0 pending=6 restPose=109 quiet=23 latched=0
[HEAD_REBIND] member='player3' targets=18 slots=9 reboundBones=0 reboundMeshes=0 pending=1 restPose=111 quiet=23 latched=0
[HEAD_REBIND] member='player0' targets=18 slots=11 reboundBones=0 reboundMeshes=0 pending=2 restPose=105 quiet=24 latched=0
[HEAD_REBIND] member='player1' targets=19 slots=59 reboundBones=0 reboundMeshes=0 pending=3 restPose=111 quiet=24 latched=0
[HEAD_REBIND] member='player2' targets=21 slots=11 reboundBones=0 reboundMeshes=0 pending=6 restPose=109 quiet=24 latched=0
[HEAD_REBIND] member='player3' targets=18 slots=9 reboundBones=0 reboundMeshes=0 pending=1 restPose=111 quiet=24 latched=0
[HEAD_REBIND] member='player0' targets=18 slots=11 reboundBones=0 reboundMeshes=0 pending=2 restPose=105 quiet=25 latched=0
[HEAD_REBIND] member='player1' targets=19 slots=59 reboundBones=0 reboundMeshes=0 pending=3 restPose=111 quiet=25 latched=0
[HEAD_REBIND] member='player2' targets=21 slots=11 reboundBones=0 reboundMeshes=0 pending=6 restPose=109 quiet=25 latched=0
[HEAD_REBIND] member='player3' targets=18 slots=9 reboundBones=0 reboundMeshes=0 pending=1 restPose=111 quiet=25 latched=0
[HEAD_REBIND] member='player0' targets=18 slots=11 reboundBones=0 reboundMeshes=0 pending=2 restPose=105 quiet=26 latched=0
[HEAD_REBIND] member='player1' targets=19 slots=59 reboundBones=0 reboundMeshes=0 pending=3 restPose=111 quiet=26 latched=0
[HEAD_REBIND] member='player2' targets=21 slots=11 reboundBones=0 reboundMeshes=0 pending=6 restPose=109 quiet=26 latched=0
[HEAD_REBIND] member='player3' targets=18 slots=9 reboundBones=0 reboundMeshes=0 pending=1 restPose=111 quiet=26 latched=0
[HEAD_REBIND] member='player0' targets=18 slots=11 reboundBones=0 reboundMeshes=0 pending=2 restPose=105 quiet=27 latched=0
[HEAD_REBIND] member='player1' targets=19 slots=59 reboundBones=0 reboundMeshes=0 pending=3 restPose=111 quiet=27 latched=0
[HEAD_REBIND] member='player2' targets=21 slots=11 reboundBones=0 reboundMeshes=0 pending=6 restPose=109 quiet=27 latched=0
[HEAD_REBIND] member='player3' targets=18 slots=9 reboundBones=0 reboundMeshes=0 pending=1 restPose=111 quiet=27 latched=0
[HEAD_REBIND] member='player0' targets=18 slots=11 reboundBones=0 reboundMeshes=0 pending=2 restPose=105 quiet=28 latched=0
[HEAD_REBIND] member='player1' targets=19 slots=59 reboundBones=0 reboundMeshes=0 pending=3 restPose=111 quiet=28 latched=0
[HEAD_REBIND] member='player2' targets=21 slots=11 reboundBones=0 reboundMeshes=0 pending=6 restPose=109 quiet=28 latched=0
[HEAD_REBIND] member='player3' targets=18 slots=9 reboundBones=0 reboundMeshes=0 pending=1 restPose=111 quiet=28 latched=0
[HEAD_REBIND] member='player0' targets=18 slots=11 reboundBones=0 reboundMeshes=0 pending=2 restPose=105 quiet=29 latched=0
[HEAD_REBIND] member='player1' targets=19 slots=59 reboundBones=0 reboundMeshes=0 pending=3 restPose=111 quiet=29 latched=0
[HEAD_REBIND] member='player2' targets=21 slots=11 reboundBones=0 reboundMeshes=0 pending=6 restPose=109 quiet=29 latched=0
[HEAD_REBIND] member='player3' targets=18 slots=9 reboundBones=0 reboundMeshes=0 pending=1 restPose=111 quiet=29 latched=0
[HEAD_REBIND] member='player0' targets=18 slots=11 reboundBones=0 reboundMeshes=0 pending=2 restPose=105 quiet=30 latched=0
[HEAD_REBIND] member='player1' targets=19 slots=59 reboundBones=0 reboundMeshes=0 pending=3 restPose=111 quiet=30 latched=0
[HEAD_REBIND] member='player2' targets=21 slots=11 reboundBones=0 reboundMeshes=0 pending=6 restPose=109 quiet=30 latched=0
[HEAD_REBIND] member='player3' targets=18 slots=9 reboundBones=0 reboundMeshes=0 pending=1 restPose=111 quiet=30 latched=0
[HEAD_REBIND] member='player0' targets=18 slots=11 reboundBones=0 reboundMeshes=0 pending=2 restPose=105 quiet=31 latched=0
[HEAD_REBIND] member='player1' targets=19 slots=59 reboundBones=0 reboundMeshes=0 pending=3 restPose=111 quiet=31 latched=0
[HEAD_REBIND] member='player2' targets=21 slots=11 reboundBones=0 reboundMeshes=0 pending=6 restPose=109 quiet=31 latched=0
[HEAD_REBIND] member='player3' targets=18 slots=9 reboundBones=0 reboundMeshes=0 pending=1 restPose=111 quiet=31 latched=0
[HEAD_REBIND] member='player0' targets=18 slots=11 reboundBones=0 reboundMeshes=0 pending=2 restPose=105 quiet=32 latched=0
[HEAD_REBIND] member='player1' targets=19 slots=59 reboundBones=0 reboundMeshes=0 pending=3 restPose=111 quiet=32 latched=0
[HEAD_REBIND] member='player2' targets=21 slots=11 reboundBones=0 reboundMeshes=0 pending=6 restPose=109 quiet=32 latched=0
[HEAD_REBIND] member='player3' targets=18 slots=9 reboundBones=0 reboundMeshes=0 pending=1 restPose=111 quiet=32 latched=0
[HEAD_REBIND] member='player0' targets=18 slots=11 reboundBones=0 reboundMeshes=0 pending=2 restPose=105 quiet=33 latched=0
[HEAD_REBIND] member='player1' targets=19 slots=59 reboundBones=0 reboundMeshes=0 pending=3 restPose=111 quiet=33 latched=0
[HEAD_REBIND] member='player2' targets=21 slots=11 reboundBones=0 reboundMeshes=0 pending=6 restPose=109 quiet=33 latched=0
[HEAD_REBIND] member='player3' targets=18 slots=9 reboundBones=0 reboundMeshes=0 pending=1 restPose=111 quiet=33 latched=0
[HEAD_REBIND] member='player0' targets=18 slots=11 reboundBones=0 reboundMeshes=0 pending=2 restPose=105 quiet=34 latched=0
[HEAD_REBIND] member='player1' targets=19 slots=59 reboundBones=0 reboundMeshes=0 pending=3 restPose=111 quiet=34 latched=0
[HEAD_REBIND] member='player2' targets=21 slots=11 reboundBones=0 reboundMeshes=0 pending=6 restPose=109 quiet=34 latched=0
[HEAD_REBIND] member='player3' targets=18 slots=9 reboundBones=0 reboundMeshes=0 pending=1 restPose=111 quiet=34 latched=0
[HEAD_REBIND] member='player0' targets=18 slots=11 reboundBones=0 reboundMeshes=0 pending=2 restPose=105 quiet=35 latched=0
[HEAD_REBIND] member='player1' targets=19 slots=59 reboundBones=0 reboundMeshes=0 pending=3 restPose=111 quiet=35 latched=0
[HEAD_REBIND] member='player2' targets=21 slots=11 reboundBones=0 reboundMeshes=0 pending=6 restPose=109 quiet=35 latched=0
[HEAD_REBIND] member='player3' targets=18 slots=9 reboundBones=0 reboundMeshes=0 pending=1 restPose=111 quiet=35 latched=0
[HEAD_REBIND] member='player0' targets=18 slots=11 reboundBones=0 reboundMeshes=0 pending=2 restPose=105 quiet=36 latched=0
[HEAD_REBIND] member='player1' targets=19 slots=59 reboundBones=0 reboundMeshes=0 pending=3 restPose=111 quiet=36 latched=0
[HEAD_REBIND] member='player2' targets=21 slots=11 reboundBones=0 reboundMeshes=0 pending=6 restPose=109 quiet=36 latched=0
[HEAD_REBIND] member='player3' targets=18 slots=9 reboundBones=0 reboundMeshes=0 pending=1 restPose=111 quiet=36 latched=0
[HEAD_REBIND] member='player0' targets=18 slots=11 reboundBones=0 reboundMeshes=0 pending=2 restPose=105 quiet=37 latched=0
[HEAD_REBIND] member='player1' targets=19 slots=59 reboundBones=0 reboundMeshes=0 pending=3 restPose=111 quiet=37 latched=0
[HEAD_REBIND] member='player2' targets=21 slots=11 reboundBones=0 reboundMeshes=0 pending=6 restPose=109 quiet=37 latched=0
[HEAD_REBIND] member='player3' targets=18 slots=9 reboundBones=0 reboundMeshes=0 pending=1 restPose=111 quiet=37 latched=0
[HEAD_REBIND] member='player0' targets=18 slots=11 reboundBones=0 reboundMeshes=0 pending=2 restPose=105 quiet=38 latched=0
[HEAD_REBIND] member='player1' targets=19 slots=59 reboundBones=0 reboundMeshes=0 pending=3 restPose=111 quiet=38 latched=0
[HEAD_REBIND] member='player2' targets=21 slots=11 reboundBones=0 reboundMeshes=0 pending=6 restPose=109 quiet=38 latched=0
[HEAD_REBIND] member='player3' targets=18 slots=9 reboundBones=0 reboundMeshes=0 pending=1 restPose=111 quiet=38 latched=0
[HEAD_REBIND] member='player0' targets=18 slots=11 reboundBones=0 reboundMeshes=0 pending=2 restPose=105 quiet=39 latched=0
[HEAD_REBIND] member='player1' targets=19 slots=59 reboundBones=0 reboundMeshes=0 pending=3 restPose=111 quiet=39 latched=0
[HEAD_REBIND] member='player2' targets=21 slots=11 reboundBones=0 reboundMeshes=0 pending=6 restPose=109 quiet=39 latched=0
[HEAD_REBIND] member='player3' targets=18 slots=9 reboundBones=0 reboundMeshes=0 pending=1 restPose=111 quiet=39 latched=0
[HEAD_REBIND] member='player0' targets=18 slots=11 reboundBones=0 reboundMeshes=0 pending=2 restPose=105 quiet=40 latched=0
[HEAD_REBIND] member='player1' targets=19 slots=59 reboundBones=0 reboundMeshes=0 pending=3 restPose=111 quiet=40 latched=0
[HEAD_REBIND] member='player2' targets=21 slots=11 reboundBones=0 reboundMeshes=0 pending=6 restPose=109 quiet=40 latched=0
[HEAD_REBIND] member='player3' targets=18 slots=9 reboundBones=0 reboundMeshes=0 pending=1 restPose=111 quiet=40 latched=0
[HEAD_REBIND] member='player0' targets=18 slots=11 reboundBones=0 reboundMeshes=0 pending=2 restPose=105 quiet=41 latched=0
[HEAD_REBIND] member='player1' targets=19 slots=59 reboundBones=0 reboundMeshes=0 pending=3 restPose=111 quiet=41 latched=0
[HEAD_REBIND] member='player2' targets=21 slots=11 reboundBones=0 reboundMeshes=0 pending=6 restPose=109 quiet=41 latched=0
[HEAD_REBIND] member='player3' targets=18 slots=9 reboundBones=0 reboundMeshes=0 pending=1 restPose=111 quiet=41 latched=0
[HEAD_REBIND] member='player0' targets=18 slots=11 reboundBones=0 reboundMeshes=0 pending=2 restPose=105 quiet=42 latched=0
[HEAD_REBIND] member='player1' targets=19 slots=59 reboundBones=0 reboundMeshes=0 pending=3 restPose=111 quiet=42 latched=0
[HEAD_REBIND] member='player2' targets=21 slots=11 reboundBones=0 reboundMeshes=0 pending=6 restPose=109 quiet=42 latched=0
[HEAD_REBIND] member='player3' targets=18 slots=9 reboundBones=0 reboundMeshes=0 pending=1 restPose=111 quiet=42 latched=0
[HEAD_REBIND] member='player0' targets=18 slots=11 reboundBones=0 reboundMeshes=0 pending=2 restPose=105 quiet=43 latched=0
[HEAD_REBIND] member='player1' targets=19 slots=59 reboundBones=0 reboundMeshes=0 pending=3 restPose=111 quiet=43 latched=0
[HEAD_REBIND] member='player2' targets=21 slots=11 reboundBones=0 reboundMeshes=0 pending=6 restPose=109 quiet=43 latched=0
[HEAD_REBIND] member='player3' targets=18 slots=9 reboundBones=0 reboundMeshes=0 pending=1 restPose=111 quiet=43 latched=0
[HEAD_REBIND] member='player0' targets=18 slots=11 reboundBones=0 reboundMeshes=0 pending=2 restPose=105 quiet=44 latched=0
[HEAD_REBIND] member='player1' targets=19 slots=59 reboundBones=0 reboundMeshes=0 pending=3 restPose=111 quiet=44 latched=0
[HEAD_REBIND] member='player2' targets=21 slots=11 reboundBones=0 reboundMeshes=0 pending=6 restPose=109 quiet=44 latched=0
[HEAD_REBIND] member='player3' targets=18 slots=9 reboundBones=0 reboundMeshes=0 pending=1 restPose=111 quiet=44 latched=0
[HEAD_REBIND] member='player0' targets=18 slots=11 reboundBones=0 reboundMeshes=0 pending=2 restPose=105 quiet=45 latched=0
[HEAD_REBIND] member='player1' targets=19 slots=59 reboundBones=0 reboundMeshes=0 pending=3 restPose=111 quiet=45 latched=0
[HEAD_REBIND] member='player2' targets=21 slots=11 reboundBones=0 reboundMeshes=0 pending=6 restPose=109 quiet=45 latched=0
[HEAD_REBIND] member='player3' targets=18 slots=9 reboundBones=0 reboundMeshes=0 pending=1 restPose=111 quiet=45 latched=0
[HEAD_REBIND] member='player0' targets=18 slots=11 reboundBones=0 reboundMeshes=0 pending=2 restPose=105 quiet=46 latched=0
[HEAD_REBIND] member='player1' targets=19 slots=59 reboundBones=0 reboundMeshes=0 pending=3 restPose=111 quiet=46 latched=0
[HEAD_REBIND] member='player2' targets=21 slots=11 reboundBones=0 reboundMeshes=0 pending=6 restPose=109 quiet=46 latched=0
[HEAD_REBIND] member='player3' targets=18 slots=9 reboundBones=0 reboundMeshes=0 pending=1 restPose=111 quiet=46 latched=0
[HEAD_REBIND] member='player0' targets=18 slots=11 reboundBones=0 reboundMeshes=0 pending=2 restPose=105 quiet=47 latched=0
[HEAD_REBIND] member='player1' targets=19 slots=59 reboundBones=0 reboundMeshes=0 pending=3 restPose=111 quiet=47 latched=0
[HEAD_REBIND] member='player2' targets=21 slots=11 reboundBones=0 reboundMeshes=0 pending=6 restPose=109 quiet=47 latched=0
[HEAD_REBIND] member='player3' targets=18 slots=9 reboundBones=0 reboundMeshes=0 pending=1 restPose=111 quiet=47 latched=0
[HEAD_REBIND] member='player0' targets=18 slots=11 reboundBones=0 reboundMeshes=0 pending=2 restPose=105 quiet=48 latched=0
[HEAD_REBIND] member='player1' targets=19 slots=59 reboundBones=0 reboundMeshes=0 pending=3 restPose=111 quiet=48 latched=0
[HEAD_REBIND] member='player2' targets=21 slots=11 reboundBones=0 reboundMeshes=0 pending=6 restPose=109 quiet=48 latched=0
[HEAD_REBIND] member='player3' targets=18 slots=9 reboundBones=0 reboundMeshes=0 pending=1 restPose=111 quiet=48 latched=0
[HEAD_REBIND] member='player0' targets=18 slots=11 reboundBones=0 reboundMeshes=0 pending=2 restPose=105 quiet=49 latched=0
[HEAD_REBIND] member='player1' targets=19 slots=59 reboundBones=0 reboundMeshes=0 pending=3 restPose=111 quiet=49 latched=0
[HEAD_REBIND] member='player2' targets=21 slots=11 reboundBones=0 reboundMeshes=0 pending=6 restPose=109 quiet=49 latched=0
[HEAD_REBIND] member='player3' targets=18 slots=9 reboundBones=0 reboundMeshes=0 pending=1 restPose=111 quiet=49 latched=0
[HEAD_REBIND] member='player0' targets=18 slots=11 reboundBones=0 reboundMeshes=0 pending=2 restPose=105 quiet=50 latched=0
[HEAD_REBIND] member='player1' targets=19 slots=59 reboundBones=0 reboundMeshes=0 pending=3 restPose=111 quiet=50 latched=0
[HEAD_REBIND] member='player2' targets=21 slots=11 reboundBones=0 reboundMeshes=0 pending=6 restPose=109 quiet=50 latched=0
[HEAD_REBIND] member='player3' targets=18 slots=9 reboundBones=0 reboundMeshes=0 pending=1 restPose=111 quiet=50 latched=0
[HEAD_REBIND] member='player0' targets=18 slots=11 reboundBones=0 reboundMeshes=0 pending=2 restPose=105 quiet=51 latched=0
[HEAD_REBIND] member='player1' targets=19 slots=59 reboundBones=0 reboundMeshes=0 pending=3 restPose=111 quiet=51 latched=0
[HEAD_REBIND] member='player2' targets=21 slots=11 reboundBones=0 reboundMeshes=0 pending=6 restPose=109 quiet=51 latched=0
[HEAD_REBIND] member='player3' targets=18 slots=9 reboundBones=0 reboundMeshes=0 pending=1 restPose=111 quiet=51 latched=0
[HEAD_REBIND] member='player0' targets=18 slots=11 reboundBones=0 reboundMeshes=0 pending=2 restPose=105 quiet=52 latched=0
[HEAD_REBIND] member='player1' targets=19 slots=59 reboundBones=0 reboundMeshes=0 pending=3 restPose=111 quiet=52 latched=0
[HEAD_REBIND] member='player2' targets=21 slots=11 reboundBones=0 reboundMeshes=0 pending=6 restPose=109 quiet=52 latched=0
[HEAD_REBIND] member='player3' targets=18 slots=9 reboundBones=0 reboundMeshes=0 pending=1 restPose=111 quiet=52 latched=0
[HEAD_REBIND] member='player0' targets=18 slots=11 reboundBones=0 reboundMeshes=0 pending=2 restPose=105 quiet=53 latched=0
[HEAD_REBIND] member='player1' targets=19 slots=59 reboundBones=0 reboundMeshes=0 pending=3 restPose=111 quiet=53 latched=0
[HEAD_REBIND] member='player2' targets=21 slots=11 reboundBones=0 reboundMeshes=0 pending=6 restPose=109 quiet=53 latched=0
[HEAD_REBIND] member='player3' targets=18 slots=9 reboundBones=0 reboundMeshes=0 pending=1 restPose=111 quiet=53 latched=0
[HEAD_REBIND] member='player0' targets=18 slots=11 reboundBones=0 reboundMeshes=0 pending=2 restPose=105 quiet=54 latched=0
[HEAD_REBIND] member='player1' targets=19 slots=59 reboundBones=0 reboundMeshes=0 pending=3 restPose=111 quiet=54 latched=0
[HEAD_REBIND] member='player2' targets=21 slots=11 reboundBones=0 reboundMeshes=0 pending=6 restPose=109 quiet=54 latched=0
[HEAD_REBIND] member='player3' targets=18 slots=9 reboundBones=0 reboundMeshes=0 pending=1 restPose=111 quiet=54 latched=0
[HEAD_REBIND] member='player0' targets=18 slots=11 reboundBones=0 reboundMeshes=0 pending=2 restPose=105 quiet=55 latched=0
[HEAD_REBIND] member='player1' targets=19 slots=59 reboundBones=0 reboundMeshes=0 pending=3 restPose=111 quiet=55 latched=0
[HEAD_REBIND] member='player2' targets=21 slots=11 reboundBones=0 reboundMeshes=0 pending=6 restPose=109 quiet=55 latched=0
[HEAD_REBIND] member='player3' targets=18 slots=9 reboundBones=0 reboundMeshes=0 pending=1 restPose=111 quiet=55 latched=0
[HEAD_REBIND] member='player0' targets=18 slots=11 reboundBones=0 reboundMeshes=0 pending=2 restPose=105 quiet=56 latched=0
[HEAD_REBIND] member='player1' targets=19 slots=59 reboundBones=0 reboundMeshes=0 pending=3 restPose=111 quiet=56 latched=0
[HEAD_REBIND] member='player2' targets=21 slots=11 reboundBones=0 reboundMeshes=0 pending=6 restPose=109 quiet=56 latched=0
[HEAD_REBIND] member='player3' targets=18 slots=9 reboundBones=0 reboundMeshes=0 pending=1 restPose=111 quiet=56 latched=0
[HEAD_REBIND] member='player0' targets=18 slots=11 reboundBones=0 reboundMeshes=0 pending=2 restPose=105 quiet=57 latched=0
[HEAD_REBIND] member='player1' targets=19 slots=59 reboundBones=0 reboundMeshes=0 pending=3 restPose=111 quiet=57 latched=0
[HEAD_REBIND] member='player2' targets=21 slots=11 reboundBones=0 reboundMeshes=0 pending=6 restPose=109 quiet=57 latched=0
[HEAD_REBIND] member='player3' targets=18 slots=9 reboundBones=0 reboundMeshes=0 pending=1 restPose=111 quiet=57 latched=0
[HEAD_REBIND] member='player0' targets=18 slots=11 reboundBones=0 reboundMeshes=0 pending=2 restPose=105 quiet=58 latched=0
[HEAD_REBIND] member='player1' targets=19 slots=59 reboundBones=0 reboundMeshes=0 pending=3 restPose=111 quiet=58 latched=0
[HEAD_REBIND] member='player2' targets=21 slots=11 reboundBones=0 reboundMeshes=0 pending=6 restPose=109 quiet=58 latched=0
[HEAD_REBIND] member='player3' targets=18 slots=9 reboundBones=0 reboundMeshes=0 pending=1 restPose=111 quiet=58 latched=0
[HEAD_REBIND] member='player0' targets=18 slots=11 reboundBones=0 reboundMeshes=0 pending=2 restPose=105 quiet=59 latched=0
[HEAD_REBIND] member='player1' targets=19 slots=59 reboundBones=0 reboundMeshes=0 pending=3 restPose=111 quiet=59 latched=0
[HEAD_REBIND] member='player2' targets=21 slots=11 reboundBones=0 reboundMeshes=0 pending=6 restPose=109 quiet=59 latched=0
[HEAD_REBIND] member='player3' targets=18 slots=9 reboundBones=0 reboundMeshes=0 pending=1 restPose=111 quiet=59 latched=0
[HEAD_REBIND] member='player0' targets=18 slots=11 reboundBones=0 reboundMeshes=0 pending=2 restPose=105 quiet=60 latched=0
[HEAD_REBIND] member='player1' targets=19 slots=59 reboundBones=0 reboundMeshes=0 pending=3 restPose=111 quiet=60 latched=0
[HEAD_REBIND] member='player2' targets=21 slots=11 reboundBones=0 reboundMeshes=0 pending=6 restPose=109 quiet=60 latched=0
[HEAD_REBIND] member='player3' targets=18 slots=9 reboundBones=0 reboundMeshes=0 pending=1 restPose=111 quiet=60 latched=0
[HEAD_REBIND] member='player0' targets=18 slots=11 reboundBones=0 reboundMeshes=0 pending=2 restPose=105 quiet=61 latched=0
[HEAD_REBIND] member='player1' targets=19 slots=59 reboundBones=0 reboundMeshes=0 pending=3 restPose=111 quiet=61 latched=0
[HEAD_REBIND] member='player2' targets=21 slots=11 reboundBones=0 reboundMeshes=0 pending=6 restPose=109 quiet=61 latched=0
[HEAD_REBIND] member='player3' targets=18 slots=9 reboundBones=0 reboundMeshes=0 pending=1 restPose=111 quiet=61 latched=0
[HEAD_REBIND] member='player0' targets=18 slots=11 reboundBones=0 reboundMeshes=0 pending=2 restPose=105 quiet=62 latched=0
[HEAD_REBIND] member='player1' targets=19 slots=59 reboundBones=0 reboundMeshes=0 pending=3 restPose=111 quiet=62 latched=0
[HEAD_REBIND] member='player2' targets=21 slots=11 reboundBones=0 reboundMeshes=0 pending=6 restPose=109 quiet=62 latched=0
[HEAD_REBIND] member='player3' targets=18 slots=9 reboundBones=0 reboundMeshes=0 pending=1 restPose=111 quiet=62 latched=0
[HEAD_REBIND] member='player0' targets=18 slots=11 reboundBones=0 reboundMeshes=0 pending=2 restPose=105 quiet=63 latched=0
[HEAD_REBIND] member='player1' targets=19 slots=59 reboundBones=0 reboundMeshes=0 pending=3 restPose=111 quiet=63 latched=0
[HEAD_REBIND] member='player2' targets=21 slots=11 reboundBones=0 reboundMeshes=0 pending=6 restPose=109 quiet=63 latched=0
[HEAD_REBIND] member='player3' targets=18 slots=9 reboundBones=0 reboundMeshes=0 pending=1 restPose=111 quiet=63 latched=0
[HEAD_REBIND] member='player0' targets=18 slots=11 reboundBones=0 reboundMeshes=0 pending=2 restPose=105 quiet=64 latched=0
[HEAD_REBIND] member='player1' targets=19 slots=59 reboundBones=0 reboundMeshes=0 pending=3 restPose=111 quiet=64 latched=0
[HEAD_REBIND] member='player2' targets=21 slots=11 reboundBones=0 reboundMeshes=0 pending=6 restPose=109 quiet=64 latched=0
[HEAD_REBIND] member='player3' targets=18 slots=9 reboundBones=0 reboundMeshes=0 pending=1 restPose=111 quiet=64 latched=0
[HEAD_REBIND] member='player0' targets=18 slots=11 reboundBones=0 reboundMeshes=0 pending=2 restPose=105 quiet=65 latched=0
[HEAD_REBIND] member='player1' targets=19 slots=59 reboundBones=0 reboundMeshes=0 pending=3 restPose=111 quiet=65 latched=0
[HEAD_REBIND] member='player2' targets=21 slots=11 reboundBones=0 reboundMeshes=0 pending=6 restPose=109 quiet=65 latched=0
[HEAD_REBIND] member='player3' targets=18 slots=9 reboundBones=0 reboundMeshes=0 pending=1 restPose=111 quiet=65 latched=0
[HEAD_REBIND] member='player0' targets=18 slots=11 reboundBones=0 reboundMeshes=0 pending=2 restPose=105 quiet=66 latched=0
[HEAD_REBIND] member='player1' targets=19 slots=59 reboundBones=0 reboundMeshes=0 pending=3 restPose=111 quiet=66 latched=0
[HEAD_REBIND] member='player2' targets=21 slots=11 reboundBones=0 reboundMeshes=0 pending=6 restPose=109 quiet=66 latched=0
[HEAD_REBIND] member='player3' targets=18 slots=9 reboundBones=0 reboundMeshes=0 pending=1 restPose=111 quiet=66 latched=0
[HEAD_REBIND] member='player0' targets=18 slots=11 reboundBones=0 reboundMeshes=0 pending=2 restPose=105 quiet=67 latched=0
[HEAD_REBIND] member='player1' targets=19 slots=59 reboundBones=0 reboundMeshes=0 pending=3 restPose=111 quiet=67 latched=0
[HEAD_REBIND] member='player2' targets=21 slots=11 reboundBones=0 reboundMeshes=0 pending=6 restPose=109 quiet=67 latched=0
[HEAD_REBIND] member='player3' targets=18 slots=9 reboundBones=0 reboundMeshes=0 pending=1 restPose=111 quiet=67 latched=0
[HEAD_REBIND] member='player0' targets=18 slots=11 reboundBones=0 reboundMeshes=0 pending=2 restPose=105 quiet=68 latched=0
[HEAD_REBIND] member='player1' targets=19 slots=59 reboundBones=0 reboundMeshes=0 pending=3 restPose=111 quiet=68 latched=0
[HEAD_REBIND] member='player2' targets=21 slots=11 reboundBones=0 reboundMeshes=0 pending=6 restPose=109 quiet=68 latched=0
[HEAD_REBIND] member='player3' targets=18 slots=9 reboundBones=0 reboundMeshes=0 pending=1 restPose=111 quiet=68 latched=0
[HEAD_REBIND] member='player0' targets=18 slots=11 reboundBones=0 reboundMeshes=0 pending=2 restPose=105 quiet=69 latched=0
[HEAD_REBIND] member='player1' targets=19 slots=59 reboundBones=0 reboundMeshes=0 pending=3 restPose=111 quiet=69 latched=0
[HEAD_REBIND] member='player2' targets=21 slots=11 reboundBones=0 reboundMeshes=0 pending=6 restPose=109 quiet=69 latched=0
[HEAD_REBIND] member='player3' targets=18 slots=9 reboundBones=0 reboundMeshes=0 pending=1 restPose=111 quiet=69 latched=0
[HEAD_REBIND] member='player0' targets=18 slots=11 reboundBones=0 reboundMeshes=0 pending=2 restPose=105 quiet=70 latched=0
[HEAD_REBIND] member='player1' targets=19 slots=59 reboundBones=0 reboundMeshes=0 pending=3 restPose=111 quiet=70 latched=0
[HEAD_REBIND] member='player2' targets=21 slots=11 reboundBones=0 reboundMeshes=0 pending=6 restPose=109 quiet=70 latched=0
[HEAD_REBIND] member='player3' targets=18 slots=9 reboundBones=0 reboundMeshes=0 pending=1 restPose=111 quiet=70 latched=0
[HEAD_REBIND] member='player0' targets=18 slots=11 reboundBones=0 reboundMeshes=0 pending=2 restPose=105 quiet=71 latched=0
[HEAD_REBIND] member='player1' targets=19 slots=59 reboundBones=0 reboundMeshes=0 pending=3 restPose=111 quiet=71 latched=0
[HEAD_REBIND] member='player2' targets=21 slots=11 reboundBones=0 reboundMeshes=0 pending=6 restPose=109 quiet=71 latched=0
[HEAD_REBIND] member='player3' targets=18 slots=9 reboundBones=0 reboundMeshes=0 pending=1 restPose=111 quiet=71 latched=0
[HEAD_REBIND] member='player0' targets=18 slots=11 reboundBones=0 reboundMeshes=0 pending=2 restPose=105 quiet=72 latched=0
[HEAD_REBIND] member='player1' targets=19 slots=59 reboundBones=0 reboundMeshes=0 pending=3 restPose=111 quiet=72 latched=0
[HEAD_REBIND] member='player2' targets=21 slots=11 reboundBones=0 reboundMeshes=0 pending=6 restPose=109 quiet=72 latched=0
[HEAD_REBIND] member='player3' targets=18 slots=9 reboundBones=0 reboundMeshes=0 pending=1 restPose=111 quiet=72 latched=0
[HEAD_REBIND] member='player0' targets=18 slots=11 reboundBones=0 reboundMeshes=0 pending=2 restPose=105 quiet=73 latched=0
[HEAD_REBIND] member='player1' targets=19 slots=59 reboundBones=0 reboundMeshes=0 pending=3 restPose=111 quiet=73 latched=0
[HEAD_REBIND] member='player2' targets=21 slots=11 reboundBones=0 reboundMeshes=0 pending=6 restPose=109 quiet=73 latched=0
[HEAD_REBIND] member='player3' targets=18 slots=9 reboundBones=0 reboundMeshes=0 pending=1 restPose=111 quiet=73 latched=0
[HEAD_REBIND] member='player0' targets=18 slots=11 reboundBones=0 reboundMeshes=0 pending=2 restPose=105 quiet=74 latched=0
[HEAD_REBIND] member='player1' targets=19 slots=59 reboundBones=0 reboundMeshes=0 pending=3 restPose=111 quiet=74 latched=0
[HEAD_REBIND] member='player2' targets=21 slots=11 reboundBones=0 reboundMeshes=0 pending=6 restPose=109 quiet=74 latched=0
[HEAD_REBIND] member='player3' targets=18 slots=9 reboundBones=0 reboundMeshes=0 pending=1 restPose=111 quiet=74 latched=0
[HEAD_REBIND] member='player0' targets=18 slots=11 reboundBones=0 reboundMeshes=0 pending=2 restPose=105 quiet=75 latched=0
[HEAD_REBIND] member='player1' targets=19 slots=59 reboundBones=0 reboundMeshes=0 pending=3 restPose=111 quiet=75 latched=0
[HEAD_REBIND] member='player2' targets=21 slots=11 reboundBones=0 reboundMeshes=0 pending=6 restPose=109 quiet=75 latched=0
[HEAD_REBIND] member='player3' targets=18 slots=9 reboundBones=0 reboundMeshes=0 pending=1 restPose=111 quiet=75 latched=0
[HEAD_REBIND] member='player0' targets=18 slots=11 reboundBones=0 reboundMeshes=0 pending=2 restPose=105 quiet=76 latched=0
[HEAD_REBIND] member='player1' targets=19 slots=59 reboundBones=0 reboundMeshes=0 pending=3 restPose=111 quiet=76 latched=0
[HEAD_REBIND] member='player2' targets=21 slots=11 reboundBones=0 reboundMeshes=0 pending=6 restPose=109 quiet=76 latched=0
[HEAD_REBIND] member='player3' targets=18 slots=9 reboundBones=0 reboundMeshes=0 pending=1 restPose=111 quiet=76 latched=0
[HEAD_REBIND] member='player0' targets=18 slots=11 reboundBones=0 reboundMeshes=0 pending=2 restPose=105 quiet=77 latched=0
[HEAD_REBIND] member='player1' targets=19 slots=59 reboundBones=0 reboundMeshes=0 pending=3 restPose=111 quiet=77 latched=0
[HEAD_REBIND] member='player2' targets=21 slots=11 reboundBones=0 reboundMeshes=0 pending=6 restPose=109 quiet=77 latched=0
[HEAD_REBIND] member='player3' targets=18 slots=9 reboundBones=0 reboundMeshes=0 pending=1 restPose=111 quiet=77 latched=0
[HEAD_REBIND] member='player0' targets=18 slots=11 reboundBones=0 reboundMeshes=0 pending=2 restPose=105 quiet=78 latched=0
[HEAD_REBIND] member='player1' targets=19 slots=59 reboundBones=0 reboundMeshes=0 pending=3 restPose=111 quiet=78 latched=0
[HEAD_REBIND] member='player2' targets=21 slots=11 reboundBones=0 reboundMeshes=0 pending=6 restPose=109 quiet=78 latched=0
[HEAD_REBIND] member='player3' targets=18 slots=9 reboundBones=0 reboundMeshes=0 pending=1 restPose=111 quiet=78 latched=0
[HEAD_REBIND] member='player0' targets=18 slots=11 reboundBones=0 reboundMeshes=0 pending=2 restPose=105 quiet=79 latched=0
[HEAD_REBIND] member='player1' targets=19 slots=59 reboundBones=0 reboundMeshes=0 pending=3 restPose=111 quiet=79 latched=0
[HEAD_REBIND] member='player2' targets=21 slots=11 reboundBones=0 reboundMeshes=0 pending=6 restPose=109 quiet=79 latched=0
[HEAD_REBIND] member='player3' targets=18 slots=9 reboundBones=0 reboundMeshes=0 pending=1 restPose=111 quiet=79 latched=0
[HEAD_REBIND] member='player0' targets=18 slots=11 reboundBones=0 reboundMeshes=0 pending=2 restPose=105 quiet=80 latched=0
[HEAD_REBIND] member='player1' targets=19 slots=59 reboundBones=0 reboundMeshes=0 pending=3 restPose=111 quiet=80 latched=0
[HEAD_REBIND] member='player2' targets=21 slots=11 reboundBones=0 reboundMeshes=0 pending=6 restPose=109 quiet=80 latched=0
[HEAD_REBIND] member='player3' targets=18 slots=9 reboundBones=0 reboundMeshes=0 pending=1 restPose=111 quiet=80 latched=0
[HEAD_REBIND] member='player0' targets=18 slots=11 reboundBones=0 reboundMeshes=0 pending=2 restPose=105 quiet=81 latched=0
[HEAD_REBIND] member='player1' targets=19 slots=59 reboundBones=0 reboundMeshes=0 pending=3 restPose=111 quiet=81 latched=0
[HEAD_REBIND] member='player2' targets=21 slots=11 reboundBones=0 reboundMeshes=0 pending=6 restPose=109 quiet=81 latched=0
[HEAD_REBIND] member='player3' targets=18 slots=9 reboundBones=0 reboundMeshes=0 pending=1 restPose=111 quiet=81 latched=0
[HEAD_REBIND] member='player0' targets=18 slots=11 reboundBones=0 reboundMeshes=0 pending=2 restPose=105 quiet=82 latched=0
[HEAD_REBIND] member='player1' targets=19 slots=59 reboundBones=0 reboundMeshes=0 pending=3 restPose=111 quiet=82 latched=0
[HEAD_REBIND] member='player2' targets=21 slots=11 reboundBones=0 reboundMeshes=0 pending=6 restPose=109 quiet=82 latched=0
[HEAD_REBIND] member='player3' targets=18 slots=9 reboundBones=0 reboundMeshes=0 pending=1 restPose=111 quiet=82 latched=0
[HEAD_REBIND] member='player0' targets=18 slots=11 reboundBones=0 reboundMeshes=0 pending=2 restPose=105 quiet=83 latched=0
[HEAD_REBIND] member='player1' targets=19 slots=59 reboundBones=0 reboundMeshes=0 pending=3 restPose=111 quiet=83 latched=0
[HEAD_REBIND] member='player2' targets=21 slots=11 reboundBones=0 reboundMeshes=0 pending=6 restPose=109 quiet=83 latched=0
[HEAD_REBIND] member='player3' targets=18 slots=9 reboundBones=0 reboundMeshes=0 pending=1 restPose=111 quiet=83 latched=0
[HEAD_REBIND] member='player0' targets=18 slots=11 reboundBones=0 reboundMeshes=0 pending=2 restPose=105 quiet=84 latched=0
[HEAD_REBIND] member='player1' targets=19 slots=59 reboundBones=0 reboundMeshes=0 pending=3 restPose=111 quiet=84 latched=0
[HEAD_REBIND] member='player2' targets=21 slots=11 reboundBones=0 reboundMeshes=0 pending=6 restPose=109 quiet=84 latched=0
[HEAD_REBIND] member='player3' targets=18 slots=9 reboundBones=0 reboundMeshes=0 pending=1 restPose=111 quiet=84 latched=0
[HEAD_REBIND] member='player0' targets=18 slots=11 reboundBones=0 reboundMeshes=0 pending=2 restPose=105 quiet=85 latched=0
[HEAD_REBIND] member='player1' targets=19 slots=59 reboundBones=0 reboundMeshes=0 pending=3 restPose=111 quiet=85 latched=0
[HEAD_REBIND] member='player2' targets=21 slots=11 reboundBones=0 reboundMeshes=0 pending=6 restPose=109 quiet=85 latched=0
[HEAD_REBIND] member='player3' targets=18 slots=9 reboundBones=0 reboundMeshes=0 pending=1 restPose=111 quiet=85 latched=0
[HEAD_REBIND] member='player0' targets=18 slots=11 reboundBones=0 reboundMeshes=0 pending=2 restPose=105 quiet=86 latched=0
[HEAD_REBIND] member='player1' targets=19 slots=59 reboundBones=0 reboundMeshes=0 pending=3 restPose=111 quiet=86 latched=0
[HEAD_REBIND] member='player2' targets=21 slots=11 reboundBones=0 reboundMeshes=0 pending=6 restPose=109 quiet=86 latched=0
[HEAD_REBIND] member='player3' targets=18 slots=9 reboundBones=0 reboundMeshes=0 pending=1 restPose=111 quiet=86 latched=0
[HEAD_REBIND] member='player0' targets=18 slots=11 reboundBones=0 reboundMeshes=0 pending=2 restPose=105 quiet=87 latched=0
[HEAD_REBIND] member='player1' targets=19 slots=59 reboundBones=0 reboundMeshes=0 pending=3 restPose=111 quiet=87 latched=0
[HEAD_REBIND] member='player2' targets=21 slots=11 reboundBones=0 reboundMeshes=0 pending=6 restPose=109 quiet=87 latched=0
[HEAD_REBIND] member='player3' targets=18 slots=9 reboundBones=0 reboundMeshes=0 pending=1 restPose=111 quiet=87 latched=0
[HEAD_REBIND] member='player0' targets=18 slots=11 reboundBones=0 reboundMeshes=0 pending=2 restPose=105 quiet=88 latched=0
[HEAD_REBIND] member='player1' targets=19 slots=59 reboundBones=0 reboundMeshes=0 pending=3 restPose=111 quiet=88 latched=0
[HEAD_REBIND] member='player2' targets=21 slots=11 reboundBones=0 reboundMeshes=0 pending=6 restPose=109 quiet=88 latched=0
[HEAD_REBIND] member='player3' targets=18 slots=9 reboundBones=0 reboundMeshes=0 pending=1 restPose=111 quiet=88 latched=0
[HEAD_REBIND] member='player0' targets=18 slots=11 reboundBones=0 reboundMeshes=0 pending=2 restPose=105 quiet=89 latched=0
[HEAD_REBIND] member='player1' targets=19 slots=59 reboundBones=0 reboundMeshes=0 pending=3 restPose=111 quiet=89 latched=0
[HEAD_REBIND] member='player2' targets=21 slots=11 reboundBones=0 reboundMeshes=0 pending=6 restPose=109 quiet=89 latched=0
[HEAD_REBIND] member='player3' targets=18 slots=9 reboundBones=0 reboundMeshes=0 pending=1 restPose=111 quiet=89 latched=0
[HEAD_REBIND] member='player0' targets=18 slots=11 reboundBones=0 reboundMeshes=0 pending=2 restPose=105 quiet=90 latched=0
[HEAD_REBIND] member='player1' targets=19 slots=59 reboundBones=0 reboundMeshes=0 pending=3 restPose=111 quiet=90 latched=0
[HEAD_REBIND] member='player2' targets=21 slots=11 reboundBones=0 reboundMeshes=0 pending=6 restPose=109 quiet=90 latched=0
[HEAD_REBIND] member='player3' targets=18 slots=9 reboundBones=0 reboundMeshes=0 pending=1 restPose=111 quiet=90 latched=0
[HEAD_REBIND] member='player0' targets=18 slots=11 reboundBones=0 reboundMeshes=0 pending=2 restPose=105 quiet=91 latched=0
[HEAD_REBIND] member='player1' targets=19 slots=59 reboundBones=0 reboundMeshes=0 pending=3 restPose=111 quiet=91 latched=0
[HEAD_REBIND] member='player2' targets=21 slots=11 reboundBones=0 reboundMeshes=0 pending=6 restPose=109 quiet=91 latched=0
[HEAD_REBIND] member='player3' targets=18 slots=9 reboundBones=0 reboundMeshes=0 pending=1 restPose=111 quiet=91 latched=0
[HEAD_REBIND] member='player0' targets=18 slots=11 reboundBones=0 reboundMeshes=0 pending=2 restPose=105 quiet=92 latched=0
[HEAD_REBIND] member='player1' targets=19 slots=59 reboundBones=0 reboundMeshes=0 pending=3 restPose=111 quiet=92 latched=0
[HEAD_REBIND] member='player2' targets=21 slots=11 reboundBones=0 reboundMeshes=0 pending=6 restPose=109 quiet=92 latched=0
[HEAD_REBIND] member='player3' targets=18 slots=9 reboundBones=0 reboundMeshes=0 pending=1 restPose=111 quiet=92 latched=0
[HEAD_REBIND] member='player0' targets=18 slots=11 reboundBones=0 reboundMeshes=0 pending=2 restPose=105 quiet=93 latched=0
[HEAD_REBIND] member='player1' targets=19 slots=59 reboundBones=0 reboundMeshes=0 pending=3 restPose=111 quiet=93 latched=0
[HEAD_REBIND] member='player2' targets=21 slots=11 reboundBones=0 reboundMeshes=0 pending=6 restPose=109 quiet=93 latched=0
[HEAD_REBIND] member='player3' targets=18 slots=9 reboundBones=0 reboundMeshes=0 pending=1 restPose=111 quiet=93 latched=0
[HEAD_REBIND] member='player0' targets=18 slots=11 reboundBones=0 reboundMeshes=0 pending=2 restPose=105 quiet=94 latched=0
[HEAD_REBIND] member='player1' targets=19 slots=59 reboundBones=0 reboundMeshes=0 pending=3 restPose=111 quiet=94 latched=0
[HEAD_REBIND] member='player2' targets=21 slots=11 reboundBones=0 reboundMeshes=0 pending=6 restPose=109 quiet=94 latched=0
[HEAD_REBIND] member='player3' targets=18 slots=9 reboundBones=0 reboundMeshes=0 pending=1 restPose=111 quiet=94 latched=0
[HEAD_REBIND] member='player0' targets=18 slots=11 reboundBones=0 reboundMeshes=0 pending=2 restPose=105 quiet=95 latched=0
[HEAD_REBIND] member='player1' targets=19 slots=59 reboundBones=0 reboundMeshes=0 pending=3 restPose=111 quiet=95 latched=0
[HEAD_REBIND] member='player2' targets=21 slots=11 reboundBones=0 reboundMeshes=0 pending=6 restPose=109 quiet=95 latched=0
[HEAD_REBIND] member='player3' targets=18 slots=9 reboundBones=0 reboundMeshes=0 pending=1 restPose=111 quiet=95 latched=0
[HEAD_REBIND] member='player0' targets=18 slots=11 reboundBones=0 reboundMeshes=0 pending=2 restPose=105 quiet=96 latched=0
[HEAD_REBIND] member='player1' targets=19 slots=59 reboundBones=0 reboundMeshes=0 pending=3 restPose=111 quiet=96 latched=0
[HEAD_REBIND] member='player2' targets=21 slots=11 reboundBones=0 reboundMeshes=0 pending=6 restPose=109 quiet=96 latched=0
[HEAD_REBIND] member='player3' targets=18 slots=9 reboundBones=0 reboundMeshes=0 pending=1 restPose=111 quiet=96 latched=0
[HEAD_REBIND] member='player0' targets=18 slots=11 reboundBones=0 reboundMeshes=0 pending=2 restPose=105 quiet=97 latched=0
[HEAD_REBIND] member='player1' targets=19 slots=59 reboundBones=0 reboundMeshes=0 pending=3 restPose=111 quiet=97 latched=0
[HEAD_REBIND] member='player2' targets=21 slots=11 reboundBones=0 reboundMeshes=0 pending=6 restPose=109 quiet=97 latched=0
[HEAD_REBIND] member='player3' targets=18 slots=9 reboundBones=0 reboundMeshes=0 pending=1 restPose=111 quiet=97 latched=0
[HEAD_REBIND] member='player0' targets=18 slots=11 reboundBones=0 reboundMeshes=0 pending=2 restPose=105 quiet=98 latched=0
[HEAD_REBIND] member='player1' targets=19 slots=59 reboundBones=0 reboundMeshes=0 pending=3 restPose=111 quiet=98 latched=0
[HEAD_REBIND] member='player2' targets=21 slots=11 reboundBones=0 reboundMeshes=0 pending=6 restPose=109 quiet=98 latched=0
[HEAD_REBIND] member='player3' targets=18 slots=9 reboundBones=0 reboundMeshes=0 pending=1 restPose=111 quiet=98 latched=0
[HEAD_REBIND] member='player0' targets=18 slots=11 reboundBones=0 reboundMeshes=0 pending=2 restPose=105 quiet=99 latched=0
[HEAD_REBIND] member='player1' targets=19 slots=59 reboundBones=0 reboundMeshes=0 pending=3 restPose=111 quiet=99 latched=0
[HEAD_REBIND] member='player2' targets=21 slots=11 reboundBones=0 reboundMeshes=0 pending=6 restPose=109 quiet=99 latched=0
[HEAD_REBIND] member='player3' targets=18 slots=9 reboundBones=0 reboundMeshes=0 pending=1 restPose=111 quiet=99 latched=0
[HEAD_REBIND] member='player0' targets=18 slots=11 reboundBones=0 reboundMeshes=0 pending=2 restPose=105 quiet=100 latched=0
[HEAD_REBIND] member='player1' targets=19 slots=59 reboundBones=0 reboundMeshes=0 pending=3 restPose=111 quiet=100 latched=0
[HEAD_REBIND] member='player2' targets=21 slots=11 reboundBones=0 reboundMeshes=0 pending=6 restPose=109 quiet=100 latched=0
[HEAD_REBIND] member='player3' targets=18 slots=9 reboundBones=0 reboundMeshes=0 pending=1 restPose=111 quiet=100 latched=0
[HEAD_REBIND] member='player0' targets=18 slots=11 reboundBones=0 reboundMeshes=0 pending=2 restPose=105 quiet=101 latched=0
[HEAD_REBIND] member='player1' targets=19 slots=59 reboundBones=0 reboundMeshes=0 pending=3 restPose=111 quiet=101 latched=0
[HEAD_REBIND] member='player2' targets=21 slots=11 reboundBones=0 reboundMeshes=0 pending=6 restPose=109 quiet=101 latched=0
[HEAD_REBIND] member='player3' targets=18 slots=9 reboundBones=0 reboundMeshes=0 pending=1 restPose=111 quiet=101 latched=0
[HEAD_REBIND] member='player0' targets=18 slots=11 reboundBones=0 reboundMeshes=0 pending=2 restPose=105 quiet=102 latched=0
[HEAD_REBIND] member='player1' targets=19 slots=59 reboundBones=0 reboundMeshes=0 pending=3 restPose=111 quiet=102 latched=0
[HEAD_REBIND] member='player2' targets=21 slots=11 reboundBones=0 reboundMeshes=0 pending=6 restPose=109 quiet=102 latched=0
[HEAD_REBIND] member='player3' targets=18 slots=9 reboundBones=0 reboundMeshes=0 pending=1 restPose=111 quiet=102 latched=0
[HEAD_REBIND] member='player0' targets=18 slots=11 reboundBones=0 reboundMeshes=0 pending=2 restPose=105 quiet=103 latched=0
[HEAD_REBIND] member='player1' targets=19 slots=59 reboundBones=0 reboundMeshes=0 pending=3 restPose=111 quiet=103 latched=0
[HEAD_REBIND] member='player2' targets=21 slots=11 reboundBones=0 reboundMeshes=0 pending=6 restPose=109 quiet=103 latched=0
[HEAD_REBIND] member='player3' targets=18 slots=9 reboundBones=0 reboundMeshes=0 pending=1 restPose=111 quiet=103 latched=0
[HEAD_REBIND] member='player0' targets=18 slots=11 reboundBones=0 reboundMeshes=0 pending=2 restPose=105 quiet=104 latched=0
[HEAD_REBIND] member='player1' targets=19 slots=59 reboundBones=0 reboundMeshes=0 pending=3 restPose=111 quiet=104 latched=0
[HEAD_REBIND] member='player2' targets=21 slots=11 reboundBones=0 reboundMeshes=0 pending=6 restPose=109 quiet=104 latched=0
[HEAD_REBIND] member='player3' targets=18 slots=9 reboundBones=0 reboundMeshes=0 pending=1 restPose=111 quiet=104 latched=0
[HEAD_REBIND] member='player0' targets=18 slots=11 reboundBones=0 reboundMeshes=0 pending=2 restPose=105 quiet=105 latched=0
[HEAD_REBIND] member='player1' targets=19 slots=59 reboundBones=0 reboundMeshes=0 pending=3 restPose=111 quiet=105 latched=0
[HEAD_REBIND] member='player2' targets=21 slots=11 reboundBones=0 reboundMeshes=0 pending=6 restPose=109 quiet=105 latched=0
[HEAD_REBIND] member='player3' targets=18 slots=9 reboundBones=0 reboundMeshes=0 pending=1 restPose=111 quiet=105 latched=0
[HEAD_REBIND] member='player0' targets=18 slots=11 reboundBones=0 reboundMeshes=0 pending=2 restPose=105 quiet=106 latched=0
[HEAD_REBIND] member='player1' targets=19 slots=59 reboundBones=0 reboundMeshes=0 pending=3 restPose=111 quiet=106 latched=0
[HEAD_REBIND] member='player2' targets=21 slots=11 reboundBones=0 reboundMeshes=0 pending=6 restPose=109 quiet=106 latched=0
[HEAD_REBIND] member='player3' targets=18 slots=9 reboundBones=0 reboundMeshes=0 pending=1 restPose=111 quiet=106 latched=0
[HEAD_REBIND] member='player0' targets=18 slots=11 reboundBones=0 reboundMeshes=0 pending=2 restPose=105 quiet=107 latched=0
[HEAD_REBIND] member='player1' targets=19 slots=59 reboundBones=0 reboundMeshes=0 pending=3 restPose=111 quiet=107 latched=0
[HEAD_REBIND] member='player2' targets=21 slots=11 reboundBones=0 reboundMeshes=0 pending=6 restPose=109 quiet=107 latched=0
[HEAD_REBIND] member='player3' targets=18 slots=9 reboundBones=0 reboundMeshes=0 pending=1 restPose=111 quiet=107 latched=0
[HEAD_REBIND] member='player0' targets=18 slots=11 reboundBones=0 reboundMeshes=0 pending=2 restPose=105 quiet=108 latched=0
[HEAD_REBIND] member='player1' targets=19 slots=59 reboundBones=0 reboundMeshes=0 pending=3 restPose=111 quiet=108 latched=0
[HEAD_REBIND] member='player2' targets=21 slots=11 reboundBones=0 reboundMeshes=0 pending=6 restPose=109 quiet=108 latched=0
[HEAD_REBIND] member='player3' targets=18 slots=9 reboundBones=0 reboundMeshes=0 pending=1 restPose=111 quiet=108 latched=0
[HEAD_REBIND] member='player0' targets=18 slots=11 reboundBones=0 reboundMeshes=0 pending=2 restPose=105 quiet=109 latched=0
[HEAD_REBIND] member='player1' targets=19 slots=59 reboundBones=0 reboundMeshes=0 pending=3 restPose=111 quiet=109 latched=0
[HEAD_REBIND] member='player2' targets=21 slots=11 reboundBones=0 reboundMeshes=0 pending=6 restPose=109 quiet=109 latched=0
[HEAD_REBIND] member='player3' targets=18 slots=9 reboundBones=0 reboundMeshes=0 pending=1 restPose=111 quiet=109 latched=0
[HEAD_REBIND] member='player0' targets=18 slots=11 reboundBones=0 reboundMeshes=0 pending=2 restPose=105 quiet=110 latched=0
[HEAD_REBIND] member='player1' targets=19 slots=59 reboundBones=0 reboundMeshes=0 pending=3 restPose=111 quiet=110 latched=0
[HEAD_REBIND] member='player2' targets=21 slots=11 reboundBones=0 reboundMeshes=0 pending=6 restPose=109 quiet=110 latched=0
[HEAD_REBIND] member='player3' targets=18 slots=9 reboundBones=0 reboundMeshes=0 pending=1 restPose=111 quiet=110 latched=0
[HEAD_REBIND] member='player0' targets=18 slots=11 reboundBones=0 reboundMeshes=0 pending=2 restPose=105 quiet=111 latched=0
[HEAD_REBIND] member='player1' targets=19 slots=59 reboundBones=0 reboundMeshes=0 pending=3 restPose=111 quiet=111 latched=0
[HEAD_REBIND] member='player2' targets=21 slots=11 reboundBones=0 reboundMeshes=0 pending=6 restPose=109 quiet=111 latched=0
[HEAD_REBIND] member='player3' targets=18 slots=9 reboundBones=0 reboundMeshes=0 pending=1 restPose=111 quiet=111 latched=0
[HEAD_REBIND] member='player0' targets=18 slots=11 reboundBones=0 reboundMeshes=0 pending=2 restPose=105 quiet=112 latched=0
[HEAD_REBIND] member='player1' targets=19 slots=59 reboundBones=0 reboundMeshes=0 pending=3 restPose=111 quiet=112 latched=0
[HEAD_REBIND] member='player2' targets=21 slots=11 reboundBones=0 reboundMeshes=0 pending=6 restPose=109 quiet=112 latched=0
[HEAD_REBIND] member='player3' targets=18 slots=9 reboundBones=0 reboundMeshes=0 pending=1 restPose=111 quiet=112 latched=0
[HEAD_REBIND] member='player0' targets=18 slots=11 reboundBones=0 reboundMeshes=0 pending=2 restPose=105 quiet=113 latched=0
[HEAD_REBIND] member='player1' targets=19 slots=59 reboundBones=0 reboundMeshes=0 pending=3 restPose=111 quiet=113 latched=0
[HEAD_REBIND] member='player2' targets=21 slots=11 reboundBones=0 reboundMeshes=0 pending=6 restPose=109 quiet=113 latched=0
[HEAD_REBIND] member='player3' targets=18 slots=9 reboundBones=0 reboundMeshes=0 pending=1 restPose=111 quiet=113 latched=0
[HEAD_REBIND] member='player0' targets=18 slots=11 reboundBones=0 reboundMeshes=0 pending=2 restPose=105 quiet=114 latched=0
[HEAD_REBIND] member='player1' targets=19 slots=59 reboundBones=0 reboundMeshes=0 pending=3 restPose=111 quiet=114 latched=0
[HEAD_REBIND] member='player2' targets=21 slots=11 reboundBones=0 reboundMeshes=0 pending=6 restPose=109 quiet=114 latched=0
[HEAD_REBIND] member='player3' targets=18 slots=9 reboundBones=0 reboundMeshes=0 pending=1 restPose=111 quiet=114 latched=0
[HEAD_REBIND] member='player0' targets=18 slots=11 reboundBones=0 reboundMeshes=0 pending=2 restPose=105 quiet=115 latched=0
[HEAD_REBIND] member='player1' targets=19 slots=59 reboundBones=0 reboundMeshes=0 pending=3 restPose=111 quiet=115 latched=0
[HEAD_REBIND] member='player2' targets=21 slots=11 reboundBones=0 reboundMeshes=0 pending=6 restPose=109 quiet=115 latched=0
[HEAD_REBIND] member='player3' targets=18 slots=9 reboundBones=0 reboundMeshes=0 pending=1 restPose=111 quiet=115 latched=0
[HEAD_REBIND] member='player0' targets=18 slots=11 reboundBones=0 reboundMeshes=0 pending=2 restPose=105 quiet=116 latched=0
[HEAD_REBIND] member='player1' targets=19 slots=59 reboundBones=0 reboundMeshes=0 pending=3 restPose=111 quiet=116 latched=0
[HEAD_REBIND] member='player2' targets=21 slots=11 reboundBones=0 reboundMeshes=0 pending=6 restPose=109 quiet=116 latched=0
[HEAD_REBIND] member='player3' targets=18 slots=9 reboundBones=0 reboundMeshes=0 pending=1 restPose=111 quiet=116 latched=0
[HEAD_REBIND] member='player0' targets=18 slots=11 reboundBones=0 reboundMeshes=0 pending=2 restPose=105 quiet=117 latched=0
[HEAD_REBIND] member='player1' targets=19 slots=59 reboundBones=0 reboundMeshes=0 pending=3 restPose=111 quiet=117 latched=0
[HEAD_REBIND] member='player2' targets=21 slots=11 reboundBones=0 reboundMeshes=0 pending=6 restPose=109 quiet=117 latched=0
[HEAD_REBIND] member='player3' targets=18 slots=9 reboundBones=0 reboundMeshes=0 pending=1 restPose=111 quiet=117 latched=0
[HEAD_REBIND] member='player0' targets=18 slots=11 reboundBones=0 reboundMeshes=0 pending=2 restPose=105 quiet=118 latched=0
[HEAD_REBIND] member='player1' targets=19 slots=59 reboundBones=0 reboundMeshes=0 pending=3 restPose=111 quiet=118 latched=0
[HEAD_REBIND] member='player2' targets=21 slots=11 reboundBones=0 reboundMeshes=0 pending=6 restPose=109 quiet=118 latched=0
[HEAD_REBIND] member='player3' targets=18 slots=9 reboundBones=0 reboundMeshes=0 pending=1 restPose=111 quiet=118 latched=0
[HEAD_REBIND] member='player0' targets=18 slots=11 reboundBones=0 reboundMeshes=0 pending=2 restPose=105 quiet=119 latched=0
[HEAD_REBIND] member='player1' targets=19 slots=59 reboundBones=0 reboundMeshes=0 pending=3 restPose=111 quiet=119 latched=0
[HEAD_REBIND] member='player2' targets=21 slots=11 reboundBones=0 reboundMeshes=0 pending=6 restPose=109 quiet=119 latched=0
[HEAD_REBIND] member='player3' targets=18 slots=9 reboundBones=0 reboundMeshes=0 pending=1 restPose=111 quiet=119 latched=0
[HEAD_REBIND] member='player0' targets=18 slots=11 reboundBones=0 reboundMeshes=0 pending=2 restPose=105 quiet=120 latched=0
[HEAD_REBIND] member='player1' targets=19 slots=59 reboundBones=0 reboundMeshes=0 pending=3 restPose=111 quiet=120 latched=0
[HEAD_REBIND] member='player2' targets=21 slots=11 reboundBones=0 reboundMeshes=0 pending=6 restPose=109 quiet=120 latched=0
[HEAD_REBIND] member='player3' targets=18 slots=9 reboundBones=0 reboundMeshes=0 pending=1 restPose=111 quiet=120 latched=0
[HEAD_REBIND] member='player0' targets=18 slots=11 reboundBones=0 reboundMeshes=0 pending=2 restPose=105 quiet=121 latched=0
[HEAD_REBIND] member='player1' targets=19 slots=59 reboundBones=0 reboundMeshes=0 pending=3 restPose=111 quiet=121 latched=0
[HEAD_REBIND_PENDING] member='player2' mesh='cowbell_stick.mesh' miss=1 resolvable=0/1 firstMiss='bone_L-stick.mesh' why=boundRebakeOff
[HEAD_REBIND_PENDING] member='player2' mesh='tamborine_cymbals.mesh' miss=1 resolvable=0/1 firstMiss='bone_mic.mesh' why=boundRebakeOff
[HEAD_REBIND_PENDING] member='player2' mesh='cowbell.mesh' miss=1 resolvable=0/1 firstMiss='bone_mic.mesh' why=boundRebakeOff
[HEAD_REBIND_PENDING] member='player2' mesh='tamborine_body.mesh' miss=1 resolvable=0/1 firstMiss='bone_mic.mesh' why=boundRebakeOff
[HEAD_REBIND] member='player2' targets=21 slots=11 reboundBones=0 reboundMeshes=0 pending=6 restPose=109 quiet=121 latched=0
[HEAD_REBIND] member='player3' targets=18 slots=9 reboundBones=0 reboundMeshes=0 pending=1 restPose=111 quiet=121 latched=0
[HEAD_REBIND] member='player0' targets=18 slots=11 reboundBones=0 reboundMeshes=0 pending=2 restPose=105 quiet=122 latched=0
[HEAD_REBIND] member='player1' targets=19 slots=59 reboundBones=0 reboundMeshes=0 pending=3 restPose=111 quiet=122 latched=0
[HEAD_REBIND] member='player2' targets=21 slots=11 reboundBones=0 reboundMeshes=0 pending=6 restPose=109 quiet=122 latched=0
[HEAD_REBIND] member='player3' targets=18 slots=9 reboundBones=0 reboundMeshes=0 pending=1 restPose=111 quiet=122 latched=0
[HEAD_REBIND] member='player0' targets=18 slots=11 reboundBones=0 reboundMeshes=0 pending=2 restPose=105 quiet=123 latched=0
[HEAD_REBIND] member='player1' targets=19 slots=59 reboundBones=0 reboundMeshes=0 pending=3 restPose=111 quiet=123 latched=0
[HEAD_REBIND] member='player2' targets=21 slots=11 reboundBones=0 reboundMeshes=0 pending=6 restPose=109 quiet=123 latched=0
[HEAD_REBIND] member='player3' targets=18 slots=9 reboundBones=0 reboundMeshes=0 pending=1 restPose=111 quiet=123 latched=0
[HEAD_REBIND] member='player0' targets=18 slots=11 reboundBones=0 reboundMeshes=0 pending=2 restPose=105 quiet=124 latched=0
[HEAD_REBIND] member='player1' targets=19 slots=59 reboundBones=0 reboundMeshes=0 pending=3 restPose=111 quiet=124 latched=0
[HEAD_REBIND] member='player2' targets=21 slots=11 reboundBones=0 reboundMeshes=0 pending=6 restPose=109 quiet=124 latched=0
[HEAD_REBIND] member='player3' targets=18 slots=9 reboundBones=0 reboundMeshes=0 pending=1 restPose=111 quiet=124 latched=0
[HEAD_REBIND] member='player0' targets=18 slots=11 reboundBones=0 reboundMeshes=0 pending=2 restPose=105 quiet=125 latched=0
[HEAD_REBIND] member='player1' targets=19 slots=59 reboundBones=0 reboundMeshes=0 pending=3 restPose=111 quiet=125 latched=0
[HEAD_REBIND] member='player2' targets=21 slots=11 reboundBones=0 reboundMeshes=0 pending=6 restPose=109 quiet=125 latched=0
[HEAD_REBIND] member='player3' targets=18 slots=9 reboundBones=0 reboundMeshes=0 pending=1 restPose=111 quiet=125 latched=0
[HEAD_REBIND] member='player0' targets=18 slots=11 reboundBones=0 reboundMeshes=0 pending=2 restPose=105 quiet=126 latched=0
[HEAD_REBIND] member='player1' targets=19 slots=59 reboundBones=0 reboundMeshes=0 pending=3 restPose=111 quiet=126 latched=0
[HEAD_REBIND] member='player2' targets=21 slots=11 reboundBones=0 reboundMeshes=0 pending=6 restPose=109 quiet=126 latched=0
[HEAD_REBIND] member='player3' targets=18 slots=9 reboundBones=0 reboundMeshes=0 pending=1 restPose=111 quiet=126 latched=0
[HEAD_REBIND] member='player0' targets=18 slots=11 reboundBones=0 reboundMeshes=0 pending=2 restPose=105 quiet=127 latched=0
[HEAD_REBIND] member='player1' targets=19 slots=59 reboundBones=0 reboundMeshes=0 pending=3 restPose=111 quiet=127 latched=0
[HEAD_REBIND] member='player2' targets=21 slots=11 reboundBones=0 reboundMeshes=0 pending=6 restPose=109 quiet=127 latched=0
[HEAD_REBIND] member='player3' targets=18 slots=9 reboundBones=0 reboundMeshes=0 pending=1 restPose=111 quiet=127 latched=0
[HEAD_REBIND] member='player0' targets=18 slots=11 reboundBones=0 reboundMeshes=0 pending=2 restPose=105 quiet=128 latched=0
[HEAD_REBIND] member='player1' targets=19 slots=59 reboundBones=0 reboundMeshes=0 pending=3 restPose=111 quiet=128 latched=0
[HEAD_REBIND] member='player2' targets=21 slots=11 reboundBones=0 reboundMeshes=0 pending=6 restPose=109 quiet=128 latched=0
[HEAD_REBIND] member='player3' targets=18 slots=9 reboundBones=0 reboundMeshes=0 pending=1 restPose=111 quiet=128 latched=0
[HEAD_REBIND] member='player0' targets=18 slots=11 reboundBones=0 reboundMeshes=0 pending=2 restPose=105 quiet=129 latched=0
[HEAD_REBIND] member='player1' targets=19 slots=59 reboundBones=0 reboundMeshes=0 pending=3 restPose=111 quiet=129 latched=0
[HEAD_REBIND] member='player2' targets=21 slots=11 reboundBones=0 reboundMeshes=0 pending=6 restPose=109 quiet=129 latched=0
[HEAD_REBIND] member='player3' targets=18 slots=9 reboundBones=0 reboundMeshes=0 pending=1 restPose=111 quiet=129 latched=0
[HEAD_REBIND] member='player0' targets=18 slots=11 reboundBones=0 reboundMeshes=0 pending=2 restPose=105 quiet=130 latched=0
[HEAD_REBIND] member='player1' targets=19 slots=59 reboundBones=0 reboundMeshes=0 pending=3 restPose=111 quiet=130 latched=0
[HEAD_REBIND] member='player2' targets=21 slots=11 reboundBones=0 reboundMeshes=0 pending=6 restPose=109 quiet=130 latched=0
[HEAD_REBIND] member='player3' targets=18 slots=9 reboundBones=0 reboundMeshes=0 pending=1 restPose=111 quiet=130 latched=0
[HEAD_REBIND] member='player0' targets=18 slots=11 reboundBones=0 reboundMeshes=0 pending=2 restPose=105 quiet=131 latched=0
[HEAD_REBIND] member='player1' targets=19 slots=59 reboundBones=0 reboundMeshes=0 pending=3 restPose=111 quiet=131 latched=0
[HEAD_REBIND] member='player2' targets=21 slots=11 reboundBones=0 reboundMeshes=0 pending=6 restPose=109 quiet=131 latched=0
[HEAD_REBIND] member='player3' targets=18 slots=9 reboundBones=0 reboundMeshes=0 pending=1 restPose=111 quiet=131 latched=0
[HEAD_REBIND] member='player0' targets=18 slots=11 reboundBones=0 reboundMeshes=0 pending=2 restPose=105 quiet=132 latched=0
[HEAD_REBIND] member='player1' targets=19 slots=59 reboundBones=0 reboundMeshes=0 pending=3 restPose=111 quiet=132 latched=0
[HEAD_REBIND] member='player2' targets=21 slots=11 reboundBones=0 reboundMeshes=0 pending=6 restPose=109 quiet=132 latched=0
[HEAD_REBIND] member='player3' targets=18 slots=9 reboundBones=0 reboundMeshes=0 pending=1 restPose=111 quiet=132 latched=0
[HEAD_REBIND] member='player0' targets=18 slots=11 reboundBones=0 reboundMeshes=0 pending=2 restPose=105 quiet=133 latched=0
[HEAD_REBIND] member='player1' targets=19 slots=59 reboundBones=0 reboundMeshes=0 pending=3 restPose=111 quiet=133 latched=0
[HEAD_REBIND] member='player2' targets=21 slots=11 reboundBones=0 reboundMeshes=0 pending=6 restPose=109 quiet=133 latched=0
[HEAD_REBIND] member='player3' targets=18 slots=9 reboundBones=0 reboundMeshes=0 pending=1 restPose=111 quiet=133 latched=0
[HEAD_REBIND] member='player0' targets=18 slots=11 reboundBones=0 reboundMeshes=0 pending=2 restPose=105 quiet=134 latched=0
[HEAD_REBIND] member='player1' targets=19 slots=59 reboundBones=0 reboundMeshes=0 pending=3 restPose=111 quiet=134 latched=0
[HEAD_REBIND] member='player2' targets=21 slots=11 reboundBones=0 reboundMeshes=0 pending=6 restPose=109 quiet=134 latched=0
[HEAD_REBIND] member='player3' targets=18 slots=9 reboundBones=0 reboundMeshes=0 pending=1 restPose=111 quiet=134 latched=0
[HEAD_REBIND] member='player0' targets=18 slots=11 reboundBones=0 reboundMeshes=0 pending=2 restPose=105 quiet=135 latched=0
[HEAD_REBIND] member='player1' targets=19 slots=59 reboundBones=0 reboundMeshes=0 pending=3 restPose=111 quiet=135 latched=0
[HEAD_REBIND] member='player2' targets=21 slots=11 reboundBones=0 reboundMeshes=0 pending=6 restPose=109 quiet=135 latched=0
[HEAD_REBIND] member='player3' targets=18 slots=9 reboundBones=0 reboundMeshes=0 pending=1 restPose=111 quiet=135 latched=0
[HEAD_REBIND] member='player0' targets=18 slots=11 reboundBones=0 reboundMeshes=0 pending=2 restPose=105 quiet=136 latched=0
[HEAD_REBIND] member='player1' targets=19 slots=59 reboundBones=0 reboundMeshes=0 pending=3 restPose=111 quiet=136 latched=0
[HEAD_REBIND] member='player2' targets=21 slots=11 reboundBones=0 reboundMeshes=0 pending=6 restPose=109 quiet=136 latched=0
[HEAD_REBIND] member='player3' targets=18 slots=9 reboundBones=0 reboundMeshes=0 pending=1 restPose=111 quiet=136 latched=0
[HEAD_REBIND] member='player0' targets=18 slots=11 reboundBones=0 reboundMeshes=0 pending=2 restPose=105 quiet=137 latched=0
[HEAD_REBIND] member='player1' targets=19 slots=59 reboundBones=0 reboundMeshes=0 pending=3 restPose=111 quiet=137 latched=0
[HEAD_REBIND] member='player2' targets=21 slots=11 reboundBones=0 reboundMeshes=0 pending=6 restPose=109 quiet=137 latched=0
[HEAD_REBIND] member='player3' targets=18 slots=9 reboundBones=0 reboundMeshes=0 pending=1 restPose=111 quiet=137 latched=0
[HEAD_REBIND] member='player0' targets=18 slots=11 reboundBones=0 reboundMeshes=0 pending=2 restPose=105 quiet=138 latched=0
[HEAD_REBIND] member='player1' targets=19 slots=59 reboundBones=0 reboundMeshes=0 pending=3 restPose=111 quiet=138 latched=0
[HEAD_REBIND] member='player2' targets=21 slots=11 reboundBones=0 reboundMeshes=0 pending=6 restPose=109 quiet=138 latched=0
[HEAD_REBIND] member='player3' targets=18 slots=9 reboundBones=0 reboundMeshes=0 pending=1 restPose=111 quiet=138 latched=0
[HEAD_REBIND] member='player0' targets=18 slots=11 reboundBones=0 reboundMeshes=0 pending=2 restPose=105 quiet=139 latched=0
[HEAD_REBIND] member='player1' targets=19 slots=59 reboundBones=0 reboundMeshes=0 pending=3 restPose=111 quiet=139 latched=0
[HEAD_REBIND] member='player2' targets=21 slots=11 reboundBones=0 reboundMeshes=0 pending=6 restPose=109 quiet=139 latched=0
[HEAD_REBIND] member='player3' targets=18 slots=9 reboundBones=0 reboundMeshes=0 pending=1 restPose=111 quiet=139 latched=0
[HEAD_REBIND] member='player0' targets=18 slots=11 reboundBones=0 reboundMeshes=0 pending=2 restPose=105 quiet=140 latched=0
[HEAD_REBIND] member='player1' targets=19 slots=59 reboundBones=0 reboundMeshes=0 pending=3 restPose=111 quiet=140 latched=0
[HEAD_REBIND] member='player2' targets=21 slots=11 reboundBones=0 reboundMeshes=0 pending=6 restPose=109 quiet=140 latched=0
[HEAD_REBIND] member='player3' targets=18 slots=9 reboundBones=0 reboundMeshes=0 pending=1 restPose=111 quiet=140 latched=0
[HEAD_REBIND] member='player0' targets=18 slots=11 reboundBones=0 reboundMeshes=0 pending=2 restPose=105 quiet=141 latched=0
[HEAD_REBIND] member='player1' targets=19 slots=59 reboundBones=0 reboundMeshes=0 pending=3 restPose=111 quiet=141 latched=0
[HEAD_REBIND] member='player2' targets=21 slots=11 reboundBones=0 reboundMeshes=0 pending=6 restPose=109 quiet=141 latched=0
[HEAD_REBIND] member='player3' targets=18 slots=9 reboundBones=0 reboundMeshes=0 pending=1 restPose=111 quiet=141 latched=0
[HEAD_REBIND] member='player0' targets=18 slots=11 reboundBones=0 reboundMeshes=0 pending=2 restPose=105 quiet=142 latched=0
[HEAD_REBIND] member='player1' targets=19 slots=59 reboundBones=0 reboundMeshes=0 pending=3 restPose=111 quiet=142 latched=0
[HEAD_REBIND] member='player2' targets=21 slots=11 reboundBones=0 reboundMeshes=0 pending=6 restPose=109 quiet=142 latched=0
[HEAD_REBIND] member='player3' targets=18 slots=9 reboundBones=0 reboundMeshes=0 pending=1 restPose=111 quiet=142 latched=0
[HEAD_REBIND] member='player0' targets=18 slots=11 reboundBones=0 reboundMeshes=0 pending=2 restPose=105 quiet=143 latched=0
[HEAD_REBIND] member='player1' targets=19 slots=59 reboundBones=0 reboundMeshes=0 pending=3 restPose=111 quiet=143 latched=0
[HEAD_REBIND] member='player2' targets=21 slots=11 reboundBones=0 reboundMeshes=0 pending=6 restPose=109 quiet=143 latched=0
[HEAD_REBIND] member='player3' targets=18 slots=9 reboundBones=0 reboundMeshes=0 pending=1 restPose=111 quiet=143 latched=0
[HEAD_REBIND] member='player0' targets=18 slots=11 reboundBones=0 reboundMeshes=0 pending=2 restPose=105 quiet=144 latched=0
[HEAD_REBIND] member='player1' targets=19 slots=59 reboundBones=0 reboundMeshes=0 pending=3 restPose=111 quiet=144 latched=0
[HEAD_REBIND] member='player2' targets=21 slots=11 reboundBones=0 reboundMeshes=0 pending=6 restPose=109 quiet=144 latched=0
[HEAD_REBIND] member='player3' targets=18 slots=9 reboundBones=0 reboundMeshes=0 pending=1 restPose=111 quiet=144 latched=0
[HEAD_REBIND] member='player0' targets=18 slots=11 reboundBones=0 reboundMeshes=0 pending=2 restPose=105 quiet=145 latched=0
[HEAD_REBIND] member='player1' targets=19 slots=59 reboundBones=0 reboundMeshes=0 pending=3 restPose=111 quiet=145 latched=0
[HEAD_REBIND] member='player2' targets=21 slots=11 reboundBones=0 reboundMeshes=0 pending=6 restPose=109 quiet=145 latched=0
[HEAD_REBIND] member='player3' targets=18 slots=9 reboundBones=0 reboundMeshes=0 pending=1 restPose=111 quiet=145 latched=0
[HEAD_REBIND] member='player0' targets=18 slots=11 reboundBones=0 reboundMeshes=0 pending=2 restPose=105 quiet=146 latched=0
[HEAD_REBIND] member='player1' targets=19 slots=59 reboundBones=0 reboundMeshes=0 pending=3 restPose=111 quiet=146 latched=0
[HEAD_REBIND] member='player2' targets=21 slots=11 reboundBones=0 reboundMeshes=0 pending=6 restPose=109 quiet=146 latched=0
[HEAD_REBIND] member='player3' targets=18 slots=9 reboundBones=0 reboundMeshes=0 pending=1 restPose=111 quiet=146 latched=0
[HEAD_REBIND] member='player0' targets=18 slots=11 reboundBones=0 reboundMeshes=0 pending=2 restPose=105 quiet=147 latched=0
[HEAD_REBIND] member='player1' targets=19 slots=59 reboundBones=0 reboundMeshes=0 pending=3 restPose=111 quiet=147 latched=0
[HEAD_REBIND] member='player2' targets=21 slots=11 reboundBones=0 reboundMeshes=0 pending=6 restPose=109 quiet=147 latched=0
[HEAD_REBIND] member='player3' targets=18 slots=9 reboundBones=0 reboundMeshes=0 pending=1 restPose=111 quiet=147 latched=0
[HEAD_REBIND] member='player0' targets=18 slots=11 reboundBones=0 reboundMeshes=0 pending=2 restPose=105 quiet=148 latched=0
[HEAD_REBIND] member='player1' targets=19 slots=59 reboundBones=0 reboundMeshes=0 pending=3 restPose=111 quiet=148 latched=0
[HEAD_REBIND] member='player2' targets=21 slots=11 reboundBones=0 reboundMeshes=0 pending=6 restPose=109 quiet=148 latched=0
[HEAD_REBIND] member='player3' targets=18 slots=9 reboundBones=0 reboundMeshes=0 pending=1 restPose=111 quiet=148 latched=0
[HEAD_REBIND] member='player0' targets=18 slots=11 reboundBones=0 reboundMeshes=0 pending=2 restPose=105 quiet=149 latched=0
[HEAD_REBIND] member='player1' targets=19 slots=59 reboundBones=0 reboundMeshes=0 pending=3 restPose=111 quiet=149 latched=0
[HEAD_REBIND] member='player2' targets=21 slots=11 reboundBones=0 reboundMeshes=0 pending=6 restPose=109 quiet=149 latched=0
[HEAD_REBIND] member='player3' targets=18 slots=9 reboundBones=0 reboundMeshes=0 pending=1 restPose=111 quiet=149 latched=0
[HEAD_REBIND] member='player0' targets=18 slots=11 reboundBones=0 reboundMeshes=0 pending=2 restPose=105 quiet=150 latched=0
[HEAD_REBIND] member='player1' targets=19 slots=59 reboundBones=0 reboundMeshes=0 pending=3 restPose=111 quiet=150 latched=0
[HEAD_REBIND] member='player2' targets=21 slots=11 reboundBones=0 reboundMeshes=0 pending=6 restPose=109 quiet=150 latched=0
[HEAD_REBIND] member='player3' targets=18 slots=9 reboundBones=0 reboundMeshes=0 pending=1 restPose=111 quiet=150 latched=0
[HEAD_REBIND] member='player0' targets=18 slots=11 reboundBones=0 reboundMeshes=0 pending=2 restPose=105 quiet=151 latched=0
[HEAD_REBIND] member='player1' targets=19 slots=59 reboundBones=0 reboundMeshes=0 pending=3 restPose=111 quiet=151 latched=0
[HEAD_REBIND] member='player2' targets=21 slots=11 reboundBones=0 reboundMeshes=0 pending=6 restPose=109 quiet=151 latched=0
[HEAD_REBIND] member='player3' targets=18 slots=9 reboundBones=0 reboundMeshes=0 pending=1 restPose=111 quiet=151 latched=0
[HEAD_REBIND] member='player0' targets=18 slots=11 reboundBones=0 reboundMeshes=0 pending=2 restPose=105 quiet=152 latched=0
[HEAD_REBIND] member='player1' targets=19 slots=59 reboundBones=0 reboundMeshes=0 pending=3 restPose=111 quiet=152 latched=0
[HEAD_REBIND] member='player2' targets=21 slots=11 reboundBones=0 reboundMeshes=0 pending=6 restPose=109 quiet=152 latched=0
[HEAD_REBIND] member='player3' targets=18 slots=9 reboundBones=0 reboundMeshes=0 pending=1 restPose=111 quiet=152 latched=0
[HEAD_REBIND] member='player0' targets=18 slots=11 reboundBones=0 reboundMeshes=0 pending=2 restPose=105 quiet=153 latched=0
[HEAD_REBIND] member='player1' targets=19 slots=59 reboundBones=0 reboundMeshes=0 pending=3 restPose=111 quiet=153 latched=0
[HEAD_REBIND] member='player2' targets=21 slots=11 reboundBones=0 reboundMeshes=0 pending=6 restPose=109 quiet=153 latched=0
[HEAD_REBIND] member='player3' targets=18 slots=9 reboundBones=0 reboundMeshes=0 pending=1 restPose=111 quiet=153 latched=0
[HEAD_REBIND] member='player0' targets=18 slots=11 reboundBones=0 reboundMeshes=0 pending=2 restPose=105 quiet=154 latched=0
[HEAD_REBIND] member='player1' targets=19 slots=59 reboundBones=0 reboundMeshes=0 pending=3 restPose=111 quiet=154 latched=0
[HEAD_REBIND] member='player2' targets=21 slots=11 reboundBones=0 reboundMeshes=0 pending=6 restPose=109 quiet=154 latched=0
[HEAD_REBIND] member='player3' targets=18 slots=9 reboundBones=0 reboundMeshes=0 pending=1 restPose=111 quiet=154 latched=0
[HEAD_REBIND] member='player0' targets=18 slots=11 reboundBones=0 reboundMeshes=0 pending=2 restPose=105 quiet=155 latched=0
[HEAD_REBIND] member='player1' targets=19 slots=59 reboundBones=0 reboundMeshes=0 pending=3 restPose=111 quiet=155 latched=0
[HEAD_REBIND] member='player2' targets=21 slots=11 reboundBones=0 reboundMeshes=0 pending=6 restPose=109 quiet=155 latched=0
[HEAD_REBIND] member='player3' targets=18 slots=9 reboundBones=0 reboundMeshes=0 pending=1 restPose=111 quiet=155 latched=0
[HEAD_REBIND] member='player0' targets=18 slots=11 reboundBones=0 reboundMeshes=0 pending=2 restPose=105 quiet=156 latched=0
[HEAD_REBIND] member='player1' targets=19 slots=59 reboundBones=0 reboundMeshes=0 pending=3 restPose=111 quiet=156 latched=0
[HEAD_REBIND] member='player2' targets=21 slots=11 reboundBones=0 reboundMeshes=0 pending=6 restPose=109 quiet=156 latched=0
[HEAD_REBIND] member='player3' targets=18 slots=9 reboundBones=0 reboundMeshes=0 pending=1 restPose=111 quiet=156 latched=0
[HEAD_REBIND] member='player0' targets=18 slots=11 reboundBones=0 reboundMeshes=0 pending=2 restPose=105 quiet=157 latched=0
[HEAD_REBIND] member='player1' targets=19 slots=59 reboundBones=0 reboundMeshes=0 pending=3 restPose=111 quiet=157 latched=0
[HEAD_REBIND] member='player2' targets=21 slots=11 reboundBones=0 reboundMeshes=0 pending=6 restPose=109 quiet=157 latched=0
[HEAD_REBIND] member='player3' targets=18 slots=9 reboundBones=0 reboundMeshes=0 pending=1 restPose=111 quiet=157 latched=0
[HEAD_REBIND] member='player0' targets=18 slots=11 reboundBones=0 reboundMeshes=0 pending=2 restPose=105 quiet=158 latched=0
[HEAD_REBIND] member='player1' targets=19 slots=59 reboundBones=0 reboundMeshes=0 pending=3 restPose=111 quiet=158 latched=0
[HEAD_REBIND] member='player2' targets=21 slots=11 reboundBones=0 reboundMeshes=0 pending=6 restPose=109 quiet=158 latched=0
[HEAD_REBIND] member='player3' targets=18 slots=9 reboundBones=0 reboundMeshes=0 pending=1 restPose=111 quiet=158 latched=0
[HEAD_REBIND] member='player0' targets=18 slots=11 reboundBones=0 reboundMeshes=0 pending=2 restPose=105 quiet=159 latched=0
[HEAD_REBIND] member='player1' targets=19 slots=59 reboundBones=0 reboundMeshes=0 pending=3 restPose=111 quiet=159 latched=0
[HEAD_REBIND] member='player2' targets=21 slots=11 reboundBones=0 reboundMeshes=0 pending=6 restPose=109 quiet=159 latched=0
[HEAD_REBIND] member='player3' targets=18 slots=9 reboundBones=0 reboundMeshes=0 pending=1 restPose=111 quiet=159 latched=0
[HEAD_REBIND] member='player0' targets=18 slots=11 reboundBones=0 reboundMeshes=0 pending=2 restPose=105 quiet=160 latched=0
[HEAD_REBIND] member='player1' targets=19 slots=59 reboundBones=0 reboundMeshes=0 pending=3 restPose=111 quiet=160 latched=0
[HEAD_REBIND] member='player2' targets=21 slots=11 reboundBones=0 reboundMeshes=0 pending=6 restPose=109 quiet=160 latched=0
[HEAD_REBIND] member='player3' targets=18 slots=9 reboundBones=0 reboundMeshes=0 pending=1 restPose=111 quiet=160 latched=0
[HEAD_REBIND] member='player0' targets=18 slots=11 reboundBones=0 reboundMeshes=0 pending=2 restPose=105 quiet=161 latched=0
[HEAD_REBIND] member='player1' targets=19 slots=59 reboundBones=0 reboundMeshes=0 pending=3 restPose=111 quiet=161 latched=0
[HEAD_REBIND] member='player2' targets=21 slots=11 reboundBones=0 reboundMeshes=0 pending=6 restPose=109 quiet=161 latched=0
[HEAD_REBIND] member='player3' targets=18 slots=9 reboundBones=0 reboundMeshes=0 pending=1 restPose=111 quiet=161 latched=0
[HEAD_REBIND] member='player0' targets=18 slots=11 reboundBones=0 reboundMeshes=0 pending=2 restPose=105 quiet=162 latched=0
[HEAD_REBIND] member='player1' targets=19 slots=59 reboundBones=0 reboundMeshes=0 pending=3 restPose=111 quiet=162 latched=0
[HEAD_REBIND] member='player2' targets=21 slots=11 reboundBones=0 reboundMeshes=0 pending=6 restPose=109 quiet=162 latched=0
[HEAD_REBIND] member='player3' targets=18 slots=9 reboundBones=0 reboundMeshes=0 pending=1 restPose=111 quiet=162 latched=0
[HEAD_REBIND] member='player0' targets=18 slots=11 reboundBones=0 reboundMeshes=0 pending=2 restPose=105 quiet=163 latched=0
[HEAD_REBIND] member='player1' targets=19 slots=59 reboundBones=0 reboundMeshes=0 pending=3 restPose=111 quiet=163 latched=0
[HEAD_REBIND] member='player2' targets=21 slots=11 reboundBones=0 reboundMeshes=0 pending=6 restPose=109 quiet=163 latched=0
[HEAD_REBIND] member='player3' targets=18 slots=9 reboundBones=0 reboundMeshes=0 pending=1 restPose=111 quiet=163 latched=0
[HEAD_REBIND] member='player0' targets=18 slots=11 reboundBones=0 reboundMeshes=0 pending=2 restPose=105 quiet=164 latched=0
[HEAD_REBIND] member='player1' targets=19 slots=59 reboundBones=0 reboundMeshes=0 pending=3 restPose=111 quiet=164 latched=0
[HEAD_REBIND] member='player2' targets=21 slots=11 reboundBones=0 reboundMeshes=0 pending=6 restPose=109 quiet=164 latched=0
[HEAD_REBIND] member='player3' targets=18 slots=9 reboundBones=0 reboundMeshes=0 pending=1 restPose=111 quiet=164 latched=0
[HEAD_REBIND] member='player0' targets=18 slots=11 reboundBones=0 reboundMeshes=0 pending=2 restPose=105 quiet=165 latched=0
[HEAD_REBIND] member='player1' targets=19 slots=59 reboundBones=0 reboundMeshes=0 pending=3 restPose=111 quiet=165 latched=0
[HEAD_REBIND] member='player2' targets=21 slots=11 reboundBones=0 reboundMeshes=0 pending=6 restPose=109 quiet=165 latched=0
[HEAD_REBIND] member='player3' targets=18 slots=9 reboundBones=0 reboundMeshes=0 pending=1 restPose=111 quiet=165 latched=0
[HEAD_REBIND] member='player0' targets=18 slots=11 reboundBones=0 reboundMeshes=0 pending=2 restPose=105 quiet=166 latched=0
[HEAD_REBIND] member='player1' targets=19 slots=59 reboundBones=0 reboundMeshes=0 pending=3 restPose=111 quiet=166 latched=0
[HEAD_REBIND] member='player2' targets=21 slots=11 reboundBones=0 reboundMeshes=0 pending=6 restPose=109 quiet=166 latched=0
[HEAD_REBIND] member='player3' targets=18 slots=9 reboundBones=0 reboundMeshes=0 pending=1 restPose=111 quiet=166 latched=0
[HEAD_REBIND] member='player0' targets=18 slots=11 reboundBones=0 reboundMeshes=0 pending=2 restPose=105 quiet=167 latched=0
[HEAD_REBIND] member='player1' targets=19 slots=59 reboundBones=0 reboundMeshes=0 pending=3 restPose=111 quiet=167 latched=0
[HEAD_REBIND] member='player2' targets=21 slots=11 reboundBones=0 reboundMeshes=0 pending=6 restPose=109 quiet=167 latched=0
[HEAD_REBIND] member='player3' targets=18 slots=9 reboundBones=0 reboundMeshes=0 pending=1 restPose=111 quiet=167 latched=0
[HEAD_REBIND] member='player0' targets=18 slots=11 reboundBones=0 reboundMeshes=0 pending=2 restPose=105 quiet=168 latched=0
[HEAD_REBIND] member='player1' targets=19 slots=59 reboundBones=0 reboundMeshes=0 pending=3 restPose=111 quiet=168 latched=0
[HEAD_REBIND] member='player2' targets=21 slots=11 reboundBones=0 reboundMeshes=0 pending=6 restPose=109 quiet=168 latched=0
[HEAD_REBIND] member='player3' targets=18 slots=9 reboundBones=0 reboundMeshes=0 pending=1 restPose=111 quiet=168 latched=0
[HEAD_REBIND] member='player0' targets=18 slots=11 reboundBones=0 reboundMeshes=0 pending=2 restPose=105 quiet=169 latched=0
[HEAD_REBIND] member='player1' targets=19 slots=59 reboundBones=0 reboundMeshes=0 pending=3 restPose=111 quiet=169 latched=0
[HEAD_REBIND] member='player2' targets=21 slots=11 reboundBones=0 reboundMeshes=0 pending=6 restPose=109 quiet=169 latched=0
[HEAD_REBIND] member='player3' targets=18 slots=9 reboundBones=0 reboundMeshes=0 pending=1 restPose=111 quiet=169 latched=0
[HEAD_REBIND] member='player0' targets=18 slots=11 reboundBones=0 reboundMeshes=0 pending=2 restPose=105 quiet=170 latched=0
[HEAD_REBIND] member='player1' targets=19 slots=59 reboundBones=0 reboundMeshes=0 pending=3 restPose=111 quiet=170 latched=0
[HEAD_REBIND] member='player2' targets=21 slots=11 reboundBones=0 reboundMeshes=0 pending=6 restPose=109 quiet=170 latched=0
[HEAD_REBIND] member='player3' targets=18 slots=9 reboundBones=0 reboundMeshes=0 pending=1 restPose=111 quiet=170 latched=0
[HEAD_REBIND] member='player0' targets=18 slots=11 reboundBones=0 reboundMeshes=0 pending=2 restPose=105 quiet=171 latched=0
[HEAD_REBIND] member='player1' targets=19 slots=59 reboundBones=0 reboundMeshes=0 pending=3 restPose=111 quiet=171 latched=0
[HEAD_REBIND] member='player2' targets=21 slots=11 reboundBones=0 reboundMeshes=0 pending=6 restPose=109 quiet=171 latched=0
[HEAD_REBIND] member='player3' targets=18 slots=9 reboundBones=0 reboundMeshes=0 pending=1 restPose=111 quiet=171 latched=0
[HEAD_REBIND] member='player0' targets=18 slots=11 reboundBones=0 reboundMeshes=0 pending=2 restPose=105 quiet=172 latched=0
[HEAD_REBIND] member='player1' targets=19 slots=59 reboundBones=0 reboundMeshes=0 pending=3 restPose=111 quiet=172 latched=0
[HEAD_REBIND] member='player2' targets=21 slots=11 reboundBones=0 reboundMeshes=0 pending=6 restPose=109 quiet=172 latched=0
[HEAD_REBIND] member='player3' targets=18 slots=9 reboundBones=0 reboundMeshes=0 pending=1 restPose=111 quiet=172 latched=0
[HEAD_REBIND] member='player0' targets=18 slots=11 reboundBones=0 reboundMeshes=0 pending=2 restPose=105 quiet=173 latched=0
[HEAD_REBIND] member='player1' targets=19 slots=59 reboundBones=0 reboundMeshes=0 pending=3 restPose=111 quiet=173 latched=0
[HEAD_REBIND] member='player2' targets=21 slots=11 reboundBones=0 reboundMeshes=0 pending=6 restPose=109 quiet=173 latched=0
[HEAD_REBIND] member='player3' targets=18 slots=9 reboundBones=0 reboundMeshes=0 pending=1 restPose=111 quiet=173 latched=0
[HEAD_REBIND] member='player0' targets=18 slots=11 reboundBones=0 reboundMeshes=0 pending=2 restPose=105 quiet=174 latched=0
[HEAD_REBIND] member='player1' targets=19 slots=59 reboundBones=0 reboundMeshes=0 pending=3 restPose=111 quiet=174 latched=0
[HEAD_REBIND] member='player2' targets=21 slots=11 reboundBones=0 reboundMeshes=0 pending=6 restPose=109 quiet=174 latched=0
[HEAD_REBIND] member='player3' targets=18 slots=9 reboundBones=0 reboundMeshes=0 pending=1 restPose=111 quiet=174 latched=0
[HEAD_REBIND] member='player0' targets=18 slots=11 reboundBones=0 reboundMeshes=0 pending=2 restPose=105 quiet=175 latched=0
[HEAD_REBIND] member='player1' targets=19 slots=59 reboundBones=0 reboundMeshes=0 pending=3 restPose=111 quiet=175 latched=0
[HEAD_REBIND] member='player2' targets=21 slots=11 reboundBones=0 reboundMeshes=0 pending=6 restPose=109 quiet=175 latched=0
[HEAD_REBIND] member='player3' targets=18 slots=9 reboundBones=0 reboundMeshes=0 pending=1 restPose=111 quiet=175 latched=0
[HEAD_REBIND] member='player0' targets=18 slots=11 reboundBones=0 reboundMeshes=0 pending=2 restPose=105 quiet=176 latched=0
[HEAD_REBIND] member='player1' targets=19 slots=59 reboundBones=0 reboundMeshes=0 pending=3 restPose=111 quiet=176 latched=0
[HEAD_REBIND] member='player2' targets=21 slots=11 reboundBones=0 reboundMeshes=0 pending=6 restPose=109 quiet=176 latched=0
[HEAD_REBIND] member='player3' targets=18 slots=9 reboundBones=0 reboundMeshes=0 pending=1 restPose=111 quiet=176 latched=0
[HEAD_REBIND] member='player0' targets=18 slots=11 reboundBones=0 reboundMeshes=0 pending=2 restPose=105 quiet=177 latched=0
[HEAD_REBIND] member='player1' targets=19 slots=59 reboundBones=0 reboundMeshes=0 pending=3 restPose=111 quiet=177 latched=0
[HEAD_REBIND] member='player2' targets=21 slots=11 reboundBones=0 reboundMeshes=0 pending=6 restPose=109 quiet=177 latched=0
[HEAD_REBIND] member='player3' targets=18 slots=9 reboundBones=0 reboundMeshes=0 pending=1 restPose=111 quiet=177 latched=0
[HEAD_REBIND] member='player0' targets=18 slots=11 reboundBones=0 reboundMeshes=0 pending=2 restPose=105 quiet=178 latched=0
[HEAD_REBIND] member='player1' targets=19 slots=59 reboundBones=0 reboundMeshes=0 pending=3 restPose=111 quiet=178 latched=0
[HEAD_REBIND] member='player2' targets=21 slots=11 reboundBones=0 reboundMeshes=0 pending=6 restPose=109 quiet=178 latched=0
[HEAD_REBIND] member='player3' targets=18 slots=9 reboundBones=0 reboundMeshes=0 pending=1 restPose=111 quiet=178 latched=0
[HEAD_REBIND] member='player0' targets=18 slots=11 reboundBones=0 reboundMeshes=0 pending=2 restPose=105 quiet=179 latched=0
[HEAD_REBIND] member='player1' targets=19 slots=59 reboundBones=0 reboundMeshes=0 pending=3 restPose=111 quiet=179 latched=0
[HEAD_REBIND] member='player2' targets=21 slots=11 reboundBones=0 reboundMeshes=0 pending=6 restPose=109 quiet=179 latched=0
[HEAD_REBIND] member='player3' targets=18 slots=9 reboundBones=0 reboundMeshes=0 pending=1 restPose=111 quiet=179 latched=0
[HEAD_REBIND] member='player0' targets=18 slots=11 reboundBones=0 reboundMeshes=0 pending=2 restPose=105 quiet=180 latched=0
[HEAD_REBIND] member='player1' targets=19 slots=59 reboundBones=0 reboundMeshes=0 pending=3 restPose=111 quiet=180 latched=0
[HEAD_REBIND] member='player2' targets=21 slots=11 reboundBones=0 reboundMeshes=0 pending=6 restPose=109 quiet=180 latched=0
[HEAD_REBIND] member='player3' targets=18 slots=9 reboundBones=0 reboundMeshes=0 pending=1 restPose=111 quiet=180 latched=0
[HEAD_REBIND] member='player0' targets=18 slots=11 reboundBones=0 reboundMeshes=0 pending=2 restPose=105 quiet=181 latched=0
[HEAD_REBIND] member='player1' targets=19 slots=59 reboundBones=0 reboundMeshes=0 pending=3 restPose=111 quiet=181 latched=0
[HEAD_REBIND] member='player2' targets=21 slots=11 reboundBones=0 reboundMeshes=0 pending=6 restPose=109 quiet=181 latched=0
[HEAD_REBIND] member='player3' targets=18 slots=9 reboundBones=0 reboundMeshes=0 pending=1 restPose=111 quiet=181 latched=0
[HEAD_REBIND] member='player0' targets=18 slots=11 reboundBones=0 reboundMeshes=0 pending=2 restPose=105 quiet=182 latched=0
[HEAD_REBIND] member='player1' targets=19 slots=59 reboundBones=0 reboundMeshes=0 pending=3 restPose=111 quiet=182 latched=0
[HEAD_REBIND] member='player2' targets=21 slots=11 reboundBones=0 reboundMeshes=0 pending=6 restPose=109 quiet=182 latched=0
[HEAD_REBIND] member='player3' targets=18 slots=9 reboundBones=0 reboundMeshes=0 pending=1 restPose=111 quiet=182 latched=0
[HEAD_REBIND] member='player0' targets=18 slots=11 reboundBones=0 reboundMeshes=0 pending=2 restPose=105 quiet=183 latched=0
[HEAD_REBIND] member='player1' targets=19 slots=59 reboundBones=0 reboundMeshes=0 pending=3 restPose=111 quiet=183 latched=0
[HEAD_REBIND] member='player2' targets=21 slots=11 reboundBones=0 reboundMeshes=0 pending=6 restPose=109 quiet=183 latched=0
[HEAD_REBIND] member='player3' targets=18 slots=9 reboundBones=0 reboundMeshes=0 pending=1 restPose=111 quiet=183 latched=0
[HEAD_REBIND] member='player0' targets=18 slots=11 reboundBones=0 reboundMeshes=0 pending=2 restPose=105 quiet=184 latched=0
[HEAD_REBIND] member='player1' targets=19 slots=59 reboundBones=0 reboundMeshes=0 pending=3 restPose=111 quiet=184 latched=0
[HEAD_REBIND] member='player2' targets=21 slots=11 reboundBones=0 reboundMeshes=0 pending=6 restPose=109 quiet=184 latched=0
[HEAD_REBIND] member='player3' targets=18 slots=9 reboundBones=0 reboundMeshes=0 pending=1 restPose=111 quiet=184 latched=0
[HEAD_REBIND] member='player0' targets=18 slots=11 reboundBones=0 reboundMeshes=0 pending=2 restPose=105 quiet=185 latched=0
[HEAD_REBIND] member='player1' targets=19 slots=59 reboundBones=0 reboundMeshes=0 pending=3 restPose=111 quiet=185 latched=0
[HEAD_REBIND] member='player2' targets=21 slots=11 reboundBones=0 reboundMeshes=0 pending=6 restPose=109 quiet=185 latched=0
[HEAD_REBIND] member='player3' targets=18 slots=9 reboundBones=0 reboundMeshes=0 pending=1 restPose=111 quiet=185 latched=0
[HEAD_REBIND] member='player0' targets=18 slots=11 reboundBones=0 reboundMeshes=0 pending=2 restPose=105 quiet=186 latched=0
[HEAD_REBIND] member='player1' targets=19 slots=59 reboundBones=0 reboundMeshes=0 pending=3 restPose=111 quiet=186 latched=0
[HEAD_REBIND] member='player2' targets=21 slots=11 reboundBones=0 reboundMeshes=0 pending=6 restPose=109 quiet=186 latched=0
[HEAD_REBIND] member='player3' targets=18 slots=9 reboundBones=0 reboundMeshes=0 pending=1 restPose=111 quiet=186 latched=0
[HEAD_REBIND] member='player0' targets=18 slots=11 reboundBones=0 reboundMeshes=0 pending=2 restPose=105 quiet=187 latched=0
[HEAD_REBIND] member='player1' targets=19 slots=59 reboundBones=0 reboundMeshes=0 pending=3 restPose=111 quiet=187 latched=0
[HEAD_REBIND] member='player2' targets=21 slots=11 reboundBones=0 reboundMeshes=0 pending=6 restPose=109 quiet=187 latched=0
[HEAD_REBIND] member='player3' targets=18 slots=9 reboundBones=0 reboundMeshes=0 pending=1 restPose=111 quiet=187 latched=0
[HEAD_REBIND] member='player0' targets=18 slots=11 reboundBones=0 reboundMeshes=0 pending=2 restPose=105 quiet=188 latched=0
[HEAD_REBIND] member='player1' targets=19 slots=59 reboundBones=0 reboundMeshes=0 pending=3 restPose=111 quiet=188 latched=0
[HEAD_REBIND] member='player2' targets=21 slots=11 reboundBones=0 reboundMeshes=0 pending=6 restPose=109 quiet=188 latched=0
[HEAD_REBIND] member='player3' targets=18 slots=9 reboundBones=0 reboundMeshes=0 pending=1 restPose=111 quiet=188 latched=0
[HEAD_REBIND] member='player0' targets=18 slots=11 reboundBones=0 reboundMeshes=0 pending=2 restPose=105 quiet=189 latched=0
[HEAD_REBIND] member='player1' targets=19 slots=59 reboundBones=0 reboundMeshes=0 pending=3 restPose=111 quiet=189 latched=0
[HEAD_REBIND] member='player2' targets=21 slots=11 reboundBones=0 reboundMeshes=0 pending=6 restPose=109 quiet=189 latched=0
[HEAD_REBIND] member='player3' targets=18 slots=9 reboundBones=0 reboundMeshes=0 pending=1 restPose=111 quiet=189 latched=0
[HEAD_REBIND] member='player0' targets=18 slots=11 reboundBones=0 reboundMeshes=0 pending=2 restPose=105 quiet=190 latched=0
[HEAD_REBIND] member='player1' targets=19 slots=59 reboundBones=0 reboundMeshes=0 pending=3 restPose=111 quiet=190 latched=0
[HEAD_REBIND] member='player2' targets=21 slots=11 reboundBones=0 reboundMeshes=0 pending=6 restPose=109 quiet=190 latched=0
[HEAD_REBIND] member='player3' targets=18 slots=9 reboundBones=0 reboundMeshes=0 pending=1 restPose=111 quiet=190 latched=0
[HEAD_REBIND] member='player0' targets=18 slots=11 reboundBones=0 reboundMeshes=0 pending=2 restPose=105 quiet=191 latched=0
[HEAD_REBIND] member='player1' targets=19 slots=59 reboundBones=0 reboundMeshes=0 pending=3 restPose=111 quiet=191 latched=0
[HEAD_REBIND] member='player2' targets=21 slots=11 reboundBones=0 reboundMeshes=0 pending=6 restPose=109 quiet=191 latched=0
[HEAD_REBIND] member='player3' targets=18 slots=9 reboundBones=0 reboundMeshes=0 pending=1 restPose=111 quiet=191 latched=0
[HEAD_REBIND] member='player0' targets=18 slots=11 reboundBones=0 reboundMeshes=0 pending=2 restPose=105 quiet=192 latched=0
[HEAD_REBIND] member='player1' targets=19 slots=59 reboundBones=0 reboundMeshes=0 pending=3 restPose=111 quiet=192 latched=0
[HEAD_REBIND] member='player2' targets=21 slots=11 reboundBones=0 reboundMeshes=0 pending=6 restPose=109 quiet=192 latched=0
[HEAD_REBIND] member='player3' targets=18 slots=9 reboundBones=0 reboundMeshes=0 pending=1 restPose=111 quiet=192 latched=0
[HEAD_REBIND] member='player0' targets=18 slots=11 reboundBones=0 reboundMeshes=0 pending=2 restPose=105 quiet=193 latched=0
[HEAD_REBIND] member='player1' targets=19 slots=59 reboundBones=0 reboundMeshes=0 pending=3 restPose=111 quiet=193 latched=0
[HEAD_REBIND] member='player2' targets=21 slots=11 reboundBones=0 reboundMeshes=0 pending=6 restPose=109 quiet=193 latched=0
[HEAD_REBIND] member='player3' targets=18 slots=9 reboundBones=0 reboundMeshes=0 pending=1 restPose=111 quiet=193 latched=0
[HEAD_REBIND] member='player0' targets=18 slots=11 reboundBones=0 reboundMeshes=0 pending=2 restPose=105 quiet=194 latched=0
[HEAD_REBIND] member='player1' targets=19 slots=59 reboundBones=0 reboundMeshes=0 pending=3 restPose=111 quiet=194 latched=0
[HEAD_REBIND] member='player2' targets=21 slots=11 reboundBones=0 reboundMeshes=0 pending=6 restPose=109 quiet=194 latched=0
[HEAD_REBIND] member='player3' targets=18 slots=9 reboundBones=0 reboundMeshes=0 pending=1 restPose=111 quiet=194 latched=0
[HEAD_REBIND] member='player0' targets=18 slots=11 reboundBones=0 reboundMeshes=0 pending=2 restPose=105 quiet=195 latched=0
[HEAD_REBIND] member='player1' targets=19 slots=59 reboundBones=0 reboundMeshes=0 pending=3 restPose=111 quiet=195 latched=0
[HEAD_REBIND] member='player2' targets=21 slots=11 reboundBones=0 reboundMeshes=0 pending=6 restPose=109 quiet=195 latched=0
[HEAD_REBIND] member='player3' targets=18 slots=9 reboundBones=0 reboundMeshes=0 pending=1 restPose=111 quiet=195 latched=0
[HEAD_REBIND] member='player0' targets=18 slots=11 reboundBones=0 reboundMeshes=0 pending=2 restPose=105 quiet=196 latched=0
[HEAD_REBIND] member='player1' targets=19 slots=59 reboundBones=0 reboundMeshes=0 pending=3 restPose=111 quiet=196 latched=0
[HEAD_REBIND] member='player2' targets=21 slots=11 reboundBones=0 reboundMeshes=0 pending=6 restPose=109 quiet=196 latched=0
[HEAD_REBIND] member='player3' targets=18 slots=9 reboundBones=0 reboundMeshes=0 pending=1 restPose=111 quiet=196 latched=0
[HEAD_REBIND] member='player0' targets=18 slots=11 reboundBones=0 reboundMeshes=0 pending=2 restPose=105 quiet=197 latched=0
[HEAD_REBIND] member='player1' targets=19 slots=59 reboundBones=0 reboundMeshes=0 pending=3 restPose=111 quiet=197 latched=0
[HEAD_REBIND] member='player2' targets=21 slots=11 reboundBones=0 reboundMeshes=0 pending=6 restPose=109 quiet=197 latched=0
[HEAD_REBIND] member='player3' targets=18 slots=9 reboundBones=0 reboundMeshes=0 pending=1 restPose=111 quiet=197 latched=0
[HEAD_REBIND] member='player0' targets=18 slots=11 reboundBones=0 reboundMeshes=0 pending=2 restPose=105 quiet=198 latched=0
[HEAD_REBIND] member='player1' targets=19 slots=59 reboundBones=0 reboundMeshes=0 pending=3 restPose=111 quiet=198 latched=0
[HEAD_REBIND] member='player2' targets=21 slots=11 reboundBones=0 reboundMeshes=0 pending=6 restPose=109 quiet=198 latched=0
[HEAD_REBIND] member='player3' targets=18 slots=9 reboundBones=0 reboundMeshes=0 pending=1 restPose=111 quiet=198 latched=0
[HEAD_REBIND] member='player0' targets=18 slots=11 reboundBones=0 reboundMeshes=0 pending=2 restPose=105 quiet=199 latched=0
[HEAD_REBIND] member='player1' targets=19 slots=59 reboundBones=0 reboundMeshes=0 pending=3 restPose=111 quiet=199 latched=0
[HEAD_REBIND] member='player2' targets=21 slots=11 reboundBones=0 reboundMeshes=0 pending=6 restPose=109 quiet=199 latched=0
[HEAD_REBIND] member='player3' targets=18 slots=9 reboundBones=0 reboundMeshes=0 pending=1 restPose=111 quiet=199 latched=0
[HEAD_REBIND] member='player0' targets=18 slots=11 reboundBones=0 reboundMeshes=0 pending=2 restPose=105 quiet=200 latched=0
[HEAD_REBIND] member='player1' targets=19 slots=59 reboundBones=0 reboundMeshes=0 pending=3 restPose=111 quiet=200 latched=0
[HEAD_REBIND] member='player2' targets=21 slots=11 reboundBones=0 reboundMeshes=0 pending=6 restPose=109 quiet=200 latched=0
[HEAD_REBIND] member='player3' targets=18 slots=9 reboundBones=0 reboundMeshes=0 pending=1 restPose=111 quiet=200 latched=0
[HEAD_REBIND] member='player0' targets=18 slots=11 reboundBones=0 reboundMeshes=0 pending=2 restPose=105 quiet=201 latched=0
[HEAD_REBIND] member='player1' targets=19 slots=59 reboundBones=0 reboundMeshes=0 pending=3 restPose=111 quiet=201 latched=0
[HEAD_REBIND] member='player2' targets=21 slots=11 reboundBones=0 reboundMeshes=0 pending=6 restPose=109 quiet=201 latched=0
[HEAD_REBIND] member='player3' targets=18 slots=9 reboundBones=0 reboundMeshes=0 pending=1 restPose=111 quiet=201 latched=0
[HEAD_REBIND] member='player0' targets=18 slots=11 reboundBones=0 reboundMeshes=0 pending=2 restPose=105 quiet=202 latched=0
[HEAD_REBIND] member='player1' targets=19 slots=59 reboundBones=0 reboundMeshes=0 pending=3 restPose=111 quiet=202 latched=0
[HEAD_REBIND] member='player2' targets=21 slots=11 reboundBones=0 reboundMeshes=0 pending=6 restPose=109 quiet=202 latched=0
[HEAD_REBIND] member='player3' targets=18 slots=9 reboundBones=0 reboundMeshes=0 pending=1 restPose=111 quiet=202 latched=0
[HEAD_REBIND] member='player0' targets=18 slots=11 reboundBones=0 reboundMeshes=0 pending=2 restPose=105 quiet=203 latched=0
[HEAD_REBIND] member='player1' targets=19 slots=59 reboundBones=0 reboundMeshes=0 pending=3 restPose=111 quiet=203 latched=0
[HEAD_REBIND] member='player2' targets=21 slots=11 reboundBones=0 reboundMeshes=0 pending=6 restPose=109 quiet=203 latched=0
[HEAD_REBIND] member='player3' targets=18 slots=9 reboundBones=0 reboundMeshes=0 pending=1 restPose=111 quiet=203 latched=0
[HEAD_REBIND] member='player0' targets=18 slots=11 reboundBones=0 reboundMeshes=0 pending=2 restPose=105 quiet=204 latched=0
[HEAD_REBIND] member='player1' targets=19 slots=59 reboundBones=0 reboundMeshes=0 pending=3 restPose=111 quiet=204 latched=0
[HEAD_REBIND] member='player2' targets=21 slots=11 reboundBones=0 reboundMeshes=0 pending=6 restPose=109 quiet=204 latched=0
[HEAD_REBIND] member='player3' targets=18 slots=9 reboundBones=0 reboundMeshes=0 pending=1 restPose=111 quiet=204 latched=0
[HEAD_REBIND] member='player0' targets=18 slots=11 reboundBones=0 reboundMeshes=0 pending=2 restPose=105 quiet=205 latched=0
[HEAD_REBIND] member='player1' targets=19 slots=59 reboundBones=0 reboundMeshes=0 pending=3 restPose=111 quiet=205 latched=0
[HEAD_REBIND] member='player2' targets=21 slots=11 reboundBones=0 reboundMeshes=0 pending=6 restPose=109 quiet=205 latched=0
[HEAD_REBIND] member='player3' targets=18 slots=9 reboundBones=0 reboundMeshes=0 pending=1 restPose=111 quiet=205 latched=0
[HEAD_REBIND] member='player0' targets=18 slots=11 reboundBones=0 reboundMeshes=0 pending=2 restPose=105 quiet=206 latched=0
[HEAD_REBIND] member='player1' targets=19 slots=59 reboundBones=0 reboundMeshes=0 pending=3 restPose=111 quiet=206 latched=0
[HEAD_REBIND] member='player2' targets=21 slots=11 reboundBones=0 reboundMeshes=0 pending=6 restPose=109 quiet=206 latched=0
[HEAD_REBIND] member='player3' targets=18 slots=9 reboundBones=0 reboundMeshes=0 pending=1 restPose=111 quiet=206 latched=0
[HEAD_REBIND] member='player0' targets=18 slots=11 reboundBones=0 reboundMeshes=0 pending=2 restPose=105 quiet=207 latched=0
[HEAD_REBIND] member='player1' targets=19 slots=59 reboundBones=0 reboundMeshes=0 pending=3 restPose=111 quiet=207 latched=0
[HEAD_REBIND] member='player2' targets=21 slots=11 reboundBones=0 reboundMeshes=0 pending=6 restPose=109 quiet=207 latched=0
[HEAD_REBIND] member='player3' targets=18 slots=9 reboundBones=0 reboundMeshes=0 pending=1 restPose=111 quiet=207 latched=0
[HEAD_REBIND] member='player0' targets=18 slots=11 reboundBones=0 reboundMeshes=0 pending=2 restPose=105 quiet=208 latched=0
[HEAD_REBIND] member='player1' targets=19 slots=59 reboundBones=0 reboundMeshes=0 pending=3 restPose=111 quiet=208 latched=0
[HEAD_REBIND] member='player2' targets=21 slots=11 reboundBones=0 reboundMeshes=0 pending=6 restPose=109 quiet=208 latched=0
[HEAD_REBIND] member='player3' targets=18 slots=9 reboundBones=0 reboundMeshes=0 pending=1 restPose=111 quiet=208 latched=0
[HEAD_REBIND] member='player0' targets=18 slots=11 reboundBones=0 reboundMeshes=0 pending=2 restPose=105 quiet=209 latched=0
[HEAD_REBIND] member='player1' targets=19 slots=59 reboundBones=0 reboundMeshes=0 pending=3 restPose=111 quiet=209 latched=0
[HEAD_REBIND] member='player2' targets=21 slots=11 reboundBones=0 reboundMeshes=0 pending=6 restPose=109 quiet=209 latched=0
[HEAD_REBIND] member='player3' targets=18 slots=9 reboundBones=0 reboundMeshes=0 pending=1 restPose=111 quiet=209 latched=0
[HEAD_REBIND] member='player0' targets=18 slots=11 reboundBones=0 reboundMeshes=0 pending=2 restPose=105 quiet=210 latched=0
[HEAD_REBIND] member='player1' targets=19 slots=59 reboundBones=0 reboundMeshes=0 pending=3 restPose=111 quiet=210 latched=0
[HEAD_REBIND] member='player2' targets=21 slots=11 reboundBones=0 reboundMeshes=0 pending=6 restPose=109 quiet=210 latched=0
[HEAD_REBIND] member='player3' targets=18 slots=9 reboundBones=0 reboundMeshes=0 pending=1 restPose=111 quiet=210 latched=0
[HEAD_REBIND] member='player0' targets=18 slots=11 reboundBones=0 reboundMeshes=0 pending=2 restPose=105 quiet=211 latched=0
[HEAD_REBIND] member='player1' targets=19 slots=59 reboundBones=0 reboundMeshes=0 pending=3 restPose=111 quiet=211 latched=0
[HEAD_REBIND] member='player2' targets=21 slots=11 reboundBones=0 reboundMeshes=0 pending=6 restPose=109 quiet=211 latched=0
[HEAD_REBIND] member='player3' targets=18 slots=9 reboundBones=0 reboundMeshes=0 pending=1 restPose=111 quiet=211 latched=0
[HEAD_REBIND] member='player0' targets=18 slots=11 reboundBones=0 reboundMeshes=0 pending=2 restPose=105 quiet=212 latched=0
[HEAD_REBIND] member='player1' targets=19 slots=59 reboundBones=0 reboundMeshes=0 pending=3 restPose=111 quiet=212 latched=0
[HEAD_REBIND] member='player2' targets=21 slots=11 reboundBones=0 reboundMeshes=0 pending=6 restPose=109 quiet=212 latched=0
[HEAD_REBIND] member='player3' targets=18 slots=9 reboundBones=0 reboundMeshes=0 pending=1 restPose=111 quiet=212 latched=0
[HEAD_REBIND] member='player0' targets=18 slots=11 reboundBones=0 reboundMeshes=0 pending=2 restPose=105 quiet=213 latched=0
[HEAD_REBIND] member='player1' targets=19 slots=59 reboundBones=0 reboundMeshes=0 pending=3 restPose=111 quiet=213 latched=0
[HEAD_REBIND] member='player2' targets=21 slots=11 reboundBones=0 reboundMeshes=0 pending=6 restPose=109 quiet=213 latched=0
[HEAD_REBIND] member='player3' targets=18 slots=9 reboundBones=0 reboundMeshes=0 pending=1 restPose=111 quiet=213 latched=0
[HEAD_REBIND] member='player0' targets=18 slots=11 reboundBones=0 reboundMeshes=0 pending=2 restPose=105 quiet=214 latched=0
[HEAD_REBIND] member='player1' targets=19 slots=59 reboundBones=0 reboundMeshes=0 pending=3 restPose=111 quiet=214 latched=0
[HEAD_REBIND] member='player2' targets=21 slots=11 reboundBones=0 reboundMeshes=0 pending=6 restPose=109 quiet=214 latched=0
[HEAD_REBIND] member='player3' targets=18 slots=9 reboundBones=0 reboundMeshes=0 pending=1 restPose=111 quiet=214 latched=0
[HEAD_REBIND] member='player0' targets=18 slots=11 reboundBones=0 reboundMeshes=0 pending=2 restPose=105 quiet=215 latched=0
[HEAD_REBIND] member='player1' targets=19 slots=59 reboundBones=0 reboundMeshes=0 pending=3 restPose=111 quiet=215 latched=0
[HEAD_REBIND] member='player2' targets=21 slots=11 reboundBones=0 reboundMeshes=0 pending=6 restPose=109 quiet=215 latched=0
[HEAD_REBIND] member='player3' targets=18 slots=9 reboundBones=0 reboundMeshes=0 pending=1 restPose=111 quiet=215 latched=0
[HEAD_REBIND] member='player0' targets=18 slots=11 reboundBones=0 reboundMeshes=0 pending=2 restPose=105 quiet=216 latched=0
[HEAD_REBIND] member='player1' targets=19 slots=59 reboundBones=0 reboundMeshes=0 pending=3 restPose=111 quiet=216 latched=0
[HEAD_REBIND] member='player2' targets=21 slots=11 reboundBones=0 reboundMeshes=0 pending=6 restPose=109 quiet=216 latched=0
[HEAD_REBIND] member='player3' targets=18 slots=9 reboundBones=0 reboundMeshes=0 pending=1 restPose=111 quiet=216 latched=0
[HEAD_REBIND] member='player0' targets=18 slots=11 reboundBones=0 reboundMeshes=0 pending=2 restPose=105 quiet=217 latched=0
[HEAD_REBIND] member='player1' targets=19 slots=59 reboundBones=0 reboundMeshes=0 pending=3 restPose=111 quiet=217 latched=0
[HEAD_REBIND] member='player2' targets=21 slots=11 reboundBones=0 reboundMeshes=0 pending=6 restPose=109 quiet=217 latched=0
[HEAD_REBIND] member='player3' targets=18 slots=9 reboundBones=0 reboundMeshes=0 pending=1 restPose=111 quiet=217 latched=0
[HEAD_REBIND] member='player0' targets=18 slots=11 reboundBones=0 reboundMeshes=0 pending=2 restPose=105 quiet=218 latched=0
[HEAD_REBIND] member='player1' targets=19 slots=59 reboundBones=0 reboundMeshes=0 pending=3 restPose=111 quiet=218 latched=0
[HEAD_REBIND] member='player2' targets=21 slots=11 reboundBones=0 reboundMeshes=0 pending=6 restPose=109 quiet=218 latched=0
[HEAD_REBIND] member='player3' targets=18 slots=9 reboundBones=0 reboundMeshes=0 pending=1 restPose=111 quiet=218 latched=0
[HEAD_REBIND] member='player0' targets=18 slots=11 reboundBones=0 reboundMeshes=0 pending=2 restPose=105 quiet=219 latched=0
[HEAD_REBIND] member='player1' targets=19 slots=59 reboundBones=0 reboundMeshes=0 pending=3 restPose=111 quiet=219 latched=0
[HEAD_REBIND] member='player2' targets=21 slots=11 reboundBones=0 reboundMeshes=0 pending=6 restPose=109 quiet=219 latched=0
[HEAD_REBIND] member='player3' targets=18 slots=9 reboundBones=0 reboundMeshes=0 pending=1 restPose=111 quiet=219 latched=0
[HEAD_REBIND] member='player0' targets=18 slots=11 reboundBones=0 reboundMeshes=0 pending=2 restPose=105 quiet=220 latched=0
[HEAD_REBIND] member='player1' targets=19 slots=59 reboundBones=0 reboundMeshes=0 pending=3 restPose=111 quiet=220 latched=0
[HEAD_REBIND] member='player2' targets=21 slots=11 reboundBones=0 reboundMeshes=0 pending=6 restPose=109 quiet=220 latched=0
[HEAD_REBIND] member='player3' targets=18 slots=9 reboundBones=0 reboundMeshes=0 pending=1 restPose=111 quiet=220 latched=0
[HEAD_REBIND] member='player0' targets=18 slots=11 reboundBones=0 reboundMeshes=0 pending=2 restPose=105 quiet=221 latched=0
[HEAD_REBIND] member='player1' targets=19 slots=59 reboundBones=0 reboundMeshes=0 pending=3 restPose=111 quiet=221 latched=0
[HEAD_REBIND] member='player2' targets=21 slots=11 reboundBones=0 reboundMeshes=0 pending=6 restPose=109 quiet=221 latched=0
[HEAD_REBIND] member='player3' targets=18 slots=9 reboundBones=0 reboundMeshes=0 pending=1 restPose=111 quiet=221 latched=0
[HEAD_REBIND] member='player0' targets=18 slots=11 reboundBones=0 reboundMeshes=0 pending=2 restPose=105 quiet=222 latched=0
[HEAD_REBIND] member='player1' targets=19 slots=59 reboundBones=0 reboundMeshes=0 pending=3 restPose=111 quiet=222 latched=0
[HEAD_REBIND] member='player2' targets=21 slots=11 reboundBones=0 reboundMeshes=0 pending=6 restPose=109 quiet=222 latched=0
[HEAD_REBIND] member='player3' targets=18 slots=9 reboundBones=0 reboundMeshes=0 pending=1 restPose=111 quiet=222 latched=0
[HEAD_REBIND] member='player0' targets=18 slots=11 reboundBones=0 reboundMeshes=0 pending=2 restPose=105 quiet=223 latched=0
[HEAD_REBIND] member='player1' targets=19 slots=59 reboundBones=0 reboundMeshes=0 pending=3 restPose=111 quiet=223 latched=0
[HEAD_REBIND] member='player2' targets=21 slots=11 reboundBones=0 reboundMeshes=0 pending=6 restPose=109 quiet=223 latched=0
[HEAD_REBIND] member='player3' targets=18 slots=9 reboundBones=0 reboundMeshes=0 pending=1 restPose=111 quiet=223 latched=0
[HEAD_REBIND] member='player0' targets=18 slots=11 reboundBones=0 reboundMeshes=0 pending=2 restPose=105 quiet=224 latched=0
[HEAD_REBIND] member='player1' targets=19 slots=59 reboundBones=0 reboundMeshes=0 pending=3 restPose=111 quiet=224 latched=0
[HEAD_REBIND] member='player2' targets=21 slots=11 reboundBones=0 reboundMeshes=0 pending=6 restPose=109 quiet=224 latched=0
[HEAD_REBIND] member='player3' targets=18 slots=9 reboundBones=0 reboundMeshes=0 pending=1 restPose=111 quiet=224 latched=0
[HEAD_REBIND] member='player0' targets=18 slots=11 reboundBones=0 reboundMeshes=0 pending=2 restPose=105 quiet=225 latched=0
[HEAD_REBIND] member='player1' targets=19 slots=59 reboundBones=0 reboundMeshes=0 pending=3 restPose=111 quiet=225 latched=0
[HEAD_REBIND] member='player2' targets=21 slots=11 reboundBones=0 reboundMeshes=0 pending=6 restPose=109 quiet=225 latched=0
[HEAD_REBIND] member='player3' targets=18 slots=9 reboundBones=0 reboundMeshes=0 pending=1 restPose=111 quiet=225 latched=0
[HEAD_REBIND] member='player0' targets=18 slots=11 reboundBones=0 reboundMeshes=0 pending=2 restPose=105 quiet=226 latched=0
[HEAD_REBIND] member='player1' targets=19 slots=59 reboundBones=0 reboundMeshes=0 pending=3 restPose=111 quiet=226 latched=0
[HEAD_REBIND] member='player2' targets=21 slots=11 reboundBones=0 reboundMeshes=0 pending=6 restPose=109 quiet=226 latched=0
[HEAD_REBIND] member='player3' targets=18 slots=9 reboundBones=0 reboundMeshes=0 pending=1 restPose=111 quiet=226 latched=0
[HEAD_REBIND] member='player0' targets=18 slots=11 reboundBones=0 reboundMeshes=0 pending=2 restPose=105 quiet=227 latched=0
[HEAD_REBIND] member='player1' targets=19 slots=59 reboundBones=0 reboundMeshes=0 pending=3 restPose=111 quiet=227 latched=0
[HEAD_REBIND] member='player2' targets=21 slots=11 reboundBones=0 reboundMeshes=0 pending=6 restPose=109 quiet=227 latched=0
[HEAD_REBIND] member='player3' targets=18 slots=9 reboundBones=0 reboundMeshes=0 pending=1 restPose=111 quiet=227 latched=0
[HEAD_REBIND] member='player0' targets=18 slots=11 reboundBones=0 reboundMeshes=0 pending=2 restPose=105 quiet=228 latched=0
[HEAD_REBIND] member='player1' targets=19 slots=59 reboundBones=0 reboundMeshes=0 pending=3 restPose=111 quiet=228 latched=0
[HEAD_REBIND] member='player2' targets=21 slots=11 reboundBones=0 reboundMeshes=0 pending=6 restPose=109 quiet=228 latched=0
[HEAD_REBIND] member='player3' targets=18 slots=9 reboundBones=0 reboundMeshes=0 pending=1 restPose=111 quiet=228 latched=0
[HEAD_REBIND] member='player0' targets=18 slots=11 reboundBones=0 reboundMeshes=0 pending=2 restPose=105 quiet=229 latched=0
[HEAD_REBIND] member='player1' targets=19 slots=59 reboundBones=0 reboundMeshes=0 pending=3 restPose=111 quiet=229 latched=0
[HEAD_REBIND] member='player2' targets=21 slots=11 reboundBones=0 reboundMeshes=0 pending=6 restPose=109 quiet=229 latched=0
[HEAD_REBIND] member='player3' targets=18 slots=9 reboundBones=0 reboundMeshes=0 pending=1 restPose=111 quiet=229 latched=0
[HEAD_REBIND] member='player0' targets=18 slots=11 reboundBones=0 reboundMeshes=0 pending=2 restPose=105 quiet=230 latched=0
[HEAD_REBIND] member='player1' targets=19 slots=59 reboundBones=0 reboundMeshes=0 pending=3 restPose=111 quiet=230 latched=0
[HEAD_REBIND] member='player2' targets=21 slots=11 reboundBones=0 reboundMeshes=0 pending=6 restPose=109 quiet=230 latched=0
[HEAD_REBIND] member='player3' targets=18 slots=9 reboundBones=0 reboundMeshes=0 pending=1 restPose=111 quiet=230 latched=0
[HEAD_REBIND] member='player0' targets=18 slots=11 reboundBones=0 reboundMeshes=0 pending=2 restPose=105 quiet=231 latched=0
[HEAD_REBIND] member='player1' targets=19 slots=59 reboundBones=0 reboundMeshes=0 pending=3 restPose=111 quiet=231 latched=0
[HEAD_REBIND] member='player2' targets=21 slots=11 reboundBones=0 reboundMeshes=0 pending=6 restPose=109 quiet=231 latched=0
[HEAD_REBIND] member='player3' targets=18 slots=9 reboundBones=0 reboundMeshes=0 pending=1 restPose=111 quiet=231 latched=0
[HEAD_REBIND] member='player0' targets=18 slots=11 reboundBones=0 reboundMeshes=0 pending=2 restPose=105 quiet=232 latched=0
[HEAD_REBIND] member='player1' targets=19 slots=59 reboundBones=0 reboundMeshes=0 pending=3 restPose=111 quiet=232 latched=0
[HEAD_REBIND] member='player2' targets=21 slots=11 reboundBones=0 reboundMeshes=0 pending=6 restPose=109 quiet=232 latched=0
[HEAD_REBIND] member='player3' targets=18 slots=9 reboundBones=0 reboundMeshes=0 pending=1 restPose=111 quiet=232 latched=0
[HEAD_REBIND] member='player0' targets=18 slots=11 reboundBones=0 reboundMeshes=0 pending=2 restPose=105 quiet=233 latched=0
[HEAD_REBIND] member='player1' targets=19 slots=59 reboundBones=0 reboundMeshes=0 pending=3 restPose=111 quiet=233 latched=0
[HEAD_REBIND] member='player2' targets=21 slots=11 reboundBones=0 reboundMeshes=0 pending=6 restPose=109 quiet=233 latched=0
[HEAD_REBIND] member='player3' targets=18 slots=9 reboundBones=0 reboundMeshes=0 pending=1 restPose=111 quiet=233 latched=0
[HEAD_REBIND] member='player0' targets=18 slots=11 reboundBones=0 reboundMeshes=0 pending=2 restPose=105 quiet=234 latched=0
[HEAD_REBIND] member='player1' targets=19 slots=59 reboundBones=0 reboundMeshes=0 pending=3 restPose=111 quiet=234 latched=0
[HEAD_REBIND] member='player2' targets=21 slots=11 reboundBones=0 reboundMeshes=0 pending=6 restPose=109 quiet=234 latched=0
[HEAD_REBIND] member='player3' targets=18 slots=9 reboundBones=0 reboundMeshes=0 pending=1 restPose=111 quiet=234 latched=0
[HEAD_REBIND] member='player0' targets=18 slots=11 reboundBones=0 reboundMeshes=0 pending=2 restPose=105 quiet=235 latched=0
[HEAD_REBIND] member='player1' targets=19 slots=59 reboundBones=0 reboundMeshes=0 pending=3 restPose=111 quiet=235 latched=0
[HEAD_REBIND] member='player2' targets=21 slots=11 reboundBones=0 reboundMeshes=0 pending=6 restPose=109 quiet=235 latched=0
[HEAD_REBIND] member='player3' targets=18 slots=9 reboundBones=0 reboundMeshes=0 pending=1 restPose=111 quiet=235 latched=0
[HEAD_REBIND] member='player0' targets=18 slots=11 reboundBones=0 reboundMeshes=0 pending=2 restPose=105 quiet=236 latched=0
[HEAD_REBIND] member='player1' targets=19 slots=59 reboundBones=0 reboundMeshes=0 pending=3 restPose=111 quiet=236 latched=0
[HEAD_REBIND] member='player2' targets=21 slots=11 reboundBones=0 reboundMeshes=0 pending=6 restPose=109 quiet=236 latched=0
[HEAD_REBIND] member='player3' targets=18 slots=9 reboundBones=0 reboundMeshes=0 pending=1 restPose=111 quiet=236 latched=0
[HEAD_REBIND] member='player0' targets=18 slots=11 reboundBones=0 reboundMeshes=0 pending=2 restPose=105 quiet=237 latched=0
[HEAD_REBIND] member='player1' targets=19 slots=59 reboundBones=0 reboundMeshes=0 pending=3 restPose=111 quiet=237 latched=0
[HEAD_REBIND] member='player2' targets=21 slots=11 reboundBones=0 reboundMeshes=0 pending=6 restPose=109 quiet=237 latched=0
[HEAD_REBIND] member='player3' targets=18 slots=9 reboundBones=0 reboundMeshes=0 pending=1 restPose=111 quiet=237 latched=0
[HEAD_REBIND] member='player0' targets=18 slots=11 reboundBones=0 reboundMeshes=0 pending=2 restPose=105 quiet=238 latched=0
[HEAD_REBIND] member='player1' targets=19 slots=59 reboundBones=0 reboundMeshes=0 pending=3 restPose=111 quiet=238 latched=0
[HEAD_REBIND] member='player2' targets=21 slots=11 reboundBones=0 reboundMeshes=0 pending=6 restPose=109 quiet=238 latched=0
[HEAD_REBIND] member='player3' targets=18 slots=9 reboundBones=0 reboundMeshes=0 pending=1 restPose=111 quiet=238 latched=0
[HEAD_REBIND] member='player0' targets=18 slots=11 reboundBones=0 reboundMeshes=0 pending=2 restPose=105 quiet=239 latched=0
[HEAD_REBIND] member='player1' targets=19 slots=59 reboundBones=0 reboundMeshes=0 pending=3 restPose=111 quiet=239 latched=0
[HEAD_REBIND] member='player2' targets=21 slots=11 reboundBones=0 reboundMeshes=0 pending=6 restPose=109 quiet=239 latched=0
[HEAD_REBIND] member='player3' targets=18 slots=9 reboundBones=0 reboundMeshes=0 pending=1 restPose=111 quiet=239 latched=0
[HEAD_REBIND] member='player0' targets=18 slots=11 reboundBones=0 reboundMeshes=0 pending=2 restPose=105 quiet=240 latched=0
[HEAD_REBIND] member='player1' targets=19 slots=59 reboundBones=0 reboundMeshes=0 pending=3 restPose=111 quiet=240 latched=0
[HEAD_REBIND] member='player2' targets=21 slots=11 reboundBones=0 reboundMeshes=0 pending=6 restPose=109 quiet=240 latched=0
[HEAD_REBIND] member='player3' targets=18 slots=9 reboundBones=0 reboundMeshes=0 pending=1 restPose=111 quiet=240 latched=0
[HEAD_REBIND] member='player0' targets=18 slots=11 reboundBones=0 reboundMeshes=0 pending=2 restPose=105 quiet=241 latched=0
[HEAD_REBIND] member='player1' targets=19 slots=59 reboundBones=0 reboundMeshes=0 pending=3 restPose=111 quiet=241 latched=0
[HEAD_REBIND_PENDING] member='player2' mesh='cowbell_stick.mesh' miss=1 resolvable=0/1 firstMiss='bone_L-stick.mesh' why=boundRebakeOff
[HEAD_REBIND_PENDING] member='player2' mesh='tamborine_cymbals.mesh' miss=1 resolvable=0/1 firstMiss='bone_mic.mesh' why=boundRebakeOff
[HEAD_REBIND_PENDING] member='player2' mesh='cowbell.mesh' miss=1 resolvable=0/1 firstMiss='bone_mic.mesh' why=boundRebakeOff
[HEAD_REBIND_PENDING] member='player2' mesh='tamborine_body.mesh' miss=1 resolvable=0/1 firstMiss='bone_mic.mesh' why=boundRebakeOff
[HEAD_REBIND] member='player2' targets=21 slots=11 reboundBones=0 reboundMeshes=0 pending=6 restPose=109 quiet=241 latched=0
[HEAD_REBIND] member='player3' targets=18 slots=9 reboundBones=0 reboundMeshes=0 pending=1 restPose=111 quiet=241 latched=0
[HEAD_REBIND] member='player0' targets=18 slots=11 reboundBones=0 reboundMeshes=0 pending=2 restPose=105 quiet=242 latched=0
[HEAD_REBIND] member='player1' targets=19 slots=59 reboundBones=0 reboundMeshes=0 pending=3 restPose=111 quiet=242 latched=0
[HEAD_REBIND] member='player2' targets=21 slots=11 reboundBones=0 reboundMeshes=0 pending=6 restPose=109 quiet=242 latched=0
[HEAD_REBIND] member='player3' targets=18 slots=9 reboundBones=0 reboundMeshes=0 pending=1 restPose=111 quiet=242 latched=0
[HEAD_REBIND] member='player0' targets=18 slots=11 reboundBones=0 reboundMeshes=0 pending=2 restPose=105 quiet=243 latched=0
[HEAD_REBIND] member='player1' targets=19 slots=59 reboundBones=0 reboundMeshes=0 pending=3 restPose=111 quiet=243 latched=0
[HEAD_REBIND] member='player2' targets=21 slots=11 reboundBones=0 reboundMeshes=0 pending=6 restPose=109 quiet=243 latched=0
[HEAD_REBIND] member='player3' targets=18 slots=9 reboundBones=0 reboundMeshes=0 pending=1 restPose=111 quiet=243 latched=0
[HEAD_REBIND] member='player0' targets=18 slots=11 reboundBones=0 reboundMeshes=0 pending=2 restPose=105 quiet=244 latched=0
[HEAD_REBIND] member='player1' targets=19 slots=59 reboundBones=0 reboundMeshes=0 pending=3 restPose=111 quiet=244 latched=0
[HEAD_REBIND] member='player2' targets=21 slots=11 reboundBones=0 reboundMeshes=0 pending=6 restPose=109 quiet=244 latched=0
[HEAD_REBIND] member='player3' targets=18 slots=9 reboundBones=0 reboundMeshes=0 pending=1 restPose=111 quiet=244 latched=0
[HEAD_REBIND] member='player0' targets=18 slots=11 reboundBones=0 reboundMeshes=0 pending=2 restPose=105 quiet=245 latched=0
[HEAD_REBIND] member='player1' targets=19 slots=59 reboundBones=0 reboundMeshes=0 pending=3 restPose=111 quiet=245 latched=0
[HEAD_REBIND] member='player2' targets=21 slots=11 reboundBones=0 reboundMeshes=0 pending=6 restPose=109 quiet=245 latched=0
[HEAD_REBIND] member='player3' targets=18 slots=9 reboundBones=0 reboundMeshes=0 pending=1 restPose=111 quiet=245 latched=0
[HEAD_REBIND] member='player0' targets=18 slots=11 reboundBones=0 reboundMeshes=0 pending=2 restPose=105 quiet=246 latched=0
[HEAD_REBIND] member='player1' targets=19 slots=59 reboundBones=0 reboundMeshes=0 pending=3 restPose=111 quiet=246 latched=0
[HEAD_REBIND] member='player2' targets=21 slots=11 reboundBones=0 reboundMeshes=0 pending=6 restPose=109 quiet=246 latched=0
[HEAD_REBIND] member='player3' targets=18 slots=9 reboundBones=0 reboundMeshes=0 pending=1 restPose=111 quiet=246 latched=0
[HEAD_REBIND] member='player0' targets=18 slots=11 reboundBones=0 reboundMeshes=0 pending=2 restPose=105 quiet=247 latched=0
[HEAD_REBIND] member='player1' targets=19 slots=59 reboundBones=0 reboundMeshes=0 pending=3 restPose=111 quiet=247 latched=0
[HEAD_REBIND] member='player2' targets=21 slots=11 reboundBones=0 reboundMeshes=0 pending=6 restPose=109 quiet=247 latched=0
[HEAD_REBIND] member='player3' targets=18 slots=9 reboundBones=0 reboundMeshes=0 pending=1 restPose=111 quiet=247 latched=0
[HEAD_REBIND] member='player0' targets=18 slots=11 reboundBones=0 reboundMeshes=0 pending=2 restPose=105 quiet=248 latched=0
[HEAD_REBIND] member='player1' targets=19 slots=59 reboundBones=0 reboundMeshes=0 pending=3 restPose=111 quiet=248 latched=0
[HEAD_REBIND] member='player2' targets=21 slots=11 reboundBones=0 reboundMeshes=0 pending=6 restPose=109 quiet=248 latched=0
[HEAD_REBIND] member='player3' targets=18 slots=9 reboundBones=0 reboundMeshes=0 pending=1 restPose=111 quiet=248 latched=0
[HEAD_REBIND] member='player0' targets=18 slots=11 reboundBones=0 reboundMeshes=0 pending=2 restPose=105 quiet=249 latched=0
[HEAD_REBIND] member='player1' targets=19 slots=59 reboundBones=0 reboundMeshes=0 pending=3 restPose=111 quiet=249 latched=0
[HEAD_REBIND] member='player2' targets=21 slots=11 reboundBones=0 reboundMeshes=0 pending=6 restPose=109 quiet=249 latched=0
[HEAD_REBIND] member='player3' targets=18 slots=9 reboundBones=0 reboundMeshes=0 pending=1 restPose=111 quiet=249 latched=0
[HEAD_REBIND] member='player0' targets=18 slots=11 reboundBones=0 reboundMeshes=0 pending=2 restPose=105 quiet=250 latched=0
[HEAD_REBIND] member='player1' targets=19 slots=59 reboundBones=0 reboundMeshes=0 pending=3 restPose=111 quiet=250 latched=0
[HEAD_REBIND] member='player2' targets=21 slots=11 reboundBones=0 reboundMeshes=0 pending=6 restPose=109 quiet=250 latched=0
[HEAD_REBIND] member='player3' targets=18 slots=9 reboundBones=0 reboundMeshes=0 pending=1 restPose=111 quiet=250 latched=0
[HEAD_REBIND] member='player0' targets=18 slots=11 reboundBones=0 reboundMeshes=0 pending=2 restPose=105 quiet=251 latched=0
[HEAD_REBIND] member='player1' targets=19 slots=59 reboundBones=0 reboundMeshes=0 pending=3 restPose=111 quiet=251 latched=0
[HEAD_REBIND] member='player2' targets=21 slots=11 reboundBones=0 reboundMeshes=0 pending=6 restPose=109 quiet=251 latched=0
[HEAD_REBIND] member='player3' targets=18 slots=9 reboundBones=0 reboundMeshes=0 pending=1 restPose=111 quiet=251 latched=0
[HEAD_REBIND] member='player0' targets=18 slots=11 reboundBones=0 reboundMeshes=0 pending=2 restPose=105 quiet=252 latched=0
[HEAD_REBIND] member='player1' targets=19 slots=59 reboundBones=0 reboundMeshes=0 pending=3 restPose=111 quiet=252 latched=0
[HEAD_REBIND] member='player2' targets=21 slots=11 reboundBones=0 reboundMeshes=0 pending=6 restPose=109 quiet=252 latched=0
[HEAD_REBIND] member='player3' targets=18 slots=9 reboundBones=0 reboundMeshes=0 pending=1 restPose=111 quiet=252 latched=0
[HEAD_REBIND] member='player0' targets=18 slots=11 reboundBones=0 reboundMeshes=0 pending=2 restPose=105 quiet=253 latched=0
[HEAD_REBIND] member='player1' targets=19 slots=59 reboundBones=0 reboundMeshes=0 pending=3 restPose=111 quiet=253 latched=0
[HEAD_REBIND] member='player2' targets=21 slots=11 reboundBones=0 reboundMeshes=0 pending=6 restPose=109 quiet=253 latched=0
[HEAD_REBIND] member='player3' targets=18 slots=9 reboundBones=0 reboundMeshes=0 pending=1 restPose=111 quiet=253 latched=0
[HEAD_REBIND] member='player0' targets=18 slots=11 reboundBones=0 reboundMeshes=0 pending=2 restPose=105 quiet=254 latched=0
[HEAD_REBIND] member='player1' targets=19 slots=59 reboundBones=0 reboundMeshes=0 pending=3 restPose=111 quiet=254 latched=0
[HEAD_REBIND] member='player2' targets=21 slots=11 reboundBones=0 reboundMeshes=0 pending=6 restPose=109 quiet=254 latched=0
[HEAD_REBIND] member='player3' targets=18 slots=9 reboundBones=0 reboundMeshes=0 pending=1 restPose=111 quiet=254 latched=0
[HEAD_REBIND] member='player0' targets=18 slots=11 reboundBones=0 reboundMeshes=0 pending=2 restPose=105 quiet=255 latched=0
[HEAD_REBIND] member='player1' targets=19 slots=59 reboundBones=0 reboundMeshes=0 pending=3 restPose=111 quiet=255 latched=0
[HEAD_REBIND] member='player2' targets=21 slots=11 reboundBones=0 reboundMeshes=0 pending=6 restPose=109 quiet=255 latched=0
[HEAD_REBIND] member='player3' targets=18 slots=9 reboundBones=0 reboundMeshes=0 pending=1 restPose=111 quiet=255 latched=0
[HEAD_REBIND] member='player0' targets=18 slots=11 reboundBones=0 reboundMeshes=0 pending=2 restPose=105 quiet=256 latched=0
[HEAD_REBIND] member='player1' targets=19 slots=59 reboundBones=0 reboundMeshes=0 pending=3 restPose=111 quiet=256 latched=0
[HEAD_REBIND] member='player2' targets=21 slots=11 reboundBones=0 reboundMeshes=0 pending=6 restPose=109 quiet=256 latched=0
[HEAD_REBIND] member='player3' targets=18 slots=9 reboundBones=0 reboundMeshes=0 pending=1 restPose=111 quiet=256 latched=0
[HEAD_REBIND] member='player0' targets=18 slots=11 reboundBones=0 reboundMeshes=0 pending=2 restPose=105 quiet=257 latched=0
[HEAD_REBIND] member='player1' targets=19 slots=59 reboundBones=0 reboundMeshes=0 pending=3 restPose=111 quiet=257 latched=0
[HEAD_REBIND] member='player2' targets=21 slots=11 reboundBones=0 reboundMeshes=0 pending=6 restPose=109 quiet=257 latched=0
[HEAD_REBIND] member='player3' targets=18 slots=9 reboundBones=0 reboundMeshes=0 pending=1 restPose=111 quiet=257 latched=0
[HEAD_REBIND] member='player0' targets=18 slots=11 reboundBones=0 reboundMeshes=0 pending=2 restPose=105 quiet=258 latched=0
[HEAD_REBIND] member='player1' targets=19 slots=59 reboundBones=0 reboundMeshes=0 pending=3 restPose=111 quiet=258 latched=0
[HEAD_REBIND] member='player2' targets=21 slots=11 reboundBones=0 reboundMeshes=0 pending=6 restPose=109 quiet=258 latched=0
[HEAD_REBIND] member='player3' targets=18 slots=9 reboundBones=0 reboundMeshes=0 pending=1 restPose=111 quiet=258 latched=0
[HEAD_REBIND] member='player0' targets=18 slots=11 reboundBones=0 reboundMeshes=0 pending=2 restPose=105 quiet=259 latched=0
[HEAD_REBIND] member='player1' targets=19 slots=59 reboundBones=0 reboundMeshes=0 pending=3 restPose=111 quiet=259 latched=0
[HEAD_REBIND] member='player2' targets=21 slots=11 reboundBones=0 reboundMeshes=0 pending=6 restPose=109 quiet=259 latched=0
[HEAD_REBIND] member='player3' targets=18 slots=9 reboundBones=0 reboundMeshes=0 pending=1 restPose=111 quiet=259 latched=0
[HEAD_REBIND] member='player0' targets=18 slots=11 reboundBones=0 reboundMeshes=0 pending=2 restPose=105 quiet=260 latched=0
[HEAD_REBIND] member='player1' targets=19 slots=59 reboundBones=0 reboundMeshes=0 pending=3 restPose=111 quiet=260 latched=0
[HEAD_REBIND] member='player2' targets=21 slots=11 reboundBones=0 reboundMeshes=0 pending=6 restPose=109 quiet=260 latched=0
[HEAD_REBIND] member='player3' targets=18 slots=9 reboundBones=0 reboundMeshes=0 pending=1 restPose=111 quiet=260 latched=0
[HEAD_REBIND] member='player0' targets=18 slots=11 reboundBones=0 reboundMeshes=0 pending=2 restPose=105 quiet=261 latched=0
[HEAD_REBIND] member='player1' targets=19 slots=59 reboundBones=0 reboundMeshes=0 pending=3 restPose=111 quiet=261 latched=0
[HEAD_REBIND] member='player2' targets=21 slots=11 reboundBones=0 reboundMeshes=0 pending=6 restPose=109 quiet=261 latched=0
[HEAD_REBIND] member='player3' targets=18 slots=9 reboundBones=0 reboundMeshes=0 pending=1 restPose=111 quiet=261 latched=0
[HEAD_REBIND] member='player0' targets=18 slots=11 reboundBones=0 reboundMeshes=0 pending=2 restPose=105 quiet=262 latched=0
[HEAD_REBIND] member='player1' targets=19 slots=59 reboundBones=0 reboundMeshes=0 pending=3 restPose=111 quiet=262 latched=0
[HEAD_REBIND] member='player2' targets=21 slots=11 reboundBones=0 reboundMeshes=0 pending=6 restPose=109 quiet=262 latched=0
[HEAD_REBIND] member='player3' targets=18 slots=9 reboundBones=0 reboundMeshes=0 pending=1 restPose=111 quiet=262 latched=0
[HEAD_REBIND] member='player0' targets=18 slots=11 reboundBones=0 reboundMeshes=0 pending=2 restPose=105 quiet=263 latched=0
[HEAD_REBIND] member='player1' targets=19 slots=59 reboundBones=0 reboundMeshes=0 pending=3 restPose=111 quiet=263 latched=0
[HEAD_REBIND] member='player2' targets=21 slots=11 reboundBones=0 reboundMeshes=0 pending=6 restPose=109 quiet=263 latched=0
[HEAD_REBIND] member='player3' targets=18 slots=9 reboundBones=0 reboundMeshes=0 pending=1 restPose=111 quiet=263 latched=0
[HEAD_REBIND] member='player0' targets=18 slots=11 reboundBones=0 reboundMeshes=0 pending=2 restPose=105 quiet=264 latched=0
[HEAD_REBIND] member='player1' targets=19 slots=59 reboundBones=0 reboundMeshes=0 pending=3 restPose=111 quiet=264 latched=0
[HEAD_REBIND] member='player2' targets=21 slots=11 reboundBones=0 reboundMeshes=0 pending=6 restPose=109 quiet=264 latched=0
[HEAD_REBIND] member='player3' targets=18 slots=9 reboundBones=0 reboundMeshes=0 pending=1 restPose=111 quiet=264 latched=0
[HEAD_REBIND] member='player0' targets=18 slots=11 reboundBones=0 reboundMeshes=0 pending=2 restPose=105 quiet=265 latched=0
[HEAD_REBIND] member='player1' targets=19 slots=59 reboundBones=0 reboundMeshes=0 pending=3 restPose=111 quiet=265 latched=0
[HEAD_REBIND] member='player2' targets=21 slots=11 reboundBones=0 reboundMeshes=0 pending=6 restPose=109 quiet=265 latched=0
[HEAD_REBIND] member='player3' targets=18 slots=9 reboundBones=0 reboundMeshes=0 pending=1 restPose=111 quiet=265 latched=0
[HEAD_REBIND] member='player0' targets=18 slots=11 reboundBones=0 reboundMeshes=0 pending=2 restPose=105 quiet=266 latched=0
[HEAD_REBIND] member='player1' targets=19 slots=59 reboundBones=0 reboundMeshes=0 pending=3 restPose=111 quiet=266 latched=0
[HEAD_REBIND] member='player2' targets=21 slots=11 reboundBones=0 reboundMeshes=0 pending=6 restPose=109 quiet=266 latched=0
[HEAD_REBIND] member='player3' targets=18 slots=9 reboundBones=0 reboundMeshes=0 pending=1 restPose=111 quiet=266 latched=0
[HEAD_REBIND] member='player0' targets=18 slots=11 reboundBones=0 reboundMeshes=0 pending=2 restPose=105 quiet=267 latched=0
[HEAD_REBIND] member='player1' targets=19 slots=59 reboundBones=0 reboundMeshes=0 pending=3 restPose=111 quiet=267 latched=0
[HEAD_REBIND] member='player2' targets=21 slots=11 reboundBones=0 reboundMeshes=0 pending=6 restPose=109 quiet=267 latched=0
[HEAD_REBIND] member='player3' targets=18 slots=9 reboundBones=0 reboundMeshes=0 pending=1 restPose=111 quiet=267 latched=0
[HEAD_REBIND] member='player0' targets=18 slots=11 reboundBones=0 reboundMeshes=0 pending=2 restPose=105 quiet=268 latched=0
[HEAD_REBIND] member='player1' targets=19 slots=59 reboundBones=0 reboundMeshes=0 pending=3 restPose=111 quiet=268 latched=0
[HEAD_REBIND] member='player2' targets=21 slots=11 reboundBones=0 reboundMeshes=0 pending=6 restPose=109 quiet=268 latched=0
[HEAD_REBIND] member='player3' targets=18 slots=9 reboundBones=0 reboundMeshes=0 pending=1 restPose=111 quiet=268 latched=0
[HEAD_REBIND] member='player0' targets=18 slots=11 reboundBones=0 reboundMeshes=0 pending=2 restPose=105 quiet=269 latched=0
[HEAD_REBIND] member='player1' targets=19 slots=59 reboundBones=0 reboundMeshes=0 pending=3 restPose=111 quiet=269 latched=0
[HEAD_REBIND] member='player2' targets=21 slots=11 reboundBones=0 reboundMeshes=0 pending=6 restPose=109 quiet=269 latched=0
[HEAD_REBIND] member='player3' targets=18 slots=9 reboundBones=0 reboundMeshes=0 pending=1 restPose=111 quiet=269 latched=0
[HEAD_REBIND] member='player0' targets=18 slots=11 reboundBones=0 reboundMeshes=0 pending=2 restPose=105 quiet=270 latched=0
[HEAD_REBIND] member='player1' targets=19 slots=59 reboundBones=0 reboundMeshes=0 pending=3 restPose=111 quiet=270 latched=0
[HEAD_REBIND] member='player2' targets=21 slots=11 reboundBones=0 reboundMeshes=0 pending=6 restPose=109 quiet=270 latched=0
[HEAD_REBIND] member='player3' targets=18 slots=9 reboundBones=0 reboundMeshes=0 pending=1 restPose=111 quiet=270 latched=0
[HEAD_REBIND] member='player0' targets=18 slots=11 reboundBones=0 reboundMeshes=0 pending=2 restPose=105 quiet=271 latched=0
[HEAD_REBIND] member='player1' targets=19 slots=59 reboundBones=0 reboundMeshes=0 pending=3 restPose=111 quiet=271 latched=0
[HEAD_REBIND] member='player2' targets=21 slots=11 reboundBones=0 reboundMeshes=0 pending=6 restPose=109 quiet=271 latched=0
[HEAD_REBIND] member='player3' targets=18 slots=9 reboundBones=0 reboundMeshes=0 pending=1 restPose=111 quiet=271 latched=0
[HEAD_REBIND] member='player0' targets=18 slots=11 reboundBones=0 reboundMeshes=0 pending=2 restPose=105 quiet=272 latched=0
[HEAD_REBIND] member='player1' targets=19 slots=59 reboundBones=0 reboundMeshes=0 pending=3 restPose=111 quiet=272 latched=0
[HEAD_REBIND] member='player2' targets=21 slots=11 reboundBones=0 reboundMeshes=0 pending=6 restPose=109 quiet=272 latched=0
[HEAD_REBIND] member='player3' targets=18 slots=9 reboundBones=0 reboundMeshes=0 pending=1 restPose=111 quiet=272 latched=0
[HEAD_REBIND] member='player0' targets=18 slots=11 reboundBones=0 reboundMeshes=0 pending=2 restPose=105 quiet=273 latched=0
[HEAD_REBIND] member='player1' targets=19 slots=59 reboundBones=0 reboundMeshes=0 pending=3 restPose=111 quiet=273 latched=0
[HEAD_REBIND] member='player2' targets=21 slots=11 reboundBones=0 reboundMeshes=0 pending=6 restPose=109 quiet=273 latched=0
[HEAD_REBIND] member='player3' targets=18 slots=9 reboundBones=0 reboundMeshes=0 pending=1 restPose=111 quiet=273 latched=0
[HEAD_REBIND] member='player0' targets=18 slots=11 reboundBones=0 reboundMeshes=0 pending=2 restPose=105 quiet=274 latched=0
[HEAD_REBIND] member='player1' targets=19 slots=59 reboundBones=0 reboundMeshes=0 pending=3 restPose=111 quiet=274 latched=0
[HEAD_REBIND] member='player2' targets=21 slots=11 reboundBones=0 reboundMeshes=0 pending=6 restPose=109 quiet=274 latched=0
[HEAD_REBIND] member='player3' targets=18 slots=9 reboundBones=0 reboundMeshes=0 pending=1 restPose=111 quiet=274 latched=0
[HEAD_REBIND] member='player0' targets=18 slots=11 reboundBones=0 reboundMeshes=0 pending=2 restPose=105 quiet=275 latched=0
[HEAD_REBIND] member='player1' targets=19 slots=59 reboundBones=0 reboundMeshes=0 pending=3 restPose=111 quiet=275 latched=0
[HEAD_REBIND] member='player2' targets=21 slots=11 reboundBones=0 reboundMeshes=0 pending=6 restPose=109 quiet=275 latched=0
[HEAD_REBIND] member='player3' targets=18 slots=9 reboundBones=0 reboundMeshes=0 pending=1 restPose=111 quiet=275 latched=0
[HEAD_REBIND] member='player0' targets=18 slots=11 reboundBones=0 reboundMeshes=0 pending=2 restPose=105 quiet=276 latched=0
[HEAD_REBIND] member='player1' targets=19 slots=59 reboundBones=0 reboundMeshes=0 pending=3 restPose=111 quiet=276 latched=0
[HEAD_REBIND] member='player2' targets=21 slots=11 reboundBones=0 reboundMeshes=0 pending=6 restPose=109 quiet=276 latched=0
[HEAD_REBIND] member='player3' targets=18 slots=9 reboundBones=0 reboundMeshes=0 pending=1 restPose=111 quiet=276 latched=0
[HEAD_REBIND] member='player0' targets=18 slots=11 reboundBones=0 reboundMeshes=0 pending=2 restPose=105 quiet=277 latched=0
[HEAD_REBIND] member='player1' targets=19 slots=59 reboundBones=0 reboundMeshes=0 pending=3 restPose=111 quiet=277 latched=0
[HEAD_REBIND] member='player2' targets=21 slots=11 reboundBones=0 reboundMeshes=0 pending=6 restPose=109 quiet=277 latched=0
[HEAD_REBIND] member='player3' targets=18 slots=9 reboundBones=0 reboundMeshes=0 pending=1 restPose=111 quiet=277 latched=0
[HEAD_REBIND] member='player0' targets=18 slots=11 reboundBones=0 reboundMeshes=0 pending=2 restPose=105 quiet=278 latched=0
[HEAD_REBIND] member='player1' targets=19 slots=59 reboundBones=0 reboundMeshes=0 pending=3 restPose=111 quiet=278 latched=0
[HEAD_REBIND] member='player2' targets=21 slots=11 reboundBones=0 reboundMeshes=0 pending=6 restPose=109 quiet=278 latched=0
[HEAD_REBIND] member='player3' targets=18 slots=9 reboundBones=0 reboundMeshes=0 pending=1 restPose=111 quiet=278 latched=0
[HEAD_REBIND] member='player0' targets=18 slots=11 reboundBones=0 reboundMeshes=0 pending=2 restPose=105 quiet=279 latched=0
[HEAD_REBIND] member='player1' targets=19 slots=59 reboundBones=0 reboundMeshes=0 pending=3 restPose=111 quiet=279 latched=0
[HEAD_REBIND] member='player2' targets=21 slots=11 reboundBones=0 reboundMeshes=0 pending=6 restPose=109 quiet=279 latched=0
[HEAD_REBIND] member='player3' targets=18 slots=9 reboundBones=0 reboundMeshes=0 pending=1 restPose=111 quiet=279 latched=0
[HEAD_REBIND] member='player0' targets=18 slots=11 reboundBones=0 reboundMeshes=0 pending=2 restPose=105 quiet=280 latched=0
[HEAD_REBIND] member='player1' targets=19 slots=59 reboundBones=0 reboundMeshes=0 pending=3 restPose=111 quiet=280 latched=0
[HEAD_REBIND] member='player2' targets=21 slots=11 reboundBones=0 reboundMeshes=0 pending=6 restPose=109 quiet=280 latched=0
[HEAD_REBIND] member='player3' targets=18 slots=9 reboundBones=0 reboundMeshes=0 pending=1 restPose=111 quiet=280 latched=0
[HEAD_REBIND] member='player0' targets=18 slots=11 reboundBones=0 reboundMeshes=0 pending=2 restPose=105 quiet=281 latched=0
[HEAD_REBIND] member='player1' targets=19 slots=59 reboundBones=0 reboundMeshes=0 pending=3 restPose=111 quiet=281 latched=0
[HEAD_REBIND] member='player2' targets=21 slots=11 reboundBones=0 reboundMeshes=0 pending=6 restPose=109 quiet=281 latched=0
[HEAD_REBIND] member='player3' targets=18 slots=9 reboundBones=0 reboundMeshes=0 pending=1 restPose=111 quiet=281 latched=0
[HEAD_REBIND] member='player0' targets=18 slots=11 reboundBones=0 reboundMeshes=0 pending=2 restPose=105 quiet=282 latched=0
[HEAD_REBIND] member='player1' targets=19 slots=59 reboundBones=0 reboundMeshes=0 pending=3 restPose=111 quiet=282 latched=0
[HEAD_REBIND] member='player2' targets=21 slots=11 reboundBones=0 reboundMeshes=0 pending=6 restPose=109 quiet=282 latched=0
[HEAD_REBIND] member='player3' targets=18 slots=9 reboundBones=0 reboundMeshes=0 pending=1 restPose=111 quiet=282 latched=0
[HEAD_REBIND] member='player0' targets=18 slots=11 reboundBones=0 reboundMeshes=0 pending=2 restPose=105 quiet=283 latched=0
[HEAD_REBIND] member='player1' targets=19 slots=59 reboundBones=0 reboundMeshes=0 pending=3 restPose=111 quiet=283 latched=0
[HEAD_REBIND] member='player2' targets=21 slots=11 reboundBones=0 reboundMeshes=0 pending=6 restPose=109 quiet=283 latched=0
[HEAD_REBIND] member='player3' targets=18 slots=9 reboundBones=0 reboundMeshes=0 pending=1 restPose=111 quiet=283 latched=0
[HEAD_REBIND] member='player0' targets=18 slots=11 reboundBones=0 reboundMeshes=0 pending=2 restPose=105 quiet=284 latched=0
[HEAD_REBIND] member='player1' targets=19 slots=59 reboundBones=0 reboundMeshes=0 pending=3 restPose=111 quiet=284 latched=0
[HEAD_REBIND] member='player2' targets=21 slots=11 reboundBones=0 reboundMeshes=0 pending=6 restPose=109 quiet=284 latched=0
[HEAD_REBIND] member='player3' targets=18 slots=9 reboundBones=0 reboundMeshes=0 pending=1 restPose=111 quiet=284 latched=0
[HEAD_REBIND] member='player0' targets=18 slots=11 reboundBones=0 reboundMeshes=0 pending=2 restPose=105 quiet=285 latched=0
[HEAD_REBIND] member='player1' targets=19 slots=59 reboundBones=0 reboundMeshes=0 pending=3 restPose=111 quiet=285 latched=0
[HEAD_REBIND] member='player2' targets=21 slots=11 reboundBones=0 reboundMeshes=0 pending=6 restPose=109 quiet=285 latched=0
[HEAD_REBIND] member='player3' targets=18 slots=9 reboundBones=0 reboundMeshes=0 pending=1 restPose=111 quiet=285 latched=0
[HEAD_REBIND] member='player0' targets=18 slots=11 reboundBones=0 reboundMeshes=0 pending=2 restPose=105 quiet=286 latched=0
[HEAD_REBIND] member='player1' targets=19 slots=59 reboundBones=0 reboundMeshes=0 pending=3 restPose=111 quiet=286 latched=0
[HEAD_REBIND] member='player2' targets=21 slots=11 reboundBones=0 reboundMeshes=0 pending=6 restPose=109 quiet=286 latched=0
[HEAD_REBIND] member='player3' targets=18 slots=9 reboundBones=0 reboundMeshes=0 pending=1 restPose=111 quiet=286 latched=0
[HEAD_REBIND] member='player0' targets=18 slots=11 reboundBones=0 reboundMeshes=0 pending=2 restPose=105 quiet=287 latched=0
[HEAD_REBIND] member='player1' targets=19 slots=59 reboundBones=0 reboundMeshes=0 pending=3 restPose=111 quiet=287 latched=0
[HEAD_REBIND] member='player2' targets=21 slots=11 reboundBones=0 reboundMeshes=0 pending=6 restPose=109 quiet=287 latched=0
[HEAD_REBIND] member='player3' targets=18 slots=9 reboundBones=0 reboundMeshes=0 pending=1 restPose=111 quiet=287 latched=0
[HEAD_REBIND] member='player0' targets=18 slots=11 reboundBones=0 reboundMeshes=0 pending=2 restPose=105 quiet=288 latched=0
[HEAD_REBIND] member='player1' targets=19 slots=59 reboundBones=0 reboundMeshes=0 pending=3 restPose=111 quiet=288 latched=0
[HEAD_REBIND] member='player2' targets=21 slots=11 reboundBones=0 reboundMeshes=0 pending=6 restPose=109 quiet=288 latched=0
[HEAD_REBIND] member='player3' targets=18 slots=9 reboundBones=0 reboundMeshes=0 pending=1 restPose=111 quiet=288 latched=0
[HEAD_REBIND] member='player0' targets=18 slots=11 reboundBones=0 reboundMeshes=0 pending=2 restPose=105 quiet=289 latched=0
[HEAD_REBIND] member='player1' targets=19 slots=59 reboundBones=0 reboundMeshes=0 pending=3 restPose=111 quiet=289 latched=0
[HEAD_REBIND] member='player2' targets=21 slots=11 reboundBones=0 reboundMeshes=0 pending=6 restPose=109 quiet=289 latched=0
[HEAD_REBIND] member='player3' targets=18 slots=9 reboundBones=0 reboundMeshes=0 pending=1 restPose=111 quiet=289 latched=0
[HEAD_REBIND] member='player0' targets=18 slots=11 reboundBones=0 reboundMeshes=0 pending=2 restPose=105 quiet=290 latched=0
[HEAD_REBIND] member='player1' targets=19 slots=59 reboundBones=0 reboundMeshes=0 pending=3 restPose=111 quiet=290 latched=0
[HEAD_REBIND] member='player2' targets=21 slots=11 reboundBones=0 reboundMeshes=0 pending=6 restPose=109 quiet=290 latched=0
[HEAD_REBIND] member='player3' targets=18 slots=9 reboundBones=0 reboundMeshes=0 pending=1 restPose=111 quiet=290 latched=0
[HEAD_REBIND] member='player0' targets=18 slots=11 reboundBones=0 reboundMeshes=0 pending=2 restPose=105 quiet=291 latched=0
[HEAD_REBIND] member='player1' targets=19 slots=59 reboundBones=0 reboundMeshes=0 pending=3 restPose=111 quiet=291 latched=0
[HEAD_REBIND] member='player2' targets=21 slots=11 reboundBones=0 reboundMeshes=0 pending=6 restPose=109 quiet=291 latched=0
[HEAD_REBIND] member='player3' targets=18 slots=9 reboundBones=0 reboundMeshes=0 pending=1 restPose=111 quiet=291 latched=0
[HEAD_REBIND] member='player0' targets=18 slots=11 reboundBones=0 reboundMeshes=0 pending=2 restPose=105 quiet=292 latched=0
[HEAD_REBIND] member='player1' targets=19 slots=59 reboundBones=0 reboundMeshes=0 pending=3 restPose=111 quiet=292 latched=0
[HEAD_REBIND] member='player2' targets=21 slots=11 reboundBones=0 reboundMeshes=0 pending=6 restPose=109 quiet=292 latched=0
[HEAD_REBIND] member='player3' targets=18 slots=9 reboundBones=0 reboundMeshes=0 pending=1 restPose=111 quiet=292 latched=0
[HEAD_REBIND] member='player0' targets=18 slots=11 reboundBones=0 reboundMeshes=0 pending=2 restPose=105 quiet=293 latched=0
[HEAD_REBIND] member='player1' targets=19 slots=59 reboundBones=0 reboundMeshes=0 pending=3 restPose=111 quiet=293 latched=0
[HEAD_REBIND] member='player2' targets=21 slots=11 reboundBones=0 reboundMeshes=0 pending=6 restPose=109 quiet=293 latched=0
[HEAD_REBIND] member='player3' targets=18 slots=9 reboundBones=0 reboundMeshes=0 pending=1 restPose=111 quiet=293 latched=0
[HEAD_REBIND] member='player0' targets=18 slots=11 reboundBones=0 reboundMeshes=0 pending=2 restPose=105 quiet=294 latched=0
[HEAD_REBIND] member='player1' targets=19 slots=59 reboundBones=0 reboundMeshes=0 pending=3 restPose=111 quiet=294 latched=0
[HEAD_REBIND] member='player2' targets=21 slots=11 reboundBones=0 reboundMeshes=0 pending=6 restPose=109 quiet=294 latched=0
[HEAD_REBIND] member='player3' targets=18 slots=9 reboundBones=0 reboundMeshes=0 pending=1 restPose=111 quiet=294 latched=0
[HEAD_REBIND] member='player0' targets=18 slots=11 reboundBones=0 reboundMeshes=0 pending=2 restPose=105 quiet=295 latched=0
[HEAD_REBIND] member='player1' targets=19 slots=59 reboundBones=0 reboundMeshes=0 pending=3 restPose=111 quiet=295 latched=0
[HEAD_REBIND] member='player2' targets=21 slots=11 reboundBones=0 reboundMeshes=0 pending=6 restPose=109 quiet=295 latched=0
[HEAD_REBIND] member='player3' targets=18 slots=9 reboundBones=0 reboundMeshes=0 pending=1 restPose=111 quiet=295 latched=0
[HEAD_REBIND] member='player0' targets=18 slots=11 reboundBones=0 reboundMeshes=0 pending=2 restPose=105 quiet=296 latched=0
[HEAD_REBIND] member='player1' targets=19 slots=59 reboundBones=0 reboundMeshes=0 pending=3 restPose=111 quiet=296 latched=0
[HEAD_REBIND] member='player2' targets=21 slots=11 reboundBones=0 reboundMeshes=0 pending=6 restPose=109 quiet=296 latched=0
[HEAD_REBIND] member='player3' targets=18 slots=9 reboundBones=0 reboundMeshes=0 pending=1 restPose=111 quiet=296 latched=0
[HEAD_REBIND] member='player0' targets=18 slots=11 reboundBones=0 reboundMeshes=0 pending=2 restPose=105 quiet=297 latched=0
[HEAD_REBIND] member='player1' targets=19 slots=59 reboundBones=0 reboundMeshes=0 pending=3 restPose=111 quiet=297 latched=0
[HEAD_REBIND] member='player2' targets=21 slots=11 reboundBones=0 reboundMeshes=0 pending=6 restPose=109 quiet=297 latched=0
[HEAD_REBIND] member='player3' targets=18 slots=9 reboundBones=0 reboundMeshes=0 pending=1 restPose=111 quiet=297 latched=0
[HEAD_REBIND] member='player0' targets=18 slots=11 reboundBones=0 reboundMeshes=0 pending=2 restPose=105 quiet=298 latched=0
[HEAD_REBIND] member='player1' targets=19 slots=59 reboundBones=0 reboundMeshes=0 pending=3 restPose=111 quiet=298 latched=0
[HEAD_REBIND] member='player2' targets=21 slots=11 reboundBones=0 reboundMeshes=0 pending=6 restPose=109 quiet=298 latched=0
[HEAD_REBIND] member='player3' targets=18 slots=9 reboundBones=0 reboundMeshes=0 pending=1 restPose=111 quiet=298 latched=0
[HEAD_REBIND] member='player0' targets=18 slots=11 reboundBones=0 reboundMeshes=0 pending=2 restPose=105 quiet=299 latched=0
[HEAD_REBIND] member='player1' targets=19 slots=59 reboundBones=0 reboundMeshes=0 pending=3 restPose=111 quiet=299 latched=0
[HEAD_REBIND] member='player2' targets=21 slots=11 reboundBones=0 reboundMeshes=0 pending=6 restPose=109 quiet=299 latched=0
[HEAD_REBIND] member='player3' targets=18 slots=9 reboundBones=0 reboundMeshes=0 pending=1 restPose=111 quiet=299 latched=0
[HEAD_REBIND] member='player0' targets=18 slots=11 reboundBones=0 reboundMeshes=0 pending=2 restPose=105 quiet=300 latched=0
[HEAD_REBIND] member='player1' targets=19 slots=59 reboundBones=0 reboundMeshes=0 pending=3 restPose=111 quiet=300 latched=0
[HEAD_REBIND] member='player2' targets=21 slots=11 reboundBones=0 reboundMeshes=0 pending=6 restPose=109 quiet=300 latched=0
[HEAD_REBIND] member='player3' targets=18 slots=9 reboundBones=0 reboundMeshes=0 pending=1 restPose=111 quiet=300 latched=0
[HEAD_REBIND] member='player0' targets=18 slots=11 reboundBones=0 reboundMeshes=0 pending=2 restPose=105 quiet=301 latched=0
[HEAD_REBIND] member='player1' targets=19 slots=59 reboundBones=0 reboundMeshes=0 pending=3 restPose=111 quiet=301 latched=0
[HEAD_REBIND] member='player2' targets=21 slots=11 reboundBones=0 reboundMeshes=0 pending=6 restPose=109 quiet=301 latched=0
[HEAD_REBIND] member='player3' targets=18 slots=9 reboundBones=0 reboundMeshes=0 pending=1 restPose=111 quiet=301 latched=0
[HEAD_REBIND] member='player0' targets=18 slots=11 reboundBones=0 reboundMeshes=0 pending=2 restPose=105 quiet=302 latched=0
[HEAD_REBIND] member='player1' targets=19 slots=59 reboundBones=0 reboundMeshes=0 pending=3 restPose=111 quiet=302 latched=0
[HEAD_REBIND] member='player2' targets=21 slots=11 reboundBones=0 reboundMeshes=0 pending=6 restPose=109 quiet=302 latched=0
[HEAD_REBIND] member='player3' targets=18 slots=9 reboundBones=0 reboundMeshes=0 pending=1 restPose=111 quiet=302 latched=0
[HEAD_REBIND] member='player0' targets=18 slots=11 reboundBones=0 reboundMeshes=0 pending=2 restPose=105 quiet=303 latched=0
[HEAD_REBIND] member='player1' targets=19 slots=59 reboundBones=0 reboundMeshes=0 pending=3 restPose=111 quiet=303 latched=0
[HEAD_REBIND] member='player2' targets=21 slots=11 reboundBones=0 reboundMeshes=0 pending=6 restPose=109 quiet=303 latched=0
[HEAD_REBIND] member='player3' targets=18 slots=9 reboundBones=0 reboundMeshes=0 pending=1 restPose=111 quiet=303 latched=0
[HEAD_REBIND] member='player0' targets=18 slots=11 reboundBones=0 reboundMeshes=0 pending=2 restPose=105 quiet=304 latched=0
[HEAD_REBIND] member='player1' targets=19 slots=59 reboundBones=0 reboundMeshes=0 pending=3 restPose=111 quiet=304 latched=0
[HEAD_REBIND] member='player2' targets=21 slots=11 reboundBones=0 reboundMeshes=0 pending=6 restPose=109 quiet=304 latched=0
[HEAD_REBIND] member='player3' targets=18 slots=9 reboundBones=0 reboundMeshes=0 pending=1 restPose=111 quiet=304 latched=0
[HEAD_REBIND] member='player0' targets=18 slots=11 reboundBones=0 reboundMeshes=0 pending=2 restPose=105 quiet=305 latched=0
[HEAD_REBIND] member='player1' targets=19 slots=59 reboundBones=0 reboundMeshes=0 pending=3 restPose=111 quiet=305 latched=0
[HEAD_REBIND] member='player2' targets=21 slots=11 reboundBones=0 reboundMeshes=0 pending=6 restPose=109 quiet=305 latched=0
[HEAD_REBIND] member='player3' targets=18 slots=9 reboundBones=0 reboundMeshes=0 pending=1 restPose=111 quiet=305 latched=0
[HEAD_REBIND] member='player0' targets=18 slots=11 reboundBones=0 reboundMeshes=0 pending=2 restPose=105 quiet=306 latched=0
[HEAD_REBIND] member='player1' targets=19 slots=59 reboundBones=0 reboundMeshes=0 pending=3 restPose=111 quiet=306 latched=0
[HEAD_REBIND] member='player2' targets=21 slots=11 reboundBones=0 reboundMeshes=0 pending=6 restPose=109 quiet=306 latched=0
[HEAD_REBIND] member='player3' targets=18 slots=9 reboundBones=0 reboundMeshes=0 pending=1 restPose=111 quiet=306 latched=0
[HEAD_REBIND] member='player0' targets=18 slots=11 reboundBones=0 reboundMeshes=0 pending=2 restPose=105 quiet=307 latched=0
[HEAD_REBIND] member='player1' targets=19 slots=59 reboundBones=0 reboundMeshes=0 pending=3 restPose=111 quiet=307 latched=0
[HEAD_REBIND] member='player2' targets=21 slots=11 reboundBones=0 reboundMeshes=0 pending=6 restPose=109 quiet=307 latched=0
[HEAD_REBIND] member='player3' targets=18 slots=9 reboundBones=0 reboundMeshes=0 pending=1 restPose=111 quiet=307 latched=0
[HEAD_REBIND] member='player0' targets=18 slots=11 reboundBones=0 reboundMeshes=0 pending=2 restPose=105 quiet=308 latched=0
[HEAD_REBIND] member='player1' targets=19 slots=59 reboundBones=0 reboundMeshes=0 pending=3 restPose=111 quiet=308 latched=0
[HEAD_REBIND] member='player2' targets=21 slots=11 reboundBones=0 reboundMeshes=0 pending=6 restPose=109 quiet=308 latched=0
[HEAD_REBIND] member='player3' targets=18 slots=9 reboundBones=0 reboundMeshes=0 pending=1 restPose=111 quiet=308 latched=0
[HEAD_REBIND] member='player0' targets=18 slots=11 reboundBones=0 reboundMeshes=0 pending=2 restPose=105 quiet=309 latched=0
[HEAD_REBIND] member='player1' targets=19 slots=59 reboundBones=0 reboundMeshes=0 pending=3 restPose=111 quiet=309 latched=0
[HEAD_REBIND] member='player2' targets=21 slots=11 reboundBones=0 reboundMeshes=0 pending=6 restPose=109 quiet=309 latched=0
[HEAD_REBIND] member='player3' targets=18 slots=9 reboundBones=0 reboundMeshes=0 pending=1 restPose=111 quiet=309 latched=0
[HEAD_REBIND] member='player0' targets=18 slots=11 reboundBones=0 reboundMeshes=0 pending=2 restPose=105 quiet=310 latched=0
[HEAD_REBIND] member='player1' targets=19 slots=59 reboundBones=0 reboundMeshes=0 pending=3 restPose=111 quiet=310 latched=0
[HEAD_REBIND] member='player2' targets=21 slots=11 reboundBones=0 reboundMeshes=0 pending=6 restPose=109 quiet=310 latched=0
[HEAD_REBIND] member='player3' targets=18 slots=9 reboundBones=0 reboundMeshes=0 pending=1 restPose=111 quiet=310 latched=0
[HEAD_REBIND] member='player0' targets=18 slots=11 reboundBones=0 reboundMeshes=0 pending=2 restPose=105 quiet=311 latched=0
[HEAD_REBIND] member='player1' targets=19 slots=59 reboundBones=0 reboundMeshes=0 pending=3 restPose=111 quiet=311 latched=0
[HEAD_REBIND] member='player2' targets=21 slots=11 reboundBones=0 reboundMeshes=0 pending=6 restPose=109 quiet=311 latched=0
[HEAD_REBIND] member='player3' targets=18 slots=9 reboundBones=0 reboundMeshes=0 pending=1 restPose=111 quiet=311 latched=0
[HEAD_REBIND] member='player0' targets=18 slots=11 reboundBones=0 reboundMeshes=0 pending=2 restPose=105 quiet=312 latched=0
[HEAD_REBIND] member='player1' targets=19 slots=59 reboundBones=0 reboundMeshes=0 pending=3 restPose=111 quiet=312 latched=0
[HEAD_REBIND] member='player2' targets=21 slots=11 reboundBones=0 reboundMeshes=0 pending=6 restPose=109 quiet=312 latched=0
[HEAD_REBIND] member='player3' targets=18 slots=9 reboundBones=0 reboundMeshes=0 pending=1 restPose=111 quiet=312 latched=0
[HEAD_REBIND] member='player0' targets=18 slots=11 reboundBones=0 reboundMeshes=0 pending=2 restPose=105 quiet=313 latched=0
[HEAD_REBIND] member='player1' targets=19 slots=59 reboundBones=0 reboundMeshes=0 pending=3 restPose=111 quiet=313 latched=0
[HEAD_REBIND] member='player2' targets=21 slots=11 reboundBones=0 reboundMeshes=0 pending=6 restPose=109 quiet=313 latched=0
[HEAD_REBIND] member='player3' targets=18 slots=9 reboundBones=0 reboundMeshes=0 pending=1 restPose=111 quiet=313 latched=0
[HEAD_REBIND] member='player0' targets=18 slots=11 reboundBones=0 reboundMeshes=0 pending=2 restPose=105 quiet=314 latched=0
[HEAD_REBIND] member='player1' targets=19 slots=59 reboundBones=0 reboundMeshes=0 pending=3 restPose=111 quiet=314 latched=0
[HEAD_REBIND] member='player2' targets=21 slots=11 reboundBones=0 reboundMeshes=0 pending=6 restPose=109 quiet=314 latched=0
[HEAD_REBIND] member='player3' targets=18 slots=9 reboundBones=0 reboundMeshes=0 pending=1 restPose=111 quiet=314 latched=0
[HEAD_REBIND] member='player0' targets=18 slots=11 reboundBones=0 reboundMeshes=0 pending=2 restPose=105 quiet=315 latched=0
[HEAD_REBIND] member='player1' targets=19 slots=59 reboundBones=0 reboundMeshes=0 pending=3 restPose=111 quiet=315 latched=0
[HEAD_REBIND] member='player2' targets=21 slots=11 reboundBones=0 reboundMeshes=0 pending=6 restPose=109 quiet=315 latched=0
[HEAD_REBIND] member='player3' targets=18 slots=9 reboundBones=0 reboundMeshes=0 pending=1 restPose=111 quiet=315 latched=0
[HEAD_REBIND] member='player0' targets=18 slots=11 reboundBones=0 reboundMeshes=0 pending=2 restPose=105 quiet=316 latched=0
[HEAD_REBIND] member='player1' targets=19 slots=59 reboundBones=0 reboundMeshes=0 pending=3 restPose=111 quiet=316 latched=0
[HEAD_REBIND] member='player2' targets=21 slots=11 reboundBones=0 reboundMeshes=0 pending=6 restPose=109 quiet=316 latched=0
[HEAD_REBIND] member='player3' targets=18 slots=9 reboundBones=0 reboundMeshes=0 pending=1 restPose=111 quiet=316 latched=0
[HEAD_REBIND] member='player0' targets=18 slots=11 reboundBones=0 reboundMeshes=0 pending=2 restPose=105 quiet=317 latched=0
[HEAD_REBIND] member='player1' targets=19 slots=59 reboundBones=0 reboundMeshes=0 pending=3 restPose=111 quiet=317 latched=0
[HEAD_REBIND] member='player2' targets=21 slots=11 reboundBones=0 reboundMeshes=0 pending=6 restPose=109 quiet=317 latched=0
[HEAD_REBIND] member='player3' targets=18 slots=9 reboundBones=0 reboundMeshes=0 pending=1 restPose=111 quiet=317 latched=0
[HEAD_REBIND] member='player0' targets=18 slots=11 reboundBones=0 reboundMeshes=0 pending=2 restPose=105 quiet=318 latched=0
[HEAD_REBIND] member='player1' targets=19 slots=59 reboundBones=0 reboundMeshes=0 pending=3 restPose=111 quiet=318 latched=0
[HEAD_REBIND] member='player2' targets=21 slots=11 reboundBones=0 reboundMeshes=0 pending=6 restPose=109 quiet=318 latched=0
[HEAD_REBIND] member='player3' targets=18 slots=9 reboundBones=0 reboundMeshes=0 pending=1 restPose=111 quiet=318 latched=0
[HEAD_REBIND] member='player0' targets=18 slots=11 reboundBones=0 reboundMeshes=0 pending=2 restPose=105 quiet=319 latched=0
[HEAD_REBIND] member='player1' targets=19 slots=59 reboundBones=0 reboundMeshes=0 pending=3 restPose=111 quiet=319 latched=0
[HEAD_REBIND] member='player2' targets=21 slots=11 reboundBones=0 reboundMeshes=0 pending=6 restPose=109 quiet=319 latched=0
[HEAD_REBIND] member='player3' targets=18 slots=9 reboundBones=0 reboundMeshes=0 pending=1 restPose=111 quiet=319 latched=0
[HEAD_REBIND] member='player0' targets=18 slots=11 reboundBones=0 reboundMeshes=0 pending=2 restPose=105 quiet=320 latched=0
[HEAD_REBIND] member='player1' targets=19 slots=59 reboundBones=0 reboundMeshes=0 pending=3 restPose=111 quiet=320 latched=0
[HEAD_REBIND] member='player2' targets=21 slots=11 reboundBones=0 reboundMeshes=0 pending=6 restPose=109 quiet=320 latched=0
[HEAD_REBIND] member='player3' targets=18 slots=9 reboundBones=0 reboundMeshes=0 pending=1 restPose=111 quiet=320 latched=0
[HEAD_REBIND] member='player0' targets=18 slots=11 reboundBones=0 reboundMeshes=0 pending=2 restPose=105 quiet=321 latched=0
[HEAD_REBIND] member='player1' targets=19 slots=59 reboundBones=0 reboundMeshes=0 pending=3 restPose=111 quiet=321 latched=0
[HEAD_REBIND] member='player2' targets=21 slots=11 reboundBones=0 reboundMeshes=0 pending=6 restPose=109 quiet=321 latched=0
[HEAD_REBIND] member='player3' targets=18 slots=9 reboundBones=0 reboundMeshes=0 pending=1 restPose=111 quiet=321 latched=0
[HEAD_REBIND] member='player0' targets=18 slots=11 reboundBones=0 reboundMeshes=0 pending=2 restPose=105 quiet=322 latched=0
[HEAD_REBIND] member='player1' targets=19 slots=59 reboundBones=0 reboundMeshes=0 pending=3 restPose=111 quiet=322 latched=0
[HEAD_REBIND] member='player2' targets=21 slots=11 reboundBones=0 reboundMeshes=0 pending=6 restPose=109 quiet=322 latched=0
[HEAD_REBIND] member='player3' targets=18 slots=9 reboundBones=0 reboundMeshes=0 pending=1 restPose=111 quiet=322 latched=0
[HEAD_REBIND] member='player0' targets=18 slots=11 reboundBones=0 reboundMeshes=0 pending=2 restPose=105 quiet=323 latched=0
[HEAD_REBIND] member='player1' targets=19 slots=59 reboundBones=0 reboundMeshes=0 pending=3 restPose=111 quiet=323 latched=0
[HEAD_REBIND] member='player2' targets=21 slots=11 reboundBones=0 reboundMeshes=0 pending=6 restPose=109 quiet=323 latched=0
[HEAD_REBIND] member='player3' targets=18 slots=9 reboundBones=0 reboundMeshes=0 pending=1 restPose=111 quiet=323 latched=0
[HEAD_REBIND] member='player0' targets=18 slots=11 reboundBones=0 reboundMeshes=0 pending=2 restPose=105 quiet=324 latched=0
[HEAD_REBIND] member='player1' targets=19 slots=59 reboundBones=0 reboundMeshes=0 pending=3 restPose=111 quiet=324 latched=0
[HEAD_REBIND] member='player2' targets=21 slots=11 reboundBones=0 reboundMeshes=0 pending=6 restPose=109 quiet=324 latched=0
[HEAD_REBIND] member='player3' targets=18 slots=9 reboundBones=0 reboundMeshes=0 pending=1 restPose=111 quiet=324 latched=0
[HEAD_REBIND] member='player0' targets=18 slots=11 reboundBones=0 reboundMeshes=0 pending=2 restPose=105 quiet=325 latched=0
[HEAD_REBIND] member='player1' targets=19 slots=59 reboundBones=0 reboundMeshes=0 pending=3 restPose=111 quiet=325 latched=0
[HEAD_REBIND] member='player2' targets=21 slots=11 reboundBones=0 reboundMeshes=0 pending=6 restPose=109 quiet=325 latched=0
[HEAD_REBIND] member='player3' targets=18 slots=9 reboundBones=0 reboundMeshes=0 pending=1 restPose=111 quiet=325 latched=0
[HEAD_REBIND] member='player0' targets=18 slots=11 reboundBones=0 reboundMeshes=0 pending=2 restPose=105 quiet=326 latched=0
[HEAD_REBIND] member='player1' targets=19 slots=59 reboundBones=0 reboundMeshes=0 pending=3 restPose=111 quiet=326 latched=0
[HEAD_REBIND] member='player2' targets=21 slots=11 reboundBones=0 reboundMeshes=0 pending=6 restPose=109 quiet=326 latched=0
[HEAD_REBIND] member='player3' targets=18 slots=9 reboundBones=0 reboundMeshes=0 pending=1 restPose=111 quiet=326 latched=0
[HEAD_REBIND] member='player0' targets=18 slots=11 reboundBones=0 reboundMeshes=0 pending=2 restPose=105 quiet=327 latched=0
[HEAD_REBIND] member='player1' targets=19 slots=59 reboundBones=0 reboundMeshes=0 pending=3 restPose=111 quiet=327 latched=0
[HEAD_REBIND] member='player2' targets=21 slots=11 reboundBones=0 reboundMeshes=0 pending=6 restPose=109 quiet=327 latched=0
[HEAD_REBIND] member='player3' targets=18 slots=9 reboundBones=0 reboundMeshes=0 pending=1 restPose=111 quiet=327 latched=0
[HEAD_REBIND] member='player0' targets=18 slots=11 reboundBones=0 reboundMeshes=0 pending=2 restPose=105 quiet=328 latched=0
[HEAD_REBIND] member='player1' targets=19 slots=59 reboundBones=0 reboundMeshes=0 pending=3 restPose=111 quiet=328 latched=0
[HEAD_REBIND] member='player2' targets=21 slots=11 reboundBones=0 reboundMeshes=0 pending=6 restPose=109 quiet=328 latched=0
[HEAD_REBIND] member='player3' targets=18 slots=9 reboundBones=0 reboundMeshes=0 pending=1 restPose=111 quiet=328 latched=0
[HEAD_REBIND] member='player0' targets=18 slots=11 reboundBones=0 reboundMeshes=0 pending=2 restPose=105 quiet=329 latched=0
[HEAD_REBIND] member='player1' targets=19 slots=59 reboundBones=0 reboundMeshes=0 pending=3 restPose=111 quiet=329 latched=0
[HEAD_REBIND] member='player2' targets=21 slots=11 reboundBones=0 reboundMeshes=0 pending=6 restPose=109 quiet=329 latched=0
[HEAD_REBIND] member='player3' targets=18 slots=9 reboundBones=0 reboundMeshes=0 pending=1 restPose=111 quiet=329 latched=0
[HEAD_REBIND] member='player0' targets=18 slots=11 reboundBones=0 reboundMeshes=0 pending=2 restPose=105 quiet=330 latched=0
[HEAD_REBIND] member='player1' targets=19 slots=59 reboundBones=0 reboundMeshes=0 pending=3 restPose=111 quiet=330 latched=0
[HEAD_REBIND] member='player2' targets=21 slots=11 reboundBones=0 reboundMeshes=0 pending=6 restPose=109 quiet=330 latched=0
[HEAD_REBIND] member='player3' targets=18 slots=9 reboundBones=0 reboundMeshes=0 pending=1 restPose=111 quiet=330 latched=0
[HEAD_REBIND] member='player0' targets=18 slots=11 reboundBones=0 reboundMeshes=0 pending=2 restPose=105 quiet=331 latched=0
[HEAD_REBIND] member='player1' targets=19 slots=59 reboundBones=0 reboundMeshes=0 pending=3 restPose=111 quiet=331 latched=0
[HEAD_REBIND] member='player2' targets=21 slots=11 reboundBones=0 reboundMeshes=0 pending=6 restPose=109 quiet=331 latched=0
[HEAD_REBIND] member='player3' targets=18 slots=9 reboundBones=0 reboundMeshes=0 pending=1 restPose=111 quiet=331 latched=0
[HEAD_REBIND] member='player0' targets=18 slots=11 reboundBones=0 reboundMeshes=0 pending=2 restPose=105 quiet=332 latched=0
[HEAD_REBIND] member='player1' targets=19 slots=59 reboundBones=0 reboundMeshes=0 pending=3 restPose=111 quiet=332 latched=0
[HEAD_REBIND] member='player2' targets=21 slots=11 reboundBones=0 reboundMeshes=0 pending=6 restPose=109 quiet=332 latched=0
[HEAD_REBIND] member='player3' targets=18 slots=9 reboundBones=0 reboundMeshes=0 pending=1 restPose=111 quiet=332 latched=0
[HEAD_REBIND] member='player0' targets=18 slots=11 reboundBones=0 reboundMeshes=0 pending=2 restPose=105 quiet=333 latched=0
[HEAD_REBIND] member='player1' targets=19 slots=59 reboundBones=0 reboundMeshes=0 pending=3 restPose=111 quiet=333 latched=0
[HEAD_REBIND] member='player2' targets=21 slots=11 reboundBones=0 reboundMeshes=0 pending=6 restPose=109 quiet=333 latched=0
[HEAD_REBIND] member='player3' targets=18 slots=9 reboundBones=0 reboundMeshes=0 pending=1 restPose=111 quiet=333 latched=0
[HEAD_REBIND] member='player0' targets=18 slots=11 reboundBones=0 reboundMeshes=0 pending=2 restPose=105 quiet=334 latched=0
[HEAD_REBIND] member='player1' targets=19 slots=59 reboundBones=0 reboundMeshes=0 pending=3 restPose=111 quiet=334 latched=0
[HEAD_REBIND] member='player2' targets=21 slots=11 reboundBones=0 reboundMeshes=0 pending=6 restPose=109 quiet=334 latched=0
[HEAD_REBIND] member='player3' targets=18 slots=9 reboundBones=0 reboundMeshes=0 pending=1 restPose=111 quiet=334 latched=0
[HEAD_REBIND] member='player0' targets=18 slots=11 reboundBones=0 reboundMeshes=0 pending=2 restPose=105 quiet=335 latched=0
[HEAD_REBIND] member='player1' targets=19 slots=59 reboundBones=0 reboundMeshes=0 pending=3 restPose=111 quiet=335 latched=0
[HEAD_REBIND] member='player2' targets=21 slots=11 reboundBones=0 reboundMeshes=0 pending=6 restPose=109 quiet=335 latched=0
[HEAD_REBIND] member='player3' targets=18 slots=9 reboundBones=0 reboundMeshes=0 pending=1 restPose=111 quiet=335 latched=0
[HEAD_REBIND] member='player0' targets=18 slots=11 reboundBones=0 reboundMeshes=0 pending=2 restPose=105 quiet=336 latched=0
[HEAD_REBIND] member='player1' targets=19 slots=59 reboundBones=0 reboundMeshes=0 pending=3 restPose=111 quiet=336 latched=0
[HEAD_REBIND] member='player2' targets=21 slots=11 reboundBones=0 reboundMeshes=0 pending=6 restPose=109 quiet=336 latched=0
[HEAD_REBIND] member='player3' targets=18 slots=9 reboundBones=0 reboundMeshes=0 pending=1 restPose=111 quiet=336 latched=0
[HEAD_REBIND] member='player0' targets=18 slots=11 reboundBones=0 reboundMeshes=0 pending=2 restPose=105 quiet=337 latched=0
[HEAD_REBIND] member='player1' targets=19 slots=59 reboundBones=0 reboundMeshes=0 pending=3 restPose=111 quiet=337 latched=0
[HEAD_REBIND] member='player2' targets=21 slots=11 reboundBones=0 reboundMeshes=0 pending=6 restPose=109 quiet=337 latched=0
[HEAD_REBIND] member='player3' targets=18 slots=9 reboundBones=0 reboundMeshes=0 pending=1 restPose=111 quiet=337 latched=0
[HEAD_REBIND] member='player0' targets=18 slots=11 reboundBones=0 reboundMeshes=0 pending=2 restPose=105 quiet=338 latched=0
[HEAD_REBIND] member='player1' targets=19 slots=59 reboundBones=0 reboundMeshes=0 pending=3 restPose=111 quiet=338 latched=0
[HEAD_REBIND] member='player2' targets=21 slots=11 reboundBones=0 reboundMeshes=0 pending=6 restPose=109 quiet=338 latched=0
[HEAD_REBIND] member='player3' targets=18 slots=9 reboundBones=0 reboundMeshes=0 pending=1 restPose=111 quiet=338 latched=0
[HEAD_REBIND] member='player0' targets=18 slots=11 reboundBones=0 reboundMeshes=0 pending=2 restPose=105 quiet=339 latched=0
[HEAD_REBIND] member='player1' targets=19 slots=59 reboundBones=0 reboundMeshes=0 pending=3 restPose=111 quiet=339 latched=0
[HEAD_REBIND] member='player2' targets=21 slots=11 reboundBones=0 reboundMeshes=0 pending=6 restPose=109 quiet=339 latched=0
[HEAD_REBIND] member='player3' targets=18 slots=9 reboundBones=0 reboundMeshes=0 pending=1 restPose=111 quiet=339 latched=0
[HEAD_REBIND] member='player0' targets=18 slots=11 reboundBones=0 reboundMeshes=0 pending=2 restPose=105 quiet=340 latched=0
[HEAD_REBIND] member='player1' targets=19 slots=59 reboundBones=0 reboundMeshes=0 pending=3 restPose=111 quiet=340 latched=0
[HEAD_REBIND] member='player2' targets=21 slots=11 reboundBones=0 reboundMeshes=0 pending=6 restPose=109 quiet=340 latched=0
[HEAD_REBIND] member='player3' targets=18 slots=9 reboundBones=0 reboundMeshes=0 pending=1 restPose=111 quiet=340 latched=0
[HEAD_REBIND] member='player0' targets=18 slots=11 reboundBones=0 reboundMeshes=0 pending=2 restPose=105 quiet=341 latched=0
[HEAD_REBIND] member='player1' targets=19 slots=59 reboundBones=0 reboundMeshes=0 pending=3 restPose=111 quiet=341 latched=0
[HEAD_REBIND] member='player2' targets=21 slots=11 reboundBones=0 reboundMeshes=0 pending=6 restPose=109 quiet=341 latched=0
[HEAD_REBIND] member='player3' targets=18 slots=9 reboundBones=0 reboundMeshes=0 pending=1 restPose=111 quiet=341 latched=0
[HEAD_REBIND] member='player0' targets=18 slots=11 reboundBones=0 reboundMeshes=0 pending=2 restPose=105 quiet=342 latched=0
[HEAD_REBIND] member='player1' targets=19 slots=59 reboundBones=0 reboundMeshes=0 pending=3 restPose=111 quiet=342 latched=0
[HEAD_REBIND] member='player2' targets=21 slots=11 reboundBones=0 reboundMeshes=0 pending=6 restPose=109 quiet=342 latched=0
[HEAD_REBIND] member='player3' targets=18 slots=9 reboundBones=0 reboundMeshes=0 pending=1 restPose=111 quiet=342 latched=0
[HEAD_REBIND] member='player0' targets=18 slots=11 reboundBones=0 reboundMeshes=0 pending=2 restPose=105 quiet=343 latched=0
[HEAD_REBIND] member='player1' targets=19 slots=59 reboundBones=0 reboundMeshes=0 pending=3 restPose=111 quiet=343 latched=0
[HEAD_REBIND] member='player2' targets=21 slots=11 reboundBones=0 reboundMeshes=0 pending=6 restPose=109 quiet=343 latched=0
[HEAD_REBIND] member='player3' targets=18 slots=9 reboundBones=0 reboundMeshes=0 pending=1 restPose=111 quiet=343 latched=0
[HEAD_REBIND] member='player0' targets=18 slots=11 reboundBones=0 reboundMeshes=0 pending=2 restPose=105 quiet=344 latched=0
[HEAD_REBIND] member='player1' targets=19 slots=59 reboundBones=0 reboundMeshes=0 pending=3 restPose=111 quiet=344 latched=0
[HEAD_REBIND] member='player2' targets=21 slots=11 reboundBones=0 reboundMeshes=0 pending=6 restPose=109 quiet=344 latched=0
[HEAD_REBIND] member='player3' targets=18 slots=9 reboundBones=0 reboundMeshes=0 pending=1 restPose=111 quiet=344 latched=0
[HEAD_REBIND] member='player0' targets=18 slots=11 reboundBones=0 reboundMeshes=0 pending=2 restPose=105 quiet=345 latched=0
[HEAD_REBIND] member='player1' targets=19 slots=59 reboundBones=0 reboundMeshes=0 pending=3 restPose=111 quiet=345 latched=0
[HEAD_REBIND] member='player2' targets=21 slots=11 reboundBones=0 reboundMeshes=0 pending=6 restPose=109 quiet=345 latched=0
[HEAD_REBIND] member='player3' targets=18 slots=9 reboundBones=0 reboundMeshes=0 pending=1 restPose=111 quiet=345 latched=0
[HEAD_REBIND] member='player0' targets=18 slots=11 reboundBones=0 reboundMeshes=0 pending=2 restPose=105 quiet=346 latched=0
[HEAD_REBIND] member='player1' targets=19 slots=59 reboundBones=0 reboundMeshes=0 pending=3 restPose=111 quiet=346 latched=0
[HEAD_REBIND] member='player2' targets=21 slots=11 reboundBones=0 reboundMeshes=0 pending=6 restPose=109 quiet=346 latched=0
[HEAD_REBIND] member='player3' targets=18 slots=9 reboundBones=0 reboundMeshes=0 pending=1 restPose=111 quiet=346 latched=0
[HEAD_REBIND] member='player0' targets=18 slots=11 reboundBones=0 reboundMeshes=0 pending=2 restPose=105 quiet=347 latched=0
[HEAD_REBIND] member='player1' targets=19 slots=59 reboundBones=0 reboundMeshes=0 pending=3 restPose=111 quiet=347 latched=0
[HEAD_REBIND] member='player2' targets=21 slots=11 reboundBones=0 reboundMeshes=0 pending=6 restPose=109 quiet=347 latched=0
[HEAD_REBIND] member='player3' targets=18 slots=9 reboundBones=0 reboundMeshes=0 pending=1 restPose=111 quiet=347 latched=0
[HEAD_REBIND] member='player0' targets=18 slots=11 reboundBones=0 reboundMeshes=0 pending=2 restPose=105 quiet=348 latched=0
[HEAD_REBIND] member='player1' targets=19 slots=59 reboundBones=0 reboundMeshes=0 pending=3 restPose=111 quiet=348 latched=0
[HEAD_REBIND] member='player2' targets=21 slots=11 reboundBones=0 reboundMeshes=0 pending=6 restPose=109 quiet=348 latched=0
[HEAD_REBIND] member='player3' targets=18 slots=9 reboundBones=0 reboundMeshes=0 pending=1 restPose=111 quiet=348 latched=0
[HEAD_REBIND] member='player0' targets=18 slots=11 reboundBones=0 reboundMeshes=0 pending=2 restPose=105 quiet=349 latched=0
[HEAD_REBIND] member='player1' targets=19 slots=59 reboundBones=0 reboundMeshes=0 pending=3 restPose=111 quiet=349 latched=0
[HEAD_REBIND] member='player2' targets=21 slots=11 reboundBones=0 reboundMeshes=0 pending=6 restPose=109 quiet=349 latched=0
[HEAD_REBIND] member='player3' targets=18 slots=9 reboundBones=0 reboundMeshes=0 pending=1 restPose=111 quiet=349 latched=0
[HEAD_REBIND] member='player0' targets=18 slots=11 reboundBones=0 reboundMeshes=0 pending=2 restPose=105 quiet=350 latched=0
[HEAD_REBIND] member='player1' targets=19 slots=59 reboundBones=0 reboundMeshes=0 pending=3 restPose=111 quiet=350 latched=0
[HEAD_REBIND] member='player2' targets=21 slots=11 reboundBones=0 reboundMeshes=0 pending=6 restPose=109 quiet=350 latched=0
[HEAD_REBIND] member='player3' targets=18 slots=9 reboundBones=0 reboundMeshes=0 pending=1 restPose=111 quiet=350 latched=0
[HEAD_REBIND] member='player0' targets=18 slots=11 reboundBones=0 reboundMeshes=0 pending=2 restPose=105 quiet=351 latched=0
[HEAD_REBIND] member='player1' targets=19 slots=59 reboundBones=0 reboundMeshes=0 pending=3 restPose=111 quiet=351 latched=0
[HEAD_REBIND] member='player2' targets=21 slots=11 reboundBones=0 reboundMeshes=0 pending=6 restPose=109 quiet=351 latched=0
[HEAD_REBIND] member='player3' targets=18 slots=9 reboundBones=0 reboundMeshes=0 pending=1 restPose=111 quiet=351 latched=0
[HEAD_REBIND] member='player0' targets=18 slots=11 reboundBones=0 reboundMeshes=0 pending=2 restPose=105 quiet=352 latched=0
[HEAD_REBIND] member='player1' targets=19 slots=59 reboundBones=0 reboundMeshes=0 pending=3 restPose=111 quiet=352 latched=0
[HEAD_REBIND] member='player2' targets=21 slots=11 reboundBones=0 reboundMeshes=0 pending=6 restPose=109 quiet=352 latched=0
[HEAD_REBIND] member='player3' targets=18 slots=9 reboundBones=0 reboundMeshes=0 pending=1 restPose=111 quiet=352 latched=0
[HEAD_REBIND] member='player0' targets=18 slots=11 reboundBones=0 reboundMeshes=0 pending=2 restPose=105 quiet=353 latched=0
[HEAD_REBIND] member='player1' targets=19 slots=59 reboundBones=0 reboundMeshes=0 pending=3 restPose=111 quiet=353 latched=0
[HEAD_REBIND] member='player2' targets=21 slots=11 reboundBones=0 reboundMeshes=0 pending=6 restPose=109 quiet=353 latched=0
[HEAD_REBIND] member='player3' targets=18 slots=9 reboundBones=0 reboundMeshes=0 pending=1 restPose=111 quiet=353 latched=0
[HEAD_REBIND] member='player0' targets=18 slots=11 reboundBones=0 reboundMeshes=0 pending=2 restPose=105 quiet=354 latched=0
[HEAD_REBIND] member='player1' targets=19 slots=59 reboundBones=0 reboundMeshes=0 pending=3 restPose=111 quiet=354 latched=0
[HEAD_REBIND] member='player2' targets=21 slots=11 reboundBones=0 reboundMeshes=0 pending=6 restPose=109 quiet=354 latched=0
[HEAD_REBIND] member='player3' targets=18 slots=9 reboundBones=0 reboundMeshes=0 pending=1 restPose=111 quiet=354 latched=0
[HEAD_REBIND] member='player0' targets=18 slots=11 reboundBones=0 reboundMeshes=0 pending=2 restPose=105 quiet=355 latched=0
[HEAD_REBIND] member='player1' targets=19 slots=59 reboundBones=0 reboundMeshes=0 pending=3 restPose=111 quiet=355 latched=0
[HEAD_REBIND] member='player2' targets=21 slots=11 reboundBones=0 reboundMeshes=0 pending=6 restPose=109 quiet=355 latched=0
[HEAD_REBIND] member='player3' targets=18 slots=9 reboundBones=0 reboundMeshes=0 pending=1 restPose=111 quiet=355 latched=0
[HEAD_REBIND] member='player0' targets=18 slots=11 reboundBones=0 reboundMeshes=0 pending=2 restPose=105 quiet=356 latched=0
[HEAD_REBIND] member='player1' targets=19 slots=59 reboundBones=0 reboundMeshes=0 pending=3 restPose=111 quiet=356 latched=0
[HEAD_REBIND] member='player2' targets=21 slots=11 reboundBones=0 reboundMeshes=0 pending=6 restPose=109 quiet=356 latched=0
[HEAD_REBIND] member='player3' targets=18 slots=9 reboundBones=0 reboundMeshes=0 pending=1 restPose=111 quiet=356 latched=0
[HEAD_REBIND] member='player0' targets=18 slots=11 reboundBones=0 reboundMeshes=0 pending=2 restPose=105 quiet=357 latched=0
[HEAD_REBIND] member='player1' targets=19 slots=59 reboundBones=0 reboundMeshes=0 pending=3 restPose=111 quiet=357 latched=0
[HEAD_REBIND] member='player2' targets=21 slots=11 reboundBones=0 reboundMeshes=0 pending=6 restPose=109 quiet=357 latched=0
[HEAD_REBIND] member='player3' targets=18 slots=9 reboundBones=0 reboundMeshes=0 pending=1 restPose=111 quiet=357 latched=0
[HEAD_REBIND] member='player0' targets=18 slots=11 reboundBones=0 reboundMeshes=0 pending=2 restPose=105 quiet=358 latched=0
[HEAD_REBIND] member='player1' targets=19 slots=59 reboundBones=0 reboundMeshes=0 pending=3 restPose=111 quiet=358 latched=0
[HEAD_REBIND] member='player2' targets=21 slots=11 reboundBones=0 reboundMeshes=0 pending=6 restPose=109 quiet=358 latched=0
[HEAD_REBIND] member='player3' targets=18 slots=9 reboundBones=0 reboundMeshes=0 pending=1 restPose=111 quiet=358 latched=0
[HEAD_REBIND] member='player0' targets=18 slots=11 reboundBones=0 reboundMeshes=0 pending=2 restPose=105 quiet=359 latched=0
[HEAD_REBIND] member='player1' targets=19 slots=59 reboundBones=0 reboundMeshes=0 pending=3 restPose=111 quiet=359 latched=0
[HEAD_REBIND] member='player2' targets=21 slots=11 reboundBones=0 reboundMeshes=0 pending=6 restPose=109 quiet=359 latched=0
[HEAD_REBIND] member='player3' targets=18 slots=9 reboundBones=0 reboundMeshes=0 pending=1 restPose=111 quiet=359 latched=0
[HEAD_REBIND] member='player0' targets=18 slots=11 reboundBones=0 reboundMeshes=0 pending=2 restPose=105 quiet=360 latched=0
[HEAD_REBIND] member='player1' targets=19 slots=59 reboundBones=0 reboundMeshes=0 pending=3 restPose=111 quiet=360 latched=0
[HEAD_REBIND] member='player2' targets=21 slots=11 reboundBones=0 reboundMeshes=0 pending=6 restPose=109 quiet=360 latched=0
[HEAD_REBIND] member='player3' targets=18 slots=9 reboundBones=0 reboundMeshes=0 pending=1 restPose=111 quiet=360 latched=0
[HEAD_REBIND] member='player0' targets=18 slots=11 reboundBones=0 reboundMeshes=0 pending=2 restPose=105 quiet=361 latched=0
[HEAD_REBIND] member='player1' targets=19 slots=59 reboundBones=0 reboundMeshes=0 pending=3 restPose=111 quiet=361 latched=0
[HEAD_REBIND_PENDING] member='player2' mesh='cowbell_stick.mesh' miss=1 resolvable=0/1 firstMiss='bone_L-stick.mesh' why=boundRebakeOff
[HEAD_REBIND_PENDING] member='player2' mesh='tamborine_cymbals.mesh' miss=1 resolvable=0/1 firstMiss='bone_mic.mesh' why=boundRebakeOff
[HEAD_REBIND_PENDING] member='player2' mesh='cowbell.mesh' miss=1 resolvable=0/1 firstMiss='bone_mic.mesh' why=boundRebakeOff
[HEAD_REBIND_PENDING] member='player2' mesh='tamborine_body.mesh' miss=1 resolvable=0/1 firstMiss='bone_mic.mesh' why=boundRebakeOff
[HEAD_REBIND] member='player2' targets=21 slots=11 reboundBones=0 reboundMeshes=0 pending=6 restPose=109 quiet=361 latched=0
[HEAD_REBIND] member='player3' targets=18 slots=9 reboundBones=0 reboundMeshes=0 pending=1 restPose=111 quiet=361 latched=0
[HEAD_REBIND] member='player0' targets=18 slots=11 reboundBones=0 reboundMeshes=0 pending=2 restPose=105 quiet=362 latched=0
[HEAD_REBIND] member='player1' targets=19 slots=59 reboundBones=0 reboundMeshes=0 pending=3 restPose=111 quiet=362 latched=0
[HEAD_REBIND] member='player2' targets=21 slots=11 reboundBones=0 reboundMeshes=0 pending=6 restPose=109 quiet=362 latched=0
[HEAD_REBIND] member='player3' targets=18 slots=9 reboundBones=0 reboundMeshes=0 pending=1 restPose=111 quiet=362 latched=0
[HEAD_REBIND] member='player0' targets=18 slots=11 reboundBones=0 reboundMeshes=0 pending=2 restPose=105 quiet=363 latched=0
[HEAD_REBIND] member='player1' targets=19 slots=59 reboundBones=0 reboundMeshes=0 pending=3 restPose=111 quiet=363 latched=0
[HEAD_REBIND] member='player2' targets=21 slots=11 reboundBones=0 reboundMeshes=0 pending=6 restPose=109 quiet=363 latched=0
[HEAD_REBIND] member='player3' targets=18 slots=9 reboundBones=0 reboundMeshes=0 pending=1 restPose=111 quiet=363 latched=0
[HEAD_REBIND] member='player0' targets=18 slots=11 reboundBones=0 reboundMeshes=0 pending=2 restPose=105 quiet=364 latched=0
[HEAD_REBIND] member='player1' targets=19 slots=59 reboundBones=0 reboundMeshes=0 pending=3 restPose=111 quiet=364 latched=0
[HEAD_REBIND] member='player2' targets=21 slots=11 reboundBones=0 reboundMeshes=0 pending=6 restPose=109 quiet=364 latched=0
[HEAD_REBIND] member='player3' targets=18 slots=9 reboundBones=0 reboundMeshes=0 pending=1 restPose=111 quiet=364 latched=0
[HEAD_REBIND] member='player0' targets=18 slots=11 reboundBones=0 reboundMeshes=0 pending=2 restPose=105 quiet=365 latched=0
[HEAD_REBIND] member='player1' targets=19 slots=59 reboundBones=0 reboundMeshes=0 pending=3 restPose=111 quiet=365 latched=0
[HEAD_REBIND] member='player2' targets=21 slots=11 reboundBones=0 reboundMeshes=0 pending=6 restPose=109 quiet=365 latched=0
[HEAD_REBIND] member='player3' targets=18 slots=9 reboundBones=0 reboundMeshes=0 pending=1 restPose=111 quiet=365 latched=0
[HEAD_REBIND] member='player0' targets=18 slots=11 reboundBones=0 reboundMeshes=0 pending=2 restPose=105 quiet=366 latched=0
[HEAD_REBIND] member='player1' targets=19 slots=59 reboundBones=0 reboundMeshes=0 pending=3 restPose=111 quiet=366 latched=0
[HEAD_REBIND] member='player2' targets=21 slots=11 reboundBones=0 reboundMeshes=0 pending=6 restPose=109 quiet=366 latched=0
[HEAD_REBIND] member='player3' targets=18 slots=9 reboundBones=0 reboundMeshes=0 pending=1 restPose=111 quiet=366 latched=0
[HEAD_REBIND] member='player0' targets=18 slots=11 reboundBones=0 reboundMeshes=0 pending=2 restPose=105 quiet=367 latched=0
[HEAD_REBIND] member='player1' targets=19 slots=59 reboundBones=0 reboundMeshes=0 pending=3 restPose=111 quiet=367 latched=0
[HEAD_REBIND] member='player2' targets=21 slots=11 reboundBones=0 reboundMeshes=0 pending=6 restPose=109 quiet=367 latched=0
[HEAD_REBIND] member='player3' targets=18 slots=9 reboundBones=0 reboundMeshes=0 pending=1 restPose=111 quiet=367 latched=0
[HEAD_REBIND] member='player0' targets=18 slots=11 reboundBones=0 reboundMeshes=0 pending=2 restPose=105 quiet=368 latched=0
[HEAD_REBIND] member='player1' targets=19 slots=59 reboundBones=0 reboundMeshes=0 pending=3 restPose=111 quiet=368 latched=0
[HEAD_REBIND] member='player2' targets=21 slots=11 reboundBones=0 reboundMeshes=0 pending=6 restPose=109 quiet=368 latched=0
[HEAD_REBIND] member='player3' targets=18 slots=9 reboundBones=0 reboundMeshes=0 pending=1 restPose=111 quiet=368 latched=0
[HEAD_REBIND] member='player0' targets=18 slots=11 reboundBones=0 reboundMeshes=0 pending=2 restPose=105 quiet=369 latched=0
[HEAD_REBIND] member='player1' targets=19 slots=59 reboundBones=0 reboundMeshes=0 pending=3 restPose=111 quiet=369 latched=0
[HEAD_REBIND] member='player2' targets=21 slots=11 reboundBones=0 reboundMeshes=0 pending=6 restPose=109 quiet=369 latched=0
[HEAD_REBIND] member='player3' targets=18 slots=9 reboundBones=0 reboundMeshes=0 pending=1 restPose=111 quiet=369 latched=0
[HEAD_REBIND] member='player0' targets=18 slots=11 reboundBones=0 reboundMeshes=0 pending=2 restPose=105 quiet=370 latched=0
[HEAD_REBIND] member='player1' targets=19 slots=59 reboundBones=0 reboundMeshes=0 pending=3 restPose=111 quiet=370 latched=0
[HEAD_REBIND] member='player2' targets=21 slots=11 reboundBones=0 reboundMeshes=0 pending=6 restPose=109 quiet=370 latched=0
[HEAD_REBIND] member='player3' targets=18 slots=9 reboundBones=0 reboundMeshes=0 pending=1 restPose=111 quiet=370 latched=0
[HEAD_REBIND] member='player0' targets=18 slots=11 reboundBones=0 reboundMeshes=0 pending=2 restPose=105 quiet=371 latched=0
[HEAD_REBIND] member='player1' targets=19 slots=59 reboundBones=0 reboundMeshes=0 pending=3 restPose=111 quiet=371 latched=0
[HEAD_REBIND] member='player2' targets=21 slots=11 reboundBones=0 reboundMeshes=0 pending=6 restPose=109 quiet=371 latched=0
[HEAD_REBIND] member='player3' targets=18 slots=9 reboundBones=0 reboundMeshes=0 pending=1 restPose=111 quiet=371 latched=0
[HEAD_REBIND] member='player0' targets=18 slots=11 reboundBones=0 reboundMeshes=0 pending=2 restPose=105 quiet=372 latched=0
[HEAD_REBIND] member='player1' targets=19 slots=59 reboundBones=0 reboundMeshes=0 pending=3 restPose=111 quiet=372 latched=0
[HEAD_REBIND] member='player2' targets=21 slots=11 reboundBones=0 reboundMeshes=0 pending=6 restPose=109 quiet=372 latched=0
[HEAD_REBIND] member='player3' targets=18 slots=9 reboundBones=0 reboundMeshes=0 pending=1 restPose=111 quiet=372 latched=0
[HEAD_REBIND] member='player0' targets=18 slots=11 reboundBones=0 reboundMeshes=0 pending=2 restPose=105 quiet=373 latched=0
[HEAD_REBIND] member='player1' targets=19 slots=59 reboundBones=0 reboundMeshes=0 pending=3 restPose=111 quiet=373 latched=0
[HEAD_REBIND] member='player2' targets=21 slots=11 reboundBones=0 reboundMeshes=0 pending=6 restPose=109 quiet=373 latched=0
[HEAD_REBIND] member='player3' targets=18 slots=9 reboundBones=0 reboundMeshes=0 pending=1 restPose=111 quiet=373 latched=0
[HEAD_REBIND] member='player0' targets=18 slots=11 reboundBones=0 reboundMeshes=0 pending=2 restPose=105 quiet=374 latched=0
[HEAD_REBIND] member='player1' targets=19 slots=59 reboundBones=0 reboundMeshes=0 pending=3 restPose=111 quiet=374 latched=0
[HEAD_REBIND] member='player2' targets=21 slots=11 reboundBones=0 reboundMeshes=0 pending=6 restPose=109 quiet=374 latched=0
[HEAD_REBIND] member='player3' targets=18 slots=9 reboundBones=0 reboundMeshes=0 pending=1 restPose=111 quiet=374 latched=0
[HEAD_REBIND] member='player0' targets=18 slots=11 reboundBones=0 reboundMeshes=0 pending=2 restPose=105 quiet=375 latched=0
[HEAD_REBIND] member='player1' targets=19 slots=59 reboundBones=0 reboundMeshes=0 pending=3 restPose=111 quiet=375 latched=0
[HEAD_REBIND] member='player2' targets=21 slots=11 reboundBones=0 reboundMeshes=0 pending=6 restPose=109 quiet=375 latched=0
[HEAD_REBIND] member='player3' targets=18 slots=9 reboundBones=0 reboundMeshes=0 pending=1 restPose=111 quiet=375 latched=0
[HEAD_REBIND] member='player0' targets=18 slots=11 reboundBones=0 reboundMeshes=0 pending=2 restPose=105 quiet=376 latched=0
[HEAD_REBIND] member='player1' targets=19 slots=59 reboundBones=0 reboundMeshes=0 pending=3 restPose=111 quiet=376 latched=0
[HEAD_REBIND] member='player2' targets=21 slots=11 reboundBones=0 reboundMeshes=0 pending=6 restPose=109 quiet=376 latched=0
[HEAD_REBIND] member='player3' targets=18 slots=9 reboundBones=0 reboundMeshes=0 pending=1 restPose=111 quiet=376 latched=0
[HEAD_REBIND] member='player0' targets=18 slots=11 reboundBones=0 reboundMeshes=0 pending=2 restPose=105 quiet=377 latched=0
[HEAD_REBIND] member='player1' targets=19 slots=59 reboundBones=0 reboundMeshes=0 pending=3 restPose=111 quiet=377 latched=0
[HEAD_REBIND] member='player2' targets=21 slots=11 reboundBones=0 reboundMeshes=0 pending=6 restPose=109 quiet=377 latched=0
[HEAD_REBIND] member='player3' targets=18 slots=9 reboundBones=0 reboundMeshes=0 pending=1 restPose=111 quiet=377 latched=0
[HEAD_REBIND] member='player0' targets=18 slots=11 reboundBones=0 reboundMeshes=0 pending=2 restPose=105 quiet=378 latched=0
[HEAD_REBIND] member='player1' targets=19 slots=59 reboundBones=0 reboundMeshes=0 pending=3 restPose=111 quiet=378 latched=0
[HEAD_REBIND] member='player2' targets=21 slots=11 reboundBones=0 reboundMeshes=0 pending=6 restPose=109 quiet=378 latched=0
[HEAD_REBIND] member='player3' targets=18 slots=9 reboundBones=0 reboundMeshes=0 pending=1 restPose=111 quiet=378 latched=0
[HEAD_REBIND] member='player0' targets=18 slots=11 reboundBones=0 reboundMeshes=0 pending=2 restPose=105 quiet=379 latched=0
[HEAD_REBIND] member='player1' targets=19 slots=59 reboundBones=0 reboundMeshes=0 pending=3 restPose=111 quiet=379 latched=0
[HEAD_REBIND] member='player2' targets=21 slots=11 reboundBones=0 reboundMeshes=0 pending=6 restPose=109 quiet=379 latched=0
[HEAD_REBIND] member='player3' targets=18 slots=9 reboundBones=0 reboundMeshes=0 pending=1 restPose=111 quiet=379 latched=0
[HEAD_REBIND] member='player0' targets=18 slots=11 reboundBones=0 reboundMeshes=0 pending=2 restPose=105 quiet=380 latched=0
[HEAD_REBIND] member='player1' targets=19 slots=59 reboundBones=0 reboundMeshes=0 pending=3 restPose=111 quiet=380 latched=0
[HEAD_REBIND] member='player2' targets=21 slots=11 reboundBones=0 reboundMeshes=0 pending=6 restPose=109 quiet=380 latched=0
[HEAD_REBIND] member='player3' targets=18 slots=9 reboundBones=0 reboundMeshes=0 pending=1 restPose=111 quiet=380 latched=0
[HEAD_REBIND] member='player0' targets=18 slots=11 reboundBones=0 reboundMeshes=0 pending=2 restPose=105 quiet=381 latched=0
[HEAD_REBIND] member='player1' targets=19 slots=59 reboundBones=0 reboundMeshes=0 pending=3 restPose=111 quiet=381 latched=0
[HEAD_REBIND] member='player2' targets=21 slots=11 reboundBones=0 reboundMeshes=0 pending=6 restPose=109 quiet=381 latched=0
[HEAD_REBIND] member='player3' targets=18 slots=9 reboundBones=0 reboundMeshes=0 pending=1 restPose=111 quiet=381 latched=0
[HEAD_REBIND] member='player0' targets=18 slots=11 reboundBones=0 reboundMeshes=0 pending=2 restPose=105 quiet=382 latched=0
[HEAD_REBIND] member='player1' targets=19 slots=59 reboundBones=0 reboundMeshes=0 pending=3 restPose=111 quiet=382 latched=0
[HEAD_REBIND] member='player2' targets=21 slots=11 reboundBones=0 reboundMeshes=0 pending=6 restPose=109 quiet=382 latched=0
[HEAD_REBIND] member='player3' targets=18 slots=9 reboundBones=0 reboundMeshes=0 pending=1 restPose=111 quiet=382 latched=0
[HEAD_REBIND] member='player0' targets=18 slots=11 reboundBones=0 reboundMeshes=0 pending=2 restPose=105 quiet=383 latched=0
[HEAD_REBIND] member='player1' targets=19 slots=59 reboundBones=0 reboundMeshes=0 pending=3 restPose=111 quiet=383 latched=0
[HEAD_REBIND] member='player2' targets=21 slots=11 reboundBones=0 reboundMeshes=0 pending=6 restPose=109 quiet=383 latched=0
[HEAD_REBIND] member='player3' targets=18 slots=9 reboundBones=0 reboundMeshes=0 pending=1 restPose=111 quiet=383 latched=0
[HEAD_REBIND] member='player0' targets=18 slots=11 reboundBones=0 reboundMeshes=0 pending=2 restPose=105 quiet=384 latched=0
[HEAD_REBIND] member='player1' targets=19 slots=59 reboundBones=0 reboundMeshes=0 pending=3 restPose=111 quiet=384 latched=0
[HEAD_REBIND] member='player2' targets=21 slots=11 reboundBones=0 reboundMeshes=0 pending=6 restPose=109 quiet=384 latched=0
[HEAD_REBIND] member='player3' targets=18 slots=9 reboundBones=0 reboundMeshes=0 pending=1 restPose=111 quiet=384 latched=0
[HEAD_REBIND] member='player0' targets=18 slots=11 reboundBones=0 reboundMeshes=0 pending=2 restPose=105 quiet=385 latched=0
[HEAD_REBIND] member='player1' targets=19 slots=59 reboundBones=0 reboundMeshes=0 pending=3 restPose=111 quiet=385 latched=0
[HEAD_REBIND] member='player2' targets=21 slots=11 reboundBones=0 reboundMeshes=0 pending=6 restPose=109 quiet=385 latched=0
[HEAD_REBIND] member='player3' targets=18 slots=9 reboundBones=0 reboundMeshes=0 pending=1 restPose=111 quiet=385 latched=0
[HEAD_REBIND] member='player0' targets=18 slots=11 reboundBones=0 reboundMeshes=0 pending=2 restPose=105 quiet=386 latched=0
[HEAD_REBIND] member='player1' targets=19 slots=59 reboundBones=0 reboundMeshes=0 pending=3 restPose=111 quiet=386 latched=0
[HEAD_REBIND] member='player2' targets=21 slots=11 reboundBones=0 reboundMeshes=0 pending=6 restPose=109 quiet=386 latched=0
[HEAD_REBIND] member='player3' targets=18 slots=9 reboundBones=0 reboundMeshes=0 pending=1 restPose=111 quiet=386 latched=0
[HEAD_REBIND] member='player0' targets=18 slots=11 reboundBones=0 reboundMeshes=0 pending=2 restPose=105 quiet=387 latched=0
[HEAD_REBIND] member='player1' targets=19 slots=59 reboundBones=0 reboundMeshes=0 pending=3 restPose=111 quiet=387 latched=0
[HEAD_REBIND] member='player2' targets=21 slots=11 reboundBones=0 reboundMeshes=0 pending=6 restPose=109 quiet=387 latched=0
[HEAD_REBIND] member='player3' targets=18 slots=9 reboundBones=0 reboundMeshes=0 pending=1 restPose=111 quiet=387 latched=0
[HEAD_REBIND] member='player0' targets=18 slots=11 reboundBones=0 reboundMeshes=0 pending=2 restPose=105 quiet=388 latched=0
[HEAD_REBIND] member='player1' targets=19 slots=59 reboundBones=0 reboundMeshes=0 pending=3 restPose=111 quiet=388 latched=0
[HEAD_REBIND] member='player2' targets=21 slots=11 reboundBones=0 reboundMeshes=0 pending=6 restPose=109 quiet=388 latched=0
[HEAD_REBIND] member='player3' targets=18 slots=9 reboundBones=0 reboundMeshes=0 pending=1 restPose=111 quiet=388 latched=0
[HEAD_REBIND] member='player0' targets=18 slots=11 reboundBones=0 reboundMeshes=0 pending=2 restPose=105 quiet=389 latched=0
[HEAD_REBIND] member='player1' targets=19 slots=59 reboundBones=0 reboundMeshes=0 pending=3 restPose=111 quiet=389 latched=0
[HEAD_REBIND] member='player2' targets=21 slots=11 reboundBones=0 reboundMeshes=0 pending=6 restPose=109 quiet=389 latched=0
[HEAD_REBIND] member='player3' targets=18 slots=9 reboundBones=0 reboundMeshes=0 pending=1 restPose=111 quiet=389 latched=0
[HEAD_REBIND] member='player0' targets=18 slots=11 reboundBones=0 reboundMeshes=0 pending=2 restPose=105 quiet=390 latched=0
[HEAD_REBIND] member='player1' targets=19 slots=59 reboundBones=0 reboundMeshes=0 pending=3 restPose=111 quiet=390 latched=0
[HEAD_REBIND] member='player2' targets=21 slots=11 reboundBones=0 reboundMeshes=0 pending=6 restPose=109 quiet=390 latched=0
[HEAD_REBIND] member='player3' targets=18 slots=9 reboundBones=0 reboundMeshes=0 pending=1 restPose=111 quiet=390 latched=0
[HEAD_REBIND] member='player0' targets=18 slots=11 reboundBones=0 reboundMeshes=0 pending=2 restPose=105 quiet=391 latched=0
[HEAD_REBIND] member='player1' targets=19 slots=59 reboundBones=0 reboundMeshes=0 pending=3 restPose=111 quiet=391 latched=0
[HEAD_REBIND] member='player2' targets=21 slots=11 reboundBones=0 reboundMeshes=0 pending=6 restPose=109 quiet=391 latched=0
[HEAD_REBIND] member='player3' targets=18 slots=9 reboundBones=0 reboundMeshes=0 pending=1 restPose=111 quiet=391 latched=0
[HEAD_REBIND] member='player0' targets=18 slots=11 reboundBones=0 reboundMeshes=0 pending=2 restPose=105 quiet=392 latched=0
[HEAD_REBIND] member='player1' targets=19 slots=59 reboundBones=0 reboundMeshes=0 pending=3 restPose=111 quiet=392 latched=0
[HEAD_REBIND] member='player2' targets=21 slots=11 reboundBones=0 reboundMeshes=0 pending=6 restPose=109 quiet=392 latched=0
[HEAD_REBIND] member='player3' targets=18 slots=9 reboundBones=0 reboundMeshes=0 pending=1 restPose=111 quiet=392 latched=0
[HEAD_REBIND] member='player0' targets=18 slots=11 reboundBones=0 reboundMeshes=0 pending=2 restPose=105 quiet=393 latched=0
[HEAD_REBIND] member='player1' targets=19 slots=59 reboundBones=0 reboundMeshes=0 pending=3 restPose=111 quiet=393 latched=0
[HEAD_REBIND] member='player2' targets=21 slots=11 reboundBones=0 reboundMeshes=0 pending=6 restPose=109 quiet=393 latched=0
[HEAD_REBIND] member='player3' targets=18 slots=9 reboundBones=0 reboundMeshes=0 pending=1 restPose=111 quiet=393 latched=0
[HEAD_REBIND] member='player0' targets=18 slots=11 reboundBones=0 reboundMeshes=0 pending=2 restPose=105 quiet=394 latched=0
[HEAD_REBIND] member='player1' targets=19 slots=59 reboundBones=0 reboundMeshes=0 pending=3 restPose=111 quiet=394 latched=0
[HEAD_REBIND] member='player2' targets=21 slots=11 reboundBones=0 reboundMeshes=0 pending=6 restPose=109 quiet=394 latched=0
[HEAD_REBIND] member='player3' targets=18 slots=9 reboundBones=0 reboundMeshes=0 pending=1 restPose=111 quiet=394 latched=0
[HEAD_REBIND] member='player0' targets=18 slots=11 reboundBones=0 reboundMeshes=0 pending=2 restPose=105 quiet=395 latched=0
[HEAD_REBIND] member='player1' targets=19 slots=59 reboundBones=0 reboundMeshes=0 pending=3 restPose=111 quiet=395 latched=0
[HEAD_REBIND] member='player2' targets=21 slots=11 reboundBones=0 reboundMeshes=0 pending=6 restPose=109 quiet=395 latched=0
[HEAD_REBIND] member='player3' targets=18 slots=9 reboundBones=0 reboundMeshes=0 pending=1 restPose=111 quiet=395 latched=0
[HEAD_REBIND] member='player0' targets=18 slots=11 reboundBones=0 reboundMeshes=0 pending=2 restPose=105 quiet=396 latched=0
[HEAD_REBIND] member='player1' targets=19 slots=59 reboundBones=0 reboundMeshes=0 pending=3 restPose=111 quiet=396 latched=0
[HEAD_REBIND] member='player2' targets=21 slots=11 reboundBones=0 reboundMeshes=0 pending=6 restPose=109 quiet=396 latched=0
[HEAD_REBIND] member='player3' targets=18 slots=9 reboundBones=0 reboundMeshes=0 pending=1 restPose=111 quiet=396 latched=0
[HEAD_REBIND] member='player0' targets=18 slots=11 reboundBones=0 reboundMeshes=0 pending=2 restPose=105 quiet=397 latched=0
[HEAD_REBIND] member='player1' targets=19 slots=59 reboundBones=0 reboundMeshes=0 pending=3 restPose=111 quiet=397 latched=0
[HEAD_REBIND] member='player2' targets=21 slots=11 reboundBones=0 reboundMeshes=0 pending=6 restPose=109 quiet=397 latched=0
[HEAD_REBIND] member='player3' targets=18 slots=9 reboundBones=0 reboundMeshes=0 pending=1 restPose=111 quiet=397 latched=0
[HEAD_REBIND] member='player0' targets=18 slots=11 reboundBones=0 reboundMeshes=0 pending=2 restPose=105 quiet=398 latched=0
[HEAD_REBIND] member='player1' targets=19 slots=59 reboundBones=0 reboundMeshes=0 pending=3 restPose=111 quiet=398 latched=0
[HEAD_REBIND] member='player2' targets=21 slots=11 reboundBones=0 reboundMeshes=0 pending=6 restPose=109 quiet=398 latched=0
[HEAD_REBIND] member='player3' targets=18 slots=9 reboundBones=0 reboundMeshes=0 pending=1 restPose=111 quiet=398 latched=0
[HEAD_REBIND] member='player0' targets=18 slots=11 reboundBones=0 reboundMeshes=0 pending=2 restPose=105 quiet=399 latched=0
[HEAD_REBIND] member='player1' targets=19 slots=59 reboundBones=0 reboundMeshes=0 pending=3 restPose=111 quiet=399 latched=0
[HEAD_REBIND] member='player2' targets=21 slots=11 reboundBones=0 reboundMeshes=0 pending=6 restPose=109 quiet=399 latched=0
[HEAD_REBIND] member='player3' targets=18 slots=9 reboundBones=0 reboundMeshes=0 pending=1 restPose=111 quiet=399 latched=0
[HEAD_REBIND] member='player0' targets=18 slots=11 reboundBones=0 reboundMeshes=0 pending=2 restPose=105 quiet=400 latched=0
[HEAD_REBIND] member='player1' targets=19 slots=59 reboundBones=0 reboundMeshes=0 pending=3 restPose=111 quiet=400 latched=0
[HEAD_REBIND] member='player2' targets=21 slots=11 reboundBones=0 reboundMeshes=0 pending=6 restPose=109 quiet=400 latched=0
[HEAD_REBIND] member='player3' targets=18 slots=9 reboundBones=0 reboundMeshes=0 pending=1 restPose=111 quiet=400 latched=0
[HEAD_REBIND] member='player0' targets=18 slots=11 reboundBones=0 reboundMeshes=0 pending=2 restPose=105 quiet=401 latched=0
[HEAD_REBIND] member='player1' targets=19 slots=59 reboundBones=0 reboundMeshes=0 pending=3 restPose=111 quiet=401 latched=0
[HEAD_REBIND] member='player2' targets=21 slots=11 reboundBones=0 reboundMeshes=0 pending=6 restPose=109 quiet=401 latched=0
[HEAD_REBIND] member='player3' targets=18 slots=9 reboundBones=0 reboundMeshes=0 pending=1 restPose=111 quiet=401 latched=0
[HEAD_REBIND] member='player0' targets=18 slots=11 reboundBones=0 reboundMeshes=0 pending=2 restPose=105 quiet=402 latched=0
[HEAD_REBIND] member='player1' targets=19 slots=59 reboundBones=0 reboundMeshes=0 pending=3 restPose=111 quiet=402 latched=0
[HEAD_REBIND] member='player2' targets=21 slots=11 reboundBones=0 reboundMeshes=0 pending=6 restPose=109 quiet=402 latched=0
[HEAD_REBIND] member='player3' targets=18 slots=9 reboundBones=0 reboundMeshes=0 pending=1 restPose=111 quiet=402 latched=0
[HEAD_REBIND] member='player0' targets=18 slots=11 reboundBones=0 reboundMeshes=0 pending=2 restPose=105 quiet=403 latched=0
[HEAD_REBIND] member='player1' targets=19 slots=59 reboundBones=0 reboundMeshes=0 pending=3 restPose=111 quiet=403 latched=0
[HEAD_REBIND] member='player2' targets=21 slots=11 reboundBones=0 reboundMeshes=0 pending=6 restPose=109 quiet=403 latched=0
[HEAD_REBIND] member='player3' targets=18 slots=9 reboundBones=0 reboundMeshes=0 pending=1 restPose=111 quiet=403 latched=0
[HEAD_REBIND] member='player0' targets=18 slots=11 reboundBones=0 reboundMeshes=0 pending=2 restPose=105 quiet=404 latched=0
[HEAD_REBIND] member='player1' targets=19 slots=59 reboundBones=0 reboundMeshes=0 pending=3 restPose=111 quiet=404 latched=0
[HEAD_REBIND] member='player2' targets=21 slots=11 reboundBones=0 reboundMeshes=0 pending=6 restPose=109 quiet=404 latched=0
[HEAD_REBIND] member='player3' targets=18 slots=9 reboundBones=0 reboundMeshes=0 pending=1 restPose=111 quiet=404 latched=0
[HEAD_REBIND] member='player0' targets=18 slots=11 reboundBones=0 reboundMeshes=0 pending=2 restPose=105 quiet=405 latched=0
[HEAD_REBIND] member='player1' targets=19 slots=59 reboundBones=0 reboundMeshes=0 pending=3 restPose=111 quiet=405 latched=0
[HEAD_REBIND] member='player2' targets=21 slots=11 reboundBones=0 reboundMeshes=0 pending=6 restPose=109 quiet=405 latched=0
[HEAD_REBIND] member='player3' targets=18 slots=9 reboundBones=0 reboundMeshes=0 pending=1 restPose=111 quiet=405 latched=0
[HEAD_REBIND] member='player0' targets=18 slots=11 reboundBones=0 reboundMeshes=0 pending=2 restPose=105 quiet=406 latched=0
[HEAD_REBIND] member='player1' targets=19 slots=59 reboundBones=0 reboundMeshes=0 pending=3 restPose=111 quiet=406 latched=0
[HEAD_REBIND] member='player2' targets=21 slots=11 reboundBones=0 reboundMeshes=0 pending=6 restPose=109 quiet=406 latched=0
[HEAD_REBIND] member='player3' targets=18 slots=9 reboundBones=0 reboundMeshes=0 pending=1 restPose=111 quiet=406 latched=0
[HEAD_REBIND] member='player0' targets=18 slots=11 reboundBones=0 reboundMeshes=0 pending=2 restPose=105 quiet=407 latched=0
[HEAD_REBIND] member='player1' targets=19 slots=59 reboundBones=0 reboundMeshes=0 pending=3 restPose=111 quiet=407 latched=0
[HEAD_REBIND] member='player2' targets=21 slots=11 reboundBones=0 reboundMeshes=0 pending=6 restPose=109 quiet=407 latched=0
[HEAD_REBIND] member='player3' targets=18 slots=9 reboundBones=0 reboundMeshes=0 pending=1 restPose=111 quiet=407 latched=0
[HEAD_REBIND] member='player0' targets=18 slots=11 reboundBones=0 reboundMeshes=0 pending=2 restPose=105 quiet=408 latched=0
[HEAD_REBIND] member='player1' targets=19 slots=59 reboundBones=0 reboundMeshes=0 pending=3 restPose=111 quiet=408 latched=0
[HEAD_REBIND] member='player2' targets=21 slots=11 reboundBones=0 reboundMeshes=0 pending=6 restPose=109 quiet=408 latched=0
[HEAD_REBIND] member='player3' targets=18 slots=9 reboundBones=0 reboundMeshes=0 pending=1 restPose=111 quiet=408 latched=0
[HEAD_REBIND] member='player0' targets=18 slots=11 reboundBones=0 reboundMeshes=0 pending=2 restPose=105 quiet=409 latched=0
[HEAD_REBIND] member='player1' targets=19 slots=59 reboundBones=0 reboundMeshes=0 pending=3 restPose=111 quiet=409 latched=0
[HEAD_REBIND] member='player2' targets=21 slots=11 reboundBones=0 reboundMeshes=0 pending=6 restPose=109 quiet=409 latched=0
[HEAD_REBIND] member='player3' targets=18 slots=9 reboundBones=0 reboundMeshes=0 pending=1 restPose=111 quiet=409 latched=0
[HEAD_REBIND] member='player0' targets=18 slots=11 reboundBones=0 reboundMeshes=0 pending=2 restPose=105 quiet=410 latched=0
[HEAD_REBIND] member='player1' targets=19 slots=59 reboundBones=0 reboundMeshes=0 pending=3 restPose=111 quiet=410 latched=0
[HEAD_REBIND] member='player2' targets=21 slots=11 reboundBones=0 reboundMeshes=0 pending=6 restPose=109 quiet=410 latched=0
[HEAD_REBIND] member='player3' targets=18 slots=9 reboundBones=0 reboundMeshes=0 pending=1 restPose=111 quiet=410 latched=0
[HEAD_REBIND] member='player0' targets=18 slots=11 reboundBones=0 reboundMeshes=0 pending=2 restPose=105 quiet=411 latched=0
[HEAD_REBIND] member='player1' targets=19 slots=59 reboundBones=0 reboundMeshes=0 pending=3 restPose=111 quiet=411 latched=0
[HEAD_REBIND] member='player2' targets=21 slots=11 reboundBones=0 reboundMeshes=0 pending=6 restPose=109 quiet=411 latched=0
[HEAD_REBIND] member='player3' targets=18 slots=9 reboundBones=0 reboundMeshes=0 pending=1 restPose=111 quiet=411 latched=0
[HEAD_REBIND] member='player0' targets=18 slots=11 reboundBones=0 reboundMeshes=0 pending=2 restPose=105 quiet=412 latched=0
[HEAD_REBIND] member='player1' targets=19 slots=59 reboundBones=0 reboundMeshes=0 pending=3 restPose=111 quiet=412 latched=0
[HEAD_REBIND] member='player2' targets=21 slots=11 reboundBones=0 reboundMeshes=0 pending=6 restPose=109 quiet=412 latched=0
[HEAD_REBIND] member='player3' targets=18 slots=9 reboundBones=0 reboundMeshes=0 pending=1 restPose=111 quiet=412 latched=0
[HEAD_REBIND] member='player0' targets=18 slots=11 reboundBones=0 reboundMeshes=0 pending=2 restPose=105 quiet=413 latched=0
[HEAD_REBIND] member='player1' targets=19 slots=59 reboundBones=0 reboundMeshes=0 pending=3 restPose=111 quiet=413 latched=0
[HEAD_REBIND] member='player2' targets=21 slots=11 reboundBones=0 reboundMeshes=0 pending=6 restPose=109 quiet=413 latched=0
[HEAD_REBIND] member='player3' targets=18 slots=9 reboundBones=0 reboundMeshes=0 pending=1 restPose=111 quiet=413 latched=0
[HEAD_REBIND] member='player0' targets=18 slots=11 reboundBones=0 reboundMeshes=0 pending=2 restPose=105 quiet=414 latched=0
[HEAD_REBIND] member='player1' targets=19 slots=59 reboundBones=0 reboundMeshes=0 pending=3 restPose=111 quiet=414 latched=0
[HEAD_REBIND] member='player2' targets=21 slots=11 reboundBones=0 reboundMeshes=0 pending=6 restPose=109 quiet=414 latched=0
[HEAD_REBIND] member='player3' targets=18 slots=9 reboundBones=0 reboundMeshes=0 pending=1 restPose=111 quiet=414 latched=0
[HEAD_REBIND] member='player0' targets=18 slots=11 reboundBones=0 reboundMeshes=0 pending=2 restPose=105 quiet=415 latched=0
[HEAD_REBIND] member='player1' targets=19 slots=59 reboundBones=0 reboundMeshes=0 pending=3 restPose=111 quiet=415 latched=0
[HEAD_REBIND] member='player2' targets=21 slots=11 reboundBones=0 reboundMeshes=0 pending=6 restPose=109 quiet=415 latched=0
[HEAD_REBIND] member='player3' targets=18 slots=9 reboundBones=0 reboundMeshes=0 pending=1 restPose=111 quiet=415 latched=0
[HEAD_REBIND] member='player0' targets=18 slots=11 reboundBones=0 reboundMeshes=0 pending=2 restPose=105 quiet=416 latched=0
[HEAD_REBIND] member='player1' targets=19 slots=59 reboundBones=0 reboundMeshes=0 pending=3 restPose=111 quiet=416 latched=0
[HEAD_REBIND] member='player2' targets=21 slots=11 reboundBones=0 reboundMeshes=0 pending=6 restPose=109 quiet=416 latched=0
[HEAD_REBIND] member='player3' targets=18 slots=9 reboundBones=0 reboundMeshes=0 pending=1 restPose=111 quiet=416 latched=0
[HEAD_REBIND] member='player0' targets=18 slots=11 reboundBones=0 reboundMeshes=0 pending=2 restPose=105 quiet=417 latched=0
[HEAD_REBIND] member='player1' targets=19 slots=59 reboundBones=0 reboundMeshes=0 pending=3 restPose=111 quiet=417 latched=0
[HEAD_REBIND] member='player2' targets=21 slots=11 reboundBones=0 reboundMeshes=0 pending=6 restPose=109 quiet=417 latched=0
[HEAD_REBIND] member='player3' targets=18 slots=9 reboundBones=0 reboundMeshes=0 pending=1 restPose=111 quiet=417 latched=0
[HEAD_REBIND] member='player0' targets=18 slots=11 reboundBones=0 reboundMeshes=0 pending=2 restPose=105 quiet=418 latched=0
[HEAD_REBIND] member='player1' targets=19 slots=59 reboundBones=0 reboundMeshes=0 pending=3 restPose=111 quiet=418 latched=0
[HEAD_REBIND] member='player2' targets=21 slots=11 reboundBones=0 reboundMeshes=0 pending=6 restPose=109 quiet=418 latched=0
[HEAD_REBIND] member='player3' targets=18 slots=9 reboundBones=0 reboundMeshes=0 pending=1 restPose=111 quiet=418 latched=0
[HEAD_REBIND] member='player0' targets=18 slots=11 reboundBones=0 reboundMeshes=0 pending=2 restPose=105 quiet=419 latched=0
[HEAD_REBIND] member='player1' targets=19 slots=59 reboundBones=0 reboundMeshes=0 pending=3 restPose=111 quiet=419 latched=0
[HEAD_REBIND] member='player2' targets=21 slots=11 reboundBones=0 reboundMeshes=0 pending=6 restPose=109 quiet=419 latched=0
[HEAD_REBIND] member='player3' targets=18 slots=9 reboundBones=0 reboundMeshes=0 pending=1 restPose=111 quiet=419 latched=0
[HEAD_REBIND] member='player0' targets=18 slots=11 reboundBones=0 reboundMeshes=0 pending=2 restPose=105 quiet=420 latched=0
[HEAD_REBIND] member='player1' targets=19 slots=59 reboundBones=0 reboundMeshes=0 pending=3 restPose=111 quiet=420 latched=0
[HEAD_REBIND] member='player2' targets=21 slots=11 reboundBones=0 reboundMeshes=0 pending=6 restPose=109 quiet=420 latched=0
[HEAD_REBIND] member='player3' targets=18 slots=9 reboundBones=0 reboundMeshes=0 pending=1 restPose=111 quiet=420 latched=0
[HEAD_REBIND] member='player0' targets=18 slots=11 reboundBones=0 reboundMeshes=0 pending=2 restPose=105 quiet=421 latched=0
[HEAD_REBIND] member='player1' targets=19 slots=59 reboundBones=0 reboundMeshes=0 pending=3 restPose=111 quiet=421 latched=0
[HEAD_REBIND] member='player2' targets=21 slots=11 reboundBones=0 reboundMeshes=0 pending=6 restPose=109 quiet=421 latched=0
[HEAD_REBIND] member='player3' targets=18 slots=9 reboundBones=0 reboundMeshes=0 pending=1 restPose=111 quiet=421 latched=0
[HEAD_REBIND] member='player0' targets=18 slots=11 reboundBones=0 reboundMeshes=0 pending=2 restPose=105 quiet=422 latched=0
[HEAD_REBIND] member='player1' targets=19 slots=59 reboundBones=0 reboundMeshes=0 pending=3 restPose=111 quiet=422 latched=0
[HEAD_REBIND] member='player2' targets=21 slots=11 reboundBones=0 reboundMeshes=0 pending=6 restPose=109 quiet=422 latched=0
[HEAD_REBIND] member='player3' targets=18 slots=9 reboundBones=0 reboundMeshes=0 pending=1 restPose=111 quiet=422 latched=0
[HEAD_REBIND] member='player0' targets=18 slots=11 reboundBones=0 reboundMeshes=0 pending=2 restPose=105 quiet=423 latched=0
[HEAD_REBIND] member='player1' targets=19 slots=59 reboundBones=0 reboundMeshes=0 pending=3 restPose=111 quiet=423 latched=0
[HEAD_REBIND] member='player2' targets=21 slots=11 reboundBones=0 reboundMeshes=0 pending=6 restPose=109 quiet=423 latched=0
[HEAD_REBIND] member='player3' targets=18 slots=9 reboundBones=0 reboundMeshes=0 pending=1 restPose=111 quiet=423 latched=0
[HEAD_REBIND] member='player0' targets=18 slots=11 reboundBones=0 reboundMeshes=0 pending=2 restPose=105 quiet=424 latched=0
[HEAD_REBIND] member='player1' targets=19 slots=59 reboundBones=0 reboundMeshes=0 pending=3 restPose=111 quiet=424 latched=0
[HEAD_REBIND] member='player2' targets=21 slots=11 reboundBones=0 reboundMeshes=0 pending=6 restPose=109 quiet=424 latched=0
[HEAD_REBIND] member='player3' targets=18 slots=9 reboundBones=0 reboundMeshes=0 pending=1 restPose=111 quiet=424 latched=0
[HEAD_REBIND] member='player0' targets=18 slots=11 reboundBones=0 reboundMeshes=0 pending=2 restPose=105 quiet=425 latched=0
[HEAD_REBIND] member='player1' targets=19 slots=59 reboundBones=0 reboundMeshes=0 pending=3 restPose=111 quiet=425 latched=0
[HEAD_REBIND] member='player2' targets=21 slots=11 reboundBones=0 reboundMeshes=0 pending=6 restPose=109 quiet=425 latched=0
[HEAD_REBIND] member='player3' targets=18 slots=9 reboundBones=0 reboundMeshes=0 pending=1 restPose=111 quiet=425 latched=0
[HEAD_REBIND] member='player0' targets=18 slots=11 reboundBones=0 reboundMeshes=0 pending=2 restPose=105 quiet=426 latched=0
[HEAD_REBIND] member='player1' targets=19 slots=59 reboundBones=0 reboundMeshes=0 pending=3 restPose=111 quiet=426 latched=0
[HEAD_REBIND] member='player2' targets=21 slots=11 reboundBones=0 reboundMeshes=0 pending=6 restPose=109 quiet=426 latched=0
[HEAD_REBIND] member='player3' targets=18 slots=9 reboundBones=0 reboundMeshes=0 pending=1 restPose=111 quiet=426 latched=0
[HEAD_REBIND] member='player0' targets=18 slots=11 reboundBones=0 reboundMeshes=0 pending=2 restPose=105 quiet=427 latched=0
[HEAD_REBIND] member='player1' targets=19 slots=59 reboundBones=0 reboundMeshes=0 pending=3 restPose=111 quiet=427 latched=0
[HEAD_REBIND] member='player2' targets=21 slots=11 reboundBones=0 reboundMeshes=0 pending=6 restPose=109 quiet=427 latched=0
[HEAD_REBIND] member='player3' targets=18 slots=9 reboundBones=0 reboundMeshes=0 pending=1 restPose=111 quiet=427 latched=0
[HEAD_REBIND] member='player0' targets=18 slots=11 reboundBones=0 reboundMeshes=0 pending=2 restPose=105 quiet=428 latched=0
[HEAD_REBIND] member='player1' targets=19 slots=59 reboundBones=0 reboundMeshes=0 pending=3 restPose=111 quiet=428 latched=0
[HEAD_REBIND] member='player2' targets=21 slots=11 reboundBones=0 reboundMeshes=0 pending=6 restPose=109 quiet=428 latched=0
[HEAD_REBIND] member='player3' targets=18 slots=9 reboundBones=0 reboundMeshes=0 pending=1 restPose=111 quiet=428 latched=0
[HEAD_REBIND] member='player0' targets=18 slots=11 reboundBones=0 reboundMeshes=0 pending=2 restPose=105 quiet=429 latched=0
[HEAD_REBIND] member='player1' targets=19 slots=59 reboundBones=0 reboundMeshes=0 pending=3 restPose=111 quiet=429 latched=0
[HEAD_REBIND] member='player2' targets=21 slots=11 reboundBones=0 reboundMeshes=0 pending=6 restPose=109 quiet=429 latched=0
[HEAD_REBIND] member='player3' targets=18 slots=9 reboundBones=0 reboundMeshes=0 pending=1 restPose=111 quiet=429 latched=0
[HEAD_REBIND] member='player0' targets=18 slots=11 reboundBones=0 reboundMeshes=0 pending=2 restPose=105 quiet=430 latched=0
[HEAD_REBIND] member='player1' targets=19 slots=59 reboundBones=0 reboundMeshes=0 pending=3 restPose=111 quiet=430 latched=0
[HEAD_REBIND] member='player2' targets=21 slots=11 reboundBones=0 reboundMeshes=0 pending=6 restPose=109 quiet=430 latched=0
[HEAD_REBIND] member='player3' targets=18 slots=9 reboundBones=0 reboundMeshes=0 pending=1 restPose=111 quiet=430 latched=0
[HEAD_REBIND] member='player0' targets=18 slots=11 reboundBones=0 reboundMeshes=0 pending=2 restPose=105 quiet=431 latched=0
[HEAD_REBIND] member='player1' targets=19 slots=59 reboundBones=0 reboundMeshes=0 pending=3 restPose=111 quiet=431 latched=0
[HEAD_REBIND] member='player2' targets=21 slots=11 reboundBones=0 reboundMeshes=0 pending=6 restPose=109 quiet=431 latched=0
[HEAD_REBIND] member='player3' targets=18 slots=9 reboundBones=0 reboundMeshes=0 pending=1 restPose=111 quiet=431 latched=0
[HEAD_REBIND] member='player0' targets=18 slots=11 reboundBones=0 reboundMeshes=0 pending=2 restPose=105 quiet=432 latched=0
[HEAD_REBIND] member='player1' targets=19 slots=59 reboundBones=0 reboundMeshes=0 pending=3 restPose=111 quiet=432 latched=0
[HEAD_REBIND] member='player2' targets=21 slots=11 reboundBones=0 reboundMeshes=0 pending=6 restPose=109 quiet=432 latched=0
[HEAD_REBIND] member='player3' targets=18 slots=9 reboundBones=0 reboundMeshes=0 pending=1 restPose=111 quiet=432 latched=0
[HEAD_REBIND] member='player0' targets=18 slots=11 reboundBones=0 reboundMeshes=0 pending=2 restPose=105 quiet=433 latched=0
[HEAD_REBIND] member='player1' targets=19 slots=59 reboundBones=0 reboundMeshes=0 pending=3 restPose=111 quiet=433 latched=0
[HEAD_REBIND] member='player2' targets=21 slots=11 reboundBones=0 reboundMeshes=0 pending=6 restPose=109 quiet=433 latched=0
[HEAD_REBIND] member='player3' targets=18 slots=9 reboundBones=0 reboundMeshes=0 pending=1 restPose=111 quiet=433 latched=0
[HEAD_REBIND] member='player0' targets=18 slots=11 reboundBones=0 reboundMeshes=0 pending=2 restPose=105 quiet=434 latched=0
[HEAD_REBIND] member='player1' targets=19 slots=59 reboundBones=0 reboundMeshes=0 pending=3 restPose=111 quiet=434 latched=0
[HEAD_REBIND] member='player2' targets=21 slots=11 reboundBones=0 reboundMeshes=0 pending=6 restPose=109 quiet=434 latched=0
[HEAD_REBIND] member='player3' targets=18 slots=9 reboundBones=0 reboundMeshes=0 pending=1 restPose=111 quiet=434 latched=0
[HEAD_REBIND] member='player0' targets=18 slots=11 reboundBones=0 reboundMeshes=0 pending=2 restPose=105 quiet=435 latched=0
[HEAD_REBIND] member='player1' targets=19 slots=59 reboundBones=0 reboundMeshes=0 pending=3 restPose=111 quiet=435 latched=0
[HEAD_REBIND] member='player2' targets=21 slots=11 reboundBones=0 reboundMeshes=0 pending=6 restPose=109 quiet=435 latched=0
[HEAD_REBIND] member='player3' targets=18 slots=9 reboundBones=0 reboundMeshes=0 pending=1 restPose=111 quiet=435 latched=0
[HEAD_REBIND] member='player0' targets=18 slots=11 reboundBones=0 reboundMeshes=0 pending=2 restPose=105 quiet=436 latched=0
[HEAD_REBIND] member='player1' targets=19 slots=59 reboundBones=0 reboundMeshes=0 pending=3 restPose=111 quiet=436 latched=0
[HEAD_REBIND] member='player2' targets=21 slots=11 reboundBones=0 reboundMeshes=0 pending=6 restPose=109 quiet=436 latched=0
[HEAD_REBIND] member='player3' targets=18 slots=9 reboundBones=0 reboundMeshes=0 pending=1 restPose=111 quiet=436 latched=0
[HEAD_REBIND] member='player0' targets=18 slots=11 reboundBones=0 reboundMeshes=0 pending=2 restPose=105 quiet=437 latched=0
[HEAD_REBIND] member='player1' targets=19 slots=59 reboundBones=0 reboundMeshes=0 pending=3 restPose=111 quiet=437 latched=0
[HEAD_REBIND] member='player2' targets=21 slots=11 reboundBones=0 reboundMeshes=0 pending=6 restPose=109 quiet=437 latched=0
[HEAD_REBIND] member='player3' targets=18 slots=9 reboundBones=0 reboundMeshes=0 pending=1 restPose=111 quiet=437 latched=0
[HEAD_REBIND] member='player0' targets=18 slots=11 reboundBones=0 reboundMeshes=0 pending=2 restPose=105 quiet=438 latched=0
[HEAD_REBIND] member='player1' targets=19 slots=59 reboundBones=0 reboundMeshes=0 pending=3 restPose=111 quiet=438 latched=0
[HEAD_REBIND] member='player2' targets=21 slots=11 reboundBones=0 reboundMeshes=0 pending=6 restPose=109 quiet=438 latched=0
[HEAD_REBIND] member='player3' targets=18 slots=9 reboundBones=0 reboundMeshes=0 pending=1 restPose=111 quiet=438 latched=0
[HEAD_REBIND] member='player0' targets=18 slots=11 reboundBones=0 reboundMeshes=0 pending=2 restPose=105 quiet=439 latched=0
[HEAD_REBIND] member='player1' targets=19 slots=59 reboundBones=0 reboundMeshes=0 pending=3 restPose=111 quiet=439 latched=0
[HEAD_REBIND] member='player2' targets=21 slots=11 reboundBones=0 reboundMeshes=0 pending=6 restPose=109 quiet=439 latched=0
[HEAD_REBIND] member='player3' targets=18 slots=9 reboundBones=0 reboundMeshes=0 pending=1 restPose=111 quiet=439 latched=0
[HEAD_REBIND] member='player0' targets=18 slots=11 reboundBones=0 reboundMeshes=0 pending=2 restPose=105 quiet=440 latched=0
[HEAD_REBIND] member='player1' targets=19 slots=59 reboundBones=0 reboundMeshes=0 pending=3 restPose=111 quiet=440 latched=0
[HEAD_REBIND] member='player2' targets=21 slots=11 reboundBones=0 reboundMeshes=0 pending=6 restPose=109 quiet=440 latched=0
[HEAD_REBIND] member='player3' targets=18 slots=9 reboundBones=0 reboundMeshes=0 pending=1 restPose=111 quiet=440 latched=0
[HEAD_REBIND] member='player0' targets=18 slots=11 reboundBones=0 reboundMeshes=0 pending=2 restPose=105 quiet=441 latched=0
[HEAD_REBIND] member='player1' targets=19 slots=59 reboundBones=0 reboundMeshes=0 pending=3 restPose=111 quiet=441 latched=0
[HEAD_REBIND] member='player2' targets=21 slots=11 reboundBones=0 reboundMeshes=0 pending=6 restPose=109 quiet=441 latched=0
[HEAD_REBIND] member='player3' targets=18 slots=9 reboundBones=0 reboundMeshes=0 pending=1 restPose=111 quiet=441 latched=0
[HEAD_REBIND] member='player0' targets=18 slots=11 reboundBones=0 reboundMeshes=0 pending=2 restPose=105 quiet=442 latched=0
[HEAD_REBIND] member='player1' targets=19 slots=59 reboundBones=0 reboundMeshes=0 pending=3 restPose=111 quiet=442 latched=0
[HEAD_REBIND] member='player2' targets=21 slots=11 reboundBones=0 reboundMeshes=0 pending=6 restPose=109 quiet=442 latched=0
[HEAD_REBIND] member='player3' targets=18 slots=9 reboundBones=0 reboundMeshes=0 pending=1 restPose=111 quiet=442 latched=0
[HEAD_REBIND] member='player0' targets=18 slots=11 reboundBones=0 reboundMeshes=0 pending=2 restPose=105 quiet=443 latched=0
[HEAD_REBIND] member='player1' targets=19 slots=59 reboundBones=0 reboundMeshes=0 pending=3 restPose=111 quiet=443 latched=0
[HEAD_REBIND] member='player2' targets=21 slots=11 reboundBones=0 reboundMeshes=0 pending=6 restPose=109 quiet=443 latched=0
[HEAD_REBIND] member='player3' targets=18 slots=9 reboundBones=0 reboundMeshes=0 pending=1 restPose=111 quiet=443 latched=0
[HEAD_REBIND] member='player0' targets=18 slots=11 reboundBones=0 reboundMeshes=0 pending=2 restPose=105 quiet=444 latched=0
[HEAD_REBIND] member='player1' targets=19 slots=59 reboundBones=0 reboundMeshes=0 pending=3 restPose=111 quiet=444 latched=0
[HEAD_REBIND] member='player2' targets=21 slots=11 reboundBones=0 reboundMeshes=0 pending=6 restPose=109 quiet=444 latched=0
[HEAD_REBIND] member='player3' targets=18 slots=9 reboundBones=0 reboundMeshes=0 pending=1 restPose=111 quiet=444 latched=0
[HEAD_REBIND] member='player0' targets=18 slots=11 reboundBones=0 reboundMeshes=0 pending=2 restPose=105 quiet=445 latched=0
[HEAD_REBIND] member='player1' targets=19 slots=59 reboundBones=0 reboundMeshes=0 pending=3 restPose=111 quiet=445 latched=0
[HEAD_REBIND] member='player2' targets=21 slots=11 reboundBones=0 reboundMeshes=0 pending=6 restPose=109 quiet=445 latched=0
[HEAD_REBIND] member='player3' targets=18 slots=9 reboundBones=0 reboundMeshes=0 pending=1 restPose=111 quiet=445 latched=0
[HEAD_REBIND] member='player0' targets=18 slots=11 reboundBones=0 reboundMeshes=0 pending=2 restPose=105 quiet=446 latched=0
[HEAD_REBIND] member='player1' targets=19 slots=59 reboundBones=0 reboundMeshes=0 pending=3 restPose=111 quiet=446 latched=0
[HEAD_REBIND] member='player2' targets=21 slots=11 reboundBones=0 reboundMeshes=0 pending=6 restPose=109 quiet=446 latched=0
[HEAD_REBIND] member='player3' targets=18 slots=9 reboundBones=0 reboundMeshes=0 pending=1 restPose=111 quiet=446 latched=0
[HEAD_REBIND] member='player0' targets=18 slots=11 reboundBones=0 reboundMeshes=0 pending=2 restPose=105 quiet=447 latched=0
[HEAD_REBIND] member='player1' targets=19 slots=59 reboundBones=0 reboundMeshes=0 pending=3 restPose=111 quiet=447 latched=0
[HEAD_REBIND] member='player2' targets=21 slots=11 reboundBones=0 reboundMeshes=0 pending=6 restPose=109 quiet=447 latched=0
[HEAD_REBIND] member='player3' targets=18 slots=9 reboundBones=0 reboundMeshes=0 pending=1 restPose=111 quiet=447 latched=0
[HEAD_REBIND] member='player0' targets=18 slots=11 reboundBones=0 reboundMeshes=0 pending=2 restPose=105 quiet=448 latched=0
[HEAD_REBIND] member='player1' targets=19 slots=59 reboundBones=0 reboundMeshes=0 pending=3 restPose=111 quiet=448 latched=0
[HEAD_REBIND] member='player2' targets=21 slots=11 reboundBones=0 reboundMeshes=0 pending=6 restPose=109 quiet=448 latched=0
[HEAD_REBIND] member='player3' targets=18 slots=9 reboundBones=0 reboundMeshes=0 pending=1 restPose=111 quiet=448 latched=0
[HEAD_REBIND] member='player0' targets=18 slots=11 reboundBones=0 reboundMeshes=0 pending=2 restPose=105 quiet=449 latched=0
[HEAD_REBIND] member='player1' targets=19 slots=59 reboundBones=0 reboundMeshes=0 pending=3 restPose=111 quiet=449 latched=0
[HEAD_REBIND] member='player2' targets=21 slots=11 reboundBones=0 reboundMeshes=0 pending=6 restPose=109 quiet=449 latched=0
[HEAD_REBIND] member='player3' targets=18 slots=9 reboundBones=0 reboundMeshes=0 pending=1 restPose=111 quiet=449 latched=0
[HEAD_REBIND] member='player0' targets=18 slots=11 reboundBones=0 reboundMeshes=0 pending=2 restPose=105 quiet=450 latched=0
[HEAD_REBIND] member='player1' targets=19 slots=59 reboundBones=0 reboundMeshes=0 pending=3 restPose=111 quiet=450 latched=0
[HEAD_REBIND] member='player2' targets=21 slots=11 reboundBones=0 reboundMeshes=0 pending=6 restPose=109 quiet=450 latched=0
[HEAD_REBIND] member='player3' targets=18 slots=9 reboundBones=0 reboundMeshes=0 pending=1 restPose=111 quiet=450 latched=0
[HEAD_REBIND] member='player0' targets=18 slots=11 reboundBones=0 reboundMeshes=0 pending=2 restPose=105 quiet=451 latched=0
[HEAD_REBIND] member='player1' targets=19 slots=59 reboundBones=0 reboundMeshes=0 pending=3 restPose=111 quiet=451 latched=0
[HEAD_REBIND] member='player2' targets=21 slots=11 reboundBones=0 reboundMeshes=0 pending=6 restPose=109 quiet=451 latched=0
[HEAD_REBIND] member='player3' targets=18 slots=9 reboundBones=0 reboundMeshes=0 pending=1 restPose=111 quiet=451 latched=0
[HEAD_REBIND] member='player0' targets=18 slots=11 reboundBones=0 reboundMeshes=0 pending=2 restPose=105 quiet=452 latched=0
[HEAD_REBIND] member='player1' targets=19 slots=59 reboundBones=0 reboundMeshes=0 pending=3 restPose=111 quiet=452 latched=0
[HEAD_REBIND] member='player2' targets=21 slots=11 reboundBones=0 reboundMeshes=0 pending=6 restPose=109 quiet=452 latched=0
[HEAD_REBIND] member='player3' targets=18 slots=9 reboundBones=0 reboundMeshes=0 pending=1 restPose=111 quiet=452 latched=0
[HEAD_REBIND] member='player0' targets=18 slots=11 reboundBones=0 reboundMeshes=0 pending=2 restPose=105 quiet=453 latched=0
[HEAD_REBIND] member='player1' targets=19 slots=59 reboundBones=0 reboundMeshes=0 pending=3 restPose=111 quiet=453 latched=0
[HEAD_REBIND] member='player2' targets=21 slots=11 reboundBones=0 reboundMeshes=0 pending=6 restPose=109 quiet=453 latched=0
[HEAD_REBIND] member='player3' targets=18 slots=9 reboundBones=0 reboundMeshes=0 pending=1 restPose=111 quiet=453 latched=0
[HEAD_REBIND] member='player0' targets=18 slots=11 reboundBones=0 reboundMeshes=0 pending=2 restPose=105 quiet=454 latched=0
[HEAD_REBIND] member='player1' targets=19 slots=59 reboundBones=0 reboundMeshes=0 pending=3 restPose=111 quiet=454 latched=0
[HEAD_REBIND] member='player2' targets=21 slots=11 reboundBones=0 reboundMeshes=0 pending=6 restPose=109 quiet=454 latched=0
[HEAD_REBIND] member='player3' targets=18 slots=9 reboundBones=0 reboundMeshes=0 pending=1 restPose=111 quiet=454 latched=0
[HEAD_REBIND] member='player0' targets=18 slots=11 reboundBones=0 reboundMeshes=0 pending=2 restPose=105 quiet=455 latched=0
[HEAD_REBIND] member='player1' targets=19 slots=59 reboundBones=0 reboundMeshes=0 pending=3 restPose=111 quiet=455 latched=0
[HEAD_REBIND] member='player2' targets=21 slots=11 reboundBones=0 reboundMeshes=0 pending=6 restPose=109 quiet=455 latched=0
[HEAD_REBIND] member='player3' targets=18 slots=9 reboundBones=0 reboundMeshes=0 pending=1 restPose=111 quiet=455 latched=0
[HEAD_REBIND] member='player0' targets=18 slots=11 reboundBones=0 reboundMeshes=0 pending=2 restPose=105 quiet=456 latched=0
[HEAD_REBIND] member='player1' targets=19 slots=59 reboundBones=0 reboundMeshes=0 pending=3 restPose=111 quiet=456 latched=0
[HEAD_REBIND] member='player2' targets=21 slots=11 reboundBones=0 reboundMeshes=0 pending=6 restPose=109 quiet=456 latched=0
[HEAD_REBIND] member='player3' targets=18 slots=9 reboundBones=0 reboundMeshes=0 pending=1 restPose=111 quiet=456 latched=0
[HEAD_REBIND] member='player0' targets=18 slots=11 reboundBones=0 reboundMeshes=0 pending=2 restPose=105 quiet=457 latched=0
[HEAD_REBIND] member='player1' targets=19 slots=59 reboundBones=0 reboundMeshes=0 pending=3 restPose=111 quiet=457 latched=0
[HEAD_REBIND] member='player2' targets=21 slots=11 reboundBones=0 reboundMeshes=0 pending=6 restPose=109 quiet=457 latched=0
[HEAD_REBIND] member='player3' targets=18 slots=9 reboundBones=0 reboundMeshes=0 pending=1 restPose=111 quiet=457 latched=0
[HEAD_REBIND] member='player0' targets=18 slots=11 reboundBones=0 reboundMeshes=0 pending=2 restPose=105 quiet=458 latched=0
[HEAD_REBIND] member='player1' targets=19 slots=59 reboundBones=0 reboundMeshes=0 pending=3 restPose=111 quiet=458 latched=0
[HEAD_REBIND] member='player2' targets=21 slots=11 reboundBones=0 reboundMeshes=0 pending=6 restPose=109 quiet=458 latched=0
[HEAD_REBIND] member='player3' targets=18 slots=9 reboundBones=0 reboundMeshes=0 pending=1 restPose=111 quiet=458 latched=0
[HEAD_REBIND] member='player0' targets=18 slots=11 reboundBones=0 reboundMeshes=0 pending=2 restPose=105 quiet=459 latched=0
[HEAD_REBIND] member='player1' targets=19 slots=59 reboundBones=0 reboundMeshes=0 pending=3 restPose=111 quiet=459 latched=0
[HEAD_REBIND] member='player2' targets=21 slots=11 reboundBones=0 reboundMeshes=0 pending=6 restPose=109 quiet=459 latched=0
[HEAD_REBIND] member='player3' targets=18 slots=9 reboundBones=0 reboundMeshes=0 pending=1 restPose=111 quiet=459 latched=0
[HEAD_REBIND] member='player0' targets=18 slots=11 reboundBones=0 reboundMeshes=0 pending=2 restPose=105 quiet=460 latched=0
[HEAD_REBIND] member='player1' targets=19 slots=59 reboundBones=0 reboundMeshes=0 pending=3 restPose=111 quiet=460 latched=0
[HEAD_REBIND] member='player2' targets=21 slots=11 reboundBones=0 reboundMeshes=0 pending=6 restPose=109 quiet=460 latched=0
[HEAD_REBIND] member='player3' targets=18 slots=9 reboundBones=0 reboundMeshes=0 pending=1 restPose=111 quiet=460 latched=0
[HEAD_REBIND] member='player0' targets=18 slots=11 reboundBones=0 reboundMeshes=0 pending=2 restPose=105 quiet=461 latched=0
[HEAD_REBIND] member='player1' targets=19 slots=59 reboundBones=0 reboundMeshes=0 pending=3 restPose=111 quiet=461 latched=0
[HEAD_REBIND] member='player2' targets=21 slots=11 reboundBones=0 reboundMeshes=0 pending=6 restPose=109 quiet=461 latched=0
[HEAD_REBIND] member='player3' targets=18 slots=9 reboundBones=0 reboundMeshes=0 pending=1 restPose=111 quiet=461 latched=0
[HEAD_REBIND] member='player0' targets=18 slots=11 reboundBones=0 reboundMeshes=0 pending=2 restPose=105 quiet=462 latched=0
[HEAD_REBIND] member='player1' targets=19 slots=59 reboundBones=0 reboundMeshes=0 pending=3 restPose=111 quiet=462 latched=0
[HEAD_REBIND] member='player2' targets=21 slots=11 reboundBones=0 reboundMeshes=0 pending=6 restPose=109 quiet=462 latched=0
[HEAD_REBIND] member='player3' targets=18 slots=9 reboundBones=0 reboundMeshes=0 pending=1 restPose=111 quiet=462 latched=0
[HEAD_REBIND] member='player0' targets=18 slots=11 reboundBones=0 reboundMeshes=0 pending=2 restPose=105 quiet=463 latched=0
[HEAD_REBIND] member='player1' targets=19 slots=59 reboundBones=0 reboundMeshes=0 pending=3 restPose=111 quiet=463 latched=0
[HEAD_REBIND] member='player2' targets=21 slots=11 reboundBones=0 reboundMeshes=0 pending=6 restPose=109 quiet=463 latched=0
[HEAD_REBIND] member='player3' targets=18 slots=9 reboundBones=0 reboundMeshes=0 pending=1 restPose=111 quiet=463 latched=0
[HEAD_REBIND] member='player0' targets=18 slots=11 reboundBones=0 reboundMeshes=0 pending=2 restPose=105 quiet=464 latched=0
[HEAD_REBIND] member='player1' targets=19 slots=59 reboundBones=0 reboundMeshes=0 pending=3 restPose=111 quiet=464 latched=0
[HEAD_REBIND] member='player2' targets=21 slots=11 reboundBones=0 reboundMeshes=0 pending=6 restPose=109 quiet=464 latched=0
[HEAD_REBIND] member='player3' targets=18 slots=9 reboundBones=0 reboundMeshes=0 pending=1 restPose=111 quiet=464 latched=0
[HEAD_REBIND] member='player0' targets=18 slots=11 reboundBones=0 reboundMeshes=0 pending=2 restPose=105 quiet=465 latched=0
[HEAD_REBIND] member='player1' targets=19 slots=59 reboundBones=0 reboundMeshes=0 pending=3 restPose=111 quiet=465 latched=0
[HEAD_REBIND] member='player2' targets=21 slots=11 reboundBones=0 reboundMeshes=0 pending=6 restPose=109 quiet=465 latched=0
[HEAD_REBIND] member='player3' targets=18 slots=9 reboundBones=0 reboundMeshes=0 pending=1 restPose=111 quiet=465 latched=0
[HEAD_REBIND] member='player0' targets=18 slots=11 reboundBones=0 reboundMeshes=0 pending=2 restPose=105 quiet=466 latched=0
[HEAD_REBIND] member='player1' targets=19 slots=59 reboundBones=0 reboundMeshes=0 pending=3 restPose=111 quiet=466 latched=0
[HEAD_REBIND] member='player2' targets=21 slots=11 reboundBones=0 reboundMeshes=0 pending=6 restPose=109 quiet=466 latched=0
[HEAD_REBIND] member='player3' targets=18 slots=9 reboundBones=0 reboundMeshes=0 pending=1 restPose=111 quiet=466 latched=0
[HEAD_REBIND] member='player0' targets=18 slots=11 reboundBones=0 reboundMeshes=0 pending=2 restPose=105 quiet=467 latched=0
[HEAD_REBIND] member='player1' targets=19 slots=59 reboundBones=0 reboundMeshes=0 pending=3 restPose=111 quiet=467 latched=0
[HEAD_REBIND] member='player2' targets=21 slots=11 reboundBones=0 reboundMeshes=0 pending=6 restPose=109 quiet=467 latched=0
[HEAD_REBIND] member='player3' targets=18 slots=9 reboundBones=0 reboundMeshes=0 pending=1 restPose=111 quiet=467 latched=0
[HEAD_REBIND] member='player0' targets=18 slots=11 reboundBones=0 reboundMeshes=0 pending=2 restPose=105 quiet=468 latched=0
[HEAD_REBIND] member='player1' targets=19 slots=59 reboundBones=0 reboundMeshes=0 pending=3 restPose=111 quiet=468 latched=0
[HEAD_REBIND] member='player2' targets=21 slots=11 reboundBones=0 reboundMeshes=0 pending=6 restPose=109 quiet=468 latched=0
[HEAD_REBIND] member='player3' targets=18 slots=9 reboundBones=0 reboundMeshes=0 pending=1 restPose=111 quiet=468 latched=0
[HEAD_REBIND] member='player0' targets=18 slots=11 reboundBones=0 reboundMeshes=0 pending=2 restPose=105 quiet=469 latched=0
[HEAD_REBIND] member='player1' targets=19 slots=59 reboundBones=0 reboundMeshes=0 pending=3 restPose=111 quiet=469 latched=0
[HEAD_REBIND] member='player2' targets=21 slots=11 reboundBones=0 reboundMeshes=0 pending=6 restPose=109 quiet=469 latched=0
[HEAD_REBIND] member='player3' targets=18 slots=9 reboundBones=0 reboundMeshes=0 pending=1 restPose=111 quiet=469 latched=0
[HEAD_REBIND] member='player0' targets=18 slots=11 reboundBones=0 reboundMeshes=0 pending=2 restPose=105 quiet=470 latched=0
[HEAD_REBIND] member='player1' targets=19 slots=59 reboundBones=0 reboundMeshes=0 pending=3 restPose=111 quiet=470 latched=0
[HEAD_REBIND] member='player2' targets=21 slots=11 reboundBones=0 reboundMeshes=0 pending=6 restPose=109 quiet=470 latched=0
[HEAD_REBIND] member='player3' targets=18 slots=9 reboundBones=0 reboundMeshes=0 pending=1 restPose=111 quiet=470 latched=0
[HEAD_REBIND] member='player0' targets=18 slots=11 reboundBones=0 reboundMeshes=0 pending=2 restPose=105 quiet=471 latched=0
[HEAD_REBIND] member='player1' targets=19 slots=59 reboundBones=0 reboundMeshes=0 pending=3 restPose=111 quiet=471 latched=0
[HEAD_REBIND] member='player2' targets=21 slots=11 reboundBones=0 reboundMeshes=0 pending=6 restPose=109 quiet=471 latched=0
[HEAD_REBIND] member='player3' targets=18 slots=9 reboundBones=0 reboundMeshes=0 pending=1 restPose=111 quiet=471 latched=0
[HEAD_REBIND] member='player0' targets=18 slots=11 reboundBones=0 reboundMeshes=0 pending=2 restPose=105 quiet=472 latched=0
[HEAD_REBIND] member='player1' targets=19 slots=59 reboundBones=0 reboundMeshes=0 pending=3 restPose=111 quiet=472 latched=0
[HEAD_REBIND] member='player2' targets=21 slots=11 reboundBones=0 reboundMeshes=0 pending=6 restPose=109 quiet=472 latched=0
[HEAD_REBIND] member='player3' targets=18 slots=9 reboundBones=0 reboundMeshes=0 pending=1 restPose=111 quiet=472 latched=0
[HEAD_REBIND] member='player0' targets=18 slots=11 reboundBones=0 reboundMeshes=0 pending=2 restPose=105 quiet=473 latched=0
[HEAD_REBIND] member='player1' targets=19 slots=59 reboundBones=0 reboundMeshes=0 pending=3 restPose=111 quiet=473 latched=0
[HEAD_REBIND] member='player2' targets=21 slots=11 reboundBones=0 reboundMeshes=0 pending=6 restPose=109 quiet=473 latched=0
[HEAD_REBIND] member='player3' targets=18 slots=9 reboundBones=0 reboundMeshes=0 pending=1 restPose=111 quiet=473 latched=0
[HEAD_REBIND] member='player0' targets=18 slots=11 reboundBones=0 reboundMeshes=0 pending=2 restPose=105 quiet=474 latched=0
[HEAD_REBIND] member='player1' targets=19 slots=59 reboundBones=0 reboundMeshes=0 pending=3 restPose=111 quiet=474 latched=0
[HEAD_REBIND] member='player2' targets=21 slots=11 reboundBones=0 reboundMeshes=0 pending=6 restPose=109 quiet=474 latched=0
[HEAD_REBIND] member='player3' targets=18 slots=9 reboundBones=0 reboundMeshes=0 pending=1 restPose=111 quiet=474 latched=0
[HEAD_REBIND] member='player0' targets=18 slots=11 reboundBones=0 reboundMeshes=0 pending=2 restPose=105 quiet=475 latched=0
[HEAD_REBIND] member='player1' targets=19 slots=59 reboundBones=0 reboundMeshes=0 pending=3 restPose=111 quiet=475 latched=0
[HEAD_REBIND] member='player2' targets=21 slots=11 reboundBones=0 reboundMeshes=0 pending=6 restPose=109 quiet=475 latched=0
[HEAD_REBIND] member='player3' targets=18 slots=9 reboundBones=0 reboundMeshes=0 pending=1 restPose=111 quiet=475 latched=0
[HEAD_REBIND] member='player0' targets=18 slots=11 reboundBones=0 reboundMeshes=0 pending=2 restPose=105 quiet=476 latched=0
[HEAD_REBIND] member='player1' targets=19 slots=59 reboundBones=0 reboundMeshes=0 pending=3 restPose=111 quiet=476 latched=0
[HEAD_REBIND] member='player2' targets=21 slots=11 reboundBones=0 reboundMeshes=0 pending=6 restPose=109 quiet=476 latched=0
[HEAD_REBIND] member='player3' targets=18 slots=9 reboundBones=0 reboundMeshes=0 pending=1 restPose=111 quiet=476 latched=0
[HEAD_REBIND] member='player0' targets=18 slots=11 reboundBones=0 reboundMeshes=0 pending=2 restPose=105 quiet=477 latched=0
[HEAD_REBIND] member='player1' targets=19 slots=59 reboundBones=0 reboundMeshes=0 pending=3 restPose=111 quiet=477 latched=0
[HEAD_REBIND] member='player2' targets=21 slots=11 reboundBones=0 reboundMeshes=0 pending=6 restPose=109 quiet=477 latched=0
[HEAD_REBIND] member='player3' targets=18 slots=9 reboundBones=0 reboundMeshes=0 pending=1 restPose=111 quiet=477 latched=0
[HEAD_REBIND] member='player0' targets=18 slots=11 reboundBones=0 reboundMeshes=0 pending=2 restPose=105 quiet=478 latched=0
[HEAD_REBIND] member='player1' targets=19 slots=59 reboundBones=0 reboundMeshes=0 pending=3 restPose=111 quiet=478 latched=0
[HEAD_REBIND] member='player2' targets=21 slots=11 reboundBones=0 reboundMeshes=0 pending=6 restPose=109 quiet=478 latched=0
[HEAD_REBIND] member='player3' targets=18 slots=9 reboundBones=0 reboundMeshes=0 pending=1 restPose=111 quiet=478 latched=0
[HEAD_REBIND] member='player0' targets=18 slots=11 reboundBones=0 reboundMeshes=0 pending=2 restPose=105 quiet=479 latched=0
[HEAD_REBIND] member='player1' targets=19 slots=59 reboundBones=0 reboundMeshes=0 pending=3 restPose=111 quiet=479 latched=0
[HEAD_REBIND] member='player2' targets=21 slots=11 reboundBones=0 reboundMeshes=0 pending=6 restPose=109 quiet=479 latched=0
[HEAD_REBIND] member='player3' targets=18 slots=9 reboundBones=0 reboundMeshes=0 pending=1 restPose=111 quiet=479 latched=0
[HEAD_REBIND] member='player0' targets=18 slots=11 reboundBones=0 reboundMeshes=0 pending=2 restPose=105 quiet=480 latched=0
[HEAD_REBIND] member='player1' targets=19 slots=59 reboundBones=0 reboundMeshes=0 pending=3 restPose=111 quiet=480 latched=0
[HEAD_REBIND] member='player2' targets=21 slots=11 reboundBones=0 reboundMeshes=0 pending=6 restPose=109 quiet=480 latched=0
[HEAD_REBIND] member='player3' targets=18 slots=9 reboundBones=0 reboundMeshes=0 pending=1 restPose=111 quiet=480 latched=0
[HEAD_REBIND] member='player0' targets=18 slots=11 reboundBones=0 reboundMeshes=0 pending=2 restPose=105 quiet=481 latched=0
[HEAD_REBIND] member='player1' targets=19 slots=59 reboundBones=0 reboundMeshes=0 pending=3 restPose=111 quiet=481 latched=0
[HEAD_REBIND_PENDING] member='player2' mesh='cowbell_stick.mesh' miss=1 resolvable=0/1 firstMiss='bone_L-stick.mesh' why=boundRebakeOff
[HEAD_REBIND_PENDING] member='player2' mesh='tamborine_cymbals.mesh' miss=1 resolvable=0/1 firstMiss='bone_mic.mesh' why=boundRebakeOff
[HEAD_REBIND_PENDING] member='player2' mesh='cowbell.mesh' miss=1 resolvable=0/1 firstMiss='bone_mic.mesh' why=boundRebakeOff
[HEAD_REBIND_PENDING] member='player2' mesh='tamborine_body.mesh' miss=1 resolvable=0/1 firstMiss='bone_mic.mesh' why=boundRebakeOff
[HEAD_REBIND] member='player2' targets=21 slots=11 reboundBones=0 reboundMeshes=0 pending=6 restPose=109 quiet=481 latched=0
[HEAD_REBIND] member='player3' targets=18 slots=9 reboundBones=0 reboundMeshes=0 pending=1 restPose=111 quiet=481 latched=0
[HEAD_REBIND] member='player0' targets=18 slots=11 reboundBones=0 reboundMeshes=0 pending=2 restPose=105 quiet=482 latched=0
[HEAD_REBIND] member='player1' targets=19 slots=59 reboundBones=0 reboundMeshes=0 pending=3 restPose=111 quiet=482 latched=0
[HEAD_REBIND] member='player2' targets=21 slots=11 reboundBones=0 reboundMeshes=0 pending=6 restPose=109 quiet=482 latched=0
[HEAD_REBIND] member='player3' targets=18 slots=9 reboundBones=0 reboundMeshes=0 pending=1 restPose=111 quiet=482 latched=0
[HEAD_REBIND] member='player0' targets=18 slots=11 reboundBones=0 reboundMeshes=0 pending=2 restPose=105 quiet=483 latched=0
[HEAD_REBIND] member='player1' targets=19 slots=59 reboundBones=0 reboundMeshes=0 pending=3 restPose=111 quiet=483 latched=0
[HEAD_REBIND] member='player2' targets=21 slots=11 reboundBones=0 reboundMeshes=0 pending=6 restPose=109 quiet=483 latched=0
[HEAD_REBIND] member='player3' targets=18 slots=9 reboundBones=0 reboundMeshes=0 pending=1 restPose=111 quiet=483 latched=0
[HEAD_REBIND] member='player0' targets=18 slots=11 reboundBones=0 reboundMeshes=0 pending=2 restPose=105 quiet=484 latched=0
[HEAD_REBIND] member='player1' targets=19 slots=59 reboundBones=0 reboundMeshes=0 pending=3 restPose=111 quiet=484 latched=0
[HEAD_REBIND] member='player2' targets=21 slots=11 reboundBones=0 reboundMeshes=0 pending=6 restPose=109 quiet=484 latched=0
[HEAD_REBIND] member='player3' targets=18 slots=9 reboundBones=0 reboundMeshes=0 pending=1 restPose=111 quiet=484 latched=0
[HEAD_REBIND] member='player0' targets=18 slots=11 reboundBones=0 reboundMeshes=0 pending=2 restPose=105 quiet=485 latched=0
[HEAD_REBIND] member='player1' targets=19 slots=59 reboundBones=0 reboundMeshes=0 pending=3 restPose=111 quiet=485 latched=0
[HEAD_REBIND] member='player2' targets=21 slots=11 reboundBones=0 reboundMeshes=0 pending=6 restPose=109 quiet=485 latched=0
[HEAD_REBIND] member='player3' targets=18 slots=9 reboundBones=0 reboundMeshes=0 pending=1 restPose=111 quiet=485 latched=0
[HEAD_REBIND] member='player0' targets=18 slots=11 reboundBones=0 reboundMeshes=0 pending=2 restPose=105 quiet=486 latched=0
[HEAD_REBIND] member='player1' targets=19 slots=59 reboundBones=0 reboundMeshes=0 pending=3 restPose=111 quiet=486 latched=0
[HEAD_REBIND] member='player2' targets=21 slots=11 reboundBones=0 reboundMeshes=0 pending=6 restPose=109 quiet=486 latched=0
[HEAD_REBIND] member='player3' targets=18 slots=9 reboundBones=0 reboundMeshes=0 pending=1 restPose=111 quiet=486 latched=0
[HEAD_REBIND] member='player0' targets=18 slots=11 reboundBones=0 reboundMeshes=0 pending=2 restPose=105 quiet=487 latched=0
[HEAD_REBIND] member='player1' targets=19 slots=59 reboundBones=0 reboundMeshes=0 pending=3 restPose=111 quiet=487 latched=0
[HEAD_REBIND] member='player2' targets=21 slots=11 reboundBones=0 reboundMeshes=0 pending=6 restPose=109 quiet=487 latched=0
[HEAD_REBIND] member='player3' targets=18 slots=9 reboundBones=0 reboundMeshes=0 pending=1 restPose=111 quiet=487 latched=0
[HEAD_REBIND] member='player0' targets=18 slots=11 reboundBones=0 reboundMeshes=0 pending=2 restPose=105 quiet=488 latched=0
[HEAD_REBIND] member='player1' targets=19 slots=59 reboundBones=0 reboundMeshes=0 pending=3 restPose=111 quiet=488 latched=0
[HEAD_REBIND] member='player2' targets=21 slots=11 reboundBones=0 reboundMeshes=0 pending=6 restPose=109 quiet=488 latched=0
[HEAD_REBIND] member='player3' targets=18 slots=9 reboundBones=0 reboundMeshes=0 pending=1 restPose=111 quiet=488 latched=0
[HEAD_REBIND] member='player0' targets=18 slots=11 reboundBones=0 reboundMeshes=0 pending=2 restPose=105 quiet=489 latched=0
[HEAD_REBIND] member='player1' targets=19 slots=59 reboundBones=0 reboundMeshes=0 pending=3 restPose=111 quiet=489 latched=0
[HEAD_REBIND] member='player2' targets=21 slots=11 reboundBones=0 reboundMeshes=0 pending=6 restPose=109 quiet=489 latched=0
[HEAD_REBIND] member='player3' targets=18 slots=9 reboundBones=0 reboundMeshes=0 pending=1 restPose=111 quiet=489 latched=0
[HEAD_REBIND] member='player0' targets=18 slots=11 reboundBones=0 reboundMeshes=0 pending=2 restPose=105 quiet=490 latched=0
[HEAD_REBIND] member='player1' targets=19 slots=59 reboundBones=0 reboundMeshes=0 pending=3 restPose=111 quiet=490 latched=0
[HEAD_REBIND] member='player2' targets=21 slots=11 reboundBones=0 reboundMeshes=0 pending=6 restPose=109 quiet=490 latched=0
[HEAD_REBIND] member='player3' targets=18 slots=9 reboundBones=0 reboundMeshes=0 pending=1 restPose=111 quiet=490 latched=0
[HEAD_REBIND] member='player0' targets=18 slots=11 reboundBones=0 reboundMeshes=0 pending=2 restPose=105 quiet=491 latched=0
[HEAD_REBIND] member='player1' targets=19 slots=59 reboundBones=0 reboundMeshes=0 pending=3 restPose=111 quiet=491 latched=0
[HEAD_REBIND] member='player2' targets=21 slots=11 reboundBones=0 reboundMeshes=0 pending=6 restPose=109 quiet=491 latched=0
[HEAD_REBIND] member='player3' targets=18 slots=9 reboundBones=0 reboundMeshes=0 pending=1 restPose=111 quiet=491 latched=0
[HEAD_REBIND] member='player0' targets=18 slots=11 reboundBones=0 reboundMeshes=0 pending=2 restPose=105 quiet=492 latched=0
[HEAD_REBIND] member='player1' targets=19 slots=59 reboundBones=0 reboundMeshes=0 pending=3 restPose=111 quiet=492 latched=0
[HEAD_REBIND] member='player2' targets=21 slots=11 reboundBones=0 reboundMeshes=0 pending=6 restPose=109 quiet=492 latched=0
[HEAD_REBIND] member='player3' targets=18 slots=9 reboundBones=0 reboundMeshes=0 pending=1 restPose=111 quiet=492 latched=0
[HEAD_REBIND] member='player0' targets=18 slots=11 reboundBones=0 reboundMeshes=0 pending=2 restPose=105 quiet=493 latched=0
[HEAD_REBIND] member='player1' targets=19 slots=59 reboundBones=0 reboundMeshes=0 pending=3 restPose=111 quiet=493 latched=0
[HEAD_REBIND] member='player2' targets=21 slots=11 reboundBones=0 reboundMeshes=0 pending=6 restPose=109 quiet=493 latched=0
[HEAD_REBIND] member='player3' targets=18 slots=9 reboundBones=0 reboundMeshes=0 pending=1 restPose=111 quiet=493 latched=0
[HEAD_REBIND] member='player0' targets=18 slots=11 reboundBones=0 reboundMeshes=0 pending=2 restPose=105 quiet=494 latched=0
[HEAD_REBIND] member='player1' targets=19 slots=59 reboundBones=0 reboundMeshes=0 pending=3 restPose=111 quiet=494 latched=0
[HEAD_REBIND] member='player2' targets=21 slots=11 reboundBones=0 reboundMeshes=0 pending=6 restPose=109 quiet=494 latched=0
[HEAD_REBIND] member='player3' targets=18 slots=9 reboundBones=0 reboundMeshes=0 pending=1 restPose=111 quiet=494 latched=0
[HEAD_REBIND] member='player0' targets=18 slots=11 reboundBones=0 reboundMeshes=0 pending=2 restPose=105 quiet=495 latched=0
[HEAD_REBIND] member='player1' targets=19 slots=59 reboundBones=0 reboundMeshes=0 pending=3 restPose=111 quiet=495 latched=0
[HEAD_REBIND] member='player2' targets=21 slots=11 reboundBones=0 reboundMeshes=0 pending=6 restPose=109 quiet=495 latched=0
[HEAD_REBIND] member='player3' targets=18 slots=9 reboundBones=0 reboundMeshes=0 pending=1 restPose=111 quiet=495 latched=0
[HEAD_REBIND] member='player0' targets=18 slots=11 reboundBones=0 reboundMeshes=0 pending=2 restPose=105 quiet=496 latched=0
[HEAD_REBIND] member='player1' targets=19 slots=59 reboundBones=0 reboundMeshes=0 pending=3 restPose=111 quiet=496 latched=0
[HEAD_REBIND] member='player2' targets=21 slots=11 reboundBones=0 reboundMeshes=0 pending=6 restPose=109 quiet=496 latched=0
[HEAD_REBIND] member='player3' targets=18 slots=9 reboundBones=0 reboundMeshes=0 pending=1 restPose=111 quiet=496 latched=0
[HEAD_REBIND] member='player0' targets=18 slots=11 reboundBones=0 reboundMeshes=0 pending=2 restPose=105 quiet=497 latched=0
[HEAD_REBIND] member='player1' targets=19 slots=59 reboundBones=0 reboundMeshes=0 pending=3 restPose=111 quiet=497 latched=0
[HEAD_REBIND] member='player2' targets=21 slots=11 reboundBones=0 reboundMeshes=0 pending=6 restPose=109 quiet=497 latched=0
[HEAD_REBIND] member='player3' targets=18 slots=9 reboundBones=0 reboundMeshes=0 pending=1 restPose=111 quiet=497 latched=0
[HEAD_REBIND] member='player0' targets=18 slots=11 reboundBones=0 reboundMeshes=0 pending=2 restPose=105 quiet=498 latched=0
[HEAD_REBIND] member='player1' targets=19 slots=59 reboundBones=0 reboundMeshes=0 pending=3 restPose=111 quiet=498 latched=0
[HEAD_REBIND] member='player2' targets=21 slots=11 reboundBones=0 reboundMeshes=0 pending=6 restPose=109 quiet=498 latched=0
[HEAD_REBIND] member='player3' targets=18 slots=9 reboundBones=0 reboundMeshes=0 pending=1 restPose=111 quiet=498 latched=0
[HEAD_REBIND] member='player0' targets=18 slots=11 reboundBones=0 reboundMeshes=0 pending=2 restPose=105 quiet=499 latched=0
[HEAD_REBIND] member='player1' targets=19 slots=59 reboundBones=0 reboundMeshes=0 pending=3 restPose=111 quiet=499 latched=0
[HEAD_REBIND] member='player2' targets=21 slots=11 reboundBones=0 reboundMeshes=0 pending=6 restPose=109 quiet=499 latched=0
[HEAD_REBIND] member='player3' targets=18 slots=9 reboundBones=0 reboundMeshes=0 pending=1 restPose=111 quiet=499 latched=0
[HEAD_REBIND] member='player0' targets=18 slots=11 reboundBones=0 reboundMeshes=0 pending=2 restPose=105 quiet=500 latched=0
[HEAD_REBIND] member='player1' targets=19 slots=59 reboundBones=0 reboundMeshes=0 pending=3 restPose=111 quiet=500 latched=0
[HEAD_REBIND] member='player2' targets=21 slots=11 reboundBones=0 reboundMeshes=0 pending=6 restPose=109 quiet=500 latched=0
[HEAD_REBIND] member='player3' targets=18 slots=9 reboundBones=0 reboundMeshes=0 pending=1 restPose=111 quiet=500 latched=0
[HEAD_REBIND] member='player0' targets=18 slots=11 reboundBones=0 reboundMeshes=0 pending=2 restPose=105 quiet=501 latched=0
[HEAD_REBIND] member='player1' targets=19 slots=59 reboundBones=0 reboundMeshes=0 pending=3 restPose=111 quiet=501 latched=0
[HEAD_REBIND] member='player2' targets=21 slots=11 reboundBones=0 reboundMeshes=0 pending=6 restPose=109 quiet=501 latched=0
[HEAD_REBIND] member='player3' targets=18 slots=9 reboundBones=0 reboundMeshes=0 pending=1 restPose=111 quiet=501 latched=0
[HEAD_REBIND] member='player0' targets=18 slots=11 reboundBones=0 reboundMeshes=0 pending=2 restPose=105 quiet=502 latched=0
[HEAD_REBIND] member='player1' targets=19 slots=59 reboundBones=0 reboundMeshes=0 pending=3 restPose=111 quiet=502 latched=0
[HEAD_REBIND] member='player2' targets=21 slots=11 reboundBones=0 reboundMeshes=0 pending=6 restPose=109 quiet=502 latched=0
[HEAD_REBIND] member='player3' targets=18 slots=9 reboundBones=0 reboundMeshes=0 pending=1 restPose=111 quiet=502 latched=0
[HEAD_REBIND] member='player0' targets=18 slots=11 reboundBones=0 reboundMeshes=0 pending=2 restPose=105 quiet=503 latched=0
[HEAD_REBIND] member='player1' targets=19 slots=59 reboundBones=0 reboundMeshes=0 pending=3 restPose=111 quiet=503 latched=0
[HEAD_REBIND] member='player2' targets=21 slots=11 reboundBones=0 reboundMeshes=0 pending=6 restPose=109 quiet=503 latched=0
[HEAD_REBIND] member='player3' targets=18 slots=9 reboundBones=0 reboundMeshes=0 pending=1 restPose=111 quiet=503 latched=0
[HEAD_REBIND] member='player0' targets=18 slots=11 reboundBones=0 reboundMeshes=0 pending=2 restPose=105 quiet=504 latched=0
[HEAD_REBIND] member='player1' targets=19 slots=59 reboundBones=0 reboundMeshes=0 pending=3 restPose=111 quiet=504 latched=0
[HEAD_REBIND] member='player2' targets=21 slots=11 reboundBones=0 reboundMeshes=0 pending=6 restPose=109 quiet=504 latched=0
[HEAD_REBIND] member='player3' targets=18 slots=9 reboundBones=0 reboundMeshes=0 pending=1 restPose=111 quiet=504 latched=0
[HEAD_REBIND] member='player0' targets=18 slots=11 reboundBones=0 reboundMeshes=0 pending=2 restPose=105 quiet=505 latched=0
[HEAD_REBIND] member='player1' targets=19 slots=59 reboundBones=0 reboundMeshes=0 pending=3 restPose=111 quiet=505 latched=0
[HEAD_REBIND] member='player2' targets=21 slots=11 reboundBones=0 reboundMeshes=0 pending=6 restPose=109 quiet=505 latched=0
[HEAD_REBIND] member='player3' targets=18 slots=9 reboundBones=0 reboundMeshes=0 pending=1 restPose=111 quiet=505 latched=0
[HEAD_REBIND] member='player0' targets=18 slots=11 reboundBones=0 reboundMeshes=0 pending=2 restPose=105 quiet=506 latched=0
[HEAD_REBIND] member='player1' targets=19 slots=59 reboundBones=0 reboundMeshes=0 pending=3 restPose=111 quiet=506 latched=0
[HEAD_REBIND] member='player2' targets=21 slots=11 reboundBones=0 reboundMeshes=0 pending=6 restPose=109 quiet=506 latched=0
[HEAD_REBIND] member='player3' targets=18 slots=9 reboundBones=0 reboundMeshes=0 pending=1 restPose=111 quiet=506 latched=0
[HEAD_REBIND] member='player0' targets=18 slots=11 reboundBones=0 reboundMeshes=0 pending=2 restPose=105 quiet=507 latched=0
[HEAD_REBIND] member='player1' targets=19 slots=59 reboundBones=0 reboundMeshes=0 pending=3 restPose=111 quiet=507 latched=0
[HEAD_REBIND] member='player2' targets=21 slots=11 reboundBones=0 reboundMeshes=0 pending=6 restPose=109 quiet=507 latched=0
[HEAD_REBIND] member='player3' targets=18 slots=9 reboundBones=0 reboundMeshes=0 pending=1 restPose=111 quiet=507 latched=0
[HEAD_REBIND] member='player0' targets=18 slots=11 reboundBones=0 reboundMeshes=0 pending=2 restPose=105 quiet=508 latched=0
[HEAD_REBIND] member='player1' targets=19 slots=59 reboundBones=0 reboundMeshes=0 pending=3 restPose=111 quiet=508 latched=0
[HEAD_REBIND] member='player2' targets=21 slots=11 reboundBones=0 reboundMeshes=0 pending=6 restPose=109 quiet=508 latched=0
[HEAD_REBIND] member='player3' targets=18 slots=9 reboundBones=0 reboundMeshes=0 pending=1 restPose=111 quiet=508 latched=0
[HEAD_REBIND] member='player0' targets=18 slots=11 reboundBones=0 reboundMeshes=0 pending=2 restPose=105 quiet=509 latched=0
[HEAD_REBIND] member='player1' targets=19 slots=59 reboundBones=0 reboundMeshes=0 pending=3 restPose=111 quiet=509 latched=0
[HEAD_REBIND] member='player2' targets=21 slots=11 reboundBones=0 reboundMeshes=0 pending=6 restPose=109 quiet=509 latched=0
[HEAD_REBIND] member='player3' targets=18 slots=9 reboundBones=0 reboundMeshes=0 pending=1 restPose=111 quiet=509 latched=0
[HEAD_REBIND] member='player0' targets=18 slots=11 reboundBones=0 reboundMeshes=0 pending=2 restPose=105 quiet=510 latched=0
[HEAD_REBIND] member='player1' targets=19 slots=59 reboundBones=0 reboundMeshes=0 pending=3 restPose=111 quiet=510 latched=0
[HEAD_REBIND] member='player2' targets=21 slots=11 reboundBones=0 reboundMeshes=0 pending=6 restPose=109 quiet=510 latched=0
[HEAD_REBIND] member='player3' targets=18 slots=9 reboundBones=0 reboundMeshes=0 pending=1 restPose=111 quiet=510 latched=0
[HEAD_REBIND] member='player0' targets=18 slots=11 reboundBones=0 reboundMeshes=0 pending=2 restPose=105 quiet=511 latched=0
[HEAD_REBIND] member='player1' targets=19 slots=59 reboundBones=0 reboundMeshes=0 pending=3 restPose=111 quiet=511 latched=0
[HEAD_REBIND] member='player2' targets=21 slots=11 reboundBones=0 reboundMeshes=0 pending=6 restPose=109 quiet=511 latched=0
[HEAD_REBIND] member='player3' targets=18 slots=9 reboundBones=0 reboundMeshes=0 pending=1 restPose=111 quiet=511 latched=0
[HEAD_REBIND] member='player0' targets=18 slots=11 reboundBones=0 reboundMeshes=0 pending=2 restPose=105 quiet=512 latched=0
[HEAD_REBIND] member='player1' targets=19 slots=59 reboundBones=0 reboundMeshes=0 pending=3 restPose=111 quiet=512 latched=0
[HEAD_REBIND] member='player2' targets=21 slots=11 reboundBones=0 reboundMeshes=0 pending=6 restPose=109 quiet=512 latched=0
[HEAD_REBIND] member='player3' targets=18 slots=9 reboundBones=0 reboundMeshes=0 pending=1 restPose=111 quiet=512 latched=0
[HEAD_REBIND] member='player0' targets=18 slots=11 reboundBones=0 reboundMeshes=0 pending=2 restPose=105 quiet=513 latched=0
[HEAD_REBIND] member='player1' targets=19 slots=59 reboundBones=0 reboundMeshes=0 pending=3 restPose=111 quiet=513 latched=0
[HEAD_REBIND] member='player2' targets=21 slots=11 reboundBones=0 reboundMeshes=0 pending=6 restPose=109 quiet=513 latched=0
[HEAD_REBIND] member='player3' targets=18 slots=9 reboundBones=0 reboundMeshes=0 pending=1 restPose=111 quiet=513 latched=0
[HEAD_REBIND] member='player0' targets=18 slots=11 reboundBones=0 reboundMeshes=0 pending=2 restPose=105 quiet=514 latched=0
[HEAD_REBIND] member='player1' targets=19 slots=59 reboundBones=0 reboundMeshes=0 pending=3 restPose=111 quiet=514 latched=0
[HEAD_REBIND] member='player2' targets=21 slots=11 reboundBones=0 reboundMeshes=0 pending=6 restPose=109 quiet=514 latched=0
[HEAD_REBIND] member='player3' targets=18 slots=9 reboundBones=0 reboundMeshes=0 pending=1 restPose=111 quiet=514 latched=0
[HEAD_REBIND] member='player0' targets=18 slots=11 reboundBones=0 reboundMeshes=0 pending=2 restPose=105 quiet=515 latched=0
[HEAD_REBIND] member='player1' targets=19 slots=59 reboundBones=0 reboundMeshes=0 pending=3 restPose=111 quiet=515 latched=0
[HEAD_REBIND] member='player2' targets=21 slots=11 reboundBones=0 reboundMeshes=0 pending=6 restPose=109 quiet=515 latched=0
[HEAD_REBIND] member='player3' targets=18 slots=9 reboundBones=0 reboundMeshes=0 pending=1 restPose=111 quiet=515 latched=0
[HEAD_REBIND] member='player0' targets=18 slots=11 reboundBones=0 reboundMeshes=0 pending=2 restPose=105 quiet=516 latched=0
[HEAD_REBIND] member='player1' targets=19 slots=59 reboundBones=0 reboundMeshes=0 pending=3 restPose=111 quiet=516 latched=0
[HEAD_REBIND] member='player2' targets=21 slots=11 reboundBones=0 reboundMeshes=0 pending=6 restPose=109 quiet=516 latched=0
[HEAD_REBIND] member='player3' targets=18 slots=9 reboundBones=0 reboundMeshes=0 pending=1 restPose=111 quiet=516 latched=0
[HEAD_REBIND] member='player0' targets=18 slots=11 reboundBones=0 reboundMeshes=0 pending=2 restPose=105 quiet=517 latched=0
[HEAD_REBIND] member='player1' targets=19 slots=59 reboundBones=0 reboundMeshes=0 pending=3 restPose=111 quiet=517 latched=0
[HEAD_REBIND] member='player2' targets=21 slots=11 reboundBones=0 reboundMeshes=0 pending=6 restPose=109 quiet=517 latched=0
[HEAD_REBIND] member='player3' targets=18 slots=9 reboundBones=0 reboundMeshes=0 pending=1 restPose=111 quiet=517 latched=0
[HEAD_REBIND] member='player0' targets=18 slots=11 reboundBones=0 reboundMeshes=0 pending=2 restPose=105 quiet=518 latched=0
[HEAD_REBIND] member='player1' targets=19 slots=59 reboundBones=0 reboundMeshes=0 pending=3 restPose=111 quiet=518 latched=0
[HEAD_REBIND] member='player2' targets=21 slots=11 reboundBones=0 reboundMeshes=0 pending=6 restPose=109 quiet=518 latched=0
[HEAD_REBIND] member='player3' targets=18 slots=9 reboundBones=0 reboundMeshes=0 pending=1 restPose=111 quiet=518 latched=0
[HEAD_REBIND] member='player0' targets=18 slots=11 reboundBones=0 reboundMeshes=0 pending=2 restPose=105 quiet=519 latched=0
[HEAD_REBIND] member='player1' targets=19 slots=59 reboundBones=0 reboundMeshes=0 pending=3 restPose=111 quiet=519 latched=0
[HEAD_REBIND] member='player2' targets=21 slots=11 reboundBones=0 reboundMeshes=0 pending=6 restPose=109 quiet=519 latched=0
[HEAD_REBIND] member='player3' targets=18 slots=9 reboundBones=0 reboundMeshes=0 pending=1 restPose=111 quiet=519 latched=0
[HEAD_REBIND] member='player0' targets=18 slots=11 reboundBones=0 reboundMeshes=0 pending=2 restPose=105 quiet=520 latched=0
[HEAD_REBIND] member='player1' targets=19 slots=59 reboundBones=0 reboundMeshes=0 pending=3 restPose=111 quiet=520 latched=0
[HEAD_REBIND] member='player2' targets=21 slots=11 reboundBones=0 reboundMeshes=0 pending=6 restPose=109 quiet=520 latched=0
[HEAD_REBIND] member='player3' targets=18 slots=9 reboundBones=0 reboundMeshes=0 pending=1 restPose=111 quiet=520 latched=0
[HEAD_REBIND] member='player0' targets=18 slots=11 reboundBones=0 reboundMeshes=0 pending=2 restPose=105 quiet=521 latched=0
[HEAD_REBIND] member='player1' targets=19 slots=59 reboundBones=0 reboundMeshes=0 pending=3 restPose=111 quiet=521 latched=0
[HEAD_REBIND] member='player2' targets=21 slots=11 reboundBones=0 reboundMeshes=0 pending=6 restPose=109 quiet=521 latched=0
[HEAD_REBIND] member='player3' targets=18 slots=9 reboundBones=0 reboundMeshes=0 pending=1 restPose=111 quiet=521 latched=0
[HEAD_REBIND] member='player0' targets=18 slots=11 reboundBones=0 reboundMeshes=0 pending=2 restPose=105 quiet=522 latched=0
[HEAD_REBIND] member='player1' targets=19 slots=59 reboundBones=0 reboundMeshes=0 pending=3 restPose=111 quiet=522 latched=0
[HEAD_REBIND] member='player2' targets=21 slots=11 reboundBones=0 reboundMeshes=0 pending=6 restPose=109 quiet=522 latched=0
[HEAD_REBIND] member='player3' targets=18 slots=9 reboundBones=0 reboundMeshes=0 pending=1 restPose=111 quiet=522 latched=0
[HEAD_REBIND] member='player0' targets=18 slots=11 reboundBones=0 reboundMeshes=0 pending=2 restPose=105 quiet=523 latched=0
[HEAD_REBIND] member='player1' targets=19 slots=59 reboundBones=0 reboundMeshes=0 pending=3 restPose=111 quiet=523 latched=0
[HEAD_REBIND] member='player2' targets=21 slots=11 reboundBones=0 reboundMeshes=0 pending=6 restPose=109 quiet=523 latched=0
[HEAD_REBIND] member='player3' targets=18 slots=9 reboundBones=0 reboundMeshes=0 pending=1 restPose=111 quiet=523 latched=0
[HEAD_REBIND] member='player0' targets=18 slots=11 reboundBones=0 reboundMeshes=0 pending=2 restPose=105 quiet=524 latched=0
[HEAD_REBIND] member='player1' targets=19 slots=59 reboundBones=0 reboundMeshes=0 pending=3 restPose=111 quiet=524 latched=0
[HEAD_REBIND] member='player2' targets=21 slots=11 reboundBones=0 reboundMeshes=0 pending=6 restPose=109 quiet=524 latched=0
[HEAD_REBIND] member='player3' targets=18 slots=9 reboundBones=0 reboundMeshes=0 pending=1 restPose=111 quiet=524 latched=0
[HEAD_REBIND] member='player0' targets=18 slots=11 reboundBones=0 reboundMeshes=0 pending=2 restPose=105 quiet=525 latched=0
[HEAD_REBIND] member='player1' targets=19 slots=59 reboundBones=0 reboundMeshes=0 pending=3 restPose=111 quiet=525 latched=0
[HEAD_REBIND] member='player2' targets=21 slots=11 reboundBones=0 reboundMeshes=0 pending=6 restPose=109 quiet=525 latched=0
[HEAD_REBIND] member='player3' targets=18 slots=9 reboundBones=0 reboundMeshes=0 pending=1 restPose=111 quiet=525 latched=0
[HEAD_REBIND] member='player0' targets=18 slots=11 reboundBones=0 reboundMeshes=0 pending=2 restPose=105 quiet=526 latched=0
[HEAD_REBIND] member='player1' targets=19 slots=59 reboundBones=0 reboundMeshes=0 pending=3 restPose=111 quiet=526 latched=0
[HEAD_REBIND] member='player2' targets=21 slots=11 reboundBones=0 reboundMeshes=0 pending=6 restPose=109 quiet=526 latched=0
[HEAD_REBIND] member='player3' targets=18 slots=9 reboundBones=0 reboundMeshes=0 pending=1 restPose=111 quiet=526 latched=0
[HEAD_REBIND] member='player0' targets=18 slots=11 reboundBones=0 reboundMeshes=0 pending=2 restPose=105 quiet=527 latched=0
[HEAD_REBIND] member='player1' targets=19 slots=59 reboundBones=0 reboundMeshes=0 pending=3 restPose=111 quiet=527 latched=0
[HEAD_REBIND] member='player2' targets=21 slots=11 reboundBones=0 reboundMeshes=0 pending=6 restPose=109 quiet=527 latched=0
[HEAD_REBIND] member='player3' targets=18 slots=9 reboundBones=0 reboundMeshes=0 pending=1 restPose=111 quiet=527 latched=0
[HEAD_REBIND] member='player0' targets=18 slots=11 reboundBones=0 reboundMeshes=0 pending=2 restPose=105 quiet=528 latched=0
[HEAD_REBIND] member='player1' targets=19 slots=59 reboundBones=0 reboundMeshes=0 pending=3 restPose=111 quiet=528 latched=0
[HEAD_REBIND] member='player2' targets=21 slots=11 reboundBones=0 reboundMeshes=0 pending=6 restPose=109 quiet=528 latched=0
[HEAD_REBIND] member='player3' targets=18 slots=9 reboundBones=0 reboundMeshes=0 pending=1 restPose=111 quiet=528 latched=0
[HEAD_REBIND] member='player0' targets=18 slots=11 reboundBones=0 reboundMeshes=0 pending=2 restPose=105 quiet=529 latched=0
[HEAD_REBIND] member='player1' targets=19 slots=59 reboundBones=0 reboundMeshes=0 pending=3 restPose=111 quiet=529 latched=0
[HEAD_REBIND] member='player2' targets=21 slots=11 reboundBones=0 reboundMeshes=0 pending=6 restPose=109 quiet=529 latched=0
[HEAD_REBIND] member='player3' targets=18 slots=9 reboundBones=0 reboundMeshes=0 pending=1 restPose=111 quiet=529 latched=0
[HEAD_REBIND] member='player0' targets=18 slots=11 reboundBones=0 reboundMeshes=0 pending=2 restPose=105 quiet=530 latched=0
[HEAD_REBIND] member='player1' targets=19 slots=59 reboundBones=0 reboundMeshes=0 pending=3 restPose=111 quiet=530 latched=0
[HEAD_REBIND] member='player2' targets=21 slots=11 reboundBones=0 reboundMeshes=0 pending=6 restPose=109 quiet=530 latched=0
[HEAD_REBIND] member='player3' targets=18 slots=9 reboundBones=0 reboundMeshes=0 pending=1 restPose=111 quiet=530 latched=0
[HEAD_REBIND] member='player0' targets=18 slots=11 reboundBones=0 reboundMeshes=0 pending=2 restPose=105 quiet=531 latched=0
[HEAD_REBIND] member='player1' targets=19 slots=59 reboundBones=0 reboundMeshes=0 pending=3 restPose=111 quiet=531 latched=0
[HEAD_REBIND] member='player2' targets=21 slots=11 reboundBones=0 reboundMeshes=0 pending=6 restPose=109 quiet=531 latched=0
[HEAD_REBIND] member='player3' targets=18 slots=9 reboundBones=0 reboundMeshes=0 pending=1 restPose=111 quiet=531 latched=0
[HEAD_REBIND] member='player0' targets=18 slots=11 reboundBones=0 reboundMeshes=0 pending=2 restPose=105 quiet=532 latched=0
[HEAD_REBIND] member='player1' targets=19 slots=59 reboundBones=0 reboundMeshes=0 pending=3 restPose=111 quiet=532 latched=0
[HEAD_REBIND] member='player2' targets=21 slots=11 reboundBones=0 reboundMeshes=0 pending=6 restPose=109 quiet=532 latched=0
[HEAD_REBIND] member='player3' targets=18 slots=9 reboundBones=0 reboundMeshes=0 pending=1 restPose=111 quiet=532 latched=0
[HEAD_REBIND] member='player0' targets=18 slots=11 reboundBones=0 reboundMeshes=0 pending=2 restPose=105 quiet=533 latched=0
[HEAD_REBIND] member='player1' targets=19 slots=59 reboundBones=0 reboundMeshes=0 pending=3 restPose=111 quiet=533 latched=0
[HEAD_REBIND] member='player2' targets=21 slots=11 reboundBones=0 reboundMeshes=0 pending=6 restPose=109 quiet=533 latched=0
[HEAD_REBIND] member='player3' targets=18 slots=9 reboundBones=0 reboundMeshes=0 pending=1 restPose=111 quiet=533 latched=0
[HEAD_REBIND] member='player0' targets=18 slots=11 reboundBones=0 reboundMeshes=0 pending=2 restPose=105 quiet=534 latched=0
[HEAD_REBIND] member='player1' targets=19 slots=59 reboundBones=0 reboundMeshes=0 pending=3 restPose=111 quiet=534 latched=0
[HEAD_REBIND] member='player2' targets=21 slots=11 reboundBones=0 reboundMeshes=0 pending=6 restPose=109 quiet=534 latched=0
[HEAD_REBIND] member='player3' targets=18 slots=9 reboundBones=0 reboundMeshes=0 pending=1 restPose=111 quiet=534 latched=0
[HEAD_REBIND] member='player0' targets=18 slots=11 reboundBones=0 reboundMeshes=0 pending=2 restPose=105 quiet=535 latched=0
[HEAD_REBIND] member='player1' targets=19 slots=59 reboundBones=0 reboundMeshes=0 pending=3 restPose=111 quiet=535 latched=0
[HEAD_REBIND] member='player2' targets=21 slots=11 reboundBones=0 reboundMeshes=0 pending=6 restPose=109 quiet=535 latched=0
[HEAD_REBIND] member='player3' targets=18 slots=9 reboundBones=0 reboundMeshes=0 pending=1 restPose=111 quiet=535 latched=0
[HEAD_REBIND] member='player0' targets=18 slots=11 reboundBones=0 reboundMeshes=0 pending=2 restPose=105 quiet=536 latched=0
[HEAD_REBIND] member='player1' targets=19 slots=59 reboundBones=0 reboundMeshes=0 pending=3 restPose=111 quiet=536 latched=0
[HEAD_REBIND] member='player2' targets=21 slots=11 reboundBones=0 reboundMeshes=0 pending=6 restPose=109 quiet=536 latched=0
[HEAD_REBIND] member='player3' targets=18 slots=9 reboundBones=0 reboundMeshes=0 pending=1 restPose=111 quiet=536 latched=0
[HEAD_REBIND] member='player0' targets=18 slots=11 reboundBones=0 reboundMeshes=0 pending=2 restPose=105 quiet=537 latched=0
[HEAD_REBIND] member='player1' targets=19 slots=59 reboundBones=0 reboundMeshes=0 pending=3 restPose=111 quiet=537 latched=0
[HEAD_REBIND] member='player2' targets=21 slots=11 reboundBones=0 reboundMeshes=0 pending=6 restPose=109 quiet=537 latched=0
[HEAD_REBIND] member='player3' targets=18 slots=9 reboundBones=0 reboundMeshes=0 pending=1 restPose=111 quiet=537 latched=0
[HEAD_REBIND] member='player0' targets=18 slots=11 reboundBones=0 reboundMeshes=0 pending=2 restPose=105 quiet=538 latched=0
[HEAD_REBIND] member='player1' targets=19 slots=59 reboundBones=0 reboundMeshes=0 pending=3 restPose=111 quiet=538 latched=0
[HEAD_REBIND] member='player2' targets=21 slots=11 reboundBones=0 reboundMeshes=0 pending=6 restPose=109 quiet=538 latched=0
[HEAD_REBIND] member='player3' targets=18 slots=9 reboundBones=0 reboundMeshes=0 pending=1 restPose=111 quiet=538 latched=0
[HEAD_REBIND] member='player0' targets=18 slots=11 reboundBones=0 reboundMeshes=0 pending=2 restPose=105 quiet=539 latched=0
[HEAD_REBIND] member='player1' targets=19 slots=59 reboundBones=0 reboundMeshes=0 pending=3 restPose=111 quiet=539 latched=0
[HEAD_REBIND] member='player2' targets=21 slots=11 reboundBones=0 reboundMeshes=0 pending=6 restPose=109 quiet=539 latched=0
[HEAD_REBIND] member='player3' targets=18 slots=9 reboundBones=0 reboundMeshes=0 pending=1 restPose=111 quiet=539 latched=0
[HEAD_REBIND] member='player0' targets=18 slots=11 reboundBones=0 reboundMeshes=0 pending=2 restPose=105 quiet=540 latched=0
[HEAD_REBIND] member='player1' targets=19 slots=59 reboundBones=0 reboundMeshes=0 pending=3 restPose=111 quiet=540 latched=0
[HEAD_REBIND] member='player2' targets=21 slots=11 reboundBones=0 reboundMeshes=0 pending=6 restPose=109 quiet=540 latched=0
[HEAD_REBIND] member='player3' targets=18 slots=9 reboundBones=0 reboundMeshes=0 pending=1 restPose=111 quiet=540 latched=0
[HEAD_REBIND] member='player0' targets=18 slots=11 reboundBones=0 reboundMeshes=0 pending=2 restPose=105 quiet=541 latched=0
[HEAD_REBIND] member='player1' targets=19 slots=59 reboundBones=0 reboundMeshes=0 pending=3 restPose=111 quiet=541 latched=0
[HEAD_REBIND] member='player2' targets=21 slots=11 reboundBones=0 reboundMeshes=0 pending=6 restPose=109 quiet=541 latched=0
[HEAD_REBIND] member='player3' targets=18 slots=9 reboundBones=0 reboundMeshes=0 pending=1 restPose=111 quiet=541 latched=0
[HEAD_REBIND] member='player0' targets=18 slots=11 reboundBones=0 reboundMeshes=0 pending=2 restPose=105 quiet=542 latched=0
[HEAD_REBIND] member='player1' targets=19 slots=59 reboundBones=0 reboundMeshes=0 pending=3 restPose=111 quiet=542 latched=0
[HEAD_REBIND] member='player2' targets=21 slots=11 reboundBones=0 reboundMeshes=0 pending=6 restPose=109 quiet=542 latched=0
[HEAD_REBIND] member='player3' targets=18 slots=9 reboundBones=0 reboundMeshes=0 pending=1 restPose=111 quiet=542 latched=0
[HEAD_REBIND] member='player0' targets=18 slots=11 reboundBones=0 reboundMeshes=0 pending=2 restPose=105 quiet=543 latched=0
[HEAD_REBIND] member='player1' targets=19 slots=59 reboundBones=0 reboundMeshes=0 pending=3 restPose=111 quiet=543 latched=0
[HEAD_REBIND] member='player2' targets=21 slots=11 reboundBones=0 reboundMeshes=0 pending=6 restPose=109 quiet=543 latched=0
[HEAD_REBIND] member='player3' targets=18 slots=9 reboundBones=0 reboundMeshes=0 pending=1 restPose=111 quiet=543 latched=0
[HEAD_REBIND] member='player0' targets=18 slots=11 reboundBones=0 reboundMeshes=0 pending=2 restPose=105 quiet=544 latched=0
[HEAD_REBIND] member='player1' targets=19 slots=59 reboundBones=0 reboundMeshes=0 pending=3 restPose=111 quiet=544 latched=0
[HEAD_REBIND] member='player2' targets=21 slots=11 reboundBones=0 reboundMeshes=0 pending=6 restPose=109 quiet=544 latched=0
[HEAD_REBIND] member='player3' targets=18 slots=9 reboundBones=0 reboundMeshes=0 pending=1 restPose=111 quiet=544 latched=0
[HEAD_REBIND] member='player0' targets=18 slots=11 reboundBones=0 reboundMeshes=0 pending=2 restPose=105 quiet=545 latched=0
[HEAD_REBIND] member='player1' targets=19 slots=59 reboundBones=0 reboundMeshes=0 pending=3 restPose=111 quiet=545 latched=0
[HEAD_REBIND] member='player2' targets=21 slots=11 reboundBones=0 reboundMeshes=0 pending=6 restPose=109 quiet=545 latched=0
[HEAD_REBIND] member='player3' targets=18 slots=9 reboundBones=0 reboundMeshes=0 pending=1 restPose=111 quiet=545 latched=0
[HEAD_REBIND] member='player0' targets=18 slots=11 reboundBones=0 reboundMeshes=0 pending=2 restPose=105 quiet=546 latched=0
[HEAD_REBIND] member='player1' targets=19 slots=59 reboundBones=0 reboundMeshes=0 pending=3 restPose=111 quiet=546 latched=0
[HEAD_REBIND] member='player2' targets=21 slots=11 reboundBones=0 reboundMeshes=0 pending=6 restPose=109 quiet=546 latched=0
[HEAD_REBIND] member='player3' targets=18 slots=9 reboundBones=0 reboundMeshes=0 pending=1 restPose=111 quiet=546 latched=0
[HEAD_REBIND] member='player0' targets=18 slots=11 reboundBones=0 reboundMeshes=0 pending=2 restPose=105 quiet=547 latched=0
[HEAD_REBIND] member='player1' targets=19 slots=59 reboundBones=0 reboundMeshes=0 pending=3 restPose=111 quiet=547 latched=0
[HEAD_REBIND] member='player2' targets=21 slots=11 reboundBones=0 reboundMeshes=0 pending=6 restPose=109 quiet=547 latched=0
[HEAD_REBIND] member='player3' targets=18 slots=9 reboundBones=0 reboundMeshes=0 pending=1 restPose=111 quiet=547 latched=0
[HEAD_REBIND] member='player0' targets=18 slots=11 reboundBones=0 reboundMeshes=0 pending=2 restPose=105 quiet=548 latched=0
[HEAD_REBIND] member='player1' targets=19 slots=59 reboundBones=0 reboundMeshes=0 pending=3 restPose=111 quiet=548 latched=0
[HEAD_REBIND] member='player2' targets=21 slots=11 reboundBones=0 reboundMeshes=0 pending=6 restPose=109 quiet=548 latched=0
[HEAD_REBIND] member='player3' targets=18 slots=9 reboundBones=0 reboundMeshes=0 pending=1 restPose=111 quiet=548 latched=0
[HEAD_REBIND] member='player0' targets=18 slots=11 reboundBones=0 reboundMeshes=0 pending=2 restPose=105 quiet=549 latched=0
[HEAD_REBIND] member='player1' targets=19 slots=59 reboundBones=0 reboundMeshes=0 pending=3 restPose=111 quiet=549 latched=0
[HEAD_REBIND] member='player2' targets=21 slots=11 reboundBones=0 reboundMeshes=0 pending=6 restPose=109 quiet=549 latched=0
[HEAD_REBIND] member='player3' targets=18 slots=9 reboundBones=0 reboundMeshes=0 pending=1 restPose=111 quiet=549 latched=0
[HEAD_REBIND] member='player0' targets=18 slots=11 reboundBones=0 reboundMeshes=0 pending=2 restPose=105 quiet=550 latched=0
[HEAD_REBIND] member='player1' targets=19 slots=59 reboundBones=0 reboundMeshes=0 pending=3 restPose=111 quiet=550 latched=0
[HEAD_REBIND] member='player2' targets=21 slots=11 reboundBones=0 reboundMeshes=0 pending=6 restPose=109 quiet=550 latched=0
[HEAD_REBIND] member='player3' targets=18 slots=9 reboundBones=0 reboundMeshes=0 pending=1 restPose=111 quiet=550 latched=0
[HEAD_REBIND] member='player0' targets=18 slots=11 reboundBones=0 reboundMeshes=0 pending=2 restPose=105 quiet=551 latched=0
[HEAD_REBIND] member='player1' targets=19 slots=59 reboundBones=0 reboundMeshes=0 pending=3 restPose=111 quiet=551 latched=0
[HEAD_REBIND] member='player2' targets=21 slots=11 reboundBones=0 reboundMeshes=0 pending=6 restPose=109 quiet=551 latched=0
[HEAD_REBIND] member='player3' targets=18 slots=9 reboundBones=0 reboundMeshes=0 pending=1 restPose=111 quiet=551 latched=0
[HEAD_REBIND] member='player0' targets=18 slots=11 reboundBones=0 reboundMeshes=0 pending=2 restPose=105 quiet=552 latched=0
[HEAD_REBIND] member='player1' targets=19 slots=59 reboundBones=0 reboundMeshes=0 pending=3 restPose=111 quiet=552 latched=0
[HEAD_REBIND] member='player2' targets=21 slots=11 reboundBones=0 reboundMeshes=0 pending=6 restPose=109 quiet=552 latched=0
[HEAD_REBIND] member='player3' targets=18 slots=9 reboundBones=0 reboundMeshes=0 pending=1 restPose=111 quiet=552 latched=0
[HEAD_REBIND] member='player0' targets=18 slots=11 reboundBones=0 reboundMeshes=0 pending=2 restPose=105 quiet=553 latched=0
[HEAD_REBIND] member='player1' targets=19 slots=59 reboundBones=0 reboundMeshes=0 pending=3 restPose=111 quiet=553 latched=0
[HEAD_REBIND] member='player2' targets=21 slots=11 reboundBones=0 reboundMeshes=0 pending=6 restPose=109 quiet=553 latched=0
[HEAD_REBIND] member='player3' targets=18 slots=9 reboundBones=0 reboundMeshes=0 pending=1 restPose=111 quiet=553 latched=0
[HEAD_REBIND] member='player0' targets=18 slots=11 reboundBones=0 reboundMeshes=0 pending=2 restPose=105 quiet=554 latched=0
[HEAD_REBIND] member='player1' targets=19 slots=59 reboundBones=0 reboundMeshes=0 pending=3 restPose=111 quiet=554 latched=0
[HEAD_REBIND] member='player2' targets=21 slots=11 reboundBones=0 reboundMeshes=0 pending=6 restPose=109 quiet=554 latched=0
[HEAD_REBIND] member='player3' targets=18 slots=9 reboundBones=0 reboundMeshes=0 pending=1 restPose=111 quiet=554 latched=0
[HEAD_REBIND] member='player0' targets=18 slots=11 reboundBones=0 reboundMeshes=0 pending=2 restPose=105 quiet=555 latched=0
[HEAD_REBIND] member='player1' targets=19 slots=59 reboundBones=0 reboundMeshes=0 pending=3 restPose=111 quiet=555 latched=0
[HEAD_REBIND] member='player2' targets=21 slots=11 reboundBones=0 reboundMeshes=0 pending=6 restPose=109 quiet=555 latched=0
[HEAD_REBIND] member='player3' targets=18 slots=9 reboundBones=0 reboundMeshes=0 pending=1 restPose=111 quiet=555 latched=0
[HEAD_REBIND] member='player0' targets=18 slots=11 reboundBones=0 reboundMeshes=0 pending=2 restPose=105 quiet=556 latched=0
[HEAD_REBIND] member='player1' targets=19 slots=59 reboundBones=0 reboundMeshes=0 pending=3 restPose=111 quiet=556 latched=0
[HEAD_REBIND] member='player2' targets=21 slots=11 reboundBones=0 reboundMeshes=0 pending=6 restPose=109 quiet=556 latched=0
[HEAD_REBIND] member='player3' targets=18 slots=9 reboundBones=0 reboundMeshes=0 pending=1 restPose=111 quiet=556 latched=0
[HEAD_REBIND] member='player0' targets=18 slots=11 reboundBones=0 reboundMeshes=0 pending=2 restPose=105 quiet=557 latched=0
[HEAD_REBIND] member='player1' targets=19 slots=59 reboundBones=0 reboundMeshes=0 pending=3 restPose=111 quiet=557 latched=0
[HEAD_REBIND] member='player2' targets=21 slots=11 reboundBones=0 reboundMeshes=0 pending=6 restPose=109 quiet=557 latched=0
[HEAD_REBIND] member='player3' targets=18 slots=9 reboundBones=0 reboundMeshes=0 pending=1 restPose=111 quiet=557 latched=0
[HEAD_REBIND] member='player0' targets=18 slots=11 reboundBones=0 reboundMeshes=0 pending=2 restPose=105 quiet=558 latched=0
[HEAD_REBIND] member='player1' targets=19 slots=59 reboundBones=0 reboundMeshes=0 pending=3 restPose=111 quiet=558 latched=0
[HEAD_REBIND] member='player2' targets=21 slots=11 reboundBones=0 reboundMeshes=0 pending=6 restPose=109 quiet=558 latched=0
[HEAD_REBIND] member='player3' targets=18 slots=9 reboundBones=0 reboundMeshes=0 pending=1 restPose=111 quiet=558 latched=0
[HEAD_REBIND] member='player0' targets=18 slots=11 reboundBones=0 reboundMeshes=0 pending=2 restPose=105 quiet=559 latched=0
[HEAD_REBIND] member='player1' targets=19 slots=59 reboundBones=0 reboundMeshes=0 pending=3 restPose=111 quiet=559 latched=0
[HEAD_REBIND] member='player2' targets=21 slots=11 reboundBones=0 reboundMeshes=0 pending=6 restPose=109 quiet=559 latched=0
[HEAD_REBIND] member='player3' targets=18 slots=9 reboundBones=0 reboundMeshes=0 pending=1 restPose=111 quiet=559 latched=0
[HEAD_REBIND] member='player0' targets=18 slots=11 reboundBones=0 reboundMeshes=0 pending=2 restPose=105 quiet=560 latched=0
[HEAD_REBIND] member='player1' targets=19 slots=59 reboundBones=0 reboundMeshes=0 pending=3 restPose=111 quiet=560 latched=0
[HEAD_REBIND] member='player2' targets=21 slots=11 reboundBones=0 reboundMeshes=0 pending=6 restPose=109 quiet=560 latched=0
[HEAD_REBIND] member='player3' targets=18 slots=9 reboundBones=0 reboundMeshes=0 pending=1 restPose=111 quiet=560 latched=0
[HEAD_REBIND] member='player0' targets=18 slots=11 reboundBones=0 reboundMeshes=0 pending=2 restPose=105 quiet=561 latched=0
[HEAD_REBIND] member='player1' targets=19 slots=59 reboundBones=0 reboundMeshes=0 pending=3 restPose=111 quiet=561 latched=0
[HEAD_REBIND] member='player2' targets=21 slots=11 reboundBones=0 reboundMeshes=0 pending=6 restPose=109 quiet=561 latched=0
[HEAD_REBIND] member='player3' targets=18 slots=9 reboundBones=0 reboundMeshes=0 pending=1 restPose=111 quiet=561 latched=0
[HEAD_REBIND] member='player0' targets=18 slots=11 reboundBones=0 reboundMeshes=0 pending=2 restPose=105 quiet=562 latched=0
[HEAD_REBIND] member='player1' targets=19 slots=59 reboundBones=0 reboundMeshes=0 pending=3 restPose=111 quiet=562 latched=0
[HEAD_REBIND] member='player2' targets=21 slots=11 reboundBones=0 reboundMeshes=0 pending=6 restPose=109 quiet=562 latched=0
[HEAD_REBIND] member='player3' targets=18 slots=9 reboundBones=0 reboundMeshes=0 pending=1 restPose=111 quiet=562 latched=0
[HEAD_REBIND] member='player0' targets=18 slots=11 reboundBones=0 reboundMeshes=0 pending=2 restPose=105 quiet=563 latched=0
[HEAD_REBIND] member='player1' targets=19 slots=59 reboundBones=0 reboundMeshes=0 pending=3 restPose=111 quiet=563 latched=0
[HEAD_REBIND] member='player2' targets=21 slots=11 reboundBones=0 reboundMeshes=0 pending=6 restPose=109 quiet=563 latched=0
[HEAD_REBIND] member='player3' targets=18 slots=9 reboundBones=0 reboundMeshes=0 pending=1 restPose=111 quiet=563 latched=0
[HEAD_REBIND] member='player0' targets=18 slots=11 reboundBones=0 reboundMeshes=0 pending=2 restPose=105 quiet=564 latched=0
[HEAD_REBIND] member='player1' targets=19 slots=59 reboundBones=0 reboundMeshes=0 pending=3 restPose=111 quiet=564 latched=0
[HEAD_REBIND] member='player2' targets=21 slots=11 reboundBones=0 reboundMeshes=0 pending=6 restPose=109 quiet=564 latched=0
[HEAD_REBIND] member='player3' targets=18 slots=9 reboundBones=0 reboundMeshes=0 pending=1 restPose=111 quiet=564 latched=0
[HEAD_REBIND] member='player0' targets=18 slots=11 reboundBones=0 reboundMeshes=0 pending=2 restPose=105 quiet=565 latched=0
[HEAD_REBIND] member='player1' targets=19 slots=59 reboundBones=0 reboundMeshes=0 pending=3 restPose=111 quiet=565 latched=0
[HEAD_REBIND] member='player2' targets=21 slots=11 reboundBones=0 reboundMeshes=0 pending=6 restPose=109 quiet=565 latched=0
[HEAD_REBIND] member='player3' targets=18 slots=9 reboundBones=0 reboundMeshes=0 pending=1 restPose=111 quiet=565 latched=0
[HEAD_REBIND] member='player0' targets=18 slots=11 reboundBones=0 reboundMeshes=0 pending=2 restPose=105 quiet=566 latched=0
[HEAD_REBIND] member='player1' targets=19 slots=59 reboundBones=0 reboundMeshes=0 pending=3 restPose=111 quiet=566 latched=0
[HEAD_REBIND] member='player2' targets=21 slots=11 reboundBones=0 reboundMeshes=0 pending=6 restPose=109 quiet=566 latched=0
[HEAD_REBIND] member='player3' targets=18 slots=9 reboundBones=0 reboundMeshes=0 pending=1 restPose=111 quiet=566 latched=0
[HEAD_REBIND] member='player0' targets=18 slots=11 reboundBones=0 reboundMeshes=0 pending=2 restPose=105 quiet=567 latched=0
[HEAD_REBIND] member='player1' targets=19 slots=59 reboundBones=0 reboundMeshes=0 pending=3 restPose=111 quiet=567 latched=0
[HEAD_REBIND] member='player2' targets=21 slots=11 reboundBones=0 reboundMeshes=0 pending=6 restPose=109 quiet=567 latched=0
[HEAD_REBIND] member='player3' targets=18 slots=9 reboundBones=0 reboundMeshes=0 pending=1 restPose=111 quiet=567 latched=0
[HEAD_REBIND] member='player0' targets=18 slots=11 reboundBones=0 reboundMeshes=0 pending=2 restPose=105 quiet=568 latched=0
[HEAD_REBIND] member='player1' targets=19 slots=59 reboundBones=0 reboundMeshes=0 pending=3 restPose=111 quiet=568 latched=0
[HEAD_REBIND] member='player2' targets=21 slots=11 reboundBones=0 reboundMeshes=0 pending=6 restPose=109 quiet=568 latched=0
[HEAD_REBIND] member='player3' targets=18 slots=9 reboundBones=0 reboundMeshes=0 pending=1 restPose=111 quiet=568 latched=0
[HEAD_REBIND] member='player0' targets=18 slots=11 reboundBones=0 reboundMeshes=0 pending=2 restPose=105 quiet=569 latched=0
[HEAD_REBIND] member='player1' targets=19 slots=59 reboundBones=0 reboundMeshes=0 pending=3 restPose=111 quiet=569 latched=0
[HEAD_REBIND] member='player2' targets=21 slots=11 reboundBones=0 reboundMeshes=0 pending=6 restPose=109 quiet=569 latched=0
[HEAD_REBIND] member='player3' targets=18 slots=9 reboundBones=0 reboundMeshes=0 pending=1 restPose=111 quiet=569 latched=0
[HEAD_REBIND] member='player0' targets=18 slots=11 reboundBones=0 reboundMeshes=0 pending=2 restPose=105 quiet=570 latched=0
[HEAD_REBIND] member='player1' targets=19 slots=59 reboundBones=0 reboundMeshes=0 pending=3 restPose=111 quiet=570 latched=0
[HEAD_REBIND] member='player2' targets=21 slots=11 reboundBones=0 reboundMeshes=0 pending=6 restPose=109 quiet=570 latched=0
[HEAD_REBIND] member='player3' targets=18 slots=9 reboundBones=0 reboundMeshes=0 pending=1 restPose=111 quiet=570 latched=0
[HEAD_REBIND] member='player0' targets=18 slots=11 reboundBones=0 reboundMeshes=0 pending=2 restPose=105 quiet=571 latched=0
[HEAD_REBIND] member='player1' targets=19 slots=59 reboundBones=0 reboundMeshes=0 pending=3 restPose=111 quiet=571 latched=0
[HEAD_REBIND] member='player2' targets=21 slots=11 reboundBones=0 reboundMeshes=0 pending=6 restPose=109 quiet=571 latched=0
[HEAD_REBIND] member='player3' targets=18 slots=9 reboundBones=0 reboundMeshes=0 pending=1 restPose=111 quiet=571 latched=0
[HEAD_REBIND] member='player0' targets=18 slots=11 reboundBones=0 reboundMeshes=0 pending=2 restPose=105 quiet=572 latched=0
[HEAD_REBIND] member='player1' targets=19 slots=59 reboundBones=0 reboundMeshes=0 pending=3 restPose=111 quiet=572 latched=0
[HEAD_REBIND] member='player2' targets=21 slots=11 reboundBones=0 reboundMeshes=0 pending=6 restPose=109 quiet=572 latched=0
[HEAD_REBIND] member='player3' targets=18 slots=9 reboundBones=0 reboundMeshes=0 pending=1 restPose=111 quiet=572 latched=0
[HEAD_REBIND] member='player0' targets=18 slots=11 reboundBones=0 reboundMeshes=0 pending=2 restPose=105 quiet=573 latched=0
[HEAD_REBIND] member='player1' targets=19 slots=59 reboundBones=0 reboundMeshes=0 pending=3 restPose=111 quiet=573 latched=0
[HEAD_REBIND] member='player2' targets=21 slots=11 reboundBones=0 reboundMeshes=0 pending=6 restPose=109 quiet=573 latched=0
[HEAD_REBIND] member='player3' targets=18 slots=9 reboundBones=0 reboundMeshes=0 pending=1 restPose=111 quiet=573 latched=0
[HEAD_REBIND] member='player0' targets=18 slots=11 reboundBones=0 reboundMeshes=0 pending=2 restPose=105 quiet=574 latched=0
[HEAD_REBIND] member='player1' targets=19 slots=59 reboundBones=0 reboundMeshes=0 pending=3 restPose=111 quiet=574 latched=0
[HEAD_REBIND] member='player2' targets=21 slots=11 reboundBones=0 reboundMeshes=0 pending=6 restPose=109 quiet=574 latched=0
[HEAD_REBIND] member='player3' targets=18 slots=9 reboundBones=0 reboundMeshes=0 pending=1 restPose=111 quiet=574 latched=0
[HEAD_REBIND] member='player0' targets=18 slots=11 reboundBones=0 reboundMeshes=0 pending=2 restPose=105 quiet=575 latched=0
[HEAD_REBIND] member='player1' targets=19 slots=59 reboundBones=0 reboundMeshes=0 pending=3 restPose=111 quiet=575 latched=0
[HEAD_REBIND] member='player2' targets=21 slots=11 reboundBones=0 reboundMeshes=0 pending=6 restPose=109 quiet=575 latched=0
[HEAD_REBIND] member='player3' targets=18 slots=9 reboundBones=0 reboundMeshes=0 pending=1 restPose=111 quiet=575 latched=0
[HEAD_REBIND] member='player0' targets=18 slots=11 reboundBones=0 reboundMeshes=0 pending=2 restPose=105 quiet=576 latched=0
[HEAD_REBIND] member='player1' targets=19 slots=59 reboundBones=0 reboundMeshes=0 pending=3 restPose=111 quiet=576 latched=0
[HEAD_REBIND] member='player2' targets=21 slots=11 reboundBones=0 reboundMeshes=0 pending=6 restPose=109 quiet=576 latched=0
[HEAD_REBIND] member='player3' targets=18 slots=9 reboundBones=0 reboundMeshes=0 pending=1 restPose=111 quiet=576 latched=0
[HEAD_REBIND] member='player0' targets=18 slots=11 reboundBones=0 reboundMeshes=0 pending=2 restPose=105 quiet=577 latched=0
[HEAD_REBIND] member='player1' targets=19 slots=59 reboundBones=0 reboundMeshes=0 pending=3 restPose=111 quiet=577 latched=0
[HEAD_REBIND] member='player2' targets=21 slots=11 reboundBones=0 reboundMeshes=0 pending=6 restPose=109 quiet=577 latched=0
[HEAD_REBIND] member='player3' targets=18 slots=9 reboundBones=0 reboundMeshes=0 pending=1 restPose=111 quiet=577 latched=0
[HEAD_REBIND] member='player0' targets=18 slots=11 reboundBones=0 reboundMeshes=0 pending=2 restPose=105 quiet=578 latched=0
[HEAD_REBIND] member='player1' targets=19 slots=59 reboundBones=0 reboundMeshes=0 pending=3 restPose=111 quiet=578 latched=0
[HEAD_REBIND] member='player2' targets=21 slots=11 reboundBones=0 reboundMeshes=0 pending=6 restPose=109 quiet=578 latched=0
[HEAD_REBIND] member='player3' targets=18 slots=9 reboundBones=0 reboundMeshes=0 pending=1 restPose=111 quiet=578 latched=0
[HEAD_REBIND] member='player0' targets=18 slots=11 reboundBones=0 reboundMeshes=0 pending=2 restPose=105 quiet=579 latched=0
[HEAD_REBIND] member='player1' targets=19 slots=59 reboundBones=0 reboundMeshes=0 pending=3 restPose=111 quiet=579 latched=0
[HEAD_REBIND] member='player2' targets=21 slots=11 reboundBones=0 reboundMeshes=0 pending=6 restPose=109 quiet=579 latched=0
[HEAD_REBIND] member='player3' targets=18 slots=9 reboundBones=0 reboundMeshes=0 pending=1 restPose=111 quiet=579 latched=0
[HEAD_REBIND] member='player0' targets=18 slots=11 reboundBones=0 reboundMeshes=0 pending=2 restPose=105 quiet=580 latched=0
[HEAD_REBIND] member='player1' targets=19 slots=59 reboundBones=0 reboundMeshes=0 pending=3 restPose=111 quiet=580 latched=0
[HEAD_REBIND] member='player2' targets=21 slots=11 reboundBones=0 reboundMeshes=0 pending=6 restPose=109 quiet=580 latched=0
[HEAD_REBIND] member='player3' targets=18 slots=9 reboundBones=0 reboundMeshes=0 pending=1 restPose=111 quiet=580 latched=0
[HEAD_REBIND] member='player0' targets=18 slots=11 reboundBones=0 reboundMeshes=0 pending=2 restPose=105 quiet=581 latched=0
[HEAD_REBIND] member='player1' targets=19 slots=59 reboundBones=0 reboundMeshes=0 pending=3 restPose=111 quiet=581 latched=0
[HEAD_REBIND] member='player2' targets=21 slots=11 reboundBones=0 reboundMeshes=0 pending=6 restPose=109 quiet=581 latched=0
[HEAD_REBIND] member='player3' targets=18 slots=9 reboundBones=0 reboundMeshes=0 pending=1 restPose=111 quiet=581 latched=0
[HEAD_REBIND] member='player0' targets=18 slots=11 reboundBones=0 reboundMeshes=0 pending=2 restPose=105 quiet=582 latched=0
[HEAD_REBIND] member='player1' targets=19 slots=59 reboundBones=0 reboundMeshes=0 pending=3 restPose=111 quiet=582 latched=0
[HEAD_REBIND] member='player2' targets=21 slots=11 reboundBones=0 reboundMeshes=0 pending=6 restPose=109 quiet=582 latched=0
[HEAD_REBIND] member='player3' targets=18 slots=9 reboundBones=0 reboundMeshes=0 pending=1 restPose=111 quiet=582 latched=0
[HEAD_REBIND] member='player0' targets=18 slots=11 reboundBones=0 reboundMeshes=0 pending=2 restPose=105 quiet=583 latched=0
[HEAD_REBIND] member='player1' targets=19 slots=59 reboundBones=0 reboundMeshes=0 pending=3 restPose=111 quiet=583 latched=0
[HEAD_REBIND] member='player2' targets=21 slots=11 reboundBones=0 reboundMeshes=0 pending=6 restPose=109 quiet=583 latched=0
[HEAD_REBIND] member='player3' targets=18 slots=9 reboundBones=0 reboundMeshes=0 pending=1 restPose=111 quiet=583 latched=0
[HEAD_REBIND] member='player0' targets=18 slots=11 reboundBones=0 reboundMeshes=0 pending=2 restPose=105 quiet=584 latched=0
[HEAD_REBIND] member='player1' targets=19 slots=59 reboundBones=0 reboundMeshes=0 pending=3 restPose=111 quiet=584 latched=0
[HEAD_REBIND] member='player2' targets=21 slots=11 reboundBones=0 reboundMeshes=0 pending=6 restPose=109 quiet=584 latched=0
[HEAD_REBIND] member='player3' targets=18 slots=9 reboundBones=0 reboundMeshes=0 pending=1 restPose=111 quiet=584 latched=0
[HEAD_REBIND] member='player0' targets=18 slots=11 reboundBones=0 reboundMeshes=0 pending=2 restPose=105 quiet=585 latched=0
[HEAD_REBIND] member='player1' targets=19 slots=59 reboundBones=0 reboundMeshes=0 pending=3 restPose=111 quiet=585 latched=0
[HEAD_REBIND] member='player2' targets=21 slots=11 reboundBones=0 reboundMeshes=0 pending=6 restPose=109 quiet=585 latched=0
[HEAD_REBIND] member='player3' targets=18 slots=9 reboundBones=0 reboundMeshes=0 pending=1 restPose=111 quiet=585 latched=0
[HEAD_REBIND] member='player0' targets=18 slots=11 reboundBones=0 reboundMeshes=0 pending=2 restPose=105 quiet=586 latched=0
[HEAD_REBIND] member='player1' targets=19 slots=59 reboundBones=0 reboundMeshes=0 pending=3 restPose=111 quiet=586 latched=0
[HEAD_REBIND] member='player2' targets=21 slots=11 reboundBones=0 reboundMeshes=0 pending=6 restPose=109 quiet=586 latched=0
[HEAD_REBIND] member='player3' targets=18 slots=9 reboundBones=0 reboundMeshes=0 pending=1 restPose=111 quiet=586 latched=0
[HEAD_REBIND] member='player0' targets=18 slots=11 reboundBones=0 reboundMeshes=0 pending=2 restPose=105 quiet=587 latched=0
[HEAD_REBIND] member='player1' targets=19 slots=59 reboundBones=0 reboundMeshes=0 pending=3 restPose=111 quiet=587 latched=0
[HEAD_REBIND] member='player2' targets=21 slots=11 reboundBones=0 reboundMeshes=0 pending=6 restPose=109 quiet=587 latched=0
[HEAD_REBIND] member='player3' targets=18 slots=9 reboundBones=0 reboundMeshes=0 pending=1 restPose=111 quiet=587 latched=0
[HEAD_REBIND] member='player0' targets=18 slots=11 reboundBones=0 reboundMeshes=0 pending=2 restPose=105 quiet=588 latched=0
[HEAD_REBIND] member='player1' targets=19 slots=59 reboundBones=0 reboundMeshes=0 pending=3 restPose=111 quiet=588 latched=0
[HEAD_REBIND] member='player2' targets=21 slots=11 reboundBones=0 reboundMeshes=0 pending=6 restPose=109 quiet=588 latched=0
[HEAD_REBIND] member='player3' targets=18 slots=9 reboundBones=0 reboundMeshes=0 pending=1 restPose=111 quiet=588 latched=0
[HEAD_REBIND] member='player0' targets=18 slots=11 reboundBones=0 reboundMeshes=0 pending=2 restPose=105 quiet=589 latched=0
[HEAD_REBIND] member='player1' targets=19 slots=59 reboundBones=0 reboundMeshes=0 pending=3 restPose=111 quiet=589 latched=0
[HEAD_REBIND] member='player2' targets=21 slots=11 reboundBones=0 reboundMeshes=0 pending=6 restPose=109 quiet=589 latched=0
[HEAD_REBIND] member='player3' targets=18 slots=9 reboundBones=0 reboundMeshes=0 pending=1 restPose=111 quiet=589 latched=0
[HEAD_REBIND] member='player0' targets=18 slots=11 reboundBones=0 reboundMeshes=0 pending=2 restPose=105 quiet=590 latched=0
[HEAD_REBIND] member='player1' targets=19 slots=59 reboundBones=0 reboundMeshes=0 pending=3 restPose=111 quiet=590 latched=0
[HEAD_REBIND] member='player2' targets=21 slots=11 reboundBones=0 reboundMeshes=0 pending=6 restPose=109 quiet=590 latched=0
[HEAD_REBIND] member='player3' targets=18 slots=9 reboundBones=0 reboundMeshes=0 pending=1 restPose=111 quiet=590 latched=0
[HEAD_REBIND] member='player0' targets=18 slots=11 reboundBones=0 reboundMeshes=0 pending=2 restPose=105 quiet=591 latched=0
[HEAD_REBIND] member='player1' targets=19 slots=59 reboundBones=0 reboundMeshes=0 pending=3 restPose=111 quiet=591 latched=0
[HEAD_REBIND] member='player2' targets=21 slots=11 reboundBones=0 reboundMeshes=0 pending=6 restPose=109 quiet=591 latched=0
[HEAD_REBIND] member='player3' targets=18 slots=9 reboundBones=0 reboundMeshes=0 pending=1 restPose=111 quiet=591 latched=0
[HEAD_REBIND] member='player0' targets=18 slots=11 reboundBones=0 reboundMeshes=0 pending=2 restPose=105 quiet=592 latched=0
[HEAD_REBIND] member='player1' targets=19 slots=59 reboundBones=0 reboundMeshes=0 pending=3 restPose=111 quiet=592 latched=0
[HEAD_REBIND] member='player2' targets=21 slots=11 reboundBones=0 reboundMeshes=0 pending=6 restPose=109 quiet=592 latched=0
[HEAD_REBIND] member='player3' targets=18 slots=9 reboundBones=0 reboundMeshes=0 pending=1 restPose=111 quiet=592 latched=0
[HEAD_REBIND] member='player0' targets=18 slots=11 reboundBones=0 reboundMeshes=0 pending=2 restPose=105 quiet=593 latched=0
[HEAD_REBIND] member='player1' targets=19 slots=59 reboundBones=0 reboundMeshes=0 pending=3 restPose=111 quiet=593 latched=0
[HEAD_REBIND] member='player2' targets=21 slots=11 reboundBones=0 reboundMeshes=0 pending=6 restPose=109 quiet=593 latched=0
[HEAD_REBIND] member='player3' targets=18 slots=9 reboundBones=0 reboundMeshes=0 pending=1 restPose=111 quiet=593 latched=0
[HEAD_REBIND] member='player0' targets=18 slots=11 reboundBones=0 reboundMeshes=0 pending=2 restPose=105 quiet=594 latched=0
[HEAD_REBIND] member='player1' targets=19 slots=59 reboundBones=0 reboundMeshes=0 pending=3 restPose=111 quiet=594 latched=0
[HEAD_REBIND] member='player2' targets=21 slots=11 reboundBones=0 reboundMeshes=0 pending=6 restPose=109 quiet=594 latched=0
[HEAD_REBIND] member='player3' targets=18 slots=9 reboundBones=0 reboundMeshes=0 pending=1 restPose=111 quiet=594 latched=0
[HEAD_REBIND] member='player0' targets=18 slots=11 reboundBones=0 reboundMeshes=0 pending=2 restPose=105 quiet=595 latched=0
[HEAD_REBIND] member='player1' targets=19 slots=59 reboundBones=0 reboundMeshes=0 pending=3 restPose=111 quiet=595 latched=0
[HEAD_REBIND] member='player2' targets=21 slots=11 reboundBones=0 reboundMeshes=0 pending=6 restPose=109 quiet=595 latched=0
[HEAD_REBIND] member='player3' targets=18 slots=9 reboundBones=0 reboundMeshes=0 pending=1 restPose=111 quiet=595 latched=0
[HEAD_REBIND] member='player0' targets=18 slots=11 reboundBones=0 reboundMeshes=0 pending=2 restPose=105 quiet=596 latched=0
[HEAD_REBIND] member='player1' targets=19 slots=59 reboundBones=0 reboundMeshes=0 pending=3 restPose=111 quiet=596 latched=0
[HEAD_REBIND] member='player2' targets=21 slots=11 reboundBones=0 reboundMeshes=0 pending=6 restPose=109 quiet=596 latched=0
[HEAD_REBIND] member='player3' targets=18 slots=9 reboundBones=0 reboundMeshes=0 pending=1 restPose=111 quiet=596 latched=0
[HEAD_REBIND] member='player0' targets=18 slots=11 reboundBones=0 reboundMeshes=0 pending=2 restPose=105 quiet=597 latched=0
[HEAD_REBIND] member='player1' targets=19 slots=59 reboundBones=0 reboundMeshes=0 pending=3 restPose=111 quiet=597 latched=0
[HEAD_REBIND] member='player2' targets=21 slots=11 reboundBones=0 reboundMeshes=0 pending=6 restPose=109 quiet=597 latched=0
[HEAD_REBIND] member='player3' targets=18 slots=9 reboundBones=0 reboundMeshes=0 pending=1 restPose=111 quiet=597 latched=0
[HEAD_REBIND] member='player0' targets=18 slots=11 reboundBones=0 reboundMeshes=0 pending=2 restPose=105 quiet=598 latched=0
[HEAD_REBIND] member='player1' targets=19 slots=59 reboundBones=0 reboundMeshes=0 pending=3 restPose=111 quiet=598 latched=0
[HEAD_REBIND] member='player2' targets=21 slots=11 reboundBones=0 reboundMeshes=0 pending=6 restPose=109 quiet=598 latched=0
[HEAD_REBIND] member='player3' targets=18 slots=9 reboundBones=0 reboundMeshes=0 pending=1 restPose=111 quiet=598 latched=0
[HEAD_REBIND] member='player0' targets=18 slots=11 reboundBones=0 reboundMeshes=0 pending=2 restPose=105 quiet=599 latched=0
[HEAD_REBIND] member='player1' targets=19 slots=59 reboundBones=0 reboundMeshes=0 pending=3 restPose=111 quiet=599 latched=0
[HEAD_REBIND] member='player2' targets=21 slots=11 reboundBones=0 reboundMeshes=0 pending=6 restPose=109 quiet=599 latched=0
[HEAD_REBIND] member='player3' targets=18 slots=9 reboundBones=0 reboundMeshes=0 pending=1 restPose=111 quiet=599 latched=0
[HEAD_REBIND] member='player0' targets=18 slots=11 reboundBones=0 reboundMeshes=0 pending=2 restPose=105 quiet=600 latched=1
[HEAD_REBIND] member='player1' targets=19 slots=59 reboundBones=0 reboundMeshes=0 pending=3 restPose=111 quiet=600 latched=1
[HEAD_REBIND] member='player2' targets=21 slots=11 reboundBones=0 reboundMeshes=0 pending=6 restPose=109 quiet=600 latched=1
[HEAD_REBIND] member='player3' targets=18 slots=9 reboundBones=0 reboundMeshes=0 pending=1 restPose=111 quiet=600 latched=1
