# R2 PaletteFrame v1
mesh escapeartist_resource.mesh
owner escapeartist_resource.mesh
owner_ptr 0x559858fcf000
frame 114
dump_index 4
nb 20
arm good-body
rebound 1
tier1 0.4297835 0 0 1 0
# bone idx name parent  off(mx.x..mz.z,v)  world(mx.x..mz.z,v)  palette[16]
bone 0 bone_L-deltoid.mesh -1 0.2826356 -0.9259349 0.2505244 0.003475222 -0.2601834 -0.9655536 0.9592209 0.2737704 -0.070319 -52.04662 -16.26878 9.22848 -0.01439512 -0.2119627 0.9771716 0.848173 0.5149537 0.1241955 -0.5295233 0.8305985 0.1723683 51.12617 101.2347 51.01138 -0.92208 -0.3286366 0.204369 0 0.2905525 -0.9367064 -0.1953485 0 0.2556321 -0.1207468 0.9592037 0 33.18995 111.5542 -0.2769165 1
bone 1 bone_R-deltoid.mesh -1 -0.2827421 0.9258912 0.250566 0.003283442 -0.2602888 0.9655255 0.95919 0.2738176 0.07055456 -52.04372 -16.27076 -9.241221 0.4109347 -0.1490884 0.8993913 -0.9100384 -0.008186914 0.4144426 -0.05442507 -0.9887898 -0.1390406 45.73797 99.94299 51.37291 -0.9724221 -0.2131837 0.09459414 0 0.1856733 -0.9530603 -0.2391689 0 0.14114 -0.2150095 0.9663589 0 39.66137 116.9729 -0.8931427 1
bone 2 bone_R-collar.mesh -1 -0.1007649 0.9899543 0.09918912 -0.06241281 -0.1057896 0.9924285 0.9929504 0.0938115 0.0724457 -58.06459 -6.07854 -6.385589 0.2268103 -0.1335408 0.9647402 -0.9690824 -0.1297376 0.209873 0.09713672 -0.9825147 -0.1588379 47.394 102.5511 55.5785 -0.9725669 -0.2124328 0.09479778 0 0.1847642 -0.953016 -0.2400498 0 0.1413375 -0.2159492 0.9661205 0 39.49469 117.3677 -0.7001953 1
bone 3 bone_R-thigh.mesh 4 0.001275156 0.002399826 0.9999962 0.03374797 0.9994274 -0.002441495 -0.9994294 0.03375095 0.001193437 37.49063 -2.90494 -3.651187 -0.02680729 0.120105 -0.9923996 -0.1461662 -0.9825573 -0.1149655 -0.9888972 0.1419733 0.04389516 42.87063 106.6732 34.85347 -0.9892784 0.1397679 0.04235363 0 -0.1445728 -0.9782881 -0.1484983 0 0.02067856 -0.1530292 0.9880056 0 45.90086 113.5119 -2.178513 1
bone 4 bone_pelvis.mesh -1 -8.642671e-05 -0.000690548 -0.9999996 -2.987949e-08 0.9999997 -0.000690548 0.9999999 -2.98795e-08 -8.642672e-05 -37.57133 -1.626635 0.004370438 0.02515531 -0.07230183 0.9970656 0.008674636 -0.997328 -0.07253972 0.999646 0.01047395 -0.02446108 46.47969 106.711 34.76516 -0.9996538 -0.009778992 0.02442499 0 0.007984329 -0.9973349 -0.07252283 0 0.02506891 -0.0723027 0.9970676 0 45.52483 111.0498 -2.578033 1
bone 5 bone_L-thigh.mesh 4 -0.001149009 -0.003785963 0.9999921 0.03374629 0.9994231 0.003822583 -0.9994296 0.03375041 -0.001020584 37.49063 -2.904913 3.642446 0.02072225 -0.6427129 -0.7658269 0.02567002 -0.765397 0.6430465 -0.9994557 -0.03298417 0.0006378908 50.08876 106.7488 34.67685 -0.9995688 -0.02934766 -0.0009167224 0 0.02253401 -0.7867707 0.6168342 0 -0.01882403 0.6165475 0.7870925 0 47.15062 84.75636 4.099836 1
bone 6 bone_spine1.mesh 4 -2.100808e-05 4.119385e-05 -1 -0.01348899 0.999909 4.14736e-05 0.9999089 0.01348899 -2.045052e-05 -41.7119 -2.149809 0.0004558501 0.03720535 -0.1042301 0.9938571 0.05291743 -0.992945 -0.1061154 0.9979056 0.05654043 -0.03142745 46.58414 106.4494 38.92159 -0.9979042 -0.05657915 0.0314022 0 0.05245214 -0.9914464 -0.1195132 0 0.03789535 -0.1176156 0.9923358 0 44.91893 112.9317 -2.305973 1
bone 7 bone_R-shoulderTwist3.mesh -1 0.9056281 -0.06170802 -0.4195591 -0.04262751 -0.9975917 0.0547116 -0.4219246 -0.03166361 -0.9060775 19.23559 1.435649 54.88237 -0.9474892 -0.05358973 -0.315266 -0.1249258 0.9695487 0.2106412 0.2943772 0.238965 -0.9253313 41.90636 104.5992 55.7614 -0.9738726 -0.2086212 0.08971921 0 0.1811199 -0.9518552 -0.2473212 0 0.136996 -0.2246094 0.9647707 0 39.65762 118.0752 -0.7848892 1
bone 8 bone_R-upperArm.mesh -1 0.7296175 -0.07716627 -0.6794879 -0.06839412 -0.9968653 0.03976942 -0.6804264 0.01745648 -0.7326079 33.67656 -1.247418 47.20351 -0.4877514 -0.1179094 -0.8649835 -0.4714061 0.8695301 0.1472898 0.7347619 0.4795992 -0.4796975 40.17587 104.389 55.57343 -0.8187571 -0.4790091 -0.3165243 0 0.5325088 -0.8396667 -0.1067456 0 -0.2146425 -0.2559506 0.942559 0 59.02146 121.9724 3.616615 1
bone 9 bone_spine3.mesh 10 -0.0004727508 9.584546e-05 -1 -0.0727575 0.9973497 0.0001299878 0.9973493 0.07275754 -0.0004645244 -51.10374 -4.95397 0.02274421 0.1028559 -0.1519888 0.9830158 0.2187345 -0.960611 -0.1714116 0.9703483 0.2326502 -0.06555952 47.09544 105.4005 48.45031 -0.970376 -0.2326704 0.06507837 0 0.2107974 -0.9469766 -0.2424876 0 0.1180471 -0.2215858 0.9679691 0 40.77758 117.9318 -0.9378014 1
bone 10 bone_spine2.mesh 6 -0.000100856 0.0007710195 -0.9999998 -0.05972432 0.9982147 0.0007756669 0.9982148 0.05972438 -5.462731e-05 -46.08582 -4.286051 0.0009161572 0.06754819 -0.1137166 0.9912143 0.1365625 -0.9830795 -0.1220896 0.9883258 0.1436096 -0.05087601 46.75241 105.978 43.41665 -0.9882271 -0.1443561 0.05068189 0 0.133051 -0.9744214 -0.1811107 0 0.07552972 -0.1722352 0.9821559 0 43.05499 115.4323 -1.741043 1
bone 11 bone_R-shoulderTwist4.mesh -1 0.8278916 -0.07134499 -0.5563321 -0.05489678 -0.9974217 0.04621787 -0.5581947 -0.007722585 -0.8296736 26.74478 0.1507723 51.5564 -0.8926746 0.004913881 -0.4506755 -0.11223 0.9660199 0.2328321 0.4365052 0.2584225 -0.8617896 41.04428 104.4748 55.66399 -0.9738726 -0.2086212 0.0897193 0 0.1811199 -0.9518552 -0.2473212 0 0.1369961 -0.2246094 0.9647707 0 39.65762 118.0752 -0.7848854 1
bone 12 bone_R-shoulderTwist2.mesh -1 0.9609396 -0.04837748 -0.2724971 -0.03178341 -0.9973796 0.06498716 -0.2749267 -0.05378786 -0.959959 11.25518 2.663177 57.12094 -0.9792534 -0.108468 -0.1711661 -0.1409006 0.9715351 0.1904399 0.1456371 0.2106062 -0.9666619 42.73561 104.6786 55.85109 -0.9738726 -0.2086212 0.0897193 0 0.1811199 -0.9518551 -0.2473212 0 0.136996 -0.2246094 0.9647706 0 39.65762 118.0752 -0.7848816 1
bone 13 bone_L-upperArm.mesh -1 -0.7293827 0.07842055 -0.6795963 -0.06931408 -0.9967672 -0.04062789 -0.6805849 0.01747228 0.7324603 33.67616 -1.236276 -47.19694 0.3260266 0.3607724 -0.8738135 0.001095623 0.9241729 0.3819731 0.9453598 -0.1254908 0.3009095 54.11582 108.3285 53.56966 -0.8801752 -0.1053839 0.4628019 0 -0.06209829 -0.9410934 -0.332396 0 0.4705689 -0.3213059 0.8217825 0 20.4757 125.2582 9.468739 1
bone 14 bone_L-shoulderTwist2.mesh -1 -0.9607248 0.04856431 -0.2732201 -0.03189619 -0.9973673 -0.06512333 -0.2756632 -0.05385092 0.9597444 11.25073 2.594041 -56.87377 0.7922313 0.4084347 -0.4533769 -0.3421636 0.9125113 0.2241591 0.5052657 -0.02245677 0.8626715 51.87836 107.3426 54.38944 -0.915782 -0.3419423 0.2107574 0 0.283089 -0.921674 -0.265288 0 0.2849628 -0.1832827 0.9408523 0 31.16759 115.5821 0.8067169 1
bone 15 bone_L-shoulderTwist3.mesh -1 -0.9053574 0.06223027 -0.4200661 -0.04302065 -0.9975557 -0.05506066 -0.4224654 -0.03177807 0.9058214 19.17015 1.414887 -54.72964 0.6965443 0.4266617 -0.5768759 -0.3484421 0.9039665 0.2478566 0.6272272 0.02836476 0.7783195 52.63566 107.6763 54.11197 -0.915782 -0.3419423 0.2107574 0 0.283089 -0.9216739 -0.2652879 0 0.2849627 -0.1832827 0.9408522 0 31.16759 115.5821 0.8067131 1
bone 16 bone_L-shoulderTwist4.mesh -1 -0.8276051 0.07227266 -0.5566384 -0.05559509 -0.9973541 -0.04683593 -0.5585503 -0.007815304 0.8294334 26.718 0.1297272 -51.47253 0.5830016 0.4366066 -0.685189 -0.3507532 0.8959549 0.2724651 0.7328583 0.08148471 0.6754841 53.35853 107.9948 53.84712 -0.915782 -0.3419423 0.2107573 0 0.283089 -0.9216739 -0.2652879 0 0.2849627 -0.1832827 0.9408522 0 31.16759 115.5821 0.8067169 1
bone 17 bone_head.mesh -1 -0.0001330697 -0.0006709647 -0.9999996 -5.290562e-05 1 -0.0006709759 1 5.280424e-05 -0.0001331072 -65.40787 -0.2680328 0.001448936 0.0959262 0.1160134 0.9886043 0.7392594 -0.6733813 0.007289734 0.6665537 0.7301361 -0.1503591 49.25717 103.6809 62.31445 -0.6670622 -0.7296995 0.1502226 0 0.7388071 -0.6738774 0.007338319 0 0.09587652 0.1158807 0.9886248 0 42.78566 96.27425 -2.35022 1
bone 18 bone_neck.mesh 9 -0.0003732378 0.0001194798 -1 0.2691662 0.9630938 1.460741e-05 0.9630935 -0.2691661 -0.0003916229 -59.2564 17.19208 0.01817604 0.3640121 -0.3357302 0.868781 0.4265535 -0.7691138 -0.4759374 0.8279777 0.5438286 -0.13676 47.93844 104.8375 58.92999 -0.8280626 -0.5437952 0.1363789 0 0.508803 -0.831088 -0.2245279 0 0.2354397 -0.1165331 0.9648771 0 33.71678 111.5189 -0.7356911 1
bone 19 bone_L-collar.mesh -1 0.1007016 -0.9899698 0.09909298 -0.06233567 -0.1056817 -0.9924447 0.9929622 0.09376381 -0.07235268 -58.06536 -6.076946 6.380241 0.1547621 -0.1337316 0.9788584 0.9066421 0.4128447 -0.08694175 -0.3924898 0.9009302 0.1851395 49.0178 102.9404 55.46953 -0.9208565 -0.3328949 0.2029883 0 0.2840617 -0.9294173 -0.2355704 0 0.2670808 -0.1592652 0.950422 0 32.01769 113.9449 0.3413315 1
# vert  pos.x pos.y pos.z  idx0 idx1 idx2 idx3  w0 w1 w2 w3
nv 3478
v 1.673705 -1.784191 41.54052 6 4 4 6 0.7417258 0.2226291 0.0311284 0.004501412
v 2.705493 -1.500559 41.54081 6 4 4 3 0.45449 0.3858549 0.1560845 0.003555352
v 2.740742 -1.434488 41.81386 6 4 4 6 0.7309987 0.2108339 0.05487144 0.00328069
v 3.574898 -0.9795184 41.54225 6 4 4 3 0.4386206 0.3997864 0.1591363 0.002441444
v 3.610597 -0.8998286 41.82397 6 4 4 6 0.5736782 0.3511254 0.06752117 0.00764477
v 4.337121 -0.2036652 41.54035 6 4 6 4 0.001525902 0.09777981 0.3450218 0.5556267
v 4.38026 -0.1148062 41.80849 6 4 6 4 0.00624094 0.06625468 0.4551766 0.4723125
v 1.673705 -1.784191 41.54052 6 4 4 6 0.7417258 0.2226291 0.0311284 0.004501412
v -0.05576563 1.759822 44.09229 10 6 10 10 0.4086366 0.5913481 0 0
v 2.705493 -1.500559 41.54081 6 4 4 3 0.45449 0.3858549 0.1560845 0.003555352
v 3.574898 -0.9795184 41.54225 6 4 4 3 0.4386206 0.3997864 0.1591363 0.002441444
v 4.337121 -0.2036652 41.54035 6 4 6 4 0.001525902 0.09777981 0.3450218 0.5556267
v -3.794364 -0.8998251 41.82396 6 4 4 6 0.649546 0.3231403 0.01527428 0.01199359
v -3.760444 -0.9795183 41.54225 6 4 4 5 0.439704 0.3994202 0.1584192 0.002426184
v -2.891038 -1.500558 41.54082 6 4 4 6 0.6152132 0.2850843 0.09771878 0.001968414
v -4.564132 -0.114803 41.80849 6 4 6 4 0.0212253 0.05029374 0.4406348 0.4878309
v -4.522665 -0.2036645 41.54035 6 4 6 4 0.001541161 0.09777981 0.345037 0.5556115
v -3.760444 -0.9795183 41.54225 6 4 4 5 0.439704 0.3994202 0.1584192 0.002426184
v -2.891038 -1.500558 41.54082 6 4 4 6 0.6152132 0.2850843 0.09771878 0.001968414
v -4.522665 -0.2036645 41.54035 6 4 6 4 0.001541161 0.09777981 0.345037 0.5556115
v 4.492601 4.260548 44.15862 6 6 4 4 0.893492 0.04042115 0.03575189 0.03030442
v 4.29879 4.21315 44.15862 6 6 4 4 0.8934615 0.04045167 0.03575189 0.03030442
v 4.398513 3.851906 44.1935 6 6 4 4 0.893492 0.04042115 0.03575189 0.03030442
v 4.781049 4.024107 44.18798 6 6 4 4 0.8935073 0.04042115 0.03575189 0.03028916
v 4.695738 3.664587 43.50138 6 4 6 4 0.886595 0.04240482 0.03791867 0.03305104
v 4.516366 3.584682 43.5065 6 4 6 4 0.8856031 0.04336614 0.03755245 0.03344778
v 4.379113 3.948367 43.46665 6 6 4 4 0.893492 0.04042115 0.03030442 0.03575189
v 4.762294 4.113669 43.46113 6 6 4 4 0.893492 0.04042115 0.03030442 0.03575189
v 4.695738 3.664587 43.50138 6 4 6 4 0.886595 0.04240482 0.03791867 0.03305104
v 4.762294 4.113669 43.46113 6 6 4 4 0.893492 0.04042115 0.03030442 0.03575189
v 4.781049 4.024107 44.18798 6 6 4 4 0.8935073 0.04042115 0.03575189 0.03028916
v 4.725849 3.579204 44.22668 6 6 4 4 0.8942092 0.04042115 0.03537041 0.02998398
v 4.546368 3.500077 44.2318 6 6 4 4 0.8955062 0.04039063 0.03468376 0.02938888
v 4.725849 3.579204 44.22668 6 6 4 4 0.8942092 0.04042115 0.03537041 0.02998398
v 4.487274 4.361724 43.43041 6 6 4 4 0.893492 0.04043641 0.03575189 0.03030442
v 4.293211 4.318305 43.43041 6 6 4 4 0.893492 0.04042115 0.03575189 0.03030442
v 4.29879 4.21315 44.15862 6 6 4 4 0.8934615 0.04045167 0.03575189 0.03030442
v 4.492601 4.260548 44.15862 6 6 4 4 0.893492 0.04042115 0.03575189 0.03030442
v 4.293211 4.318305 43.43041 6 6 4 4 0.893492 0.04042115 0.03575189 0.03030442
v 4.487274 4.361724 43.43041 6 6 4 4 0.893492 0.04043641 0.03575189 0.03030442
v 4.398513 3.851906 44.1935 6 6 4 4 0.893492 0.04042115 0.03575189 0.03030442
v 4.379113 3.948367 43.46665 6 6 4 4 0.893492 0.04042115 0.03030442 0.03575189
v -4.533303 4.358735 44.15863 6 6 4 4 0.8934768 0.04043641 0.03575189 0.03030442
v -4.78195 4.137159 44.18798 6 6 4 4 0.893492 0.04042115 0.03575189 0.03030442
v -4.399871 3.96443 44.1935 6 6 4 4 0.893492 0.04042115 0.03575189 0.03030442
v -4.352776 4.274433 44.15863 6 6 4 4 0.8934463 0.04048219 0.03575189 0.03030442
v -4.790233 3.907658 43.50138 6 6 4 4 0.04042115 0.893492 0.03030442 0.03576715
v -4.779003 4.23375 43.46113 6 6 4 4 0.04042115 0.893492 0.03030442 0.03575189
v -4.397198 4.066564 43.46665 6 6 4 4 0.04042115 0.893492 0.03030442 0.03575189
v -4.610842 3.833027 43.50649 6 6 4 4 0.04040589 0.8934615 0.03030442 0.03578241
v -4.78195 4.137159 44.18798 6 6 4 4 0.893492 0.04042115 0.03575189 0.03030442
v -4.779003 4.23375 43.46113 6 6 4 4 0.04042115 0.893492 0.03030442 0.03575189
v -4.790233 3.907658 43.50138 6 6 4 4 0.04042115 0.893492 0.03030442 0.03576715
v -4.806573 3.820087 44.22669 6 6 4 4 0.8941024 0.04042115 0.03543145 0.03002976
v -4.806573 3.820087 44.22669 6 6 4 4 0.8941024 0.04042115 0.03543145 0.03002976
v -4.62707 3.742306 44.2318 6 6 4 4 0.8936751 0.04042115 0.03566033 0.03021286
v -4.543584 4.463854 43.4304 6 6 4 4 0.893492 0.04042115 0.03575189 0.03030442
v -4.533303 4.358735 44.15863 6 6 4 4 0.8934768 0.04043641 0.03575189 0.03030442
v -4.352776 4.274433 44.15863 6 6 4 4 0.8934463 0.04048219 0.03575189 0.03030442
v -4.363208 4.382265 43.4304 6 6 4 4 0.893492 0.04042115 0.03575189 0.03030442
v -4.543584 4.463854 43.4304 6 6 4 4 0.893492 0.04042115 0.03575189 0.03030442
v -4.363208 4.382265 43.4304 6 6 4 4 0.893492 0.04042115 0.03575189 0.03030442
v -4.397198 4.066564 43.46665 6 6 4 4 0.04042115 0.893492 0.03030442 0.03575189
v -4.399871 3.96443 44.1935 6 6 4 4 0.893492 0.04042115 0.03575189 0.03030442
v 3.047996 5.474351 43.88862 6 6 4 6 0.4991837 0.2302739 0.1491722 0.1213397
v 3.191533 5.183277 43.88863 6 6 4 6 0.4161135 0.323827 0.2097658 0.05026322
v 3.177749 5.409904 42.49913 4 6 6 4 0.433463 0.2771038 0.2504158 0.0389868
v 3.033005 5.741755 42.26 4 6 6 4 0.4352636 0.2765393 0.2488441 0.0393225
v 3.533736 5.199244 42.05675 6 6 4 4 0.2765545 0.2488289 0.4352636 0.0393225
v 3.373749 5.075161 42.29143 4 6 6 4 0.4352636 0.2765545 0.2488289 0.0393225
v 2.805284 5.502297 42.26001 4 6 6 4 0.4357519 0.2724498 0.2530251 0.03874266
v 2.653747 5.808288 42.02076 6 4 4 6 0.3251697 0.2865339 0.2014649 0.1868009
v 3.481811 5.182401 42.5261 4 6 6 4 0.4260166 0.2793469 0.2569772 0.03762875
v 3.177749 5.409904 42.49913 4 6 6 4 0.433463 0.2771038 0.2504158 0.0389868
v 3.481811 5.182401 42.5261 4 6 6 4 0.4260166 0.2793469 0.2569772 0.03762875
v 3.64304 5.307931 42.29142 4 6 6 4 0.4352636 0.2765545 0.2488289 0.0393225
v 3.533736 5.199244 42.05675 6 6 4 4 0.2765545 0.2488289 0.4352636 0.0393225
v 2.653747 5.808288 42.02076 6 4 4 6 0.3251697 0.2865339 0.2014649 0.1868009
v 4.37318 3.80391 44.34323 6 6 4 4 0.8991073 0.04034485 0.03276112 0.02775616
v 4.37919 4.090996 44.27643 6 6 4 4 0.893492 0.04042115 0.03575189 0.03030442
v 4.371644 4.179385 43.5008 6 6 4 4 0.893492 0.04042115 0.03575189 0.03030442
v 4.365376 3.894935 43.43401 6 6 4 4 0.893492 0.04042115 0.03030442 0.03575189
v 4.37919 4.090996 44.27643 6 6 4 4 0.893492 0.04042115 0.03575189 0.03030442
v 4.71845 3.975336 44.34323 6 6 4 4 0.9023575 0.04029908 0.03102159 0.02629129
v 4.710408 4.058917 43.43401 6 6 4 4 0.893492 0.04042115 0.03030442 0.03575189
v 4.371644 4.179385 43.5008 6 6 4 4 0.893492 0.04042115 0.03575189 0.03030442
v 4.698391 3.769367 43.36722 6 6 4 4 0.833814 0.01875334 0.05409323 0.09329366
v 4.698391 3.769367 43.36722 6 6 4 4 0.833814 0.01875334 0.05409323 0.09329366
v 4.004433 4.442231 42.66914 6 6 4 4 0.500618 0.2230259 0.2095522 0.06677348
v 4.277261 4.426435 42.48995 6 6 4 4 0.6376593 0.09262227 0.1256275 0.1440604
v 4.04614 4.640052 42.8483 6 6 4 4 0.5006027 0.2230411 0.2095674 0.06675822
v 4.322146 4.630826 42.66913 6 6 4 4 0.5578393 0.1685817 0.1745174 0.09904631
v 4.04614 4.640052 42.8483 6 6 4 4 0.5006027 0.2230411 0.2095674 0.06675822
v 4.277261 4.426435 42.48995 6 6 4 4 0.6376593 0.09262227 0.1256275 0.1440604
v -3.156986 5.546871 43.88303 6 6 4 6 0.4389105 0.3111772 0.2015717 0.0482948
v -3.19793 5.836252 42.25406 4 6 6 4 0.4352636 0.2765545 0.2488289 0.0393225
v -3.320798 5.516672 42.49323 4 6 6 4 0.4337682 0.2770123 0.2501411 0.03904784
v -3.285994 5.267722 43.88302 6 6 4 6 0.4160067 0.323888 0.2098116 0.05026322
v -2.817773 5.885839 42.01482 4 6 6 4 0.4337835 0.2859693 0.2327916 0.04742504
v -2.952497 5.590454 42.25407 4 6 6 4 0.4352636 0.276524 0.2488594 0.0393225
v -3.507891 5.18852 42.28584 4 6 6 4 0.4352636 0.2765545 0.2488289 0.0393225
v -3.683071 5.3253 42.05117 6 6 4 4 0.2488289 0.2765545 0.4352636 0.0393225
v -3.320798 5.516672 42.49323 4 6 6 4 0.4337682 0.2770123 0.2501411 0.03904784
v -3.618313 5.297621 42.52051 4 6 6 4 0.4224308 0.2804151 0.2601511 0.03697261
v -3.320798 5.516672 42.49323 4 6 6 4 0.4337682 0.2770123 0.2501411 0.03904784
v -3.19793 5.836252 42.25406 4 6 6 4 0.4352636 0.2765545 0.2488289 0.0393225
v -3.795531 5.435209 42.28583 4 6 6 4 0.4352483 0.276585 0.2488289 0.0393225
v -3.618313 5.297621 42.52051 4 6 6 4 0.4224308 0.2804151 0.2601511 0.03697261
v -2.817773 5.885839 42.01482 4 6 6 4 0.4337835 0.2859693 0.2327916 0.04742504
v -3.683071 5.3253 42.05117 6 6 4 4 0.2488289 0.2765545 0.4352636 0.0393225
v -4.102957 4.612511 42.66354 6 6 4 4 0.2230411 0.5006027 0.2095674 0.06675822
v -4.376151 4.627888 42.48436 6 6 4 4 0.09262227 0.6376593 0.1256275 0.1440604
v -4.150861 4.804444 42.84272 6 6 4 4 0.5006027 0.2230411 0.2095674 0.06675822
v -4.429178 4.824293 42.66353 6 6 4 4 0.218555 0.5053177 0.2066682 0.06942855
v -4.150861 4.804444 42.84272 6 6 4 4 0.5006027 0.2230411 0.2095674 0.06675822
v -4.376151 4.627888 42.48436 6 6 4 4 0.09262227 0.6376593 0.1256275 0.1440604
v -4.402246 4.095267 43.42842 6 6 4 4 0.04042115 0.893492 0.03030442 0.03575189
v -4.71682 4.00622 43.36163 6 6 4 4 0.03988708 0.8920119 0.03088426 0.03718624
v -4.424706 4.370459 43.49523 6 6 4 4 0.893492 0.04042115 0.03575189 0.03030442
v -4.747946 4.289944 43.42843 6 6 4 4 0.04042115 0.893492 0.03030442 0.03575189
v -4.424706 4.370459 43.49523 6 6 4 4 0.893492 0.04042115 0.03575189 0.03030442
v -4.71682 4.00622 43.36163 6 6 4 4 0.03988708 0.8920119 0.03088426 0.03718624
v -4.385544 3.979745 44.33764 6 6 4 4 0.8936446 0.04042115 0.03566033 0.03022812
v -4.409071 4.263172 44.27084 6 6 4 4 0.8932479 0.04063477 0.03573663 0.0303502
v -4.731589 4.179099 44.33764 6 6 4 4 0.8936751 0.04042115 0.03566033 0.03021286
v -4.409071 4.263172 44.27084 6 6 4 4 0.8932479 0.04063477 0.03573663 0.0303502
v -4.382302 4.526176 45.10253 6 6 6 4 0.8298008 0.1173266 0.02726787 0.02557412
v -3.104121 5.844646 42.62162 6 4 4 6 0.4143893 0.3004044 0.147982 0.1372091
v -2.850314 5.577485 42.62162 6 4 4 6 0.3254597 0.2864119 0.2013886 0.1867094
v -2.96933 5.34561 42.62162 6 4 6 4 0.4227664 0.2613718 0.2531319 0.06269932
v -3.445333 5.797157 42.62162 6 6 4 6 0.3926299 0.3185473 0.246006 0.0427863
v -2.439991 5.771991 42.62162 6 4 4 6 0.3251545 0.2863661 0.2015717 0.1868772
v -2.660493 6.047873 42.62162 6 4 4 6 0.3251545 0.2863661 0.2015717 0.1868772
v -0.4950708 6.552017 42.62163 6 4 6 4 0.5309377 0.2017853 0.1390249 0.1282368
v -0.4477406 6.241528 42.62163 6 4 4 4 0.5224537 0.2999466 0.1315328 0.04603647
v -1.607271 6.051323 42.62162 6 4 4 6 0.3241321 0.2859388 0.2009461 0.1889677
v -1.757953 6.351759 42.62162 6 6 4 4 0.3756161 0.2328069 0.1444419 0.2471046
v -3.283091 5.299961 42.62162 6 6 4 6 0.375082 0.314519 0.2731975 0.03717098
v -3.569783 5.545667 42.62162 6 6 4 6 0.4104677 0.3226368 0.2183566 0.04850843
v 3.209238 5.730461 42.62163 6 6 4 6 0.4086976 0.3214923 0.222034 0.04776074
v 2.774223 5.285663 42.62163 6 4 4 6 0.3258259 0.2864729 0.2011597 0.186511
v 2.642731 5.524384 42.62162 6 4 4 6 0.3251545 0.2863661 0.2015717 0.1868772
v 2.871134 5.788792 42.62162 6 4 4 6 0.3252003 0.2863813 0.2015412 0.1868467
v 1.862315 5.892888 42.62163 6 6 4 4 0.3251545 0.1868772 0.2863661 0.2015717
v 2.023616 6.179318 42.62164 6 6 4 4 0.3251545 0.1868772 0.2863661 0.2015717
v 0.7863345 6.495176 42.62162 6 4 6 4 0.5298085 0.2149386 0.1572747 0.09794766
v 0.7267456 6.18935 42.62164 6 4 6 4 0.5300984 0.2124971 0.154696 0.102678
v 3.350745 5.468061 42.62163 6 6 4 6 0.3801022 0.3156787 0.2654307 0.03877318
v 3.084926 5.227736 42.62163 6 6 4 6 0.3949187 0.3190204 0.2425116 0.04351873
v 1.654819 6.324371 43.61028 6 4 6 4 0.5298085 0.2150301 0.1573663 0.09777981
v 1.425939 6.483164 43.38282 6 4 6 4 0.5298085 0.2150301 0.1573663 0.09777981
v 1.652812 6.364891 43.38237 6 4 6 4 0.5298085 0.2150301 0.1573663 0.09777981
v 1.649834 6.407146 43.15421 6 4 6 4 0.5298085 0.2150301 0.1573663 0.09777981
v 2.367485 6.208913 43.38235 6 4 6 4 0.3481041 0.2588693 0.2012512 0.1917296
v 2.366322 6.249454 43.15421 6 4 4 6 0.3251697 0.2863508 0.2015564 0.1868925
v 2.664285 6.205973 43.38282 6 4 4 6 0.3349508 0.2746319 0.1973754 0.1930266
v 2.040956 6.321797 43.60916 6 4 6 4 0.5186084 0.2025635 0.1809567 0.0978561
v 1.833789 6.344796 43.60946 6 4 6 4 0.5297933 0.2149996 0.1573968 0.09777981
v 1.8318 6.385233 43.38153 6 4 6 4 0.5298085 0.2150301 0.1573663 0.09777981
v 2.038955 6.361937 43.38123 6 4 6 4 0.5295186 0.2148013 0.1578546 0.09781033
v 2.09558 6.479571 43.3809 6 4 6 4 0.5296102 0.2148318 0.1577478 0.09779507
v 1.733792 6.516552 43.38141 6 4 6 4 0.5298085 0.2150301 0.1573663 0.09777981
v 1.833789 6.344796 43.60946 6 4 6 4 0.5297933 0.2149996 0.1573968 0.09777981
v 2.040956 6.321797 43.60916 6 4 6 4 0.5186084 0.2025635 0.1809567 0.0978561
v 1.425939 6.483164 43.38282 6 4 6 4 0.5298085 0.2150301 0.1573663 0.09777981
v 1.654819 6.324371 43.61028 6 4 6 4 0.5298085 0.2150301 0.1573663 0.09777981
v 2.229481 6.33926 43.15338 6 4 4 6 0.3250477 0.286305 0.2014954 0.1871214
v 2.230952 6.298036 43.38153 6 6 4 4 0.3925841 0.2436408 0.1967651 0.1669795
v 1.829292 6.427483 43.15338 6 4 6 4 0.5298085 0.2150301 0.1573663 0.09777981
v 2.036994 6.403838 43.15308 6 4 6 4 0.5140612 0.2182956 0.1650568 0.1025406
v 2.431231 6.363201 43.38141 6 4 6 4 0.3747158 0.2270085 0.2179141 0.1803311
v 2.664285 6.205973 43.38282 6 4 4 6 0.3349508 0.2746319 0.1973754 0.1930266
v 2.366322 6.249454 43.15421 6 4 4 6 0.3251697 0.2863508 0.2015564 0.1868925
v 2.229481 6.33926 43.15338 6 4 4 6 0.3250477 0.286305 0.2014954 0.1871214
v 2.036994 6.403838 43.15308 6 4 6 4 0.5140612 0.2182956 0.1650568 0.1025406
v 1.829292 6.427483 43.15338 6 4 6 4 0.5298085 0.2150301 0.1573663 0.09777981
v 1.649834 6.407146 43.15421 6 4 6 4 0.5298085 0.2150301 0.1573663 0.09777981
v 0.7608485 6.53505 42.48279 6 4 6 4 0.5302663 0.2111238 0.1532616 0.1053178
v 1.979203 6.036555 42.48279 6 6 4 4 0.3251545 0.1868772 0.2863661 0.2015717
v 1.949193 6.242201 42.68042 6 6 4 4 0.3219043 0.1934997 0.2849928 0.1995727
v 1.044505 6.609682 42.68042 6 4 6 4 0.5298085 0.2150301 0.1573663 0.09777981
v 0.8268687 6.754983 42.17703 6 4 4 4 0.4944533 0.3483787 0.09773403 0.05940337
v 0.5269543 6.770626 42.48943 6 4 4 4 0.5272755 0.2916915 0.1071031 0.07389944
v 2.130779 6.222331 42.17702 6 4 4 6 0.3251545 0.2863661 0.2015717 0.1868772
v 2.380435 6.02081 42.48943 6 4 4 6 0.3251545 0.2863661 0.2015717 0.1868772
v 1.949193 6.242201 42.68042 6 6 4 4 0.3219043 0.1934997 0.2849928 0.1995727
v 2.260841 6.326819 42.48279 6 6 4 4 0.3251545 0.1868772 0.2863661 0.2015717
v 0.9267 6.865424 42.4828 6 4 6 4 0.5298085 0.2150149 0.157351 0.09779507
v 1.044505 6.609682 42.68042 6 4 6 4 0.5298085 0.2150301 0.1573663 0.09777981
v 0.8268687 6.754983 42.17703 6 4 4 4 0.4944533 0.3483787 0.09773403 0.05940337
v 0.5269543 6.770626 42.48943 6 4 4 4 0.5272755 0.2916915 0.1071031 0.07389944
v 2.130779 6.222331 42.17702 6 4 4 6 0.3251545 0.2863661 0.2015717 0.1868772
v -2.286111 6.446498 42.92457 6 4 4 6 0.3251392 0.2863661 0.2015717 0.1868925
v -2.377061 6.695705 42.92457 6 4 4 6 0.3250934 0.2863508 0.2015412 0.1869993
v -1.878423 6.796941 42.7207 6 6 4 4 0.5296865 0.1574121 0.09781033 0.2150454
v -1.818058 6.54578 42.7207 6 6 4 4 0.525536 0.1594568 0.09907683 0.2159152
v -0.4398914 6.849432 42.69174 6 4 4 6 0.6992752 0.1875944 0.06034943 0.05275044
v -0.4695489 6.592294 42.69173 6 4 4 6 0.685481 0.1740597 0.09788662 0.04252689
v 1.17904 6.820972 42.69175 6 4 6 4 0.5298085 0.2150301 0.1573663 0.09777981
v 0.7820599 6.061969 42.69175 6 4 6 4 0.5298543 0.2146181 0.1569238 0.09857328
v 0.639728 6.40532 42.69175 6 4 6 4 0.5298238 0.2148928 0.157229 0.09802396
v 0.7466242 6.651895 42.69174 6 4 6 4 0.5298085 0.2150301 0.157351 0.09777981
v 2.126703 6.441722 42.69175 6 4 4 6 0.325124 0.2863661 0.2015564 0.186923
v 1.548082 5.730685 42.69175 6 4 4 6 0.3251392 0.2863661 0.2015564 0.1869078
v 1.09319 5.754445 42.69175 6 4 6 4 0.4016327 0.2414282 0.2198062 0.1371023
v 1.77786 6.773044 42.69175 6 6 4 4 0.1573663 0.5297933 0.2150301 0.09777981
v -2.493676 6.339621 43.25166 6 4 4 6 0.3257649 0.2856336 0.2013123 0.187274
v -2.598563 6.590144 43.25166 6 4 4 6 0.3274586 0.2835889 0.2005798 0.1883269
v 2.152549 6.093996 42.69175 6 4 4 6 0.3251545 0.2863661 0.2015717 0.1868772
v 1.942195 5.864908 42.69175 6 4 4 6 0.3251545 0.2863661 0.2015717 0.1868772
v 1.000219 6.360666 41.54409 6 4 4 4 0.3504997 0.3009537 0.2941177 0.05438315
v 1.00219 6.495474 41.90118 6 4 4 4 0.493782 0.3495232 0.09820706 0.05845731
v 1.001485 5.836055 41.82996 6 4 4 4 0.493431 0.3494316 0.09805448 0.05905242
v 1.000407 5.905683 41.55789 4 6 4 4 0.4097047 0.2787671 0.2761425 0.0353399
v -1.421473 6.320773 42.23447 6 4 4 6 0.3250172 0.2862898 0.2016327 0.1870146
v -1.423703 6.488165 41.90117 6 4 4 6 0.311574 0.2868086 0.2064698 0.1951019
v -1.424398 5.828678 41.82996 6 4 4 6 0.3214008 0.2897993 0.2020295 0.1867399
v -1.421793 5.886776 42.20035 6 4 4 6 0.3251392 0.2863661 0.2015717 0.1868925
v 1.00219 6.495474 41.90118 6 4 4 4 0.493782 0.3495232 0.09820706 0.05845731
v -1.423703 6.488165 41.90117 6 4 4 6 0.311574 0.2868086 0.2064698 0.1951019
v -1.421473 6.320773 42.23447 6 4 4 6 0.3250172 0.2862898 0.2016327 0.1870146
v 1.004519 6.328848 42.23448 6 4 4 4 0.4936751 0.3494774 0.09814603 0.05867094
v 1.004519 6.328848 42.23448 6 4 4 4 0.4936751 0.3494774 0.09814603 0.05867094
v 1.004192 5.894724 42.20034 6 4 4 4 0.4629282 0.3422904 0.1105364 0.0842298
v -1.39637 5.957584 43.90082 6 4 6 4 0.5298085 0.2150301 0.1573663 0.09777981
v -1.396227 6.388452 43.85993 6 4 6 4 0.5298543 0.2149691 0.1573815 0.09777981
v -1.396227 6.388452 43.85993 6 4 6 4 0.5298543 0.2149691 0.1573815 0.09777981
v 1.03045 6.401391 43.85806 6 4 6 4 0.5298238 0.2149996 0.1573663 0.09777981
v 1.03045 6.401391 43.85806 6 4 6 4 0.5298238 0.2149996 0.1573663 0.09777981
v 1.030282 5.969346 43.89923 6 4 6 4 0.5300221 0.214725 0.1574426 0.09777981
v -1.425575 6.354187 41.54371 4 4 6 4 0.5570764 0.2285191 0.1639124 0.05044633
v -1.425429 5.899391 41.55754 4 4 6 4 0.5570306 0.2285496 0.1639582 0.05043107
v -1.425575 6.354187 41.54371 4 4 6 4 0.5570764 0.2285191 0.1639124 0.05044633
v 1.000219 6.360666 41.54409 6 4 4 4 0.3504997 0.3009537 0.2941177 0.05438315
v 1.000407 5.905683 41.55789 4 6 4 4 0.4097047 0.2787671 0.2761425 0.0353399
v -1.425429 5.899391 41.55754 4 4 6 4 0.5570306 0.2285496 0.1639582 0.05043107
v -1.424398 5.828678 41.82996 6 4 4 6 0.3214008 0.2897993 0.2020295 0.1867399
v 1.001485 5.836055 41.82996 6 4 4 4 0.493431 0.3494316 0.09805448 0.05905242
v 1.896291 5.880025 41.54506 4 4 6 4 0.5528649 0.2307469 0.1675135 0.04884413
v 0.8684699 6.160064 41.54713 6 4 4 4 0.4723125 0.3422446 0.09376669 0.09164569
v 0.8718758 6.165001 41.83505 6 4 4 4 0.4937972 0.3495232 0.09820706 0.05844205
v 1.888568 5.896326 41.8205 6 4 4 6 0.3238117 0.287602 0.2017243 0.1868315
v -0.09277394 -1.541176 41.54162 6 4 6 4 0.7058213 0.273579 0.01332113 0.007248036
v 0.7702414 -1.791798 41.54099 6 4 6 4 0.005905242 0.03584344 0.5048752 0.4533455
v 0.731714 -1.782882 41.8123 6 4 6 4 0.01332113 0.007248036 0.7058213 0.273579
v -0.09200377 -1.558601 41.81584 6 4 6 4 0.7058213 0.273579 0.01332113 0.007248036
v 2.673692 5.592978 41.83971 6 4 4 6 0.3253529 0.2935836 0.1977874 0.1832456
v 2.661867 5.598787 41.54905 4 6 6 4 0.6368963 0.2216678 0.0923476 0.04905776
v -0.09199695 6.336819 41.81715 6 4 4 4 0.4937972 0.3495232 0.09820706 0.05844205
v -0.09277223 6.332333 41.54186 6 4 4 4 0.4937667 0.3495537 0.09822232 0.05844205
v 3.932823 4.994655 41.84798 6 4 4 6 0.4734874 0.2247196 0.1755398 0.1262226
v 3.896542 5.016884 41.5523 6 4 4 6 0.4734569 0.2248417 0.1755398 0.1261158
v 1.659755 -1.702342 41.81153 6 4 6 4 0.004577707 0.03002976 0.7651179 0.2002441
v 5.074101 0.9785813 41.82395 6 4 6 4 0.5355306 0.4205386 0.04077211 0.00311284
v 5.06374 0.8973072 41.54267 6 4 6 4 0.5141375 0.440177 0.03871214 0.006942855
v 5.158102 2.858717 41.82512 6 4 4 6 0.5243763 0.39617 0.04328984 0.03611811
v 5.175266 2.857124 41.54402 6 4 6 4 0.4979019 0.4165408 0.04480049 0.04074159
v 0.9751521 5.994142 43.17711 6 4 6 4 0.5298085 0.2150301 0.1573663 0.09777981
v 1.959393 5.632139 43.17711 6 4 4 6 0.3251545 0.2863661 0.2015717 0.1868772
v 2.803192 5.344264 43.18256 6 6 4 4 0.4291905 0.2623026 0.2512398 0.05723659
v 3.707435 -0.3900416 43.16254 6 4 6 4 0.8127565 0.1736019 0.01182574 0.001785306
v 4.420022 0.3821862 43.18487 6 4 6 6 0.5956817 0.3193255 0.08497749 0
v 4.791042 1.249695 43.18041 6 6 6 4 0.08497749 0 0.5956817 0.3193255
v 4.96458 2.764454 43.03123 6 4 6 4 0.6010529 0.2834974 0.07229725 0.043122
v 3.960577 4.697079 43.1771 6 6 4 6 0.3810483 0.365835 0.212726 0.04034485
v -0.07265029 6.196863 43.23493 6 4 4 6 0.6992905 0.1875944 0.06033417 0.05275044
v -2.081838 5.880026 41.54505 4 6 4 6 0.3820554 0.2215457 0.214023 0.1823453
v -2.072551 5.896326 41.8205 6 4 4 6 0.3251087 0.2863966 0.2015717 0.1868772
v -1.055727 6.165001 41.83504 6 4 4 4 0.4935531 0.3494469 0.09857328 0.05839628
v -1.054014 6.160066 41.54714 4 4 6 4 0.4825055 0.252018 0.2233005 0.04214542
v -0.9157211 -1.782883 41.81229 6 4 6 4 0.01332113 0.007248036 0.7058213 0.273579
v -0.9557891 -1.791798 41.54099 6 4 6 4 0.01330587 0.007293812 0.7055467 0.2738231
v -2.851343 5.548744 41.5499 4 6 6 4 0.6256962 0.2263523 0.1024033 0.04551766
v -2.857493 5.592808 41.8397 4 6 6 4 0.4352636 0.2765393 0.2488441 0.0393225
v -4.082085 5.016887 41.55229 6 4 4 6 0.4734874 0.2247349 0.1755398 0.1262074
v -4.11656 4.994662 41.84798 6 4 4 6 0.4734874 0.2247196 0.1755398 0.1262226
v -1.84365 -1.702343 41.81154 6 4 4 6 0.7651331 0.2002289 0.03002976 0.004577707
v -1.859248 -1.784191 41.5405 6 4 4 6 0.7470817 0.2111696 0.0373846 0.004318303
v -2.924643 -1.434486 41.81386 6 4 4 6 0.7335775 0.2091707 0.05391013 0.003295949
v -5.257886 0.9785823 41.82395 6 4 6 4 0.5355306 0.4205539 0.04077211 0.00311284
v -5.249287 0.8973067 41.54266 6 4 6 4 0.5108263 0.4432136 0.03842222 0.00749218
v -5.342027 2.858715 41.82513 6 4 4 6 0.5242847 0.3962158 0.04328984 0.03617914
v -5.360813 2.857125 41.54403 4 6 6 4 0.4950332 0.395758 0.07824826 0.03093004
v -5.249287 0.8973067 41.54266 6 4 6 4 0.5108263 0.4432136 0.03842222 0.00749218
v -5.257886 0.9785823 41.82395 6 4 6 4 0.5355306 0.4205539 0.04077211 0.00311284
v -2.106724 5.632236 43.1771 6 4 4 6 0.3251545 0.2863661 0.2015717 0.1868925
v -1.122572 5.994343 43.1771 6 4 6 4 0.5298085 0.2150301 0.1573663 0.09777981
v -2.950377 5.344778 43.18256 6 6 4 6 0.416144 0.323415 0.2102083 0.05020218
v -3.851434 -0.3912244 43.16254 6 4 6 4 0.8127565 0.1736019 0.01182574 0.001785306
v -4.562668 0.3822486 43.18488 6 4 6 6 0.5956817 0.3193255 0.08497749 0
v -4.935007 1.249331 43.1804 6 6 6 4 0.0850843 0 0.5955749 0.3193255
v -4.935007 1.249331 43.1804 6 6 6 4 0.0850843 0 0.5955749 0.3193255
v -5.116404 2.764117 43.03124 6 4 6 4 0.395346 0.3231556 0.2562142 0.02526894
v -4.107948 4.697169 43.1771 6 6 4 4 0.4974899 0.2272679 0.209781 0.06544594
v 3.513179 -1.178111 45.47738 6 10 4 6 0.4631571 0.4533608 0.07672236 0.006729229
v 3.324223 -1.152573 45.48494 6 10 4 6 0.4732738 0.4314946 0.08728161 0.007904174
v 1.619483 -1.846111 44.76252 10 6 4 6 0.5914549 0.3870909 0.01327535 0.008163577
v 1.915714 -2.114611 44.85266 10 6 4 6 0.6076601 0.3668727 0.01925689 0.006179904
v 1.581345 -2.262199 43.98591 6 10 4 6 0.6381628 0.3003891 0.04045167 0.0209659
v 1.391399 -1.91198 43.96672 6 10 4 6 0.6389258 0.2995041 0.04055848 0.02098116
v 1.839552 -1.889493 44.11395 6 10 4 6 0.6391242 0.2992142 0.04063477 0.02099641
v 1.938089 -2.03266 44.13751 6 10 4 6 0.6386358 0.2997635 0.040589 0.0209659
v 1.581345 -2.262199 43.98591 6 10 4 6 0.6381628 0.3003891 0.04045167 0.0209659
v 1.938089 -2.03266 44.13751 6 10 4 6 0.6386358 0.2997635 0.040589 0.0209659
v 1.915714 -2.114611 44.85266 10 6 4 6 0.6076601 0.3668727 0.01925689 0.006179904
v 4.97804 2.110794 47.1248 6 10 6 10 0.5426871 0.3351949 0.08639658 0.03567559
v 4.801049 2.043257 47.13741 6 10 6 10 0.5426871 0.3351949 0.08639658 0.03567559
v 4.528046 0.3645369 46.30135 6 10 6 4 0.3514153 0.2683757 0.3489128 0.03126574
v 4.712518 0.377112 46.28612 6 10 6 4 0.3514153 0.2683757 0.3489128 0.03126574
v 3.290367 -1.080156 44.77291 6 10 6 4 0.007904174 0.4314641 0.4732891 0.08731212
v 3.479059 -1.105995 44.76542 6 10 6 4 0.007904174 0.4314641 0.4732891 0.08731212
v 4.440935 0.5101921 45.6203 6 10 6 4 0.2541085 0.1721218 0.43888 0.1348745
v 4.625697 0.5225939 45.60567 6 10 6 4 0.2302739 0.1485313 0.460914 0.1602502
v 4.6546 2.23545 46.4896 6 10 6 10 0.5426871 0.3351949 0.08639658 0.03567559
v 4.833642 2.302276 46.47847 6 10 6 10 0.5426871 0.3351949 0.08639658 0.03567559
v 3.479059 -1.105995 44.76542 6 10 6 4 0.007904174 0.4314641 0.4732891 0.08731212
v 3.513179 -1.178111 45.47738 6 10 4 6 0.4631571 0.4533608 0.07672236 0.006729229
v 4.625697 0.5225939 45.60567 6 10 6 4 0.2302739 0.1485313 0.460914 0.1602502
v 4.712518 0.377112 46.28612 6 10 6 4 0.3514153 0.2683757 0.3489128 0.03126574
v 4.833642 2.302276 46.47847 6 10 6 10 0.5426871 0.3351949 0.08639658 0.03567559
v 4.97804 2.110794 47.1248 6 10 6 10 0.5426871 0.3351949 0.08639658 0.03567559
v 4.976187 2.259433 43.87149 6 4 6 10 0.6991226 0.160174 0.1260395 0.0146334
v 4.801815 2.211847 43.89057 6 4 6 10 0.6991226 0.160174 0.1260395 0.0146334
v 5.079316 2.186136 44.58293 6 10 6 4 0.5591821 0.2727245 0.1298543 0.03819333
v 4.976187 2.259433 43.87149 6 4 6 10 0.6991226 0.160174 0.1260395 0.0146334
v 4.904441 2.143318 44.60199 6 10 6 4 0.5591363 0.2728313 0.1298695 0.03814755
v 5.079316 2.186136 44.58293 6 10 6 4 0.5591821 0.2727245 0.1298543 0.03819333
v 4.39508 0.02356001 45.43912 6 10 6 4 0.03950561 0.05885405 0.6989548 0.2026398
v 4.561229 -0.001552822 45.40129 6 10 6 4 0.1004654 0.09889372 0.629984 0.1706264
v 3.688075 -1.070699 45.30347 6 10 4 6 0.4732891 0.4314641 0.08731212 0.007904174
v 3.52974 -1.010955 45.35237 6 10 4 6 0.4732891 0.4314641 0.08731212 0.007904174
v 4.191678 0.005311164 44.76309 6 10 6 4 0.0327306 0.05430686 0.7065538 0.206363
v 4.357858 -0.02003972 44.72528 6 10 6 4 0.03327993 0.05456626 0.7058824 0.2062409
v 4.561229 -0.001552822 45.40129 6 10 6 4 0.1004654 0.09889372 0.629984 0.1706264
v 4.357858 -0.02003972 44.72528 6 10 6 4 0.03327993 0.05456626 0.7058824 0.2062409
v -1.708939 -2.338071 44.70038 10 6 4 6 0.6075532 0.36701 0.01921111 0.006179904
v -1.76683 -2.261896 43.9859 6 10 4 6 0.6391242 0.2992142 0.04063477 0.02099641
v -1.329477 -2.368692 43.86666 6 10 4 6 0.564065 0.3978637 0.02229343 0.01574731
v -1.765354 -1.846111 44.76253 10 6 4 6 0.6076601 0.3668879 0.01924163 0.006179904
v -2.0792 -2.114611 44.85266 10 6 4 6 0.6076601 0.3668727 0.01925689 0.006179904
v -1.708939 -2.338071 44.70038 10 6 4 6 0.6075532 0.36701 0.01921111 0.006179904
v -3.421262 -1.152573 45.48495 6 10 4 6 0.472755 0.4326238 0.08674754 0.007843138
v -1.76683 -2.261896 43.9859 6 10 4 6 0.6391242 0.2992142 0.04063477 0.02099641
v -2.105104 -2.033139 44.13752 6 10 6 4 0.01727321 0.376791 0.5706569 0.03524834
v -1.998052 -1.889725 44.11395 6 10 4 6 0.6390173 0.2993362 0.04061951 0.02099641
v -1.555633 -1.911388 43.96672 6 10 4 6 0.6391242 0.2992142 0.04063477 0.02099641
v -2.0792 -2.114611 44.85266 10 6 4 6 0.6076601 0.3668727 0.01925689 0.006179904
v -2.105104 -2.033139 44.13752 6 10 6 4 0.01727321 0.376791 0.5706569 0.03524834
v -5.036373 2.110795 47.1248 6 10 6 10 0.5426871 0.3351949 0.08639658 0.03567559
v -4.953362 1.227858 46.70218 6 10 6 10 0.5263295 0.3299153 0.1112993 0.03242542
v -4.770604 1.189484 46.71781 6 6 10 4 0.3723812 0.3231861 0.2762493 0.0281529
v -4.853055 2.043258 47.13741 6 10 6 10 0.5426871 0.3351949 0.08639658 0.03567559
v -4.724545 0.3771122 46.28613 6 10 6 4 0.3514153 0.2683757 0.3489128 0.03126574
v -4.540446 0.3645366 46.30135 6 10 6 4 0.3514153 0.2683757 0.3489128 0.03126574
v -3.572808 -1.105995 44.76542 6 10 6 4 0.007904174 0.4314641 0.4732891 0.08731212
v -3.382299 -1.080157 44.7729 6 10 6 4 0.007904174 0.4314641 0.4732891 0.08731212
v -4.633969 0.522594 45.60567 6 10 6 4 0.2301213 0.1483787 0.4610513 0.1604181
v -4.449484 0.5101922 45.6203 6 10 6 4 0.2521706 0.1701991 0.4406653 0.1369345
v -4.843256 1.401418 46.04012 6 10 6 10 0.5426871 0.3351949 0.08641184 0.03567559
v -4.658954 1.363346 46.05467 6 10 6 10 0.5426719 0.3351949 0.0864271 0.03567559
v -3.572808 -1.105995 44.76542 6 10 6 4 0.007904174 0.4314641 0.4732891 0.08731212
v -4.724545 0.3771122 46.28613 6 10 6 4 0.3514153 0.2683757 0.3489128 0.03126574
v -4.953362 1.227858 46.70218 6 10 6 10 0.5263295 0.3299153 0.1112993 0.03242542
v -4.843256 1.401418 46.04012 6 10 6 10 0.5426871 0.3351949 0.08641184 0.03567559
v -4.633969 0.522594 45.60567 6 10 6 4 0.2301213 0.1483787 0.4610513 0.1604181
v -4.878211 2.210341 43.89057 6 4 6 10 0.6991226 0.160174 0.1260395 0.0146334
v -5.053905 2.258489 43.87149 6 4 6 10 0.6991226 0.160174 0.1260395 0.0146334
v -5.145112 2.186045 44.58292 6 10 6 4 0.5591211 0.2728313 0.1298695 0.03814755
v -5.053905 2.258489 43.87149 6 4 6 10 0.6991226 0.160174 0.1260395 0.0146334
v -5.145112 2.186045 44.58292 6 10 6 4 0.5591211 0.2728313 0.1298695 0.03814755
v -4.970066 2.143188 44.60199 6 10 6 4 0.5591363 0.2728161 0.1298695 0.03814755
v -4.626683 -0.001552761 45.4013 6 10 6 4 0.2264591 0.1768673 0.4844282 0.1122148
v -4.460534 0.02356009 45.43912 6 10 6 4 0.06178378 0.07380789 0.6739605 0.1904326
v -3.75353 -1.070699 45.30348 6 10 4 6 0.4732891 0.4314641 0.08731212 0.007904174
v -4.42331 -0.02003894 44.72528 6 10 6 4 0.04415961 0.0596933 0.6923171 0.2037995
v -4.257132 0.005311294 44.76309 6 10 6 4 0.03282215 0.05435264 0.7064469 0.2063477
v -3.595195 -1.010955 45.35237 6 10 4 6 0.4732891 0.4314641 0.08731212 0.007904174
v -4.626683 -0.001552761 45.4013 6 10 6 4 0.2264591 0.1768673 0.4844282 0.1122148
v -4.42331 -0.02003894 44.72528 6 10 6 4 0.04415961 0.0596933 0.6923171 0.2037995
v -1.535929 -2.123713 43.96964 6 10 4 6 0.638941 0.299443 0.040589 0.02099641
v -1.387235 -1.967688 43.98389 6 10 4 6 0.6379034 0.3007401 0.04037537 0.02095064
v -1.193677 -1.789058 43.29047 0 10 6 4 0 0.1883879 0.7194934 0.09210346
v -1.319734 -1.927791 43.19633 0 10 6 4 0 0.1883879 0.7194934 0.0920882
v -1.068008 -1.964856 43.35615 0 10 6 4 0 0.1883879 0.7194934 0.09210346
v -1.387274 -2.287578 43.95542 6 10 4 6 0.5644159 0.3916076 0.02597086 0.01795987
v -1.535929 -2.123713 43.96964 6 10 4 6 0.638941 0.299443 0.040589 0.02099641
v -1.319734 -1.927791 43.19633 0 10 6 4 0 0.1883879 0.7194934 0.0920882
v -1.193995 -2.104437 43.262 0 10 6 4 0 0.1883879 0.7194934 0.09210346
v -0.6531649 -1.661847 42.81721 6 10 6 4 0.007095445 0.151812 0.6943008 0.1467613
v -0.7176297 -1.777846 42.66853 6 10 6 4 0.007095445 0.1517967 0.6943008 0.1467613
v -0.5895298 -1.855348 42.93741 0 10 6 4 0 0.1877165 0.7191119 0.09315633
v -0.6537896 -1.973989 42.78873 6 10 6 4 0.007095445 0.1517967 0.6943008 0.1467613
v -0.7176297 -1.777846 42.66853 6 10 6 4 0.007095445 0.1517967 0.6943008 0.1467613
v 0.06254166 -1.623786 42.71436 6 10 6 4 0.007095445 0.1517967 0.6943008 0.1467613
v 0.08137019 -1.745471 42.55383 6 10 4 6 0.6943008 0.1517967 0.1467613 0.007095445
v 0.04384922 -1.823441 42.84641 0 10 6 4 0 0.187686 0.7190967 0.09318685
v 0.06289338 -1.94785 42.68588 6 10 6 4 0.007095445 0.1517967 0.6943008 0.1467613
v 0.08137019 -1.745471 42.55383 6 10 4 6 0.6943008 0.1517967 0.1467613 0.007095445
v 0.727528 -1.709612 43.01458 0 10 6 4 0 0.1883879 0.7194934 0.09210346
v 0.8223603 -1.833472 42.88864 0 10 6 4 0 0.1877012 0.7190967 0.09317159
v 0.6320271 -1.897164 43.11203 0 10 6 4 0 0.1883879 0.7194934 0.09210346
v 0.7270221 -2.023005 42.9861 0 10 6 4 0 0.1883879 0.7194934 0.09210346
v 0.8223603 -1.833472 42.88864 0 10 6 4 0 0.1877012 0.7190967 0.09317159
v 1.130347 -1.878584 43.62254 0 10 6 0 0 0.4086366 0.5913481 0
v 1.272121 -2.028451 43.56667 0 10 6 4 0 0.4060121 0.5929503 0.001022354
v 0.9881942 -2.044092 43.64994 0 10 6 0 0 0.4086061 0.5913786 0
v 1.130198 -2.19617 43.59407 0 10 6 0 0 0.4085603 0.5914244 0
v 1.272121 -2.028451 43.56667 0 10 6 4 0 0.4060121 0.5929503 0.001022354
v 2.821738 5.226268 43.88862 6 6 10 4 0.5128557 0.2836042 0.1199817 0.08354314
v 2.670276 5.499615 43.88862 6 6 10 4 0.4939498 0.2946059 0.1246357 0.08677806
v 3.191533 5.183277 43.88863 6 6 4 6 0.4161135 0.323827 0.2097658 0.05026322
v 3.18901 5.094525 45.27841 6 6 4 10 0.4560159 0.3220722 0.1361715 0.08570993
v 2.818487 5.118714 45.51757 6 10 10 6 0.3601434 0.2421759 0.2339971 0.1636683
v 3.043769 5.370749 45.51758 6 10 10 6 0.444068 0.2208286 0.200061 0.1350118
v 2.670276 5.499615 43.88862 6 6 10 4 0.4939498 0.2946059 0.1246357 0.08677806
v 2.665109 5.378489 45.75682 6 10 10 6 0.358999 0.2427405 0.234165 0.164065
v 2.665109 5.378489 45.75682 6 10 10 6 0.358999 0.2427405 0.234165 0.164065
v 3.18901 5.094525 45.27841 6 6 4 10 0.4560159 0.3220722 0.1361715 0.08570993
v 2.665109 5.378489 45.75682 6 10 10 6 0.358999 0.2427405 0.234165 0.164065
v 2.818487 5.118714 45.51757 6 10 10 6 0.3601434 0.2421759 0.2339971 0.1636683
v 3.389052 4.739851 45.48581 6 6 4 10 0.4560159 0.3220722 0.1361715 0.08570993
v 3.550469 4.82966 45.72048 6 6 4 10 0.4560922 0.3221942 0.1355306 0.08616769
v 3.18901 5.094525 45.27841 6 6 4 10 0.4560159 0.3220722 0.1361715 0.08570993
v 3.496426 4.881024 45.25114 6 6 4 10 0.4560159 0.3220722 0.1361715 0.08570993
v 3.18901 5.094525 45.27841 6 6 4 10 0.4560159 0.3220722 0.1361715 0.08570993
v 3.043769 5.370749 45.51758 6 10 10 6 0.444068 0.2208286 0.200061 0.1350118
v 3.659246 4.970715 45.4858 6 6 4 10 0.4560159 0.3220722 0.1361715 0.08570993
v 3.496426 4.881024 45.25114 6 6 4 10 0.4560159 0.3220722 0.1361715 0.08570993
v 2.665109 5.378489 45.75682 6 10 10 6 0.358999 0.2427405 0.234165 0.164065
v 3.550469 4.82966 45.72048 6 6 4 10 0.4560922 0.3221942 0.1355306 0.08616769
v 4.022939 4.184018 45.10811 6 6 6 10 0.9000229 0.03886473 0.03186084 0.02923629
v 4.298117 4.15955 45.28729 6 6 6 10 0.9016098 0.03707942 0.03195239 0.02932784
v 4.063306 4.402856 44.92893 6 6 4 10 0.4391241 0.3479667 0.1306477 0.08223087
v 4.341709 4.381746 45.10811 6 6 6 10 0.9007553 0.03804074 0.03190662 0.0292668
v 4.063306 4.402856 44.92893 6 6 4 10 0.4391241 0.3479667 0.1306477 0.08223087
v 4.298117 4.15955 45.28729 6 6 6 10 0.9016098 0.03707942 0.03195239 0.02932784
v 4.706752 3.684729 44.41003 6 6 6 10 0.9019608 0.03710994 0.03175402 0.02914473
v 4.706752 3.684729 44.41003 6 6 6 10 0.9019608 0.03710994 0.03175402 0.02914473
v -2.890285 5.161571 45.51164 6 10 10 6 0.3677424 0.2384375 0.2328374 0.1609522
v -2.91194 5.292146 43.88303 6 6 6 10 0.5473716 0.2244907 0.133135 0.09497216
v -2.772664 5.555459 43.88303 6 6 10 4 0.4939803 0.2945754 0.1246357 0.08677806
v -2.74859 5.410448 45.75088 6 10 10 6 0.3588769 0.2429084 0.2342412 0.1639582
v -3.285994 5.267722 43.88302 6 6 4 6 0.4160067 0.323888 0.2098116 0.05026322
v -3.320798 5.516672 42.49323 4 6 6 4 0.4337682 0.2770123 0.2501411 0.03904784
v -2.952497 5.590454 42.25407 4 6 6 4 0.4352636 0.276524 0.2488594 0.0393225
v -3.266277 5.155214 45.27251 6 6 4 10 0.4560159 0.3220722 0.1361715 0.08570993
v -3.134147 5.418357 45.51163 6 6 10 4 0.4769512 0.2768139 0.1291676 0.1170367
v -2.772664 5.555459 43.88303 6 6 10 4 0.4939803 0.2945754 0.1246357 0.08677806
v -2.817773 5.885839 42.01482 4 6 6 4 0.4337835 0.2859693 0.2327916 0.04742504
v -2.817773 5.885839 42.01482 4 6 6 4 0.4337835 0.2859693 0.2327916 0.04742504
v -3.266277 5.155214 45.27251 6 6 4 10 0.4560159 0.3220722 0.1361715 0.08570993
v -2.74859 5.410448 45.75088 6 10 10 6 0.3588769 0.2429084 0.2342412 0.1639582
v -3.614454 4.905642 45.71489 6 6 4 10 0.4560769 0.3221485 0.1357137 0.08603036
v -3.448274 4.812578 45.48022 6 6 4 10 0.4560159 0.3220722 0.1361715 0.08570993
v -3.564587 4.960376 45.24554 6 6 4 10 0.4560159 0.3220722 0.1361715 0.08570993
v -3.564587 4.960376 45.24554 6 6 4 10 0.4560159 0.3220722 0.1361715 0.08570993
v -3.732696 5.053073 45.48022 6 6 4 10 0.4560159 0.3220722 0.1361715 0.08570993
v -3.614454 4.905642 45.71489 6 6 4 10 0.4560769 0.3221485 0.1357137 0.08603036
v -4.700006 3.891711 44.40443 6 6 6 10 0.9050736 0.0374609 0.02995346 0.0274815
v -4.700006 3.891711 44.40443 6 6 6 10 0.9050736 0.0374609 0.02995346 0.0274815
v -4.056653 4.309292 45.10252 6 6 4 6 0.8157931 0.1285115 0.02920577 0.02645914
v -4.325511 4.303359 45.28171 6 6 6 10 0.9016098 0.03707942 0.03195239 0.02932784
v -4.108705 4.529582 44.92334 6 6 4 10 0.455436 0.3229572 0.1359884 0.08558785
v -4.108705 4.529582 44.92334 6 6 4 10 0.455436 0.3229572 0.1359884 0.08558785
v -4.325511 4.303359 45.28171 6 6 6 10 0.9016098 0.03707942 0.03195239 0.02932784
v -3.51951 5.233083 45.11042 6 6 4 10 0.4560159 0.3220722 0.1361715 0.08570993
v -3.233139 4.969805 45.11042 6 6 4 10 0.4560159 0.3220722 0.1361715 0.08570993
v -2.919104 4.999221 45.11042 6 6 4 10 0.4617227 0.316701 0.1338979 0.08763256
v -3.393469 5.473891 45.11042 6 6 4 10 0.4560159 0.3220722 0.1361715 0.08570993
v -3.51951 5.233083 45.11042 6 6 4 10 0.4560159 0.3220722 0.1361715 0.08570993
v -3.393469 5.473891 45.11042 6 6 4 10 0.4560159 0.3220722 0.1361715 0.08570993
v -3.445333 5.797157 42.62162 6 6 4 6 0.3926299 0.3185473 0.246006 0.0427863
v -3.569783 5.545667 42.62162 6 6 4 6 0.4104677 0.3226368 0.2183566 0.04850843
v -3.283091 5.299961 42.62162 6 6 4 6 0.375082 0.314519 0.2731975 0.03717098
v -2.96933 5.34561 42.62162 6 4 6 4 0.4227664 0.2613718 0.2531319 0.06269932
v -2.919104 4.999221 45.11042 6 6 4 10 0.4617227 0.316701 0.1338979 0.08763256
v -3.233139 4.969805 45.11042 6 6 4 10 0.4560159 0.3220722 0.1361715 0.08570993
v -2.799319 5.223708 45.11043 6 6 10 4 0.4940414 0.2945296 0.1246509 0.0867628
v -3.051687 5.499866 45.11043 6 6 10 4 0.5127642 0.2786755 0.1264515 0.08209354
v -3.051687 5.499866 45.11043 6 6 10 4 0.5127642 0.2786755 0.1264515 0.08209354
v -3.104121 5.844646 42.62162 6 4 4 6 0.4143893 0.3004044 0.147982 0.1372091
v -2.391477 5.415874 45.11042 6 6 10 4 0.4939498 0.2946059 0.1246357 0.08677806
v -2.610659 5.7019 45.11042 6 6 10 4 0.4939498 0.2946059 0.1246357 0.08677806
v -1.565564 5.69171 45.11043 6 6 10 4 0.5188373 0.2444037 0.1553826 0.08134585
v -1.714698 5.992197 45.11042 6 6 10 4 0.5499199 0.2097963 0.1596551 0.08059815
v -0.4162013 5.865982 45.11042 6 4 10 6 0.7693141 0.0980087 0.07890441 0.05374227
v -0.4636452 6.176051 45.11043 6 4 10 6 0.7683528 0.09796292 0.07931639 0.05433738
v -2.610659 5.7019 45.11042 6 6 10 4 0.4939498 0.2946059 0.1246357 0.08677806
v -2.660493 6.047873 42.62162 6 4 4 6 0.3251545 0.2863661 0.2015717 0.1868772
v -1.714698 5.992197 45.11042 6 6 10 4 0.5499199 0.2097963 0.1596551 0.08059815
v -1.757953 6.351759 42.62162 6 6 4 4 0.3756161 0.2328069 0.1444419 0.2471046
v -0.4636452 6.176051 45.11043 6 4 10 6 0.7683528 0.09796292 0.07931639 0.05433738
v -0.4950708 6.552017 42.62163 6 4 6 4 0.5309377 0.2017853 0.1390249 0.1282368
v 3.219912 5.437381 45.11042 6 6 4 10 0.4562448 0.3218586 0.13608 0.08578622
v 2.78825 4.970889 45.11044 6 6 10 4 0.518288 0.273991 0.1270008 0.08070496
v 3.098031 4.932071 45.11042 6 6 4 10 0.4560159 0.3220722 0.1361715 0.08570993
v 3.361929 5.189017 45.11043 6 6 4 10 0.4560159 0.3220722 0.1361715 0.08570993
v 3.209238 5.730461 42.62163 6 6 4 6 0.4086976 0.3214923 0.222034 0.04776074
v 3.219912 5.437381 45.11042 6 6 4 10 0.4562448 0.3218586 0.13608 0.08578622
v 3.361929 5.189017 45.11043 6 6 4 10 0.4560159 0.3220722 0.1361715 0.08570993
v 3.350745 5.468061 42.62163 6 6 4 6 0.3801022 0.3156787 0.2654307 0.03877318
v 3.098031 4.932071 45.11042 6 6 4 10 0.4560159 0.3220722 0.1361715 0.08570993
v 2.78825 4.970889 45.11044 6 6 10 4 0.518288 0.273991 0.1270008 0.08070496
v 2.774223 5.285663 42.62163 6 4 4 6 0.3258259 0.2864729 0.2011597 0.186511
v 3.084926 5.227736 42.62163 6 6 4 6 0.3949187 0.3190204 0.2425116 0.04351873
v 2.882935 5.472598 45.11043 6 6 10 4 0.4939651 0.2945907 0.1246357 0.08677806
v 2.656432 5.199703 45.11043 6 6 10 4 0.4939498 0.2946059 0.1246357 0.08677806
v 2.871134 5.788792 42.62162 6 4 4 6 0.3252003 0.2863813 0.2015412 0.1868467
v 2.882935 5.472598 45.11043 6 6 10 4 0.4939651 0.2945907 0.1246357 0.08677806
v 2.035449 5.838875 45.11043 6 6 10 4 0.4939498 0.2946059 0.1246357 0.08677806
v 1.876779 5.545939 45.11043 6 6 10 4 0.4939498 0.2946059 0.1246357 0.08677806
v 0.8055373 6.126807 45.11042 10 6 6 4 0.1632563 0.1806668 0.5760891 0.07995728
v 0.7478992 5.818856 45.11043 10 6 6 4 0.1632563 0.1806668 0.5760891 0.07995728
v 2.023616 6.179318 42.62164 6 6 4 4 0.3251545 0.1868772 0.2863661 0.2015717
v 2.035449 5.838875 45.11043 6 6 10 4 0.4939498 0.2946059 0.1246357 0.08677806
v 0.7863345 6.495176 42.62162 6 4 6 4 0.5298085 0.2149386 0.1572747 0.09794766
v 0.8055373 6.126807 45.11042 10 6 6 4 0.1632563 0.1806668 0.5760891 0.07995728
v 2.369557 6.169693 43.61029 6 6 10 4 0.4938125 0.2944839 0.1241627 0.08752575
v 2.232978 6.258393 43.60945 6 6 10 4 0.4930953 0.2956893 0.1242542 0.08693065
v 2.232978 6.258393 43.60945 6 6 10 4 0.4930953 0.2956893 0.1242542 0.08693065
v 2.369557 6.169693 43.61029 6 6 10 4 0.4938125 0.2944839 0.1241627 0.08752575
v 1.658376 6.199947 44.5639 6 6 10 4 0.5760738 0.1806821 0.1632563 0.07995728
v 1.432202 6.335652 44.33644 6 6 10 4 0.5760891 0.1806668 0.1632563 0.07995728
v 1.658677 6.219498 44.33598 6 6 10 4 0.5753261 0.1815366 0.1631189 0.07998779
v 1.657338 6.246813 44.10783 6 4 6 4 0.5289997 0.2102998 0.1629053 0.09777981
v 1.625914 6.258825 45.22451 6 6 10 4 0.5760891 0.1806668 0.1632563 0.07995728
v 1.759543 6.000099 45.01033 6 6 10 4 0.5342794 0.2272068 0.1575189 0.08097963
v 1.749162 6.32028 42.70248 6 6 4 4 0.1937133 0.4554971 0.2304875 0.1202716
v 1.618018 6.6118 42.4907 6 4 6 4 0.5207904 0.2168917 0.1617609 0.1005112
v 1.245516 6.527188 42.7034 6 4 6 4 0.5298085 0.2150301 0.1573663 0.09777981
v 1.258448 6.194712 45.01116 6 6 10 4 0.5760891 0.1806668 0.1632563 0.07995728
v 0.7813139 6.135642 45.23165 10 6 6 4 0.1632563 0.1806668 0.5760891 0.07995728
v 1.059953 6.265111 45.03403 6 6 10 4 0.5760891 0.1806668 0.1632563 0.07995728
v 2.391264 5.672477 45.22501 6 6 10 4 0.4939498 0.2946059 0.1246357 0.08677806
v 1.993161 5.663252 45.23166 6 6 10 4 0.4939498 0.2946059 0.1246357 0.08677806
v 0.5467248 6.384813 45.22501 10 6 6 4 0.1620966 0.1792935 0.5784237 0.08015564
v 1.960682 5.915193 45.03403 6 6 10 4 0.4939498 0.2946059 0.1246357 0.08677806
v 0.9420329 6.482279 45.23165 6 6 10 4 0.5760891 0.1806668 0.1632563 0.07995728
v 1.059953 6.265111 45.03403 6 6 10 4 0.5760891 0.1806668 0.1632563 0.07995728
v 2.269988 5.974403 45.23166 6 6 10 4 0.4939498 0.2946059 0.1246357 0.08677806
v 0.5467248 6.384813 45.22501 10 6 6 4 0.1620966 0.1792935 0.5784237 0.08015564
v 1.960682 5.915193 45.03403 6 6 10 4 0.4939498 0.2946059 0.1246357 0.08677806
v 2.37247 6.069282 44.33597 6 6 10 4 0.4939498 0.2946059 0.1246357 0.08677806
v 2.372962 6.094849 44.10782 6 6 10 4 0.4939498 0.2946059 0.1246357 0.08677806
v 2.668513 6.073736 44.33644 6 6 10 4 0.4939498 0.2946059 0.1246357 0.08677806
v 2.372222 6.051139 44.5639 6 6 10 4 0.4939498 0.2946059 0.1246357 0.08677806
v 2.236 6.156479 44.33515 6 6 10 4 0.4939498 0.2946059 0.1246357 0.08677806
v 2.235719 6.137859 44.56306 6 6 10 4 0.4939498 0.2946059 0.1246357 0.08677806
v 2.04393 6.199008 44.56277 6 6 10 4 0.4930953 0.2953689 0.1247425 0.0867628
v 1.837054 6.220719 44.56306 6 6 10 4 0.5642786 0.1938048 0.1616388 0.08024719
v 1.837358 6.240182 44.33514 6 6 10 4 0.469337 0.316762 0.1276112 0.08625925
v 2.044224 6.218161 44.33485 6 6 10 4 0.4939498 0.2946059 0.1246357 0.08677806
v 2.235719 6.137859 44.56306 6 6 10 4 0.4939498 0.2946059 0.1246357 0.08677806
v 2.372222 6.051139 44.5639 6 6 10 4 0.4939498 0.2946059 0.1246357 0.08677806
v 2.668513 6.073736 44.33644 6 6 10 4 0.4939498 0.2946059 0.1246357 0.08677806
v 2.435121 6.230088 44.33503 6 6 10 4 0.4939498 0.2946059 0.1246357 0.08677806
v 2.099971 6.34082 44.33452 6 6 10 4 0.4939498 0.2946059 0.1246357 0.08677806
v 1.738669 6.376058 44.33502 6 6 10 4 0.5755245 0.1812924 0.1631647 0.07997254
v 1.837054 6.220719 44.56306 6 6 10 4 0.5642786 0.1938048 0.1616388 0.08024719
v 2.04393 6.199008 44.56277 6 6 10 4 0.4930953 0.2953689 0.1247425 0.0867628
v 1.432202 6.335652 44.33644 6 6 10 4 0.5760891 0.1806668 0.1632563 0.07995728
v 1.658376 6.199947 44.5639 6 6 10 4 0.5760738 0.1806821 0.1632563 0.07995728
v 2.236163 6.182737 44.10699 6 6 10 4 0.4939498 0.2946059 0.1246357 0.08677806
v 1.836482 6.267483 44.10699 6 6 4 10 0.4102235 0.4047303 0.0982681 0.08674754
v 2.04389 6.245108 44.10669 6 6 10 4 0.4927748 0.2961166 0.1241321 0.08693065
v 2.372962 6.094849 44.10782 6 6 10 4 0.4939498 0.2946059 0.1246357 0.08677806
v 2.236163 6.182737 44.10699 6 6 10 4 0.4939498 0.2946059 0.1246357 0.08677806
v 2.04389 6.245108 44.10669 6 6 10 4 0.4927748 0.2961166 0.1241321 0.08693065
v 1.836482 6.267483 44.10699 6 6 4 10 0.4102235 0.4047303 0.0982681 0.08674754
v 1.657338 6.246813 44.10783 6 4 6 4 0.5289997 0.2102998 0.1629053 0.09777981
v 0.8467073 6.295602 45.53741 6 6 10 4 0.5761043 0.1806668 0.163241 0.07995728
v 2.142604 5.799644 45.53742 6 6 10 4 0.4937972 0.2948043 0.1246052 0.08674754
v 0.8467073 6.295602 45.53741 6 6 10 4 0.5761043 0.1806668 0.163241 0.07995728
v 2.142604 5.799644 45.53742 6 6 10 4 0.4937972 0.2948043 0.1246052 0.08674754
v -0.4119027 6.501268 44.97067 6 4 10 6 0.8209049 0.1019608 0.04168765 0.03541619
v -0.4399495 6.237775 44.97068 6 4 10 6 0.820325 0.1019303 0.04246586 0.03524834
v 0.6598015 6.057221 44.97068 10 6 6 4 0.163241 0.1806668 0.5761043 0.07995728
v 0.7642426 6.310131 44.97067 10 6 6 4 0.1632563 0.1806668 0.5760891 0.07995728
v -0.4398914 6.849432 42.69174 6 4 4 6 0.6992752 0.1875944 0.06034943 0.05275044
v -0.4119027 6.501268 44.97067 6 4 10 6 0.8209049 0.1019608 0.04168765 0.03541619
v 0.7642426 6.310131 44.97067 10 6 6 4 0.1632563 0.1806668 0.5760891 0.07995728
v 0.7466242 6.651895 42.69174 6 4 6 4 0.5298085 0.2150301 0.157351 0.09777981
v -0.4399495 6.237775 44.97068 6 4 10 6 0.820325 0.1019303 0.04246586 0.03524834
v -0.4695489 6.592294 42.69173 6 4 4 6 0.685481 0.1740597 0.09788662 0.04252689
v 0.639728 6.40532 42.69175 6 4 6 4 0.5298238 0.2148928 0.157229 0.09802396
v 0.6598015 6.057221 44.97068 10 6 6 4 0.163241 0.1806668 0.5761043 0.07995728
v -1.778552 6.222576 44.94172 6 6 10 4 0.5758602 0.1809262 0.1632258 0.07997254
v -1.840117 6.489679 44.94171 6 6 10 4 0.5760738 0.1806821 0.1632563 0.07995728
v -2.341146 6.439097 44.73784 10 6 6 4 0.1246509 0.2947128 0.4938277 0.08677806
v -2.249105 6.172002 44.73785 10 6 6 4 0.1246357 0.2946059 0.4939498 0.08677806
v -1.840117 6.489679 44.94171 6 6 10 4 0.5760738 0.1806821 0.1632563 0.07995728
v -1.878423 6.796941 42.7207 6 6 4 4 0.5296865 0.1574121 0.09781033 0.2150454
v -2.377061 6.695705 42.92457 6 4 4 6 0.3250934 0.2863508 0.2015412 0.1869993
v -2.341146 6.439097 44.73784 10 6 6 4 0.1246509 0.2947128 0.4938277 0.08677806
v -1.818058 6.54578 42.7207 6 6 4 4 0.525536 0.1594568 0.09907683 0.2159152
v -1.778552 6.222576 44.94172 6 6 10 4 0.5758602 0.1809262 0.1632258 0.07997254
v -2.249105 6.172002 44.73785 10 6 6 4 0.1246357 0.2946059 0.4939498 0.08677806
v -2.286111 6.446498 42.92457 6 4 4 6 0.3251392 0.2863661 0.2015717 0.1868925
v -2.574013 6.421247 44.41077 6 6 10 4 0.4939498 0.2946059 0.1246357 0.08677806
v -2.46831 6.157026 44.41075 6 6 10 4 0.4939498 0.2946059 0.1246357 0.08677806
v -2.598563 6.590144 43.25166 6 4 4 6 0.3274586 0.2835889 0.2005798 0.1883269
v -2.574013 6.421247 44.41077 6 6 10 4 0.4939498 0.2946059 0.1246357 0.08677806
v -2.46831 6.157026 44.41075 6 6 10 4 0.4939498 0.2946059 0.1246357 0.08677806
v -2.493676 6.339621 43.25166 6 4 4 6 0.3257649 0.2856336 0.2013123 0.187274
v 2.152549 6.093996 42.69175 6 4 4 6 0.3251545 0.2863661 0.2015717 0.1868772
v 2.164297 5.775676 44.97067 6 6 10 4 0.4939498 0.2946059 0.1246357 0.08677806
v 1.956367 5.537755 44.97067 6 6 10 4 0.4939498 0.2946059 0.1246357 0.08677806
v 1.942195 5.864908 42.69175 6 4 4 6 0.3251545 0.2863661 0.2015717 0.1868772
v 2.135224 6.134758 44.97067 6 6 10 4 0.4939498 0.2946059 0.1246357 0.08677806
v 1.563431 5.405988 44.97066 6 6 10 4 0.487892 0.3000534 0.1253834 0.08664072
v 1.956367 5.537755 44.97067 6 6 10 4 0.4939498 0.2946059 0.1246357 0.08677806
v 2.164297 5.775676 44.97067 6 6 10 4 0.4939498 0.2946059 0.1246357 0.08677806
v 2.126703 6.441722 42.69175 6 4 4 6 0.325124 0.2863661 0.2015564 0.186923
v 2.135224 6.134758 44.97067 6 6 10 4 0.4939498 0.2946059 0.1246357 0.08677806
v 1.563431 5.405988 44.97066 6 6 10 4 0.487892 0.3000534 0.1253834 0.08664072
v 1.548082 5.730685 42.69175 6 4 4 6 0.3251392 0.2863661 0.2015564 0.1869078
v 1.190869 6.498025 44.97067 6 6 10 4 0.5760891 0.1806668 0.1632563 0.07995728
v 0.8024988 5.713172 44.97068 10 6 6 4 0.1632563 0.1806668 0.5760891 0.07995728
v 1.111017 5.421904 44.97066 6 6 10 4 0.5760891 0.1806668 0.1632563 0.07995728
v 1.783589 6.47973 44.97067 6 6 10 4 0.5760891 0.1806821 0.1632563 0.07995728
v 1.17904 6.820972 42.69175 6 4 6 4 0.5298085 0.2150301 0.1573663 0.09777981
v 1.190869 6.498025 44.97067 6 6 10 4 0.5760891 0.1806668 0.1632563 0.07995728
v 1.783589 6.47973 44.97067 6 6 10 4 0.5760891 0.1806821 0.1632563 0.07995728
v 1.77786 6.773044 42.69175 6 6 4 4 0.1573663 0.5297933 0.2150301 0.09777981
v 0.8024988 5.713172 44.97068 10 6 6 4 0.1632563 0.1806668 0.5760891 0.07995728
v 0.7820599 6.061969 42.69175 6 4 6 4 0.5298543 0.2146181 0.1569238 0.09857328
v 1.09319 5.754445 42.69175 6 4 6 4 0.4016327 0.2414282 0.2198062 0.1371023
v 1.111017 5.421904 44.97066 6 6 10 4 0.5760891 0.1806668 0.1632563 0.07995728
v 1.036631 6.286355 46.50187 6 10 6 10 0.8913558 0.05185015 0.03424124 0.02252232
v 1.036631 5.947133 46.45155 6 10 6 10 0.8913558 0.05185015 0.03424124 0.02252232
v -1.390359 6.258576 46.50673 6 10 6 10 0.8913558 0.05185015 0.03424124 0.02252232
v -1.390357 5.923089 46.45577 6 10 6 10 0.8913558 0.05185015 0.03424124 0.02252232
v 1.036631 6.286355 46.50187 6 10 6 10 0.8913558 0.05185015 0.03424124 0.02252232
v -1.390359 6.258576 46.50673 6 10 6 10 0.8913558 0.05185015 0.03424124 0.02252232
v 1.896291 5.880025 41.54506 4 4 6 4 0.5528649 0.2307469 0.1675135 0.04884413
v 0.8684699 6.160064 41.54713 6 4 4 4 0.4723125 0.3422446 0.09376669 0.09164569
v -0.09277394 -1.541176 41.54162 6 4 6 4 0.7058213 0.273579 0.01332113 0.007248036
v 0.7702414 -1.791798 41.54099 6 4 6 4 0.005905242 0.03584344 0.5048752 0.4533455
v 2.661867 5.598787 41.54905 4 6 6 4 0.6368963 0.2216678 0.0923476 0.04905776
v -0.09277223 6.332333 41.54186 6 4 4 4 0.4937667 0.3495537 0.09822232 0.05844205
v 3.896542 5.016884 41.5523 6 4 4 6 0.4734569 0.2248417 0.1755398 0.1261158
v 5.06374 0.8973072 41.54267 6 4 6 4 0.5141375 0.440177 0.03871214 0.006942855
v 5.175266 2.857124 41.54402 6 4 6 4 0.4979019 0.4165408 0.04480049 0.04074159
v -1.054014 6.160066 41.54714 4 4 6 4 0.4825055 0.252018 0.2233005 0.04214542
v -2.081838 5.880026 41.54505 4 6 4 6 0.3820554 0.2215457 0.214023 0.1823453
v -0.9557891 -1.791798 41.54099 6 4 6 4 0.01330587 0.007293812 0.7055467 0.2738231
v -2.851343 5.548744 41.5499 4 6 6 4 0.6256962 0.2263523 0.1024033 0.04551766
v -4.082085 5.016887 41.55229 6 4 4 6 0.4734874 0.2247349 0.1755398 0.1262074
v -1.859248 -1.784191 41.5405 6 4 4 6 0.7470817 0.2111696 0.0373846 0.004318303
v -5.249287 0.8973067 41.54266 6 4 6 4 0.5108263 0.4432136 0.03842222 0.00749218
v -5.360813 2.857125 41.54403 4 6 6 4 0.4950332 0.395758 0.07824826 0.03093004
v 2.021061 5.653819 44.11664 6 6 10 4 0.4939498 0.2946059 0.1246357 0.08677806
v 0.9896472 6.14129 44.1285 6 6 10 4 0.5876554 0.1829862 0.1441367 0.08519112
v 2.06272 5.673929 45.07661 6 6 10 4 0.4939498 0.2946059 0.1246357 0.08677806
v 1.025897 6.147708 45.04708 6 6 10 4 0.5760891 0.1806668 0.1632563 0.07995728
v 1.124319 5.931156 46.91706 6 10 6 10 0.8913558 0.05185015 0.03424124 0.02252232
v 2.193862 5.401483 46.93367 6 10 10 6 0.3588159 0.2429694 0.2342565 0.1639124
v 0.7470692 -1.598282 43.1264 0 10 6 4 0 0.1883879 0.7194934 0.09210346
v -0.07312937 -1.507063 43.19725 10 6 4 10 0.1883879 0.7194934 0.09210346 0
v -0.05879991 6.230273 44.17167 6 4 10 6 0.8209201 0.1019608 0.04167239 0.03541619
v 2.878672 5.27563 44.11179 6 6 10 4 0.4948501 0.2940719 0.1244221 0.08662546
v 1.723691 -1.302249 43.17514 6 10 6 4 0.01368734 0.1883879 0.7142901 0.08361944
v 2.859285 -0.924372 43.16339 6 10 6 4 0.001754788 0.1445945 0.8281376 0.02548257
v 1.751117 -1.426224 44.07893 6 10 4 6 0.6391242 0.2992142 0.04063477 0.02099641
v 2.884065 -0.7969385 44.05843 6 10 6 4 0.01351949 0.1969177 0.6779126 0.1116197
v 3.641576 -0.2187665 44.04285 6 10 6 4 0.01297017 0.01249714 0.7622339 0.2122682
v 4.217394 0.4420972 44.06747 6 10 6 4 0.1938353 0.01074235 0.5293965 0.2659953
v 4.500992 1.224298 44.11196 6 10 6 4 0.1938353 0.01074235 0.5293965 0.2659953
v 1.861029 -1.675197 45.06533 10 6 4 6 0.6076601 0.3668727 0.01925689 0.006179904
v 2.964983 -0.9445041 45.00354 6 10 4 6 0.4732891 0.4314641 0.08731212 0.007904174
v 3.6835 -0.2355142 45.03373 6 10 6 4 0.0327306 0.05430686 0.706569 0.206363
v 4.24023 0.4198129 44.98853 6 10 6 4 0.2280613 0.146334 0.4629587 0.1626154
v 4.625225 1.273934 45.07244 6 6 4 10 0.4628824 0.2281376 0.1625849 0.1463645
v 4.325441 -0.04320774 46.80686 6 10 6 4 0.5571985 0.323949 0.07469291 0.04412909
v 4.694142 1.051856 46.82621 6 6 10 4 0.3514153 0.3489128 0.2683757 0.03126574
v 4.742902 2.615196 44.08285 6 4 6 10 0.6991226 0.160174 0.1260395 0.0146334
v 4.788714 2.793466 45.01284 6 10 6 4 0.5594262 0.2726482 0.1297932 0.03811704
v 4.760357 2.572793 46.85677 6 10 6 10 0.5527734 0.3274891 0.08326849 0.03643854
v 3.975776 4.548155 44.12674 6 6 4 10 0.4402075 0.3451591 0.1321736 0.08242924
v 4.094417 4.468396 45.07187 6 6 4 10 0.4489509 0.3328908 0.1338674 0.08424506
v 4.177363 4.076266 46.7899 10 6 6 10 0.3915617 0.286717 0.2114443 0.1102617
v 2.933754 5.302084 45.06635 6 6 10 4 0.4994583 0.2899367 0.1251698 0.08540475
v 3.107512 4.933618 46.91626 10 6 10 6 0.3489738 0.3473259 0.1824369 0.1212482
v -0.05576612 6.226785 45.13467 6 4 10 6 0.8209201 0.1019608 0.04167239 0.03541619
v -0.05576563 5.940487 46.93049 6 6 6 6 1 0 0 0
v -2.13999 5.653966 44.11664 6 6 10 4 0.4939498 0.2946059 0.1246357 0.08677806
v -1.108074 6.141434 44.1285 6 6 10 4 0.5768368 0.1808194 0.162005 0.08029297
v -2.174252 5.673929 45.07661 6 6 10 4 0.4939498 0.2946059 0.1246357 0.08677806
v -1.13743 6.147708 45.04709 6 6 10 4 0.5760891 0.1806668 0.1632563 0.07995728
v -1.23585 5.931156 46.91706 6 10 6 10 0.8913558 0.05185015 0.03424124 0.02252232
v -2.305394 5.401483 46.93367 6 10 10 6 0.3588159 0.2429694 0.2342565 0.1639124
v -0.8950517 -1.598307 43.1264 0 10 6 4 0 0.1883879 0.7194934 0.09210346
v -2.997708 5.275933 44.11179 6 6 10 4 0.5070268 0.2869917 0.121416 0.08453498
v -1.867376 -1.302232 43.17514 6 10 6 4 0.01368734 0.1883879 0.7142901 0.08361944
v -3.002319 -0.9243512 43.16339 6 10 6 4 0.001724269 0.1444419 0.8287632 0.0250248
v -1.869516 -1.426213 44.07893 6 10 4 6 0.6391242 0.2992142 0.04063477 0.02099641
v -3.001668 -0.7979081 44.05843 6 10 6 4 0.01351949 0.1969177 0.6779126 0.1116197
v -3.759669 -0.2196174 44.04285 6 10 6 4 0.01297017 0.01249714 0.7622339 0.2122682
v -4.334841 0.4419169 44.06747 6 10 6 4 0.1938353 0.01074235 0.5293965 0.2659953
v -4.617495 1.223887 44.11196 6 10 6 4 0.1938353 0.01074235 0.5293965 0.2659953
v -1.972562 -1.675197 45.06533 10 6 4 6 0.6076601 0.3668727 0.01925689 0.006179904
v -3.076515 -0.9445043 45.00355 6 10 4 6 0.4732891 0.4314641 0.08731212 0.007904174
v -3.795031 -0.2355141 45.03373 6 10 6 4 0.0327306 0.05430686 0.706569 0.206363
v -4.351762 0.4198128 44.98853 6 10 6 4 0.2280613 0.146334 0.4629587 0.1626154
v -4.736758 1.273934 45.07245 6 6 4 10 0.4622416 0.2287785 0.1623407 0.1466087
v -4.436975 -0.04320769 46.80685 6 10 6 4 0.5571985 0.323949 0.07470817 0.04412909
v -4.805674 1.051856 46.8262 6 6 10 4 0.3514153 0.3489128 0.2683757 0.03126574
v -4.617495 1.223887 44.11196 6 10 6 4 0.1938353 0.01074235 0.5293965 0.2659953
v -4.861637 2.614713 44.08284 6 4 6 10 0.6991226 0.160174 0.1260395 0.0146334
v -4.736758 1.273934 45.07245 6 6 4 10 0.4622416 0.2287785 0.1623407 0.1466087
v -4.900246 2.793466 45.01283 6 10 6 4 0.5592889 0.2727245 0.1298238 0.0381323
v -4.805674 1.051856 46.8262 6 6 10 4 0.3514153 0.3489128 0.2683757 0.03126574
v -4.87189 2.572793 46.85677 6 10 6 10 0.5466545 0.3321736 0.08517586 0.03598077
v -4.094516 4.548216 44.12674 6 6 4 10 0.5114214 0.3263294 0.1033646 0.05885405
v -4.205948 4.468397 45.07187 6 6 4 10 0.4768902 0.3550164 0.103151 0.06492714
v -4.288898 4.076266 46.78989 10 6 6 10 0.3849699 0.2819715 0.224979 0.1080491
v -3.045287 5.302085 45.06635 6 6 4 10 0.4971847 0.28336 0.1197986 0.09962615
v -3.219044 4.933618 46.91625 10 6 6 10 0.3914702 0.2877241 0.2095216 0.1112535
v 0.8147711 -2.201869 43.89306 0 0 10 6 0 0 0.4110323 0.5889525
v 1.066391 -2.42669 43.86667 6 10 6 6 0.5911192 0.4088655 0 0
v 1.066391 -2.42669 43.86667 6 10 6 6 0.5911192 0.4088655 0 0
v 1.531938 -2.338083 44.70038 10 6 9 6 0.5498131 0.4248112 0.01309224 0.01225299
v 0.7232136 -2.3201 44.65091 6 9 10 6 0.01240558 0.0134432 0.547982 0.4261387
v 1.164487 -1.940625 44.62845 10 6 9 6 0.547982 0.4261387 0.0134432 0.01240558
v 1.391399 -1.91198 43.96672 6 10 4 6 0.6389258 0.2995041 0.04055848 0.02098116
v 0.8147711 -2.201869 43.89306 0 0 10 6 0 0 0.4110323 0.5889525
v 1.164487 -1.940625 44.62845 10 6 9 6 0.547982 0.4261387 0.0134432 0.01240558
v 1.531938 -2.338083 44.70038 10 6 9 6 0.5498131 0.4248112 0.01309224 0.01225299
v 3.794783 -0.977756 46.00101 10 6 9 4 0.5647212 0.3967498 0.02226291 0.0162356
v 3.953101 -1.037351 45.95211 10 6 9 4 0.564477 0.396994 0.02224765 0.01625086
v 3.00545 -1.910273 46.65616 10 6 9 10 0.775494 0.1541619 0.07032883 0
v 3.151822 -2.001182 46.59409 10 6 9 10 0.775494 0.1541619 0.07032883 0
v 2.81565 -2.040373 45.9807 10 6 9 10 0.775494 0.1541619 0.07032883 0
v 2.669304 -1.949369 46.04278 10 6 9 10 0.775494 0.1541619 0.07032883 0
v 3.151822 -2.001182 46.59409 10 6 9 10 0.775494 0.1541619 0.07032883 0
v 2.81565 -2.040373 45.9807 10 6 9 10 0.775494 0.1541619 0.07032883 0
v 3.688075 -1.070699 45.30347 6 10 4 6 0.4732891 0.4314641 0.08731212 0.007904174
v 3.953101 -1.037351 45.95211 10 6 9 4 0.564477 0.396994 0.02224765 0.01625086
v -1.065655 -2.142459 43.89305 6 10 6 6 0.5913481 0.4086366 0 0
v -1.329477 -2.368692 43.86666 6 10 4 6 0.564065 0.3978637 0.02229343 0.01574731
v -1.241257 -2.455287 44.59415 10 6 9 6 0.547982 0.4261387 0.0134432 0.01240558
v -1.555633 -1.911388 43.96672 6 10 4 6 0.6391242 0.2992142 0.04063477 0.02099641
v -1.316901 -1.940697 44.62845 10 6 9 6 0.547982 0.4261387 0.0134432 0.01240558
v -0.9648733 -2.260009 44.65091 6 9 10 6 0.01240558 0.0134432 0.547982 0.4261387
v -1.065655 -2.142459 43.89305 6 10 6 6 0.5913481 0.4086366 0 0
v -1.316901 -1.940697 44.62845 10 6 9 6 0.547982 0.4261387 0.0134432 0.01240558
v -3.612028 -1.178111 45.47739 10 6 4 9 0.507332 0.4322118 0.04802014 0.01240558
v -0.9648733 -2.260009 44.65091 6 9 10 6 0.01240558 0.0134432 0.547982 0.4261387
v -1.241257 -2.455287 44.59415 10 6 9 6 0.547982 0.4261387 0.0134432 0.01240558
v -3.612028 -1.178111 45.47739 10 6 4 9 0.507332 0.4322118 0.04802014 0.01240558
v -3.070905 -1.910273 46.65617 10 6 9 10 0.775494 0.1541619 0.07032883 0
v -3.217276 -2.001182 46.59409 10 6 9 10 0.7754788 0.1541772 0.07032883 0
v -1.729561 -3.259895 47.72258 0 9 10 6 0 0.2508583 0.7294728 0.01965362
v -4.018555 -1.037351 45.95213 10 6 9 4 0.5610285 0.4002899 0.02188144 0.01675441
v -3.860238 -0.977756 46.00101 10 6 9 4 0.5630274 0.3983673 0.02209506 0.01647974
v -2.881105 -2.040373 45.9807 10 6 9 10 0.775494 0.1541619 0.07032883 0
v -2.734759 -1.949369 46.04278 10 6 9 10 0.775494 0.1541619 0.07032883 0
v -1.729561 -3.259895 47.72258 0 9 10 6 0 0.2508583 0.7294728 0.01965362
v -3.217276 -2.001182 46.59409 10 6 9 10 0.7754788 0.1541772 0.07032883 0
v -2.881105 -2.040373 45.9807 10 6 9 10 0.775494 0.1541619 0.07032883 0
v -4.018555 -1.037351 45.95213 10 6 9 4 0.5610285 0.4002899 0.02188144 0.01675441
v -3.75353 -1.070699 45.30348 6 10 4 6 0.4732891 0.4314641 0.08731212 0.007904174
v -1.303039 -2.25067 44.74295 10 6 9 6 0.547982 0.4261387 0.0134432 0.01240558
v -1.178254 -2.081107 44.67728 10 6 9 6 0.547982 0.4261387 0.0134432 0.01240558
v -1.239215 -2.12399 43.96964 6 10 9 6 0.5484245 0.4444495 0.003555352 0.003540093
v -1.053616 -2.233345 44.58314 10 6 9 6 0.547982 0.4261387 0.0134432 0.01240558
v -1.178265 -2.40507 44.64881 10 6 9 6 0.547982 0.4261387 0.0134432 0.01240558
v -1.303039 -2.25067 44.74295 10 6 9 6 0.547982 0.4261387 0.0134432 0.01240558
v 1.138862 -2.035275 44.34521 10 6 9 6 0.547982 0.4261387 0.0134432 0.01240558
v 1.281525 -2.203753 44.37262 10 6 9 6 0.547982 0.4261387 0.0134432 0.01240558
v 0.9960616 -2.187473 44.28935 10 6 9 6 0.547982 0.4261387 0.0134432 0.01240558
v 1.138851 -2.357387 44.31674 10 6 9 6 0.547982 0.4261387 0.0134432 0.01240558
v 1.281525 -2.203753 44.37262 10 6 9 6 0.547982 0.4261387 0.0134432 0.01240558
v 0.7939762 -1.714621 44.09257 0 0 10 6 0 0 0.4086976 0.5912871
v -0.0586135 -1.596872 44.18564 0 0 10 6 0 0 0.4104829 0.5895018
v 0.7773232 -1.961971 45.12386 10 6 9 6 0.547982 0.4261387 0.0134432 0.01240558
v 2.140563 -2.427197 46.85039 0 9 10 6 0 0.07032883 0.775494 0.1541619
v 0.9532513 -2.635512 46.85729 10 6 9 6 0.7743953 0.1192035 0.1051804 0.001190204
v 3.273856 -1.854842 46.88556 10 6 9 4 0.5956054 0.3612573 0.02929732 0.01380941
v 3.865595 -1.050715 46.88581 10 6 9 4 0.5649348 0.3965667 0.02229343 0.01617456
v 2.618847 -3.158605 48.6307 0 9 10 6 0 0.2676127 0.6438697 0.08848707
v 3.883105 -2.534348 48.5802 10 9 6 10 0.5729305 0.2814984 0.1455558 0
v 4.563324 -1.783835 48.62199 10 6 9 6 0.5558099 0.2333104 0.1942779 0.0165713
v 4.927887 -0.7432538 48.70472 10 9 6 6 0.5331655 0.2294194 0.1875944 0.04979019
v 5.000287 0.5033039 48.85972 10 9 6 6 0.5331655 0.1945525 0.1908446 0.08142214
v 4.95968 2.248479 48.77384 10 6 9 6 0.5318227 0.2702678 0.1710231 0.02685588
v -0.9129475 -1.714623 44.09257 6 10 6 6 0.5913481 0.4086366 0 0
v -0.8888552 -1.961971 45.12386 6 9 10 6 0.01240558 0.0134432 0.547982 0.4261387
v -1.064784 -2.635511 46.85728 6 9 10 6 0.001190204 0.1051804 0.7743953 0.1192035
v -2.252096 -2.427197 46.85038 0 9 10 6 0 0.07032883 0.775494 0.1541619
v -3.385388 -1.854842 46.88556 10 6 9 4 0.5650874 0.3963989 0.02232395 0.0161593
v -3.977127 -1.050715 46.8858 10 6 9 4 0.5570306 0.4041352 0.02146944 0.01733425
v -2.73038 -3.158605 48.63071 0 9 10 6 0 0.2812696 0.5740902 0.144625
v -3.994637 -2.534347 48.5802 10 9 6 10 0.5729305 0.2814984 0.1455558 0
v -4.674857 -1.783835 48.62199 10 6 9 6 0.5558099 0.2333104 0.1942779 0.0165713
v -5.039421 -0.7432538 48.70472 10 9 6 6 0.5331655 0.2294194 0.1875944 0.04979019
v -5.111819 0.5033038 48.85971 10 9 6 6 0.5331655 0.1945525 0.1908446 0.08142214
v -5.111819 0.5033038 48.85971 10 9 6 6 0.5331655 0.1945525 0.1908446 0.08142214
v -5.071211 2.24848 48.77384 10 6 9 6 0.5326314 0.2686351 0.171725 0.02696269
v 4.471091 3.920314 47.95172 10 10 6 10 0.6841993 0.144625 0.1113451 0.05980011
v 4.304953 3.788657 47.94951 10 10 6 10 0.6841993 0.144625 0.1113451 0.05980011
v 4.368906 3.501588 47.85315 10 10 6 10 0.669337 0.1414511 0.12607 0.06309605
v 4.788368 3.883463 47.88234 10 10 6 10 0.6840162 0.1445945 0.1115434 0.05981537
v 4.623832 3.665886 47.13305 6 10 10 6 0.7854429 0.117052 0.05433738 0.04313726
v 4.340612 3.546208 47.1153 6 10 10 6 0.7854429 0.117052 0.05433738 0.04313726
v 4.167198 3.694398 47.21443 6 10 10 6 0.783856 0.1169451 0.0561532 0.04303044
v 4.59941 4.068849 47.24677 6 10 10 6 0.7324483 0.1146258 0.1132372 0.03964294
v 4.623832 3.665886 47.13305 6 10 10 6 0.7854429 0.117052 0.05433738 0.04313726
v 4.59941 4.068849 47.24677 6 10 10 6 0.7324483 0.1146258 0.1132372 0.03964294
v 4.788368 3.883463 47.88234 10 10 6 10 0.6840162 0.1445945 0.1115434 0.05981537
v 4.812379 3.47379 47.76784 6 10 10 10 0.5745174 0.2896162 0.1019455 0.03389029
v 4.532989 3.351568 47.75303 6 10 10 10 0.5931334 0.2769055 0.0986038 0.03134203
v 4.812379 3.47379 47.76784 6 10 10 10 0.5745174 0.2896162 0.1019455 0.03389029
v 4.654202 3.209099 46.90772 6 10 10 6 0.7854429 0.117052 0.05433738 0.04313726
v 4.484932 3.111541 46.91255 6 10 10 6 0.7854429 0.117052 0.05433738 0.04313726
v 4.82846 3.012947 47.54506 6 10 10 10 0.5723049 0.2911116 0.1023575 0.03419547
v 4.654202 3.209099 46.90772 6 10 10 6 0.7854429 0.117052 0.05433738 0.04313726
v 4.26993 4.104816 47.31363 10 10 6 10 0.6790875 0.1444572 0.1178912 0.05853361
v 4.060368 3.975947 47.31043 10 10 6 10 0.6783704 0.1441825 0.1186236 0.05877775
v 4.304953 3.788657 47.94951 10 10 6 10 0.6841993 0.144625 0.1113451 0.05980011
v 4.471091 3.920314 47.95172 10 10 6 10 0.6841993 0.144625 0.1113451 0.05980011
v 4.82846 3.012947 47.54506 6 10 10 10 0.5723049 0.2911116 0.1023575 0.03419547
v 4.662398 2.913884 47.55144 6 10 10 10 0.5712062 0.2918593 0.1025559 0.03434806
v 4.060368 3.975947 47.31043 10 10 6 10 0.6783704 0.1441825 0.1186236 0.05877775
v 4.26993 4.104816 47.31363 10 10 6 10 0.6790875 0.1444572 0.1178912 0.05853361
v 4.368906 3.501588 47.85315 10 10 6 10 0.669337 0.1414511 0.12607 0.06309605
v 4.167198 3.694398 47.21443 6 10 10 6 0.783856 0.1169451 0.0561532 0.04303044
v 4.547071 3.966428 48.55261 10 10 6 10 0.6841993 0.144625 0.1113451 0.05980011
v 4.206811 3.896004 48.54342 10 10 6 10 0.6841993 0.144625 0.1113451 0.05980011
v 4.456253 3.140136 48.60271 6 10 10 10 0.5709468 0.2920424 0.1026017 0.03437858
v 4.955868 3.567264 48.61726 6 10 10 10 0.5709468 0.2920424 0.1026017 0.03437858
v 4.971456 3.05166 47.96117 6 10 10 10 0.5709468 0.2920424 0.1026017 0.03437858
v 4.790086 2.96658 47.96164 6 10 10 10 0.5709468 0.2920424 0.1026017 0.03437858
v 4.447413 3.152086 47.87529 6 10 10 10 0.5709621 0.2920272 0.1026017 0.03437858
v 4.947039 3.57809 47.88987 6 10 10 10 0.5709773 0.2920119 0.1026017 0.03437858
v 4.971456 3.05166 47.96117 6 10 10 10 0.5709468 0.2920424 0.1026017 0.03437858
v 4.947039 3.57809 47.88987 6 10 10 10 0.5709773 0.2920119 0.1026017 0.03437858
v 4.955868 3.567264 48.61726 6 10 10 10 0.5709468 0.2920424 0.1026017 0.03437858
v 4.984529 3.042078 48.68808 6 10 10 10 0.5709468 0.2920424 0.1026017 0.03437858
v 4.803154 2.956353 48.68854 6 10 10 10 0.5709468 0.2920424 0.1026017 0.03437858
v 4.984529 3.042078 48.68808 6 10 10 10 0.5709468 0.2920424 0.1026017 0.03437858
v 4.547559 3.982706 47.8252 10 10 6 10 0.684184 0.144625 0.1113603 0.05980011
v 4.20729 3.913612 47.81602 10 10 6 10 0.6841993 0.144625 0.1113451 0.05980011
v 4.206811 3.896004 48.54342 10 10 6 10 0.6841993 0.144625 0.1113451 0.05980011
v 4.547071 3.966428 48.55261 10 10 6 10 0.6841993 0.144625 0.1113451 0.05980011
v 4.20729 3.913612 47.81602 10 10 6 10 0.6841993 0.144625 0.1113451 0.05980011
v 4.547559 3.982706 47.8252 10 10 6 10 0.684184 0.144625 0.1113603 0.05980011
v 4.456253 3.140136 48.60271 6 10 10 10 0.5709468 0.2920424 0.1026017 0.03437858
v 4.447413 3.152086 47.87529 6 10 10 10 0.5709621 0.2920272 0.1026017 0.03437858
v -4.891835 3.920315 47.95172 10 10 6 10 0.6839704 0.1445945 0.1115282 0.0598764
v -5.197455 3.883466 47.88235 6 10 10 10 0.5466392 0.2787213 0.1343099 0.04029908
v -4.668731 3.50159 47.85316 6 10 10 10 0.5707332 0.2897383 0.1048753 0.03462272
v -4.684976 3.788658 47.94951 10 10 6 10 0.6839551 0.1445792 0.1115434 0.05989166
v -4.968137 3.665886 47.13303 6 10 10 6 0.7854429 0.117052 0.05433738 0.04313726
v -5.069177 4.06885 47.24678 6 10 10 6 0.7850462 0.1170214 0.05479515 0.04310674
v -4.519605 3.694399 47.21443 6 10 10 6 0.7853819 0.117052 0.05441367 0.04313726
v -4.652148 3.546209 47.11529 6 10 10 6 0.7854429 0.117052 0.05433738 0.04313726
v -5.197455 3.883466 47.88235 6 10 10 10 0.5466392 0.2787213 0.1343099 0.04029908
v -5.069177 4.06885 47.24678 6 10 10 6 0.7850462 0.1170214 0.05479515 0.04310674
v -4.968137 3.665886 47.13303 6 10 10 6 0.7854429 0.117052 0.05433738 0.04313726
v -5.105046 3.473791 47.76783 6 10 10 10 0.5710384 0.2919661 0.1025864 0.03436332
v -5.105046 3.473791 47.76783 6 10 10 10 0.5710384 0.2919661 0.1025864 0.03436332
v -4.795416 3.351569 47.75303 6 10 10 10 0.5717098 0.2915236 0.1024643 0.03427176
v -4.72578 2.23545 46.4896 6 10 6 10 0.5426871 0.3351949 0.08639658 0.03567559
v -4.912352 2.302275 46.47847 6 10 6 10 0.5426871 0.3351949 0.08639658 0.03567559
v -5.036373 2.110795 47.1248 6 10 6 10 0.5426871 0.3351949 0.08639658 0.03567559
v -4.912352 2.302275 46.47847 6 10 6 10 0.5426871 0.3351949 0.08639658 0.03567559
v -4.752072 4.104818 47.31363 6 10 10 6 0.6866713 0.1667201 0.1099413 0.03663691
v -4.891835 3.920315 47.95172 10 10 6 10 0.6839704 0.1445945 0.1115282 0.0598764
v -4.684976 3.788658 47.94951 10 10 6 10 0.6839551 0.1445792 0.1115434 0.05989166
v -4.499084 3.975947 47.31044 6 10 10 6 0.6679026 0.1880675 0.1085985 0.03540093
v -4.752072 4.104818 47.31363 6 10 10 6 0.6866713 0.1667201 0.1099413 0.03663691
v -4.499084 3.975947 47.31044 6 10 10 6 0.6679026 0.1880675 0.1085985 0.03540093
v -4.519605 3.694399 47.21443 6 10 10 6 0.7853819 0.117052 0.05441367 0.04313726
v -4.668731 3.50159 47.85316 6 10 10 10 0.5707332 0.2897383 0.1048753 0.03462272
v -5.031962 3.834949 48.55262 6 10 10 10 0.5703822 0.2917677 0.1033036 0.03451591
v -5.390591 3.45151 48.61726 6 10 10 10 0.5709468 0.2920424 0.1026017 0.03437858
v -4.841748 3.039813 48.60272 6 10 10 10 0.5709468 0.2920424 0.1026017 0.03437858
v -4.682553 3.767391 48.54341 10 6 10 10 0.4323186 0.310399 0.1603876 0.09687953
v -5.347311 2.954357 47.96118 6 10 10 10 0.5709468 0.2920424 0.1026017 0.03437858
v -5.38307 3.461926 47.88987 6 10 10 10 0.5709468 0.2920424 0.1026017 0.03437858
v -4.834223 3.051352 47.87529 6 10 10 10 0.5709468 0.2920424 0.1026017 0.03437858
v -5.156854 2.872128 47.96164 6 10 10 10 0.5709468 0.2920424 0.1026017 0.03437858
v -5.390591 3.45151 48.61726 6 10 10 10 0.5709468 0.2920424 0.1026017 0.03437858
v -5.38307 3.461926 47.88987 6 10 10 10 0.5709468 0.2920424 0.1026017 0.03437858
v -5.347311 2.954357 47.96118 6 10 10 10 0.5709468 0.2920424 0.1026017 0.03437858
v -5.359355 2.945101 48.68808 6 10 10 10 0.5709468 0.2920424 0.1026017 0.03437858
v -5.359355 2.945101 48.68808 6 10 10 10 0.5709468 0.2920424 0.1026017 0.03437858
v -5.168841 2.862242 48.68854 6 10 10 10 0.5709468 0.2920424 0.1026017 0.03437858
v -5.034587 3.850558 47.82519 10 6 10 10 0.5146563 0.2594492 0.1150683 0.1107958
v -5.031962 3.834949 48.55262 6 10 10 10 0.5703822 0.2917677 0.1033036 0.03451591
v -4.682553 3.767391 48.54341 10 6 10 10 0.4323186 0.310399 0.1603876 0.09687953
v -4.685309 3.784288 47.81603 10 10 6 10 0.6807812 0.1438468 0.1151904 0.06015106
v -5.034587 3.850558 47.82519 10 6 10 10 0.5146563 0.2594492 0.1150683 0.1107958
v -4.685309 3.784288 47.81603 10 10 6 10 0.6807812 0.1438468 0.1151904 0.06015106
v -4.834223 3.051352 47.87529 6 10 10 10 0.5709468 0.2920424 0.1026017 0.03437858
v -4.841748 3.039813 48.60272 6 10 10 10 0.5709468 0.2920424 0.1026017 0.03437858
v 2.875605 4.909356 46.41684 6 10 10 6 0.3588159 0.2429694 0.2342565 0.1639124
v 2.887506 4.999255 48.03923 10 10 6 10 0.503975 0.2951247 0.200885 0
v 2.747046 5.293295 48.01128 10 10 6 10 0.503975 0.2951247 0.200885 0
v 2.735153 5.199105 46.15055 6 10 10 6 0.3588159 0.2429694 0.2342565 0.1639124
v 3.10303 5.280661 48.01479 10 10 6 10 0.503975 0.2951247 0.200885 0
v 3.236604 4.967981 48.04419 10 10 6 10 0.503975 0.2951247 0.200885 0
v 3.224709 4.88479 46.66001 10 6 6 10 0.3798886 0.303975 0.1854582 0.1306477
v 3.09065 5.190873 46.3924 6 10 10 6 0.3588159 0.2429694 0.2342565 0.1639124
v 3.224709 4.88479 46.66001 10 6 6 10 0.3798886 0.303975 0.1854582 0.1306477
v 3.236604 4.967981 48.04419 10 10 6 10 0.503975 0.2951247 0.200885 0
v 2.747046 5.293295 48.01128 10 10 6 10 0.503975 0.2951247 0.200885 0
v 2.735153 5.199105 46.15055 6 10 10 6 0.3588159 0.2429694 0.2342565 0.1639124
v 3.559359 4.563073 46.24693 10 6 6 10 0.3919738 0.2870069 0.2105745 0.110399
v 3.408559 4.468777 46.48988 10 6 6 10 0.3919738 0.2870069 0.2105745 0.110399
v 3.511532 4.642837 46.70993 10 6 6 10 0.3919738 0.2870069 0.2105745 0.110399
v 3.511532 4.642837 46.70993 10 6 6 10 0.3919738 0.2870069 0.2105745 0.110399
v 3.663296 4.738415 46.46696 10 6 6 10 0.3919738 0.2870069 0.2105745 0.110399
v 3.559359 4.563073 46.24693 10 6 6 10 0.3919738 0.2870069 0.2105745 0.110399
v 4.044685 4.020918 49.3563 10 10 6 10 0.6824598 0.1464866 0.1080186 0.0630045
v 4.07766 4.267002 49.15501 10 10 6 10 0.6841993 0.144625 0.1113451 0.05980011
v 4.377306 3.841864 48.53954 10 10 6 10 0.6841993 0.144625 0.1113451 0.05980011
v 4.377992 3.507688 48.63565 6 10 10 10 0.5520867 0.2825208 0.1264668 0.0389105
v 4.07766 4.267002 49.15501 10 10 6 10 0.6841993 0.144625 0.1113451 0.05980011
v 4.346688 4.2769 49.3356 10 10 6 10 0.6829175 0.1459983 0.1089036 0.06215
v 4.706768 3.747066 48.61646 6 10 10 10 0.5253223 0.268986 0.1603265 0.0453193
v 4.377306 3.841864 48.53954 10 10 6 10 0.6841993 0.144625 0.1113451 0.05980011
v 4.70495 3.399733 48.71344 6 10 10 10 0.5709468 0.2920424 0.1026017 0.03437858
v 4.70495 3.399733 48.71344 6 10 10 10 0.5709468 0.2920424 0.1026017 0.03437858
v 4.36532 3.432256 47.72989 6 10 10 6 0.6657816 0.186923 0.1126421 0.03462272
v 4.689657 3.309027 47.6746 6 10 10 10 0.5872892 0.2809339 0.09961089 0.0321355
v 4.366682 3.778497 47.76686 10 10 6 10 0.68365 0.1445029 0.1119554 0.05984588
v 4.693575 3.668816 47.7107 6 10 10 10 0.5902495 0.2599222 0.1028611 0.04692149
v 4.366682 3.778497 47.76686 10 10 6 10 0.68365 0.1445029 0.1119554 0.05984588
v 4.689657 3.309027 47.6746 6 10 10 10 0.5872892 0.2809339 0.09961089 0.0321355
v 4.013795 3.832923 46.92662 6 10 6 10 0.6624857 0.1409018 0.1057603 0.0908217
v 4.27431 3.799836 46.75061 6 10 10 6 0.7851987 0.1170062 0.05450523 0.04325933
v 4.051638 4.108537 47.08232 10 6 6 10 0.3920348 0.2869612 0.2105745 0.110399
v 4.314288 4.082711 46.90591 10 6 6 10 0.3735866 0.2737468 0.2483864 0.1042496
v 4.051638 4.108537 47.08232 10 6 6 10 0.3920348 0.2869612 0.2105745 0.110399
v 4.27431 3.799836 46.75061 6 10 10 6 0.7851987 0.1170062 0.05450523 0.04325933
v -3.237701 4.750033 48.06431 10 10 6 10 0.503975 0.2951247 0.200885 0
v -3.60193 4.723567 48.06802 10 10 6 10 0.6817273 0.1550011 0.1062028 0.05703823
v -3.591181 4.665088 46.68343 10 6 6 10 0.3919738 0.2870069 0.2105745 0.110399
v -3.227602 4.686217 46.44148 10 6 6 10 0.3902342 0.2894636 0.2069581 0.1133135
v -3.46013 5.025936 48.03899 10 10 6 10 0.503975 0.2951247 0.200885 0
v -3.60193 4.723567 48.06802 10 10 6 10 0.6817273 0.1550011 0.1062028 0.05703823
v -3.61184 4.7848 49.45222 10 10 6 10 0.6492714 0.1989014 0.09221027 0.05958648
v -3.449713 4.965508 46.41617 10 6 6 10 0.3917296 0.2873579 0.2100557 0.110811
v -3.086958 5.035054 48.03669 10 10 6 10 0.503975 0.2951247 0.200885 0
v -3.077517 4.970919 46.17552 6 10 10 6 0.3588159 0.2429694 0.2342565 0.1639124
v -3.086958 5.035054 48.03669 10 10 6 10 0.503975 0.2951247 0.200885 0
v -3.077517 4.970919 46.17552 6 10 10 6 0.3588159 0.2429694 0.2342565 0.1639124
v -3.61184 4.7848 49.45222 10 10 6 10 0.6492714 0.1989014 0.09221027 0.05958648
v -3.591181 4.665088 46.68343 10 6 6 10 0.3919738 0.2870069 0.2105745 0.110399
v -3.814691 4.422524 49.69534 10 10 6 10 0.6803845 0.1488365 0.104448 0.06630045
v -3.914483 4.564695 49.44734 10 10 6 10 0.6841993 0.1446403 0.1113298 0.05980011
v -3.077517 4.970919 46.17552 6 10 10 6 0.3588159 0.2429694 0.2342565 0.1639124
v -3.227602 4.686217 46.44148 10 6 6 10 0.3902342 0.2894636 0.2069581 0.1133135
v -3.78695 4.264642 46.51311 10 6 6 10 0.3919738 0.2870069 0.2105745 0.110399
v -3.940791 4.363494 46.26946 10 6 6 10 0.3919738 0.2870069 0.2105745 0.110399
v -3.591181 4.665088 46.68343 10 6 6 10 0.3919738 0.2870069 0.2105745 0.110399
v -3.89071 4.432675 46.73269 10 6 6 10 0.3919738 0.2870069 0.2105745 0.110399
v -3.591181 4.665088 46.68343 10 6 6 10 0.3919738 0.2870069 0.2105745 0.110399
v -3.449713 4.965508 46.41617 10 6 6 10 0.3917296 0.2873579 0.2100557 0.110811
v -4.046593 4.532256 46.489 10 6 6 10 0.3919738 0.2870069 0.2105745 0.110399
v -3.89071 4.432675 46.73269 10 6 6 10 0.3919738 0.2870069 0.2105745 0.110399
v -3.077517 4.970919 46.17552 6 10 10 6 0.3588159 0.2429694 0.2342565 0.1639124
v -3.940791 4.363494 46.26946 10 6 6 10 0.3919738 0.2870069 0.2105745 0.110399
v -4.399063 3.650933 46.94725 6 10 10 6 0.7854429 0.117052 0.05433738 0.04313726
v -4.653707 3.626495 46.76981 6 10 10 6 0.7854429 0.117052 0.05433738 0.04313726
v -4.43748 3.916883 47.10268 6 10 10 6 0.7852293 0.1170367 0.05456626 0.043122
v -4.697345 3.898858 46.92485 6 10 10 6 0.7854429 0.117052 0.05433738 0.04313726
v -4.43748 3.916883 47.10268 6 10 10 6 0.7852293 0.1170367 0.05456626 0.043122
v -4.653707 3.626495 46.76981 6 10 10 6 0.7854429 0.117052 0.05433738 0.04313726
v -4.737221 3.256813 47.74874 6 10 10 10 0.5712825 0.2918135 0.1025406 0.0343328
v -5.040696 3.143675 47.69145 6 10 10 10 0.5710536 0.2919661 0.1025864 0.03436332
v -4.743789 3.591556 47.78563 6 10 10 10 0.6000153 0.2442969 0.1228656 0.0328069
v -5.055918 3.490812 47.7275 6 10 10 10 0.5718776 0.2914015 0.1024338 0.0342565
v -4.743789 3.591556 47.78563 6 10 10 10 0.6000153 0.2442969 0.1228656 0.0328069
v -5.040696 3.143675 47.69145 6 10 10 10 0.5710536 0.2919661 0.1025864 0.03436332
v -4.752011 3.31757 48.65448 6 10 10 10 0.5709468 0.2920424 0.1026017 0.03437858
v -5.059773 3.216876 48.73028 6 10 10 10 0.5709468 0.2920424 0.1026017 0.03437858
v -4.755707 3.64138 48.55829 6 10 10 10 0.5705196 0.2918288 0.1031357 0.03448539
v -5.07174 3.552481 48.63325 6 10 10 10 0.5709468 0.2920424 0.1026017 0.03437858
v -4.755707 3.64138 48.55829 6 10 10 10 0.5705196 0.2918288 0.1031357 0.03448539
v -5.059773 3.216876 48.73028 6 10 10 10 0.5709468 0.2920424 0.1026017 0.03437858
v -4.46401 4.038489 49.1754 10 10 6 10 0.6811932 0.1478294 0.1056229 0.06532387
v 3.42671 4.999918 46.81602 10 6 6 10 0.3919738 0.2870222 0.2105745 0.110399
v 3.174636 4.706697 46.84114 10 6 6 10 0.3919127 0.2870985 0.2104524 0.1105058
v 2.881171 4.756117 46.83542 6 10 10 6 0.3588312 0.2432288 0.234165 0.1637446
v 3.295799 5.27931 46.79019 6 10 10 6 0.3592279 0.2647593 0.226154 0.1498283
v 2.759835 5.015535 46.81133 6 10 10 6 0.3588159 0.2429694 0.2342565 0.1639124
v 2.979044 5.316668 46.78506 6 10 10 6 0.3588159 0.2429694 0.2342565 0.1639124
v 0.1185508 6.138537 49.17725 10 6 10 6 0.7793698 0.2159609 0.003372244 0.001266499
v 0.117475 5.841127 49.20678 10 6 10 6 0.7793698 0.2159609 0.003372244 0.001266499
v 1.199821 5.747303 49.2224 10 6 10 10 0.6355078 0.2419928 0.109575 0.01289387
v 1.29116 6.049462 49.19351 10 6 10 10 0.6349127 0.2423896 0.1097429 0.01292439
v 2.229599 5.433421 49.25984 10 10 6 10 0.5039292 0.2951705 0.2008698 0
v 2.405474 5.736677 49.23238 10 10 6 10 0.5039597 0.29514 0.2008698 0
v 2.217772 5.32303 46.78053 6 10 10 6 0.3588159 0.2429694 0.2342565 0.1639124
v 2.393475 5.630448 46.75307 6 10 10 6 0.3588159 0.2429694 0.2342565 0.1639124
v 1.195458 5.670771 46.74309 6 10 6 10 0.8913558 0.05185015 0.03424124 0.02252232
v 1.287065 5.982069 46.7142 6 10 6 10 0.8913558 0.05185015 0.03424124 0.02252232
v 0.1177158 5.784545 46.72747 6 6 6 6 1 0 0 0
v 0.1187348 6.093945 46.69793 6 6 6 6 1 0 0 0
v 2.979044 5.316668 46.78506 6 10 10 6 0.3588159 0.2429694 0.2342565 0.1639124
v 2.393475 5.630448 46.75307 6 10 10 6 0.3588159 0.2429694 0.2342565 0.1639124
v 2.405474 5.736677 49.23238 10 10 6 10 0.5039597 0.29514 0.2008698 0
v 1.287065 5.982069 46.7142 6 10 6 10 0.8913558 0.05185015 0.03424124 0.02252232
v 1.29116 6.049462 49.19351 10 6 10 10 0.6349127 0.2423896 0.1097429 0.01292439
v 0.1187348 6.093945 46.69793 6 6 6 6 1 0 0 0
v 0.1185508 6.138537 49.17725 10 6 10 6 0.7793698 0.2159609 0.003372244 0.001266499
v -3.527054 5.054137 46.7825 10 6 6 10 0.3919738 0.2870069 0.2105745 0.110399
v -3.05916 4.572541 46.82943 10 6 6 10 0.3915312 0.2876478 0.2096437 0.1111467
v -3.360034 4.50527 46.83411 10 6 6 10 0.3919738 0.2870069 0.2105745 0.110399
v -3.641217 4.773636 46.8079 10 6 6 10 0.3919738 0.2870069 0.2105745 0.110399
v -3.199404 5.112976 46.77847 6 10 10 6 0.3591363 0.259678 0.2280461 0.153109
v -2.949157 4.834159 46.8056 6 10 10 6 0.3588312 0.2434882 0.2340734 0.1635767
v -1.070517 6.022102 49.18343 10 6 10 10 0.6400702 0.2389563 0.1082017 0.01274128
v -3.668513 4.880991 49.28721 10 10 6 10 0.6797894 0.1514916 0.1089189 0.05976959
v -3.641217 4.773636 46.8079 10 6 6 10 0.3919738 0.2870069 0.2105745 0.110399
v -3.360034 4.50527 46.83411 10 6 6 10 0.3919738 0.2870069 0.2105745 0.110399
v -3.386812 4.616332 49.31343 10 10 6 10 0.6734416 0.1613642 0.1054398 0.05973907
v -2.277729 5.61483 46.73476 6 10 10 6 0.3588159 0.2429694 0.2342565 0.1639124
v -2.09471 5.321545 46.76324 6 10 10 6 0.3588159 0.2429694 0.2342565 0.1639124
v -1.067285 5.980185 46.70411 6 10 6 10 0.8913558 0.05185015 0.03424124 0.02252232
v -0.9762524 5.676364 46.73354 6 10 6 10 0.8913558 0.05185015 0.03424124 0.02252232
v -2.287277 5.67553 49.21408 10 10 6 10 0.5038834 0.2952468 0.2008393 0
v -2.277729 5.61483 46.73476 6 10 10 6 0.3588159 0.2429694 0.2342565 0.1639124
v -3.199404 5.112976 46.77847 6 10 10 6 0.3591363 0.259678 0.2280461 0.153109
v -1.070517 6.022102 49.18343 10 6 10 10 0.6400702 0.2389563 0.1082017 0.01274128
v -1.067285 5.980185 46.70411 6 10 6 10 0.8913558 0.05185015 0.03424124 0.02252232
v -1.961567 6.085155 48.21572 10 6 10 10 0.6348516 0.2424353 0.1097734 0.01292439
v -1.732572 6.196996 48.43232 10 6 10 10 0.6348516 0.2424353 0.1097734 0.01292439
v -1.962146 6.088822 48.44279 10 6 10 10 0.6348516 0.2424201 0.1097734 0.01292439
v -1.961885 6.092978 48.67007 10 6 10 10 0.6347753 0.242359 0.109926 0.01290913
v -2.687123 5.961734 48.45339 10 10 6 10 0.503975 0.2951247 0.200885 0
v -2.688872 5.966674 48.68068 10 10 6 10 0.503975 0.2951247 0.200885 0
v -2.985207 5.980924 48.45037 10 10 6 10 0.503975 0.2951247 0.200885 0
v -2.686447 5.956953 48.22631 10 10 6 10 0.503975 0.2951247 0.200885 0
v -2.545166 6.043699 48.44654 10 10 6 10 0.503975 0.2951247 0.200885 0
v -2.544559 6.039402 48.21947 10 10 6 6 0.5033951 0.2949111 0.2006409 0.001022354
v -2.348833 6.094236 48.2149 10 10 6 6 0.5130541 0.2577249 0.1542229 0.07495232
v -2.140183 6.109928 48.21361 10 6 10 10 0.6348364 0.2424048 0.1098039 0.01292439
v -2.140745 6.113595 48.44069 10 6 10 10 0.6322271 0.2400549 0.1149004 0.01278706
v -2.349402 6.098124 48.44197 10 10 6 6 0.4919204 0.3051041 0.1947661 0.008178836
v -2.544559 6.039402 48.21947 10 10 6 6 0.5033951 0.2949111 0.2006409 0.001022354
v -2.686447 5.956953 48.22631 10 10 6 10 0.503975 0.2951247 0.200885 0
v -2.985207 5.980924 48.45037 10 10 6 10 0.503975 0.2951247 0.200885 0
v -2.741188 6.127836 48.43797 10 10 6 10 0.503975 0.2951247 0.200885 0
v -2.399432 6.223311 48.42986 10 10 6 6 0.4814679 0.3143816 0.1894255 0.01469444
v -2.036697 6.246163 48.42802 10 6 10 10 0.6348516 0.2424201 0.1097734 0.01292439
v -2.140183 6.109928 48.21361 10 6 10 10 0.6348364 0.2424048 0.1098039 0.01292439
v -2.348833 6.094236 48.2149 10 10 6 6 0.5130541 0.2577249 0.1542229 0.07495232
v -1.732572 6.196996 48.43232 10 6 10 10 0.6348516 0.2424353 0.1097734 0.01292439
v -1.961567 6.085155 48.21572 10 6 10 10 0.6348516 0.2424353 0.1097734 0.01292439
v -2.546478 6.048384 48.67382 10 10 6 10 0.503975 0.2951247 0.200885 0
v -2.140923 6.117835 48.66796 10 10 6 6 0.5537194 0.2119326 0.1827878 0.05152972
v -2.35014 6.102559 48.66924 10 10 6 6 0.5033341 0.2949569 0.2006104 0.001052873
v -2.688872 5.966674 48.68068 10 10 6 10 0.503975 0.2951247 0.200885 0
v -2.546478 6.048384 48.67382 10 10 6 10 0.503975 0.2951247 0.200885 0
v -2.35014 6.102559 48.66924 10 10 6 6 0.5033341 0.2949569 0.2006104 0.001052873
v -2.140923 6.117835 48.66796 10 10 6 6 0.5537194 0.2119326 0.1827878 0.05152972
v -1.961885 6.092978 48.67007 10 6 10 10 0.6347753 0.242359 0.109926 0.01290913
v -1.959556 6.070007 47.26573 10 6 10 6 0.5001144 0.2481575 0.145922 0.1057755
v -1.731009 6.183686 47.48233 10 6 10 10 0.6272526 0.2513314 0.1086442 0.01275654
v -1.960081 6.073278 47.49281 10 6 10 10 0.6341649 0.2424659 0.1104448 0.01289387
v -1.959764 6.077024 47.72008 10 6 10 10 0.6348364 0.2424353 0.1097887 0.01292439
v -1.562656 6.17542 49.11124 10 6 10 10 0.6348974 0.2423896 0.1097581 0.01292439
v -1.558861 6.14249 46.81573 6 10 6 10 0.8913558 0.05185015 0.03424124 0.02252232
v -1.928239 6.223239 46.59528 6 10 6 10 0.8913558 0.05185015 0.03424124 0.02252232
v -1.338009 6.2413 49.12995 10 6 10 10 0.6348516 0.2424201 0.1097734 0.01292439
v -1.335155 6.21055 46.78529 6 10 6 10 0.8913558 0.05185015 0.03424124 0.02252232
v -1.057983 6.0854 46.6012 6 10 6 10 0.8913558 0.05185015 0.03424124 0.02252232
v -2.715281 5.630617 46.6454 6 10 10 6 0.3588159 0.2429694 0.2342565 0.1639124
v -2.306101 5.615847 46.64162 6 10 10 6 0.3588159 0.2429694 0.2342565 0.1639124
v -2.316789 5.683084 49.38001 10 10 6 10 0.5034562 0.2958419 0.2006867 0
v -2.7284 5.701578 49.37056 10 10 6 10 0.503975 0.2952926 0.2007019 0
v -2.261042 5.871569 46.81472 6 10 10 6 0.3588159 0.2429694 0.2342565 0.1639277
v -2.268409 5.919526 49.15936 10 10 6 10 0.5033951 0.2959335 0.2006561 0
v -1.338009 6.2413 49.12995 10 6 10 10 0.6348516 0.2424201 0.1097734 0.01292439
v -1.214721 6.461097 49.3054 10 6 10 10 0.6490883 0.2329748 0.1055009 0.01242084
v -1.212578 6.435809 46.56701 6 10 6 10 0.8913558 0.05185015 0.03424124 0.02252232
v -1.335155 6.21055 46.78529 6 10 6 10 0.8913558 0.05185015 0.03424124 0.02252232
v -2.268409 5.919526 49.15936 10 10 6 10 0.5033951 0.2959335 0.2006561 0
v -2.583598 6.000995 49.34787 10 10 6 10 0.5039445 0.2951705 0.2008698 0
v -2.57398 5.945185 46.60948 6 10 10 6 0.3588159 0.2429694 0.2342565 0.1639124
v -2.7284 5.701578 49.37056 10 10 6 10 0.503975 0.2952926 0.2007019 0
v -2.261042 5.871569 46.81472 6 10 10 6 0.3588159 0.2429694 0.2342565 0.1639277
v -2.68352 5.941639 47.50341 6 10 10 6 0.3586328 0.2432898 0.2343328 0.1637141
v -2.685199 5.946199 47.73071 10 10 6 6 0.4764782 0.2885634 0.2170748 0.01785306
v -2.981007 5.959637 47.50039 10 6 10 6 0.3407645 0.2994583 0.2570077 0.102739
v -2.682907 5.937229 47.27633 6 10 10 6 0.3588159 0.2429694 0.2342565 0.1639124
v -2.542081 6.025526 47.49657 6 10 10 6 0.3587091 0.2429236 0.2343938 0.1639429
v -2.541539 6.021606 47.26949 6 10 10 6 0.3588159 0.2429694 0.2342718 0.1639124
v -2.346299 6.078091 47.26492 6 10 10 6 0.3584039 0.2428168 0.2347448 0.164004
v -2.137995 6.094712 47.26363 6 10 10 6 0.340856 0.2547188 0.2363775 0.1680171
v -2.138501 6.097988 47.49071 10 6 10 6 0.5810178 0.2331884 0.1312276 0.05453574
v -2.346807 6.081593 47.492 6 10 10 6 0.3343709 0.2621347 0.2339971 0.169482
v -2.541539 6.021606 47.26949 6 10 10 6 0.3588159 0.2429694 0.2342718 0.1639124
v -2.682907 5.937229 47.27633 6 10 10 6 0.3588159 0.2429694 0.2342565 0.1639124
v -2.981007 5.959637 47.50039 10 6 10 6 0.3407645 0.2994583 0.2570077 0.102739
v -2.737989 6.110143 47.48799 6 10 10 6 0.3587854 0.2430304 0.2342718 0.1638819
v -2.397104 6.208654 47.47988 6 10 10 6 0.3312886 0.2656443 0.2328527 0.1701839
v -2.03491 6.23304 47.47803 10 6 10 10 0.6342565 0.2424659 0.1103532 0.01289387
v -2.137995 6.094712 47.26363 6 10 10 6 0.340856 0.2547188 0.2363775 0.1680171
v -2.346299 6.078091 47.26492 6 10 10 6 0.3584039 0.2428168 0.2347448 0.164004
v -1.731009 6.183686 47.48233 10 6 10 10 0.6272526 0.2513314 0.1086442 0.01275654
v -1.959556 6.070007 47.26573 10 6 10 6 0.5001144 0.2481575 0.145922 0.1057755
v -2.543325 6.029819 47.72384 6 10 10 6 0.3356375 0.2585641 0.2516213 0.1541314
v -2.13862 6.101817 47.71798 10 6 10 10 0.6342717 0.2424506 0.110338 0.01289387
v -2.34748 6.085619 47.71926 10 6 10 6 0.5900206 0.2349889 0.1283284 0.04663157
v -2.685199 5.946199 47.73071 10 10 6 6 0.4764782 0.2885634 0.2170748 0.01785306
v -2.543325 6.029819 47.72384 6 10 10 6 0.3356375 0.2585641 0.2516213 0.1541314
v -2.34748 6.085619 47.71926 10 6 10 6 0.5900206 0.2349889 0.1283284 0.04663157
v -2.13862 6.101817 47.71798 10 6 10 10 0.6342717 0.2424506 0.110338 0.01289387
v -1.959764 6.077024 47.72008 10 6 10 10 0.6348364 0.2424353 0.1097887 0.01292439
v -1.121655 6.261825 46.27917 6 10 6 10 0.8913558 0.05185015 0.03424124 0.02252232
v -0.8221014 6.331453 46.58508 6 10 6 10 0.8913863 0.0518349 0.03424124 0.02250706
v -2.453136 5.767272 46.32156 6 10 10 6 0.3588159 0.2429694 0.2342565 0.1639124
v -1.121655 6.261825 46.27917 6 10 6 10 0.8913558 0.05185015 0.03424124 0.02252232
v -0.8221014 6.331453 46.58508 6 10 6 10 0.8913863 0.0518349 0.03424124 0.02250706
v -2.453136 5.767272 46.32156 6 10 10 6 0.3588159 0.2429694 0.2342565 0.1639124
v 0.06835794 6.371757 46.83101 6 6 6 6 1 0 0 0
v 0.1006379 6.110489 46.85626 6 6 6 6 1 0 0 0
v -0.9622486 5.941167 46.86823 6 10 6 10 0.8913558 0.05185015 0.03424124 0.02252232
v -1.066791 6.19389 46.84354 6 10 6 10 0.8913558 0.05185015 0.03424124 0.02252232
v 0.06814526 6.401959 49.10126 10 6 10 6 0.7793698 0.2159609 0.003372244 0.001266499
v 0.06835794 6.371757 46.83101 6 6 6 6 1 0 0 0
v -1.066791 6.19389 46.84354 6 10 6 10 0.8913558 0.05185015 0.03424124 0.02252232
v -1.069116 6.224447 49.11377 10 6 10 10 0.6355078 0.2419928 0.109575 0.01289387
v 0.1006379 6.110489 46.85626 6 6 6 6 1 0 0 0
v 0.1004291 6.150811 49.1265 10 6 10 6 0.7793698 0.2159609 0.003372244 0.001266499
v -0.9650897 5.981434 49.13848 10 6 10 10 0.6510872 0.2316625 0.1048753 0.01234455
v -0.9622486 5.941167 46.86823 6 10 6 10 0.8913558 0.05185015 0.03424124 0.02252232
v 1.338938 6.079877 46.89426 6 10 6 10 0.8913558 0.05185015 0.03424124 0.02252232
v 1.389224 6.349492 46.86899 6 10 6 10 0.8913558 0.05185015 0.03424124 0.02252232
v 1.839432 6.289054 47.0811 6 10 6 10 0.8913558 0.05185015 0.03424124 0.02252232
v 1.761773 6.01762 47.10622 6 10 6 10 0.8911421 0.05201801 0.0342565 0.02255283
v 1.389224 6.349492 46.86899 6 10 6 10 0.8913558 0.05185015 0.03424124 0.02252232
v 1.392479 6.399776 49.08154 10 6 10 10 0.6348516 0.2424353 0.1097734 0.01292439
v 1.84383 6.33994 48.88745 10 6 10 10 0.6348516 0.2424353 0.1097734 0.01292439
v 1.839432 6.289054 47.0811 6 10 6 10 0.8913558 0.05185015 0.03424124 0.02252232
v 1.342614 6.138129 49.10681 10 6 10 10 0.6348516 0.2424353 0.1097734 0.01292439
v 1.338938 6.079877 46.89426 6 10 6 10 0.8913558 0.05185015 0.03424124 0.02252232
v 1.761773 6.01762 47.10622 6 10 6 10 0.8911421 0.05201801 0.0342565 0.02255283
v 1.766503 6.074021 48.91257 10 6 10 10 0.6348516 0.2424353 0.1097734 0.01292439
v 2.045149 6.258647 47.41209 10 6 10 10 0.6329137 0.2426337 0.1116045 0.01283284
v 1.95523 5.987086 47.43711 10 6 10 10 0.6293431 0.2426948 0.1152819 0.01264973
v 2.048563 6.294424 48.56677 10 6 10 10 0.6348364 0.2424201 0.1097887 0.01292439
v 2.045149 6.258647 47.41209 10 6 10 10 0.6329137 0.2426337 0.1116045 0.01283284
v 1.95523 5.987086 47.43711 10 6 10 10 0.6293431 0.2426948 0.1152819 0.01264973
v 1.958845 6.026059 48.59182 10 6 10 10 0.6347448 0.2423438 0.1099565 0.01290913
v 1.766503 6.074021 48.91257 10 6 10 10 0.6348516 0.2424353 0.1097734 0.01292439
v 1.84383 6.33994 48.88745 10 6 10 10 0.6348516 0.2424353 0.1097734 0.01292439
v 1.392479 6.399776 49.08154 10 6 10 10 0.6348516 0.2424353 0.1097734 0.01292439
v 1.342614 6.138129 49.10681 10 6 10 10 0.6348516 0.2424353 0.1097734 0.01292439
v 0.06814526 6.401959 49.10126 10 6 10 6 0.7793698 0.2159609 0.003372244 0.001266499
v 0.1004291 6.150811 49.1265 10 6 10 6 0.7793698 0.2159609 0.003372244 0.001266499
v -2.493777 5.723647 49.15934 10 10 6 10 0.503975 0.2951247 0.200885 0
v -2.484311 5.667934 46.88911 6 10 10 6 0.3588159 0.2429694 0.2342565 0.1639124
v -2.279984 5.418447 46.91353 6 10 10 6 0.3588159 0.2429694 0.2342565 0.1639124
v -2.289971 5.48108 49.18377 10 10 6 10 0.5039597 0.29514 0.200885 0
v 1.958845 6.026059 48.59182 10 6 10 10 0.6347448 0.2423438 0.1099565 0.01290913
v 2.048563 6.294424 48.56677 10 6 10 10 0.6348364 0.2424201 0.1097887 0.01292439
v -1.488117 6.410366 49.09368 10 6 10 10 0.6348516 0.2424201 0.1097734 0.01292439
v -1.103931 5.650754 49.17085 10 6 10 10 0.6357519 0.2418402 0.1094987 0.01289387
v -0.9650897 5.981434 49.13848 10 6 10 10 0.6510872 0.2316625 0.1048753 0.01234455
v -1.069116 6.224447 49.11377 10 6 10 10 0.6355078 0.2419928 0.109575 0.01289387
v -2.440362 6.038676 46.85392 6 10 10 6 0.3588159 0.2429694 0.2342565 0.1639124
v -1.877515 5.283265 46.92786 6 10 10 6 0.3588159 0.2429694 0.2342565 0.1639124
v -2.279984 5.418447 46.91353 6 10 10 6 0.3588159 0.2429694 0.2342565 0.1639124
v -2.484311 5.667934 46.88911 6 10 10 6 0.3588159 0.2429694 0.2342565 0.1639124
v -2.447193 6.080501 49.12416 10 10 6 10 0.5038682 0.2952621 0.2008393 0
v -2.440362 6.038676 46.85392 6 10 10 6 0.3588159 0.2429694 0.2342565 0.1639124
v -1.877515 5.283265 46.92786 6 10 10 6 0.3588159 0.2429694 0.2342565 0.1639124
v -1.886209 5.34796 49.1981 10 10 6 10 0.5019455 0.2979629 0.2000763 0
v -1.485786 6.387315 46.82343 6 10 6 10 0.8913558 0.05185015 0.03424124 0.02252232
v -1.099685 5.598369 46.90061 6 10 6 10 0.8913558 0.05185015 0.03424124 0.02252232
v -1.409983 5.303827 46.92762 6 10 6 10 0.8911116 0.05191119 0.03436332 0.02259861
v -2.074373 6.381527 46.82215 6 10 6 10 0.8912947 0.05186541 0.03427176 0.02253758
v -1.488117 6.410366 49.09368 10 6 10 10 0.6348516 0.2424201 0.1097734 0.01292439
v -1.485786 6.387315 46.82343 6 10 6 10 0.8913558 0.05185015 0.03424124 0.02252232
v -2.074373 6.381527 46.82215 6 10 6 10 0.8912947 0.05186541 0.03427176 0.02253758
v -1.409983 5.303827 46.92762 6 10 6 10 0.8911116 0.05191119 0.03436332 0.02259861
v -2.493777 5.723647 49.15934 10 10 6 10 0.503975 0.2951247 0.200885 0
v -2.289971 5.48108 49.18377 10 10 6 10 0.5039597 0.29514 0.200885 0
v -1.886209 5.34796 49.1981 10 10 6 10 0.5019455 0.2979629 0.2000763 0
v -2.447193 6.080501 49.12416 10 10 6 10 0.5038682 0.2952621 0.2008393 0
v -1.099685 5.598369 46.90061 6 10 6 10 0.8913558 0.05185015 0.03424124 0.02252232
v -1.103931 5.650754 49.17085 10 6 10 10 0.6357519 0.2418402 0.1094987 0.01289387
v 1.03663 6.150471 49.14 10 6 10 10 0.638117 0.2402533 0.1087968 0.01280232
v 1.03663 5.729905 49.17414 10 6 10 10 0.6407721 0.2384985 0.1079881 0.01271077
v -1.39036 6.105144 49.15207 10 6 10 10 0.6348516 0.2424201 0.1097734 0.01292439
v -1.390359 5.690319 49.18469 10 6 10 10 0.6357672 0.241825 0.1094987 0.01289387
v 1.03663 6.150471 49.14 10 6 10 10 0.638117 0.2402533 0.1087968 0.01280232
v -1.39036 6.105144 49.15207 10 6 10 10 0.6348516 0.2424201 0.1097734 0.01292439
v 1.222737 5.790041 48.88546 10 6 10 10 0.6348516 0.2424353 0.1097734 0.01292439
v 2.345813 5.197109 48.86926 10 10 6 10 0.503975 0.2951247 0.200885 0
v 4.404981 3.576663 48.78705 6 10 10 10 0.5561913 0.284596 0.1212634 0.03791867
v 3.327296 4.642225 48.81745 10 10 6 10 0.6840009 0.145449 0.1109331 0.05958648
v -0.05576616 5.760369 48.95977 10 6 10 6 0.7793698 0.2159609 0.003372244 0.001266499
v -1.334271 5.790042 48.88546 10 6 10 10 0.6348516 0.2424353 0.1097734 0.01292439
v -2.457347 5.19711 48.86926 10 10 6 10 0.503975 0.2951247 0.200885 0
v -4.516513 3.576664 48.78704 6 10 10 10 0.5704433 0.2917983 0.1032273 0.03450065
v -3.438831 4.642228 48.81746 10 10 6 10 0.6841993 0.1446403 0.1113298 0.05980011
v 0.9883702 -2.515222 44.59415 6 9 10 6 0.01240558 0.0134432 0.547982 0.4261387
v 0.7232136 -2.3201 44.65091 6 9 10 6 0.01240558 0.0134432 0.547982 0.4261387
v 0.9883702 -2.515222 44.59415 6 9 10 6 0.01240558 0.0134432 0.547982 0.4261387
v 4.470084 -3.992662 51.65123 9 9 10 6 0.05468833 0.5830472 0.3187304 0.04350347
v 4.295452 -3.959096 51.7158 9 9 10 6 0.05320821 0.5868315 0.3175708 0.04235905
v 2.054032 -5.014276 52.69215 9 9 10 9 0.006149386 0.7220264 0.271809 0
v 2.219458 -5.067659 52.61419 9 9 10 9 0.006164645 0.7214466 0.2723583 0
v 5.368261 0.8755645 48.5645 10 9 6 6 0.5331655 0.1945525 0.1908446 0.08142214
v 5.184929 0.8283984 48.58205 10 9 6 6 0.5331655 0.1945525 0.1908446 0.08142214
v 5.435754 0.8741035 49.28385 10 9 6 6 0.5253071 0.212314 0.1862669 0.07608148
v 5.368261 0.8755645 48.5645 10 9 6 6 0.5331655 0.1945525 0.1908446 0.08142214
v 5.252424 0.8264671 49.30139 10 9 6 6 0.5326161 0.1957885 0.1905241 0.08104067
v 5.435754 0.8741035 49.28385 10 9 6 6 0.5253071 0.212314 0.1862669 0.07608148
v 5.441249 -0.5617373 49.82257 9 9 10 6 0.4765698 0.2500954 0.2390021 0.03430228
v 5.623972 -0.5383503 49.79273 9 9 10 6 0.476585 0.2501259 0.2389715 0.03428702
v 5.44022 -1.852209 50.41413 9 10 9 6 0.514168 0.2322118 0.1972381 0.05635157
v 5.621523 -1.850707 50.37202 9 10 9 6 0.514168 0.2322118 0.1972381 0.05635157
v 5.095936 -2.996199 51.05371 9 9 10 6 0.0554818 0.5825894 0.3182727 0.04361029
v 5.275199 -3.01366 50.99989 9 9 10 6 0.1428855 0.5405051 0.2652018 0.05137713
v 1.712265 -5.014249 52.0516 9 9 10 9 0.006134127 0.719295 0.2745556 0
v 4.026998 -3.959157 51.04767 9 9 10 6 0.05447471 0.583032 0.3188983 0.04356451
v 4.200998 -3.992736 50.98309 9 9 10 6 0.05447471 0.583032 0.3188983 0.04356451
v 1.877697 -5.067642 51.97361 9 9 10 9 0.006164645 0.721355 0.2724498 0
v 4.862011 -2.996458 50.36935 9 9 10 6 0.05447471 0.583032 0.3188983 0.04356451
v 5.040566 -3.013959 50.31554 9 9 10 6 0.05447471 0.5830167 0.3188983 0.04356451
v 5.255946 -1.852657 49.71562 9 10 9 6 0.514168 0.2322118 0.1972381 0.05635157
v 5.436998 -1.851285 49.67353 9 10 9 6 0.514168 0.2322118 0.1972381 0.05635157
v 5.326997 -0.5618126 49.11229 10 9 6 6 0.5331349 0.2294804 0.1875792 0.04979019
v 5.509735 -0.5387007 49.08244 10 9 6 6 0.5327992 0.2301061 0.1873503 0.04971389
v 2.219458 -5.067659 52.61419 9 9 10 9 0.006164645 0.7214466 0.2723583 0
v 1.877697 -5.067642 51.97361 9 9 10 9 0.006164645 0.721355 0.2724498 0
v 4.200998 -3.992736 50.98309 9 9 10 6 0.05447471 0.583032 0.3188983 0.04356451
v 4.470084 -3.992662 51.65123 9 9 10 6 0.05468833 0.5830472 0.3187304 0.04350347
v 5.040566 -3.013959 50.31554 9 9 10 6 0.05447471 0.5830167 0.3188983 0.04356451
v 5.275199 -3.01366 50.99989 9 9 10 6 0.1428855 0.5405051 0.2652018 0.05137713
v 5.436998 -1.851285 49.67353 9 10 9 6 0.514168 0.2322118 0.1972381 0.05635157
v 5.621523 -1.850707 50.37202 9 10 9 6 0.514168 0.2322118 0.1972381 0.05635157
v 5.509735 -0.5387007 49.08244 10 9 6 6 0.5327992 0.2301061 0.1873503 0.04971389
v 5.623972 -0.5383503 49.79273 9 9 10 6 0.476585 0.2501259 0.2389715 0.03428702
v 0.4873722 -3.409175 47.70553 10 9 6 6 0.8491493 0.1457847 0.002517739 0.002517739
v 0.4899548 -3.03213 47.76812 10 9 6 6 0.8491493 0.1457847 0.002517739 0.002517739
v 0.7241582 -3.249908 47.54427 10 9 6 6 0.8487526 0.1456779 0.003036545 0.00250248
v 0.8234242 -3.414265 47.44746 10 9 6 6 0.8147555 0.1632563 0.0202945 0.001678492
v 0.4873722 -3.409175 47.70553 10 9 6 6 0.8491493 0.1457847 0.002517739 0.002517739
v 0.8234242 -3.414265 47.44746 10 9 6 6 0.8147555 0.1632563 0.0202945 0.001678492
v 1.309171 -3.627455 47.995 10 9 6 10 0.7294728 0.2508583 0.01965362 0
v 0.9897795 -3.725098 48.22328 0 9 10 6 0 0.2504768 0.7299153 0.01959259
v 0.9556531 -3.233843 48.23936 0 9 10 6 0 0.2491646 0.7314412 0.01937896
v 1.213816 -3.240369 48.07376 10 9 6 10 0.7294728 0.2508583 0.01965362 0
v 0.7241582 -3.249908 47.54427 10 9 6 6 0.8487526 0.1456779 0.003036545 0.00250248
v 0.4899548 -3.03213 47.76812 10 9 6 6 0.8491493 0.1457847 0.002517739 0.002517739
v 1.664107 -3.259895 47.72258 0 9 10 6 0 0.2508583 0.7294728 0.01965362
v 1.545117 -3.133917 47.80999 10 9 6 10 0.7294728 0.2508583 0.01965362 0
v 1.213816 -3.240369 48.07376 10 9 6 10 0.7294728 0.2508583 0.01965362 0
v 1.309171 -3.627455 47.995 10 9 6 10 0.7294728 0.2508583 0.01965362 0
v 1.079856 -3.151755 47.26662 10 6 9 6 0.7736782 0.117586 0.1075456 0.001174945
v 1.1988 -3.277788 47.1792 10 9 6 6 0.7694362 0.121294 0.1081865 0.001052873
v 1.1988 -3.277788 47.1792 10 9 6 6 0.7694362 0.121294 0.1081865 0.001052873
v 1.664107 -3.259895 47.72258 0 9 10 6 0 0.2508583 0.7294728 0.01965362
v 0.9556531 -3.233843 48.23936 0 9 10 6 0 0.2491646 0.7314412 0.01937896
v 0.9897795 -3.725098 48.22328 0 9 10 6 0 0.2504768 0.7299153 0.01959259
v 1.04293 -3.906808 48.43016 0 9 10 6 0 0.2445258 0.7368277 0.01861601
v 0.9515527 -3.704137 48.44196 6 9 10 6 0.001861601 0.1732509 0.8178683 0.007003891
v 1.369827 -3.648756 48.44322 0 9 10 6 0 0.2508583 0.7294728 0.01965362
v 1.706481 -3.835711 48.3938 0 9 10 6 0 0.2508583 0.7294728 0.01965362
v 1.04293 -3.906808 48.43016 0 9 10 6 0 0.2445258 0.7368277 0.01861601
v 1.706481 -3.835711 48.3938 0 9 10 6 0 0.2508583 0.7294728 0.01965362
v 1.705782 -4.023552 49.06216 0 9 10 6 0 0.3317006 0.6560769 0.01220722
v 1.021309 -4.107786 49.11467 6 9 10 6 0.002121004 0.196231 0.7994965 0.002121004
v 0.9130262 -3.895014 49.12853 6 9 10 6 0.002487221 0.1494316 0.8455482 0.002487221
v 1.352185 -3.827354 49.1151 0 9 10 0 0 0.4601969 0.5397879 0
v 1.369827 -3.648756 48.44322 0 9 10 6 0 0.2508583 0.7294728 0.01965362
v 0.9515527 -3.704137 48.44196 6 9 10 6 0.001861601 0.1732509 0.8178683 0.007003891
v 3.303275 -3.389486 49.1094 0 9 10 6 0 0.2815747 0.5729153 0.1454948
v 1.352185 -3.827354 49.1151 0 9 10 0 0 0.4601969 0.5397879 0
v 1.705782 -4.023552 49.06216 0 9 10 6 0 0.3317006 0.6560769 0.01220722
v 3.484427 -3.448222 49.0673 0 9 10 6 0 0.2814984 0.5729305 0.1455406
v 5.31851 2.207669 50.03426 6 9 10 9 0.2902724 0.2638285 0.2590066 0.1868772
v 5.159353 2.134538 50.07489 6 9 10 9 0.2902724 0.2638285 0.2590066 0.1868772
v 4.60741 3.862711 50.93726 10 9 10 10 0.4226291 0.3245594 0.1397574 0.1130236
v 4.769793 4.002196 50.92583 10 9 10 10 0.4226291 0.3245594 0.1397574 0.1130236
v 5.485252 2.006183 50.67152 9 10 9 6 0.404181 0.358465 0.1315328 0.1057908
v 5.31851 2.207669 50.03426 6 9 10 9 0.2902724 0.2638285 0.2590066 0.1868772
v 4.769793 4.002196 50.92583 10 9 10 10 0.4226291 0.3245594 0.1397574 0.1130236
v 4.881119 3.74292 51.60115 9 9 10 9 0.4763256 0.3215839 0.1122759 0.08978409
v 4.718139 3.608016 51.61036 9 9 10 9 0.4765087 0.3217517 0.1120928 0.0896315
v 5.325058 1.933827 50.71187 9 10 9 6 0.4044251 0.358587 0.1319295 0.1050278
v 5.485252 2.006183 50.67152 9 10 9 6 0.404181 0.358465 0.1315328 0.1057908
v 4.881119 3.74292 51.60115 9 9 10 9 0.4763256 0.3215839 0.1122759 0.08978409
v 5.788473 -0.5073488 49.85967 9 9 10 6 0.476585 0.2501259 0.2389715 0.03428702
v 5.930818 -0.511157 49.79517 9 9 10 6 0.476585 0.2501259 0.2389715 0.03428702
v 5.558856 -1.633879 49.5322 9 10 9 6 0.514168 0.2322118 0.1972381 0.05636683
v 5.698011 -1.665489 49.46417 9 10 9 6 0.5141528 0.2322271 0.1972229 0.05636683
v 0.9130262 -3.895014 49.12853 6 9 10 6 0.002487221 0.1494316 0.8455482 0.002487221
v 1.021309 -4.107786 49.11467 6 9 10 6 0.002121004 0.196231 0.7994965 0.002121004
v 3.203966 -3.224384 48.47964 0 9 10 6 0 0.2814984 0.5729305 0.1455558
v 3.38073 -3.281318 48.43901 0 9 10 6 0 0.2814984 0.5729305 0.1455558
v 5.332089 -1.491337 48.92707 10 9 6 9 0.4422064 0.3399863 0.1464866 0.07130541
v 5.469674 -1.523281 48.85931 10 9 6 9 0.4874952 0.3024643 0.1658656 0.04414435
v 5.557077 -0.3611513 49.2475 10 9 6 6 0.5331044 0.2295415 0.1875486 0.04977493
v 5.698173 -0.3659259 49.18292 10 9 6 6 0.5326924 0.2303044 0.1872892 0.04968338
v 3.38073 -3.281318 48.43901 0 9 10 6 0 0.2814984 0.5729305 0.1455558
v 3.484427 -3.448222 49.0673 0 9 10 6 0 0.2814984 0.5729305 0.1455406
v 5.469674 -1.523281 48.85931 10 9 6 9 0.4874952 0.3024643 0.1658656 0.04414435
v 5.698011 -1.665489 49.46417 9 10 9 6 0.5141528 0.2322271 0.1972229 0.05636683
v 5.698173 -0.3659259 49.18292 10 9 6 6 0.5326924 0.2303044 0.1872892 0.04968338
v 5.930818 -0.511157 49.79517 9 9 10 6 0.476585 0.2501259 0.2389715 0.03428702
v 4.183482 -4.265647 52.9365 9 9 10 9 0.3099565 0.5558861 0.1341268 0
v 4.050678 -4.148013 52.97639 9 9 10 9 0.3211566 0.5434806 0.1353475 0
v 5.861468 -2.788953 53.04745 9 9 10 9 0.5217212 0.337438 0.1408103 0
v 5.994188 -2.877321 52.98368 9 9 10 9 0.5201953 0.3337911 0.1459983 0
v 6.642024 -1.314194 53.22644 9 9 10 6 0.5206073 0.282948 0.1906462 0.00576791
v 6.779274 -1.36477 53.15245 9 9 10 6 0.5204089 0.2825818 0.1912108 0.00578317
v 6.82931 0.4508182 53.51082 9 9 9 10 0.6659342 0.2432288 0.05757229 0.03324941
v 6.969137 0.4419148 53.438 9 9 9 10 0.6659342 0.2432135 0.05757229 0.03323415
v 4.246034 -4.408911 53.58607 9 9 10 9 0.01745632 0.8784924 0.1040208 0
v 4.183482 -4.265647 52.9365 9 9 10 9 0.3099565 0.5558861 0.1341268 0
v 5.994188 -2.877321 52.98368 9 9 10 9 0.5201953 0.3337911 0.1459983 0
v 6.2899 0.9892053 52.71261 9 9 10 9 0.6816511 0.1878386 0.06578165 0.06471352
v 6.145366 0.9355922 52.71876 9 9 9 10 0.6772564 0.2033112 0.06271458 0.05668727
v 6.652611 -0.5707548 53.02098 9 9 10 6 0.5201038 0.2819715 0.1920806 0.005813688
v 6.787297 -0.5664085 53.01382 9 9 10 6 0.5201038 0.2819715 0.1920806 0.005813688
v 6.788016 -2.025579 52.92111 9 9 10 9 0.5081254 0.3049668 0.1868772 0
v 6.67217 -1.979851 52.92402 9 9 10 9 0.5081254 0.3049668 0.1868772 0
v 6.500264 -0.6405442 52.34219 9 9 10 6 0.5201038 0.2819715 0.1920806 0.005813688
v 6.63575 -0.6364363 52.335 9 9 10 6 0.5201038 0.2819715 0.1920806 0.005813688
v 6.050011 0.8912293 52.01499 9 9 10 9 0.5797818 0.2108949 0.1393149 0.06997787
v 6.195554 0.9444773 52.0087 9 9 10 9 0.5798123 0.2111849 0.1389181 0.07005417
v 6.787297 -0.5664085 53.01382 9 9 10 6 0.5201038 0.2819715 0.1920806 0.005813688
v 6.63575 -0.6364363 52.335 9 9 10 6 0.5201038 0.2819715 0.1920806 0.005813688
v 6.195554 0.9444773 52.0087 9 9 10 9 0.5798123 0.2111849 0.1389181 0.07005417
v 6.2899 0.9892053 52.71261 9 9 10 9 0.6816511 0.1878386 0.06578165 0.06471352
v -5.227293 2.185204 48.14291 10 6 9 6 0.5217365 0.2906691 0.1621118 0.02545205
v -5.416296 2.255584 48.13707 10 6 9 10 0.4439002 0.4090638 0.1019608 0.04502937
v -5.444805 2.249708 48.86235 10 6 9 6 0.5331502 0.2675822 0.1721981 0.02703899
v -5.416296 2.255584 48.13707 10 6 9 10 0.4439002 0.4090638 0.1019608 0.04502937
v -5.444805 2.249708 48.86235 10 6 9 6 0.5331502 0.2675822 0.1721981 0.02703899
v -5.255751 2.178728 48.86818 10 6 9 6 0.5331655 0.2675669 0.1721981 0.02703899
v -5.629974 0.8337407 49.28386 10 9 6 6 0.5309529 0.1995422 0.1895476 0.0799115
v -5.443763 0.787007 49.30139 10 9 6 6 0.5329366 0.1950408 0.1907073 0.08126955
v -5.748219 -0.557243 49.79273 9 9 10 6 0.476585 0.2501259 0.2389715 0.03428702
v -5.564626 -0.5803607 49.82258 9 9 10 6 0.476585 0.2501259 0.2389715 0.03428702
v -5.68635 -1.858078 50.37202 9 9 10 6 0.1972381 0.514168 0.2322118 0.05635157
v -5.505374 -1.859572 50.41413 9 10 9 6 0.514168 0.2322118 0.1972381 0.05635157
v -5.323475 -3.015897 50.99988 9 9 10 6 0.1828641 0.5212024 0.2409247 0.05497826
v -5.145581 -2.998484 51.05371 9 9 10 6 0.05967803 0.5806516 0.3157244 0.04391547
v -4.535503 -3.993116 51.65123 9 9 10 6 0.05523766 0.5828794 0.31841 0.04344244
v -4.361614 -3.959584 51.71581 9 9 10 6 0.05432212 0.5842375 0.3182879 0.043122
v -3.198169 -4.764757 52.29951 9 9 10 9 0.006179904 0.7214466 0.2723583 0
v -3.029545 -4.717513 52.37347 9 9 10 9 0.006179904 0.7214466 0.2723583 0
v -2.880129 -4.764745 51.64937 9 9 10 9 0.00608835 0.7181811 0.2757 0
v -4.267904 -3.99319 50.98309 9 9 10 6 0.05447471 0.583032 0.3188983 0.04356451
v -4.094011 -3.959645 51.04767 9 9 10 6 0.05447471 0.583032 0.3188983 0.04356451
v -2.711505 -4.717491 51.72333 9 9 10 9 0.006164645 0.7213245 0.2724804 0
v -5.10841 -3.016195 50.31553 9 9 10 6 0.05452048 0.5830014 0.3188678 0.04357977
v -4.930515 -2.998745 50.36935 9 9 10 6 0.05447471 0.583032 0.3188983 0.04356451
v -5.523651 -1.858653 49.67353 9 10 9 6 0.514168 0.2322118 0.1972381 0.05635157
v -5.342671 -1.860017 49.71563 9 10 9 6 0.514168 0.2322118 0.1972381 0.05635157
v -5.635449 -0.5575898 49.08245 10 9 6 6 0.526894 0.2412909 0.183444 0.04834058
v -5.45186 -0.5804345 49.11229 10 9 6 6 0.5171893 0.259678 0.1770199 0.04608225
v -5.562572 0.8351738 48.56451 10 9 6 6 0.5331655 0.1945525 0.1908446 0.08142214
v -5.376384 0.7889011 48.58206 10 9 6 6 0.5331655 0.1945525 0.1908446 0.08142214
v -3.198169 -4.764757 52.29951 9 9 10 9 0.006179904 0.7214466 0.2723583 0
v -4.535503 -3.993116 51.65123 9 9 10 6 0.05523766 0.5828794 0.31841 0.04344244
v -4.267904 -3.99319 50.98309 9 9 10 6 0.05447471 0.583032 0.3188983 0.04356451
v -2.880129 -4.764745 51.64937 9 9 10 9 0.00608835 0.7181811 0.2757 0
v -5.323475 -3.015897 50.99988 9 9 10 6 0.1828641 0.5212024 0.2409247 0.05497826
v -5.10841 -3.016195 50.31553 9 9 10 6 0.05452048 0.5830014 0.3188678 0.04357977
v -5.68635 -1.858078 50.37202 9 9 10 6 0.1972381 0.514168 0.2322118 0.05635157
v -5.523651 -1.858653 49.67353 9 10 9 6 0.514168 0.2322118 0.1972381 0.05635157
v -5.748219 -0.557243 49.79273 9 9 10 6 0.476585 0.2501259 0.2389715 0.03428702
v -5.635449 -0.5575898 49.08245 10 9 6 6 0.526894 0.2412909 0.183444 0.04834058
v -5.629974 0.8337407 49.28386 10 9 6 6 0.5309529 0.1995422 0.1895476 0.0799115
v -5.562572 0.8351738 48.56451 10 9 6 6 0.5331655 0.1945525 0.1908446 0.08142214
v -0.552826 -3.409175 47.70553 6 9 10 6 0.002517739 0.1457847 0.8491493 0.002517739
v -0.8888781 -3.414265 47.44746 0 9 10 6 0 0.2252689 0.7469901 0.02772564
v -0.7896134 -3.249908 47.54427 6 9 10 6 0.002456703 0.1468528 0.8460365 0.004638743
v -0.5554085 -3.03213 47.76812 6 9 10 6 0.002517739 0.1457847 0.8491493 0.002517739
v -1.374626 -3.627455 47.995 0 9 10 6 0 0.2508583 0.7294728 0.01965362
v -0.8888781 -3.414265 47.44746 0 9 10 6 0 0.2252689 0.7469901 0.02772564
v -0.552826 -3.409175 47.70553 6 9 10 6 0.002517739 0.1457847 0.8491493 0.002517739
v -1.055233 -3.725098 48.22327 0 9 10 6 0 0.2508278 0.7295033 0.01963836
v -0.7896134 -3.249908 47.54427 6 9 10 6 0.002456703 0.1468528 0.8460365 0.004638743
v -1.279272 -3.240369 48.07375 0 9 10 6 0 0.2508583 0.7294728 0.01965362
v -1.021107 -3.233844 48.23936 0 9 10 6 0 0.2506752 0.7296712 0.0196231
v -0.5554085 -3.03213 47.76812 6 9 10 6 0.002517739 0.1457847 0.8491493 0.002517739
v -1.374626 -3.627455 47.995 0 9 10 6 0 0.2508583 0.7294728 0.01965362
v -1.279272 -3.240369 48.07375 0 9 10 6 0 0.2508583 0.7294728 0.01965362
v -1.610572 -3.133917 47.80999 0 9 10 6 0 0.2508583 0.7294728 0.01965362
v -1.264255 -3.277787 47.1792 0 9 10 6 0 0.1482109 0.7618067 0.08996719
v -1.145311 -3.151755 47.26662 6 9 10 6 0.001113909 0.1146105 0.7714962 0.1127489
v -1.264255 -3.277787 47.1792 0 9 10 6 0 0.1482109 0.7618067 0.08996719
v -1.055233 -3.725098 48.22327 0 9 10 6 0 0.2508278 0.7295033 0.01963836
v -1.021107 -3.233844 48.23936 0 9 10 6 0 0.2506752 0.7296712 0.0196231
v -1.108387 -3.906811 48.43015 0 9 10 6 0 0.2503853 0.7300069 0.01957732
v -1.77194 -3.835718 48.3938 9 10 6 9 0.2508583 0.7294728 0.01965362 0
v -1.435299 -3.648786 48.44322 0 9 10 6 0 0.2508583 0.7294728 0.01965362
v -1.017019 -3.704158 48.44196 0 9 10 6 0 0.2320592 0.751339 0.0165713
v -1.771238 -4.023553 49.06215 0 9 10 6 0 0.2852979 0.6981918 0.01647974
v -1.77194 -3.835718 48.3938 9 10 6 9 0.2508583 0.7294728 0.01965362 0
v -1.108387 -3.906811 48.43015 0 9 10 6 0 0.2503853 0.7300069 0.01957732
v -1.086765 -4.107787 49.11466 6 9 10 6 0.001632715 0.2577249 0.7389944 0.001632715
v -1.435299 -3.648786 48.44322 0 9 10 6 0 0.2508583 0.7294728 0.01965362
v -1.417643 -3.827361 49.1151 0 9 10 0 0 0.463386 0.5365987 0
v -0.9784819 -3.895018 49.12853 6 9 10 6 0.002426184 0.1570916 0.8380103 0.002426184
v -1.017019 -3.704158 48.44196 0 9 10 6 0 0.2320592 0.751339 0.0165713
v -2.439914 -3.788483 49.06336 0 9 10 6 0 0.4347601 0.5625086 0.002716106
v -1.771238 -4.023553 49.06215 0 9 10 6 0 0.2852979 0.6981918 0.01647974
v -1.417643 -3.827361 49.1151 0 9 10 0 0 0.463386 0.5365987 0
v -2.236624 -3.725123 49.089 0 9 10 6 0 0.2716716 0.7105669 0.01773098
v -4.943846 3.813744 50.85106 10 9 10 10 0.4151064 0.3262531 0.1372702 0.121355
v -5.059884 3.477155 51.48365 9 6 10 9 0.2890822 0.2682536 0.2393683 0.2032654
v -5.236064 3.794906 51.7271 9 9 10 9 0.4763256 0.3215839 0.1122759 0.08978409
v -5.236064 3.794906 51.7271 9 9 10 9 0.4763256 0.3215839 0.1122759 0.08978409
v -5.059884 3.477155 51.48365 9 6 10 9 0.2890822 0.2682536 0.2393683 0.2032654
v -4.893638 3.348681 51.47773 6 9 10 9 0.2808118 0.2746777 0.2505684 0.1939117
v -4.638878 3.449683 51.66805 9 9 10 9 0.4773022 0.3224231 0.1112688 0.08897536
v -4.875617 -2.603465 49.2682 10 9 6 6 0.5398031 0.2252079 0.2195926 0.01536584
v -5.02671 -2.652003 49.20613 10 6 9 6 0.5532159 0.2310826 0.1992981 0.01637293
v -2.402313 -3.608503 48.41206 0 9 10 6 0 0.2508583 0.7294728 0.01965362
v -2.204394 -3.54774 48.43601 0 9 10 6 0 0.2508583 0.7294728 0.01965362
v -4.943846 3.813744 50.85106 10 9 10 10 0.4151064 0.3262531 0.1372702 0.121355
v -4.777886 3.681103 50.84679 10 9 10 10 0.4015869 0.3292744 0.1363088 0.1327993
v -5.292194 1.914021 50.02039 9 10 6 9 0.3954986 0.3541771 0.1330129 0.1172656
v -5.452664 1.98458 49.97976 9 10 6 9 0.356054 0.3294423 0.2129549 0.1015183
v -2.439914 -3.788483 49.06336 0 9 10 6 0 0.4347601 0.5625086 0.002716106
v -2.402313 -3.608503 48.41206 0 9 10 6 0 0.2508583 0.7294728 0.01965362
v -5.614799 1.790043 50.61703 9 10 9 6 0.4044556 0.3586023 0.1319905 0.104921
v -5.452664 1.98458 49.97976 9 10 6 9 0.356054 0.3294423 0.2129549 0.1015183
v -5.614799 1.790043 50.61703 9 10 9 6 0.4044556 0.3586023 0.1319905 0.104921
v -5.453004 1.720081 50.65738 9 10 9 6 0.4044556 0.3586023 0.1319905 0.104921
v -6.001869 -0.5256656 49.79518 9 9 10 6 0.476585 0.2501259 0.2389715 0.03428702
v -5.85885 -0.5219029 49.85968 9 9 10 6 0.476585 0.2501259 0.2389715 0.03428702
v -5.765296 -1.670062 49.46417 9 10 9 6 0.5141528 0.2322271 0.1972229 0.05636683
v -5.625827 -1.638632 49.5322 9 10 9 6 0.5141528 0.2322118 0.1972381 0.05636683
v -1.086765 -4.107787 49.11466 6 9 10 6 0.001632715 0.2577249 0.7389944 0.001632715
v -0.9784819 -3.895018 49.12853 6 9 10 6 0.002426184 0.1570916 0.8380103 0.002426184
v -4.836864 -2.502401 48.59987 10 6 9 6 0.5558099 0.2333104 0.1942779 0.0165713
v -4.688675 -2.454442 48.66104 10 6 9 6 0.5558099 0.2333104 0.1942779 0.0165713
v -5.5379 -1.528697 48.85932 10 9 6 6 0.4934463 0.2963455 0.1684901 0.04168765
v -5.400418 -1.496955 48.92708 10 9 6 9 0.4525826 0.331426 0.1508812 0.06507973
v -5.771975 -0.3822476 49.18292 10 9 6 6 0.5293508 0.2366216 0.1850767 0.04892042
v -5.63091 -0.377536 49.2475 10 9 6 6 0.5324941 0.2306859 0.1871519 0.0496376
v -5.02671 -2.652003 49.20613 10 6 9 6 0.5532159 0.2310826 0.1992981 0.01637293
v -4.836864 -2.502401 48.59987 10 6 9 6 0.5558099 0.2333104 0.1942779 0.0165713
v -5.765296 -1.670062 49.46417 9 10 9 6 0.5141528 0.2322271 0.1972229 0.05636683
v -5.5379 -1.528697 48.85932 10 9 6 6 0.4934463 0.2963455 0.1684901 0.04168765
v -6.001869 -0.5256656 49.79518 9 9 10 6 0.476585 0.2501259 0.2389715 0.03428702
v -5.771975 -0.3822476 49.18292 10 9 6 6 0.5293508 0.2366216 0.1850767 0.04892042
v -4.248938 -4.265648 52.93651 9 9 10 9 0.3203174 0.5444571 0.1351949 0
v -5.993883 -2.877319 52.98368 9 9 10 9 0.5202106 0.3338216 0.1459373 0
v -5.859746 -2.788952 53.04744 9 9 10 9 0.521767 0.3375448 0.1406577 0
v -4.116133 -4.148013 52.97638 9 9 10 9 0.3279622 0.5360189 0.1359884 0
v -6.76148 -1.364769 53.15244 9 9 10 6 0.5203937 0.2825971 0.1911955 0.00578317
v -6.623988 -1.314193 53.22643 9 9 10 6 0.5206226 0.2829633 0.190631 0.005752651
v -6.961893 0.3612367 53.43799 9 9 9 10 0.6659342 0.2432288 0.05757229 0.03323415
v -6.821143 0.3697949 53.51082 9 9 9 10 0.6659342 0.2432135 0.05757229 0.03323415
v -5.993883 -2.877319 52.98368 9 9 10 9 0.5202106 0.3338216 0.1459373 0
v -4.248938 -4.265648 52.93651 9 9 10 9 0.3203174 0.5444571 0.1351949 0
v -4.311487 -4.40891 53.58607 9 9 10 9 0.01747158 0.8784924 0.1040208 0
v -6.278145 0.931334 52.69183 9 9 9 10 0.6672007 0.2387274 0.05815213 0.03587396
v -6.72681 -0.5945278 53.00372 9 9 10 6 0.5201038 0.2819715 0.1920806 0.005813688
v -6.589671 -0.5988113 53.0109 9 9 10 6 0.5201038 0.2819715 0.1920806 0.005813688
v -6.130248 0.878985 52.69845 9 9 9 10 0.6668956 0.2398108 0.0580148 0.03524834
v -6.716722 -2.065721 52.91723 9 9 10 9 0.5081254 0.3049668 0.1868772 0
v -6.574474 -0.6635319 52.32527 9 9 10 6 0.5201038 0.2819715 0.1920806 0.005813688
v -6.437318 -0.6675798 52.33249 9 9 10 6 0.5201038 0.2819715 0.1920806 0.005813688
v -6.551488 -2.084836 52.92003 9 9 10 9 0.5081254 0.3049668 0.1868772 0
v -6.190589 0.8876621 51.9883 9 9 10 9 0.597406 0.1971618 0.1354543 0.0699321
v -6.042283 0.8356538 51.99504 9 9 10 9 0.5961853 0.1946288 0.1402304 0.068925
v -6.72681 -0.5945278 53.00372 9 9 10 6 0.5201038 0.2819715 0.1920806 0.005813688
v -6.278145 0.931334 52.69183 9 9 9 10 0.6672007 0.2387274 0.05815213 0.03587396
v -6.190589 0.8876621 51.9883 9 9 10 9 0.597406 0.1971618 0.1354543 0.0699321
v -6.574474 -0.6635319 52.32527 9 9 10 6 0.5201038 0.2819715 0.1920806 0.005813688
v 0.4624758 -1.998215 45.29613 10 6 9 6 0.547982 0.4261387 0.0134432 0.01240558
v 0.4624757 -2.607571 45.07323 10 6 9 6 0.547982 0.4261387 0.0134432 0.01240558
v 0.4624748 -2.389807 44.87848 10 6 9 6 0.547982 0.4261387 0.0134432 0.01240558
v 0.4624743 -2.039366 45.00666 10 6 9 6 0.547982 0.4261387 0.0134432 0.01240558
v -0.5242921 -3.095858 47.91198 6 9 10 6 0.002517739 0.1457847 0.8491493 0.002517739
v -0.5242916 -2.878633 47.71723 6 9 10 6 0.002517739 0.1457847 0.8491493 0.002517739
v -0.5242931 -3.48796 47.49433 6 9 10 6 0.002517739 0.1457694 0.8491493 0.002532998
v -0.5242935 -3.44629 47.7838 6 9 10 6 0.002517739 0.1457847 0.8491493 0.002517739
v 0.4624738 -3.095592 47.91198 10 9 6 6 0.8491493 0.1457847 0.002517739 0.002517739
v 0.4624747 -2.878317 47.71723 10 9 6 6 0.8491493 0.1457847 0.002517739 0.002517739
v -0.5242916 -2.878633 47.71723 6 9 10 6 0.002517739 0.1457847 0.8491493 0.002517739
v -0.5242921 -3.095858 47.91198 6 9 10 6 0.002517739 0.1457847 0.8491493 0.002517739
v -0.5242931 -3.48796 47.49433 6 9 10 6 0.002517739 0.1457694 0.8491493 0.002532998
v 0.4624738 -3.487791 47.49433 10 9 6 6 0.8491493 0.1457847 0.002517739 0.002517739
v 0.4624751 -3.446104 47.7838 10 9 6 6 0.8491493 0.1457847 0.002517739 0.002517739
v -0.5242935 -3.44629 47.7838 6 9 10 6 0.002517739 0.1457847 0.8491493 0.002517739
v 0.4624728 -2.919818 47.42775 10 9 6 6 0.8483253 0.1453269 0.003830014 0.002487221
v 0.4624747 -2.878317 47.71723 10 9 6 6 0.8491493 0.1457847 0.002517739 0.002517739
v 0.4624738 -3.487791 47.49433 10 9 6 6 0.8491493 0.1457847 0.002517739 0.002517739
v 0.4624752 -3.270256 47.29959 10 9 6 6 0.8474556 0.1448539 0.005218585 0.002456703
v -0.5242915 -2.216104 45.49088 6 9 10 6 0.01240558 0.0134432 0.5479972 0.4261234
v -0.5242906 -1.998584 45.29613 6 9 10 6 0.01240558 0.0134432 0.547982 0.4261387
v -0.524291 -2.607789 45.07324 6 9 10 6 0.01240558 0.0134432 0.547982 0.4261387
v -0.5242915 -2.566391 45.36271 6 9 10 6 0.01240558 0.0134432 0.5479972 0.4261234
v -0.524291 -2.607789 45.07324 6 9 10 6 0.01240558 0.0134432 0.547982 0.4261387
v 0.4624757 -2.607571 45.07323 10 6 9 6 0.547982 0.4261387 0.0134432 0.01240558
v 0.4624748 -2.566145 45.3627 10 6 9 6 0.547982 0.4261387 0.0134432 0.01240558
v -0.5242915 -2.566391 45.36271 6 9 10 6 0.01240558 0.0134432 0.5479972 0.4261234
v 0.4624749 -2.215766 45.49088 10 6 9 6 0.5480735 0.4260319 0.01345846 0.01240558
v 0.4624748 -2.566145 45.3627 10 6 9 6 0.547982 0.4261387 0.0134432 0.01240558
v -0.5242921 -2.920108 47.42776 6 9 10 6 0.002487221 0.144625 0.8470436 0.005813688
v -0.5242935 -3.27046 47.29958 6 9 10 6 0.002441444 0.1433127 0.8446021 0.009613184
v -0.5242935 -3.27046 47.29958 6 9 10 6 0.002441444 0.1433127 0.8446021 0.009613184
v 0.4624752 -3.270256 47.29959 10 9 6 6 0.8474556 0.1448539 0.005218585 0.002456703
v 0.4624738 -3.095592 47.91198 10 9 6 6 0.8491493 0.1457847 0.002517739 0.002517739
v 0.4624751 -3.446104 47.7838 10 9 6 6 0.8491493 0.1457847 0.002517739 0.002517739
v -0.5242906 -2.039693 45.00666 10 6 9 6 0.547982 0.4261387 0.0134432 0.01240558
v -0.5242918 -2.390049 44.87848 6 9 10 6 0.01240558 0.0134432 0.547982 0.4261387
v -0.5242906 -2.039693 45.00666 10 6 9 6 0.547982 0.4261387 0.0134432 0.01240558
v 0.4624743 -2.039366 45.00666 10 6 9 6 0.547982 0.4261387 0.0134432 0.01240558
v 0.4624748 -2.389807 44.87848 10 6 9 6 0.547982 0.4261387 0.0134432 0.01240558
v -0.5242918 -2.390049 44.87848 6 9 10 6 0.01240558 0.0134432 0.547982 0.4261387
v 0.4624758 -1.998215 45.29613 10 6 9 6 0.547982 0.4261387 0.0134432 0.01240558
v -0.5242906 -1.998584 45.29613 6 9 10 6 0.01240558 0.0134432 0.547982 0.4261387
v 0.4624746 -3.824899 49.89246 0 9 10 0 0 0.3143511 0.6856337 0
v 0.4624756 -4.435486 49.66956 0 9 10 0 0 0.31635 0.6836347 0
v 0.4624766 -4.217713 49.47481 6 9 10 6 0.001785306 0.1956207 0.8007782 0.001785306
v 0.4624723 -3.866662 49.60299 6 9 10 6 0.002166781 0.1695583 0.8260776 0.002166781
v -0.5242922 -4.042557 50.08721 0 9 10 0 0 0.3167925 0.6831922 0
v -0.5242931 -3.825055 49.89246 0 9 10 0 0 0.3127489 0.6872358 0
v -0.5242916 -4.435551 49.66956 0 9 10 0 0 0.3161059 0.6838788 0
v -0.5242931 -4.393682 49.95903 0 9 10 0 0 0.3167925 0.6831922 0
v -0.5242916 -4.435551 49.66956 0 9 10 0 0 0.3161059 0.6838788 0
v 0.4624756 -4.435486 49.66956 0 9 10 0 0 0.31635 0.6836347 0
v 0.4624766 -4.393611 49.95903 0 9 10 0 0 0.3167925 0.6831922 0
v -0.5242931 -4.393682 49.95903 0 9 10 0 0 0.3167925 0.6831922 0
v 0.4624761 -4.042437 50.08721 0 9 10 0 0 0.3167925 0.6831922 0
v 0.4624766 -4.393611 49.95903 0 9 10 0 0 0.3167925 0.6831922 0
v -0.5242917 -3.866806 49.60299 6 9 10 6 0.00233463 0.1583734 0.8369268 0.00233463
v -0.5242901 -4.217803 49.47481 6 9 10 6 0.002090486 0.1752957 0.8205081 0.002090486
v -0.5242917 -3.866806 49.60299 6 9 10 6 0.00233463 0.1583734 0.8369268 0.00233463
v 0.4624723 -3.866662 49.60299 6 9 10 6 0.002166781 0.1695583 0.8260776 0.002166781
v 0.4624766 -4.217713 49.47481 6 9 10 6 0.001785306 0.1956207 0.8007782 0.001785306
v -0.5242901 -4.217803 49.47481 6 9 10 6 0.002090486 0.1752957 0.8205081 0.002090486
v 0.4624746 -3.824899 49.89246 0 9 10 0 0 0.3143511 0.6856337 0
v -0.5242931 -3.825055 49.89246 0 9 10 0 0 0.3127489 0.6872358 0
v 0.109201 -2.307732 45.38546 10 6 9 6 0.6612802 0.3040513 0.02627604 0.008361944
v 0.08808662 -2.132799 45.2534 10 6 9 6 0.5691921 0.4032807 0.01583887 0.01165789
v -0.6299772 -2.123799 45.15055 6 9 10 6 0.01240558 0.0134432 0.547982 0.4261387
v -0.6916072 -2.297701 45.27075 6 9 10 6 0.01240558 0.0134432 0.547982 0.4261387
v 0.06697132 -2.281713 45.09288 10 6 9 6 0.5482109 0.4258793 0.01347372 0.01240558
v -0.568347 -2.273749 45.00188 6 9 10 6 0.01240558 0.0134432 0.547982 0.4261387
v 0.08808566 -2.456722 45.22493 10 6 9 6 0.5523613 0.4214084 0.01393149 0.01225299
v -0.6299767 -2.447722 45.12208 6 9 10 6 0.01240558 0.0134432 0.547982 0.4261387
v 0.109201 -2.307732 45.38546 10 6 9 6 0.6612802 0.3040513 0.02627604 0.008361944
v -0.6916072 -2.297701 45.27075 6 9 10 6 0.01240558 0.0134432 0.547982 0.4261387
v 0.7479753 -2.105705 44.95318 10 6 9 6 0.547982 0.4261387 0.0134432 0.01240558
v 0.8451243 -2.277621 45.05065 6 9 10 6 0.01240558 0.0134432 0.547982 0.4261387
v 0.6508173 -2.257837 44.82725 10 6 9 6 0.547982 0.4261387 0.0134432 0.01240558
v 0.7479744 -2.429817 44.92471 6 9 10 6 0.01240558 0.0134432 0.547982 0.4261387
v 0.8451243 -2.277621 45.05065 6 9 10 6 0.01240558 0.0134432 0.547982 0.4261387
v 0.08808662 -2.132799 45.2534 10 6 9 6 0.5691921 0.4032807 0.01583887 0.01165789
v 0.109201 -2.307732 45.38546 10 6 9 6 0.6612802 0.3040513 0.02627604 0.008361944
v 0.06697132 -2.281713 45.09288 10 6 9 6 0.5482109 0.4258793 0.01347372 0.01240558
v 0.08808566 -2.456722 45.22493 10 6 9 6 0.5523613 0.4214084 0.01393149 0.01225299
v 0.109201 -2.307732 45.38546 10 6 9 6 0.6612802 0.3040513 0.02627604 0.008361944
v 0.1091984 -4.277378 49.95829 0 9 10 0 0 0.3167925 0.6831922 0
v 0.08808454 -4.067873 49.89423 0 9 10 0 0 0.3167773 0.6832075 0
v -0.6299784 -4.024422 49.80066 0 9 10 0 0 0.3082322 0.6917525 0
v -0.6916096 -4.228881 49.85394 0 9 10 0 0 0.3172503 0.6827344 0
v 0.06697116 -4.153548 49.69211 0 9 10 0 0 0.3164263 0.6835584 0
v -0.568347 -4.115089 49.60933 6 9 10 6 0.001297017 0.2289006 0.7684901 0.001297017
v 0.08808502 -4.363113 49.75617 0 9 10 0 0 0.3167773 0.6832075 0
v -0.6299792 -4.319612 49.66259 0 9 10 0 0 0.3094682 0.6905165 0
v 0.1091984 -4.277378 49.95829 0 9 10 0 0 0.3167925 0.6831922 0
v -0.6916096 -4.228881 49.85394 0 9 10 0 0 0.3172503 0.6827344 0
v -1.178236 -3.824239 49.37011 0 9 10 0 0 0.416144 0.5838407 0
v -1.303042 -4.005534 49.37377 0 9 10 0 0 0.4611582 0.5388266 0
v -1.053425 -3.93793 49.22838 6 9 10 6 0.001831083 0.2329748 0.7633478 0.001831083
v -1.178234 -4.119296 49.23204 0 9 10 0 0 0.4250401 0.5749447 0
v -1.303042 -4.005534 49.37377 0 9 10 0 0 0.4611582 0.5388266 0
v -1.382616 -3.530995 48.73927 0 9 10 6 0 0.2508583 0.7294728 0.01965362
v -1.530973 -3.678377 48.67023 0 9 10 6 0 0.2508583 0.7294728 0.01965362
v -1.234258 -3.6784 48.67022 0 9 10 6 0 0.2498512 0.7306477 0.01947051
v -1.382616 -3.825861 48.6012 0 9 10 6 0 0.2508583 0.7294728 0.01965362
v -1.530973 -3.678377 48.67023 0 9 10 6 0 0.2508583 0.7294728 0.01965362
v -1.178235 -3.237829 48.10842 0 9 10 6 0 0.2508583 0.7294728 0.01965362
v -1.303041 -3.35133 47.96669 0 9 10 6 0 0.2508583 0.7294728 0.01965362
v -1.053425 -3.418929 48.11207 0 9 10 6 0 0.2508583 0.7294728 0.01965362
v -1.178234 -3.53251 47.97034 0 9 10 6 0 0.2508583 0.7294728 0.01965362
v -1.303041 -3.35133 47.96669 0 9 10 6 0 0.2508583 0.7294728 0.01965362
v -0.6299782 -3.037728 47.67786 6 9 10 6 0.002517739 0.1457694 0.8491493 0.002532998
v -0.6916075 -3.128116 47.48652 6 9 10 6 0.002471962 0.1445487 0.8468757 0.006073091
v -0.5683481 -3.241823 47.73112 6 9 10 6 0.002517739 0.1457847 0.8491493 0.002517739
v -0.6299783 -3.332297 47.53979 6 9 10 6 0.002517739 0.1457694 0.8491188 0.002563516
v -0.6916075 -3.128116 47.48652 6 9 10 6 0.002471962 0.1445487 0.8468757 0.006073091
v 0.08808605 -2.994092 47.58428 10 9 6 6 0.8491493 0.1457847 0.002517739 0.002517739
v 0.109197 -3.079456 47.38216 10 9 6 6 0.8491493 0.1457847 0.002517739 0.002517739
v 0.06696979 -3.203226 47.64834 10 9 6 6 0.8491493 0.1457847 0.002517739 0.002517739
v 0.08808605 -3.288674 47.44622 10 9 6 6 0.8491493 0.1457847 0.002517739 0.002517739
v 0.109197 -3.079456 47.38216 10 9 6 6 0.8491493 0.1457847 0.002517739 0.002517739
v 0.7479734 -3.120782 47.85741 10 9 6 6 0.8482338 0.1465782 0.00265507 0.00250248
v 0.845126 -3.220812 47.68676 10 9 6 6 0.8143282 0.1763027 0.007537957 0.001785306
v 0.6508178 -3.31539 47.89 10 9 6 6 0.8489204 0.1459678 0.002548257 0.002517739
v 0.7479733 -3.415503 47.71935 10 9 6 6 0.8411383 0.1528038 0.003662165 0.002349889
v 0.845126 -3.220812 47.68676 10 9 6 6 0.8143282 0.1763027 0.007537957 0.001785306
v 1.14018 -3.377713 48.41053 0 9 10 6 0 0.2507668 0.7295796 0.01963836
v 1.282529 -3.507453 48.30361 0 9 10 6 0 0.2508583 0.7294728 0.01965362
v 0.9978337 -3.542809 48.37939 0 9 10 6 0 0.2421607 0.7395895 0.01821927
v 1.14018 -3.672629 48.27246 0 9 10 6 0 0.2508583 0.7294728 0.01965362
v 1.282529 -3.507453 48.30361 0 9 10 6 0 0.2508583 0.7294728 0.01965362
v 1.140182 -3.683404 49.068 6 9 10 6 0.002090486 0.2006409 0.7951629 0.002090486
v 1.282531 -3.848488 49.03685 0 9 10 0 0 0.4343938 0.5655909 0
v 0.9978312 -3.813342 48.96107 6 9 10 6 0.002487221 0.1501793 0.844831 0.002487221
v 1.140182 -3.978492 48.92993 6 9 10 6 0.001754788 0.2419165 0.7545281 0.001754788
v 1.282531 -3.848488 49.03685 0 9 10 0 0 0.4343938 0.5655909 0
v 0.7479765 -3.940729 49.6211 6 9 10 6 0.002349889 0.1658045 0.8294804 0.002349889
v 0.8451303 -4.135557 49.6537 0 9 10 0 0 0.374197 0.6257877 0
v 0.6508211 -4.041049 49.45045 6 9 10 6 0.00250248 0.146807 0.8481575 0.00250248
v 0.7479742 -4.235933 49.48304 6 9 10 6 0.002288853 0.1721523 0.8232242 0.002288853
v 0.8451303 -4.135557 49.6537 0 9 10 0 0 0.374197 0.6257877 0
v 0.08808454 -4.067873 49.89423 0 9 10 0 0 0.3167773 0.6832075 0
v 0.1091984 -4.277378 49.95829 0 9 10 0 0 0.3167925 0.6831922 0
v 0.06697116 -4.153548 49.69211 0 9 10 0 0 0.3164263 0.6835584 0
v 0.08808502 -4.363113 49.75617 0 9 10 0 0 0.3167773 0.6832075 0
v 0.1091984 -4.277378 49.95829 0 9 10 0 0 0.3167925 0.6831922 0
v 3.247591 5.053207 49.4286 10 10 9 10 0.3931029 0.3761196 0.1828946 0.04783703
v 2.898589 5.091827 49.66191 10 10 9 10 0.3930266 0.3761807 0.1829251 0.04783703
v 3.114528 5.373221 49.63746 10 10 9 10 0.3930114 0.3761807 0.1829404 0.04783703
v 2.758172 5.391153 49.8723 10 10 9 10 0.3930114 0.3761807 0.1829404 0.04783703
v 2.758172 5.391153 49.8723 10 10 9 10 0.3930114 0.3761807 0.1829404 0.04783703
v 3.247591 5.053207 49.4286 10 10 9 10 0.3931029 0.3761196 0.1828946 0.04783703
v 2.898589 5.091827 49.66191 10 10 9 10 0.3930266 0.3761807 0.1829251 0.04783703
v 3.247591 5.053207 49.4286 10 10 9 10 0.3931029 0.3761196 0.1828946 0.04783703
v 3.538971 4.822194 49.4246 10 10 9 6 0.6021973 0.2499733 0.07656977 0.07122912
v 3.44033 4.678887 49.67211 10 10 9 10 0.4052491 0.3692378 0.1770047 0.04847791
v 3.69668 4.952505 49.64919 10 10 9 10 0.411078 0.3659571 0.1741817 0.04876783
v 3.538971 4.822194 49.4246 10 10 9 6 0.6021973 0.2499733 0.07656977 0.07122912
v 3.247591 5.053207 49.4286 10 10 9 10 0.3931029 0.3761196 0.1828946 0.04783703
v 3.597174 4.808124 49.89671 10 10 9 10 0.3931639 0.3760891 0.1828794 0.04785229
v 4.311834 4.024562 49.53729 10 9 10 10 0.4230564 0.3241627 0.1397879 0.1129625
v 4.311834 4.024562 49.53729 10 9 10 10 0.4230564 0.3241627 0.1397879 0.1129625
v -3.247057 4.817429 49.68673 10 10 9 10 0.3931487 0.3761044 0.1828794 0.04785229
v -3.095724 5.104141 49.89743 10 10 9 10 0.3930114 0.3761807 0.1829404 0.04783703
v -3.469788 5.0902 49.66141 10 10 9 10 0.3931945 0.3760739 0.1828489 0.04785229
v -3.095724 5.104141 49.89743 10 10 9 10 0.3930114 0.3761807 0.1829404 0.04783703
v -3.974112 4.54473 49.91925 10 9 10 10 0.4227817 0.3244221 0.1397726 0.1130083
v -3.914483 4.564695 49.44734 10 10 6 10 0.6841993 0.1446403 0.1113298 0.05980011
v -4.075765 4.687304 49.67122 10 10 9 10 0.6412451 0.1542992 0.1202106 0.08421454
v -4.431442 3.798483 49.37693 10 9 10 10 0.4224002 0.3241169 0.1396658 0.1137865
v -4.694793 3.802192 49.55649 10 9 10 10 0.4219882 0.3234455 0.1395438 0.114992
v -4.731872 4.047317 49.35455 10 9 10 10 0.4226444 0.3244984 0.1397421 0.1130846
v -4.46401 4.038489 49.1754 10 10 6 10 0.6811932 0.1478294 0.1056229 0.06532387
v -4.694793 3.802192 49.55649 10 9 10 10 0.4219882 0.3234455 0.1395438 0.114992
v 3.42671 4.999918 46.81602 10 6 6 10 0.3919738 0.2870222 0.2105745 0.110399
v 3.295799 5.27931 46.79019 6 10 10 6 0.3592279 0.2647593 0.226154 0.1498283
v 3.316642 5.422982 49.2695 10 10 9 10 0.4191653 0.3754177 0.1628138 0.04257267
v 3.449777 5.154073 49.29533 10 10 9 10 0.4035096 0.3702297 0.1778439 0.04838636
v 3.196585 4.859033 49.32045 10 10 9 10 0.399527 0.3725185 0.1797665 0.04815747
v 2.90042 4.898903 49.31474 10 10 9 6 0.4548867 0.3489128 0.1033799 0.09279011
v 2.881171 4.756117 46.83542 6 10 10 6 0.3588312 0.2432288 0.234165 0.1637446
v 3.174636 4.706697 46.84114 10 6 6 10 0.3919127 0.2870985 0.2104524 0.1105058
v 2.996984 5.449077 49.26437 10 10 6 9 0.5025254 0.2967117 0.1977111 0.003036545
v 2.777099 5.148793 49.29065 10 10 6 9 0.5030747 0.2961013 0.1989166 0.00187686
v 2.90042 4.898903 49.31474 10 10 9 6 0.4548867 0.3489128 0.1033799 0.09279011
v 3.316642 5.422982 49.2695 10 10 9 10 0.4191653 0.3754177 0.1628138 0.04257267
v 2.996984 5.449077 49.26437 10 10 6 9 0.5025254 0.2967117 0.1977111 0.003036545
v 3.196585 4.859033 49.32045 10 10 9 10 0.399527 0.3725185 0.1797665 0.04815747
v 3.449777 5.154073 49.29533 10 10 9 10 0.4035096 0.3702297 0.1778439 0.04838636
v -3.550492 5.150599 49.26183 10 10 9 10 0.4862593 0.3233692 0.1376822 0.05265889
v -3.527054 5.054137 46.7825 10 6 6 10 0.3919738 0.2870069 0.2105745 0.110399
v -3.05916 4.572541 46.82943 10 6 6 10 0.3915312 0.2876478 0.2096437 0.1111467
v -3.082325 4.677442 49.30876 10 10 9 10 0.4105135 0.3663539 0.1744106 0.0487068
v -3.550492 5.150599 49.26183 10 10 9 10 0.4862593 0.3233692 0.1376822 0.05265889
v -3.082325 4.677442 49.30876 10 10 9 10 0.4105135 0.3663539 0.1744106 0.0487068
v -2.969162 4.929411 49.28493 10 10 9 6 0.4531777 0.3507897 0.1070115 0.08899061
v -3.219244 5.202354 49.25779 10 10 9 10 0.4221714 0.3753262 0.1604944 0.04197757
v -2.105133 5.3918 49.24256 10 10 6 10 0.5037156 0.2954757 0.2007782 0
v -2.287277 5.67553 49.21408 10 10 6 10 0.5038834 0.2952468 0.2008393 0
v -3.219244 5.202354 49.25779 10 10 9 10 0.4221714 0.3753262 0.1604944 0.04197757
v -0.980186 5.730436 49.21285 10 6 10 9 0.6946822 0.1739834 0.0788281 0.05247578
v -3.668513 4.880991 49.28721 10 10 6 10 0.6797894 0.1514916 0.1089189 0.05976959
v -3.386812 4.616332 49.31343 10 10 6 10 0.6734416 0.1613642 0.1054398 0.05973907
v -2.074168 5.95324 46.83111 6 6 10 10 0.3127642 0.2924086 0.1978637 0.1969329
v -2.080608 5.996386 49.12662 10 10 6 9 0.4842145 0.3157244 0.1929961 0.007049668
v -1.933402 6.26 49.31453 10 9 10 10 0.8203861 0.1795987 0 0
v -1.06119 6.127279 49.33958 10 9 6 10 0.7923552 0.1521477 0.03797971 0.01747158
v -0.8239589 6.362284 49.31024 10 9 6 10 0.8184177 0.1726864 0.008865491 0
v -1.1249 6.302883 49.62677 10 9 10 10 0.8199435 0.1800412 0 0
v -2.465855 5.843492 49.66916 10 10 6 9 0.4843214 0.3173877 0.1912261 0.007034409
v -0.8239589 6.362284 49.31024 10 9 6 10 0.8184177 0.1726864 0.008865491 0
v -1.1249 6.302883 49.62677 10 9 10 10 0.8199435 0.1800412 0 0
v -2.465855 5.843492 49.66916 10 10 6 9 0.4843214 0.3173877 0.1912261 0.007034409
v -1.416435 5.366373 49.19786 10 6 10 9 0.6615549 0.2198978 0.09973297 0.01879911
v -2.077901 6.407216 49.0924 10 6 10 9 0.6777905 0.1781949 0.1000992 0.04390021
v -2.077901 6.407216 49.0924 10 6 10 9 0.6777905 0.1781949 0.1000992 0.04390021
v -1.416435 5.366373 49.19786 10 6 10 9 0.6615549 0.2198978 0.09973297 0.01879911
v -4.920139 3.511102 51.8847 9 9 10 9 0.4762341 0.3215229 0.1123674 0.08984512
v -5.213626 3.394247 51.81319 9 9 10 6 0.4874342 0.3302052 0.09510949 0.08722057
v -4.779736 3.825844 50.89349 10 9 10 10 0.4224613 0.3246052 0.1396963 0.1132219
v -4.818815 4.088225 51.04064 10 9 10 10 0.4226291 0.3245746 0.1397574 0.1130236
v -4.779736 3.825844 50.89349 10 9 10 10 0.4224613 0.3246052 0.1396963 0.1132219
v -5.213626 3.394247 51.81319 9 9 10 6 0.4874342 0.3302052 0.09510949 0.08722057
v -5.214874 3.721876 51.84063 9 9 10 9 0.4762341 0.3215076 0.1123827 0.08986038
v -4.972461 3.604306 52.79525 9 9 9 10 0.5373007 0.3020981 0.08294804 0.0776379
v -5.275402 3.503334 52.85736 9 9 9 9 0.608484 0.233753 0.09680323 0.06092928
v -5.275402 3.503334 52.85736 9 9 9 9 0.608484 0.233753 0.09680323 0.06092928
v 1.037765 6.336773 51.93059 10 9 9 9 0.4429694 0.2396277 0.1881895 0.1291829
v 1.036629 5.967114 51.88672 10 9 9 9 0.4429694 0.2396277 0.1881895 0.1291829
v -1.392249 6.275753 51.94143 10 9 9 9 0.4429694 0.2396277 0.1881895 0.1291829
v -1.390689 5.91381 51.89629 10 9 9 9 0.4429847 0.2396124 0.1881895 0.1291829
v 1.037765 6.336773 51.93059 10 9 9 9 0.4429694 0.2396277 0.1881895 0.1291829
v -1.392249 6.275753 51.94143 10 9 9 9 0.4429694 0.2396277 0.1881895 0.1291829
v 1.321158 5.900883 51.05069 10 9 10 10 0.8199283 0.1800565 0 0
v 2.600482 5.310794 51.01316 10 10 9 10 0.3930114 0.3761807 0.1829404 0.04783703
v 1.225892 -3.291718 48.68252 0 9 10 6 0 0.2489662 0.7316701 0.01934844
v 3.192036 -3.916475 50.92555 0 9 10 0 0 0.4647898 0.5351949 0
v 1.593974 -4.22727 51.02348 0 9 10 0 0 0.460853 0.5391318 0
v 1.866293 -4.718204 52.87498 9 9 10 9 0.003601129 0.7904021 0.2059663 0
v 3.602051 -4.276933 52.85256 9 9 10 9 0.006179904 0.7214466 0.2723583 0
v -0.05576608 -1.80698 45.16455 10 6 9 6 0.547982 0.4261387 0.0134432 0.01240558
v -0.05576615 -2.533516 46.91475 6 9 10 6 0.001297017 0.05275044 0.8940871 0.05185015
v -0.05576624 -3.105943 48.77468 6 9 10 6 0.002517739 0.1457847 0.8491493 0.002517739
v -0.05576677 -4.304429 51.28078 9 10 9 9 0.3167925 0.6831922 0 0
v 4.522459 -3.074919 50.61156 9 9 10 6 0.05447471 0.583032 0.3188983 0.04356451
v 4.924469 -3.381687 52.66833 9 9 10 9 0.339971 0.5227894 0.1372244 0
v 5.254132 -2.344492 50.61553 9 9 10 6 0.1972381 0.514168 0.2322118 0.05635157
v 5.752452 -1.262325 50.67382 9 9 10 6 0.4766308 0.2500648 0.2389563 0.03431754
v 5.644128 0.04409925 50.97038 9 10 9 6 0.4770733 0.406775 0.09095903 0.02517739
v 5.698092 -2.549924 52.62151 9 9 10 9 0.5101244 0.3097429 0.1801022 0
v 6.205676 -1.658568 52.50659 9 9 10 9 0.5081254 0.3049668 0.1868772 0
v 6.337169 -0.07365268 52.71558 9 9 10 9 0.5798275 0.2675822 0.1297169 0.02284276
v 5.390062 1.898078 50.83722 9 10 9 6 0.4044556 0.3586023 0.1319905 0.104921
v 5.87187 1.81968 52.78988 9 9 10 9 0.5794613 0.2115663 0.1388571 0.07008469
v 4.733046 3.509525 50.95228 6 9 10 9 0.2895705 0.2632029 0.2590066 0.1882048
v 5.090615 3.586525 52.78944 9 9 9 9 0.6017243 0.2458076 0.08772412 0.06471352
v 3.731726 4.598039 50.98845 10 9 10 10 0.4226291 0.3245594 0.1397574 0.1130236
v -0.05576625 5.854785 51.07549 10 9 10 10 0.8199893 0.1799954 0 0
v -1.43269 5.900883 51.0507 10 9 10 10 0.8199283 0.1800565 0 0
v -2.712016 5.310795 51.01318 10 10 9 10 0.3930114 0.3761807 0.1829404 0.04783703
v -1.337425 -3.291718 48.68252 0 9 10 6 0 0.250843 0.7294881 0.01965362
v -1.705506 -4.22727 51.02347 0 9 10 0 0 0.4641795 0.5358053 0
v -3.303568 -3.916475 50.92554 9 9 10 6 0.006790265 0.4792096 0.5085374 0.005432212
v -1.977923 -4.719194 52.875 9 9 10 9 0.005859464 0.7299153 0.2641947 0
v -3.713789 -4.280051 52.85256 9 9 10 9 0.00624094 0.7214161 0.2723278 0
v -4.630446 -3.074919 50.61156 9 9 10 6 0.05447471 0.583032 0.3188983 0.04356451
v -5.008289 -3.389072 52.66833 9 9 10 9 0.339971 0.5227894 0.1372244 0
v -5.341129 -2.344492 50.61554 9 9 10 6 0.1972381 0.514168 0.2322118 0.05635157
v -5.826971 -1.262324 50.67383 9 9 10 6 0.4766003 0.2501106 0.2389715 0.03428702
v -5.716004 0.04409943 50.97038 9 10 9 6 0.4770733 0.406775 0.09095903 0.02517739
v -5.731013 -2.562968 52.62152 9 9 10 9 0.5094529 0.308156 0.1823606 0
v -6.212803 -1.658567 52.5066 9 9 10 9 0.5081254 0.3049668 0.1868772 0
v -6.346375 -0.1116852 52.71559 9 9 10 6 0.5311208 0.2805524 0.1828031 0.005477989
v -5.716004 0.04409943 50.97038 9 10 9 6 0.4770733 0.406775 0.09095903 0.02517739
v -5.498153 1.898078 50.83722 9 10 9 6 0.4044556 0.3586023 0.1319905 0.104921
v -5.950404 1.765509 52.78988 9 9 10 9 0.5794613 0.2115663 0.1388571 0.07008469
v -6.346375 -0.1116852 52.71559 9 9 10 6 0.5311208 0.2805524 0.1828031 0.005477989
v -4.844579 3.509525 50.95228 6 9 10 9 0.2902266 0.2637827 0.2590066 0.1869535
v -5.20541 3.529637 52.78944 9 9 9 9 0.6083772 0.2339513 0.0966659 0.06099031
v -3.843261 4.598039 50.98846 10 9 10 10 0.4226291 0.3245594 0.1397574 0.1130236
v 6.166586 -3.027593 53.60323 9 8 9 10 0.8204929 0.1020218 0.07147326 0.005981537
v 6.779274 -1.36477 53.15245 9 9 10 6 0.5204089 0.2825818 0.1912108 0.00578317
v 7.018737 -1.513371 53.76156 9 9 10 8 0.5717098 0.3814603 0.04428168 0.00250248
v 6.969137 0.4419148 53.438 9 9 9 10 0.6659342 0.2432135 0.05757229 0.03323415
v 6.892724 -1.831883 53.57544 9 9 10 8 0.5691005 0.3783322 0.05012589 0.002410925
v 7.008897 -1.877114 53.57244 9 9 10 8 0.5700923 0.3795071 0.04791333 0.002441444
v 5.92907 -3.972193 54.38847 9 8 9 10 0.1497826 0.005798428 0.799115 0.04525826
v 5.850528 -3.858109 54.37814 9 8 9 10 0.1420157 0.01525902 0.8013428 0.04135195
v 6.238522 -3.832757 55.00947 9 8 9 9 0.02813764 0.1283894 0.8434424 0
v 5.92907 -3.972193 54.38847 9 8 9 10 0.1497826 0.005798428 0.799115 0.04525826
v 6.788016 -2.025579 52.92111 9 9 10 9 0.5081254 0.3049668 0.1868772 0
v 7.008897 -1.877114 53.57244 9 9 10 8 0.5700923 0.3795071 0.04791333 0.002441444
v -6.18736 -3.027592 53.60323 9 13 9 10 0.8210117 0.1022049 0.07100023 0.005752651
v -7.028528 -1.51337 53.76155 9 9 10 13 0.5717098 0.3814603 0.04428168 0.00250248
v -6.76148 -1.364769 53.15244 9 9 10 6 0.5203937 0.2825971 0.1911955 0.00578317
v -6.961893 0.3612367 53.43799 9 9 9 10 0.6659342 0.2432288 0.05757229 0.03323415
v -6.962523 -1.935115 53.56831 9 9 10 13 0.5713588 0.381033 0.04507515 0.002487221
v -6.842937 -1.890013 53.57117 9 9 10 13 0.5706569 0.3801938 0.04664683 0.002471962
v -6.390494 -3.406545 53.79789 9 13 9 10 0.8215915 0.1024033 0.07048142 0.005493248
v -6.295632 -3.313104 53.79228 9 13 9 10 0.8214389 0.1023575 0.07061876 0.005554284
v -6.681377 -3.275498 54.42556 9 13 9 10 0.07029831 0.1024796 0.8217899 0.005401694
v -6.962523 -1.935115 53.56831 9 9 10 13 0.5713588 0.381033 0.04507515 0.002487221
v -6.716722 -2.065721 52.91723 9 9 10 9 0.5081254 0.3049668 0.1868772 0
v -6.390494 -3.406545 53.79789 9 13 9 10 0.8215915 0.1024033 0.07048142 0.005493248
v 6.043101 -2.71108 54.05292 9 8 9 10 0.8217899 0.1024796 0.07029831 0.005401694
v 6.545026 -1.680965 53.90396 9 9 10 8 0.5717098 0.3814603 0.04428168 0.00250248
v 5.236075 -3.531872 54.28787 9 9 9 10 0.1545434 0 0.7977874 0.04763867
v -6.117277 -2.740458 54.05291 9 13 9 10 0.8217899 0.1024796 0.07029831 0.005401694
v -6.599599 -1.728714 53.90396 9 9 10 13 0.5717098 0.3814603 0.04429694 0.00250248
v -6.73379 -0.1403212 53.97177 9 9 9 13 0.7533532 0.2203098 0.01400778 0.01231403
v -6.73379 -0.1403212 53.97177 9 9 9 13 0.7533532 0.2203098 0.01400778 0.01231403
v -5.342398 -3.548346 54.28786 9 9 9 10 0.1543297 0 0.7981231 0.0475166
v 5.907495 3.318621 54.38581 9 9 9 1 0.4655985 0.2893111 0.1829557 0.06210422
v 6.0663 3.404965 54.34034 9 9 9 1 0.4655985 0.2893111 0.1829557 0.06210422
v 3.158655 5.305613 52.20601 10 9 9 10 0.3686275 0.3392844 0.1873503 0.1047074
v 3.514039 5.26996 52.20965 10 9 9 10 0.3686275 0.3392844 0.1873503 0.1047074
v 3.524814 5.365783 53.59406 9 9 1 10 0.4454261 0.2672007 0.1704738 0.1168688
v 3.16965 5.412848 53.82869 9 9 1 10 0.4454261 0.2672007 0.1704738 0.1168688
v 3.386098 5.688089 53.80299 9 9 1 10 0.4454261 0.2672007 0.1704738 0.1168688
v 3.374511 5.580645 52.18031 10 9 9 10 0.3686275 0.3392844 0.1873503 0.1047074
v 3.01257 5.598681 52.178 10 9 9 10 0.3686275 0.3392844 0.1873503 0.1047074
v 3.023985 5.716169 54.03902 9 9 1 10 0.4454261 0.2672007 0.1704738 0.1168688
v 3.01257 5.598681 52.178 10 9 9 10 0.3686275 0.3392844 0.1873503 0.1047074
v 3.023985 5.716169 54.03902 9 9 1 10 0.4454261 0.2672007 0.1704738 0.1168688
v 3.524814 5.365783 53.59406 9 9 1 10 0.4454261 0.2672007 0.1704738 0.1168688
v 3.514039 5.26996 52.20965 10 9 9 10 0.3686275 0.3392844 0.1873503 0.1047074
v 3.023985 5.716169 54.03902 9 9 1 10 0.4454261 0.2672007 0.1704738 0.1168688
v 3.16965 5.412848 53.82869 9 9 1 10 0.4454261 0.2672007 0.1704738 0.1168688
v 3.729304 4.990793 53.83742 9 9 1 10 0.4455482 0.267216 0.1703975 0.1168231
v 3.882826 5.11973 54.06092 9 9 9 10 0.4514687 0.20206 0.1819486 0.1644922
v 3.524814 5.365783 53.59406 9 9 1 10 0.4454261 0.2672007 0.1704738 0.1168688
v 3.823462 5.131469 53.58901 9 9 1 10 0.4454261 0.2672007 0.1704738 0.1168688
v 3.524814 5.365783 53.59406 9 9 1 10 0.4454261 0.2672007 0.1704738 0.1168688
v 3.386098 5.688089 53.80299 9 9 1 10 0.4454261 0.2672007 0.1704738 0.1168688
v 3.978101 5.261032 53.8125 9 9 1 10 0.4455634 0.267216 0.1703822 0.1168078
v 3.823462 5.131469 53.58901 9 9 1 10 0.4454261 0.2672007 0.1704738 0.1168688
v 3.023985 5.716169 54.03902 9 9 1 10 0.4454261 0.2672007 0.1704738 0.1168688
v 3.882826 5.11973 54.06092 9 9 9 10 0.4514687 0.20206 0.1819486 0.1644922
v 4.350238 4.325222 53.51915 9 9 9 10 0.4489204 0.2048829 0.1794308 0.1667353
v 4.371928 4.57247 53.31693 9 9 10 9 0.4688029 0.327657 0.1092088 0.09430075
v 4.630997 4.583822 53.49533 9 9 9 10 0.4488747 0.2048371 0.1796139 0.166659
v 4.371928 4.57247 53.31693 9 9 10 9 0.4688029 0.327657 0.1092088 0.09430075
v 4.606153 4.330872 53.69792 9 9 9 10 0.4489815 0.2049592 0.1791867 0.1668574
v 3.590051 5.719313 53.42725 9 9 1 10 0.4454261 0.2672007 0.1704738 0.1168688
v 3.174714 5.20634 53.47504 9 9 1 10 0.4454261 0.2672007 0.1704738 0.1168688
v 3.47703 5.161136 53.47969 9 9 1 10 0.4454261 0.2672007 0.1704738 0.1168688
v 3.726535 5.450917 53.45282 9 9 1 10 0.4454261 0.2672007 0.1704738 0.1168688
v 3.569161 5.555405 50.94793 10 10 9 10 0.3930114 0.3761807 0.1829404 0.04783703
v 3.590051 5.719313 53.42725 9 9 1 10 0.4454261 0.2672007 0.1704738 0.1168688
v 3.726535 5.450917 53.45282 9 9 1 10 0.4454261 0.2672007 0.1704738 0.1168688
v 3.703811 5.279758 50.9735 10 10 9 10 0.4024567 0.2968032 0.2308537 0.0698558
v 3.47703 5.161136 53.47969 9 9 1 10 0.4454261 0.2672007 0.1704738 0.1168688
v 3.174714 5.20634 53.47504 9 9 1 10 0.4454261 0.2672007 0.1704738 0.1168688
v 3.155845 5.043696 50.9957 10 10 9 10 0.3930114 0.3761807 0.1829404 0.04783703
v 3.455647 4.991528 51.00037 10 10 9 10 0.3957122 0.3533227 0.1967498 0.05418479
v 3.267201 5.751217 53.42335 9 9 1 10 0.4454261 0.2672007 0.1704738 0.1168688
v 3.044944 5.458103 53.45081 9 9 1 10 0.4454261 0.2672007 0.1704738 0.1168688
v 3.248996 5.595549 50.94402 10 10 9 10 0.3930114 0.3761807 0.1829404 0.04783703
v 3.267201 5.751217 53.42335 9 9 1 10 0.4454261 0.2672007 0.1704738 0.1168688
v 2.444731 6.137384 53.3828 9 9 10 9 0.4881056 0.2149233 0.17673 0.1202258
v 2.27424 5.842655 53.41109 9 9 10 9 0.4910353 0.2171817 0.174258 0.1175097
v 2.43336 6.00777 50.90347 10 9 10 9 0.753933 0.1521325 0.06416418 0.02975509
v 2.444731 6.137384 53.3828 9 9 10 9 0.4881056 0.2149233 0.17673 0.1202258
v 2.814322 6.208865 53.50353 9 9 1 10 0.4452735 0.2673838 0.1703822 0.1169451
v 2.418366 6.169055 53.51223 9 9 10 9 0.4914931 0.2175021 0.173785 0.1171893
v 2.406101 6.027289 50.77384 10 10 9 9 0.6540932 0.1611505 0.1098039 0.07492179
v 2.799286 6.058895 50.77836 10 10 9 10 0.3930114 0.3761807 0.1829404 0.04783703
v 2.649945 6.364978 50.74193 10 10 9 10 0.4108339 0.371191 0.1727779 0.04518196
v 2.663021 6.504138 53.48034 9 9 10 9 0.4905928 0.2165255 0.1739834 0.1188678
v 2.799286 6.058895 50.77836 10 10 9 10 0.3930114 0.3761807 0.1829404 0.04783703
v 2.556641 6.34772 53.80153 9 9 1 10 0.4175631 0.3011978 0.1544213 0.126772
v 1.257114 6.73333 53.75453 9 9 10 9 0.4915694 0.2176089 0.1738003 0.1169909
v 2.556641 6.34772 53.80153 9 9 1 10 0.4175631 0.3011978 0.1544213 0.126772
v 1.257114 6.73333 53.75453 9 9 10 9 0.4915694 0.2176089 0.1738003 0.1169909
v 2.860139 5.609316 52.92068 10 9 9 10 0.3686275 0.3392844 0.1873503 0.1047074
v 3.044135 5.647551 54.13452 9 9 1 10 0.4454108 0.2672007 0.1705043 0.1168688
v 4.347233 4.792593 54.19313 9 9 9 10 0.4489815 0.2049592 0.1791867 0.1668574
v 3.070949 6.049314 55.38119 1 9 9 9 0.6879683 0.1898833 0.08279546 0.03933776
v 4.416234 5.367791 55.47852 9 9 1 9 0.2940414 0.4044861 0.2184176 0.08300908
v 5.504509 3.358876 54.32672 9 9 9 1 0.465568 0.2893416 0.1829557 0.06210422
v 6.187858 1.485845 54.27422 9 9 9 1 0.5667048 0.2632181 0.09874113 0.07130541
v 4.116351 4.735645 52.81634 9 9 10 9 0.4762036 0.3214923 0.112398 0.08987564
v 1.339093 6.299064 54.20013 9 9 10 9 0.4916152 0.2176242 0.1737392 0.1170062
v 1.314987 6.332801 55.44679 9 9 9 9 0.4798352 0.3736324 0.1010605 0.04544137
v 5.051829 5.508888 56.3558 9 1 9 9 0.363653 0.3261158 0.2207675 0.08943313
v 4.768472 5.222608 56.35579 9 9 1 9 0.363653 0.2207675 0.3261158 0.08943313
v 5.10764 4.970773 56.17442 9 1 9 9 0.363653 0.3261158 0.2207675 0.08943313
v 5.482967 5.296469 56.16159 9 1 9 9 0.363653 0.3261158 0.2207675 0.08943313
v 5.336752 5.088495 55.28806 9 9 1 9 0.4045167 0.2940719 0.2183871 0.08300908
v 5.161171 4.944703 55.30013 9 9 1 9 0.4045167 0.2940719 0.2183871 0.08300908
v 4.978811 5.081257 55.47672 9 9 1 9 0.2940719 0.4044861 0.2184024 0.08300908
v 5.35397 5.400739 55.40457 9 9 1 9 0.2940719 0.4045167 0.2183871 0.08300908
v 5.336752 5.088495 55.28806 9 9 1 9 0.4045167 0.2940719 0.2183871 0.08300908
v 5.35397 5.400739 55.40457 9 9 1 9 0.2940719 0.4045167 0.2183871 0.08300908
v 5.482967 5.296469 56.16159 9 1 9 9 0.363653 0.3261158 0.2207675 0.08943313
v 5.483316 4.986339 55.97977 9 1 9 9 0.363653 0.3261158 0.2207675 0.08943313
v 5.307806 4.840058 55.99183 9 1 9 9 0.363653 0.3261158 0.2207675 0.08943313
v 5.483316 4.986339 55.97977 9 1 9 9 0.363653 0.3261158 0.2207675 0.08943313
v 4.942295 5.622148 55.6524 9 9 1 9 0.3615625 0.2262913 0.3228809 0.08925002
v 4.658391 5.337687 55.6524 9 9 1 9 0.3073167 0.3695277 0.2388953 0.0842298
v 4.768472 5.222608 56.35579 9 9 1 9 0.363653 0.2207675 0.3261158 0.08943313
v 5.051829 5.508888 56.3558 9 1 9 9 0.363653 0.3261158 0.2207675 0.08943313
v 4.658391 5.337687 55.6524 9 9 1 9 0.3073167 0.3695277 0.2388953 0.0842298
v 4.942295 5.622148 55.6524 9 9 1 9 0.3615625 0.2262913 0.3228809 0.08925002
v 7.267234 0.3786584 54.05209 9 9 9 8 0.7529412 0.2212406 0.01373312 0.01206989
v 6.0663 3.404965 54.34034 9 9 9 1 0.4655985 0.2893111 0.1829557 0.06210422
v 5.10764 4.970773 56.17442 9 1 9 9 0.363653 0.3261158 0.2207675 0.08943313
v 4.978811 5.081257 55.47672 9 9 1 9 0.2940719 0.4044861 0.2184024 0.08300908
v 3.062793 5.919325 54.59847 1 9 9 9 0.7050126 0.1891051 0.07571527 0.03013657
v 3.047305 5.680162 56.20225 1 9 9 9 0.5937896 0.1941405 0.1218891 0.09013505
v 2.839309 5.905505 56.25396 1 9 9 9 0.5937896 0.1941405 0.1218891 0.09013505
v 2.853595 6.176077 54.41457 1 9 9 9 0.7050126 0.1891051 0.07571527 0.03013657
v 3.412383 5.781343 56.20724 9 9 1 9 0.1218891 0.1941405 0.5937896 0.09013505
v 3.370133 5.523672 57.57595 9 9 1 9 0.4720531 0.2572213 0.1766995 0.09399558
v 3.001647 5.379696 57.80647 9 9 1 9 0.4720531 0.2572213 0.1766995 0.09399558
v 3.207935 6.016315 56.26106 9 9 1 9 0.1218891 0.1941405 0.5937896 0.09013505
v 3.412383 5.781343 56.20724 9 9 1 9 0.1218891 0.1941405 0.5937896 0.09013505
v 3.429357 5.98919 54.83895 9 9 1 9 0.07571527 0.1891051 0.7050126 0.03013657
v 3.22448 6.25611 54.65729 1 9 9 9 0.7050126 0.1891051 0.07571527 0.03013657
v 3.159584 5.71298 57.86529 9 9 1 9 0.4720531 0.2572213 0.1766995 0.09399558
v 2.839309 5.905505 56.25396 1 9 9 9 0.5937896 0.1941405 0.1218891 0.09013505
v 2.788798 5.560355 58.0938 9 9 1 9 0.5771267 0.3558862 0.03353933 0.03343252
v 2.788798 5.560355 58.0938 9 9 1 9 0.5771267 0.3558862 0.03353933 0.03343252
v 3.429357 5.98919 54.83895 9 9 1 9 0.07571527 0.1891051 0.7050126 0.03013657
v 3.370133 5.523672 57.57595 9 9 1 9 0.4720531 0.2572213 0.1766995 0.09399558
v 2.853595 6.176077 54.41457 1 9 9 9 0.7050126 0.1891051 0.07571527 0.03013657
v 3.837762 5.920986 54.36403 1 9 9 9 0.7050126 0.1891051 0.07571527 0.03013657
v 3.709885 5.729537 54.56921 1 9 9 9 0.7050126 0.1891051 0.07571527 0.03013657
v 3.775426 5.887968 54.83269 9 9 1 9 0.07571527 0.1891051 0.7050126 0.03013657
v 3.775426 5.887968 54.83269 9 9 1 9 0.07571527 0.1891051 0.7050126 0.03013657
v 3.905382 6.082906 54.62754 9 9 1 9 0.07571527 0.1891051 0.7050126 0.03013657
v 3.837762 5.920986 54.36403 1 9 9 9 0.7050126 0.1891051 0.07571527 0.03013657
v 2.788798 5.560355 58.0938 9 9 1 9 0.5771267 0.3558862 0.03353933 0.03343252
v 3.001647 5.379696 57.80647 9 9 1 9 0.4720531 0.2572213 0.1766995 0.09399558
v 3.640851 5.196815 57.71481 9 9 1 9 0.4720531 0.2572061 0.17673 0.09398031
v 3.757508 5.311301 57.97179 9 9 1 9 0.4696269 0.2531624 0.1925078 0.08467231
v 3.370133 5.523672 57.57595 9 9 1 9 0.4720531 0.2572213 0.1766995 0.09399558
v 3.713992 5.42929 57.5161 9 9 1 9 0.465568 0.08732738 0.2148775 0.2322118
v 3.370133 5.523672 57.57595 9 9 1 9 0.4720531 0.2572213 0.1766995 0.09399558
v 3.159584 5.71298 57.86529 9 9 1 9 0.4720531 0.2572213 0.1766995 0.09399558
v 3.832125 5.545716 57.77311 9 1 9 9 0.4601511 0.2466316 0.2113985 0.08178836
v 3.713992 5.42929 57.5161 9 9 1 9 0.465568 0.08732738 0.2148775 0.2322118
v 2.788798 5.560355 58.0938 9 9 1 9 0.5771267 0.3558862 0.03353933 0.03343252
v 3.757508 5.311301 57.97179 9 9 1 9 0.4696269 0.2531624 0.1925078 0.08467231
v 4.396796 4.969001 57.25518 9 9 1 9 0.4498512 0.07121386 0.3071946 0.1717098
v 4.640444 5.047782 57.44191 9 9 1 9 0.4498512 0.07121386 0.3071946 0.1717098
v 4.378534 5.252559 57.12532 9 9 1 9 0.4498512 0.07121386 0.3071946 0.1717098
v 4.625447 5.337629 57.31266 9 9 1 9 0.4498512 0.07121386 0.3071946 0.1717098
v 4.378534 5.252559 57.12532 9 9 1 9 0.4498512 0.07121386 0.3071946 0.1717098
v 4.640444 5.047782 57.44191 9 9 1 9 0.4498512 0.07121386 0.3071946 0.1717098
v 4.8533 4.893148 56.44187 9 1 9 9 0.363653 0.3261158 0.2207675 0.08943313
v 5.171595 4.953926 56.50604 9 1 9 9 0.363653 0.3261158 0.2207675 0.08943313
v 4.780268 5.203359 56.43326 9 9 1 9 0.363653 0.2207675 0.3261158 0.08943313
v 5.103363 5.274863 56.49875 9 1 9 9 0.363653 0.3261158 0.2207675 0.08943313
v 4.780268 5.203359 56.43326 9 9 1 9 0.363653 0.2207675 0.3261158 0.08943313
v 5.171595 4.953926 56.50604 9 1 9 9 0.363653 0.3261158 0.2207675 0.08943313
v 4.879097 5.048389 55.54659 9 9 1 9 0.294194 0.4041657 0.2185855 0.08302434
v 5.202646 5.132715 55.47922 9 9 1 9 0.2940719 0.4045014 0.2183871 0.08300908
v 4.802342 5.336671 55.66952 9 9 1 9 0.3517357 0.2522164 0.3076829 0.08833448
v 5.130632 5.431975 55.60348 9 9 1 9 0.309987 0.3624781 0.2430304 0.08447395
v 4.802342 5.336671 55.66952 9 9 1 9 0.3517357 0.2522164 0.3076829 0.08833448
v 5.202646 5.132715 55.47922 9 9 1 9 0.2940719 0.4045014 0.2183871 0.08300908
v 4.45941 5.380462 54.85353 9 9 1 9 0.2939956 0.4044404 0.2185397 0.08299382
v 4.714793 5.519882 54.68741 9 9 1 9 0.4045014 0.2940566 0.2184024 0.08300908
v 4.432933 5.606621 55.07654 9 9 1 9 0.2940414 0.4044861 0.2184482 0.08300908
v 4.691748 5.753471 54.91103 9 9 1 9 0.2250248 0.3364004 0.3722591 0.06628519
v 4.432933 5.606621 55.07654 9 9 1 9 0.2940414 0.4044861 0.2184482 0.08300908
v 4.714793 5.519882 54.68741 9 9 1 9 0.4045014 0.2940566 0.2184024 0.08300908
v 3.647646 6.127882 55.01994 9 9 1 9 0.07571527 0.1891051 0.7050126 0.03013657
v 3.453798 5.759124 54.95774 9 9 1 9 0.07571527 0.1891051 0.7050126 0.03013657
v 3.139277 5.690237 54.95664 1 9 9 9 0.7050126 0.1891051 0.07571527 0.03013657
v 3.455824 6.326656 55.06635 9 9 1 9 0.07571527 0.1891051 0.7050126 0.03013657
v 3.647646 6.127882 55.01994 9 9 1 9 0.07571527 0.1891051 0.7050126 0.03013657
v 3.455824 6.326656 55.06635 9 9 1 9 0.07571527 0.1891051 0.7050126 0.03013657
v 3.402064 5.904972 57.51714 9 9 1 9 0.4720531 0.09399558 0.1766995 0.2572213
v 3.591626 5.705931 57.47074 9 9 1 9 0.4718853 0.09381247 0.1777371 0.2565347
v 3.401199 5.340724 57.40855 9 9 1 9 0.4720531 0.2572213 0.1766995 0.09399558
v 3.091161 5.274145 57.40746 9 9 1 9 0.4720531 0.2572213 0.1766995 0.09399558
v 3.139277 5.690237 54.95664 1 9 9 9 0.7050126 0.1891051 0.07571527 0.03013657
v 3.453798 5.759124 54.95774 9 9 1 9 0.07571527 0.1891051 0.7050126 0.03013657
v 3.074252 5.823404 57.51457 9 9 1 9 0.4720531 0.09399558 0.1766995 0.2572213
v 2.911356 5.471025 57.45202 9 9 1 9 0.4720531 0.2572213 0.1766995 0.09399558
v 3.091161 5.274145 57.40746 9 9 1 9 0.4720531 0.2572213 0.1766995 0.09399558
v 3.402064 5.904972 57.51714 9 9 1 9 0.4720531 0.09399558 0.1766995 0.2572213
v 2.214968 5.604634 57.50159 9 9 1 9 0.4720531 0.2572213 0.1766995 0.09399558
v 2.337537 5.940173 57.56451 9 9 1 9 0.4720531 0.2572213 0.1766995 0.09399558
v 2.957211 5.886931 55.00117 1 9 9 9 0.7050126 0.1891051 0.07571527 0.03013657
v 3.123087 6.242121 55.06374 1 9 9 9 0.7050126 0.1891051 0.07571527 0.03013657
v 3.123087 6.242121 55.06374 1 9 9 9 0.7050126 0.1891051 0.07571527 0.03013657
v 3.074252 5.823404 57.51457 9 9 1 9 0.4720531 0.09399558 0.1766995 0.2572213
v 1.178991 5.715743 57.55119 9 9 9 9 0.4353246 0.3506218 0.2045777 0.009445335
v 1.239953 6.031169 57.61433 9 9 9 9 0.4354162 0.3504845 0.2046082 0.009460594
v 3.401199 5.340724 57.40855 9 9 1 9 0.4720531 0.2572213 0.1766995 0.09399558
v 3.591626 5.705931 57.47074 9 9 1 9 0.4718853 0.09381247 0.1777371 0.2565347
v 2.250573 6.016521 55.0507 9 9 9 9 0.5467155 0.2635081 0.1270008 0.0627451
v 2.375422 6.353833 55.11363 9 9 9 9 0.5466239 0.263447 0.1271077 0.06277562
v 2.375422 6.353833 55.11363 9 9 9 9 0.5466239 0.263447 0.1271077 0.06277562
v 2.337537 5.940173 57.56451 9 9 1 9 0.4720531 0.2572213 0.1766995 0.09399558
v 1.26061 6.43793 55.16338 9 9 9 9 0.5467308 0.2635081 0.1269856 0.06272984
v 1.239953 6.031169 57.61433 9 9 9 9 0.4354162 0.3504845 0.2046082 0.009460594
v 1.75996 6.910975 55.64153 9 9 9 9 0.5384146 0.2771954 0.1168536 0.06749065
v 1.738021 6.610034 57.42722 9 9 9 9 0.4354162 0.3504845 0.2046082 0.009460594
v 1.962538 6.687482 57.10214 9 9 9 1 0.4132296 0.267216 0.2450446 0.07447929
v 1.978433 6.881169 55.96067 9 9 9 9 0.4769055 0.378439 0.102739 0.04190128
v 1.961909 6.607796 55.90495 9 9 9 9 0.4768902 0.3784085 0.1027543 0.04193179
v 1.94624 6.414258 57.04641 9 9 1 9 0.4502785 0.3059739 0.1562982 0.08741894
v 1.731085 6.340603 57.37173 9 9 9 9 0.4354162 0.3504845 0.2046082 0.009460594
v 1.94624 6.414258 57.04641 9 9 1 9 0.4502785 0.3059739 0.1562982 0.08741894
v 1.961909 6.607796 55.90495 9 9 9 9 0.4768902 0.3784085 0.1027543 0.04193179
v 1.978433 6.881169 55.96067 9 9 9 9 0.4769055 0.378439 0.102739 0.04190128
v 1.962538 6.687482 57.10214 9 9 9 1 0.4132296 0.267216 0.2450446 0.07447929
v 1.731085 6.340603 57.37173 9 9 9 9 0.4354162 0.3504845 0.2046082 0.009460594
v 1.738021 6.610034 57.42722 9 9 9 9 0.4354162 0.3504845 0.2046082 0.009460594
v 6.683982 -0.06034941 53.97177 9 9 9 8 0.7531396 0.2207828 0.01385519 0.01219196
v 6.306139 1.381066 55.20395 9 9 9 1 0.5667048 0.2632181 0.09874113 0.07130541
v 4.429297 5.453078 56.62494 9 9 1 9 0.363653 0.220737 0.3261158 0.08944838
v 5.347515 4.731805 56.74469 9 1 9 9 0.3636377 0.3261158 0.2207675 0.08944838
v 4.90612 4.680593 57.86942 9 1 9 9 0.4498512 0.3071946 0.1717098 0.07121386
v 4.271644 5.109367 57.75328 9 1 9 9 0.4498512 0.3071946 0.1717098 0.07121386
v 3.027822 5.410464 57.61201 9 9 1 9 0.4720531 0.2572213 0.1766995 0.09399558
v 3.044657 4.816735 58.46499 9 9 9 1 0.5780423 0.3570611 0.03398184 0.03088426
v 3.039966 5.90675 56.43101 1 9 9 9 0.5937896 0.1941405 0.1218891 0.09013505
v 1.346526 5.640469 57.44799 9 9 9 9 0.4354162 0.3504845 0.2046082 0.009460594
v 1.350576 6.091234 56.43098 9 9 9 9 0.4768902 0.3784543 0.1027543 0.04187076
v 4.115774 4.484064 58.70776 9 1 2 9 0.3537346 0.265507 0.20972 0.1710079
v 4.597427 4.124238 58.7511 9 1 2 9 0.3537346 0.265507 0.20972 0.1710079
v 1.372037 4.999573 58.49779 9 9 9 2 0.5193103 0.3076219 0.1544823 0.01855497
v 1.36018 4.160211 59.54762 9 2 9 9 0.5546807 0.3086137 0.1065995 0.03007553
v 5.347515 4.731805 56.74469 9 1 9 9 0.3636377 0.3261158 0.2207675 0.08944838
v 4.90612 4.680593 57.86942 9 1 9 9 0.4498512 0.3071946 0.1717098 0.07121386
v 2.263457 -0.8379604 58.54697 18 9 2 9 0.532433 0.3558404 0.07539482 0.03630121
v 4.597427 4.124238 58.7511 9 1 2 9 0.3537346 0.265507 0.20972 0.1710079
v 6.319782 3.339238 54.99364 9 9 11 1 0.3062486 0.2691234 0.2432593 0.1813382
v 6.158299 3.24675 55.0391 9 9 11 1 0.3063249 0.2696727 0.2428168 0.1811551
v 6.319782 3.339238 54.99364 9 9 11 1 0.3062486 0.2691234 0.2432593 0.1813382
v 6.7692 -0.1232705 54.83836 9 9 9 8 0.7533532 0.2202945 0.01400778 0.01231403
v 6.306139 1.381066 55.20395 9 9 9 1 0.5667048 0.2632181 0.09874113 0.07130541
v 5.947249 3.575784 55.62783 9 9 11 1 0.3062333 0.2690929 0.2432898 0.1813535
v 5.947249 3.575784 55.62783 9 9 11 1 0.3062333 0.2690929 0.2432898 0.1813535
v 6.7692 -0.1232705 54.83836 9 9 9 8 0.7533532 0.2202945 0.01400778 0.01231403
v 3.942766 3.451159 59.78299 2 9 9 12 0.7324941 0.13785 0.08570993 0.04391547
v 2.810543 3.828092 59.64602 9 2 9 7 0.08421454 0.7222553 0.1742733 0.01922637
v 4.312397 3.152098 59.75533 2 7 12 9 0.395285 0.2126803 0.2051423 0.1868467
v 7.123579 0.3823105 54.12491 9 9 9 8 0.7515984 0.2242771 0.01283284 0.01127642
v 7.267234 0.3786584 54.05209 9 9 9 8 0.7529412 0.2212406 0.01373312 0.01206989
v 4.312397 3.152098 59.75533 2 7 12 9 0.395285 0.2126803 0.2051423 0.1868467
v 5.182189 -4.517497 57.58543 9 7 12 11 0.4843366 0.2659953 0.200351 0.04928664
v 3.984016 -4.954449 57.32914 9 7 9 9 0.9983063 0.001678492 0 0
v 4.008123 -4.840141 56.02516 9 9 10 9 0.9782254 0.01747158 0.004287785 0
v 2.041623 -5.370473 58.2081 9 9 9 9 1 0 0 0
v 2.123832 -5.471541 56.97465 9 9 9 9 0.9999847 0 0 0
v 2.150594 -5.497845 55.82767 0 9 10 0 0 0.972961 0.02702373 0
v 5.633772 -4.027892 56.25575 9 8 9 9 0.8434577 0.1284047 0.02810712 0
v 5.182189 -4.517497 57.58543 9 7 12 11 0.4843366 0.2659953 0.200351 0.04928664
v 5.633772 -4.027892 56.25575 9 8 9 9 0.8434577 0.1284047 0.02810712 0
v 3.831741 -4.96838 58.58926 8 9 12 7 0.03704891 0.4035706 0.4343328 0.1250172
v 4.903787 -4.602207 58.73177 12 9 7 8 0.4343175 0.4034791 0.125124 0.03703365
v 4.903787 -4.602207 58.73177 12 9 7 8 0.4343175 0.4034791 0.125124 0.03703365
v 6.880334 -1.462913 53.83556 9 9 10 8 0.5717098 0.3814603 0.04428168 0.00250248
v 7.018737 -1.513371 53.76156 9 9 10 8 0.5717098 0.3814603 0.04428168 0.00250248
v 6.033053 -2.939079 53.667 9 8 9 10 0.8200198 0.1018692 0.07190051 0.006195163
v 6.166586 -3.027593 53.60323 9 8 9 10 0.8204929 0.1020218 0.07147326 0.005981537
v 4.113173 -4.291214 53.62595 9 9 10 9 0.01745632 0.8785077 0.1040208 0
v 4.246034 -4.408911 53.58607 9 9 10 9 0.01745632 0.8784924 0.1040208 0
v 6.159616 -3.717665 54.999 9 8 9 9 0.02880903 0.1279927 0.843183 0
v 6.238522 -3.832757 55.00947 9 8 9 9 0.02813764 0.1283894 0.8434424 0
v 3.77769 -4.788102 54.40681 9 9 10 9 0.1484703 0.803769 0.04774548 0
v 6.907512 -1.809703 54.99548 9 8 9 10 0.2443122 0.1421531 0.5843748 0.02914473
v 6.418128 -3.017918 55.35876 9 8 9 10 0.005325399 0.3466544 0.6434882 0.004501412
v 6.418128 -3.017918 55.35876 9 8 9 10 0.005325399 0.3466544 0.6434882 0.004501412
v 6.907512 -1.809703 54.99548 9 8 9 10 0.2443122 0.1421531 0.5843748 0.02914473
v 3.236408 -5.546322 57.89466 0 9 0 7 0 0.9986725 0 0.001312276
v 3.261096 -5.708123 57.92075 0 9 0 7 0 0.9986725 0 0.001312276
v 2.879592 -5.708068 57.27321 0 9 0 7 0 0.9986725 0 0.001312276
v 2.905398 -5.869106 57.29822 0 9 0 7 0 0.9986725 0 0.001312276
v 3.261096 -5.708123 57.92075 0 9 0 7 0 0.9986725 0 0.001312276
v 2.905398 -5.869106 57.29822 0 9 0 7 0 0.9986725 0 0.001312276
v 4.467456 -3.80572 61.01271 9 12 7 18 0.5626612 0.3618524 0.05616846 0.0192874
v 4.64696 -4.315928 59.98824 8 9 12 7 0.01741054 0.4259403 0.4816663 0.07496758
v 4.64696 -4.315928 59.98824 8 9 12 7 0.01741054 0.4259403 0.4816663 0.07496758
v 4.467456 -3.80572 61.01271 9 12 7 18 0.5626612 0.3618524 0.05616846 0.0192874
v 3.586459 -4.416317 60.84445 18 9 12 7 0.01927214 0.5627985 0.3616846 0.05621424
v 3.725264 -4.787128 59.78145 0 9 12 7 0 0.7264057 0.1681697 0.1054093
v 1.909381 -5.278042 59.37169 9 12 7 9 0.9084917 0.05351339 0.03797971 0
v 1.059058 3.812003 60.53197 9 2 9 9 0.55523 0.3095751 0.1060655 0.0290837
v 1.060421 3.574807 60.27559 9 2 9 9 0.5559319 0.3105211 0.1055009 0.02801557
v 1.070632 4.41654 59.15652 9 9 9 2 0.5525292 0.1994354 0.1861296 0.06186007
v 1.069636 4.701127 59.38933 9 9 2 9 0.1861296 0.1994354 0.06186007 0.5525292
v 1.085355 6.134516 57.10213 9 9 9 9 0.4354162 0.3504845 0.2046082 0.009460594
v 1.085247 5.764466 56.9404 9 9 9 9 0.4354162 0.3504845 0.2046082 0.009460594
v 1.069636 4.701127 59.38933 9 9 2 9 0.1861296 0.1994354 0.06186007 0.5525292
v 1.085355 6.134516 57.10213 9 9 9 9 0.4354162 0.3504845 0.2046082 0.009460594
v -1.455325 6.044663 57.10764 9 9 9 9 0.4354162 0.3504845 0.2046082 0.009460594
v -0.05763623 5.059257 58.45552 9 9 9 9 0.6280461 0.2622415 0.06037995 0.0493019
v -0.05719662 4.252052 59.54606 9 9 9 9 0.2999924 0 0 0.6999924
v 1.527342 3.246028 61.19282 9 18 2 9 0.08235294 0.09102006 0.3047532 0.5218433
v 1.205673 3.04881 61.02986 9 18 2 9 0.08235294 0.09102006 0.3047074 0.5218891
v 1.255987 3.426454 61.01556 9 2 18 9 0.5218891 0.3047074 0.09102006 0.08235294
v 1.197714 2.163586 61.88321 0 18 0 0 0 1 0 0
v 1.517071 2.328652 62.07576 18 18 18 18 1 0 0 0
v 1.091096 2.393943 61.96508 0 18 0 0 0 1 0 0
v 1.096996 3.125792 61.2587 9 18 2 9 0.08235294 0.09102006 0.3047074 0.5218891
v 1.527342 3.246028 61.19282 9 18 2 9 0.08235294 0.09102006 0.3047532 0.5218433
v 1.255987 3.426454 61.01556 9 2 18 9 0.5218891 0.3047074 0.09102006 0.08235294
v 1.20355 3.39904 61.3886 9 18 2 9 0.08235294 0.09102006 0.3047074 0.5218891
v 1.195936 2.515182 62.24193 18 18 18 18 1 0 0 0
v 1.517071 2.328652 62.07576 18 18 18 18 1 0 0 0
v 1.096996 3.125792 61.2587 9 18 2 9 0.08235294 0.09102006 0.3047074 0.5218891
v 1.091096 2.393943 61.96508 0 18 0 0 0 1 0 0
v 1.053378 3.704291 61.27052 9 18 2 9 0.08235294 0.09102006 0.3047074 0.5218891
v 1.056441 3.028951 60.65446 9 18 2 9 0.08235294 0.09102006 0.3047074 0.5218891
v 1.050071 3.126015 61.61492 9 18 2 9 0.01458762 0.313695 0.05888456 0.6128176
v 1.051385 2.834925 61.34248 9 18 2 9 0.01846342 0.3038224 0.06710918 0.6105897
v 1.059058 3.812003 60.53197 9 2 9 9 0.55523 0.3095751 0.1060655 0.0290837
v -1.434317 4.636963 59.38934 9 9 9 19 0.5525292 0.1994354 0.1861296 0.06186007
v -1.420222 3.765762 60.53196 9 19 9 9 0.5556573 0.3146715 0.1021439 0.02749676
v 0.7395043 1.883743 61.77094 0 18 0 0 0 1 0 0
v 0.799778 2.396811 61.76921 0 18 0 0 0 1 0 0
v 0.7991972 2.535808 61.98312 0 18 0 0 0 1 0 0
v -0.1249466 2.424595 61.63804 18 18 18 18 1 0 0 0
v 0.799778 2.396811 61.76921 0 18 0 0 0 1 0 0
v 0.7395043 1.883743 61.77094 0 18 0 0 0 1 0 0
v 1.272031 2.141822 61.32328 9 18 2 9 0.1371786 0.3677882 0.1226673 0.3723507
v 2.402217 0.9934072 61.51258 9 18 9 9 0.1591516 0.4990311 0 0.3418021
v 2.650571 2.778977 60.63023 2 9 9 18 0.6797894 0.1950256 0.07718013 0.04797437
v 1.315301 3.249458 60.46619 9 2 18 9 0.5218891 0.3047074 0.09102006 0.08235294
v 1.225962 2.006058 61.82944 0 18 0 0 0 1 0 0
v 1.984315 0.3429926 62.02233 0 18 0 0 0 1 0 0
v -0.05623055 2.365926 61.75462 0 18 0 0 0 1 0 0
v -0.05642318 2.327093 61.28998 18 9 2 9 0.7611048 0.2132906 0.02049287 0.005065995
v -0.05678445 3.293862 60.43691 9 2 18 9 0.5259632 0.3482872 0.07721065 0.04852369
v -1.35989 3.116325 61.2587 9 18 19 9 0.04852369 0.07721065 0.3482872 0.5259632
v -1.46894 3.03757 61.02986 9 18 19 9 0.04852369 0.07719539 0.3483329 0.5259022
v -1.519473 3.414222 61.01555 9 19 18 9 0.5259632 0.3482872 0.07721065 0.04852369
v -1.466365 3.389005 61.3886 9 18 19 9 0.04852369 0.07721065 0.3482872 0.5259632
v -1.35989 3.116325 61.2587 9 18 19 9 0.04852369 0.07721065 0.3482872 0.5259632
v -1.519473 3.414222 61.01555 9 19 18 9 0.5259632 0.3482872 0.07721065 0.04852369
v 1.053378 3.704291 61.27052 9 18 2 9 0.08235294 0.09102006 0.3047074 0.5218891
v -1.412667 3.664646 61.27052 9 19 18 9 0.5259632 0.3482872 0.07721065 0.04852369
v -1.408266 3.094671 61.61492 9 18 19 9 0.04983597 0.08039979 0.3453117 0.524422
v 1.050071 3.126015 61.61492 9 18 2 9 0.01458762 0.313695 0.05888456 0.6128176
v -1.410017 2.804266 61.34247 9 18 19 9 0.09925994 0.1997406 0.2341039 0.4668498
v -1.416747 2.992796 60.65444 9 18 19 9 0.04852369 0.07721065 0.3483024 0.525948
v 1.056441 3.028951 60.65446 9 18 2 9 0.08235294 0.09102006 0.3047074 0.5218891
v 1.051385 2.834925 61.34248 9 18 2 9 0.01846342 0.3038224 0.06710918 0.6105897
v -1.38491 1.945962 61.25356 9 18 19 9 0.1371786 0.3677882 0.1226673 0.3723507
v -1.428988 3.23306 60.46619 9 19 18 9 0.5259632 0.3482872 0.07721065 0.04852369
v -1.474768 4.136487 59.54761 9 19 9 9 0.5543755 0.309041 0.1066453 0.02990768
v 4.169634 -1.017311 61.81545 18 2 9 12 0.6235142 0.05539025 0.2271153 0.09394979
v 4.279934 -2.64359 61.96886 9 18 12 2 0.4799878 0.3244678 0.1143969 0.08111696
v 3.033769 -2.19127 62.82309 18 9 12 2 0.6009918 0.3160601 0.0580911 0.02482643
v 3.522824 -2.461169 62.47604 18 2 9 12 0.5333486 0.02586404 0.3722591 0.06849775
v 3.664996 -0.9531851 62.04043 18 2 9 12 0.6314794 0.05490196 0.2199893 0.09359884
v 2.734989 -0.9346626 62.228 18 2 9 12 0.8573281 0.02327001 0.111696 0.007660029
v 3.522824 -2.461169 62.47604 18 2 9 12 0.5333486 0.02586404 0.3722591 0.06849775
v 3.033769 -2.19127 62.82309 18 9 12 2 0.6009918 0.3160601 0.0580911 0.02482643
v 2.461667 -2.878373 62.85566 9 18 12 2 0.5429618 0.3531395 0.08099489 0.02287327
v 2.806612 -3.513023 62.32898 9 18 12 2 0.5655451 0.3009995 0.104036 0.02937362
v 3.346574 -2.216163 62.74163 18 2 9 12 0.6009156 0.02484169 0.3160449 0.05815213
v 2.563606 -3.147666 62.74157 9 18 12 2 0.5647669 0.3027848 0.1032578 0.02915999
v 2.491513 0.5356747 62.11112 0 18 0 0 0 1 0 0
v 3.047347 -0.8887962 62.4806 18 2 9 12 0.8562753 0.02232395 0.1135729 0.00779736
v 4.169634 -1.017311 61.81545 18 2 9 12 0.6235142 0.05539025 0.2271153 0.09394979
v 4.279934 -2.64359 61.96886 9 18 12 2 0.4799878 0.3244678 0.1143969 0.08111696
v 3.346574 -2.216163 62.74163 18 2 9 12 0.6009156 0.02484169 0.3160449 0.05815213
v 4.115314 1.82697 60.78239 2 9 12 7 0.6215457 0.1504234 0.1234607 0.1045548
v 3.24093 -3.943983 61.7179 9 12 7 18 0.5627527 0.3607691 0.05592432 0.02052338
v 4.279934 -2.64359 61.96886 9 18 12 2 0.4799878 0.3244678 0.1143969 0.08111696
v 1.233096 -3.874343 62.29612 9 12 18 7 0.7510338 0.123476 0.09776455 0.02769512
v 1.435768 -4.457862 61.39986 18 9 12 7 0.016495 0.9063401 0.07409781 0.003051804
v 4.115314 1.82697 60.78239 2 9 12 7 0.6215457 0.1504234 0.1234607 0.1045548
v 3.780239 2.094686 60.8522 2 9 12 7 0.6294041 0.1508965 0.1200732 0.09959564
v -0.1248126 2.585023 61.88152 17 18 17 17 0.04716564 0.9528191 0 0
v 0.7991972 2.535808 61.98312 0 18 0 0 0 1 0 0
v 2.003722 -2.632559 63.86824 17 18 9 17 0.2751354 0.6719005 0.05294881 0
v 2.563606 -3.147666 62.74157 9 18 12 2 0.5647669 0.3027848 0.1032578 0.02915999
v 3.346574 -2.216163 62.74163 18 2 9 12 0.6009156 0.02484169 0.3160449 0.05815213
v 2.563239 -1.62878 63.56653 17 18 9 17 0.3331808 0.6466163 0.02017243 0
v 3.047347 -0.8887962 62.4806 18 2 9 12 0.8562753 0.02232395 0.1135729 0.00779736
v 2.491513 0.5356747 62.11112 0 18 0 0 0 1 0 0
v 2.183568 1.121909 63.19219 9 17 18 9 0.002304112 0.2906081 0.7070573 0
v 2.39929 -0.2533976 63.34219 17 18 17 17 0.4143893 0.5855955 0 0
v 0.9776397 -3.596564 62.96045 9 18 17 9 0.5368734 0.458854 0.004242008 0
v 0.9776397 -3.596564 62.96045 9 18 17 9 0.5368734 0.458854 0.004242008 0
v 1.046088 -3.377039 62.82327 9 18 17 9 0.5368887 0.4588388 0.004242008 0
v 1.502236 -6.204618 58.2549 9 9 9 9 1 0 0 0
v 1.472763 -5.778041 58.23574 9 9 9 9 1 0 0 0
v 2.066511 -5.69157 57.84883 9 9 9 9 1 0 0 0
v 2.051075 -6.189319 57.91788 9 9 9 9 1 0 0 0
v 2.051075 -6.189319 57.91788 9 9 9 9 1 0 0 0
v 1.561008 -5.905134 57.17681 9 9 9 9 0.9999847 0 0 0
v 1.396533 -5.597975 57.31602 9 9 9 9 0.9999847 0 0 0
v 2.06252 -5.417057 58.33564 9 9 9 9 1 0 0 0
v 1.820374 -5.679231 58.4536 9 9 9 9 1 0 0 0
v 1.231368 -5.83893 57.55146 9 9 9 9 1 0 0 0
v 1.396005 -6.145561 57.41225 9 9 9 9 0.9999847 0 0 0
v 2.061539 -5.965414 58.43189 9 9 9 9 1 0 0 0
v -0.05580712 -5.213134 58.0287 9 9 9 9 1 0 0 0
v 1.502236 -6.204618 58.2549 9 9 9 9 1 0 0 0
v 2.371212 -6.006604 58.57207 9 12 7 9 0.9385672 0.03566033 0.02575723 0
v 1.783211 -5.508818 58.8703 9 12 7 9 0.9523613 0.02784771 0.01976043 0
v 2.469409 -5.506575 58.43874 9 9 7 9 0.9979858 0 0.001998932 0
v 2.066511 -5.69157 57.84883 9 9 9 9 1 0 0 0
v 1.472763 -5.778041 58.23574 9 9 9 9 1 0 0 0
v 2.303467 -5.703762 58.31393 9 9 7 9 0.9986877 0 0.001297017 0
v 1.561008 -5.905134 57.17681 9 9 9 9 0.9999847 0 0 0
v 2.303467 -5.703762 58.31393 9 9 7 9 0.9986877 0 0.001297017 0
v -0.05581475 -4.997907 59.21623 9 9 9 9 1 0 0 0
v 0.3202505 -4.846785 60.7688 0 9 12 0 0 0.9942474 0.005737392 0
v 0.3201093 -5.381953 61.1426 18 9 12 18 0.001312276 0.9874266 0.01123064 0
v 0.320117 -5.397082 60.87949 0 9 12 0 0 0.9939269 0.006057832 0
v 0.3201914 -5.247113 60.69271 0 9 12 0 0 0.9943084 0.005676356 0
v 0.3202991 -4.348079 61.76711 18 9 12 18 0.3647669 0.6109865 0.02421607 0
v 0.3203482 -4.106169 61.87136 18 9 18 18 0.5276417 0.472343 0 0
v 0.3201837 -4.640637 62.24519 18 9 12 18 0.4949874 0.4994888 0.005508507 0
v 0.3202071 -4.655533 61.98205 18 9 12 7 0.2463722 0.7108263 0.0411078 0.001678492
v 0.3202367 -4.831813 61.03191 0 9 12 0 0 0.9935302 0.006454566 0
v 0.3201489 -5.139543 61.24687 18 9 12 7 0.003891051 0.9727779 0.02195773 0.001327535
v 0.3203096 -4.091522 62.13451 18 9 18 18 0.532784 0.4672007 0 0
v 0.3202167 -4.398721 62.34946 18 9 18 18 0.5314565 0.4685283 0 0
v 1.383457 -4.294367 62.12806 18 9 12 7 0.09774929 0.751049 0.1234913 0.02769512
v 1.089525 -4.503477 62.27499 18 9 12 7 0.1035935 0.747219 0.121828 0.02732891
v 1.134606 -4.419877 61.91096 18 9 12 7 0.02145419 0.8969711 0.07702754 0.00451667
v 1.383457 -4.294367 62.12806 18 9 12 7 0.09774929 0.751049 0.1234913 0.02769512
v 1.134606 -4.419877 61.91096 18 9 12 7 0.02145419 0.8969711 0.07702754 0.00451667
v 1.089964 -4.062236 62.02133 18 9 12 7 0.107454 0.7447166 0.1207294 0.02706951
v 2.303761 -5.46475 59.66564 9 12 7 9 0.9084917 0.05351339 0.03797971 0
v 2.062764 -5.202833 59.54769 0 9 12 7 0 0.9084917 0.05351339 0.03797971
v 1.396911 -5.023798 60.56732 18 9 12 7 0.01635767 0.9065232 0.073991 0.003097581
v 1.56145 -5.264614 60.80277 18 9 12 7 0.01640345 0.906508 0.07403678 0.003021286
v 1.820553 -5.489675 59.52597 9 12 7 9 0.9084917 0.05351339 0.03797971 0
v 1.231663 -5.330769 60.42811 18 9 12 7 0.01539635 0.90663 0.07278553 0.005142291
v 2.061723 -5.751227 59.64394 9 12 7 9 0.9084917 0.05351339 0.03797971 0
v 1.396285 -5.571391 60.66356 18 9 12 7 0.009185932 0.9073777 0.06500343 0.01840238
v 2.303761 -5.46475 59.66564 9 12 7 9 0.9084917 0.05351339 0.03797971 0
v 1.56145 -5.264614 60.80277 18 9 12 7 0.01640345 0.906508 0.07403678 0.003021286
v 0.2766381 -4.778151 61.04264 0 9 12 0 0 0.9941863 0.005798428 0
v 0.312406 -5.008464 61.33609 18 9 12 7 0.006927596 0.9566796 0.03460746 0.001739528
v 0.2407422 -5.094831 60.84541 0 9 12 0 0 0.9942779 0.005706874 0
v 0.2765222 -5.325054 61.13887 0 9 12 0 0 0.9936827 0.006301976 0
v 0.312406 -5.008464 61.33609 18 9 12 7 0.006927596 0.9566796 0.03460746 0.001739528
v -0.05580378 -3.339345 62.8083 0 18 9 0 0 0.5333791 0.4666056 0
v -0.05581284 -3.81266 62.20406 18 9 18 18 0.5333791 0.4666056 0 0
v 1.657777 -4.96588 60.43269 18 9 12 7 0.01560998 0.9066148 0.0730602 0.00468452
v -0.05582047 -4.391054 61.15815 9 12 9 9 0.9942779 0.005706874 0 0
v -0.05582095 -4.685461 60.28316 9 12 9 9 0.9942779 0.005706874 0 0
v 1.846754 -5.937811 58.89319 9 12 7 9 0.9443198 0.03256275 0.02310216 0
v 2.469409 -5.506575 58.43874 9 9 7 9 0.9979858 0 0.001998932 0
v 2.371212 -6.006604 58.57207 9 12 7 9 0.9385672 0.03566033 0.02575723 0
v 1.783211 -5.508818 58.8703 9 12 7 9 0.9523613 0.02784771 0.01976043 0
v 1.846754 -5.937811 58.89319 9 12 7 9 0.9443198 0.03256275 0.02310216 0
v -0.4028635 -4.846944 60.7688 9 12 14 9 0.9922789 0.005539025 0.002151522 0
v -0.4027896 -5.089457 60.66453 9 12 14 9 0.9948882 0.00390631 0.001174945 0
v -0.4026976 -5.397132 60.87949 9 14 18 12 0.9473717 0.04112306 0.009094377 0.002380407
v -0.4027896 -5.089457 60.66453 9 12 14 9 0.9948882 0.00390631 0.001174945 0
v 0.3201914 -5.247113 60.69271 0 9 12 0 0 0.9943084 0.005676356 0
v 0.320117 -5.397082 60.87949 0 9 12 0 0 0.9939269 0.006057832 0
v -0.4026976 -5.397132 60.87949 9 14 18 12 0.9473717 0.04112306 0.009094377 0.002380407
v 0.3202505 -4.846785 60.7688 0 9 12 0 0 0.9942474 0.005737392 0
v -0.4028635 -4.846944 60.7688 9 12 14 9 0.9922789 0.005539025 0.002151522 0
v 0.3203482 -4.106169 61.87136 18 9 18 18 0.5276417 0.472343 0 0
v -0.4029813 -4.10646 61.87138 9 18 14 9 0.5514458 0.4343023 0.01422141 0
v -0.4029322 -4.091787 62.1345 18 9 18 14 0.5084306 0.4879683 0 0.00358587
v 0.3203096 -4.091522 62.13451 18 9 18 18 0.532784 0.4672007 0 0
v -0.4027805 -4.640763 62.24519 18 9 15 14 0.2740368 0.6872816 0.001510643 0.03714046
v 0.3201837 -4.640637 62.24519 18 9 12 18 0.4949874 0.4994888 0.005508507 0
v 0.3202167 -4.398721 62.34946 18 9 18 18 0.5314565 0.4685283 0 0
v -0.4028205 -4.39889 62.34945 18 9 18 14 0.5067064 0.4894331 0 0.003830014
v -0.4028463 -4.831962 61.03191 9 14 18 12 0.9628137 0.0274815 0.00608835 0.003601129
v -0.4026957 -5.381999 61.14261 9 14 18 15 0.9205005 0.06295872 0.01394675 0.002563516
v -0.4026957 -5.381999 61.14261 9 14 18 15 0.9205005 0.06295872 0.01394675 0.002563516
v 0.3201093 -5.381953 61.1426 18 9 12 18 0.001312276 0.9874266 0.01123064 0
v 0.3201489 -5.139543 61.24687 18 9 12 7 0.003891051 0.9727779 0.02195773 0.001327535
v -0.4027419 -5.13962 61.24687 9 14 18 15 0.9116502 0.06996261 0.01548791 0.002853437
v -0.4028082 -4.655674 61.98206 9 14 18 15 0.8828107 0.07005417 0.04425116 0.002853437
v 0.3202071 -4.655533 61.98205 18 9 12 7 0.2463722 0.7108263 0.0411078 0.001678492
v -1.247481 -4.260161 62.25221 18 9 15 14 0.1080644 0.7438315 0.02766461 0.1203937
v -1.34484 -4.503783 62.27497 18 9 15 14 0.1080491 0.7438468 0.02767987 0.1203937
v 0.9921288 -4.259792 62.2522 18 9 12 7 0.2736248 0.6362097 0.07362478 0.01651026
v -1.389966 -4.420311 61.91095 18 9 15 14 0.1080491 0.743862 0.02766461 0.1203937
v -1.345379 -4.062793 62.02132 18 9 15 14 0.1080491 0.7438468 0.02767987 0.1203937
v -1.247481 -4.260161 62.25221 18 9 15 14 0.1080644 0.7438315 0.02766461 0.1203937
v 0.9921288 -4.259792 62.2522 18 9 12 7 0.2736248 0.6362097 0.07362478 0.01651026
v -1.389966 -4.420311 61.91095 18 9 15 14 0.1080491 0.743862 0.02766461 0.1203937
v 0.312406 -5.008464 61.33609 18 9 12 7 0.006927596 0.9566796 0.03460746 0.001739528
v 0.2766381 -4.778151 61.04264 0 9 12 0 0 0.9941863 0.005798428 0
v -0.9423451 -4.808604 60.87014 9 14 18 15 0.906508 0.07403678 0.01640345 0.003021286
v -1.046716 -5.0424 61.14373 9 14 18 15 0.906508 0.07403678 0.01640345 0.003021286
v 0.2407422 -5.094831 60.84541 0 9 12 0 0 0.9942779 0.005706874 0
v -0.8375283 -5.121797 60.69279 9 14 18 15 0.9077287 0.07309072 0.01618982 0.002975509
v 0.2765222 -5.325054 61.13887 0 9 12 0 0 0.9936827 0.006301976 0
v -0.9419551 -5.355505 60.96638 9 14 18 15 0.906508 0.07403678 0.01640345 0.003021286
v 0.312406 -5.008464 61.33609 18 9 12 7 0.006927596 0.9566796 0.03460746 0.001739528
v -1.046716 -5.0424 61.14373 9 14 18 15 0.906508 0.07403678 0.01640345 0.003021286
v -1.5474 -4.458707 61.39986 18 9 15 14 0.02281224 0.8951247 0.004745556 0.07728694
v -1.769394 -4.808882 60.40449 9 14 18 15 0.90663 0.0729839 0.0155642 0.004791333
v -2.020985 -5.278747 59.37169 9 9 15 14 0.9087663 0 0.03794919 0.05325399
v 1.089376 -3.788918 63.28222 9 18 17 9 0.5368734 0.458854 0.004242008 0
v 1.386196 -3.559205 63.14124 9 18 17 9 0.5368734 0.458854 0.004242008 0
v 0.9919792 -3.649215 63.07945 9 18 17 9 0.5368734 0.458854 0.004242008 0
v 1.090166 -3.348211 63.02376 9 18 17 9 0.5368734 0.458854 0.004242008 0
v 1.386196 -3.559205 63.14124 9 18 17 9 0.5368734 0.458854 0.004242008 0
v 0.9919792 -3.649215 63.07945 9 18 17 9 0.5368734 0.458854 0.004242008 0
v -2.432001 -6.006696 58.57206 9 9 15 14 0.9421988 0 0.02432288 0.03344778
v -2.116164 -6.189332 57.91788 9 9 9 9 1 0 0 0
v -1.56769 -6.204625 58.25491 9 9 9 9 1 0 0 0
v -2.120298 -5.691963 57.84883 9 9 9 9 1 0 0 0
v -2.519325 -5.507324 58.43873 9 9 15 14 0.9968871 0 0.002044709 0.001052873
v -1.833157 -5.509328 58.87028 9 9 15 14 0.920531 0 0.0330663 0.04638743
v -1.528414 -5.778237 58.23573 9 9 9 9 1 0 0 0
v -3.315251 -5.70871 57.92074 9 15 9 9 0.9986725 0.001312276 0 0
v -2.471142 -5.584673 58.9898 9 9 15 14 0.9087663 0 0.03794919 0.05325399
v -2.220018 -5.310688 58.94167 9 9 15 14 0.9087663 0 0.03794919 0.05325399
v -1.872762 -5.516389 57.77872 9 9 9 9 1 0 0 0
v -2.052388 -5.78911 57.70737 9 9 9 9 1 0 0 0
v -1.6605 -5.766677 57.96086 9 9 9 9 1 0 0 0
v -1.967573 -5.584796 58.98979 9 9 15 14 0.9087663 0 0.03794919 0.05325399
v -2.218899 -5.858471 59.03793 9 9 15 14 0.9087663 0 0.03794919 0.05325399
v -1.871957 -6.063887 57.87497 9 9 9 9 1 0 0 0
v -2.471142 -5.584673 58.9898 9 9 15 14 0.9087663 0 0.03794919 0.05325399
v -2.052388 -5.78911 57.70737 9 9 9 9 1 0 0 0
v -0.4027419 -5.13962 61.24687 9 14 18 15 0.9116502 0.06996261 0.01548791 0.002853437
v -0.4028082 -4.655674 61.98206 9 14 18 15 0.8828107 0.07005417 0.04425116 0.002853437
v -0.4029221 -4.34831 61.76709 9 18 14 15 0.861677 0.06909285 0.06649882 0.002716106
v -1.873157 -5.105753 60.1046 9 14 15 9 0.9087663 0.05325399 0.03794919 0
v -2.084476 -5.35587 60.28674 9 14 15 9 0.9087663 0.05325399 0.03794919 0
v -1.660805 -5.403232 60.01871 9 14 15 9 0.9087663 0.05325399 0.03794919 0
v -1.872252 -5.653181 60.20086 9 14 15 9 0.9087663 0.05325399 0.03794919 0
v -2.084476 -5.35587 60.28674 9 14 15 9 0.9087663 0.05325399 0.03794919 0
v -3.698177 -4.419211 60.84446 0 9 15 14 0 0.6271611 0.01521324 0.3575952
v -1.905968 -5.937916 58.89319 9 9 15 14 0.9147784 0 0.03544671 0.04975967
v -3.315251 -5.70871 57.92074 9 15 9 9 0.9986725 0.001312276 0 0
v -2.432001 -6.006696 58.57206 9 9 15 14 0.9421988 0 0.02432288 0.03344778
v -2.519325 -5.507324 58.43873 9 9 15 14 0.9968871 0 0.002044709 0.001052873
v -3.287164 -5.547274 57.89464 9 15 9 9 0.9986725 0.001312276 0 0
v -1.905968 -5.937916 58.89319 9 9 15 14 0.9147784 0 0.03544671 0.04975967
v -1.833157 -5.509328 58.87028 9 9 15 14 0.920531 0 0.0330663 0.04638743
v -1.247295 -3.649497 63.07946 18 9 18 18 0.603067 0.3969177 0 0
v -1.247295 -3.649497 63.07946 18 9 18 18 0.603067 0.3969177 0 0
v 0.7922463 -3.397639 62.73618 18 9 18 18 0.5267567 0.473228 0 0
v 0.6815409 -3.233759 62.93215 9 18 17 9 0.5351034 0.4607309 0.004135195 0
v 0.852303 -3.849204 63.25415 9 18 17 9 0.5368734 0.458854 0.004242008 0
v 0.8521671 -3.835605 62.99779 9 18 17 9 0.5240864 0.4724651 0.00343328 0
v -0.0641036 -3.929366 62.89942 18 9 18 18 0.5333791 0.4666056 0 0
v 0.8521671 -3.835605 62.99779 9 18 17 9 0.5240864 0.4724651 0.00343328 0
v 0.852303 -3.849204 63.25415 9 18 17 9 0.5368734 0.458854 0.004242008 0
v -0.0641284 -3.380948 62.64402 18 9 18 18 0.5333791 0.4666056 0 0
v 0.7922463 -3.397639 62.73618 18 9 18 18 0.5267567 0.473228 0 0
v -0.0641284 -3.380948 62.64402 18 9 18 18 0.5333791 0.4666056 0 0
v 0.8250818 -3.081028 63.90318 17 18 9 17 0.2398718 0.73196 0.0281529 0
v -0.03123712 -3.219923 63.87559 17 18 17 17 0.2043641 0.7956207 0 0
v -0.03125238 -3.710262 62.94506 0 18 9 0 0 0.5333791 0.4666056 0
v -0.03125238 -3.710262 62.94506 0 18 9 0 0 0.5333791 0.4666056 0
v -2.153225 -5.371246 58.20809 9 9 9 9 0.9999847 0 0 0
v -3.836971 -4.789907 59.78145 0 9 15 14 0 0.724773 0.1055314 0.1696651
v -6.136818 3.263932 54.34034 9 9 9 0 0.4655985 0.2893111 0.1829557 0.06210422
v -5.977841 3.182342 54.3858 9 9 9 0 0.4655985 0.2893111 0.1829557 0.06210422
v -3.500708 5.193227 53.8681 9 9 0 10 0.4454261 0.2672007 0.1704738 0.1168688
v -3.421066 5.052188 52.23569 10 9 9 10 0.3686275 0.3392844 0.1873503 0.1047074
v -3.271777 5.341175 52.20559 10 9 9 10 0.3686275 0.3392844 0.1873503 0.1047074
v -3.361408 5.497678 54.07804 9 9 0 10 0.4454108 0.2672007 0.1705043 0.1168688
v -3.637353 5.298374 52.19173 10 9 9 10 0.3686275 0.3392844 0.1873503 0.1047074
v -3.779514 4.995783 52.22367 10 9 9 10 0.3683986 0.3392996 0.1876554 0.1046159
v -3.849142 5.118128 53.61627 9 9 0 10 0.4454261 0.2672007 0.1704738 0.1168688
v -3.717306 5.436965 53.82423 9 9 0 10 0.4454261 0.2672007 0.1704738 0.1168688
v -3.849142 5.118128 53.61627 9 9 0 10 0.4454261 0.2672007 0.1704738 0.1168688
v -3.779514 4.995783 52.22367 10 9 9 10 0.3683986 0.3392996 0.1876554 0.1046159
v -3.271777 5.341175 52.20559 10 9 9 10 0.3686275 0.3392844 0.1873503 0.1047074
v -3.361408 5.497678 54.07804 9 9 0 10 0.4454108 0.2672007 0.1705043 0.1168688
v -4.228377 4.878167 54.07692 9 9 9 10 0.4489815 0.2049592 0.1791867 0.1668574
v -4.064637 4.761669 53.86244 9 9 9 10 0.4493019 0.2045777 0.1795377 0.166537
v -4.148734 4.880418 53.60366 9 9 9 10 0.5045548 0.2412604 0.1401236 0.1140307
v -4.148734 4.880418 53.60366 9 9 9 10 0.5045548 0.2412604 0.1401236 0.1140307
v -4.313915 4.99665 53.81807 9 9 9 10 0.4491188 0.2048066 0.1793393 0.1667201
v -4.228377 4.878167 54.07692 9 9 9 10 0.4489815 0.2049592 0.1791867 0.1668574
v -3.89682 5.150414 53.42958 9 9 0 10 0.4454108 0.2672465 0.1704433 0.1168688
v -3.647972 4.897007 53.45764 9 9 0 10 0.4454261 0.267216 0.1704738 0.1168688
v -3.345653 4.957972 53.45584 9 9 0 10 0.4454261 0.2672007 0.1704738 0.1168688
v -3.759716 5.409715 53.40613 9 9 0 10 0.4454261 0.2672007 0.1704738 0.1168688
v -3.89682 5.150414 53.42958 9 9 0 10 0.4454108 0.2672465 0.1704433 0.1168688
v -3.759716 5.409715 53.40613 9 9 0 10 0.4454261 0.2672007 0.1704738 0.1168688
v -3.737795 5.287404 50.9268 10 10 9 10 0.4036469 0.2905776 0.2342718 0.071458
v -3.87235 5.020239 50.95025 10 9 10 10 0.4226291 0.3245594 0.1397574 0.1130236
v -3.624197 4.763636 50.97832 10 9 10 10 0.4226291 0.3245441 0.1397726 0.1130236
v -3.324569 4.828758 50.97652 10 10 9 10 0.3938811 0.3691768 0.1871519 0.04977493
v -3.345653 4.957972 53.45584 9 9 0 10 0.4454261 0.2672007 0.1704738 0.1168688
v -3.647972 4.897007 53.45764 9 9 0 10 0.4454261 0.267216 0.1704738 0.1168688
v -3.214531 5.203562 53.43344 9 9 0 10 0.4454261 0.2672007 0.1704738 0.1168688
v -3.435978 5.463613 53.40496 9 9 0 10 0.4454261 0.2672007 0.1704738 0.1168688
v -3.435978 5.463613 53.40496 9 9 0 10 0.4454261 0.2672007 0.1704738 0.1168688
v -3.416769 5.346134 50.92565 10 10 9 10 0.3930114 0.3761807 0.1829404 0.04783703
v -2.341533 5.672611 53.39657 9 9 10 9 0.4808118 0.208484 0.1812009 0.1294575
v -2.504106 5.942288 53.36751 9 10 9 9 0.4332952 0.2211795 0.1736782 0.1718166
v -2.504106 5.942288 53.36751 9 10 9 9 0.4332952 0.2211795 0.1736782 0.1718166
v -2.492793 5.845739 50.8882 10 10 9 10 0.3885557 0.3832608 0.1808652 0.04730297
v -4.464833 4.692691 54.19312 9 9 9 10 0.4489815 0.2049592 0.1791867 0.1668574
v -3.160628 5.578443 54.13452 9 9 0 10 0.4453956 0.2671702 0.1705501 0.1168536
v -2.974438 5.571777 52.92067 10 9 9 10 0.3686275 0.3392844 0.1873503 0.1047074
v -4.53536 5.242429 55.47852 9 9 0 9 0.2940719 0.4045167 0.2183871 0.08300908
v -3.188594 5.964155 55.38117 0 9 9 9 0.7015946 0.1892577 0.07713436 0.03198291
v -5.622856 3.238204 54.32672 9 9 9 0 0.4655985 0.2893111 0.1829557 0.06210422
v -6.281288 1.379146 54.27422 9 9 9 0 0.5667048 0.2632181 0.09874113 0.07130541
v -4.230931 4.686139 52.81633 9 9 10 9 0.4762036 0.3214923 0.112398 0.08987564
v -1.454686 6.268189 54.20013 9 9 10 9 0.4916915 0.2176852 0.1735714 0.1170214
v -1.431386 6.296602 55.44679 9 9 9 9 0.4867323 0.3628138 0.09681849 0.05360495
v -5.122933 5.353253 56.35579 9 9 0 9 0.363653 0.2207675 0.3261158 0.08943313
v -5.554557 5.126283 56.16159 9 0 9 9 0.3636225 0.3261006 0.2207065 0.08953994
v -5.178641 4.817783 56.17441 9 0 9 9 0.363653 0.3261158 0.2207675 0.08943313
v -4.839151 5.079604 56.35579 9 9 0 9 0.363653 0.2207675 0.3261158 0.08943313
v -5.407874 4.931559 55.28806 9 9 0 9 0.4045167 0.2940719 0.2183871 0.08300908
v -5.425269 5.238948 55.40456 9 9 0 9 0.2940719 0.4045167 0.2183871 0.08300908
v -5.049575 4.935184 55.47671 9 9 0 9 0.2940871 0.4044556 0.2184176 0.08300908
v -5.232041 4.795283 55.30013 9 9 0 9 0.4045167 0.2940719 0.2183871 0.08300908
v -5.554557 5.126283 56.16159 9 0 9 9 0.3636225 0.3261006 0.2207065 0.08953994
v -5.425269 5.238948 55.40456 9 9 0 9 0.2940719 0.4045167 0.2183871 0.08300908
v -5.407874 4.931559 55.28806 9 9 0 9 0.4045167 0.2940719 0.2183871 0.08300908
v -5.554779 4.819688 55.97976 9 0 9 9 0.363653 0.3261158 0.2207675 0.08943313
v -5.554779 4.819688 55.97976 9 0 9 9 0.363653 0.3261158 0.2207675 0.08943313
v -5.378994 4.681457 55.99183 9 0 9 9 0.363653 0.3261158 0.2207675 0.08943313
v -5.013225 5.471674 55.65238 9 9 0 9 0.3614404 0.2266117 0.3226978 0.08923476
v -5.122933 5.353253 56.35579 9 9 0 9 0.363653 0.2207675 0.3261158 0.08943313
v -4.839151 5.079604 56.35579 9 9 0 9 0.363653 0.2207675 0.3261158 0.08943313
v -4.728911 5.19947 55.65237 9 9 0 9 0.3116045 0.3582055 0.2455329 0.08462653
v -5.013225 5.471674 55.65238 9 9 0 9 0.3614404 0.2266117 0.3226978 0.08923476
v -4.728911 5.19947 55.65237 9 9 0 9 0.3116045 0.3582055 0.2455329 0.08462653
v -6.136818 3.263932 54.34034 9 9 9 0 0.4655985 0.2893111 0.1829557 0.06210422
v -7.290198 0.2747908 54.05209 9 9 9 13 0.7533379 0.2203403 0.01399252 0.01229877
v -5.049575 4.935184 55.47671 9 9 0 9 0.2940871 0.4044556 0.2184176 0.08300908
v -5.178641 4.817783 56.17441 9 0 9 9 0.363653 0.3261158 0.2207675 0.08943313
v -3.194243 5.288901 57.82429 9 9 0 9 0.4720531 0.2572213 0.1766995 0.09399558
v -3.239723 5.573628 56.22044 9 9 0 9 0.1218891 0.1941405 0.5937896 0.09013505
v -3.056871 5.789009 56.26862 0 9 9 9 0.5937896 0.1941405 0.1218891 0.09013505
v -3.005804 5.462421 58.10807 9 9 0 9 0.5687801 0.3451591 0.05758755 0.02844282
v -3.607716 5.654455 56.2268 9 9 0 9 0.1218891 0.1941405 0.5937896 0.09013505
v -3.623213 5.865963 54.85827 9 9 0 9 0.07571527 0.1891051 0.7050126 0.03013657
v -3.253661 5.818396 54.61636 0 9 9 9 0.7050126 0.1891051 0.07571527 0.03013657
v -3.429162 5.877246 56.27691 9 9 0 9 0.1218891 0.1941405 0.5937896 0.09013505
v -3.607716 5.654455 56.2268 9 9 0 9 0.1218891 0.1941405 0.5937896 0.09013505
v -3.565978 5.410681 57.59516 9 9 0 9 0.4720531 0.2572061 0.1767147 0.09399558
v -3.380672 5.591027 57.88075 9 9 0 9 0.4720531 0.2572213 0.1766995 0.09399558
v -3.444198 6.122272 54.67282 9 9 0 9 0.07571527 0.1891051 0.7050126 0.03013657
v -3.056871 5.789009 56.26862 0 9 9 9 0.5937896 0.1941405 0.1218891 0.09013505
v -3.069543 6.066859 54.42892 0 9 9 9 0.7050126 0.1891051 0.07571527 0.03013657
v -3.069543 6.066859 54.42892 0 9 9 9 0.7050126 0.1891051 0.07571527 0.03013657
v -3.565978 5.410681 57.59516 9 9 0 9 0.4720531 0.2572061 0.1767147 0.09399558
v -3.623213 5.865963 54.85827 9 9 0 9 0.07571527 0.1891051 0.7050126 0.03013657
v -3.005804 5.462421 58.10807 9 9 0 9 0.5687801 0.3451591 0.05758755 0.02844282
v -3.805847 5.105821 57.73962 9 0 9 9 0.4622568 0.2343786 0.2196689 0.08366521
v -3.893767 5.315446 57.53915 9 0 9 9 0.449897 0.3069657 0.1718624 0.07125963
v -3.893767 5.315446 57.53915 9 0 9 9 0.449897 0.3069657 0.1718624 0.07125963
v -4.023591 5.41719 57.7951 9 0 9 9 0.4498512 0.3071794 0.171725 0.07121386
v -3.069543 6.066859 54.42892 0 9 9 9 0.7050126 0.1891051 0.07571527 0.03013657
v -3.253661 5.818396 54.61636 0 9 9 9 0.7050126 0.1891051 0.07571527 0.03013657
v -3.875458 5.627186 54.59383 0 9 9 9 0.7050126 0.1891051 0.07571527 0.03013657
v -4.015142 5.803014 54.38754 0 9 9 9 0.7050126 0.1891051 0.07571527 0.03013657
v -3.623213 5.865963 54.85827 9 9 0 9 0.07571527 0.1891051 0.7050126 0.03013657
v -3.955956 5.76289 54.85556 9 9 0 9 0.07571527 0.1891051 0.7050126 0.03013657
v -3.623213 5.865963 54.85827 9 9 0 9 0.07571527 0.1891051 0.7050126 0.03013657
v -3.444198 6.122272 54.67282 9 9 0 9 0.07571527 0.1891051 0.7050126 0.03013657
v -4.097831 5.941055 54.6493 9 9 0 9 0.07571527 0.1891051 0.7050126 0.03013657
v -3.955956 5.76289 54.85556 9 9 0 9 0.07571527 0.1891051 0.7050126 0.03013657
v -3.069543 6.066859 54.42892 0 9 9 9 0.7050126 0.1891051 0.07571527 0.03013657
v -4.015142 5.803014 54.38754 0 9 9 9 0.7050126 0.1891051 0.07571527 0.03013657
v -4.590512 5.291487 54.88763 9 9 0 9 0.2932479 0.403708 0.2202029 0.08281071
v -4.851105 5.415823 54.72176 9 9 0 9 0.4045167 0.2940719 0.2183871 0.08300908
v -4.583072 5.487805 55.10708 9 9 0 9 0.2940719 0.4045167 0.2183871 0.08300908
v -4.847156 5.617458 54.94172 9 9 0 9 0.2940719 0.4045167 0.2183871 0.08300908
v -4.583072 5.487805 55.10708 9 9 0 9 0.2940719 0.4045167 0.2183871 0.08300908
v -4.851105 5.415823 54.72176 9 9 0 9 0.4045167 0.2940719 0.2183871 0.08300908
v -4.989635 4.976138 55.58743 9 9 0 9 0.2987716 0.3920958 0.2256657 0.08345159
v -5.314702 5.048216 55.52151 9 9 0 9 0.4044861 0.2940719 0.2184024 0.08300908
v -4.934201 5.228488 55.70537 9 9 0 9 0.3629816 0.2225223 0.3250934 0.08937209
v -5.26393 5.308633 55.64058 9 9 0 9 0.3626459 0.2234226 0.3245594 0.08934157
v -4.934201 5.228488 55.70537 9 9 0 9 0.3629816 0.2225223 0.3250934 0.08937209
v -5.314702 5.048216 55.52151 9 9 0 9 0.4044861 0.2940719 0.2184024 0.08300908
v -4.964002 4.824707 56.4828 9 0 9 9 0.363653 0.3261158 0.2207675 0.08943313
v -5.283849 4.873934 56.54843 9 0 9 9 0.363653 0.3261158 0.2207675 0.08943313
v -4.91218 5.098866 56.4692 9 0 9 9 0.363653 0.3261158 0.2207675 0.08943313
v -5.236743 5.156035 56.53595 9 0 9 9 0.363653 0.3261158 0.2207675 0.08943313
v -4.91218 5.098866 56.4692 9 0 9 9 0.363653 0.3261158 0.2207675 0.08943313
v -5.283849 4.873934 56.54843 9 0 9 9 0.363653 0.3261158 0.2207675 0.08943313
v -4.528065 4.889376 57.28951 9 9 0 9 0.4498512 0.07121386 0.3071946 0.1717098
v -4.776966 4.954494 57.47652 9 0 9 9 0.4498512 0.3071946 0.1717098 0.07121386
v -4.528586 5.142981 57.15603 9 9 0 9 0.4498512 0.07121386 0.3071946 0.1717098
v -4.780773 5.2127 57.34358 9 9 0 9 0.4498512 0.07121386 0.3071946 0.1717098
v -4.528586 5.142981 57.15603 9 9 0 9 0.4498512 0.07121386 0.3071946 0.1717098
v -4.776966 4.954494 57.47652 9 0 9 9 0.4498512 0.3071946 0.1717098 0.07121386
v -3.606387 6.170082 55.09027 9 9 0 9 0.07571527 0.1891051 0.7050126 0.03013657
v -3.243055 5.599937 54.985 9 9 0 9 0.07571527 0.1891051 0.7050126 0.03013657
v -3.557643 5.655233 54.988 9 9 0 9 0.07571527 0.1891051 0.7050126 0.03013657
v -3.777363 5.98353 55.04748 9 9 0 9 0.07571527 0.1891051 0.7050126 0.03013657
v -3.55194 5.760364 57.54122 9 9 0 9 0.4720531 0.09399558 0.1766995 0.2572213
v -3.606387 6.170082 55.09027 9 9 0 9 0.07571527 0.1891051 0.7050126 0.03013657
v -3.777363 5.98353 55.04748 9 9 0 9 0.07571527 0.1891051 0.7050126 0.03013657
v -3.721011 5.573327 57.49842 9 9 0 9 0.4631723 0.08487068 0.2289158 0.2230106
v -3.557643 5.655233 54.988 9 9 0 9 0.07571527 0.1891051 0.7050126 0.03013657
v -3.243055 5.599937 54.985 9 9 0 9 0.07571527 0.1891051 0.7050126 0.03013657
v -3.194909 5.193078 57.43594 9 9 0 9 0.4720531 0.2572213 0.1766995 0.09399558
v -3.505061 5.246926 57.43896 9 9 0 9 0.4720531 0.2572061 0.1767147 0.09399558
v -3.55194 5.760364 57.54122 9 9 0 9 0.4720531 0.09399558 0.1766995 0.2572213
v -3.194909 5.193078 57.43594 9 9 0 9 0.4720531 0.2572213 0.1766995 0.09399558
v -3.034331 5.377553 57.47683 9 9 0 9 0.4720531 0.2572213 0.1766995 0.09399558
v -3.224143 5.696492 57.53708 9 9 0 9 0.4720531 0.2572213 0.1766995 0.09399558
v -2.115669 5.564163 57.53199 9 9 0 9 0.4720531 0.2572213 0.1766995 0.09399558
v -2.252543 5.871251 57.59342 9 9 0 9 0.4720531 0.2572213 0.1766995 0.09399558
v -3.273737 6.104354 55.08612 9 9 0 9 0.07571527 0.1891051 0.7050126 0.03013657
v -3.080541 5.78406 55.02588 0 9 9 9 0.7050126 0.1891051 0.07571527 0.03013657
v -3.224143 5.696492 57.53708 9 9 0 9 0.4720531 0.2572213 0.1766995 0.09399558
v -3.273737 6.104354 55.08612 9 9 0 9 0.07571527 0.1891051 0.7050126 0.03013657
v -0.9025636 5.703819 57.57026 9 9 9 9 0.4354162 0.3504845 0.2046082 0.009460594
v -0.9672316 6.003675 57.63277 9 9 9 9 0.4354162 0.3504845 0.2046082 0.009460594
v -3.721011 5.573327 57.49842 9 9 0 9 0.4631723 0.08487068 0.2289158 0.2230106
v -3.505061 5.246926 57.43896 9 9 0 9 0.4720531 0.2572061 0.1767147 0.09399558
v -2.287814 6.274975 55.14245 9 9 9 9 0.5467308 0.2635081 0.1269856 0.06272984
v -2.148445 5.967462 55.08101 9 9 9 9 0.5467308 0.2635081 0.1269856 0.06272984
v -2.252543 5.871251 57.59342 9 9 0 9 0.4720531 0.2572213 0.1766995 0.09399558
v -2.287814 6.274975 55.14245 9 9 9 9 0.5467308 0.2635081 0.1269856 0.06272984
v -0.9672316 6.003675 57.63277 9 9 9 9 0.4354162 0.3504845 0.2046082 0.009460594
v -0.9822659 6.40466 55.18177 9 9 9 9 0.5463493 0.2642557 0.1264515 0.06291295
v -2.028304 6.273186 56.68854 9 9 9 9 0.4752422 0.3742275 0.107744 0.04275578
v -1.807644 6.315203 56.93222 9 9 9 9 0.4040894 0.4001679 0.1696803 0.02603189
v -2.024798 6.235167 56.91298 9 9 0 9 0.4534523 0.2881361 0.1660029 0.09237812
v -2.020181 6.196914 57.13768 9 9 0 9 0.4573892 0.2980697 0.1555505 0.0889601
v -2.717815 6.22146 56.89749 9 9 0 9 0.4720531 0.2572213 0.1766995 0.09399558
v -2.713413 6.182618 57.12218 9 9 0 9 0.4720531 0.2572213 0.1766995 0.09399558
v -3.001063 6.295298 56.90577 9 9 0 9 0.4391547 0.2415198 0.2158846 0.1033951
v -2.722808 6.259968 56.67306 0 9 9 9 0.5366445 0.1804227 0.1698634 0.1130388
v -2.58273 6.27413 56.91225 9 9 0 9 0.4720531 0.2572213 0.1766995 0.09399558
v -2.587436 6.312527 56.68784 9 9 0 9 0.4300755 0.2430457 0.2218814 0.1049821
v -2.400907 6.333411 56.69621 9 9 9 0 0.373724 0.3472343 0.165774 0.1132372
v -2.201102 6.319081 56.69641 9 9 9 9 0.463798 0.3479362 0.1404593 0.04776074
v -2.19722 6.280955 56.92082 9 9 0 9 0.4688334 0.2625772 0.1748379 0.09370565
v -2.396596 6.295148 56.92063 9 9 0 9 0.4718547 0.257557 0.1765774 0.09398031
v -2.587436 6.312527 56.68784 9 9 0 9 0.4300755 0.2430457 0.2218814 0.1049821
v -2.722808 6.259968 56.67306 0 9 9 9 0.5366445 0.1804227 0.1698634 0.1130388
v -3.001063 6.295298 56.90577 9 9 0 9 0.4391547 0.2415198 0.2158846 0.1033951
v -2.769667 6.386261 56.93185 9 9 0 9 0.4720073 0.2572061 0.1767453 0.09401084
v -2.446912 6.42117 56.9466 9 9 0 9 0.4718395 0.2575876 0.1765774 0.09396505
v -2.101889 6.394967 56.94656 9 9 0 9 0.4446784 0.3026932 0.1609674 0.09163043
v -2.201102 6.319081 56.69641 9 9 9 9 0.463798 0.3479362 0.1404593 0.04776074
v -2.400907 6.333411 56.69621 9 9 9 0 0.373724 0.3472343 0.165774 0.1132372
v -1.807644 6.315203 56.93222 9 9 9 9 0.4040894 0.4001679 0.1696803 0.02603189
v -2.028304 6.273186 56.68854 9 9 9 9 0.4752422 0.3742275 0.107744 0.04275578
v -2.578283 6.235546 57.13697 9 9 0 9 0.4720531 0.2572213 0.1766995 0.09399558
v -2.192643 6.242705 57.14555 9 9 0 9 0.4720531 0.2572213 0.1766995 0.09399558
v -2.392083 6.256776 57.14537 9 9 0 9 0.4720531 0.2572213 0.1766995 0.09399558
v -2.713413 6.182618 57.12218 9 9 0 9 0.4720531 0.2572213 0.1766995 0.09399558
v -2.578283 6.235546 57.13697 9 9 0 9 0.4720531 0.2572213 0.1766995 0.09399558
v -2.392083 6.256776 57.14537 9 9 0 9 0.4720531 0.2572213 0.1766995 0.09399558
v -2.192643 6.242705 57.14555 9 9 0 9 0.4720531 0.2572213 0.1766995 0.09399558
v -2.020181 6.196914 57.13768 9 9 0 9 0.4573892 0.2980697 0.1555505 0.0889601
v -2.039537 6.426308 55.74942 9 0 9 9 0.3537804 0.2775311 0.2454871 0.1231708
v -1.819002 6.470123 55.9931 9 9 9 9 0.4771649 0.3786526 0.1022507 0.04190128
v -2.037497 6.39041 55.97383 9 9 9 9 0.4769818 0.378378 0.102388 0.04222171
v -2.022348 6.61561 55.1118 9 9 9 9 0.5467308 0.2635081 0.1269856 0.06272984
v -2.176095 6.346937 55.27208 9 9 9 9 0.546685 0.2634775 0.1270466 0.06277562
v -2.137081 5.961801 57.54184 9 9 0 9 0.471931 0.2576333 0.1765011 0.09390402
v -1.976146 6.16123 57.80057 9 9 0 9 0.4705119 0.2623636 0.174197 0.09289692
v -1.643193 6.078205 57.56504 9 9 9 9 0.4354162 0.3504845 0.2046082 0.009460594
v -1.161357 5.975561 57.78392 9 9 9 9 0.4346075 0.351339 0.2046998 0.009323263
v -2.348811 5.654619 57.70463 9 9 0 9 0.4720531 0.2572213 0.1766995 0.09399558
v -2.31088 5.915729 57.55769 9 9 0 9 0.4720531 0.2572213 0.1766995 0.09399558
v -1.44001 6.139654 57.61525 9 9 9 9 0.4354162 0.3504845 0.2046082 0.009460594
v -2.78589 6.187408 55.01442 0 9 9 9 0.7050126 0.1891051 0.07571527 0.03013657
v -2.389277 6.101073 54.99755 9 9 9 0 0.507805 0.2426032 0.1449607 0.1045853
v -2.738813 5.741294 57.70842 9 9 0 9 0.4720531 0.2572213 0.1766995 0.09399558
v -2.345679 6.298558 55.23986 9 9 9 9 0.5465629 0.2633707 0.1271687 0.06285191
v -2.48155 5.770324 58.03838 9 9 0 9 0.4720531 0.2572213 0.1766995 0.09399558
v -2.31088 5.915729 57.55769 9 9 0 9 0.4720531 0.2572213 0.1766995 0.09399558
v -2.603793 6.002714 57.77211 9 9 0 9 0.4720531 0.2572213 0.1766995 0.09399558
v -1.338809 6.31616 57.85503 9 9 9 9 0.4354162 0.3504845 0.2046082 0.009460594
v -1.44001 6.139654 57.61525 9 9 9 9 0.4354162 0.3504845 0.2046082 0.009460594
v -2.649149 6.450321 55.06502 0 9 9 9 0.7009537 0.1890135 0.07576104 0.03422599
v -2.738813 5.741294 57.70842 9 9 0 9 0.4720531 0.2572213 0.1766995 0.09399558
v -2.345679 6.298558 55.23986 9 9 9 9 0.5465629 0.2633707 0.1271687 0.06285191
v -2.48155 5.770324 58.03838 9 9 0 9 0.4720531 0.2572213 0.1766995 0.09399558
v -2.734808 6.37794 55.95837 0 9 9 9 0.5937896 0.1941405 0.1218891 0.09013505
v -2.732317 6.341512 56.18304 0 9 9 9 0.5937896 0.1941405 0.1218891 0.09013505
v -3.019827 6.452405 55.96664 0 9 9 9 0.5937896 0.1941405 0.1218891 0.09013505
v -2.737774 6.41382 55.73394 0 9 9 9 0.5937896 0.1941405 0.1218891 0.09013505
v -2.598928 6.430332 55.97314 0 9 9 9 0.5937896 0.1941405 0.1218891 0.09013505
v -2.601728 6.466242 55.74871 0 9 9 9 0.5937743 0.1941405 0.1218891 0.09016556
v -2.414207 6.486917 55.75711 0 9 9 9 0.5936675 0.1941405 0.1218891 0.09027237
v -2.213303 6.472373 55.75729 0 9 9 9 0.5927062 0.1940948 0.121828 0.0913405
v -2.211025 6.43645 55.98169 0 9 9 9 0.365835 0.2995041 0.1935912 0.1410391
v -2.411654 6.450983 55.98151 0 9 9 9 0.5937133 0.1941253 0.1218891 0.0902266
v -2.601728 6.466242 55.74871 0 9 9 9 0.5937743 0.1941405 0.1218891 0.09016556
v -2.737774 6.41382 55.73394 0 9 9 9 0.5937896 0.1941405 0.1218891 0.09013505
v -3.019827 6.452405 55.96664 0 9 9 9 0.5937896 0.1941405 0.1218891 0.09013505
v -2.787083 6.542842 55.99273 0 9 9 9 0.5937896 0.1941405 0.1218891 0.09013505
v -2.462343 6.577064 56.00748 0 9 9 9 0.5937743 0.1941405 0.1218891 0.0901503
v -2.115139 6.550257 56.00743 9 9 9 9 0.4755932 0.3763027 0.1034714 0.04460212
v -2.213303 6.472373 55.75729 0 9 9 9 0.5927062 0.1940948 0.121828 0.0913405
v -2.414207 6.486917 55.75711 0 9 9 9 0.5936675 0.1941405 0.1218891 0.09027237
v -1.819002 6.470123 55.9931 9 9 9 9 0.4771649 0.3786526 0.1022507 0.04190128
v -2.039537 6.426308 55.74942 9 0 9 9 0.3537804 0.2775311 0.2454871 0.1231708
v -2.596277 6.394033 56.19786 0 9 9 9 0.5937896 0.1941405 0.1218891 0.0901503
v -2.207945 6.400227 56.20644 9 9 9 9 0.4701152 0.368185 0.1077134 0.05397116
v -2.408791 6.414761 56.20623 0 9 9 9 0.5898375 0.1933013 0.122179 0.09465171
v -2.034251 6.354112 56.19857 9 9 9 9 0.4771649 0.3786374 0.1022507 0.04191653
v -2.732317 6.341512 56.18304 0 9 9 9 0.5937896 0.1941405 0.1218891 0.09013505
v -2.596277 6.394033 56.19786 0 9 9 9 0.5937896 0.1941405 0.1218891 0.0901503
v -2.408791 6.414761 56.20623 0 9 9 9 0.5898375 0.1933013 0.122179 0.09465171
v -2.207945 6.400227 56.20644 9 9 9 9 0.4701152 0.368185 0.1077134 0.05397116
v -1.18164 6.418694 55.07683 9 9 9 9 0.5467308 0.2635081 0.1269856 0.06272984
v -2.533186 6.314893 54.72905 0 9 9 9 0.7042038 0.1890898 0.07573052 0.03096056
v -1.259314 6.636804 54.81197 9 9 9 9 0.5467308 0.2635081 0.1269856 0.06272984
v -1.362509 6.75895 55.14792 9 9 9 9 0.5467308 0.2635081 0.1269856 0.06272984
v -2.533186 6.314893 54.72905 0 9 9 9 0.7042038 0.1890898 0.07573052 0.03096056
v -1.259314 6.636804 54.81197 9 9 9 9 0.5467308 0.2635081 0.1269856 0.06272984
v -2.515481 5.818906 57.5224 9 9 0 9 0.4720531 0.2572213 0.1766995 0.09399558
v -2.552576 6.191165 55.27811 9 0 9 9 0.4324102 0.212253 0.1931334 0.1621881
v -2.356427 5.924301 55.22665 9 9 9 9 0.540795 0.2586862 0.1334096 0.06707866
v -2.322457 5.55278 57.47093 9 9 0 9 0.4720531 0.2572213 0.1766995 0.09399558
v -2.356427 5.924301 55.22665 9 9 9 9 0.540795 0.2586862 0.1334096 0.06707866
v -2.552576 6.191165 55.27811 9 0 9 9 0.4324102 0.212253 0.1931334 0.1621881
v -2.509379 6.525134 55.34858 9 9 9 9 0.5360342 0.2548409 0.1385519 0.07054245
v -2.472491 6.153157 57.59286 9 9 0 9 0.4720531 0.2572213 0.1766995 0.09399558
v -2.509379 6.525134 55.34858 9 9 9 9 0.5360342 0.2548409 0.1385519 0.07054245
v -1.95829 5.733827 55.19343 9 9 9 9 0.5466545 0.263447 0.1270771 0.06279088
v -1.930199 5.363463 57.43771 9 9 0 9 0.4717327 0.2582132 0.176257 0.09375143
v -2.472491 6.153157 57.59286 9 9 0 9 0.4720531 0.2572213 0.1766995 0.09399558
v -1.930199 5.363463 57.43771 9 9 0 9 0.4717327 0.2582132 0.176257 0.09375143
v -1.463388 5.327956 57.43492 9 9 9 9 0.4126955 0.3744411 0.2072633 0.005554284
v -2.134633 6.420182 57.65519 9 9 9 0 0.3363851 0.3249714 0.2581064 0.0805066
v -2.166772 6.790449 55.41091 9 9 9 9 0.5467002 0.2634928 0.1270161 0.06276036
v -2.134633 6.420182 57.65519 9 9 9 0 0.3363851 0.3249714 0.2581064 0.0805066
v -1.575983 6.36965 57.65137 9 9 9 9 0.4354162 0.3504845 0.2046082 0.009460594
v -1.15688 5.589944 57.49049 9 9 9 9 0.4353704 0.3505455 0.2046082 0.009445335
v -1.575983 6.36965 57.65137 9 9 9 9 0.4354162 0.3504845 0.2046082 0.009460594
v -1.484622 5.697403 55.19062 9 9 9 9 0.5467002 0.2635843 0.1269398 0.06276036
v -1.463388 5.327956 57.43492 9 9 9 9 0.4126955 0.3744411 0.2072633 0.005554284
v -2.515481 5.818906 57.5224 9 9 0 9 0.4720531 0.2572213 0.1766995 0.09399558
v -2.322457 5.55278 57.47093 9 9 0 9 0.4720531 0.2572213 0.1766995 0.09399558
v -6.35124 1.168213 55.21315 9 9 9 0 0.5672846 0.2628061 0.09872587 0.07115282
v -5.469713 4.569909 56.74598 9 0 9 9 0.363592 0.3260548 0.2207218 0.08960098
v -4.548614 5.324511 56.62494 9 9 0 9 0.363653 0.2207675 0.3261158 0.08943313
v -5.026953 4.545356 57.87185 9 0 9 9 0.4498512 0.3071946 0.171725 0.07121386
v -4.390073 4.996772 57.75327 9 0 9 9 0.4498512 0.3071946 0.1717098 0.07121386
v -3.161177 4.747313 58.46499 9 9 9 0 0.5779355 0.3569543 0.03395132 0.0311284
v -3.145065 5.331474 57.61202 9 9 0 9 0.4720531 0.2572213 0.1766995 0.09399558
v -3.15773 5.820489 56.43097 9 9 0 9 0.1218891 0.1941405 0.5937896 0.09013505
v -1.462716 5.605076 57.44799 9 9 9 9 0.4354009 0.3504997 0.2046082 0.009460594
v -1.46709 6.053375 56.43099 9 9 9 9 0.4771649 0.3786526 0.1022507 0.04190128
v -3.934127 5.206304 57.99554 9 0 19 9 0.3706264 0.271809 0.1834134 0.1741207
v -3.934127 5.206304 57.99554 9 0 19 9 0.3706264 0.271809 0.1834134 0.1741207
v -1.233422 6.096921 58.12132 9 9 9 18 0.4081788 0.3799497 0.2108186 0.001022354
v -1.233422 6.096921 58.12132 9 9 9 18 0.4081788 0.3799497 0.2108186 0.001022354
v -4.716652 4.01561 58.75282 9 0 19 9 0.3523155 0.2644388 0.2109255 0.1723049
v -4.232967 4.392704 58.70775 9 0 19 9 0.3537346 0.265507 0.20972 0.1710079
v -1.487554 4.968643 58.49781 9 9 9 18 0.4086061 0.3794156 0.2109255 0.001022354
v -5.469713 4.569909 56.74598 9 0 9 9 0.363592 0.3260548 0.2207218 0.08960098
v -2.376746 -0.8585181 58.54697 18 19 9 18 0.1199359 0.04634165 0.8336919 0
v -5.026953 4.545356 57.87185 9 0 9 9 0.4498512 0.3071946 0.171725 0.07121386
v -4.716652 4.01561 58.75282 9 0 19 9 0.3523155 0.2644388 0.2109255 0.1723049
v -6.391068 3.176562 54.99363 9 9 16 0 0.3062638 0.2692149 0.243183 0.1813077
v -6.391068 3.176562 54.99363 9 9 16 0 0.3062638 0.2692149 0.243183 0.1813077
v -6.229371 3.09023 55.0391 9 9 16 0 0.3079118 0.2796368 0.2347448 0.1776608
v -6.85771 -0.2196484 54.84761 9 9 9 13 0.7533532 0.2202945 0.01400778 0.01231403
v -6.35124 1.168213 55.21315 9 9 9 0 0.5672846 0.2628061 0.09872587 0.07115282
v -5.974778 3.465064 55.62814 9 9 16 0 0.3062333 0.2690929 0.2432898 0.1813535
v -5.974778 3.465064 55.62814 9 9 16 0 0.3062333 0.2690929 0.2432898 0.1813535
v -6.85771 -0.2196484 54.84761 9 9 9 13 0.7533532 0.2202945 0.01400778 0.01231403
v -4.058306 3.387335 59.78299 19 9 9 14 0.7512779 0.1297627 0.06387427 0.05505455
v -2.9256 3.780952 59.64603 9 19 9 15 0.1856718 0.5452812 0.1980011 0.07101548
v -4.429926 3.074974 59.7554 19 15 14 9 0.3906004 0.2150759 0.2068666 0.1874266
v -7.290198 0.2747908 54.05209 9 9 9 13 0.7533379 0.2203403 0.01399252 0.01229877
v -7.145636 0.2793851 54.1249 9 9 9 13 0.7532921 0.2204471 0.01396201 0.01226825
v -4.429926 3.074974 59.7554 19 15 14 9 0.3906004 0.2150759 0.2068666 0.1874266
v 0.6700752 -5.370664 52.31772 9 10 9 9 0.8727245 0.1272602 0 0
v 0.5270679 -4.958692 52.44553 9 10 9 9 0.4587015 0.5412833 0 0
v 1.086474 -5.10947 52.25666 0 9 10 0 0 0.6585336 0.3414511 0
v 1.290285 -5.228972 52.13767 0 9 10 0 0 0.3933471 0.6066377 0
v 0.6700752 -5.370664 52.31772 9 10 9 9 0.8727245 0.1272602 0 0
v 1.290285 -5.228972 52.13767 0 9 10 0 0 0.3933471 0.6066377 0
v 1.643412 -5.22898 52.77333 0 9 10 0 0 0.887129 0.1128557 0
v 1.037007 -5.372623 52.94838 9 10 9 9 0.8871595 0.1128252 0 0
v 0.889594 -5.010954 53.02604 9 10 9 9 0.8871595 0.1128252 0 0
v 1.439599 -5.109495 52.8923 0 9 10 0 0 0.8871595 0.1128252 0
v 1.086474 -5.10947 52.25666 0 9 10 0 0 0.6585336 0.3414511 0
v 0.5270679 -4.958692 52.44553 9 10 9 9 0.4587015 0.5412833 0 0
v 1.439599 -5.109495 52.8923 0 9 10 0 0 0.8871595 0.1128252 0
v 1.643412 -5.22898 52.77333 0 9 10 0 0 0.887129 0.1128557 0
v 0.889594 -5.010954 53.02604 9 10 9 9 0.8871595 0.1128252 0 0
v 1.037007 -5.372623 52.94838 9 10 9 9 0.8871595 0.1128252 0 0
v 4.785616 4.263468 52.00631 9 9 10 9 0.4762036 0.3214923 0.112398 0.08987564
v 4.540709 4.055605 51.97207 9 9 10 9 0.4762036 0.3214923 0.112398 0.08987564
v 4.456968 3.741952 51.78024 9 9 10 9 0.4762036 0.3214923 0.112398 0.08987564
v 5.043819 4.111837 51.80083 9 9 10 9 0.4762036 0.3214923 0.112398 0.08987564
v 4.269251 3.978264 51.09206 10 9 10 10 0.4226291 0.3245594 0.1397574 0.1130236
v 4.85742 4.360075 51.10646 10 9 10 10 0.4226291 0.3245746 0.1397574 0.1130236
v 4.85742 4.360075 51.10646 10 9 10 10 0.4226291 0.3245746 0.1397574 0.1130236
v 5.043819 4.111837 51.80083 9 9 10 9 0.4762036 0.3214923 0.112398 0.08987564
v 4.541749 4.489108 51.3524 10 9 10 10 0.4221561 0.3250172 0.1398795 0.1129015
v 4.295878 4.274442 51.32052 10 9 10 10 0.4225986 0.3245899 0.1397574 0.1130236
v 4.540709 4.055605 51.97207 9 9 10 9 0.4762036 0.3214923 0.112398 0.08987564
v 4.785616 4.263468 52.00631 9 9 10 9 0.4762036 0.3214923 0.112398 0.08987564
v 4.295878 4.274442 51.32052 10 9 10 10 0.4225986 0.3245899 0.1397574 0.1130236
v 4.541749 4.489108 51.3524 10 9 10 10 0.4221561 0.3250172 0.1398795 0.1129015
v 4.456968 3.741952 51.78024 9 9 10 9 0.4762036 0.3214923 0.112398 0.08987564
v 4.269251 3.978264 51.09206 10 9 10 10 0.4226291 0.3245594 0.1397574 0.1130236
v 1.104552 -5.498647 53.01571 9 10 9 9 0.8871595 0.1128252 0 0
v 1.049944 -5.074935 53.01571 0 9 10 0 0 0.8871595 0.1128252 0
v 1.85999 -4.964654 53.00829 0 9 10 0 0 0.885832 0.1141527 0
v 1.970142 -5.365954 52.96877 0 9 10 0 0 0.8861524 0.1138323 0
v 1.104552 -5.498647 53.01571 9 10 9 9 0.8871595 0.1128252 0 0
v 1.970142 -5.365954 52.96877 0 9 10 0 0 0.8861524 0.1138323 0
v 1.890816 -5.493416 53.65839 0 9 10 0 0 0.8871595 0.1128252 0
v 1.047351 -5.640545 53.71912 9 10 9 9 0.8871595 0.1128252 0 0
v 0.9927394 -5.216749 53.71912 9 10 9 9 0.8871595 0.1128252 0 0
v 1.780774 -5.092012 53.6979 0 9 10 0 0 0.8871595 0.1128252 0
v 1.85999 -4.964654 53.00829 0 9 10 0 0 0.885832 0.1141527 0
v 1.049944 -5.074935 53.01571 0 9 10 0 0 0.8871595 0.1128252 0
v 1.780774 -5.092012 53.6979 0 9 10 0 0 0.8871595 0.1128252 0
v 1.890816 -5.493416 53.65839 0 9 10 0 0 0.8871595 0.1128252 0
v 0.9927394 -5.216749 53.71912 9 10 9 9 0.8871595 0.1128252 0 0
v 1.047351 -5.640545 53.71912 9 10 9 9 0.8871595 0.1128252 0 0
v 4.739496 4.214503 52.64265 9 9 10 9 0.4762036 0.3214923 0.112398 0.08987564
v 4.569885 4.117692 52.63747 9 9 10 9 0.4762036 0.3214923 0.112398 0.08987564
v 4.776811 3.566068 52.61862 9 9 10 9 0.4764324 0.3214161 0.1122606 0.08984512
v 5.056948 3.969686 52.62942 9 9 10 9 0.4762036 0.3214923 0.112398 0.08987564
v 5.161088 3.356806 51.88699 9 9 10 9 0.4871748 0.3221027 0.1045396 0.08615243
v 5.019455 3.246668 51.88491 9 9 10 9 0.4970321 0.3248951 0.09660487 0.0814374
v 4.767404 3.569216 51.89157 9 9 10 9 0.4762036 0.3214923 0.112398 0.08987564
v 5.051693 3.972224 51.9022 9 9 10 9 0.4762036 0.3214923 0.112398 0.08987564
v 5.161088 3.356806 51.88699 9 9 10 9 0.4871748 0.3221027 0.1045396 0.08615243
v 5.051693 3.972224 51.9022 9 9 10 9 0.4762036 0.3214923 0.112398 0.08987564
v 5.056948 3.969686 52.62942 9 9 10 9 0.4762036 0.3214923 0.112398 0.08987564
v 5.174474 3.36071 52.6129 9 9 9 9 0.6083772 0.2339361 0.09668116 0.06099031
v 5.034559 3.250267 52.6107 9 9 9 9 0.608423 0.2338445 0.0967422 0.06095979
v 5.174474 3.36071 52.6129 9 9 9 9 0.6083772 0.2339361 0.09668116 0.06099031
v 4.714573 4.247447 51.9153 9 9 10 9 0.4762036 0.3214923 0.112398 0.08987564
v 4.580767 4.126046 51.90976 9 9 10 9 0.4762036 0.3214923 0.112398 0.08987564
v 4.569885 4.117692 52.63747 9 9 10 9 0.4762036 0.3214923 0.112398 0.08987564
v 4.739496 4.214503 52.64265 9 9 10 9 0.4762036 0.3214923 0.112398 0.08987564
v 4.580767 4.126046 51.90976 9 9 10 9 0.4762036 0.3214923 0.112398 0.08987564
v 4.714573 4.247447 51.9153 9 9 10 9 0.4762036 0.3214923 0.112398 0.08987564
v 4.776811 3.566068 52.61862 9 9 10 9 0.4764324 0.3214161 0.1122606 0.08984512
v 4.767404 3.569216 51.89157 9 9 10 9 0.4762036 0.3214923 0.112398 0.08987564
v -0.7355303 -5.370664 52.31771 9 10 9 9 0.8732281 0.1267567 0 0
v -1.355742 -5.228972 52.13767 0 9 10 0 0 0.386099 0.6138857 0
v -1.15194 -5.109475 52.25666 0 9 10 0 0 0.6487831 0.3512017 0
v -0.5925648 -4.958705 52.44555 9 10 9 9 0.6810406 0.3189441 0 0
v -1.708868 -5.228981 52.77332 0 9 10 0 0 0.8869459 0.1130388 0
v -1.355742 -5.228972 52.13767 0 9 10 0 0 0.386099 0.6138857 0
v -0.7355303 -5.370664 52.31771 9 10 9 9 0.8732281 0.1267567 0 0
v -1.102462 -5.372623 52.94838 0 9 10 0 0 0.8871595 0.1128252 0
v -1.15194 -5.109475 52.25666 0 9 10 0 0 0.6487831 0.3512017 0
v -1.505066 -5.109499 52.8923 0 9 10 0 0 0.8871595 0.1128252 0
v -0.9550768 -5.010962 53.02604 9 10 9 9 0.8871595 0.1128252 0 0
v -0.5925648 -4.958705 52.44555 9 10 9 9 0.6810406 0.3189441 0 0
v -2.28493 -5.067664 52.61417 9 9 10 9 0.006164645 0.7214466 0.2723583 0
v -1.708868 -5.228981 52.77332 0 9 10 0 0 0.8869459 0.1130388 0
v -1.505066 -5.109499 52.8923 0 9 10 0 0 0.8871595 0.1128252 0
v -2.119516 -5.014285 52.69216 9 9 10 9 0.006164645 0.7215686 0.2722362 0
v -1.943169 -5.067649 51.97361 9 9 10 9 0.006164645 0.7214161 0.2723888 0
v -1.777747 -5.014257 52.05159 9 9 10 9 0.006164645 0.7209583 0.2728618 0
v -2.28493 -5.067664 52.61417 9 9 10 9 0.006164645 0.7214466 0.2723583 0
v -1.943169 -5.067649 51.97361 9 9 10 9 0.006164645 0.7214161 0.2723888 0
v -1.102462 -5.372623 52.94838 0 9 10 0 0 0.8871595 0.1128252 0
v -0.9550768 -5.010962 53.02604 9 10 9 9 0.8871595 0.1128252 0 0
v -4.985841 3.90659 51.95477 9 9 10 9 0.4762036 0.3214923 0.112398 0.08987564
v -4.734408 3.716666 51.89781 9 9 10 9 0.4762036 0.3214923 0.112398 0.08987564
v -5.044921 4.122418 51.07529 10 9 10 10 0.4224308 0.3247578 0.1398032 0.1129778
v -4.4456 3.766333 51.02098 10 9 10 10 0.4226291 0.3245594 0.1397574 0.1130236
v -5.044921 4.122418 51.07529 10 9 10 10 0.4224308 0.3247578 0.1398032 0.1129778
v -4.737492 4.206782 51.34098 10 9 10 10 0.4018921 0.3449912 0.1456016 0.1074845
v -4.985841 3.90659 51.95477 9 9 10 9 0.4762036 0.3214923 0.112398 0.08987564
v -4.734408 3.716666 51.89781 9 9 10 9 0.4762036 0.3214923 0.112398 0.08987564
v -4.484624 4.010792 51.28558 10 9 10 10 0.419501 0.3276417 0.1406424 0.1121843
v -4.737492 4.206782 51.34098 10 9 10 10 0.4018921 0.3449912 0.1456016 0.1074845
v -4.484624 4.010792 51.28558 10 9 10 10 0.419501 0.3276417 0.1406424 0.1121843
v -4.4456 3.766333 51.02098 10 9 10 10 0.4226291 0.3245594 0.1397574 0.1130236
v -4.638878 3.449683 51.66805 9 9 10 9 0.4773022 0.3224231 0.1112688 0.08897536
v -1.170007 -5.498648 53.01572 0 9 10 0 0 0.8871595 0.1128252 0
v -2.035597 -5.365955 52.96878 0 9 10 0 0 0.8827649 0.1172198 0
v -1.925444 -4.964654 53.00829 0 9 10 0 0 0.8810712 0.1189136 0
v -1.115399 -5.074936 53.01571 0 9 10 0 0 0.8871595 0.1128252 0
v -1.95627 -5.493416 53.65839 0 9 10 0 0 0.8871595 0.1128252 0
v -2.035597 -5.365955 52.96878 0 9 10 0 0 0.8827649 0.1172198 0
v -1.170007 -5.498648 53.01572 0 9 10 0 0 0.8871595 0.1128252 0
v -1.112806 -5.640546 53.71912 9 10 9 9 0.8871595 0.1128252 0 0
v -1.925444 -4.964654 53.00829 0 9 10 0 0 0.8810712 0.1189136 0
v -1.846228 -5.092012 53.6979 0 9 10 0 0 0.8871595 0.1128252 0
v -1.058193 -5.216749 53.71912 9 10 9 9 0.8871595 0.1128252 0 0
v -1.115399 -5.074936 53.01571 0 9 10 0 0 0.8871595 0.1128252 0
v -1.95627 -5.493416 53.65839 0 9 10 0 0 0.8871595 0.1128252 0
v -1.846228 -5.092012 53.6979 0 9 10 0 0 0.8871595 0.1128252 0
v -4.178627 -4.291214 53.62595 9 9 10 9 0.01745632 0.8784924 0.1040208 0
v -4.311487 -4.40891 53.58607 9 9 10 9 0.01747158 0.8784924 0.1040208 0
v -1.112806 -5.640546 53.71912 9 10 9 9 0.8871595 0.1128252 0 0
v -1.058193 -5.216749 53.71912 9 10 9 9 0.8871595 0.1128252 0 0
v -4.960671 4.04311 52.58111 9 9 10 9 0.4762036 0.3214923 0.112398 0.08987564
v -5.262215 3.809741 52.57199 9 9 10 9 0.4768749 0.3212787 0.1120165 0.08979934
v -4.957376 3.423904 52.56757 9 9 9 10 0.5611658 0.2945296 0.08023193 0.06404211
v -4.784684 3.950886 52.57758 9 9 10 9 0.4762036 0.3214923 0.112398 0.08987564
v -5.329586 3.223342 51.83908 9 9 9 9 0.6072633 0.2426184 0.0920119 0.05807584
v -5.257122 3.812161 51.84473 9 9 10 9 0.4762188 0.3214923 0.112398 0.08987564
v -4.948154 3.426918 51.84047 9 9 10 9 0.4766461 0.3218586 0.1119402 0.08950942
v -5.181802 3.117643 51.83858 9 9 9 9 0.6066987 0.247303 0.08952468 0.05644312
v -5.262215 3.809741 52.57199 9 9 10 9 0.4768749 0.3212787 0.1120165 0.08979934
v -5.257122 3.812161 51.84473 9 9 10 9 0.4762188 0.3214923 0.112398 0.08987564
v -5.329586 3.223342 51.83908 9 9 9 9 0.6072633 0.2426184 0.0920119 0.05807584
v -5.343193 3.227087 52.56491 9 9 9 9 0.608484 0.233753 0.09681849 0.06092928
v -5.343193 3.227087 52.56491 9 9 9 9 0.608484 0.233753 0.09681849 0.06092928
v -5.197106 3.121098 52.56433 9 9 9 9 0.608484 0.233753 0.09681849 0.06092928
v -4.937942 4.074476 51.8532 9 9 10 9 0.4762036 0.3214923 0.112398 0.08987564
v -4.960671 4.04311 52.58111 9 9 10 9 0.4762036 0.3214923 0.112398 0.08987564
v -4.784684 3.950886 52.57758 9 9 10 9 0.4762036 0.3214923 0.112398 0.08987564
v -4.796113 3.958846 51.84974 9 9 10 9 0.4762036 0.3214923 0.112398 0.08987564
v -4.937942 4.074476 51.8532 9 9 10 9 0.4762036 0.3214923 0.112398 0.08987564
v -4.796113 3.958846 51.84974 9 9 10 9 0.4762036 0.3214923 0.112398 0.08987564
v -4.948154 3.426918 51.84047 9 9 10 9 0.4766461 0.3218586 0.1119402 0.08950942
v -4.957376 3.423904 52.56757 9 9 9 10 0.5611658 0.2945296 0.08023193 0.06404211
v -0.5242907 -4.921914 52.5083 9 10 9 9 0.5088578 0.4911269 0 0
v -0.5242912 -4.704038 52.31356 9 10 9 9 0.3323568 0.667628 0 0
v -0.5242933 -5.315629 52.09066 9 10 9 9 0.342153 0.6578317 0 0
v -0.5242931 -5.273661 52.38012 9 10 9 9 0.5397574 0.4602274 0 0
v 0.4624746 -4.921881 52.5083 9 10 9 9 0.3613336 0.6386511 0 0
v 0.4624736 -4.703989 52.31356 9 10 9 9 0.3193713 0.6806134 0 0
v -0.5242912 -4.704038 52.31356 9 10 9 9 0.3323568 0.667628 0 0
v -0.5242907 -4.921914 52.5083 9 10 9 9 0.5088578 0.4911269 0 0
v -0.5242933 -5.315629 52.09066 9 10 9 9 0.342153 0.6578317 0 0
v 0.4624732 -5.315618 52.09065 9 10 9 9 0.3216144 0.6783704 0 0
v 0.4624746 -5.273647 52.38013 9 10 9 9 0.3755703 0.6244144 0 0
v -0.5242931 -5.273661 52.38012 9 10 9 9 0.5397574 0.4602274 0 0
v 0.462475 -4.7459 52.02409 9 10 9 9 0.3170672 0.6829175 0 0
v 0.4624736 -4.703989 52.31356 9 10 9 9 0.3193713 0.6806134 0 0
v 0.4624732 -5.315618 52.09065 9 10 9 9 0.3216144 0.6783704 0 0
v 0.4624745 -5.097559 51.8959 9 10 9 9 0.3181659 0.6818189 0 0
v -0.5242902 -4.745946 52.02408 9 10 9 9 0.3177997 0.6821851 0 0
v -0.5242907 -5.09758 51.89591 9 10 9 9 0.317876 0.6821088 0 0
v -0.5242907 -5.09758 51.89591 9 10 9 9 0.317876 0.6821088 0 0
v 0.4624745 -5.097559 51.8959 9 10 9 9 0.3181659 0.6818189 0 0
v 0.4624746 -4.921881 52.5083 9 10 9 9 0.3613336 0.6386511 0 0
v 0.4624746 -5.273647 52.38013 9 10 9 9 0.3755703 0.6244144 0 0
v 2.758172 5.391153 49.8723 10 10 9 10 0.3930114 0.3761807 0.1829404 0.04783703
v 3.114528 5.373221 49.63746 10 10 9 10 0.3930114 0.3761807 0.1829404 0.04783703
v 2.758172 5.391153 49.8723 10 10 9 10 0.3930114 0.3761807 0.1829404 0.04783703
v 3.597174 4.808124 49.89671 10 10 9 10 0.3931639 0.3760891 0.1828794 0.04785229
v -3.974112 4.54473 49.91925 10 9 10 10 0.4227817 0.3244221 0.1397726 0.1130083
v -3.709518 4.878538 50.83054 10 9 10 10 0.4225376 0.3241321 0.1404593 0.1128252
v -3.341281 4.918157 50.60265 10 10 9 10 0.3930114 0.3761654 0.1829404 0.04783703
v -3.557304 5.167176 50.5586 10 10 9 10 0.3930114 0.3761654 0.1829557 0.04785229
v -3.182339 5.194532 50.33237 10 10 9 10 0.3930114 0.3761807 0.1829404 0.04783703
v -3.182339 5.194532 50.33237 10 10 9 10 0.3930114 0.3761807 0.1829404 0.04783703
v -3.709518 4.878538 50.83054 10 9 10 10 0.4225376 0.3241321 0.1404593 0.1128252
v -3.182339 5.194532 50.33237 10 10 9 10 0.3930114 0.3761807 0.1829404 0.04783703
v -3.341281 4.918157 50.60265 10 10 9 10 0.3930114 0.3761654 0.1829404 0.04783703
v -3.900957 4.471509 50.66136 10 9 10 10 0.4226291 0.3245594 0.1397574 0.1130236
v -4.039371 4.545733 50.40556 10 9 10 10 0.4226291 0.3245594 0.1397574 0.1130236
v -3.709518 4.878538 50.83054 10 9 10 10 0.4225376 0.3241321 0.1404593 0.1128252
v -4.009018 4.635137 50.87284 10 9 10 10 0.4226291 0.3245594 0.1397574 0.1130236
v -3.709518 4.878538 50.83054 10 9 10 10 0.4225376 0.3241321 0.1404593 0.1128252
v -3.557304 5.167176 50.5586 10 10 9 10 0.3930114 0.3761654 0.1829557 0.04785229
v -4.149025 4.709339 50.61694 10 9 10 10 0.4226291 0.3245594 0.1397574 0.1130236
v -4.009018 4.635137 50.87284 10 9 10 10 0.4226291 0.3245594 0.1397574 0.1130236
v -3.182339 5.194532 50.33237 10 10 9 10 0.3930114 0.3761807 0.1829404 0.04783703
v -4.039371 4.545733 50.40556 10 9 10 10 0.4226291 0.3245594 0.1397574 0.1130236
v -4.53921 3.866716 51.085 10 9 10 10 0.4225986 0.3245899 0.1397574 0.1130236
v -4.573797 4.124785 51.23275 10 9 10 10 0.4223239 0.3248646 0.1398337 0.1129473
v -4.573797 4.124785 51.23275 10 9 10 10 0.4223239 0.3248646 0.1398337 0.1129473
v -4.913431 3.829908 51.91337 9 9 10 9 0.4762036 0.3214923 0.112398 0.08987564
v -4.913431 3.829908 51.91337 9 9 10 9 0.4762036 0.3214923 0.112398 0.08987564
v -4.957467 3.907934 52.6902 9 9 10 9 0.4762036 0.3214923 0.112398 0.08987564
v -5.268032 3.815375 52.75111 9 9 10 9 0.4906996 0.3168994 0.1041581 0.08822767
v -4.957467 3.907934 52.6902 9 9 10 9 0.4762036 0.3214923 0.112398 0.08987564
v -4.673498 4.10642 53.5281 9 9 9 10 0.4489815 0.2049592 0.1791867 0.1668574
v -4.936996 4.104647 53.6953 9 9 9 10 0.4489815 0.2049592 0.1791867 0.1668574
v -4.687423 4.326054 53.31704 9 9 9 10 0.4180056 0.3067216 0.1679561 0.1073014
v -4.954836 4.327715 53.48367 9 9 9 10 0.4489662 0.2049592 0.179202 0.1668421
v -4.687423 4.326054 53.31704 9 9 9 10 0.4180056 0.3067216 0.1679561 0.1073014
v -4.936996 4.104647 53.6953 9 9 9 10 0.4489815 0.2049592 0.1791867 0.1668574
v 3.146978 5.20296 50.5836 10 10 9 10 0.3930114 0.3761807 0.1829404 0.04783703
v 3.000611 5.487752 50.31726 10 10 9 10 0.3930114 0.3761807 0.1829404 0.04783703
v 3.50243 5.177331 50.82545 10 10 9 10 0.3930114 0.3761044 0.1829862 0.04786755
v 3.362207 5.477818 50.55791 10 10 9 10 0.3930114 0.3761807 0.1829404 0.04783703
v 3.50243 5.177331 50.82545 10 10 9 10 0.3930114 0.3761044 0.1829862 0.04786755
v 3.000611 5.487752 50.31726 10 10 9 10 0.3930114 0.3761807 0.1829404 0.04783703
v 3.846096 4.855393 50.41113 10 9 10 10 0.4212406 0.3179675 0.1507744 0.109987
v 3.698594 4.762899 50.65519 10 9 10 10 0.4221714 0.3224079 0.1433585 0.1120317
v 3.796791 4.936928 50.87436 10 9 10 10 0.4226291 0.3245441 0.1397879 0.1130083
v 3.796791 4.936928 50.87436 10 9 10 10 0.4226291 0.3245441 0.1397879 0.1130083
v 3.945492 5.030163 50.63027 10 9 10 10 0.4225528 0.3241932 0.1403677 0.1128557
v 3.846096 4.855393 50.41113 10 9 10 10 0.4212406 0.3179675 0.1507744 0.109987
v 4.606153 4.330872 53.69792 9 9 9 10 0.4489815 0.2049592 0.1791867 0.1668574
v 4.684406 3.810435 52.79671 9 9 10 9 0.4762036 0.3214923 0.112398 0.08987564
v 4.987462 3.708459 52.87148 9 9 10 9 0.4938125 0.3159075 0.1023728 0.08787671
v 4.670782 4.147622 52.69969 9 9 10 9 0.4762036 0.3214923 0.112398 0.08987564
v 4.979859 4.058038 52.77363 9 9 10 9 0.4762036 0.3214923 0.112398 0.08987564
v 4.670782 4.147622 52.69969 9 9 10 9 0.4762036 0.3214923 0.112398 0.08987564
v 4.987462 3.708459 52.87148 9 9 10 9 0.4938125 0.3159075 0.1023728 0.08787671
v 4.67171 3.734808 51.89096 9 9 10 9 0.4762036 0.3214923 0.112398 0.08987564
v 4.97168 3.618955 51.83265 9 9 10 9 0.4762341 0.3215076 0.1123674 0.08984512
v 4.660188 4.083786 51.92701 9 9 10 9 0.4762036 0.3214923 0.112398 0.08987564
v 4.966331 3.980561 51.86787 9 9 10 9 0.4762036 0.3214923 0.112398 0.08987564
v 4.660188 4.083786 51.92701 9 9 10 9 0.4762036 0.3214923 0.112398 0.08987564
v 4.97168 3.618955 51.83265 9 9 10 9 0.4762341 0.3215076 0.1123674 0.08984512
v 4.320053 4.13208 51.08945 10 9 10 10 0.4226291 0.3245594 0.1397574 0.1130236
v 4.568945 4.103212 50.91124 10 9 10 10 0.4226291 0.3245594 0.1397574 0.1130236
v 4.346472 4.409035 51.24423 10 9 10 10 0.4226291 0.3245594 0.1397574 0.1130236
v 4.598843 4.386512 51.06562 10 9 10 10 0.4226291 0.3245594 0.1397574 0.1130236
v 4.346472 4.409035 51.24423 10 9 10 10 0.4226291 0.3245594 0.1397574 0.1130236
v 4.568945 4.103212 50.91124 10 9 10 10 0.4226291 0.3245594 0.1397574 0.1130236
v -3.416769 5.346134 50.92565 10 10 9 10 0.3930114 0.3761807 0.1829404 0.04783703
v -3.195601 5.081422 50.95412 10 10 9 10 0.3930114 0.3761807 0.1829404 0.04783703
v -3.324569 4.828758 50.97652 10 10 9 10 0.3938811 0.3691768 0.1871519 0.04977493
v -3.737795 5.287404 50.9268 10 10 9 10 0.4036469 0.2905776 0.2342718 0.071458
v -2.329999 5.568851 50.91725 10 10 9 10 0.4010834 0.3773251 0.1756313 0.04592966
v -2.492793 5.845739 50.8882 10 10 9 10 0.3885557 0.3832608 0.1808652 0.04730297
v -0.02289069 6.415009 50.85229 10 9 10 10 0.8199893 0.1799954 0 0
v -0.02724851 6.120673 50.88177 10 9 10 10 0.8199893 0.1799954 0 0
v -1.193764 5.96137 50.88921 10 9 10 10 0.8199283 0.1800565 0 0
v -1.275261 6.248715 50.85976 10 9 10 10 0.8199283 0.1800565 0 0
v -3.624197 4.763636 50.97832 10 9 10 10 0.4226291 0.3245441 0.1397726 0.1130236
v -3.87235 5.020239 50.95025 10 9 10 10 0.4226291 0.3245594 0.1397574 0.1130236
v -1.199024 6.05171 53.36854 9 9 10 9 0.4914321 0.2175631 0.1739223 0.117052
v -1.280213 6.329824 53.33908 9 9 10 9 0.4911116 0.2174716 0.174197 0.117174
v -0.02795892 6.211576 53.36109 9 9 10 10 0.3751278 0.3123217 0.2852979 0.0272221
v -0.02350812 6.496686 53.33162 9 9 10 10 0.3750668 0.3123369 0.2853284 0.0272221
v -1.280213 6.329824 53.33908 9 9 10 9 0.4911116 0.2174716 0.174197 0.117174
v -1.275261 6.248715 50.85976 10 9 10 10 0.8199283 0.1800565 0 0
v -0.02350812 6.496686 53.33162 9 9 10 10 0.3750668 0.3123369 0.2853284 0.0272221
v -0.02289069 6.415009 50.85229 10 9 10 10 0.8199893 0.1799954 0 0
v 3.569161 5.555405 50.94793 10 10 9 10 0.3930114 0.3761807 0.1829404 0.04783703
v 3.155845 5.043696 50.9957 10 10 9 10 0.3930114 0.3761807 0.1829404 0.04783703
v 3.027693 5.302271 50.97149 10 10 9 10 0.3930114 0.3761807 0.1829404 0.04783703
v 3.248996 5.595549 50.94402 10 10 9 10 0.3930114 0.3761807 0.1829404 0.04783703
v 2.263267 5.709805 50.93176 10 9 10 9 0.7952697 0.1696498 0.02400244 0.01103227
v 2.43336 6.00777 50.90347 10 9 10 9 0.753933 0.1521325 0.06416418 0.02975509
v 1.22587 6.340753 50.86661 10 9 10 10 0.8199283 0.1800565 0 0
v 1.136004 6.042382 50.8957 10 9 10 10 0.8199283 0.1800565 0 0
v 3.703811 5.279758 50.9735 10 10 9 10 0.4024567 0.2968032 0.2308537 0.0698558
v 3.455647 4.991528 51.00037 10 10 9 10 0.3957122 0.3533227 0.1967498 0.05418479
v 1.230062 6.439793 53.34592 9 9 10 9 0.4900435 0.2171511 0.1751583 0.1176165
v 1.140175 6.14845 53.37502 9 9 10 9 0.4910048 0.2174411 0.1743038 0.1172198
v 1.22587 6.340753 50.86661 10 9 10 10 0.8199283 0.1800565 0 0
v 1.230062 6.439793 53.34592 9 9 10 9 0.4900435 0.2171511 0.1751583 0.1176165
v 2.060935 6.500055 51.85468 10 9 9 9 0.4432288 0.2396124 0.1880675 0.1290455
v 1.838483 6.588375 51.61732 10 9 9 9 0.4940871 0.207126 0.1626764 0.13608
v 2.060277 6.489956 51.62764 10 9 9 9 0.7957885 0.1760281 0.01608301 0.01208515
v 2.058802 6.480322 51.40035 10 9 10 10 0.8199435 0.1800412 0 0
v 2.756602 6.3935 51.63993 10 9 9 10 0.3687038 0.3392386 0.1873198 0.1047074
v 2.756288 6.381933 51.41265 10 9 9 10 0.3699855 0.3385519 0.1869383 0.1044938
v 3.039109 6.42675 51.6382 10 9 9 10 0.3686275 0.3392844 0.1873503 0.1047074
v 2.757927 6.40528 51.86697 10 9 9 10 0.3686275 0.3392844 0.1873503 0.1047074
v 2.618242 6.470023 51.63113 10 9 9 10 0.3698024 0.3386435 0.1869993 0.1045243
v 2.619416 6.481347 51.85817 10 9 9 10 0.3686275 0.3392844 0.1873503 0.1047074
v 2.430895 6.527 51.85258 10 9 9 10 0.3687953 0.3391928 0.1873198 0.1046616
v 2.231228 6.532917 51.8514 10 9 9 9 0.4325322 0.2935836 0.1955749 0.07827878
v 2.230437 6.522545 51.62437 10 9 9 9 0.7275501 0.1394675 0.08560311 0.04734875
v 2.429919 6.516188 51.62555 10 9 9 10 0.3986877 0.323125 0.1784237 0.09973297
v 2.619416 6.481347 51.85817 10 9 9 10 0.3686275 0.3392844 0.1873503 0.1047074
v 2.757927 6.40528 51.86697 10 9 9 10 0.3686275 0.3392844 0.1873503 0.1047074
v 3.039109 6.42675 51.6382 10 9 9 10 0.3686275 0.3392844 0.1873503 0.1047074
v 2.801274 6.56416 51.62258 10 9 9 10 0.36878 0.3392081 0.1873045 0.1046921
v 2.473621 6.644624 51.61282 10 9 9 10 0.4045167 0.319997 0.1766995 0.09875639
v 2.127997 6.651035 51.61109 10 9 9 9 0.7864805 0.1748531 0.0218967 0.01672389
v 2.231228 6.532917 51.8514 10 9 9 9 0.4325322 0.2935836 0.1955749 0.07827878
v 2.430895 6.527 51.85258 10 9 9 10 0.3687953 0.3391928 0.1873198 0.1046616
v 1.838483 6.588375 51.61732 10 9 9 9 0.4940871 0.207126 0.1626764 0.13608
v 2.060935 6.500055 51.85468 10 9 9 9 0.4432288 0.2396124 0.1880675 0.1290455
v 2.617726 6.459126 51.40383 10 9 9 10 0.4182193 0.3126268 0.1726253 0.0964828
v 2.229256 6.512736 51.39704 10 9 9 10 0.8188449 0.1794003 0.001739528 0
v 2.429083 6.505928 51.39823 10 9 9 9 0.7437094 0.1464256 0.07075609 0.0390631
v 2.756288 6.381933 51.41265 10 9 9 10 0.3699855 0.3385519 0.1869383 0.1044938
v 2.617726 6.459126 51.40383 10 9 9 10 0.4182193 0.3126268 0.1726253 0.0964828
v 2.429083 6.505928 51.39823 10 9 9 9 0.7437094 0.1464256 0.07075609 0.0390631
v 2.229256 6.512736 51.39704 10 9 9 10 0.8188449 0.1794003 0.001739528 0
v 2.058802 6.480322 51.40035 10 9 10 10 0.8199435 0.1800412 0 0
v 2.064078 6.543099 52.80467 10 9 9 9 0.4429542 0.2396582 0.1882048 0.1291524
v 1.841054 6.628028 52.56731 10 9 9 9 0.4429694 0.2396277 0.1881895 0.1291829
v 2.063376 6.532366 52.57764 10 9 9 9 0.4429694 0.2396277 0.1881895 0.1291829
v 2.061853 6.522102 52.35033 10 9 9 9 0.4429694 0.2396277 0.1881895 0.1291829
v 2.009908 6.731315 53.44565 9 9 10 9 0.4915694 0.2176089 0.1738003 0.1169909
v 2.15666 6.468887 53.25799 9 9 10 9 0.4914778 0.2175326 0.1738766 0.1170825
v 2.147769 6.353079 50.96301 10 9 10 10 0.8199283 0.1800565 0 0
v 2.001014 6.605762 50.727 10 9 10 10 0.8199283 0.1800565 0 0
v 1.649169 6.518304 50.9462 10 9 10 10 0.8199283 0.1800565 0 0
v 1.655079 6.619844 53.2412 9 9 10 9 0.4895094 0.2169985 0.1756313 0.1178302
v 1.195131 6.549066 53.46711 9 9 10 9 0.4915694 0.2175937 0.1738003 0.1169909
v 1.190782 6.443425 50.72873 10 9 10 10 0.8199283 0.1800565 0 0
v 1.457582 6.579778 50.91401 10 9 10 10 0.8199283 0.1800565 0 0
v 1.462195 6.670613 53.25865 9 9 10 9 0.2081025 0.1301595 0.2027009 0.4590066
v 2.353637 6.284189 50.94661 10 9 10 10 0.8199283 0.1800565 0 0
v 0.9669804 6.76657 53.43653 9 10 9 9 0.4349432 0.2286412 0.2253452 0.1110399
v 0.9640137 6.673121 50.71135 10 9 10 10 0.8199283 0.1800565 0 0
v 1.25182 6.609887 50.40693 10 9 10 10 0.8199283 0.1800565 0 0
v 2.363296 6.399107 53.29126 9 9 10 9 0.4883192 0.2150912 0.1765316 0.1200122
v 2.54093 6.175011 50.45393 10 10 9 10 0.392401 0.3771572 0.1826505 0.04776074
v 1.457582 6.579778 50.91401 10 9 10 10 0.8199283 0.1800565 0 0
v 1.338958 6.788702 50.69511 10 9 10 10 0.8199283 0.1800565 0 0
v 1.343442 6.885641 53.4335 9 9 10 9 0.4915541 0.2175937 0.1738155 0.1170062
v 1.462195 6.670613 53.25865 9 9 10 9 0.2081025 0.1301595 0.2027009 0.4590066
v 2.353637 6.284189 50.94661 10 9 10 10 0.8199283 0.1800565 0 0
v 0.9640137 6.673121 50.71135 10 9 10 10 0.8199283 0.1800565 0 0
v 0.9669804 6.76657 53.43653 9 10 9 9 0.4349432 0.2286412 0.2253452 0.1110399
v 1.25182 6.609887 50.40693 10 9 10 10 0.8199283 0.1800565 0 0
v 2.363296 6.399107 53.29126 9 9 10 9 0.4883192 0.2150912 0.1765316 0.1200122
v 2.54093 6.175011 50.45393 10 10 9 10 0.392401 0.3771572 0.1826505 0.04776074
v 2.761423 6.442849 52.58991 10 9 9 10 0.3686275 0.3392844 0.1873503 0.1047074
v 2.761062 6.430778 52.36264 10 9 9 10 0.3686427 0.3392844 0.1873503 0.1047074
v 3.044651 6.478538 52.58818 10 9 9 10 0.3686275 0.3392844 0.1873503 0.1047074
v 2.762804 6.455154 52.81694 10 9 9 10 0.3686275 0.3392844 0.1873503 0.1047074
v 2.622634 6.517409 52.5811 10 9 9 10 0.36878 0.3392081 0.1873808 0.1046006
v 2.62386 6.529288 52.80815 10 9 9 10 0.3686275 0.3392844 0.1873503 0.1047074
v 2.434844 6.572854 52.80257 10 9 9 10 0.3690394 0.339086 0.1874418 0.1044022
v 2.234715 6.577018 52.80138 10 9 9 9 0.4398413 0.2533761 0.1903258 0.1164416
v 2.233873 6.566026 52.57434 10 9 9 9 0.4429236 0.2397955 0.18822 0.1290303
v 2.433817 6.561448 52.57554 10 9 9 9 0.4294347 0.3000229 0.1973297 0.07318227
v 2.62386 6.529288 52.80815 10 9 9 10 0.3686275 0.3392844 0.1873503 0.1047074
v 2.762804 6.455154 52.81694 10 9 9 10 0.3686275 0.3392844 0.1873503 0.1047074
v 3.044651 6.478538 52.58818 10 9 9 10 0.3686275 0.3392844 0.1873503 0.1047074
v 2.806035 6.612426 52.57257 10 9 9 10 0.3686275 0.3392844 0.1873503 0.1047074
v 2.477494 6.689041 52.5628 10 9 9 9 0.4354925 0.2729686 0.1932403 0.0982681
v 2.131098 6.692351 52.56107 10 9 9 9 0.4429694 0.2396277 0.1881895 0.1291829
v 2.234715 6.577018 52.80138 10 9 9 9 0.4398413 0.2533761 0.1903258 0.1164416
v 2.434844 6.572854 52.80257 10 9 9 10 0.3690394 0.339086 0.1874418 0.1044022
v 1.841054 6.628028 52.56731 10 9 9 9 0.4429694 0.2396277 0.1881895 0.1291829
v 2.064078 6.543099 52.80467 10 9 9 9 0.4429542 0.2396582 0.1882048 0.1291524
v 2.622068 6.505972 52.35381 10 9 9 10 0.3702754 0.3385214 0.187686 0.1034867
v 2.232643 6.555601 52.34703 10 9 9 9 0.4429542 0.2396735 0.1882048 0.1291371
v 2.432931 6.550609 52.34822 10 9 9 9 0.438819 0.2581369 0.1909972 0.1120317
v 2.761062 6.430778 52.36264 10 9 9 10 0.3686427 0.3392844 0.1873503 0.1047074
v 2.622068 6.505972 52.35381 10 9 9 10 0.3702754 0.3385214 0.187686 0.1034867
v 2.432931 6.550609 52.34822 10 9 9 9 0.438819 0.2581369 0.1909972 0.1120317
v 2.232643 6.555601 52.34703 10 9 9 9 0.4429542 0.2396735 0.1882048 0.1291371
v 2.061853 6.522102 52.35033 10 9 9 9 0.4429694 0.2396277 0.1881895 0.1291829
v 0.1030845 6.750867 53.1851 9 9 10 10 0.3681086 0.3145647 0.2896773 0.02761883
v 0.06289236 6.50848 53.21003 9 9 10 10 0.3682918 0.3145037 0.2895552 0.02760357
v 1.101345 6.394051 53.22875 10 9 9 9 0.4363165 0.2365911 0.1956969 0.1313649
v 1.202782 6.637857 53.20446 10 9 9 9 0.4339055 0.2354925 0.1983978 0.1321584
v 0.1032447 6.683258 50.91486 10 9 10 10 0.8199893 0.1799954 0 0
v 0.1030845 6.750867 53.1851 9 9 10 10 0.3681086 0.3145647 0.2896773 0.02761883
v 1.202782 6.637857 53.20446 10 9 9 9 0.4339055 0.2354925 0.1983978 0.1321584
v 1.199325 6.553361 50.93422 10 9 10 10 0.8199283 0.1800565 0 0
v 0.06289236 6.50848 53.21003 9 9 10 10 0.3682918 0.3145037 0.2895552 0.02760357
v 0.0631918 6.433661 50.93979 10 9 10 10 0.8199893 0.1799954 0 0
v 1.097983 6.30425 50.9585 10 9 10 10 0.8199283 0.1800565 0 0
v 1.101345 6.394051 53.22875 10 9 9 9 0.4363165 0.2365911 0.1956969 0.1313649
v -1.163736 6.440763 53.1786 10 9 9 9 0.4404211 0.238468 0.1910735 0.1300221
v -1.194657 6.68161 53.15319 10 9 9 9 0.4425574 0.2394446 0.1886625 0.1293202
v -1.644565 6.604389 52.9536 10 9 9 9 0.4428931 0.2395972 0.1882658 0.1292134
v -1.589314 6.363366 52.97912 10 9 9 9 0.4421759 0.2392615 0.1890745 0.1294423
v -1.194657 6.68161 53.15319 10 9 9 9 0.4425574 0.2394446 0.1886625 0.1293202
v -1.191205 6.62048 50.94063 10 9 10 10 0.8199283 0.1800565 0 0
v -1.640643 6.552817 51.14725 10 9 10 10 0.8199283 0.1800565 0 0
v -1.644565 6.604389 52.9536 10 9 9 9 0.4428931 0.2395972 0.1882658 0.1292134
v -1.159904 6.371974 50.96606 10 9 10 10 0.8199283 0.1800565 0 0
v -1.163736 6.440763 53.1786 10 9 9 9 0.4404211 0.238468 0.1910735 0.1300221
v -1.589314 6.363366 52.97912 10 9 9 9 0.4421759 0.2392615 0.1890745 0.1294423
v -1.585021 6.305695 51.17276 10 9 10 10 0.8199283 0.1800565 0 0
v -1.850376 6.553217 52.63015 10 9 9 9 0.4429694 0.2396277 0.1881895 0.1291829
v -1.78399 6.311409 52.65571 10 9 9 9 0.4429694 0.2396277 0.1881895 0.1291829
v -1.847502 6.519458 51.47547 10 9 9 9 0.8148928 0.1793698 0.003204395 0.002517739
v -1.850376 6.553217 52.63015 10 9 9 9 0.4429694 0.2396277 0.1881895 0.1291829
v -1.78399 6.311409 52.65571 10 9 9 9 0.4429694 0.2396277 0.1881895 0.1291829
v -1.780863 6.273837 51.50102 10 9 10 10 0.8198367 0.180148 0 0
v -1.585021 6.305695 51.17276 10 9 10 10 0.8199283 0.1800565 0 0
v -1.640643 6.552817 51.14725 10 9 10 10 0.8199283 0.1800565 0 0
v -1.191205 6.62048 50.94063 10 9 10 10 0.8199283 0.1800565 0 0
v -1.159904 6.371974 50.96606 10 9 10 10 0.8199283 0.1800565 0 0
v 0.1032447 6.683258 50.91486 10 9 10 10 0.8199893 0.1799954 0 0
v 0.0631918 6.433661 50.93979 10 9 10 10 0.8199893 0.1799954 0 0
v 2.575909 6.091146 50.98479 10 10 9 9 0.5533684 0.2582742 0.1213703 0.06695659
v 2.586979 6.210874 53.25504 10 9 9 10 0.3455253 0.3093614 0.2568704 0.08819715
v 2.399348 5.955828 53.27929 9 10 9 9 0.404654 0.2470588 0.1976654 0.1505913
v 2.388832 5.834492 51.00904 10 9 10 9 0.7764706 0.1616236 0.04197757 0.01988251
v -1.780863 6.273837 51.50102 10 9 10 10 0.8198367 0.180148 0 0
v -1.847502 6.519458 51.47547 10 9 9 9 0.8148928 0.1793698 0.003204395 0.002517739
v 1.600408 6.758146 50.91581 10 9 10 10 0.8199283 0.1800565 0 0
v 1.233105 5.974244 50.99173 10 9 10 10 0.8199283 0.1800565 0 0
v 1.097983 6.30425 50.9585 10 9 10 10 0.8199283 0.1800565 0 0
v 1.199325 6.553361 50.93422 10 9 10 10 0.8199283 0.1800565 0 0
v 2.529068 6.568022 53.21947 9 10 9 9 0.4285038 0.2269627 0.1755245 0.1689784
v 2.009893 5.803982 53.29266 9 9 10 9 0.4909285 0.2170901 0.1743496 0.1176013
v 2.399348 5.955828 53.27929 9 10 9 9 0.404654 0.2470588 0.1976654 0.1505913
v 2.586979 6.210874 53.25504 10 9 9 10 0.3455253 0.3093614 0.2568704 0.08819715
v 2.519174 6.457246 50.94923 10 9 10 10 0.8199435 0.1800412 0 0
v 2.529068 6.568022 53.21947 9 10 9 9 0.4285038 0.2269627 0.1755245 0.1689784
v 2.009893 5.803982 53.29266 9 9 10 9 0.4909285 0.2170901 0.1743496 0.1176013
v 2.001289 5.686214 51.02242 10 9 10 10 0.8199283 0.1800565 0 0
v 2.519174 6.457246 50.94923 10 9 10 10 0.8199435 0.1800412 0 0
v 2.001289 5.686214 51.02242 10 9 10 10 0.8199283 0.1800565 0 0
v 1.541606 5.693265 51.0204 10 9 10 10 0.8199283 0.1800565 0 0
v 2.160679 6.778482 50.91641 10 9 10 10 0.8199283 0.1800565 0 0
v 1.60516 6.843529 53.18606 9 9 10 9 0.167422 0.1865873 0.3265431 0.3194019
v 1.237429 6.074265 53.26199 9 9 10 9 0.4797437 0.2141604 0.1842985 0.1217823
v 1.547775 5.804039 53.29065 9 9 10 9 0.4915694 0.2176089 0.1738003 0.1169909
v 2.167931 6.874095 53.18665 9 9 10 9 0.4915541 0.2175937 0.1738155 0.1170062
v 1.600408 6.758146 50.91581 10 9 10 10 0.8199283 0.1800565 0 0
v 1.60516 6.843529 53.18606 9 9 10 9 0.167422 0.1865873 0.3265431 0.3194019
v 2.167931 6.874095 53.18665 9 9 10 9 0.4915541 0.2175937 0.1738155 0.1170062
v 2.160679 6.778482 50.91641 10 9 10 10 0.8199283 0.1800565 0 0
v 1.237429 6.074265 53.26199 9 9 10 9 0.4797437 0.2141604 0.1842985 0.1217823
v 1.233105 5.974244 50.99173 10 9 10 10 0.8199283 0.1800565 0 0
v 1.541606 5.693265 51.0204 10 9 10 10 0.8199283 0.1800565 0 0
v 1.547775 5.804039 53.29065 9 9 10 9 0.4915694 0.2176089 0.1738003 0.1169909
v 2.575909 6.091146 50.98479 10 10 9 9 0.5533684 0.2582742 0.1213703 0.06695659
v 2.388832 5.834492 51.00904 10 9 10 9 0.7764706 0.1616236 0.04197757 0.01988251
v 1.198497 6.121995 55.10023 9 9 9 9 0.5467308 0.2635233 0.1269856 0.06272984
v 0.1384387 6.147408 55.12296 9 9 10 9 0.4953689 0.3654993 0.1049363 0.03416495
v 0.1364269 6.4503 55.18596 9 9 10 9 0.4953689 0.3654993 0.1049363 0.03416495
v 1.26061 6.43793 55.16338 9 9 9 9 0.5467308 0.2635081 0.1269856 0.06272984
v 0.1364269 6.4503 55.18596 9 9 10 9 0.4953689 0.3654993 0.1049363 0.03416495
v 0.133647 6.048108 57.63693 9 9 9 9 0.5326314 0.3666743 0.06337072 0.03729305
v -0.9822659 6.40466 55.18177 9 9 9 9 0.5463493 0.2642557 0.1264515 0.06291295
v -0.9164115 6.105085 55.11927 9 9 9 9 0.541558 0.2806897 0.1152972 0.0624094
v -0.06269599 6.722986 55.40354 9 9 10 9 0.4963149 0.3672694 0.1029068 0.03349355
v 0.04123163 6.475132 55.35015 9 9 10 9 0.4987869 0.3719386 0.09750515 0.03173877
v -1.052496 6.284507 55.31435 9 9 9 9 0.4789044 0.3757687 0.1012589 0.04403754
v -1.175091 6.531016 55.36586 9 9 9 9 0.5194324 0.3087053 0.09359884 0.078233
v -0.06228778 6.354335 57.64783 9 9 9 9 0.5198596 0.3815976 0.0634165 0.03509575
v -0.06269599 6.722986 55.40354 9 9 10 9 0.4963149 0.3672694 0.1029068 0.03349355
v -1.175091 6.531016 55.36586 9 9 9 9 0.5194324 0.3087053 0.09359884 0.078233
v 0.04123163 6.475132 55.35015 9 9 10 9 0.4987869 0.3719386 0.09750515 0.03173877
v 0.04005673 6.105853 57.59444 9 9 9 9 0.5199054 0.3815366 0.0634165 0.03511101
v -1.037286 5.915961 57.55865 9 9 9 9 0.4354162 0.3504845 0.2046082 0.009460594
v -1.052496 6.284507 55.31435 9 9 9 9 0.4789044 0.3757687 0.1012589 0.04403754
v 1.264184 6.630895 55.39032 9 9 9 9 0.5417411 0.2717327 0.1208972 0.06559853
v 1.283409 6.892069 55.44427 9 9 9 9 0.5448996 0.2665141 0.1247578 0.06378271
v 1.283409 6.892069 55.44427 9 9 9 9 0.5448996 0.2665141 0.1247578 0.06378271
v 1.264184 6.630895 55.39032 9 9 9 9 0.5417411 0.2717327 0.1208972 0.06559853
v 0.1092334 -5.650145 54.71244 9 10 9 9 0.9169604 0.08302434 0 0
v 0.08813524 -5.453616 54.61288 9 10 9 9 0.8610513 0.1389334 0 0
v -0.6303134 -5.426895 54.51316 9 10 9 9 0.8874494 0.1125353 0 0
v -0.6918397 -5.620313 54.60123 9 10 9 9 0.8876173 0.1123674 0 0
v 0.06700039 -5.57393 54.42876 9 10 9 9 0.8598001 0.1401846 0 0
v -0.5685668 -5.550283 54.34053 9 10 9 9 0.8871595 0.1128252 0 0
v 0.08810567 -5.770338 54.52833 9 10 9 9 0.8599527 0.140032 0 0
v -0.6301179 -5.743586 54.42861 9 10 9 9 0.8872053 0.1127794 0 0
v 0.1092334 -5.650145 54.71244 9 10 9 9 0.9169604 0.08302434 0 0
v -0.6918397 -5.620313 54.60123 9 10 9 9 0.8876173 0.1123674 0 0
v -1.178978 -5.303636 54.05429 9 10 9 9 0.8871595 0.1128252 0 0
v -1.303607 -5.482831 54.08947 0 9 10 0 0 0.8871595 0.1128252 0
v -1.053907 -5.441271 53.93452 9 10 9 9 0.8871595 0.1128252 0 0
v -1.178578 -5.620369 53.96972 9 10 9 9 0.8871595 0.1128252 0 0
v -1.303607 -5.482831 54.08947 0 9 10 0 0 0.8871595 0.1128252 0
v -1.382614 -5.126202 53.38194 0 9 10 0 0 0.8871595 0.1128252 0
v -1.530971 -5.283819 53.33967 0 9 10 0 0 0.8871595 0.1128252 0
v -1.234256 -5.283822 53.33967 0 9 10 0 0 0.8871595 0.1128252 0
v -1.382616 -5.441483 53.29739 0 9 10 0 0 0.8871595 0.1128252 0
v -1.530971 -5.283819 53.33967 0 9 10 0 0 0.8871595 0.1128252 0
v -1.178234 -4.946266 52.70959 0 9 10 0 0 0.887129 0.1128557 0
v -1.30304 -5.0831 52.58984 0 9 10 0 0 0.8870375 0.1129473 0
v -1.053425 -5.124576 52.7448 0 9 10 0 0 0.8871595 0.1128252 0
v -1.178233 -5.261455 52.62504 0 9 10 0 0 0.8871443 0.1128405 0
v -1.30304 -5.0831 52.58984 0 9 10 0 0 0.8870375 0.1129473 0
v -0.6299782 -4.823485 52.25072 9 10 9 9 0.4348821 0.5651026 0 0
v -0.6916071 -4.946137 52.07808 0 9 10 0 0 0.3257649 0.6742199 0
v -0.5683481 -5.015904 52.33879 9 10 9 9 0.4855116 0.5144732 0 0
v -0.629978 -5.138607 52.16616 9 10 9 9 0.5262379 0.4737469 0 0
v -0.6916071 -4.946137 52.07808 0 9 10 0 0 0.3257649 0.6742199 0
v 0.08808495 -4.796784 52.15099 9 10 9 9 0.3170672 0.6829175 0 0
v 0.1091941 -4.916355 51.96687 9 10 9 9 0.3167925 0.6831922 0 0
v 0.06697299 -4.992279 52.25057 9 10 9 9 0.3290303 0.6709545 0 0
v 0.08808638 -5.111901 52.06645 9 10 9 9 0.3169451 0.6830396 0 0
v 0.1091941 -4.916355 51.96687 9 10 9 9 0.3167925 0.6831922 0 0
v 0.7479748 -4.874633 52.44209 9 10 9 9 0.8513619 0.1486229 0 0
v 0.8451273 -5.003205 52.2915 0 9 10 0 0 0.6787823 0.3212024 0
v 0.6508201 -5.061189 52.50811 9 10 9 9 0.8613566 0.1386282 0 0
v 0.7479742 -5.189813 52.35753 9 10 9 9 0.8655375 0.1344472 0 0
v 0.8451273 -5.003205 52.2915 0 9 10 0 0 0.6787823 0.3212024 0
v 1.140181 -5.03237 53.03157 0 9 10 0 0 0.8871595 0.1128252 0
v 1.282529 -5.179168 52.94892 0 9 10 0 0 0.8871595 0.1128252 0
v 0.997835 -5.200798 53.02967 9 10 9 9 0.8871595 0.1128252 0 0
v 1.140179 -5.347641 52.94702 0 9 10 0 0 0.8871595 0.1128252 0
v 1.282529 -5.179168 52.94892 0 9 10 0 0 0.8871595 0.1128252 0
v 1.140955 -5.21676 53.7323 9 10 9 9 0.8871595 0.1128252 0 0
v 1.283154 -5.386058 53.7304 9 10 9 9 0.8871595 0.1128252 0 0
v 0.9983239 -5.364531 53.64966 9 10 9 9 0.8871595 0.1128252 0 0
v 1.140562 -5.533724 53.64775 9 10 9 9 0.8871595 0.1128252 0 0
v 1.283154 -5.386058 53.7304 9 10 9 9 0.8871595 0.1128252 0 0
v 0.7484126 -5.375195 54.32179 9 10 9 9 0.8871595 0.1128252 0 0
v 0.8454528 -5.562767 54.38782 9 10 9 9 0.8871595 0.1128252 0 0
v 0.6510973 -5.504633 54.1712 9 10 9 9 0.8871595 0.1128252 0 0
v 0.7481651 -5.692077 54.23723 9 10 9 9 0.8871595 0.1128252 0 0
v 0.8454528 -5.562767 54.38782 9 10 9 9 0.8871595 0.1128252 0 0
v 0.08813524 -5.453616 54.61288 9 10 9 9 0.8610513 0.1389334 0 0
v 0.1092334 -5.650145 54.71244 9 10 9 9 0.9169604 0.08302434 0 0
v 0.06700039 -5.57393 54.42876 9 10 9 9 0.8598001 0.1401846 0 0
v 0.08810567 -5.770338 54.52833 9 10 9 9 0.8599527 0.140032 0 0
v 0.1092334 -5.650145 54.71244 9 10 9 9 0.9169604 0.08302434 0 0
v 0.4628658 -5.208979 54.51166 9 10 9 9 0.9053941 0.09459068 0 0
v 0.4625454 -5.853428 54.39849 9 10 9 9 0.88719 0.1127947 0 0
v 0.4626002 -5.671835 54.16881 9 10 9 9 0.8631418 0.1368429 0 0
v 0.4627848 -5.301264 54.23388 9 10 9 9 0.8624399 0.1375448 0 0
v -0.5243783 -5.84006 57.27868 9 9 9 9 1 0 0 0
v -0.5244651 -5.658345 57.04899 9 9 9 9 1 0 0 0
v -0.5242934 -6.301414 56.93583 9 10 9 9 0.9976806 0.002304112 0 0
v -0.524294 -6.209754 57.21361 9 9 9 9 1 0 0 0
v 0.462552 -5.840007 57.27868 9 9 9 9 1 0 0 0
v 0.4626327 -5.658242 57.049 9 9 9 9 1 0 0 0
v -0.5244651 -5.658345 57.04899 9 9 9 9 1 0 0 0
v -0.5243783 -5.84006 57.27868 9 9 9 9 1 0 0 0
v -0.5242934 -6.301414 56.93583 9 10 9 9 0.9976806 0.002304112 0 0
v 0.4624748 -6.301414 56.93582 9 10 9 9 0.9983978 0.001586938 0 0
v 0.4624772 -6.209751 57.2136 9 9 9 9 1 0 0 0
v -0.524294 -6.209754 57.21361 9 9 9 9 1 0 0 0
v 0.4625926 -5.750209 56.77122 9 10 9 9 0.9976348 0.002349889 0 0
v 0.4626327 -5.658242 57.049 9 9 9 9 1 0 0 0
v 0.4624748 -6.301414 56.93582 9 10 9 9 0.9983978 0.001586938 0 0
v 0.4624848 -6.120183 56.70613 9 10 9 9 0.9976348 0.002349889 0 0
v -0.5246077 -5.391104 54.74134 9 10 9 9 0.9676509 0.03233387 0 0
v -0.524724 -5.209248 54.51167 9 10 9 9 0.8911116 0.1088731 0 0
v -0.5243659 -5.853472 54.39849 9 10 9 9 0.8873426 0.1126421 0 0
v -0.5244064 -5.76156 54.67627 9 10 9 9 0.9317464 0.06823835 0 0
v -0.5243659 -5.853472 54.39849 9 10 9 9 0.8873426 0.1126421 0 0
v 0.4625454 -5.853428 54.39849 9 10 9 9 0.88719 0.1127947 0 0
v 0.4625769 -5.761494 54.67627 9 10 9 9 0.9739376 0.02604715 0 0
v -0.5244064 -5.76156 54.67627 9 10 9 9 0.9317464 0.06823835 0 0
v 0.4627609 -5.390911 54.74135 9 10 9 9 0.9909514 0.009033341 0 0
v 0.4625769 -5.761494 54.67627 9 10 9 9 0.9739376 0.02604715 0 0
v -0.5244213 -5.750286 56.77122 9 10 9 9 0.9976348 0.002349889 0 0
v -0.5243092 -6.120192 56.70613 9 10 9 9 0.9976348 0.002349889 0 0
v -0.5243092 -6.120192 56.70613 9 10 9 9 0.9976348 0.002349889 0 0
v 0.4624848 -6.120183 56.70613 9 10 9 9 0.9976348 0.002349889 0 0
v 0.462552 -5.840007 57.27868 9 9 9 9 1 0 0 0
v 0.4624772 -6.209751 57.2136 9 9 9 9 1 0 0 0
v -0.5246329 -5.301476 54.23388 9 10 9 9 0.8813459 0.1186389 0 0
v -0.5244298 -5.671917 54.16881 9 10 9 9 0.8820325 0.1179522 0 0
v -0.5246329 -5.301476 54.23388 9 10 9 9 0.8813459 0.1186389 0 0
v 0.4627848 -5.301264 54.23388 9 10 9 9 0.8624399 0.1375448 0 0
v 0.4626002 -5.671835 54.16881 9 10 9 9 0.8631418 0.1368429 0 0
v -0.5244298 -5.671917 54.16881 9 10 9 9 0.8820325 0.1179522 0 0
v 0.4628658 -5.208979 54.51166 9 10 9 9 0.9053941 0.09459068 0 0
v -0.524724 -5.209248 54.51167 9 10 9 9 0.8911116 0.1088731 0 0
v 1.081005 6.720017 54.58301 9 9 9 9 0.5467308 0.2635081 0.1269856 0.06272984
v 1.080468 6.300994 54.54381 9 9 9 9 0.5467308 0.2635081 0.1269856 0.06272984
v -1.449681 6.626927 54.58907 9 9 9 9 0.5467308 0.2635081 0.1269856 0.06272984
v -1.44891 6.21539 54.54922 9 9 9 9 0.5467308 0.2635081 0.1269856 0.06272984
v 1.081005 6.720017 54.58301 9 9 9 9 0.5467308 0.2635081 0.1269856 0.06272984
v -1.449681 6.626927 54.58907 9 9 9 9 0.5467308 0.2635081 0.1269856 0.06272984
v -0.8373041 -5.890837 57.25859 9 9 9 9 1 0 0 0
v -0.9420639 -5.656943 56.98501 9 9 9 9 0.9999847 0 0 0
v -0.9417558 -6.203994 57.08124 9 9 9 9 1 0 0 0
v -1.0464 -5.970516 56.80766 9 10 9 9 0.9976653 0.002319371 0 0
v -1.0464 -5.970516 56.80766 9 10 9 9 0.9976653 0.002319371 0 0
v 0.2765503 -5.687395 56.81252 9 10 9 9 0.9980927 0.001892119 0 0
v 0.3123031 -6.004489 56.61529 9 10 9 9 0.9976348 0.002349889 0 0
v 0.2406712 -5.917783 57.10598 9 10 9 9 0.9983673 0.001617456 0 0
v 0.2764616 -6.234424 56.90875 9 10 9 9 0.9976348 0.002349889 0 0
v 0.3123031 -6.004489 56.61529 9 10 9 9 0.9976348 0.002349889 0 0
v 1.317511 6.252882 52.95348 10 9 9 9 0.4429542 0.2396124 0.18822 0.1291981
v -0.0558033 -5.32191 56.81489 9 9 9 9 1 0 0 0
v -0.05580331 -5.31786 55.81549 9 10 9 9 0.9976348 0.002349889 0 0
v -0.0558033 -5.223492 54.31836 9 10 9 9 0.8598001 0.1401846 0 0
v 2.032039 -5.238418 54.39296 0 9 10 0 0 0.949752 0.0502327 0
v -0.05580569 -4.858411 52.98845 9 10 9 9 0.8598001 0.1401846 0 0
v -0.0569129 6.302391 53.0249 10 9 9 10 0.4315404 0.387396 0.1404898 0.04054322
v -0.05769014 6.400879 54.26423 9 9 10 10 0.377676 0.3135271 0.2820325 0.02671855
v -0.05803728 6.3166 55.42091 9 9 9 9 0.5252918 0.4395361 0.01849394 0.01664759
v -1.431378 6.235138 52.95348 10 9 9 9 0.4428779 0.2395819 0.1882963 0.1292134
v -2.262189 -5.498544 55.82768 0 9 10 0 0 0.9655604 0.03442435 0
v -2.235429 -5.472267 56.97465 9 9 9 9 0.9999847 0 0 0
v -2.143658 -5.239386 54.39297 0 9 10 0 0 0.9501335 0.04985122 0
v -4.119926 -4.844525 56.02516 9 9 10 9 0.9782254 0.01747158 0.004287785 0
v -3.889457 -4.791834 54.40681 9 9 10 9 0.1542382 0.7980773 0.04765392 0
v -7.028528 -1.51337 53.76155 9 9 10 13 0.5717098 0.3814603 0.04428168 0.00250248
v -6.889946 -1.462913 53.83556 9 9 10 13 0.5717098 0.3814603 0.04428168 0.00250248
v -6.18736 -3.027592 53.60323 9 13 9 10 0.8210117 0.1022049 0.07100023 0.005752651
v -6.052739 -2.939078 53.667 9 13 9 10 0.820676 0.1020829 0.07130541 0.005889982
v -1.56769 -6.204625 58.25491 9 9 9 9 1 0 0 0
v -2.116164 -6.189332 57.91788 9 9 9 9 1 0 0 0
v -2.120298 -5.691963 57.84883 9 9 9 9 1 0 0 0
v -1.528414 -5.778237 58.23573 9 9 9 9 1 0 0 0
v -2.963075 -5.869395 57.29821 0 9 0 15 0 0.9986725 0 0.001312276
v -2.933744 -5.708613 57.2732 0 9 0 15 0 0.9986725 0 0.001312276
v -2.963075 -5.869395 57.29821 0 9 0 15 0 0.9986725 0 0.001312276
v -6.681377 -3.275498 54.42556 9 13 9 10 0.07029831 0.1024796 0.8217899 0.005401694
v -6.587277 -3.181457 54.41996 9 13 9 10 0.8217899 0.1024796 0.07029831 0.005401694
v -5.84832 -4.43222 55.59174 9 13 9 9 0.02810712 0.1284047 0.8434577 0
v -5.781754 -4.299912 55.57619 9 13 9 9 0.02810712 0.1284047 0.8434577 0
v -5.518748 -4.572318 54.9776 9 13 9 10 0.09721523 0.05822843 0.8184787 0.02603189
v -5.451 -4.440763 54.96236 9 13 9 10 0.1256428 0.02935836 0.8082094 0.03675899
v -5.84832 -4.43222 55.59174 9 13 9 9 0.02810712 0.1284047 0.8434577 0
v -5.518748 -4.572318 54.9776 9 13 9 10 0.09721523 0.05822843 0.8184787 0.02603189
v -5.747797 -3.959418 56.25803 9 13 9 9 0.8434577 0.1284047 0.02810712 0
v -6.532122 -2.901567 55.36768 9 13 9 10 0.00531014 0.3468071 0.6433509 0.004501412
v -6.83518 -1.868521 55.00455 9 13 9 10 0.3804227 0.003570611 0.5718013 0.04417487
v -6.85771 -0.2196484 54.84761 9 9 9 13 0.7533532 0.2202945 0.01400778 0.01231403
v -6.532122 -2.901567 55.36768 9 13 9 10 0.00531014 0.3468071 0.6433509 0.004501412
v -6.83518 -1.868521 55.00455 9 13 9 10 0.3804227 0.003570611 0.5718013 0.04417487
v -5.747797 -3.959418 56.25803 9 13 9 9 0.8434577 0.1284047 0.02810712 0
v -4.095771 -4.958029 57.32914 9 15 14 16 0.9816739 0.0100557 0.006607157 0.001617456
v -5.295793 -4.520555 57.5874 9 15 14 16 0.4843366 0.2659953 0.200351 0.04928664
v -5.295793 -4.520555 57.5874 9 15 14 16 0.4843366 0.2659953 0.200351 0.04928664
v -3.943455 -4.971265 58.58926 14 9 15 13 0.4343328 0.4035706 0.1250172 0.03704891
v -5.017447 -4.602976 58.73239 14 9 15 13 0.4338903 0.4001373 0.1293355 0.03660639
v -5.017447 -4.602976 58.73239 14 9 15 13 0.4338903 0.4001373 0.1293355 0.03660639
v -4.580841 -3.805271 61.01145 9 14 15 9 0.6271458 0.3576257 0.01521324 0
v -4.760469 -4.315659 59.98817 13 9 15 14 0.01741054 0.4259403 0.07496758 0.4816663
v -4.580841 -3.805271 61.01145 9 14 15 9 0.6271458 0.3576257 0.01521324 0
v -4.760469 -4.315659 59.98817 13 9 15 14 0.01741054 0.4259403 0.07496758 0.4816663
v -2.764409 2.934864 60.69995 19 9 9 18 0.6797894 0.1950256 0.07718013 0.04797437
v -1.157522 -3.377527 62.82502 18 9 18 18 0.6030365 0.3969482 0 0
v -1.040148 -3.596916 62.96045 18 9 18 18 0.6030518 0.3969329 0 0
v -2.607986 -3.148903 62.91227 18 19 9 14 0.4664378 0.03625544 0.3913176 0.1059586
v -2.561329 -2.879609 62.95527 18 19 9 14 0.4934615 0.0306096 0.38645 0.08946364
v -4.393066 -2.649441 61.92 18 14 9 19 0.5241474 0.1847868 0.1599908 0.1310292
v -4.231213 1.779743 60.78036 19 9 15 14 0.6215457 0.1504234 0.1045548 0.1234607
v -4.283577 -1.029322 61.7676 18 19 9 14 0.3851072 0.08542001 0.4049592 0.1244831
v -3.345007 -3.946549 61.79481 9 14 15 18 0.6263981 0.3567865 0.01515221 0.001632715
v -2.897048 -3.514853 62.53774 18 9 14 19 0.4658121 0.3914397 0.1063401 0.03637751
v -3.633772 -2.4649 62.43349 18 19 9 14 0.5096971 0.1075914 0.217319 0.165362
v -4.393066 -2.649441 61.92 18 14 9 19 0.5241474 0.1847868 0.1599908 0.1310292
v -1.344716 -3.875004 62.29612 18 9 15 14 0.1080491 0.7438468 0.02767987 0.1203937
v -4.231213 1.779743 60.78036 19 9 15 14 0.6215457 0.1504234 0.1045548 0.1234607
v -4.283577 -1.029322 61.7676 18 19 9 14 0.3851072 0.08542001 0.4049592 0.1244831
v -3.7763 -0.9625003 61.99786 18 19 9 14 0.5343252 0.04646372 0.3399863 0.07919432
v -3.894142 2.057422 60.85221 19 9 14 15 0.6215457 0.1504234 0.1234607 0.1045548
v -2.671191 0.9779497 61.45708 9 18 19 9 0.1349813 0.4482796 0.07821774 0.3384909
v -0.4029322 -4.091787 62.1345 18 9 18 14 0.5084306 0.4879683 0 0.00358587
v -0.4029813 -4.10646 61.87138 9 18 14 9 0.5514458 0.4343023 0.01422141 0
v -0.4027805 -4.640763 62.24519 18 9 15 14 0.2740368 0.6872816 0.001510643 0.03714046
v -0.4028205 -4.39889 62.34945 18 9 18 14 0.5067064 0.4894331 0 0.003830014
v -1.389603 -3.434572 63.38865 18 9 18 18 0.603067 0.3969177 0 0
v -1.638506 -3.559579 63.17154 18 9 18 14 0.5908751 0.4060426 0 0.003067063
v -1.344657 -3.789139 63.28223 18 9 18 18 0.603067 0.3969177 0 0
v -1.638824 -4.294891 62.12804 18 9 15 14 0.1080491 0.7438468 0.02767987 0.1203937
v -1.389603 -3.434572 63.38865 18 9 18 18 0.603067 0.3969177 0 0
v -1.345045 -3.348613 63.02857 18 9 18 18 0.603067 0.3969177 0 0
v -1.638506 -3.559579 63.17154 18 9 18 14 0.5908751 0.4060426 0 0.003067063
v -1.638824 -4.294891 62.12804 18 9 15 14 0.1080491 0.7438468 0.02767987 0.1203937
v -0.06409645 -3.946102 63.19319 0 18 9 0 0 0.5333791 0.4666056 0
v -0.9793615 -3.850138 63.25407 18 9 18 18 0.603067 0.3969177 0 0
v -0.9792456 -3.836756 62.99679 18 9 18 18 0.6022278 0.3977569 0 0
v -0.9793615 -3.850138 63.25407 18 9 18 18 0.603067 0.3969177 0 0
v -0.8097792 -3.234084 62.93217 18 9 18 18 0.603067 0.3969177 0 0
v -0.9204946 -3.39804 62.73618 18 9 18 18 0.6010376 0.3989471 0 0
v -0.9792456 -3.836756 62.99679 18 9 18 18 0.6022278 0.3977569 0 0
v -0.9204946 -3.39804 62.73618 18 9 18 18 0.6010376 0.3989471 0 0
v -0.06412411 -3.207679 62.87331 0 18 9 0 0 0.5333791 0.4666056 0
v -0.8875594 -3.081044 63.90319 17 18 9 17 0.2399329 0.7319905 0.02804608 0
v -1.040148 -3.596916 62.96045 18 9 18 18 0.6030518 0.3969329 0 0
v -2.069891 -2.632606 63.81243 17 18 9 17 0.2749523 0.6719615 0.05307088 0
v -2.607986 -3.148903 62.91227 18 19 9 14 0.4664378 0.03625544 0.3913176 0.1059586
v -3.144658 -2.193889 62.78053 18 9 18 18 0.93991 0.06007477 0 0
v -2.846141 -0.9406254 62.18546 18 18 18 18 1 0 0 0
v -3.633772 -2.4649 62.43349 18 19 9 14 0.5096971 0.1075914 0.217319 0.165362
v -3.144658 -2.193889 62.78053 18 9 18 18 0.93991 0.06007477 0 0
v -3.408346 -2.219378 62.69907 18 18 9 18 0.9399863 0 0.05999848 0
v -4.393066 -2.649441 61.92 18 14 9 19 0.5241474 0.1847868 0.1599908 0.1310292
v -3.408346 -2.219378 62.69907 18 18 9 18 0.9399863 0 0.05999848 0
v 0.133647 6.048108 57.63693 9 9 9 9 0.5326314 0.3666743 0.06337072 0.03729305
v 0.1356383 5.744997 57.57394 9 9 9 9 0.6125277 0.2732738 0.06314183 0.05102617
v -1.681721 6.461468 55.29527 9 9 9 9 0.5467308 0.2635081 0.1269856 0.06272984
v -1.461841 6.519854 55.29739 9 9 9 9 0.5467308 0.2635233 0.1269856 0.06272984
v -0.9722362 6.646913 55.13245 9 9 9 9 0.5467308 0.2635386 0.1269703 0.06272984
v -0.9556937 6.206461 57.82645 9 9 9 9 0.4354162 0.3504845 0.2046082 0.009460594
v -1.461841 6.519854 55.29739 9 9 9 9 0.5467308 0.2635233 0.1269856 0.06272984
v -0.9556937 6.206461 57.82645 9 9 9 9 0.4354162 0.3504845 0.2046082 0.009460594
v -0.9722362 6.646913 55.13245 9 9 9 9 0.5467308 0.2635386 0.1269703 0.06272984
v -2.034251 6.354112 56.19857 9 9 9 9 0.4771649 0.3786374 0.1022507 0.04191653
v -1.157927 6.162719 57.61016 9 9 9 9 0.4354162 0.3504845 0.2046082 0.009460594
v 1.75996 6.910975 55.64153 9 9 9 9 0.5384146 0.2771954 0.1168536 0.06749065
v 1.752797 6.641459 55.58604 9 9 9 9 0.5384299 0.2771801 0.1168688 0.06749065
v 1.263828 6.527278 57.63153 9 9 9 9 0.4354162 0.3504845 0.2046082 0.009460594
v 1.245004 6.266107 57.57755 9 9 9 9 0.4354162 0.3504845 0.2046082 0.009460594
v 1.752797 6.641459 55.58604 9 9 9 9 0.5384299 0.2771801 0.1168688 0.06749065
v 1.263828 6.527278 57.63153 9 9 9 9 0.4354162 0.3504845 0.2046082 0.009460594
v 1.245004 6.266107 57.57755 9 9 9 9 0.4354162 0.3504845 0.2046082 0.009460594
v -0.06228778 6.354335 57.64783 9 9 9 9 0.5198596 0.3815976 0.0634165 0.03509575
v 0.04005673 6.105853 57.59444 9 9 9 9 0.5199054 0.3815366 0.0634165 0.03511101
v -1.037286 5.915961 57.55865 9 9 9 9 0.4354162 0.3504845 0.2046082 0.009460594
v -1.157927 6.162719 57.61016 9 9 9 9 0.4354162 0.3504845 0.2046082 0.009460594
v -1.95829 5.733827 55.19343 9 9 9 9 0.5466545 0.263447 0.1270771 0.06279088
v -1.599626 6.738267 55.40707 9 9 9 9 0.5467308 0.2635233 0.1269856 0.06272984
v -1.173722 5.958894 55.24619 9 9 9 9 0.4960403 0.3474174 0.09152361 0.06498817
v -1.484622 5.697403 55.19062 9 9 9 9 0.5467002 0.2635843 0.1269398 0.06276036
v -2.166772 6.790449 55.41091 9 9 9 9 0.5467002 0.2634928 0.1270161 0.06276036
v -1.599626 6.738267 55.40707 9 9 9 9 0.5467308 0.2635233 0.1269856 0.06272984
v -1.173722 5.958894 55.24619 9 9 9 9 0.4960403 0.3474174 0.09152361 0.06498817
v -1.15688 5.589944 57.49049 9 9 9 9 0.4353704 0.3505455 0.2046082 0.009445335
v -1.455325 6.044663 57.10764 9 9 9 9 0.4354162 0.3504845 0.2046082 0.009460594
v -1.455151 5.680506 56.94539 9 9 9 9 0.4354162 0.3504845 0.2046082 0.009460594
v -0.05808255 6.046459 56.46598 9 9 9 9 0.5199512 0.3829404 0.06234836 0.03472953
v -0.05793998 5.629331 57.42643 9 9 9 9 0.5255055 0.3749905 0.06340124 0.03607233
v -1.434317 4.636963 59.38934 9 9 9 19 0.5525292 0.1994354 0.1861296 0.06186007
v -1.435443 4.403513 59.19449 9 9 9 19 0.5525292 0.1994354 0.1861296 0.06186007
v -1.459285 2.156868 61.88322 0 18 0 0 0 1 0 0
v 1.244248 2.143405 62.25303 18 18 18 18 1 0 0 0
v -1.50532 2.137825 62.25302 18 18 18 18 1 0 0 0
v -1.778489 2.320954 62.07576 18 18 18 18 1 0 0 0
v -1.790525 3.232593 61.19281 9 18 19 9 0.07351797 0.05171283 0.6373846 0.2373541
v -1.352616 2.387858 61.96508 0 18 0 0 0 1 0 0
v -1.790525 3.232593 61.19281 9 18 19 9 0.07351797 0.05171283 0.6373846 0.2373541
v -1.778489 2.320954 62.07576 18 18 18 18 1 0 0 0
v -1.457123 2.509478 62.24193 18 18 18 18 1 0 0 0
v -1.352616 2.387858 61.96508 0 18 0 0 0 1 0 0
v -1.408266 3.094671 61.61492 9 18 19 9 0.04983597 0.08039979 0.3453117 0.524422
v -1.412667 3.664646 61.27052 9 19 18 9 0.5259632 0.3482872 0.07721065 0.04852369
v -1.416747 2.992796 60.65444 9 18 19 9 0.04852369 0.07721065 0.3483024 0.525948
v -1.410017 2.804266 61.34247 9 18 19 9 0.09925994 0.1997406 0.2341039 0.4668498
v -1.420222 3.765762 60.53196 9 19 9 9 0.5556573 0.3146715 0.1021439 0.02749676
v -1.422038 3.530139 60.2756 9 19 9 18 0.5508354 0.3343862 0.0886244 0.02612345
v -1.338393 1.999566 61.82944 0 18 0 0 0 1 0 0
v -2.243525 0.3348115 62.06018 18 18 18 18 1 0 0 0
v -3.408346 -2.219378 62.69907 18 18 9 18 0.9399863 0 0.05999848 0
v -3.109221 -0.8945901 62.43806 18 19 18 18 0.9828641 0.01712062 0 0
v 1.134616 -3.434308 63.38553 9 18 17 9 0.5368734 0.458854 0.004242008 0
v 1.134616 -3.434308 63.38553 9 18 17 9 0.5368734 0.458854 0.004242008 0
v -0.06407881 -3.51871 63.97154 17 18 17 17 0.2043641 0.7956207 0 0
v 0.8520217 -3.498784 63.87004 17 18 9 17 0.2398718 0.73196 0.0281529 0
v 0.8517809 -3.23542 64.0948 17 18 9 17 0.2398718 0.7319447 0.0281529 0
v -0.0640769 -3.215603 64.22911 17 18 17 17 0.2046845 0.7953002 0 0
v -0.9790367 -3.499278 63.87058 17 18 9 17 0.2399176 0.7319905 0.0280766 0
v -0.8019209 -2.851608 63.57214 17 18 9 17 0.2399329 0.7319905 0.02804608 0
v -0.06408501 -2.790074 63.5831 17 18 17 17 0.2043641 0.7956207 0 0
v -0.06407928 -2.677504 63.95576 17 18 17 17 0.2043641 0.7956207 0 0
v 0.7916326 -2.760361 63.91218 17 18 9 17 0.2398718 0.73196 0.0281529 0
v 0.6737481 -2.851549 63.57214 17 18 9 17 0.2398718 0.73196 0.0281529 0
v -0.919786 -2.760379 63.91217 17 18 9 17 0.2397498 0.7307546 0.02946517 0
v -0.9790367 -3.499278 63.87058 17 18 9 17 0.2399176 0.7319905 0.0280766 0
v -0.9788074 -3.235202 64.09612 17 18 9 17 0.2369116 0.7117113 0.05134661 0
v -0.9788074 -3.235202 64.09612 17 18 9 17 0.2369116 0.7117113 0.05134661 0
v -0.919786 -2.760379 63.91217 17 18 9 17 0.2397498 0.7307546 0.02946517 0
v 0.7916326 -2.760361 63.91218 17 18 9 17 0.2398718 0.73196 0.0281529 0
v 0.8520217 -3.498784 63.87004 17 18 9 17 0.2398718 0.73196 0.0281529 0
v 0.8517809 -3.23542 64.0948 17 18 9 17 0.2398718 0.7319447 0.0281529 0
v -0.1239333 2.616612 62.92196 17 18 17 17 0.7578698 0.2421149 0 0
v -1.042952 2.548282 62.84518 17 18 17 17 0.9395133 0.0604715 0 0
v -1.04153 2.433453 63.17349 0 17 18 0 0 0.8708782 0.1291066 0
v -0.1237864 2.484209 63.29884 17 18 17 17 0.6795758 0.3204089 0 0
v -0.1238813 1.79058 62.96383 17 18 17 17 0.4822309 0.5177539 0 0
v -0.1237583 1.881292 63.34148 17 18 17 17 0.5747158 0.4252689 0 0
v -0.9808608 1.930742 63.26144 9 17 18 9 0.003097581 0.6500953 0.3467918 0
v -0.8635616 1.83813 62.92275 0 17 18 0 0 0.3667353 0.6332494 0
v 0.6157546 1.839129 62.92275 17 18 17 17 0.2923324 0.7076524 0 0
v 0.7332835 1.931459 63.26144 0 17 18 0 0 0.4233158 0.576669 0
v 0.7938662 2.55047 62.84539 17 18 17 17 0.7610437 0.238941 0 0
v 0.7927237 2.434882 63.17474 17 18 17 17 0.7456626 0.2543221 0 0
v 0.7332835 1.931459 63.26144 0 17 18 0 0 0.4233158 0.576669 0
v 0.7927237 2.434882 63.17474 17 18 17 17 0.7456626 0.2543221 0 0
v -0.9808608 1.930742 63.26144 9 17 18 9 0.003097581 0.6500953 0.3467918 0
v -1.042952 2.548282 62.84518 17 18 17 17 0.9395133 0.0604715 0 0
v -1.04153 2.433453 63.17349 0 17 18 0 0 0.8708782 0.1291066 0
v 0.8086237 2.405863 63.04892 17 18 17 17 0.7456474 0.2543374 0 0
v 1.441093 1.970889 63.06997 9 17 18 9 0.005386435 0.5518578 0.4427253 0
v 1.775322 1.594269 62.02834 18 18 18 18 1 0 0 0
v -2.747028 -1.858683 63.53776 17 18 9 17 0.33402 0.6458686 0.02009613 0
v -2.610012 -0.5888789 63.51918 17 18 17 17 0.4143587 0.585626 0 0
v -1.836111 1.585182 62.05018 18 18 18 18 1 0 0 0
v -1.513846 1.969326 63.1198 9 17 18 9 0.005569543 0.5439994 0.4504158 0
v -0.8712196 2.40464 63.04892 17 18 17 17 0.7502251 0.2497597 0 0
v 0.8086237 2.405863 63.04892 17 18 17 17 0.7456474 0.2543374 0 0
v -0.03127193 -0.07970266 63.04217 17 18 17 17 0.2234989 0.7764859 0 0
v 1.441093 1.970889 63.06997 9 17 18 9 0.005386435 0.5518578 0.4427253 0
v -0.03123712 -3.219923 63.87559 17 18 17 17 0.2043641 0.7956207 0 0
v 0.8250818 -3.081028 63.90318 17 18 9 17 0.2398718 0.73196 0.0281529 0
v 2.003722 -2.632559 63.86824 17 18 9 17 0.2751354 0.6719005 0.05294881 0
v 2.183568 1.121909 63.19219 9 17 18 9 0.002304112 0.2906081 0.7070573 0
v 2.563239 -1.62878 63.56653 17 18 9 17 0.3331808 0.6466163 0.02017243 0
v 2.39929 -0.2533976 63.34219 17 18 17 17 0.4143893 0.5855955 0 0
v -0.8712196 2.40464 63.04892 17 18 17 17 0.7502251 0.2497597 0 0
v -1.513846 1.969326 63.1198 9 17 18 9 0.005569543 0.5439994 0.4504158 0
v -0.8875594 -3.081044 63.90319 17 18 9 17 0.2399329 0.7319905 0.02804608 0
v -2.069891 -2.632606 63.81243 17 18 9 17 0.2749523 0.6719615 0.05307088 0
v -2.12891 0.6150324 63.27902 0 17 18 0 0 0.2259403 0.7740444 0
v -2.747028 -1.858683 63.53776 17 18 9 17 0.33402 0.6458686 0.02009613 0
v -2.610012 -0.5888789 63.51918 17 18 17 17 0.4143587 0.585626 0 0
v -2.531005 0.5269573 62.34604 18 18 18 18 1 0 0 0
v -2.12891 0.6150324 63.27902 0 17 18 0 0 0.2259403 0.7740444 0
v -3.109221 -0.8945901 62.43806 18 19 18 18 0.9828641 0.01712062 0 0
v -2.531005 0.5269573 62.34604 18 18 18 18 1 0 0 0
v -0.05623055 2.365926 61.75462 0 18 0 0 0 1 0 0
v -1.0123 2.10882 61.87396 0 18 0 0 0 1 0 0
v -0.03150511 2.400833 61.74039 0 18 0 0 0 1 0 0
v -0.03150511 2.400833 61.74039 0 18 0 0 0 1 0 0
v 0.9493203 2.114658 61.87397 0 18 0 0 0 1 0 0
v -0.05623055 2.365926 61.75462 0 18 0 0 0 1 0 0
v 1.225962 2.006058 61.82944 0 18 0 0 0 1 0 0
v -0.05623055 2.365926 61.75462 0 18 0 0 0 1 0 0
v 0.9493203 2.114658 61.87397 0 18 0 0 0 1 0 0
v 0.9493203 2.114658 61.87397 0 18 0 0 0 1 0 0
v 1.775322 1.594269 62.02834 18 18 18 18 1 0 0 0
v 1.225962 2.006058 61.82944 0 18 0 0 0 1 0 0
v 1.244248 2.143405 62.25303 18 18 18 18 1 0 0 0
v -1.50532 2.137825 62.25302 18 18 18 18 1 0 0 0
v -0.9890785 1.879274 61.77094 0 18 0 0 0 1 0 0
v -0.8761873 1.833835 62.02347 18 18 18 18 1 0 0 0
v -1.049866 2.530521 61.98358 0 18 0 0 0 1 0 0
v -1.050683 2.391354 61.77054 0 18 0 0 0 1 0 0
v 0.6269441 1.837188 62.02347 0 18 0 0 0 1 0 0
v -1.050683 2.391354 61.77054 0 18 0 0 0 1 0 0
v -1.049866 2.530521 61.98358 0 18 0 0 0 1 0 0
v -0.1247964 1.819039 61.70056 0 18 0 0 0 1 0 0
v -0.9890785 1.879274 61.77094 0 18 0 0 0 1 0 0
v -0.1247964 1.819039 61.70056 0 18 0 0 0 1 0 0
v 1.775322 1.594269 62.02834 18 18 18 18 1 0 0 0
v -1.836111 1.585182 62.05018 18 18 18 18 1 0 0 0
v -1.0123 2.10882 61.87396 0 18 0 0 0 1 0 0
v 0.7938662 2.55047 62.84539 17 18 17 17 0.7610437 0.238941 0 0
v -0.1246166 1.782119 61.98647 0 18 0 0 0 1 0 0
v 0.9493203 2.114658 61.87397 0 18 0 0 0 1 0 0
v -1.0123 2.10882 61.87396 0 18 0 0 0 1 0 0
v -0.03130913 2.589283 62.91104 17 18 17 17 0.7578698 0.2421149 0 0
v -0.03150511 2.400833 61.74039 0 18 0 0 0 1 0 0
v -0.03130913 2.589283 62.91104 17 18 17 17 0.7578698 0.2421149 0 0
v -0.03150511 2.400833 61.74039 0 18 0 0 0 1 0 0
v -0.03130913 2.589283 62.91104 17 18 17 17 0.7578698 0.2421149 0 0
